date	volume	high	low	open	close	ticker	ropen	rhigh	rlow	rclose	rhi_100	rlo_100	rbo_100	rtt_50	rtt_20	rtt_5020	rema_50100	rema_100150	rema_50100150	rsma_50100	rsma_100150	rsma_50100150	hi1	lo1	hi2	lo2	hi3	lo3	hi4	lo4	rt	rg	flr	clg	rg_ch	rh1	rl1	rh2	rl2	rh3	rl3	rh4	rl4	rrt	rrg	rflr	rclg	rrg_ch	rbo_100_chg1D	rbo_100_chg1D_fx	rbo_100_PL_cum	rbo_100_returns	rbo_100_log_returns	rbo_100_cumul	stop_loss	rbo_100_PL_cum_fx	rbo_100_trading_edge	rbo_100_geometric_expectancy	rbo_100_kelly	rbo_100_constant	rbo_100_concave	rbo_100_convex	rbo_100_equal_weight	EUR	rtt_5020_chg1D	rtt_5020_chg1D_fx	rtt_5020_PL_cum	rtt_5020_returns	rtt_5020_log_returns	rtt_5020_cumul	rtt_5020_PL_cum_fx	rtt_5020_trading_edge	rtt_5020_geometric_expectancy	rtt_5020_kelly	rtt_5020_constant	rtt_5020_concave	rtt_5020_convex	rtt_5020_equal_weight	rema_50100150_chg1D	rema_50100150_chg1D_fx	rema_50100150_PL_cum	rema_50100150_returns	rema_50100150_log_returns	rema_50100150_cumul	rema_50100150_PL_cum_fx	rema_50100150_trading_edge	rema_50100150_geometric_expectancy	rema_50100150_kelly	rema_50100150_constant	rema_50100150_concave	rema_50100150_convex	rema_50100150_equal_weight	rsma_50100150_chg1D	rsma_50100150_chg1D_fx	rsma_50100150_PL_cum	rsma_50100150_returns	rsma_50100150_log_returns	rsma_50100150_cumul	rsma_50100150_PL_cum_fx	rsma_50100150_trading_edge	rsma_50100150_geometric_expectancy	rsma_50100150_kelly	rsma_50100150_constant	rsma_50100150_concave	rsma_50100150_convex	rsma_50100150_equal_weight	rrg_chg1D	rrg_chg1D_fx	rrg_PL_cum	rrg_returns	rrg_log_returns	rrg_cumul	rrg_PL_cum_fx	rrg_trading_edge	rrg_geometric_expectancy	rrg_kelly	rrg_constant	rrg_concave	rrg_convex	rrg_equal_weight
2022-06-15 07:00:00	189500	2.76	2.58	2.73	2.61	BELL.MI	2.73	2.76	2.58	2.61			0.0			0			0.0			0.0																							0.0															100000.0	100000.0	100000.0	100000.0	1											100000.0	100000.0	100000.0	100000.0											100000.0	100000.0	100000.0	100000.0											100000.0	100000.0	100000.0	100000.0											100000.0	100000.0	100000.0	100000.0
2022-06-16 07:00:00	108500	2.66	2.4	2.66	2.4	BELL.MI	2.75	2.75	2.48	2.48			0.0			0			0.0			0.0		2.4													2.48								0.0				-0.0	-0.0	0.0	-0.0	-0.0	0.0		0.0								1	-0.0	-0.0	0.0	-0.0	-0.0	0.0	0.0								-0.0	-0.0	0.0	-0.0	-0.0	0.0	0.0								-0.0	-0.0	0.0	-0.0	-0.0	0.0	0.0								-0.0	-0.0	0.0	-0.0	-0.0	0.0	0.0							
2022-06-17 07:00:00	9500	2.62	2.45	2.45	2.62	BELL.MI	2.53	2.7	2.53	2.7			0.0			0			0.0			0.0																							0.0				0.0	0.0	0.0	0.0	0.0	0.0		0.0								1	0.0	0.0	0.0	0.0	0.0	0.0	0.0								0.0	0.0	0.0	0.0	0.0	0.0	0.0								0.0	0.0	0.0	0.0	0.0	0.0	0.0								0.0	0.0	0.0	0.0	0.0	0.0	0.0							
2022-06-20 07:00:00	133500	2.78	2.63	2.63	2.65	BELL.MI	2.69	2.84	2.69	2.71			0.0			0			0.0			0.0	2.78											2.78		2.84									0.0				0.0	0.0	0.0	0.0	0.0	0.0		0.0								1	0.0	0.0	0.0	0.0	0.0	0.0	0.0								0.0	0.0	0.0	0.0	0.0	0.0	0.0								0.0	0.0	0.0	0.0	0.0	0.0	0.0								0.0	0.0	0.0	0.0	0.0	0.0	0.0							
2022-06-21 07:00:00	5500	2.65	2.6	2.65	2.61	BELL.MI	2.7	2.7	2.65	2.66			0.0			0			0.0			0.0		2.6													2.65								0.0				-0.0	-0.0	0.0	-0.0	-0.0	0.0		0.0								1	-0.0	-0.0	0.0	-0.0	-0.0	0.0	0.0								-0.0	-0.0	0.0	-0.0	-0.0	0.0	0.0								-0.0	-0.0	0.0	-0.0	-0.0	0.0	0.0								-0.0	-0.0	0.0	-0.0	-0.0	0.0	0.0							
2022-06-22 07:00:00	500	2.63	2.63	2.63	2.63	BELL.MI	2.71	2.71	2.71	2.71			0.0			0			0.0			0.0																							0.0				0.0	0.0	0.0	0.0	0.0	0.0		0.0								1	0.0	0.0	0.0	0.0	0.0	0.0	0.0								0.0	0.0	0.0	0.0	0.0	0.0	0.0								0.0	0.0	0.0	0.0	0.0	0.0	0.0								0.0	0.0	0.0	0.0	0.0	0.0	0.0							
2022-06-23 07:00:00	12500	2.72	2.6	2.64	2.6	BELL.MI	2.74	2.83	2.7	2.7			0.0			0			0.0			0.0	2.72													2.83									0.0				-0.0	-0.0	0.0	-0.0	-0.0	0.0		0.0								1	-0.0	-0.0	0.0	-0.0	-0.0	0.0	0.0								-0.0	-0.0	0.0	-0.0	-0.0	0.0	0.0								-0.0	-0.0	0.0	-0.0	-0.0	0.0	0.0								-0.0	-0.0	0.0	-0.0	-0.0	0.0	0.0							
2022-06-24 07:00:00	7000	2.65	2.59	2.65	2.64	BELL.MI	2.69	2.69	2.63	2.68			0.0			0			0.0			0.0		2.59		2.59											2.63		2.63						0.0				0.0	0.0	0.0	0.0	0.0	0.0		0.0								1	0.0	0.0	0.0	0.0	0.0	0.0	0.0								0.0	0.0	0.0	0.0	0.0	0.0	0.0								0.0	0.0	0.0	0.0	0.0	0.0	0.0								0.0	0.0	0.0	0.0	0.0	0.0	0.0							
2022-06-27 07:00:00	1500	2.71	2.67	2.71	2.67	BELL.MI	2.78	2.78	2.74	2.74			0.0			0			0.0			0.0																							0.0				0.0	0.0	0.0	0.0	0.0	0.0		0.0								1	0.0	0.0	0.0	0.0	0.0	0.0	0.0								0.0	0.0	0.0	0.0	0.0	0.0	0.0								0.0	0.0	0.0	0.0	0.0	0.0	0.0								0.0	0.0	0.0	0.0	0.0	0.0	0.0							
2022-06-28 07:00:00	5500	2.71	2.71	2.71	2.71	BELL.MI	2.76	2.76	2.76	2.76			0.0			0			0.0			0.0	2.71																						0.0				0.0	0.0	0.0	0.0	0.0	0.0		0.0								1	0.0	0.0	0.0	0.0	0.0	0.0	0.0								0.0	0.0	0.0	0.0	0.0	0.0	0.0								0.0	0.0	0.0	0.0	0.0	0.0	0.0								0.0	0.0	0.0	0.0	0.0	0.0	0.0							
2022-06-29 07:00:00	0	2.71	2.71	2.71	2.71	BELL.MI	2.79	2.79	2.79	2.79			0.0			0			0.0			0.0																							0.0				0.0	0.0	0.0	0.0	0.0	0.0		0.0								1	0.0	0.0	0.0	0.0	0.0	0.0	0.0								0.0	0.0	0.0	0.0	0.0	0.0	0.0								0.0	0.0	0.0	0.0	0.0	0.0	0.0								0.0	0.0	0.0	0.0	0.0	0.0	0.0							
2022-06-30 07:00:00	500	2.64	2.64	2.64	2.64	BELL.MI	2.79	2.79	2.79	2.79			0.0			0			0.0			0.0		2.64																					0.0				-0.0	-0.0	0.0	-0.0	-0.0	0.0		0.0								1	-0.0	-0.0	0.0	-0.0	-0.0	0.0	0.0								-0.0	-0.0	0.0	-0.0	-0.0	0.0	0.0								-0.0	-0.0	0.0	-0.0	-0.0	0.0	0.0								-0.0	-0.0	0.0	-0.0	-0.0	0.0	0.0							
2022-07-01 07:00:00	3500	2.7	2.64	2.64	2.7	BELL.MI	2.78	2.84	2.78	2.84			0.0			0			0.0			0.0																							0.0				0.0	0.0	0.0	0.0	0.0	0.0		0.0								1	0.0	0.0	0.0	0.0	0.0	0.0	0.0								0.0	0.0	0.0	0.0	0.0	0.0	0.0								0.0	0.0	0.0	0.0	0.0	0.0	0.0								0.0	0.0	0.0	0.0	0.0	0.0	0.0							
2022-07-04 07:00:00	500	2.71	2.71	2.71	2.71	BELL.MI	2.85	2.85	2.85	2.85			0.0			0			0.0			0.0	2.71																						0.0				0.0	0.0	0.0	0.0	0.0	0.0		0.0								1	0.0	0.0	0.0	0.0	0.0	0.0	0.0								0.0	0.0	0.0	0.0	0.0	0.0	0.0								0.0	0.0	0.0	0.0	0.0	0.0	0.0								0.0	0.0	0.0	0.0	0.0	0.0	0.0							
2022-07-05 07:00:00	3000	2.68	2.6	2.66	2.68	BELL.MI	2.89	2.91	2.82	2.91			0.0			0			0.0			0.0		2.6												2.91									0.0				-0.0	-0.0	0.0	-0.0	-0.0	0.0		0.0								1	-0.0	-0.0	0.0	-0.0	-0.0	0.0	0.0								-0.0	-0.0	0.0	-0.0	-0.0	0.0	0.0								-0.0	-0.0	0.0	-0.0	-0.0	0.0	0.0								-0.0	-0.0	0.0	-0.0	-0.0	0.0	0.0							
2022-07-06 07:00:00	15000	2.72	2.53	2.59	2.71	BELL.MI	2.78	2.92	2.72	2.91			0.0			0			0.0			0.0																							0.0				0.0	0.0	0.0	0.0	0.0	0.0		0.0								1	0.0	0.0	0.0	0.0	0.0	0.0	0.0								0.0	0.0	0.0	0.0	0.0	0.0	0.0								0.0	0.0	0.0	0.0	0.0	0.0	0.0								0.0	0.0	0.0	0.0	0.0	0.0	0.0							
2022-07-07 07:00:00	7000	2.72	2.65	2.72	2.71	BELL.MI	2.84	2.84	2.76	2.83			0.0			0			0.0			0.0	2.72		2.72																				0.0				0.0	0.0	0.0	0.0	0.0	0.0		0.0								1	0.0	0.0	0.0	0.0	0.0	0.0	0.0								0.0	0.0	0.0	0.0	0.0	0.0	0.0								0.0	0.0	0.0	0.0	0.0	0.0	0.0								0.0	0.0	0.0	0.0	0.0	0.0	0.0							
2022-07-08 07:00:00	3500	2.66	2.61	2.66	2.62	BELL.MI	2.75	2.75	2.69	2.7			0.0			0			0.0			0.0		2.61													2.69								0.0				-0.0	-0.0	0.0	-0.0	-0.0	0.0		0.0								1	-0.0	-0.0	0.0	-0.0	-0.0	0.0	0.0								-0.0	-0.0	0.0	-0.0	-0.0	0.0	0.0								-0.0	-0.0	0.0	-0.0	-0.0	0.0	0.0								-0.0	-0.0	0.0	-0.0	-0.0	0.0	0.0							
2022-07-11 07:00:00	1000	2.65	2.59	2.59	2.65	BELL.MI	2.7	2.76	2.7	2.76			0.0			0			0.0			0.0																							0.0				0.0	0.0	0.0	0.0	0.0	0.0		0.0								1	0.0	0.0	0.0	0.0	0.0	0.0	0.0								0.0	0.0	0.0	0.0	0.0	0.0	0.0								0.0	0.0	0.0	0.0	0.0	0.0	0.0								0.0	0.0	0.0	0.0	0.0	0.0	0.0							
2022-07-12 07:00:00	1000	2.68	2.66	2.66	2.68	BELL.MI	2.78	2.8	2.78	2.8			0.0			0			0.0			0.0	2.68																						0.0				0.0	0.0	0.0	0.0	0.0	0.0		0.0								1	0.0	0.0	0.0	0.0	0.0	0.0	0.0								0.0	0.0	0.0	0.0	0.0	0.0	0.0								0.0	0.0	0.0	0.0	0.0	0.0	0.0								0.0	0.0	0.0	0.0	0.0	0.0	0.0							
2022-07-13 07:00:00	2500	2.71	2.62	2.71	2.62	BELL.MI	2.86	2.86	2.77	2.77			0.0			0			0.0			0.0		2.62																					0.0				-0.0	-0.0	0.0	-0.0	-0.0	0.0		0.0								1	-0.0	-0.0	0.0	-0.0	-0.0	0.0	0.0								-0.0	-0.0	0.0	-0.0	-0.0	0.0	0.0								-0.0	-0.0	0.0	-0.0	-0.0	0.0	0.0								-0.0	-0.0	0.0	-0.0	-0.0	0.0	0.0							
2022-07-14 07:00:00	1000	2.69	2.65	2.65	2.69	BELL.MI	2.9	2.94	2.9	2.94			0.0		1.0	0			0.0			0.0														2.94		2.94							0.0		2.94		0.0	0.0	0.0	0.0	0.0	0.0		0.0								1	0.0	0.0	0.0	0.0	0.0	0.0	0.0								0.0	0.0	0.0	0.0	0.0	0.0	0.0								0.0	0.0	0.0	0.0	0.0	0.0	0.0								0.0	0.0	0.0	0.0	0.0	0.0	0.0							
2022-07-15 07:00:00	0	2.69	2.69	2.69	2.69	BELL.MI	2.89	2.89	2.89	2.89			0.0		1.0	0			0.0			0.0	2.69																						0.0				0.0	0.0	0.0	0.0	0.0	0.0		0.0								1	0.0	0.0	0.0	0.0	0.0	0.0	0.0								0.0	0.0	0.0	0.0	0.0	0.0	0.0								0.0	0.0	0.0	0.0	0.0	0.0	0.0								0.0	0.0	0.0	0.0	0.0	0.0	0.0							
2022-07-18 07:00:00	1000	2.61	2.61	2.61	2.61	BELL.MI	2.77	2.77	2.77	2.77			0.0		1.0	0			0.0			0.0																							0.0				-0.0	-0.0	0.0	-0.0	-0.0	0.0		0.0								1	-0.0	-0.0	0.0	-0.0	-0.0	0.0	0.0								-0.0	-0.0	0.0	-0.0	-0.0	0.0	0.0								-0.0	-0.0	0.0	-0.0	-0.0	0.0	0.0								-0.0	-0.0	0.0	-0.0	-0.0	0.0	0.0							
2022-07-19 07:00:00	500	2.58	2.58	2.58	2.58	BELL.MI	2.67	2.67	2.67	2.67			0.0		1.0	0			0.0			0.0															2.67		2.67						0.0				-0.0	-0.0	0.0	-0.0	-0.0	0.0		0.0								1	-0.0	-0.0	0.0	-0.0	-0.0	0.0	0.0								-0.0	-0.0	0.0	-0.0	-0.0	0.0	0.0								-0.0	-0.0	0.0	-0.0	-0.0	0.0	0.0								-0.0	-0.0	0.0	-0.0	-0.0	0.0	0.0							
2022-07-20 07:00:00	0	2.58	2.58	2.58	2.58	BELL.MI	2.72	2.72	2.72	2.72			0.0		1.0	0			0.0			0.0																							0.0				0.0	0.0	0.0	0.0	0.0	0.0		0.0								1	0.0	0.0	0.0	0.0	0.0	0.0	0.0								0.0	0.0	0.0	0.0	0.0	0.0	0.0								0.0	0.0	0.0	0.0	0.0	0.0	0.0								0.0	0.0	0.0	0.0	0.0	0.0	0.0							
2022-07-21 07:00:00	0	2.58	2.58	2.58	2.58	BELL.MI	2.74	2.74	2.74	2.74			0.0		1.0	0			0.0			0.0														2.74									0.0				0.0	0.0	0.0	0.0	0.0	0.0		0.0								1	0.0	0.0	0.0	0.0	0.0	0.0	0.0								0.0	0.0	0.0	0.0	0.0	0.0	0.0								0.0	0.0	0.0	0.0	0.0	0.0	0.0								0.0	0.0	0.0	0.0	0.0	0.0	0.0							
2022-07-22 07:00:00	500	2.54	2.54	2.54	2.54	BELL.MI	2.69	2.69	2.69	2.69			0.0		1.0	0			0.0			0.0		2.54		2.54											2.69								0.0				-0.0	-0.0	0.0	-0.0	-0.0	0.0		0.0								1	-0.0	-0.0	0.0	-0.0	-0.0	0.0	0.0								-0.0	-0.0	0.0	-0.0	-0.0	0.0	0.0								-0.0	-0.0	0.0	-0.0	-0.0	0.0	0.0								-0.0	-0.0	0.0	-0.0	-0.0	0.0	0.0							
2022-07-25 07:00:00	500	2.6	2.6	2.6	2.6	BELL.MI	2.73	2.73	2.73	2.73			0.0		1.0	0			0.0			0.0																							0.0				0.0	0.0	0.0	0.0	0.0	0.0		0.0								1	0.0	0.0	0.0	0.0	0.0	0.0	0.0								0.0	0.0	0.0	0.0	0.0	0.0	0.0								0.0	0.0	0.0	0.0	0.0	0.0	0.0								0.0	0.0	0.0	0.0	0.0	0.0	0.0							
2022-07-26 07:00:00	500	2.64	2.64	2.64	2.64	BELL.MI	2.8	2.8	2.8	2.8			0.0		1.0	0			0.0			0.0														2.8		2.8							0.0				0.0	0.0	0.0	0.0	0.0	0.0		0.0								1	0.0	0.0	0.0	0.0	0.0	0.0	0.0								0.0	0.0	0.0	0.0	0.0	0.0	0.0								0.0	0.0	0.0	0.0	0.0	0.0	0.0								0.0	0.0	0.0	0.0	0.0	0.0	0.0							
2022-07-27 07:00:00	5500	2.7	2.58	2.67	2.7	BELL.MI	2.79	2.82	2.7	2.82			0.0		1.0	0			0.0			0.0																							0.0				0.0	0.0	0.0	0.0	0.0	0.0		0.0								1	0.0	0.0	0.0	0.0	0.0	0.0	0.0								0.0	0.0	0.0	0.0	0.0	0.0	0.0								0.0	0.0	0.0	0.0	0.0	0.0	0.0								0.0	0.0	0.0	0.0	0.0	0.0	0.0							
2022-07-28 07:00:00	1000	2.71	2.7	2.71	2.7	BELL.MI	2.78	2.78	2.77	2.77			0.0		1.0	0			0.0			0.0																							0.0				0.0	0.0	0.0	0.0	0.0	0.0		0.0								1	0.0	0.0	0.0	0.0	0.0	0.0	0.0								0.0	0.0	0.0	0.0	0.0	0.0	0.0								0.0	0.0	0.0	0.0	0.0	0.0	0.0								0.0	0.0	0.0	0.0	0.0	0.0	0.0							
2022-07-29 07:00:00	2000	2.72	2.7	2.71	2.7	BELL.MI	2.72	2.73	2.71	2.71			0.0		1.0	0			0.0			0.0	2.72		2.72																				0.0				0.0	0.0	0.0	0.0	0.0	0.0		0.0								1	0.0	0.0	0.0	0.0	0.0	0.0	0.0								0.0	0.0	0.0	0.0	0.0	0.0	0.0								0.0	0.0	0.0	0.0	0.0	0.0	0.0								0.0	0.0	0.0	0.0	0.0	0.0	0.0							
2022-08-01 07:00:00	1500	2.67	2.65	2.65	2.67	BELL.MI	2.66	2.68	2.66	2.68			0.0		-1.0	0			0.0			0.0		2.65													2.66								0.0				-0.0	-0.0	0.0	-0.0	-0.0	0.0		0.0								1	-0.0	-0.0	0.0	-0.0	-0.0	0.0	0.0								-0.0	-0.0	0.0	-0.0	-0.0	0.0	0.0								-0.0	-0.0	0.0	-0.0	-0.0	0.0	0.0								-0.0	-0.0	0.0	-0.0	-0.0	0.0	0.0							
2022-08-02 07:00:00	0	2.67	2.67	2.67	2.67	BELL.MI	2.68	2.68	2.68	2.68			0.0		-1.0	0			0.0			0.0	2.67													2.68									0.0				0.0	0.0	0.0	0.0	0.0	0.0		0.0								1	0.0	0.0	0.0	0.0	0.0	0.0	0.0								0.0	0.0	0.0	0.0	0.0	0.0	0.0								0.0	0.0	0.0	0.0	0.0	0.0	0.0								0.0	0.0	0.0	0.0	0.0	0.0	0.0							
2022-08-03 07:00:00	2000	2.61	2.58	2.61	2.61	BELL.MI	2.6	2.6	2.57	2.6			0.0		-1.0	0			0.0			0.0		2.58													2.57								0.0				-0.0	-0.0	0.0	-0.0	-0.0	0.0		0.0								1	-0.0	-0.0	0.0	-0.0	-0.0	0.0	0.0								-0.0	-0.0	0.0	-0.0	-0.0	0.0	0.0								-0.0	-0.0	0.0	-0.0	-0.0	0.0	0.0								-0.0	-0.0	0.0	-0.0	-0.0	0.0	0.0							
2022-08-04 07:00:00	0	2.61	2.61	2.61	2.61	BELL.MI	2.59	2.59	2.59	2.59			0.0		-1.0	0			0.0			0.0																							0.0				0.0	0.0	0.0	0.0	0.0	0.0		0.0								1	0.0	0.0	0.0	0.0	0.0	0.0	0.0								0.0	0.0	0.0	0.0	0.0	0.0	0.0								0.0	0.0	0.0	0.0	0.0	0.0	0.0								0.0	0.0	0.0	0.0	0.0	0.0	0.0							
2022-08-05 07:00:00	0	2.61	2.61	2.61	2.61	BELL.MI	2.6	2.6	2.6	2.6			0.0		-1.0	0			0.0			0.0	2.61													2.6									0.0				0.0	0.0	0.0	0.0	0.0	0.0		0.0								1	0.0	0.0	0.0	0.0	0.0	0.0	0.0								0.0	0.0	0.0	0.0	0.0	0.0	0.0								0.0	0.0	0.0	0.0	0.0	0.0	0.0								0.0	0.0	0.0	0.0	0.0	0.0	0.0							
2022-08-08 07:00:00	0	2.61	2.61	2.61	2.61	BELL.MI	2.58	2.58	2.58	2.58			0.0		-1.0	0			0.0			0.0																							0.0				0.0	0.0	0.0	0.0	0.0	0.0		0.0								1	0.0	0.0	0.0	0.0	0.0	0.0	0.0								0.0	0.0	0.0	0.0	0.0	0.0	0.0								0.0	0.0	0.0	0.0	0.0	0.0	0.0								0.0	0.0	0.0	0.0	0.0	0.0	0.0							
2022-08-09 07:00:00	4500	2.63	2.52	2.52	2.54	BELL.MI	2.52	2.63	2.52	2.54			0.0		-1.0	0			0.0			0.0		2.52																					0.0				-0.0	-0.0	0.0	-0.0	-0.0	0.0		0.0								1	-0.0	-0.0	0.0	-0.0	-0.0	0.0	0.0								-0.0	-0.0	0.0	-0.0	-0.0	0.0	0.0								-0.0	-0.0	0.0	-0.0	-0.0	0.0	0.0								-0.0	-0.0	0.0	-0.0	-0.0	0.0	0.0							
2022-08-10 07:00:00	2000	2.6	2.49	2.49	2.6	BELL.MI	2.46	2.57	2.46	2.57			0.0		-1.0	0			0.0			0.0															2.46								0.0				0.0	0.0	0.0	0.0	0.0	0.0		0.0								1	0.0	0.0	0.0	0.0	0.0	0.0	0.0								0.0	0.0	0.0	0.0	0.0	0.0	0.0								0.0	0.0	0.0	0.0	0.0	0.0	0.0								0.0	0.0	0.0	0.0	0.0	0.0	0.0							
2022-08-11 07:00:00	0	2.6	2.6	2.6	2.6	BELL.MI	2.56	2.56	2.56	2.56			0.0		-1.0	0			0.0			0.0	2.6													2.56									0.0				0.0	0.0	0.0	0.0	0.0	0.0		0.0								1	0.0	0.0	0.0	0.0	0.0	0.0	0.0								0.0	0.0	0.0	0.0	0.0	0.0	0.0								0.0	0.0	0.0	0.0	0.0	0.0	0.0								0.0	0.0	0.0	0.0	0.0	0.0	0.0							
2022-08-12 07:00:00	0	2.6	2.6	2.6	2.6	BELL.MI	2.54	2.54	2.54	2.54			0.0		-1.0	0			0.0			0.0																							0.0				0.0	0.0	0.0	0.0	0.0	0.0		0.0								1	0.0	0.0	0.0	0.0	0.0	0.0	0.0								0.0	0.0	0.0	0.0	0.0	0.0	0.0								0.0	0.0	0.0	0.0	0.0	0.0	0.0								0.0	0.0	0.0	0.0	0.0	0.0	0.0							
2022-08-16 07:00:00	5500	2.55	2.5	2.53	2.55	BELL.MI	2.47	2.49	2.44	2.49			0.0		-1.0	0			0.0			0.0		2.5		2.5											2.44		2.44						0.0				-0.0	-0.0	0.0	-0.0	-0.0	0.0		0.0								1	-0.0	-0.0	0.0	-0.0	-0.0	0.0	0.0								-0.0	-0.0	0.0	-0.0	-0.0	0.0	0.0								-0.0	-0.0	0.0	-0.0	-0.0	0.0	0.0								-0.0	-0.0	0.0	-0.0	-0.0	0.0	0.0							
2022-08-17 07:00:00	3000	2.67	2.59	2.59	2.67	BELL.MI	2.56	2.64	2.56	2.64			0.0		-1.0	0			0.0			0.0	2.67													2.64									0.0				0.0	0.0	0.0	0.0	0.0	0.0		0.0								1	0.0	0.0	0.0	0.0	0.0	0.0	0.0								0.0	0.0	0.0	0.0	0.0	0.0	0.0								0.0	0.0	0.0	0.0	0.0	0.0	0.0								0.0	0.0	0.0	0.0	0.0	0.0	0.0							
2022-08-18 07:00:00	4500	2.62	2.52	2.57	2.53	BELL.MI	2.51	2.56	2.46	2.47			0.0		-1.0	0			0.0			0.0		2.52													2.46								0.0				-0.0	-0.0	0.0	-0.0	-0.0	0.0		0.0								1	-0.0	-0.0	0.0	-0.0	-0.0	0.0	0.0								-0.0	-0.0	0.0	-0.0	-0.0	0.0	0.0								-0.0	-0.0	0.0	-0.0	-0.0	0.0	0.0								-0.0	-0.0	0.0	-0.0	-0.0	0.0	0.0							
2022-08-19 07:00:00	4500	2.69	2.58	2.58	2.67	BELL.MI	2.57	2.68	2.57	2.66			0.0		-1.0	0			0.0			0.0	2.69																						0.0				0.0	0.0	0.0	0.0	0.0	0.0		0.0								1	0.0	0.0	0.0	0.0	0.0	0.0	0.0								0.0	0.0	0.0	0.0	0.0	0.0	0.0								0.0	0.0	0.0	0.0	0.0	0.0	0.0								0.0	0.0	0.0	0.0	0.0	0.0	0.0							
2022-08-22 07:00:00	2500	2.64	2.58	2.59	2.64	BELL.MI	2.63	2.68	2.62	2.68			0.0		-1.0	0			0.0			0.0		2.58												2.68									0.0				-0.0	-0.0	0.0	-0.0	-0.0	0.0		0.0								1	-0.0	-0.0	0.0	-0.0	-0.0	0.0	0.0								-0.0	-0.0	0.0	-0.0	-0.0	0.0	0.0								-0.0	-0.0	0.0	-0.0	-0.0	0.0	0.0								-0.0	-0.0	0.0	-0.0	-0.0	0.0	0.0							
2022-08-23 07:00:00	1500	2.65	2.56	2.56	2.64	BELL.MI	2.57	2.66	2.57	2.65			0.0		-1.0	0			0.0			0.0															2.57								0.0				0.0	0.0	0.0	0.0	0.0	0.0		0.0								1	0.0	0.0	0.0	0.0	0.0	0.0	0.0								0.0	0.0	0.0	0.0	0.0	0.0	0.0								0.0	0.0	0.0	0.0	0.0	0.0	0.0								0.0	0.0	0.0	0.0	0.0	0.0	0.0							
2022-08-24 07:00:00	0	2.64	2.64	2.64	2.64	BELL.MI	2.65	2.65	2.65	2.65			0.0		-1.0	0			0.0			0.0														2.65									0.0				0.0	0.0	0.0	0.0	0.0	0.0		0.0								1	0.0	0.0	0.0	0.0	0.0	0.0	0.0								0.0	0.0	0.0	0.0	0.0	0.0	0.0								0.0	0.0	0.0	0.0	0.0	0.0	0.0								0.0	0.0	0.0	0.0	0.0	0.0	0.0							
2022-08-25 07:00:00	0	2.64	2.64	2.64	2.64	BELL.MI	2.64	2.64	2.64	2.64			0.0		-1.0	0			0.0			0.0															2.64								0.0				0.0	0.0	0.0	0.0	0.0	0.0		0.0								1	0.0	0.0	0.0	0.0	0.0	0.0	0.0								0.0	0.0	0.0	0.0	0.0	0.0	0.0								0.0	0.0	0.0	0.0	0.0	0.0	0.0								0.0	0.0	0.0	0.0	0.0	0.0	0.0							
2022-08-26 07:00:00	0	2.64	2.64	2.64	2.64	BELL.MI	2.71	2.71	2.71	2.71			0.0		-1.0	0			0.0			0.0																							0.0				0.0	0.0	0.0	0.0	0.0	0.0		0.0								1	0.0	0.0	0.0	0.0	0.0	0.0	0.0								0.0	0.0	0.0	0.0	0.0	0.0	0.0								0.0	0.0	0.0	0.0	0.0	0.0	0.0								0.0	0.0	0.0	0.0	0.0	0.0	0.0							
2022-08-29 07:00:00	0	2.64	2.64	2.64	2.64	BELL.MI	2.72	2.72	2.72	2.72			0.0		1.0	0			0.0			0.0																							0.0				0.0	0.0	0.0	0.0	0.0	0.0		0.0								1	0.0	0.0	0.0	0.0	0.0	0.0	0.0								0.0	0.0	0.0	0.0	0.0	0.0	0.0								0.0	0.0	0.0	0.0	0.0	0.0	0.0								0.0	0.0	0.0	0.0	0.0	0.0	0.0							
2022-08-30 07:00:00	1000	2.69	2.66	2.66	2.69	BELL.MI	2.74	2.77	2.74	2.77			0.0		1.0	0			0.0			0.0																							0.0				0.0	0.0	0.0	0.0	0.0	0.0		0.0								1	0.0	0.0	0.0	0.0	0.0	0.0	0.0								0.0	0.0	0.0	0.0	0.0	0.0	0.0								0.0	0.0	0.0	0.0	0.0	0.0	0.0								0.0	0.0	0.0	0.0	0.0	0.0	0.0							
2022-08-31 07:00:00	500	2.7	2.7	2.7	2.7	BELL.MI	2.81	2.81	2.81	2.81			0.0		1.0	0			0.0			0.0																							0.0				0.0	0.0	0.0	0.0	0.0	0.0		0.0								1	0.0	0.0	0.0	0.0	0.0	0.0	0.0								0.0	0.0	0.0	0.0	0.0	0.0	0.0								0.0	0.0	0.0	0.0	0.0	0.0	0.0								0.0	0.0	0.0	0.0	0.0	0.0	0.0							
2022-09-01 07:00:00	0	2.7	2.7	2.7	2.7	BELL.MI	2.85	2.85	2.85	2.85			0.0		1.0	0			0.0			0.0	2.7													2.85		2.85							0.0				0.0	0.0	0.0	0.0	0.0	0.0		0.0								1	0.0	0.0	0.0	0.0	0.0	0.0	0.0								0.0	0.0	0.0	0.0	0.0	0.0	0.0								0.0	0.0	0.0	0.0	0.0	0.0	0.0								0.0	0.0	0.0	0.0	0.0	0.0	0.0							
2022-09-02 07:00:00	0	2.7	2.7	2.7	2.7	BELL.MI	2.77	2.77	2.77	2.77			0.0		1.0	0			0.0			0.0															2.77								0.0				0.0	0.0	0.0	0.0	0.0	0.0		0.0								1	0.0	0.0	0.0	0.0	0.0	0.0	0.0								0.0	0.0	0.0	0.0	0.0	0.0	0.0								0.0	0.0	0.0	0.0	0.0	0.0	0.0								0.0	0.0	0.0	0.0	0.0	0.0	0.0							
2022-09-05 07:00:00	0	2.7	2.7	2.7	2.7	BELL.MI	2.82	2.82	2.82	2.82			0.0		1.0	0			0.0			0.0														2.82									0.0				0.0	0.0	0.0	0.0	0.0	0.0		0.0								1	0.0	0.0	0.0	0.0	0.0	0.0	0.0								0.0	0.0	0.0	0.0	0.0	0.0	0.0								0.0	0.0	0.0	0.0	0.0	0.0	0.0								0.0	0.0	0.0	0.0	0.0	0.0	0.0							
2022-09-06 07:00:00	2500	2.72	2.59	2.59	2.71	BELL.MI	2.71	2.85	2.71	2.84			0.0		1.0	1			0.0			0.0		2.59													2.71								0.0				0.0	0.0	0.0	0.0	0.0	0.0		0.0								1	0.0	0.0	0.0	0.0	0.0	0.0	0.0								0.0	0.0	0.0	0.0	0.0	0.0	0.0								0.0	0.0	0.0	0.0	0.0	0.0	0.0								0.0	0.0	0.0	0.0	0.0	0.0	0.0							
2022-09-07 07:00:00	0	2.71	2.71	2.71	2.71	BELL.MI	2.83	2.83	2.83	2.83			0.0		1.0	1			0.0			0.0	2.71		2.71											2.83									0.0				0.0	0.0	0.0	0.0	0.0	0.0		0.0								1	0.0	0.0	0.0	0.0	0.0	0.0	0.0								0.0	0.0	0.0	0.0	0.0	0.0	0.0								0.0	0.0	0.0	0.0	0.0	0.0	0.0								0.0	0.0	0.0	0.0	0.0	0.0	0.0							
2022-09-08 07:00:00	2000	2.6	2.59	2.6	2.59	BELL.MI	2.7	2.7	2.69	2.69			0.0		1.0	1			0.0			0.0																							0.0				-0.0	-0.0	0.0	-0.0	-0.0	0.0		0.0								1	-0.12	-0.12	-0.12	-0.04	-0.05	-0.04	-0.12								-0.0	-0.0	0.0	-0.0	-0.0	0.0	0.0								-0.0	-0.0	0.0	-0.0	-0.0	0.0	0.0								-0.0	-0.0	0.0	-0.0	-0.0	0.0	0.0							
2022-09-09 07:00:00	0	2.59	2.59	2.59	2.59	BELL.MI	2.63	2.63	2.63	2.63			0.0		1.0	1			0.0			0.0																							0.0				0.0	0.0	0.0	0.0	0.0	0.0		0.0								1	0.0	0.0	-0.12	0.0	0.0	-0.04	-0.12								0.0	0.0	0.0	0.0	0.0	0.0	0.0								0.0	0.0	0.0	0.0	0.0	0.0	0.0								0.0	0.0	0.0	0.0	0.0	0.0	0.0							
2022-09-12 07:00:00	0	2.59	2.59	2.59	2.59	BELL.MI	2.57	2.57	2.57	2.57			0.0		1.0	1			0.0			0.0															2.57								0.0				0.0	0.0	0.0	0.0	0.0	0.0		0.0								1	0.0	0.0	-0.12	0.0	0.0	-0.04	-0.12								0.0	0.0	0.0	0.0	0.0	0.0	0.0								0.0	0.0	0.0	0.0	0.0	0.0	0.0								0.0	0.0	0.0	0.0	0.0	0.0	0.0							
2022-09-13 07:00:00	0	2.59	2.59	2.59	2.59	BELL.MI	2.61	2.61	2.61	2.61			0.0		1.0	1			0.0			0.0														2.61									0.0				0.0	0.0	0.0	0.0	0.0	0.0		0.0								1	0.0	0.0	-0.12	0.0	0.0	-0.04	-0.12								0.0	0.0	0.0	0.0	0.0	0.0	0.0								0.0	0.0	0.0	0.0	0.0	0.0	0.0								0.0	0.0	0.0	0.0	0.0	0.0	0.0							
2022-09-14 07:00:00	1500	2.52	2.5	2.52	2.5	BELL.MI	2.53	2.53	2.51	2.51			0.0		1.0	0			0.0			0.0																							0.0				-0.0	-0.0	0.0	-0.0	-0.0	0.0		0.0								1	-0.09	-0.09	-0.21	-0.03	-0.04	-0.08	-0.21								-0.0	-0.0	0.0	-0.0	-0.0	0.0	0.0								-0.0	-0.0	0.0	-0.0	-0.0	0.0	0.0								-0.0	-0.0	0.0	-0.0	-0.0	0.0	0.0							
2022-09-15 07:00:00	0	2.5	2.5	2.5	2.5	BELL.MI	2.51	2.51	2.51	2.51			0.0		1.0	0			0.0			0.0															2.51								0.0				0.0	0.0	0.0	0.0	0.0	0.0		0.0								1	0.0	0.0	-0.21	0.0	0.0	-0.08	-0.21								0.0	0.0	0.0	0.0	0.0	0.0	0.0								0.0	0.0	0.0	0.0	0.0	0.0	0.0								0.0	0.0	0.0	0.0	0.0	0.0	0.0							
2022-09-16 07:00:00	0	2.5	2.5	2.5	2.5	BELL.MI	2.54	2.54	2.54	2.54			0.0		1.0	0			0.0			0.0														2.54									0.0				0.0	0.0	0.0	0.0	0.0	0.0		0.0								1	0.0	0.0	-0.21	0.0	0.0	-0.08	-0.21								0.0	0.0	0.0	0.0	0.0	0.0	0.0								0.0	0.0	0.0	0.0	0.0	0.0	0.0								0.0	0.0	0.0	0.0	0.0	0.0	0.0							
2022-09-19 07:00:00	5000	2.52	2.4	2.49	2.4	BELL.MI	2.53	2.56	2.44	2.44			0.0	-1.0	-1.0	-1			0.0			0.0																							0.0				-0.0	-0.0	0.0	-0.0	-0.0	0.0		0.0								1	-0.0	-0.0	-0.21	-0.0	-0.0	-0.08	-0.21								-0.0	-0.0	0.0	-0.0	-0.0	0.0	0.0								-0.0	-0.0	0.0	-0.0	-0.0	0.0	0.0								-0.0	-0.0	0.0	-0.0	-0.0	0.0	0.0							
2022-09-20 07:00:00	0	2.4	2.4	2.4	2.4	BELL.MI	2.48	2.48	2.48	2.48			0.0	-1.0	-1.0	-1			0.0			0.0																							0.0				0.0	0.0	0.0	0.0	0.0	0.0		0.0								1	-0.0	-0.0	-0.21	-0.0	-0.0	-0.08	-0.21								0.0	0.0	0.0	0.0	0.0	0.0	0.0								0.0	0.0	0.0	0.0	0.0	0.0	0.0								0.0	0.0	0.0	0.0	0.0	0.0	0.0							
2022-09-21 07:00:00	2000	2.45	2.38	2.45	2.38	BELL.MI	2.5	2.5	2.43	2.43			0.0	-1.0	-1.0	-1			0.0			0.0																							0.0				-0.0	-0.0	0.0	-0.0	-0.0	0.0		0.0								1	0.02	0.02	-0.19	0.01	0.01	-0.07	-0.19								-0.0	-0.0	0.0	-0.0	-0.0	0.0	0.0								-0.0	-0.0	0.0	-0.0	-0.0	0.0	0.0								-0.0	-0.0	0.0	-0.0	-0.0	0.0	0.0							
2022-09-22 07:00:00	6000	2.4	2.32	2.4	2.36	BELL.MI	2.47	2.47	2.39	2.43			0.0	-1.0	-1.0	-1			0.0			0.0		2.32		2.32											2.39		2.39	2.47					-1.0			2.47	-0.0	-0.0	0.0	-0.0	-0.0	0.0	2.72	0.0								1	0.02	0.02	-0.17	0.01	0.01	-0.06	-0.17								-0.0	-0.0	0.0	-0.0	-0.0	0.0	0.0								-0.0	-0.0	0.0	-0.0	-0.0	0.0	0.0								-0.0	-0.0	0.0	-0.0	-0.0	0.0	0.0							
2022-09-23 07:00:00	5000	2.43	2.4	2.4	2.43	BELL.MI	2.56	2.59	2.56	2.59			0.0	-1.0	-1.0	-1			0.0			0.0																							1.0			2.47	0.0	0.0	0.0	0.0	0.0	0.0	2.32	0.0								1	-0.07	-0.07	-0.24	-0.03	-0.03	-0.09	-0.24								0.0	0.0	0.0	0.0	0.0	0.0	0.0								0.0	0.0	0.0	0.0	0.0	0.0	0.0								-0.07000000000000028	-0.07000000000000028	-0.07000000000000028	-0.029661016949152685	-0.029229638314938525	-0.02880658436214001	-0.07000000000000028							
2022-09-26 07:00:00	500	2.43	2.43	2.43	2.43	BELL.MI	2.58	2.58	2.58	2.58			0.0	-1.0	-1.0	-1			0.0			0.0																							1.0			2.47	0.0	0.0	0.0	0.0	0.0	0.0	2.32	0.0								1	-0.0	-0.0	-0.24	-0.0	-0.0	-0.09	-0.24								0.0	0.0	0.0	0.0	0.0	0.0	0.0								0.0	0.0	0.0	0.0	0.0	0.0	0.0								0.0	0.0	-0.07000000000000028	0.0	0.0	-0.02880658436214001	-0.07000000000000028							
2022-09-27 07:00:00	1000	2.5	2.48	2.48	2.5	BELL.MI	2.66	2.68	2.66	2.68			0.0	-1.0	-1.0	-1			0.0			0.0																							1.0			2.47	0.0	0.0	0.0	0.0	0.0	0.0	2.32	0.0								1	-0.07	-0.07	-0.31	-0.03	-0.03	-0.11	-0.31								0.0	0.0	0.0	0.0	0.0	0.0	0.0								0.0	0.0	0.0	0.0	0.0	0.0	0.0								0.06999999999999984	0.06999999999999984	-4.440892098500626e-16	0.028806584362139898	0.028399474521697957	-0.0008298193026132772	-4.440892098500626e-16							
2022-09-28 07:00:00	0	2.5	2.5	2.5	2.5	BELL.MI	2.69	2.69	2.69	2.69			0.0	-1.0	-1.0	-1			0.0			0.0	2.5																						1.0			2.47	0.0	0.0	0.0	0.0	0.0	0.0	2.32	0.0								1	-0.0	-0.0	-0.31	-0.0	-0.0	-0.11	-0.31								0.0	0.0	0.0	0.0	0.0	0.0	0.0								0.0	0.0	0.0	0.0	0.0	0.0	0.0								0.0	0.0	-4.440892098500626e-16	0.0	0.0	-0.0008298193026132772	-4.440892098500626e-16							
2022-09-29 07:00:00	500	2.48	2.48	2.48	2.48	BELL.MI	2.74	2.74	2.74	2.74			0.0	-1.0	-1.0	-1			0.0			0.0		2.48												2.74									1.0			2.47	-0.0	-0.0	0.0	-0.0	-0.0	0.0	2.32	0.0								1	0.02	0.02	-0.29	0.01	0.01	-0.11	-0.29								-0.0	-0.0	0.0	-0.0	-0.0	0.0	0.0								-0.0	-0.0	0.0	-0.0	-0.0	0.0	0.0								-0.020000000000000018	-0.020000000000000018	-0.020000000000000462	-0.008000000000000007	-0.008032171697264267	-0.008823180748192327	-0.020000000000000462							
2022-09-30 07:00:00	1000	2.48	2.48	2.48	2.48	BELL.MI	2.7	2.7	2.7	2.7			0.0	-1.0	-1.0	-1			0.0			0.0															2.7								1.0			2.47	0.0	0.0	0.0	0.0	0.0	0.0	2.32	0.0								1	-0.0	-0.0	-0.29	-0.0	-0.0	-0.11	-0.29								0.0	0.0	0.0	0.0	0.0	0.0	0.0								0.0	0.0	0.0	0.0	0.0	0.0	0.0								0.0	0.0	-0.020000000000000462	0.0	0.0	-0.008823180748192327	-0.020000000000000462							
2022-10-03 07:00:00	14500	2.66	2.5	2.5	2.63	BELL.MI	2.68	2.85	2.68	2.82			0.0	1.0	1.0	-1			0.0			0.0	2.66		2.66											2.85		2.85							1.0			2.47	0.0	0.0	0.0	0.0	0.0	0.0	2.32	0.0								1	-0.15	-0.15	-0.44	-0.06	-0.06	-0.16	-0.44								0.0	0.0	0.0	0.0	0.0	0.0	0.0								0.0	0.0	0.0	0.0	0.0	0.0	0.0								0.1499999999999999	0.1499999999999999	0.12999999999999945	0.06048387096774199	0.05872528601278243	0.05112703009365083	0.12999999999999945							
2022-10-04 07:00:00	7000	2.52	2.45	2.5	2.47	BELL.MI	2.59	2.61	2.54	2.56			0.0	1.0	1.0	-1			0.0			0.0															2.54		2.54						1.0			2.47	-0.0	-0.0	0.0	-0.0	-0.0	0.0	2.32	0.0								1	0.16	0.16	-0.28	0.06	0.06	-0.1	-0.28								-0.0	-0.0	0.0	-0.0	-0.0	0.0	0.0								-0.0	-0.0	0.0	-0.0	-0.0	0.0	0.0								-0.1599999999999997	-0.1599999999999997	-0.03000000000000025	-0.06083650190114054	-0.0627656955497872	-0.012819861470981686	-0.03000000000000025							
2022-10-05 07:00:00	3500	2.5	2.45	2.5	2.45	BELL.MI	2.63	2.63	2.58	2.58			0.0	1.0	1.0	-1			0.0			0.0																							1.0			2.47	-0.0	-0.0	0.0	-0.0	-0.0	0.0	2.32	0.0								1	0.02	0.02	-0.26	0.01	0.01	-0.1	-0.26								-0.0	-0.0	0.0	-0.0	-0.0	0.0	0.0								-0.0	-0.0	0.0	-0.0	-0.0	0.0	0.0								-0.020000000000000018	-0.020000000000000018	-0.050000000000000266	-0.0080971659919028	-0.008130126083250176	-0.020813222916560736	-0.050000000000000266							
2022-10-06 07:00:00	500	2.46	2.46	2.46	2.46	BELL.MI	2.62	2.62	2.62	2.62			0.0	1.0	1.0	-1			0.0			0.0																							1.0			2.47	0.0	0.0	0.0	0.0	0.0	0.0	2.32	0.0								1	-0.01	-0.01	-0.27	-0.0	-0.0	-0.1	-0.27								0.0	0.0	0.0	0.0	0.0	0.0	0.0								0.0	0.0	0.0	0.0	0.0	0.0	0.0								0.009999999999999787	0.009999999999999787	-0.04000000000000048	0.004081632653061051	0.004073325387635648	-0.016816542193771378	-0.04000000000000048							
2022-10-07 07:00:00	0	2.46	2.46	2.46	2.46	BELL.MI	2.65	2.65	2.65	2.65			0.0	1.0	1.0	-1			0.0			0.0														2.65									1.0			2.47	0.0	0.0	0.0	0.0	0.0	0.0	2.32	0.0								1	-0.0	-0.0	-0.27	-0.0	-0.0	-0.1	-0.27								0.0	0.0	0.0	0.0	0.0	0.0	0.0								0.0	0.0	0.0	0.0	0.0	0.0	0.0								0.0	0.0	-0.04000000000000048	0.0	0.0	-0.016816542193771378	-0.04000000000000048							
2022-10-10 07:00:00	1000	2.5	2.4	2.5	2.4	BELL.MI	2.69	2.69	2.58	2.58			0.0	1.0	1.0	-1			0.0			0.0		2.4		2.4											2.58								1.0			2.47	-0.0	-0.0	0.0	-0.0	-0.0	0.0	2.32	0.0								1	0.06	0.06	-0.21	0.02	0.02	-0.08	-0.21								-0.0	-0.0	0.0	-0.0	-0.0	0.0	0.0								-0.0	-0.0	0.0	-0.0	-0.0	0.0	0.0								-0.06000000000000005	-0.06000000000000005	-0.10000000000000053	-0.024390243902439046	-0.02469261259037152	-0.04079662653050864	-0.10000000000000053							
2022-10-11 07:00:00	1000	2.5	2.5	2.5	2.5	BELL.MI	2.71	2.71	2.71	2.71			0.0	1.0	1.0	-1			0.0			0.0																							1.0			2.47	0.0	0.0	0.0	0.0	0.0	0.0	2.32	0.0								1	-0.1	-0.1	-0.31	-0.04	-0.04	-0.11	-0.31								0.0	0.0	0.0	0.0	0.0	0.0	0.0								0.0	0.0	0.0	0.0	0.0	0.0	0.0								0.10000000000000009	0.10000000000000009	-4.440892098500626e-16	0.04166666666666674	0.0408219945202552	-0.0008298193026131662	-4.440892098500626e-16							
2022-10-12 07:00:00	0	2.5	2.5	2.5	2.5	BELL.MI	2.75	2.75	2.75	2.75			0.0	1.0	1.0	-1			0.0			0.0																							1.0			2.47	0.0	0.0	0.0	0.0	0.0	0.0	2.32	0.0								1	-0.0	-0.0	-0.31	-0.0	-0.0	-0.11	-0.31								0.0	0.0	0.0	0.0	0.0	0.0	0.0								0.0	0.0	0.0	0.0	0.0	0.0	0.0								0.0	0.0	-4.440892098500626e-16	0.0	0.0	-0.0008298193026131662	-4.440892098500626e-16							
2022-10-13 07:00:00	3000	2.6	2.52	2.52	2.6	BELL.MI	2.72	2.81	2.72	2.81			0.0	1.0	1.0	-1			0.0			0.0																							1.0			2.47	0.0	0.0	0.0	0.0	0.0	0.0	2.32	0.0								1	-0.1	-0.1	-0.41	-0.04	-0.04	-0.15	-0.41								0.0	0.0	0.0	0.0	0.0	0.0	0.0								0.0	0.0	0.0	0.0	0.0	0.0	0.0								0.10000000000000009	0.10000000000000009	0.09999999999999964	0.040000000000000036	0.03922071315328133	0.03913698792528231	0.09999999999999964							
2022-10-14 07:00:00	0	2.6	2.6	2.6	2.6	BELL.MI	2.79	2.79	2.79	2.79			0.0	1.0	1.0	-1			0.0			0.0	2.6													2.79		2.79							1.0			2.47	0.0	0.0	0.0	0.0	0.0	0.0	2.32	0.0								1	-0.0	-0.0	-0.41	-0.0	-0.0	-0.15	-0.41								0.0	0.0	0.0	0.0	0.0	0.0	0.0								0.0	0.0	0.0	0.0	0.0	0.0	0.0								0.0	0.0	0.09999999999999964	0.0	0.0	0.03913698792528231	0.09999999999999964							
2022-10-17 07:00:00	57000	2.56	2.56	2.56	2.6	BELL.MI	2.7	2.7	2.7	2.74			0.0	1.0	1.0	-1			0.0			0.0		2.56													2.7								1.0			2.47	0.0	0.0	0.0	0.0	0.0	0.0	2.32	0.0								1	-0.0	-0.0	-0.41	-0.0	-0.0	-0.15	-0.41								0.0	0.0	0.0	0.0	0.0	0.0	0.0								0.0	0.0	0.0	0.0	0.0	0.0	0.0								0.0	0.0	0.09999999999999964	0.0	0.0	0.03913698792528231	0.09999999999999964							
2022-10-18 07:00:00	0	2.6	2.6	2.6	2.6	BELL.MI	2.72	2.72	2.72	2.72			0.0	1.0	1.0	-1			0.0			0.0														2.72									1.0			2.47	0.0	0.0	0.0	0.0	0.0	0.0	2.32	0.0								1	-0.0	-0.0	-0.41	-0.0	-0.0	-0.15	-0.41								0.0	0.0	0.0	0.0	0.0	0.0	0.0								0.0	0.0	0.0	0.0	0.0	0.0	0.0								0.0	0.0	0.09999999999999964	0.0	0.0	0.03913698792528231	0.09999999999999964							
2022-10-19 07:00:00	0	2.6	2.6	2.6	2.6	BELL.MI	2.72	2.72	2.72	2.72			0.0	1.0	1.0	-1			0.0			0.0	2.6																						1.0			2.47	0.0	0.0	0.0	0.0	0.0	0.0	2.32	0.0								1	-0.0	-0.0	-0.41	-0.0	-0.0	-0.15	-0.41								0.0	0.0	0.0	0.0	0.0	0.0	0.0								0.0	0.0	0.0	0.0	0.0	0.0	0.0								0.0	0.0	0.09999999999999964	0.0	0.0	0.03913698792528231	0.09999999999999964							
2022-10-20 07:00:00	0	2.6	2.6	2.6	2.6	BELL.MI	2.69	2.69	2.69	2.69			0.0	1.0	1.0	-1			0.0			0.0																							1.0			2.47	0.0	0.0	0.0	0.0	0.0	0.0	2.4	0.0								1	-0.0	-0.0	-0.41	-0.0	-0.0	-0.15	-0.41								0.0	0.0	0.0	0.0	0.0	0.0	0.0								0.0	0.0	0.0	0.0	0.0	0.0	0.0								0.0	0.0	0.09999999999999964	0.0	0.0	0.03913698792528231	0.09999999999999964							
2022-10-21 07:00:00	1000	2.46	2.46	2.46	2.46	BELL.MI	2.56	2.56	2.56	2.56			0.0	1.0	1.0	-1			0.0			0.0																							1.0			2.47	-0.0	-0.0	0.0	-0.0	-0.0	0.0	2.4	0.0								1	0.14	0.14	-0.27	0.05	0.06	-0.1	-0.27								-0.0	-0.0	0.0	-0.0	-0.0	0.0	0.0								-0.0	-0.0	0.0	-0.0	-0.0	0.0	0.0								-0.14000000000000012	-0.14000000000000012	-0.04000000000000048	-0.05384615384615388	-0.055350095083164956	-0.016816542193771267	-0.04000000000000048							
2022-10-24 07:00:00	1000	2.45	2.45	2.45	2.45	BELL.MI	2.5	2.5	2.5	2.5			0.0	1.0	-1.0	-1			0.0			0.0																							1.0			2.47	-0.0	-0.0	0.0	-0.0	-0.0	0.0	2.4	0.0								1	0.01	0.01	-0.26	0.0	0.0	-0.1	-0.26								-0.0	-0.0	0.0	-0.0	-0.0	0.0	0.0								-0.0	-0.0	0.0	-0.0	-0.0	0.0	0.0								-0.009999999999999787	-0.009999999999999787	-0.050000000000000266	-0.004065040650406471	-0.004073325387635786	-0.020813222916560847	-0.050000000000000266							
2022-10-25 07:00:00	0	2.45	2.45	2.45	2.45	BELL.MI	2.47	2.47	2.47	2.47			0.0	1.0	-1.0	-1			0.0			0.0																							0.0			2.47	0.0	0.0	0.0	0.0	0.0	0.0		0.0								1	-0.0	-0.0	-0.26	-0.0	-0.0	-0.1	-0.26								0.0	0.0	0.0	0.0	0.0	0.0	0.0								0.0	0.0	0.0	0.0	0.0	0.0	0.0								0.0	0.0	-0.050000000000000266	0.0	0.0	-0.020813222916560847	-0.050000000000000266							
2022-10-26 07:00:00	1500	2.4	2.4	2.4	2.4	BELL.MI	2.41	2.41	2.41	2.41			0.0	1.0	-1.0	-1			0.0			0.0		2.4													2.41								-1.0			2.47	-0.0	-0.0	0.0	-0.0	-0.0	0.0	2.66	0.0								1	0.05	0.05	-0.21	0.02	0.02	-0.08	-0.21								-0.0	-0.0	0.0	-0.0	-0.0	0.0	0.0								-0.0	-0.0	0.0	-0.0	-0.0	0.0	0.0								-0.0	-0.0	-0.050000000000000266	-0.0	-0.0	-0.020813222916560847	-0.050000000000000266							
2022-10-27 07:00:00	8500	2.6	2.42	2.6	2.42	BELL.MI	2.59	2.59	2.41	2.41			0.0	1.0	-1.0	-1			0.0			0.0	2.6													2.59									-1.0			2.47	0.0	0.0	0.0	0.0	0.0	0.0	2.66	0.0								1	-0.02	-0.02	-0.23	-0.01	-0.01	-0.09	-0.23								0.0	0.0	0.0	0.0	0.0	0.0	0.0								0.0	0.0	0.0	0.0	0.0	0.0	0.0								-0.020000000000000018	-0.020000000000000018	-0.07000000000000028	-0.008333333333333304	-0.008298802814695064	-0.028905675619729676	-0.07000000000000028							
2022-10-28 07:00:00	3500	2.42	2.37	2.42	2.42	BELL.MI	2.41	2.41	2.36	2.41			0.0	-1.0	-1.0	-1			0.0			0.0		2.37													2.36								-1.0			2.47	0.0	0.0	0.0	0.0	0.0	0.0	2.66	0.0								1	-0.0	-0.0	-0.23	-0.0	-0.0	-0.09	-0.23								0.0	0.0	0.0	0.0	0.0	0.0	0.0								0.0	0.0	0.0	0.0	0.0	0.0	0.0								-0.0	-0.0	-0.07000000000000028	-0.0	-0.0	-0.028905675619729676	-0.07000000000000028							
2022-10-31 08:00:00	0	2.42	2.42	2.42	2.42	BELL.MI	2.4	2.4	2.4	2.4			0.0	-1.0	-1.0	-1			0.0			0.0	2.42													2.4									-1.0			2.47	0.0	0.0	0.0	0.0	0.0	0.0	2.6	0.0								1	-0.0	-0.0	-0.23	-0.0	-0.0	-0.09	-0.23								0.0	0.0	0.0	0.0	0.0	0.0	0.0								0.0	0.0	0.0	0.0	0.0	0.0	0.0								-0.0	-0.0	-0.07000000000000028	-0.0	-0.0	-0.028905675619729676	-0.07000000000000028							
2022-11-01 08:00:00	0	2.42	2.42	2.42	2.42	BELL.MI	2.39	2.39	2.39	2.39			0.0	-1.0	-1.0	-1			0.0			0.0																							-1.0			2.47	0.0	0.0	0.0	0.0	0.0	0.0	2.6	0.0								1	-0.0	-0.0	-0.23	-0.0	-0.0	-0.09	-0.23								0.0	0.0	0.0	0.0	0.0	0.0	0.0								0.0	0.0	0.0	0.0	0.0	0.0	0.0								-0.0	-0.0	-0.07000000000000028	-0.0	-0.0	-0.028905675619729676	-0.07000000000000028							
2022-11-02 08:00:00	1500	2.39	2.38	2.39	2.38	BELL.MI	2.36	2.36	2.35	2.35	2.94	2.35	-1.0	-1.0	-1.0	-1	-1.0		0.0	-1.0		0.0																							-1.0			2.47	-0.0	-0.0	0.0	-0.0	-0.0	0.0	2.6	0.0	-0.0	0.0	inf					1	0.04	0.04	-0.19	0.02	0.02	-0.07	-0.19	0.0	0.0	264.91					-0.0	-0.0	0.0	-0.0	-0.0	0.0	0.0	-0.0	0.0	inf					-0.0	-0.0	0.0	-0.0	-0.0	0.0	0.0	-0.0	0.0	inf					0.040000000000000036	0.040000000000000036	-0.03000000000000025	0.016528925619834767	0.01666705248521176	-0.01258476260493524	-0.03000000000000025	0.0015294461785668688	0.0015288278056344584	405.8055355362702				
2022-11-03 08:00:00	3500	2.35	2.32	2.35	2.34	BELL.MI	2.33	2.33	2.3	2.32	2.94	2.3	-1.0	-1.0	-1.0	-1	-1.0		0.0	-1.0		0.0		2.32																					-1.0			2.47	0.04	0.04	0.04	0.02	0.02	0.02	2.6	0.04	0.0	0.0	inf					1	0.04	0.04	-0.15	0.02	0.02	-0.05	-0.15	0.0	0.0	275.97					-0.0	-0.0	0.0	-0.0	-0.0	0.0	0.0	-0.0	0.0	inf					-0.0	-0.0	0.0	-0.0	-0.0	0.0	0.0	-0.0	0.0	inf					0.040000000000000036	0.040000000000000036	0.009999999999999787	0.01680672268907568	0.01694955831377332	0.004294130341989	0.009999999999999787	0.0017242301464137806	0.0017236249212384536	419.63552866524225				
2022-11-04 08:00:00	7000	2.42	2.35	2.35	2.42	BELL.MI	2.27	2.34	2.27	2.34	2.94	2.27	-1.0	-1.0	-1.0	-1	-1.0		0.0	-1.0		0.0																							-1.0			2.47	-0.08	-0.08	-0.04	-0.03	-0.03	-0.02	2.6	-0.04	0.0	0.0	2885.97					1	-0.08	-0.08	-0.23	-0.03	-0.03	-0.09	-0.23	0.0	0.0	235.88					0.0	0.0	0.0	0.0	0.0	0.0	0.0	0.0	0.0	inf					0.0	0.0	0.0	0.0	0.0	0.0	0.0	0.0	0.0	inf					-0.08000000000000007	-0.08000000000000007	-0.07000000000000028	-0.03418803418803429	-0.033616610798985064	-0.028905675619729676	-0.07000000000000028	0.0016534322095031195	0.0016526422591471857	344.64191156189645				
2022-11-07 08:00:00	0	2.42	2.42	2.42	2.42	BELL.MI	2.32	2.32	2.32	2.32	2.94	2.27	-1.0	-1.0	-1.0	-1	-1.0		0.0	-1.0		0.0																							-1.0			2.47	-0.0	-0.0	-0.04	-0.0	-0.0	-0.02	2.6	-0.04	0.0	0.0	2885.97					1	-0.0	-0.0	-0.23	-0.0	-0.0	-0.09	-0.23	0.0	0.0	235.88					0.0	0.0	0.0	0.0	0.0	0.0	0.0	0.0	0.0	inf					0.0	0.0	0.0	0.0	0.0	0.0	0.0	0.0	0.0	inf					-0.0	-0.0	-0.07000000000000028	-0.0	-0.0	-0.028905675619729676	-0.07000000000000028	0.0016534322095031195	0.0016526422591471857	344.64191156189645				
2022-11-08 08:00:00	0	2.42	2.42	2.42	2.42	BELL.MI	2.3	2.3	2.3	2.3	2.94	2.27	-1.0	-1.0	-1.0	-1	-1.0		0.0	-1.0		0.0																							-1.0			2.47	-0.0	-0.0	-0.04	-0.0	-0.0	-0.02	2.6	-0.04	0.0	0.0	2885.97					1	-0.0	-0.0	-0.23	-0.0	-0.0	-0.09	-0.23	0.0	0.0	235.88					0.0	0.0	0.0	0.0	0.0	0.0	0.0	0.0	0.0	inf					0.0	0.0	0.0	0.0	0.0	0.0	0.0	0.0	0.0	inf					-0.0	-0.0	-0.07000000000000028	-0.0	-0.0	-0.028905675619729676	-0.07000000000000028	0.0016534322095031195	0.0016526422591471857	344.64191156189645				
2022-11-09 08:00:00	500	2.42	2.42	2.42	2.42	BELL.MI	2.29	2.29	2.29	2.29	2.94	2.27	-1.0	-1.0	-1.0	-1	-1.0		0.0	-1.0		0.0																							-1.0			2.47	-0.0	-0.0	-0.04	-0.0	-0.0	-0.02	2.6	-0.04	0.0	0.0	2885.97					1	-0.0	-0.0	-0.23	-0.0	-0.0	-0.09	-0.23	0.0	0.0	235.88					0.0	0.0	0.0	0.0	0.0	0.0	0.0	0.0	0.0	inf					0.0	0.0	0.0	0.0	0.0	0.0	0.0	0.0	0.0	inf					-0.0	-0.0	-0.07000000000000028	-0.0	-0.0	-0.028905675619729676	-0.07000000000000028	0.0016534322095031195	0.0016526422591471857	344.64191156189645				
2022-11-10 08:00:00	2000	2.42	2.42	2.42	2.42	BELL.MI	2.23	2.23	2.23	2.23	2.94	2.23	-1.0	-1.0	-1.0	-1	-1.0		0.0	-1.0		0.0															2.23								-1.0			2.47	-0.0	-0.0	-0.04	-0.0	-0.0	-0.02	2.6	-0.04	0.0	0.0	2885.97					1	-0.0	-0.0	-0.23	-0.0	-0.0	-0.09	-0.23	0.0	0.0	235.88					0.0	0.0	0.0	0.0	0.0	0.0	0.0	0.0	0.0	inf					0.0	0.0	0.0	0.0	0.0	0.0	0.0	0.0	0.0	inf					-0.0	-0.0	-0.07000000000000028	-0.0	-0.0	-0.028905675619729676	-0.07000000000000028	0.0016534322095031195	0.0016526422591471857	344.64191156189645				
2022-11-11 08:00:00	4000	2.5	2.4	2.5	2.44	BELL.MI	2.3	2.3	2.21	2.24	2.94	2.21	-1.0	-1.0	-1.0	-1	-1.0		0.0	-1.0		0.0														2.3									-1.0			2.47	-0.02	-0.02	-0.06	-0.01	-0.01	-0.02	2.6	-0.06	0.0	0.0	2223.86					1	-0.02	-0.02	-0.25	-0.01	-0.01	-0.09	-0.25	0.0	0.0	221.67					0.0	0.0	0.0	0.0	0.0	0.0	0.0	0.0	0.0	inf					0.0	0.0	0.0	0.0	0.0	0.0	0.0	0.0	0.0	inf					-0.020000000000000018	-0.020000000000000018	-0.0900000000000003	-0.008264462809917328	-0.008230499136515444	-0.03686546516383027	-0.0900000000000003	0.001601297062095131	0.0016003960993880018	322.4427015371511				
2022-11-14 08:00:00	500	2.45	2.45	2.45	2.45	BELL.MI	2.24	2.24	2.24	2.24	2.94	2.21	-1.0	-1.0	-1.0	-1	-1.0		0.0	-1.0		0.0																							-1.0			2.47	-0.01	-0.01	-0.07	-0.0	-0.0	-0.03	2.6	-0.07	0.0	0.0	1934.59					1	-0.01	-0.01	-0.26	-0.0	-0.0	-0.1	-0.26	0.0	0.0	211.14					0.0	0.0	0.0	0.0	0.0	0.0	0.0	0.0	0.0	inf					0.0	0.0	0.0	0.0	0.0	0.0	0.0	0.0	0.0	inf					-0.010000000000000231	-0.010000000000000231	-0.10000000000000053	-0.004098360655737876	-0.0040899852515252876	-0.04079662653050864	-0.10000000000000053	0.0015520703801333285	0.0015510723166292095	307.3448737208555				
2022-11-15 08:00:00	0	2.45	2.45	2.45	2.45	BELL.MI	2.23	2.23	2.23	2.23	2.94	2.21	-1.0	-1.0	-1.0	-1	-1.0		0.0	-1.0		0.0	2.45														2.23								-1.0			2.47	-0.0	-0.0	-0.07	-0.0	-0.0	-0.03	2.6	-0.07	0.0	0.0	1934.59					1	-0.0	-0.0	-0.26	-0.0	-0.0	-0.1	-0.26	0.0	0.0	211.14					0.0	0.0	0.0	0.0	0.0	0.0	0.0	0.0	0.0	inf					0.0	0.0	0.0	0.0	0.0	0.0	0.0	0.0	0.0	inf					-0.0	-0.0	-0.10000000000000053	-0.0	-0.0	-0.04079662653050864	-0.10000000000000053	0.0015520703801333285	0.0015510723166292095	307.3448737208555				
2022-11-16 08:00:00	0	2.45	2.45	2.45	2.45	BELL.MI	2.24	2.24	2.24	2.24	2.94	2.21	-1.0	-1.0	-1.0	-1	-1.0		0.0	-1.0		0.0																							-1.0			2.47	-0.0	-0.0	-0.07	-0.0	-0.0	-0.03	2.6	-0.07	0.0	0.0	1934.59					1	-0.0	-0.0	-0.26	-0.0	-0.0	-0.1	-0.26	0.0	0.0	211.14					0.0	0.0	0.0	0.0	0.0	0.0	0.0	0.0	0.0	inf					0.0	0.0	0.0	0.0	0.0	0.0	0.0	0.0	0.0	inf					-0.0	-0.0	-0.10000000000000053	-0.0	-0.0	-0.04079662653050864	-0.10000000000000053	0.0015520703801333285	0.0015510723166292095	307.3448737208555				
2022-11-17 08:00:00	0	2.45	2.45	2.45	2.45	BELL.MI	2.26	2.26	2.26	2.26	2.94	2.21	-1.0	-1.0	-1.0	-1	-1.0		0.0	-1.0		0.0														2.26									-1.0			2.47	-0.0	-0.0	-0.07	-0.0	-0.0	-0.03	2.6	-0.07	0.0	0.0	1934.59					1	-0.0	-0.0	-0.26	-0.0	-0.0	-0.1	-0.26	0.0	0.0	211.14					0.0	0.0	0.0	0.0	0.0	0.0	0.0	0.0	0.0	inf					0.0	0.0	0.0	0.0	0.0	0.0	0.0	0.0	0.0	inf					-0.0	-0.0	-0.10000000000000053	-0.0	-0.0	-0.04079662653050864	-0.10000000000000053	0.0015520703801333285	0.0015510723166292095	307.3448737208555				
2022-11-18 08:00:00	4500	2.45	2.3	2.38	2.45	BELL.MI	2.17	2.23	2.09	2.23	2.94	2.09	-1.0	-1.0	-1.0	-1	-1.0		0.0	-1.0		0.0																							-1.0			2.47	-0.0	-0.0	-0.07	-0.0	-0.0	-0.03	2.6	-0.07	0.0	0.0	1934.59					1	-0.0	-0.0	-0.26	-0.0	-0.0	-0.1	-0.26	0.0	0.0	211.14					0.0	0.0	0.0	0.0	0.0	0.0	0.0	0.0	0.0	inf					0.0	0.0	0.0	0.0	0.0	0.0	0.0	0.0	0.0	inf					-0.0	-0.0	-0.10000000000000053	-0.0	-0.0	-0.04079662653050864	-0.10000000000000053	0.0015520703801333285	0.0015510723166292095	307.3448737208555				
2022-11-21 08:00:00	5000	2.43	2.3	2.43	2.3	BELL.MI	2.24	2.24	2.12	2.12	2.94	2.09	-1.0	-1.0	-1.0	-1	-1.0		0.0	-1.0		0.0																							-1.0			2.47	0.15	0.15	0.08	0.06	0.06	0.03	2.6	0.08	0.0	0.0	2074.14					1	0.15	0.15	-0.11	0.06	0.06	-0.04	-0.11	0.0	0.0	222.03					-0.0	-0.0	0.0	-0.0	-0.0	0.0	0.0	-0.0	0.0	inf					-0.0	-0.0	0.0	-0.0	-0.0	0.0	0.0	-0.0	0.0	inf					0.15000000000000036	0.15000000000000036	0.04999999999999982	0.061224489795918546	0.0631789016215318	0.021760115217501763	0.04999999999999982	0.0021143626045649617	0.0021130658870249786	320.00154400972247				
2022-11-22 08:00:00	5000	2.35	2.3	2.35	2.3	BELL.MI	2.15	2.15	2.1	2.1	2.94	2.09	-1.0	-1.0	-1.0	-1	-1.0		0.0	-1.0		0.0		2.3													2.1								-1.0			2.47	-0.0	-0.0	0.08	-0.0	-0.0	0.03	2.6	0.08	0.0	0.0	2074.14					1	-0.0	-0.0	-0.11	-0.0	-0.0	-0.04	-0.11	0.0	0.0	222.03					0.0	0.0	0.0	0.0	0.0	0.0	0.0	0.0	0.0	inf					0.0	0.0	0.0	0.0	0.0	0.0	0.0	0.0	0.0	inf					-0.0	-0.0	0.04999999999999982	-0.0	-0.0	0.021760115217501763	0.04999999999999982	0.0021143626045649617	0.0021130658870249786	320.00154400972247				
2022-11-23 08:00:00	1000	2.38	2.38	2.38	2.38	BELL.MI	2.18	2.18	2.18	2.18	2.94	2.09	-1.0	-1.0	-1.0	-1	-1.0		0.0	-1.0		0.0																							-1.0			2.47	-0.08	-0.08	0.0	-0.03	-0.03	0.0	2.6	0.0	0.0	0.0	1148.16					1	-0.08	-0.08	-0.19	-0.03	-0.03	-0.07	-0.19	0.0	0.0	191.69					0.0	0.0	0.0	0.0	0.0	0.0	0.0	0.0	0.0	inf					0.0	0.0	0.0	0.0	0.0	0.0	0.0	0.0	0.0	inf					-0.08000000000000007	-0.08000000000000007	-0.03000000000000025	-0.034782608695652195	-0.03419136474827934	-0.01258476260493524	-0.03000000000000025	0.002021878379994596	0.0020202872962580276	268.7308691594898				
2022-11-24 08:00:00	2000	2.45	2.38	2.38	2.45	BELL.MI	2.16	2.23	2.16	2.23	2.94	2.09	-1.0	-1.0	-1.0	-1	-1.0		0.0	-1.0		0.0																							-1.0			2.47	-0.07	-0.07	-0.07	-0.03	-0.03	-0.03	2.5	-0.07	0.0	0.0	808.23					1	-0.07	-0.07	-0.26	-0.03	-0.03	-0.1	-0.26	0.0	0.0	168.69					0.0	0.0	0.0	0.0	0.0	0.0	0.0	0.0	0.0	inf					0.0	0.0	0.0	0.0	0.0	0.0	0.0	0.0	0.0	inf					-0.07000000000000028	-0.07000000000000028	-0.10000000000000053	-0.02941176470588247	-0.028987536873252406	-0.04079662653050864	-0.10000000000000053	0.0019293208587121094	0.0019274316692441396	232.42658816182376				
2022-11-25 08:00:00	0	2.45	2.45	2.45	2.45	BELL.MI	2.23	2.23	2.23	2.23	2.94	2.09	-1.0	-1.0	-1.0	-1	-1.0		0.0	-1.0		0.0	2.45													2.23									-1.0			2.47	-0.0	-0.0	-0.07	-0.0	-0.0	-0.03	2.5	-0.07	0.0	0.0	808.23					1	-0.0	-0.0	-0.26	-0.0	-0.0	-0.1	-0.26	0.0	0.0	168.69					0.0	0.0	0.0	0.0	0.0	0.0	0.0	0.0	0.0	inf					0.0	0.0	0.0	0.0	0.0	0.0	0.0	0.0	0.0	inf					-0.0	-0.0	-0.10000000000000053	-0.0	-0.0	-0.04079662653050864	-0.10000000000000053	0.0019293208587121094	0.0019274316692441396	232.42658816182376				
2022-11-28 08:00:00	2500	2.31	2.3	2.3	2.3	BELL.MI	2.11	2.12	2.11	2.11	2.94	2.09	-1.0	-1.0	-1.0	-1	-1.0		0.0	-1.0		0.0																							-1.0			2.47	0.15	0.15	0.08	0.06	0.06	0.03	2.5	0.08	0.0	0.0	835.74					1	0.15	0.15	-0.11	0.06	0.06	-0.04	-0.11	0.0	0.0	176.95					-0.0	-0.0	0.0	-0.0	-0.0	0.0	0.0	-0.0	0.0	inf					-0.0	-0.0	0.0	-0.0	-0.0	0.0	0.0	-0.0	0.0	inf					0.15000000000000036	0.15000000000000036	0.04999999999999982	0.061224489795918546	0.0631789016215318	0.021760115217501763	0.04999999999999982	0.0024789773028194365	0.0024766528763064954	241.67807489922072				
2022-11-29 08:00:00	1000	2.3	2.3	2.3	2.3	BELL.MI	2.11	2.11	2.11	2.11	2.94	2.09	-1.0	-1.0	-1.0	-1	-1.0		0.0	-1.0		0.0																							-1.0			2.47	-0.0	-0.0	0.08	-0.0	-0.0	0.03	2.5	0.08	0.0	0.0	835.74					1	-0.0	-0.0	-0.11	-0.0	-0.0	-0.04	-0.11	0.0	0.0	176.95					0.0	0.0	0.0	0.0	0.0	0.0	0.0	0.0	0.0	inf					0.0	0.0	0.0	0.0	0.0	0.0	0.0	0.0	0.0	inf					-0.0	-0.0	0.04999999999999982	-0.0	-0.0	0.021760115217501763	0.04999999999999982	0.0024789773028194365	0.0024766528763064954	241.67807489922072				
2022-11-30 08:00:00	0	2.3	2.3	2.3	2.3	BELL.MI	2.1	2.1	2.1	2.1	2.94	2.09	-1.0	-1.0	-1.0	-1	-1.0		0.0	-1.0		0.0																							-1.0			2.47	-0.0	-0.0	0.08	-0.0	-0.0	0.03	2.5	0.08	0.0	0.0	835.74					1	-0.0	-0.0	-0.11	-0.0	-0.0	-0.04	-0.11	0.0	0.0	176.95					0.0	0.0	0.0	0.0	0.0	0.0	0.0	0.0	0.0	inf					0.0	0.0	0.0	0.0	0.0	0.0	0.0	0.0	0.0	inf					-0.0	-0.0	0.04999999999999982	-0.0	-0.0	0.021760115217501763	0.04999999999999982	0.0024789773028194365	0.0024766528763064954	241.67807489922072				
2022-12-01 08:00:00	4000	2.25	2.2	2.24	2.25	BELL.MI	2.04	2.05	2.0	2.05	2.94	2.0	-1.0	-1.0	-1.0	-1	-1.0		0.0	-1.0		0.0																							-1.0			2.47	0.05	0.05	0.13	0.02	0.02	0.06	2.5	0.13	0.0	0.0	840.38					1	0.05	0.05	-0.06	0.02	0.02	-0.02	-0.06	0.0	0.0	179.18					-0.0	-0.0	0.0	-0.0	-0.0	0.0	0.0	-0.0	0.0	inf					-0.0	-0.0	0.0	-0.0	-0.0	0.0	0.0	-0.0	0.0	inf					0.04999999999999982	0.04999999999999982	0.09999999999999964	0.021739130434782483	0.021978906718775115	0.04446589555566849	0.09999999999999964	0.00267019379127278	0.002667707410679121	244.1205250638619				
2022-12-02 08:00:00	2000	2.21	2.19	2.19	2.21	BELL.MI	2.0	2.02	2.0	2.02	2.89	2.0	-1.0	-1.0	-1.0	-1	-1.0		0.0	-1.0		0.0		2.19													2.0								-1.0			2.47	0.04	0.04	0.17	0.02	0.02	0.08	2.5	0.17	0.0	0.0	843.34					1	0.04	0.04	-0.02	0.02	0.02	0.0	-0.02	0.0	0.0	180.82					-0.0	-0.0	0.0	-0.0	-0.0	0.0	0.0	-0.0	0.0	inf					-0.0	-0.0	0.0	-0.0	-0.0	0.0	0.0	-0.0	0.0	inf					0.040000000000000036	0.040000000000000036	0.13999999999999968	0.01777777777777778	0.017937700686667318	0.06337025565622345	0.13999999999999968	0.0028262517872467857	0.002823629199275368	245.8994944802439				
2022-12-05 08:00:00	3000	2.37	2.27	2.27	2.3	BELL.MI	2.08	2.17	2.08	2.11	2.85	2.0	-1.0	-1.0	-1.0	-1	-1.0		0.0	-1.0		0.0																							-1.0			2.47	-0.09	-0.09	0.08	-0.04	-0.04	0.03	2.5	0.08	0.0	0.0	597.99					1	-0.09	-0.09	-0.11	-0.04	-0.04	-0.04	-0.11	0.0	0.0	156.39					0.0	0.0	0.0	0.0	0.0	0.0	0.0	0.0	0.0	inf					0.0	0.0	0.0	0.0	0.0	0.0	0.0	0.0	0.0	inf					-0.08999999999999986	-0.08999999999999986	0.04999999999999982	-0.040723981900452344	-0.03991660740544242	0.021760115217501985	0.04999999999999982	0.002702286508941885	0.002699156970328076	208.26940827607783				
2022-12-06 08:00:00	4000	2.39	2.26	2.35	2.39	BELL.MI	2.18	2.21	2.09	2.21	2.85	2.0	-1.0	-1.0	-1.0	-1	-1.0		0.0	-1.0		0.0																							-1.0			2.47	-0.09	-0.09	-0.01	-0.04	-0.04	-0.0	2.5	-0.01	0.0	0.0	458.02					1	-0.09	-0.09	-0.2	-0.04	-0.04	-0.07	-0.2	0.0	0.0	136.19					0.0	0.0	0.0	0.0	0.0	0.0	0.0	0.0	0.0	inf					0.0	0.0	0.0	0.0	0.0	0.0	0.0	0.0	0.0	inf					-0.0900000000000003	-0.0900000000000003	-0.04000000000000048	-0.039130434782608914	-0.0383842430083155	-0.01671620711286448	-0.04000000000000048	0.0025726364557515868	0.0025689591878650386	178.66129135701706				
2022-12-07 08:00:00	1500	2.47	2.4	2.4	2.47	BELL.MI	2.23	2.29	2.23	2.29	2.85	2.0	-1.0	-1.0	-1.0	-1	-1.0		0.0	-1.0		0.0																							-1.0			2.47	-0.08	-0.08	-0.09	-0.03	-0.03	-0.04	2.5	-0.09	0.0	0.0	373.87					1	-0.08	-0.08	-0.28	-0.03	-0.03	-0.1	-0.28	0.0	0.0	120.36					0.0	0.0	0.0	0.0	0.0	0.0	0.0	0.0	0.0	inf					0.0	0.0	0.0	0.0	0.0	0.0	0.0	0.0	0.0	inf					-0.08000000000000007	-0.08000000000000007	-0.12000000000000055	-0.03347280334728042	-0.03292478469646661	-0.04856345546548435	-0.12000000000000055	0.0024440446872585836	0.002439824129586654	156.45429254877723				
2022-12-08 08:00:00	0	2.47	2.47	2.47	2.47	BELL.MI	2.29	2.29	2.29	2.29	2.85	2.0	-1.0	-1.0	-1.0	-1	-1.0		0.0	-1.0		0.0																							-1.0			2.47	-0.0	-0.0	-0.09	-0.0	-0.0	-0.04	2.5	-0.09	0.0	0.0	373.87					1	-0.0	-0.0	-0.28	-0.0	-0.0	-0.1	-0.28	0.0	0.0	120.36					0.0	0.0	0.0	0.0	0.0	0.0	0.0	0.0	0.0	inf					0.0	0.0	0.0	0.0	0.0	0.0	0.0	0.0	0.0	inf					-0.0	-0.0	-0.12000000000000055	-0.0	-0.0	-0.04856345546548435	-0.12000000000000055	0.0024440446872585836	0.002439824129586654	156.45429254877723				
2022-12-09 08:00:00	0	2.47	2.47	2.47	2.47	BELL.MI	2.29	2.29	2.29	2.29	2.85	2.0	-1.0	-1.0	-1.0	0	-1.0		0.0	-1.0		0.0														2.29									-1.0			2.47	-0.0	-0.0	-0.09	-0.0	-0.0	-0.04	2.47	-0.09	0.0	0.0	373.87					1	-0.0	-0.0	-0.28	-0.0	-0.0	-0.1	-0.28	0.0	0.0	120.36					0.0	0.0	0.0	0.0	0.0	0.0	0.0	0.0	0.0	inf					0.0	0.0	0.0	0.0	0.0	0.0	0.0	0.0	0.0	inf					-0.0	-0.0	-0.12000000000000055	-0.0	-0.0	-0.04856345546548435	-0.12000000000000055	0.0024440446872585836	0.002439824129586654	156.45429254877723				
2022-12-12 08:00:00	2000	2.48	2.47	2.47	2.48	BELL.MI	2.28	2.29	2.28	2.29	2.85	2.0	-1.0	-1.0	1.0	0	-1.0		0.0	-1.0		0.0	2.48		2.48																				-1.0			2.47	-0.01	-0.01	-0.1	-0.0	-0.0	-0.04	2.48	-0.1	0.0	0.0	356.44					1	0.0	0.0	-0.28	0.0	0.0	-0.1	-0.28	0.0	0.0	120.36					0.0	0.0	0.0	0.0	0.0	0.0	0.0	0.0	0.0	inf					0.0	0.0	0.0	0.0	0.0	0.0	0.0	0.0	0.0	inf					-0.009999999999999787	-0.009999999999999787	-0.13000000000000034	-0.004048582995951344	-0.004040409537004906	-0.052399893145058996	-0.13000000000000034	0.002357971399597371	0.002353495127757954	149.50919594780333				
2022-12-13 08:00:00	0	2.48	2.48	2.48	2.48	BELL.MI	2.26	2.26	2.26	2.26	2.85	2.0	-1.0	-1.0	1.0	0	-1.0		0.0	-1.0		0.0																							-1.0			2.47	-0.0	-0.0	-0.1	-0.0	-0.0	-0.04	2.48	-0.1	0.0	0.0	356.44					1	0.0	0.0	-0.28	0.0	0.0	-0.1	-0.28	0.0	0.0	120.36					0.0	0.0	0.0	0.0	0.0	0.0	0.0	0.0	0.0	inf					0.0	0.0	0.0	0.0	0.0	0.0	0.0	0.0	0.0	inf					-0.0	-0.0	-0.13000000000000034	-0.0	-0.0	-0.052399893145058996	-0.13000000000000034	0.002357971399597371	0.002353495127757954	149.50919594780333				
2022-12-14 08:00:00	9500	2.4	2.34	2.4	2.34	BELL.MI	2.19	2.19	2.14	2.14	2.85	2.0	-1.0	-1.0	1.0	0	-1.0		0.0	-1.0		0.0																							-1.0			2.47	0.14	0.14	0.04	0.06	0.06	0.02	2.48	0.04	0.0	0.0	368.27					1	-0.0	-0.0	-0.28	-0.0	-0.0	-0.1	-0.28	0.0	0.0	120.36					-0.0	-0.0	0.0	-0.0	-0.0	0.0	0.0	-0.0	0.0	inf					-0.0	-0.0	0.0	-0.0	-0.0	0.0	0.0	-0.0	0.0	inf					0.14000000000000012	0.14000000000000012	0.009999999999999787	0.05645161290322587	0.05810763080728081	0.004294130341988778	0.009999999999999787	0.002840264735297802	0.002835112320256128	155.7100895391034				
2022-12-15 08:00:00	18500	2.3	2.16	2.3	2.17	BELL.MI	2.18	2.18	2.05	2.06	2.85	2.0	-1.0	-1.0	1.0	-1	-1.0		0.0	-1.0		0.0																							-1.0			2.47	0.17	0.17	0.21	0.07	0.08	0.1	2.48	0.21	0.0	0.0	377.15					1	-0.0	-0.0	-0.28	-0.0	-0.0	-0.1	-0.28	0.0	0.0	120.36					-0.0	-0.0	0.0	-0.0	-0.0	0.0	0.0	-0.0	0.0	inf					-0.0	-0.0	0.0	-0.0	-0.0	0.0	0.0	-0.0	0.0	inf					0.16999999999999993	0.16999999999999993	0.17999999999999972	0.07264957264957261	0.07542376181724184	0.0829715506913613	0.17999999999999972	0.0034662819583809092	0.0034601812658847653	161.6291917778438				
2022-12-16 08:00:00	11000	2.24	2.09	2.22	2.1	BELL.MI	2.11	2.13	1.98	1.99	2.85	1.98	-1.0	-1.0	-1.0	-1	-1.0		0.0	-1.0		0.0																							-1.0			2.47	0.07	0.07	0.28	0.03	0.03	0.13	2.48	0.28	0.0	0.0	379.81					1	0.07	0.07	-0.21	0.03	0.03	-0.07	-0.21	0.0	0.0	123.57					-0.0	-0.0	0.0	-0.0	-0.0	0.0	0.0	-0.0	0.0	inf					-0.0	-0.0	0.0	-0.0	-0.0	0.0	0.0	-0.0	0.0	inf					0.06999999999999984	0.06999999999999984	0.24999999999999956	0.032258064516129004	0.03278982282299084	0.11907060238107325	0.24999999999999956	0.0037384374878117336	0.0037318996675732574	163.68435269109168				
2022-12-19 08:00:00	11500	2.12	1.98	2.1	2.0	BELL.MI	1.99	2.01	1.88	1.9	2.85	1.88	-1.0	-1.0	-1.0	-1	-1.0		0.0	-1.0		0.0		1.98													1.88								-1.0			2.47	0.1	0.1	0.38	0.05	0.05	0.19	2.48	0.38	0.0	0.0	382.96					1	0.1	0.1	-0.11	0.05	0.05	-0.03	-0.11	0.0	0.0	127.54					-0.0	-0.0	0.0	-0.0	-0.0	0.0	0.0	-0.0	0.0	inf					-0.0	-0.0	0.0	-0.0	-0.0	0.0	0.0	-0.0	0.0	inf					0.10000000000000009	0.10000000000000009	0.34999999999999964	0.04761904761904767	0.048790164169432056	0.17502413250012694	0.34999999999999964	0.00414339585041802	0.0041361797151158175	166.3168192958413				
2022-12-20 08:00:00	3500	2.1	2.03	2.03	2.1	BELL.MI	1.92	1.99	1.92	1.99	2.85	1.88	-1.0	-1.0	-1.0	-1	-1.0		0.0	-1.0		0.0	2.1			2.03										1.99									-1.0			2.47	-0.1	-0.1	0.28	-0.05	-0.05	0.13	2.48	0.28	0.0	0.0	304.36					1	-0.1	-0.1	-0.21	-0.05	-0.05	-0.07	-0.21	0.0	0.0	109.46					0.0	0.0	0.0	0.0	0.0	0.0	0.0	0.0	0.0	inf					0.0	0.0	0.0	0.0	0.0	0.0	0.0	0.0	0.0	inf					-0.10000000000000009	-0.10000000000000009	0.24999999999999956	-0.050000000000000044	-0.04879016416943204	0.11907060238107325	0.24999999999999956	0.003954453784549344	0.0039461570368815035	142.3850363030467				
2022-12-21 08:00:00	16500	2.2	1.98	2.11	1.98	BELL.MI	1.97	2.05	1.85	1.85	2.85	1.85	-1.0	-1.0	-1.0	-1	-1.0		0.0	-1.0		0.0																							-1.0			2.47	0.12	0.12	0.4	0.06	0.06	0.2	2.48	0.4	0.0	0.0	307.59					1	0.12	0.12	-0.09	0.06	0.06	-0.02	-0.09	0.0	0.0	113.52					-0.0	-0.0	0.0	-0.0	-0.0	0.0	0.0	-0.0	0.0	inf					-0.0	-0.0	0.0	-0.0	-0.0	0.0	0.0	-0.0	0.0	inf					0.1200000000000001	0.1200000000000001	0.36999999999999966	0.05714285714285716	0.058840500022933465	0.18689306313144138	0.36999999999999966	0.004436945884737397	0.004427704590379333	145.1856614291138				
2022-12-22 08:00:00	4000	2.04	1.98	1.98	2.04	BELL.MI	1.87	1.93	1.87	1.93	2.85	1.85	-1.0	-1.0	-1.0	-1	-1.0		0.0	-1.0		0.0		1.98													1.87								-1.0			2.47	-0.06	-0.06	0.34	-0.03	-0.03	0.17	2.48	0.34	0.0	0.0	269.64					1	-0.06	-0.06	-0.15	-0.03	-0.03	-0.05	-0.15	0.0	0.0	102.52					0.0	0.0	0.0	0.0	0.0	0.0	0.0	0.0	0.0	inf					0.0	0.0	0.0	0.0	0.0	0.0	0.0	0.0	0.0	inf					-0.06000000000000005	-0.06000000000000005	0.3099999999999996	-0.030303030303030276	-0.02985296314968113	0.15198444362757546	0.3099999999999996	0.004268342417970069	0.004258184154098066	131.3891505065567				
2022-12-23 08:00:00	2000	2.1	2.05	2.05	2.1	BELL.MI	1.93	1.98	1.93	1.98	2.85	1.85	-1.0	-1.0	-1.0	-1	-1.0		0.0	-1.0		0.0																							-1.0			2.47	-0.06	-0.06	0.28	-0.03	-0.03	0.13	2.48	0.28	0.0	0.0	238.8					1	-0.06	-0.06	-0.21	-0.03	-0.03	-0.07	-0.21	0.0	0.0	92.59					0.0	0.0	0.0	0.0	0.0	0.0	0.0	0.0	0.0	inf					0.0	0.0	0.0	0.0	0.0	0.0	0.0	0.0	0.0	inf					-0.06000000000000005	-0.06000000000000005	0.24999999999999956	-0.02941176470588247	-0.028987536873252406	0.11907060238107325	0.24999999999999956	0.004095499211125661	0.004084397057289468	119.20698671913766				
2022-12-27 08:00:00	1500	2.1	2.09	2.09	2.1	BELL.MI	1.97	1.98	1.97	1.98	2.85	1.85	-1.0	-1.0	-1.0	-1	-1.0		0.0	-1.0		0.0	2.1													1.98									-1.0			2.47	-0.0	-0.0	0.28	-0.0	-0.0	0.13	2.48	0.28	0.0	0.0	238.8					1	-0.0	-0.0	-0.21	-0.0	-0.0	-0.07	-0.21	0.0	0.0	92.59					0.0	0.0	0.0	0.0	0.0	0.0	0.0	0.0	0.0	inf					0.0	0.0	0.0	0.0	0.0	0.0	0.0	0.0	0.0	inf					-0.0	-0.0	0.24999999999999956	-0.0	-0.0	0.11907060238107325	0.24999999999999956	0.004095499211125661	0.004084397057289468	119.20698671913766				
2022-12-28 08:00:00	15500	2.06	2.0	2.06	2.03	BELL.MI	1.95	1.95	1.89	1.92	2.85	1.85	-1.0	-1.0	-1.0	-1	-1.0		0.0	-1.0		0.0																							-1.0			2.47	0.07	0.07	0.35	0.03	0.03	0.17	2.48	0.35	0.0	0.0	240.61					1	0.07	0.07	-0.14	0.03	0.03	-0.04	-0.14	0.0	0.0	94.77					-0.0	-0.0	0.0	-0.0	-0.0	0.0	0.0	-0.0	0.0	inf					-0.0	-0.0	0.0	-0.0	-0.0	0.0	0.0	-0.0	0.0	inf					0.07000000000000028	0.07000000000000028	0.31999999999999984	0.03333333333333344	0.03390155167568146	0.15765924384248953	0.31999999999999984	0.004366711624531115	0.004354962663601247	120.75499460844311				
2022-12-29 08:00:00	5500	2.06	1.98	2.02	2.0	BELL.MI	1.89	1.92	1.85	1.87	2.85	1.85	-1.0	-1.0	-1.0	-1	-1.0		0.0	-1.0		0.0															1.85								-1.0			2.47	0.03	0.03	0.38	0.01	0.01	0.19	2.48	0.38	0.0	0.0	241.33					1	0.03	0.03	-0.11	0.01	0.01	-0.03	-0.11	0.0	0.0	95.65					-0.0	-0.0	0.0	-0.0	-0.0	0.0	0.0	-0.0	0.0	inf					-0.0	-0.0	0.0	-0.0	-0.0	0.0	0.0	-0.0	0.0	inf					0.029999999999999805	0.029999999999999805	0.34999999999999964	0.01477832512315258	0.014888612493750524	0.17502413250012694	0.34999999999999964	0.004485820524481118	0.0044737817453555095	121.38703285363653				
2022-12-30 08:00:00	0	2.0	2.0	2.0	2.0	BELL.MI	1.9	1.9	1.9	1.9	2.85	1.85	-1.0	-1.0	-1.0	-1	-1.0		0.0	-1.0		0.0		2.0												1.9									-1.0			2.47	-0.0	-0.0	0.38	-0.0	-0.0	0.19	2.48	0.38	0.0	0.0	241.33					1	-0.0	-0.0	-0.11	-0.0	-0.0	-0.03	-0.11	0.0	0.0	95.65					0.0	0.0	0.0	0.0	0.0	0.0	0.0	0.0	0.0	inf					0.0	0.0	0.0	0.0	0.0	0.0	0.0	0.0	0.0	inf					-0.0	-0.0	0.34999999999999964	-0.0	-0.0	0.17502413250012694	0.34999999999999964	0.004485820524481118	0.0044737817453555095	121.38703285363653				
2023-01-02 08:00:00	0	2.0	2.0	2.0	2.0	BELL.MI	1.86	1.86	1.86	1.86	2.85	1.85	-1.0	-1.0	-1.0	-1	-1.0		0.0	-1.0		0.0																							-1.0			2.47	-0.0	-0.0	0.38	-0.0	-0.0	0.19	2.48	0.38	0.0	0.0	241.33					1	-0.0	-0.0	-0.11	-0.0	-0.0	-0.03	-0.11	0.0	0.0	95.65					0.0	0.0	0.0	0.0	0.0	0.0	0.0	0.0	0.0	inf					0.0	0.0	0.0	0.0	0.0	0.0	0.0	0.0	0.0	inf					-0.0	-0.0	0.34999999999999964	-0.0	-0.0	0.17502413250012694	0.34999999999999964	0.004485820524481118	0.0044737817453555095	121.38703285363653				
2023-01-03 08:00:00	500	2.02	2.02	2.02	2.02	BELL.MI	1.86	1.86	1.86	1.86	2.85	1.85	-1.0	-1.0	-1.0	-1	-1.0		0.0	-1.0		0.0																							-1.0			2.47	-0.02	-0.02	0.36	-0.01	-0.01	0.18	2.48	0.36	0.0	0.0	228.72					1	-0.02	-0.02	-0.13	-0.01	-0.01	-0.04	-0.13	0.0	0.0	90.31					0.0	0.0	0.0	0.0	0.0	0.0	0.0	0.0	0.0	inf					0.0	0.0	0.0	0.0	0.0	0.0	0.0	0.0	0.0	inf					-0.020000000000000018	-0.020000000000000018	0.3299999999999996	-0.010000000000000009	-0.009950330853168092	0.16339023019814536	0.3299999999999996	0.004342278926487293	0.004329592613074196	115.34772324650406				
2023-01-04 08:00:00	6500	2.05	2.02	2.02	2.05	BELL.MI	1.83	1.85	1.83	1.85	2.85	1.83	-1.0	-1.0	-1.0	-1	-1.0		0.0	-1.0		0.0															1.83		1.83						-1.0			2.47	-0.03	-0.03	0.33	-0.01	-0.01	0.16	2.48	0.33	0.0	0.0	213.43					1	-0.03	-0.03	-0.16	-0.01	-0.01	-0.05	-0.16	0.0	0.0	84.16					0.0	0.0	0.0	0.0	0.0	0.0	0.0	0.0	0.0	inf					0.0	0.0	0.0	0.0	0.0	0.0	0.0	0.0	0.0	inf					-0.029999999999999805	-0.029999999999999805	0.2999999999999998	-0.014851485148514865	-0.014742281737203431	0.14636500731719693	0.2999999999999998	0.0041862049703779575	0.00417276736536043	108.2600520066261				
2023-01-05 08:00:00	1500	2.13	2.09	2.09	2.1	BELL.MI	1.89	1.93	1.89	1.9	2.85	1.83	-1.0	-1.0	-1.0	-1	-1.0		0.0	-1.0		0.0	2.13													1.93									-1.0			2.47	-0.05	-0.05	0.28	-0.02	-0.02	0.13	2.48	0.28	0.0	0.0	193.57					1	-0.05	-0.05	-0.21	-0.02	-0.02	-0.07	-0.21	0.0	0.0	76.57					0.0	0.0	0.0	0.0	0.0	0.0	0.0	0.0	0.0	inf					0.0	0.0	0.0	0.0	0.0	0.0	0.0	0.0	0.0	inf					-0.050000000000000266	-0.050000000000000266	0.24999999999999956	-0.024390243902439046	-0.024097551579060524	0.11907060238107303	0.24999999999999956	0.00400566543728491	0.003991256326114412	99.29732351009356				
2023-01-06 08:00:00	0	2.1	2.1	2.1	2.1	BELL.MI	1.87	1.87	1.87	1.87	2.85	1.83	-1.0	-1.0	-1.0	-1	-1.0		0.0	-1.0		0.0		2.1													1.87								-1.0			2.47	-0.0	-0.0	0.28	-0.0	-0.0	0.13	2.48	0.28	0.0	0.0	193.57					1	-0.0	-0.0	-0.21	-0.0	-0.0	-0.07	-0.21	0.0	0.0	76.57					0.0	0.0	0.0	0.0	0.0	0.0	0.0	0.0	0.0	inf					0.0	0.0	0.0	0.0	0.0	0.0	0.0	0.0	0.0	inf					-0.0	-0.0	0.24999999999999956	-0.0	-0.0	0.11907060238107303	0.24999999999999956	0.00400566543728491	0.003991256326114412	99.29732351009356				
2023-01-09 08:00:00	3000	2.2	2.13	2.13	2.2	BELL.MI	1.89	1.95	1.89	1.95	2.85	1.83	-1.0	-1.0	-1.0	-1	-1.0		0.0	-1.0		0.0	2.2													1.95		1.95							-1.0			2.47	-0.1	-0.1	0.18	-0.05	-0.05	0.08	2.48	0.18	0.0	0.0	164.95					1	-0.1	-0.1	-0.31	-0.05	-0.05	-0.12	-0.31	0.0	0.0	65.93					0.0	0.0	0.0	0.0	0.0	0.0	0.0	0.0	0.0	inf					0.0	0.0	0.0	0.0	0.0	0.0	0.0	0.0	0.0	inf					-0.10000000000000009	-0.10000000000000009	0.14999999999999947	-0.04761904761904767	-0.04652001563489291	0.06820375681829693	0.14999999999999947	0.0037664924801420517	0.003750545991152876	86.4508583664238				
2023-01-10 08:00:00	2500	2.14	2.1	2.14	2.1	BELL.MI	1.9	1.9	1.86	1.86	2.85	1.83	-1.0	-1.0	-1.0	-1	-1.0		0.0	-1.0		0.0																							-1.0			2.47	0.1	0.1	0.28	0.05	0.05	0.13	2.48	0.28	0.0	0.0	167.61					1	0.1	0.1	-0.21	0.05	0.05	-0.07	-0.21	0.0	0.0	68.9					-0.0	-0.0	0.0	-0.0	-0.0	0.0	0.0	-0.0	0.0	inf					-0.0	-0.0	0.0	-0.0	-0.0	0.0	0.0	-0.0	0.0	inf					0.10000000000000009	0.10000000000000009	0.24999999999999956	0.045454545454545525	0.04652001563489293	0.11907060238107325	0.24999999999999956	0.004120044598967238	0.004102959150220631	88.6240986699861				
2023-01-11 08:00:00	0	2.1	2.1	2.1	2.1	BELL.MI	1.85	1.85	1.85	1.85	2.85	1.83	-1.0	-1.0	-1.0	-1	-1.0		0.0	-1.0		0.0		2.1																					-1.0			2.47	-0.0	-0.0	0.28	-0.0	-0.0	0.13	2.4	0.28	0.0	0.0	167.61					1	-0.0	-0.0	-0.21	-0.0	-0.0	-0.07	-0.21	0.0	0.0	68.9					0.0	0.0	0.0	0.0	0.0	0.0	0.0	0.0	0.0	inf					0.0	0.0	0.0	0.0	0.0	0.0	0.0	0.0	0.0	inf					-0.0	-0.0	0.24999999999999956	-0.0	-0.0	0.11907060238107325	0.24999999999999956	0.004120044598967238	0.004102959150220631	88.6240986699861				
2023-01-12 08:00:00	1000	2.1	2.1	2.1	2.1	BELL.MI	1.83	1.83	1.83	1.83	2.85	1.83	-1.0	-1.0	-1.0	-1	-1.0	-1.0	1.0	-1.0	-1.0	1.0															1.83								-1.0			2.47	-0.0	-0.0	0.28	-0.0	-0.0	0.13	2.3	0.28	0.0	0.0	167.61					1	-0.0	-0.0	-0.21	-0.0	-0.0	-0.07	-0.21	0.0	0.0	68.9					0.0	0.0	0.0	0.0	0.0	0.0	0.0	0.0	0.0	inf					0.0	0.0	0.0	0.0	0.0	0.0	0.0	0.0	0.0	inf					-0.0	-0.0	0.24999999999999956	-0.0	-0.0	0.11907060238107325	0.24999999999999956	0.004120044598967238	0.004102959150220631	88.6240986699861				
2023-01-13 08:00:00	2000	2.15	2.1	2.15	2.1	BELL.MI	1.87	1.87	1.83	1.83	2.85	1.83	-1.0	-1.0	-1.0	-1	-1.0	-1.0	1.0	-1.0	-1.0	1.0																							-1.0			2.47	-0.0	-0.0	0.28	-0.0	-0.0	0.13	2.24	0.28	0.0	0.0	167.61					1	-0.0	-0.0	-0.21	-0.0	-0.0	-0.07	-0.21	0.0	0.0	68.9					0.0	0.0	0.0	0.0	0.0	0.0	0.0	0.0	0.0	inf					0.0	0.0	0.0	0.0	0.0	0.0	0.0	0.0	0.0	inf					-0.0	-0.0	0.24999999999999956	-0.0	-0.0	0.11907060238107325	0.24999999999999956	0.004120044598967238	0.004102959150220631	88.6240986699861				
2023-01-16 08:00:00	500	2.15	2.15	2.15	2.15	BELL.MI	1.87	1.87	1.87	1.87	2.85	1.83	-1.0	-1.0	-1.0	-1	-1.0	-1.0	1.0	-1.0	-1.0	1.0																							-1.0			2.47	-0.05	-0.05	0.23	-0.02	-0.02	0.11	2.2	0.23	0.0	0.0	153.33					1	-0.05	-0.05	-0.26	-0.02	-0.02	-0.1	-0.26	0.0	0.0	62.57					0.05	0.05	0.05	0.02	0.02	0.02	0.05	0.0	0.0	inf					0.05	0.05	0.05	0.02	0.02	0.02	0.05	0.0	0.0	inf					-0.04999999999999982	-0.04999999999999982	0.19999999999999973	-0.023809523809523725	-0.023530497410194036	0.09304570465128092	0.19999999999999973	0.003924389432695659	0.003906215329028795	81.36624836115772				
2023-01-17 08:00:00	2000	2.18	2.15	2.15	2.18	BELL.MI	1.86	1.89	1.86	1.89	2.85	1.83	-1.0	-1.0	-1.0	-1	-1.0	-1.0	1.0	-1.0	-1.0	1.0																							-1.0			2.47	-0.03	-0.03	0.2	-0.01	-0.01	0.09	2.2	0.2	0.0	0.0	143.87					1	-0.03	-0.03	-0.29	-0.01	-0.01	-0.11	-0.29	0.0	0.0	57.78					0.03	0.03	0.08	0.01	0.01	0.04	0.08	0.0	0.0	inf					0.03	0.03	0.08	0.01	0.01	0.04	0.08	0.0	0.0	inf					-0.03000000000000025	-0.03000000000000025	0.16999999999999948	-0.013953488372093092	-0.013857034661426279	0.07800379128451995	0.16999999999999948	0.0037491791700888385	0.0037301562741138827	76.11443491125672				
2023-01-18 08:00:00	1000	2.21	2.2	2.21	2.2	BELL.MI	1.91	1.91	1.9	1.9	2.85	1.83	-1.0	-1.0	-1.0	0	-1.0	-1.0	1.0	-1.0	-1.0	1.0	2.21		2.21											1.91									-1.0			2.47	-0.02	-0.02	0.18	-0.01	-0.01	0.08	2.21	0.18	0.0	0.0	136.55					1	-0.02	-0.02	-0.31	-0.01	-0.01	-0.12	-0.31	0.0	0.0	53.7					0.02	0.02	0.1	0.01	0.01	0.05	0.1	0.0	0.0	inf					0.02	0.02	0.1	0.01	0.01	0.05	0.1	0.0	0.0	inf					-0.020000000000000018	-0.020000000000000018	0.14999999999999947	-0.00917431192660545	-0.009132483563272474	0.06820375681829716	0.14999999999999947	0.0035839537885147465	0.0035642120388101883	71.77482226669201				
2023-01-19 08:00:00	31500	2.3	2.1	2.22	2.11	BELL.MI	1.95	2.02	1.84	1.85	2.85	1.83	-1.0	-1.0	1.0	0	-1.0	-1.0	1.0	-1.0	-1.0	1.0																							-1.0			2.47	0.09	0.09	0.27	0.04	0.04	0.13	2.3	0.27	0.0	0.0	138.97					1	-0.0	-0.0	-0.31	-0.0	-0.0	-0.12	-0.31	0.0	0.0	53.7					-0.09	-0.09	0.01	-0.04	-0.04	0.0	0.01	0.0	0.0	2348.66					-0.09	-0.09	0.01	-0.04	-0.04	0.0	0.01	0.0	0.0	2348.66					0.0900000000000003	0.0900000000000003	0.23999999999999977	0.040909090909091006	0.04176941287629514	0.11376695023708727	0.23999999999999977	0.0038888705025117015	0.003867949561300099	73.72225242083448				
2023-01-20 08:00:00	3000	2.19	2.12	2.12	2.19	BELL.MI	1.85	1.91	1.85	1.91	2.85	1.83	-1.0	-1.0	1.0	0	-1.0	-1.0	1.0	-1.0	-1.0	1.0																							-1.0			2.47	-0.08	-0.08	0.19	-0.04	-0.04	0.09	2.3	0.19	0.0	0.0	122.88					1	0.0	0.0	-0.31	0.0	0.0	-0.12	-0.31	0.0	0.0	53.7					0.08	0.08	0.09	0.04	0.04	0.04	0.09	0.0	0.0	2358.21					0.08	0.08	0.09	0.04	0.04	0.04	0.09	0.0	0.0	2358.21					-0.08000000000000007	-0.08000000000000007	0.1599999999999997	-0.03791469194312791	-0.03721359634043427	0.07308139954349513	0.1599999999999997	0.003639014567161274	0.0036165048742082817	65.37816848956852				
2023-01-23 08:00:00	1500	2.17	2.11	2.11	2.17	BELL.MI	1.84	1.89	1.84	1.89	2.85	1.83	-1.0	-1.0	1.0	0	-1.0	-1.0	1.0	-1.0	-1.0	1.0																							-1.0			2.47	0.02	0.02	0.21	0.01	0.01	0.1	2.3	0.21	0.0	0.0	123.39					1	-0.0	-0.0	-0.31	-0.0	-0.0	-0.12	-0.31	0.0	0.0	53.7					-0.02	-0.02	0.07	-0.01	-0.01	0.03	0.07	0.0	0.0	1899.8					-0.02	-0.02	0.07	-0.01	-0.01	0.03	0.07	0.0	0.0	1899.8					0.020000000000000018	0.020000000000000018	0.17999999999999972	0.0091324200913242	0.00917437627604127	0.0829715506913613	0.17999999999999972	0.0037050700763487706	0.0036822839289971654	65.79319450007532				
2023-01-24 08:00:00	1500	2.15	2.11	2.11	2.15	BELL.MI	1.83	1.87	1.83	1.87	2.85	1.83	-1.0	-1.0	1.0	0	-1.0	-1.0	1.0	-1.0	-1.0	1.0		2.11													1.83								-1.0			2.47	0.02	0.02	0.23	0.01	0.01	0.11	2.3	0.23	0.0	0.0	123.9					1	-0.0	-0.0	-0.31	-0.0	-0.0	-0.12	-0.31	0.0	0.0	53.7					-0.02	-0.02	0.05	-0.01	-0.01	0.02	0.05	0.0	0.0	1575.38					-0.02	-0.02	0.05	-0.01	-0.01	0.02	0.05	0.0	0.0	1575.38					0.020000000000000018	0.020000000000000018	0.19999999999999973	0.009216589861751112	0.009259325412796712	0.09304570465128092	0.19999999999999973	0.0037717372193209068	0.0037486703579541203	66.20241896529413				
2023-01-25 08:00:00	2000	2.15	2.15	2.15	2.15	BELL.MI	1.87	1.87	1.87	1.87	2.85	1.83	-1.0	-1.0	1.0	0	-1.0	-1.0	1.0	-1.0	-1.0	1.0																							-1.0			2.47	-0.0	-0.0	0.23	-0.0	-0.0	0.11	2.3	0.23	0.0	0.0	123.9					1	0.0	0.0	-0.31	0.0	0.0	-0.12	-0.31	0.0	0.0	53.7					0.0	0.0	0.05	0.0	0.0	0.02	0.05	0.0	0.0	1575.38					0.0	0.0	0.05	0.0	0.0	0.02	0.05	0.0	0.0	1575.38					-0.0	-0.0	0.19999999999999973	-0.0	-0.0	0.09304570465128092	0.19999999999999973	0.0037717372193209068	0.0037486703579541203	66.20241896529413				
2023-01-26 08:00:00	1000	2.2	2.2	2.2	2.2	BELL.MI	1.89	1.89	1.89	1.89	2.85	1.83	-1.0	-1.0	1.0	0	-1.0	-1.0	1.0	-1.0	-1.0	1.0	2.2													1.89									-1.0			2.47	-0.05	-0.05	0.18	-0.02	-0.02	0.08	2.3	0.18	0.0	0.0	113.65					1	0.0	0.0	-0.31	0.0	0.0	-0.12	-0.31	0.0	0.0	53.7					0.05	0.05	0.1	0.02	0.02	0.05	0.1	0.0	0.0	1583.1					0.05	0.05	0.1	0.02	0.02	0.05	0.1	0.0	0.0	1583.1					-0.050000000000000266	-0.050000000000000266	0.14999999999999947	-0.023255813953488413	-0.02298951822469878	0.06820375681829716	0.14999999999999947	0.0035538450210691403	0.003529562438772116	60.42583789653089				
2023-01-27 08:00:00	5000	2.2	2.18	2.19	2.18	BELL.MI	1.86	1.87	1.85	1.85	2.85	1.83	-1.0	-1.0	1.0	0	-1.0	-1.0	1.0	-1.0	-1.0	1.0																							-1.0			2.47	0.02	0.02	0.2	0.01	0.01	0.09	2.3	0.2	0.0	0.0	114.16					1	-0.0	-0.0	-0.31	-0.0	-0.0	-0.12	-0.31	0.0	0.0	62.78					-0.02	-0.02	0.08	-0.01	-0.01	0.04	0.08	0.0	0.0	1347.09					-0.02	-0.02	0.08	-0.01	-0.01	0.04	0.08	0.0	0.0	1347.09					0.020000000000000018	0.020000000000000018	0.16999999999999948	0.00909090909090915	0.009132483563272587	0.07800379128452017	0.16999999999999948	0.0036186856543683763	0.003594114276287641	60.83437640371363				
2023-01-30 08:00:00	1500	2.13	2.13	2.13	2.13	BELL.MI	1.82	1.82	1.82	1.82	2.85	1.82	-1.0	-1.0	-1.0	0	-1.0	-1.0	1.0	-1.0	-1.0	1.0																							-1.0			2.47	0.05	0.05	0.25	0.02	0.02	0.12	2.3	0.25	0.0	0.0	115.37					1	-0.0	-0.0	-0.31	-0.0	-0.0	-0.12	-0.31	0.0	0.0	62.78					-0.05	-0.05	0.03	-0.02	-0.02	0.01	0.03	0.0	0.0	979.75					-0.05	-0.05	0.03	-0.02	-0.02	0.01	0.03	0.0	0.0	979.75					0.050000000000000266	0.050000000000000266	0.21999999999999975	0.022935779816513846	0.023202897079663984	0.10330904460105828	0.21999999999999975	0.00378342622363399	0.003758113474879199	61.83205469952975				
2023-01-31 08:00:00	2500	2.13	2.08	2.13	2.08	BELL.MI	1.8	1.8	1.76	1.76	2.85	1.76	-1.0	-1.0	-1.0	0	-1.0	-1.0	1.0	-1.0	-1.0	1.0																							-1.0			2.47	0.05	0.05	0.3	0.02	0.02	0.14	2.3	0.3	0.0	0.0	116.53					1	-0.0	-0.0	-0.31	-0.0	-0.0	-0.12	-0.31	0.0	0.0	62.78					-0.05	-0.05	-0.02	-0.02	-0.02	-0.01	-0.02	0.0	0.0	752.09					-0.05	-0.05	-0.02	-0.02	-0.02	-0.01	-0.02	0.0	0.0	752.09					0.04999999999999982	0.04999999999999982	0.2699999999999996	0.023474178403755763	0.02375408600810703	0.12983089663473746	0.2699999999999996	0.00395208023429155	0.003925997166732698	62.79744889153363				
2023-02-01 08:00:00	20500	2.2	2.02	2.08	2.02	BELL.MI	1.75	1.85	1.7	1.7	2.85	1.7	-1.0	-1.0	-1.0	-1	-1.0	-1.0	1.0	-1.0	-1.0	1.0																							-1.0			2.47	0.06	0.06	0.36	0.03	0.03	0.18	2.3	0.36	0.0	0.0	117.84					1	-0.0	-0.0	-0.31	-0.0	-0.0	-0.12	-0.31	0.0	0.0	62.78					-0.06	-0.06	-0.08	-0.03	-0.03	-0.04	-0.08	0.0	0.0	573.31					-0.06	-0.06	-0.08	-0.03	-0.03	-0.04	-0.08	0.0	0.0	573.31					0.06000000000000005	0.06000000000000005	0.3299999999999996	0.028846153846153855	0.029270382300113224	0.16339023019814558	0.3299999999999996	0.004159899948622354	0.004132851905529034	63.91583542093863				
2023-02-02 08:00:00	500	2.06	2.06	2.06	2.06	BELL.MI	1.71	1.71	1.71	1.71	2.85	1.7	-1.0	-1.0	-1.0	-1	-1.0	-1.0	1.0	-1.0	-1.0	1.0																							-1.0			2.47	-0.04	-0.04	0.32	-0.02	-0.02	0.16	2.3	0.32	0.0	0.0	109.37					1	-0.04	-0.04	-0.35	-0.02	-0.02	-0.13	-0.35	0.0	0.0	65.12					0.04	0.04	-0.04	0.02	0.02	-0.02	-0.04	0.0	0.0	583.49					0.04	0.04	-0.04	0.02	0.02	-0.02	-0.04	0.0	0.0	583.49					-0.040000000000000036	-0.040000000000000036	0.2899999999999996	-0.01980198019801982	-0.019608471388376337	0.14080012864089997	0.2899999999999996	0.0039390170023395	0.003910757118078534	58.948565590399305				
2023-02-03 08:00:00	7000	2.03	2.0	2.03	2.02	BELL.MI	1.69	1.69	1.67	1.68	2.85	1.67	-1.0	-1.0	-1.0	-1	-1.0	-1.0	1.0	-1.0	-1.0	1.0																							-1.0			2.47	0.04	0.04	0.36	0.02	0.02	0.18	2.3	0.36	0.0	0.0	110.23					1	0.04	0.04	-0.31	0.02	0.02	-0.12	-0.31	0.0	0.0	66.34					-0.04	-0.04	-0.08	-0.02	-0.02	-0.04	-0.08	0.0	0.0	493.67					-0.04	-0.04	-0.08	-0.02	-0.02	-0.04	-0.08	0.0	0.0	493.67					0.040000000000000036	0.040000000000000036	0.3299999999999996	0.01941747572815533	0.019608471388376313	0.16339023019814558	0.3299999999999996	0.004076276302058136	0.004047339130873295	59.68178280351047				
2023-02-06 08:00:00	1500	2.01	2.01	2.01	2.01	BELL.MI	1.67	1.67	1.67	1.67	2.85	1.67	-1.0	-1.0	-1.0	-1	-1.0	-1.0	1.0	-1.0	-1.0	1.0		2.01		2.01		2.01									1.67		1.67						-1.0			2.47	0.01	0.01	0.37	0.0	0.0	0.18	2.3	0.37	0.0	0.0	110.44					1	0.01	0.01	-0.3	0.0	0.0	-0.11	-0.3	0.0	0.0	66.64					-0.01	-0.01	-0.09	-0.0	-0.0	-0.04	-0.09	0.0	0.0	463.63					-0.01	-0.01	-0.09	-0.0	-0.0	-0.04	-0.09	0.0	0.0	463.63					0.010000000000000231	0.010000000000000231	0.33999999999999986	0.004950495049505066	0.004962789342129125	0.16917824129365888	0.33999999999999986	0.0041110158274530375	0.00408190597623026	59.86234796719155				
2023-02-07 08:00:00	4000	2.06	2.04	2.04	2.06	BELL.MI	1.69	1.71	1.69	1.71	2.85	1.67	-1.0	-1.0	-1.0	-1	-1.0	-1.0	1.0	-1.0	-1.0	1.0																							-1.0			2.47	-0.05	-0.05	0.32	-0.02	-0.02	0.16	2.3	0.32	0.0	0.0	101.34					1	-0.05	-0.05	-0.35	-0.02	-0.02	-0.13	-0.35	0.0	0.0	60.13					0.05	0.05	-0.04	0.02	0.02	-0.02	-0.04	0.0	0.0	475.23					0.05	0.05	-0.04	0.02	0.02	-0.02	-0.04	0.0	0.0	475.23					-0.050000000000000266	-0.050000000000000266	0.2899999999999996	-0.024875621890547484	-0.024571260730505542	0.14080012864089997	0.2899999999999996	0.003868369413858858	0.0038378346793530582	54.55186976034753				
2023-02-08 08:00:00	6500	2.12	2.02	2.12	2.12	BELL.MI	1.75	1.75	1.67	1.75	2.85	1.67	-1.0	-1.0	-1.0	-1	-1.0	-1.0	1.0	-1.0	-1.0	1.0																							-1.0			2.47	-0.06	-0.06	0.26	-0.03	-0.03	0.12	2.3	0.26	0.0	0.0	92.01					1	-0.06	-0.06	-0.41	-0.03	-0.03	-0.16	-0.41	0.0	0.0	53.43					0.06	0.06	0.02	0.03	0.03	0.01	0.02	0.0	0.0	484.76					0.06	0.06	0.02	0.03	0.03	0.01	0.02	0.0	0.0	484.76					-0.06000000000000005	-0.06000000000000005	0.22999999999999954	-0.029126213592232997	-0.02871010588243136	0.10851333254728956	0.22999999999999954	0.0036075644436324153	0.003575433346200141	49.065218694468705				
2023-02-09 08:00:00	1500	2.14	2.13	2.13	2.14	BELL.MI	1.74	1.75	1.74	1.75	2.85	1.67	-1.0	-1.0	-1.0	-1	-1.0	-1.0	1.0	-1.0	-1.0	1.0																							-1.0			2.47	-0.02	-0.02	0.24	-0.01	-0.01	0.11	2.3	0.24	0.0	0.0	87.09					1	-0.02	-0.02	-0.43	-0.01	-0.01	-0.17	-0.43	0.0	0.0	48.86					0.02	0.02	0.04	0.01	0.01	0.02	0.04	0.0	0.0	487.25					0.02	0.02	0.04	0.01	0.01	0.02	0.04	0.0	0.0	487.25					-0.020000000000000018	-0.020000000000000018	0.20999999999999952	-0.009433962264151052	-0.009389740349839137	0.09815339485993158	0.20999999999999952	0.00340477465848704	0.0033717690616281715	45.77487381552359				
2023-02-10 08:00:00	0	2.14	2.14	2.14	2.14	BELL.MI	1.76	1.76	1.76	1.76	2.85	1.67	-1.0	-1.0	-1.0	-1	-1.0	-1.0	1.0	-1.0	-1.0	1.0																							-1.0			2.47	-0.0	-0.0	0.24	-0.0	-0.0	0.11	2.3	0.24	0.0	0.0	87.09					1	-0.0	-0.0	-0.43	-0.0	-0.0	-0.17	-0.43	0.0	0.0	48.28					0.0	0.0	0.04	0.0	0.0	0.02	0.04	0.0	0.0	487.25					0.0	0.0	0.04	0.0	0.0	0.02	0.04	0.0	0.0	487.25					-0.0	-0.0	0.20999999999999952	-0.0	-0.0	0.09815339485993158	0.20999999999999952	0.00340477465848704	0.0033717690616281715	45.77487381552359				
2023-02-13 08:00:00	8000	2.25	2.14	2.14	2.14	BELL.MI	1.75	1.84	1.75	1.75	2.85	1.67	-1.0	-1.0	-1.0	-1	-1.0	-1.0	1.0	-1.0	-1.0	1.0																							-1.0			2.47	-0.0	-0.0	0.24	-0.0	-0.0	0.11	2.3	0.24	0.0	0.0	87.09					1	-0.0	-0.0	-0.43	-0.0	-0.0	-0.17	-0.43	0.0	0.0	54.92					0.0	0.0	0.04	0.0	0.0	0.02	0.04	0.0	0.0	487.25					0.0	0.0	0.04	0.0	0.0	0.02	0.04	0.0	0.0	487.25					-0.0	-0.0	0.20999999999999952	-0.0	-0.0	0.09815339485993158	0.20999999999999952	0.003671052117120734	0.0036396623376662163	51.186302876617326				
2023-02-14 08:00:00	1500	2.24	2.22	2.22	2.24	BELL.MI	1.81	1.83	1.81	1.83	2.85	1.67	-1.0	-1.0	-1.0	-1	-1.0	-1.0	1.0	-1.0	-1.0	1.0	2.24													1.83									-1.0			2.47	-0.1	-0.1	0.14	-0.05	-0.05	0.06	2.3	0.14	0.0	0.0	75.8					1	-0.1	-0.1	-0.53	-0.05	-0.05	-0.2	-0.53	0.0	0.0	46.3					0.1	0.1	0.14	0.05	0.05	0.07	0.14	0.0	0.0	496.52					0.1	0.1	0.14	0.05	0.05	0.07	0.14	0.0	0.0	496.52					-0.10000000000000009	-0.10000000000000009	0.10999999999999943	-0.04672897196261694	-0.04567003683318848	0.04912868973225604	0.10999999999999943	0.003350521343376815	0.0033168814177029216	44.15680178017213				
2023-02-15 08:00:00	10000	2.27	2.13	2.27	2.15	BELL.MI	1.85	1.85	1.74	1.75	2.85	1.67	-1.0	-1.0	-1.0	-1	-1.0	-1.0	1.0	-1.0	-1.0	1.0		2.13																					-1.0			2.47	0.09	0.09	0.23	0.04	0.04	0.11	2.3	0.23	0.0	0.0	77.74					1	0.09	0.09	-0.44	0.04	0.04	-0.17	-0.44	0.0	0.0	55.26					-0.09	-0.09	0.05	-0.04	-0.04	0.02	0.05	0.0	0.0	383.64					-0.09	-0.09	0.05	-0.04	-0.04	0.02	0.05	0.0	0.0	383.64					0.0900000000000003	0.0900000000000003	0.19999999999999973	0.04017857142857151	0.041008023727377135	0.0930457046512807	0.19999999999999973	0.003434998623054865	0.0034008723898024673	44.6518183226104				
2023-02-16 08:00:00	13000	2.32	2.15	2.22	2.15	BELL.MI	1.79	1.87	1.73	1.73	2.85	1.67	-1.0	-1.0	-1.0	0	-1.0	-1.0	1.0	-1.0	-1.0	1.0	2.32																						-1.0			2.47	-0.0	-0.0	0.23	-0.0	-0.0	0.11	2.32	0.23	0.0	0.0	77.74					1	-0.0	-0.0	-0.44	-0.0	-0.0	-0.17	-0.44	0.0	0.0	55.26					0.0	0.0	0.05	0.0	0.0	0.02	0.05	0.0	0.0	383.64					0.0	0.0	0.05	0.0	0.0	0.02	0.05	0.0	0.0	383.64					-0.0	-0.0	0.19999999999999973	-0.0	-0.0	0.0930457046512807	0.19999999999999973	0.003434998623054865	0.0034008723898024673	44.6518183226104				
2023-02-17 08:00:00	500	2.18	2.18	2.18	2.18	BELL.MI	1.77	1.77	1.77	1.77	2.85	1.67	-1.0	-1.0	-1.0	0	-1.0	-1.0	1.0	-1.0	-1.0	1.0															1.77								-1.0			2.47	-0.03	-0.03	0.2	-0.01	-0.01	0.09	2.32	0.2	0.0	0.0	72.65					1	0.0	0.0	-0.44	0.0	0.0	-0.17	-0.44	0.0	0.0	54.77					0.03	0.03	0.08	0.01	0.01	0.04	0.08	0.0	0.0	386.02					0.03	0.03	0.08	0.01	0.01	0.04	0.08	0.0	0.0	386.02					-0.03000000000000025	-0.03000000000000025	0.16999999999999948	-0.013953488372093092	-0.013857034661426279	0.07800379128451995	0.16999999999999948	0.00341577657527313	0.003381422507402476	44.09374328718635				
2023-02-20 08:00:00	0	2.18	2.18	2.18	2.18	BELL.MI	1.78	1.78	1.78	1.78	2.85	1.67	-1.0	-1.0	-1.0	0	-1.0	-1.0	1.0	-1.0	-1.0	1.0																							-1.0			2.47	-0.0	-0.0	0.2	-0.0	-0.0	0.09	2.32	0.2	0.0	0.0	72.65					1	0.0	0.0	-0.44	0.0	0.0	-0.17	-0.44	0.0	0.0	54.77					0.0	0.0	0.08	0.0	0.0	0.04	0.08	0.0	0.0	386.02					0.0	0.0	0.08	0.0	0.0	0.04	0.08	0.0	0.0	386.02					-0.0	-0.0	0.16999999999999948	-0.0	-0.0	0.07800379128451995	0.16999999999999948	0.00341577657527313	0.003381422507402476	44.09374328718635				
2023-02-21 08:00:00	0	2.18	2.18	2.18	2.18	BELL.MI	1.79	1.79	1.79	1.79	2.81	1.67	-1.0	-1.0	-1.0	0	-1.0	-1.0	1.0	-1.0	-1.0	1.0																							-1.0			2.47	-0.0	-0.0	0.2	-0.0	-0.0	0.09	2.32	0.2	0.0	0.0	72.65					1	0.0	0.0	-0.44	0.0	0.0	-0.17	-0.44	0.0	0.0	65.88					0.0	0.0	0.08	0.0	0.0	0.04	0.08	0.0	0.0	386.02					0.0	0.0	0.08	0.0	0.0	0.04	0.08	0.0	0.0	386.02					-0.0	-0.0	0.16999999999999948	-0.0	-0.0	0.07800379128451995	0.16999999999999948	0.003022317158987488	0.0029902061861053486	41.6651621288491				
2023-02-22 08:00:00	0	2.18	2.18	2.18	2.18	BELL.MI	1.81	1.81	1.81	1.81	2.81	1.67	-1.0	-1.0	-1.0	0	-1.0	-1.0	1.0	-1.0	-1.0	1.0														1.81									-1.0			2.47	-0.0	-0.0	0.2	-0.0	-0.0	0.09	2.32	0.2	0.0	0.0	72.65					1	0.0	0.0	-0.44	0.0	0.0	-0.17	-0.44	0.0	0.0	61.8					0.0	0.0	0.08	0.0	0.0	0.04	0.08	0.0	0.0	386.02					0.0	0.0	0.08	0.0	0.0	0.04	0.08	0.0	0.0	386.02					-0.0	-0.0	0.16999999999999948	-0.0	-0.0	0.07800379128451995	0.16999999999999948	0.0033935248532402295	0.003364216686399857	50.56457577216445				
2023-02-23 08:00:00	2000	2.14	2.11	2.11	2.14	BELL.MI	1.74	1.76	1.74	1.76	2.81	1.67	-1.0	-1.0	-1.0	0	-1.0	-1.0	1.0	-1.0	-1.0	1.0		2.11													1.74								-1.0			2.47	0.04	0.04	0.24	0.02	0.02	0.11	2.32	0.24	0.0	0.0	73.49					1	-0.0	-0.0	-0.44	-0.0	-0.0	-0.17	-0.44	0.0	0.0	61.21					-0.04	-0.04	0.04	-0.02	-0.02	0.02	0.04	0.0	0.0	343.27					-0.04	-0.04	0.04	-0.02	-0.02	0.02	0.04	0.0	0.0	343.27					0.040000000000000036	0.040000000000000036	0.20999999999999952	0.01834862385321101	0.018519047767237527	0.09815339485993135	0.20999999999999952	0.003710590572630685	0.003681416869380394	54.70211264318088				
2023-02-24 08:00:00	5500	2.22	2.13	2.15	2.2	BELL.MI	1.79	1.85	1.77	1.83	2.81	1.67	-1.0	-1.0	-1.0	0	-1.0	-1.0	1.0	-1.0	-1.0	1.0																							-1.0			2.47	-0.06	-0.06	0.18	-0.03	-0.03	0.08	2.32	0.18	0.0	0.0	66.55					1	0.0	0.0	-0.44	0.0	0.0	-0.17	-0.44	0.0	0.0	64.95					0.06	0.06	0.1	0.03	0.03	0.05	0.1	0.0	0.0	347.7					0.06	0.06	0.1	0.03	0.03	0.05	0.1	0.0	0.0	347.7					-0.06000000000000005	-0.06000000000000005	0.14999999999999947	-0.028037383177570208	-0.027651531330510164	0.06820375681829693	0.14999999999999947	0.00342928726863029	0.0033987516793267947	49.02490031205011				
2023-02-27 08:00:00	1000	2.24	2.2	2.2	2.24	BELL.MI	1.8	1.83	1.8	1.83	2.81	1.67	-1.0	-1.0	-1.0	0	-1.0	-1.0	1.0	-1.0	-1.0	1.0																							-1.0			2.47	-0.04	-0.04	0.14	-0.02	-0.02	0.06	2.32	0.14	0.0	0.0	61.33					1	0.0	0.0	-0.44	0.0	0.0	-0.17	-0.44	0.0	0.0	64.95					0.04	0.04	0.14	0.02	0.02	0.07	0.14	0.0	0.0	350.14					0.04	0.04	0.14	0.02	0.02	0.07	0.14	0.0	0.0	350.14					-0.040000000000000036	-0.040000000000000036	0.10999999999999943	-0.0181818181818183	-0.01801850550267843	0.04912868973225559	0.10999999999999943	0.0032023485887703223	0.003170649214887744	44.76713163885014				
2023-02-28 08:00:00	4000	2.33	2.24	2.24	2.32	BELL.MI	1.83	1.91	1.83	1.9	2.81	1.67	-1.0	-1.0	1.0	1	-1.0	-1.0	1.0	-1.0	-1.0	1.0																							-1.0			2.47	-0.08	-0.08	0.06	-0.04	-0.04	0.03	2.33	0.06	0.0	0.0	54.16					1	0.0	0.0	-0.44	0.0	0.0	-0.17	-0.44	0.0	0.0	63.13					0.08	0.08	0.22	0.04	0.04	0.1	0.22	0.0	0.0	354.12					0.08	0.08	0.22	0.04	0.04	0.1	0.22	0.0	0.0	354.12					-0.07999999999999963	-0.07999999999999963	0.029999999999999805	-0.03571428571428559	-0.03509131981126998	0.012951838362178059	0.029999999999999805	0.003168032854941357	0.003135940965318884	43.72874598532666				
2023-03-01 08:00:00	10500	2.36	2.27	2.27	2.36	BELL.MI	1.87	1.94	1.87	1.94	2.81	1.67	-1.0	-1.0	1.0	1	-1.0	-1.0	1.0	-1.0	-1.0	1.0														1.94									-1.0			2.47	-0.04	-0.04	0.02	-0.02	-0.02	0.01	2.36	0.02	0.0	0.0	49.55					1	0.04	0.04	-0.4	0.02	0.02	-0.15	-0.4	0.0	0.0	74.45					0.04	0.04	0.26	0.02	0.02	0.12	0.26	0.0	0.0	355.77					0.04	0.04	0.26	0.02	0.02	0.12	0.26	0.0	0.0	355.77					-0.040000000000000036	-0.040000000000000036	-0.010000000000000231	-0.01724137931034475	-0.01709443335930004	-0.004216836864299522	-0.010000000000000231	0.0026701672847125667	0.0026384906303611455	37.86674059352686				
2023-03-02 08:00:00	2000	2.36	2.28	2.28	2.36	BELL.MI	1.87	1.94	1.87	1.94	2.81	1.67	-1.0	-1.0	1.0	1	-1.0	-1.0	1.0	-1.0	-1.0	1.0																							-1.0			2.47	-0.0	-0.0	0.02	-0.0	-0.0	0.01	2.36	0.02	0.0	0.0	49.55					1	0.0	0.0	-0.4	0.0	0.0	-0.15	-0.4	0.0	0.0	74.45					0.0	0.0	0.26	0.0	0.0	0.12	0.26	0.0	0.0	355.77					0.0	0.0	0.26	0.0	0.0	0.12	0.26	0.0	0.0	355.77					-0.0	-0.0	-0.010000000000000231	-0.0	-0.0	-0.004216836864299522	-0.010000000000000231	0.0026701672847125667	0.0026384906303611455	37.86674059352686				
2023-03-03 08:00:00	1000	2.35	2.35	2.35	2.35	BELL.MI	1.9	1.9	1.9	1.9	2.79	1.67	-1.0	-1.0	1.0	1	-1.0	-1.0	1.0	-1.0	-1.0	1.0	2.35																						-1.0			2.47	0.01	0.01	0.03	0.0	0.0	0.01	2.36	0.03	0.0	0.0	49.76					1	-0.01	-0.01	-0.41	-0.0	-0.0	-0.16	-0.41	0.0	0.0	81.11					-0.01	-0.01	0.25	-0.0	-0.0	0.12	0.25	0.0	0.0	341.57					-0.01	-0.01	0.25	-0.0	-0.0	0.12	0.25	0.0	0.0	341.57					0.009999999999999787	0.009999999999999787	-4.440892098500626e-16	0.004237288135593098	0.004246290881450985	2.0538297979877385e-05	-4.440892098500626e-16	0.002439336097718486	0.00240896029382065	36.09981237232774				
2023-03-06 08:00:00	1000	2.35	2.3	2.3	2.35	BELL.MI	1.85	1.89	1.85	1.89	2.72	1.67	-1.0	-1.0	1.0	1	-1.0	-1.0	1.0	-1.0	-1.0	1.0		2.3													1.85								-1.0			2.47	-0.0	-0.0	0.03	-0.0	-0.0	0.01	2.36	0.03	0.0	0.0	49.76					1	0.0	0.0	-0.41	0.0	0.0	-0.16	-0.41	0.0	0.0	81.11					0.0	0.0	0.25	0.0	0.0	0.12	0.25	0.0	0.0	341.57					0.0	0.0	0.25	0.0	0.0	0.12	0.25	0.0	0.0	341.57					-0.0	-0.0	-4.440892098500626e-16	-0.0	-0.0	2.0538297979877385e-05	-4.440892098500626e-16	0.002439336097718486	0.00240896029382065	36.09981237232774				
2023-03-07 08:00:00	500	2.36	2.36	2.36	2.36	BELL.MI	1.91	1.91	1.91	1.91	2.72	1.67	-1.0	-1.0	1.0	1	-1.0	-1.0	1.0	-1.0	-1.0	1.0																							-1.0			2.47	-0.01	-0.01	0.02	-0.0	-0.0	0.01	2.36	0.02	0.0	0.0	46.72					1	0.01	0.01	-0.4	0.0	0.0	-0.15	-0.4	0.0	0.0	81.4					0.01	0.01	0.26	0.0	0.0	0.12	0.26	0.0	0.0	341.99					0.01	0.01	0.26	0.0	0.0	0.12	0.26	0.0	0.0	341.99					-0.009999999999999787	-0.009999999999999787	-0.010000000000000231	-0.004255319148936065	-0.004246290881451004	-0.004216836864299522	-0.010000000000000231	0.0022600249450031983	0.0022290712415531377	33.27824184820154				
2023-03-08 08:00:00	15500	2.47	2.36	2.36	2.46	BELL.MI	1.9	1.99	1.9	1.98	2.72	1.67	-1.0	-1.0	1.0	1	-1.0	-1.0	1.0	-1.0	-1.0	1.0																							-1.0			2.47	-0.1	-0.1	-0.08	-0.04	-0.04	-0.03	2.47	-0.08	0.0	0.0	39.8					1	0.1	0.1	-0.3	0.04	0.04	-0.12	-0.3	0.0	0.0	84.08					0.1	0.1	0.36	0.04	0.04	0.17	0.36	0.0	0.0	345.61					0.1	0.1	0.36	0.04	0.04	0.17	0.36	0.0	0.0	345.61					-0.10000000000000009	-0.10000000000000009	-0.11000000000000032	-0.04237288135593231	-0.04149973090675284	-0.04469582723566956	-0.11000000000000032	0.0019457521500205349	0.001912800200536413	27.310461302598647				
2023-03-09 08:00:00	6500	2.57	2.48	2.5	2.55	BELL.MI	2.03	2.08	2.01	2.07	2.69	1.67	-1.0	1.0	1.0	1	-1.0	-1.0	1.0	-1.0	-1.0	1.0	2.57		2.57		2.57					-1.0			2.57										-1.0			2.47	-0.09	-0.09	-0.17	-0.04	-0.04	-0.07	2.57	-0.17	0.0	0.0	33.92					1	0.09	0.09	-0.21	0.04	0.04	-0.09	-0.21	0.0	0.0	86.13					0.09	0.09	0.45	0.04	0.04	0.21	0.45	0.0	0.0	348.18					0.09	0.09	0.45	0.04	0.04	0.21	0.45	0.0	0.0	348.18					-0.08999999999999986	-0.08999999999999986	-0.20000000000000018	-0.03658536585365857	-0.03593200922606337	-0.0784124450979401	-0.20000000000000018	0.001643779979075072	0.0016090045042158607	22.173920309059213				
2023-03-10 08:00:00	4000	2.55	2.44	2.51	2.5	BELL.MI	2.07	2.1	2.01	2.06	2.59	1.67	-1.0	1.0	1.0	1	-1.0	-1.0	1.0	-1.0	-1.0	1.0		2.44								-1.0			2.57										-1.0			2.47	0.05	0.05	-0.12	0.02	0.02	-0.05	2.57	-0.12	0.0	0.0	34.98					1	-0.05	-0.05	-0.26	-0.02	-0.02	-0.1	-0.26	0.0	0.0	79.21					-0.05	-0.05	0.4	-0.02	-0.02	0.19	0.4	0.0	0.0	312.54					-0.05	-0.05	0.4	-0.02	-0.02	0.19	0.4	0.0	0.0	312.54					0.04999999999999982	0.04999999999999982	-0.15000000000000036	0.019607843137254832	0.019802627296179643	-0.059980693999898915	-0.15000000000000036	0.0017685365310410044	0.0017329617968584454	23.282708245034996				
2023-03-13 08:00:00	4000	2.55	2.5	2.5	2.5	BELL.MI	2.15	2.19	2.15	2.15	2.59	1.67	-1.0	1.0	1.0	1	-1.0	-1.0	1.0	-1.0	-1.0	1.0										-1.0			2.57	2.19									-1.0			2.47	-0.0	-0.0	-0.12	-0.0	-0.0	-0.05	2.57	-0.12	0.0	0.0	34.98					1	0.0	0.0	-0.26	0.0	0.0	-0.1	-0.26	0.0	0.0	75.82					0.0	0.0	0.4	0.0	0.0	0.19	0.4	0.0	0.0	312.54					0.0	0.0	0.4	0.0	0.0	0.19	0.4	0.0	0.0	312.54					-0.0	-0.0	-0.15000000000000036	-0.0	-0.0	-0.059980693999898915	-0.15000000000000036	0.002142394073801652	0.0021094335945250897	30.003556285237217				
2023-03-14 08:00:00	1500	2.55	2.53	2.53	2.55	BELL.MI	2.12	2.14	2.12	2.14	2.59	1.67	-1.0	1.0	1.0	1	-1.0	-1.0	1.0	-1.0	-1.0	1.0	2.55									-1.0			2.57		2.12								-1.0			2.47	-0.05	-0.05	-0.17	-0.02	-0.02	-0.07	2.57	-0.17	0.0	0.0	30.86					1	0.05	0.05	-0.21	0.02	0.02	-0.09	-0.21	0.0	0.0	76.84					0.05	0.05	0.45	0.02	0.02	0.21	0.45	0.0	0.0	313.88					0.05	0.05	0.45	0.02	0.02	0.21	0.45	0.0	0.0	313.88					-0.04999999999999982	-0.04999999999999982	-0.20000000000000018	-0.020000000000000018	-0.01980262729617973	-0.0784124450979401	-0.20000000000000018	0.002085768586930893	0.0020521890339058046	28.690480252215373				
2023-03-15 08:00:00	2500	2.55	2.43	2.55	2.43	BELL.MI	2.24	2.24	2.14	2.14	2.59	1.67	-1.0	1.0	1.0	1	-1.0	-1.0	1.0	-1.0	-1.0	1.0		2.43		2.43						-1.0			2.57	2.24		2.24		2.24					-1.0			2.47	0.12	0.12	-0.05	0.05	0.05	-0.02	2.57	-0.05	0.0	0.0	33.31					1	-0.12	-0.12	-0.33	-0.05	-0.05	-0.13	-0.33	0.0	0.0	65.46					-0.12	-0.12	0.33	-0.05	-0.05	0.16	0.33	0.0	0.0	253.59					-0.12	-0.12	0.33	-0.05	-0.05	0.16	0.33	0.0	0.0	253.59					0.11999999999999966	0.11999999999999966	-0.08000000000000052	0.0470588235294116	0.04820210181787751	-0.03290194855956696	-0.08000000000000052	0.002394262038565308	0.0023587662645920826	31.111453690499594				
2023-03-16 08:00:00	2000	2.5	2.4	2.45	2.5	BELL.MI	2.12	2.17	2.08	2.17	2.59	1.67	-1.0	1.0	1.0	1	-1.0	-1.0	1.0	-1.0	-1.0	1.0										-1.0			2.57		2.08								-1.0			2.47	-0.07	-0.07	-0.12	-0.03	-0.03	-0.05	2.57	-0.12	0.0	0.0	28.69					1	0.07	0.07	-0.26	0.03	0.03	-0.1	-0.26	0.0	0.0	65.97					0.07	0.07	0.4	0.03	0.03	0.19	0.4	0.0	0.0	255.46					0.07	0.07	0.4	0.03	0.03	0.19	0.4	0.0	0.0	255.46					-0.06999999999999984	-0.06999999999999984	-0.15000000000000036	-0.028806584362139898	-0.028399474521697957	-0.05998069399989914	-0.15000000000000036	0.002113728651509447	0.0020766413758190883	26.610759013863763				
2023-03-17 08:00:00	0	2.5	2.5	2.5	2.5	BELL.MI	2.2	2.2	2.2	2.2	2.41	1.67	-1.0	1.0	1.0	1	-1.0	-1.0	1.0	-1.0	-1.0	1.0	2.5									-1.0			2.57	2.2									-1.0			2.47	-0.0	-0.0	-0.12	-0.0	-0.0	-0.05	2.57	-0.12	0.0	0.0	28.69					1	0.0	0.0	-0.26	0.0	0.0	-0.1	-0.26	0.0	0.0	70.33					0.0	0.0	0.4	0.0	0.0	0.19	0.4	0.0	0.0	255.46					0.0	0.0	0.4	0.0	0.0	0.19	0.4	0.0	0.0	255.46					-0.0	-0.0	-0.15000000000000036	-0.0	-0.0	-0.05998069399989914	-0.15000000000000036	0.0023218996204200978	0.002285581877606857	29.4999949403826				
2023-03-20 08:00:00	0	2.5	2.5	2.5	2.5	BELL.MI	2.17	2.17	2.17	2.17	2.4	1.67	-1.0	1.0	1.0	1	-1.0	-1.0	1.0	-1.0	-1.0	1.0										-1.0			2.57										-1.0			2.47	-0.0	-0.0	-0.12	-0.0	-0.0	-0.05	2.57	-0.12	0.0	0.0	28.69					1	0.0	0.0	-0.26	0.0	0.0	-0.1	-0.26	0.0	0.0	70.33					0.0	0.0	0.4	0.0	0.0	0.19	0.4	0.0	0.0	255.46					0.0	0.0	0.4	0.0	0.0	0.19	0.4	0.0	0.0	255.46					-0.0	-0.0	-0.15000000000000036	-0.0	-0.0	-0.05998069399989914	-0.15000000000000036	0.0023218996204200978	0.002285581877606857	29.4999949403826				
2023-03-21 08:00:00	500	2.46	2.46	2.46	2.46	BELL.MI	2.08	2.08	2.08	2.08	2.39	1.67	-1.0	1.0	1.0	1	-1.0	-1.0	1.0	-1.0	-1.0	1.0		2.46								-1.0			2.57		2.08								-1.0			2.47	0.04	0.04	-0.08	0.02	0.02	-0.03	2.57	-0.08	0.0	0.0	29.47					1	-0.04	-0.04	-0.3	-0.02	-0.02	-0.12	-0.3	0.0	0.0	64.74					-0.04	-0.04	0.36	-0.02	-0.02	0.17	0.36	0.0	0.0	235.77					-0.04	-0.04	0.36	-0.02	-0.02	0.17	0.36	0.0	0.0	235.77					0.040000000000000036	0.040000000000000036	-0.11000000000000032	0.016000000000000014	0.016129381929883644	-0.04469582723566978	-0.11000000000000032	0.0024251276647713534	0.0023881494497735023	30.25135912173468				
2023-03-22 08:00:00	500	2.47	2.47	2.47	2.47	BELL.MI	2.09	2.09	2.09	2.09	2.36	1.67	-1.0	1.0	1.0	1	-1.0	-1.0	1.0	-1.0	-1.0	1.0	2.47									-1.0			2.57	2.09									-1.0			2.47	-0.01	-0.01	-0.09	-0.0	-0.0	-0.04	2.57	-0.09	0.0	0.0	26.91					1	0.01	0.01	-0.29	0.0	0.0	-0.12	-0.29	0.0	0.0	65.0					0.01	0.01	0.37	0.0	0.0	0.18	0.37	0.0	0.0	236.03					0.01	0.01	0.37	0.0	0.0	0.18	0.37	0.0	0.0	236.03					-0.010000000000000231	-0.010000000000000231	-0.12000000000000055	-0.004065040650406582	-0.004056800695614469	-0.04856345546548502	-0.12000000000000055	0.0022310391655083125	0.0021934593293955196	27.705883990663423				
2023-03-23 08:00:00	24500	2.54	2.3	2.47	2.31	BELL.MI	2.1	2.16	1.95	1.96	2.34	1.67	-1.0	1.0	1.0	1	-1.0	-1.0	1.0	-1.0	-1.0	1.0										-1.0			2.57		1.95								-1.0			2.47	0.16	0.16	0.07	0.06	0.07	0.03	2.57	0.07	0.0	0.0	29.94					1	-0.16	-0.16	-0.45	-0.06	-0.07	-0.17	-0.45	0.0	0.0	51.55					-0.16	-0.16	0.21	-0.06	-0.07	0.1	0.21	0.0	0.0	184.86					-0.16	-0.16	0.21	-0.06	-0.07	0.1	0.21	0.0	0.0	184.86					0.16000000000000014	0.16000000000000014	0.03999999999999959	0.06477732793522273	0.06697062610618372	0.017336911255520393	0.03999999999999959	0.0025479516793204364	0.0025082449260527273	29.94363145014553				
2023-03-24 08:00:00	17500	2.42	2.29	2.36	2.35	BELL.MI	2.05	2.1	1.99	2.04	2.34	1.67	-1.0	1.0	1.0	1	-1.0	-1.0	1.0	-1.0	-1.0	1.0										-1.0			2.57	2.1									-1.0			2.47	-0.04	-0.04	0.03	-0.02	-0.02	0.01	2.57	0.03	0.0	0.0	25.76					1	0.04	0.04	-0.41	0.02	0.02	-0.16	-0.41	0.0	0.0	51.56					0.04	0.04	0.25	0.02	0.02	0.12	0.25	0.0	0.0	186.01					0.04	0.04	0.25	0.02	0.02	0.12	0.25	0.0	0.0	186.01					-0.040000000000000036	-0.040000000000000036	-4.440892098500626e-16	-0.017316017316017396	-0.017167803622365498	2.053829797965534e-05	-4.440892098500626e-16	0.0021931123898891276	0.0021529658998662438	25.760842281447864				
2023-03-27 07:00:00	7500	2.33	2.28	2.33	2.29	BELL.MI	2.0	2.0	1.96	1.96	2.32	1.67	-1.0	1.0	1.0	1	-1.0	-1.0	1.0	-1.0	-1.0	1.0										-1.0			2.57										-1.0			2.47	0.06	0.06	0.09	0.03	0.03	0.04	2.57	0.09	0.0	0.0	31.6					1	-0.06	-0.06	-0.47	-0.03	-0.03	-0.18	-0.47	0.0	0.0	52.56					-0.06	-0.06	0.19	-0.03	-0.03	0.09	0.19	0.0	0.0	167.84					-0.06	-0.06	0.19	-0.03	-0.03	0.09	0.19	0.0	0.0	167.84					0.06000000000000005	0.06000000000000005	0.05999999999999961	0.025531914893617058	0.02586351058991935	0.026221949781769505	0.05999999999999961	0.0026649701652136483	0.002625592176485947	31.596462427921196				
2023-03-28 07:00:00	35500	2.3	2.24	2.3	2.27	BELL.MI	1.96	1.96	1.91	1.94	2.3	1.67	-1.0	1.0	1.0	0	-1.0	-1.0	1.0	-1.0	-1.0	1.0		2.24								-1.0			2.57		1.91								-1.0			2.47	0.02	0.02	0.11	0.01	0.01	0.05	2.57	0.11	0.0	0.0	31.96					1	-0.02	-0.02	-0.49	-0.01	-0.01	-0.19	-0.49	0.0	0.0	48.54					-0.02	-0.02	0.17	-0.01	-0.01	0.08	0.17	0.0	0.0	159.22					-0.02	-0.02	0.17	-0.01	-0.01	0.08	0.17	0.0	0.0	159.22					0.020000000000000018	0.020000000000000018	0.07999999999999963	0.008733624454148492	0.008771986072836994	0.03526355286354721	0.07999999999999963	0.0027202336774725215	0.0026804804283062644	31.955493559900482				
2023-03-29 07:00:00	26000	2.49	2.37	2.47	2.4	BELL.MI	2.08	2.09	1.99	2.02	2.3	1.67	-1.0	1.0	1.0	0	-1.0	-1.0	1.0	-1.0	-1.0	1.0	2.49		2.49							-1.0			2.57	2.09									-1.0			2.47	-0.13	-0.13	-0.02	-0.06	-0.06	-0.01	2.57	-0.02	0.0	0.0	25.69					1	0.0	0.0	-0.49	0.0	0.0	-0.19	-0.49	0.0	0.0	48.54					0.13	0.13	0.3	0.06	0.06	0.14	0.3	0.0	0.0	162.86					0.13	0.13	0.3	0.06	0.06	0.14	0.3	0.0	0.0	162.86					-0.1299999999999999	-0.1299999999999999	-0.050000000000000266	-0.05726872246696035	-0.05568890586058863	-0.020813222916561624	-0.050000000000000266	0.002323977747964123	0.002281327607907002	25.694923777513154				
2023-03-30 07:00:00	26500	2.43	2.3	2.37	2.31	BELL.MI	1.97	2.02	1.91	1.92	2.3	1.67	-1.0	1.0	1.0	0	-1.0	-1.0	1.0	-1.0	-1.0	1.0										-1.0			2.57										-1.0			2.47	0.09	0.09	0.07	0.04	0.04	0.03	2.57	0.07	0.0	0.0	27.23					1	-0.0	-0.0	-0.49	-0.0	-0.0	-0.19	-0.49	0.0	0.0	48.54					-0.09	-0.09	0.21	-0.04	-0.04	0.1	0.21	0.0	0.0	142.56					-0.09	-0.09	0.21	-0.04	-0.04	0.1	0.21	0.0	0.0	142.56					0.08999999999999986	0.08999999999999986	0.03999999999999959	0.03749999999999998	0.03822121282019774	0.017336911255520393	0.03999999999999959	0.0025609492674493486	0.002516575603132676	27.225568250385876				
2023-03-31 07:00:00	20500	2.33	2.28	2.31	2.28	BELL.MI	1.91	1.93	1.89	1.89	2.3	1.67	-1.0	1.0	1.0	0	-1.0	-1.0	1.0	-1.0	-1.0	1.0										-1.0			2.57										-1.0			2.47	0.03	0.03	0.1	0.01	0.01	0.04	2.57	0.1	0.0	0.0	27.72					1	-0.0	-0.0	-0.49	-0.0	-0.0	-0.19	-0.49	0.0	0.0	48.54					-0.03	-0.03	0.18	-0.01	-0.01	0.09	0.18	0.0	0.0	133.72					-0.03	-0.03	0.18	-0.01	-0.01	0.09	0.18	0.0	0.0	133.72					0.03000000000000025	0.03000000000000025	0.06999999999999984	0.012987012987013102	0.013072081567352888	0.030722923245724676	0.06999999999999984	0.0026419961731669367	0.0025970252799438764	27.722386656146988				
2023-04-03 07:00:00	2500	2.22	2.22	2.22	2.22	BELL.MI	1.84	1.84	1.84	1.84	2.29	1.67	-1.0	1.0	-1.0	0	-1.0	-1.0	1.0	-1.0	-1.0	1.0										-1.0			2.57		1.84								-1.0			2.47	0.06	0.06	0.16	0.03	0.03	0.07	2.57	0.16	0.0	0.0	31.3					1	-0.0	-0.0	-0.49	-0.0	-0.0	-0.19	-0.49	0.0	0.0	52.49					-0.06	-0.06	0.12	-0.03	-0.03	0.06	0.12	0.0	0.0	120.8					-0.06	-0.06	0.12	-0.03	-0.03	0.06	0.12	0.0	0.0	120.8					0.05999999999999961	0.05999999999999961	0.12999999999999945	0.02631578947368407	0.02666824708216118	0.05858029954966315	0.12999999999999945	0.0030357952838526354	0.002990462251707404	31.30436231232249				
2023-04-04 07:00:00	1500	2.22	2.22	2.22	2.22	BELL.MI	1.85	1.85	1.85	1.85	2.29	1.67	-1.0	1.0	-1.0	0	-1.0	-1.0	1.0	-1.0	-1.0	1.0										-1.0			2.57	1.85									-1.0			2.47	-0.0	-0.0	0.16	-0.0	-0.0	0.07	2.57	0.16	0.0	0.0	33.64					1	0.0	0.0	-0.49	0.0	0.0	-0.19	-0.49	0.0	0.0	55.94					0.0	0.0	0.12	0.0	0.0	0.06	0.12	0.0	0.0	120.8					0.0	0.0	0.12	0.0	0.0	0.06	0.12	0.0	0.0	120.8					-0.0	-0.0	0.12999999999999945	-0.0	-0.0	0.05858029954966315	0.12999999999999945	0.003247699312815667	0.0032030751353431253	33.636025378876795				
2023-04-05 07:00:00	1500	2.18	2.14	2.18	2.14	BELL.MI	1.82	1.82	1.79	1.79	2.29	1.67	-1.0	1.0	-1.0	0	-1.0	-1.0	1.0	-1.0	-1.0	1.0		2.14		2.14						-1.0			2.57		1.79		1.79						-1.0			2.47	0.08	0.08	0.24	0.04	0.04	0.11	2.57	0.24	0.0	0.0	34.83					1	-0.0	-0.0	-0.49	-0.0	-0.0	-0.19	-0.49	0.0	0.0	55.94					-0.08	-0.08	0.04	-0.04	-0.04	0.02	0.04	0.0	0.0	106.21					-0.08	-0.08	0.04	-0.04	-0.04	0.02	0.04	0.0	0.0	106.21					0.08000000000000007	0.08000000000000007	0.20999999999999952	0.03603603603603611	0.03670136685042804	0.09815339485993091	0.20999999999999952	0.0034825880606584054	0.003436291380270351	34.831392641381726				
2023-04-06 07:00:00	4000	2.3	2.16	2.16	2.3	BELL.MI	1.78	1.9	1.78	1.9	2.29	1.67	-1.0	1.0	-1.0	0	-1.0	-1.0	1.0	-1.0	-1.0	1.0										-1.0			2.57										-1.0			2.47	-0.16	-0.16	0.08	-0.07	-0.07	0.03	2.55	0.08	0.0	0.0	28.0					1	0.0	0.0	-0.49	0.0	0.0	-0.19	-0.49	0.0	0.0	55.94					0.16	0.16	0.2	0.07	0.07	0.1	0.2	0.0	0.0	110.8					0.16	0.16	0.2	0.07	0.07	0.1	0.2	0.0	0.0	110.8					-0.1599999999999997	-0.1599999999999997	0.04999999999999982	-0.0747663551401867	-0.07210329390134369	0.021760115217501097	0.04999999999999982	0.003015364653006003	0.0029650785566075477	27.998302019880185				
2023-04-11 07:00:00	15500	2.48	2.3	2.3	2.4	BELL.MI	1.88	2.02	1.88	1.96	2.29	1.67	-1.0	1.0	-1.0	0	-1.0	-1.0	1.0	-1.0	-1.0	1.0	2.48									-1.0			2.57	2.02		2.02							-1.0			2.47	-0.1	-0.1	-0.02	-0.04	-0.04	-0.01	2.55	-0.02	0.0	0.0	23.57					1	0.0	0.0	-0.49	0.0	0.0	-0.19	-0.49	0.0	0.0	55.94					0.1	0.1	0.3	0.04	0.04	0.14	0.3	0.0	0.0	113.04					0.1	0.1	0.3	0.04	0.04	0.14	0.3	0.0	0.0	113.04					-0.10000000000000009	-0.10000000000000009	-0.050000000000000266	-0.04347826086956519	-0.0425596144187959	-0.020813222916561402	-0.050000000000000266	0.0026459865686070134	0.002593047831119355	23.571979036929875				
2023-04-12 07:00:00	4000	2.4	2.3	2.3	2.4	BELL.MI	1.87	1.95	1.87	1.95	2.29	1.67	-1.0	1.0	-1.0	0	-1.0	-1.0	1.0	-1.0	-1.0	1.0										-1.0			2.57										-1.0			2.47	-0.0	-0.0	-0.02	-0.0	-0.0	-0.01	2.55	-0.02	0.0	0.0	23.57					1	0.0	0.0	-0.49	0.0	0.0	-0.19	-0.49	0.0	0.0	55.94					0.0	0.0	0.3	0.0	0.0	0.14	0.3	0.0	0.0	113.04					0.0	0.0	0.3	0.0	0.0	0.14	0.3	0.0	0.0	113.04					-0.0	-0.0	-0.050000000000000266	-0.0	-0.0	-0.020813222916561402	-0.050000000000000266	0.0026459865686070134	0.002593047831119355	23.571979036929875				
2023-04-13 07:00:00	500	2.32	2.32	2.32	2.32	BELL.MI	1.89	1.89	1.89	1.89	2.29	1.67	-1.0	1.0	-1.0	0	-1.0	-1.0	1.0	-1.0	-1.0	1.0		2.32								-1.0			2.57										-1.0			2.47	0.08	0.08	0.06	0.03	0.03	0.03	2.55	0.06	0.0	0.0	22.57					1	-0.0	-0.0	-0.49	-0.0	-0.0	-0.19	-0.49	0.0	0.0	51.26					-0.08	-0.08	0.22	-0.03	-0.03	0.1	0.22	0.0	0.0	101.07					-0.08	-0.08	0.22	-0.03	-0.03	0.1	0.22	0.0	0.0	101.07					0.08000000000000007	0.08000000000000007	0.029999999999999805	0.033333333333333326	0.03390155167568134	0.012951838362177837	0.029999999999999805	0.002464466998942742	0.0024129740688896284	22.57261810240567				
2023-04-14 07:00:00	4000	2.4	2.3	2.32	2.3	BELL.MI	1.87	1.94	1.85	1.85	2.29	1.67	-1.0	1.0	-1.0	0	-1.0	-1.0	1.0	-1.0	-1.0	1.0										-1.0			2.57		1.85								-1.0			2.47	0.02	0.02	0.08	0.01	0.01	0.03	2.54	0.08	0.0	0.0	22.87					1	-0.0	-0.0	-0.49	-0.0	-0.0	-0.19	-0.49	0.0	0.0	51.26					-0.02	-0.02	0.2	-0.01	-0.01	0.1	0.2	0.0	0.0	95.81					-0.02	-0.02	0.2	-0.01	-0.01	0.1	0.2	0.0	0.0	95.81					0.020000000000000018	0.020000000000000018	0.04999999999999982	0.008620689655172376	0.008658062743114541	0.021760115217501097	0.04999999999999982	0.0025181469879500514	0.002466228560106476	22.873962590599326				
2023-04-17 07:00:00	500	2.38	2.38	2.38	2.38	BELL.MI	1.93	1.93	1.93	1.93	2.29	1.67	-1.0	1.0	-1.0	0	-1.0	-1.0	1.0	-1.0	-1.0	1.0	2.38									-1.0			2.57	1.93									-1.0			2.47	-0.08	-0.08	0.0	-0.03	-0.03	-0.0	2.54	0.0	0.0	0.0	22.87					1	0.0	0.0	-0.49	0.0	0.0	-0.19	-0.49	0.0	0.0	59.17					0.08	0.08	0.28	0.03	0.03	0.13	0.28	0.0	0.0	97.56					0.08	0.08	0.28	0.03	0.03	0.13	0.28	0.0	0.0	97.56					-0.08000000000000007	-0.08000000000000007	-0.03000000000000025	-0.034782608695652195	-0.03419136474827934	-0.012584762604935906	-0.03000000000000025	0.0025181469879500522	0.002466228560106476	22.873962590599334				
2023-04-18 07:00:00	4000	2.36	2.26	2.3	2.36	BELL.MI	1.85	1.9	1.82	1.9	2.29	1.67	-1.0	1.0	-1.0	0	-1.0	-1.0	1.0	-1.0	-1.0	1.0		2.26								-1.0			2.57		1.82								-1.0			2.47	0.02	0.02	0.02	0.01	0.01	0.01	2.54	0.02	0.0	0.0	26.77					1	-0.0	-0.0	-0.49	-0.0	-0.0	-0.19	-0.49	0.0	0.0	66.86					-0.02	-0.02	0.26	-0.01	-0.01	0.12	0.26	0.0	0.0	92.53					-0.02	-0.02	0.26	-0.01	-0.01	0.12	0.26	0.0	0.0	92.53					0.020000000000000018	0.020000000000000018	-0.010000000000000231	0.008403361344537785	0.008438868645864595	-0.0042168368642997445	-0.010000000000000231	0.002888411329179204	0.0028380512869459196	26.76749125764718				
2023-04-19 07:00:00	0	2.36	2.36	2.36	2.36	BELL.MI	1.9	1.9	1.9	1.9	2.29	1.67	-1.0	1.0	-1.0	0	-1.0	-1.0	1.0	-1.0	-1.0	1.0	2.36									-1.0			2.57	1.9									-1.0			2.47	-0.0	-0.0	0.02	-0.0	-0.0	0.01	2.54	0.02	0.0	0.0	26.77					1	0.0	0.0	-0.49	0.0	0.0	-0.19	-0.49	0.0	0.0	66.86					0.0	0.0	0.26	0.0	0.0	0.12	0.26	0.0	0.0	92.53					0.0	0.0	0.26	0.0	0.0	0.12	0.26	0.0	0.0	92.53					-0.0	-0.0	-0.010000000000000231	-0.0	-0.0	-0.0042168368642997445	-0.010000000000000231	0.002888411329179204	0.0028380512869459196	26.76749125764718				
2023-04-20 07:00:00	7000	2.28	2.22	2.28	2.28	BELL.MI	1.85	1.85	1.81	1.85	2.29	1.67	-1.0	1.0	-1.0	0	-1.0	-1.0	1.0	-1.0	-1.0	1.0		2.22								-1.0			2.57		1.81		1.81						-1.0			2.47	0.08	0.08	0.1	0.03	0.03	0.04	2.54	0.1	0.0	0.0	25.79					1	-0.0	-0.0	-0.49	-0.0	-0.0	-0.19	-0.49	0.0	0.0	61.44					-0.08	-0.08	0.18	-0.03	-0.03	0.09	0.18	0.0	0.0	82.36					-0.08	-0.08	0.18	-0.03	-0.03	0.09	0.18	0.0	0.0	82.36					0.08000000000000007	0.08000000000000007	0.06999999999999984	0.03389830508474578	0.03448617607116932	0.030722923245724898	0.06999999999999984	0.0027076471582119194	0.0026586619167674463	25.792007056493844				
2023-04-21 07:00:00	8500	2.38	2.2	2.24	2.36	BELL.MI	1.81	1.93	1.78	1.91	2.29	1.67	-1.0	1.0	-1.0	0	-1.0	-1.0	1.0	-1.0	-1.0	1.0										-1.0			2.57										-1.0			2.47	-0.08	-0.08	0.02	-0.04	-0.03	0.01	2.54	0.02	0.0	0.0	21.85					1	0.0	0.0	-0.49	0.0	0.0	-0.19	-0.49	0.0	0.0	61.44					0.08	0.08	0.26	0.04	0.03	0.12	0.26	0.0	0.0	84.09					0.08	0.08	0.26	0.04	0.03	0.12	0.26	0.0	0.0	84.09					-0.08000000000000007	-0.08000000000000007	-0.010000000000000231	-0.03508771929824572	-0.034486176071169404	-0.0042168368642998555	-0.010000000000000231	0.002371678246190079	0.00232048110049643	21.853020194535397				
2023-04-24 07:00:00	500	2.4	2.4	2.4	2.4	BELL.MI	1.96	1.96	1.96	1.96	2.29	1.67	-1.0	1.0	-1.0	0	-1.0	-1.0	1.0	1.0	-1.0	-1.0	2.4									-1.0			2.57	1.96									-1.0			2.47	-0.04	-0.04	-0.02	-0.02	-0.02	-0.01	2.49	-0.02	0.0	0.0	19.03					1	0.0	0.0	-0.49	0.0	0.0	-0.19	-0.49	0.0	0.0	61.44					0.04	0.04	0.3	0.02	0.02	0.14	0.3	0.0	0.0	84.88					0.04	0.04	0.3	0.02	0.02	0.14	0.3	0.0	0.0	84.88					-0.040000000000000036	-0.040000000000000036	-0.050000000000000266	-0.016949152542372836	-0.016807118316381188	-0.020813222916561513	-0.050000000000000266	0.0020977604241976784	0.002045225022796693	19.025918926923318				
2023-04-25 07:00:00	4000	2.38	2.3	2.32	2.38	BELL.MI	1.91	1.96	1.9	1.96	2.29	1.67	-1.0	1.0	-1.0	0	-1.0	-1.0	1.0	1.0	-1.0	-1.0										-1.0			2.57										-1.0			2.47	0.02	0.02	0.0	0.01	0.01	-0.0	2.49	0.0	0.0	0.0	18.52					1	-0.0	-0.0	-0.49	-0.0	-0.0	-0.19	-0.49	0.0	0.0	59.23					-0.02	-0.02	0.28	-0.01	-0.01	0.13	0.28	0.0	0.0	80.37					0.02	0.02	0.32	0.01	0.01	0.15	0.32	0.0	0.0	85.26					0.020000000000000018	0.020000000000000018	-0.03000000000000025	0.008333333333333304	0.00836824967051658	-0.012584762604936017	-0.03000000000000025	0.002014735416203303	0.001962875380726592	18.51785569083615				
2023-04-26 07:00:00	4000	2.38	2.28	2.38	2.28	BELL.MI	1.97	1.97	1.89	1.89	2.29	1.67	-1.0	1.0	-1.0	0	-1.0	-1.0	1.0	1.0	-1.0	-1.0		2.28	2.38							-1.0			2.57		1.89								-1.0			2.47	0.1	0.1	0.1	0.04	0.04	0.04	2.49	0.1	0.0	0.0	19.44					1	-0.0	-0.0	-0.49	-0.0	-0.0	-0.19	-0.49	0.0	0.0	57.27					-0.1	-0.1	0.18	-0.04	-0.04	0.09	0.18	0.0	0.0	70.12					0.1	0.1	0.42	0.04	0.04	0.2	0.42	0.0	0.0	87.08					0.10000000000000009	0.10000000000000009	0.06999999999999984	0.04201680672268915	0.042925044717034004	0.030722923245724898	0.06999999999999984	0.00216715821478854	0.0021140549781877294	19.440391894561543				
2023-04-27 07:00:00	7500	2.4	2.3	2.3	2.32	BELL.MI	1.9	1.99	1.9	1.92	2.29	1.67	-1.0	1.0	-1.0	0	-1.0	-1.0	1.0	1.0	-1.0	-1.0	2.4									-1.0			2.57	1.99									-1.0			2.47	-0.04	-0.04	0.06	-0.02	-0.02	0.03	2.49	0.06	0.0	0.0	20.66					1	0.0	0.0	-0.49	0.0	0.0	-0.19	-0.49	0.0	0.0	67.87					0.04	0.04	0.22	0.02	0.02	0.1	0.22	0.0	0.0	70.96					-0.04	-0.04	0.38	-0.02	-0.02	0.18	0.38	0.0	0.0	81.01					-0.040000000000000036	-0.040000000000000036	0.029999999999999805	-0.01754385964912286	-0.01739174271186924	0.012951838362177837	0.029999999999999805	0.0022550051870934753	0.0022030350020565415	20.66277424545971				
2023-04-28 07:00:00	500	2.3	2.3	2.3	2.3	BELL.MI	1.91	1.91	1.91	1.91	2.29	1.67	-1.0	1.0	-1.0	0	-1.0	-1.0	1.0	1.0	-1.0	-1.0										-1.0			2.57		1.91								-1.0			2.47	0.02	0.02	0.08	0.01	0.01	0.03	2.48	0.08	0.0	0.0	25.12					1	-0.0	-0.0	-0.49	-0.0	-0.0	-0.19	-0.49	0.0	0.0	79.28					-0.02	-0.02	0.2	-0.01	-0.01	0.1	0.2	0.0	0.0	66.82					0.02	0.02	0.4	0.01	0.01	0.19	0.4	0.0	0.0	81.37					0.020000000000000018	0.020000000000000018	0.04999999999999982	0.008620689655172376	0.008658062743114541	0.021760115217501097	0.04999999999999982	0.0026634812541513893	0.0026134765217498135	25.12353012792154				
2023-05-02 07:00:00	500	2.3	2.3	2.3	2.3	BELL.MI	1.94	1.94	1.94	1.94	2.29	1.67	-1.0	1.0	-1.0	0	-1.0	-1.0	1.0	1.0	-1.0	-1.0		2.3								-1.0			2.57	1.94									-1.0			2.47	-0.0	-0.0	0.08	-0.0	-0.0	0.03	2.48	0.08	0.0	0.0	29.17					1	0.0	0.0	-0.49	0.0	0.0	-0.19	-0.49	0.0	0.0	90.61					0.0	0.0	0.2	0.0	0.0	0.1	0.2	0.0	0.0	66.82					-0.0	-0.0	0.4	-0.0	-0.0	0.19	0.4	0.0	0.0	81.37					-0.0	-0.0	0.04999999999999982	-0.0	-0.0	0.021760115217501097	0.04999999999999982	0.0029912662941208004	0.0029433666166924777	29.16556727926975				
2023-05-03 07:00:00	0	2.3	2.3	2.3	2.3	BELL.MI	1.93	1.93	1.93	1.93	2.29	1.67	-1.0	1.0	-1.0	0	-1.0	-1.0	1.0	1.0	-1.0	-1.0										-1.0			2.57		1.93								-1.0			2.47	-0.0	-0.0	0.08	-0.0	-0.0	0.03	2.48	0.08	0.0	0.0	29.17					1	0.0	0.0	-0.49	0.0	0.0	-0.19	-0.49	0.0	0.0	90.61					0.0	0.0	0.2	0.0	0.0	0.1	0.2	0.0	0.0	66.82					-0.0	-0.0	0.4	-0.0	-0.0	0.19	0.4	0.0	0.0	81.37					-0.0	-0.0	0.04999999999999982	-0.0	-0.0	0.021760115217501097	0.04999999999999982	0.0029912662941208004	0.0029433666166924777	29.16556727926975				
2023-05-04 07:00:00	3500	2.38	2.28	2.38	2.34	BELL.MI	2.01	2.01	1.92	1.97	2.29	1.67	-1.0	1.0	-1.0	0	-1.0	-1.0	1.0	1.0	-1.0	-1.0	2.38									-1.0			2.57	2.01		2.01							-1.0			2.47	-0.04	-0.04	0.04	-0.02	-0.02	0.02	2.48	0.04	0.0	0.0	26.09					1	0.0	0.0	-0.49	0.0	0.0	-0.19	-0.49	0.0	0.0	90.61					0.04	0.04	0.24	0.02	0.02	0.11	0.24	0.0	0.0	67.65					-0.04	-0.04	0.36	-0.02	-0.02	0.17	0.36	0.0	0.0	75.59					-0.040000000000000036	-0.040000000000000036	0.009999999999999787	-0.01739130434782621	-0.017241806434506173	0.004294130341988112	0.009999999999999787	0.0027230765715468386	0.00267383464983717	26.090544210578877				
2023-05-05 07:00:00	1000	2.3	2.3	2.3	2.3	BELL.MI	1.89	1.89	1.89	1.89	2.26	1.67	-1.0	1.0	-1.0	0	-1.0	-1.0	1.0	1.0	-1.0	-1.0		2.3								-1.0			2.57										-1.0			2.47	0.04	0.04	0.08	0.02	0.02	0.03	2.48	0.08	0.0	0.0	28.88					1	-0.0	-0.0	-0.49	-0.0	-0.0	-0.19	-0.49	0.0	0.0	90.61					-0.04	-0.04	0.2	-0.02	-0.02	0.1	0.2	0.0	0.0	62.36					0.04	0.04	0.4	0.02	0.02	0.19	0.4	0.0	0.0	76.31					0.040000000000000036	0.040000000000000036	0.04999999999999982	0.017094017094017144	0.017241806434506103	0.021760115217500875	0.04999999999999982	0.003051044506137434	0.0030016953263909407	28.877454418290647				
2023-05-08 07:00:00	0	2.3	2.3	2.3	2.3	BELL.MI	1.88	1.88	1.88	1.88	2.24	1.67	-1.0	1.0	-1.0	0	-1.0	-1.0	1.0	1.0	-1.0	-1.0										-1.0			2.57		1.88								-1.0			2.47	-0.0	-0.0	0.08	-0.0	-0.0	0.03	2.48	0.08	0.0	0.0	28.88					1	0.0	0.0	-0.49	0.0	0.0	-0.19	-0.49	0.0	0.0	90.61					0.0	0.0	0.2	0.0	0.0	0.1	0.2	0.0	0.0	62.36					-0.0	-0.0	0.4	-0.0	-0.0	0.19	0.4	0.0	0.0	76.31					-0.0	-0.0	0.04999999999999982	-0.0	-0.0	0.021760115217500875	0.04999999999999982	0.003051044506137434	0.0030016953263909407	28.877454418290647				
2023-05-09 07:00:00	1000	2.36	2.34	2.34	2.36	BELL.MI	1.92	1.94	1.92	1.94	2.24	1.67	-1.0	1.0	-1.0	0	-1.0	-1.0	1.0	1.0	-1.0	-1.0										-1.0			2.57										-1.0			2.47	-0.06	-0.06	0.02	-0.03	-0.03	0.01	2.48	0.02	0.0	0.0	23.29					1	0.0	0.0	-0.49	0.0	0.0	-0.19	-0.49	0.0	0.0	90.61					0.06	0.06	0.26	0.03	0.03	0.12	0.26	0.0	0.0	63.56					-0.06	-0.06	0.34	-0.03	-0.03	0.16	0.34	0.0	0.0	69.47					-0.06000000000000005	-0.06000000000000005	-0.010000000000000231	-0.026086956521739202	-0.025752496102414764	-0.0042168368642999665	-0.010000000000000231	0.0023872025314870785	0.0023388644322905883	23.291320059101828				
2023-05-10 07:00:00	0	2.36	2.36	2.36	2.36	BELL.MI	1.95	1.95	1.95	1.95	2.24	1.67	-1.0	1.0	-1.0	0	-1.0	-1.0	1.0	1.0	-1.0	-1.0										-1.0			2.57										-1.0			2.47	-0.0	-0.0	0.02	-0.0	-0.0	0.01	2.4	0.02	0.0	0.0	20.24					1	0.0	0.0	-0.49	0.0	0.0	-0.19	-0.49	0.0	0.0	90.61					0.0	0.0	0.26	0.0	0.0	0.12	0.26	0.0	0.0	63.56					-0.0	-0.0	0.34	-0.0	-0.0	0.16	0.34	0.0	0.0	69.47					-0.0	-0.0	-0.010000000000000231	-0.0	-0.0	-0.0042168368642999665	-0.010000000000000231	0.0019195752082201783	0.0018747557486464839	20.243293616675672				
2023-05-11 07:00:00	0	2.36	2.36	2.36	2.36	BELL.MI	1.96	1.96	1.96	1.96	2.24	1.67	-1.0	1.0	-1.0	0	-1.0	-1.0	1.0	1.0	-1.0	-1.0	2.36									-1.0			2.57	1.96									-1.0			2.47	-0.0	-0.0	0.02	-0.0	-0.0	0.01	2.4	0.02	0.0	0.0	18.76					1	0.0	0.0	-0.49	0.0	0.0	-0.19	-0.49	0.0	0.0	87.09					0.0	0.0	0.26	0.0	0.0	0.12	0.26	0.0	0.0	63.56					-0.0	-0.0	0.34	-0.0	-0.0	0.16	0.34	0.0	0.0	69.47					-0.0	-0.0	-0.010000000000000231	-0.0	-0.0	-0.0042168368642999665	-0.010000000000000231	0.0017162783067176351	0.0016729474460377425	18.75885137792301				
2023-05-12 07:00:00	0	2.36	2.36	2.36	2.36	BELL.MI	1.94	1.94	1.94	1.94	2.24	1.67	-1.0	1.0	-1.0	0	-1.0	-1.0	1.0	1.0	-1.0	-1.0										-1.0			2.57										-1.0			2.47	-0.0	-0.0	0.02	-0.0	-0.0	0.01	2.4	0.02	0.0	0.0	16.34					1	0.0	0.0	-0.49	0.0	0.0	-0.19	-0.49	0.0	0.0	80.76					0.0	0.0	0.26	0.0	0.0	0.12	0.26	0.0	0.0	63.56					-0.0	-0.0	0.34	-0.0	-0.0	0.16	0.34	0.0	0.0	69.47					-0.0	-0.0	-0.010000000000000231	-0.0	-0.0	-0.0042168368642999665	-0.010000000000000231	0.0014137792888671567	0.0013726172780568202	16.33834166690876				
2023-05-15 07:00:00	2000	2.38	2.28	2.38	2.36	BELL.MI	1.96	1.96	1.88	1.95	2.24	1.67	-1.0	1.0	-1.0	0	-1.0	-1.0	1.0	1.0	-1.0	-1.0		2.28								-1.0			2.57		1.88								-1.0			2.47	-0.0	-0.0	0.02	-0.0	-0.0	0.01	2.4	0.02	0.0	0.0	21.62					1	0.0	0.0	-0.49	0.0	0.0	-0.19	-0.49	0.0	0.0	98.2					0.0	0.0	0.26	0.0	0.0	0.12	0.26	0.0	0.0	63.56					-0.0	-0.0	0.34	-0.0	-0.0	0.16	0.34	0.0	0.0	69.47					-0.0	-0.0	-0.010000000000000231	-0.0	-0.0	-0.0042168368642999665	-0.010000000000000231	0.0017810821863986407	0.001742464690048795	21.620674408890956				
2023-05-16 07:00:00	500	2.36	2.36	2.36	2.36	BELL.MI	1.95	1.95	1.95	1.95	2.24	1.67	-1.0	1.0	-1.0	0	-1.0	-1.0	1.0	1.0	-1.0	-1.0	2.36									-1.0			2.57	1.95									-1.0			2.47	-0.0	-0.0	0.02	-0.0	-0.0	0.01	2.4	0.02	0.0	0.0	18.39					1	0.0	0.0	-0.49	0.0	0.0	-0.19	-0.49	0.0	0.0	88.52					0.0	0.0	0.26	0.0	0.0	0.12	0.26	0.0	0.0	63.56					-0.0	-0.0	0.34	-0.0	-0.0	0.16	0.34	0.0	0.0	69.47					-0.0	-0.0	-0.010000000000000231	-0.0	-0.0	-0.0042168368642999665	-0.010000000000000231	0.0014103870362541606	0.001374217818445711	18.392265705074557				
2023-05-17 07:00:00	1000	2.34	2.34	2.34	2.34	BELL.MI	1.93	1.93	1.93	1.93	2.24	1.67	-1.0	1.0	-1.0	0	-1.0	-1.0	1.0	1.0	-1.0	-1.0										-1.0			2.57										-1.0			2.47	0.02	0.02	0.04	0.01	0.01	0.02	2.4	0.04	0.0	0.0	23.27					1	-0.0	-0.0	-0.49	-0.0	-0.0	-0.19	-0.49	0.0	0.0	102.91					-0.02	-0.02	0.24	-0.01	-0.01	0.11	0.24	0.0	0.0	59.71					0.02	0.02	0.36	0.01	0.01	0.17	0.36	0.0	0.0	69.82					0.020000000000000018	0.020000000000000018	0.009999999999999787	0.008474576271186418	0.00851068966790862	0.004294130341988112	0.009999999999999787	0.001748342341152977	0.0017134587897482678	23.2749942428076				
2023-05-18 07:00:00	1000	2.26	2.26	2.26	2.26	BELL.MI	1.86	1.86	1.86	1.86	2.24	1.67	-1.0	1.0	-1.0	0	-1.0	-1.0	1.0	1.0	-1.0	-1.0		2.26								-1.0			2.57		1.86		1.86						-1.0			2.47	0.08	0.08	0.12	0.03	0.03	0.05	2.4	0.12	0.0	0.0	29.62					1	-0.0	-0.0	-0.49	-0.0	-0.0	-0.19	-0.49	0.0	0.0	118.44					-0.08	-0.08	0.16	-0.03	-0.03	0.08	0.16	0.0	0.0	52.53					0.08	0.08	0.44	0.03	0.03	0.21	0.44	0.0	0.0	71.2					0.08000000000000007	0.08000000000000007	0.08999999999999986	0.03418803418803418	0.03478611608541554	0.039844365044359176	0.08999999999999986	0.0022497904711017334	0.0022151248340285257	29.619047404018573				
2023-05-19 07:00:00	3000	2.34	2.28	2.28	2.34	BELL.MI	1.86	1.91	1.86	1.91	2.24	1.67	-1.0	1.0	-1.0	0	-1.0	-1.0	1.0	1.0	-1.0	-1.0										-1.0			2.57										-1.0			2.47	-0.08	-0.08	0.04	-0.04	-0.03	0.02	2.4	0.04	0.0	0.0	24.73					1	0.0	0.0	-0.49	0.0	0.0	-0.19	-0.49	0.0	0.0	118.44					0.08	0.08	0.24	0.04	0.03	0.11	0.24	0.0	0.0	54.14					-0.08	-0.08	0.36	-0.04	-0.03	0.17	0.36	0.0	0.0	63.57					-0.08000000000000007	-0.08000000000000007	0.009999999999999787	-0.03539823008849563	-0.034786116085415604	0.0042941303419878896	0.009999999999999787	0.0019500985989358492	0.001913572231126759	24.727276674699084				
2023-05-22 07:00:00	0	2.34	2.34	2.34	2.34	BELL.MI	1.93	1.93	1.93	1.93	2.24	1.67	-1.0	1.0	-1.0	0	-1.0	-1.0	1.0	1.0	-1.0	-1.0	2.34									-1.0			2.57										-1.0			2.47	-0.0	-0.0	0.04	-0.0	-0.0	0.02	2.4	0.04	0.0	0.0	22.91					1	0.0	0.0	-0.49	0.0	0.0	-0.19	-0.49	0.0	0.0	111.81					0.0	0.0	0.24	0.0	0.0	0.11	0.24	0.0	0.0	54.14					-0.0	-0.0	0.36	-0.0	-0.0	0.17	0.36	0.0	0.0	63.57					-0.0	-0.0	0.009999999999999787	-0.0	-0.0	0.0042941303419878896	0.009999999999999787	0.0017331286682114879	0.0016979754721384577	22.905406861361648				
2023-05-23 07:00:00	0	2.34	2.34	2.34	2.34	BELL.MI	1.94	1.94	1.94	1.94	2.24	1.67	-1.0	1.0	-1.0	0	-1.0	-1.0	1.0	1.0	-1.0	-1.0										-1.0			2.57	1.94									-1.0			2.47	-0.0	-0.0	0.04	-0.0	-0.0	0.02	2.4	0.04	0.0	0.0	22.06					1	0.0	0.0	-0.49	0.0	0.0	-0.19	-0.49	0.0	0.0	108.39					0.0	0.0	0.24	0.0	0.0	0.11	0.24	0.0	0.0	54.14					-0.0	-0.0	0.36	-0.0	-0.0	0.17	0.36	0.0	0.0	63.57					-0.0	-0.0	0.009999999999999787	-0.0	-0.0	0.0042941303419878896	0.009999999999999787	0.0016378415482514838	0.0016032831617336374	22.05567718664991				
2023-05-24 07:00:00	500	2.26	2.26	2.26	2.26	BELL.MI	1.91	1.91	1.91	1.91	2.24	1.67	-1.0	1.0	-1.0	0	-1.0	-1.0	1.0	1.0	-1.0	-1.0		2.26								-1.0			2.57		1.91								-1.0			2.47	0.08	0.08	0.12	0.03	0.03	0.05	2.4	0.12	0.0	0.0	23.99					1	-0.0	-0.0	-0.49	-0.0	-0.0	-0.19	-0.49	0.0	0.0	108.39					-0.08	-0.08	0.16	-0.03	-0.03	0.08	0.16	0.0	0.0	47.55					0.08	0.08	0.44	0.03	0.03	0.21	0.44	0.0	0.0	64.89					0.08000000000000007	0.08000000000000007	0.08999999999999986	0.03418803418803418	0.03478611608541554	0.039844365044359176	0.08999999999999986	0.0018604726911981427	0.0018245167167116882	23.9929250658358				
2023-05-25 07:00:00	1000	2.32	2.16	2.16	2.32	BELL.MI	1.84	1.97	1.84	1.97	2.24	1.67	-1.0	1.0	-1.0	0	-1.0	-1.0	1.0	1.0	-1.0	-1.0										-1.0			2.57										-1.0			2.47	-0.06	-0.06	0.06	-0.03	-0.03	0.03	2.4	0.06	0.0	0.0	19.91					1	0.0	0.0	-0.49	0.0	0.0	-0.19	-0.49	0.0	0.0	108.39					0.06	0.06	0.22	0.03	0.03	0.1	0.22	0.0	0.0	48.72					-0.06	-0.06	0.38	-0.03	-0.03	0.18	0.38	0.0	0.0	58.98					-0.06000000000000005	-0.06000000000000005	0.029999999999999805	-0.026548672566371723	-0.026202372394024117	0.012951838362177392	0.029999999999999805	0.0015869838522817254	0.0015495155115925474	19.913137645022978				
2023-05-26 07:00:00	1500	2.34	2.34	2.34	2.34	BELL.MI	1.97	1.97	1.97	1.97	2.24	1.67	-1.0	1.0	-1.0	0	-1.0	-1.0	1.0	1.0	-1.0	-1.0	2.34									-1.0			2.57										-1.0			2.47	-0.02	-0.02	0.04	-0.01	-0.01	0.02	2.38	0.04	0.0	0.0	20.0					1	0.0	0.0	-0.49	0.0	0.0	-0.19	-0.49	0.0	0.0	118.08					0.02	0.02	0.24	0.01	0.01	0.11	0.24	0.0	0.0	49.08					-0.02	-0.02	0.36	-0.01	-0.01	0.17	0.36	0.0	0.0	55.48					-0.020000000000000018	-0.020000000000000018	0.009999999999999787	-0.008620689655172376	-0.008583743691391435	0.0042941303419878896	0.009999999999999787	0.0015920402247802988	0.0015546293013535273	20.004767374887827				
2023-05-29 07:00:00	500	2.34	2.34	2.34	2.34	BELL.MI	1.98	1.98	1.98	1.98	2.24	1.67	-1.0	1.0	-1.0	0	-1.0	-1.0	1.0	1.0	-1.0	-1.0										-1.0			2.57	1.98									-1.0			2.47	-0.0	-0.0	0.04	-0.0	-0.0	0.02	2.38	0.04	0.0	0.0	23.28					1	0.0	0.0	-0.49	0.0	0.0	-0.19	-0.49	0.0	0.0	130.12					0.0	0.0	0.24	0.0	0.0	0.11	0.24	0.0	0.0	49.08					-0.0	-0.0	0.36	-0.0	-0.0	0.17	0.36	0.0	0.0	55.48					-0.0	-0.0	0.009999999999999787	-0.0	-0.0	0.0042941303419878896	0.009999999999999787	0.0018241360786159845	0.0017877657614500109	23.275405583980493				
2023-05-30 07:00:00	1000	2.36	2.26	2.26	2.36	BELL.MI	1.91	2.0	1.91	2.0	2.24	1.67	-1.0	1.0	-1.0	0	-1.0	-1.0	1.0	1.0	-1.0	-1.0		2.26								-1.0			2.57		1.91								-1.0			2.47	-0.02	-0.02	0.02	-0.01	-0.01	0.01	2.38	0.02	0.0	0.0	24.39					1	0.0	0.0	-0.49	0.0	0.0	-0.19	-0.49	0.0	0.0	147.31					0.02	0.02	0.26	0.01	0.01	0.12	0.26	0.0	0.0	49.44					-0.02	-0.02	0.34	-0.01	-0.01	0.16	0.34	0.0	0.0	52.04					-0.020000000000000018	-0.020000000000000018	-0.010000000000000231	-0.008547008547008517	-0.00851068966790861	-0.0042168368643000775	-0.010000000000000231	0.001880248781496131	0.0018445173046091057	24.389919782386606				
2023-05-31 07:00:00	0	2.36	2.36	2.36	2.36	BELL.MI	2.04	2.04	2.04	2.04	2.24	1.67	-1.0	1.0	1.0	0	-1.0	-1.0	1.0	1.0	-1.0	-1.0										-1.0			2.57	2.04		2.04							-1.0			2.47	-0.0	-0.0	0.02	-0.0	-0.0	0.01	2.38	0.02	0.0	0.0	24.39					1	0.0	0.0	-0.49	0.0	0.0	-0.19	-0.49	0.0	0.0	147.31					0.0	0.0	0.26	0.0	0.0	0.12	0.26	0.0	0.0	49.44					-0.0	-0.0	0.34	-0.0	-0.0	0.16	0.34	0.0	0.0	52.04					-0.0	-0.0	-0.010000000000000231	-0.0	-0.0	-0.0042168368643000775	-0.010000000000000231	0.001880248781496131	0.0018445173046091057	24.389919782386606				
2023-06-01 07:00:00	0	2.36	2.36	2.36	2.36	BELL.MI	2.0	2.0	2.0	2.0	2.24	1.67	-1.0	1.0	1.0	0	-1.0	-1.0	1.0	1.0	-1.0	-1.0	2.36									-1.0			2.57										-1.0			2.47	-0.0	-0.0	0.02	-0.0	-0.0	0.01	2.38	0.02	0.0	0.0	30.29					1	0.0	0.0	-0.49	0.0	0.0	-0.19	-0.49	0.0	0.0	179.71					0.0	0.0	0.26	0.0	0.0	0.12	0.26	0.0	0.0	49.44					-0.0	-0.0	0.34	-0.0	-0.0	0.16	0.34	0.0	0.0	52.04					-0.0	-0.0	-0.010000000000000231	-0.0	-0.0	-0.0042168368643000775	-0.010000000000000231	0.0022190595614351737	0.0021856250344254313	30.28639836367701				
2023-06-02 07:00:00	0	2.36	2.36	2.36	2.36	BELL.MI	1.96	1.96	1.96	1.96	2.24	1.67	-1.0	1.0	1.0	0	-1.0	-1.0	1.0	1.0	-1.0	-1.0										-1.0			2.57		1.96								-1.0			2.47	-0.0	-0.0	0.02	-0.0	-0.0	0.01	2.38	0.02	0.0	0.0	27.73					1	0.0	0.0	-0.49	0.0	0.0	-0.19	-0.49	0.0	0.0	169.06					0.0	0.0	0.26	0.0	0.0	0.12	0.26	0.0	0.0	49.44					-0.0	-0.0	0.34	-0.0	-0.0	0.16	0.34	0.0	0.0	52.04					-0.0	-0.0	-0.010000000000000231	-0.0	-0.0	-0.0042168368643000775	-0.010000000000000231	0.0019166794598083699	0.0018850292381391576	27.72951915408249				
2023-06-05 07:00:00	0	2.36	2.36	2.36	2.36	BELL.MI	1.97	1.97	1.97	1.97	2.24	1.67	-1.0	1.0	1.0	0	-1.0	-1.0	1.0	1.0	-1.0	-1.0										-1.0			2.57	1.97									-1.0			2.47	-0.0	-0.0	0.02	-0.0	-0.0	0.01	2.38	0.02	0.0	0.0	27.73					1	0.0	0.0	-0.49	0.0	0.0	-0.19	-0.49	0.0	0.0	169.06					0.0	0.0	0.26	0.0	0.0	0.12	0.26	0.0	0.0	49.44					-0.0	-0.0	0.34	-0.0	-0.0	0.16	0.34	0.0	0.0	52.04					-0.0	-0.0	-0.010000000000000231	-0.0	-0.0	-0.0042168368643000775	-0.010000000000000231	0.0019166794598083699	0.0018850292381391576	27.72951915408249				
2023-06-06 07:00:00	5000	2.34	2.24	2.28	2.34	BELL.MI	1.9	1.95	1.86	1.95	2.24	1.67	-1.0	1.0	1.0	0	-1.0	-1.0	1.0	1.0	-1.0	-1.0										-1.0			2.57										-1.0			2.47	0.02	0.02	0.04	0.01	0.01	0.02	2.38	0.04	0.0	0.0	28.22					1	-0.0	-0.0	-0.49	-0.0	-0.0	-0.19	-0.49	0.0	0.0	169.06					-0.02	-0.02	0.24	-0.01	-0.01	0.11	0.24	0.0	0.0	46.1					0.02	0.02	0.36	0.01	0.01	0.17	0.36	0.0	0.0	52.38					0.020000000000000018	0.020000000000000018	0.009999999999999787	0.008474576271186418	0.00851068966790862	0.0042941303419878896	0.009999999999999787	0.0019719989426497764	0.001940025917167354	28.219982441641065				
2023-06-07 07:00:00	500	2.26	2.26	2.26	2.26	BELL.MI	1.88	1.88	1.88	1.88	2.24	1.67	-1.0	1.0	1.0	0	-1.0	-1.0	1.0	1.0	-1.0	-1.0										-1.0			2.57										-1.0			2.47	0.08	0.08	0.12	0.03	0.03	0.05	2.38	0.12	0.0	0.0	30.12					1	-0.0	-0.0	-0.49	-0.0	-0.0	-0.19	-0.49	0.0	0.0	169.06					-0.08	-0.08	0.16	-0.03	-0.03	0.08	0.16	0.0	0.0	40.18					0.08	0.08	0.44	0.03	0.03	0.21	0.44	0.0	0.0	53.69					0.08000000000000007	0.08000000000000007	0.08999999999999986	0.03418803418803418	0.03478611608541554	0.039844365044359176	0.08999999999999986	0.002198108697204978	0.00216479936392755	30.118613835385077				
2023-06-08 07:00:00	0	2.26	2.26	2.26	2.26	BELL.MI	1.86	1.86	1.86	1.86	2.24	1.67	-1.0	1.0	1.0	0	-1.0	-1.0	1.0	1.0	-1.0	-1.0										-1.0			2.57										-1.0			2.47	-0.0	-0.0	0.12	-0.0	-0.0	0.05	2.38	0.12	0.0	0.0	34.47					1	0.0	0.0	-0.49	0.0	0.0	-0.19	-0.49	0.0	0.0	192.37					0.0	0.0	0.16	0.0	0.0	0.08	0.16	0.0	0.0	39.12					-0.0	-0.0	0.44	-0.0	-0.0	0.21	0.44	0.0	0.0	52.81					-0.0	-0.0	0.08999999999999986	-0.0	-0.0	0.039844365044359176	0.08999999999999986	0.002449128791064908	0.002417173611433121	34.467550177793015				
2023-06-09 07:00:00	2000	2.18	2.16	2.18	2.16	BELL.MI	1.8	1.8	1.79	1.79	2.24	1.67	-1.0	1.0	-1.0	0	-1.0	-1.0	1.0	1.0	-1.0	-1.0		2.16								-1.0			2.57		1.79								-1.0			2.47	0.1	0.1	0.22	0.04	0.05	0.1	2.38	0.22	0.0	0.0	40.21					1	-0.0	-0.0	-0.49	-0.0	-0.0	-0.19	-0.49	0.0	0.0	210.39					-0.1	-0.1	0.06	-0.04	-0.05	0.03	0.06	0.0	0.0	31.97					0.1	0.1	0.54	0.04	0.05	0.27	0.54	0.0	0.0	53.98					0.09999999999999964	0.09999999999999964	0.1899999999999995	0.044247787610619316	0.04525659158812072	0.08798530787048686	0.1899999999999995	0.002966739522012275	0.0029340782802336207	40.20581415840823				
2023-06-12 07:00:00	1500	2.2	2.2	2.2	2.2	BELL.MI	1.8	1.8	1.8	1.8	2.24	1.67	-1.0	1.0	-1.0	0	-1.0	-1.0	1.0	1.0	-1.0	-1.0										-1.0			2.57	1.8									-1.0			2.47	-0.04	-0.04	0.18	-0.02	-0.02	0.08	2.36	0.18	0.0	0.0	39.37					1	0.0	0.0	-0.49	0.0	0.0	-0.19	-0.49	0.0	0.0	225.45					0.04	0.04	0.1	0.02	0.02	0.05	0.1	0.0	0.0	32.42					-0.04	-0.04	0.5	-0.02	-0.02	0.25	0.5	0.0	0.0	49.22					-0.040000000000000036	-0.040000000000000036	0.14999999999999947	-0.0185185185185186	-0.018349138668196617	0.06820375681829605	0.14999999999999947	0.0029363245601660257	0.0029033102438706937	39.36894496208667				
2023-06-13 07:00:00	0	2.2	2.2	2.2	2.2	BELL.MI	1.79	1.79	1.79	1.79	2.24	1.67	-1.0	1.0	-1.0	0	-1.0	-1.0	1.0	1.0	-1.0	-1.0										-1.0			2.57										-1.0			2.47	-0.0	-0.0	0.18	-0.0	-0.0	0.08	2.36	0.18	0.0	0.0	37.43					1	0.0	0.0	-0.49	0.0	0.0	-0.19	-0.49	0.0	0.0	225.45					0.0	0.0	0.1	0.0	0.0	0.05	0.1	0.0	0.0	38.56					-0.0	-0.0	0.5	-0.0	-0.0	0.25	0.5	0.0	0.0	56.46					-0.0	-0.0	0.14999999999999947	-0.0	-0.0	0.06820375681829605	0.14999999999999947	0.002656469493894849	0.002625026815046505	37.426933779226644				
2023-06-14 07:00:00	0	2.2	2.2	2.2	2.2	BELL.MI	1.78	1.78	1.78	1.78	2.24	1.67	-1.0	-1.0	-1.0	0	-1.0	-1.0	1.0	1.0	-1.0	-1.0										-1.0			2.57		1.78								-1.0			2.47	-0.0	-0.0	0.18	-0.0	-0.0	0.08	2.36	0.18	0.0	0.0	43.35					1	0.0	0.0	-0.49	0.0	0.0	-0.19	-0.49	0.0	0.0	225.45					0.0	0.0	0.1	0.0	0.0	0.05	0.1	0.0	0.0	36.74					-0.0	-0.0	0.5	-0.0	-0.0	0.25	0.5	0.0	0.0	55.05					-0.0	-0.0	0.14999999999999947	-0.0	-0.0	0.06820375681829605	0.14999999999999947	0.0029441010350240225	0.0029145120019062887	43.34719834285372				
2023-06-15 07:00:00	0	2.2	2.2	2.2	2.2	BELL.MI	1.78	1.78	1.78	1.78	2.24	1.67	-1.0	-1.0	-1.0	0	-1.0	-1.0	1.0	1.0	-1.0	-1.0										-1.0			2.57										-1.0			2.47	-0.0	-0.0	0.18	-0.0	-0.0	0.08	2.36	0.18	0.0	0.0	42.91					1	0.0	0.0	-0.49	0.0	0.0	-0.19	-0.49	0.0	0.0	225.45					0.0	0.0	0.1	0.0	0.0	0.05	0.1	0.0	0.0	40.07					-0.0	-0.0	0.5	-0.0	-0.0	0.25	0.5	0.0	0.0	58.67					-0.0	-0.0	0.14999999999999947	-0.0	-0.0	0.06820375681829605	0.14999999999999947	0.0028817152763469423	0.0028524535390712646	42.90764566205739				
2023-06-16 07:00:00	2500	2.3	2.24	2.24	2.3	BELL.MI	1.81	1.86	1.81	1.86	2.24	1.67	-1.0	-1.0	-1.0	0	-1.0	-1.0	1.0	1.0	-1.0	-1.0	2.3									-1.0			2.57	1.86									-1.0			2.47	-0.1	-0.1	0.08	-0.05	-0.04	0.03	2.36	0.08	0.0	0.0	35.86					1	0.0	0.0	-0.49	0.0	0.0	-0.19	-0.49	0.0	0.0	225.45					0.1	0.1	0.2	0.05	0.04	0.1	0.2	0.0	0.0	45.5					-0.1	-0.1	0.4	-0.05	-0.04	0.19	0.4	0.0	0.0	54.34					-0.09999999999999964	-0.09999999999999964	0.04999999999999982	-0.04545454545454519	-0.04445176257083359	0.021760115217500875	0.04999999999999982	0.0025090777440193164	0.002478047600418254	35.86085770401011				
2023-06-19 07:00:00	20000	2.24	2.1	2.24	2.16	BELL.MI	1.81	1.81	1.7	1.75	2.24	1.67	-1.0	-1.0	-1.0	-1	-1.0	-1.0	1.0	1.0	-1.0	-1.0										-1.0			2.57										-1.0			2.47	0.14	0.14	0.22	0.06	0.06	0.1	2.36	0.22	0.0	0.0	38.84					1	-0.0	-0.0	-0.49	-0.0	-0.0	-0.19	-0.49	0.0	0.0	225.45					-0.14	-0.14	0.06	-0.06	-0.06	0.03	0.06	0.0	0.0	37.15					0.14	0.14	0.54	0.06	0.06	0.27	0.54	0.0	0.0	56.59					0.13999999999999968	0.13999999999999968	0.1899999999999995	0.060869565217391175	0.06280090123903023	0.08798530787048686	0.1899999999999995	0.0029298437823208194	0.002896451421553481	38.838734248711155				
2023-06-20 07:00:00	14000	2.2	2.1	2.16	2.14	BELL.MI	1.76	1.79	1.71	1.74	2.24	1.67	-1.0	-1.0	-1.0	-1	-1.0	-1.0	1.0	1.0	-1.0	-1.0										-1.0			2.57										-1.0			2.47	0.02	0.02	0.24	0.01	0.01	0.11	2.36	0.24	0.0	0.0	43.65					1	0.02	0.02	-0.47	0.01	0.01	-0.18	-0.47	0.0	0.0	227.42					-0.02	-0.02	0.04	-0.01	-0.01	0.02	0.04	0.0	0.0	32.96					0.02	0.02	0.56	0.01	0.01	0.28	0.56	0.0	0.0	56.13					0.020000000000000018	0.020000000000000018	0.20999999999999952	0.0092592592592593	0.009302392662313561	0.09815339485993069	0.20999999999999952	0.0032403750801614306	0.0032080307983612943	43.65114458903634				
2023-06-21 07:00:00	7500	2.08	2.0	2.08	2.0	BELL.MI	1.69	1.69	1.63	1.63	2.24	1.63	-1.0	-1.0	-1.0	-1	-1.0	-1.0	1.0	1.0	-1.0	-1.0		2.0								-1.0			2.57		1.63								-1.0			2.47	0.14	0.14	0.38	0.07	0.07	0.19	2.36	0.38	0.0	0.0	45.94					1	0.14	0.14	-0.33	0.07	0.07	-0.12	-0.33	0.0	0.0	238.17					-0.14	-0.14	-0.1	-0.07	-0.07	-0.05	-0.1	0.0	0.0	28.31					0.14	0.14	0.7	0.07	0.07	0.37	0.7	0.0	0.0	61.7					0.14000000000000012	0.14000000000000012	0.34999999999999964	0.06542056074766356	0.06765864847381481	0.17502413250012583	0.34999999999999964	0.0036383530015531166	0.0036037834783326783	45.94127798023028				
2023-06-22 07:00:00	10000	2.18	2.02	2.04	2.18	BELL.MI	1.67	1.79	1.66	1.79	2.24	1.63	-1.0	-1.0	-1.0	-1	-1.0	-1.0	1.0	1.0	-1.0	-1.0										-1.0			2.57										-1.0			2.47	-0.18	-0.18	0.2	-0.09	-0.09	0.09	2.36	0.2	0.0	0.0	35.5					1	-0.18	-0.18	-0.51	-0.09	-0.09	-0.19	-0.51	0.0	0.0	173.45					0.18	0.18	0.08	0.09	0.09	0.04	0.08	0.0	0.0	36.06					-0.18	-0.18	0.52	-0.09	-0.09	0.26	0.52	0.0	0.0	54.6					-0.18000000000000016	-0.18000000000000016	0.16999999999999948	-0.09000000000000008	-0.08617769624105241	0.07800379128451906	0.16999999999999948	0.0030203147201712365	0.002982642776308886	35.50058004384253				
2023-06-23 07:00:00	2000	2.2	2.1	2.2	2.2	BELL.MI	1.82	1.82	1.73	1.82	2.24	1.63	-1.0	-1.0	-1.0	-1	-1.0	-1.0	1.0	-1.0	-1.0	1.0										-1.0			2.57										-1.0			2.47	-0.02	-0.02	0.18	-0.01	-0.01	0.08	2.36	0.18	0.0	0.0	31.65					1	-0.02	-0.02	-0.53	-0.01	-0.01	-0.2	-0.53	0.0	0.0	163.05					0.02	0.02	0.1	0.01	0.01	0.05	0.1	0.0	0.0	40.54					-0.02	-0.02	0.5	-0.01	-0.01	0.25	0.5	0.0	0.0	56.15					-0.020000000000000018	-0.020000000000000018	0.14999999999999947	-0.00917431192660545	-0.009132483563272474	0.06820375681829627	0.14999999999999947	0.0026479973551338056	0.002610363212742328	31.648381542767233				
2023-06-26 07:00:00	0	2.2	2.2	2.2	2.2	BELL.MI	1.81	1.81	1.81	1.81	2.24	1.63	-1.0	-1.0	-1.0	-1	-1.0	-1.0	1.0	-1.0	-1.0	1.0	2.2									-1.0			2.57	1.81									-1.0			2.47	-0.0	-0.0	0.18	-0.0	-0.0	0.08	2.36	0.18	0.0	0.0	30.34					1	-0.0	-0.0	-0.53	-0.0	-0.0	-0.2	-0.53	0.0	0.0	163.05					0.0	0.0	0.1	0.0	0.0	0.05	0.1	0.0	0.0	45.34					0.0	0.0	0.5	0.0	0.0	0.25	0.5	0.0	0.0	61.69					-0.0	-0.0	0.14999999999999947	-0.0	-0.0	0.06820375681829627	0.14999999999999947	0.0024548128319530596	0.0024183680315865708	30.340587243130884				
2023-06-27 07:00:00	52000	2.2	1.99	2.2	2.16	BELL.MI	1.8	1.8	1.63	1.77	2.24	1.63	-1.0	-1.0	-1.0	-1	-1.0	-1.0	1.0	-1.0	-1.0	1.0		1.99								-1.0			2.57		1.63								-1.0			2.47	0.04	0.04	0.22	0.02	0.02	0.1	2.36	0.22	0.0	0.0	34.88					1	0.04	0.04	-0.49	0.02	0.02	-0.19	-0.49	0.0	0.0	181.51					-0.04	-0.04	0.06	-0.02	-0.02	0.03	0.06	0.0	0.0	40.74					-0.04	-0.04	0.46	-0.02	-0.02	0.22	0.46	0.0	0.0	56.76					0.040000000000000036	0.040000000000000036	0.1899999999999995	0.018181818181818188	0.01834913866819654	0.08798530787048686	0.1899999999999995	0.0028225607714059205	0.0027867068106739445	34.880376646835515				
2023-06-28 07:00:00	0	2.16	2.16	2.16	2.16	BELL.MI	1.76	1.76	1.76	1.76	2.24	1.63	-1.0	-1.0	-1.0	-1	-1.0	-1.0	1.0	-1.0	-1.0	1.0										-1.0			2.57	1.76									-1.0			2.47	-0.0	-0.0	0.22	-0.0	-0.0	0.1	2.36	0.22	0.0	0.0	34.02					1	-0.0	-0.0	-0.49	-0.0	-0.0	-0.19	-0.49	0.0	0.0	179.01					0.0	0.0	0.06	0.0	0.0	0.03	0.06	0.0	0.0	44.74					0.0	0.0	0.46	0.0	0.0	0.22	0.46	0.0	0.0	61.28					-0.0	-0.0	0.1899999999999995	-0.0	-0.0	0.08798530787048686	0.1899999999999995	0.002691184013103799	0.0026561040244510448	34.018177201952554				
2023-06-29 07:00:00	0	2.16	2.16	2.16	2.16	BELL.MI	1.74	1.74	1.74	1.74	2.24	1.63	-1.0	-1.0	-1.0	-1	-1.0	-1.0	1.0	-1.0	-1.0	1.0	2.16									-1.0			2.57										-1.0			2.47	-0.0	-0.0	0.22	-0.0	-0.0	0.1	2.36	0.22	0.0	0.0	33.79					1	-0.0	-0.0	-0.49	-0.0	-0.0	-0.19	-0.49	0.0	0.0	178.32					0.0	0.0	0.06	0.0	0.0	0.03	0.06	0.0	0.0	47.46					0.0	0.0	0.46	0.0	0.0	0.22	0.46	0.0	0.0	64.16					-0.0	-0.0	0.1899999999999995	-0.0	-0.0	0.08798530787048686	0.1899999999999995	0.002657933324511534	0.002623047894959818	33.79366333644629				
2023-06-30 07:00:00	500	2.16	2.16	2.16	2.16	BELL.MI	1.72	1.72	1.72	1.72	2.24	1.63	-1.0	-1.0	-1.0	-1	-1.0	-1.0	1.0	-1.0	-1.0	1.0										-1.0			2.57										-1.0			2.47	-0.0	-0.0	0.22	-0.0	-0.0	0.1	2.36	0.22	0.0	0.0	38.06					1	-0.0	-0.0	-0.49	-0.0	-0.0	-0.19	-0.49	0.0	0.0	199.03					0.0	0.0	0.06	0.0	0.0	0.03	0.06	0.0	0.0	46.54					0.0	0.0	0.46	0.0	0.0	0.22	0.46	0.0	0.0	63.45					-0.0	-0.0	0.1899999999999995	-0.0	-0.0	0.08798530787048686	0.1899999999999995	0.002914079054298385	0.002880692373753879	38.06301514739967				
2023-07-03 07:00:00	8000	2.2	2.06	2.08	2.2	BELL.MI	1.64	1.74	1.63	1.74	2.24	1.63	-1.0	-1.0	-1.0	-1	-1.0	-1.0	1.0	-1.0	-1.0	1.0										-1.0			2.57										-1.0			2.47	-0.04	-0.04	0.18	-0.02	-0.02	0.08	2.34	0.18	0.0	0.0	38.94					1	-0.04	-0.04	-0.53	-0.02	-0.02	-0.2	-0.53	0.0	0.0	205.92					0.04	0.04	0.1	0.02	0.02	0.05	0.1	0.0	0.0	46.14					0.04	0.04	0.5	0.02	0.02	0.25	0.5	0.0	0.0	63.14					-0.040000000000000036	-0.040000000000000036	0.14999999999999947	-0.0185185185185186	-0.018349138668196617	0.06820375681829605	0.14999999999999947	0.0029472341493839366	0.0029142434218367708	38.944917052050684				
2023-07-04 07:00:00	73500	2.2	1.94	2.18	2.04	BELL.MI	1.73	1.74	1.54	1.62	2.24	1.54	-1.0	-1.0	-1.0	-1	-1.0	-1.0	1.0	-1.0	-1.0	1.0										-1.0			2.57		1.54								-1.0			2.47	0.16	0.16	0.34	0.07	0.08	0.17	2.3	0.34	0.0	0.0	45.04					1	0.16	0.16	-0.37	0.07	0.08	-0.14	-0.37	0.0	0.0	225.84					-0.16	-0.16	-0.06	-0.07	-0.08	-0.03	-0.06	0.0	0.0	36.95					-0.16	-0.16	0.34	-0.07	-0.08	0.16	0.34	0.0	0.0	52.28					0.16000000000000014	0.16000000000000014	0.3099999999999996	0.07272727272727275	0.07550755250814517	0.15198444362757413	0.3099999999999996	0.0036713689294294	0.0036364394226466867	45.03841656031567				
2023-07-05 07:00:00	40000	2.1	2.0	2.08	2.04	BELL.MI	1.66	1.67	1.59	1.62	2.24	1.54	-1.0	-1.0	-1.0	-1	-1.0	-1.0	1.0	-1.0	-1.0	1.0										-1.0			2.57										-1.0			2.47	-0.0	-0.0	0.34	-0.0	-0.0	0.17	2.3	0.34	0.0	0.0	45.04					1	-0.0	-0.0	-0.37	-0.0	-0.0	-0.14	-0.37	0.0	0.0	225.84					0.0	0.0	-0.06	0.0	0.0	-0.03	-0.06	0.0	0.0	36.95					0.0	0.0	0.34	0.0	0.0	0.16	0.34	0.0	0.0	52.28					-0.0	-0.0	0.3099999999999996	-0.0	-0.0	0.15198444362757413	0.3099999999999996	0.0036713689294294	0.0036364394226466867	45.03841656031567				
2023-07-06 07:00:00	2500	2.04	2.02	2.02	2.04	BELL.MI	1.65	1.67	1.65	1.67	2.24	1.54	-1.0	-1.0	-1.0	-1	-1.0	-1.0	1.0	-1.0	-1.0	1.0										-1.0			2.57	1.67									-1.0			2.47	-0.0	-0.0	0.34	-0.0	-0.0	0.17	2.3	0.34	0.0	0.0	45.04					1	-0.0	-0.0	-0.37	-0.0	-0.0	-0.14	-0.37	0.0	0.0	225.84					0.0	0.0	-0.06	0.0	0.0	-0.03	-0.06	0.0	0.0	36.95					0.0	0.0	0.34	0.0	0.0	0.16	0.34	0.0	0.0	52.28					-0.0	-0.0	0.3099999999999996	-0.0	-0.0	0.15198444362757413	0.3099999999999996	0.0036713689294294	0.0036364394226466867	45.03841656031567				
2023-07-07 07:00:00	4500	2.0	1.98	2.0	1.99	BELL.MI	1.62	1.62	1.6	1.61	2.24	1.54	-1.0	-1.0	-1.0	-1	-1.0	-1.0	1.0	-1.0	-1.0	1.0		1.98								-1.0			2.57		1.6								-1.0			2.47	0.05	0.05	0.39	0.02	0.02	0.2	2.3	0.39	0.0	0.0	52.46					1	0.05	0.05	-0.32	0.02	0.02	-0.12	-0.32	0.0	0.0	271.7					-0.05	-0.05	-0.11	-0.02	-0.02	-0.05	-0.11	0.0	0.0	30.8					-0.05	-0.05	0.29	-0.02	-0.02	0.13	0.29	0.0	0.0	46.1					0.050000000000000044	0.050000000000000044	0.35999999999999965	0.02450980392156865	0.02481516911972402	0.18092877638203597	0.35999999999999965	0.004162721477637625	0.004129226375819917	52.45971269229054				
2023-07-10 07:00:00	4000	2.06	1.98	1.98	2.04	BELL.MI	1.6	1.66	1.6	1.64	2.24	1.54	-1.0	-1.0	-1.0	-1	-1.0	-1.0	1.0	-1.0	-1.0	1.0										-1.0			2.57	1.66									-1.0			2.47	-0.05	-0.05	0.34	-0.03	-0.02	0.17	2.3	0.34	0.0	0.0	46.35					1	-0.05	-0.05	-0.37	-0.03	-0.02	-0.14	-0.37	0.0	0.0	240.73					0.05	0.05	-0.06	0.03	0.02	-0.03	-0.06	0.0	0.0	37.37					0.05	0.05	0.34	0.03	0.02	0.16	0.34	0.0	0.0	53.23					-0.050000000000000044	-0.050000000000000044	0.3099999999999996	-0.025125628140703515	-0.024815169119723993	0.15198444362757435	0.3099999999999996	0.0036242883225483333	0.003590778497559066	46.3505947965082				
2023-07-11 07:00:00	4000	2.08	2.0	2.08	2.04	BELL.MI	1.67	1.67	1.6	1.63	2.24	1.54	-1.0	-1.0	-1.0	-1	-1.0	-1.0	1.0	-1.0	1.0	-1.0										-1.0			2.57										-1.0			2.47	-0.0	-0.0	0.34	-0.0	-0.0	0.17	2.3	0.34	0.0	0.0	46.35					1	-0.0	-0.0	-0.37	-0.0	-0.0	-0.14	-0.37	0.0	0.0	240.73					0.0	0.0	-0.06	0.0	0.0	-0.03	-0.06	0.0	0.0	37.37					0.0	0.0	0.34	0.0	0.0	0.16	0.34	0.0	0.0	53.23					-0.0	-0.0	0.3099999999999996	-0.0	-0.0	0.15198444362757435	0.3099999999999996	0.0036242883225483333	0.003590778497559066	46.3505947965082				
2023-07-12 07:00:00	0	2.04	2.04	2.04	2.04	BELL.MI	1.61	1.61	1.61	1.61	2.24	1.54	-1.0	-1.0	-1.0	-1	-1.0	-1.0	1.0	-1.0	1.0	-1.0	2.04									-1.0			2.57										-1.0			2.47	-0.0	-0.0	0.34	-0.0	-0.0	0.17	2.3	0.34	0.0	0.0	49.95					1	-0.0	-0.0	-0.37	-0.0	-0.0	-0.14	-0.37	0.0	0.0	240.73					0.0	0.0	-0.06	0.0	0.0	-0.03	-0.06	0.0	0.0	36.76					-0.0	-0.0	0.34	-0.0	-0.0	0.16	0.34	0.0	0.0	52.76					-0.0	-0.0	0.3099999999999996	-0.0	-0.0	0.15198444362757435	0.3099999999999996	0.0038427909081710913	0.003810406006854672	49.951358029352974				
2023-07-13 07:00:00	0	2.04	2.04	2.04	2.04	BELL.MI	1.59	1.59	1.59	1.59	2.24	1.54	-1.0	-1.0	-1.0	-1	-1.0	-1.0	1.0	-1.0	1.0	-1.0										-1.0			2.57										-1.0			2.47	-0.0	-0.0	0.34	-0.0	-0.0	0.17	2.3	0.34	0.0	0.0	49.95					1	-0.0	-0.0	-0.37	-0.0	-0.0	-0.14	-0.37	0.0	0.0	240.73					0.0	0.0	-0.06	0.0	0.0	-0.03	-0.06	0.0	0.0	36.76					-0.0	-0.0	0.34	-0.0	-0.0	0.16	0.34	0.0	0.0	52.76					-0.0	-0.0	0.3099999999999996	-0.0	-0.0	0.15198444362757435	0.3099999999999996	0.0038427909081710913	0.003810406006854672	49.951358029352974				
2023-07-14 07:00:00	4000	2.04	1.97	2.04	1.97	BELL.MI	1.6	1.6	1.54	1.54	2.24	1.54	-1.0	-1.0	-1.0	-1	-1.0	-1.0	1.0	-1.0	1.0	-1.0										-1.0			2.57										-1.0			2.47	0.07	0.07	0.41	0.03	0.03	0.21	2.24	0.41	0.0	0.0	51.17					1	0.07	0.07	-0.3	0.03	0.03	-0.11	-0.3	0.0	0.0	243.37					-0.07	-0.07	-0.13	-0.03	-0.03	-0.06	-0.13	0.0	0.0	31.76					0.07	0.07	0.41	0.03	0.03	0.2	0.41	0.0	0.0	53.92					0.07000000000000006	0.07000000000000006	0.37999999999999967	0.03431372549019607	0.034916265106227876	0.1929179010153561	0.37999999999999967	0.004087204763914687	0.004053523846387019	51.167141357031				
2023-07-17 07:00:00	21000	2.04	1.9	1.97	1.9	BELL.MI	1.55	1.6	1.49	1.49	2.24	1.49	-1.0	-1.0	-1.0	-1	-1.0	-1.0	1.0	-1.0	1.0	-1.0		1.9								-1.0			2.57		1.49								-1.0			2.47	0.07	0.07	0.48	0.04	0.04	0.25	2.2	0.48	0.0	0.0	52.34					1	0.07	0.07	-0.23	0.04	0.04	-0.08	-0.23	0.0	0.0	245.67					-0.07	-0.07	-0.2	-0.04	-0.04	-0.1	-0.2	0.0	0.0	26.95					0.07	0.07	0.48	0.04	0.04	0.24	0.48	0.0	0.0	55.04					0.07000000000000006	0.07000000000000006	0.44999999999999973	0.035532994923857864	0.036179656577502356	0.2368675078948692	0.44999999999999973	0.0043404623599572045	0.004305411919943047	52.33571053251647				
2023-07-18 07:00:00	7000	2.0	1.94	1.94	1.99	BELL.MI	1.52	1.57	1.52	1.56	2.24	1.49	-1.0	-1.0	-1.0	-1	-1.0	-1.0	1.0	-1.0	1.0	-1.0										-1.0			2.57										-1.0			2.47	-0.09	-0.09	0.39	-0.05	-0.05	0.2	2.2	0.39	0.0	0.0	45.28					1	-0.09	-0.09	-0.32	-0.05	-0.05	-0.12	-0.32	0.0	0.0	207.24					0.09	0.09	-0.11	0.05	0.05	-0.05	-0.11	0.0	0.0	32.49					-0.09	-0.09	0.39	-0.05	-0.05	0.19	0.39	0.0	0.0	52.27					-0.09000000000000008	-0.09000000000000008	0.35999999999999965	-0.047368421052631726	-0.04628075256400639	0.18092877638203575	0.35999999999999965	0.0038865552270741337	0.0038497499943819236	45.28195383351939				
2023-07-19 07:00:00	6000	2.02	1.97	1.97	1.98	BELL.MI	1.54	1.58	1.54	1.55	2.24	1.49	-1.0	-1.0	-1.0	-1	-1.0	-1.0	1.0	-1.0	1.0	-1.0	2.02									-1.0			2.57	1.58									-1.0			2.47	0.01	0.01	0.4	0.01	0.01	0.2	2.2	0.4	0.0	0.0	50.12					1	0.01	0.01	-0.31	0.01	0.01	-0.11	-0.31	0.0	0.0	207.55					-0.01	-0.01	-0.12	-0.01	-0.01	-0.06	-0.12	0.0	0.0	28.75					0.01	0.01	0.4	0.01	0.01	0.19	0.4	0.0	0.0	51.58					0.010000000000000009	0.010000000000000009	0.36999999999999966	0.005025125628140725	0.005037794029957181	0.18689306313144005	0.36999999999999966	0.004190205920095751	0.004154951840516841	50.121628136195426				
2023-07-20 07:00:00	78000	1.98	1.88	1.98	1.88	BELL.MI	1.54	1.54	1.47	1.47	2.24	1.47	-1.0	-1.0	-1.0	-1	-1.0	-1.0	1.0	-1.0	1.0	-1.0		1.88								-1.0			2.57		1.47								-1.0			2.47	0.1	0.1	0.5	0.05	0.05	0.27	2.2	0.5	0.0	0.0	55.59					1	0.1	0.1	-0.21	0.05	0.05	-0.07	-0.21	0.0	0.0	210.43					-0.1	-0.1	-0.22	-0.05	-0.05	-0.1	-0.22	0.0	0.0	22.29					0.1	0.1	0.5	0.05	0.05	0.25	0.5	0.0	0.0	52.6					0.10000000000000009	0.10000000000000009	0.46999999999999975	0.0505050505050505	0.05182506786458602	0.2500256728724741	0.46999999999999975	0.004793587734982412	0.004757743718688312	55.587101455791				
2023-07-21 07:00:00	3000	1.96	1.86	1.86	1.96	BELL.MI	1.45	1.53	1.45	1.53	2.24	1.45	-1.0	-1.0	-1.0	-1	-1.0	-1.0	1.0	-1.0	1.0	-1.0	1.96									-1.0			2.57										-1.0			2.47	-0.08	-0.08	0.42	-0.04	-0.04	0.21	2.2	0.42	0.0	0.0	54.94					1	-0.08	-0.08	-0.29	-0.04	-0.04	-0.1	-0.29	0.0	0.0	182.49					0.08	0.08	-0.14	0.04	0.04	-0.07	-0.14	0.0	0.0	22.61					-0.08	-0.08	0.42	-0.04	-0.04	0.2	0.42	0.0	0.0	45.57					-0.08000000000000007	-0.08000000000000007	0.3899999999999997	-0.042553191489361764	-0.04167269640056808	0.19900421683686287	0.3899999999999997	0.004774501742873447	0.0047384030100396934	54.937964211897025				
2023-07-24 07:00:00	23500	1.96	1.86	1.95	1.95	BELL.MI	1.52	1.52	1.45	1.52	2.24	1.45	-1.0	-1.0	-1.0	-1	-1.0	-1.0	1.0	-1.0	1.0	-1.0		1.86								-1.0			2.57										-1.0			2.47	0.01	0.01	0.43	0.01	0.01	0.22	2.2	0.43	0.01	0.01	58.96					1	0.01	0.01	-0.28	0.01	0.01	-0.1	-0.28	0.0	0.0	181.83					-0.01	-0.01	-0.15	-0.01	-0.01	-0.07	-0.15	0.0	0.0	19.28					0.01	0.01	0.43	0.01	0.01	0.21	0.43	0.0	0.0	45.17					0.010000000000000009	0.010000000000000009	0.3999999999999997	0.005102040816326481	0.005115100666770377	0.2051529564103851	0.3999999999999997	0.005046403842065686	0.005011511898098453	58.96031922500282				
2023-07-25 07:00:00	8000	1.96	1.91	1.95	1.96	BELL.MI	1.51	1.52	1.48	1.52	2.24	1.45	-1.0	-1.0	-1.0	-1	-1.0	-1.0	1.0	-1.0	1.0	-1.0	1.96									-1.0			2.57	1.52									-1.0			2.47	-0.01	-0.01	0.42	-0.01	-0.01	0.21	2.2	0.42	0.0	0.0	56.27					1	-0.01	-0.01	-0.29	-0.01	-0.01	-0.1	-0.29	0.0	0.0	174.84					0.01	0.01	-0.14	0.01	0.01	-0.07	-0.14	0.0	0.0	19.54					-0.01	-0.01	0.42	-0.01	-0.01	0.2	0.42	0.0	0.0	42.59					-0.010000000000000009	-0.010000000000000009	0.3899999999999997	-0.00512820512820511	-0.005115100666770409	0.19900421683686265	0.3899999999999997	0.004845559022415852	0.00480972776660904	56.26887765040219				
2023-07-26 07:00:00	2000	1.95	1.91	1.91	1.95	BELL.MI	1.48	1.51	1.48	1.51	2.24	1.45	-1.0	-1.0	-1.0	-1	-1.0	-1.0	1.0	-1.0	1.0	-1.0										-1.0			2.57										-1.0			2.47	0.01	0.01	0.43	0.01	0.01	0.22	2.2	0.43	0.0	0.0	56.29					1	0.01	0.01	-0.28	0.01	0.01	-0.1	-0.28	0.0	0.0	181.68					-0.01	-0.01	-0.15	-0.01	-0.01	-0.07	-0.15	0.0	0.0	19.49					0.01	0.01	0.43	0.01	0.01	0.21	0.43	0.0	0.0	45.27					0.010000000000000009	0.010000000000000009	0.3999999999999997	0.005102040816326481	0.005115100666770377	0.2051529564103851	0.3999999999999997	0.00485172757189162	0.004815863061711223	56.292816756088484				
2023-07-27 07:00:00	28000	1.95	1.86	1.95	1.91	BELL.MI	1.48	1.48	1.41	1.45	2.24	1.41	-1.0	-1.0	-1.0	-1	-1.0	-1.0	1.0	-1.0	1.0	-1.0		1.86								-1.0			2.57		1.41		1.41		1.41				-1.0			2.47	0.04	0.04	0.47	0.02	0.02	0.25	2.2	0.47	0.0	0.0	56.85					1	0.04	0.04	-0.24	0.02	0.02	-0.08	-0.24	0.0	0.0	182.78					-0.04	-0.04	-0.19	-0.02	-0.02	-0.09	-0.19	0.0	0.0	16.11					0.04	0.04	0.47	0.02	0.02	0.23	0.47	0.0	0.0	45.93					0.040000000000000036	0.040000000000000036	0.4399999999999997	0.02051282051282055	0.02072613051711697	0.23039176178023602	0.4399999999999997	0.004998883098563152	0.004962220743498058	56.85212445790259				
2023-07-28 07:00:00	23500	1.95	1.9	1.9	1.94	BELL.MI	1.45	1.49	1.45	1.48	2.24	1.41	-1.0	-1.0	-1.0	-1	-1.0	-1.0	1.0	-1.0	1.0	-1.0										-1.0			2.57										-1.0			2.47	-0.03	-0.03	0.44	-0.02	-0.02	0.23	2.2	0.44	0.0	0.0	55.73					1	-0.03	-0.03	-0.27	-0.02	-0.02	-0.1	-0.27	0.0	0.0	170.75					0.03	0.03	-0.16	0.02	0.02	-0.08	-0.16	0.0	0.0	16.69					-0.03	-0.03	0.44	-0.02	-0.02	0.22	0.44	0.0	0.0	42.37					-0.030000000000000027	-0.030000000000000027	0.4099999999999997	-0.015706806282722585	-0.01558473101669833	0.21136508505167573	0.4099999999999997	0.004966001622170936	0.004928894905418035	55.72575017334955				
2023-07-31 07:00:00	3500	1.95	1.93	1.95	1.95	BELL.MI	1.48	1.48	1.46	1.48	2.24	1.41	-1.0	-1.0	-1.0	-1	-1.0	-1.0	1.0	-1.0	1.0	-1.0										-1.0			2.57										-1.0			2.47	-0.01	-0.01	0.43	-0.01	-0.01	0.22	2.2	0.43	0.01	0.01	59.45					1	-0.01	-0.01	-0.28	-0.01	-0.01	-0.1	-0.28	0.0	0.0	161.44					0.01	0.01	-0.15	0.01	0.01	-0.07	-0.15	0.0	0.0	14.75					-0.01	-0.01	0.43	-0.01	-0.01	0.21	0.43	0.0	0.0	38.38					-0.010000000000000009	-0.010000000000000009	0.3999999999999997	-0.005154639175257714	-0.005141399500418652	0.2051529564103851	0.3999999999999997	0.005071440783249305	0.005035749404886269	59.44854875976385				
2023-08-01 07:00:00	0	1.95	1.95	1.95	1.95	BELL.MI	1.49	1.49	1.49	1.49	2.24	1.41	-1.0	-1.0	-1.0	-1	-1.0	-1.0	1.0	-1.0	1.0	-1.0										-1.0			2.57										-1.0			2.47	-0.0	-0.0	0.43	-0.0	-0.0	0.22	2.1	0.43	0.01	0.01	65.71					1	-0.0	-0.0	-0.28	-0.0	-0.0	-0.1	-0.28	0.0	0.0	158.68					0.0	0.0	-0.15	0.0	0.0	-0.07	-0.15	0.0	0.0	12.66					-0.0	-0.0	0.43	-0.0	-0.0	0.21	0.43	0.0	0.0	37.0					-0.0	-0.0	0.3999999999999997	-0.0	-0.0	0.2051529564103851	0.3999999999999997	0.005358230451768293	0.005324625187885346	65.70827537070207				
2023-08-02 07:00:00	0	1.95	1.95	1.95	1.95	BELL.MI	1.51	1.51	1.51	1.51	2.24	1.41	-1.0	-1.0	-1.0	-1	-1.0	-1.0	1.0	-1.0	-1.0	1.0	1.95									-1.0			2.57										-1.0			2.47	-0.0	-0.0	0.43	-0.0	-0.0	0.22	2.08	0.43	0.01	0.01	65.19					1	-0.0	-0.0	-0.28	-0.0	-0.0	-0.1	-0.28	0.0	0.0	172.62					0.0	0.0	-0.15	0.0	0.0	-0.07	-0.15	0.0	0.0	16.08					-0.0	-0.0	0.43	-0.0	-0.0	0.21	0.43	0.0	0.0	40.84					-0.0	-0.0	0.3999999999999997	-0.0	-0.0	0.2051529564103851	0.3999999999999997	0.005215651535235798	0.005182768492564271	65.19277994638821				
2023-08-03 07:00:00	1000	1.95	1.95	1.95	1.95	BELL.MI	1.53	1.53	1.53	1.53	2.24	1.41	-1.0	-1.0	-1.0	-1	-1.0	-1.0	1.0	-1.0	-1.0	1.0										-1.0			2.57	1.53									-1.0			2.47	-0.0	-0.0	0.43	-0.0	-0.0	0.22	2.08	0.43	0.01	0.01	65.19					1	-0.0	-0.0	-0.28	-0.0	-0.0	-0.1	-0.28	0.0	0.0	172.62					0.0	0.0	-0.15	0.0	0.0	-0.07	-0.15	0.0	0.0	16.08					0.0	0.0	0.43	0.0	0.0	0.21	0.43	0.0	0.0	40.84					-0.0	-0.0	0.3999999999999997	-0.0	-0.0	0.2051529564103851	0.3999999999999997	0.005215651535235798	0.005182768492564271	65.19277994638821				
2023-08-04 07:00:00	2000	1.92	1.9	1.9	1.92	BELL.MI	1.49	1.51	1.49	1.51	2.24	1.41	-1.0	-1.0	-1.0	-1	-1.0	-1.0	1.0	-1.0	-1.0	1.0		1.9								-1.0			2.57		1.49								-1.0			2.47	0.03	0.03	0.46	0.02	0.02	0.24	2.08	0.46	0.01	0.01	70.29					1	0.03	0.03	-0.25	0.02	0.02	-0.09	-0.25	0.0	0.0	172.28					-0.03	-0.03	-0.18	-0.02	-0.02	-0.09	-0.18	0.0	0.0	11.67					-0.03	-0.03	0.4	-0.02	-0.02	0.19	0.4	0.0	0.0	36.54					0.030000000000000027	0.030000000000000027	0.4299999999999997	0.015384615384615441	0.015504186535965312	0.22398347135429741	0.4299999999999997	0.0055629057696818165	0.005530913402987725	70.28660514337341				
2023-08-07 07:00:00	0	1.92	1.92	1.92	1.92	BELL.MI	1.51	1.51	1.51	1.51	2.2	1.41	-1.0	-1.0	-1.0	-1	-1.0	-1.0	1.0	-1.0	-1.0	1.0										-1.0			2.57										-1.0			2.47	-0.0	-0.0	0.46	-0.0	-0.0	0.24	2.08	0.46	0.01	0.01	69.03					1	-0.0	-0.0	-0.25	-0.0	-0.0	-0.09	-0.25	0.0	0.0	204.16					0.0	0.0	-0.18	0.0	0.0	-0.09	-0.18	0.0	0.0	16.92					0.0	0.0	0.4	0.0	0.0	0.19	0.4	0.0	0.0	42.94					-0.0	-0.0	0.4299999999999997	-0.0	-0.0	0.22398347135429741	0.4299999999999997	0.005211030426411311	0.005180720772356429	69.03170640047486				
2023-08-08 07:00:00	0	1.92	1.92	1.92	1.92	BELL.MI	1.54	1.54	1.54	1.54	2.2	1.41	-1.0	-1.0	-1.0	-1	-1.0	-1.0	1.0	-1.0	-1.0	1.0										-1.0			2.57	1.54		1.54							-1.0			2.47	-0.0	-0.0	0.46	-0.0	-0.0	0.24	2.04	0.46	0.01	0.01	75.14					1	-0.0	-0.0	-0.25	-0.0	-0.0	-0.09	-0.25	0.0	0.0	201.91					0.0	0.0	-0.18	0.0	0.0	-0.09	-0.18	0.0	0.0	15.08					0.0	0.0	0.4	0.0	0.0	0.19	0.4	0.0	0.0	41.76					-0.0	-0.0	0.4299999999999997	-0.0	-0.0	0.22398347135429741	0.4299999999999997	0.005460225584943703	0.005431592325158219	75.1445330981124				
2023-08-09 07:00:00	0	1.92	1.92	1.92	1.92	BELL.MI	1.52	1.52	1.52	1.52	2.17	1.41	-1.0	-1.0	-1.0	-1	-1.0	-1.0	1.0	-1.0	-1.0	1.0	1.92									-1.0			2.57										-1.0			2.47	-0.0	-0.0	0.46	-0.0	-0.0	0.24	2.04	0.46	0.01	0.01	75.14					1	-0.0	-0.0	-0.25	-0.0	-0.0	-0.09	-0.25	0.0	0.0	201.91					0.0	0.0	-0.18	0.0	0.0	-0.09	-0.18	0.0	0.0	15.08					0.0	0.0	0.4	0.0	0.0	0.19	0.4	0.0	0.0	41.76					-0.0	-0.0	0.4299999999999997	-0.0	-0.0	0.22398347135429741	0.4299999999999997	0.005460225584943703	0.005431592325158219	75.1445330981124				
2023-08-10 07:00:00	0	1.92	1.92	1.92	1.92	BELL.MI	1.51	1.51	1.51	1.51	2.16	1.41	-1.0	-1.0	-1.0	-1	-1.0	-1.0	1.0	-1.0	-1.0	1.0										-1.0			2.57		1.51								-1.0			2.47	-0.0	-0.0	0.46	-0.0	-0.0	0.24	2.04	0.46	0.01	0.01	75.14					1	-0.0	-0.0	-0.25	-0.0	-0.0	-0.09	-0.25	0.0	0.0	201.91					0.0	0.0	-0.18	0.0	0.0	-0.09	-0.18	0.0	0.0	15.08					0.0	0.0	0.4	0.0	0.0	0.19	0.4	0.0	0.0	41.76					-0.0	-0.0	0.4299999999999997	-0.0	-0.0	0.22398347135429741	0.4299999999999997	0.005460225584943703	0.005431592325158219	75.1445330981124				
2023-08-11 07:00:00	0	1.92	1.92	1.92	1.92	BELL.MI	1.53	1.53	1.53	1.53	2.16	1.41	-1.0	-1.0	-1.0	-1	-1.0	-1.0	1.0	-1.0	-1.0	1.0										-1.0			2.57	1.53									-1.0			2.47	-0.0	-0.0	0.46	-0.0	-0.0	0.24	2.04	0.46	0.01	0.01	74.71					1	-0.0	-0.0	-0.25	-0.0	-0.0	-0.09	-0.25	0.0	0.0	218.01					0.0	0.0	-0.18	0.0	0.0	-0.09	-0.18	0.0	0.0	18.53					0.0	0.0	0.4	0.0	0.0	0.19	0.4	0.0	0.0	45.6					-0.0	-0.0	0.4299999999999997	-0.0	-0.0	0.22398347135429741	0.4299999999999997	0.005340868158662564	0.005312765912995676	74.71358490194292				
2023-08-14 07:00:00	11500	1.94	1.84	1.94	1.87	BELL.MI	1.53	1.53	1.45	1.48	2.16	1.41	-1.0	-1.0	-1.0	-1	-1.0	-1.0	1.0	-1.0	-1.0	1.0		1.84		1.84						-1.0			2.57		1.45		1.45						-1.0			2.47	0.05	0.05	0.51	0.03	0.03	0.27	2.02	0.51	0.01	0.01	78.35					1	0.05	0.05	-0.2	0.03	0.03	-0.06	-0.2	0.0	0.0	219.66					-0.05	-0.05	-0.23	-0.03	-0.03	-0.11	-0.23	0.0	0.0	14.14					-0.05	-0.05	0.35	-0.03	-0.03	0.16	0.35	0.0	0.0	40.65					0.04999999999999982	0.04999999999999982	0.47999999999999954	0.02604166666666663	0.026386755173194887	0.2567103021391717	0.47999999999999954	0.005719814463331382	0.005691709731349803	78.34852957062867				
2023-08-16 07:00:00	500	1.9	1.9	1.9	1.9	BELL.MI	1.52	1.52	1.52	1.52	2.1	1.41	-1.0	-1.0	-1.0	-1	-1.0	-1.0	1.0	-1.0	-1.0	1.0										-1.0			2.57										-1.0			2.47	-0.03	-0.03	0.48	-0.02	-0.02	0.25	2.02	0.48	0.01	0.0	71.95					1	-0.03	-0.03	-0.23	-0.02	-0.02	-0.08	-0.23	0.0	0.0	261.59					0.03	0.03	-0.2	0.02	0.02	-0.1	-0.2	0.0	0.0	22.17					0.03	0.03	0.38	0.02	0.02	0.18	0.38	0.0	0.0	50.19					-0.029999999999999805	-0.029999999999999805	0.44999999999999973	-0.016042780748662944	-0.015915455305899363	0.236867507894869	0.44999999999999973	0.005009715011771705	0.004982543018024588	71.9459220845692				
2023-08-17 07:00:00	3500	1.94	1.89	1.89	1.94	BELL.MI	1.52	1.56	1.52	1.56	2.09	1.41	-1.0	-1.0	1.0	-1	-1.0	-1.0	1.0	-1.0	-1.0	1.0										-1.0			2.57										-1.0			2.47	-0.04	-0.04	0.44	-0.02	-0.02	0.23	1.98	0.44	0.01	0.0	71.46					1	-0.04	-0.04	-0.27	-0.02	-0.02	-0.1	-0.27	0.0	0.0	236.01					0.04	0.04	-0.16	0.02	0.02	-0.08	-0.16	0.0	0.0	22.4					0.04	0.04	0.42	0.02	0.02	0.2	0.42	0.0	0.0	50.34					-0.040000000000000036	-0.040000000000000036	0.4099999999999997	-0.021052631578947434	-0.020834086902842053	0.21136508505167573	0.4099999999999997	0.005000182675242466	0.004972891395976564	71.45617283914656				
2023-08-18 07:00:00	0	1.94	1.94	1.94	1.94	BELL.MI	1.57	1.57	1.57	1.57	2.09	1.41	-1.0	-1.0	1.0	-1	-1.0	-1.0	1.0	-1.0	-1.0	1.0										-1.0			2.57	1.57		1.57		1.57					0.0			1.57	-0.0	-0.0	0.44	-0.0	-0.0	0.23		0.44	0.0	0.0	70.67					1	-0.0	-0.0	-0.27	-0.0	-0.0	-0.1	-0.27	0.0	0.0	265.24					0.0	0.0	-0.16	0.0	0.0	-0.08	-0.16	0.0	0.0	26.8					0.0	0.0	0.42	0.0	0.0	0.2	0.42	0.0	0.0	55.6					-0.0	-0.0	0.4099999999999997	-0.0	-0.0	0.21136508505167573	0.4099999999999997	0.004808792696877063	0.0047823304290248725	70.66996607899091				
2023-08-21 07:00:00	0	1.94	1.94	1.94	1.94	BELL.MI	1.56	1.56	1.56	1.56	2.09	1.41	-1.0	-1.0	1.0	-1	-1.0	-1.0	1.0	-1.0	-1.0	1.0										-1.0			2.57										0.0			1.57	-0.0	-0.0	0.44	-0.0	-0.0	0.23		0.44	0.0	0.0	70.39					1	-0.0	-0.0	-0.27	-0.0	-0.0	-0.1	-0.27	0.0	0.0	280.19					0.0	0.0	-0.16	0.0	0.0	-0.08	-0.16	0.0	0.0	29.95					0.0	0.0	0.42	0.0	0.0	0.2	0.42	0.0	0.0	59.06					0.0	0.0	0.4099999999999997	0.0	0.0	0.21136508505167573	0.4099999999999997	0.004743879999938069	0.0047176960196742	70.3930873000613				
2023-08-22 07:00:00	0	1.94	1.94	1.94	1.94	BELL.MI	1.55	1.55	1.55	1.55	2.04	1.41	-1.0	-1.0	1.0	-1	-1.0	-1.0	1.0	-1.0	-1.0	1.0	1.94									-1.0			2.57										0.0			1.57	-0.0	-0.0	0.44	-0.0	-0.0	0.23		0.44	0.01	0.01	80.95					1	-0.0	-0.0	-0.27	-0.0	-0.0	-0.1	-0.27	0.0	0.0	280.19					0.0	0.0	-0.16	0.0	0.0	-0.08	-0.16	0.0	0.0	26.38					0.0	0.0	0.42	0.0	0.0	0.2	0.42	0.0	0.0	56.82					0.0	0.0	0.4099999999999997	0.0	0.0	0.21136508505167573	0.4099999999999997	0.005048036460749862	0.005024219833224874	80.94814551331893				
2023-08-23 07:00:00	0	1.94	1.94	1.94	1.94	BELL.MI	1.54	1.54	1.54	1.54	2.04	1.41	-1.0	-1.0	1.0	-1	-1.0	-1.0	1.0	-1.0	-1.0	1.0										-1.0			2.57		1.54								0.0			1.57	-0.0	-0.0	0.44	-0.0	-0.0	0.23		0.44	0.0	0.0	79.73					1	-0.0	-0.0	-0.27	-0.0	-0.0	-0.1	-0.27	0.0	0.0	280.19					0.0	0.0	-0.16	0.0	0.0	-0.08	-0.16	0.0	0.0	32.27					0.0	0.0	0.42	0.0	0.0	0.2	0.42	0.0	0.0	64.2					0.0	0.0	0.4099999999999997	0.0	0.0	0.21136508505167573	0.4099999999999997	0.00476137736459838	0.00473868584668069	79.72511169629718				
2023-08-24 07:00:00	0	1.94	1.94	1.94	1.94	BELL.MI	1.55	1.55	1.55	1.55	2.04	1.41	-1.0	-1.0	1.0	-1	-1.0	-1.0	1.0	-1.0	-1.0	1.0										-1.0			2.57	1.55									0.0			1.57	-0.0	-0.0	0.44	-0.0	-0.0	0.23		0.44	0.0	0.0	79.28					1	-0.0	-0.0	-0.27	-0.0	-0.0	-0.1	-0.27	0.0	0.0	280.19					0.0	0.0	-0.16	0.0	0.0	-0.08	-0.16	0.0	0.0	36.09					0.0	0.0	0.42	0.0	0.0	0.2	0.42	0.0	0.0	68.59					0.0	0.0	0.4099999999999997	0.0	0.0	0.21136508505167573	0.4099999999999997	0.004663336752843233	0.004641023827660851	79.2816356638643				
2023-08-25 07:00:00	3000	1.93	1.86	1.86	1.93	BELL.MI	1.48	1.54	1.48	1.54	2.04	1.41	-1.0	-1.0	1.0	-1	-1.0	-1.0	1.0	-1.0	-1.0	1.0		1.86								-1.0			2.57										0.0			1.57	0.01	0.01	0.45	0.01	0.01	0.23		0.45	0.0	0.0	78.52					1	0.01	0.01	-0.26	0.01	0.01	-0.09	-0.26	0.0	0.0	280.55					-0.01	-0.01	-0.17	-0.01	-0.01	-0.08	-0.17	0.0	0.0	38.19					-0.01	-0.01	0.41	-0.01	-0.01	0.2	0.41	0.0	0.0	71.72					-0.0	-0.0	0.4099999999999997	-0.0	-0.0	0.21136508505167573	0.4099999999999997	0.004463324899727023	0.004441774524090114	78.33333629076188				
2023-08-28 07:00:00	0	1.93	1.93	1.93	1.93	BELL.MI	1.52	1.52	1.52	1.52	2.04	1.41	-1.0	-1.0	1.0	-1	-1.0	-1.0	1.0	-1.0	-1.0	1.0										-1.0			2.57										0.0			1.57	-0.0	-0.0	0.45	-0.0	-0.0	0.23		0.45	0.0	0.0	78.52					1	-0.0	-0.0	-0.26	-0.0	-0.0	-0.09	-0.26	0.0	0.0	280.55					0.0	0.0	-0.17	0.0	0.0	-0.08	-0.17	0.0	0.0	38.19					0.0	0.0	0.41	0.0	0.0	0.2	0.41	0.0	0.0	71.72					0.0	0.0	0.4099999999999997	0.0	0.0	0.21136508505167573	0.4099999999999997	0.004463324899727023	0.004441774524090114	78.33333629076188				
2023-08-29 07:00:00	0	1.93	1.93	1.93	1.93	BELL.MI	1.5	1.5	1.5	1.5	2.04	1.41	-1.0	-1.0	1.0	-1	-1.0	-1.0	1.0	-1.0	-1.0	1.0										-1.0			2.57		1.5								0.0			1.57	-0.0	-0.0	0.45	-0.0	-0.0	0.23		0.45	0.0	0.0	77.13					1	-0.0	-0.0	-0.26	-0.0	-0.0	-0.09	-0.26	0.0	0.0	280.55					0.0	0.0	-0.17	0.0	0.0	-0.08	-0.17	0.0	0.0	44.74					0.0	0.0	0.41	0.0	0.0	0.2	0.41	0.0	0.0	80.24					0.0	0.0	0.4099999999999997	0.0	0.0	0.21136508505167573	0.4099999999999997	0.004188064648348812	0.004167542163801441	76.92339039004383				
2023-08-30 07:00:00	500	1.94	1.94	1.94	1.94	BELL.MI	1.51	1.51	1.51	1.51	2.04	1.41	-1.0	-1.0	1.0	-1	-1.0	-1.0	1.0	-1.0	-1.0	1.0	1.94		1.94							-1.0			2.57	1.51									0.0			1.57	-0.01	-0.01	0.44	-0.01	-0.01	0.23		0.44	0.0	0.0	88.79					1	-0.01	-0.01	-0.27	-0.01	-0.01	-0.1	-0.27	0.0	0.0	269.25					0.01	0.01	-0.16	0.01	0.01	-0.08	-0.16	0.0	0.0	40.08					0.01	0.01	0.42	0.01	0.01	0.2	0.42	0.0	0.0	77.44					0.0	0.0	0.4099999999999997	0.0	0.0	0.21136508505167573	0.4099999999999997	0.004509011568454286	0.0044909532076371494	92.47569171402739				
2023-08-31 07:00:00	5500	1.94	1.87	1.87	1.94	BELL.MI	1.46	1.51	1.46	1.51	2.04	1.41	-1.0	-1.0	1.0	-1	-1.0	-1.0	1.0	-1.0	-1.0	1.0		1.87								-1.0			2.57		1.46		1.46						0.0			1.57	-0.0	-0.0	0.44	-0.0	-0.0	0.23		0.44	0.0	0.0	100.58					1	-0.0	-0.0	-0.27	-0.0	-0.0	-0.1	-0.27	0.0	0.0	269.25					0.0	0.0	-0.16	0.0	0.0	-0.08	-0.16	0.0	0.0	36.55					0.0	0.0	0.42	0.0	0.0	0.2	0.42	0.0	0.0	75.39					0.0	0.0	0.4099999999999997	0.0	0.0	0.21136508505167573	0.4099999999999997	0.00474758736696963	0.004731101880119937	104.56589307464688				
2023-09-01 07:00:00	0	1.94	1.94	1.94	1.94	BELL.MI	1.52	1.52	1.52	1.52	2.04	1.41	-1.0	-1.0	1.0	0	-1.0	-1.0	1.0	-1.0	-1.0	1.0										-1.0			2.57										0.0			1.57	-0.0	-0.0	0.44	-0.0	-0.0	0.23		0.44	0.0	0.0	100.58					1	-0.0	-0.0	-0.27	-0.0	-0.0	-0.1	-0.27	0.0	0.0	269.25					0.0	0.0	-0.16	0.0	0.0	-0.08	-0.16	0.0	0.0	36.55					0.0	0.0	0.42	0.0	0.0	0.2	0.42	0.0	0.0	75.39					0.0	0.0	0.4099999999999997	0.0	0.0	0.21136508505167573	0.4099999999999997	0.00474758736696963	0.004731101880119937	104.56589307464688				
2023-09-04 07:00:00	0	1.94	1.94	1.94	1.94	BELL.MI	1.52	1.52	1.52	1.52	2.04	1.41	-1.0	-1.0	1.0	0	-1.0	-1.0	1.0	-1.0	-1.0	1.0	1.94									-1.0			2.57										0.0			1.57	-0.0	-0.0	0.44	-0.0	-0.0	0.23		0.44	0.0	0.0	99.24					1	0.0	0.0	-0.27	0.0	0.0	-0.1	-0.27	0.0	0.0	269.25					0.0	0.0	-0.16	0.0	0.0	-0.08	-0.16	0.0	0.0	43.52					0.0	0.0	0.42	0.0	0.0	0.2	0.42	0.0	0.0	84.43					0.0	0.0	0.4099999999999997	0.0	0.0	0.21136508505167573	0.4099999999999997	0.004486545419066884	0.004470866863073741	103.25559836963485				
2023-09-05 07:00:00	0	1.94	1.94	1.94	1.94	BELL.MI	1.52	1.52	1.52	1.52	2.04	1.41	-1.0	-1.0	1.0	0	-1.0	-1.0	1.0	-1.0	-1.0	1.0										-1.0			2.57										0.0			1.57	-0.0	-0.0	0.44	-0.0	-0.0	0.23		0.44	0.0	0.0	98.87					1	0.0	0.0	-0.27	0.0	0.0	-0.1	-0.27	0.0	0.0	269.25					0.0	0.0	-0.16	0.0	0.0	-0.08	-0.16	0.0	0.0	47.65					0.0	0.0	0.42	0.0	0.0	0.2	0.42	0.0	0.0	89.12					0.0	0.0	0.4099999999999997	0.0	0.0	0.21136508505167573	0.4099999999999997	0.0044198783359449025	0.004404402632457671	102.90187315525162				
2023-09-06 07:00:00	2500	1.94	1.92	1.92	1.94	BELL.MI	1.53	1.55	1.53	1.55	2.04	1.41	-1.0	-1.0	1.0	0	-1.0	-1.0	1.0	-1.0	-1.0	1.0										-1.0			2.57	1.55		1.55							0.0			1.57	-0.0	-0.0	0.44	-0.0	-0.0	0.23		0.44	0.0	0.0	110.21					1	0.0	0.0	-0.27	0.0	0.0	-0.1	-0.27	0.0	0.0	269.25					0.0	0.0	-0.16	0.0	0.0	-0.08	-0.16	0.0	0.0	44.64					0.0	0.0	0.42	0.0	0.0	0.2	0.42	0.0	0.0	87.42					0.0	0.0	0.4099999999999997	0.0	0.0	0.21136508505167573	0.4099999999999997	0.004627276100859471	0.004613049026913618	114.53170718485312				
2023-09-07 07:00:00	1500	1.94	1.89	1.94	1.93	BELL.MI	1.55	1.55	1.51	1.54	2.04	1.41	-1.0	-1.0	1.0	0	-1.0	-1.0	1.0	-1.0	-1.0	1.0		1.89								-1.0			2.57		1.51								0.0			1.57	0.01	0.01	0.45	0.01	0.01	0.23		0.45	0.0	0.0	110.08					1	-0.0	-0.0	-0.27	-0.0	-0.0	-0.1	-0.27	0.0	0.0	269.25					-0.01	-0.01	-0.17	-0.01	-0.01	-0.08	-0.17	0.0	0.0	45.06					-0.01	-0.01	0.41	-0.01	-0.01	0.2	0.41	0.0	0.0	88.07					-0.0	-0.0	0.4099999999999997	-0.0	-0.0	0.21136508505167573	0.4099999999999997	0.004561452925421727	0.004547411250752198	114.19428267089077				
2023-09-08 07:00:00	0	1.93	1.93	1.93	1.93	BELL.MI	1.54	1.54	1.54	1.54	2.04	1.41	-1.0	-1.0	1.0	0	-1.0	-1.0	1.0	-1.0	-1.0	1.0	1.93									-1.0			2.57	1.54									0.0			1.57	-0.0	-0.0	0.45	-0.0	-0.0	0.23		0.45	0.0	0.0	110.08					1	0.0	0.0	-0.27	0.0	0.0	-0.1	-0.27	0.0	0.0	269.25					0.0	0.0	-0.17	0.0	0.0	-0.08	-0.17	0.0	0.0	45.06					0.0	0.0	0.41	0.0	0.0	0.2	0.41	0.0	0.0	88.07					0.0	0.0	0.4099999999999997	0.0	0.0	0.21136508505167573	0.4099999999999997	0.004561452925421727	0.004547411250752198	114.19428267089077				
2023-09-11 07:00:00	1500	1.9	1.88	1.88	1.9	BELL.MI	1.48	1.5	1.48	1.5	2.04	1.41	-1.0	-1.0	1.0	0	-1.0	-1.0	1.0	-1.0	-1.0	1.0										-1.0			2.57										0.0			1.57	0.03	0.03	0.48	0.02	0.02	0.25		0.48	0.0	0.0	109.29					1	-0.0	-0.0	-0.27	-0.0	-0.0	-0.1	-0.27	0.0	0.0	269.25					-0.03	-0.03	-0.2	-0.02	-0.02	-0.1	-0.2	0.0	0.0	47.54					-0.03	-0.03	0.38	-0.02	-0.02	0.18	0.38	0.0	0.0	91.96					-0.0	-0.0	0.4099999999999997	-0.0	-0.0	0.21136508505167573	0.4099999999999997	0.004292460752066607	0.004279164153697446	112.73117986142886				
2023-09-12 07:00:00	4000	1.9	1.83	1.9	1.88	BELL.MI	1.49	1.49	1.44	1.48	2.04	1.41	-1.0	-1.0	-1.0	-1	-1.0	-1.0	1.0	-1.0	-1.0	1.0										-1.0			2.57										0.0			1.57	0.02	0.02	0.5	0.01	0.01	0.27		0.5	0.0	0.0	122.52					1	-0.0	-0.0	-0.27	-0.0	-0.0	-0.1	-0.27	0.0	0.0	269.25					-0.02	-0.02	-0.22	-0.01	-0.01	-0.1	-0.22	0.0	0.0	39.38					-0.02	-0.02	0.36	-0.01	-0.01	0.17	0.36	0.0	0.0	84.66					-0.0	-0.0	0.4099999999999997	-0.0	-0.0	0.21136508505167573	0.4099999999999997	0.004489346843337886	0.004477196405581418	125.92010411227218				
2023-09-13 07:00:00	22000	1.9	1.78	1.85	1.8	BELL.MI	1.46	1.5	1.4	1.42	2.04	1.4	-1.0	-1.0	-1.0	-1	-1.0	-1.0	1.0	-1.0	-1.0	1.0		1.78		1.78						-1.0			2.57		1.4		1.4						0.0			1.57	0.08	0.08	0.58	0.04	0.04	0.32		0.58	0.01	0.01	132.63					1	0.08	0.08	-0.19	0.04	0.04	-0.05	-0.19	0.0	0.0	272.17					-0.08	-0.08	-0.3	-0.04	-0.04	-0.14	-0.3	0.0	0.0	28.83					-0.08	-0.08	0.28	-0.04	-0.04	0.12	0.28	0.0	0.0	72.24					-0.0	-0.0	0.4099999999999997	-0.0	-0.0	0.21136508505167573	0.4099999999999997	0.004643977583885354	0.004632583186534811	134.7225138149376				
2023-09-14 07:00:00	1000	1.85	1.84	1.84	1.85	BELL.MI	1.43	1.44	1.43	1.44	2.04	1.4	-1.0	-1.0	-1.0	-1	-1.0	-1.0	1.0	-1.0	-1.0	1.0										-1.0			2.57										0.0			1.57	-0.05	-0.05	0.53	-0.03	-0.03	0.29		0.53	0.0	0.0	120.79					1	-0.05	-0.05	-0.24	-0.03	-0.03	-0.08	-0.24	0.0	0.0	241.33					0.05	0.05	-0.25	0.03	0.03	-0.12	-0.25	0.0	0.0	36.18					0.05	0.05	0.33	0.03	0.03	0.15	0.33	0.0	0.0	73.46					0.0	0.0	0.4099999999999997	0.0	0.0	0.21136508505167573	0.4099999999999997	0.004577031586521223	0.00456579605719476	134.37984981368788				
2023-09-15 07:00:00	2500	1.88	1.87	1.87	1.88	BELL.MI	1.45	1.46	1.45	1.46	2.04	1.4	-1.0	-1.0	-1.0	-1	-1.0	-1.0	1.0	-1.0	-1.0	1.0										-1.0			2.57										0.0			1.57	-0.03	-0.03	0.5	-0.02	-0.02	0.27		0.5	0.0	0.0	111.45					1	-0.03	-0.03	-0.27	-0.02	-0.02	-0.1	-0.27	0.0	0.0	223.23					0.03	0.03	-0.22	0.02	0.02	-0.1	-0.22	0.0	0.0	46.43					0.03	0.03	0.36	0.02	0.02	0.17	0.36	0.0	0.0	71.72					0.0	0.0	0.4099999999999997	0.0	0.0	0.21136508505167573	0.4099999999999997	0.00423363122878495	0.004223193161394745	132.48382344422782				
2023-09-18 07:00:00	8000	1.9	1.88	1.89	1.9	BELL.MI	1.49	1.49	1.48	1.49	2.04	1.4	-1.0	-1.0	-1.0	-1	-1.0	-1.0	1.0	-1.0	-1.0	1.0										-1.0			2.57										0.0			1.57	-0.02	-0.02	0.48	-0.01	-0.01	0.25		0.48	0.0	0.0	113.27					1	-0.02	-0.02	-0.29	-0.01	-0.01	-0.1	-0.29	0.0	0.0	210.37					0.02	0.02	-0.2	0.01	0.01	-0.1	-0.2	0.0	0.0	45.76					0.02	0.02	0.38	0.01	0.01	0.18	0.38	0.0	0.0	78.71					0.0	0.0	0.4099999999999997	0.0	0.0	0.21136508505167573	0.4099999999999997	0.004380882002581814	0.004371146000390347	142.13359837723928				
2023-09-19 07:00:00	500	1.92	1.92	1.92	1.92	BELL.MI	1.5	1.5	1.5	1.5	2.04	1.4	-1.0	-1.0	-1.0	-1	-1.0	-1.0	1.0	-1.0	-1.0	1.0										-1.0			2.57	1.5									0.0			1.57	-0.02	-0.02	0.46	-0.01	-0.01	0.24		0.46	0.0	0.0	106.88					1	-0.02	-0.02	-0.31	-0.01	-0.01	-0.11	-0.31	0.0	0.0	198.21					0.02	0.02	-0.18	0.01	0.01	-0.09	-0.18	0.0	0.0	51.18					0.02	0.02	0.4	0.01	0.01	0.19	0.4	0.0	0.0	78.82					0.0	0.0	0.4099999999999997	0.0	0.0	0.21136508505167573	0.4099999999999997	0.004310751694362586	0.004301164688163661	141.74114752391017				
2023-09-20 07:00:00	0	1.92	1.92	1.92	1.92	BELL.MI	1.48	1.48	1.48	1.48	2.04	1.4	-1.0	-1.0	-1.0	-1	-1.0	-1.0	1.0	-1.0	-1.0	1.0										-1.0			2.57		1.48								0.0			1.57	-0.0	-0.0	0.46	-0.0	-0.0	0.24		0.46	0.0	0.0	106.88					1	-0.0	-0.0	-0.31	-0.0	-0.0	-0.11	-0.31	0.0	0.0	198.21					0.0	0.0	-0.18	0.0	0.0	-0.09	-0.18	0.0	0.0	51.18					0.0	0.0	0.4	0.0	0.0	0.19	0.4	0.0	0.0	78.82					0.0	0.0	0.4099999999999997	0.0	0.0	0.21136508505167573	0.4099999999999997	0.004310751694362586	0.004301164688163661	141.74114752391017				
2023-09-21 07:00:00	0	1.92	1.92	1.92	1.92	BELL.MI	1.5	1.5	1.5	1.5	2.04	1.4	-1.0	-1.0	-1.0	-1	-1.0	-1.0	1.0	-1.0	-1.0	1.0	1.92									-1.0			2.57										0.0			1.57	-0.0	-0.0	0.46	-0.0	-0.0	0.24		0.46	0.0	0.0	106.88					1	-0.0	-0.0	-0.31	-0.0	-0.0	-0.11	-0.31	0.0	0.0	198.21					0.0	0.0	-0.18	0.0	0.0	-0.09	-0.18	0.0	0.0	51.18					0.0	0.0	0.4	0.0	0.0	0.19	0.4	0.0	0.0	78.82					0.0	0.0	0.4099999999999997	0.0	0.0	0.21136508505167573	0.4099999999999997	0.004310751694362586	0.004301164688163661	141.74114752391017				
2023-09-22 07:00:00	0	1.92	1.92	1.92	1.92	BELL.MI	1.51	1.51	1.51	1.51	2.04	1.4	-1.0	-1.0	-1.0	-1	-1.0	-1.0	1.0	-1.0	-1.0	1.0										-1.0			2.57										0.0			1.57	-0.0	-0.0	0.46	-0.0	-0.0	0.24		0.46	0.0	0.0	114.76					1	-0.0	-0.0	-0.31	-0.0	-0.0	-0.11	-0.31	0.0	0.0	198.21					0.0	0.0	-0.18	0.0	0.0	-0.09	-0.18	0.0	0.0	49.55					0.0	0.0	0.4	0.0	0.0	0.19	0.4	0.0	0.0	85.34					0.0	0.0	0.4099999999999997	0.0	0.0	0.21136508505167573	0.4099999999999997	0.004453388428043511	0.004444476382382545	151.97206092271307				
2023-09-25 07:00:00	0	1.92	1.92	1.92	1.92	BELL.MI	1.52	1.52	1.52	1.52	2.04	1.4	-1.0	-1.0	-1.0	-1	-1.0	-1.0	1.0	-1.0	-1.0	1.0										-1.0			2.57	1.52									0.0			1.57	-0.0	-0.0	0.46	-0.0	-0.0	0.24		0.46	0.0	0.0	113.99					1	-0.0	-0.0	-0.31	-0.0	-0.0	-0.11	-0.31	0.0	0.0	198.21					0.0	0.0	-0.18	0.0	0.0	-0.09	-0.18	0.0	0.0	55.33					0.0	0.0	0.4	0.0	0.0	0.19	0.4	0.0	0.0	84.27					0.0	0.0	0.4099999999999997	0.0	0.0	0.21136508505167573	0.4099999999999997	0.004312005615280561	0.0043033704847113	151.20102219462456				
2023-09-26 07:00:00	1500	1.85	1.85	1.85	1.85	BELL.MI	1.48	1.48	1.48	1.48	2.04	1.4	-1.0	-1.0	-1.0	-1	-1.0	-1.0	1.0	-1.0	-1.0	1.0		1.85								-1.0			2.57		1.48								0.0			1.57	0.07	0.07	0.53	0.04	0.04	0.29		0.53	0.0	0.0	115.61					1	0.07	0.07	-0.24	0.04	0.04	-0.08	-0.24	0.0	0.0	200.98					-0.07	-0.07	-0.25	-0.04	-0.04	-0.12	-0.25	0.0	0.0	46.85					-0.07	-0.07	0.33	-0.04	-0.04	0.15	0.33	0.0	0.0	74.11					-0.0	-0.0	0.4099999999999997	-0.0	-0.0	0.21136508505167573	0.4099999999999997	0.004312005615280561	0.0043033704847113	151.20102219462456				
2023-09-27 07:00:00	4500	1.92	1.82	1.82	1.92	BELL.MI	1.46	1.54	1.46	1.54	2.04	1.4	-1.0	-1.0	-1.0	-1	-1.0	-1.0	1.0	-1.0	-1.0	1.0										-1.0			2.57										0.0			1.57	-0.07	-0.07	0.46	-0.04	-0.04	0.24		0.46	0.0	0.0	112.5					1	-0.07	-0.07	-0.31	-0.04	-0.04	-0.11	-0.31	0.0	0.0	174.41					0.07	0.07	-0.18	0.04	0.04	-0.09	-0.18	0.0	0.0	47.94					0.07	0.07	0.4	0.04	0.04	0.19	0.4	0.0	0.0	84.26					0.0	0.0	0.4099999999999997	0.0	0.0	0.21136508505167573	0.4099999999999997	0.004463937979466579	0.004456072512271314	165.9050957374601				
2023-09-28 07:00:00	0	1.92	1.92	1.92	1.92	BELL.MI	1.53	1.53	1.53	1.53	2.04	1.4	-1.0	-1.0	-1.0	-1	-1.0	-1.0	1.0	-1.0	-1.0	1.0										-1.0			2.57										0.0			1.57	-0.0	-0.0	0.46	-0.0	-0.0	0.24		0.46	0.0	0.0	112.5					1	-0.0	-0.0	-0.31	-0.0	-0.0	-0.11	-0.31	0.0	0.0	174.41					0.0	0.0	-0.18	0.0	0.0	-0.09	-0.18	0.0	0.0	47.94					0.0	0.0	0.4	0.0	0.0	0.19	0.4	0.0	0.0	84.26					0.0	0.0	0.4099999999999997	0.0	0.0	0.21136508505167573	0.4099999999999997	0.004463937979466579	0.004456072512271314	165.9050957374601				
2023-09-29 07:00:00	0	1.92	1.92	1.92	1.92	BELL.MI	1.53	1.53	1.53	1.53	2.04	1.4	-1.0	-1.0	-1.0	-1	-1.0	-1.0	1.0	-1.0	-1.0	1.0	1.92									-1.0			2.57										0.0			1.57	-0.0	-0.0	0.46	-0.0	-0.0	0.24		0.46	0.0	0.0	112.5					1	-0.0	-0.0	-0.31	-0.0	-0.0	-0.11	-0.31	0.0	0.0	174.41					0.0	0.0	-0.18	0.0	0.0	-0.09	-0.18	0.0	0.0	47.94					0.0	0.0	0.4	0.0	0.0	0.19	0.4	0.0	0.0	84.26					0.0	0.0	0.4099999999999997	0.0	0.0	0.21136508505167573	0.4099999999999997	0.004463937979466579	0.004456072512271314	165.9050957374601				
2023-10-02 07:00:00	0	1.92	1.92	1.92	1.92	BELL.MI	1.55	1.55	1.55	1.55	2.04	1.4	-1.0	-1.0	1.0	-1	-1.0	-1.0	1.0	-1.0	-1.0	1.0										-1.0			2.57	1.55		1.55							0.0			1.57	-0.0	-0.0	0.46	-0.0	-0.0	0.24		0.46	0.0	0.0	112.5					1	-0.0	-0.0	-0.31	-0.0	-0.0	-0.11	-0.31	0.0	0.0	174.41					0.0	0.0	-0.18	0.0	0.0	-0.09	-0.18	0.0	0.0	47.94					0.0	0.0	0.4	0.0	0.0	0.19	0.4	0.0	0.0	84.26					0.0	0.0	0.4099999999999997	0.0	0.0	0.21136508505167573	0.4099999999999997	0.004463937979466579	0.004456072512271314	165.9050957374601				
2023-10-03 07:00:00	6000	1.92	1.8	1.85	1.92	BELL.MI	1.51	1.57	1.47	1.57	2.04	1.4	-1.0	-1.0	1.0	-1	-1.0	-1.0	1.0	-1.0	-1.0	1.0										-1.0			2.57										0.0			1.57	-0.0	-0.0	0.46	-0.0	-0.0	0.24		0.46	0.0	0.0	112.5					1	-0.0	-0.0	-0.31	-0.0	-0.0	-0.11	-0.31	0.0	0.0	174.41					0.0	0.0	-0.18	0.0	0.0	-0.09	-0.18	0.0	0.0	47.94					0.0	0.0	0.4	0.0	0.0	0.19	0.4	0.0	0.0	84.26					0.0	0.0	0.4099999999999997	0.0	0.0	0.21136508505167573	0.4099999999999997	0.004463937979466579	0.004456072512271314	165.9050957374601				
2023-10-04 07:00:00	4500	1.89	1.8	1.83	1.84	BELL.MI	1.5	1.55	1.47	1.51	2.04	1.4	-1.0	-1.0	1.0	-1	-1.0	-1.0	1.0	-1.0	-1.0	1.0										-1.0			2.57										0.0			1.57	0.08	0.08	0.54	0.04	0.04	0.29		0.54	0.0	0.0	114.18					1	0.08	0.08	-0.23	0.04	0.04	-0.08	-0.23	0.0	0.0	177.27					-0.08	-0.08	-0.26	-0.04	-0.04	-0.12	-0.26	0.0	0.0	39.48					-0.08	-0.08	0.32	-0.04	-0.04	0.14	0.32	0.0	0.0	73.55					-0.0	-0.0	0.4099999999999997	-0.0	-0.0	0.21136508505167573	0.4099999999999997	0.004463937979466579	0.004456072512271314	165.9050957374601				
2023-10-05 07:00:00	3000	1.85	1.8	1.83	1.85	BELL.MI	1.5	1.51	1.47	1.51	2.04	1.4	-1.0	-1.0	1.0	-1	-1.0	-1.0	1.0	-1.0	-1.0	1.0										-1.0			2.57										0.0			1.57	-0.01	-0.01	0.53	-0.01	-0.01	0.29		0.53	0.0	0.0	109.3					1	-0.01	-0.01	-0.24	-0.01	-0.01	-0.08	-0.24	0.0	0.0	170.04					0.01	0.01	-0.25	0.01	0.01	-0.12	-0.25	0.0	0.0	44.13					0.01	0.01	0.33	0.01	0.01	0.15	0.33	0.0	0.0	73.37					0.0	0.0	0.4099999999999997	0.0	0.0	0.21136508505167573	0.4099999999999997	0.004393299255222938	0.004385559828731678	165.53065516128402				
2023-10-06 07:00:00	4500	1.83	1.79	1.8	1.82	BELL.MI	1.45	1.48	1.45	1.47	2.04	1.4	-1.0	-1.0	1.0	-1	-1.0	-1.0	1.0	-1.0	-1.0	1.0		1.79								-1.0			2.57										0.0			1.57	0.03	0.03	0.56	0.02	0.02	0.31		0.56	0.0	0.0	108.54					1	0.03	0.03	-0.21	0.02	0.02	-0.07	-0.21	0.0	0.0	171.08					-0.03	-0.03	-0.28	-0.02	-0.02	-0.13	-0.28	0.0	0.0	46.42					-0.03	-0.03	0.3	-0.02	-0.02	0.13	0.3	0.0	0.0	65.43					-0.0	-0.0	0.4099999999999997	-0.0	-0.0	0.21136508505167573	0.4099999999999997	0.0041045744917139896	0.00409733969409376	163.8864446869164				
2023-10-09 07:00:00	1000	1.82	1.8	1.8	1.82	BELL.MI	1.46	1.48	1.46	1.48	2.04	1.4	-1.0	-1.0	1.0	-1	-1.0	-1.0	1.0	-1.0	-1.0	1.0										-1.0			2.57										0.0			1.57	-0.0	-0.0	0.56	-0.0	-0.0	0.31		0.56	0.0	0.0	121.44					1	-0.0	-0.0	-0.21	-0.0	-0.0	-0.07	-0.21	0.0	0.0	171.08					0.0	0.0	-0.28	0.0	0.0	-0.13	-0.28	0.0	0.0	43.0					0.0	0.0	0.3	0.0	0.0	0.13	0.3	0.0	0.0	74.35					0.0	0.0	0.4099999999999997	0.0	0.0	0.21136508505167573	0.4099999999999997	0.004261480468076994	0.004255055760263415	185.13150149301262				
2023-10-10 07:00:00	1000	1.86	1.82	1.82	1.86	BELL.MI	1.44	1.48	1.44	1.48	2.04	1.4	-1.0	-1.0	1.0	-1	-1.0	-1.0	1.0	-1.0	-1.0	1.0	1.86									-1.0			2.57										0.0			1.57	-0.04	-0.04	0.52	-0.02	-0.02	0.28		0.52	0.0	0.0	112.0					1	-0.04	-0.04	-0.25	-0.02	-0.02	-0.09	-0.25	0.0	0.0	156.37					0.04	0.04	-0.24	0.02	0.02	-0.11	-0.24	0.0	0.0	45.19					0.04	0.04	0.34	0.02	0.02	0.15	0.34	0.0	0.0	75.74					0.0	0.0	0.4099999999999997	0.0	0.0	0.21136508505167573	0.4099999999999997	0.004261480468076994	0.004255055760263415	185.13150149301262				
2023-10-11 07:00:00	22500	1.86	1.74	1.81	1.81	BELL.MI	1.43	1.47	1.38	1.43	2.04	1.38	-1.0	-1.0	-1.0	-1	-1.0	-1.0	1.0	-1.0	-1.0	1.0										-1.0			2.57										0.0			1.57	0.05	0.05	0.57	0.03	0.03	0.31		0.57	0.0	0.0	113.1					1	0.05	0.05	-0.2	0.03	0.03	-0.06	-0.2	0.0	0.0	158.05					-0.05	-0.05	-0.29	-0.03	-0.03	-0.14	-0.29	0.0	0.0	38.69					-0.05	-0.05	0.29	-0.03	-0.03	0.12	0.29	0.0	0.0	68.08					-0.0	-0.0	0.4099999999999997	-0.0	-0.0	0.21136508505167573	0.4099999999999997	0.004261480468076994	0.004255055760263415	185.13150149301262				
2023-10-12 07:00:00	10000	1.8	1.7	1.77	1.72	BELL.MI	1.4	1.42	1.34	1.36	2.04	1.34	-1.0	-1.0	-1.0	-1	-1.0	-1.0	1.0	-1.0	-1.0	1.0										-1.0			2.57										0.0			1.57	0.09	0.09	0.66	0.05	0.05	0.38		0.66	0.0	0.0	113.71					1	0.09	0.09	-0.11	0.05	0.05	-0.01	-0.11	0.0	0.0	160.8					-0.09	-0.09	-0.38	-0.05	-0.05	-0.18	-0.38	0.0	0.0	36.84					-0.09	-0.09	0.2	-0.05	-0.05	0.07	0.2	0.0	0.0	55.07					-0.0	-0.0	0.4099999999999997	-0.0	-0.0	0.21136508505167573	0.4099999999999997	0.003969277092959503	0.003963300628625266	183.3874707410841				
2023-10-13 07:00:00	11000	1.76	1.64	1.68	1.64	BELL.MI	1.34	1.4	1.31	1.31	2.04	1.31	-1.0	-1.0	-1.0	-1	-1.0	-1.0	1.0	-1.0	-1.0	1.0		1.64								-1.0			2.57		1.31								0.0			1.57	0.08	0.08	0.74	0.05	0.05	0.45		0.74	0.01	0.01	126.04					1	0.08	0.08	-0.03	0.05	0.05	0.04	-0.03	0.0	0.0	162.99					-0.08	-0.08	-0.46	-0.05	-0.05	-0.22	-0.46	0.0	0.0	25.89					-0.08	-0.08	0.12	-0.05	-0.05	0.02	0.12	0.0	0.0	52.22					-0.0	-0.0	0.4099999999999997	-0.0	-0.0	0.21136508505167573	0.4099999999999997	0.004102871618959796	0.004097513408401587	203.02338131134647				
2023-10-16 07:00:00	24000	1.84	1.61	1.61	1.77	BELL.MI	1.27	1.46	1.27	1.4	2.04	1.27	-1.0	-1.0	-1.0	-1	-1.0	-1.0	1.0	-1.0	-1.0	1.0										-1.0			2.57										0.0			1.57	-0.13	-0.13	0.61	-0.08	-0.08	0.34		0.61	0.01	0.01	107.88					1	-0.13	-0.13	-0.16	-0.08	-0.08	-0.04	-0.16	0.0	0.0	130.24					0.13	0.13	-0.33	0.08	0.08	-0.16	-0.33	0.0	0.0	32.73					0.13	0.13	0.25	0.08	0.08	0.1	0.25	0.0	0.0	61.22					0.0	0.0	0.4099999999999997	0.0	0.0	0.21136508505167573	0.4099999999999997	0.004206559590297598	0.0042015941851540894	213.11282155398217				
2023-10-17 07:00:00	18500	1.88	1.66	1.75	1.71	BELL.MI	1.39	1.49	1.32	1.35	2.04	1.27	-1.0	-1.0	-1.0	-1	-1.0	-1.0	1.0	-1.0	-1.0	1.0	1.88		1.88							-1.0			2.57	1.49									0.0			1.57	0.06	0.06	0.67	0.03	0.03	0.39		0.67	0.01	0.01	108.93					1	0.06	0.06	-0.1	0.03	0.03	-0.01	-0.1	0.0	0.0	131.71					-0.06	-0.06	-0.39	-0.03	-0.03	-0.19	-0.39	0.0	0.0	26.59					-0.06	-0.06	0.19	-0.03	-0.03	0.06	0.19	0.0	0.0	54.04					-0.0	-0.0	0.4099999999999997	-0.0	-0.0	0.21136508505167573	0.4099999999999997	0.004206559590297598	0.0042015941851540894	213.11282155398217				
2023-10-18 07:00:00	9500	1.75	1.66	1.67	1.71	BELL.MI	1.33	1.4	1.33	1.37	2.04	1.27	-1.0	-1.0	-1.0	-1	-1.0	-1.0	1.0	-1.0	-1.0	1.0										-1.0			2.57		1.33								0.0			1.57	-0.0	-0.0	0.67	-0.0	-0.0	0.39		0.67	0.01	0.01	113.88					1	-0.0	-0.0	-0.1	-0.0	-0.0	-0.01	-0.1	0.0	0.0	131.71					0.0	0.0	-0.39	0.0	0.0	-0.19	-0.39	0.0	0.0	25.79					0.0	0.0	0.19	0.0	0.0	0.06	0.19	0.0	0.0	57.85					0.0	0.0	0.4099999999999997	0.0	0.0	0.21136508505167573	0.4099999999999997	0.004308435842666595	0.004303858617248135	223.55423612757647				
2023-10-19 07:00:00	0	1.71	1.71	1.71	1.71	BELL.MI	1.39	1.39	1.39	1.39	2.0	1.27	-1.0	-1.0	-1.0	-1	-1.0	-1.0	1.0	-1.0	-1.0	1.0										-1.0			2.57	1.39									0.0			1.57	-0.0	-0.0	0.67	-0.0	-0.0	0.39		0.67	0.01	0.01	113.88					1	-0.0	-0.0	-0.1	-0.0	-0.0	-0.01	-0.1	0.0	0.0	131.71					0.0	0.0	-0.39	0.0	0.0	-0.19	-0.39	0.0	0.0	25.79					0.0	0.0	0.19	0.0	0.0	0.06	0.19	0.0	0.0	57.85					0.0	0.0	0.4099999999999997	0.0	0.0	0.21136508505167573	0.4099999999999997	0.004308435842666595	0.004303858617248135	223.55423612757647				
2023-10-20 07:00:00	9000	1.69	1.61	1.63	1.65	BELL.MI	1.34	1.39	1.32	1.36	1.97	1.27	-1.0	-1.0	-1.0	-1	-1.0	-1.0	1.0	-1.0	-1.0	1.0		1.61								-1.0			2.57										0.0			1.57	0.06	0.06	0.73	0.04	0.04	0.44		0.73	0.01	0.01	114.85					1	0.06	0.06	-0.04	0.04	0.04	0.03	-0.04	0.0	0.0	133.09					-0.06	-0.06	-0.45	-0.04	-0.04	-0.21	-0.45	0.0	0.0	19.85					-0.06	-0.06	0.13	-0.04	-0.04	0.02	0.13	0.0	0.0	50.86					-0.0	-0.0	0.4099999999999997	-0.0	-0.0	0.21136508505167573	0.4099999999999997	0.004308435842666595	0.004303858617248135	223.55423612757647				
2023-10-23 07:00:00	0	1.65	1.65	1.65	1.65	BELL.MI	1.35	1.35	1.35	1.35	1.97	1.27	-1.0	-1.0	-1.0	-1	-1.0	-1.0	1.0	-1.0	-1.0	1.0										-1.0			2.57		1.35								0.0			1.57	-0.0	-0.0	0.73	-0.0	-0.0	0.44		0.73	0.01	0.01	114.85					1	-0.0	-0.0	-0.04	-0.0	-0.0	0.03	-0.04	0.0	0.0	133.09					0.0	0.0	-0.45	0.0	0.0	-0.21	-0.45	0.0	0.0	19.85					0.0	0.0	0.13	0.0	0.0	0.02	0.13	0.0	0.0	50.86					0.0	0.0	0.4099999999999997	0.0	0.0	0.21136508505167573	0.4099999999999997	0.004308435842666595	0.004303858617248135	223.55423612757647				
2023-10-24 07:00:00	3000	1.69	1.62	1.65	1.69	BELL.MI	1.34	1.38	1.32	1.38	1.95	1.27	-1.0	-1.0	-1.0	-1	-1.0	-1.0	1.0	-1.0	-1.0	1.0	1.69									-1.0			2.57	1.38									0.0			1.57	-0.04	-0.04	0.69	-0.02	-0.02	0.41		0.69	0.01	0.01	106.39					1	-0.04	-0.04	-0.08	-0.02	-0.02	0.01	-0.08	0.0	0.0	122.49					0.04	0.04	-0.41	0.02	0.02	-0.2	-0.41	0.0	0.0	22.1					0.04	0.04	0.17	0.02	0.02	0.05	0.17	0.0	0.0	52.23					0.0	0.0	0.4099999999999997	0.0	0.0	0.21136508505167573	0.4099999999999997	0.004308435842666595	0.004303858617248135	223.55423612757647				
2023-10-25 07:00:00	9000	1.61	1.54	1.61	1.58	BELL.MI	1.32	1.32	1.26	1.29	1.88	1.26	-1.0	-1.0	-1.0	-1	-1.0	-1.0	1.0	-1.0	-1.0	1.0										-1.0			2.57										0.0			1.57	0.11	0.11	0.8	0.07	0.07	0.51		0.8	0.01	0.01	107.89					1	0.11	0.11	0.03	0.07	0.07	0.08	0.03	0.01	0.01	124.87					-0.11	-0.11	-0.52	-0.07	-0.07	-0.25	-0.52	0.0	0.0	17.6					-0.11	-0.11	0.06	-0.07	-0.07	-0.02	0.06	0.0	0.0	42.16					-0.0	-0.0	0.4099999999999997	-0.0	-0.0	0.21136508505167573	0.4099999999999997	0.00423439284255579	0.0042299016685745094	223.1797161030668				
2023-10-26 07:00:00	30000	1.55	1.45	1.53	1.45	BELL.MI	1.25	1.27	1.18	1.18	1.86	1.18	-1.0	-1.0	-1.0	-1	-1.0	-1.0	1.0	-1.0	-1.0	1.0		1.45								-1.0			2.57		1.18								0.0			1.57	0.13	0.13	0.93	0.08	0.09	0.64		0.93	0.01	0.01	109.05					1	0.13	0.13	0.16	0.08	0.09	0.17	0.16	0.01	0.01	127.39					-0.13	-0.13	-0.65	-0.08	-0.09	-0.31	-0.65	0.0	0.0	14.1					-0.13	-0.13	-0.07	-0.08	-0.09	-0.1	-0.07	0.0	0.0	30.06					-0.0	-0.0	0.4099999999999997	-0.0	-0.0	0.21136508505167573	0.4099999999999997	0.003931753632612674	0.003927605717952254	221.51754856373884				
2023-10-27 07:00:00	70500	1.55	1.44	1.44	1.48	BELL.MI	1.19	1.28	1.19	1.22	1.86	1.18	-1.0	-1.0	-1.0	-1	-1.0	-1.0	1.0	-1.0	-1.0	1.0	1.55									-1.0			2.57	1.28									0.0			1.57	-0.03	-0.03	0.9	-0.02	-0.02	0.61		0.9	0.01	0.01	102.0					1	-0.03	-0.03	0.13	-0.02	-0.02	0.15	0.13	0.01	0.01	118.74					0.03	0.03	-0.62	0.02	0.02	-0.3	-0.62	0.0	0.0	15.89					0.03	0.03	-0.04	0.02	0.02	-0.08	-0.04	0.0	0.0	31.39					0.0	0.0	0.4099999999999997	0.0	0.0	0.21136508505167573	0.4099999999999997	0.003931753632612674	0.003927605717952254	221.51754856373884				
2023-10-30 08:00:00	38500	1.55	1.38	1.48	1.38	BELL.MI	1.22	1.27	1.13	1.13	1.86	1.13	-1.0	-1.0	-1.0	-1	-1.0	-1.0	1.0	-1.0	-1.0	1.0										-1.0			2.57										0.0			1.57	0.1	0.1	1.0	0.07	0.07	0.72		1.0	0.01	0.01	102.54					1	0.1	0.1	0.23	0.07	0.07	0.23	0.23	0.01	0.01	120.54					-0.1	-0.1	-0.72	-0.07	-0.07	-0.34	-0.72	0.0	0.0	14.32					-0.1	-0.1	-0.14	-0.07	-0.07	-0.14	-0.14	0.0	0.0	20.74					-0.0	-0.0	0.4099999999999997	-0.0	-0.0	0.21136508505167573	0.4099999999999997	0.0035380212857960237	0.0035342995897533758	218.97816968141547				
2023-10-31 08:00:00	42000	1.45	1.35	1.4	1.43	BELL.MI	1.13	1.17	1.09	1.16	1.86	1.09	-1.0	-1.0	-1.0	-1	-1.0	-1.0	1.0	-1.0	-1.0	1.0		1.35								-1.0			2.57		1.09								0.0			1.57	-0.05	-0.05	0.95	-0.04	-0.04	0.66		0.95	0.01	0.01	99.08					1	-0.05	-0.05	0.18	-0.04	-0.04	0.19	0.18	0.01	0.01	108.96					0.05	0.05	-0.67	0.04	0.04	-0.32	-0.67	0.0	0.0	15.73					0.05	0.05	-0.09	0.04	0.04	-0.11	-0.09	0.0	0.0	26.98					0.0	0.0	0.4099999999999997	0.0	0.0	0.21136508505167573	0.4099999999999997	0.0036411461992976396	0.0036378270441184135	237.7612944170754				
2023-11-01 08:00:00	0	1.43	1.43	1.43	1.43	BELL.MI	1.15	1.15	1.15	1.15	1.86	1.09	-1.0	-1.0	-1.0	-1	-1.0	-1.0	1.0	-1.0	-1.0	1.0	1.43									-1.0			2.57	1.15									0.0			1.57	-0.0	-0.0	0.95	-0.0	-0.0	0.66		0.95	0.01	0.01	99.08					1	-0.0	-0.0	0.18	-0.0	-0.0	0.19	0.18	0.01	0.01	108.96					0.0	0.0	-0.67	0.0	0.0	-0.32	-0.67	0.0	0.0	15.73					0.0	0.0	-0.09	0.0	0.0	-0.11	-0.09	0.0	0.0	26.98					0.0	0.0	0.4099999999999997	0.0	0.0	0.21136508505167573	0.4099999999999997	0.0036411461992976396	0.0036378270441184135	237.7612944170754				
2023-11-02 08:00:00	38500	1.49	1.37	1.4	1.38	BELL.MI	1.1	1.18	1.08	1.09	1.86	1.08	-1.0	-1.0	-1.0	-1	-1.0	-1.0	1.0	-1.0	-1.0	1.0										-1.0			2.57										0.0			1.57	0.05	0.05	1.0	0.03	0.04	0.72		1.0	0.01	0.01	99.82					1	0.05	0.05	0.23	0.03	0.04	0.23	0.23	0.01	0.01	109.82					-0.05	-0.05	-0.72	-0.03	-0.04	-0.34	-0.72	0.0	0.0	11.08					-0.05	-0.05	-0.14	-0.03	-0.04	-0.14	-0.14	0.0	0.0	22.13					-0.0	-0.0	0.4099999999999997	-0.0	-0.0	0.21136508505167573	0.4099999999999997	0.0036411461992976396	0.0036378270441184135	237.7612944170754				
2023-11-03 08:00:00	2500	1.42	1.4	1.4	1.42	BELL.MI	1.1	1.11	1.1	1.11	1.86	1.08	-1.0	-1.0	-1.0	-1	-1.0	-1.0	1.0	-1.0	-1.0	1.0										-1.0			2.57										0.0			1.57	-0.04	-0.04	0.96	-0.03	-0.03	0.68		0.96	0.01	0.01	92.04					1	-0.04	-0.04	0.19	-0.03	-0.03	0.2	0.19	0.01	0.01	100.92					0.04	0.04	-0.68	0.03	0.03	-0.32	-0.68	0.0	0.0	13.32					0.04	0.04	-0.1	0.03	0.03	-0.12	-0.1	0.0	0.0	23.97					0.0	0.0	0.4099999999999997	0.0	0.0	0.21136508505167573	0.4099999999999997	0.0036411461992976396	0.0036378270441184135	237.7612944170754				
2023-11-06 08:00:00	34000	1.4	1.35	1.37	1.36	BELL.MI	1.08	1.1	1.06	1.07	1.82	1.06	-1.0	-1.0	-1.0	-1	-1.0	-1.0	1.0	-1.0	-1.0	1.0		1.35								-1.0			2.57		1.06								0.0			1.57	0.06	0.06	1.02	0.04	0.04	0.75		1.02	0.01	0.01	103.84					1	0.06	0.06	0.25	0.04	0.04	0.25	0.25	0.01	0.01	101.92					-0.06	-0.06	-0.74	-0.04	-0.04	-0.35	-0.74	0.0	0.0	4.83					-0.06	-0.06	-0.16	-0.04	-0.04	-0.16	-0.16	0.0	0.0	24.05					-0.0	-0.0	0.4099999999999997	-0.0	-0.0	0.21136508505167573	0.4099999999999997	0.003769314171358516	0.0037665731631382204	283.9859167924011				
2023-11-07 08:00:00	12000	1.4	1.34	1.39	1.4	BELL.MI	1.1	1.11	1.06	1.11	1.82	1.06	-1.0	-1.0	-1.0	-1	-1.0	-1.0	1.0	-1.0	-1.0	1.0	1.4									-1.0			2.57	1.11									0.0			1.57	-0.04	-0.04	0.98	-0.03	-0.03	0.7		0.98	0.01	0.01	94.41					1	-0.04	-0.04	0.21	-0.03	-0.03	0.22	0.21	0.01	0.01	93.7					0.04	0.04	-0.7	0.03	0.03	-0.33	-0.7	0.0	0.0	13.28					0.04	0.04	-0.12	0.03	0.03	-0.13	-0.12	0.0	0.0	21.86					0.0	0.0	0.4099999999999997	0.0	0.0	0.21136508505167573	0.4099999999999997	0.0032103861503311472	0.003208085402989669	280.19152074627505				
2023-11-08 08:00:00	32500	1.44	1.32	1.4	1.38	BELL.MI	1.11	1.14	1.04	1.09	1.82	1.04	-1.0	-1.0	-1.0	-1	-1.0	-1.0	1.0	-1.0	-1.0	1.0										-1.0			2.57										0.0			1.57	0.02	0.02	1.0	0.01	0.01	0.72		1.0	0.01	0.01	94.52					1	0.02	0.02	0.23	0.01	0.01	0.23	0.23	0.01	0.01	93.82					-0.02	-0.02	-0.72	-0.01	-0.01	-0.34	-0.72	0.0	0.0	12.98					-0.02	-0.02	-0.14	-0.01	-0.01	-0.14	-0.14	0.0	0.0	17.83					-0.0	-0.0	0.4099999999999997	-0.0	-0.0	0.21136508505167573	0.4099999999999997	0.003127594855636556	0.0031253560548354375	279.5247956039568				
2023-11-09 08:00:00	32500	1.4	1.25	1.4	1.27	BELL.MI	1.1	1.1	0.98	1.0	1.82	0.98	-1.0	-1.0	-1.0	-1	-1.0	-1.0	1.0	-1.0	-1.0	1.0										-1.0			2.57										0.0			1.57	0.11	0.11	1.11	0.08	0.08	0.87		1.11	0.01	0.01	94.85					1	0.11	0.11	0.34	0.08	0.08	0.34	0.34	0.01	0.01	94.17					-0.11	-0.11	-0.83	-0.08	-0.08	-0.4	-0.83	0.0	0.0	12.08					-0.11	-0.11	-0.25	-0.08	-0.08	-0.21	-0.25	0.0	0.0	5.04					-0.0	-0.0	0.4099999999999997	-0.0	-0.0	0.21136508505167573	0.4099999999999997	0.002525432884219605	0.002523619259281684	273.50736673450257				
2023-11-10 08:00:00	42000	1.26	1.2	1.25	1.21	BELL.MI	0.99	0.99	0.95	0.95	1.82	0.95	-1.0	-1.0	-1.0	-1	-1.0	-1.0	1.0	-1.0	-1.0	1.0										-1.0			2.57										0.0			1.57	0.06	0.06	1.17	0.05	0.05	0.97		1.17	0.01	0.01	116.94					1	0.06	0.06	0.4	0.05	0.05	0.41	0.4	0.01	0.01	116.34					-0.06	-0.06	-0.89	-0.05	-0.05	-0.42	-0.89	-0.0	-0.0	-1.12					-0.06	-0.06	-0.31	-0.05	-0.05	-0.25	-0.31	0.0	0.0	7.08					-0.0	-0.0	0.4099999999999997	-0.0	-0.0	0.21136508505167573	0.4099999999999997	0.0026724602431990175	0.0026712324254198894	412.3961822064045				
2023-11-13 08:00:00	19000	1.2	1.11	1.2	1.12	BELL.MI	0.93	0.93	0.86	0.87	1.81	0.86	-1.0	-1.0	-1.0	-1	-1.0	-1.0	1.0	-1.0	-1.0	1.0		1.11		1.11		1.11		1.11		-1.0			2.57										0.0			1.57	0.09	0.09	1.26	0.07	0.08	1.12		1.26	0.01	0.01	123.27					1	0.09	0.09	0.49	0.07	0.08	0.52	0.49	0.01	0.01	122.77					-0.09	-0.09	-0.98	-0.07	-0.08	-0.47	-0.98	-0.0	-0.0	-8.53					-0.09	-0.09	-0.4	-0.07	-0.08	-0.31	-0.4	0.0	0.0	3.5					-0.0	-0.0	0.4099999999999997	-0.0	-0.0	0.21136508505167573	0.4099999999999997	0.0027329113715202184	0.0027318328311245477	441.60700852442966				
2023-11-14 08:00:00	23500	1.19	1.09	1.16	1.14	BELL.MI	0.89	0.91	0.83	0.87	1.8	0.83	-1.0	-1.0	-1.0	-1	-1.0	-1.0	1.0	-1.0	-1.0	1.0										-1.0	1.09		2.57		0.83		0.83		0.83		0.83		0.0	0.83		1.57	-0.02	-0.02	1.24	-0.02	-0.02	1.09		1.24	0.01	0.01	116.16					1	-0.02	-0.02	0.47	-0.02	-0.02	0.49	0.47	0.01	0.01	115.64					0.02	0.02	-0.96	0.02	0.02	-0.46	-0.96	-0.0	-0.0	-6.55					0.02	0.02	-0.38	0.02	0.02	-0.29	-0.38	0.0	0.0	5.1					0.0	0.0	0.4099999999999997	0.0	0.0	0.21136508505167573	0.4099999999999997	0.0027329113715202184	0.0027318328311245477	441.60700852442966				
2023-11-15 08:00:00	30500	1.22	1.14	1.14	1.21	BELL.MI	0.87	0.93	0.87	0.92	1.76	0.83	-1.0	-1.0	-1.0	-1	-1.0	-1.0	1.0	-1.0	-1.0	1.0										-1.0			2.57										0.0			1.57	-0.07	-0.07	1.17	-0.06	-0.06	0.97		1.17	0.01	0.01	100.33					1	-0.07	-0.07	0.4	-0.06	-0.06	0.41	0.4	0.01	0.01	99.76					0.07	0.07	-0.89	0.06	0.06	-0.42	-0.89	0.0	0.0	2.59					0.07	0.07	-0.31	0.06	0.06	-0.25	-0.31	0.0	0.0	13.14					0.0	0.0	0.4099999999999997	0.0	0.0	0.21136508505167573	0.4099999999999997	0.00256593420963963	0.002564931350720112	439.89042442822455				
2023-11-16 08:00:00	3500	1.23	1.23	1.23	1.23	BELL.MI	0.94	0.94	0.94	0.94	1.74	0.83	-1.0	-1.0	-1.0	-1	-1.0	-1.0	1.0	-1.0	-1.0	1.0	1.23									-1.0			2.57	0.94									0.0			1.57	-0.02	-0.02	1.15	-0.02	-0.02	0.93		1.15	0.01	0.01	94.79					1	-0.02	-0.02	0.38	-0.02	-0.02	0.38	0.38	0.01	0.01	94.21					0.02	0.02	-0.87	0.02	0.02	-0.41	-0.87	0.0	0.0	3.96					0.02	0.02	-0.29	0.02	0.02	-0.24	-0.29	0.0	0.0	14.27					0.0	0.0	0.4099999999999997	0.0	0.0	0.21136508505167573	0.4099999999999997	0.00256593420963963	0.002564931350720112	439.89042442822455				
2023-11-17 08:00:00	9500	1.23	1.19	1.2	1.2	BELL.MI	0.91	0.94	0.91	0.91	1.74	0.83	-1.0	-1.0	-1.0	-1	-1.0	-1.0	1.0	-1.0	-1.0	1.0		1.19								-1.0			2.57		0.91								0.0			1.57	0.03	0.03	1.18	0.02	0.02	0.98		1.18	0.01	0.01	95.23					1	0.03	0.03	0.41	0.02	0.02	0.42	0.41	0.01	0.01	94.67					-0.03	-0.03	-0.9	-0.02	-0.02	-0.43	-0.9	0.0	-0.0	0.44					-0.03	-0.03	-0.32	-0.02	-0.02	-0.26	-0.32	0.0	0.0	10.7					-0.0	-0.0	0.4099999999999997	-0.0	-0.0	0.21136508505167573	0.4099999999999997	0.00256593420963963	0.002564931350720112	439.89042442822455				
2023-11-20 08:00:00	20000	1.32	1.2	1.2	1.29	BELL.MI	0.91	1.0	0.91	0.98	1.74	0.83	-1.0	-1.0	-1.0	-1	-1.0	-1.0	1.0	-1.0	-1.0	1.0										-1.0			2.57										0.0			1.57	-0.09	-0.09	1.09	-0.08	-0.07	0.84		1.09	0.01	0.01	81.09					1	-0.09	-0.09	0.32	-0.08	-0.07	0.32	0.32	0.01	0.01	80.51					0.09	0.09	-0.81	0.08	0.07	-0.39	-0.81	0.0	0.0	5.91					0.09	0.09	-0.23	0.08	0.07	-0.2	-0.23	0.0	0.0	15.22					0.0	0.0	0.4099999999999997	0.0	0.0	0.21136508505167573	0.4099999999999997	0.00256593420963963	0.002564931350720112	439.89042442822455				
2023-11-21 08:00:00	3000	1.3	1.25	1.25	1.26	BELL.MI	0.96	1.0	0.96	0.97	1.74	0.83	-1.0	-1.0	-1.0	-1	-1.0	-1.0	1.0	-1.0	-1.0	1.0	1.3									-1.0			2.57	1.0		1.0							0.0			1.57	0.03	0.03	1.12	0.02	0.02	0.89		1.12	0.01	0.01	86.51					1	0.03	0.03	0.35	0.02	0.02	0.35	0.35	0.01	0.01	85.97					-0.03	-0.03	-0.84	-0.02	-0.02	-0.4	-0.84	0.0	0.0	1.36					-0.03	-0.03	-0.26	-0.02	-0.02	-0.22	-0.26	0.0	0.0	10.83					-0.0	-0.0	0.4099999999999997	-0.0	-0.0	0.21136508505167573	0.4099999999999997	0.0026300972514652957	0.0026292617076317804	498.07015017304224				
2023-11-22 08:00:00	3500	1.29	1.26	1.29	1.26	BELL.MI	0.99	0.99	0.97	0.97	1.67	0.83	-1.0	-1.0	-1.0	-1	-1.0	-1.0	1.0	-1.0	-1.0	1.0										-1.0			2.57										0.0			1.57	-0.0	-0.0	1.12	-0.0	-0.0	0.89		1.12	0.01	0.01	85.16					1	-0.0	-0.0	0.35	-0.0	-0.0	0.35	0.35	0.01	0.01	84.55					0.0	0.0	-0.84	0.0	0.0	-0.4	-0.84	0.0	0.0	7.03					0.0	0.0	-0.26	0.0	0.0	-0.22	-0.26	0.0	0.0	16.82					0.0	0.0	0.4099999999999997	0.0	0.0	0.21136508505167573	0.4099999999999997	0.0019354277683903596	0.0019348358938462429	489.1792002906628				
2023-11-23 08:00:00	21500	1.25	1.19	1.25	1.2	BELL.MI	0.96	0.96	0.91	0.92	1.67	0.83	-1.0	-1.0	-1.0	-1	-1.0	-1.0	1.0	-1.0	-1.0	1.0										-1.0			2.57										0.0			1.57	0.06	0.06	1.18	0.05	0.05	0.98		1.18	0.01	0.01	86.05					1	0.06	0.06	0.41	0.05	0.05	0.42	0.41	0.01	0.01	85.49					-0.06	-0.06	-0.9	-0.05	-0.05	-0.43	-0.9	0.0	0.0	2.5					-0.06	-0.06	-0.32	-0.05	-0.05	-0.26	-0.32	0.0	0.0	12.1					-0.0	-0.0	0.4099999999999997	-0.0	-0.0	0.21136508505167573	0.4099999999999997	0.0019354277683903596	0.0019348358938462429	489.1792002906628				
2023-11-24 08:00:00	29000	1.25	1.14	1.25	1.18	BELL.MI	0.95	0.95	0.87	0.9	1.67	0.83	-1.0	-1.0	-1.0	-1	-1.0	-1.0	1.0	-1.0	-1.0	1.0		1.14								-1.0			2.57		0.87								0.0			1.57	0.02	0.02	1.2	0.02	0.02	1.02		1.2	0.01	0.01	86.34					1	0.02	0.02	0.43	0.02	0.02	0.44	0.43	0.01	0.01	85.79					-0.02	-0.02	-0.92	-0.02	-0.02	-0.44	-0.92	-0.0	-0.0	-0.48					-0.02	-0.02	-0.34	-0.02	-0.02	-0.27	-0.34	0.0	0.0	9.09					-0.0	-0.0	0.4099999999999997	-0.0	-0.0	0.21136508505167573	0.4099999999999997	0.0019354277683903596	0.0019348358938462429	489.1792002906628				
2023-11-27 08:00:00	51500	1.22	1.18	1.18	1.18	BELL.MI	0.9	0.93	0.9	0.9	1.67	0.83	-1.0	-1.0	-1.0	-1	-1.0	-1.0	1.0	-1.0	-1.0	1.0										-1.0			2.57										0.0			1.57	-0.0	-0.0	1.2	-0.0	-0.0	1.02		1.2	0.01	0.01	85.91					1	-0.0	-0.0	0.43	-0.0	-0.0	0.44	0.43	0.01	0.01	85.34					0.0	0.0	-0.92	0.0	0.0	-0.44	-0.92	0.0	0.0	2.86					0.0	0.0	-0.34	0.0	0.0	-0.27	-0.34	0.0	0.0	12.49					0.0	0.0	0.4099999999999997	0.0	0.0	0.21136508505167573	0.4099999999999997	0.0017071282124888987	0.0017066072823690437	484.79742136525306				
2023-11-28 08:00:00	500	1.2	1.2	1.2	1.2	BELL.MI	0.92	0.92	0.92	0.92	1.67	0.83	-1.0	-1.0	-1.0	-1	-1.0	-1.0	1.0	-1.0	-1.0	1.0										-1.0			2.57	0.92			0.92						0.0			1.57	-0.02	-0.02	1.18	-0.02	-0.02	0.98		1.18	0.01	0.01	87.17					1	-0.02	-0.02	0.41	-0.02	-0.02	0.42	0.41	0.01	0.01	86.6					0.02	0.02	-0.9	0.02	0.02	-0.43	-0.9	0.0	0.0	2.26					0.02	0.02	-0.32	0.02	0.02	-0.26	-0.32	0.0	0.0	11.99					0.0	0.0	0.4099999999999997	0.0	0.0	0.21136508505167573	0.4099999999999997	0.0017621153757342075	0.0017617134540011126	582.8991732044382				
2023-11-29 08:00:00	1500	1.21	1.2	1.2	1.21	BELL.MI	0.91	0.92	0.91	0.92	1.61	0.83	-1.0	-1.0	-1.0	-1	-1.0	-1.0	1.0	-1.0	-1.0	1.0										-1.0			2.57										0.0			1.57	-0.01	-0.01	1.17	-0.01	-0.01	0.97		1.17	0.01	0.01	83.59					1	-0.01	-0.01	0.4	-0.01	-0.01	0.41	0.4	0.01	0.01	83.0					0.01	0.01	-0.89	0.01	0.01	-0.42	-0.89	0.0	0.0	2.88					0.01	0.01	-0.31	0.01	0.01	-0.25	-0.31	0.0	0.0	12.51					0.0	0.0	0.4099999999999997	0.0	0.0	0.21136508505167573	0.4099999999999997	0.0017621153757342075	0.0017617134540011126	582.8991732044382				
2023-11-30 08:00:00	1500	1.21	1.21	1.21	1.21	BELL.MI	0.91	0.91	0.91	0.91	1.6	0.83	-1.0	-1.0	-1.0	-1	-1.0	-1.0	1.0	-1.0	-1.0	1.0										-1.0			2.57										0.0			1.57	-0.0	-0.0	1.17	-0.0	-0.0	0.97		1.17	0.01	0.01	83.59					1	-0.0	-0.0	0.4	-0.0	-0.0	0.41	0.4	0.01	0.01	83.0					0.0	0.0	-0.89	0.0	0.0	-0.42	-0.89	0.0	0.0	2.88					0.0	0.0	-0.31	0.0	0.0	-0.25	-0.31	0.0	0.0	12.51					0.0	0.0	0.4099999999999997	0.0	0.0	0.21136508505167573	0.4099999999999997	0.0017621153757342075	0.0017617134540011126	582.8991732044382				
2023-12-01 08:00:00	12000	1.23	1.16	1.22	1.23	BELL.MI	0.92	0.92	0.87	0.92	1.6	0.83	-1.0	-1.0	-1.0	-1	-1.0	-1.0	1.0	-1.0	-1.0	1.0										-1.0			2.57		0.87								0.0			1.57	-0.02	-0.02	1.15	-0.02	-0.02	0.93		1.15	0.01	0.01	78.89					1	-0.02	-0.02	0.38	-0.02	-0.02	0.38	0.38	0.01	0.01	78.27					0.02	0.02	-0.87	0.02	0.02	-0.41	-0.87	0.0	0.0	4.06					0.02	0.02	-0.29	0.02	0.02	-0.24	-0.29	0.0	0.0	13.49					0.0	0.0	0.4099999999999997	0.0	0.0	0.21136508505167573	0.4099999999999997	0.0017621153757342075	0.0017617134540011126	582.8991732044382				
2023-12-04 08:00:00	12000	1.28	1.22	1.22	1.26	BELL.MI	0.92	0.96	0.92	0.95	1.6	0.83	-1.0	-1.0	-1.0	-1	-1.0	-1.0	1.0	-1.0	-1.0	1.0										-1.0			2.57										0.0			1.57	-0.03	-0.03	1.12	-0.02	-0.02	0.89		1.12	0.01	0.01	72.62					1	-0.03	-0.03	0.35	-0.02	-0.02	0.35	0.35	0.01	0.01	71.94					0.03	0.03	-0.84	0.02	0.02	-0.4	-0.84	0.0	0.0	9.5					0.03	0.03	-0.26	0.02	0.02	-0.22	-0.26	0.0	0.0	12.84					0.0	0.0	0.4099999999999997	0.0	0.0	0.21136508505167573	0.4099999999999997	0.0014373941102462885	0.00143706806246513	575.5619902101092				
2023-12-05 08:00:00	14500	1.3	1.28	1.29	1.3	BELL.MI	0.96	0.97	0.96	0.97	1.58	0.83	-1.0	-1.0	-1.0	-1	-1.0	-1.0	1.0	-1.0	-1.0	1.0										-1.0			2.57										0.0			1.57	-0.04	-0.04	1.08	-0.03	-0.03	0.83		1.08	0.01	0.01	65.65					1	-0.04	-0.04	0.31	-0.03	-0.03	0.31	0.31	0.01	0.01	64.91					0.04	0.04	-0.8	0.03	0.03	-0.38	-0.8	0.0	0.0	15.38					0.04	0.04	-0.22	0.03	0.03	-0.19	-0.22	0.0	0.0	12.55					0.0	0.0	0.4099999999999997	0.0	0.0	0.21136508505167573	0.4099999999999997	0.0011009233040755162	0.001100667518712406	563.7921950470154				
2023-12-06 08:00:00	23000	1.35	1.3	1.32	1.35	BELL.MI	0.98	1.0	0.96	1.0	1.58	0.83	-1.0	-1.0	-1.0	-1	-1.0	-1.0	1.0	-1.0	-1.0	1.0	1.35									-1.0			2.57										0.0			1.57	-0.05	-0.05	1.03	-0.04	-0.04	0.76		1.03	0.01	0.01	66.7					1	-0.05	-0.05	0.26	-0.04	-0.04	0.26	0.26	0.01	0.01	65.95					0.05	0.05	-0.75	0.04	0.04	-0.36	-0.75	0.0	0.0	14.89					0.05	0.05	-0.17	0.04	0.04	-0.16	-0.17	0.0	0.0	19.29					0.0	0.0	0.4099999999999997	0.0	0.0	0.21136508505167573	0.4099999999999997	0.001156717191395076	0.0011565627809178025	855.3051826287233				
2023-12-07 08:00:00	49500	1.39	1.28	1.33	1.29	BELL.MI	0.99	1.04	0.96	0.96	1.57	0.83	-1.0	-1.0	1.0	0	-1.0	-1.0	1.0	-1.0	-1.0	1.0		1.28								-1.0			2.57										0.0			1.57	0.06	0.06	1.09	0.04	0.05	0.84		1.09	0.01	0.01	67.6					1	0.06	0.06	0.32	0.04	0.05	0.32	0.32	0.01	0.01	66.9					-0.06	-0.06	-0.81	-0.04	-0.05	-0.39	-0.81	0.0	0.0	12.88					-0.06	-0.06	-0.23	-0.04	-0.05	-0.2	-0.23	0.0	0.0	14.5					-0.0	-0.0	0.4099999999999997	-0.0	-0.0	0.21136508505167573	0.4099999999999997	0.0011093619275134787	0.0011092140921880045	853.4360176770732				
2023-12-08 08:00:00	84000	1.47	1.33	1.33	1.42	BELL.MI	0.98	1.09	0.98	1.05	1.57	0.83	-1.0	-1.0	1.0	0	-1.0	-1.0	1.0	-1.0	-1.0	1.0										-1.0			2.57										0.0			1.57	-0.13	-0.13	0.96	-0.1	-0.1	0.68		0.96	0.01	0.01	53.85					1	0.0	0.0	0.32	0.0	0.0	0.32	0.32	0.01	0.01	65.67					0.13	0.13	-0.68	0.1	0.1	-0.32	-0.68	0.0	0.0	22.51					0.13	0.13	-0.1	0.1	0.1	-0.12	-0.1	0.0	0.0	16.83					0.0	0.0	0.4099999999999997	0.0	0.0	0.21136508505167573	0.4099999999999997	0.0006222062895863702	0.0006221177943146472	819.1980709523018				
2023-12-11 08:00:00	139500	1.66	1.38	1.45	1.66	BELL.MI	1.07	1.23	1.02	1.23	1.57	0.83	-1.0	-1.0	1.0	0	-1.0	-1.0	1.0	-1.0	-1.0	1.0										-1.0			2.57										0.0			1.57	-0.24	-0.24	0.72	-0.17	-0.16	0.43		0.72	0.0	0.0	44.18					1	0.0	0.0	0.32	0.0	0.0	0.32	0.32	0.01	0.01	73.44					0.24	0.24	-0.44	0.17	0.16	-0.21	-0.44	0.0	0.0	26.99					0.24	0.24	0.14	0.17	0.16	0.03	0.14	0.0	0.0	27.44					0.0	0.0	0.4099999999999997	0.0	0.0	0.21136508505167573	0.4099999999999997	0.0006607537121219556	0.0006607101397717585	1449.158844136588				
2023-12-12 08:00:00	85500	1.87	1.65	1.66	1.73	BELL.MI	1.23	1.39	1.22	1.28	1.57	0.83	-1.0	-1.0	1.0	0	-1.0	-1.0	1.0	-1.0	-1.0	1.0	1.87		1.87							-1.0			2.57	1.39		1.39		1.39					0.0			1.57	-0.07	-0.07	0.65	-0.04	-0.04	0.38		0.65	0.0	0.0	39.23					1	0.0	0.0	0.32	0.0	0.0	0.32	0.32	0.01	0.01	73.31					0.07	0.07	-0.37	0.04	0.04	-0.18	-0.37	0.0	0.0	30.51					0.07	0.07	0.21	0.04	0.04	0.07	0.21	0.0	0.0	28.63					0.0	0.0	0.4099999999999997	0.0	0.0	0.21136508505167573	0.4099999999999997	0.0006121602557876372	0.0006121199117672393	1443.9754303551283				
2023-12-13 08:00:00	27000	1.67	1.59	1.67	1.63	BELL.MI	1.24	1.24	1.18	1.21	1.57	0.83	-1.0	-1.0	1.0	0	-1.0	-1.0	1.0	-1.0	-1.0	1.0		1.59								-1.0			2.57		1.18								0.0			1.57	0.1	0.1	0.75	0.06	0.06	0.46		0.75	0.01	0.01	42.85					1	-0.0	-0.0	0.32	-0.0	-0.0	0.32	0.32	0.01	0.01	76.37					-0.1	-0.1	-0.47	-0.06	-0.06	-0.22	-0.47	0.0	0.0	25.42					-0.1	-0.1	0.11	-0.06	-0.06	0.01	0.11	0.0	0.0	25.84					-0.0	-0.0	0.4099999999999997	-0.0	-0.0	0.21136508505167573	0.4099999999999997	0.0006272385906829131	0.0006272084865956984	1611.2157511887829				
2023-12-14 08:00:00	11500	1.71	1.63	1.63	1.7	BELL.MI	1.21	1.27	1.21	1.26	1.57	0.83	-1.0	-1.0	1.0	0	-1.0	-1.0	1.0	-1.0	-1.0	1.0	1.71									-1.0			2.57	1.27									0.0			1.57	-0.07	-0.07	0.68	-0.04	-0.04	0.4		0.68	0.0	0.0	38.14					1	0.0	0.0	0.32	0.0	0.0	0.32	0.32	0.01	0.01	76.25					0.07	0.07	-0.4	0.04	0.04	-0.19	-0.4	0.0	0.0	28.77					0.07	0.07	0.18	0.04	0.04	0.05	0.18	0.0	0.0	26.97					0.0	0.0	0.4099999999999997	0.0	0.0	0.21136508505167573	0.4099999999999997	0.0005781336242819174	0.0005781059291383173	1606.391538899237				
2023-12-15 08:00:00	20500	1.72	1.6	1.72	1.67	BELL.MI	1.27	1.27	1.18	1.24	1.57	0.83	-1.0	-1.0	1.0	0	-1.0	-1.0	1.0	-1.0	-1.0	1.0										-1.0			2.57										0.0			1.57	0.03	0.03	0.71	0.02	0.02	0.43		0.71	0.0	0.0	38.08					1	-0.0	-0.0	0.32	-0.0	-0.0	0.32	0.32	0.01	0.01	75.75					-0.03	-0.03	-0.43	-0.02	-0.02	-0.2	-0.43	0.0	0.0	28.92					-0.03	-0.03	0.15	-0.02	-0.02	0.04	0.15	0.0	0.0	23.67					-0.0	-0.0	0.4099999999999997	-0.0	-0.0	0.21136508505167573	0.4099999999999997	0.00037916277131759443	0.00037914380939985115	1574.7858443161024				
2023-12-18 08:00:00	15500	1.66	1.58	1.61	1.59	BELL.MI	1.2	1.23	1.17	1.18	1.57	0.83	-1.0	-1.0	1.0	0	-1.0	-1.0	1.0	-1.0	-1.0	1.0										-1.0			2.57										0.0			1.57	0.08	0.08	0.79	0.05	0.05	0.5		0.79	0.01	0.01	41.95					1	-0.0	-0.0	0.32	-0.0	-0.0	0.32	0.32	0.01	0.01	80.44					-0.08	-0.08	-0.51	-0.05	-0.05	-0.24	-0.51	0.0	0.0	24.32					-0.08	-0.08	0.07	-0.05	-0.05	-0.01	0.07	0.0	0.0	22.14					-0.0	-0.0	0.4099999999999997	-0.0	-0.0	0.21136508505167573	0.4099999999999997	0.0003937748520661058	0.0003937646374920778	2243.9218638869957				
2023-12-19 08:00:00	7500	1.6	1.56	1.6	1.6	BELL.MI	1.18	1.18	1.15	1.18	1.57	0.83	-1.0	-1.0	1.0	0	-1.0	-1.0	1.0	-1.0	-1.0	1.0										-1.0			2.57										0.0			1.57	-0.01	-0.01	0.78	-0.01	-0.01	0.49		0.78	0.01	0.01	41.88					1	0.0	0.0	0.32	0.0	0.0	0.32	0.32	0.01	0.01	83.63					0.01	0.01	-0.5	0.01	0.01	-0.24	-0.5	0.0	0.0	24.36					0.01	0.01	0.08	0.01	0.01	-0.01	0.08	0.0	0.0	24.36					0.0	0.0	0.4099999999999997	0.0	0.0	0.21136508505167573	0.4099999999999997	0.0004031813203080216	0.0004031752590618609	2618.9568671132156				
2023-12-20 08:00:00	131500	1.59	1.54	1.55	1.55	BELL.MI	1.15	1.18	1.14	1.15	1.57	0.83	-1.0	-1.0	1.0	0	-1.0	-1.0	1.0	-1.0	-1.0	1.0										-1.0			2.57										0.0			1.57	0.05	0.05	0.83	0.03	0.03	0.54		0.83	0.01	0.01	42.52					1	-0.0	-0.0	0.32	-0.0	-0.0	0.32	0.32	0.01	0.01	83.63					-0.05	-0.05	-0.55	-0.03	-0.03	-0.26	-0.55	0.0	0.0	21.19					-0.05	-0.05	0.03	-0.03	-0.03	-0.04	0.03	0.0	0.0	21.19					-0.0	-0.0	0.4099999999999997	-0.0	-0.0	0.21136508505167573	0.4099999999999997	0.0004031813203080216	0.0004031752590618609	2618.9568671132156				
2023-12-21 08:00:00	7000	1.55	1.53	1.53	1.55	BELL.MI	1.14	1.15	1.14	1.15	1.57	0.83	-1.0	-1.0	1.0	0	-1.0	-1.0	1.0	-1.0	-1.0	1.0										-1.0			2.57										0.0			1.57	-0.0	-0.0	0.83	-0.0	-0.0	0.54		0.83	0.01	0.01	42.52					1	0.0	0.0	0.32	0.0	0.0	0.32	0.32	0.01	0.01	83.63					0.0	0.0	-0.55	0.0	0.0	-0.26	-0.55	0.0	0.0	21.19					0.0	0.0	0.03	0.0	0.0	-0.04	0.03	0.0	0.0	21.19					0.0	0.0	0.4099999999999997	0.0	0.0	0.21136508505167573	0.4099999999999997	0.0004031813203080216	0.0004031752590618609	2618.9568671132156				
2023-12-22 08:00:00	11000	1.55	1.5	1.51	1.53	BELL.MI	1.12	1.15	1.11	1.13	1.57	0.83	-1.0	-1.0	1.0	0	-1.0	-1.0	1.0	-1.0	-1.0	1.0		1.5		1.5						-1.0			2.57		1.11		1.11						0.0			1.57	0.02	0.02	0.85	0.01	0.01	0.56		0.85	0.01	0.01	42.77					1	-0.0	-0.0	0.32	-0.0	-0.0	0.32	0.32	0.01	0.01	83.63					-0.02	-0.02	-0.57	-0.01	-0.01	-0.27	-0.57	0.0	0.0	18.88					-0.02	-0.02	0.01	-0.01	-0.01	-0.05	0.01	0.0	0.0	18.88					-0.0	-0.0	0.4099999999999997	-0.0	-0.0	0.21136508505167573	0.4099999999999997	0.0004031813203080216	0.0004031752590618609	2618.9568671132156				
2023-12-27 08:00:00	3500	1.54	1.53	1.53	1.54	BELL.MI	1.13	1.14	1.13	1.14	1.57	0.83	-1.0	-1.0	1.0	0	-1.0	-1.0	1.0	-1.0	-1.0	1.0	1.54									-1.0			2.57										0.0			1.57	-0.01	-0.01	0.84	-0.01	-0.01	0.55		0.84	0.01	0.01	40.28					1	0.0	0.0	0.32	0.0	0.0	0.32	0.32	0.01	0.01	83.27					0.01	0.01	-0.56	0.01	0.01	-0.27	-0.56	0.0	0.0	21.5					0.01	0.01	0.02	0.01	0.01	-0.04	0.02	0.0	0.0	21.5					0.0	0.0	0.4099999999999997	0.0	0.0	0.21136508505167573	0.4099999999999997	0.00025124029225556156	0.00025123638519009006	2590.9042832352857				
2023-12-28 08:00:00	6000	1.54	1.52	1.53	1.54	BELL.MI	1.13	1.14	1.13	1.14	1.57	0.83	-1.0	-1.0	1.0	0	-1.0	-1.0	1.0	-1.0	-1.0	1.0		1.52								-1.0			2.57										0.0			1.57	-0.0	-0.0	0.84	-0.0	-0.0	0.55		0.84	0.01	0.01	40.28					1	0.0	0.0	0.32	0.0	0.0	0.32	0.32	0.01	0.01	83.27					0.0	0.0	-0.56	0.0	0.0	-0.27	-0.56	0.0	0.0	21.5					0.0	0.0	0.02	0.0	0.0	-0.04	0.02	0.0	0.0	21.5					0.0	0.0	0.4099999999999997	0.0	0.0	0.21136508505167573	0.4099999999999997	0.00025124029225556156	0.00025123638519009006	2590.9042832352857				
2023-12-29 08:00:00	6000	1.56	1.52	1.56	1.52	BELL.MI	1.16	1.16	1.13	1.13	1.57	0.83	-1.0	-1.0	1.0	0	-1.0	-1.0	1.0	-1.0	-1.0	1.0										-1.0			2.57										0.0			1.57	0.02	0.02	0.86	0.01	0.01	0.57		0.86	0.01	0.01	40.54					1	-0.0	-0.0	0.32	-0.0	-0.0	0.32	0.32	0.01	0.01	83.27					-0.02	-0.02	-0.58	-0.01	-0.01	-0.28	-0.58	0.0	0.0	19.19					-0.02	-0.02	-0.0	-0.01	-0.01	-0.06	-0.0	0.0	0.0	19.19					-0.0	-0.0	0.4099999999999997	-0.0	-0.0	0.21136508505167573	0.4099999999999997	0.00025124029225556156	0.00025123638519009006	2590.9042832352857				
2024-01-02 08:00:00	23500	1.6	1.54	1.54	1.6	BELL.MI	1.13	1.18	1.13	1.18	1.57	0.83	-1.0	-1.0	1.0	0	-1.0	-1.0	1.0	-1.0	-1.0	1.0										-1.0			2.57										0.0			1.57	-0.08	-0.08	0.78	-0.05	-0.05	0.49		0.78	0.0	0.0	35.72					1	0.0	0.0	0.32	0.0	0.0	0.32	0.32	0.01	0.01	83.27					0.08	0.08	-0.5	0.05	0.05	-0.24	-0.5	0.0	0.0	20.74					0.08	0.08	0.08	0.05	0.05	-0.01	0.08	0.0	0.0	20.74					0.0	0.0	0.4099999999999997	0.0	0.0	0.21136508505167573	0.4099999999999997	0.00025124029225556156	0.00025123638519009006	2590.9042832352857				
2024-01-03 08:00:00	9000	1.69	1.63	1.65	1.63	BELL.MI	1.23	1.26	1.22	1.22	1.57	0.83	-1.0	-1.0	1.0	0	-1.0	-1.0	1.0	-1.0	-1.0	1.0										-1.0			2.57										0.0			1.57	-0.03	-0.03	0.75	-0.02	-0.02	0.46		0.75	0.0	0.0	32.98					1	0.0	0.0	0.32	0.0	0.0	0.32	0.32	0.01	0.01	83.27					0.03	0.03	-0.47	0.02	0.02	-0.22	-0.47	0.0	0.0	21.27					0.03	0.03	0.11	0.02	0.02	0.01	0.11	0.0	0.0	21.27					0.0	0.0	0.4099999999999997	0.0	0.0	0.21136508505167573	0.4099999999999997	0.00025124029225556156	0.00025123638519009006	2590.9042832352857				
2024-01-04 08:00:00	22500	1.74	1.65	1.71	1.7	BELL.MI	1.26	1.29	1.22	1.26	1.57	0.83	-1.0	-1.0	1.0	0	-1.0	-1.0	1.0	-1.0	-1.0	1.0	1.74		1.74							-1.0			2.57	1.29		1.29							0.0			1.57	-0.07	-0.07	0.68	-0.04	-0.04	0.4		0.68	0.0	0.0	29.13					1	0.0	0.0	0.32	0.0	0.0	0.32	0.32	0.01	0.01	83.27					0.07	0.07	-0.4	0.04	0.04	-0.19	-0.4	0.0	0.0	22.4					0.07	0.07	0.18	0.04	0.04	0.05	0.18	0.0	0.0	22.4					0.0	0.0	0.4099999999999997	0.0	0.0	0.21136508505167573	0.4099999999999997	0.00025124029225556156	0.00025123638519009006	2590.9042832352857				
2024-01-05 08:00:00	9000	1.7	1.64	1.69	1.7	BELL.MI	1.25	1.26	1.21	1.26	1.57	0.83	-1.0	-1.0	1.0	0	-1.0	-1.0	1.0	-1.0	-1.0	1.0										-1.0			2.57										0.0			1.57	-0.0	-0.0	0.68	-0.0	-0.0	0.4		0.68	0.0	0.0	28.54					1	0.0	0.0	0.32	0.0	0.0	0.32	0.32	0.01	0.01	82.63					0.0	0.0	-0.4	0.0	0.0	-0.19	-0.4	0.0	0.0	25.19					0.0	0.0	0.18	0.0	0.0	0.05	0.18	0.0	0.0	25.19					0.0	0.0	0.4099999999999997	0.0	0.0	0.21136508505167573	0.4099999999999997	-7.349908441748296e-06	-7.351232281127551e-06	-inf				
2024-01-08 08:00:00	21500	1.68	1.63	1.68	1.68	BELL.MI	1.24	1.24	1.2	1.24	1.57	0.83	-1.0	-1.0	1.0	0	-1.0	-1.0	1.0	-1.0	-1.0	1.0										-1.0			2.57										0.0			1.57	0.02	0.02	0.7	0.01	0.01	0.42		0.7	0.0	0.0	31.29					1	-0.0	-0.0	0.32	-0.0	-0.0	0.32	0.32	0.01	0.01	87.67					-0.02	-0.02	-0.42	-0.01	-0.01	-0.2	-0.42	0.0	0.0	22.59					-0.02	-0.02	0.16	-0.01	-0.01	0.04	0.16	0.0	0.0	22.59					-0.0	-0.0	0.4099999999999997	-0.0	-0.0	0.21136508505167573	0.4099999999999997	-2.08340869028421e-06	-2.0836235793408875e-06	inf				
2024-01-09 08:00:00	4500	1.68	1.65	1.65	1.65	BELL.MI	1.22	1.24	1.22	1.22	1.57	0.83	-1.0	-1.0	1.0	0	-1.0	-1.0	1.0	-1.0	-1.0	1.0										-1.0			2.57										0.0			1.57	0.03	0.03	0.73	0.02	0.02	0.44		0.73	0.0	0.0	34.46					1	-0.0	-0.0	0.32	-0.0	-0.0	0.32	0.32	0.01	0.01	93.79					-0.03	-0.03	-0.45	-0.02	-0.02	-0.21	-0.45	0.0	0.0	19.59					-0.03	-0.03	0.13	-0.02	-0.02	0.02	0.13	0.0	0.0	19.59					-0.0	-0.0	0.4099999999999997	-0.0	-0.0	0.21136508505167573	0.4099999999999997	-0.0	0.0	inf				
2024-01-10 08:00:00	2500	1.66	1.61	1.63	1.62	BELL.MI	1.2	1.23	1.19	1.2	1.57	0.83	-1.0	-1.0	1.0	0	-1.0	-1.0	1.0	-1.0	-1.0	1.0										-1.0			2.57										0.0			1.57	0.03	0.03	0.76	0.02	0.02	0.47		0.76	0.0	0.0	34.83					1	-0.0	-0.0	0.32	-0.0	-0.0	0.32	0.32	0.01	0.01	93.79					-0.03	-0.03	-0.48	-0.02	-0.02	-0.23	-0.48	0.0	0.0	17.18					-0.03	-0.03	0.1	-0.02	-0.02	0.0	0.1	0.0	0.0	17.18					-0.0	-0.0	0.4099999999999997	-0.0	-0.0	0.21136508505167573	0.4099999999999997	-0.0	0.0	inf				
2024-01-11 08:00:00	6000	1.63	1.62	1.62	1.62	BELL.MI	1.2	1.21	1.2	1.2	1.57	0.83	-1.0	-1.0	1.0	0	-1.0	-1.0	1.0	-1.0	-1.0	1.0		1.62								-1.0			2.57		1.2								0.0			1.57	-0.0	-0.0	0.76	-0.0	-0.0	0.47		0.76	0.0	0.0	34.83					1	0.0	0.0	0.32	0.0	0.0	0.32	0.32	0.01	0.01	93.79					0.0	0.0	-0.48	0.0	0.0	-0.23	-0.48	0.0	0.0	17.18					0.0	0.0	0.1	0.0	0.0	0.0	0.1	0.0	0.0	17.18					0.0	0.0	0.4099999999999997	0.0	0.0	0.21136508505167573	0.4099999999999997	0.0	0.0	inf				
2024-01-12 08:00:00	6000	1.68	1.62	1.63	1.62	BELL.MI	1.2	1.24	1.19	1.19	1.57	0.83	-1.0	-1.0	1.0	0	-1.0	-1.0	1.0	-1.0	-1.0	1.0										-1.0			2.57										0.0			1.57	-0.0	-0.0	0.76	-0.0	-0.0	0.47		0.76	0.0	0.0	34.83					1	0.0	0.0	0.32	0.0	0.0	0.32	0.32	0.01	0.01	93.79					0.0	0.0	-0.48	0.0	0.0	-0.23	-0.48	0.0	0.0	17.18					0.0	0.0	0.1	0.0	0.0	0.0	0.1	0.0	0.0	17.18					0.0	0.0	0.4099999999999997	0.0	0.0	0.21136508505167573	0.4099999999999997	0.0	0.0	inf				
2024-01-15 08:00:00	9000	1.67	1.66	1.66	1.67	BELL.MI	1.23	1.24	1.23	1.24	1.57	0.83	-1.0	-1.0	1.0	0	-1.0	-1.0	1.0	-1.0	-1.0	1.0	1.67									-1.0			2.57	1.24									0.0			1.57	-0.05	-0.05	0.71	-0.03	-0.03	0.43		0.71	0.0	0.0	31.56					1	0.0	0.0	0.32	0.0	0.0	0.32	0.32	0.01	0.01	93.79					0.05	0.05	-0.43	0.03	0.03	-0.2	-0.43	0.0	0.0	18.05					0.05	0.05	0.15	0.03	0.03	0.04	0.15	0.0	0.0	18.05					0.0	0.0	0.4099999999999997	0.0	0.0	0.21136508505167573	0.4099999999999997	0.0	0.0	inf				
2024-01-16 08:00:00	9500	1.7	1.58	1.67	1.7	BELL.MI	1.24	1.26	1.17	1.26	1.57	0.83	-1.0	-1.0	1.0	0	-1.0	-1.0	1.0	-1.0	-1.0	1.0										-1.0			2.57										0.0			1.57	-0.03	-0.03	0.68	-0.02	-0.02	0.4		0.68	0.0	0.0	29.03					1	0.0	0.0	0.32	0.0	0.0	0.32	0.32	0.01	0.01	93.79					0.03	0.03	-0.4	0.02	0.02	-0.19	-0.4	0.0	0.0	18.53					0.03	0.03	0.18	0.02	0.02	0.05	0.18	0.0	0.0	18.53					0.0	0.0	0.4099999999999997	0.0	0.0	0.21136508505167573	0.4099999999999997	0.0	0.0	inf				
2024-01-17 08:00:00	3000	1.65	1.61	1.63	1.65	BELL.MI	1.22	1.23	1.2	1.23	1.57	0.83	-1.0	-1.0	1.0	0	-1.0	-1.0	1.0	-1.0	-1.0	1.0										-1.0			2.57										0.0			1.57	0.05	0.05	0.73	0.03	0.03	0.44		0.73	0.0	0.0	29.54					1	-0.0	-0.0	0.32	-0.0	-0.0	0.32	0.32	0.01	0.01	93.67					-0.05	-0.05	-0.45	-0.03	-0.03	-0.21	-0.45	0.0	0.0	17.6					-0.05	-0.05	0.13	-0.03	-0.03	0.02	0.13	0.0	0.0	17.6					-0.0	-0.0	0.4099999999999997	-0.0	-0.0	0.21136508505167573	0.4099999999999997	-0.0	0.0	inf				
2024-01-18 08:00:00	8000	1.6	1.56	1.56	1.6	BELL.MI	1.16	1.18	1.16	1.18	1.57	0.83	-1.0	-1.0	1.0	0	-1.0	-1.0	1.0	-1.0	-1.0	1.0		1.56								-1.0			2.57		1.16								0.0			1.57	0.05	0.05	0.78	0.03	0.03	0.49		0.78	0.0	0.0	30.15					1	-0.0	-0.0	0.32	-0.0	-0.0	0.32	0.32	0.01	0.01	93.67					-0.05	-0.05	-0.5	-0.03	-0.03	-0.24	-0.5	0.0	0.0	14.88					-0.05	-0.05	0.08	-0.03	-0.03	-0.01	0.08	0.0	0.0	14.88					-0.0	-0.0	0.4099999999999997	-0.0	-0.0	0.21136508505167573	0.4099999999999997	-0.0	0.0	inf				
2024-01-19 08:00:00	500	1.62	1.62	1.62	1.62	BELL.MI	1.2	1.2	1.2	1.2	1.57	0.83	-1.0	-1.0	1.0	0	-1.0	-1.0	1.0	-1.0	-1.0	1.0	1.62									-1.0			2.57	1.2									0.0			1.57	-0.02	-0.02	0.76	-0.01	-0.01	0.47		0.76	0.0	0.0	27.96					1	0.0	0.0	0.32	0.0	0.0	0.32	0.32	0.01	0.01	93.67					0.02	0.02	-0.48	0.01	0.01	-0.23	-0.48	0.0	0.0	15.22					0.02	0.02	0.1	0.01	0.01	0.0	0.1	0.0	0.0	15.22					0.0	0.0	0.4099999999999997	0.0	0.0	0.21136508505167573	0.4099999999999997	0.0	0.0	inf				
2024-01-22 08:00:00	16500	1.6	1.57	1.6	1.59	BELL.MI	1.19	1.19	1.17	1.18	1.57	0.83	-1.0	-1.0	1.0	0	-1.0	-1.0	1.0	-1.0	-1.0	1.0										-1.0			2.57		1.17								0.0			1.57	0.03	0.03	0.79	0.02	0.02	0.5		0.79	0.0	0.0	30.16					1	-0.0	-0.0	0.32	-0.0	-0.0	0.32	0.32	0.01	0.01	97.14					-0.03	-0.03	-0.51	-0.02	-0.02	-0.24	-0.51	0.0	0.0	12.84					-0.03	-0.03	0.07	-0.02	-0.02	-0.01	0.07	0.0	0.0	12.84					-0.0	-0.0	0.4099999999999997	-0.0	-0.0	0.21136508505167573	0.4099999999999997	-0.0	0.0	inf				
2024-01-23 08:00:00	13500	1.6	1.57	1.6	1.59	BELL.MI	1.2	1.2	1.17	1.19	1.57	0.83	-1.0	-1.0	1.0	0	-1.0	-1.0	1.0	-1.0	-1.0	1.0										-1.0			2.57	1.2									0.0			1.57	-0.0	-0.0	0.79	-0.0	-0.0	0.5		0.79	0.0	0.0	30.16					1	0.0	0.0	0.32	0.0	0.0	0.32	0.32	0.01	0.01	97.14					0.0	0.0	-0.51	0.0	0.0	-0.24	-0.51	0.0	0.0	12.84					0.0	0.0	0.07	0.0	0.0	-0.01	0.07	0.0	0.0	12.84					0.0	0.0	0.4099999999999997	0.0	0.0	0.21136508505167573	0.4099999999999997	0.0	0.0	inf				
2024-01-24 08:00:00	45500	1.59	1.55	1.57	1.59	BELL.MI	1.16	1.18	1.15	1.18	1.57	0.83	-1.0	-1.0	1.0	0	-1.0	-1.0	1.0	-1.0	-1.0	1.0										-1.0			2.57										0.0			1.57	-0.0	-0.0	0.79	-0.0	-0.0	0.5		0.79	0.0	0.0	30.16					1	0.0	0.0	0.32	0.0	0.0	0.32	0.32	0.01	0.01	97.14					0.0	0.0	-0.51	0.0	0.0	-0.24	-0.51	0.0	0.0	12.84					0.0	0.0	0.07	0.0	0.0	-0.01	0.07	0.0	0.0	12.84					0.0	0.0	0.4099999999999997	0.0	0.0	0.21136508505167573	0.4099999999999997	0.0	0.0	inf				
2024-01-25 08:00:00	86000	1.58	1.55	1.58	1.55	BELL.MI	1.18	1.18	1.16	1.16	1.57	0.83	-1.0	-1.0	1.0	0	-1.0	-1.0	1.0	-1.0	-1.0	1.0										-1.0			2.57										0.0			1.57	0.04	0.04	0.83	0.03	0.03	0.54		0.83	0.0	0.0	30.63					1	-0.0	-0.0	0.32	-0.0	-0.0	0.32	0.32	0.01	0.01	97.14					-0.04	-0.04	-0.55	-0.03	-0.03	-0.26	-0.55	0.0	0.0	10.43					-0.04	-0.04	0.03	-0.03	-0.03	-0.04	0.03	0.0	0.0	10.43					-0.0	-0.0	0.4099999999999997	-0.0	-0.0	0.21136508505167573	0.4099999999999997	-0.0	0.0	inf				
2024-01-26 08:00:00	2000	1.57	1.55	1.57	1.56	BELL.MI	1.16	1.16	1.15	1.15	1.57	0.83	-1.0	-1.0	1.0	0	-1.0	-1.0	1.0	-1.0	-1.0	1.0										-1.0			2.57		1.15								0.0			1.57	-0.01	-0.01	0.82	-0.01	-0.01	0.53		0.82	0.0	0.0	28.75					1	0.0	0.0	0.32	0.0	0.0	0.32	0.32	0.01	0.01	97.14					0.01	0.01	-0.54	0.01	0.01	-0.26	-0.54	0.0	0.0	10.61					0.01	0.01	0.04	0.01	0.01	-0.03	0.04	0.0	0.0	10.61					0.0	0.0	0.4099999999999997	0.0	0.0	0.21136508505167573	0.4099999999999997	0.0	0.0	inf				
2024-01-29 08:00:00	23000	1.57	1.56	1.57	1.56	BELL.MI	1.17	1.17	1.16	1.16	1.57	0.83	-1.0	-1.0	1.0	0	-1.0	-1.0	1.0	-1.0	-1.0	1.0										-1.0			2.57	1.17									0.0			1.57	-0.0	-0.0	0.82	-0.0	-0.0	0.53		0.82	0.0	0.0	28.75					1	0.0	0.0	0.32	0.0	0.0	0.32	0.32	0.01	0.01	97.14					0.0	0.0	-0.54	0.0	0.0	-0.26	-0.54	0.0	0.0	10.61					0.0	0.0	0.04	0.0	0.0	-0.03	0.04	0.0	0.0	10.61					0.0	0.0	0.4099999999999997	0.0	0.0	0.21136508505167573	0.4099999999999997	0.0	0.0	inf				
2024-01-30 08:00:00	46500	1.56	1.56	1.56	1.56	BELL.MI	1.14	1.14	1.14	1.14	1.57	0.83	-1.0	-1.0	-1.0	0	-1.0	-1.0	1.0	-1.0	-1.0	1.0										-1.0			2.57										0.0			1.57	-0.0	-0.0	0.82	-0.0	-0.0	0.53		0.82	0.0	0.0	28.65					1	0.0	0.0	0.32	0.0	0.0	0.32	0.32	0.01	0.01	97.14					0.0	0.0	-0.54	0.0	0.0	-0.26	-0.54	0.0	0.0	12.35					0.0	0.0	0.04	0.0	0.0	-0.03	0.04	0.0	0.0	12.35					0.0	0.0	0.4099999999999997	0.0	0.0	0.21136508505167573	0.4099999999999997	0.0	0.0	inf				
2024-01-31 08:00:00	0	1.56	1.56	1.56	1.56	BELL.MI	1.14	1.14	1.14	1.14	1.57	0.83	-1.0	-1.0	-1.0	0	-1.0	-1.0	1.0	-1.0	-1.0	1.0										-1.0			2.57										0.0			1.57	-0.0	-0.0	0.82	-0.0	-0.0	0.53		0.82	0.0	0.0	28.65					1	0.0	0.0	0.32	0.0	0.0	0.32	0.32	0.01	0.01	97.14					0.0	0.0	-0.54	0.0	0.0	-0.26	-0.54	0.0	0.0	12.35					0.0	0.0	0.04	0.0	0.0	-0.03	0.04	0.0	0.0	12.35					0.0	0.0	0.4099999999999997	0.0	0.0	0.21136508505167573	0.4099999999999997	0.0	0.0	inf				
2024-02-01 08:00:00	24000	1.57	1.53	1.53	1.55	BELL.MI	1.12	1.15	1.12	1.14	1.57	0.83	-1.0	-1.0	-1.0	-1	-1.0	-1.0	1.0	-1.0	-1.0	1.0		1.53								-1.0			2.57										0.0			1.57	0.01	0.01	0.83	0.01	0.01	0.54		0.83	0.0	0.0	28.48					1	-0.0	-0.0	0.32	-0.0	-0.0	0.32	0.32	0.01	0.01	97.14					-0.01	-0.01	-0.55	-0.01	-0.01	-0.26	-0.55	0.0	0.0	12.66					-0.01	-0.01	0.03	-0.01	-0.01	-0.04	0.03	0.0	0.0	12.66					-0.0	-0.0	0.4099999999999997	-0.0	-0.0	0.21136508505167573	0.4099999999999997	-0.0	0.0	inf				
2024-02-02 08:00:00	47500	1.56	1.55	1.56	1.55	BELL.MI	1.14	1.14	1.13	1.13	1.57	0.83	-1.0	-1.0	-1.0	-1	-1.0	-1.0	1.0	-1.0	-1.0	1.0										-1.0			2.57		1.13								0.0			1.57	-0.0	-0.0	0.83	-0.0	-0.0	0.54		0.83	0.0	0.0	28.27					1	-0.0	-0.0	0.32	-0.0	-0.0	0.32	0.32	0.01	0.01	97.14					0.0	0.0	-0.55	0.0	0.0	-0.26	-0.55	0.0	0.0	14.59					0.0	0.0	0.03	0.0	0.0	-0.04	0.03	0.0	0.0	14.59					0.0	0.0	0.4099999999999997	0.0	0.0	0.21136508505167573	0.4099999999999997	0.0	0.0	inf				
2024-02-05 08:00:00	2000	1.6	1.59	1.59	1.6	BELL.MI	1.15	1.16	1.15	1.16	1.57	0.83	-1.0	-1.0	-1.0	-1	-1.0	-1.0	1.0	-1.0	-1.0	1.0	1.6									-1.0			2.57	1.16									0.0			1.57	-0.05	-0.05	0.78	-0.03	-0.03	0.49		0.78	0.0	0.0	24.37					1	-0.05	-0.05	0.27	-0.03	-0.03	0.28	0.27	0.01	0.01	88.01					0.05	0.05	-0.5	0.03	0.03	-0.24	-0.5	0.0	0.0	18.54					0.05	0.05	0.08	0.03	0.03	-0.01	0.08	0.0	0.0	18.54					0.0	0.0	0.4099999999999997	0.0	0.0	0.21136508505167573	0.4099999999999997	0.0	0.0	inf				
2024-02-06 08:00:00	18500	1.53	1.51	1.52	1.51	BELL.MI	1.1	1.11	1.09	1.09	1.57	0.83	-1.0	-1.0	-1.0	-1	-1.0	-1.0	1.0	-1.0	-1.0	1.0										-1.0			2.57										0.0			1.57	0.09	0.09	0.87	0.06	0.06	0.58		0.87	0.0	0.0	28.35					1	0.09	0.09	0.36	0.06	0.06	0.35	0.36	0.01	0.01	96.65					-0.09	-0.09	-0.59	-0.06	-0.06	-0.28	-0.59	0.0	0.0	14.23					-0.09	-0.09	-0.01	-0.06	-0.06	-0.06	-0.01	0.0	0.0	14.23					-0.0	-0.0	0.4099999999999997	-0.0	-0.0	0.21136508505167573	0.4099999999999997	-0.0	0.0	inf				
2024-02-07 08:00:00	9500	1.53	1.48	1.49	1.51	BELL.MI	1.08	1.11	1.07	1.1	1.57	0.83	-1.0	-1.0	-1.0	-1	-1.0	-1.0	1.0	-1.0	-1.0	1.0										-1.0			2.57										0.0			1.57	-0.0	-0.0	0.87	-0.0	-0.0	0.58		0.87	0.0	0.0	30.69					1	-0.0	-0.0	0.36	-0.0	-0.0	0.35	0.36	0.01	0.01	102.23					0.0	0.0	-0.59	0.0	0.0	-0.28	-0.59	0.0	0.0	13.79					0.0	0.0	-0.01	0.0	0.0	-0.06	-0.01	0.0	0.0	13.79					0.0	0.0	0.4099999999999997	0.0	0.0	0.21136508505167573	0.4099999999999997	0.0	0.0	inf				
2024-02-08 08:00:00	21500	1.51	1.47	1.47	1.5	BELL.MI	1.06	1.09	1.06	1.09	1.57	0.83	-1.0	-1.0	-1.0	-1	-1.0	-1.0	1.0	-1.0	-1.0	1.0		1.47								-1.0			2.57										0.0			1.57	0.01	0.01	0.88	0.01	0.01	0.59		0.88	0.01	0.01	32.92					1	0.01	0.01	0.37	0.01	0.01	0.36	0.37	0.01	0.01	107.04					-0.01	-0.01	-0.6	-0.01	-0.01	-0.29	-0.6	0.0	0.0	11.68					-0.01	-0.01	-0.02	-0.01	-0.01	-0.07	-0.02	0.0	0.0	11.68					-0.0	-0.0	0.4099999999999997	-0.0	-0.0	0.21136508505167573	0.4099999999999997	-0.0	0.0	inf				
2024-02-09 08:00:00	39500	1.5	1.47	1.5	1.5	BELL.MI	1.08	1.08	1.06	1.08	1.57	0.83	-1.0	-1.0	-1.0	-1	-1.0	-1.0	1.0	-1.0	-1.0	1.0										-1.0			2.57		1.06								0.0			1.57	-0.0	-0.0	0.88	-0.0	-0.0	0.59		0.88	0.01	0.01	35.05					1	-0.0	-0.0	0.37	-0.0	-0.0	0.36	0.37	0.01	0.01	111.83					0.0	0.0	-0.6	0.0	0.0	-0.29	-0.6	0.0	0.0	11.38					0.0	0.0	-0.02	0.0	0.0	-0.07	-0.02	0.0	0.0	11.38					0.0	0.0	0.4099999999999997	0.0	0.0	0.21136508505167573	0.4099999999999997	0.0	0.0	inf				
2024-02-12 08:00:00	3500	1.54	1.52	1.52	1.54	BELL.MI	1.09	1.1	1.09	1.1	1.57	0.83	-1.0	-1.0	-1.0	-1	-1.0	-1.0	1.0	-1.0	-1.0	1.0	1.54									-1.0			2.57	1.1									0.0			1.57	-0.04	-0.04	0.84	-0.03	-0.03	0.55		0.84	0.01	0.01	32.14					1	-0.04	-0.04	0.33	-0.03	-0.03	0.33	0.33	0.01	0.01	103.88					0.04	0.04	-0.56	0.03	0.03	-0.27	-0.56	0.0	0.0	12.13					0.04	0.04	0.02	0.03	0.03	-0.04	0.02	0.0	0.0	12.13					0.0	0.0	0.4099999999999997	0.0	0.0	0.21136508505167573	0.4099999999999997	0.0	0.0	inf				
2024-02-13 08:00:00	67500	1.51	1.48	1.5	1.48	BELL.MI	1.08	1.09	1.07	1.07	1.57	0.83	-1.0	-1.0	-1.0	-1	-1.0	-1.0	1.0	-1.0	-1.0	1.0										-1.0			2.57										0.0			1.57	0.06	0.06	0.9	0.04	0.04	0.61		0.9	0.01	0.01	32.83					1	0.06	0.06	0.39	0.04	0.04	0.38	0.39	0.01	0.01	104.62					-0.06	-0.06	-0.62	-0.04	-0.04	-0.3	-0.62	0.0	0.0	9.32					-0.06	-0.06	-0.04	-0.04	-0.04	-0.08	-0.04	0.0	0.0	9.32					-0.0	-0.0	0.4099999999999997	-0.0	-0.0	0.21136508505167573	0.4099999999999997	-0.0	0.0	inf				
2024-02-14 08:00:00	7500	1.47	1.45	1.47	1.45	BELL.MI	1.05	1.05	1.04	1.04	1.57	0.83	-1.0	-1.0	-1.0	-1	-1.0	-1.0	1.0	-1.0	-1.0	1.0										-1.0			2.57										0.0			1.57	0.03	0.03	0.93	0.02	0.02	0.64		0.93	0.01	0.01	33.16					1	0.03	0.03	0.42	0.02	0.02	0.41	0.42	0.01	0.01	104.98					-0.03	-0.03	-0.65	-0.02	-0.02	-0.31	-0.65	0.0	0.0	7.17					-0.03	-0.03	-0.07	-0.02	-0.02	-0.1	-0.07	0.0	0.0	7.17					-0.0	-0.0	0.4099999999999997	-0.0	-0.0	0.21136508505167573	0.4099999999999997	-0.0	0.0	inf				
2024-02-15 08:00:00	22000	1.44	1.35	1.42	1.35	BELL.MI	1.01	1.02	0.96	0.96	1.57	0.83	-1.0	-1.0	-1.0	-1	-1.0	-1.0	1.0	-1.0	-1.0	1.0		1.35		1.35						-1.0			2.57		0.96		0.96		0.96				0.0			1.57	0.1	0.1	1.03	0.07	0.07	0.76		1.03	0.01	0.01	34.27					1	0.1	0.1	0.52	0.07	0.07	0.51	0.52	0.01	0.01	106.14					-0.1	-0.1	-0.75	-0.07	-0.07	-0.36	-0.75	0.0	0.0	3.69					-0.1	-0.1	-0.17	-0.07	-0.07	-0.16	-0.17	0.0	0.0	3.69					-0.0	-0.0	0.4099999999999997	-0.0	-0.0	0.21136508505167573	0.4099999999999997	-0.0	0.0	inf				
2024-02-16 08:00:00	37500	1.52	1.44	1.46	1.52	BELL.MI	1.03	1.08	1.02	1.08	1.57	0.83	-1.0	-1.0	-1.0	-1	-1.0	-1.0	1.0	-1.0	-1.0	1.0										-1.0			2.57										0.0			1.57	-0.17	-0.17	0.86	-0.13	-0.12	0.57		0.86	0.01	0.01	27.01					1	-0.17	-0.17	0.35	-0.13	-0.12	0.34	0.35	0.01	0.01	83.88					0.17	0.17	-0.58	0.13	0.12	-0.28	-0.58	0.0	0.0	9.38					0.17	0.17	-0.0	0.13	0.12	-0.06	-0.0	0.0	0.0	9.38					0.0	0.0	0.4099999999999997	0.0	0.0	0.21136508505167573	0.4099999999999997	0.0	0.0	inf				
2024-02-19 08:00:00	16500	1.58	1.54	1.54	1.58	BELL.MI	1.09	1.12	1.09	1.12	1.57	0.83	-1.0	-1.0	-1.0	-1	-1.0	-1.0	1.0	-1.0	-1.0	1.0										-1.0			2.57										0.0			1.57	-0.06	-0.06	0.8	-0.04	-0.04	0.51		0.8	0.01	0.01	26.95					1	-0.06	-0.06	0.29	-0.04	-0.04	0.29	0.29	0.01	0.01	83.66					0.06	0.06	-0.52	0.04	0.04	-0.25	-0.52	0.0	0.0	9.42					0.06	0.06	0.06	0.04	0.04	-0.02	0.06	0.0	0.0	9.42					0.0	0.0	0.4099999999999997	0.0	0.0	0.21136508505167573	0.4099999999999997	0.0	0.0	inf				
2024-02-20 08:00:00	3500	1.6	1.58	1.58	1.6	BELL.MI	1.12	1.13	1.12	1.13	1.57	0.83	-1.0	-1.0	-1.0	0	-1.0	-1.0	1.0	1.0	-1.0	-1.0	1.6									-1.0			2.57	1.13									0.0			1.57	-0.02	-0.02	0.78	-0.01	-0.01	0.49		0.78	0.0	0.0	25.01					1	-0.02	-0.02	0.27	-0.01	-0.01	0.28	0.27	0.01	0.01	79.8					0.02	0.02	-0.5	0.01	0.01	-0.24	-0.5	0.0	0.0	9.72					0.02	0.02	0.08	0.01	0.01	-0.01	0.08	0.0	0.0	9.72					0.0	0.0	0.4099999999999997	0.0	0.0	0.21136508505167573	0.4099999999999997	0.0	0.0	inf				
2024-02-21 08:00:00	15000	1.59	1.54	1.55	1.56	BELL.MI	1.09	1.12	1.08	1.09	1.57	0.83	-1.0	-1.0	-1.0	0	-1.0	-1.0	1.0	1.0	-1.0	-1.0		1.54								-1.0			2.57										0.0			1.57	0.04	0.04	0.82	0.03	0.03	0.53		0.82	0.0	0.0	25.42					1	-0.0	-0.0	0.27	-0.0	-0.0	0.28	0.27	0.01	0.01	79.8					-0.04	-0.04	-0.54	-0.03	-0.03	-0.26	-0.54	0.0	0.0	7.6					0.04	0.04	0.12	0.03	0.03	0.02	0.12	0.0	0.0	10.31					-0.0	-0.0	0.4099999999999997	-0.0	-0.0	0.21136508505167573	0.4099999999999997	-0.0	0.0	inf				
2024-02-22 08:00:00	81500	1.58	1.54	1.55	1.58	BELL.MI	1.08	1.1	1.07	1.1	1.57	0.83	-1.0	-1.0	-1.0	0	-1.0	-1.0	1.0	1.0	-1.0	-1.0										-1.0			2.57		1.07								0.0			1.57	-0.02	-0.02	0.8	-0.01	-0.01	0.51		0.8	0.0	0.0	23.51					1	0.0	0.0	0.27	0.0	0.0	0.28	0.27	0.01	0.01	79.8					0.02	0.02	-0.52	0.01	0.01	-0.25	-0.52	0.0	0.0	7.91					-0.02	-0.02	0.1	-0.01	-0.01	0.0	0.1	0.0	0.0	8.54					0.0	0.0	0.4099999999999997	0.0	0.0	0.21136508505167573	0.4099999999999997	0.0	0.0	inf				
2024-02-23 08:00:00	18500	1.64	1.55	1.55	1.61	BELL.MI	1.07	1.13	1.07	1.11	1.55	0.83	-1.0	-1.0	-1.0	0	-1.0	-1.0	1.0	1.0	-1.0	-1.0										-1.0			2.57										0.0			1.57	-0.03	-0.03	0.77	-0.02	-0.02	0.48		0.77	0.0	0.0	21.41					1	0.0	0.0	0.27	0.0	0.0	0.28	0.27	0.01	0.01	79.8					0.03	0.03	-0.49	0.02	0.02	-0.23	-0.49	0.0	0.0	8.35					-0.03	-0.03	0.07	-0.02	-0.02	-0.01	0.07	0.0	0.0	6.63					0.0	0.0	0.4099999999999997	0.0	0.0	0.21136508505167573	0.4099999999999997	0.0	0.0	inf				
2024-02-26 08:00:00	17000	1.66	1.6	1.6	1.66	BELL.MI	1.1	1.15	1.1	1.15	1.51	0.83	-1.0	-1.0	-1.0	0	-1.0	-1.0	1.0	1.0	-1.0	-1.0										-1.0			2.57										0.0			1.57	-0.05	-0.05	0.72	-0.03	-0.03	0.43		0.72	0.0	0.0	18.21					1	0.0	0.0	0.27	0.0	0.0	0.28	0.27	0.01	0.01	79.01					0.05	0.05	-0.44	0.03	0.03	-0.21	-0.44	0.0	0.0	11.61					-0.05	-0.05	0.02	-0.03	-0.03	-0.04	0.02	0.0	0.0	6.93					0.0	0.0	0.4099999999999997	0.0	0.0	0.21136508505167573	0.4099999999999997	0.0	0.0	inf				
2024-02-27 08:00:00	45000	1.85	1.67	1.7	1.74	BELL.MI	1.17	1.27	1.15	1.2	1.49	0.83	-1.0	-1.0	1.0	1	-1.0	-1.0	1.0	1.0	-1.0	-1.0										-1.0			2.57										0.0			1.57	-0.08	-0.08	0.64	-0.05	-0.05	0.37		0.64	0.0	0.0	16.87					1	0.0	0.0	0.27	0.0	0.0	0.28	0.27	0.01	0.01	81.94					0.08	0.08	-0.36	0.05	0.05	-0.17	-0.36	0.0	0.0	12.48					-0.08	-0.08	-0.06	-0.05	-0.05	-0.09	-0.06	0.0	0.0	4.22					0.0	0.0	0.4099999999999997	0.0	0.0	0.21136508505167573	0.4099999999999997	0.0	0.0	inf				
2024-02-28 08:00:00	43500	1.86	1.76	1.81	1.86	BELL.MI	1.25	1.28	1.21	1.28	1.49	0.83	-1.0	-1.0	1.0	1	-1.0	-1.0	1.0	1.0	-1.0	-1.0	1.86									-1.0			2.57	1.28		1.28							0.0			1.57	-0.12	-0.12	0.52	-0.07	-0.07	0.28		0.52	0.0	0.0	13.22					1	0.12	0.12	0.39	0.07	0.07	0.37	0.39	0.01	0.01	82.83					0.12	0.12	-0.24	0.07	0.07	-0.11	-0.24	0.0	0.0	15.62					-0.12	-0.12	-0.18	-0.07	-0.07	-0.15	-0.18	0.0	0.0	3.05					0.0	0.0	0.4099999999999997	0.0	0.0	0.21136508505167573	0.4099999999999997	0.0	0.0	inf				
2024-02-29 08:00:00	68000	1.9	1.77	1.9	1.83	BELL.MI	1.31	1.31	1.22	1.26	1.49	0.83	-1.0	1.0	1.0	1	-1.0	-1.0	1.0	1.0	-1.0	-1.0										-1.0			2.57										0.0			1.57	0.03	0.03	0.55	0.02	0.02	0.3		0.55	0.0	0.0	13.53					1	-0.03	-0.03	0.36	-0.02	-0.02	0.34	0.36	0.01	0.01	78.55					-0.03	-0.03	-0.27	-0.02	-0.02	-0.13	-0.27	0.0	0.0	13.78					0.03	0.03	-0.15	0.02	0.02	-0.13	-0.15	0.0	0.0	3.45					-0.0	-0.0	0.4099999999999997	-0.0	-0.0	0.21136508505167573	0.4099999999999997	-0.0	0.0	inf				
2024-03-01 08:00:00	51500	1.92	1.74	1.85	1.78	BELL.MI	1.26	1.31	1.19	1.21	1.49	0.83	-1.0	1.0	1.0	1	-1.0	-1.0	1.0	1.0	-1.0	-1.0										-1.0			2.57										0.0			1.57	0.05	0.05	0.6	0.03	0.03	0.34		0.6	0.0	0.0	16.01					1	-0.05	-0.05	0.31	-0.03	-0.03	0.31	0.31	0.01	0.01	77.8					-0.05	-0.05	-0.32	-0.03	-0.03	-0.15	-0.32	0.0	0.0	11.25					0.05	0.05	-0.1	0.03	0.03	-0.11	-0.1	0.0	0.0	3.6					-0.0	-0.0	0.4099999999999997	-0.0	-0.0	0.21136508505167573	0.4099999999999997	-0.0	0.0	inf				
2024-03-04 08:00:00	20500	1.86	1.77	1.82	1.81	BELL.MI	1.24	1.27	1.21	1.24	1.49	0.83	-1.0	1.0	1.0	1	-1.0	-1.0	1.0	1.0	-1.0	-1.0										-1.0			2.57										0.0			1.57	-0.03	-0.03	0.57	-0.02	-0.02	0.31		0.57	0.0	0.0	13.68					1	0.03	0.03	0.34	0.02	0.02	0.33	0.34	0.01	0.01	77.61					0.03	0.03	-0.29	0.02	0.02	-0.14	-0.29	0.0	0.0	13.68					-0.03	-0.03	-0.13	-0.02	-0.02	-0.12	-0.13	0.0	0.0	3.83					0.0	0.0	0.4099999999999997	0.0	0.0	0.21136508505167573	0.4099999999999997	0.0	0.0	inf				
2024-03-05 08:00:00	27000	1.92	1.72	1.92	1.74	BELL.MI	1.3	1.3	1.17	1.18	1.49	0.83	-1.0	1.0	1.0	1	-1.0	-1.0	1.0	1.0	-1.0	-1.0										-1.0			2.57										0.0			1.57	0.07	0.07	0.64	0.04	0.04	0.37		0.64	0.0	0.0	13.46					1	-0.07	-0.07	0.27	-0.04	-0.04	0.28	0.27	0.01	0.01	69.84					-0.07	-0.07	-0.36	-0.04	-0.04	-0.17	-0.36	0.0	0.0	14.0					0.07	0.07	-0.06	0.04	0.04	-0.09	-0.06	0.0	0.0	7.32					-0.0	-0.0	0.4099999999999997	-0.0	-0.0	0.21136508505167573	0.4099999999999997	-0.0	0.0	inf				
2024-03-06 08:00:00	11000	1.76	1.71	1.76	1.71	BELL.MI	1.19	1.19	1.15	1.15	1.49	0.83	-1.0	1.0	1.0	1	-1.0	-1.0	1.0	1.0	-1.0	-1.0										-1.0			2.57										0.0			1.57	0.03	0.03	0.67	0.02	0.02	0.39		0.67	0.0	0.0	12.87					1	-0.03	-0.03	0.24	-0.02	-0.02	0.26	0.24	0.01	0.01	64.77					-0.03	-0.03	-0.39	-0.02	-0.02	-0.19	-0.39	0.0	0.0	14.88					0.03	0.03	-0.03	0.02	0.02	-0.07	-0.03	0.0	0.0	10.3					-0.0	-0.0	0.4099999999999997	-0.0	-0.0	0.21136508505167573	0.4099999999999997	-0.0	0.0	inf				
2024-03-07 08:00:00	19500	1.78	1.67	1.78	1.67	BELL.MI	1.2	1.2	1.12	1.12	1.49	0.83	-1.0	1.0	1.0	1	-1.0	-1.0	1.0	1.0	-1.0	-1.0										-1.0			2.57										0.0			1.57	0.04	0.04	0.71	0.02	0.02	0.43		0.71	0.0	0.0	17.01					1	-0.04	-0.04	0.2	-0.02	-0.02	0.23	0.2	0.01	0.01	70.69					-0.04	-0.04	-0.43	-0.02	-0.02	-0.2	-0.43	0.0	0.0	11.27					0.04	0.04	0.01	0.02	0.02	-0.05	0.01	0.0	0.0	9.15					-0.0	-0.0	0.4099999999999997	-0.0	-0.0	0.21136508505167573	0.4099999999999997	-0.0	0.0	inf				
2024-03-08 08:00:00	22000	1.71	1.65	1.71	1.66	BELL.MI	1.15	1.15	1.11	1.12	1.4	0.83	-1.0	1.0	1.0	1	-1.0	-1.0	1.0	1.0	-1.0	-1.0		1.65								-1.0			2.57		1.11								0.0			1.57	0.01	0.01	0.72	0.01	0.01	0.43		0.72	0.0	0.0	16.46					1	-0.01	-0.01	0.19	-0.01	-0.01	0.22	0.19	0.01	0.01	66.88					-0.01	-0.01	-0.44	-0.01	-0.01	-0.21	-0.44	0.0	0.0	12.09					0.01	0.01	0.02	0.01	0.01	-0.04	0.02	0.0	0.0	11.66					-0.0	-0.0	0.4099999999999997	-0.0	-0.0	0.21136508505167573	0.4099999999999997	-0.0	0.0	inf				
2024-03-11 08:00:00	9500	1.72	1.65	1.68	1.7	BELL.MI	1.13	1.16	1.11	1.15	1.39	0.83	-1.0	1.0	1.0	1	-1.0	-1.0	1.0	1.0	-1.0	-1.0										-1.0			2.57	1.16									0.0			1.57	-0.04	-0.04	0.68	-0.02	-0.02	0.4		0.68	0.0	0.0	14.3					1	0.04	0.04	0.23	0.02	0.02	0.25	0.23	0.01	0.01	67.49					0.04	0.04	-0.4	0.02	0.02	-0.19	-0.4	0.0	0.0	12.59					-0.04	-0.04	-0.02	-0.02	-0.02	-0.07	-0.02	0.0	0.0	9.58					0.0	0.0	0.4099999999999997	0.0	0.0	0.21136508505167573	0.4099999999999997	0.0	0.0	inf				
2024-03-12 08:00:00	4000	1.71	1.66	1.71	1.69	BELL.MI	1.14	1.14	1.11	1.13	1.39	0.83	-1.0	1.0	1.0	1	-1.0	-1.0	1.0	1.0	-1.0	-1.0										-1.0			2.57										0.0			1.57	0.01	0.01	0.69	0.01	0.01	0.41		0.69	0.0	0.0	14.42					1	-0.01	-0.01	0.22	-0.01	-0.01	0.24	0.22	0.01	0.01	64.58					-0.01	-0.01	-0.41	-0.01	-0.01	-0.2	-0.41	0.0	0.0	11.01					0.01	0.01	-0.01	0.01	0.01	-0.06	-0.01	0.0	0.0	9.71					-0.0	-0.0	0.4099999999999997	-0.0	-0.0	0.21136508505167573	0.4099999999999997	-0.0	0.0	inf				
2024-03-13 08:00:00	10000	1.74	1.68	1.71	1.68	BELL.MI	1.13	1.15	1.11	1.11	1.39	0.83	-1.0	1.0	1.0	1	-1.0	-1.0	1.0	1.0	-1.0	-1.0										-1.0			2.57		1.11								0.0			1.57	0.01	0.01	0.7	0.01	0.01	0.42		0.7	0.0	0.0	13.82					1	-0.01	-0.01	0.21	-0.01	-0.01	0.23	0.21	0.0	0.0	60.71					-0.01	-0.01	-0.42	-0.01	-0.01	-0.2	-0.42	0.0	0.0	11.88					0.01	0.01	-0.0	0.01	0.01	-0.05	-0.0	0.0	0.0	12.26					-0.0	-0.0	0.4099999999999997	-0.0	-0.0	0.21136508505167573	0.4099999999999997	-0.0	0.0	inf				
2024-03-14 08:00:00	3500	1.75	1.7	1.73	1.7	BELL.MI	1.15	1.16	1.13	1.13	1.39	0.83	-1.0	1.0	1.0	1	-1.0	-1.0	1.0	1.0	-1.0	-1.0	1.75									-1.0			2.57	1.16									0.0			1.57	-0.02	-0.02	0.68	-0.01	-0.01	0.4		0.68	0.0	0.0	12.04					1	0.02	0.02	0.23	0.01	0.01	0.25	0.23	0.0	0.0	61.05					0.02	0.02	-0.4	0.01	0.01	-0.19	-0.4	0.0	0.0	12.13					-0.02	-0.02	-0.02	-0.01	-0.01	-0.07	-0.02	0.0	0.0	10.5					0.0	0.0	0.4099999999999997	0.0	0.0	0.21136508505167573	0.4099999999999997	0.0	0.0	inf				
2024-03-15 08:00:00	7500	1.73	1.66	1.73	1.69	BELL.MI	1.15	1.15	1.1	1.12	1.39	0.83	-1.0	1.0	1.0	1	-1.0	-1.0	1.0	1.0	-1.0	-1.0		1.66								-1.0			2.57		1.1								0.0			1.57	0.01	0.01	0.69	0.01	0.01	0.41		0.69	0.0	0.0	14.31					1	-0.01	-0.01	0.22	-0.01	-0.01	0.24	0.22	0.0	0.0	63.08					-0.01	-0.01	-0.41	-0.01	-0.01	-0.2	-0.41	0.0	0.0	10.02					0.01	0.01	-0.01	0.01	0.01	-0.06	-0.01	0.0	0.0	10.09					-0.0	-0.0	0.4099999999999997	-0.0	-0.0	0.21136508505167573	0.4099999999999997	-0.0	0.0	inf				
2024-03-18 08:00:00	2500	1.72	1.68	1.72	1.72	BELL.MI	1.14	1.14	1.11	1.14	1.39	0.83	-1.0	1.0	1.0	1	-1.0	-1.0	1.0	1.0	-1.0	-1.0	1.72									-1.0			2.57	1.14			1.11						0.0			1.57	-0.03	-0.03	0.66	-0.02	-0.02	0.38		0.66	0.0	0.0	10.87					1	0.03	0.03	0.25	0.02	0.02	0.26	0.25	0.0	0.0	61.62					0.03	0.03	-0.38	0.02	0.02	-0.18	-0.38	0.0	0.0	13.92					-0.03	-0.03	-0.04	-0.02	-0.02	-0.08	-0.04	0.0	0.0	11.53					0.0	0.0	0.4099999999999997	0.0	0.0	0.21136508505167573	0.4099999999999997	0.0	0.0	inf				
2024-03-19 08:00:00	2000	1.75	1.68	1.75	1.68	BELL.MI	1.15	1.15	1.1	1.1	1.39	0.83	-1.0	1.0	1.0	1	-1.0	-1.0	1.0	1.0	-1.0	-1.0		1.68								-1.0			2.57		1.1								0.0			1.57	0.04	0.04	0.7	0.02	0.02	0.42		0.7	0.0	0.0	9.35					1	-0.04	-0.04	0.21	-0.02	-0.02	0.23	0.21	0.0	0.0	53.67					-0.04	-0.04	-0.42	-0.02	-0.02	-0.2	-0.42	0.0	0.0	16.06					0.04	0.04	-0.0	0.02	0.02	-0.05	-0.0	0.0	0.0	16.29					-0.0	-0.0	0.4099999999999997	-0.0	-0.0	0.21136508505167573	0.4099999999999997	-0.0	0.0	inf				
2024-03-20 08:00:00	2500	1.8	1.67	1.71	1.8	BELL.MI	1.12	1.18	1.09	1.18	1.39	0.83	-1.0	1.0	1.0	1	-1.0	-1.0	1.0	1.0	-1.0	-1.0	1.8									-1.0			2.57	1.18									0.0			1.57	-0.12	-0.12	0.58	-0.07	-0.07	0.32		0.58	0.0	0.0	7.97					1	0.12	0.12	0.33	0.07	0.07	0.32	0.33	0.0	0.0	60.73					0.12	0.12	-0.3	0.07	0.07	-0.14	-0.3	0.0	0.0	17.05					-0.12	-0.12	-0.12	-0.07	-0.07	-0.12	-0.12	0.0	0.0	12.11					0.0	0.0	0.4099999999999997	0.0	0.0	0.21136508505167573	0.4099999999999997	0.0	0.0	inf				
2024-03-21 08:00:00	6500	1.79	1.72	1.73	1.72	BELL.MI	1.13	1.17	1.13	1.13	1.39	0.83	-1.0	1.0	1.0	1	-1.0	-1.0	1.0	1.0	-1.0	-1.0		1.72								-1.0			2.57		1.13								0.0			1.57	0.08	0.08	0.66	0.04	0.05	0.38		0.66	0.0	0.0	7.34					1	-0.08	-0.08	0.25	-0.04	-0.05	0.26	0.25	0.0	0.0	51.03					-0.08	-0.08	-0.38	-0.04	-0.05	-0.18	-0.38	0.0	0.0	17.95					0.08	0.08	-0.04	0.04	0.05	-0.08	-0.04	0.0	0.0	16.85					-0.0	-0.0	0.4099999999999997	-0.0	-0.0	0.21136508505167573	0.4099999999999997	-0.0	0.0	inf				
2024-03-22 08:00:00	39000	1.87	1.72	1.83	1.74	BELL.MI	1.2	1.22	1.13	1.14	1.39	0.83	-1.0	1.0	1.0	1	-1.0	-1.0	1.0	1.0	-1.0	-1.0	1.87		1.87		1.87					-1.0			2.57	1.22		1.22							0.0			1.57	-0.02	-0.02	0.64	-0.01	-0.01	0.37		0.64	0.0	0.0	8.01					1	0.02	0.02	0.27	0.01	0.01	0.28	0.27	0.0	0.0	57.61					0.02	0.02	-0.36	0.01	0.01	-0.17	-0.36	0.0	0.0	17.47					-0.02	-0.02	-0.06	-0.01	-0.01	-0.09	-0.06	0.0	0.0	14.21					0.0	0.0	0.4099999999999997	0.0	0.0	0.21136508505167573	0.4099999999999997	0.0	0.0	inf				
2024-03-25 08:00:00	22500	1.79	1.71	1.74	1.78	BELL.MI	1.13	1.16	1.11	1.15	1.39	0.83	-1.0	1.0	1.0	1	-1.0	-1.0	1.0	1.0	-1.0	-1.0		1.71								-1.0			2.57		1.11								0.0			1.57	-0.04	-0.04	0.6	-0.02	-0.02	0.34		0.6	0.0	0.0	5.88					1	0.04	0.04	0.31	0.02	0.02	0.31	0.31	0.0	0.0	58.42					0.04	0.04	-0.32	0.02	0.02	-0.15	-0.32	0.0	0.0	17.92					-0.04	-0.04	-0.1	-0.02	-0.02	-0.11	-0.1	0.0	0.0	11.98					0.0	0.0	0.4099999999999997	0.0	0.0	0.21136508505167573	0.4099999999999997	0.0	0.0	inf				
2024-03-26 08:00:00	13000	1.86	1.77	1.86	1.77	BELL.MI	1.21	1.21	1.15	1.15	1.39	0.83	-1.0	1.0	1.0	1	-1.0	-1.0	1.0	1.0	-1.0	-1.0	1.86									-1.0			2.57	1.21									0.0			1.57	0.01	0.01	0.61	0.01	0.01	0.34		0.61	0.0	0.0	5.05					1	-0.01	-0.01	0.3	-0.01	-0.01	0.3	0.3	0.0	0.0	54.11					-0.01	-0.01	-0.33	-0.01	-0.01	-0.16	-0.33	0.0	0.0	19.07					0.01	0.01	-0.09	0.01	0.01	-0.1	-0.09	0.0	0.0	14.77					-0.0	-0.0	0.4099999999999997	-0.0	-0.0	0.21136508505167573	0.4099999999999997	-0.0	0.0	inf				
2024-03-27 08:00:00	18000	1.84	1.67	1.84	1.74	BELL.MI	1.19	1.19	1.08	1.12	1.39	0.83	-1.0	1.0	-1.0	1	-1.0	-1.0	1.0	1.0	-1.0	-1.0										-1.0			2.57		1.08		1.08						0.0			1.57	0.03	0.03	0.64	0.02	0.02	0.37		0.64	0.0	0.0	7.83					1	-0.03	-0.03	0.27	-0.02	-0.02	0.28	0.27	0.0	0.0	55.38					-0.03	-0.03	-0.36	-0.02	-0.02	-0.17	-0.36	0.0	0.0	16.33					0.03	0.03	-0.06	0.02	0.02	-0.09	-0.06	0.0	0.0	14.51					-0.0	-0.0	0.4099999999999997	-0.0	-0.0	0.21136508505167573	0.4099999999999997	-0.0	0.0	inf				
2024-03-28 08:00:00	6500	1.77	1.7	1.74	1.76	BELL.MI	1.13	1.14	1.1	1.14	1.39	0.83	-1.0	1.0	-1.0	1	-1.0	-1.0	1.0	1.0	-1.0	-1.0		1.7		1.7						-1.0			2.57										0.0			1.57	-0.02	-0.02	0.62	-0.01	-0.01	0.35		0.62	0.0	0.0	4.76					1	0.02	0.02	0.29	0.01	0.01	0.29	0.29	0.0	0.0	54.09					0.02	0.02	-0.34	0.01	0.01	-0.16	-0.34	0.0	0.0	19.78					-0.02	-0.02	-0.08	-0.01	-0.01	-0.1	-0.08	0.0	0.0	15.62					0.0	0.0	0.4099999999999997	0.0	0.0	0.21136508505167573	0.4099999999999997	0.0	0.0	inf				
2024-04-02 07:00:00	5500	1.8	1.74	1.8	1.76	BELL.MI	1.18	1.18	1.14	1.15	1.39	0.83	-1.0	1.0	-1.0	1	-1.0	-1.0	1.0	1.0	-1.0	-1.0										-1.0			2.57	1.18									0.0			1.57	-0.0	-0.0	0.62	-0.0	-0.0	0.35		0.62	0.0	0.0	7.13					1	0.0	0.0	0.29	0.0	0.0	0.29	0.29	0.0	0.0	59.96					0.0	0.0	-0.34	0.0	0.0	-0.16	-0.34	0.0	0.0	19.19					-0.0	-0.0	-0.08	-0.0	-0.0	-0.1	-0.08	0.0	0.0	14.96					0.0	0.0	0.4099999999999997	0.0	0.0	0.21136508505167573	0.4099999999999997	0.0	0.0	inf				
2024-04-03 07:00:00	4000	1.79	1.75	1.79	1.78	BELL.MI	1.17	1.17	1.14	1.16	1.39	0.83	-1.0	1.0	-1.0	1	-1.0	-1.0	1.0	1.0	-1.0	-1.0										-1.0			2.57										0.0			1.57	-0.02	-0.02	0.6	-0.01	-0.01	0.34		0.6	0.0	0.0	4.82					1	0.02	0.02	0.31	0.01	0.01	0.31	0.31	0.0	0.0	59.83					0.02	0.02	-0.32	0.01	0.01	-0.15	-0.32	0.0	0.0	21.57					-0.02	-0.02	-0.1	-0.01	-0.01	-0.11	-0.1	0.0	0.0	15.07					0.0	0.0	0.4099999999999997	0.0	0.0	0.21136508505167573	0.4099999999999997	0.0	0.0	inf				
2024-04-04 07:00:00	3500	1.79	1.74	1.75	1.78	BELL.MI	1.14	1.17	1.13	1.16	1.39	0.83	-1.0	1.0	-1.0	1	-1.0	-1.0	1.0	1.0	-1.0	-1.0										-1.0			2.57		1.13								0.0			1.57	-0.0	-0.0	0.6	-0.0	-0.0	0.34		0.6	0.0	0.0	2.1					1	0.0	0.0	0.31	0.0	0.0	0.31	0.31	0.0	0.0	56.05					0.0	0.0	-0.32	0.0	0.0	-0.15	-0.32	0.0	0.0	27.02					-0.0	-0.0	-0.1	-0.0	-0.0	-0.11	-0.1	0.0	0.0	19.86					0.0	0.0	0.4099999999999997	0.0	0.0	0.21136508505167573	0.4099999999999997	0.0	0.0	inf				
2024-04-05 07:00:00	500	1.78	1.78	1.78	1.78	BELL.MI	1.18	1.18	1.18	1.18	1.39	0.83	-1.0	1.0	-1.0	1	-1.0	-1.0	1.0	1.0	-1.0	-1.0	1.78									-1.0			2.57	1.18									0.0			1.57	-0.0	-0.0	0.6	-0.0	-0.0	0.34		0.6	0.0	-0.0	0.31					1	0.0	0.0	0.31	0.0	0.0	0.31	0.31	0.0	0.0	53.43					0.0	0.0	-0.32	0.0	0.0	-0.15	-0.32	0.0	0.0	31.24					-0.0	-0.0	-0.1	-0.0	-0.0	-0.11	-0.1	0.0	0.0	23.6					0.0	0.0	0.4099999999999997	0.0	0.0	0.21136508505167573	0.4099999999999997	0.0	0.0	inf				
2024-04-08 07:00:00	1500	1.77	1.74	1.77	1.74	BELL.MI	1.16	1.16	1.14	1.14	1.39	0.83	-1.0	1.0	-1.0	1	-1.0	-1.0	1.0	1.0	-1.0	-1.0		1.74								-1.0			2.57		1.14								0.0			1.57	0.04	0.04	0.64	0.02	0.02	0.37		0.64	-0.0	-0.0	-1.92					1	-0.04	-0.04	0.27	-0.02	-0.02	0.28	0.27	0.0	0.0	42.82					-0.04	-0.04	-0.36	-0.02	-0.02	-0.17	-0.36	0.0	0.0	34.48					0.04	0.04	-0.06	0.02	0.02	-0.09	-0.06	0.0	0.0	29.61					-0.0	-0.0	0.4099999999999997	-0.0	-0.0	0.21136508505167573	0.4099999999999997	-0.0	0.0	inf				
2024-04-09 07:00:00	3500	1.78	1.71	1.71	1.78	BELL.MI	1.13	1.18	1.13	1.18	1.39	0.87	-1.0	1.0	-1.0	1	-1.0	-1.0	1.0	1.0	-1.0	-1.0										-1.0			2.57										0.0			1.57	-0.04	-0.04	0.6	-0.02	-0.02	0.34		0.6	-0.0	-0.0	-2.06					1	0.04	0.04	0.31	0.02	0.02	0.31	0.31	0.0	0.0	49.39					0.04	0.04	-0.32	0.02	0.02	-0.15	-0.32	0.0	0.0	34.57					-0.04	-0.04	-0.1	-0.02	-0.02	-0.11	-0.1	0.0	0.0	26.36					0.0	0.0	0.4099999999999997	0.0	0.0	0.21136508505167573	0.4099999999999997	0.0	0.0	inf				
2024-04-10 07:00:00	4000	1.78	1.78	1.78	1.78	BELL.MI	1.18	1.18	1.18	1.18	1.39	0.87	-1.0	1.0	-1.0	1	-1.0	-1.0	1.0	1.0	-1.0	-1.0	1.78									-1.0			2.57	1.18									0.0			1.57	-0.0	-0.0	0.6	-0.0	-0.0	0.34		0.6	0.0	0.0	1.43					1	0.0	0.0	0.31	0.0	0.0	0.31	0.31	0.0	0.0	60.12					0.0	0.0	-0.32	0.0	0.0	-0.15	-0.32	0.0	0.0	33.39					-0.0	-0.0	-0.1	-0.0	-0.0	-0.11	-0.1	0.0	0.0	24.98					0.0	0.0	0.4099999999999997	0.0	0.0	0.21136508505167573	0.4099999999999997	0.0	0.0	inf				
2024-04-11 07:00:00	10500	1.8	1.69	1.8	1.77	BELL.MI	1.2	1.2	1.13	1.18	1.39	0.87	-1.0	1.0	-1.0	1	-1.0	-1.0	1.0	1.0	-1.0	-1.0		1.69								-1.0			2.57		1.13								0.0			1.57	0.01	0.01	0.61	0.01	0.01	0.34		0.61	0.0	0.0	3.93					1	-0.01	-0.01	0.3	-0.01	-0.01	0.3	0.3	0.0	0.0	61.69					-0.01	-0.01	-0.33	-0.01	-0.01	-0.16	-0.33	0.0	0.0	30.95					0.01	0.01	-0.09	0.01	0.01	-0.1	-0.09	0.0	0.0	24.71					-0.0	-0.0	0.4099999999999997	-0.0	-0.0	0.21136508505167573	0.4099999999999997	-0.0	0.0	inf				
2024-04-12 07:00:00	1000	1.8	1.79	1.79	1.8	BELL.MI	1.19	1.2	1.19	1.2	1.39	0.87	-1.0	1.0	-1.0	1	-1.0	-1.0	1.0	1.0	-1.0	-1.0	1.8		1.8							-1.0			2.57	1.2		1.2							0.0			1.57	-0.03	-0.03	0.58	-0.02	-0.02	0.32		0.58	0.0	0.0	0.6					1	0.03	0.03	0.33	0.02	0.02	0.32	0.33	0.0	0.0	61.16					0.03	0.03	-0.3	0.02	0.02	-0.14	-0.3	0.0	0.0	34.62					-0.03	-0.03	-0.12	-0.02	-0.02	-0.12	-0.12	0.0	0.0	25.12					0.0	0.0	0.4099999999999997	0.0	0.0	0.21136508505167573	0.4099999999999997	0.0	0.0	inf				
2024-04-15 07:00:00	9500	1.74	1.65	1.74	1.67	BELL.MI	1.15	1.15	1.09	1.11	1.39	0.87	-1.0	1.0	-1.0	0	-1.0	-1.0	1.0	1.0	-1.0	-1.0										-1.0			2.57										0.0			1.57	0.13	0.13	0.71	0.07	0.07	0.43		0.71	0.0	0.0	7.76					1	-0.13	-0.13	0.2	-0.07	-0.07	0.23	0.2	0.0	0.0	60.77					-0.13	-0.13	-0.43	-0.07	-0.07	-0.2	-0.43	0.0	0.0	26.78					0.13	0.13	0.01	0.07	0.07	-0.05	0.01	0.0	0.0	25.18					-0.0	-0.0	0.4099999999999997	-0.0	-0.0	0.21136508505167573	0.4099999999999997	-0.0	0.0	inf				
2024-04-16 07:00:00	12000	1.68	1.6	1.68	1.65	BELL.MI	1.13	1.13	1.08	1.11	1.39	0.87	-1.0	1.0	-1.0	0	-1.0	-1.0	1.0	1.0	-1.0	-1.0		1.6								-1.0			2.57		1.08								0.0			1.57	0.02	0.02	0.73	0.01	0.01	0.44		0.73	0.0	0.0	7.33					1	-0.0	-0.0	0.2	-0.0	-0.0	0.23	0.2	0.0	0.0	59.13					-0.02	-0.02	-0.45	-0.01	-0.01	-0.21	-0.45	0.0	0.0	27.42					0.02	0.02	0.03	0.01	0.01	-0.04	0.03	0.0	0.0	28.45					-0.0	-0.0	0.4099999999999997	-0.0	-0.0	0.21136508505167573	0.4099999999999997	-0.0	0.0	inf				
2024-04-17 07:00:00	3000	1.7	1.66	1.66	1.7	BELL.MI	1.11	1.14	1.11	1.14	1.39	0.87	-1.0	1.0	-1.0	0	-1.0	-1.0	1.0	1.0	-1.0	-1.0										-1.0			2.57										0.0			1.57	-0.05	-0.05	0.68	-0.03	-0.03	0.4		0.68	0.0	0.0	4.58					1	0.0	0.0	0.2	0.0	0.0	0.23	0.2	0.0	0.0	59.13					0.05	0.05	-0.4	0.03	0.03	-0.19	-0.4	0.0	0.0	28.11					-0.05	-0.05	-0.02	-0.03	-0.03	-0.07	-0.02	0.0	0.0	25.15					0.0	0.0	0.4099999999999997	0.0	0.0	0.21136508505167573	0.4099999999999997	0.0	0.0	inf				
2024-04-18 07:00:00	0	1.7	1.7	1.7	1.7	BELL.MI	1.13	1.13	1.13	1.13	1.39	0.87	-1.0	1.0	-1.0	0	-1.0	-1.0	1.0	1.0	-1.0	-1.0										-1.0			2.57										0.0			1.57	-0.0	-0.0	0.68	-0.0	-0.0	0.4		0.68	0.0	0.0	2.61					1	0.0	0.0	0.2	0.0	0.0	0.23	0.2	0.0	0.0	55.27					0.0	0.0	-0.4	0.0	0.0	-0.19	-0.4	0.0	0.0	32.77					-0.0	-0.0	-0.02	-0.0	-0.0	-0.07	-0.02	0.0	0.0	29.51					0.0	0.0	0.4099999999999997	0.0	0.0	0.21136508505167573	0.4099999999999997	0.0	0.0	inf				
2024-04-19 07:00:00	500	1.71	1.71	1.71	1.71	BELL.MI	1.13	1.13	1.13	1.13	1.39	0.87	-1.0	1.0	-1.0	0	-1.0	-1.0	1.0	-1.0	-1.0	1.0	1.71									-1.0			2.57										0.0			1.57	-0.01	-0.01	0.67	-0.01	-0.01	0.39		0.67	-0.0	-0.0	-0.1					1	0.0	0.0	0.2	0.0	0.0	0.23	0.2	0.0	0.0	53.78					0.01	0.01	-0.39	0.01	0.01	-0.19	-0.39	0.0	0.0	35.76					-0.01	-0.01	-0.03	-0.01	-0.01	-0.07	-0.03	0.0	0.0	30.14					0.0	0.0	0.4099999999999997	0.0	0.0	0.21136508505167573	0.4099999999999997	0.0	0.0	inf				
2024-04-22 07:00:00	0	1.71	1.71	1.71	1.71	BELL.MI	1.14	1.14	1.14	1.14	1.39	0.87	-1.0	1.0	-1.0	0	-1.0	-1.0	1.0	-1.0	-1.0	1.0										-1.0			2.57	1.14									0.0			1.57	-0.0	-0.0	0.67	-0.0	-0.0	0.39		0.67	-0.0	-0.0	-0.1					1	0.0	0.0	0.2	0.0	0.0	0.23	0.2	0.0	0.0	53.78					0.0	0.0	-0.39	0.0	0.0	-0.19	-0.39	0.0	0.0	35.76					0.0	0.0	-0.03	0.0	0.0	-0.07	-0.03	0.0	0.0	30.14					0.0	0.0	0.4099999999999997	0.0	0.0	0.21136508505167573	0.4099999999999997	0.0	0.0	inf				
2024-04-23 07:00:00	4000	1.67	1.58	1.65	1.67	BELL.MI	1.08	1.09	1.03	1.09	1.39	0.87	-1.0	1.0	-1.0	0	-1.0	-1.0	1.0	-1.0	-1.0	1.0										-1.0			2.57										0.0			1.57	0.04	0.04	0.71	0.02	0.02	0.43		0.71	0.0	0.0	3.26					1	-0.0	-0.0	0.2	-0.0	-0.0	0.23	0.2	0.0	0.0	59.6					-0.04	-0.04	-0.43	-0.02	-0.02	-0.2	-0.43	0.0	0.0	32.1					-0.04	-0.04	-0.07	-0.02	-0.02	-0.09	-0.07	0.0	0.0	26.65					-0.0	-0.0	0.4099999999999997	-0.0	-0.0	0.21136508505167573	0.4099999999999997	-0.0	0.0	inf				
2024-04-24 07:00:00	39000	1.62	1.55	1.62	1.55	BELL.MI	1.06	1.06	1.02	1.02	1.39	0.87	-1.0	1.0	-1.0	0	-1.0	-1.0	1.0	-1.0	-1.0	1.0		1.55								-1.0			2.57		1.02								0.0			1.57	0.12	0.12	0.83	0.07	0.07	0.54		0.83	0.0	0.0	8.15					1	-0.0	-0.0	0.2	-0.0	-0.0	0.23	0.2	0.0	0.0	64.21					-0.12	-0.12	-0.55	-0.07	-0.07	-0.26	-0.55	0.0	0.0	25.89					-0.12	-0.12	-0.19	-0.07	-0.07	-0.16	-0.19	0.0	0.0	20.95					-0.0	-0.0	0.4099999999999997	-0.0	-0.0	0.21136508505167573	0.4099999999999997	-0.0	0.0	inf				
2024-04-25 07:00:00	7000	1.63	1.54	1.63	1.6	BELL.MI	1.08	1.08	1.02	1.06	1.39	0.87	-1.0	1.0	-1.0	0	-1.0	-1.0	1.0	-1.0	-1.0	1.0										-1.0			2.57										0.0			1.57	-0.05	-0.05	0.78	-0.03	-0.03	0.49		0.78	0.0	0.0	5.39					1	0.0	0.0	0.2	0.0	0.0	0.23	0.2	0.0	0.0	64.21					0.05	0.05	-0.5	0.03	0.03	-0.24	-0.5	0.0	0.0	26.61					0.05	0.05	-0.14	0.03	0.03	-0.13	-0.14	0.0	0.0	21.74					0.0	0.0	0.4099999999999997	0.0	0.0	0.21136508505167573	0.4099999999999997	0.0	0.0	inf				
2024-04-26 07:00:00	500	1.62	1.62	1.62	1.62	BELL.MI	1.06	1.06	1.06	1.06	1.39	0.92	-1.0	1.0	-1.0	0	-1.0	-1.0	1.0	-1.0	-1.0	1.0										-1.0			2.57										0.0			1.57	-0.02	-0.02	0.76	-0.01	-0.01	0.47		0.76	0.0	0.0	5.52					1	0.0	0.0	0.2	0.0	0.0	0.23	0.2	0.0	0.0	70.28					0.02	0.02	-0.48	0.01	0.01	-0.23	-0.48	0.0	0.0	26.52					0.02	0.02	-0.12	0.01	0.01	-0.12	-0.12	0.0	0.0	21.65					0.0	0.0	0.4099999999999997	0.0	0.0	0.21136508505167573	0.4099999999999997	0.0	0.0	inf				
2024-04-29 07:00:00	13000	1.66	1.6	1.6	1.66	BELL.MI	1.05	1.09	1.05	1.09	1.39	0.96	-1.0	1.0	-1.0	0	-1.0	-1.0	1.0	-1.0	-1.0	1.0										-1.0			2.57										0.0			1.57	-0.04	-0.04	0.72	-0.02	-0.02	0.43		0.72	0.0	0.0	5.51					1	0.0	0.0	0.2	0.0	0.0	0.23	0.2	0.0	0.0	77.98					0.04	0.04	-0.44	0.02	0.02	-0.21	-0.44	0.0	0.0	26.53					0.04	0.04	-0.08	0.02	0.02	-0.1	-0.08	0.0	0.0	21.65					0.0	0.0	0.4099999999999997	0.0	0.0	0.21136508505167573	0.4099999999999997	0.0	0.0	inf				
2024-04-30 07:00:00	16500	1.73	1.61	1.69	1.64	BELL.MI	1.13	1.15	1.07	1.09	1.39	0.96	-1.0	1.0	-1.0	0	-1.0	-1.0	1.0	-1.0	-1.0	1.0	1.73									-1.0			2.57	1.15									0.0			1.57	0.02	0.02	0.74	0.01	0.01	0.45		0.74	0.0	0.0	8.69					1	-0.0	-0.0	0.2	-0.0	-0.0	0.23	0.2	0.0	0.0	87.64					-0.02	-0.02	-0.46	-0.01	-0.01	-0.22	-0.46	0.0	0.0	23.49					-0.02	-0.02	-0.1	-0.01	-0.01	-0.11	-0.1	0.0	0.0	18.62					-0.0	-0.0	0.4099999999999997	-0.0	-0.0	0.21136508505167573	0.4099999999999997	-0.0	0.0	inf				
2024-05-02 07:00:00	5500	1.6	1.53	1.6	1.59	BELL.MI	1.07	1.07	1.02	1.06	1.39	0.96	-1.0	1.0	-1.0	-1	-1.0	-1.0	1.0	-1.0	-1.0	1.0		1.53		1.53		1.53				1.0			1.53		1.02								0.0			1.57	0.05	0.05	0.79	0.03	0.03	0.5		0.79	0.0	0.0	12.78					1	-0.0	-0.0	0.2	-0.0	-0.0	0.23	0.2	0.0	0.0	99.69					-0.05	-0.05	-0.51	-0.03	-0.03	-0.24	-0.51	0.0	0.0	19.33					-0.05	-0.05	-0.15	-0.03	-0.03	-0.14	-0.15	0.0	0.0	14.54					-0.0	-0.0	0.4099999999999997	-0.0	-0.0	0.21136508505167573	0.4099999999999997	-0.0	0.0	inf				
2024-05-03 07:00:00	6500	1.65	1.59	1.6	1.65	BELL.MI	1.07	1.1	1.06	1.1	1.39	0.96	-1.0	1.0	-1.0	-1	-1.0	-1.0	1.0	-1.0	-1.0	1.0										1.0			1.53	1.1									0.0			1.57	-0.06	-0.06	0.73	-0.04	-0.04	0.44		0.73	0.0	0.0	8.2					1	-0.06	-0.06	0.14	-0.04	-0.04	0.18	0.14	0.0	0.0	84.09					0.06	0.06	-0.45	0.04	0.04	-0.21	-0.45	0.0	0.0	24.22					0.06	0.06	-0.09	0.04	0.04	-0.1	-0.09	0.0	0.0	19.26					0.0	0.0	0.4099999999999997	0.0	0.0	0.21136508505167573	0.4099999999999997	0.0	0.0	inf				
2024-05-06 07:00:00	500	1.65	1.65	1.65	1.65	BELL.MI	1.09	1.09	1.09	1.09	1.39	0.96	-1.0	1.0	-1.0	-1	-1.0	-1.0	1.0	-1.0	-1.0	1.0	1.65									1.0			1.53										0.0			1.57	-0.0	-0.0	0.73	-0.0	-0.0	0.44		0.73	0.0	0.0	13.6					1	-0.0	-0.0	0.14	-0.0	-0.0	0.18	0.14	0.0	0.0	84.09					0.0	0.0	-0.45	0.0	0.0	-0.21	-0.45	0.0	0.0	21.73					0.0	0.0	-0.09	0.0	0.0	-0.1	-0.09	0.0	0.0	16.5					0.0	0.0	0.4099999999999997	0.0	0.0	0.21136508505167573	0.4099999999999997	0.0	0.0	inf				
2024-05-07 07:00:00	2000	1.65	1.6	1.6	1.65	BELL.MI	1.05	1.08	1.05	1.08	1.39	0.96	-1.0	1.0	-1.0	-1	-1.0	-1.0	1.0	-1.0	1.0	-1.0		1.6								1.0			1.53		1.05								0.0			1.57	-0.0	-0.0	0.73	-0.0	-0.0	0.44		0.73	0.0	0.0	22.94					1	-0.0	-0.0	0.14	-0.0	-0.0	0.18	0.14	0.0	0.0	84.09					0.0	0.0	-0.45	0.0	0.0	-0.21	-0.45	0.0	0.0	16.73					0.0	0.0	-0.09	0.0	0.0	-0.1	-0.09	0.0	0.0	10.85					0.0	0.0	0.4099999999999997	0.0	0.0	0.21136508505167573	0.4099999999999997	0.0	0.0	inf				
2024-05-08 07:00:00	6000	1.67	1.63	1.63	1.63	BELL.MI	1.07	1.1	1.07	1.07	1.31	0.96	-1.0	1.0	-1.0	-1	-1.0	-1.0	1.0	-1.0	1.0	-1.0	1.67		1.67							1.0			1.53	1.1									0.0			1.57	0.02	0.02	0.75	0.01	0.01	0.46		0.75	0.0	0.0	27.65					1	0.02	0.02	0.16	0.01	0.01	0.2	0.16	0.0	0.0	85.15					-0.02	-0.02	-0.47	-0.01	-0.01	-0.22	-0.47	0.0	0.0	12.6					0.02	0.02	-0.07	0.01	0.01	-0.09	-0.07	0.0	0.0	9.59					-0.0	-0.0	0.4099999999999997	-0.0	-0.0	0.21136508505167573	0.4099999999999997	-0.0	0.0	inf				
2024-05-09 07:00:00	1000	1.63	1.63	1.63	1.63	BELL.MI	1.07	1.07	1.07	1.07	1.31	0.96	-1.0	1.0	-1.0	-1	-1.0	-1.0	1.0	-1.0	1.0	-1.0		1.63								1.0			1.53		1.07								0.0			1.57	-0.0	-0.0	0.75	-0.0	-0.0	0.46		0.75	0.0	0.0	25.63					1	-0.0	-0.0	0.16	-0.0	-0.0	0.2	0.16	0.0	0.0	85.15					0.0	0.0	-0.47	0.0	0.0	-0.22	-0.47	0.0	0.0	17.74					-0.0	-0.0	-0.07	-0.0	-0.0	-0.09	-0.07	0.0	0.0	14.48					0.0	0.0	0.4099999999999997	0.0	0.0	0.21136508505167573	0.4099999999999997	0.0	0.0	inf				
2024-05-10 07:00:00	500	1.66	1.66	1.66	1.66	BELL.MI	1.08	1.08	1.08	1.08	1.31	0.96	-1.0	1.0	-1.0	-1	-1.0	-1.0	1.0	-1.0	1.0	-1.0	1.66									1.0			1.53	1.08									0.0			1.57	-0.03	-0.03	0.72	-0.02	-0.02	0.43		0.72	0.0	0.0	27.12					1	-0.03	-0.03	0.13	-0.02	-0.02	0.17	0.13	0.0	0.0	77.86					0.03	0.03	-0.44	0.02	0.02	-0.21	-0.44	0.0	0.0	16.77					-0.03	-0.03	-0.1	-0.02	-0.02	-0.11	-0.1	0.0	0.0	9.62					0.0	0.0	0.4099999999999997	0.0	0.0	0.21136508505167573	0.4099999999999997	0.0	0.0	inf				
2024-05-13 07:00:00	0	1.66	1.66	1.66	1.66	BELL.MI	1.07	1.07	1.07	1.07	1.31	0.96	-1.0	1.0	-1.0	-1	-1.0	-1.0	1.0	-1.0	1.0	-1.0										1.0			1.53										0.0			1.57	-0.0	-0.0	0.72	-0.0	-0.0	0.43		0.72	0.0	0.0	26.47					1	-0.0	-0.0	0.13	-0.0	-0.0	0.17	0.13	0.0	0.0	77.86					0.0	0.0	-0.44	0.0	0.0	-0.21	-0.44	0.0	0.0	19.82					-0.0	-0.0	-0.1	-0.0	-0.0	-0.11	-0.1	0.0	0.0	12.55					0.0	0.0	0.4099999999999997	0.0	0.0	0.21136508505167573	0.4099999999999997	0.0	0.0	inf				
2024-05-14 07:00:00	1000	1.61	1.61	1.61	1.61	BELL.MI	1.03	1.03	1.03	1.03	1.31	0.96	-1.0	1.0	-1.0	-1	-1.0	-1.0	1.0	-1.0	1.0	-1.0		1.61								1.0			1.53										0.0			1.57	0.05	0.05	0.77	0.03	0.03	0.48		0.77	0.0	0.0	25.77					1	0.05	0.05	0.18	0.03	0.03	0.21	0.18	0.0	0.0	80.41					-0.05	-0.05	-0.49	-0.03	-0.03	-0.23	-0.49	0.0	0.0	20.96					0.05	0.05	-0.05	0.03	0.03	-0.08	-0.05	0.0	0.0	18.69					-0.0	-0.0	0.4099999999999997	-0.0	-0.0	0.21136508505167573	0.4099999999999997	-0.0	0.0	inf				
2024-05-15 07:00:00	5000	1.64	1.61	1.61	1.64	BELL.MI	1.02	1.04	1.02	1.04	1.31	0.96	-1.0	1.0	-1.0	-1	-1.0	-1.0	1.0	-1.0	1.0	-1.0	1.64									1.0			1.53		1.02								0.0			1.57	-0.03	-0.03	0.74	-0.02	-0.02	0.45		0.74	0.0	0.0	24.99					1	-0.03	-0.03	0.15	-0.02	-0.02	0.19	0.15	0.0	0.0	73.49					0.03	0.03	-0.46	0.02	0.02	-0.22	-0.46	0.0	0.0	21.45					-0.03	-0.03	-0.08	-0.02	-0.02	-0.1	-0.08	0.0	0.0	15.33					0.0	0.0	0.4099999999999997	0.0	0.0	0.21136508505167573	0.4099999999999997	0.0	0.0	inf				
2024-05-16 07:00:00	7500	1.65	1.6	1.61	1.61	BELL.MI	1.02	1.05	1.02	1.02	1.31	0.96	-1.0	-1.0	-1.0	-1	-1.0	-1.0	1.0	-1.0	1.0	-1.0		1.6		1.6						1.0			1.53										0.0			1.57	0.03	0.03	0.77	0.02	0.02	0.48		0.77	0.0	0.0	24.47					1	0.03	0.03	0.18	0.02	0.02	0.21	0.18	0.0	0.0	74.95					-0.03	-0.03	-0.49	-0.02	-0.02	-0.23	-0.49	0.0	0.0	22.3					0.03	0.03	-0.05	0.02	0.02	-0.08	-0.05	0.0	0.0	20.0					-0.0	-0.0	0.4099999999999997	-0.0	-0.0	0.21136508505167573	0.4099999999999997	-0.0	0.0	inf				
2024-05-17 07:00:00	2500	1.65	1.62	1.62	1.62	BELL.MI	1.03	1.05	1.03	1.03	1.31	0.96	-1.0	-1.0	-1.0	-1	-1.0	-1.0	1.0	-1.0	1.0	-1.0										1.0			1.53										0.0			1.57	-0.01	-0.01	0.76	-0.01	-0.01	0.47		0.76	0.0	0.0	22.06					1	-0.01	-0.01	0.17	-0.01	-0.01	0.2	0.17	0.0	0.0	70.51					0.01	0.01	-0.48	0.01	0.01	-0.23	-0.48	0.0	0.0	22.54					-0.01	-0.01	-0.06	-0.01	-0.01	-0.09	-0.06	0.0	0.0	17.6					0.0	0.0	0.4099999999999997	0.0	0.0	0.21136508505167573	0.4099999999999997	0.0	0.0	inf				
2024-05-20 07:00:00	1000	1.65	1.62	1.62	1.65	BELL.MI	1.05	1.06	1.05	1.06	1.31	0.96	-1.0	-1.0	-1.0	-1	-1.0	-1.0	1.0	-1.0	1.0	-1.0										1.0			1.53										0.0			1.57	-0.03	-0.03	0.73	-0.02	-0.02	0.44		0.73	0.0	0.0	18.4					1	-0.03	-0.03	0.14	-0.02	-0.02	0.18	0.14	0.0	0.0	64.07					0.03	0.03	-0.45	0.02	0.02	-0.21	-0.45	0.0	0.0	26.12					-0.03	-0.03	-0.09	-0.02	-0.02	-0.1	-0.09	0.0	0.0	17.29					0.0	0.0	0.4099999999999997	0.0	0.0	0.21136508505167573	0.4099999999999997	0.0	0.0	inf				
2024-05-21 07:00:00	33000	1.78	1.65	1.65	1.73	BELL.MI	1.07	1.16	1.07	1.12	1.31	0.96	-1.0	-1.0	1.0	0	-1.0	-1.0	1.0	-1.0	1.0	-1.0										1.0			1.53										0.0			1.57	-0.08	-0.08	0.65	-0.05	-0.05	0.38		0.65	0.0	0.0	16.13					1	-0.08	-0.08	0.06	-0.05	-0.05	0.13	0.06	0.0	0.0	53.59					0.08	0.08	-0.37	0.05	0.05	-0.18	-0.37	0.0	0.0	27.57					-0.08	-0.08	-0.17	-0.05	-0.05	-0.15	-0.17	0.0	0.0	12.4					0.0	0.0	0.4099999999999997	0.0	0.0	0.21136508505167573	0.4099999999999997	0.0	0.0	inf				
2024-05-22 07:00:00	109000	2.02	1.8	1.81	2.02	BELL.MI	1.18	1.32	1.17	1.32	1.32	0.96	1.0	1.0	1.0	1	-1.0	-1.0	1.0	-1.0	1.0	-1.0										1.0			1.53										0.0			1.57	-0.29	-0.29	0.36	-0.17	-0.15	0.18		0.36	0.0	0.0	7.03					1	0.0	0.0	0.06	0.0	0.0	0.13	0.06	0.0	0.0	53.59					0.29	0.29	-0.08	0.17	0.15	-0.04	-0.08	0.0	0.0	32.2					-0.29	-0.29	-0.46	-0.17	-0.15	-0.27	-0.46	0.0	0.0	3.51					0.0	0.0	0.4099999999999997	0.0	0.0	0.21136508505167573	0.4099999999999997	0.0	0.0	inf				
2024-05-23 07:00:00	116500	2.26	1.97	2.06	2.2	BELL.MI	1.34	1.47	1.28	1.43	1.47	0.96	1.0	1.0	1.0	1	-1.0	-1.0	1.0	-1.0	1.0	-1.0	2.26									1.0			1.53										0.0			1.57	0.18	0.18	0.54	0.09	0.09	0.28		0.54	0.0	0.0	10.0					1	0.18	0.18	0.24	0.09	0.09	0.23	0.24	0.0	0.0	59.98					0.18	0.18	0.1	0.09	0.09	0.05	0.1	0.0	0.0	37.0					-0.18	-0.18	-0.64	-0.09	-0.09	-0.33	-0.64	0.0	0.0	0.85					0.0	0.0	0.4099999999999997	0.0	0.0	0.21136508505167573	0.4099999999999997	0.0	0.0	inf				
2024-05-24 07:00:00	34500	2.22	2.08	2.14	2.12	BELL.MI	1.39	1.45	1.36	1.38	1.47	0.96	1.0	1.0	1.0	1	-1.0	-1.0	1.0	-1.0	1.0	-1.0										1.0			1.53	1.45									0.0			1.57	-0.08	-0.08	0.46	-0.04	-0.04	0.24		0.46	0.0	0.0	10.57					1	-0.08	-0.08	0.16	-0.04	-0.04	0.18	0.16	0.0	0.0	52.09					-0.08	-0.08	0.02	-0.04	-0.04	0.01	0.02	0.0	0.0	31.49					0.08	0.08	-0.56	0.04	0.04	-0.3	-0.56	0.0	-0.0	0.18					-0.0	-0.0	0.4099999999999997	-0.0	-0.0	0.21136508505167573	0.4099999999999997	-0.0	0.0	inf				
2024-05-27 07:00:00	84000	2.16	2.0	2.14	2.14	BELL.MI	1.38	1.4	1.29	1.38	1.47	0.96	1.0	1.0	1.0	1	-1.0	-1.0	1.0	-1.0	1.0	-1.0		2.0								1.0			1.53		1.29								0.0			1.57	0.02	0.02	0.48	0.01	0.01	0.25		0.48	0.0	0.0	13.51					1	0.02	0.02	0.18	0.01	0.01	0.19	0.18	0.0	0.0	52.72					0.02	0.02	0.04	0.01	0.01	0.02	0.04	0.0	0.0	31.26					-0.02	-0.02	-0.58	-0.01	-0.01	-0.31	-0.58	-0.0	-0.0	-2.89					0.0	0.0	0.4099999999999997	0.0	0.0	0.21136508505167573	0.4099999999999997	0.0	0.0	inf				
2024-05-28 07:00:00	31500	2.28	2.16	2.16	2.24	BELL.MI	1.4	1.48	1.4	1.45	1.48	0.96	1.0	1.0	1.0	1	-1.0	-1.0	1.0	-1.0	1.0	-1.0	2.28		2.28							1.0			1.53										0.0			1.57	0.1	0.1	0.58	0.05	0.05	0.31		0.58	0.0	0.0	18.78					1	0.1	0.1	0.28	0.05	0.05	0.25	0.28	0.0	0.0	55.51					0.1	0.1	0.14	0.05	0.05	0.07	0.14	0.0	0.0	31.35					-0.1	-0.1	-0.68	-0.05	-0.05	-0.34	-0.68	-0.0	-0.0	-8.49					0.0	0.0	0.4099999999999997	0.0	0.0	0.21136508505167573	0.4099999999999997	0.0	0.0	inf				
2024-05-29 07:00:00	47000	2.3	2.16	2.3	2.18	BELL.MI	1.51	1.51	1.42	1.43	1.51	0.96	1.0	1.0	1.0	1	-1.0	-1.0	1.0	-1.0	1.0	-1.0										1.0			1.53	1.51									0.0			1.57	-0.06	-0.06	0.52	-0.03	-0.03	0.27		0.52	0.0	0.0	15.76					1	-0.06	-0.06	0.22	-0.03	-0.03	0.22	0.22	0.0	0.0	49.48					-0.06	-0.06	0.08	-0.03	-0.03	0.04	0.08	0.0	0.0	27.86					0.06	0.06	-0.62	0.03	0.03	-0.32	-0.62	-0.0	-0.0	-6.99					-0.0	-0.0	0.4099999999999997	-0.0	-0.0	0.21136508505167573	0.4099999999999997	-0.0	0.0	inf				
2024-05-30 07:00:00	13000	2.2	2.14	2.14	2.2	BELL.MI	1.4	1.44	1.4	1.44	1.51	0.96	1.0	1.0	1.0	1	1.0	-1.0	-1.0	1.0	1.0	1.0		2.14								1.0			1.53										0.0			1.57	0.02	0.02	0.54	0.01	0.01	0.28		0.54	0.0	0.0	15.67					1	0.02	0.02	0.24	0.01	0.01	0.23	0.24	0.0	0.0	50.01					0.02	0.02	0.1	0.01	0.01	0.05	0.1	0.0	0.0	30.61					-0.02	-0.02	-0.64	-0.01	-0.01	-0.33	-0.64	-0.0	-0.0	-6.9					0.0	0.0	0.4099999999999997	0.0	0.0	0.21136508505167573	0.4099999999999997	0.0	0.0	inf				
2024-05-31 07:00:00	3500	2.2	2.2	2.2	2.2	BELL.MI	1.43	1.43	1.43	1.43	1.51	0.96	1.0	1.0	1.0	1	1.0	-1.0	-1.0	1.0	1.0	1.0	2.2									1.0			1.53										0.0			1.57	0.0	0.0	0.54	0.0	0.0	0.28		0.54	0.0	0.0	15.05					1	0.0	0.0	0.24	0.0	0.0	0.23	0.24	0.0	0.0	50.01					-0.0	-0.0	0.1	-0.0	-0.0	0.05	0.1	0.0	0.0	33.57					0.0	0.0	-0.64	0.0	0.0	-0.33	-0.64	-0.0	-0.0	-4.48					0.0	0.0	0.4099999999999997	0.0	0.0	0.21136508505167573	0.4099999999999997	0.0	0.0	inf				
2024-06-03 07:00:00	44500	2.22	2.08	2.22	2.14	BELL.MI	1.44	1.44	1.35	1.39	1.51	0.96	1.0	1.0	1.0	1	1.0	-1.0	-1.0	1.0	1.0	1.0		2.08		2.08						1.0			1.53		1.35								0.0			1.57	-0.06	-0.06	0.48	-0.03	-0.03	0.25		0.48	0.0	0.0	11.41					1	-0.06	-0.06	0.18	-0.03	-0.03	0.19	0.18	0.0	0.0	44.26					0.06	0.06	0.16	0.03	0.03	0.08	0.16	0.0	0.0	37.27					-0.06	-0.06	-0.7	-0.03	-0.03	-0.35	-0.7	-0.0	-0.0	-4.78					-0.0	-0.0	0.4099999999999997	-0.0	-0.0	0.21136508505167573	0.4099999999999997	-0.0	0.0	inf				
2024-06-04 07:00:00	26500	2.24	2.12	2.16	2.18	BELL.MI	1.42	1.47	1.39	1.43	1.51	0.96	1.0	1.0	1.0	1	1.0	-1.0	-1.0	1.0	1.0	1.0										1.0			1.53										0.0			1.57	0.04	0.04	0.52	0.02	0.02	0.27		0.52	0.0	0.0	12.09					1	0.04	0.04	0.22	0.02	0.02	0.22	0.22	0.0	0.0	45.34					-0.04	-0.04	0.12	-0.02	-0.02	0.06	0.12	0.0	0.0	34.21					0.04	0.04	-0.66	0.02	0.02	-0.33	-0.66	-0.0	-0.0	-3.83					0.0	0.0	0.4099999999999997	0.0	0.0	0.21136508505167573	0.4099999999999997	0.0	0.0	inf				
2024-06-05 07:00:00	36500	2.28	2.2	2.2	2.26	BELL.MI	1.43	1.48	1.43	1.47	1.51	0.96	1.0	1.0	1.0	1	1.0	-1.0	-1.0	1.0	1.0	1.0										1.0			1.53										0.0			1.57	0.08	0.08	0.6	0.04	0.04	0.32		0.6	0.0	0.0	13.33					1	0.08	0.08	0.3	0.04	0.04	0.26	0.3	0.0	0.0	47.28					-0.08	-0.08	0.04	-0.04	-0.04	0.02	0.04	0.0	0.0	30.17					0.08	0.08	-0.58	0.04	0.04	-0.31	-0.58	-0.0	-0.0	-2.09					0.0	0.0	0.4099999999999997	0.0	0.0	0.21136508505167573	0.4099999999999997	0.0	0.0	inf				
2024-06-06 07:00:00	69500	2.38	2.22	2.26	2.28	BELL.MI	1.46	1.54	1.43	1.47	1.54	0.96	1.0	1.0	1.0	1	1.0	-1.0	-1.0	1.0	1.0	1.0										1.0			1.53										0.0			1.57	0.02	0.02	0.62	0.01	0.01	0.33		0.62	0.0	0.0	16.67					1	0.02	0.02	0.32	0.01	0.01	0.27	0.32	0.0	0.0	47.73					-0.02	-0.02	0.02	-0.01	-0.01	0.01	0.02	0.0	0.0	27.13					0.02	0.02	-0.56	0.01	0.01	-0.3	-0.56	-0.0	-0.0	-3.12					0.0	0.0	0.4099999999999997	0.0	0.0	0.21136508505167573	0.4099999999999997	0.0	0.0	inf				
2024-06-07 07:00:00	14000	2.38	2.26	2.3	2.38	BELL.MI	1.49	1.54	1.47	1.54	1.54	0.96	1.0	1.0	1.0	1	1.0	-1.0	-1.0	1.0	1.0	1.0										1.0			1.53										0.0			1.57	0.1	0.1	0.72	0.04	0.04	0.39		0.72	0.0	0.0	20.54					1	0.1	0.1	0.42	0.04	0.04	0.33	0.42	0.0	0.0	49.77					-0.1	-0.1	-0.08	-0.04	-0.04	-0.03	-0.08	0.0	0.0	22.55					0.1	0.1	-0.46	0.04	0.04	-0.27	-0.46	-0.0	-0.0	-1.93					0.0	0.0	0.4099999999999997	0.0	0.0	0.21136508505167573	0.4099999999999997	0.0	0.0	inf				
2024-06-10 07:00:00	19000	2.48	2.32	2.48	2.44	BELL.MI	1.61	1.61	1.51	1.59	1.61	0.96	1.0	1.0	1.0	1	1.0	-1.0	-1.0	1.0	1.0	1.0										1.0			1.53										1.0			1.57	0.06	0.06	0.78	0.03	0.02	0.42	1.6	0.78	0.0	0.0	20.39					1	0.06	0.06	0.48	0.03	0.02	0.36	0.48	0.0	0.0	50.86					-0.06	-0.06	-0.14	-0.03	-0.02	-0.06	-0.14	0.0	0.0	22.81					0.06	0.06	-0.4	0.03	0.02	-0.25	-0.4	0.0	0.0	1.95					0.0	0.0	0.4099999999999997	0.0	0.0	0.21136508505167573	0.4099999999999997	0.0	0.0	inf				
2024-06-11 07:00:00	41500	2.58	2.4	2.44	2.58	BELL.MI	1.62	1.71	1.59	1.71	1.71	0.96	1.0	1.0	1.0	1	1.0	-1.0	-1.0	1.0	1.0	1.0										1.0			1.53	1.71									1.0			1.57	0.14	0.14	0.92	0.06	0.06	0.5	1.6	0.92	0.0	0.0	21.11					1	0.14	0.14	0.62	0.06	0.06	0.44	0.62	0.0	0.0	53.08					-0.14	-0.14	-0.28	-0.06	-0.06	-0.11	-0.28	0.0	0.0	21.51					0.14	0.14	-0.26	0.06	0.06	-0.21	-0.26	0.0	0.0	7.02					0.14000000000000012	0.14000000000000012	0.5499999999999998	0.05737704918032782	0.05579135962841551	0.2808696391120178	0.5499999999999998	0.0005579135962841551	0.0005579135962840986	inf				
2024-06-12 07:00:00	37000	2.6	2.48	2.6	2.54	BELL.MI	1.7	1.7	1.62	1.66	1.71	0.96	1.0	1.0	1.0	1	1.0	-1.0	-1.0	1.0	1.0	1.0	2.6									1.0			1.53		1.62								1.0			1.57	-0.04	-0.04	0.88	-0.02	-0.02	0.48	1.6	0.88	0.0	0.0	20.96					1	-0.04	-0.04	0.58	-0.02	-0.02	0.42	0.58	0.0	0.0	49.11					0.04	0.04	-0.24	0.02	0.02	-0.09	-0.24	0.0	0.0	21.6					-0.04	-0.04	-0.3	-0.02	-0.02	-0.22	-0.3	0.0	0.0	4.25					-0.040000000000000036	-0.040000000000000036	0.5099999999999998	-0.015503875968992276	-0.01562531790308087	0.2610111950947771	0.5099999999999998	0.0005507719285310055	0.0005507694040740585	6317.947169262047				
2024-06-13 07:00:00	24000	2.54	2.4	2.48	2.54	BELL.MI	1.66	1.7	1.6	1.7	1.71	0.96	1.0	1.0	1.0	1	1.0	-1.0	-1.0	1.0	1.0	1.0		2.4								1.0			1.53										1.0			1.57	0.0	0.0	0.88	0.0	0.0	0.48	1.62	0.88	0.0	0.0	20.43					1	0.0	0.0	0.58	0.0	0.0	0.42	0.58	0.0	0.0	49.11					-0.0	-0.0	-0.24	-0.0	-0.0	-0.09	-0.24	0.0	0.0	24.3					0.0	0.0	-0.3	0.0	0.0	-0.22	-0.3	0.0	0.0	6.66					0.0	0.0	0.5099999999999998	0.0	0.0	0.2610111950947771	0.5099999999999998	0.0005507719285310055	0.0005507694040740585	6317.947169262047				
2024-06-14 07:00:00	60000	2.8	2.52	2.52	2.8	BELL.MI	1.73	1.93	1.73	1.93	1.93	0.96	1.0	1.0	1.0	1	1.0	-1.0	-1.0	1.0	1.0	1.0										1.0			1.53										1.0			1.57	0.26	0.26	1.14	0.1	0.1	0.63	1.62	1.14	0.0	0.0	23.02					1	0.26	0.26	0.84	0.1	0.1	0.56	0.84	0.0	0.0	52.51					-0.26	-0.26	-0.5	-0.1	-0.1	-0.18	-0.5	0.0	0.0	17.89					0.26	0.26	-0.04	0.1	0.1	-0.14	-0.04	0.0	0.0	10.08					0.2599999999999998	0.2599999999999998	0.7699999999999996	0.10236220472440927	0.09745533615071286	0.3900910812068408	0.7699999999999996	0.0015155797564230628	0.0015155656459484579	6329.345665475975				
2024-06-17 07:00:00	116500	3.22	2.8	2.8	3.22	BELL.MI	1.91	2.2	1.91	2.2	2.2	0.96	1.0	1.0	1.0	1	1.0	-1.0	-1.0	1.0	1.0	1.0										1.0			1.53										1.0			1.57	0.42	0.42	1.56	0.15	0.14	0.88	1.65	1.56	0.0	0.0	26.1					1	0.42	0.42	1.26	0.15	0.14	0.8	1.26	0.01	0.01	56.35					-0.42	-0.42	-0.92	-0.15	-0.14	-0.28	-0.92	0.0	0.0	10.85					0.42	0.42	0.38	0.15	0.14	-0.02	0.38	0.0	0.0	14.07					0.4200000000000004	0.4200000000000004	1.19	0.15000000000000013	0.13976194237515882	0.598604743387867	1.19	0.002899222985937135	0.0028991758763163844	6332.458222985909				
2024-06-18 07:00:00	90000	3.6	3.02	3.22	3.3	BELL.MI	2.17	2.43	2.04	2.23	2.43	0.96	1.0	1.0	1.0	1	1.0	1.0	1.0	1.0	1.0	1.0	3.6		3.6		3.6					1.0			1.53	2.43									1.0			1.57	0.08	0.08	1.64	0.02	0.02	0.92	1.8	1.64	0.0	0.0	26.08					1	0.08	0.08	1.34	0.02	0.02	0.84	1.34	0.01	0.01	56.93					-0.08	-0.08	-1.0	-0.02	-0.02	-0.3	-1.0	0.0	0.0	10.88					0.08	0.08	0.46	0.02	0.02	0.01	0.46	0.0	0.0	17.2					0.07999999999999963	0.07999999999999963	1.2699999999999996	0.024844720496894235	0.024541108916117445	0.6383216314223479	1.2699999999999996	0.0031421799642066977	0.003142125069386381	6332.721978767229				
2024-06-19 07:00:00	89500	3.44	3.04	3.18	3.2	BELL.MI	2.15	2.33	2.06	2.16	2.43	0.96	1.0	1.0	1.0	1	1.0	1.0	1.0	1.0	1.0	1.0		3.04								1.0			1.53		2.06								1.0			1.57	-0.1	-0.1	1.54	-0.03	-0.03	0.87	1.97	1.54	0.0	0.0	24.98					1	-0.1	-0.1	1.24	-0.03	-0.03	0.79	1.24	0.01	0.01	51.89					-0.1	-0.1	-1.1	-0.03	-0.03	-0.32	-1.1	0.0	0.0	8.11					-0.1	-0.1	0.36	-0.03	-0.03	-0.02	0.36	0.0	0.0	14.33					-0.09999999999999964	-0.09999999999999964	1.17	-0.030303030303030165	-0.030771658666753545	0.5886755213792467	1.17	0.0031027081259759983	0.0031025784181288873	2105.908371410586				
2024-06-20 07:00:00	57500	3.56	3.24	3.24	3.48	BELL.MI	2.16	2.38	2.16	2.32	2.43	0.96	1.0	1.0	1.0	1	1.0	1.0	1.0	1.0	1.0	1.0	3.56									1.0			1.53										1.0			1.57	0.28	0.28	1.82	0.09	0.08	1.03	2.0	1.82	0.0	0.0	26.55					1	0.28	0.28	1.52	0.09	0.08	0.94	1.52	0.01	0.01	53.76					0.28	0.28	-0.82	0.09	0.08	-0.26	-0.82	0.0	0.0	10.32					0.28	0.28	0.64	0.09	0.08	0.06	0.64	0.0	0.0	16.28					0.2799999999999998	0.2799999999999998	1.4499999999999997	0.08749999999999991	0.08388148398070203	0.7276846294999306	1.4499999999999997	0.003924746668986879	0.003924550337510269	2107.224423782949				
2024-06-21 07:00:00	58000	3.62	3.28	3.62	3.38	BELL.MI	2.44	2.44	2.21	2.28	2.44	0.96	1.0	1.0	1.0	1	1.0	1.0	1.0	1.0	1.0	1.0										1.0			1.53	2.44		2.44		2.44		2.44			1.0		2.44	1.57	-0.1	-0.1	1.72	-0.03	-0.03	0.97	2.0	1.72	0.0	0.0	23.78					1	-0.1	-0.1	1.42	-0.03	-0.03	0.89	1.42	0.01	0.01	49.2					-0.1	-0.1	-0.92	-0.03	-0.03	-0.28	-0.92	0.0	0.0	7.91					-0.1	-0.1	0.54	-0.03	-0.03	0.03	0.54	0.0	0.0	13.76					-0.10000000000000009	-0.10000000000000009	1.3499999999999996	-0.028735632183908066	-0.029156584291455578	0.6780385194568292	1.3499999999999996	0.003871216872937347	0.0038708861306799847	1276.3841636214704				
2024-06-24 07:00:00	33500	3.38	3.16	3.38	3.2	BELL.MI	2.25	2.25	2.1	2.13	2.44	0.96	1.0	1.0	1.0	1	1.0	1.0	1.0	1.0	1.0	1.0										1.0			1.53										1.0			1.57	-0.18	-0.18	1.54	-0.05	-0.05	0.87	2.08	1.54	0.0	0.0	20.13					1	-0.18	-0.18	1.24	-0.05	-0.05	0.79	1.24	0.01	0.0	42.91					-0.18	-0.18	-1.1	-0.05	-0.05	-0.32	-1.1	0.0	0.0	4.85					-0.18	-0.18	0.36	-0.05	-0.05	-0.02	0.36	0.0	0.0	10.51					-0.17999999999999972	-0.17999999999999972	1.17	-0.053254437869822424	-0.05472489968924649	0.5886755213792467	1.17	0.003801628433870409	0.00380108591304551	726.9187848792093				
2024-06-25 07:00:00	18000	3.26	2.98	3.16	3.06	BELL.MI	2.11	2.17	1.99	2.04	2.44	0.96	1.0	1.0	1.0	1	1.0	1.0	1.0	1.0	1.0	1.0		2.98								1.0			1.53		1.99								1.0			1.57	-0.14	-0.14	1.4	-0.04	-0.04	0.78	2.08	1.4	0.0	0.0	16.95					1	-0.14	-0.14	1.1	-0.04	-0.04	0.71	1.1	0.0	0.0	37.89					-0.14	-0.14	-1.24	-0.04	-0.04	-0.35	-1.24	0.0	0.0	3.82					-0.14	-0.14	0.22	-0.04	-0.04	-0.07	0.22	0.0	0.0	9.37					-0.14000000000000012	-0.14000000000000012	1.0299999999999998	-0.04375000000000007	-0.04473589384139153	0.5191709673189044	1.0299999999999998	0.003726089517789549	0.003725300539691778	530.3571851075172				
2024-06-26 07:00:00	41500	3.2	3.06	3.1	3.1	BELL.MI	2.08	2.14	2.05	2.08	2.44	0.96	1.0	1.0	1.0	1	1.0	1.0	1.0	1.0	1.0	1.0										1.0			1.53										1.0			1.57	0.04	0.04	1.44	0.01	0.01	0.81	2.08	1.44	0.0	0.0	17.2					1	0.04	0.04	1.14	0.01	0.01	0.73	1.14	0.0	0.0	38.18					0.04	0.04	-1.2	0.01	0.01	-0.34	-1.2	0.0	0.0	4.15					0.04	0.04	0.26	0.01	0.01	-0.05	0.26	0.0	0.0	9.66					0.040000000000000036	0.040000000000000036	1.0699999999999998	0.013071895424836555	0.012987195526811112	0.5390294113361449	1.0699999999999998	0.0038494678752942543	0.0038486429831181557	530.7475180168634				
2024-06-27 07:00:00	13500	3.22	3.1	3.14	3.14	BELL.MI	2.13	2.18	2.1	2.13	2.44	0.96	1.0	1.0	1.0	1	1.0	1.0	1.0	1.0	1.0	1.0	3.22			3.1						1.0			1.53	2.18									1.0			1.57	0.04	0.04	1.48	0.01	0.01	0.83	2.08	1.48	0.0	0.0	20.01					1	0.04	0.04	1.18	0.01	0.01	0.75	1.18	0.01	0.01	42.51					0.04	0.04	-1.16	0.01	0.01	-0.34	-1.16	0.0	0.0	3.67					0.04	0.04	0.3	0.01	0.01	-0.04	0.3	0.0	0.0	9.23					0.040000000000000036	0.040000000000000036	1.1099999999999999	0.012903225806451646	0.012820688429061469	0.5588878553533856	1.1099999999999999	0.003971264415370339	0.003970403287210544	531.109570296262				
2024-06-28 07:00:00	16000	3.12	2.98	3.08	3.04	BELL.MI	2.09	2.11	2.02	2.06	2.44	0.96	1.0	1.0	1.0	1	1.0	1.0	1.0	1.0	1.0	1.0		2.98								1.0			1.53										1.0			1.57	-0.1	-0.1	1.38	-0.03	-0.03	0.77	2.08	1.38	0.0	0.0	16.3					1	-0.1	-0.1	1.08	-0.03	-0.03	0.7	1.08	0.0	0.0	37.1					-0.1	-0.1	-1.26	-0.03	-0.03	-0.36	-1.26	0.0	0.0	4.34					-0.1	-0.1	0.2	-0.03	-0.03	-0.07	0.2	0.0	0.0	9.99					-0.10000000000000009	-0.10000000000000009	1.0099999999999998	-0.031847133757961776	-0.03236528450203166	0.5092417453102842	1.0099999999999998	0.003891619897729229	0.0038904843569689262	439.2313139731701				
2024-07-01 07:00:00	30000	3.18	2.9	2.96	3.16	BELL.MI	1.97	2.12	1.93	2.11	2.44	0.96	1.0	1.0	1.0	1	1.0	1.0	1.0	1.0	1.0	1.0										1.0			1.53		1.93		1.93						1.0			1.57	0.12	0.12	1.5	0.04	0.04	0.84	2.12	1.5	0.0	0.0	17.05					1	0.12	0.12	1.2	0.04	0.04	0.76	1.2	0.0	0.0	38.0					0.12	0.12	-1.14	0.04	0.04	-0.33	-1.14	0.0	0.0	5.32					0.12	0.12	0.32	0.04	0.04	-0.03	0.32	0.0	0.0	10.85					0.1200000000000001	0.1200000000000001	1.13	0.03947368421052633	0.03871451218069043	0.5688170773620058	1.13	0.004255536312227718	0.004254258174077208	440.3981540524935				
2024-07-02 07:00:00	10000	3.2	3.14	3.14	3.2	BELL.MI	2.11	2.15	2.11	2.15	2.44	0.96	1.0	1.0	1.0	1	1.0	1.0	1.0	1.0	1.0	1.0										1.0			1.53										1.0			1.57	0.04	0.04	1.54	0.01	0.01	0.87	2.2	1.54	0.0	0.0	17.17					1	0.04	0.04	1.24	0.01	0.01	0.79	1.24	0.0	0.0	38.13					0.04	0.04	-1.1	0.01	0.01	-0.32	-1.1	0.0	0.0	7.25					0.04	0.04	0.36	0.01	0.01	-0.02	0.36	0.0	0.0	12.76					0.040000000000000036	0.040000000000000036	1.17	0.012658227848101333	0.012578782206860185	0.5886755213792467	1.17	0.004373776864972204	0.004372450584837928	440.7366362211176				
2024-07-03 07:00:00	71500	3.48	3.18	3.22	3.26	BELL.MI	2.14	2.31	2.11	2.16	2.44	0.96	1.0	1.0	1.0	1	1.0	1.0	1.0	1.0	1.0	1.0	3.48		3.48							1.0			1.53	2.31		2.31							1.0			1.57	0.06	0.06	1.6	0.02	0.02	0.9	2.22	1.6	0.0	0.0	17.51					1	0.06	0.06	1.3	0.02	0.02	0.82	1.3	0.0	0.0	38.54					0.06	0.06	-1.04	0.02	0.02	-0.31	-1.04	0.0	0.0	7.68					0.06	0.06	0.42	0.02	0.02	-0.0	0.42	0.0	0.0	13.15					0.05999999999999961	0.05999999999999961	1.2299999999999995	0.018749999999999822	0.018576385572935238	0.6184631874051072	1.2299999999999995	0.004548394889357796	0.004546995889386896	441.20517944759484				
2024-07-04 07:00:00	16000	3.34	3.2	3.2	3.34	BELL.MI	2.11	2.2	2.11	2.2	2.44	0.96	1.0	1.0	1.0	1	1.0	1.0	1.0	1.0	1.0	1.0		3.2								1.0			1.53		2.11								1.0			1.57	0.08	0.08	1.68	0.02	0.02	0.95	2.26	1.68	0.0	0.0	20.31					1	0.08	0.08	1.38	0.02	0.02	0.86	1.38	0.01	0.01	42.68					0.08	0.08	-0.96	0.02	0.02	-0.29	-0.96	0.0	0.0	7.63					0.08	0.08	0.5	0.02	0.02	0.02	0.5	0.0	0.0	13.1					0.08000000000000007	0.08000000000000007	1.3099999999999996	0.024539877300613577	0.024243611609992853	0.6581800754395886	1.3099999999999996	0.00477628483849173	0.004774788021836285	441.7664415759341				
2024-07-05 07:00:00	15500	3.4	3.26	3.3	3.36	BELL.MI	2.18	2.25	2.16	2.22	2.44	0.96	1.0	1.0	1.0	1	1.0	1.0	1.0	1.0	1.0	1.0	3.4									1.0			1.53	2.25									1.0			1.57	0.02	0.02	1.7	0.01	0.01	0.96	2.32	1.7	0.0	0.0	19.71					1	0.02	0.02	1.4	0.01	0.01	0.87	1.4	0.01	0.01	41.98					0.02	0.02	-0.94	0.01	0.01	-0.29	-0.94	0.0	0.0	10.35					0.02	0.02	0.52	0.01	0.01	0.03	0.52	0.0	0.0	15.94					0.020000000000000018	0.020000000000000018	1.3299999999999996	0.0059880239520957446	0.005970166986503754	0.6681092974482088	1.3299999999999996	0.004832404408164864	0.004830882997585384	441.89673724592876				
2024-07-08 07:00:00	44000	3.48	3.18	3.36	3.32	BELL.MI	2.22	2.3	2.1	2.19	2.44	0.96	1.0	1.0	1.0	1	1.0	1.0	1.0	1.0	1.0	1.0										1.0			1.53										1.0			1.57	-0.04	-0.04	1.66	-0.01	-0.01	0.94	2.4	1.66	0.0	0.0	17.45					1	-0.04	-0.04	1.36	-0.01	-0.01	0.85	1.36	0.0	0.0	38.85					-0.04	-0.04	-0.98	-0.01	-0.01	-0.3	-0.98	0.0	0.0	10.6					-0.04	-0.04	0.48	-0.01	-0.01	0.01	0.48	0.0	0.0	16.23					-0.040000000000000036	-0.040000000000000036	1.2899999999999996	-0.011904761904761862	-0.01197619104671565	0.6482508534309683	1.2899999999999996	0.0047505508531863715	0.0047487369434775495	410.69406524586634				
2024-07-09 07:00:00	27000	3.34	3.24	3.26	3.26	BELL.MI	2.16	2.22	2.15	2.16	2.44	1.02	1.0	1.0	1.0	1	1.0	1.0	1.0	1.0	1.0	1.0										1.0			1.53										1.0			1.57	-0.06	-0.06	1.6	-0.02	-0.02	0.9	2.4	1.6	0.0	0.0	13.9					1	-0.06	-0.06	1.3	-0.02	-0.02	0.82	1.3	0.0	0.0	34.03					-0.06	-0.06	-1.04	-0.02	-0.02	-0.31	-1.04	0.0	0.0	12.28					-0.06	-0.06	0.42	-0.02	-0.02	-0.0	0.42	0.0	0.0	18.1					-0.06000000000000005	-0.06000000000000005	1.2299999999999995	-0.01807228915662651	-0.0182375875497809	0.6184631874051074	1.2299999999999995	0.0046612929427960826	0.004659140593608058	372.0451351161				
2024-07-10 07:00:00	74500	3.22	3.06	3.22	3.06	BELL.MI	2.11	2.11	2.0	2.0	2.44	1.02	1.0	1.0	1.0	1	1.0	1.0	1.0	1.0	1.0	1.0		3.06		3.06						1.0			1.53										1.0			1.57	-0.2	-0.2	1.4	-0.06	-0.06	0.78	2.4	1.4	0.0	0.0	15.83					1	-0.2	-0.2	1.1	-0.06	-0.06	0.71	1.1	0.0	0.0	37.87					-0.2	-0.2	-1.24	-0.06	-0.06	-0.35	-1.24	0.0	0.0	5.9					-0.2	-0.2	0.22	-0.06	-0.06	-0.07	0.22	0.0	0.0	11.82					-0.19999999999999973	-0.19999999999999973	1.0299999999999998	-0.06134969325153361	-0.06331227941432672	0.5191709673189047	1.0299999999999998	0.004527820292217747	0.004525011266900192	285.3529774419637				
2024-07-11 07:00:00	14000	3.16	3.06	3.1	3.1	BELL.MI	2.03	2.07	2.0	2.03	2.44	1.02	1.0	1.0	1.0	1	1.0	1.0	1.0	1.0	1.0	1.0										1.0			1.53		2.0		2.0						1.0			1.57	0.04	0.04	1.44	0.01	0.01	0.81	2.52	1.44	0.0	0.0	19.1					1	0.04	0.04	1.14	0.01	0.01	0.73	1.14	0.0	0.0	43.14					0.04	0.04	-1.2	0.01	0.01	-0.34	-1.2	0.0	0.0	5.18					0.04	0.04	0.26	0.01	0.01	-0.05	0.26	0.0	0.0	11.19					0.040000000000000036	0.040000000000000036	1.0699999999999998	0.013071895424836555	0.012987195526811112	0.5390294113361451	1.0699999999999998	0.004646003771511728	0.00464310609692653	285.7632181052051				
2024-07-12 07:00:00	33000	3.24	3.06	3.08	3.18	BELL.MI	2.0	2.11	1.99	2.07	2.44	1.02	1.0	1.0	1.0	1	1.0	1.0	1.0	1.0	1.0	1.0										1.0			1.53										1.0			1.57	0.08	0.08	1.52	0.03	0.03	0.85	2.8	1.52	0.0	0.0	21.65					1	0.08	0.08	1.22	0.03	0.03	0.77	1.22	0.0	0.0	46.76					0.08	0.08	-1.12	0.03	0.03	-0.33	-1.12	0.0	0.0	5.54					0.08	0.08	0.34	0.03	0.03	-0.03	0.34	0.0	0.0	11.51					0.08000000000000007	0.08000000000000007	1.15	0.02580645161290329	0.025479085300984968	0.5787462993706265	1.15	0.004877863447750691	0.00487478786685247	286.51333532342557				
2024-07-15 07:00:00	13500	3.28	3.14	3.24	3.18	BELL.MI	2.12	2.14	2.05	2.08	2.44	1.02	1.0	1.0	1.0	1	1.0	1.0	1.0	1.0	1.0	1.0	3.28									1.0			1.53	2.14									1.0			1.57	0.0	0.0	1.52	0.0	0.0	0.85	2.9	1.52	0.0	0.0	21.14					1	0.0	0.0	1.22	0.0	0.0	0.77	1.22	0.0	0.0	46.76					0.0	0.0	-1.12	0.0	0.0	-0.33	-1.12	0.0	0.0	7.83					0.0	0.0	0.34	0.0	0.0	-0.03	0.34	0.0	0.0	10.88					0.0	0.0	1.15	0.0	0.0	0.5787462993706265	1.15	0.004877863447750691	0.00487478786685247	286.51333532342557				
2024-07-16 07:00:00	3000	3.22	3.14	3.14	3.18	BELL.MI	2.05	2.11	2.05	2.08	2.44	1.02	1.0	1.0	1.0	1	1.0	1.0	1.0	1.0	1.0	1.0		3.14								1.0			1.53		2.05								1.0			1.57	0.0	0.0	1.52	0.0	0.0	0.85	2.9	1.52	0.0	0.0	23.22					1	0.0	0.0	1.22	0.0	0.0	0.77	1.22	0.0	0.0	46.76					0.0	0.0	-1.12	0.0	0.0	-0.33	-1.12	0.0	0.0	7.48					0.0	0.0	0.34	0.0	0.0	-0.03	0.34	0.0	0.0	12.84					0.0	0.0	1.15	0.0	0.0	0.5787462993706265	1.15	0.004877863447750691	0.00487478786685247	286.51333532342557				
2024-07-17 07:00:00	26500	3.4	3.14	3.14	3.3	BELL.MI	2.05	2.22	2.05	2.16	2.44	1.02	1.0	1.0	1.0	1	1.0	1.0	1.0	1.0	1.0	1.0	3.4		3.4							1.0			1.53	2.22		2.22							1.0			1.57	0.12	0.12	1.64	0.04	0.04	0.92	2.9	1.64	0.0	0.0	26.29					1	0.12	0.12	1.34	0.04	0.04	0.84	1.34	0.01	0.01	47.6					0.12	0.12	-1.0	0.04	0.04	-0.3	-1.0	0.0	0.0	7.98					0.12	0.12	0.46	0.04	0.04	0.01	0.46	0.0	0.0	15.91					0.11999999999999966	0.11999999999999966	1.2699999999999996	0.037735849056603765	0.037041271680349076	0.6383216314223483	1.2699999999999996	0.0052149390200418675	0.005211595378251221	287.49075046351993				
2024-07-18 07:00:00	9500	3.3	3.2	3.28	3.26	BELL.MI	2.13	2.15	2.08	2.12	2.44	1.02	1.0	1.0	1.0	1	1.0	1.0	1.0	1.0	1.0	1.0										1.0			1.53										1.0			1.57	-0.04	-0.04	1.6	-0.01	-0.01	0.9	2.9	1.6	0.0	0.0	27.13					1	-0.04	-0.04	1.3	-0.01	-0.01	0.82	1.3	0.0	0.0	44.65					-0.04	-0.04	-1.04	-0.01	-0.01	-0.31	-1.04	0.0	0.0	5.22					-0.04	-0.04	0.42	-0.01	-0.01	-0.0	0.42	0.0	0.0	16.57					-0.040000000000000036	-0.040000000000000036	1.2299999999999995	-0.012121212121212088	-0.012195273093818243	0.6184631874051076	1.2299999999999995	0.005112370164650361	0.005108595820614292	270.8587879955151				
2024-07-19 07:00:00	32500	3.32	3.12	3.22	3.22	BELL.MI	2.11	2.18	2.05	2.11	2.44	1.02	1.0	1.0	1.0	1	1.0	1.0	1.0	1.0	1.0	1.0										1.0			1.53										1.0			1.57	-0.04	-0.04	1.56	-0.01	-0.01	0.88	2.9	1.56	0.0	0.0	28.78					1	-0.04	-0.04	1.26	-0.01	-0.01	0.8	1.26	0.0	0.0	41.76					-0.04	-0.04	-1.08	-0.01	-0.01	-0.32	-1.08	0.0	0.0	1.87					-0.04	-0.04	0.38	-0.01	-0.01	-0.02	0.38	0.0	0.0	17.88					-0.03999999999999959	-0.03999999999999959	1.19	-0.012269938650306678	-0.012345835822299266	0.5986047433878672	1.19	0.0050071966356387615	0.005002979362240145	255.22292730375392				
2024-07-22 07:00:00	3000	3.24	3.2	3.22	3.2	BELL.MI	2.09	2.1	2.08	2.08	2.44	1.02	1.0	1.0	1.0	1	1.0	1.0	1.0	1.0	1.0	1.0		3.2								1.0			1.53		2.08								1.0			1.57	-0.02	-0.02	1.54	-0.01	-0.01	0.87	2.9	1.54	0.0	0.0	31.91					1	-0.02	-0.02	1.24	-0.01	-0.01	0.79	1.24	0.0	0.0	37.7					-0.02	-0.02	-1.1	-0.01	-0.01	-0.32	-1.1	-0.0	-0.0	-2.19					-0.02	-0.02	0.36	-0.01	-0.01	-0.02	0.36	0.0	0.0	20.34					-0.020000000000000018	-0.020000000000000018	1.17	-0.006211180124223614	-0.0062305497506360856	0.588675521379247	1.17	0.004906892282748697	0.004902282006092884	245.4119771796933				
2024-07-23 07:00:00	6000	3.26	3.18	3.26	3.2	BELL.MI	2.12	2.12	2.06	2.08	2.44	1.02	1.0	1.0	1.0	1	1.0	1.0	1.0	1.0	1.0	1.0										1.0			1.53										1.0			1.57	0.0	0.0	1.54	0.0	0.0	0.87	2.9	1.54	0.0	0.0	31.61					1	0.0	0.0	1.24	0.0	0.0	0.79	1.24	0.0	0.0	40.92					0.0	0.0	-1.1	0.0	0.0	-0.32	-1.1	-0.0	-0.0	-0.1					0.0	0.0	0.36	0.0	0.0	-0.02	0.36	0.0	0.0	19.96					0.0	0.0	1.17	0.0	0.0	0.588675521379247	1.17	0.004906892282748697	0.004902282006092884	245.4119771796933				
2024-07-24 07:00:00	20000	3.34	3.18	3.22	3.34	BELL.MI	2.1	2.18	2.07	2.18	2.44	1.02	1.0	1.0	1.0	1	1.0	1.0	1.0	1.0	1.0	1.0	3.34									1.0			1.53	2.18									1.0			1.57	0.14	0.14	1.68	0.04	0.04	0.95	2.9	1.68	0.0	0.0	31.89					1	0.14	0.14	1.38	0.04	0.04	0.86	1.38	0.0	0.0	46.23					0.14	0.14	-0.96	0.04	0.04	-0.29	-0.96	0.0	0.0	3.81					0.14	0.14	0.5	0.04	0.04	0.02	0.5	0.0	0.0	20.31					0.13999999999999968	0.13999999999999968	1.3099999999999996	0.043749999999999956	0.04281999718292814	0.658180075439589	1.3099999999999996	0.005283708257958465	0.0052786666109065905	246.73216491678068				
2024-07-25 07:00:00	57500	3.32	3.02	3.32	3.18	BELL.MI	2.21	2.21	2.01	2.12	2.44	1.02	1.0	1.0	1.0	1	1.0	1.0	1.0	1.0	1.0	1.0		3.02		3.02						1.0			1.53		2.01		2.01						1.0			1.57	-0.16	-0.16	1.52	-0.05	-0.05	0.85	2.9	1.52	0.0	0.0	30.17					1	-0.16	-0.16	1.22	-0.05	-0.05	0.77	1.22	0.0	0.0	39.91					-0.16	-0.16	-1.12	-0.05	-0.05	-0.33	-1.12	0.0	-0.0	0.2					-0.16	-0.16	0.34	-0.05	-0.05	-0.03	0.34	0.0	0.0	18.97					-0.1599999999999997	-0.1599999999999997	1.15	-0.0479041916167664	-0.04908961019652351	0.5787462993706267	1.15	0.005122159016820327	0.005116201604846049	208.35146354758763				
2024-07-26 07:00:00	15500	3.22	3.1	3.16	3.22	BELL.MI	2.1	2.14	2.06	2.14	2.44	1.02	1.0	1.0	1.0	1	1.0	1.0	1.0	1.0	1.0	1.0										1.0			1.53										1.0			1.57	0.04	0.04	1.56	0.01	0.01	0.88	2.9	1.56	0.0	0.0	29.67					1	0.04	0.04	1.26	0.01	0.01	0.8	1.26	0.0	0.0	45.31					0.04	0.04	-1.08	0.01	0.01	-0.32	-1.08	0.0	0.0	3.38					0.04	0.04	0.38	0.01	0.01	-0.02	0.38	0.0	0.0	18.33					0.040000000000000036	0.040000000000000036	1.19	0.012578616352201255	0.012500162764231467	0.5986047433878672	1.19	0.005230910432869141	0.0052248073197336264	208.73388012267915				
2024-07-29 07:00:00	11500	3.22	3.14	3.16	3.2	BELL.MI	2.11	2.15	2.1	2.14	2.44	1.02	1.0	1.0	1.0	1	1.0	1.0	1.0	1.0	1.0	1.0	3.22									1.0			1.53	2.15									1.0			1.57	-0.02	-0.02	1.54	-0.01	-0.01	0.87	3.02	1.54	0.0	0.0	27.39					1	-0.02	-0.02	1.24	-0.01	-0.01	0.79	1.24	0.0	0.0	46.26					-0.02	-0.02	-1.1	-0.01	-0.01	-0.32	-1.1	0.0	0.0	3.72					-0.02	-0.02	0.36	-0.01	-0.01	-0.02	0.36	0.0	0.0	16.06					-0.020000000000000018	-0.020000000000000018	1.17	-0.006211180124223614	-0.0062305497506360856	0.588675521379247	1.17	0.005118295938039517	0.005111720713495194	200.95191154629535				
2024-07-30 07:00:00	20500	3.22	3.12	3.2	3.2	BELL.MI	2.12	2.13	2.07	2.12	2.44	1.02	1.0	1.0	1.0	1	1.0	1.0	1.0	1.0	1.0	1.0										1.0			1.53		2.07								1.0			1.57	0.0	0.0	1.54	0.0	0.0	0.87	3.02	1.54	0.0	0.0	26.91					1	0.0	0.0	1.24	0.0	0.0	0.79	1.24	0.01	0.01	50.37					0.0	0.0	-1.1	0.0	0.0	-0.32	-1.1	0.0	0.0	6.1					0.0	0.0	0.36	0.0	0.0	-0.02	0.36	0.0	0.0	15.45					0.0	0.0	1.17	0.0	0.0	0.588675521379247	1.17	0.005118295938039517	0.005111720713495194	200.95191154629535				
2024-07-31 07:00:00	16000	3.24	3.14	3.18	3.14	BELL.MI	2.12	2.16	2.09	2.09	2.44	1.02	1.0	1.0	1.0	1	1.0	1.0	1.0	1.0	1.0	1.0		3.14								1.0			1.53										1.0			1.57	-0.06	-0.06	1.48	-0.02	-0.02	0.83	3.02	1.48	0.0	0.0	24.23					1	-0.06	-0.06	1.18	-0.02	-0.02	0.75	1.18	0.01	0.01	49.19					-0.06	-0.06	-1.16	-0.02	-0.02	-0.34	-1.16	0.0	0.0	5.68					-0.06	-0.06	0.3	-0.02	-0.02	-0.04	0.3	0.0	0.0	12.95					-0.06000000000000005	-0.06000000000000005	1.1099999999999999	-0.018750000000000044	-0.01892800988551891	0.558887855353386	1.1099999999999999	0.004985389143057442	0.004978171096523543	186.60686970273557				
2024-08-01 07:00:00	12000	3.28	3.16	3.16	3.22	BELL.MI	2.16	2.24	2.16	2.2	2.44	1.02	1.0	1.0	1.0	1	1.0	1.0	1.0	1.0	1.0	1.0	3.28		3.28							1.0			1.53	2.24		2.24							1.0			1.57	0.08	0.08	1.56	0.03	0.03	0.88	3.02	1.56	0.0	0.0	27.55					1	0.08	0.08	1.26	0.03	0.03	0.8	1.26	0.01	0.01	49.22					0.08	0.08	-1.08	0.03	0.03	-0.32	-1.08	0.0	0.0	5.72					0.08	0.08	0.38	0.03	0.03	-0.02	0.38	0.0	0.0	16.14					0.08000000000000007	0.08000000000000007	1.19	0.02547770700636942	0.025158559636154935	0.5986047433878672	1.19	0.005199236899964759	0.00519167422444311	187.4460106531325				
2024-08-02 07:00:00	27500	3.14	3.02	3.1	3.1	BELL.MI	2.18	2.2	2.12	2.18	2.44	1.02	1.0	1.0	1.0	0	1.0	1.0	1.0	1.0	1.0	1.0										1.0			1.53										1.0			1.57	-0.12	-0.12	1.44	-0.04	-0.04	0.81	3.02	1.44	0.0	0.0	23.97					1	-0.12	-0.12	1.14	-0.04	-0.04	0.73	1.14	0.01	0.0	46.44					-0.12	-0.12	-1.2	-0.04	-0.04	-0.34	-1.2	0.0	0.0	4.71					-0.12	-0.12	0.26	-0.04	-0.04	-0.05	0.26	0.0	0.0	12.94					-0.1200000000000001	-0.1200000000000001	1.0699999999999998	-0.037267080745341685	-0.03797924806521645	0.5390294113361453	1.0699999999999998	0.005029546665954449	0.0050210074115246695	165.8143008330488				
2024-08-05 07:00:00	34500	2.96	2.88	2.96	2.88	BELL.MI	2.13	2.13	2.07	2.07	2.44	1.02	1.0	1.0	1.0	0	1.0	1.0	1.0	1.0	1.0	1.0										1.0			1.53										1.0			1.57	-0.22	-0.22	1.22	-0.07	-0.07	0.68	2.88	1.22	0.0	0.0	19.07					1	-0.0	-0.0	1.14	-0.0	-0.0	0.73	1.14	0.01	0.01	48.89					-0.22	-0.22	-1.42	-0.07	-0.07	-0.39	-1.42	0.0	0.0	2.73					-0.22	-0.22	0.04	-0.07	-0.07	-0.12	0.04	0.0	0.0	8.68					-0.2200000000000002	-0.2200000000000002	0.8499999999999996	-0.07096774193548394	-0.07361181734324608	0.4298079692413219	0.8499999999999996	0.004791685214558445	0.004781506939049773	135.50239134511384				
2024-08-06 07:00:00	31500	2.96	2.76	2.92	2.82	BELL.MI	2.11	2.14	1.99	2.04	2.44	1.02	1.0	1.0	1.0	0	1.0	1.0	1.0	1.0	1.0	1.0		2.76		2.76		2.76				1.0			1.53										1.0			1.57	-0.06	-0.06	1.16	-0.02	-0.02	0.64	2.76	1.16	0.0	0.0	18.7					1	-0.0	-0.0	1.14	-0.0	-0.0	0.73	1.14	0.01	0.01	48.63					-0.06	-0.06	-1.48	-0.02	-0.02	-0.4	-1.48	0.0	-0.0	0.21					-0.06	-0.06	-0.02	-0.02	-0.02	-0.14	-0.02	0.0	0.0	8.39					-0.06000000000000005	-0.06000000000000005	0.7899999999999996	-0.02083333333333337	-0.02105340919783238	0.400020303215461	0.7899999999999996	0.004633706534355537	0.004622681794991257	125.91263835508127				
2024-08-07 07:00:00	63000	3.04	2.82	2.82	2.86	BELL.MI	1.99	2.15	1.99	2.02	2.44	1.02	1.0	1.0	1.0	0	1.0	1.0	1.0	1.0	1.0	1.0	3.04									1.0			1.53										1.0			1.57	0.04	0.04	1.2	0.01	0.01	0.67	2.76	1.2	0.0	0.0	18.88					1	0.0	0.0	1.14	0.0	0.0	0.73	1.14	0.01	0.01	51.11					0.04	0.04	-1.44	0.01	0.01	-0.39	-1.44	0.0	0.0	2.39					0.04	0.04	0.02	0.01	0.01	-0.13	0.02	0.0	0.0	8.61					0.040000000000000036	0.040000000000000036	0.8299999999999996	0.014184397163120588	0.014084739881739023	0.4198787472327017	0.8299999999999996	0.004749201401385798	0.004737921653147126	126.4446563775315				
2024-08-08 07:00:00	48500	2.96	2.8	2.86	2.88	BELL.MI	2.02	2.1	1.98	2.04	2.44	1.02	1.0	1.0	-1.0	0	1.0	1.0	1.0	1.0	1.0	1.0		2.8								1.0			1.53		1.98		1.98		1.98				1.0			1.98	0.02	0.02	1.22	0.01	0.01	0.68	2.76	1.22	0.0	0.0	21.29					1	0.0	0.0	1.14	0.0	0.0	0.73	1.14	0.01	0.01	50.72					0.02	0.02	-1.42	0.01	0.01	-0.39	-1.42	0.0	0.0	2.04					0.02	0.02	0.04	0.01	0.01	-0.12	0.04	0.0	0.0	10.9					0.020000000000000018	0.020000000000000018	0.8499999999999996	0.006993006993007089	0.006968669316093436	0.42980796924132214	0.8499999999999996	0.004806344489777764	0.0047949374985816196	126.70001371295257				
2024-08-09 07:00:00	7500	2.96	2.86	2.9	2.96	BELL.MI	2.05	2.09	2.02	2.09	2.44	1.02	1.0	1.0	-1.0	0	1.0	1.0	1.0	1.0	1.0	1.0										1.0			1.53										1.0			1.98	0.08	0.08	1.3	0.03	0.03	0.73	2.76	1.3	0.0	0.0	21.37					1	0.0	0.0	1.14	0.0	0.0	0.73	1.14	0.01	0.01	54.87					0.08	0.08	-1.34	0.03	0.03	-0.37	-1.34	0.0	0.0	5.12					0.08	0.08	0.12	0.03	0.03	-0.1	0.12	0.0	0.0	11.0					0.08000000000000007	0.08000000000000007	0.9299999999999997	0.0277777777777779	0.02739897418811456	0.4695248572758033	0.9299999999999997	0.005031016078120303	0.0050191019163687844	127.65685815321567				
2024-08-12 07:00:00	27500	3.1	2.92	2.94	2.92	BELL.MI	2.07	2.18	2.06	2.06	2.44	1.02	1.0	1.0	-1.0	0	1.0	1.0	1.0	1.0	1.0	1.0	3.1									1.0			1.53	2.18									1.0			1.98	-0.04	-0.04	1.26	-0.01	-0.01	0.7	2.76	1.26	0.0	0.0	23.78					1	-0.0	-0.0	1.14	-0.0	-0.0	0.73	1.14	0.01	0.01	53.27					-0.04	-0.04	-1.38	-0.01	-0.01	-0.38	-1.38	0.0	0.0	0.91					-0.04	-0.04	0.08	-0.01	-0.01	-0.11	0.08	0.0	0.0	12.92					-0.040000000000000036	-0.040000000000000036	0.8899999999999997	-0.013513513513513487	-0.013605652055778598	0.4496664132585628	0.8899999999999997	0.004878132216309136	0.004865441488673072	120.72769779927525				
2024-08-13 07:00:00	6000	2.96	2.9	2.92	2.96	BELL.MI	2.05	2.08	2.04	2.08	2.44	1.02	1.0	1.0	-1.0	0	1.0	1.0	1.0	1.0	1.0	1.0		2.9								1.0			1.53										1.0			1.98	0.04	0.04	1.3	0.01	0.01	0.73	2.76	1.3	0.0	0.0	23.11					1	0.0	0.0	1.14	0.0	0.0	0.73	1.14	0.01	0.01	59.95					0.04	0.04	-1.34	0.01	0.01	-0.37	-1.34	0.0	0.0	4.29					0.04	0.04	0.12	0.01	0.01	-0.1	0.12	0.0	0.0	12.08					0.040000000000000036	0.040000000000000036	0.9299999999999997	0.013698630136986356	0.013605652055778678	0.4695248572758035	0.9299999999999997	0.004988337997960944	0.004975377579510942	121.20164883203694				
2024-08-14 07:00:00	10500	3.02	2.92	2.92	3.0	BELL.MI	2.03	2.1	2.03	2.09	2.44	1.02	1.0	1.0	-1.0	0	1.0	1.0	1.0	1.0	1.0	1.0										1.0			1.53										1.0			1.98	0.04	0.04	1.34	0.01	0.01	0.75	2.76	1.34	0.0	0.0	25.54					1	0.0	0.0	1.14	0.0	0.0	0.73	1.14	0.01	0.01	59.67					0.04	0.04	-1.3	0.01	0.01	-0.37	-1.3	0.0	0.0	4.35					0.04	0.04	0.16	0.01	0.01	-0.08	0.16	0.0	0.0	14.45					0.040000000000000036	0.040000000000000036	0.9699999999999998	0.013513513513513598	0.013423020332140769	0.4893833012930442	0.9699999999999998	0.005097064462651284	0.005083835209182652	121.65258203553155				
2024-08-16 07:00:00	14500	3.04	2.98	3.0	3.04	BELL.MI	2.04	2.07	2.03	2.07	2.44	1.02	1.0	1.0	-1.0	0	1.0	1.0	1.0	1.0	1.0	1.0										1.0			1.53		2.03								1.0			1.98	0.04	0.04	1.38	0.01	0.01	0.77	2.76	1.38	0.0	0.0	28.53					1	0.0	0.0	1.14	0.0	0.0	0.73	1.14	0.01	0.01	59.11					0.04	0.04	-1.26	0.01	0.01	-0.36	-1.26	0.0	0.0	4.04					0.04	0.04	0.2	0.01	0.01	-0.07	0.2	0.0	0.0	17.25					0.040000000000000036	0.040000000000000036	1.0099999999999998	0.01333333333333342	0.013245226750020723	0.5092417453102849	1.0099999999999998	0.005204350799326452	0.005190853580762322	122.08217226439271				
2024-08-19 07:00:00	13000	3.08	3.0	3.02	3.08	BELL.MI	2.04	2.08	2.03	2.08	2.44	1.02	1.0	1.0	-1.0	0	1.0	1.0	1.0	1.0	1.0	1.0										1.0			1.53										1.0			1.98	0.04	0.04	1.42	0.01	0.01	0.8	2.76	1.42	0.0	0.0	28.67					1	0.0	0.0	1.14	0.0	0.0	0.73	1.14	0.01	0.01	61.89					0.04	0.04	-1.22	0.01	0.01	-0.35	-1.22	0.0	0.0	6.25					0.04	0.04	0.24	0.01	0.01	-0.06	0.24	0.0	0.0	17.44					0.040000000000000036	0.040000000000000036	1.0499999999999998	0.013157894736842035	0.0130720815673527	0.5291001893275253	1.0499999999999998	0.005310234660022008	0.005296470358898686	122.49193487024304				
2024-08-20 07:00:00	15500	3.12	3.02	3.02	3.12	BELL.MI	2.05	2.12	2.05	2.12	2.44	1.02	1.0	1.0	-1.0	0	1.0	1.0	1.0	1.0	1.0	1.0										1.0			1.53										1.0			1.98	0.04	0.04	1.46	0.01	0.01	0.82	2.76	1.46	0.0	0.0	28.59					1	0.0	0.0	1.14	0.0	0.0	0.73	1.14	0.01	0.01	66.01					0.04	0.04	-1.18	0.01	0.01	-0.34	-1.18	0.0	0.0	8.8					0.04	0.04	0.28	0.01	0.01	-0.05	0.28	0.0	0.0	17.33					0.040000000000000036	0.040000000000000036	1.0899999999999999	0.012987012987013102	0.012903404835908001	0.5489586333447662	1.0899999999999999	0.0054147522391928635	0.005400721749259096	122.88324427916375				
2024-08-21 07:00:00	43500	3.28	3.1	3.1	3.22	BELL.MI	2.09	2.21	2.09	2.17	2.44	1.02	1.0	1.0	-1.0	0	1.0	1.0	1.0	1.0	1.0	1.0										1.0			1.53										1.0			1.98	0.1	0.1	1.56	0.03	0.03	0.88	2.76	1.56	0.0	0.0	31.38					1	0.0	0.0	1.14	0.0	0.0	0.73	1.14	0.01	0.01	65.74					0.1	0.1	-1.08	0.03	0.03	-0.32	-1.08	0.0	0.0	9.41					0.1	0.1	0.38	0.03	0.03	-0.02	0.38	0.0	0.0	20.13					0.10000000000000009	0.10000000000000009	1.19	0.03205128205128216	0.03154835773492606	0.5986047433878678	1.19	0.005670293936845764	0.0056556019472040475	123.78871502737246				
2024-08-22 07:00:00	47500	3.48	3.26	3.28	3.36	BELL.MI	2.21	2.35	2.2	2.27	2.44	1.02	1.0	1.0	1.0	1	1.0	1.0	1.0	1.0	1.0	1.0	3.48									1.0			1.53	2.35									1.0			1.98	0.14	0.14	1.7	0.04	0.04	0.96	2.76	1.7	0.01	0.01	32.13					1	0.0	0.0	1.14	0.0	0.0	0.73	1.14	0.01	0.01	65.74					0.14	0.14	-0.94	0.04	0.04	-0.29	-0.94	0.0	0.0	10.63					0.14	0.14	0.52	0.04	0.04	0.03	0.52	0.0	0.0	21.07					0.13999999999999968	0.13999999999999968	1.3299999999999996	0.04347826086956519	0.0425596144187959	0.6681092974482099	1.3299999999999996	0.006015026813638013	0.005999418436100745	124.90642333356908				
2024-08-23 07:00:00	69500	3.5	3.24	3.48	3.34	BELL.MI	2.32	2.34	2.16	2.23	2.44	1.02	1.0	1.0	1.0	1	1.0	1.0	1.0	1.0	1.0	1.0										1.0			1.53										1.0			1.98	-0.02	-0.02	1.68	-0.01	-0.01	0.95	2.76	1.68	0.01	0.01	32.41					1	-0.02	-0.02	1.12	-0.01	-0.01	0.72	1.12	0.01	0.01	62.56					-0.02	-0.02	-0.96	-0.01	-0.01	-0.29	-0.96	0.0	0.0	8.56					-0.02	-0.02	0.5	-0.01	-0.01	0.02	0.5	0.0	0.0	21.29					-0.020000000000000018	-0.020000000000000018	1.3099999999999996	-0.005952380952380931	-0.005970166986503796	0.6581800754395897	1.3099999999999996	0.005860657055784747	0.00584429388932417	120.3990584289414				
2024-08-26 07:00:00	22000	3.38	3.3	3.34	3.32	BELL.MI	2.23	2.26	2.21	2.22	2.44	1.02	1.0	1.0	1.0	1	1.0	1.0	1.0	1.0	1.0	1.0		3.3								1.0			1.53		2.21								1.0			1.98	-0.02	-0.02	1.66	-0.01	-0.01	0.94	2.76	1.66	0.0	0.0	30.51					1	-0.02	-0.02	1.1	-0.01	-0.01	0.71	1.1	0.01	0.01	59.69					-0.02	-0.02	-0.98	-0.01	-0.01	-0.3	-0.98	0.0	0.0	6.81					-0.02	-0.02	0.48	-0.01	-0.01	0.01	0.48	0.0	0.0	19.48					-0.020000000000000018	-0.020000000000000018	1.2899999999999996	-0.005988023952095856	-0.006006024060211922	0.6482508534309692	1.2899999999999996	0.005705017964679393	0.005687908814152154	115.95392732019045				
2024-08-27 07:00:00	38000	3.38	3.3	3.34	3.36	BELL.MI	2.22	2.25	2.2	2.24	2.44	1.02	1.0	1.0	1.0	1	1.0	1.0	1.0	1.0	1.0	1.0										1.0			1.53										1.0			1.98	0.04	0.04	1.7	0.01	0.01	0.96	2.76	1.7	0.01	0.0	30.71					1	0.04	0.04	1.14	0.01	0.01	0.73	1.14	0.01	0.01	60.0					0.04	0.04	-0.94	0.01	0.01	-0.29	-0.94	0.0	0.0	7.16					0.04	0.04	0.52	0.01	0.01	0.03	0.52	0.0	0.0	19.75					0.040000000000000036	0.040000000000000036	1.3299999999999996	0.012048192771084265	0.01197619104671562	0.6681092974482097	1.3299999999999996	0.0057996298739484455	0.005782235044635264	116.28011206246137				
2024-08-28 07:00:00	81000	3.58	3.3	3.38	3.58	BELL.MI	2.24	2.37	2.19	2.37	2.44	1.02	1.0	1.0	1.0	1	1.0	1.0	1.0	1.0	1.0	1.0										1.0			1.53										1.0			1.98	0.22	0.22	1.92	0.07	0.06	1.09	2.76	1.92	0.01	0.01	31.4					1	0.22	0.22	1.36	0.07	0.06	0.84	1.36	0.01	0.01	66.3					0.22	0.22	-0.72	0.07	0.06	-0.24	-0.72	0.0	0.0	11.13					0.22	0.22	0.74	0.07	0.06	0.09	0.74	0.0	0.0	20.6					0.2200000000000002	0.2200000000000002	1.5499999999999998	0.06547619047619047	0.06342182643749607	0.7773307395430329	1.5499999999999998	0.006300662302804665	0.006281715425179968	117.8700214916815				
2024-08-29 07:00:00	87500	3.68	3.46	3.5	3.48	BELL.MI	2.3	2.42	2.27	2.29	2.44	1.02	1.0	1.0	1.0	1	1.0	1.0	1.0	1.0	1.0	1.0	3.68		3.68		3.68		3.68			1.0		3.68	1.53	2.42		2.42		2.42					1.0			1.98	-0.1	-0.1	1.82	-0.03	-0.03	1.03	2.76	1.82	0.01	0.01	31.11					1	-0.1	-0.1	1.26	-0.03	-0.03	0.79	1.26	0.01	0.01	60.41					-0.1	-0.1	-0.82	-0.03	-0.03	-0.26	-0.82	0.0	0.0	8.13					-0.1	-0.1	0.64	-0.03	-0.03	0.06	0.64	0.0	0.0	20.37					-0.10000000000000009	-0.10000000000000009	1.4499999999999997	-0.027932960893854775	-0.028330506626225996	0.7276846294999313	1.4499999999999997	0.006087168343493618	0.006066826624780308	108.43090091553218				
2024-08-30 07:00:00	43000	3.56	3.3	3.52	3.42	BELL.MI	2.3	2.33	2.16	2.24	2.44	1.02	1.0	1.0	1.0	1	1.0	1.0	1.0	1.0	1.0	1.0										1.0			1.53										1.0			1.98	-0.06	-0.06	1.76	-0.02	-0.02	0.99	2.76	1.76	0.0	0.0	28.7					1	-0.06	-0.06	1.2	-0.02	-0.02	0.76	1.2	0.01	0.01	56.44					-0.06	-0.06	-0.88	-0.02	-0.02	-0.28	-0.88	0.0	0.0	6.09					-0.06	-0.06	0.58	-0.02	-0.02	0.04	0.58	0.0	0.0	18.17					-0.06000000000000005	-0.06000000000000005	1.3899999999999997	-0.017241379310344862	-0.01739174271186922	0.6978969634740702	1.3899999999999997	0.005893167439860344	0.005871695778790764	101.98158713120516				
2024-09-02 07:00:00	26000	3.46	3.34	3.44	3.34	BELL.MI	2.25	2.27	2.19	2.19	2.44	1.02	1.0	1.0	1.0	1	1.0	1.0	1.0	1.0	1.0	1.0										1.0			1.53										1.0			1.98	-0.08	-0.08	1.68	-0.02	-0.02	0.95	2.76	1.68	0.0	0.0	25.95					1	-0.08	-0.08	1.12	-0.02	-0.02	0.72	1.12	0.01	0.01	54.63					-0.08	-0.08	-0.96	-0.02	-0.02	-0.29	-0.96	0.0	0.0	5.58					-0.08	-0.08	0.5	-0.02	-0.02	0.02	0.5	0.0	0.0	15.67					-0.08000000000000007	-0.08000000000000007	1.3099999999999996	-0.023391812865497075	-0.023669744085904734	0.658180075439589	1.3099999999999996	0.005680620984387012	0.0056578274499548	94.63075700935				
2024-09-03 07:00:00	8500	3.36	3.26	3.3	3.26	BELL.MI	2.19	2.23	2.16	2.16	2.44	1.02	1.0	1.0	1.0	1	1.0	1.0	1.0	1.0	1.0	1.0		3.26								1.0			1.53		2.16								1.0			1.98	-0.08	-0.08	1.6	-0.02	-0.02	0.9	2.76	1.6	0.0	0.0	25.62					1	-0.08	-0.08	1.04	-0.02	-0.02	0.68	1.04	0.0	0.0	49.82					-0.08	-0.08	-1.04	-0.02	-0.02	-0.31	-1.04	0.0	0.0	2.92					-0.08	-0.08	0.42	-0.02	-0.02	-0.0	0.42	0.0	0.0	15.4					-0.08000000000000007	-0.08000000000000007	1.2299999999999995	-0.02395209580838331	-0.024243611609992853	0.6184631874051079	1.2299999999999995	0.005461905911286279	0.005437748826973454	87.63383211595868				
2024-09-04 07:00:00	13500	3.34	3.2	3.22	3.34	BELL.MI	2.15	2.23	2.14	2.23	2.44	1.02	1.0	1.0	1.0	1	1.0	1.0	1.0	1.0	1.0	1.0										1.0			1.53										1.0			1.98	0.08	0.08	1.68	0.02	0.02	0.95	2.8	1.68	0.0	0.0	24.71					1	0.08	0.08	1.12	0.02	0.02	0.72	1.12	0.01	0.01	60.12					0.08	0.08	-0.96	0.02	0.02	-0.29	-0.96	0.0	0.0	7.27					0.08	0.08	0.5	0.02	0.02	0.02	0.5	0.0	0.0	14.27					0.08000000000000007	0.08000000000000007	1.3099999999999996	0.024539877300613577	0.024243611609992853	0.658180075439589	1.3099999999999996	0.0056437329983612256	0.005618843256692596	88.29208289587304				
2024-09-05 07:00:00	25500	3.46	3.34	3.38	3.4	BELL.MI	2.26	2.31	2.23	2.27	2.44	1.02	1.0	1.0	1.0	1	1.0	1.0	1.0	1.0	1.0	1.0	3.46									1.0			1.53	2.31									1.0			1.98	0.06	0.06	1.74	0.02	0.02	0.98	2.8	1.74	0.0	0.0	24.81					1	0.06	0.06	1.18	0.02	0.02	0.75	1.18	0.01	0.01	60.55					0.06	0.06	-0.9	0.02	0.02	-0.28	-0.9	0.0	0.0	9.64					0.06	0.06	0.56	0.02	0.02	0.04	0.56	0.0	0.0	14.4					0.06000000000000005	0.06000000000000005	1.3699999999999997	0.017964071856287456	0.017804624633506686	0.6879677414654501	1.3699999999999997	0.005777267683112526	0.005751832951325975	88.75496400777001				
2024-09-06 07:00:00	27500	3.4	3.24	3.36	3.32	BELL.MI	2.27	2.3	2.19	2.24	2.44	1.02	1.0	1.0	1.0	1	1.0	1.0	1.0	1.0	1.0	1.0		3.24								1.0			1.53		2.19								1.0			1.98	-0.08	-0.08	1.66	-0.02	-0.02	0.94	2.86	1.66	0.0	0.0	25.09					1	-0.08	-0.08	1.1	-0.02	-0.02	0.71	1.1	0.01	0.01	55.87					-0.08	-0.08	-0.98	-0.02	-0.02	-0.3	-0.98	0.0	0.0	6.58					-0.08	-0.08	0.48	-0.02	-0.02	0.01	0.48	0.0	0.0	14.62					-0.08000000000000007	-0.08000000000000007	1.2899999999999996	-0.02352941176470591	-0.02381064869371856	0.6482508534309688	1.2899999999999996	0.005550624767647757	0.005523763164550166	82.29420305132896				
2024-09-09 07:00:00	20000	3.44	3.26	3.34	3.36	BELL.MI	2.23	2.3	2.18	2.25	2.44	1.02	1.0	1.0	1.0	1	1.0	1.0	1.0	1.0	1.0	1.0	3.44									1.0			1.53										1.0			1.98	0.04	0.04	1.7	0.01	0.01	0.96	2.9	1.7	0.0	0.0	25.3					1	0.04	0.04	1.14	0.01	0.01	0.73	1.14	0.01	0.01	56.16					0.04	0.04	-0.94	0.01	0.01	-0.29	-0.94	0.0	0.0	6.91					0.04	0.04	0.52	0.01	0.01	0.03	0.52	0.0	0.0	14.89					0.040000000000000036	0.040000000000000036	1.3299999999999996	0.012048192771084265	0.01197619104671562	0.6681092974482092	1.3299999999999996	0.005639248581393452	0.005612001961397439	82.60838343137303				
2024-09-10 07:00:00	30500	3.42	3.32	3.36	3.32	BELL.MI	2.27	2.31	2.25	2.25	2.44	1.02	1.0	1.0	1.0	1	1.0	1.0	1.0	1.0	1.0	1.0										1.0			1.53	2.31									1.0			1.98	-0.04	-0.04	1.66	-0.01	-0.01	0.94	2.9	1.66	0.0	0.0	25.03					1	-0.04	-0.04	1.1	-0.01	-0.01	0.71	1.1	0.01	0.0	52.85					-0.04	-0.04	-0.98	-0.01	-0.01	-0.3	-0.98	0.0	0.0	4.87					-0.04	-0.04	0.48	-0.01	-0.01	0.01	0.48	0.0	0.0	14.67					-0.040000000000000036	-0.040000000000000036	1.2899999999999996	-0.011904761904761862	-0.01197619104671565	0.6482508534309688	1.2899999999999996	0.005438598952732177	0.005410287744361808	78.29342711802576				
2024-09-11 07:00:00	20500	3.34	3.22	3.32	3.24	BELL.MI	2.25	2.26	2.18	2.19	2.44	1.02	1.0	1.0	1.0	1	1.0	1.0	1.0	1.0	1.0	1.0										1.0			1.53										1.0			1.98	-0.08	-0.08	1.58	-0.02	-0.02	0.89	2.92	1.58	0.0	0.0	22.43					1	-0.08	-0.08	1.02	-0.02	-0.02	0.67	1.02	0.0	0.0	48.46					-0.08	-0.08	-1.06	-0.02	-0.02	-0.31	-1.06	0.0	0.0	2.68					-0.08	-0.08	0.4	-0.02	-0.02	-0.01	0.4	0.0	0.0	12.31					-0.07999999999999963	-0.07999999999999963	1.21	-0.02409638554216853	-0.02439145312415901	0.6085339653964879	1.21	0.005200791352044717	0.005170991917816226	72.32641898896176				
2024-09-12 07:00:00	24500	3.28	3.14	3.24	3.24	BELL.MI	2.18	2.2	2.11	2.18	2.44	1.02	1.0	1.0	1.0	1	1.0	1.0	1.0	1.0	1.0	1.0		3.14								1.0			1.53		2.11		2.11						1.0			1.98	0.0	0.0	1.58	0.0	0.0	0.89	2.98	1.58	0.0	0.0	21.98					1	0.0	0.0	1.02	0.0	0.0	0.67	1.02	0.0	0.0	48.46					0.0	0.0	-1.06	0.0	0.0	-0.31	-1.06	0.0	0.0	4.85					0.0	0.0	0.4	0.0	0.0	-0.01	0.4	0.0	0.0	14.64					0.0	0.0	1.21	0.0	0.0	0.6085339653964879	1.21	0.005200791352044717	0.005170991917816226	72.32641898896176				
2024-09-13 07:00:00	9000	3.26	3.18	3.22	3.26	BELL.MI	2.16	2.18	2.13	2.18	2.44	1.02	1.0	1.0	1.0	1	1.0	1.0	1.0	1.0	1.0	1.0										1.0			1.53										1.0			1.98	0.02	0.02	1.6	0.01	0.01	0.9	3.0	1.6	0.0	0.0	20.61					1	0.02	0.02	1.04	0.01	0.01	0.68	1.04	0.0	0.0	48.62					0.02	0.02	-1.04	0.01	0.01	-0.31	-1.04	0.0	0.0	8.85					0.02	0.02	0.42	0.01	0.01	-0.0	0.42	0.0	0.0	19.16					0.019999999999999574	0.019999999999999574	1.2299999999999995	0.006172839506172645	0.006153865574378066	0.6184631874051079	1.2299999999999995	0.005245099184180238	0.00521508685659966	72.49714835627631				
2024-09-16 07:00:00	11500	3.28	3.18	3.18	3.24	BELL.MI	2.13	2.2	2.13	2.17	2.44	1.02	1.0	1.0	1.0	1	1.0	1.0	1.0	1.0	1.0	1.0										1.0			1.53	2.2									1.0			1.98	-0.02	-0.02	1.58	-0.01	-0.01	0.89	3.02	1.58	0.0	0.0	21.72					1	-0.02	-0.02	1.02	-0.01	-0.01	0.67	1.02	0.0	0.0	46.02					-0.02	-0.02	-1.06	-0.01	-0.01	-0.31	-1.06	0.0	0.0	6.19					-0.02	-0.02	0.4	-0.01	-0.01	-0.01	0.4	0.0	0.0	16.63					-0.019999999999999574	-0.019999999999999574	1.21	-0.006134969325153228	-0.006153865574378112	0.6085339653964876	1.21	0.0050546869102048725	0.005023816117475821	69.27154822004313				
2024-09-17 07:00:00	19000	3.26	3.2	3.2	3.24	BELL.MI	2.13	2.17	2.13	2.16	2.44	1.02	1.0	1.0	1.0	1	1.0	1.0	1.0	1.0	1.0	1.0										1.0			1.53		2.13								1.0			1.98	0.0	0.0	1.58	0.0	0.0	0.89	3.1	1.58	0.0	0.0	23.87					1	0.0	0.0	1.02	0.0	0.0	0.67	1.02	0.0	0.0	46.02					0.0	0.0	-1.06	0.0	0.0	-0.31	-1.06	0.0	0.0	5.82					0.0	0.0	0.4	0.0	0.0	-0.01	0.4	0.0	0.0	16.33					0.0	0.0	1.21	0.0	0.0	0.6085339653964876	1.21	0.0050546869102048725	0.005023816117475821	69.27154822004313				
2024-09-18 07:00:00	18000	3.3	3.22	3.24	3.24	BELL.MI	2.16	2.2	2.15	2.16	2.44	1.02	1.0	1.0	1.0	1	1.0	1.0	1.0	1.0	1.0	1.0										1.0			1.53	2.2									1.0			1.98	0.0	0.0	1.58	0.0	0.0	0.89	3.14	1.58	0.0	0.0	26.63					1	0.0	0.0	1.02	0.0	0.0	0.67	1.02	0.0	0.0	46.02					0.0	0.0	-1.06	0.0	0.0	-0.31	-1.06	0.0	0.0	5.06					0.0	0.0	0.4	0.0	0.0	-0.01	0.4	0.0	0.0	15.74					0.0	0.0	1.21	0.0	0.0	0.6085339653964876	1.21	0.0050546869102048725	0.005023816117475821	69.27154822004313				
2024-09-19 07:00:00	19000	3.3	3.22	3.24	3.3	BELL.MI	2.14	2.18	2.13	2.18	2.44	1.02	1.0	1.0	1.0	1	1.0	1.0	1.0	1.0	1.0	1.0	3.3									1.0			1.53		2.13								1.0			1.98	0.06	0.06	1.64	0.02	0.02	0.92	3.14	1.64	0.0	0.0	26.75					1	0.06	0.06	1.08	0.02	0.02	0.7	1.08	0.0	0.0	46.49					0.06	0.06	-1.0	0.02	0.02	-0.3	-1.0	0.0	0.0	7.62					0.06	0.06	0.46	0.02	0.02	0.01	0.46	0.0	0.0	18.27					0.05999999999999961	0.05999999999999961	1.2699999999999996	0.01851851851851838	0.0183491386681964	0.6383216314223483	1.2699999999999996	0.005184965794749067	0.005153439838930796	69.78620609338176				
2024-09-20 07:00:00	29000	3.34	3.2	3.26	3.26	BELL.MI	2.17	2.22	2.13	2.17	2.44	1.02	1.0	1.0	1.0	1	1.0	1.0	1.0	1.0	1.0	1.0										1.0			1.53	2.22		2.22							1.0			1.98	-0.04	-0.04	1.6	-0.01	-0.01	0.9	3.14	1.6	0.0	0.0	23.92					1	-0.04	-0.04	1.04	-0.01	-0.01	0.68	1.04	0.0	0.0	43.42					-0.04	-0.04	-1.04	-0.01	-0.01	-0.31	-1.04	0.0	0.0	8.24					-0.04	-0.04	0.42	-0.01	-0.01	-0.0	0.42	0.0	0.0	19.06					-0.040000000000000036	-0.040000000000000036	1.2299999999999995	-0.012121212121212088	-0.012195273093818243	0.6184631874051079	1.2299999999999995	0.004973363611233686	0.00494075987132625	65.82951194348945				
2024-09-23 07:00:00	35500	3.3	3.16	3.28	3.16	BELL.MI	2.19	2.2	2.11	2.11	2.44	1.02	1.0	1.0	-1.0	1	1.0	1.0	1.0	1.0	1.0	1.0										1.0			1.53										1.0			1.98	-0.1	-0.1	1.5	-0.03	-0.03	0.84	3.14	1.5	0.0	0.0	24.2					1	-0.1	-0.1	0.94	-0.03	-0.03	0.63	0.94	0.0	0.0	43.92					-0.1	-0.1	-1.14	-0.03	-0.03	-0.33	-1.14	0.0	0.0	4.46					-0.1	-0.1	0.32	-0.03	-0.03	-0.03	0.32	0.0	0.0	15.26					-0.09999999999999964	-0.09999999999999964	1.13	-0.030674846625766805	-0.031155167779795462	0.5688170773620065	1.13	0.004700546699573012	0.004666148890383193	59.692660594899486				
2024-09-24 07:00:00	26000	3.2	3.1	3.14	3.1	BELL.MI	2.08	2.12	2.06	2.06	2.44	1.02	1.0	1.0	-1.0	0	1.0	1.0	1.0	1.0	1.0	1.0										1.0			1.53										1.0			1.98	-0.06	-0.06	1.44	-0.02	-0.02	0.81	3.1	1.44	0.0	0.0	21.69					1	-0.06	-0.06	0.88	-0.02	-0.02	0.6	0.88	0.0	0.0	40.31					-0.06	-0.06	-1.2	-0.02	-0.02	-0.34	-1.2	0.0	0.0	2.26					-0.06	-0.06	0.26	-0.02	-0.02	-0.05	0.26	0.0	0.0	12.92					-0.06000000000000005	-0.06000000000000005	1.0699999999999998	-0.01898734177215189	-0.01916991610772017	0.5390294113361456	1.0699999999999998	0.004459851559707023	0.004424104990594868	55.255867013780076				
2024-09-25 07:00:00	10500	3.16	3.1	3.1	3.12	BELL.MI	2.06	2.1	2.06	2.07	2.44	1.02	1.0	1.0	-1.0	0	1.0	1.0	1.0	1.0	1.0	1.0										1.0			1.53										1.0			1.98	0.02	0.02	1.46	0.01	0.01	0.82	3.1	1.46	0.0	0.0	21.83					1	0.0	0.0	0.88	0.0	0.0	0.6	0.88	0.0	0.0	40.31					0.02	0.02	-1.18	0.01	0.01	-0.34	-1.18	0.0	0.0	2.47					0.02	0.02	0.28	0.01	0.01	-0.05	0.28	0.0	0.0	13.08					0.020000000000000018	0.020000000000000018	1.0899999999999999	0.006451612903225712	0.006430890330290332	0.5489586333447656	1.0899999999999999	0.004503581613952997	0.004467581970883927	55.450123517516985				
2024-09-26 07:00:00	51000	3.2	3.04	3.14	3.06	BELL.MI	2.05	2.09	1.99	2.0	2.44	1.02	1.0	1.0	-1.0	0	1.0	1.0	1.0	1.0	1.0	1.0										1.0			1.53										1.0			1.98	-0.06	-0.06	1.4	-0.02	-0.02	0.78	3.04	1.4	0.0	0.0	19.11					1	-0.0	-0.0	0.88	-0.0	-0.0	0.6	0.88	0.0	0.0	39.98					-0.06	-0.06	-1.24	-0.02	-0.02	-0.35	-1.24	0.0	0.0	2.25					-0.06	-0.06	0.22	-0.02	-0.02	-0.07	0.22	0.0	0.0	10.46					-0.06000000000000005	-0.06000000000000005	1.0299999999999998	-0.019230769230769273	-0.019418085857101627	0.5191709673189047	1.0299999999999998	0.004257590441659472	0.004220224885596924	51.15852912370305				
2024-09-27 07:00:00	69500	3.08	2.96	3.06	3.0	BELL.MI	1.98	1.99	1.92	1.94	2.44	1.02	1.0	-1.0	-1.0	0	1.0	1.0	1.0	1.0	1.0	1.0										1.0			1.53										-1.0			1.98	-0.06	-0.06	1.34	-0.02	-0.02	0.75	3.46	1.34	0.0	0.0	16.69					1	-0.0	-0.0	0.88	-0.0	-0.0	0.6	0.88	0.0	0.0	39.98					-0.06	-0.06	-1.3	-0.02	-0.02	-0.37	-1.3	0.0	-0.0	0.08					-0.06	-0.06	0.16	-0.02	-0.02	-0.08	0.16	0.0	0.0	8.18					-0.06000000000000005	-0.06000000000000005	0.9699999999999998	-0.019607843137254943	-0.019802627296179754	0.48938330129304375	0.9699999999999998	0.004006408211301662	0.003967661737146244	46.98604562674014				
2024-09-30 07:00:00	41000	3.0	2.84	2.98	2.88	BELL.MI	1.96	1.98	1.87	1.9	2.44	1.02	1.0	-1.0	-1.0	0	1.0	1.0	1.0	1.0	1.0	1.0		2.84								1.0			1.53		1.87		1.87		1.87				-1.0			1.98	-0.12	-0.12	1.22	-0.04	-0.04	0.68	3.46	1.22	0.0	0.0	15.78					1	-0.0	-0.0	0.88	-0.0	-0.0	0.6	0.88	0.0	0.0	43.52					-0.12	-0.12	-1.42	-0.04	-0.04	-0.39	-1.42	-0.0	-0.0	-3.25					-0.12	-0.12	0.04	-0.04	-0.04	-0.12	0.04	0.0	0.0	7.42					0.1200000000000001	0.1200000000000001	1.0899999999999999	0.040000000000000036	0.040821994520255166	0.5514409388469206	1.0899999999999999	0.004275833375135348	0.004235373258160147	48.238534107414154				
2024-10-01 07:00:00	23500	2.96	2.88	2.92	2.96	BELL.MI	1.94	1.97	1.92	1.97	2.44	1.02	1.0	-1.0	-1.0	0	1.0	1.0	1.0	1.0	1.0	1.0										1.0			1.53										-1.0			1.98	0.08	0.08	1.3	0.03	0.03	0.73	3.46	1.3	0.0	0.0	16.41					1	0.0	0.0	0.88	0.0	0.0	0.6	0.88	0.0	0.0	43.52					0.08	0.08	-1.34	0.03	0.03	-0.37	-1.34	-0.0	-0.0	-2.31					0.08	0.08	0.12	0.03	0.03	-0.1	0.12	0.0	0.0	8.16					-0.08000000000000007	-0.08000000000000007	1.0099999999999998	-0.0277777777777779	-0.02739897418811456	0.5095101026618685	1.0099999999999998	0.003990021205744505	0.0039478063366258365	43.5686508131809				
2024-10-02 07:00:00	40000	3.06	2.94	2.96	2.94	BELL.MI	1.98	2.04	1.96	1.96	2.44	1.02	1.0	-1.0	-1.0	0	1.0	1.0	1.0	1.0	1.0	1.0	3.06			2.94						1.0			1.53	2.04									-1.0			1.98	-0.02	-0.02	1.28	-0.01	-0.01	0.71	3.46	1.28	0.0	0.0	13.88					1	-0.0	-0.0	0.88	-0.0	-0.0	0.6	0.88	0.0	0.0	42.69					-0.02	-0.02	-1.36	-0.01	-0.01	-0.38	-1.36	-0.0	-0.0	-1.66					-0.02	-0.02	0.1	-0.01	-0.01	-0.1	0.1	0.0	0.0	5.55					0.020000000000000018	0.020000000000000018	1.0299999999999998	0.006756756756756799	0.006779686985378804	0.5197788788704527	1.0299999999999998	0.0040340891711494655	0.003991577955074321	43.77334393238332				
2024-10-03 07:00:00	30000	3.0	2.9	2.94	2.9	BELL.MI	1.99	2.03	1.96	1.96	2.44	1.02	1.0	-1.0	-1.0	0	1.0	1.0	1.0	1.0	1.0	1.0										1.0			1.53										-1.0			1.98	-0.04	-0.04	1.24	-0.01	-0.01	0.69	3.44	1.24	0.0	0.0	14.06					1	-0.0	-0.0	0.88	-0.0	-0.0	0.6	0.88	0.0	0.0	46.39					-0.04	-0.04	-1.4	-0.01	-0.01	-0.39	-1.4	-0.0	-0.0	-4.24					-0.04	-0.04	0.06	-0.01	-0.01	-0.11	0.06	0.0	0.0	5.71					0.040000000000000036	0.040000000000000036	1.0699999999999998	0.013605442176870763	0.013698844358161915	0.5407413461652177	1.0699999999999998	0.004123131659477518	0.004080018517504724	44.179197383663286				
2024-10-04 07:00:00	33500	2.98	2.88	2.94	2.92	BELL.MI	1.97	1.99	1.93	1.95	2.44	1.03	1.0	-1.0	-1.0	0	1.0	1.0	1.0	1.0	1.0	1.0										1.0			1.53										-1.0			1.98	0.02	0.02	1.26	0.01	0.01	0.7	3.44	1.26	0.0	0.0	13.79					1	0.0	0.0	0.88	0.0	0.0	0.6	0.88	0.0	0.0	45.88					0.02	0.02	-1.38	0.01	0.01	-0.38	-1.38	-0.0	-0.0	-1.93					0.02	0.02	0.08	0.01	0.01	-0.11	0.08	0.0	0.0	5.37					-0.020000000000000018	-0.020000000000000018	1.0499999999999998	-0.006896551724137945	-0.0068728792877620504	0.5301883232462778	1.0499999999999998	0.0039036857837559677	0.0038597154645503284	41.4936183429988				
2024-10-07 07:00:00	31500	2.94	2.84	2.9	2.84	BELL.MI	1.93	1.95	1.89	1.89	2.44	1.05	1.0	-1.0	-1.0	0	1.0	1.0	1.0	1.0	1.0	1.0		2.84								1.0			1.53		1.89								-1.0			1.98	-0.08	-0.08	1.18	-0.03	-0.03	0.66	3.42	1.18	0.0	0.0	12.97					1	-0.0	-0.0	0.88	-0.0	-0.0	0.6	0.88	0.0	0.0	48.54					-0.08	-0.08	-1.46	-0.03	-0.03	-0.4	-1.46	-0.0	-0.0	-4.46					-0.08	-0.08	-0.0	-0.03	-0.03	-0.13	-0.0	0.0	0.0	4.69					0.08000000000000007	0.08000000000000007	1.13	0.0273972602739726	0.027779564107075706	0.5732922196757504	1.13	0.004081474994041253	0.004036251159811988	42.308846504192125				
2024-10-08 07:00:00	28000	3.02	2.84	2.88	2.92	BELL.MI	1.92	2.01	1.89	1.95	2.44	1.07	1.0	-1.0	-1.0	0	1.0	1.0	1.0	1.0	1.0	1.0										1.0			1.53										-1.0			1.98	0.08	0.08	1.26	0.03	0.03	0.7	3.34	1.26	0.0	0.0	15.88					1	0.0	0.0	0.88	0.0	0.0	0.6	0.88	0.0	0.0	52.43					0.08	0.08	-1.38	0.03	0.03	-0.38	-1.38	-0.0	-0.0	-4.13					0.08	0.08	0.08	0.03	0.03	-0.11	0.08	0.0	0.0	7.6					-0.08000000000000007	-0.08000000000000007	1.0499999999999998	-0.028169014084507005	-0.02777956410707567	0.5301883232462778	1.0499999999999998	0.003780521852219981	0.0037334722682882404	37.96305893005441				
2024-10-09 07:00:00	87000	3.24	2.94	2.96	3.14	BELL.MI	1.96	2.15	1.95	2.08	2.44	1.17	1.0	-1.0	-1.0	0	1.0	1.0	1.0	1.0	1.0	1.0	3.24		3.24							1.0			1.53	2.15		2.15							-1.0			1.98	0.22	0.22	1.48	0.08	0.07	0.83	3.34	1.48	0.0	0.0	20.92					1	0.0	0.0	0.88	0.0	0.0	0.6	0.88	0.01	0.01	59.66					0.22	0.22	-1.16	0.08	0.07	-0.34	-1.16	-0.0	-0.0	-3.27					0.22	0.22	0.3	0.08	0.07	-0.04	0.3	0.0	0.0	12.61					-0.2200000000000002	-0.2200000000000002	0.8299999999999996	-0.07534246575342474	-0.0726391836399717	0.4229776763946278	0.8299999999999996	0.0033035462433522894	0.003252475185518966	30.664737708765912				
2024-10-10 07:00:00	37500	3.16	3.06	3.1	3.08	BELL.MI	2.04	2.08	2.02	2.03	2.44	1.28	1.0	-1.0	-1.0	0	1.0	1.0	1.0	1.0	1.0	1.0										1.0			1.53										-1.0			1.98	-0.06	-0.06	1.42	-0.02	-0.02	0.8	3.34	1.42	0.0	0.0	27.52					1	-0.0	-0.0	0.88	-0.0	-0.0	0.6	0.88	0.01	0.01	59.66					-0.06	-0.06	-1.22	-0.02	-0.02	-0.35	-1.22	-0.0	-0.0	-11.38					-0.06	-0.06	0.24	-0.02	-0.02	-0.06	0.24	0.0	0.0	18.09					0.06000000000000005	0.06000000000000005	0.8899999999999997	0.019108280254777066	0.019293202934678896	0.45069802073997756	0.8899999999999997	0.0034231641015472973	0.003371146780670742	31.23771772878073				
2024-10-11 07:00:00	33500	3.14	2.98	3.1	3.0	BELL.MI	2.03	2.06	1.95	1.97	2.44	1.29	1.0	-1.0	-1.0	0	1.0	1.0	1.0	1.0	1.0	1.0										1.0			1.53										-1.0			1.98	-0.08	-0.08	1.34	-0.03	-0.03	0.75	3.34	1.34	0.0	0.0	22.6					1	-0.0	-0.0	0.88	-0.0	-0.0	0.6	0.88	0.0	0.0	57.3					-0.08	-0.08	-1.3	-0.03	-0.03	-0.37	-1.3	-0.0	-0.0	-17.95					-0.08	-0.08	0.16	-0.03	-0.03	-0.08	0.16	0.0	0.0	20.92					0.08000000000000007	0.08000000000000007	0.9699999999999998	0.025974025974025983	0.026317308317373417	0.48938330129304375	0.9699999999999998	0.003586331413115012	0.003533009452751701	31.988760627773225				
2024-10-14 07:00:00	45000	3.12	3.0	3.02	3.0	BELL.MI	1.96	2.02	1.94	1.94	2.44	1.29	1.0	-1.0	-1.0	0	1.0	1.0	1.0	1.0	1.0	1.0										1.0			1.53										-1.0			1.98	0.0	0.0	1.34	0.0	0.0	0.75	3.34	1.34	0.0	0.0	26.3					1	0.0	0.0	0.88	0.0	0.0	0.6	0.88	0.0	0.0	64.09					0.0	0.0	-1.3	0.0	0.0	-0.37	-1.3	-0.0	-0.0	-15.3					0.0	0.0	0.16	0.0	0.0	-0.08	0.16	0.0	0.0	20.02					-0.0	-0.0	0.9699999999999998	-0.0	-0.0	0.48938330129304375	0.9699999999999998	0.003586331413115012	0.003533009452751701	31.988760627773225				
2024-10-15 07:00:00	61000	3.12	2.92	3.0	3.0	BELL.MI	1.95	2.03	1.9	1.95	2.44	1.35	1.0	-1.0	-1.0	0	1.0	1.0	1.0	1.0	1.0	1.0										1.0			1.53										-1.0			1.98	0.0	0.0	1.34	0.0	0.0	0.75	3.34	1.34	0.0	0.0	26.08					1	0.0	0.0	0.88	0.0	0.0	0.6	0.88	0.0	0.0	63.82					0.0	0.0	-1.3	0.0	0.0	-0.37	-1.3	-0.0	-0.0	-15.81					0.0	0.0	0.16	0.0	0.0	-0.08	0.16	0.0	0.0	22.21					-0.0	-0.0	0.9699999999999998	-0.0	-0.0	0.48938330129304375	0.9699999999999998	0.003586331413115012	0.003533009452751701	31.988760627773225				
2024-10-16 07:00:00	40000	3.06	2.94	2.98	3.04	BELL.MI	1.93	1.98	1.91	1.97	2.44	1.35	1.0	-1.0	-1.0	0	1.0	1.0	1.0	1.0	1.0	1.0		2.94								1.0			1.53										-1.0			1.98	0.04	0.04	1.38	0.01	0.01	0.77	3.34	1.38	0.0	0.0	25.32					1	0.0	0.0	0.88	0.0	0.0	0.6	0.88	0.0	0.0	62.4					0.04	0.04	-1.26	0.01	0.01	-0.36	-1.26	-0.0	-0.0	-17.64					0.04	0.04	0.2	0.01	0.01	-0.07	0.2	0.0	0.0	26.78					-0.040000000000000036	-0.040000000000000036	0.9299999999999997	-0.01333333333333342	-0.013245226750020723	0.46978615259181944	0.9299999999999997	0.00332190334826493	0.0032673883777061263	29.22714061327045				
2024-10-17 07:00:00	32000	3.06	2.96	3.02	3.02	BELL.MI	1.94	1.96	1.9	1.94	2.44	1.35	1.0	-1.0	-1.0	0	1.0	1.0	1.0	1.0	1.0	1.0										1.0			1.53										-1.0			1.98	-0.02	-0.02	1.36	-0.01	-0.01	0.76	3.34	1.36	0.0	0.0	26.5					1	-0.0	-0.0	0.88	-0.0	-0.0	0.6	0.88	0.0	0.0	68.46					-0.02	-0.02	-1.28	-0.01	-0.01	-0.36	-1.28	-0.0	-0.0	-17.11					-0.02	-0.02	0.18	-0.01	-0.01	-0.08	0.18	0.0	0.0	23.99					0.020000000000000018	0.020000000000000018	0.9499999999999997	0.006578947368421018	0.006600684031352024	0.4795198357215664	0.9499999999999997	0.0033621675208561786	0.00330731755545588	29.41504611472402				
2024-10-18 07:00:00	53500	3.06	2.96	3.0	3.04	BELL.MI	1.92	1.95	1.89	1.94	2.44	1.35	1.0	-1.0	-1.0	0	1.0	1.0	1.0	1.0	1.0	1.0	3.06									1.0			1.53										-1.0			1.98	0.02	0.02	1.38	0.01	0.01	0.77	3.3	1.38	0.0	0.0	26.44					1	0.0	0.0	0.88	0.0	0.0	0.6	0.88	0.0	0.0	68.17					0.02	0.02	-1.26	0.01	0.01	-0.36	-1.26	-0.0	-0.0	-17.26					0.02	0.02	0.2	0.01	0.01	-0.07	0.2	0.0	0.0	26.44					-0.020000000000000018	-0.020000000000000018	0.9299999999999997	-0.0066225165562914245	-0.0066006840313520936	0.4697861525918192	0.9299999999999997	0.0031210085131276313	0.0030653357183432206	27.121349326454478				
2024-10-21 07:00:00	23500	3.04	2.92	3.0	2.92	BELL.MI	1.93	1.95	1.88	1.88	2.44	1.35	1.0	-1.0	-1.0	0	1.0	1.0	1.0	1.0	1.0	1.0										1.0			1.53		1.88		1.88						-1.0			1.98	-0.12	-0.12	1.26	-0.04	-0.04	0.7	3.24	1.26	0.0	0.0	22.45					1	-0.0	-0.0	0.88	-0.0	-0.0	0.6	0.88	0.0	0.0	68.17					-0.12	-0.12	-1.38	-0.04	-0.04	-0.38	-1.38	-0.0	-0.0	-20.07					-0.12	-0.12	0.08	-0.04	-0.04	-0.11	0.08	0.0	0.0	22.45					0.1200000000000001	0.1200000000000001	1.0499999999999998	0.03947368421052633	0.04027389913793996	0.5301883232462776	1.0499999999999998	0.0033626519079552704	0.003304888745389256	28.25184532721498				
2024-10-22 07:00:00	52000	3.0	2.9	2.96	2.94	BELL.MI	1.92	1.94	1.88	1.9	2.44	1.39	1.0	-1.0	-1.0	0	1.0	1.0	1.0	1.0	1.0	1.0		2.9		2.9						1.0			1.53										-1.0			1.98	0.02	0.02	1.28	0.01	0.01	0.71	3.24	1.28	0.0	0.0	25.88					1	0.0	0.0	0.88	0.0	0.0	0.6	0.88	0.0	0.0	74.72					0.02	0.02	-1.36	0.01	0.01	-0.38	-1.36	-0.0	-0.0	-21.35					0.02	0.02	0.1	0.01	0.01	-0.1	0.1	0.0	0.0	25.88					-0.020000000000000018	-0.020000000000000018	1.0299999999999998	-0.006849315068493178	-0.006825965070399891	0.5197788788704525	1.0299999999999998	0.003115221721246562	0.003056640657726817	25.99205362106428				
2024-10-23 07:00:00	69000	3.04	2.92	2.94	3.0	BELL.MI	1.9	1.97	1.89	1.94	2.44	1.43	1.0	-1.0	-1.0	0	1.0	1.0	1.0	1.0	1.0	1.0	3.04									1.0			1.53										-1.0			1.98	0.06	0.06	1.34	0.02	0.02	0.75	3.24	1.34	0.0	0.0	25.92					1	0.0	0.0	0.88	0.0	0.0	0.6	0.88	0.0	0.0	74.13					0.06	0.06	-1.3	0.02	0.02	-0.37	-1.3	-0.0	-0.0	-17.86					0.06	0.06	0.16	0.02	0.02	-0.08	0.16	0.0	0.0	25.92					-0.06000000000000005	-0.06000000000000005	0.9699999999999998	-0.020408163265306145	-0.02020270731751947	0.4893833012930435	0.9699999999999998	0.002810244024085873	0.002750161438316523	22.977242204521183				
2024-10-24 07:00:00	53500	3.02	2.94	3.0	2.98	BELL.MI	1.94	1.96	1.9	1.93	2.44	1.43	1.0	-1.0	-1.0	0	1.0	1.0	1.0	1.0	1.0	1.0		2.94								1.0			1.53										-1.0			1.98	-0.02	-0.02	1.32	-0.01	-0.01	0.74	3.24	1.32	0.0	0.0	22.89					1	-0.0	-0.0	0.88	-0.0	-0.0	0.6	0.88	0.0	0.0	72.93					-0.02	-0.02	-1.32	-0.01	-0.01	-0.37	-1.32	-0.0	-0.0	-17.1					-0.02	-0.02	0.14	-0.01	-0.01	-0.09	0.14	0.0	0.0	22.89					0.020000000000000018	0.020000000000000018	0.9899999999999998	0.00666666666666671	0.006688988150796652	0.49937916237554725	0.9899999999999998	0.002849040155360494	0.0027885971009626864	23.166806868092905				
2024-10-25 07:00:00	26000	3.02	2.96	2.98	3.0	BELL.MI	1.93	1.95	1.91	1.94	2.44	1.47	1.0	-1.0	-1.0	0	1.0	1.0	1.0	1.0	1.0	1.0										1.0			1.53										-1.0			1.98	0.02	0.02	1.34	0.01	0.01	0.75	3.24	1.34	0.0	0.0	22.84					1	0.0	0.0	0.88	0.0	0.0	0.6	0.88	0.0	0.0	72.62					0.02	0.02	-1.3	0.01	0.01	-0.37	-1.3	-0.0	-0.0	-14.67					0.02	0.02	0.16	0.01	0.01	-0.08	0.16	0.0	0.0	22.84					-0.020000000000000018	-0.020000000000000018	0.9699999999999998	-0.006711409395973256	-0.00668898815079671	0.4893833012930433	0.9699999999999998	0.002597462010338129	0.002536283471715972	20.981801085362115				
2024-10-28 08:00:00	21500	3.14	3.02	3.02	3.14	BELL.MI	1.94	2.02	1.94	2.02	2.44	1.51	1.0	-1.0	-1.0	0	1.0	1.0	1.0	1.0	1.0	1.0	3.14									1.0			1.53										-1.0			1.98	0.14	0.14	1.48	0.05	0.05	0.83	3.24	1.48	0.0	0.0	22.91					1	0.0	0.0	0.88	0.0	0.0	0.6	0.88	0.0	0.0	71.03					0.14	0.14	-1.16	0.05	0.05	-0.34	-1.16	-0.0	-0.0	-9.21					0.14	0.14	0.3	0.05	0.05	-0.04	0.3	0.0	0.0	22.91					-0.14000000000000012	-0.14000000000000012	0.8299999999999996	-0.046666666666666634	-0.045610511252052274	0.42297767639462736	0.8299999999999996	0.002173291366040082	0.002109241815959617	16.79984713411777				
2024-10-29 08:00:00	14500	3.12	3.06	3.1	3.1	BELL.MI	1.99	2.01	1.97	1.99	2.44	1.59	1.0	-1.0	-1.0	0	1.0	1.0	1.0	-1.0	1.0	-1.0										1.0			1.53										-1.0			1.98	-0.04	-0.04	1.44	-0.01	-0.01	0.81	3.24	1.44	0.0	0.0	19.79					1	-0.0	-0.0	0.88	-0.0	-0.0	0.6	0.88	0.0	0.0	70.02					-0.04	-0.04	-1.2	-0.01	-0.01	-0.34	-1.2	-0.0	-0.0	-8.85					-0.04	-0.04	0.26	-0.01	-0.01	-0.05	0.26	0.0	0.0	19.79					0.040000000000000036	0.040000000000000036	0.8699999999999997	0.01273885350318471	0.012820688429061434	0.4413386786706872	0.8699999999999997	0.002245087221242825	0.002180319436076106	17.174464618196758				
2024-10-30 08:00:00	6000	3.1	3.04	3.1	3.1	BELL.MI	2.02	2.02	1.98	2.02	2.44	1.6	1.0	-1.0	-1.0	0	1.0	1.0	1.0	-1.0	1.0	-1.0		3.04								1.0			1.53										-1.0			1.98	0.0	0.0	1.44	0.0	0.0	0.81	3.24	1.44	0.0	0.0	18.18					1	0.0	0.0	0.88	0.0	0.0	0.6	0.88	0.0	0.0	67.55					0.0	0.0	-1.2	0.0	0.0	-0.34	-1.2	-0.0	-0.0	-5.28					-0.0	-0.0	0.26	-0.0	-0.0	-0.05	0.26	0.0	0.0	18.18					-0.0	-0.0	0.8699999999999997	-0.0	-0.0	0.4413386786706872	0.8699999999999997	0.0019326556073236984	0.001870984448986368	15.484775844737484				
2024-10-31 08:00:00	4000	3.12	3.06	3.06	3.12	BELL.MI	2.01	2.05	2.01	2.05	2.44	1.6	1.0	-1.0	-1.0	0	1.0	1.0	1.0	-1.0	1.0	-1.0										1.0			1.53	2.05									-1.0			1.98	0.02	0.02	1.46	0.01	0.01	0.82	3.24	1.46	0.0	0.0	21.03					1	0.0	0.0	0.88	0.0	0.0	0.6	0.88	0.0	0.0	72.81					0.02	0.02	-1.18	0.01	0.01	-0.34	-1.18	-0.0	-0.0	-5.74					-0.02	-0.02	0.24	-0.01	-0.01	-0.06	0.24	0.0	0.0	18.68					-0.020000000000000018	-0.020000000000000018	0.8499999999999996	-0.006451612903225712	-0.006430890330290332	0.4320993281663881	0.8499999999999996	0.001973111088643977	0.0019119486756056236	15.947274581293328				
2024-11-01 08:00:00	5500	3.14	3.12	3.12	3.14	BELL.MI	2.02	2.04	2.02	2.04	2.44	1.73	1.0	-1.0	-1.0	0	1.0	1.0	1.0	-1.0	1.0	-1.0										1.0			1.53		2.02								-1.0			1.98	0.02	0.02	1.48	0.01	0.01	0.83	3.24	1.48	0.0	0.0	21.21					1	0.0	0.0	0.88	0.0	0.0	0.6	0.88	0.0	0.0	72.81					0.02	0.02	-1.16	0.01	0.01	-0.34	-1.16	-0.0	-0.0	-5.42					-0.02	-0.02	0.22	-0.01	-0.01	-0.07	0.22	0.0	0.0	16.53					-0.020000000000000018	-0.020000000000000018	0.8299999999999996	-0.0064102564102563875	-0.006389798098770988	0.4229776763946276	0.8299999999999996	0.0017215280611624978	0.001659742291314048	13.829786293565213				
2024-11-04 08:00:00	15000	3.24	3.18	3.24	3.24	BELL.MI	2.11	2.11	2.07	2.11	2.44	1.87	1.0	-1.0	-1.0	1	1.0	1.0	1.0	-1.0	1.0	-1.0	3.24									1.0			1.53	2.11									-1.0			1.98	0.1	0.1	1.58	0.03	0.03	0.89	3.24	1.58	0.0	0.0	19.21					1	0.0	0.0	0.88	0.0	0.0	0.6	0.88	0.0	0.0	67.7					0.1	0.1	-1.06	0.03	0.03	-0.31	-1.06	0.0	0.0	1.47					-0.1	-0.1	0.12	-0.03	-0.03	-0.09	0.12	0.0	0.0	9.84					-0.10000000000000009	-0.10000000000000009	0.7299999999999995	-0.031847133757961776	-0.03135052988407601	0.3790586123083737	0.7299999999999995	0.0008275888926350108	0.0007691602373716133	7.039338894437947				
2024-11-05 08:00:00	6500	3.2	3.16	3.18	3.2	BELL.MI	2.07	2.09	2.06	2.09	2.44	1.87	1.0	-1.0	-1.0	1	1.0	1.0	1.0	-1.0	1.0	-1.0		3.16								1.0			1.53		2.06								-1.0			1.98	-0.04	-0.04	1.54	-0.01	-0.01	0.87	3.24	1.54	0.0	0.0	11.46					1	-0.04	-0.04	0.84	-0.01	-0.01	0.58	0.84	0.0	0.0	51.87					-0.04	-0.04	-1.1	-0.01	-0.01	-0.32	-1.1	0.0	0.0	7.15					0.04	0.04	0.16	0.01	0.01	-0.08	0.16	0.0	0.0	4.5					0.040000000000000036	0.040000000000000036	0.7699999999999996	0.012345679012345734	0.012422519998557209	0.3962968449622284	0.7699999999999996	0.0001399560118013612	8.815585055588215e-05	1.3495160499990675				
2024-11-06 08:00:00	30000	3.28	3.14	3.22	3.18	BELL.MI	2.13	2.17	2.08	2.11	2.44	1.87	1.0	-1.0	1.0	1	1.0	1.0	1.0	-1.0	1.0	-1.0	3.28									1.0			1.53	2.17		2.17		2.17					-1.0			2.17	-0.02	-0.02	1.52	-0.01	-0.01	0.85	3.28	1.52	0.0	0.0	8.08					1	-0.02	-0.02	0.82	-0.01	-0.01	0.57	0.82	0.0	0.0	45.0					-0.02	-0.02	-1.12	-0.01	-0.01	-0.33	-1.12	0.0	0.0	8.08					0.02	0.02	0.18	0.01	0.01	-0.08	0.18	0.0	0.0	3.62					0.020000000000000018	0.020000000000000018	0.7899999999999996	0.006249999999999978	0.006269613013595373	0.40507858612551284	0.7899999999999996	4.128993392774234e-05	-9.591536196840167e-06	0.4059181041220796				
2024-11-07 08:00:00	2500	3.14	3.12	3.14	3.14	BELL.MI	2.08	2.08	2.06	2.08	2.44	1.87	1.0	-1.0	1.0	1	1.0	1.0	1.0	-1.0	1.0	-1.0		3.12								1.0			1.53		2.06								-1.0			2.17	-0.04	-0.04	1.48	-0.01	-0.01	0.83	3.28	1.48	0.0	0.0	9.03					1	-0.04	-0.04	0.78	-0.01	-0.01	0.55	0.78	0.0	0.0	47.8					-0.04	-0.04	-1.16	-0.01	-0.01	-0.34	-1.16	0.0	0.0	9.03					0.04	0.04	0.22	0.01	0.01	-0.07	0.22	0.0	0.0	7.76					0.040000000000000036	0.040000000000000036	0.8299999999999996	0.012578616352201255	0.012658396871923465	0.4229776763946276	0.8299999999999996	0.00045167992411602326	0.0004018942446908369	4.508580770930038				
2024-11-08 08:00:00	8500	3.2	3.1	3.1	3.2	BELL.MI	2.06	2.13	2.06	2.13	2.44	1.87	1.0	-1.0	1.0	1	1.0	1.0	1.0	-1.0	1.0	-1.0										1.0			1.53	2.13									-1.0			2.17	0.06	0.06	1.54	0.02	0.02	0.87	3.28	1.54	0.0	0.0	5.86					1	0.06	0.06	0.84	0.02	0.02	0.58	0.84	0.0	0.0	39.56					0.06	0.06	-1.1	0.02	0.02	-0.32	-1.1	0.0	0.0	5.86					-0.06	-0.06	0.16	-0.02	-0.02	-0.08	0.16	0.0	-0.0	0.42					-0.06000000000000005	-0.06000000000000005	0.7699999999999996	-0.019108280254777066	-0.01892800988551886	0.3962968449622284	0.7699999999999996	-0.00028883395206598123	-0.00033563592723739877	-3.1075392274613165				
2024-11-11 08:00:00	9000	3.3	3.14	3.24	3.18	BELL.MI	2.12	2.16	2.05	2.08	2.42	1.87	1.0	-1.0	1.0	1	1.0	1.0	1.0	-1.0	1.0	-1.0	3.3		3.3							1.0			1.53										-1.0			2.17	-0.02	-0.02	1.52	-0.01	-0.01	0.85	3.3	1.52	0.0	0.0	7.12					1	-0.02	-0.02	0.82	-0.01	-0.01	0.57	0.82	0.0	0.0	43.33					-0.02	-0.02	-1.12	-0.01	-0.01	-0.33	-1.12	0.0	0.0	7.12					0.02	0.02	0.18	0.01	0.01	-0.08	0.18	0.0	0.0	4.35					0.020000000000000018	0.020000000000000018	0.7899999999999996	0.006249999999999978	0.006269613013595373	0.40507858612551284	0.7899999999999996	7.084321862365316e-05	2.5309994040823014e-05	0.7777685907748761				
2024-11-12 08:00:00	6500	3.14	3.1	3.12	3.14	BELL.MI	2.09	2.1	2.07	2.1	2.42	1.87	1.0	-1.0	1.0	1	1.0	1.0	1.0	-1.0	1.0	-1.0		3.1								1.0			1.53										-1.0			2.17	-0.04	-0.04	1.48	-0.01	-0.01	0.83	3.3	1.48	0.0	0.0	9.59					1	-0.04	-0.04	0.78	-0.01	-0.01	0.55	0.78	0.0	0.0	51.01					-0.04	-0.04	-1.16	-0.01	-0.01	-0.34	-1.16	0.0	0.0	9.59					0.04	0.04	0.22	0.01	0.01	-0.07	0.22	0.0	0.0	10.27					0.040000000000000036	0.040000000000000036	0.8299999999999996	0.012578616352201255	0.012658396871923465	0.4229776763946276	0.8299999999999996	0.0005742207724146317	0.0005308698124091293	6.556380190341578				
2024-11-13 08:00:00	2000	3.14	3.12	3.12	3.14	BELL.MI	2.08	2.09	2.08	2.09	2.42	1.87	1.0	-1.0	1.0	1	1.0	1.0	1.0	-1.0	1.0	-1.0										1.0			1.53										-1.0			2.17	0.0	0.0	1.48	0.0	0.0	0.83	3.3	1.48	0.0	0.0	14.66					1	0.0	0.0	0.78	0.0	0.0	0.55	0.78	0.0	0.0	64.47					0.0	0.0	-1.16	0.0	0.0	-0.34	-1.16	0.0	0.0	14.66					-0.0	-0.0	0.22	-0.0	-0.0	-0.07	0.22	0.0	0.0	15.31					-0.0	-0.0	0.8299999999999996	-0.0	-0.0	0.4229776763946276	0.8299999999999996	0.0009540794383264056	0.0009129975298514115	11.40772576486063				
2024-11-14 08:00:00	3500	3.14	3.14	3.14	3.14	BELL.MI	2.05	2.05	2.05	2.05	2.42	1.87	1.0	-1.0	1.0	1	1.0	1.0	1.0	-1.0	1.0	-1.0	3.14									1.0			1.53		2.05								-1.0			2.17	0.0	0.0	1.48	0.0	0.0	0.83	3.3	1.48	0.0	0.0	13.98					1	0.0	0.0	0.78	0.0	0.0	0.55	0.78	0.0	0.0	62.59					0.0	0.0	-1.16	0.0	0.0	-0.34	-1.16	0.0	0.0	13.98					-0.0	-0.0	0.22	-0.0	-0.0	-0.07	0.22	0.0	0.0	14.63					-0.0	-0.0	0.8299999999999996	-0.0	-0.0	0.4229776763946276	0.8299999999999996	0.0008800524238235822	0.0008395489857533356	10.679786437154497				
2024-11-15 08:00:00	12500	3.16	3.1	3.14	3.12	BELL.MI	2.06	2.08	2.04	2.05	2.42	1.87	1.0	-1.0	1.0	1	1.0	1.0	1.0	-1.0	1.0	-1.0		3.1								1.0			1.53										-1.0			2.17	-0.02	-0.02	1.46	-0.01	-0.01	0.82	3.3	1.46	0.0	0.0	10.66					1	-0.02	-0.02	0.76	-0.01	-0.01	0.54	0.76	0.0	0.0	55.05					-0.02	-0.02	-1.18	-0.01	-0.01	-0.34	-1.18	0.0	0.0	10.66					0.02	0.02	0.24	0.01	0.01	-0.06	0.24	0.0	0.0	14.29					0.020000000000000018	0.020000000000000018	0.8499999999999996	0.006369426751592355	0.00638979809877101	0.43209932816638785	0.8499999999999996	0.0008433963489409271	0.0008031778476846885	10.311220882084207				
2024-11-18 08:00:00	27500	3.16	3.12	3.12	3.16	BELL.MI	2.08	2.1	2.08	2.1	2.42	1.87	1.0	-1.0	1.0	1	1.0	1.0	1.0	-1.0	1.0	-1.0	3.16									1.0			1.53										-1.0			2.17	0.04	0.04	1.5	0.01	0.01	0.84	3.3	1.5	0.0	0.0	15.82					1	0.04	0.04	0.8	0.01	0.01	0.56	0.8	0.0	0.0	68.9					0.04	0.04	-1.14	0.01	0.01	-0.33	-1.14	0.0	0.0	15.82					-0.04	-0.04	0.2	-0.01	-0.01	-0.07	0.2	0.0	0.0	15.66					-0.040000000000000036	-0.040000000000000036	0.8099999999999996	-0.012820512820512775	-0.012739025777429712	0.41397148856934507	0.8099999999999996	0.0009277892614567157	0.0008884419152705991	11.5828396091404				
2024-11-19 08:00:00	9500	3.16	3.14	3.16	3.14	BELL.MI	2.13	2.13	2.12	2.12	2.42	1.87	1.0	-1.0	1.0	1	1.0	1.0	1.0	-1.0	1.0	-1.0										1.0			1.53	2.13									-1.0			2.17	-0.02	-0.02	1.48	-0.01	-0.01	0.83	3.3	1.48	0.0	0.0	10.96					1	-0.02	-0.02	0.78	-0.01	-0.01	0.55	0.78	0.0	0.0	56.63					-0.02	-0.02	-1.16	-0.01	-0.01	-0.34	-1.16	0.0	0.0	10.96					0.02	0.02	0.22	0.01	0.01	-0.07	0.22	0.0	0.0	13.86					0.020000000000000018	0.020000000000000018	0.8299999999999996	0.006329113924050667	0.00634922767865878	0.4229776763946276	0.8299999999999996	0.000743307139795135	0.0007053630831754809	9.641289745830981				
2024-11-20 08:00:00	2000	3.14	3.1	3.12	3.14	BELL.MI	2.11	2.12	2.1	2.12	2.42	1.87	1.0	-1.0	1.0	1	1.0	1.0	1.0	-1.0	1.0	-1.0										1.0			1.53										-1.0			2.17	0.0	0.0	1.48	0.0	0.0	0.83	3.3	1.48	0.0	0.0	10.21					1	0.0	0.0	0.78	0.0	0.0	0.55	0.78	0.0	0.0	54.23					0.0	0.0	-1.16	0.0	0.0	-0.34	-1.16	0.0	0.0	10.21					-0.0	-0.0	0.22	-0.0	-0.0	-0.07	0.22	0.0	0.0	13.12					-0.0	-0.0	0.8299999999999996	-0.0	-0.0	0.4229776763946276	0.8299999999999996	0.0006716080812160328	0.0006342025949552799	8.845247539848131				
2024-11-21 08:00:00	3500	3.12	3.1	3.1	3.12	BELL.MI	2.09	2.11	2.09	2.11	2.42	1.87	1.0	-1.0	1.0	1	1.0	1.0	1.0	-1.0	1.0	-1.0										1.0			1.53										-1.0			2.17	-0.02	-0.02	1.46	-0.01	-0.01	0.82	3.3	1.46	0.0	0.0	6.31					1	-0.02	-0.02	0.76	-0.01	-0.01	0.54	0.76	0.0	0.0	44.3					-0.02	-0.02	-1.18	-0.01	-0.01	-0.34	-1.18	0.0	0.0	6.31					0.02	0.02	0.24	0.01	0.01	-0.06	0.24	0.0	0.0	12.39					0.020000000000000018	0.020000000000000018	0.8499999999999996	0.006369426751592355	0.00638979809877101	0.4320993281663881	0.8499999999999996	0.0006021445326132961	0.0005652571834404707	8.050323947993668				
2024-11-22 08:00:00	5500	3.1	3.04	3.08	3.04	BELL.MI	2.07	2.08	2.04	2.04	2.42	1.87	1.0	-1.0	1.0	1	1.0	1.0	1.0	-1.0	1.0	-1.0										1.0			1.53		2.04								-1.0			2.17	-0.08	-0.08	1.38	-0.03	-0.03	0.77	3.3	1.38	0.0	0.0	0.67					1	-0.08	-0.08	0.68	-0.03	-0.03	0.5	0.68	0.0	0.0	27.99					-0.08	-0.08	-1.26	-0.03	-0.03	-0.36	-1.26	0.0	0.0	0.67					0.08	0.08	0.32	0.03	0.03	-0.03	0.32	0.0	0.0	12.49					0.08000000000000007	0.08000000000000007	0.9299999999999997	0.02564102564102566	0.025975486403260677	0.4697861525918192	0.9299999999999997	0.0006120162189349222	0.0005750554541166242	8.164755541006322				
2024-11-25 08:00:00	14500	3.1	3.02	3.06	3.02	BELL.MI	2.06	2.08	2.03	2.03	2.42	1.87	1.0	-1.0	1.0	0	1.0	1.0	1.0	-1.0	1.0	-1.0		3.02								1.0			1.53										-1.0			2.17	-0.02	-0.02	1.36	-0.01	-0.01	0.76	3.3	1.36	-0.0	-0.0	-2.48					1	-0.02	-0.02	0.66	-0.01	-0.01	0.49	0.66	0.0	0.0	20.32					-0.02	-0.02	-1.28	-0.01	-0.01	-0.36	-1.28	-0.0	-0.0	-2.48					0.02	0.02	0.34	0.01	0.01	-0.03	0.34	0.0	0.0	12.53					0.020000000000000018	0.020000000000000018	0.9499999999999997	0.006578947368421018	0.006600684031352024	0.4795198357215664	0.9499999999999997	0.000615610166090557	0.000578622655145411	8.206294440524957				
2024-11-26 08:00:00	2000	3.06	3.02	3.02	3.06	BELL.MI	2.05	2.07	2.05	2.07	2.42	1.87	1.0	-1.0	1.0	0	1.0	1.0	1.0	-1.0	1.0	-1.0										1.0			1.53										-1.0			2.17	0.04	0.04	1.4	0.01	0.01	0.78	3.3	1.4	0.0	0.0	1.51					1	0.0	0.0	0.66	0.0	0.0	0.49	0.66	0.0	0.0	27.53					0.04	0.04	-1.24	0.01	0.01	-0.35	-1.24	0.0	0.0	1.51					-0.04	-0.04	0.3	-0.01	-0.01	-0.04	0.3	0.0	0.0	12.45					-0.040000000000000036	-0.040000000000000036	0.9099999999999997	-0.013245033112582849	-0.0131580845775112	0.4601797071500424	0.9099999999999997	0.000610528023908135	0.0005734899137479488	8.128197786781705				
2024-11-27 08:00:00	4000	3.06	3.06	3.06	3.06	BELL.MI	2.08	2.08	2.08	2.08	2.42	1.87	1.0	-1.0	1.0	0	1.0	1.0	1.0	-1.0	1.0	-1.0										1.0			1.53										-1.0			2.17	0.0	0.0	1.4	0.0	0.0	0.78	3.3	1.4	0.0	0.0	5.03					1	0.0	0.0	0.66	0.0	0.0	0.49	0.66	0.0	0.0	36.37					0.0	0.0	-1.24	0.0	0.0	-0.35	-1.24	0.0	0.0	5.03					-0.0	-0.0	0.3	-0.0	-0.0	-0.04	0.3	0.0	0.0	16.09					-0.0	-0.0	0.9099999999999997	-0.0	-0.0	0.4601797071500424	0.9099999999999997	0.000860883553287283	0.0008248421946464024	11.69069316498981				
2024-11-28 08:00:00	2000	3.1	3.08	3.08	3.1	BELL.MI	2.08	2.09	2.08	2.09	2.42	1.87	1.0	-1.0	1.0	0	1.0	1.0	1.0	-1.0	1.0	-1.0	3.1									1.0			1.53	2.09									-1.0			2.17	0.04	0.04	1.44	0.01	0.01	0.81	3.3	1.44	0.0	0.0	12.92					1	0.0	0.0	0.66	0.0	0.0	0.49	0.66	0.0	0.0	58.17					0.04	0.04	-1.2	0.01	0.01	-0.34	-1.2	0.0	0.0	12.92					-0.04	-0.04	0.26	-0.01	-0.01	-0.05	0.26	0.0	0.0	20.11					-0.040000000000000036	-0.040000000000000036	0.8699999999999997	-0.013071895424836555	-0.012987195526811112	0.4413386786706872	0.8699999999999997	0.0010722489056148488	0.0010382955759313806	15.412288100125288				
2024-11-29 08:00:00	8000	3.04	3.0	3.04	3.04	BELL.MI	2.04	2.04	2.02	2.04	2.42	1.87	1.0	-1.0	-1.0	0	1.0	1.0	1.0	-1.0	1.0	-1.0										1.0			1.53										-1.0			2.17	-0.06	-0.06	1.38	-0.02	-0.02	0.77	3.3	1.38	0.0	0.0	8.16					1	-0.0	-0.0	0.66	-0.0	-0.0	0.49	0.66	0.0	0.0	54.7					-0.06	-0.06	-1.26	-0.02	-0.02	-0.36	-1.26	0.0	0.0	8.16					0.06	0.06	0.32	0.02	0.02	-0.03	0.32	0.0	0.0	20.49					0.06000000000000005	0.06000000000000005	0.9299999999999997	0.01935483870967747	0.019544596072970283	0.4697861525918192	0.9299999999999997	0.001110281828782572	0.0010760622342647075	15.8305249923553				
2024-12-02 08:00:00	9000	3.02	2.92	2.96	3.02	BELL.MI	1.99	2.03	1.96	2.03	2.42	1.87	1.0	-1.0	-1.0	0	1.0	1.0	1.0	-1.0	1.0	-1.0										1.0			1.53										-1.0			2.17	-0.02	-0.02	1.36	-0.01	-0.01	0.76	3.3	1.36	0.0	0.0	3.48					1	-0.0	-0.0	0.66	-0.0	-0.0	0.49	0.66	0.0	0.0	47.03					-0.02	-0.02	-1.28	-0.01	-0.01	-0.36	-1.28	0.0	0.0	3.48					0.02	0.02	0.34	0.01	0.01	-0.03	0.34	0.0	0.0	19.36					0.020000000000000018	0.020000000000000018	0.9499999999999997	0.006578947368421018	0.006600684031352024	0.4795198357215662	0.9499999999999997	0.0010007871014187006	0.0009673312781450782	14.607803486688638				
2024-12-03 08:00:00	8500	3.02	2.94	2.98	3.02	BELL.MI	1.98	2.01	1.95	2.01	2.42	1.87	1.0	-1.0	-1.0	0	1.0	1.0	1.0	-1.0	1.0	-1.0										1.0			1.53										-1.0			2.17	0.0	0.0	1.36	0.0	0.0	0.76	3.3	1.36	0.0	0.0	3.48					1	0.0	0.0	0.66	0.0	0.0	0.49	0.66	0.0	0.0	47.03					0.0	0.0	-1.28	0.0	0.0	-0.36	-1.28	0.0	0.0	3.48					-0.0	-0.0	0.34	-0.0	-0.0	-0.03	0.34	0.0	0.0	19.36					-0.0	-0.0	0.9499999999999997	-0.0	-0.0	0.4795198357215662	0.9499999999999997	0.0010007871014187006	0.0009673312781450782	14.607803486688638				
2024-12-04 08:00:00	22000	3.02	2.98	3.02	2.98	BELL.MI	1.99	1.99	1.96	1.96	2.42	1.87	1.0	-1.0	-1.0	0	1.0	1.0	1.0	-1.0	1.0	-1.0										1.0			1.53										-1.0			2.17	-0.04	-0.04	1.32	-0.01	-0.01	0.74	3.3	1.32	0.0	-0.0	0.13					1	-0.0	-0.0	0.66	-0.0	-0.0	0.49	0.66	0.0	0.0	47.03					-0.04	-0.04	-1.32	-0.01	-0.01	-0.37	-1.32	0.0	-0.0	0.13					0.04	0.04	0.38	0.01	0.01	-0.02	0.38	0.0	0.0	20.17					0.040000000000000036	0.040000000000000036	0.9899999999999998	0.013245033112582738	0.013333530869465144	0.499379162375547	0.9899999999999998	0.001078121580461599	0.00104412720410485	15.477310690106584				
2024-12-05 08:00:00	3000	3.0	2.98	3.0	2.98	BELL.MI	1.95	1.95	1.93	1.93	2.42	1.87	1.0	-1.0	-1.0	0	1.0	1.0	1.0	-1.0	1.0	-1.0										1.0			1.53										-1.0			2.17	0.0	0.0	1.32	0.0	0.0	0.74	3.3	1.32	-0.0	-0.0	-2.76					1	0.0	0.0	0.66	0.0	0.0	0.49	0.66	0.0	0.0	33.25					0.0	0.0	-1.32	0.0	0.0	-0.37	-1.32	-0.0	-0.0	-2.76					-0.0	-0.0	0.38	-0.0	-0.0	-0.02	0.38	0.0	0.0	17.87					-0.0	-0.0	0.9899999999999998	-0.0	-0.0	0.499379162375547	0.9899999999999998	0.0008632822047155747	0.000830773419524089	12.987610029793885				
2024-12-06 08:00:00	35000	2.98	2.84	2.98	2.92	BELL.MI	1.93	1.93	1.84	1.89	2.42	1.84	-1.0	-1.0	-1.0	-1	1.0	1.0	1.0	-1.0	1.0	-1.0		2.84		2.84		2.84				1.0			1.53		1.84		1.84		1.84				-1.0			1.84	-0.06	-0.06	1.26	-0.02	-0.02	0.7	3.3	1.26	-0.0	-0.0	-3.32					1	-0.0	-0.0	0.66	-0.0	-0.0	0.49	0.66	0.0	0.0	42.96					-0.06	-0.06	-1.38	-0.02	-0.02	-0.38	-1.38	-0.0	-0.0	-3.32					0.06	0.06	0.44	0.02	0.02	0.01	0.44	0.0	0.0	22.64					0.06000000000000005	0.06000000000000005	1.0499999999999998	0.020134228187919434	0.020339684237122672	0.5301883232462774	1.0499999999999998	0.0011965854817721543	0.0011639842003916545	17.792029462157785				
2024-12-09 08:00:00	15500	2.98	2.88	2.88	2.98	BELL.MI	1.87	1.94	1.87	1.94	2.42	1.84	-1.0	-1.0	-1.0	-1	1.0	1.0	1.0	-1.0	1.0	-1.0	2.98									1.0			1.53	1.94									-1.0			1.84	-0.06	-0.06	1.2	-0.02	-0.02	0.67	3.16	1.2	-0.0	-0.0	-3.86					1	-0.06	-0.06	0.6	-0.02	-0.02	0.46	0.6	0.0	0.0	40.4					0.06	0.06	-1.32	0.02	0.02	-0.37	-1.32	0.0	0.0	1.58					-0.06	-0.06	0.38	-0.02	-0.02	-0.02	0.38	0.0	0.0	21.94					-0.06000000000000005	-0.06000000000000005	0.9899999999999998	-0.020547945205479534	-0.020339684237122783	0.4993791623755468	0.9899999999999998	0.0011638107032713777	0.001130889649136213	17.143212988499116				
2024-12-10 08:00:00	7000	2.92	2.9	2.92	2.92	BELL.MI	1.9	1.9	1.89	1.9	2.42	1.84	-1.0	-1.0	-1.0	-1	1.0	1.0	1.0	-1.0	1.0	-1.0		2.9								1.0			1.53		1.89								-1.0			1.84	0.06	0.06	1.26	0.02	0.02	0.7	3.16	1.26	0.0	0.0	0.6					1	0.06	0.06	0.66	0.02	0.02	0.49	0.66	0.0	0.0	55.75					-0.06	-0.06	-1.38	-0.02	-0.02	-0.38	-1.38	0.0	0.0	0.6					0.06	0.06	0.44	0.02	0.02	0.01	0.44	0.0	0.0	26.09					0.06000000000000005	0.06000000000000005	1.0499999999999998	0.020134228187919434	0.020339684237122672	0.5301883232462772	1.0499999999999998	0.001475683354025373	0.0014424620210173877	21.348537859176155				
2024-12-11 08:00:00	33500	3.2	2.92	2.92	2.98	BELL.MI	1.89	2.07	1.89	1.93	2.42	1.84	-1.0	-1.0	-1.0	0	1.0	1.0	1.0	-1.0	1.0	-1.0										1.0			1.53										-1.0			1.84	-0.06	-0.06	1.2	-0.02	-0.02	0.67	3.2	1.2	-0.0	-0.0	-3.16					1	-0.06	-0.06	0.6	-0.02	-0.02	0.46	0.6	0.0	0.0	43.84					0.06	0.06	-1.32	0.02	0.02	-0.37	-1.32	0.0	0.0	2.11					-0.06	-0.06	0.38	-0.02	-0.02	-0.02	0.38	0.0	0.0	21.93					-0.06000000000000005	-0.06000000000000005	0.9899999999999998	-0.020547945205479534	-0.020339684237122783	0.4993791623755466	0.9899999999999998	0.001225967388875807	0.0011916572727910246	17.321617562392348				
2024-12-12 08:00:00	25000	3.2	3.02	3.04	3.1	BELL.MI	1.96	2.06	1.95	2.0	2.42	1.84	-1.0	-1.0	-1.0	0	1.0	1.0	1.0	-1.0	1.0	-1.0										1.0			1.53										-1.0			1.84	-0.12	-0.12	1.08	-0.04	-0.04	0.6	3.2	1.08	-0.0	-0.0	-11.53					1	0.0	0.0	0.6	0.0	0.0	0.46	0.6	0.0	0.0	26.04					0.12	0.12	-1.2	0.04	0.04	-0.34	-1.2	0.0	0.0	1.86					-0.12	-0.12	0.26	-0.04	-0.04	-0.05	0.26	0.0	0.0	13.79					-0.1200000000000001	-0.1200000000000001	0.8699999999999997	-0.04026845637583887	-0.03947881097378742	0.44133867867068677	0.8699999999999997	0.0006434431709238402	0.0006090167252967849	9.180455047289819				
2024-12-13 08:00:00	6000	3.18	3.1	3.16	3.16	BELL.MI	2.04	2.05	2.0	2.04	2.42	1.84	-1.0	-1.0	-1.0	0	1.0	1.0	1.0	-1.0	1.0	-1.0	3.18		3.18							1.0			1.53	2.05		2.05							-1.0			1.84	-0.06	-0.06	1.02	-0.02	-0.02	0.57	3.2	1.02	-0.0	-0.0	-9.74					1	0.0	0.0	0.6	0.0	0.0	0.46	0.6	0.0	0.0	48.59					0.06	0.06	-1.14	0.02	0.02	-0.33	-1.14	0.0	0.0	9.23					-0.06	-0.06	0.2	-0.02	-0.02	-0.07	0.2	0.0	0.0	16.12					-0.06000000000000005	-0.06000000000000005	0.8099999999999996	-0.019354838709677358	-0.019169916107720123	0.41397148856934485	0.8099999999999996	0.0007691058860968148	0.0007358998397322125	11.346349573854525				
2024-12-16 08:00:00	10000	3.14	3.08	3.14	3.08	BELL.MI	2.03	2.03	1.99	1.99	2.42	1.84	-1.0	-1.0	-1.0	0	1.0	1.0	1.0	-1.0	1.0	-1.0										1.0			1.53		1.99								-1.0			1.84	0.08	0.08	1.1	0.03	0.03	0.61	3.2	1.1	-0.0	-0.0	-8.59					1	-0.0	-0.0	0.6	-0.0	-0.0	0.46	0.6	0.0	0.0	42.37					-0.08	-0.08	-1.22	-0.03	-0.03	-0.35	-1.22	0.0	0.0	4.0					0.08	0.08	0.28	0.03	0.03	-0.05	0.28	0.0	0.0	16.97					0.08000000000000007	0.08000000000000007	0.8899999999999997	0.025316455696202556	0.02564243061333767	0.4506980207399771	0.8899999999999997	0.0008453310396216301	0.0008115961057146848	12.261604200020138				
2024-12-17 08:00:00	5500	3.12	3.06	3.08	3.1	BELL.MI	2.02	2.04	2.0	2.03	2.42	1.84	-1.0	-1.0	-1.0	0	1.0	1.0	1.0	-1.0	1.0	-1.0										1.0			1.53	2.04									-1.0			1.84	-0.02	-0.02	1.08	-0.01	-0.01	0.6	3.2	1.08	-0.0	-0.0	-8.61					1	0.0	0.0	0.6	0.0	0.0	0.46	0.6	0.0	0.0	51.35					0.02	0.02	-1.2	0.01	0.01	-0.34	-1.2	0.0	0.0	7.33					-0.02	-0.02	0.26	-0.01	-0.01	-0.05	0.26	0.0	0.0	16.95					-0.020000000000000018	-0.020000000000000018	0.8699999999999997	-0.006493506493506551	-0.00647251450561752	0.44133867867068677	0.8699999999999997	0.0008443147876507082	0.0008105699956986179	12.2434979331533				
2024-12-18 08:00:00	2500	3.08	3.06	3.06	3.06	BELL.MI	2.0	2.01	2.0	2.0	2.42	1.84	-1.0	-1.0	-1.0	0	1.0	1.0	1.0	-1.0	1.0	-1.0		3.06								1.0			1.53		2.0								-1.0			1.84	0.04	0.04	1.12	0.01	0.01	0.63	3.2	1.12	-0.0	-0.0	-7.51					1	-0.0	-0.0	0.6	-0.0	-0.0	0.46	0.6	0.0	0.0	51.35					-0.04	-0.04	-1.24	-0.01	-0.01	-0.35	-1.24	0.0	0.0	3.98					0.04	0.04	0.3	0.01	0.01	-0.04	0.3	0.0	0.0	17.75					0.040000000000000036	0.040000000000000036	0.9099999999999997	0.012903225806451646	0.01298719552681119	0.4601797071500424	0.9099999999999997	0.0009196405217062132	0.0008853689335555082	13.118269768785638				
2024-12-19 08:00:00	1500	3.1	3.04	3.04	3.1	BELL.MI	2.02	2.06	2.02	2.06	2.42	1.84	-1.0	-1.0	-1.0	0	1.0	1.0	1.0	-1.0	1.0	-1.0	3.1									1.0			1.53	2.06									-1.0			1.84	-0.04	-0.04	1.08	-0.01	-0.01	0.6	3.2	1.08	-0.0	-0.0	-7.14					1	0.0	0.0	0.6	0.0	0.0	0.46	0.6	0.0	0.0	65.76					0.04	0.04	-1.2	0.01	0.01	-0.34	-1.2	0.0	0.0	8.66					-0.04	-0.04	0.26	-0.01	-0.01	-0.05	0.26	0.0	0.0	18.24					-0.040000000000000036	-0.040000000000000036	0.8699999999999997	-0.013071895424836555	-0.012987195526811112	0.441338678670687	0.8699999999999997	0.0009445919420127853	0.0009105638553201789	13.56571876913695				
2024-12-20 08:00:00	500	3.08	3.08	3.08	3.08	BELL.MI	2.05	2.05	2.05	2.05	2.42	1.84	-1.0	-1.0	-1.0	0	1.0	1.0	1.0	-1.0	1.0	-1.0										1.0			1.53										-1.0			1.84	0.02	0.02	1.1	0.01	0.01	0.61	3.2	1.1	-0.0	-0.0	-8.73					1	-0.0	-0.0	0.6	-0.0	-0.0	0.46	0.6	0.0	0.0	52.01					-0.02	-0.02	-1.22	-0.01	-0.01	-0.35	-1.22	0.0	0.0	4.01					0.02	0.02	0.28	0.01	0.01	-0.05	0.28	0.0	0.0	17.07					0.020000000000000018	0.020000000000000018	0.8899999999999997	0.006451612903225823	0.006472514505617479	0.45069802073997733	0.8899999999999997	0.0008362128802556689	0.0008029387636148133	12.297866911477108				
2024-12-23 08:00:00	7000	3.1	3.02	3.08	3.1	BELL.MI	2.05	2.06	2.01	2.06	2.42	1.84	-1.0	-1.0	-1.0	0	1.0	1.0	1.0	-1.0	1.0	-1.0										1.0			1.53										-1.0			1.84	-0.02	-0.02	1.08	-0.01	-0.01	0.6	3.2	1.08	-0.0	-0.0	-6.68					1	0.0	0.0	0.6	0.0	0.0	0.46	0.6	0.0	0.0	77.47					0.02	0.02	-1.2	0.01	0.01	-0.34	-1.2	0.0	0.0	9.87					-0.02	-0.02	0.26	-0.01	-0.01	-0.05	0.26	0.0	0.0	19.75					-0.020000000000000018	-0.020000000000000018	0.8699999999999997	-0.006493506493506551	-0.00647251450561752	0.441338678670687	0.8699999999999997	0.000968541161205985	0.0009365294363892218	14.776289979447562				
2024-12-27 08:00:00	5000	3.08	3.02	3.06	3.08	BELL.MI	2.01	2.03	1.99	2.03	2.42	1.84	-1.0	-1.0	-1.0	0	1.0	1.0	1.0	-1.0	1.0	-1.0		3.02		3.02						1.0			1.53										-1.0			1.84	0.02	0.02	1.1	0.01	0.01	0.61	3.2	1.1	0.0	0.0	1.87					1	-0.0	-0.0	0.6	-0.0	-0.0	0.46	0.6	0.0	0.0	77.47					-0.02	-0.02	-1.22	-0.01	-0.01	-0.35	-1.22	0.0	0.0	15.89					0.02	0.02	0.28	0.01	0.01	-0.05	0.28	0.0	0.0	29.89					0.020000000000000018	0.020000000000000018	0.8899999999999997	0.006451612903225823	0.006472514505617479	0.4506980207399771	0.8899999999999997	0.0014705923715759238	0.0014413942114175349	24.379119141474064				
2024-12-30 08:00:00	5000	3.1	3.02	3.04	3.1	BELL.MI	2.0	2.04	1.99	2.04	2.42	1.84	-1.0	-1.0	-1.0	0	1.0	1.0	1.0	-1.0	1.0	-1.0	3.1									1.0			1.53										-1.0			1.84	-0.02	-0.02	1.08	-0.01	-0.01	0.6	3.2	1.08	0.0	0.0	3.09					1	0.0	0.0	0.6	0.0	0.0	0.46	0.6	0.0	0.0	77.47					0.02	0.02	-1.2	0.01	0.01	-0.34	-1.2	0.0	0.0	21.07					-0.02	-0.02	0.26	-0.01	-0.01	-0.05	0.26	0.0	0.0	31.51					-0.020000000000000018	-0.020000000000000018	0.8699999999999997	-0.006493506493506551	-0.00647251450561752	0.44133867867068677	0.8699999999999997	0.0015303740398140047	0.0015017236602334894	25.860208082609418				
2025-01-02 08:00:00	3000	3.08	3.04	3.08	3.08	BELL.MI	2.01	2.01	1.99	2.01	2.42	1.84	-1.0	-1.0	-1.0	0	1.0	1.0	1.0	-1.0	1.0	-1.0										1.0			1.53										-1.0			1.84	0.02	0.02	1.1	0.01	0.01	0.61	3.2	1.1	0.0	0.0	2.45					1	-0.0	-0.0	0.6	-0.0	-0.0	0.46	0.6	0.0	0.0	77.47					-0.02	-0.02	-1.22	-0.01	-0.01	-0.35	-1.22	0.0	0.0	16.81					0.02	0.02	0.28	0.01	0.01	-0.05	0.28	0.0	0.0	31.04					0.020000000000000018	0.020000000000000018	0.8899999999999997	0.006451612903225823	0.006472514505617479	0.4506980207399771	0.8899999999999997	0.0014854619100948862	0.001457093271626686	25.347407779799198				
2025-01-03 08:00:00	500	3.04	3.04	3.04	3.04	BELL.MI	2.0	2.0	2.0	2.0	2.42	1.84	-1.0	-1.0	-1.0	0	1.0	1.0	1.0	-1.0	1.0	-1.0		3.04								1.0			1.53										-1.0			1.84	0.04	0.04	1.14	0.01	0.01	0.64	3.2	1.14	0.0	0.0	2.96					1	-0.0	-0.0	0.6	-0.0	-0.0	0.46	0.6	0.0	0.0	77.47					-0.04	-0.04	-1.26	-0.01	-0.01	-0.36	-1.26	0.0	0.0	12.4					0.04	0.04	0.32	0.01	0.01	-0.03	0.32	0.0	0.0	31.42					0.040000000000000036	0.040000000000000036	0.9299999999999997	0.012987012987012991	0.013072081567352775	0.469786152591819	0.9299999999999997	0.0015214720423773163	0.0014928776163032342	25.759359189643632				
2025-01-06 08:00:00	3000	3.1	3.04	3.04	3.1	BELL.MI	1.96	2.0	1.96	2.0	2.42	1.84	-1.0	-1.0	-1.0	0	1.0	1.0	1.0	-1.0	1.0	-1.0										1.0			1.53		1.96		1.96						-1.0			1.84	-0.06	-0.06	1.08	-0.02	-0.02	0.6	3.2	1.08	-0.0	-0.0	-3.67					1	0.0	0.0	0.6	0.0	0.0	0.46	0.6	0.0	0.0	77.47					0.06	0.06	-1.2	0.02	0.02	-0.34	-1.2	0.0	0.0	11.81					-0.06	-0.06	0.26	-0.02	-0.02	-0.05	0.26	0.0	0.0	24.9					-0.06000000000000005	-0.06000000000000005	0.8699999999999997	-0.019736842105263275	-0.019544596072970346	0.44133867867068677	0.8699999999999997	0.0011267386659657608	0.0010982316058092412	19.269624912011587				
2025-01-07 08:00:00	1000	3.1	3.1	3.1	3.1	BELL.MI	1.99	1.99	1.99	1.99	2.42	1.84	-1.0	-1.0	-1.0	0	1.0	1.0	1.0	-1.0	1.0	-1.0										1.0			1.53										-1.0			1.84	-0.0	-0.0	1.08	-0.0	-0.0	0.6	3.2	1.08	0.0	-0.0	0.07					1	0.0	0.0	0.6	0.0	0.0	0.46	0.6	0.0	0.0	77.47					0.0	0.0	-1.2	0.0	0.0	-0.34	-1.2	0.0	0.0	15.79					-0.0	-0.0	0.26	-0.0	-0.0	-0.05	0.26	0.0	0.0	29.0					-0.0	-0.0	0.8699999999999997	-0.0	-0.0	0.44133867867068677	0.8699999999999997	0.0013354684241969556	0.001307662300552348	23.24778550953949				
2025-01-08 08:00:00	4500	3.22	3.12	3.12	3.2	BELL.MI	2.0	2.06	2.0	2.05	2.42	1.84	-1.0	-1.0	-1.0	0	1.0	1.0	1.0	-1.0	1.0	-1.0	3.22									1.0			1.53	2.06									-1.0			1.84	-0.1	-0.1	0.98	-0.03	-0.03	0.55	3.22	0.98	-0.0	-0.0	-6.36					1	0.0	0.0	0.6	0.0	0.0	0.46	0.6	0.0	0.0	77.47					0.1	0.1	-1.1	0.03	0.03	-0.32	-1.1	0.0	0.0	17.1					-0.1	-0.1	0.16	-0.03	-0.03	-0.08	0.16	0.0	0.0	22.09					-0.10000000000000009	-0.10000000000000009	0.7699999999999996	-0.032258064516129004	-0.03174869831458027	0.39629684496222795	0.7699999999999996	0.0009716250897552781	0.0009429440450361426	16.53440746270644				
2025-01-09 08:00:00	7000	3.14	3.12	3.14	3.12	BELL.MI	2.0	2.0	1.99	1.99	2.42	1.84	-1.0	-1.0	-1.0	0	1.0	1.0	1.0	-1.0	1.0	-1.0		3.12								1.0			1.53		1.99								-1.0			1.84	0.08	0.08	1.06	0.03	0.03	0.59	3.22	1.06	-0.0	-0.0	-5.24					1	-0.0	-0.0	0.6	-0.0	-0.0	0.46	0.6	0.0	0.0	77.47					-0.08	-0.08	-1.18	-0.03	-0.03	-0.34	-1.18	0.0	0.0	11.05					0.08	0.08	0.24	0.03	0.03	-0.06	0.24	0.0	0.0	22.91					0.08000000000000007	0.08000000000000007	0.8499999999999996	0.025000000000000022	0.025317807984289897	0.43209932816638763	0.8499999999999996	0.0010406148581377428	0.0010114889329067012	17.428819118267455				
2025-01-10 08:00:00	15500	3.24	3.1	3.12	3.16	BELL.MI	2.0	2.08	1.99	2.02	2.42	1.84	-1.0	-1.0	1.0	0	1.0	1.0	1.0	-1.0	-1.0	1.0	3.24		3.24							1.0			1.53										-1.0			1.84	-0.04	-0.04	1.02	-0.01	-0.01	0.57	3.24	1.02	-0.0	-0.0	-10.05					1	0.0	0.0	0.6	0.0	0.0	0.46	0.6	0.0	0.0	77.47					0.04	0.04	-1.14	0.01	0.01	-0.33	-1.14	0.0	0.0	11.01					-0.04	-0.04	0.2	-0.01	-0.01	-0.07	0.2	0.0	0.0	18.15					-0.040000000000000036	-0.040000000000000036	0.8099999999999996	-0.012820512820512775	-0.012739025777429712	0.41397148856934485	0.8099999999999996	0.000755749451831658	0.0007264610745412181	12.680443877871298				
2025-01-13 08:00:00	22500	3.2	3.08	3.2	3.18	BELL.MI	2.07	2.07	1.99	2.05	2.42	1.84	-1.0	-1.0	1.0	0	1.0	1.0	1.0	-1.0	-1.0	1.0										1.0			1.53	2.07		2.07		2.07					-1.0			1.84	-0.02	-0.02	1.0	-0.01	-0.01	0.56	3.24	1.0	-0.0	-0.0	-14.43					1	0.0	0.0	0.6	0.0	0.0	0.46	0.6	0.0	0.0	77.47					0.02	0.02	-1.12	0.01	0.01	-0.33	-1.12	0.0	0.0	10.5					0.02	0.02	0.22	0.01	0.01	-0.07	0.22	0.0	0.0	17.66					-0.020000000000000018	-0.020000000000000018	0.7899999999999996	-0.006329113924050667	-0.006309169193264756	0.4050785861255124	0.7899999999999996	0.0005002462677133599	0.0004710584014318009	8.477945201567941				
2025-01-14 08:00:00	3500	3.14	3.12	3.12	3.14	BELL.MI	2.0	2.01	2.0	2.01	2.42	1.84	-1.0	-1.0	1.0	0	1.0	1.0	1.0	-1.0	-1.0	1.0		3.12								1.0			1.53										-1.0			1.84	0.04	0.04	1.04	0.01	0.01	0.58	3.24	1.04	-0.0	-0.0	-14.46					1	-0.0	-0.0	0.6	-0.0	-0.0	0.46	0.6	0.0	0.0	77.47					-0.04	-0.04	-1.16	-0.01	-0.01	-0.34	-1.16	0.0	0.0	5.74					-0.04	-0.04	0.18	-0.01	-0.01	-0.08	0.18	0.0	0.0	12.91					0.040000000000000036	0.040000000000000036	0.8299999999999996	0.012578616352201255	0.012658396871923465	0.42297767639462713	0.8299999999999996	0.0004988742231150467	0.00046969561751586397	8.457542628996336				
2025-01-15 08:00:00	1500	3.16	3.16	3.16	3.16	BELL.MI	1.99	1.99	1.99	1.99	2.42	1.84	-1.0	-1.0	1.0	0	1.0	1.0	1.0	-1.0	-1.0	1.0	3.16									1.0			1.53										-1.0			1.84	-0.02	-0.02	1.02	-0.01	-0.01	0.57	3.24	1.02	-0.0	-0.0	-21.02					1	0.0	0.0	0.6	0.0	0.0	0.46	0.6	0.0	0.0	77.47					0.02	0.02	-1.14	0.01	0.01	-0.33	-1.14	0.0	0.0	3.64					0.02	0.02	0.2	0.01	0.01	-0.07	0.2	0.0	0.0	10.88					-0.020000000000000018	-0.020000000000000018	0.8099999999999996	-0.006369426751592355	-0.0063492276786587445	0.4139714885693446	0.8099999999999996	0.00014294834016203607	0.00011458799275998466	2.5137466670439323				
2025-01-16 08:00:00	1500	3.16	3.1	3.16	3.1	BELL.MI	1.98	1.98	1.94	1.94	2.42	1.84	-1.0	-1.0	-1.0	0	1.0	1.0	1.0	-1.0	-1.0	1.0		3.1								1.0			1.53										-1.0			1.84	0.06	0.06	1.08	0.02	0.02	0.6	3.24	1.08	-0.0	-0.0	-23.84					1	-0.0	-0.0	0.6	-0.0	-0.0	0.46	0.6	0.0	0.0	77.47					-0.06	-0.06	-1.2	-0.02	-0.02	-0.34	-1.2	-0.0	-0.0	-4.59					-0.06	-0.06	0.14	-0.02	-0.02	-0.09	0.14	0.0	0.0	2.73					0.06000000000000005	0.06000000000000005	0.8699999999999997	0.01898734177215189	0.01916991610772017	0.44133867867068677	0.8699999999999997	1.4304999451118794e-05	-1.318847603748452e-05	0.26031112675255486				
2025-01-17 08:00:00	5500	3.18	3.1	3.1	3.18	BELL.MI	1.92	1.97	1.92	1.97	2.42	1.84	-1.0	-1.0	-1.0	0	1.0	1.0	1.0	-1.0	-1.0	1.0	3.18									1.0			1.53										-1.0			1.84	-0.08	-0.08	1.0	-0.03	-0.03	0.56	3.24	1.0	-0.0	-0.0	-25.12					1	0.0	0.0	0.6	0.0	0.0	0.46	0.6	0.0	0.0	88.22					0.08	0.08	-1.12	0.03	0.03	-0.33	-1.12	0.0	0.0	0.99					0.08	0.08	0.22	0.03	0.03	-0.07	0.22	0.0	0.0	8.25					-0.08000000000000007	-0.08000000000000007	0.7899999999999996	-0.02580645161290329	-0.025479085300984968	0.4050785861255122	0.7899999999999996	-7.348513296404676e-05	-0.0001017062368346977	-1.3060737466254864				
2025-01-20 08:00:00	19500	3.16	3.08	3.1	3.1	BELL.MI	1.93	1.96	1.92	1.93	2.42	1.84	-1.0	-1.0	-1.0	0	1.0	1.0	1.0	-1.0	-1.0	1.0		3.08		3.08						1.0			1.53		1.92		1.92						-1.0			1.84	0.08	0.08	1.08	0.03	0.03	0.6	3.24	1.08	-0.0	-0.0	-19.01					1	-0.0	-0.0	0.6	-0.0	-0.0	0.46	0.6	0.0	0.0	99.18					-0.08	-0.08	-1.2	-0.03	-0.03	-0.34	-1.2	-0.0	-0.0	-0.64					-0.08	-0.08	0.14	-0.03	-0.03	-0.09	0.14	0.0	0.0	6.58					0.08000000000000007	0.08000000000000007	0.8699999999999997	0.02515723270440251	0.0254790853009849	0.44133867867068677	0.8699999999999997	0.00024655465043806795	0.00021773228313493043	4.252472520949965				
2025-01-21 08:00:00	18500	3.2	3.08	3.2	3.12	BELL.MI	1.99	1.99	1.92	1.94	2.42	1.84	-1.0	-1.0	-1.0	0	1.0	1.0	1.0	-1.0	-1.0	1.0										1.0			1.53										-1.0			1.84	-0.02	-0.02	1.06	-0.01	-0.01	0.59	3.24	1.06	-0.0	-0.0	-23.49					1	0.0	0.0	0.6	0.0	0.0	0.46	0.6	0.0	0.0	92.29					0.02	0.02	-1.18	0.01	0.01	-0.34	-1.18	-0.0	-0.0	-1.14					0.02	0.02	0.16	0.01	0.01	-0.08	0.16	0.0	0.0	6.1					-0.020000000000000018	-0.020000000000000018	0.8499999999999996	-0.006451612903225712	-0.006430890330290332	0.43209932816638763	0.8499999999999996	-1.1311127809179866e-06	-2.9873657710677293e-05	-0.019697530166823185				
2025-01-22 08:00:00	12500	3.18	3.12	3.12	3.16	BELL.MI	1.96	1.99	1.96	1.98	2.42	1.84	-1.0	-1.0	-1.0	0	1.0	1.0	1.0	-1.0	-1.0	1.0	3.18									1.0			1.53	1.99									-1.0			1.84	-0.04	-0.04	1.02	-0.01	-0.01	0.57	3.24	1.02	-0.0	-0.0	-35.54					1	0.0	0.0	0.6	0.0	0.0	0.46	0.6	0.0	0.0	34.67					0.04	0.04	-1.14	0.01	0.01	-0.33	-1.14	-0.0	-0.0	-6.12					0.04	0.04	0.2	0.01	0.01	-0.07	0.2	0.0	0.0	1.27					-0.040000000000000036	-0.040000000000000036	0.8099999999999996	-0.012820512820512775	-0.012739025777429712	0.41397148856934485	0.8099999999999996	-0.0005545316700236746	-0.0005814997033142255	-10.482184240224186				
2025-01-23 08:00:00	9000	3.16	3.12	3.16	3.12	BELL.MI	1.97	1.97	1.94	1.94	2.33	1.84	-1.0	-1.0	-1.0	0	1.0	1.0	1.0	-1.0	-1.0	1.0		3.12								1.0			1.53		1.94								-1.0			1.84	0.04	0.04	1.06	0.01	0.01	0.59	3.24	1.06	-0.0	-0.0	-29.06					1	-0.0	-0.0	0.6	-0.0	-0.0	0.46	0.6	0.0	0.0	63.04					-0.04	-0.04	-1.18	-0.01	-0.01	-0.34	-1.18	-0.0	-0.0	-4.82					-0.04	-0.04	0.16	-0.01	-0.01	-0.08	0.16	0.0	0.0	2.6					0.040000000000000036	0.040000000000000036	0.8499999999999996	0.012658227848101222	0.012739025777429714	0.43209932816638763	0.8499999999999996	-0.0002097248525916996	-0.00023602498572483643	-4.018648908061678				
2025-01-24 08:00:00	3000	3.18	3.14	3.16	3.18	BELL.MI	1.96	1.97	1.95	1.97	2.31	1.84	-1.0	-1.0	-1.0	0	1.0	1.0	1.0	-1.0	-1.0	1.0	3.18									1.0			1.53	1.97									-1.0			1.84	-0.06	-0.06	1.0	-0.02	-0.02	0.56	3.24	1.0	-0.0	-0.0	-29.17					1	0.0	0.0	0.6	0.0	0.0	0.46	0.6	0.0	0.0	86.44					0.06	0.06	-1.12	0.02	0.02	-0.33	-1.12	0.0	0.0	1.39					0.06	0.06	0.22	0.02	0.02	-0.07	0.22	0.0	0.0	8.8					-0.06000000000000005	-0.06000000000000005	0.7899999999999996	-0.019230769230769162	-0.01904819497069441	0.4050785861255124	0.7899999999999996	-0.00021717888775641282	-0.00024353908414320724	-4.1531135239617925				
2025-01-27 08:00:00	1500	3.18	3.14	3.18	3.14	BELL.MI	1.97	1.97	1.95	1.95	2.31	1.84	-1.0	-1.0	-1.0	0	1.0	1.0	1.0	-1.0	-1.0	1.0										1.0			1.53										-1.0			1.84	0.04	0.04	1.04	0.01	0.01	0.58	3.24	1.04	-0.0	-0.0	-22.99					1	-0.0	-0.0	0.6	-0.0	-0.0	0.46	0.6	0.0	0.0	117.27					-0.04	-0.04	-1.16	-0.01	-0.01	-0.34	-1.16	0.0	0.0	2.4					-0.04	-0.04	0.18	-0.01	-0.01	-0.08	0.18	0.0	0.0	9.84					0.040000000000000036	0.040000000000000036	0.8299999999999996	0.012578616352201255	0.012658396871923465	0.42297767639462736	0.8299999999999996	0.00010371640168343717	7.787159769279128e-05	2.002098609364566				
2025-01-28 08:00:00	0	3.14	3.14	3.14	3.14	BELL.MI	1.95	1.95	1.95	1.95	2.31	1.84	-1.0	-1.0	-1.0	0	1.0	1.0	1.0	-1.0	-1.0	1.0		3.14								1.0			1.53		1.95								-1.0			1.84	-0.0	-0.0	1.04	-0.0	-0.0	0.58	3.24	1.04	-0.0	-0.0	-18.35					1	0.0	0.0	0.6	0.0	0.0	0.46	0.6	0.0	0.0	152.77					0.0	0.0	-1.16	0.0	0.0	-0.34	-1.16	0.0	0.0	7.54					0.0	0.0	0.18	0.0	0.0	-0.08	0.18	0.0	0.0	15.04					-0.0	-0.0	0.8299999999999996	-0.0	-0.0	0.42297767639462736	0.8299999999999996	0.0003527241898641049	0.00032787159929670295	7.021550873497588				
2025-01-29 08:00:00	9500	3.22	3.16	3.18	3.22	BELL.MI	1.96	1.99	1.95	1.99	2.31	1.84	-1.0	-1.0	-1.0	0	1.0	1.0	1.0	-1.0	-1.0	1.0										1.0			1.53	1.99		1.99							-1.0			1.84	-0.08	-0.08	0.96	-0.03	-0.03	0.54	3.24	0.96	-0.0	-0.0	-26.4					1	0.0	0.0	0.6	0.0	0.0	0.46	0.6	0.0	0.0	119.57					0.08	0.08	-1.08	0.03	0.03	-0.32	-1.08	0.0	0.0	7.63					0.08	0.08	0.26	0.03	0.03	-0.05	0.26	0.0	0.0	15.12					-0.08000000000000007	-0.08000000000000007	0.7499999999999996	-0.02547770700636942	-0.025158559636154935	0.38762419375128254	0.7499999999999996	-3.607359464763687e-05	-6.109513665897293e-05	-0.7226184144003724				
2025-01-30 08:00:00	107000	3.3	3.02	3.18	3.3	BELL.MI	1.96	2.04	1.86	2.04	2.31	1.84	-1.0	-1.0	-1.0	1	1.0	1.0	1.0	-1.0	-1.0	1.0	3.3		3.3							1.0			1.53										-1.0			1.84	-0.08	-0.08	0.88	-0.02	-0.02	0.51	3.3	0.88	-0.0	-0.0	-33.64					1	0.0	0.0	0.6	0.0	0.0	0.46	0.6	0.0	0.0	83.6					0.08	0.08	-1.0	0.02	0.02	-0.3	-1.0	0.0	0.0	8.27					0.08	0.08	0.34	0.02	0.02	-0.03	0.34	0.0	0.0	15.74					-0.07999999999999963	-0.07999999999999963	0.6699999999999999	-0.024844720496894235	-0.024541108916117445	0.3539848193573123	0.6699999999999999	-0.0003868614121537678	-0.0004122371733339403	-7.7403929482636045				
2025-01-31 08:00:00	89500	3.4	3.04	3.36	3.14	BELL.MI	2.07	2.1	1.87	1.93	2.31	1.84	-1.0	-1.0	1.0	1	1.0	1.0	1.0	-1.0	-1.0	1.0										1.0			1.53										-1.0			1.84	0.16	0.16	1.04	0.05	0.05	0.58	3.4	1.04	-0.0	-0.0	-22.11					1	-0.16	-0.16	0.44	-0.05	-0.05	0.39	0.44	0.0	0.0	57.63					-0.16	-0.16	-1.16	-0.05	-0.05	-0.34	-1.16	0.0	0.0	5.74					-0.16	-0.16	0.18	-0.05	-0.05	-0.08	0.18	0.0	0.0	13.15					0.1599999999999997	0.1599999999999997	0.8299999999999996	0.04848484848484835	0.04969966855227241	0.42297767639462736	0.8299999999999996	0.00013932462631889705	0.00011314752747759727	2.652592566006959				
2025-02-03 08:00:00	16000	3.18	3.08	3.08	3.18	BELL.MI	1.91	1.97	1.91	1.97	2.31	1.84	-1.0	-1.0	1.0	1	1.0	1.0	1.0	-1.0	-1.0	1.0										1.0			1.53										-1.0			1.84	-0.04	-0.04	1.0	-0.01	-0.01	0.56	3.4	1.0	-0.0	-0.0	-27.39					1	0.04	0.04	0.48	0.01	0.01	0.4	0.48	0.0	0.0	59.28					0.04	0.04	-1.12	0.01	0.01	-0.33	-1.12	0.0	0.0	5.8					0.04	0.04	0.22	0.01	0.01	-0.07	0.22	0.0	0.0	13.22					-0.040000000000000036	-0.040000000000000036	0.7899999999999996	-0.01273885350318471	-0.012658396871923465	0.4050785861255126	0.7899999999999996	-0.00012919715267512835	-0.00015551771342647847	-2.4666554715760896				
2025-02-04 08:00:00	2000	3.16	3.12	3.16	3.16	BELL.MI	1.93	1.93	1.91	1.93	2.26	1.84	-1.0	-1.0	1.0	1	1.0	1.0	1.0	-1.0	-1.0	1.0										1.0			1.53		1.91								-1.0			1.84	0.02	0.02	1.02	0.01	0.01	0.57	3.4	1.02	-0.0	-0.0	-22.9					1	-0.02	-0.02	0.46	-0.01	-0.01	0.4	0.46	0.0	0.0	64.57					-0.02	-0.02	-1.14	-0.01	-0.01	-0.33	-1.14	0.0	0.0	6.34					-0.02	-0.02	0.2	-0.01	-0.01	-0.07	0.2	0.0	0.0	13.77					0.020000000000000018	0.020000000000000018	0.8099999999999996	0.0062893081761006275	0.00630916919326472	0.41397148856934485	0.8099999999999996	0.00010458759830865756	7.858852621334123e-05	2.0069085182944377				
2025-02-05 08:00:00	2500	3.18	3.12	3.16	3.16	BELL.MI	1.94	1.95	1.92	1.94	2.22	1.84	-1.0	-1.0	1.0	1	1.0	1.0	1.0	-1.0	-1.0	1.0										1.0			1.53	1.95									-1.0			1.84	-0.0	-0.0	1.02	-0.0	-0.0	0.57	3.4	1.02	-0.0	-0.0	-18.26					1	0.0	0.0	0.46	0.0	0.0	0.4	0.46	0.0	0.0	104.85					0.0	0.0	-1.14	0.0	0.0	-0.33	-1.14	0.0	0.0	11.56					0.0	0.0	0.2	0.0	0.0	-0.07	0.2	0.0	0.0	19.04					-0.0	-0.0	0.8099999999999996	-0.0	-0.0	0.41397148856934485	0.8099999999999996	0.00035466230745314796	0.00032966403594025806	7.0188401697489695				
2025-02-06 08:00:00	4000	3.16	3.1	3.1	3.16	BELL.MI	1.88	1.91	1.88	1.91	2.22	1.84	-1.0	-1.0	1.0	1	1.0	1.0	1.0	-1.0	-1.0	1.0										1.0			1.53										-1.0			1.84	-0.0	-0.0	1.02	-0.0	-0.0	0.57	3.4	1.02	-0.0	-0.0	-18.26					1	0.0	0.0	0.46	0.0	0.0	0.4	0.46	0.0	0.0	104.85					0.0	0.0	-1.14	0.0	0.0	-0.33	-1.14	0.0	0.0	11.56					0.0	0.0	0.2	0.0	0.0	-0.07	0.2	0.0	0.0	19.04					-0.0	-0.0	0.8099999999999996	-0.0	-0.0	0.41397148856934485	0.8099999999999996	0.00035466230745314796	0.00032966403594025806	7.0188401697489695				
2025-02-07 08:00:00	3000	3.14	3.1	3.1	3.14	BELL.MI	1.88	1.9	1.88	1.9	2.22	1.84	-1.0	-1.0	1.0	1	1.0	1.0	1.0	-1.0	-1.0	1.0										1.0			1.53										-1.0			1.84	0.02	0.02	1.04	0.01	0.01	0.58	3.4	1.04	-0.0	-0.0	-18.23					1	-0.02	-0.02	0.44	-0.01	-0.01	0.39	0.44	0.0	0.0	67.07					-0.02	-0.02	-1.16	-0.01	-0.01	-0.34	-1.16	0.0	0.0	7.53					-0.02	-0.02	0.18	-0.01	-0.01	-0.08	0.18	0.0	0.0	15.01					0.020000000000000018	0.020000000000000018	0.8299999999999996	0.006329113924050667	0.00634922767865878	0.42297767639462736	0.8299999999999996	0.0003557758714475474	0.000330770780466505	7.038760004686097				
2025-02-10 08:00:00	33500	3.14	3.0	3.14	3.02	BELL.MI	1.89	1.89	1.81	1.82	2.22	1.81	-1.0	-1.0	-1.0	0	-1.0	1.0	-1.0	-1.0	-1.0	1.0										1.0			1.53										-1.0			1.84	0.12	0.12	1.16	0.04	0.04	0.65	3.4	1.16	-0.0	-0.0	-10.26					1	-0.12	-0.12	0.32	-0.04	-0.04	0.33	0.32	0.0	0.0	35.39					-0.12	-0.12	-1.28	-0.04	-0.04	-0.36	-1.28	0.0	0.0	4.37					-0.12	-0.12	0.06	-0.04	-0.04	-0.11	0.06	0.0	0.0	11.79					0.1200000000000001	0.1200000000000001	0.9499999999999997	0.03821656050955413	0.03896596853338372	0.4795198357215662	0.9499999999999997	0.000750396575962182	0.0007243934692995335	14.117406933278119				
2025-02-11 08:00:00	14000	3.06	2.94	3.02	3.06	BELL.MI	1.81	1.83	1.76	1.83	2.22	1.76	-1.0	-1.0	-1.0	0	-1.0	1.0	-1.0	-1.0	-1.0	1.0		2.94		2.94						1.0			1.53		1.76		1.76						-1.0			1.84	-0.04	-0.04	1.12	-0.01	-0.01	0.63	3.4	1.12	-0.0	-0.0	-14.04					1	0.0	0.0	0.32	0.0	0.0	0.33	0.32	0.0	0.0	35.39					-0.04	-0.04	-1.32	-0.01	-0.01	-0.37	-1.32	0.0	-0.0	0.46					0.04	0.04	0.1	0.01	0.01	-0.1	0.1	0.0	0.0	12.97					-0.040000000000000036	-0.040000000000000036	0.9099999999999997	-0.013245033112582849	-0.0131580845775112	0.4601797071500424	0.9099999999999997	0.0005477637503743622	0.0005211264431224105	10.13253735489377				
2025-02-12 08:00:00	500	3.08	3.08	3.08	3.08	BELL.MI	1.84	1.84	1.84	1.84	2.22	1.76	-1.0	-1.0	-1.0	0	-1.0	1.0	-1.0	-1.0	-1.0	1.0										1.0			1.53	1.84									-1.0			1.84	-0.02	-0.02	1.1	-0.01	-0.01	0.61	3.4	1.1	-0.0	-0.0	-17.26					1	0.0	0.0	0.32	0.0	0.0	0.33	0.32	0.0	0.0	35.39					-0.02	-0.02	-1.34	-0.01	-0.01	-0.37	-1.34	-0.0	-0.0	-2.82					0.02	0.02	0.12	0.01	0.01	-0.09	0.12	0.0	0.0	13.54					-0.020000000000000018	-0.020000000000000018	0.8899999999999997	-0.006535947712418277	-0.006514681021193672	0.45069802073997733	0.8899999999999997	0.0003717302835188397	0.0003447148203332695	6.819689157618079				
2025-02-13 08:00:00	12000	3.12	3.04	3.1	3.12	BELL.MI	1.84	1.85	1.8	1.85	2.22	1.76	-1.0	-1.0	-1.0	0	-1.0	1.0	-1.0	-1.0	-1.0	1.0										1.0			1.53										-1.0			1.84	-0.04	-0.04	1.06	-0.01	-0.01	0.59	3.4	1.06	-0.0	-0.0	-23.15					1	0.0	0.0	0.32	0.0	0.0	0.33	0.32	-0.0	-0.0	-29.55					-0.04	-0.04	-1.38	-0.01	-0.01	-0.38	-1.38	-0.0	-0.0	-8.49					0.04	0.04	0.16	0.01	0.01	-0.08	0.16	0.0	0.0	13.07					-0.040000000000000036	-0.040000000000000036	0.8499999999999996	-0.012987012987013102	-0.012903404835908001	0.43209932816638763	0.8499999999999996	6.472436061778167e-05	3.778473909288316e-05	1.2003711700003805				
2025-02-14 08:00:00	3500	3.1	3.08	3.08	3.1	BELL.MI	1.82	1.83	1.82	1.83	2.2	1.76	-1.0	-1.0	-1.0	0	-1.0	1.0	-1.0	-1.0	-1.0	1.0										1.0			1.53		1.82								-1.0			1.84	0.02	0.02	1.08	0.01	0.01	0.6	3.4	1.08	-0.0	-0.0	-18.73					1	-0.0	-0.0	0.32	-0.0	-0.0	0.33	0.32	0.0	-0.0	0.26					0.02	0.02	-1.36	0.01	0.01	-0.38	-1.36	-0.0	-0.0	-4.08					-0.02	-0.02	0.14	-0.01	-0.01	-0.09	0.14	0.0	0.0	13.62					0.020000000000000018	0.020000000000000018	0.8699999999999997	0.0064102564102563875	0.0064308903302904025	0.44133867867068677	0.8699999999999997	0.00030187231316137174	0.00027526288015589095	5.630613820074558				
2025-02-17 08:00:00	500	3.12	3.12	3.12	3.12	BELL.MI	1.83	1.83	1.83	1.83	2.17	1.76	-1.0	-1.0	-1.0	0	-1.0	1.0	-1.0	-1.0	-1.0	1.0										1.0			1.53										-1.0			1.84	-0.02	-0.02	1.06	-0.01	-0.01	0.59	3.4	1.06	-0.0	-0.0	-16.87					1	0.0	0.0	0.32	0.0	0.0	0.33	0.32	0.0	0.0	52.51					-0.02	-0.02	-1.38	-0.01	-0.01	-0.38	-1.38	-0.0	-0.0	-1.93					0.02	0.02	0.16	0.01	0.01	-0.08	0.16	0.0	0.0	20.05					-0.020000000000000018	-0.020000000000000018	0.8499999999999996	-0.006451612903225712	-0.006430890330290332	0.43209932816638785	0.8499999999999996	0.0004106591339391942	0.0003849411982872475	7.906417466812698				
2025-02-18 08:00:00	11000	3.2	3.08	3.08	3.2	BELL.MI	1.8	1.87	1.8	1.87	2.17	1.76	-1.0	-1.0	-1.0	0	-1.0	1.0	-1.0	-1.0	-1.0	1.0										1.0			1.53										-1.0			1.84	-0.08	-0.08	0.98	-0.03	-0.03	0.55	3.4	0.98	-0.0	-0.0	-17.34					1	0.0	0.0	0.32	0.0	0.0	0.33	0.32	0.0	0.0	96.85					-0.08	-0.08	-1.46	-0.03	-0.03	-0.4	-1.46	-0.0	-0.0	-2.48					0.08	0.08	0.24	0.03	0.03	-0.06	0.24	0.0	0.0	26.95					-0.08000000000000007	-0.08000000000000007	0.7699999999999996	-0.025641025641025772	-0.025317807984290005	0.39629684496222795	0.7699999999999996	0.0003836084096822869	0.0003576702256413711	7.326936408099783				
2025-02-19 08:00:00	11500	3.2	3.12	3.18	3.18	BELL.MI	1.86	1.88	1.83	1.86	2.17	1.76	-1.0	-1.0	-1.0	0	-1.0	1.0	-1.0	-1.0	-1.0	1.0	3.2									1.0			1.53	1.88		1.88							-1.0			1.84	0.02	0.02	1.0	0.01	0.01	0.56	3.4	1.0	-0.0	-0.0	-17.36					1	-0.0	-0.0	0.32	-0.0	-0.0	0.33	0.32	0.0	0.0	96.85					0.02	0.02	-1.44	0.01	0.01	-0.39	-1.44	-0.0	-0.0	-2.5					-0.02	-0.02	0.22	-0.01	-0.01	-0.07	0.22	0.0	0.0	22.99					0.020000000000000018	0.020000000000000018	0.7899999999999996	0.006249999999999978	0.006269613013595373	0.4050785861255122	0.7899999999999996	0.0003827052567087945	0.00035677282066060023	7.31142907672195				
2025-02-20 08:00:00	10000	3.16	3.12	3.14	3.16	BELL.MI	1.84	1.86	1.83	1.86	2.17	1.76	-1.0	-1.0	-1.0	0	-1.0	1.0	-1.0	-1.0	-1.0	1.0										1.0			1.53										-1.0			1.84	0.02	0.02	1.02	0.01	0.01	0.57	3.4	1.02	-0.0	-0.0	-12.28					1	-0.0	-0.0	0.32	-0.0	-0.0	0.33	0.32	0.0	0.0	96.85					0.02	0.02	-1.42	0.01	0.01	-0.39	-1.42	0.0	0.0	2.69					-0.02	-0.02	0.2	-0.01	-0.01	-0.07	0.2	0.0	0.0	24.45					0.020000000000000018	0.020000000000000018	0.8099999999999996	0.0062893081761006275	0.00630916919326472	0.4139714885693446	0.8099999999999996	0.0006471908508117871	0.000621861580344607	12.565344034817343				
2025-02-21 08:00:00	7500	3.16	3.06	3.16	3.1	BELL.MI	1.85	1.85	1.79	1.81	2.17	1.76	-1.0	-1.0	-1.0	0	-1.0	1.0	-1.0	-1.0	-1.0	1.0										1.0			1.53										-1.0			1.84	0.06	0.06	1.08	0.02	0.02	0.6	3.4	1.08	-0.0	-0.0	-5.65					1	-0.0	-0.0	0.32	-0.0	-0.0	0.33	0.32	0.0	0.0	96.85					0.06	0.06	-1.36	0.02	0.02	-0.38	-1.36	0.0	0.0	9.25					-0.06	-0.06	0.14	-0.02	-0.02	-0.09	0.14	0.0	0.0	24.52					0.06000000000000005	0.06000000000000005	0.8699999999999997	0.01898734177215189	0.01916991610772017	0.44133867867068677	0.8699999999999997	0.0009852620677299829	0.0009601136756454132	19.108138449680006				
2025-02-24 08:00:00	11500	3.08	3.04	3.06	3.08	BELL.MI	1.79	1.8	1.78	1.8	2.17	1.76	-1.0	-1.0	-1.0	0	-1.0	1.0	-1.0	-1.0	-1.0	1.0		3.04								1.0			1.53		1.78								-1.0			1.84	0.02	0.02	1.1	0.01	0.01	0.61	3.4	1.1	0.0	0.0	1.68					1	-0.0	-0.0	0.32	-0.0	-0.0	0.33	0.32	0.0	0.0	96.85					0.02	0.02	-1.34	0.01	0.01	-0.37	-1.34	0.0	0.0	17.1					-0.02	-0.02	0.12	-0.01	-0.01	-0.09	0.12	0.0	0.0	28.62					0.020000000000000018	0.020000000000000018	0.8899999999999997	0.006451612903225823	0.006472514505617479	0.4506980207399771	0.8899999999999997	0.0007860350836450835	0.0007620711098070831	16.02879440419178				
2025-02-25 08:00:00	33500	3.2	3.1	3.1	3.2	BELL.MI	1.8	1.86	1.8	1.86	2.17	1.76	-1.0	-1.0	-1.0	0	-1.0	1.0	-1.0	-1.0	-1.0	1.0										1.0			1.53	1.86									-1.0			1.84	-0.12	-0.12	0.98	-0.04	-0.04	0.55	3.4	0.98	-0.0	-0.0	-7.75					1	0.0	0.0	0.32	0.0	0.0	0.33	0.32	0.0	0.0	96.85					-0.12	-0.12	-1.46	-0.04	-0.04	-0.4	-1.46	0.0	0.0	7.54					0.12	0.12	0.24	0.04	0.04	-0.06	0.24	0.0	0.0	29.47					-0.1200000000000001	-0.1200000000000001	0.7699999999999996	-0.038961038961039085	-0.03822121282019788	0.3962968449622277	0.7699999999999996	0.0007405816813903332	0.0007162449679383176	14.882672239282932				
2025-02-26 08:00:00	34000	3.34	3.1	3.22	3.12	BELL.MI	1.84	1.91	1.78	1.79	2.17	1.76	-1.0	-1.0	-1.0	0	-1.0	1.0	-1.0	-1.0	-1.0	1.0	3.34		3.34		3.34					-1.0			3.34										-1.0			1.84	0.08	0.08	1.06	0.03	0.03	0.59	3.4	1.06	-0.0	-0.0	-1.55					1	-0.0	-0.0	0.32	-0.0	-0.0	0.33	0.32	0.0	0.0	96.85					0.08	0.08	-1.38	0.03	0.03	-0.38	-1.38	0.0	0.0	13.41					-0.08	-0.08	0.16	-0.03	-0.03	-0.08	0.16	0.0	0.0	27.21					0.08000000000000007	0.08000000000000007	0.8499999999999996	0.025000000000000022	0.025317807984289897	0.4320993281663874	0.8499999999999996	0.0008481027831840175	0.0008231254796382537	16.582869505292436				
2025-02-27 08:00:00	5500	3.16	3.1	3.16	3.14	BELL.MI	1.84	1.84	1.8	1.83	2.17	1.76	-1.0	-1.0	-1.0	0	-1.0	1.0	-1.0	-1.0	-1.0	1.0		3.1								-1.0			3.34		1.8								-1.0			1.84	-0.02	-0.02	1.04	-0.01	-0.01	0.58	3.4	1.04	-0.0	-0.0	-0.87					1	0.0	0.0	0.32	0.0	0.0	0.33	0.32	0.0	0.0	96.85					-0.02	-0.02	-1.4	-0.01	-0.01	-0.39	-1.4	0.0	0.0	14.2					0.02	0.02	0.18	0.01	0.01	-0.08	0.18	0.0	0.0	32.17					-0.020000000000000018	-0.020000000000000018	0.8299999999999996	-0.0064102564102563875	-0.006389798098770988	0.42297767639462713	0.8299999999999996	0.0005993907528255259	0.0005745143535467179	11.85698210903712				
2025-02-28 08:00:00	4500	3.2	3.1	3.2	3.14	BELL.MI	1.86	1.86	1.8	1.83	2.17	1.76	-1.0	-1.0	-1.0	0	-1.0	1.0	-1.0	-1.0	-1.0	1.0	3.2									-1.0			3.34	1.86									-1.0			1.84	-0.0	-0.0	1.04	-0.0	-0.0	0.58	3.34	1.04	-0.0	-0.0	-1.59					1	0.0	0.0	0.32	0.0	0.0	0.33	0.32	0.0	0.0	96.85					-0.0	-0.0	-1.4	-0.0	-0.0	-0.39	-1.4	0.0	0.0	13.58					0.0	0.0	0.18	0.0	0.0	-0.08	0.18	0.0	0.0	31.66					-0.0	-0.0	0.8299999999999996	-0.0	-0.0	0.42297767639462713	0.8299999999999996	0.0007706784269004402	0.0007461920452214166	15.385992730054369				
2025-03-03 08:00:00	12000	3.18	3.08	3.16	3.12	BELL.MI	1.82	1.83	1.77	1.79	2.17	1.76	-1.0	-1.0	-1.0	0	-1.0	1.0	-1.0	-1.0	-1.0	1.0										-1.0			3.34										-1.0			1.84	0.02	0.02	1.06	0.01	0.01	0.59	3.34	1.06	0.0	0.0	4.65					1	-0.0	-0.0	0.32	-0.0	-0.0	0.33	0.32	0.0	0.0	96.85					0.02	0.02	-1.38	0.01	0.01	-0.38	-1.38	0.0	0.0	20.16					-0.02	-0.02	0.16	-0.01	-0.01	-0.08	0.16	0.0	0.0	34.42					0.020000000000000018	0.020000000000000018	0.8499999999999996	0.006369426751592355	0.00638979809877101	0.4320993281663874	0.8499999999999996	0.0006466177840522731	0.0006228624977426822	13.33339901305763				
2025-03-04 08:00:00	14000	3.06	2.98	3.06	2.98	BELL.MI	1.82	1.82	1.77	1.77	2.17	1.76	-1.0	-1.0	-1.0	0	-1.0	1.0	-1.0	-1.0	-1.0	1.0		2.98								-1.0			3.34										-1.0			1.84	0.14	0.14	1.2	0.04	0.05	0.67	3.34	1.2	0.0	0.0	6.45					1	-0.0	-0.0	0.32	-0.0	-0.0	0.33	0.32	0.0	0.0	96.85					0.14	0.14	-1.24	0.04	0.05	-0.35	-1.24	0.0	0.0	21.7					-0.14	-0.14	0.02	-0.04	-0.05	-0.12	0.02	0.0	0.0	23.66					0.14000000000000012	0.14000000000000012	0.9899999999999998	0.044871794871794934	0.04590970130407797	0.4993791623755466	0.9899999999999998	0.0011709765511220506	0.0011467779790887977	23.428693002194258				
2025-03-05 08:00:00	1000	3.04	3.02	3.02	3.04	BELL.MI	1.76	1.77	1.76	1.77	2.17	1.76	-1.0	-1.0	-1.0	0	-1.0	1.0	-1.0	-1.0	-1.0	1.0	3.04									-1.0			3.34										-1.0			1.84	-0.06	-0.06	1.14	-0.02	-0.02	0.64	3.34	1.14	-0.0	-0.0	-6.35					1	0.0	0.0	0.32	0.0	0.0	0.33	0.32	0.0	0.0	96.85					-0.06	-0.06	-1.3	-0.02	-0.02	-0.37	-1.3	0.0	0.0	9.78					0.06	0.06	0.08	0.02	0.02	-0.11	0.08	0.0	0.0	18.86					-0.06000000000000005	-0.06000000000000005	0.9299999999999997	-0.020134228187919545	-0.01993421490081733	0.4697861525918188	0.9299999999999997	0.0013870669229525839	0.0013646448552326884	29.953340924447623				
2025-03-06 08:00:00	29000	3.08	2.92	2.98	2.96	BELL.MI	1.73	1.78	1.69	1.72	2.17	1.69	-1.0	-1.0	-1.0	-1	-1.0	1.0	-1.0	-1.0	-1.0	1.0		2.92								-1.0			3.34		1.69								-1.0			1.84	0.08	0.08	1.22	0.03	0.03	0.68	3.34	1.22	0.0	0.0	1.62					1	-0.0	-0.0	0.32	-0.0	-0.0	0.33	0.32	0.0	0.0	96.85					0.08	0.08	-1.22	0.03	0.03	-0.35	-1.22	0.0	0.0	17.58					-0.08	-0.08	-0.0	-0.03	-0.03	-0.13	-0.0	0.0	0.0	18.02					0.08000000000000007	0.08000000000000007	1.0099999999999998	0.02631578947368418	0.026668247082161294	0.5095101026618678	1.0099999999999998	0.0014305796834227298	0.0014079148049077617	30.569468532810156				
2025-03-07 08:00:00	12000	3.04	2.9	3.0	3.04	BELL.MI	1.75	1.77	1.69	1.77	2.17	1.69	-1.0	-1.0	-1.0	-1	-1.0	1.0	-1.0	-1.0	-1.0	1.0										-1.0			3.34										-1.0			1.84	-0.08	-0.08	1.14	-0.03	-0.03	0.64	3.34	1.14	0.0	0.0	1.59					1	-0.08	-0.08	0.24	-0.03	-0.03	0.3	0.24	0.0	0.0	43.77					-0.08	-0.08	-1.3	-0.03	-0.03	-0.37	-1.3	0.0	0.0	17.53					0.08	0.08	0.08	0.03	0.03	-0.11	0.08	0.0	0.0	26.55					-0.08000000000000007	-0.08000000000000007	0.9299999999999997	-0.027027027027026973	-0.026668247082161273	0.4697861525918188	0.9299999999999997	0.0010290573196396467	0.0010062164410764574	21.961759277777332				
2025-03-10 08:00:00	0	3.04	3.04	3.04	3.04	BELL.MI	1.79	1.79	1.79	1.79	2.17	1.69	-1.0	-1.0	-1.0	-1	-1.0	1.0	-1.0	-1.0	-1.0	1.0	3.04									-1.0			3.34										-1.0			1.84	-0.0	-0.0	1.14	-0.0	-0.0	0.64	3.34	1.14	0.0	0.0	1.59					1	-0.0	-0.0	0.24	-0.0	-0.0	0.3	0.24	0.0	0.0	43.77					-0.0	-0.0	-1.3	-0.0	-0.0	-0.37	-1.3	0.0	0.0	17.53					0.0	0.0	0.08	0.0	0.0	-0.11	0.08	0.0	0.0	26.55					-0.0	-0.0	0.9299999999999997	-0.0	-0.0	0.4697861525918188	0.9299999999999997	0.001029057319639647	0.0010062164410764574	21.961759277777332				
2025-03-11 08:00:00	2500	3.06	2.98	2.98	3.0	BELL.MI	1.78	1.82	1.78	1.79	2.17	1.69	-1.0	-1.0	-1.0	-1	-1.0	1.0	-1.0	-1.0	-1.0	1.0										-1.0			3.34	1.82									-1.0			1.84	0.04	0.04	1.18	0.01	0.01	0.66	3.34	1.18	0.0	0.0	3.03					1	0.04	0.04	0.28	0.01	0.01	0.32	0.28	0.0	0.0	88.46					0.04	0.04	-1.26	0.01	0.01	-0.36	-1.26	0.0	0.0	18.75					-0.04	-0.04	0.04	-0.01	-0.01	-0.12	0.04	0.0	0.0	22.05					0.040000000000000036	0.040000000000000036	0.9699999999999998	0.013157894736842146	0.01324522675002068	0.4893833012930431	0.9699999999999998	0.0011058796347897673	0.001082596131191771	23.148993068189178				
2025-03-12 08:00:00	3500	3.04	2.96	2.96	2.98	BELL.MI	1.74	1.78	1.74	1.75	2.17	1.69	-1.0	-1.0	-1.0	-1	-1.0	1.0	-1.0	-1.0	-1.0	1.0										-1.0			3.34										-1.0			1.84	0.02	0.02	1.2	0.01	0.01	0.67	3.34	1.2	0.0	0.0	2.32					1	0.02	0.02	0.3	0.01	0.01	0.32	0.3	0.0	0.0	105.72					0.02	0.02	-1.24	0.01	0.01	-0.35	-1.24	0.0	0.0	18.16					-0.02	-0.02	0.02	-0.01	-0.01	-0.12	0.02	0.0	0.0	17.13					0.020000000000000018	0.020000000000000018	0.9899999999999998	0.00666666666666671	0.006688988150796652	0.4993791623755468	0.9899999999999998	0.0013378850489032734	0.001314984106134176	28.27897038357849				
2025-03-13 08:00:00	5500	2.94	2.94	2.94	2.94	BELL.MI	1.74	1.74	1.74	1.74	2.17	1.69	-1.0	-1.0	-1.0	-1	-1.0	1.0	-1.0	-1.0	-1.0	1.0										-1.0			3.34										-1.0			1.84	0.04	0.04	1.24	0.01	0.01	0.69	3.34	1.24	0.0	0.0	7.34					1	0.04	0.04	0.34	0.01	0.01	0.34	0.34	0.0	0.0	133.39					0.04	0.04	-1.2	0.01	0.01	-0.34	-1.2	0.0	0.0	23.07					-0.04	-0.04	-0.02	-0.01	-0.01	-0.14	-0.02	0.0	0.0	16.36					0.040000000000000036	0.040000000000000036	1.0299999999999998	0.01342281879194629	0.01351371916672282	0.519778878870452	1.0299999999999998	0.0013786719562019602	0.0013555410406684842	28.855246178611672				
2025-03-14 08:00:00	3000	2.96	2.9	2.96	2.94	BELL.MI	1.72	1.72	1.69	1.71	2.17	1.69	-1.0	-1.0	-1.0	-1	-1.0	1.0	-1.0	-1.0	-1.0	1.0		2.9		2.9						-1.0			3.34		1.69								-1.0			1.84	-0.0	-0.0	1.24	-0.0	-0.0	0.69	3.34	1.24	0.0	0.0	6.66					1	-0.0	-0.0	0.34	-0.0	-0.0	0.34	0.34	0.0	0.0	133.39					-0.0	-0.0	-1.2	-0.0	-0.0	-0.34	-1.2	0.0	0.0	22.49					0.0	0.0	-0.02	0.0	0.0	-0.14	-0.02	0.0	0.0	15.71					-0.0	-0.0	1.0299999999999998	-0.0	-0.0	0.519778878870452	1.0299999999999998	0.0015433453263297048	0.0015206144319985793	32.61941713316783				
2025-03-17 08:00:00	8500	3.08	2.94	2.94	3.08	BELL.MI	1.69	1.77	1.69	1.77	2.17	1.69	-1.0	-1.0	-1.0	-1	-1.0	1.0	-1.0	-1.0	-1.0	1.0	3.08		3.08							-1.0			3.34	1.77									-1.0			1.84	-0.14	-0.14	1.1	-0.05	-0.05	0.61	3.34	1.1	0.0	0.0	6.0					1	-0.14	-0.14	0.2	-0.05	-0.05	0.28	0.2	0.0	0.0	75.07					-0.14	-0.14	-1.34	-0.05	-0.05	-0.37	-1.34	0.0	0.0	21.72					0.14	0.14	0.12	0.05	0.05	-0.09	0.12	0.0	0.0	27.62					-0.14000000000000012	-0.14000000000000012	0.8899999999999997	-0.04761904761904767	-0.04652001563489291	0.4506980207399771	0.8899999999999997	0.000977386691713598	0.0009542583636872326	20.489743337677602				
2025-03-18 08:00:00	8500	3.08	2.98	3.08	3.04	BELL.MI	1.75	1.75	1.69	1.73	2.17	1.69	-1.0	-1.0	-1.0	-1	-1.0	1.0	-1.0	-1.0	-1.0	1.0										-1.0			3.34										-1.0			1.84	0.04	0.04	1.14	0.01	0.01	0.64	3.34	1.14	0.0	0.0	6.64					1	0.04	0.04	0.24	0.01	0.01	0.3	0.24	0.0	0.0	96.64					0.04	0.04	-1.3	0.01	0.01	-0.37	-1.3	0.0	0.0	22.27					-0.04	-0.04	0.08	-0.01	-0.01	-0.11	0.08	0.0	0.0	22.54					0.040000000000000036	0.040000000000000036	0.9299999999999997	0.012987012987012991	0.013072081567352775	0.4697861525918188	0.9299999999999997	0.0012213582186482099	0.0011982049025833774	25.351409151043974				
2025-03-19 08:00:00	22500	3.04	2.94	3.04	3.0	BELL.MI	1.72	1.72	1.66	1.7	2.17	1.66	-1.0	-1.0	-1.0	-1	-1.0	1.0	-1.0	-1.0	-1.0	1.0										-1.0			3.34		1.66		1.66		1.66				-1.0			1.84	0.04	0.04	1.18	0.01	0.01	0.66	3.34	1.18	0.0	0.0	5.93					1	0.04	0.04	0.28	0.01	0.01	0.32	0.28	0.0	0.0	113.87					0.04	0.04	-1.26	0.01	0.01	-0.36	-1.26	0.0	0.0	21.66					-0.04	-0.04	0.04	-0.01	-0.01	-0.12	0.04	0.0	0.0	16.26					0.040000000000000036	0.040000000000000036	0.9699999999999998	0.013157894736842146	0.01324522675002068	0.4893833012930431	0.9699999999999998	0.001519804449260254	0.0014970859454643826	31.846202334489853				
2025-03-20 08:00:00	3500	3.0	2.96	2.98	2.96	BELL.MI	1.71	1.72	1.7	1.7	2.17	1.66	-1.0	-1.0	-1.0	-1	-1.0	1.0	-1.0	-1.0	-1.0	1.0		2.96								-1.0			3.34										-1.0			1.84	0.04	0.04	1.22	0.01	0.01	0.68	3.34	1.22	0.0	0.0	10.89					1	0.04	0.04	0.32	0.01	0.01	0.33	0.32	0.0	0.0	127.96					0.04	0.04	-1.22	0.01	0.01	-0.35	-1.22	0.0	0.0	26.53					-0.04	-0.04	-0.0	-0.01	-0.01	-0.13	-0.0	0.0	0.0	15.51					0.040000000000000036	0.040000000000000036	1.0099999999999998	0.013333333333333308	0.013423020332140661	0.509510102661868	1.0099999999999998	0.0015608820455664516	0.0015379422583092772	32.391202686972385				
2025-03-21 08:00:00	5500	3.0	2.92	2.92	3.0	BELL.MI	1.68	1.73	1.68	1.73	2.17	1.66	-1.0	-1.0	-1.0	-1	-1.0	1.0	-1.0	-1.0	-1.0	1.0										-1.0			3.34										-1.0			1.84	-0.04	-0.04	1.18	-0.01	-0.01	0.66	3.34	1.18	0.0	0.0	5.92					1	-0.04	-0.04	0.28	-0.01	-0.01	0.32	0.28	0.0	0.0	107.18					-0.04	-0.04	-1.26	-0.01	-0.01	-0.36	-1.26	0.0	0.0	21.44					0.04	0.04	0.04	0.01	0.01	-0.12	0.04	0.0	0.0	16.14					-0.040000000000000036	-0.040000000000000036	0.9699999999999998	-0.013513513513513598	-0.013423020332140769	0.48938330129304286	0.9699999999999998	0.0015346193200592097	0.001511455623207647	31.538766238217626				
2025-03-24 08:00:00	5000	3.06	3.0	3.0	3.0	BELL.MI	1.73	1.76	1.73	1.73	2.17	1.66	-1.0	-1.0	-1.0	-1	-1.0	1.0	-1.0	-1.0	-1.0	1.0	3.06									-1.0			3.34	1.76									-1.0			1.84	-0.0	-0.0	1.18	-0.0	-0.0	0.66	3.34	1.18	0.0	0.0	0.92					1	-0.0	-0.0	0.28	-0.0	-0.0	0.32	0.28	0.0	0.0	107.18					-0.0	-0.0	-1.26	-0.0	-0.0	-0.36	-1.26	0.0	0.0	17.21					0.0	0.0	0.04	0.0	0.0	-0.12	0.04	0.0	0.0	11.57					-0.0	-0.0	0.9699999999999998	-0.0	-0.0	0.48938330129304286	0.9699999999999998	0.0018474501100951188	0.0018259900922017458	40.62418197401749				
2025-03-25 08:00:00	10500	2.98	2.92	2.98	2.96	BELL.MI	1.7	1.7	1.67	1.69	2.17	1.66	-1.0	-1.0	-1.0	-1	-1.0	1.0	-1.0	-1.0	-1.0	1.0		2.92		2.92						-1.0			3.34		1.67								-1.0			1.84	0.04	0.04	1.22	0.01	0.01	0.68	3.34	1.22	0.0	0.0	6.78					1	0.04	0.04	0.32	0.01	0.01	0.33	0.32	0.0	0.0	119.41					0.04	0.04	-1.22	0.01	0.01	-0.35	-1.22	0.0	0.0	23.04					-0.04	-0.04	-0.0	-0.01	-0.01	-0.13	-0.0	0.0	0.0	11.51					0.040000000000000036	0.040000000000000036	1.0099999999999998	0.013333333333333308	0.013423020332140661	0.5095101026618678	1.0099999999999998	0.00185118456789421	0.0018297054482088182	40.67118097800281				
2025-03-26 08:00:00	6500	3.0	2.94	3.0	3.0	BELL.MI	1.73	1.73	1.69	1.73	2.17	1.66	-1.0	-1.0	-1.0	-1	-1.0	-1.0	1.0	-1.0	-1.0	1.0	3.0									-1.0			3.34	1.73									-1.0			1.84	-0.04	-0.04	1.18	-0.01	-0.01	0.66	3.2	1.18	0.0	0.0	2.4					1	-0.04	-0.04	0.28	-0.01	-0.01	0.32	0.28	0.0	0.0	100.34					-0.04	-0.04	-1.26	-0.01	-0.01	-0.36	-1.26	0.0	0.0	18.44					0.04	0.04	0.04	0.01	0.01	-0.12	0.04	0.0	0.0	12.92					-0.040000000000000036	-0.040000000000000036	0.9699999999999998	-0.013513513513513598	-0.013423020332140769	0.48938330129304286	0.9699999999999998	0.0016638247592556479	0.0016417019357430895	35.81736751160827				
2025-03-27 08:00:00	4500	3.0	2.96	2.96	2.96	BELL.MI	1.7	1.72	1.7	1.7	2.17	1.66	-1.0	-1.0	-1.0	-1	-1.0	-1.0	1.0	-1.0	-1.0	1.0		2.96								-1.0			3.34		1.7								-1.0			1.84	0.04	0.04	1.22	0.01	0.01	0.68	3.2	1.22	0.0	0.0	3.18					1	0.04	0.04	0.32	0.01	0.01	0.33	0.32	0.0	0.0	111.11					-0.04	-0.04	-1.3	-0.01	-0.01	-0.37	-1.3	0.0	0.0	13.33					-0.04	-0.04	-0.0	-0.01	-0.01	-0.13	-0.0	0.0	0.0	12.15					0.040000000000000036	0.040000000000000036	1.0099999999999998	0.013333333333333308	0.013423020332140661	0.5095101026618676	1.0099999999999998	0.0019078371999464504	0.001885704111950659	40.688782111411726				
2025-03-28 08:00:00	21500	3.08	2.92	2.98	2.98	BELL.MI	1.73	1.79	1.69	1.73	2.17	1.66	-1.0	-1.0	-1.0	-1	-1.0	-1.0	1.0	-1.0	-1.0	1.0	3.08		3.08							-1.0			3.34	1.79									-1.0			1.84	-0.02	-0.02	1.2	-0.01	-0.01	0.67	3.18	1.2	-0.0	-0.0	-1.15					1	-0.02	-0.02	0.3	-0.01	-0.01	0.32	0.3	0.0	0.0	97.72					0.02	0.02	-1.28	0.01	0.01	-0.36	-1.28	0.0	0.0	13.37					0.02	0.02	0.02	0.01	0.01	-0.12	0.02	0.0	0.0	16.46					-0.020000000000000018	-0.020000000000000018	0.9899999999999998	-0.006756756756756799	-0.0067340321813441194	0.49937916237554636	0.9899999999999998	0.0019065291104326722	0.0018843848613439018	40.63965372984974				
2025-03-31 07:00:00	5000	2.98	2.92	2.92	2.94	BELL.MI	1.72	1.76	1.72	1.74	2.17	1.66	-1.0	-1.0	-1.0	-1	-1.0	-1.0	1.0	-1.0	-1.0	1.0										-1.0			3.34										-1.0			1.84	0.04	0.04	1.24	0.01	0.01	0.69	3.08	1.24	-0.0	-0.0	-3.26					1	0.04	0.04	0.34	0.01	0.01	0.34	0.34	0.0	0.0	107.39					-0.04	-0.04	-1.32	-0.01	-0.01	-0.37	-1.32	0.0	0.0	5.64					-0.04	-0.04	-0.02	-0.01	-0.01	-0.14	-0.02	0.0	0.0	18.52					0.040000000000000036	0.040000000000000036	1.0299999999999998	0.01342281879194629	0.01351371916672282	0.5197788788704518	1.0299999999999998	0.0022447484695389767	0.002223409613845595	49.3018095422021				
2025-04-01 07:00:00	2500	2.94	2.9	2.94	2.94	BELL.MI	1.71	1.71	1.69	1.71	2.17	1.66	-1.0	-1.0	-1.0	-1	-1.0	-1.0	1.0	-1.0	-1.0	1.0		2.9								-1.0			3.34		1.69								-1.0			1.84	-0.0	-0.0	1.24	-0.0	-0.0	0.69	3.08	1.24	0.0	0.0	0.99					1	-0.0	-0.0	0.34	-0.0	-0.0	0.34	0.34	0.0	0.0	124.23					0.0	0.0	-1.32	0.0	0.0	-0.37	-1.32	0.0	0.0	9.98					0.0	0.0	-0.02	0.0	0.0	-0.14	-0.02	0.0	0.0	17.27					-0.0	-0.0	1.0299999999999998	-0.0	-0.0	0.5197788788704518	1.0299999999999998	0.002166486593548066	0.002145536592005559	48.412345134566785				
2025-04-02 07:00:00	0	2.94	2.94	2.94	2.94	BELL.MI	1.72	1.72	1.72	1.72	2.16	1.66	-1.0	-1.0	-1.0	-1	-1.0	-1.0	1.0	-1.0	-1.0	1.0	2.94									-1.0			3.34										-1.0			1.84	-0.0	-0.0	1.24	-0.0	-0.0	0.69	3.08	1.24	0.0	0.0	4.66					1	-0.0	-0.0	0.34	-0.0	-0.0	0.34	0.34	0.0	0.0	137.32					0.0	0.0	-1.32	0.0	0.0	-0.37	-1.32	0.0	0.0	13.69					0.0	0.0	-0.02	0.0	0.0	-0.14	-0.02	0.0	0.0	16.63					-0.0	-0.0	1.0299999999999998	-0.0	-0.0	0.5197788788704518	1.0299999999999998	0.0021269880315624157	0.002106232934215191	47.95155614952715				
2025-04-03 07:00:00	12000	2.88	2.74	2.86	2.88	BELL.MI	1.73	1.75	1.66	1.75	2.16	1.66	-1.0	-1.0	-1.0	-1	-1.0	-1.0	1.0	-1.0	-1.0	1.0		2.74								-1.0			3.34										-1.0			1.84	0.06	0.06	1.3	0.02	0.02	0.73	3.08	1.3	0.0	0.0	11.37					1	0.06	0.06	0.4	0.02	0.02	0.37	0.4	0.0	0.0	166.2					-0.06	-0.06	-1.38	-0.02	-0.02	-0.38	-1.38	0.0	0.0	12.78					-0.06	-0.06	-0.08	-0.02	-0.02	-0.15	-0.08	0.0	0.0	9.91					0.06000000000000005	0.06000000000000005	1.0899999999999999	0.020408163265306145	0.020619287202735703	0.5514409388469195	1.0899999999999999	0.002177141640646533	0.002156138907122074	48.535261357590144				
2025-04-04 07:00:00	0	2.88	2.88	2.88	2.88	BELL.MI	1.87	1.87	1.87	1.87	2.16	1.66	-1.0	-1.0	1.0	-1	-1.0	-1.0	1.0	-1.0	-1.0	1.0	2.88									-1.0			3.34	1.87									-1.0			1.84	-0.0	-0.0	1.3	-0.0	-0.0	0.73	3.08	1.3	0.0	0.0	9.29					1	-0.0	-0.0	0.4	-0.0	-0.0	0.37	0.4	0.0	0.0	156.67					0.0	0.0	-1.38	0.0	0.0	-0.38	-1.38	0.0	0.0	10.7					0.0	0.0	-0.08	0.0	0.0	-0.15	-0.08	0.0	0.0	15.08					-0.0	-0.0	1.0899999999999999	-0.0	-0.0	0.5514409388469195	1.0899999999999999	0.0023795116386794	0.0023593347131667386	54.69543134908983				
2025-04-07 07:00:00	11000	2.82	2.61	2.81	2.74	BELL.MI	1.92	1.93	1.79	1.87	2.13	1.66	-1.0	-1.0	1.0	-1	-1.0	-1.0	1.0	-1.0	-1.0	1.0		2.61								-1.0			3.34										-1.0			1.84	0.14	0.14	1.44	0.05	0.05	0.82	3.08	1.44	0.0	0.0	18.17					1	0.14	0.14	0.54	0.05	0.05	0.44	0.54	0.0	0.0	191.06					-0.14	-0.14	-1.52	-0.05	-0.05	-0.41	-1.52	0.0	0.0	6.03					-0.14	-0.14	-0.22	-0.05	-0.05	-0.19	-0.22	0.0	0.0	5.95					0.13999999999999968	0.13999999999999968	1.2299999999999995	0.04861111111111105	0.04983237374787564	0.6307116437515066	1.2299999999999995	0.002658313307378795	0.0026367903767621215	57.591930322270684				
2025-04-08 07:00:00	10500	2.83	2.65	2.79	2.78	BELL.MI	1.86	1.89	1.77	1.86	2.13	1.66	-1.0	-1.0	1.0	-1	-1.0	-1.0	1.0	-1.0	-1.0	1.0	2.83									-1.0			3.34										-1.0			1.84	-0.04	-0.04	1.4	-0.01	-0.01	0.79	3.08	1.4	0.0	0.0	17.95					1	-0.04	-0.04	0.5	-0.01	-0.01	0.42	0.5	0.0	0.0	189.52					0.04	0.04	-1.48	0.01	0.01	-0.4	-1.48	0.0	0.0	11.87					0.04	0.04	-0.18	0.01	0.01	-0.18	-0.18	0.0	0.0	6.16					-0.03999999999999959	-0.03999999999999959	1.19	-0.014598540145985162	-0.014493007302566606	0.6072481668629961	1.19	0.0023882486425363045	0.002366413012518276	51.39670937979586				
2025-04-09 07:00:00	17000	2.74	2.59	2.65	2.68	BELL.MI	1.82	1.88	1.78	1.84	2.13	1.66	-1.0	-1.0	1.0	-1	-1.0	-1.0	1.0	-1.0	-1.0	1.0		2.59		2.59		2.59		2.59		-1.0			3.34		1.78								-1.0			1.84	0.1	0.1	1.5	0.04	0.04	0.86	3.08	1.5	0.0	0.0	21.25					1	0.1	0.1	0.6	0.04	0.04	0.47	0.6	0.0	0.0	199.7					-0.1	-0.1	-1.58	-0.04	-0.04	-0.43	-1.58	0.0	0.0	5.29					-0.1	-0.1	-0.28	-0.04	-0.04	-0.21	-0.28	-0.0	-0.0	-0.25					0.09999999999999964	0.09999999999999964	1.2899999999999996	0.03597122302158262	0.03663413317978027	0.6672201133877345	1.2899999999999996	0.002619043681568921	0.002596027408769963	53.72278891304246				
2025-04-10 07:00:00	26000	2.9	2.64	2.83	2.9	BELL.MI	1.86	1.9	1.73	1.9	2.13	1.66	-1.0	-1.0	1.0	-1	-1.0	-1.0	1.0	-1.0	-1.0	1.0	2.9									-1.0			3.34										-1.0			1.84	-0.22	-0.22	1.28	-0.08	-0.08	0.71	3.08	1.28	0.0	0.0	10.22					1	-0.22	-0.22	0.38	-0.08	-0.08	0.36	0.38	0.0	0.0	140.62					0.22	0.22	-1.36	0.08	0.08	-0.38	-1.36	0.0	0.0	12.88					0.22	0.22	-0.06	0.08	0.08	-0.15	-0.06	0.0	0.0	7.83					-0.21999999999999975	-0.21999999999999975	1.0699999999999998	-0.08208955223880587	-0.07889394246966294	0.5407413461652169	1.0699999999999998	0.002178707188293283	0.0021527490582915476	39.67070778620985				
2025-04-11 07:00:00	19000	2.86	2.76	2.86	2.76	BELL.MI	1.89	1.89	1.82	1.82	2.13	1.66	-1.0	-1.0	1.0	-1	-1.0	-1.0	1.0	-1.0	-1.0	1.0		2.76								-1.0			3.34	1.89		1.89							-1.0			1.84	0.14	0.14	1.42	0.05	0.05	0.8	3.08	1.42	0.0	0.0	17.48					1	0.14	0.14	0.52	0.05	0.05	0.43	0.52	0.0	0.0	160.39					-0.14	-0.14	-1.5	-0.05	-0.05	-0.41	-1.5	0.0	0.0	9.01					-0.14	-0.14	-0.2	-0.05	-0.05	-0.19	-0.2	0.0	-0.0	0.4					0.14000000000000012	0.14000000000000012	1.21	0.048275862068965614	0.04948005726336981	0.6188948927098294	1.21	0.002445866795113794	0.0024183850379815297	42.20911948531828				
2025-04-14 07:00:00	8000	2.92	2.79	2.79	2.92	BELL.MI	1.79	1.87	1.79	1.87	2.13	1.66	-1.0	-1.0	1.0	-1	-1.0	-1.0	1.0	-1.0	-1.0	1.0										-1.0			3.34										-1.0			1.84	-0.16	-0.16	1.26	-0.06	-0.06	0.7	3.08	1.26	0.0	0.0	8.9					1	-0.16	-0.16	0.36	-0.06	-0.06	0.35	0.36	0.0	0.0	125.37					0.16	0.16	-1.34	0.06	0.06	-0.37	-1.34	0.0	0.0	12.52					0.16	0.16	-0.04	0.06	0.06	-0.14	-0.04	0.0	0.0	8.9					-0.16000000000000014	-0.16000000000000014	1.0499999999999998	-0.05797101449275366	-0.05635293655113178	0.530188323246277	1.0499999999999998	0.0022801339341737255	0.002251053427137606	37.048532558510146				
2025-04-15 07:00:00	10500	2.93	2.86	2.93	2.86	BELL.MI	1.84	1.84	1.79	1.79	2.12	1.66	-1.0	-1.0	1.0	-1	-1.0	-1.0	1.0	-1.0	-1.0	1.0	2.93									-1.0			3.34										-1.0			1.84	0.06	0.06	1.32	0.02	0.02	0.74	3.08	1.32	0.0	0.0	13.55					1	0.06	0.06	0.42	0.02	0.02	0.38	0.42	0.0	0.0	137.23					-0.06	-0.06	-1.4	-0.02	-0.02	-0.39	-1.4	0.0	0.0	11.32					-0.06	-0.06	-0.1	-0.02	-0.02	-0.16	-0.1	0.0	0.0	4.19					0.06000000000000005	0.06000000000000005	1.1099999999999999	0.020547945205479423	0.020761991448429128	0.5622901761815136	1.1099999999999999	0.002369493069546302	0.0023398784838197795	37.839413169479506				
2025-04-16 07:00:00	8500	2.92	2.84	2.88	2.87	BELL.MI	1.79	1.82	1.77	1.79	2.11	1.66	-1.0	-1.0	1.0	-1	-1.0	-1.0	1.0	-1.0	-1.0	1.0										-1.0			3.34										-1.0			1.84	-0.01	-0.01	1.31	-0.0	-0.0	0.73	3.08	1.31	0.0	0.0	10.73					1	-0.01	-0.01	0.41	-0.0	-0.0	0.38	0.41	0.0	0.0	130.38					0.01	0.01	-1.39	0.0	0.0	-0.38	-1.39	0.0	0.0	11.58					0.01	0.01	-0.09	0.0	0.0	-0.16	-0.09	0.0	0.0	4.48					-0.010000000000000231	-0.010000000000000231	1.0999999999999996	-0.0034965034965035446	-0.0034904049397685676	0.5568466564038776	1.0999999999999996	0.002197339890772514	0.0021673054046280615	34.926811994224195				
2025-04-17 07:00:00	5000	2.88	2.77	2.88	2.83	BELL.MI	1.8	1.8	1.73	1.77	2.1	1.66	-1.0	-1.0	1.0	-1	-1.0	-1.0	1.0	-1.0	-1.0	1.0		2.77								-1.0			3.34										-1.0			1.84	0.04	0.04	1.35	0.01	0.01	0.76	3.08	1.35	0.0	0.0	14.8					1	0.04	0.04	0.45	0.01	0.01	0.4	0.45	0.0	0.0	140.68					-0.04	-0.04	-1.43	-0.01	-0.01	-0.39	-1.43	0.0	0.0	10.96					-0.04	-0.04	-0.13	-0.01	-0.01	-0.17	-0.13	0.0	-0.0	0.37					0.040000000000000036	0.040000000000000036	1.1399999999999997	0.013937282229965153	0.01403531811638348	0.5788515561410348	1.1399999999999997	0.00224397756287995	0.0022136544086210908	35.3461770399932				
2025-04-22 07:00:00	4500	2.85	2.78	2.81	2.85	BELL.MI	1.76	1.78	1.74	1.78	2.1	1.66	-1.0	-1.0	1.0	-1	-1.0	-1.0	1.0	-1.0	-1.0	1.0										-1.0			3.34										-1.0			1.84	-0.02	-0.02	1.33	-0.01	-0.01	0.74	3.08	1.33	0.0	0.0	16.46					1	-0.02	-0.02	0.43	-0.01	-0.01	0.39	0.43	0.0	0.0	149.38					0.02	0.02	-1.41	0.01	0.01	-0.39	-1.41	0.0	0.0	16.18					0.02	0.02	-0.11	0.01	0.01	-0.16	-0.11	-0.0	-0.0	-1.28					-0.020000000000000018	-0.020000000000000018	1.1199999999999997	-0.007067137809187329	-0.007042282625412951	0.5677718960979397	1.1199999999999997	0.0019003013219543044	0.0018704285988444536	30.59224095541105				
2025-04-23 07:00:00	2000	2.87	2.85	2.85	2.86	BELL.MI	1.76	1.77	1.76	1.76	2.1	1.66	-1.0	-1.0	1.0	-1	-1.0	-1.0	1.0	-1.0	-1.0	1.0	2.87									-1.0			3.34										-1.0			1.84	-0.01	-0.01	1.32	-0.0	-0.0	0.74	3.08	1.32	0.0	0.0	16.74					1	-0.01	-0.01	0.42	-0.0	-0.0	0.38	0.42	0.0	0.0	150.88					0.01	0.01	-1.4	0.0	0.0	-0.39	-1.4	0.0	0.0	19.56					0.01	0.01	-0.1	0.0	0.0	-0.16	-0.1	-0.0	-0.0	-1.55					-0.009999999999999787	-0.009999999999999787	1.1099999999999999	-0.0035087719298245723	-0.0035026305512020745	0.5622901761815133	1.1099999999999999	0.001689235629282753	0.0016592446439411823	27.2884221399232				
2025-04-24 07:00:00	6500	2.86	2.79	2.81	2.86	BELL.MI	1.72	1.75	1.7	1.75	2.1	1.66	-1.0	-1.0	1.0	-1	-1.0	-1.0	1.0	-1.0	-1.0	1.0		2.79								-1.0			3.34		1.7		1.7						-1.0			1.84	-0.0	-0.0	1.32	-0.0	-0.0	0.74	3.08	1.32	0.0	0.0	15.8					1	-0.0	-0.0	0.42	-0.0	-0.0	0.38	0.42	0.0	0.0	150.88					0.0	0.0	-1.4	0.0	0.0	-0.39	-1.4	0.0	0.0	18.62					0.0	0.0	-0.1	0.0	0.0	-0.16	-0.1	0.0	0.0	2.0					-0.0	-0.0	1.1099999999999999	-0.0	-0.0	0.5622901761815133	1.1099999999999999	0.0018993190338714282	0.0018700593882279293	31.222713263121882				
2025-04-25 07:00:00	10500	2.96	2.83	2.85	2.87	BELL.MI	1.71	1.78	1.7	1.73	2.1	1.66	-1.0	-1.0	1.0	-1	-1.0	-1.0	1.0	-1.0	-1.0	1.0										-1.0			3.34	1.78									-1.0			1.84	-0.01	-0.01	1.31	-0.0	-0.0	0.73	3.08	1.31	0.0	0.0	12.93					1	-0.01	-0.01	0.41	-0.0	-0.0	0.38	0.41	0.0	0.0	143.83					0.01	0.01	-1.39	0.0	0.0	-0.38	-1.39	0.0	0.0	18.88					0.01	0.01	-0.09	0.0	0.0	-0.16	-0.09	0.0	0.0	2.31					-0.010000000000000231	-0.010000000000000231	1.0999999999999996	-0.0034965034965035446	-0.0034904049397685676	0.5568466564038774	1.0999999999999996	0.0017288731157974985	0.0016992508198374612	28.28856864235526				
2025-04-28 07:00:00	9500	2.92	2.87	2.89	2.87	BELL.MI	1.73	1.75	1.72	1.72	2.1	1.66	-1.0	-1.0	1.0	-1	-1.0	-1.0	1.0	-1.0	-1.0	1.0										-1.0			3.34		1.72								-1.0			1.84	-0.0	-0.0	1.31	-0.0	-0.0	0.73	3.08	1.31	0.0	0.0	11.94					1	-0.0	-0.0	0.41	-0.0	-0.0	0.38	0.41	0.0	0.0	143.83					0.0	0.0	-1.39	0.0	0.0	-0.38	-1.39	0.0	0.0	17.93					0.0	0.0	-0.09	0.0	0.0	-0.16	-0.09	0.0	0.0	5.91					-0.0	-0.0	1.0999999999999996	-0.0	-0.0	0.5568466564038774	1.0999999999999996	0.0019373061962195985	0.0019084028761355842	32.25734180468559				
2025-04-29 07:00:00	12000	2.96	2.89	2.92	2.96	BELL.MI	1.73	1.76	1.71	1.76	2.1	1.66	-1.0	-1.0	1.0	-1	-1.0	-1.0	1.0	-1.0	-1.0	1.0										-1.0			3.34										-1.0			1.84	-0.09	-0.09	1.22	-0.03	-0.03	0.68	2.98	1.22	0.0	0.0	10.96					1	-0.09	-0.09	0.32	-0.03	-0.03	0.33	0.32	0.0	0.0	125.01					0.09	0.09	-1.3	0.03	0.03	-0.37	-1.3	0.0	0.0	24.5					0.09	0.09	-0.0	0.03	0.03	-0.13	-0.0	0.0	0.0	6.86					-0.08999999999999986	-0.08999999999999986	1.0099999999999998	-0.03135888501742157	-0.03087723856443923	0.5095101026618676	1.0099999999999998	0.0015402108225126975	0.001510645615253603	25.219932362765405				
2025-04-30 07:00:00	16000	3.06	2.94	2.96	2.99	BELL.MI	1.77	1.83	1.76	1.79	2.1	1.66	-1.0	-1.0	1.0	0	-1.0	-1.0	1.0	-1.0	-1.0	1.0										-1.0			3.34	1.83		1.83							-1.0			1.84	-0.03	-0.03	1.19	-0.01	-0.01	0.66	3.06	1.19	0.0	0.0	10.66					1	-0.03	-0.03	0.29	-0.01	-0.01	0.32	0.29	0.0	0.0	115.87					0.03	0.03	-1.27	0.01	0.01	-0.36	-1.27	0.0	0.0	28.35					0.03	0.03	0.03	0.01	0.01	-0.12	0.03	0.0	0.0	7.15					-0.03000000000000025	-0.03000000000000025	0.9799999999999995	-0.01013513513513531	-0.010084119066626226	0.4943645163475343	0.9799999999999995	0.0013032547120397043	0.0012733479212421184	21.23982051723022				
2025-05-02 07:00:00	9000	3.06	2.94	3.03	3.01	BELL.MI	1.78	1.79	1.72	1.76	2.1	1.66	-1.0	-1.0	1.0	0	-1.0	-1.0	1.0	-1.0	-1.0	1.0										-1.0			3.34										-1.0			1.84	-0.02	-0.02	1.17	-0.01	-0.01	0.65	3.06	1.17	0.0	0.0	7.55					1	0.0	0.0	0.29	0.0	0.0	0.32	0.29	0.0	0.0	115.87					0.02	0.02	-1.25	0.01	0.01	-0.35	-1.25	0.0	0.0	28.77					0.02	0.02	0.05	0.01	0.01	-0.12	0.05	0.0	0.0	7.69					-0.019999999999999574	-0.019999999999999574	0.96	-0.006688963210702115	-0.006666691358189077	0.48443518401299945	0.96	0.0011179207526846422	0.0010875736905699984	18.064609100041395				
2025-05-05 07:00:00	0	3.01	3.01	3.01	3.01	BELL.MI	1.76	1.76	1.76	1.76	2.1	1.66	-1.0	-1.0	1.0	0	-1.0	-1.0	1.0	-1.0	-1.0	1.0	3.01									-1.0			3.34										-1.0			1.84	-0.0	-0.0	1.17	-0.0	-0.0	0.65	3.06	1.17	0.0	0.0	11.23					1	0.0	0.0	0.29	0.0	0.0	0.32	0.29	0.0	0.0	115.87					0.0	0.0	-1.25	0.0	0.0	-0.35	-1.25	0.0	0.0	32.69					0.0	0.0	0.05	0.0	0.0	-0.12	0.05	0.0	0.0	6.6					-0.0	-0.0	0.96	-0.0	-0.0	0.48443518401299945	0.96	0.0010419196267286907	0.0010120828587159014	17.126164899286437				
2025-05-06 07:00:00	28500	2.95	2.84	2.95	2.92	BELL.MI	1.72	1.72	1.66	1.7	2.1	1.66	-1.0	-1.0	-1.0	0	-1.0	-1.0	1.0	-1.0	-1.0	1.0		2.84								-1.0			3.34		1.66		1.66						-1.0			1.84	0.09	0.09	1.26	0.03	0.03	0.7	3.06	1.26	0.0	0.0	13.48					1	-0.0	-0.0	0.29	-0.0	-0.0	0.32	0.29	0.0	0.0	115.87					-0.09	-0.09	-1.34	-0.03	-0.03	-0.37	-1.34	0.0	0.0	27.11					-0.09	-0.09	-0.04	-0.03	-0.03	-0.14	-0.04	0.0	0.0	1.7					0.08999999999999986	0.08999999999999986	1.0499999999999998	0.029900332225913595	0.030356462480593954	0.5301883232462767	1.0499999999999998	0.0012149514628680765	0.0011839466669487653	19.21756068043218				
2025-05-07 07:00:00	25500	3.02	2.88	2.88	3.02	BELL.MI	1.69	1.77	1.69	1.77	2.1	1.66	-1.0	-1.0	-1.0	0	-1.0	-1.0	1.0	-1.0	-1.0	1.0										-1.0			3.34	1.77									-1.0			1.84	-0.1	-0.1	1.16	-0.03	-0.03	0.65	3.06	1.16	0.0	0.0	12.35					1	0.0	0.0	0.29	0.0	0.0	0.32	0.29	0.0	0.0	115.87					0.1	0.1	-1.24	0.03	0.03	-0.35	-1.24	0.0	0.0	33.61					0.1	0.1	0.06	0.03	0.03	-0.11	0.06	0.0	0.0	2.82					-0.10000000000000009	-0.10000000000000009	0.9499999999999997	-0.03424657534246589	-0.03367321510658802	0.4795198357215653	0.9499999999999997	0.0007938509358594225	0.0007621498812035998	12.352273755625298				
2025-05-08 07:00:00	2000	3.02	3.02	3.02	3.02	BELL.MI	1.74	1.74	1.74	1.74	2.1	1.66	-1.0	-1.0	-1.0	0	-1.0	-1.0	1.0	-1.0	-1.0	1.0										-1.0			3.34										-1.0			1.84	-0.0	-0.0	1.16	-0.0	-0.0	0.65	3.06	1.16	0.0	0.0	16.62					1	0.0	0.0	0.29	0.0	0.0	0.32	0.29	0.0	0.0	129.27					0.0	0.0	-1.24	0.0	0.0	-0.35	-1.24	0.0	0.0	32.45					0.0	0.0	0.06	0.0	0.0	-0.11	0.06	0.0	0.0	6.89					-0.0	-0.0	0.9499999999999997	-0.0	-0.0	0.4795198357215653	0.9499999999999997	0.0010416810799777766	0.0010109437362553209	16.62144538516526				
2025-05-09 07:00:00	0	3.02	3.02	3.02	3.02	BELL.MI	1.72	1.72	1.72	1.72	2.1	1.66	-1.0	-1.0	-1.0	0	-1.0	-1.0	1.0	-1.0	-1.0	1.0										-1.0			3.34		1.72								-1.0			1.84	-0.0	-0.0	1.16	-0.0	-0.0	0.65	3.06	1.16	0.0	0.0	15.16					1	0.0	0.0	0.29	0.0	0.0	0.32	0.29	0.0	0.0	125.67					0.0	0.0	-1.24	0.0	0.0	-0.35	-1.24	0.0	0.0	37.15					0.0	0.0	0.06	0.0	0.0	-0.11	0.06	0.0	0.0	5.21					-0.0	-0.0	0.9499999999999997	-0.0	-0.0	0.4795198357215653	0.9499999999999997	0.0009257448798261777	0.0008957892702328163	15.164436399005034				
2025-05-12 07:00:00	32500	3.13	2.95	3.02	3.12	BELL.MI	1.7	1.76	1.66	1.76	2.1	1.66	-1.0	-1.0	-1.0	0	-1.0	-1.0	1.0	-1.0	-1.0	1.0										-1.0			3.34	1.76									-1.0			1.84	-0.1	-0.1	1.06	-0.03	-0.03	0.59	3.13	1.06	0.0	0.0	14.09					1	0.0	0.0	0.29	0.0	0.0	0.32	0.29	0.0	0.0	140.28					0.1	0.1	-1.14	0.03	0.03	-0.33	-1.14	0.0	0.0	37.84					0.1	0.1	0.16	0.03	0.03	-0.08	0.16	0.0	0.0	12.05					-0.10000000000000009	-0.10000000000000009	0.8499999999999996	-0.0331125827814569	-0.03257617043461267	0.43209932816638696	0.8499999999999996	0.0008731279891769708	0.0008426995556525263	14.08661971255146				
2025-05-13 07:00:00	5000	3.12	3.01	3.12	3.09	BELL.MI	1.75	1.75	1.69	1.73	2.1	1.66	-1.0	-1.0	-1.0	0	-1.0	-1.0	1.0	-1.0	-1.0	1.0										-1.0			3.34		1.69								-1.0			1.84	0.03	0.03	1.09	0.01	0.01	0.61	3.13	1.09	0.0	0.0	20.98					1	-0.0	-0.0	0.29	-0.0	-0.0	0.32	0.29	0.0	0.0	140.28					-0.03	-0.03	-1.17	-0.01	-0.01	-0.34	-1.17	0.0	0.0	31.9					-0.03	-0.03	0.13	-0.01	-0.01	-0.09	0.13	0.0	0.0	14.65					0.03000000000000025	0.03000000000000025	0.8799999999999999	0.009615384615384692	0.009661910911736972	0.44600320513887626	0.8799999999999999	0.001252503292226005	0.00122340098817042	20.976795552465738				
2025-05-14 07:00:00	8500	3.14	3.07	3.07	3.14	BELL.MI	1.71	1.75	1.71	1.75	2.1	1.66	-1.0	-1.0	-1.0	0	-1.0	-1.0	1.0	-1.0	-1.0	1.0										-1.0			3.34										-1.0			1.84	-0.05	-0.05	1.04	-0.02	-0.02	0.58	3.14	1.04	0.0	0.0	21.28					1	0.0	0.0	0.29	0.0	0.0	0.32	0.29	0.0	0.0	140.28					0.05	0.05	-1.12	0.02	0.02	-0.33	-1.12	0.0	0.0	31.71					0.05	0.05	0.18	0.02	0.02	-0.08	0.18	0.0	0.0	20.21					-0.050000000000000266	-0.050000000000000266	0.8299999999999996	-0.016181229773462924	-0.016051709010508043	0.42297767639462647	0.8299999999999996	0.001265599762034296	0.001236615256219098	21.282195489187906				
2025-05-15 07:00:00	23500	3.42	3.12	3.12	3.29	BELL.MI	1.73	1.9	1.73	1.83	2.1	1.66	-1.0	-1.0	1.0	1	-1.0	-1.0	1.0	-1.0	-1.0	1.0										-1.0			3.34										-1.0			1.84	-0.15	-0.15	0.89	-0.05	-0.05	0.51	3.42	0.89	0.0	0.0	12.54					1	0.0	0.0	0.29	0.0	0.0	0.32	0.29	0.0	0.0	140.28					0.15	0.15	-0.97	0.05	0.05	-0.29	-0.97	0.0	0.0	39.85					0.15	0.15	0.33	0.05	0.05	-0.03	0.33	0.0	0.0	21.67					-0.1499999999999999	-0.1499999999999999	0.6799999999999997	-0.047770700636942554	-0.04666476485711841	0.35810027473529726	0.6799999999999997	0.0007645477156975355	0.0007345748532023855	12.535215575037597				
2025-05-16 07:00:00	20500	3.4	3.27	3.31	3.4	BELL.MI	1.83	1.88	1.81	1.88	2.1	1.66	-1.0	-1.0	1.0	1	-1.0	-1.0	1.0	-1.0	-1.0	1.0	3.4									1.0			3.34										-1.0			1.84	-0.11	-0.11	0.78	-0.03	-0.03	0.46	3.42	0.78	0.0	0.0	10.34					1	0.11	0.11	0.4	0.03	0.03	0.36	0.4	0.0	0.0	145.6					0.11	0.11	-0.86	0.03	0.03	-0.27	-0.86	0.0	0.0	41.25					0.11	0.11	0.44	0.03	0.03	-0.0	0.44	0.0	0.0	26.95					-0.10999999999999988	-0.10999999999999988	0.5699999999999998	-0.033434650455927084	-0.03288786684483521	0.31416173643503753	0.5699999999999998	0.0006509617006388996	0.0006199630885503904	10.337700518876744				
2025-05-19 07:00:00	43000	3.49	3.23	3.4	3.31	BELL.MI	1.9	1.95	1.81	1.85	2.1	1.66	-1.0	1.0	1.0	1	-1.0	-1.0	1.0	-1.0	-1.0	1.0		3.23								-1.0			3.34	1.95		1.95		1.95					-1.0			1.84	0.09	0.09	0.87	0.03	0.03	0.5	3.49	0.87	0.0	0.0	11.38					1	-0.09	-0.09	0.31	-0.03	-0.03	0.33	0.31	0.0	0.0	128.57					-0.09	-0.09	-0.95	-0.03	-0.03	-0.29	-0.95	0.0	0.0	39.7					-0.09	-0.09	0.35	-0.03	-0.03	-0.03	0.35	0.0	0.0	21.06					0.08999999999999986	0.08999999999999986	0.6599999999999997	0.026470588235294024	0.026827242233144075	0.34989423077919257	0.6599999999999997	0.0007298499668649972	0.0006983113452250223	11.380128871718028				
2025-05-20 07:00:00	27500	3.44	3.27	3.37	3.33	BELL.MI	1.87	1.91	1.81	1.85	2.1	1.66	-1.0	1.0	1.0	1	-1.0	-1.0	1.0	-1.0	-1.0	1.0	3.44		3.44		3.44		3.44			-1.0			3.34										-1.0			1.84	-0.02	-0.02	0.85	-0.01	-0.01	0.49	3.49	0.85	0.0	0.0	11.95					1	0.02	0.02	0.33	0.01	0.01	0.34	0.33	0.0	0.0	129.49					0.02	0.02	-0.93	0.01	0.01	-0.29	-0.93	0.0	0.0	39.34					0.02	0.02	0.37	0.01	0.01	-0.02	0.37	0.0	0.0	25.17					-0.020000000000000018	-0.020000000000000018	0.6399999999999997	-0.0060422960725075026	-0.006024114603380876	0.34178675792166	0.6399999999999997	0.000759791214835747	0.0007285270351915507	11.94588417718586				
2025-05-21 07:00:00	11500	3.32	3.24	3.3	3.32	BELL.MI	1.83	1.84	1.8	1.84	2.1	1.66	-1.0	1.0	1.0	1	-1.0	-1.0	1.0	-1.0	-1.0	1.0										-1.0			3.34										-1.0			1.84	0.01	0.01	0.86	0.0	0.0	0.5	3.49	0.86	0.0	0.0	11.69					1	-0.01	-0.01	0.32	-0.0	-0.0	0.33	0.32	0.0	0.0	123.21					-0.01	-0.01	-0.94	-0.0	-0.0	-0.29	-0.94	0.0	0.0	39.72					-0.01	-0.01	0.36	-0.0	-0.0	-0.02	0.36	0.0	0.0	21.96					0.010000000000000231	0.010000000000000231	0.6499999999999999	0.0030030030030030463	0.0030075210639553284	0.34582828430094215	0.6499999999999999	0.0007400407522182733	0.0007089116113345728	11.688469019136285				
2025-05-22 07:00:00	24500	3.38	3.16	3.33	3.22	BELL.MI	1.86	1.89	1.76	1.8	2.1	1.66	-1.0	1.0	1.0	1	-1.0	-1.0	1.0	-1.0	-1.0	1.0										-1.0			3.34		1.76								-1.0			1.84	0.1	0.1	0.96	0.03	0.03	0.54	3.49	0.96	0.0	0.0	16.89					1	-0.1	-0.1	0.22	-0.03	-0.03	0.29	0.22	0.0	0.0	106.8					-0.1	-0.1	-1.04	-0.03	-0.03	-0.31	-1.04	0.0	0.0	33.63					-0.1	-0.1	0.26	-0.03	-0.03	-0.05	0.26	0.0	0.0	19.76					0.09999999999999964	0.09999999999999964	0.7499999999999996	0.030120481927710774	0.030583423372080164	0.3876241937512819	0.7499999999999996	0.001103925837547481	0.001072047668430054	16.891581597947564				
2025-05-23 07:00:00	9500	3.29	3.18	3.19	3.29	BELL.MI	1.82	1.87	1.81	1.87	2.1	1.66	-1.0	1.0	1.0	1	-1.0	-1.0	1.0	-1.0	-1.0	1.0										-1.0			3.34	1.87									-1.0			1.84	-0.07	-0.07	0.89	-0.02	-0.02	0.51	3.49	0.89	0.0	0.0	12.22					1	0.07	0.07	0.29	0.02	0.02	0.32	0.29	0.0	0.0	110.15					0.07	0.07	-0.97	0.02	0.02	-0.29	-0.97	0.0	0.0	37.89					0.07	0.07	0.33	0.02	0.02	-0.03	0.33	0.0	0.0	20.71					-0.06999999999999984	-0.06999999999999984	0.6799999999999997	-0.021739130434782483	-0.021506205220963463	0.35810027473529726	0.6799999999999997	0.0008128280626811231	0.0007801515836065587	12.222566276150388				
2025-05-26 07:00:00	65000	3.32	3.1	3.28	3.14	BELL.MI	1.84	1.87	1.74	1.76	2.1	1.66	-1.0	1.0	1.0	1	-1.0	-1.0	1.0	-1.0	-1.0	1.0										-1.0			3.34										-1.0			1.84	0.15	0.15	1.04	0.05	0.05	0.58	3.49	1.04	0.0	0.0	18.22					1	-0.15	-0.15	0.14	-0.05	-0.05	0.26	0.14	0.0	0.0	90.82					-0.15	-0.15	-1.12	-0.05	-0.05	-0.33	-1.12	0.0	0.0	30.57					-0.15	-0.15	0.18	-0.05	-0.05	-0.08	0.18	0.0	0.0	17.31					0.1499999999999999	0.1499999999999999	0.8299999999999996	0.045592705167173175	0.04666476485711844	0.4229776763946267	0.8299999999999996	0.001273899388581733	0.0012398106801181363	18.217406545533912				
2025-05-27 07:00:00	3500	3.19	3.11	3.13	3.18	BELL.MI	1.75	1.79	1.74	1.78	2.1	1.66	-1.0	1.0	1.0	1	-1.0	-1.0	1.0	-1.0	-1.0	1.0										-1.0			3.34										-1.0			1.84	-0.04	-0.04	1.0	-0.01	-0.01	0.56	3.49	1.0	0.0	0.0	14.42					1	0.04	0.04	0.18	0.01	0.01	0.28	0.18	0.0	0.0	92.71					0.04	0.04	-1.08	0.01	0.01	-0.32	-1.08	0.0	0.0	34.21					0.04	0.04	0.22	0.01	0.01	-0.07	0.22	0.0	0.0	17.69					-0.040000000000000036	-0.040000000000000036	0.7899999999999996	-0.01273885350318471	-0.012658396871923465	0.40507858612551195	0.7899999999999996	0.0010153245955095633	0.0009807703654967082	14.417221005149827				
2025-05-28 07:00:00	17500	3.18	3.11	3.18	3.12	BELL.MI	1.78	1.78	1.74	1.75	2.1	1.66	-1.0	1.0	1.0	1	-1.0	-1.0	1.0	-1.0	-1.0	1.0										-1.0			3.34										-1.0			1.84	0.06	0.06	1.06	0.02	0.02	0.59	3.49	1.06	0.0	0.0	14.79					1	-0.06	-0.06	0.12	-0.02	-0.02	0.25	0.12	0.0	0.0	83.07					-0.06	-0.06	-1.14	-0.02	-0.02	-0.33	-1.14	0.0	0.0	33.65					-0.06	-0.06	0.16	-0.02	-0.02	-0.08	0.16	0.0	0.0	13.01					0.06000000000000005	0.06000000000000005	0.8499999999999996	0.018867924528301883	0.019048194970694474	0.4320993281663872	0.8499999999999996	0.0010493884419086105	0.0010145887362427164	14.793541245974751				
2025-05-29 07:00:00	5500	3.14	3.1	3.12	3.14	BELL.MI	1.75	1.76	1.74	1.76	2.1	1.66	-1.0	1.0	1.0	1	-1.0	-1.0	1.0	-1.0	-1.0	1.0		3.1								-1.0			3.34		1.74								-1.0			1.84	-0.02	-0.02	1.04	-0.01	-0.01	0.58	3.49	1.04	0.0	0.0	15.83					1	0.02	0.02	0.14	0.01	0.01	0.26	0.14	0.0	0.0	84.02					0.02	0.02	-1.12	0.01	0.01	-0.33	-1.12	0.0	0.0	32.99					0.02	0.02	0.18	0.01	0.01	-0.08	0.18	0.0	0.0	17.32					-0.020000000000000018	-0.020000000000000018	0.8299999999999996	-0.0064102564102563875	-0.006389798098770988	0.4229776763946267	0.8299999999999996	0.0011059540731976672	0.001071698085331363	15.834497781836475				
2025-05-30 07:00:00	6000	3.17	3.12	3.17	3.16	BELL.MI	1.78	1.78	1.75	1.77	2.1	1.66	-1.0	1.0	1.0	1	-1.0	-1.0	1.0	-1.0	-1.0	1.0										-1.0			3.34										-1.0			1.84	-0.02	-0.02	1.02	-0.01	-0.01	0.57	3.49	1.02	0.0	0.0	12.94					1	0.02	0.02	0.16	0.01	0.01	0.27	0.16	0.0	0.0	84.93					0.02	0.02	-1.1	0.01	0.01	-0.32	-1.1	0.0	0.0	33.31					0.02	0.02	0.2	0.01	0.01	-0.07	0.2	0.0	0.0	17.71					-0.020000000000000018	-0.020000000000000018	0.8099999999999996	-0.006369426751592355	-0.0063492276786587445	0.4139714885693442	0.8099999999999996	0.0009108663977911457	0.0008761673810218085	12.94374487930618				
2025-06-02 07:00:00	3000	3.18	3.16	3.17	3.18	BELL.MI	1.78	1.79	1.78	1.79	2.1	1.66	-1.0	1.0	1.0	1	-1.0	-1.0	1.0	-1.0	-1.0	1.0										-1.0			3.34	1.79									-1.0			1.84	-0.02	-0.02	1.0	-0.01	-0.01	0.56	3.49	1.0	0.0	0.0	14.98					1	0.02	0.02	0.18	0.01	0.01	0.28	0.18	0.0	0.0	85.81					0.02	0.02	-1.08	0.01	0.01	-0.32	-1.08	0.0	0.0	31.98					0.02	0.02	0.22	0.01	0.01	-0.07	0.22	0.0	0.0	23.17					-0.020000000000000018	-0.020000000000000018	0.7899999999999996	-0.006329113924050667	-0.006309169193264756	0.40507858612551195	0.7899999999999996	0.0010228003259249337	0.0009891500091574468	14.983593665814794				
2025-06-03 07:00:00	0	3.18	3.18	3.18	3.18	BELL.MI	1.78	1.78	1.78	1.78	2.1	1.66	-1.0	1.0	1.0	1	-1.0	-1.0	1.0	-1.0	-1.0	1.0	3.18									-1.0			3.34										-1.0			1.84	-0.0	-0.0	1.0	-0.0	-0.0	0.56	3.49	1.0	0.0	0.0	13.31					1	0.0	0.0	0.18	0.0	0.0	0.28	0.18	0.0	0.0	85.81					0.0	0.0	-1.08	0.0	0.0	-0.32	-1.08	0.0	0.0	36.87					0.0	0.0	0.22	0.0	0.0	-0.07	0.22	0.0	0.0	21.64					-0.0	-0.0	0.7899999999999996	-0.0	-0.0	0.40507858612551195	0.7899999999999996	0.0008810206012129099	0.0008483895917950068	13.312992479792705				
2025-06-04 07:00:00	44000	3.14	2.99	3.14	3.05	BELL.MI	1.76	1.76	1.68	1.71	2.1	1.66	-1.0	1.0	1.0	1	-1.0	-1.0	1.0	-1.0	-1.0	1.0										-1.0			3.34										-1.0			1.84	0.13	0.13	1.13	0.04	0.04	0.63	3.49	1.13	0.0	0.0	19.5					1	-0.13	-0.13	0.05	-0.04	-0.04	0.22	0.05	0.0	0.0	71.51					-0.13	-0.13	-1.21	-0.04	-0.04	-0.35	-1.21	0.0	0.0	29.79					-0.13	-0.13	0.09	-0.04	-0.04	-0.1	0.09	0.0	0.0	19.16					0.13000000000000034	0.13000000000000034	0.9199999999999999	0.04088050314465419	0.041739606172765314	0.46496718159971406	0.9199999999999999	0.0013364244299183497	0.0013028053025512243	19.499722084556886				
2025-06-05 07:00:00	6500	3.1	3.0	3.01	3.06	BELL.MI	1.68	1.73	1.67	1.7	2.1	1.66	-1.0	1.0	1.0	1	-1.0	-1.0	1.0	-1.0	-1.0	1.0		3.0								-1.0			3.34										-1.0			1.84	-0.01	-0.01	1.12	-0.0	-0.0	0.63	3.49	1.12	0.0	0.0	19.76					1	0.01	0.01	0.06	0.0	0.0	0.23	0.06	0.0	0.0	71.98					0.01	0.01	-1.2	0.0	0.0	-0.34	-1.2	0.0	0.0	29.62					0.01	0.01	0.1	0.0	0.0	-0.1	0.1	0.0	0.0	18.97					-0.010000000000000231	-0.010000000000000231	0.9099999999999997	-0.003278688524590345	-0.0032733253449693297	0.46017970715004153	0.9099999999999997	0.0013494785584660194	0.0013159831086284601	19.764239153504214				
2025-06-06 07:00:00	7500	3.08	3.07	3.07	3.08	BELL.MI	1.7	1.7	1.7	1.7	2.1	1.66	-1.0	1.0	1.0	1	-1.0	-1.0	1.0	-1.0	-1.0	1.0	3.08									-1.0			3.34										-1.0			1.84	-0.02	-0.02	1.1	-0.01	-0.01	0.61	3.49	1.1	0.0	0.0	16.0					1	0.02	0.02	0.08	0.01	0.01	0.24	0.08	0.0	0.0	72.88					0.02	0.02	-1.18	0.01	0.01	-0.34	-1.18	0.0	0.0	33.56					0.02	0.02	0.12	0.01	0.01	-0.09	0.12	0.0	0.0	22.87					-0.020000000000000018	-0.020000000000000018	0.8899999999999997	-0.006535947712418277	-0.006514681021193672	0.45069802073997645	0.8899999999999997	0.001084620203157562	0.0010511956078291806	15.997435000617408				
2025-06-09 07:00:00	500	3.04	3.04	3.04	3.04	BELL.MI	1.69	1.69	1.69	1.69	2.1	1.66	-1.0	1.0	1.0	1	-1.0	-1.0	1.0	-1.0	-1.0	1.0		3.04								-1.0			3.34		1.69								-1.0			1.84	0.04	0.04	1.14	0.01	0.01	0.64	3.49	1.14	0.0	0.0	19.77					1	-0.04	-0.04	0.04	-0.01	-0.01	0.22	0.04	0.0	0.0	65.98					-0.04	-0.04	-1.22	-0.01	-0.01	-0.35	-1.22	0.0	0.0	29.59					-0.04	-0.04	0.08	-0.01	-0.01	-0.11	0.08	0.0	0.0	18.95					0.040000000000000036	0.040000000000000036	0.9299999999999997	0.012987012987012991	0.013072081567352775	0.46978615259181833	0.9299999999999997	0.0013511251118570656	0.0013176062248994036	19.774627339155536				
2025-06-10 07:00:00	7000	3.12	3.01	3.09	3.08	BELL.MI	1.73	1.74	1.68	1.72	2.1	1.66	-1.0	1.0	1.0	1	-1.0	-1.0	1.0	-1.0	-1.0	1.0										-1.0			3.34										-1.0			1.84	-0.04	-0.04	1.1	-0.01	-0.01	0.61	3.49	1.1	0.0	0.0	15.04					1	0.04	0.04	0.08	0.01	0.01	0.24	0.08	0.0	0.0	67.78					0.04	0.04	-1.18	0.01	0.01	-0.34	-1.18	0.0	0.0	34.49					0.04	0.04	0.12	0.01	0.01	-0.09	0.12	0.0	0.0	23.8					-0.040000000000000036	-0.040000000000000036	0.8899999999999997	-0.013157894736842035	-0.0130720815673527	0.45069802073997667	0.8899999999999997	0.0010208917726212516	0.0009874396531501795	15.044227557306975				
2025-06-11 07:00:00	1500	3.12	3.03	3.03	3.12	BELL.MI	1.69	1.75	1.69	1.75	2.1	1.66	-1.0	1.0	1.0	1	-1.0	-1.0	1.0	-1.0	-1.0	1.0	3.12									-1.0			3.34										-1.0			1.84	-0.04	-0.04	1.06	-0.01	-0.01	0.59	3.49	1.06	0.0	0.0	16.11					1	0.04	0.04	0.12	0.01	0.01	0.25	0.12	0.0	0.0	69.45					0.04	0.04	-1.14	0.01	0.01	-0.33	-1.14	0.0	0.0	33.82					0.04	0.04	0.16	0.01	0.01	-0.08	0.16	0.0	0.0	23.04					-0.040000000000000036	-0.040000000000000036	0.8499999999999996	-0.012987012987013102	-0.012903404835908001	0.43209932816638696	0.8499999999999996	0.0010762247666675907	0.0010432835392275575	16.106484635959227				
2025-06-12 07:00:00	1500	3.1	3.07	3.07	3.1	BELL.MI	1.73	1.74	1.73	1.74	2.1	1.66	-1.0	1.0	1.0	1	-1.0	-1.0	1.0	-1.0	-1.0	1.0										-1.0			3.34	1.74									-1.0			1.84	0.02	0.02	1.08	0.01	0.01	0.6	3.49	1.08	0.0	0.0	14.85					1	-0.02	-0.02	0.1	-0.01	-0.01	0.24	0.1	0.0	0.0	64.21					-0.02	-0.02	-1.16	-0.01	-0.01	-0.34	-1.16	0.0	0.0	35.68					-0.02	-0.02	0.14	-0.01	-0.01	-0.09	0.14	0.0	0.0	24.75					0.020000000000000018	0.020000000000000018	0.8699999999999997	0.0064102564102563875	0.0064308903302904025	0.4413386786706863	0.8699999999999997	0.0009695548748317015	0.0009373738066797976	14.852176368562496				
2025-06-13 07:00:00	7500	3.11	3.01	3.07	3.02	BELL.MI	1.75	1.77	1.72	1.72	2.1	1.66	-1.0	1.0	1.0	1	-1.0	-1.0	1.0	-1.0	-1.0	1.0										-1.0			3.34										-1.0			1.84	0.08	0.08	1.16	0.03	0.03	0.65	3.49	1.16	0.0	0.0	19.56					1	-0.08	-0.08	0.02	-0.03	-0.03	0.21	0.02	0.0	0.0	55.29					-0.08	-0.08	-1.24	-0.03	-0.03	-0.35	-1.24	0.0	0.0	30.35					-0.08	-0.08	0.06	-0.03	-0.03	-0.11	0.06	0.0	0.0	19.58					0.08000000000000007	0.08000000000000007	0.9499999999999997	0.02580645161290329	0.02614528010432236	0.47951983572156553	0.9499999999999997	0.001307828278985203	0.0012750345658265605	19.56176369937222				
2025-06-16 07:00:00	8500	3.02	2.96	3.02	2.97	BELL.MI	1.7	1.7	1.67	1.67	2.1	1.66	-1.0	1.0	-1.0	0	-1.0	-1.0	1.0	-1.0	-1.0	1.0		2.96		2.96						-1.0			3.34		1.67								-1.0			1.84	0.05	0.05	1.21	0.02	0.02	0.67	3.44	1.21	0.0	0.0	24.16					1	-0.05	-0.05	-0.03	-0.02	-0.02	0.19	-0.03	0.0	0.0	48.51					-0.05	-0.05	-1.29	-0.02	-0.02	-0.36	-1.29	0.0	0.0	25.67					-0.05	-0.05	0.01	-0.02	-0.02	-0.13	0.01	0.0	0.0	14.92					0.04999999999999982	0.04999999999999982	0.9999999999999996	0.01655629139072845	0.016694878572169992	0.5044275770636792	0.9999999999999996	0.0016217264010850146	0.0015889785363925046	24.164957766114092				
2025-06-17 07:00:00	5500	3.03	2.97	2.98	2.97	BELL.MI	1.7	1.73	1.69	1.69	2.1	1.66	-1.0	1.0	-1.0	0	-1.0	-1.0	1.0	-1.0	-1.0	1.0										-1.0			3.34										-1.0			1.84	-0.0	-0.0	1.21	-0.0	-0.0	0.67	3.38	1.21	0.0	0.0	23.41					1	0.0	0.0	-0.03	0.0	0.0	0.19	-0.03	0.0	0.0	48.51					0.0	0.0	-1.29	0.0	0.0	-0.36	-1.29	0.0	0.0	29.26					0.0	0.0	0.01	0.0	0.0	-0.13	0.01	0.0	0.0	18.42					-0.0	-0.0	0.9999999999999996	-0.0	-0.0	0.5044275770636792	0.9999999999999996	0.0015478400515759223	0.0015155971506037869	23.414580305416465				
2025-06-18 07:00:00	49000	3.2	2.85	2.91	3.2	BELL.MI	1.66	1.82	1.62	1.82	2.1	1.62	-1.0	-1.0	-1.0	0	-1.0	-1.0	1.0	-1.0	-1.0	1.0										-1.0			3.34										-1.0			1.84	-0.23	-0.23	0.98	-0.08	-0.07	0.55	3.38	0.98	0.0	0.0	18.58					1	0.0	0.0	-0.03	0.0	0.0	0.19	-0.03	0.0	0.0	48.51					0.23	0.23	-1.06	0.08	0.07	-0.31	-1.06	0.0	0.0	32.29					0.23	0.23	0.24	0.08	0.07	-0.06	0.24	0.0	0.0	21.84					-0.22999999999999998	-0.22999999999999998	0.7699999999999996	-0.07744107744107742	-0.0745888569910726	0.3962968449622275	0.7699999999999996	0.0013145692710903331	0.0012800771215624174	18.577732215337676				
2025-06-19 07:00:00	25500	3.22	3.04	3.21	3.04	BELL.MI	1.85	1.86	1.75	1.75	2.1	1.62	-1.0	-1.0	-1.0	0	-1.0	-1.0	1.0	-1.0	-1.0	1.0	3.22		3.22							-1.0			3.34	1.86									-1.0			1.84	0.16	0.16	1.14	0.05	0.05	0.64	3.32	1.14	0.0	0.0	20.79					1	-0.0	-0.0	-0.03	-0.0	-0.0	0.19	-0.03	0.0	0.0	48.51					-0.16	-0.16	-1.22	-0.05	-0.05	-0.35	-1.22	0.0	0.0	28.93					-0.16	-0.16	0.08	-0.05	-0.05	-0.11	0.08	0.0	0.0	18.74					0.16000000000000014	0.16000000000000014	0.9299999999999997	0.050000000000000044	0.05129329438755058	0.46978615259181833	0.9299999999999997	0.0015386516766809702	0.0015025637414474158	20.78625501431189				
2025-06-20 07:00:00	2500	3.05	3.0	3.01	3.05	BELL.MI	1.72	1.75	1.72	1.75	2.1	1.62	-1.0	-1.0	-1.0	0	-1.0	-1.0	1.0	-1.0	-1.0	1.0										-1.0			3.34										-1.0			1.84	-0.01	-0.01	1.13	-0.0	-0.0	0.63	3.32	1.13	0.0	0.0	18.2					1	0.0	0.0	-0.03	0.0	0.0	0.19	-0.03	0.0	0.0	48.51					0.01	0.01	-1.21	0.0	0.0	-0.35	-1.21	0.0	0.0	29.1					0.01	0.01	0.09	0.0	0.0	-0.1	0.09	0.0	0.0	18.93					-0.009999999999999787	-0.009999999999999787	0.9199999999999999	-0.0032894736842103978	-0.0032840752011897975	0.4649671815997143	0.9199999999999999	0.001352426996544503	0.0013159796004993396	18.19968347792514				
2025-06-23 07:00:00	5500	3.05	2.99	3.04	2.99	BELL.MI	1.76	1.76	1.73	1.73	2.1	1.62	-1.0	-1.0	-1.0	0	-1.0	-1.0	1.0	-1.0	-1.0	1.0		2.99								-1.0			3.34										-1.0			1.84	0.06	0.06	1.19	0.02	0.02	0.66	3.22	1.19	0.0	0.0	23.67					1	-0.0	-0.0	-0.03	-0.0	-0.0	0.19	-0.03	0.0	0.0	48.51					-0.06	-0.06	-1.27	-0.02	-0.02	-0.36	-1.27	0.0	0.0	23.84					-0.06	-0.06	0.03	-0.02	-0.02	-0.12	0.03	0.0	0.0	13.62					0.05999999999999961	0.05999999999999961	0.9799999999999995	0.01967213114754085	0.01986820321672506	0.49436451634753453	0.9799999999999995	0.0017457600899648284	0.001709763780471718	23.674886973716767				
2025-06-24 07:00:00	15500	3.07	3.01	3.07	3.01	BELL.MI	1.75	1.75	1.71	1.71	2.1	1.62	-1.0	-1.0	-1.0	0	-1.0	-1.0	1.0	-1.0	-1.0	1.0	3.07									-1.0			3.34										-1.0			1.84	-0.02	-0.02	1.17	-0.01	-0.01	0.65	3.22	1.17	0.0	0.0	25.24					1	0.0	0.0	-0.03	0.0	0.0	0.19	-0.03	0.0	0.0	48.51					0.02	0.02	-1.25	0.01	0.01	-0.35	-1.25	0.0	0.0	22.83					0.02	0.02	0.05	0.01	0.01	-0.12	0.05	0.0	0.0	12.49					-0.019999999999999574	-0.019999999999999574	0.96	-0.006688963210702115	-0.006666691358189077	0.4844351840129997	0.96	0.0018208326437081277	0.0017855843533607363	25.24154531412009				
2025-06-25 07:00:00	3000	3.01	2.99	3.01	2.99	BELL.MI	1.72	1.72	1.71	1.71	1.97	1.62	-1.0	-1.0	-1.0	0	-1.0	-1.0	1.0	-1.0	-1.0	1.0										-1.0			3.34										-1.0			1.84	0.02	0.02	1.19	0.01	0.01	0.66	3.22	1.19	0.0	0.0	22.88					1	-0.0	-0.0	-0.03	-0.0	-0.0	0.19	-0.03	0.0	0.0	61.7					-0.02	-0.02	-1.27	-0.01	-0.01	-0.36	-1.27	0.0	0.0	26.37					-0.02	-0.02	0.03	-0.01	-0.01	-0.12	0.03	0.0	0.0	15.75					0.019999999999999574	0.019999999999999574	0.9799999999999995	0.006644518272425071	0.006666691358189122	0.49436451634753453	0.9799999999999995	0.0015712413759824454	0.0015377470465720577	22.879721675698462				
2025-06-26 07:00:00	1500	2.94	2.93	2.94	2.93	BELL.MI	1.68	1.68	1.67	1.67	1.95	1.62	-1.0	-1.0	-1.0	0	-1.0	-1.0	1.0	-1.0	-1.0	1.0										-1.0			3.34										-1.0			1.84	0.06	0.06	1.25	0.02	0.02	0.7	3.22	1.25	0.0	0.0	27.58					1	-0.0	-0.0	-0.03	-0.0	-0.0	0.19	-0.03	0.0	0.0	59.93					-0.06	-0.06	-1.33	-0.02	-0.02	-0.37	-1.33	0.0	0.0	21.51					-0.06	-0.06	-0.03	-0.02	-0.02	-0.14	-0.03	0.0	0.0	10.93					0.06000000000000005	0.06000000000000005	1.0399999999999996	0.02006688963210701	0.020270964373619107	0.5249658375014088	1.0399999999999996	0.0019085512821360121	0.0018749881827055948	27.58068089082036				
2025-06-27 07:00:00	3000	2.94	2.93	2.93	2.93	BELL.MI	1.66	1.66	1.66	1.66	1.95	1.62	-1.0	-1.0	-1.0	0	-1.0	-1.0	1.0	-1.0	-1.0	1.0										-1.0			3.34										-1.0			1.84	-0.0	-0.0	1.25	-0.0	-0.0	0.7	3.22	1.25	0.0	0.0	27.24					1	0.0	0.0	-0.03	0.0	0.0	0.19	-0.03	0.0	0.0	65.24					0.0	0.0	-1.33	0.0	0.0	-0.37	-1.33	0.0	0.0	24.44					0.0	0.0	-0.03	0.0	0.0	-0.14	-0.03	0.0	0.0	13.82					-0.0	-0.0	1.0399999999999996	-0.0	-0.0	0.5249658375014088	1.0399999999999996	0.00187132718389575	0.0018380168685832032	27.239429451610093				
2025-06-30 07:00:00	5000	2.94	2.9	2.94	2.9	BELL.MI	1.66	1.66	1.64	1.64	1.95	1.62	-1.0	-1.0	-1.0	0	-1.0	-1.0	1.0	-1.0	-1.0	1.0										-1.0			3.34										-1.0			1.84	0.03	0.03	1.28	0.01	0.01	0.71	3.22	1.28	0.0	0.0	27.79					1	-0.0	-0.0	-0.03	-0.0	-0.0	0.19	-0.03	0.0	0.0	65.24					-0.03	-0.03	-1.36	-0.01	-0.01	-0.38	-1.36	0.0	0.0	21.19					-0.03	-0.03	-0.06	-0.01	-0.01	-0.15	-0.06	0.0	0.0	10.64					0.03000000000000025	0.03000000000000025	1.0699999999999998	0.010238907849829393	0.010291686036547636	0.5407413461652166	1.0699999999999998	0.0019320481315113812	0.001898324979861865	27.793562396112257				
2025-07-01 07:00:00	0	2.9	2.9	2.9	2.9	BELL.MI	1.65	1.65	1.65	1.65	1.95	1.62	-1.0	-1.0	-1.0	0	-1.0	-1.0	1.0	-1.0	-1.0	1.0										-1.0			3.34										-1.0			1.84	-0.0	-0.0	1.28	-0.0	-0.0	0.71	3.22	1.28	0.0	0.0	27.79					1	0.0	0.0	-0.03	0.0	0.0	0.19	-0.03	0.0	0.0	65.24					0.0	0.0	-1.36	0.0	0.0	-0.38	-1.36	0.0	0.0	21.19					0.0	0.0	-0.06	0.0	0.0	-0.15	-0.06	0.0	0.0	10.64					-0.0	-0.0	1.0699999999999998	-0.0	-0.0	0.5407413461652166	1.0699999999999998	0.0019320481315113812	0.001898324979861865	27.793562396112257				
2025-07-02 07:00:00	2500	2.89	2.88	2.89	2.88	BELL.MI	1.63	1.63	1.63	1.63	1.95	1.62	-1.0	-1.0	-1.0	0	-1.0	-1.0	1.0	-1.0	-1.0	1.0		2.88								-1.0			3.34										-1.0			1.84	0.02	0.02	1.3	0.01	0.01	0.73	3.22	1.3	0.0	0.0	27.82					1	-0.0	-0.0	-0.03	-0.0	-0.0	0.19	-0.03	0.0	0.0	70.62					-0.02	-0.02	-1.38	-0.01	-0.01	-0.38	-1.38	0.0	0.0	21.14					-0.02	-0.02	-0.08	-0.01	-0.01	-0.15	-0.08	0.0	0.0	10.6					0.020000000000000018	0.020000000000000018	1.0899999999999999	0.006896551724137945	0.006920442844573795	0.5514409388469195	1.0899999999999999	0.0019354183009902782	0.0019016721619644628	27.82393784062878				
2025-07-03 07:00:00	500	2.89	2.89	2.89	2.89	BELL.MI	1.63	1.63	1.63	1.63	1.95	1.62	-1.0	-1.0	-1.0	0	-1.0	-1.0	1.0	-1.0	-1.0	1.0	2.89									-1.0			3.34										-1.0			1.84	-0.01	-0.01	1.29	-0.0	-0.0	0.72	3.22	1.29	0.0	0.0	22.88					1	0.0	0.0	-0.03	0.0	0.0	0.19	-0.03	0.0	0.0	83.94					0.01	0.01	-1.37	0.0	0.0	-0.38	-1.37	0.0	0.0	27.07					0.01	0.01	-0.07	0.0	0.0	-0.15	-0.07	0.0	0.0	16.29					-0.010000000000000231	-0.010000000000000231	1.0799999999999996	-0.003472222222222321	-0.003466207976486329	0.5460726311000441	1.0799999999999996	0.0015278291908699952	0.0014952703226080999	22.883820621997238				
2025-07-04 07:00:00	4000	2.86	2.86	2.86	2.86	BELL.MI	1.62	1.62	1.62	1.62	1.95	1.62	-1.0	-1.0	-1.0	0	-1.0	-1.0	1.0	-1.0	-1.0	1.0										-1.0			3.34										-1.0			1.84	0.03	0.03	1.32	0.01	0.01	0.74	3.22	1.32	0.0	0.0	27.18					1	-0.0	-0.0	-0.03	-0.0	-0.0	0.19	-0.03	0.0	0.0	83.94					-0.03	-0.03	-1.4	-0.01	-0.01	-0.39	-1.4	0.0	0.0	27.32					-0.03	-0.03	-0.1	-0.01	-0.01	-0.16	-0.1	0.0	0.0	12.1					0.03000000000000025	0.03000000000000025	1.1099999999999999	0.01038062283737029	0.010434877292579619	0.5622901761815133	1.1099999999999999	0.001806821556733737	0.0017745996055358315	27.179905156273286				
2025-07-07 07:00:00	8000	2.85	2.79	2.84	2.82	BELL.MI	1.6	1.6	1.57	1.59	1.95	1.57	-1.0	-1.0	-1.0	-1	-1.0	-1.0	1.0	-1.0	-1.0	1.0		2.79								-1.0			3.34										-1.0			1.84	0.04	0.04	1.36	0.01	0.01	0.76	3.22	1.36	0.0	0.0	31.05					1	-0.0	-0.0	-0.03	-0.0	-0.0	0.19	-0.03	0.0	0.0	83.94					-0.04	-0.04	-1.44	-0.01	-0.01	-0.4	-1.44	0.0	0.0	26.64					-0.04	-0.04	-0.14	-0.01	-0.01	-0.17	-0.14	0.0	0.0	8.1					0.040000000000000036	0.040000000000000036	1.15	0.013986013986013957	0.014084739881738972	0.5844503205245135	1.15	0.002080594842450178	0.002048330207496507	31.04655550801497				
2025-07-08 07:00:00	7000	2.87	2.76	2.86	2.85	BELL.MI	1.6	1.61	1.54	1.59	1.95	1.54	-1.0	-1.0	-1.0	-1	-1.0	-1.0	1.0	-1.0	-1.0	1.0										-1.0			3.34										-1.0			1.84	-0.03	-0.03	1.33	-0.01	-0.01	0.74	3.22	1.33	0.0	0.0	31.28					1	-0.03	-0.03	-0.06	-0.01	-0.01	0.18	-0.06	0.0	0.0	77.18					0.03	0.03	-1.41	0.01	0.01	-0.39	-1.41	0.0	0.0	30.86					0.03	0.03	-0.11	0.01	0.01	-0.16	-0.11	0.0	0.0	7.93					-0.03000000000000025	-0.03000000000000025	1.1199999999999997	-0.010638297872340496	-0.010582109330537008	0.5677718960979394	1.1199999999999997	0.0020898800244716622	0.002057707081558169	31.27870837613508				
2025-07-09 07:00:00	1500	2.85	2.85	2.85	2.85	BELL.MI	1.57	1.57	1.57	1.57	1.95	1.54	-1.0	-1.0	-1.0	-1	-1.0	-1.0	1.0	-1.0	-1.0	1.0										-1.0			3.34		1.57								-1.0			1.84	-0.0	-0.0	1.33	-0.0	-0.0	0.74	3.22	1.33	0.0	0.0	30.93					1	-0.0	-0.0	-0.06	-0.0	-0.0	0.18	-0.06	0.0	0.0	77.18					0.0	0.0	-1.41	0.0	0.0	-0.39	-1.41	0.0	0.0	30.5					0.0	0.0	-0.11	0.0	0.0	-0.16	-0.11	0.0	0.0	10.87					-0.0	-0.0	1.1199999999999997	-0.0	-0.0	0.5677718960979394	1.1199999999999997	0.00205129468248992	0.002019373021734161	30.93146255361389				
2025-07-10 07:00:00	6500	2.92	2.85	2.85	2.91	BELL.MI	1.58	1.62	1.58	1.61	1.95	1.54	-1.0	-1.0	-1.0	-1	-1.0	-1.0	1.0	-1.0	-1.0	1.0										-1.0			3.34										-1.0			1.84	-0.06	-0.06	1.27	-0.02	-0.02	0.71	3.22	1.27	0.0	0.0	29.51					1	-0.06	-0.06	-0.12	-0.02	-0.02	0.16	-0.12	0.0	0.0	68.26					0.06	0.06	-1.35	0.02	0.02	-0.38	-1.35	0.0	0.0	34.69					0.06	0.06	-0.05	0.02	0.02	-0.14	-0.05	0.0	0.0	11.89					-0.06000000000000005	-0.06000000000000005	1.0599999999999996	-0.021052631578947434	-0.020834086902842053	0.5354467023639613	1.0599999999999996	0.001993681896199713	0.001961191404188156	29.513089509209188				
2025-07-11 07:00:00	4000	2.96	2.88	2.96	2.88	BELL.MI	1.66	1.66	1.61	1.61	1.95	1.54	-1.0	-1.0	-1.0	-1	-1.0	-1.0	1.0	-1.0	-1.0	1.0	2.96									-1.0			3.34	1.66									-1.0			1.84	0.03	0.03	1.3	0.01	0.01	0.73	3.22	1.3	0.0	0.0	35.06					1	0.03	0.03	-0.09	0.01	0.01	0.17	-0.09	0.0	0.0	69.66					-0.03	-0.03	-1.38	-0.01	-0.01	-0.38	-1.38	0.0	0.0	36.14					-0.03	-0.03	-0.08	-0.01	-0.01	-0.15	-0.08	0.0	0.0	6.82					0.03000000000000025	0.03000000000000025	1.0899999999999999	0.010309278350515538	0.01036278703554666	0.5514409388469192	1.0899999999999999	0.002320162577556255	0.0022885432932182592	35.062786306294115				
2025-07-14 07:00:00	22500	2.96	2.78	2.83	2.92	BELL.MI	1.58	1.66	1.55	1.63	1.95	1.54	-1.0	-1.0	-1.0	-1	-1.0	-1.0	1.0	-1.0	-1.0	1.0		2.78		2.78						-1.0			3.34		1.55		1.55						-1.0			1.84	-0.04	-0.04	1.26	-0.01	-0.01	0.7	3.22	1.26	0.0	0.0	30.87					1	-0.04	-0.04	-0.13	-0.01	-0.01	0.15	-0.13	0.0	0.0	62.72					0.04	0.04	-1.34	0.01	0.01	-0.37	-1.34	0.0	0.0	36.53					0.04	0.04	-0.04	0.01	0.01	-0.14	-0.04	0.0	0.0	10.77					-0.040000000000000036	-0.040000000000000036	1.0499999999999998	-0.01388888888888884	-0.01379332213233577	0.5301883232462767	1.0499999999999998	0.002064338883739239	0.0020321438303805284	30.865386214674558				
2025-07-15 07:00:00	0	2.92	2.92	2.92	2.92	BELL.MI	1.64	1.64	1.64	1.64	1.95	1.54	-1.0	-1.0	-1.0	-1	-1.0	-1.0	1.0	-1.0	-1.0	1.0										-1.0			3.34										-1.0			1.84	-0.0	-0.0	1.26	-0.0	-0.0	0.7	3.22	1.26	0.0	0.0	30.52					1	-0.0	-0.0	-0.13	-0.0	-0.0	0.15	-0.13	0.0	0.0	62.72					0.0	0.0	-1.34	0.0	0.0	-0.37	-1.34	0.0	0.0	36.2					0.0	0.0	-0.04	0.0	0.0	-0.14	-0.04	0.0	0.0	13.71					-0.0	-0.0	1.0499999999999998	-0.0	-0.0	0.5301883232462767	1.0499999999999998	0.0020264838685796504	0.0019945354380577207	30.522903479922647				
2025-07-16 07:00:00	15000	3.09	2.91	2.91	3.09	BELL.MI	1.64	1.75	1.64	1.75	1.95	1.54	-1.0	-1.0	-1.0	-1	-1.0	-1.0	1.0	-1.0	-1.0	1.0										-1.0			3.34										-1.0			1.84	-0.17	-0.17	1.09	-0.06	-0.06	0.61	3.22	1.09	0.0	0.0	21.8					1	-0.17	-0.17	-0.3	-0.06	-0.06	0.09	-0.3	0.0	0.0	48.1					0.17	0.17	-1.17	0.06	0.06	-0.34	-1.17	0.0	0.0	38.08					0.17	0.17	0.13	0.06	0.06	-0.09	0.13	0.0	0.0	21.34					-0.16999999999999993	-0.16999999999999993	0.8799999999999999	-0.05821917808219168	-0.05658747462946362	0.4460032051388765	0.8799999999999999	0.0015182185363646502	0.0014845118996780204	21.802403858246855				
2025-07-17 07:00:00	7000	3.1	2.98	3.03	3.1	BELL.MI	1.7	1.74	1.67	1.74	1.95	1.54	-1.0	-1.0	-1.0	0	-1.0	-1.0	1.0	-1.0	-1.0	1.0										-1.0			3.34										-1.0			1.84	-0.01	-0.01	1.08	-0.0	-0.0	0.6	3.1	1.08	0.0	0.0	18.74					1	-0.01	-0.01	-0.31	-0.0	-0.0	0.08	-0.31	0.0	0.0	43.75					0.01	0.01	-1.16	0.0	0.0	-0.34	-1.16	0.0	0.0	37.93					0.01	0.01	0.14	0.0	0.0	-0.09	0.14	0.0	0.0	24.48					-0.010000000000000231	-0.010000000000000231	0.8699999999999997	-0.003236245954692629	-0.00323102058144654	0.44133867867068655	0.8699999999999997	0.0013002117287391687	0.0012664002075521985	18.744667224761976				
2025-07-18 07:00:00	7500	3.15	3.08	3.15	3.1	BELL.MI	1.76	1.76	1.72	1.73	1.95	1.54	-1.0	-1.0	-1.0	0	-1.0	-1.0	1.0	-1.0	-1.0	1.0										-1.0			3.34										-1.0			1.84	-0.0	-0.0	1.08	-0.0	-0.0	0.6	3.15	1.08	0.0	0.0	24.53					1	0.0	0.0	-0.31	0.0	0.0	0.08	-0.31	0.0	0.0	43.75					0.0	0.0	-1.16	0.0	0.0	-0.34	-1.16	0.0	0.0	44.37					0.0	0.0	0.14	0.0	0.0	-0.09	0.14	0.0	0.0	22.19					-0.0	-0.0	0.8699999999999997	-0.0	-0.0	0.44133867867068655	0.8699999999999997	0.0016234904889603874	0.0015914428249750312	24.526457682526996				
2025-07-21 07:00:00	23000	3.18	3.01	3.1	3.18	BELL.MI	1.73	1.78	1.68	1.78	1.95	1.54	-1.0	-1.0	1.0	0	-1.0	-1.0	1.0	-1.0	-1.0	1.0										-1.0			3.34										-1.0			1.84	-0.08	-0.08	1.0	-0.03	-0.03	0.56	3.18	1.0	0.0	0.0	18.22					1	0.0	0.0	-0.31	0.0	0.0	0.08	-0.31	0.0	0.0	43.75					0.08	0.08	-1.08	0.03	0.03	-0.32	-1.08	0.0	0.0	44.38					0.08	0.08	0.22	0.03	0.03	-0.07	0.22	0.0	0.0	28.47					-0.08000000000000007	-0.08000000000000007	0.7899999999999996	-0.02580645161290329	-0.025479085300984968	0.40507858612551195	0.7899999999999996	0.0012068853780109814	0.0011745996434018302	18.224650880343333				
2025-07-22 07:00:00	4500	3.18	3.12	3.18	3.12	BELL.MI	1.78	1.78	1.75	1.75	1.95	1.54	-1.0	-1.0	1.0	0	-1.0	-1.0	1.0	-1.0	-1.0	1.0	3.18									-1.0			3.34	1.78		1.78							-1.0			1.84	0.06	0.06	1.06	0.02	0.02	0.59	3.18	1.06	0.0	0.0	22.42					1	-0.0	-0.0	-0.31	-0.0	-0.0	0.08	-0.31	0.0	0.0	43.75					-0.06	-0.06	-1.14	-0.02	-0.02	-0.33	-1.14	0.0	0.0	43.0					-0.06	-0.06	0.16	-0.02	-0.02	-0.08	0.16	0.0	0.0	23.91					0.06000000000000005	0.06000000000000005	0.8499999999999996	0.018867924528301883	0.019048194970694474	0.4320993281663872	0.8499999999999996	0.001508233694651096	0.0014756749044149142	22.42229176157619				
2025-07-23 07:00:00	0	3.12	3.12	3.12	3.12	BELL.MI	1.72	1.72	1.72	1.72	1.95	1.54	-1.0	-1.0	1.0	0	-1.0	-1.0	1.0	-1.0	-1.0	1.0										-1.0			3.34		1.72								-1.0			1.84	-0.0	-0.0	1.06	-0.0	-0.0	0.59	3.18	1.06	0.0	0.0	22.42					1	0.0	0.0	-0.31	0.0	0.0	0.08	-0.31	0.0	0.0	43.75					0.0	0.0	-1.14	0.0	0.0	-0.33	-1.14	0.0	0.0	43.0					0.0	0.0	0.16	0.0	0.0	-0.08	0.16	0.0	0.0	23.91					-0.0	-0.0	0.8499999999999996	-0.0	-0.0	0.4320993281663872	0.8499999999999996	0.001508233694651096	0.0014756749044149142	22.42229176157619				
2025-07-24 07:00:00	7500	3.17	3.08	3.16	3.09	BELL.MI	1.75	1.75	1.7	1.71	1.95	1.54	-1.0	-1.0	1.0	0	-1.0	-1.0	1.0	-1.0	-1.0	1.0		3.08								-1.0			3.34										-1.0			1.84	0.03	0.03	1.09	0.01	0.01	0.61	3.18	1.09	0.0	0.0	22.62					1	-0.0	-0.0	-0.31	-0.0	-0.0	0.08	-0.31	0.0	0.0	43.75					-0.03	-0.03	-1.17	-0.01	-0.01	-0.34	-1.17	0.0	0.0	39.23					-0.03	-0.03	0.13	-0.01	-0.01	-0.09	0.13	0.0	0.0	23.62					0.03000000000000025	0.03000000000000025	0.8799999999999999	0.009615384615384692	0.009661910911736972	0.4460032051388765	0.8799999999999999	0.0015275391602475956	0.001494850844285578	22.619405723108223				
2025-07-25 07:00:00	1000	3.18	3.13	3.13	3.18	BELL.MI	1.73	1.75	1.73	1.75	1.95	1.54	-1.0	-1.0	1.0	0	-1.0	-1.0	1.0	-1.0	-1.0	1.0	3.18		3.18							-1.0			3.34	1.75									-1.0			1.84	-0.09	-0.09	1.0	-0.03	-0.03	0.56	3.18	1.0	0.0	0.0	14.79					1	0.0	0.0	-0.31	0.0	0.0	0.08	-0.31	0.0	0.0	43.75					0.09	0.09	-1.08	0.03	0.03	-0.32	-1.08	0.0	0.0	38.37					0.09	0.09	0.22	0.03	0.03	-0.07	0.22	0.0	0.0	32.02					-0.0900000000000003	-0.0900000000000003	0.7899999999999996	-0.02912621359223322	-0.028710105882431575	0.40507858612551173	0.7899999999999996	0.0009763216029011843	0.0009440788013694856	14.787591695062048				
2025-07-28 07:00:00	19500	3.14	3.05	3.1	3.09	BELL.MI	1.71	1.73	1.68	1.7	1.95	1.54	-1.0	-1.0	1.0	0	-1.0	-1.0	1.0	-1.0	-1.0	1.0		3.05								-1.0			3.34		1.68								-1.0			1.84	0.09	0.09	1.09	0.03	0.03	0.61	3.18	1.09	0.0	0.0	20.8					1	-0.0	-0.0	-0.31	-0.0	-0.0	0.08	-0.31	0.0	0.0	43.75					-0.09	-0.09	-1.17	-0.03	-0.03	-0.34	-1.17	0.0	0.0	37.47					-0.09	-0.09	0.13	-0.03	-0.03	-0.09	0.13	0.0	0.0	25.69					0.0900000000000003	0.0900000000000003	0.8799999999999999	0.028301886792452935	0.02871010588243148	0.44600320513887626	0.8799999999999999	0.0013900803942352626	0.0013577221701095432	20.79792982044703				
2025-07-29 07:00:00	2000	3.18	3.14	3.14	3.14	BELL.MI	1.71	1.73	1.71	1.71	1.95	1.54	-1.0	-1.0	1.0	0	-1.0	-1.0	1.0	-1.0	-1.0	1.0	3.18									-1.0			3.34	1.73									-1.0			1.84	-0.05	-0.05	1.04	-0.02	-0.02	0.58	3.18	1.04	0.0	0.0	15.24					1	0.0	0.0	-0.31	0.0	0.0	0.08	-0.31	0.0	0.0	43.75					0.05	0.05	-1.12	0.02	0.02	-0.33	-1.12	0.0	0.0	36.92					0.05	0.05	0.18	0.02	0.02	-0.08	0.18	0.0	0.0	31.6					-0.050000000000000266	-0.050000000000000266	0.8299999999999996	-0.016181229773462924	-0.016051709010508043	0.42297767639462647	0.8299999999999996	0.0010044709086820514	0.0009723020173599828	15.24424796398364				
2025-07-30 07:00:00	13000	3.12	3.05	3.08	3.05	BELL.MI	1.66	1.68	1.65	1.65	1.95	1.54	-1.0	-1.0	1.0	0	-1.0	-1.0	1.0	-1.0	-1.0	1.0										-1.0			3.34		1.65								-1.0			1.84	0.09	0.09	1.13	0.03	0.03	0.63	3.18	1.13	0.0	0.0	21.88					1	-0.0	-0.0	-0.31	-0.0	-0.0	0.08	-0.31	0.0	0.0	52.28					-0.09	-0.09	-1.21	-0.03	-0.03	-0.35	-1.21	0.0	0.0	36.68					-0.09	-0.09	0.09	-0.03	-0.03	-0.1	0.09	0.0	0.0	24.83					0.0900000000000003	0.0900000000000003	0.9199999999999999	0.02866242038216571	0.02908120930084185	0.46496718159971406	0.9199999999999999	0.0014478446774192576	0.0014158124917533765	21.879095232929863				
2025-07-31 07:00:00	8500	3.09	3.0	3.02	3.05	BELL.MI	1.66	1.69	1.64	1.67	1.95	1.54	-1.0	-1.0	1.0	0	-1.0	-1.0	1.0	-1.0	-1.0	1.0										-1.0			3.34										-1.0			1.84	-0.0	-0.0	1.13	-0.0	-0.0	0.63	3.18	1.13	0.0	0.0	21.88					1	0.0	0.0	-0.31	0.0	0.0	0.08	-0.31	0.0	0.0	52.28					0.0	0.0	-1.21	0.0	0.0	-0.35	-1.21	0.0	0.0	36.68					0.0	0.0	0.09	0.0	0.0	-0.1	0.09	0.0	0.0	24.83					-0.0	-0.0	0.9199999999999999	-0.0	-0.0	0.46496718159971406	0.9199999999999999	0.0014478446774192576	0.0014158124917533765	21.879095232929863				
2025-08-01 07:00:00	1500	2.98	2.98	2.98	2.98	BELL.MI	1.68	1.68	1.68	1.68	1.95	1.54	-1.0	-1.0	1.0	0	-1.0	-1.0	1.0	-1.0	-1.0	1.0										-1.0			3.34	1.68									-1.0			1.84	0.07	0.07	1.2	0.02	0.02	0.67	3.18	1.2	0.0	0.0	22.49					1	-0.0	-0.0	-0.31	-0.0	-0.0	0.08	-0.31	0.0	0.0	50.34					-0.07	-0.07	-1.28	-0.02	-0.02	-0.36	-1.28	0.0	0.0	31.27					-0.07	-0.07	0.02	-0.02	-0.02	-0.12	0.02	0.0	0.0	23.94					0.06999999999999984	0.06999999999999984	0.9899999999999998	0.022950819672131084	0.023218290102007107	0.49937916237554614	0.9899999999999998	0.0015066857511959763	0.0014742611696207941	22.491968238600933				
2025-08-04 07:00:00	7000	2.98	2.92	2.98	2.92	BELL.MI	1.65	1.65	1.61	1.61	1.95	1.54	-1.0	-1.0	1.0	0	-1.0	-1.0	1.0	-1.0	-1.0	1.0										-1.0			3.34										-1.0			1.84	0.06	0.06	1.26	0.02	0.02	0.7	3.18	1.26	0.0	0.0	23.31					1	-0.0	-0.0	-0.31	-0.0	-0.0	0.08	-0.31	0.0	0.0	49.31					-0.06	-0.06	-1.34	-0.02	-0.02	-0.37	-1.34	0.0	0.0	26.62					-0.06	-0.06	-0.04	-0.02	-0.02	-0.14	-0.04	0.0	0.0	22.74					0.06000000000000005	0.06000000000000005	1.0499999999999998	0.020134228187919434	0.020339684237122672	0.5301883232462765	1.0499999999999998	0.0015872248581053016	0.001554259339377806	23.307121969607458				
2025-08-05 07:00:00	0	2.92	2.92	2.92	2.92	BELL.MI	1.61	1.61	1.61	1.61	1.95	1.54	-1.0	-1.0	1.0	0	-1.0	-1.0	1.0	-1.0	-1.0	1.0										-1.0			3.34										-1.0			1.84	-0.0	-0.0	1.26	-0.0	-0.0	0.7	3.18	1.26	0.0	0.0	22.5					1	0.0	0.0	-0.31	0.0	0.0	0.08	-0.31	0.0	0.0	47.12					0.0	0.0	-1.34	0.0	0.0	-0.37	-1.34	0.0	0.0	25.82					0.0	0.0	-0.04	0.0	0.0	-0.14	-0.04	0.0	0.0	26.37					-0.0	-0.0	1.0499999999999998	-0.0	-0.0	0.5301883232462765	1.0499999999999998	0.0015074939150216357	0.001475063927508069	22.500282321021267				
2025-08-06 07:00:00	15000	2.96	2.88	2.89	2.93	BELL.MI	1.58	1.62	1.58	1.61	1.95	1.54	-1.0	-1.0	1.0	0	-1.0	-1.0	1.0	-1.0	-1.0	1.0										-1.0			3.34										-1.0			1.84	-0.01	-0.01	1.25	-0.0	-0.0	0.7	3.18	1.25	0.0	0.0	19.76					1	0.0	0.0	-0.31	0.0	0.0	0.08	-0.31	0.0	0.0	47.12					0.01	0.01	-1.33	0.0	0.0	-0.37	-1.33	0.0	0.0	26.02					0.01	0.01	-0.03	0.0	0.0	-0.14	-0.03	0.0	0.0	26.57					-0.010000000000000231	-0.010000000000000231	1.0399999999999996	-0.0034246575342467	-0.0034188067487856823	0.5249658375014084	1.0399999999999996	0.0013294278056023303	0.001296634561014809	19.759658687826203				
2025-08-07 07:00:00	3000	2.93	2.92	2.93	2.92	BELL.MI	1.59	1.59	1.59	1.59	1.95	1.54	-1.0	-1.0	1.0	0	-1.0	-1.0	1.0	-1.0	-1.0	1.0										-1.0			3.34										-1.0			1.84	0.01	0.01	1.26	0.0	0.0	0.7	3.18	1.26	0.0	0.0	26.75					1	-0.0	-0.0	-0.31	-0.0	-0.0	0.08	-0.31	0.0	0.0	60.61					-0.01	-0.01	-1.34	-0.0	-0.0	-0.37	-1.34	0.0	0.0	29.99					-0.01	-0.01	-0.04	-0.0	-0.0	-0.14	-0.04	0.0	0.0	20.88					0.010000000000000231	0.010000000000000231	1.0499999999999998	0.0034129692832765013	0.003418806748785609	0.5301883232462763	1.0499999999999998	0.0017043798312725103	0.0016735105625971247	26.74790247777787				
2025-08-08 07:00:00	7000	2.9	2.86	2.86	2.9	BELL.MI	1.54	1.57	1.54	1.57	1.95	1.54	-1.0	-1.0	-1.0	0	-1.0	-1.0	1.0	-1.0	-1.0	1.0										-1.0			3.34										-1.0			1.84	0.02	0.02	1.28	0.01	0.01	0.71	3.18	1.28	0.0	0.0	26.37					1	-0.0	-0.0	-0.31	-0.0	-0.0	0.08	-0.31	0.0	0.0	58.43					-0.02	-0.02	-1.36	-0.01	-0.01	-0.38	-1.36	0.0	0.0	26.02					-0.02	-0.02	-0.06	-0.01	-0.01	-0.15	-0.06	0.0	0.0	21.43					0.020000000000000018	0.020000000000000018	1.0699999999999998	0.006849315068493178	0.006872879287762064	0.5407413461652162	1.0699999999999998	0.0016678045378229248	0.0016371735123803521	26.371979151195518				
2025-08-11 07:00:00	11500	2.9	2.82	2.86	2.9	BELL.MI	1.55	1.57	1.52	1.57	1.95	1.52	-1.0	-1.0	-1.0	-1	-1.0	-1.0	1.0	-1.0	-1.0	1.0		2.82								-1.0			3.34										-1.0			1.84	-0.0	-0.0	1.28	-0.0	-0.0	0.71	3.18	1.28	0.0	0.0	25.55					1	0.0	0.0	-0.31	0.0	0.0	0.08	-0.31	0.0	0.0	56.08					0.0	0.0	-1.36	0.0	0.0	-0.38	-1.36	0.0	0.0	25.17					0.0	0.0	-0.06	0.0	0.0	-0.15	-0.06	0.0	0.0	25.17					-0.0	-0.0	1.0699999999999998	-0.0	-0.0	0.5407413461652162	1.0699999999999998	0.0015896576999978036	0.001559532635753813	25.54940199985986				
2025-08-12 07:00:00	1500	2.89	2.85	2.85	2.89	BELL.MI	1.53	1.55	1.53	1.55	1.95	1.52	-1.0	-1.0	-1.0	-1	-1.0	-1.0	1.0	-1.0	-1.0	1.0	2.89									-1.0			3.34										-1.0			1.84	0.01	0.01	1.29	0.0	0.0	0.72	3.18	1.29	0.0	0.0	24.91					1	0.01	0.01	-0.3	0.0	0.0	0.09	-0.3	0.0	0.0	54.2					-0.01	-0.01	-1.37	-0.0	-0.0	-0.38	-1.37	0.0	0.0	21.4					-0.01	-0.01	-0.07	-0.0	-0.0	-0.15	-0.07	0.0	0.0	26.12					0.009999999999999787	0.009999999999999787	1.0799999999999996	0.0034482758620688614	0.003454234868087446	0.5460726311000437	1.0799999999999996	0.0015308418657598902	0.0015010948456077866	24.912247863378695				
2025-08-13 07:00:00	500	2.88	2.88	2.88	2.88	BELL.MI	1.53	1.53	1.53	1.53	1.95	1.52	-1.0	-1.0	-1.0	-1	-1.0	-1.0	1.0	-1.0	-1.0	1.0										-1.0			3.34										-1.0			1.84	0.01	0.01	1.3	0.0	0.0	0.73	3.18	1.3	0.0	0.0	29.06					1	0.01	0.01	-0.29	0.0	0.0	0.09	-0.29	0.0	0.0	62.31					-0.01	-0.01	-1.38	-0.0	-0.0	-0.38	-1.38	0.0	0.0	22.33					-0.01	-0.01	-0.08	-0.0	-0.0	-0.15	-0.08	0.0	0.0	22.33					0.010000000000000231	0.010000000000000231	1.0899999999999999	0.0034602076124568004	0.003466207976486284	0.551440938846919	1.0899999999999999	0.0017621287543586762	0.001732990058614714	29.05698165280326				
2025-08-14 07:00:00	26500	2.89	2.75	2.82	2.89	BELL.MI	1.49	1.52	1.45	1.52	1.95	1.45	-1.0	-1.0	-1.0	-1	-1.0	-1.0	1.0	-1.0	-1.0	1.0										-1.0			3.34										-1.0			1.84	-0.01	-0.01	1.29	-0.0	-0.0	0.72	3.18	1.29	0.0	0.0	26.13					1	-0.01	-0.01	-0.3	-0.0	-0.0	0.09	-0.3	0.0	0.0	57.09					0.01	0.01	-1.37	0.0	0.0	-0.38	-1.37	0.0	0.0	22.57					0.01	0.01	-0.07	0.0	0.0	-0.15	-0.07	0.0	0.0	22.57					-0.010000000000000231	-0.010000000000000231	1.0799999999999996	-0.003472222222222321	-0.003466207976486329	0.5460726311000437	1.0799999999999996	0.0015921154234793417	0.0015626162098143492	26.134099519190805				
2025-08-18 07:00:00	1000	2.82	2.82	2.82	2.82	BELL.MI	1.49	1.49	1.49	1.49	1.95	1.45	-1.0	-1.0	-1.0	-1	-1.0	-1.0	1.0	-1.0	-1.0	1.0		2.82								-1.0			3.34										-1.0			1.84	0.07	0.07	1.36	0.02	0.02	0.76	3.18	1.36	0.0	0.0	26.84					1	0.07	0.07	-0.23	0.02	0.02	0.12	-0.23	0.0	0.0	59.14					-0.07	-0.07	-1.44	-0.02	-0.02	-0.4	-1.44	0.0	0.0	16.84					-0.07	-0.07	-0.14	-0.02	-0.02	-0.17	-0.14	0.0	0.0	21.54					0.07000000000000028	0.07000000000000028	1.15	0.02422145328719738	0.024519617174318727	0.5844503205245131	1.15	0.0016575853448481922	0.0016276669271149125	26.836259905037174				
2025-08-19 07:00:00	500	2.85	2.85	2.85	2.85	BELL.MI	1.49	1.49	1.49	1.49	1.95	1.45	-1.0	-1.0	-1.0	-1	-1.0	-1.0	1.0	-1.0	-1.0	1.0	2.85									-1.0			3.34										-1.0			1.84	-0.03	-0.03	1.33	-0.01	-0.01	0.74	3.18	1.33	0.0	0.0	27.13					1	-0.03	-0.03	-0.26	-0.01	-0.01	0.1	-0.26	0.0	0.0	59.79					0.03	0.03	-1.41	0.01	0.01	-0.39	-1.41	0.0	0.0	21.34					0.03	0.03	-0.11	0.01	0.01	-0.16	-0.11	0.0	0.0	21.34					-0.03000000000000025	-0.03000000000000025	1.1199999999999997	-0.010638297872340496	-0.010582109330537008	0.5677718960979392	1.1199999999999997	0.001669233079954768	0.001639423112054228	27.125959641544846				
2025-08-20 07:00:00	16000	2.85	2.75	2.81	2.81	BELL.MI	1.47	1.49	1.44	1.47	1.95	1.44	-1.0	-1.0	-1.0	-1	-1.0	-1.0	1.0	-1.0	-1.0	1.0		2.75		2.75		2.75				-1.0			3.34										-1.0			1.84	0.04	0.04	1.37	0.01	0.01	0.77	3.18	1.37	0.0	0.0	27.17					1	0.04	0.04	-0.22	0.01	0.01	0.12	-0.22	0.0	0.0	59.91					-0.04	-0.04	-1.45	-0.01	-0.01	-0.4	-1.45	0.0	0.0	21.28					-0.04	-0.04	-0.15	-0.01	-0.01	-0.17	-0.15	0.0	0.0	21.28					0.040000000000000036	0.040000000000000036	1.1599999999999997	0.01403508771929829	0.014134510934904806	0.5900889337648139	1.1599999999999997	0.001673430874511076	0.0016435939769201546	27.170325380352963				
2025-08-21 07:00:00	1000	2.8	2.8	2.8	2.8	BELL.MI	1.46	1.46	1.46	1.46	1.95	1.44	-1.0	-1.0	-1.0	-1	-1.0	-1.0	1.0	-1.0	-1.0	1.0										-1.0			3.34		1.46		1.46						-1.0			1.84	0.01	0.01	1.38	0.0	0.0	0.78	3.18	1.38	0.0	0.0	30.64					1	0.01	0.01	-0.21	0.0	0.0	0.12	-0.21	0.0	0.0	66.45					-0.01	-0.01	-1.46	-0.0	-0.0	-0.4	-1.46	0.0	0.0	17.93					-0.01	-0.01	-0.16	-0.0	-0.0	-0.18	-0.16	0.0	0.0	17.93					0.010000000000000231	0.010000000000000231	1.17	0.003558718861210064	0.003565066164496257	0.595767822813974	1.17	0.0018788026168411525	0.0018493194284994185	30.64312428678162				
2025-08-22 07:00:00	5000	2.9	2.82	2.82	2.89	BELL.MI	1.46	1.5	1.46	1.5	1.95	1.44	-1.0	-1.0	-1.0	-1	-1.0	-1.0	1.0	-1.0	-1.0	1.0										-1.0			3.34										-1.0			1.84	-0.09	-0.09	1.29	-0.03	-0.03	0.72	3.18	1.29	0.0	0.0	24.07					1	-0.09	-0.09	-0.3	-0.03	-0.03	0.09	-0.3	0.0	0.0	52.62					0.09	0.09	-1.37	0.03	0.03	-0.38	-1.37	0.0	0.0	23.87					0.09	0.09	-0.07	0.03	0.03	-0.15	-0.07	0.0	0.0	23.87					-0.0900000000000003	-0.0900000000000003	1.0799999999999996	-0.03214285714285725	-0.03163708494318266	0.5460726311000439	1.0799999999999996	0.001512631305474401	0.0014822180210074531	24.07479576362485				
2025-08-25 07:00:00	4500	2.92	2.88	2.9	2.92	BELL.MI	1.51	1.52	1.5	1.52	1.95	1.44	-1.0	-1.0	-1.0	-1	-1.0	-1.0	1.0	-1.0	-1.0	1.0										-1.0			3.34										-1.0			1.84	-0.03	-0.03	1.26	-0.01	-0.01	0.7	3.18	1.26	0.0	0.0	20.59					1	-0.03	-0.03	-0.33	-0.01	-0.01	0.08	-0.33	0.0	0.0	46.18					0.03	0.03	-1.34	0.01	0.01	-0.37	-1.34	0.0	0.0	24.53					0.03	0.03	-0.04	0.01	0.01	-0.14	-0.04	0.0	0.0	24.53					-0.029999999999999805	-0.029999999999999805	1.0499999999999998	-0.01038062283737018	-0.010327114155849524	0.5301883232462763	1.0499999999999998	0.0013107167694261486	0.001279689395306205	20.589982194235084				
2025-08-26 07:00:00	6000	2.97	2.9	2.9	2.97	BELL.MI	1.53	1.56	1.53	1.56	1.95	1.44	-1.0	-1.0	-1.0	-1	-1.0	-1.0	1.0	-1.0	-1.0	1.0										-1.0			3.34										-1.0			1.84	-0.05	-0.05	1.21	-0.02	-0.02	0.67	3.18	1.21	0.0	0.0	16.58					1	-0.05	-0.05	-0.38	-0.02	-0.02	0.06	-0.38	0.0	0.0	38.61					0.05	0.05	-1.29	0.02	0.02	-0.36	-1.29	0.0	0.0	25.58					0.05	0.05	0.01	0.02	0.02	-0.13	0.01	0.0	0.0	25.58					-0.050000000000000266	-0.050000000000000266	0.9999999999999996	-0.017123287671233056	-0.016978336534418048	0.5044275770636788	0.9999999999999996	0.0010781365543188824	0.0010462491243523608	16.582015997299223				
2025-08-27 07:00:00	7500	3.0	2.95	2.95	3.0	BELL.MI	1.57	1.59	1.57	1.59	1.95	1.44	-1.0	-1.0	-1.0	-1	-1.0	-1.0	1.0	-1.0	-1.0	1.0										-1.0			3.34										-1.0			1.84	-0.03	-0.03	1.18	-0.01	-0.01	0.66	3.12	1.18	0.0	0.0	11.81					1	-0.03	-0.03	-0.41	-0.01	-0.01	0.05	-0.41	0.0	0.0	27.96					0.03	0.03	-1.26	0.01	0.01	-0.36	-1.26	0.0	0.0	30.66					0.03	0.03	0.04	0.01	0.01	-0.12	0.04	0.0	0.0	30.66					-0.029999999999999805	-0.029999999999999805	0.9699999999999998	-0.010101010101009944	-0.010050335853501286	0.4893833012930422	0.9699999999999998	0.0007571758665654471	0.0007255350179888875	11.80690873506353				
2025-08-28 07:00:00	31500	3.11	2.91	3.0	3.11	BELL.MI	1.59	1.65	1.54	1.65	1.95	1.44	-1.0	-1.0	-1.0	0	-1.0	-1.0	1.0	-1.0	-1.0	1.0										-1.0			3.34										-1.0			1.84	-0.11	-0.11	1.07	-0.04	-0.04	0.6	3.11	1.07	0.0	0.0	6.5					1	-0.11	-0.11	-0.52	-0.04	-0.04	0.01	-0.52	0.0	0.0	17.59					0.11	0.11	-1.15	0.04	0.04	-0.33	-1.15	0.0	0.0	32.66					0.11	0.11	0.15	0.04	0.04	-0.09	0.15	0.0	0.0	32.66					-0.10999999999999988	-0.10999999999999988	0.8599999999999999	-0.036666666666666625	-0.03601043752303303	0.4367041491572756	0.8599999999999999	0.0004349145911840117	0.0004016833021209809	6.496974859827134				
2025-08-29 07:00:00	13000	3.14	3.06	3.11	3.12	BELL.MI	1.66	1.67	1.63	1.66	1.95	1.44	-1.0	-1.0	-1.0	0	-1.0	-1.0	1.0	-1.0	-1.0	1.0	3.14		3.14							-1.0			3.34										-1.0			1.84	-0.01	-0.01	1.06	-0.0	-0.0	0.59	3.14	1.06	-0.0	-0.0	-0.2					1	0.0	0.0	-0.52	0.0	0.0	0.01	-0.52	0.0	0.0	3.6					0.01	0.01	-1.14	0.0	0.0	-0.33	-1.14	0.0	0.0	40.69					0.01	0.01	0.16	0.0	0.0	-0.08	0.16	0.0	0.0	40.69					-0.010000000000000231	-0.010000000000000231	0.8499999999999996	-0.003215434083601254	-0.0032102756302481894	0.43209932816638696	0.8499999999999996	-1.2762845233749674e-05	-4.424998726060281e-05	-0.2028984780950296				
2025-09-01 07:00:00	14000	3.13	3.07	3.13	3.13	BELL.MI	1.66	1.66	1.63	1.66	1.95	1.44	-1.0	-1.0	-1.0	0	-1.0	-1.0	1.0	-1.0	-1.0	1.0										-1.0			3.34	1.66									-1.0			1.84	-0.01	-0.01	1.05	-0.0	-0.0	0.59	3.14	1.05	0.0	0.0	0.63					1	0.0	0.0	-0.52	0.0	0.0	0.01	-0.52	0.0	0.0	10.71					0.01	0.01	-1.13	0.0	0.0	-0.33	-1.13	0.0	0.0	40.1					0.01	0.01	0.17	0.0	0.0	-0.08	0.17	0.0	0.0	40.1					-0.009999999999999787	-0.009999999999999787	0.8399999999999999	-0.0032051282051281937	-0.0032000027306708497	0.42752393095179797	0.8399999999999999	3.91849757969704e-05	8.144902057027892e-06	0.6312288171956268				
2025-09-02 07:00:00	1000	3.09	3.07	3.09	3.07	BELL.MI	1.66	1.66	1.65	1.65	1.95	1.44	-1.0	-1.0	-1.0	0	-1.0	-1.0	1.0	-1.0	-1.0	1.0										-1.0			3.34										-1.0			1.84	0.06	0.06	1.11	0.02	0.02	0.62	3.14	1.11	-0.0	-0.0	-0.89					1	-0.0	-0.0	-0.52	-0.0	-0.0	0.01	-0.52	-0.0	-0.0	-2.41					-0.06	-0.06	-1.19	-0.02	-0.02	-0.34	-1.19	0.0	0.0	42.15					-0.06	-0.06	0.11	-0.02	-0.02	-0.1	0.11	0.0	0.0	42.15					0.06000000000000005	0.06000000000000005	0.8999999999999999	0.019169329073482455	0.01935544295295609	0.45542342145899917	0.8999999999999999	-5.4119951427879665e-05	-8.44874830348008e-05	-0.8929267176758415				
2025-09-03 07:00:00	6500	3.07	2.97	3.0	3.07	BELL.MI	1.61	1.65	1.6	1.65	1.95	1.44	-1.0	-1.0	-1.0	0	-1.0	-1.0	1.0	-1.0	-1.0	1.0										-1.0			3.34										-1.0			1.84	-0.0	-0.0	1.11	-0.0	-0.0	0.62	3.14	1.11	0.0	0.0	8.32					1	0.0	0.0	-0.52	0.0	0.0	0.01	-0.52	0.0	0.0	18.0					0.0	0.0	-1.19	0.0	0.0	-0.34	-1.19	0.0	0.0	37.57					0.0	0.0	0.11	0.0	0.0	-0.1	0.11	0.0	0.0	37.57					-0.0	-0.0	0.8999999999999999	-0.0	-0.0	0.45542342145899917	0.8999999999999999	0.00045719876067405957	0.00042992853932921626	8.315706018036863				
2025-09-04 07:00:00	33000	3.04	2.91	3.04	3.01	BELL.MI	1.63	1.63	1.56	1.61	1.95	1.44	-1.0	-1.0	-1.0	0	-1.0	-1.0	1.0	-1.0	-1.0	1.0										-1.0			3.34		1.56								-1.0			1.84	0.06	0.06	1.17	0.02	0.02	0.65	3.14	1.17	0.0	0.0	5.57					1	-0.0	-0.0	-0.52	-0.0	-0.0	0.01	-0.52	-0.0	-0.0	-5.77					-0.06	-0.06	-1.25	-0.02	-0.02	-0.35	-1.25	0.0	0.0	41.35					-0.06	-0.06	0.05	-0.02	-0.02	-0.12	0.05	0.0	0.0	41.35					0.06000000000000005	0.06000000000000005	0.96	0.019543973941368087	0.019737482838321434	0.48443518401299923	0.96	0.0002936146013362939	0.0002674227339609647	5.572657399795062				
2025-09-05 07:00:00	6000	2.99	2.94	2.96	2.99	BELL.MI	1.6	1.62	1.59	1.62	1.95	1.44	-1.0	-1.0	-1.0	0	-1.0	-1.0	1.0	-1.0	-1.0	1.0		2.94								-1.0			3.34										-1.0			1.84	0.02	0.02	1.19	0.01	0.01	0.66	3.14	1.19	0.0	0.0	14.69					1	-0.0	-0.0	-0.52	-0.0	-0.0	0.01	-0.52	0.0	0.0	14.39					-0.02	-0.02	-1.27	-0.01	-0.01	-0.36	-1.27	0.0	0.0	33.74					-0.02	-0.02	0.03	-0.01	-0.01	-0.12	0.03	0.0	0.0	33.74					0.019999999999999574	0.019999999999999574	0.9799999999999995	0.006644518272425071	0.006666691358189122	0.4943645163475341	0.9799999999999995	0.000724333313066117	0.0007000158807730639	14.689053882877865				
2025-09-08 07:00:00	500	3.0	3.0	3.0	3.0	BELL.MI	1.62	1.62	1.62	1.62	1.95	1.44	-1.0	-1.0	-1.0	0	-1.0	-1.0	1.0	-1.0	-1.0	1.0	3.0									-1.0			3.34	1.62									-1.0			1.84	-0.01	-0.01	1.18	-0.0	-0.0	0.66	3.14	1.18	0.0	0.0	9.46					1	0.0	0.0	-0.52	0.0	0.0	0.01	-0.52	0.0	0.0	1.4					0.01	0.01	-1.26	0.0	0.0	-0.36	-1.26	0.0	0.0	39.62					0.01	0.01	0.04	0.0	0.0	-0.12	0.04	0.0	0.0	39.62					-0.009999999999999787	-0.009999999999999787	0.9699999999999998	-0.0033444816053511683	-0.0033389012655146303	0.4893833012930424	0.9699999999999998	0.00045465360962525063	0.00043082813832517886	9.461708200987857				
2025-09-09 07:00:00	13500	2.99	2.93	2.95	2.98	BELL.MI	1.58	1.6	1.57	1.59	1.95	1.44	-1.0	-1.0	-1.0	0	-1.0	-1.0	1.0	-1.0	-1.0	1.0										-1.0			3.34										-1.0			1.84	0.02	0.02	1.2	0.01	0.01	0.67	3.14	1.2	0.0	0.0	13.38					1	-0.0	-0.0	-0.52	-0.0	-0.0	0.01	-0.52	0.0	0.0	9.29					-0.02	-0.02	-1.28	-0.01	-0.01	-0.36	-1.28	0.0	0.0	35.56					-0.02	-0.02	0.02	-0.01	-0.01	-0.12	0.02	0.0	0.0	35.56					0.020000000000000018	0.020000000000000018	0.9899999999999998	0.00666666666666671	0.006688988150796652	0.49937916237554614	0.9899999999999998	0.0006461911107660924	0.0006223621155831971	13.3798603872266				
2025-09-10 07:00:00	17500	2.94	2.87	2.94	2.91	BELL.MI	1.57	1.57	1.53	1.55	1.95	1.44	-1.0	-1.0	-1.0	0	-1.0	-1.0	1.0	-1.0	-1.0	1.0										-1.0			3.34										-1.0			1.84	0.07	0.07	1.27	0.02	0.02	0.71	3.14	1.27	0.0	0.0	14.3					1	-0.0	-0.0	-0.52	-0.0	-0.0	0.01	-0.52	-0.0	-0.0	-0.75					-0.07	-0.07	-1.35	-0.02	-0.02	-0.38	-1.35	0.0	0.0	34.28					-0.07	-0.07	-0.05	-0.02	-0.02	-0.14	-0.05	0.0	0.0	34.28					0.06999999999999984	0.06999999999999984	1.0599999999999996	0.02348993288590595	0.023770219333911845	0.5354467023639611	1.0599999999999996	0.0007007065575842519	0.0006765438448472771	14.30279380163283				
2025-09-11 07:00:00	0	2.91	2.91	2.91	2.91	BELL.MI	1.54	1.54	1.54	1.54	1.95	1.44	-1.0	-1.0	-1.0	0	-1.0	-1.0	1.0	-1.0	-1.0	1.0		2.91								-1.0			3.34										-1.0			1.84	-0.0	-0.0	1.27	-0.0	-0.0	0.71	3.14	1.27	0.0	0.0	17.96					1	0.0	0.0	-0.52	0.0	0.0	0.01	-0.52	0.0	0.0	8.59					0.0	0.0	-1.35	0.0	0.0	-0.38	-1.35	0.0	0.0	33.74					0.0	0.0	-0.05	0.0	0.0	-0.14	-0.05	0.0	0.0	33.74					-0.0	-0.0	1.0599999999999996	-0.0	-0.0	0.5354467023639611	1.0599999999999996	0.0008710031070777806	0.0008472088162414515	17.955979470502463				
2025-09-12 07:00:00	16000	2.97	2.87	2.93	2.9	BELL.MI	1.55	1.57	1.52	1.53	1.95	1.44	-1.0	-1.0	-1.0	0	-1.0	-1.0	1.0	-1.0	-1.0	1.0										-1.0			3.34										-1.0			1.84	0.01	0.01	1.28	0.0	0.0	0.71	3.14	1.28	0.0	0.0	21.54					1	-0.0	-0.0	-0.52	-0.0	-0.0	0.01	-0.52	0.0	0.0	16.97					-0.01	-0.01	-1.36	-0.0	-0.0	-0.38	-1.36	0.0	0.0	30.15					-0.01	-0.01	-0.06	-0.0	-0.0	-0.15	-0.06	0.0	0.0	30.15					0.010000000000000231	0.010000000000000231	1.0699999999999998	0.003436426116838587	0.0034423441909729015	0.5407413461652162	1.0699999999999998	0.0010449902576421853	0.001021343356969906	21.541962077641664				
2025-09-15 07:00:00	8500	2.95	2.86	2.92	2.93	BELL.MI	1.52	1.54	1.49	1.53	1.95	1.44	-1.0	-1.0	-1.0	0	-1.0	-1.0	1.0	-1.0	-1.0	1.0										-1.0			3.34		1.49								-1.0			1.84	-0.03	-0.03	1.25	-0.01	-0.01	0.7	3.14	1.25	0.0	0.0	17.5					1	0.0	0.0	-0.52	0.0	0.0	0.01	-0.52	0.0	0.0	16.97					0.03	0.03	-1.33	0.01	0.01	-0.37	-1.33	0.0	0.0	30.97					0.03	0.03	-0.03	0.01	0.01	-0.14	-0.03	0.0	0.0	30.97					-0.03000000000000025	-0.03000000000000025	1.0399999999999996	-0.010344827586207028	-0.010291686036547724	0.5249658375014084	1.0399999999999996	0.0008614315303793396	0.0008372859844583136	17.50193641498226				
2025-09-16 07:00:00	0	2.93	2.93	2.93	2.93	BELL.MI	1.55	1.55	1.55	1.55	1.95	1.44	-1.0	-1.0	-1.0	0	-1.0	-1.0	1.0	-1.0	-1.0	1.0	2.93									-1.0			3.34	1.55									-1.0			1.84	-0.0	-0.0	1.25	-0.0	-0.0	0.7	3.14	1.25	0.0	0.0	20.75					1	0.0	0.0	-0.52	0.0	0.0	0.01	-0.52	0.0	0.0	25.38					0.0	0.0	-1.33	0.0	0.0	-0.37	-1.33	0.0	0.0	30.69					0.0	0.0	-0.03	0.0	0.0	-0.14	-0.03	0.0	0.0	30.69					-0.0	-0.0	1.0399999999999996	-0.0	-0.0	0.5249658375014084	1.0399999999999996	0.0010164248770357129	0.0009925456509527475	20.752461160462367				
2025-09-17 07:00:00	21000	2.93	2.82	2.89	2.92	BELL.MI	1.55	1.57	1.51	1.56	1.95	1.44	-1.0	-1.0	-1.0	0	-1.0	-1.0	1.0	-1.0	-1.0	1.0		2.82		2.82						-1.0			3.34										-1.0			1.84	0.01	0.01	1.26	0.0	0.0	0.7	3.14	1.26	0.0	0.0	21.05					1	-0.0	-0.0	-0.52	-0.0	-0.0	0.01	-0.52	0.0	0.0	25.38					-0.01	-0.01	-1.34	-0.0	-0.0	-0.37	-1.34	0.0	0.0	27.41					-0.01	-0.01	-0.04	-0.0	-0.0	-0.14	-0.04	0.0	0.0	27.41					0.010000000000000231	0.010000000000000231	1.0499999999999998	0.0034129692832765013	0.003418806748785609	0.5301883232462763	1.0499999999999998	0.0010362539561786697	0.0010122583355334225	21.05293690854969				
2025-09-18 07:00:00	4500	2.91	2.86	2.87	2.91	BELL.MI	1.52	1.55	1.52	1.55	1.95	1.44	-1.0	-1.0	-1.0	0	-1.0	-1.0	1.0	-1.0	-1.0	1.0										-1.0			3.34										-1.0			1.84	0.01	0.01	1.27	0.0	0.0	0.71	3.14	1.27	0.0	0.0	27.97					1	-0.0	-0.0	-0.52	-0.0	-0.0	0.01	-0.52	0.0	0.0	43.08					-0.01	-0.01	-1.35	-0.0	-0.0	-0.38	-1.35	0.0	0.0	21.46					-0.01	-0.01	-0.05	-0.0	-0.0	-0.14	-0.05	0.0	0.0	21.46					0.009999999999999787	0.009999999999999787	1.0599999999999996	0.003424657534246478	0.0034305350967891368	0.5354467023639609	1.0599999999999996	0.0013234172774541737	0.0013005151751581678	27.970569739665784				
2025-09-19 07:00:00	3000	2.91	2.87	2.91	2.91	BELL.MI	1.55	1.55	1.52	1.55	1.95	1.44	-1.0	-1.0	-1.0	0	-1.0	-1.0	1.0	-1.0	-1.0	1.0	2.91									-1.0			3.34										-1.0			1.84	-0.0	-0.0	1.27	-0.0	-0.0	0.71	3.14	1.27	0.0	0.0	32.21					1	0.0	0.0	-0.52	0.0	0.0	0.01	-0.52	0.0	0.0	54.29					0.0	0.0	-1.35	0.0	0.0	-0.38	-1.35	0.0	0.0	20.53					0.0	0.0	-0.05	0.0	0.0	-0.14	-0.05	0.0	0.0	20.53					-0.0	-0.0	1.0599999999999996	-0.0	-0.0	0.5354467023639609	1.0599999999999996	0.0015013355694641606	0.0014789453991879142	32.208966243358255				
2025-09-22 07:00:00	9500	2.89	2.86	2.88	2.88	BELL.MI	1.53	1.53	1.52	1.53	1.95	1.44	-1.0	-1.0	-1.0	0	-1.0	-1.0	1.0	-1.0	-1.0	1.0		2.86								-1.0			3.34		1.52								-1.0			1.84	0.03	0.03	1.3	0.01	0.01	0.73	3.14	1.3	0.0	0.0	36.88					1	-0.0	-0.0	-0.52	-0.0	-0.0	0.01	-0.52	0.0	0.0	54.29					-0.03	-0.03	-1.38	-0.01	-0.01	-0.38	-1.38	0.0	0.0	15.75					-0.03	-0.03	-0.08	-0.01	-0.01	-0.15	-0.08	0.0	0.0	15.75					0.03000000000000025	0.03000000000000025	1.0899999999999999	0.010309278350515538	0.01036278703554666	0.551440938846919	1.0899999999999999	0.0017271220705147514	0.0017048083757669197	36.87694196397429				
2025-09-23 07:00:00	5500	2.92	2.85	2.92	2.9	BELL.MI	1.54	1.54	1.51	1.53	1.95	1.44	-1.0	-1.0	-1.0	0	-1.0	-1.0	1.0	-1.0	-1.0	1.0										-1.0			3.34										-1.0			1.84	-0.02	-0.02	1.28	-0.01	-0.01	0.71	3.14	1.28	0.0	0.0	33.02					1	0.0	0.0	-0.52	0.0	0.0	0.01	-0.52	0.0	0.0	54.29					0.02	0.02	-1.36	0.01	0.01	-0.38	-1.36	0.0	0.0	16.43					0.02	0.02	-0.06	0.01	0.01	-0.15	-0.06	0.0	0.0	16.43					-0.020000000000000018	-0.020000000000000018	1.0699999999999998	-0.00694444444444442	-0.006920442844573757	0.5407413461652162	1.0699999999999998	0.0015624972857319016	0.0015397587274401658	33.01710562208058				
2025-09-24 07:00:00	10500	2.94	2.91	2.91	2.94	BELL.MI	1.54	1.56	1.54	1.56	1.95	1.44	-1.0	-1.0	-1.0	0	-1.0	-1.0	1.0	-1.0	-1.0	1.0	2.94		2.94							-1.0			3.34	1.56		1.56							-1.0			1.84	-0.04	-0.04	1.24	-0.01	-0.01	0.69	3.14	1.24	0.0	0.0	25.74					1	0.0	0.0	-0.52	0.0	0.0	0.01	-0.52	0.0	0.0	54.29					0.04	0.04	-1.32	0.01	0.01	-0.37	-1.32	0.0	0.0	24.27					0.04	0.04	-0.02	0.01	0.01	-0.14	-0.02	0.0	0.0	24.27					-0.040000000000000036	-0.040000000000000036	1.0299999999999998	-0.01379310344827589	-0.013698844358161927	0.5197788788704512	1.0299999999999998	0.001189593837538921	0.0011672228791628214	25.738779270900338				
2025-09-25 07:00:00	2000	2.94	2.9	2.9	2.9	BELL.MI	1.54	1.56	1.54	1.54	1.95	1.44	-1.0	-1.0	-1.0	0	-1.0	-1.0	1.0	-1.0	-1.0	1.0										-1.0			3.34										-1.0			1.84	0.04	0.04	1.28	0.01	0.01	0.71	3.14	1.28	0.0	0.0	34.41					1	-0.0	-0.0	-0.52	-0.0	-0.0	0.01	-0.52	0.0	0.0	54.29					-0.04	-0.04	-1.36	-0.01	-0.01	-0.38	-1.36	0.0	0.0	16.4					-0.04	-0.04	-0.06	-0.01	-0.01	-0.15	-0.06	0.0	0.0	16.4					0.040000000000000036	0.040000000000000036	1.0699999999999998	0.013605442176870763	0.013698844358161915	0.5407413461652162	1.0699999999999998	0.0015424490599910139	0.001520905415422824	34.40658973157895				
2025-09-26 07:00:00	0	2.9	2.9	2.9	2.9	BELL.MI	1.53	1.53	1.53	1.53	1.95	1.44	-1.0	-1.0	-1.0	0	-1.0	-1.0	1.0	-1.0	-1.0	1.0										-1.0			3.34										-1.0			1.84	-0.0	-0.0	1.28	-0.0	-0.0	0.71	3.13	1.28	0.0	0.0	34.41					1	0.0	0.0	-0.52	0.0	0.0	0.01	-0.52	0.0	0.0	54.29					0.0	0.0	-1.36	0.0	0.0	-0.38	-1.36	0.0	0.0	16.4					0.0	0.0	-0.06	0.0	0.0	-0.15	-0.06	0.0	0.0	16.4					-0.0	-0.0	1.0699999999999998	-0.0	-0.0	0.5407413461652162	1.0699999999999998	0.0015424490599910139	0.001520905415422824	34.40658973157895				
2025-09-29 07:00:00	40000	2.87	2.76	2.86	2.81	BELL.MI	1.51	1.52	1.46	1.48	1.95	1.44	-1.0	-1.0	-1.0	-1	-1.0	-1.0	1.0	-1.0	-1.0	1.0		2.76								-1.0			3.34										-1.0			1.84	0.09	0.09	1.37	0.03	0.03	0.77	3.09	1.37	0.0	0.0	36.94					1	-0.0	-0.0	-0.52	-0.0	-0.0	0.01	-0.52	0.0	0.0	54.29					-0.09	-0.09	-1.45	-0.03	-0.03	-0.4	-1.45	0.0	0.0	9.86					-0.09	-0.09	-0.15	-0.03	-0.03	-0.17	-0.15	0.0	0.0	9.86					0.08999999999999986	0.08999999999999986	1.1599999999999997	0.03103448275862064	0.031526253646773895	0.5900889337648136	1.1599999999999997	0.0017316065818716573	0.001709040386332017	36.93861589190154				
2025-09-30 07:00:00	15000	2.83	2.76	2.78	2.83	BELL.MI	1.46	1.49	1.45	1.49	1.95	1.44	-1.0	-1.0	-1.0	-1	-1.0	-1.0	1.0	-1.0	-1.0	1.0										-1.0			3.34		1.45								-1.0			1.84	-0.02	-0.02	1.35	-0.01	-0.01	0.76	3.07	1.35	0.0	0.0	40.71					1	-0.02	-0.02	-0.54	-0.01	-0.01	0.0	-0.54	0.0	0.0	44.15					0.02	0.02	-1.43	0.01	0.01	-0.39	-1.43	0.0	0.0	7.1					0.02	0.02	-0.13	0.01	0.01	-0.17	-0.13	0.0	0.0	7.1					-0.020000000000000018	-0.020000000000000018	1.1399999999999997	-0.007117437722419906	-0.007092228309491837	0.5788515561410341	1.1399999999999997	0.0018335423503721407	0.0018118100885682331	40.71021264162626				
2025-10-01 07:00:00	21000	2.93	2.75	2.83	2.87	BELL.MI	1.48	1.53	1.43	1.5	1.95	1.43	-1.0	-1.0	-1.0	-1	-1.0	-1.0	1.0	-1.0	-1.0	1.0	2.93									-1.0			3.34	1.53									-1.0			1.84	-0.04	-0.04	1.31	-0.01	-0.01	0.73	3.04	1.31	0.0	0.0	34.87					1	-0.04	-0.04	-0.58	-0.01	-0.01	-0.01	-0.58	0.0	0.0	31.78					0.04	0.04	-1.39	0.01	0.01	-0.38	-1.39	0.0	0.0	12.67					0.04	0.04	-0.09	0.01	0.01	-0.16	-0.09	0.0	0.0	12.67					-0.040000000000000036	-0.040000000000000036	1.0999999999999996	-0.014134275618374659	-0.014035318116383583	0.5568466564038768	1.0999999999999996	0.0015844161817616278	0.0015623676197065173	34.872007396095405				
2025-10-02 07:00:00	3000	2.85	2.81	2.83	2.81	BELL.MI	1.48	1.49	1.47	1.47	1.95	1.43	-1.0	-1.0	-1.0	-1	-1.0	-1.0	1.0	-1.0	-1.0	1.0		2.81								-1.0			3.34										-1.0			1.84	0.06	0.06	1.37	0.02	0.02	0.77	3.0	1.37	0.0	0.0	41.89					1	0.06	0.06	-0.52	0.02	0.02	0.01	-0.52	0.0	0.0	44.76					-0.06	-0.06	-1.45	-0.02	-0.02	-0.4	-1.45	0.0	0.0	5.66					-0.06	-0.06	-0.15	-0.02	-0.02	-0.17	-0.15	0.0	0.0	5.66					0.06000000000000005	0.06000000000000005	1.1599999999999997	0.020905923344947785	0.021127546425875394	0.5900889337648136	1.1599999999999997	0.001910401727033469	0.0018883646207419336	41.888688291786664				
2025-10-03 07:00:00	4500	2.83	2.79	2.79	2.83	BELL.MI	1.45	1.47	1.45	1.47	1.95	1.43	-1.0	-1.0	-1.0	-1	-1.0	-1.0	1.0	-1.0	-1.0	1.0										-1.0			3.34		1.45								-1.0			1.84	-0.02	-0.02	1.35	-0.01	-0.01	0.76	3.0	1.35	0.0	0.0	48.44					1	-0.02	-0.02	-0.54	-0.01	-0.01	0.0	-0.54	0.0	0.0	35.54					0.02	0.02	-1.43	0.01	0.01	-0.39	-1.43	0.0	0.0	0.85					0.02	0.02	-0.13	0.01	0.01	-0.17	-0.13	0.0	0.0	0.85					-0.020000000000000018	-0.020000000000000018	1.1399999999999997	-0.007117437722419906	-0.007092228309491837	0.5788515561410341	1.1399999999999997	0.0020686918732239746	0.0020479273525764174	48.44091428803557				
2025-10-06 07:00:00	2500	2.91	2.8	2.8	2.91	BELL.MI	1.46	1.52	1.46	1.52	1.95	1.43	-1.0	-1.0	-1.0	-1	-1.0	-1.0	1.0	-1.0	-1.0	1.0	2.91									-1.0			3.34	1.52									-1.0			1.84	-0.08	-0.08	1.27	-0.03	-0.03	0.71	2.99	1.27	0.0	0.0	49.33					1	-0.08	-0.08	-0.62	-0.03	-0.03	-0.02	-0.62	-0.0	-0.0	-3.05					0.08	0.08	-1.35	0.03	0.03	-0.38	-1.35	0.0	-0.0	0.2					0.08	0.08	-0.05	0.03	0.03	-0.14	-0.05	0.0	-0.0	0.2					-0.08000000000000007	-0.08000000000000007	1.0599999999999996	-0.028268551236749095	-0.02787636952825487	0.5354467023639609	1.0599999999999996	0.002088737862490297	0.002068131784330296	49.334753590745876				
2025-10-07 07:00:00	19000	2.91	2.79	2.89	2.8	BELL.MI	1.51	1.52	1.46	1.46	1.91	1.43	-1.0	-1.0	-1.0	-1	-1.0	-1.0	1.0	-1.0	-1.0	1.0		2.79								-1.0			3.34										-1.0			1.84	0.11	0.11	1.38	0.04	0.04	0.78	2.97	1.38	0.0	0.0	50.19					1	0.11	0.11	-0.51	0.04	0.04	0.01	-0.51	0.0	0.0	38.37					-0.11	-0.11	-1.46	-0.04	-0.04	-0.4	-1.46	-0.0	-0.0	-1.01					-0.11	-0.11	-0.16	-0.04	-0.04	-0.18	-0.16	-0.0	-0.0	-1.01					0.11000000000000032	0.11000000000000032	1.17	0.037800687285223455	0.038533664002243	0.5957678228139738	1.17	0.00215897639310489	0.0021380017083372227	50.192283041093965				
2025-10-08 07:00:00	9500	2.89	2.79	2.79	2.88	BELL.MI	1.44	1.49	1.44	1.49	1.89	1.43	-1.0	-1.0	-1.0	-1	-1.0	-1.0	1.0	-1.0	-1.0	1.0	2.89									-1.0			3.34		1.44								-1.0			1.84	-0.08	-0.08	1.3	-0.03	-0.03	0.73	2.97	1.3	0.0	0.0	46.36					1	-0.08	-0.08	-0.59	-0.03	-0.03	-0.01	-0.59	0.0	0.0	19.69					0.08	0.08	-1.38	0.03	0.03	-0.38	-1.38	0.0	0.0	1.81					0.08	0.08	-0.08	0.03	0.03	-0.15	-0.08	0.0	0.0	1.81					-0.08000000000000007	-0.08000000000000007	1.0899999999999999	-0.028571428571428692	-0.02817087696669644	0.5514409388469188	1.0899999999999999	0.0020703893436516277	0.0020487036282310633	46.35511128599095				
2025-10-09 07:00:00	8000	2.84	2.79	2.83	2.84	BELL.MI	1.49	1.49	1.47	1.49	1.89	1.43	-1.0	-1.0	-1.0	-1	-1.0	-1.0	1.0	-1.0	-1.0	1.0										-1.0			3.34										-1.0			1.84	0.04	0.04	1.34	0.01	0.01	0.75	2.97	1.34	0.0	0.0	47.14					1	0.04	0.04	-0.55	0.01	0.01	0.0	-0.55	0.0	0.0	34.88					-0.04	-0.04	-1.42	-0.01	-0.01	-0.39	-1.42	0.0	0.0	0.72					-0.04	-0.04	-0.12	-0.01	-0.01	-0.17	-0.12	0.0	0.0	0.72					0.040000000000000036	0.040000000000000036	1.13	0.01388888888888895	0.013986241974739952	0.5732922196757488	1.13	0.0021362616691163357	0.002114221471029687	47.13519627688217				
2025-10-10 07:00:00	8500	2.8	2.76	2.8	2.76	BELL.MI	1.5	1.5	1.48	1.48	1.87	1.43	-1.0	-1.0	-1.0	-1	-1.0	-1.0	1.0	-1.0	-1.0	1.0		2.76								-1.0			3.34										-1.0			1.84	0.08	0.08	1.42	0.03	0.03	0.8	2.95	1.42	0.0	0.0	46.99					1	0.08	0.08	-0.47	0.03	0.03	0.03	-0.47	0.0	0.0	63.22					-0.08	-0.08	-1.5	-0.03	-0.03	-0.41	-1.5	0.0	0.0	0.91					-0.08	-0.08	-0.2	-0.03	-0.03	-0.19	-0.2	0.0	0.0	0.91					0.08000000000000007	0.08000000000000007	1.21	0.028169014084507116	0.028573372444056114	0.6188948927098286	1.21	0.0021242013635481916	0.002102226279861563	46.994072875141285				
2025-10-13 07:00:00	1000	2.81	2.8	2.8	2.81	BELL.MI	1.49	1.5	1.49	1.5	1.87	1.43	-1.0	-1.0	-1.0	-1	-1.0	-1.0	1.0	-1.0	-1.0	1.0	2.81									-1.0			3.34	1.5									-1.0			1.84	-0.05	-0.05	1.37	-0.02	-0.02	0.77	2.94	1.37	0.0	0.0	47.59					1	-0.05	-0.05	-0.52	-0.02	-0.02	0.01	-0.52	0.0	0.0	42.1					0.05	0.05	-1.45	0.02	0.02	-0.4	-1.45	0.0	-0.0	0.48					0.05	0.05	-0.15	0.02	0.02	-0.17	-0.15	0.0	-0.0	0.48					-0.050000000000000266	-0.050000000000000266	1.1599999999999997	-0.018115942028985588	-0.017953803616595845	0.5900889337648136	1.1599999999999997	0.002138410969965662	0.0021165515064482943	47.59036636828368				
2025-10-14 07:00:00	16000	2.85	2.74	2.81	2.78	BELL.MI	1.5	1.52	1.46	1.48	1.86	1.43	-1.0	-1.0	-1.0	-1	-1.0	-1.0	1.0	-1.0	-1.0	1.0										-1.0			3.34										-1.0			1.84	0.03	0.03	1.4	0.01	0.01	0.79	2.94	1.4	0.0	0.0	44.93					1	0.03	0.03	-0.49	0.01	0.01	0.02	-0.49	0.0	0.0	69.07					-0.03	-0.03	-1.48	-0.01	-0.01	-0.4	-1.48	0.0	0.0	4.2					-0.03	-0.03	-0.18	-0.01	-0.01	-0.18	-0.18	0.0	0.0	4.2					0.03000000000000025	0.03000000000000025	1.19	0.01067615658362997	0.010733555643108777	0.6072481668629954	1.19	0.0019228237146816044	0.001902109003941721	44.93434589098754				
2025-10-15 07:00:00	36000	2.75	2.65	2.72	2.7	BELL.MI	1.46	1.47	1.42	1.45	1.86	1.42	-1.0	-1.0	-1.0	-1	-1.0	-1.0	1.0	-1.0	-1.0	1.0		2.65		2.65						-1.0			3.34		1.42		1.42						-1.0			1.84	0.08	0.08	1.48	0.03	0.03	0.84	2.94	1.48	0.0	0.0	52.35					1	0.08	0.08	-0.41	0.03	0.03	0.05	-0.41	0.0	0.0	75.52					-0.08	-0.08	-1.56	-0.03	-0.03	-0.42	-1.56	-0.0	-0.0	-3.51					-0.08	-0.08	-0.26	-0.03	-0.03	-0.21	-0.26	-0.0	-0.0	-3.51					0.07999999999999963	0.07999999999999963	1.2699999999999996	0.028776978417266008	0.029199154692262124	0.6548703347700466	1.2699999999999996	0.0022817027414642576	0.0022606524121897564	52.34856248200202				
2025-10-16 07:00:00	12000	2.86	2.75	2.75	2.85	BELL.MI	1.46	1.52	1.46	1.51	1.86	1.42	-1.0	-1.0	-1.0	-1	-1.0	-1.0	1.0	-1.0	-1.0	1.0										-1.0			3.34										-1.0			1.84	-0.15	-0.15	1.33	-0.06	-0.05	0.74	2.94	1.33	0.0	0.0	39.17					1	-0.15	-0.15	-0.56	-0.06	-0.05	-0.0	-0.56	0.0	0.0	63.3					0.15	0.15	-1.41	0.06	0.05	-0.39	-1.41	0.0	0.0	7.9					0.15	0.15	-0.11	0.06	0.05	-0.16	-0.11	0.0	0.0	7.9					-0.1499999999999999	-0.1499999999999999	1.1199999999999997	-0.05555555555555558	-0.05406722127027579	0.567771896097939	1.1199999999999997	0.0018180941754176012	0.0017957179835621506	39.17328378233701				
2025-10-17 07:00:00	11000	2.89	2.79	2.79	2.89	BELL.MI	1.5	1.56	1.5	1.56	1.86	1.42	-1.0	-1.0	-1.0	-1	-1.0	-1.0	1.0	-1.0	-1.0	1.0										-1.0			3.34										-1.0			1.84	-0.04	-0.04	1.29	-0.01	-0.01	0.72	2.94	1.29	0.0	0.0	38.07					1	-0.04	-0.04	-0.6	-0.01	-0.01	-0.02	-0.6	0.0	0.0	50.52					0.04	0.04	-1.37	0.01	0.01	-0.38	-1.37	0.0	0.0	8.71					0.04	0.04	-0.07	0.01	0.01	-0.15	-0.07	0.0	0.0	8.71					-0.040000000000000036	-0.040000000000000036	1.0799999999999996	-0.01403508771929829	-0.013937507843781678	0.5460726311000434	1.0799999999999996	0.0017879033364375588	0.0017652781858328304	38.07202964380984				
2025-10-20 07:00:00	13500	3.03	2.87	2.87	2.9	BELL.MI	1.52	1.61	1.52	1.54	1.86	1.42	-1.0	-1.0	1.0	0	-1.0	-1.0	1.0	-1.0	-1.0	1.0	3.03		3.03		3.03					-1.0			3.03	1.61		1.61							-1.0			1.84	-0.01	-0.01	1.28	-0.0	-0.0	0.71	3.03	1.28	0.0	0.0	38.49					1	-0.01	-0.01	-0.61	-0.0	-0.0	-0.02	-0.61	0.0	0.0	40.78					0.01	0.01	-1.36	0.0	0.0	-0.38	-1.36	0.0	0.0	8.4					0.01	0.01	-0.06	0.0	0.0	-0.15	-0.06	0.0	0.0	8.4					-0.009999999999999787	-0.009999999999999787	1.0699999999999998	-0.0034602076124565784	-0.0034542348680873824	0.540741346165216	1.0699999999999998	0.001799483307679844	0.001776953811491122	38.491365251800644				
2025-10-21 07:00:00	2500	2.93	2.88	2.88	2.93	BELL.MI	1.52	1.54	1.52	1.54	1.86	1.42	-1.0	-1.0	1.0	0	-1.0	-1.0	1.0	-1.0	-1.0	1.0										-1.0			3.03										-1.0			1.84	-0.03	-0.03	1.25	-0.01	-0.01	0.7	3.03	1.25	0.0	0.0	37.92					1	0.0	0.0	-0.61	0.0	0.0	-0.02	-0.61	0.0	0.0	37.95					0.03	0.03	-1.33	0.01	0.01	-0.37	-1.33	0.0	0.0	8.82					0.03	0.03	-0.03	0.01	0.01	-0.14	-0.03	0.0	0.0	8.82					-0.03000000000000025	-0.03000000000000025	1.0399999999999996	-0.010344827586207028	-0.010291686036547724	0.5249658375014081	1.0399999999999996	0.0017835532403067123	0.0017608921037177705	37.91547424912963				
2025-10-22 07:00:00	2000	2.89	2.87	2.89	2.87	BELL.MI	1.54	1.54	1.53	1.53	1.86	1.42	-1.0	-1.0	1.0	0	-1.0	-1.0	1.0	-1.0	-1.0	1.0										-1.0			3.03										-1.0			1.84	0.06	0.06	1.31	0.02	0.02	0.73	3.03	1.31	0.0	0.0	39.43					1	-0.0	-0.0	-0.61	-0.0	-0.0	-0.02	-0.61	0.0	0.0	37.95					-0.06	-0.06	-1.39	-0.02	-0.02	-0.38	-1.39	0.0	0.0	3.82					-0.06	-0.06	-0.09	-0.02	-0.02	-0.16	-0.09	0.0	0.0	3.82					0.06000000000000005	0.06000000000000005	1.0999999999999996	0.020477815699658675	0.020690393257446166	0.5568466564038765	1.0999999999999996	0.001907695599851389	0.001884349165139021	39.4338269124687				
2025-10-23 07:00:00	4000	2.82	2.81	2.82	2.81	BELL.MI	1.5	1.5	1.49	1.49	1.86	1.42	-1.0	-1.0	1.0	0	-1.0	-1.0	1.0	-1.0	-1.0	1.0		2.81								-1.0			3.03		1.49								-1.0			1.84	0.06	0.06	1.37	0.02	0.02	0.77	3.03	1.37	0.0	0.0	37.92					1	-0.0	-0.0	-0.61	-0.0	-0.0	-0.02	-0.61	0.0	0.0	57.71					-0.06	-0.06	-1.45	-0.02	-0.02	-0.4	-1.45	0.0	0.0	5.9					-0.06	-0.06	-0.15	-0.02	-0.02	-0.17	-0.15	0.0	0.0	5.9					0.06000000000000005	0.06000000000000005	1.1599999999999997	0.020905923344947785	0.021127546425875394	0.5900889337648134	1.1599999999999997	0.001784023241370049	0.0017613595293810569	37.92138544486821				
2025-10-24 07:00:00	1000	2.85	2.82	2.85	2.82	BELL.MI	1.51	1.51	1.49	1.49	1.86	1.42	-1.0	-1.0	1.0	0	-1.0	-1.0	1.0	-1.0	-1.0	1.0	2.85									-1.0			3.03	1.51									-1.0			1.84	-0.01	-0.01	1.36	-0.0	-0.0	0.76	3.03	1.36	0.0	0.0	37.88					1	0.0	0.0	-0.61	0.0	0.0	-0.02	-0.61	0.0	0.0	56.24					0.01	0.01	-1.44	0.0	0.0	-0.4	-1.44	0.0	0.0	5.93					0.01	0.01	-0.14	0.0	0.0	-0.17	-0.14	0.0	0.0	5.93					-0.009999999999999787	-0.009999999999999787	1.15	-0.003558718861209842	-0.0035524016043677006	0.5844503205245128	1.15	0.001782906936332455	0.0017602339845881332	37.88129573157302				
2025-10-27 08:00:00	0	2.82	2.82	2.82	2.82	BELL.MI	1.48	1.48	1.48	1.48	1.86	1.42	-1.0	-1.0	1.0	0	-1.0	-1.0	1.0	-1.0	-1.0	1.0		2.82								-1.0			3.03		1.48								-1.0			1.84	-0.0	-0.0	1.36	-0.0	-0.0	0.76	3.03	1.36	0.0	0.0	41.76					1	0.0	0.0	-0.61	0.0	0.0	-0.02	-0.61	0.0	0.0	53.18					0.0	0.0	-1.44	0.0	0.0	-0.4	-1.44	0.0	0.0	5.22					0.0	0.0	-0.14	0.0	0.0	-0.17	-0.14	0.0	0.0	5.22					-0.0	-0.0	1.15	-0.0	-0.0	0.5844503205245128	1.15	0.001945765870441222	0.0019235036047839937	41.76243392671597				
2025-10-28 08:00:00	500	2.88	2.88	2.88	2.88	BELL.MI	1.5	1.5	1.5	1.5	1.86	1.42	-1.0	-1.0	1.0	0	-1.0	-1.0	1.0	-1.0	-1.0	1.0	2.88									-1.0			3.03	1.5									-1.0			1.84	-0.06	-0.06	1.3	-0.02	-0.02	0.73	3.03	1.3	0.0	0.0	34.84					1	0.0	0.0	-0.61	0.0	0.0	-0.02	-0.61	0.0	0.0	64.58					0.06	0.06	-1.38	0.02	0.02	-0.38	-1.38	0.0	0.0	11.75					0.06	0.06	-0.08	0.02	0.02	-0.15	-0.08	0.0	0.0	11.75					-0.06000000000000005	-0.06000000000000005	1.0899999999999999	-0.02127659574468077	-0.021053409197832263	0.551440938846919	1.0899999999999999	0.0016463195342217847	0.0016235950222354134	34.835237524327304				
2025-10-29 08:00:00	13000	2.9	2.79	2.85	2.84	BELL.MI	1.48	1.51	1.45	1.48	1.86	1.42	-1.0	-1.0	1.0	0	-1.0	-1.0	1.0	-1.0	-1.0	1.0										-1.0			3.03										-1.0			1.84	0.04	0.04	1.34	0.01	0.01	0.75	3.03	1.34	0.0	0.0	40.66					1	-0.0	-0.0	-0.61	-0.0	-0.0	-0.02	-0.61	0.0	0.0	58.15					-0.04	-0.04	-1.42	-0.01	-0.01	-0.39	-1.42	0.0	0.0	5.99					-0.04	-0.04	-0.12	-0.01	-0.01	-0.17	-0.12	0.0	0.0	5.99					0.040000000000000036	0.040000000000000036	1.13	0.01388888888888895	0.013986241974739952	0.5732922196757488	1.13	0.0019202150711674138	0.001897661467651357	40.655269568119984				
2025-10-30 08:00:00	19500	2.78	2.71	2.78	2.77	BELL.MI	1.45	1.45	1.41	1.44	1.86	1.41	-1.0	-1.0	-1.0	0	-1.0	-1.0	1.0	-1.0	-1.0	1.0										-1.0			3.03										-1.0			1.84	0.07	0.07	1.41	0.02	0.02	0.8	3.03	1.41	0.0	0.0	47.24					1	-0.0	-0.0	-0.61	-0.0	-0.0	-0.02	-0.61	0.0	0.0	51.0					-0.07	-0.07	-1.49	-0.02	-0.02	-0.41	-1.49	-0.0	-0.0	-0.82					-0.07	-0.07	-0.19	-0.02	-0.02	-0.19	-0.19	-0.0	-0.0	-0.82					0.06999999999999984	0.06999999999999984	1.1999999999999997	0.02464788732394363	0.024956731973867507	0.6130505068155692	1.1999999999999997	0.0022616695066096236	0.0022389443335528725	47.24047115810378				
2025-10-31 08:00:00	2000	2.75	2.75	2.75	2.75	BELL.MI	1.43	1.43	1.43	1.43	1.86	1.41	-1.0	-1.0	-1.0	0	-1.0	-1.0	1.0	-1.0	-1.0	1.0										-1.0			3.03										-1.0			1.84	0.02	0.02	1.43	0.01	0.01	0.81	3.03	1.43	0.0	0.0	47.29					1	-0.0	-0.0	-0.61	-0.0	-0.0	-0.02	-0.61	0.0	0.0	60.71					-0.02	-0.02	-1.51	-0.01	-0.01	-0.41	-1.51	-0.0	-0.0	-0.9					-0.02	-0.02	-0.21	-0.01	-0.01	-0.19	-0.21	-0.0	-0.0	-0.9					0.020000000000000018	0.020000000000000018	1.2199999999999998	0.0072202166064981865	0.007246408520767198	0.6247817832287734	1.2199999999999998	0.0022667257193905795	0.0022439739374999768	47.294926637224364				
2025-11-03 08:00:00	0	2.75	2.75	2.75	2.75	BELL.MI	1.43	1.43	1.43	1.43	1.86	1.41	-1.0	-1.0	-1.0	0	-1.0	-1.0	1.0	-1.0	-1.0	1.0										-1.0			3.03										-1.0			1.84	-0.0	-0.0	1.43	-0.0	-0.0	0.81	3.03	1.43	0.0	0.0	45.49					1	0.0	0.0	-0.61	0.0	0.0	-0.02	-0.61	0.0	0.0	79.1					0.0	0.0	-1.51	0.0	0.0	-0.41	-1.51	0.0	0.0	4.62					0.0	0.0	-0.21	0.0	0.0	-0.19	-0.21	0.0	0.0	4.62					-0.0	-0.0	1.2199999999999998	-0.0	-0.0	0.6247817832287734	1.2199999999999998	0.002104624982743781	0.0020827185693590433	45.488409112397825				
2025-11-04 08:00:00	0	2.75	2.75	2.75	2.75	BELL.MI	1.43	1.43	1.43	1.43	1.86	1.41	-1.0	-1.0	-1.0	0	-1.0	-1.0	1.0	-1.0	-1.0	1.0										-1.0			3.03										-1.0			1.84	-0.0	-0.0	1.43	-0.0	-0.0	0.81	3.03	1.43	0.0	0.0	44.27					1	0.0	0.0	-0.61	0.0	0.0	-0.02	-0.61	0.0	0.0	94.47					0.0	0.0	-1.51	0.0	0.0	-0.41	-1.51	0.0	0.0	9.36					0.0	0.0	-0.21	0.0	0.0	-0.19	-0.21	0.0	0.0	9.36					-0.0	-0.0	1.2199999999999998	-0.0	-0.0	0.6247817832287734	1.2199999999999998	0.0020011167355963263	0.0019797418054521287	44.26545799316349				
2025-11-05 08:00:00	1500	2.71	2.7	2.71	2.7	BELL.MI	1.4	1.4	1.4	1.4	1.86	1.4	-1.0	-1.0	-1.0	0	-1.0	-1.0	1.0	-1.0	-1.0	1.0		2.7								-1.0			3.03		1.4								-1.0			1.84	0.05	0.05	1.48	0.02	0.02	0.84	3.03	1.48	0.0	0.0	45.61					1	-0.0	-0.0	-0.61	-0.0	-0.0	-0.02	-0.61	0.0	0.0	94.47					-0.05	-0.05	-1.56	-0.02	-0.02	-0.42	-1.56	0.0	0.0	4.44					-0.05	-0.05	-0.26	-0.02	-0.02	-0.21	-0.26	0.0	0.0	4.44					0.04999999999999982	0.04999999999999982	1.2699999999999996	0.018181818181818077	0.01834913866819643	0.6548703347700466	1.2699999999999996	0.0021148813953391445	0.0020929219652312536	45.60654401750841				
2025-11-06 08:00:00	1500	2.74	2.7	2.74	2.7	BELL.MI	1.43	1.43	1.41	1.41	1.86	1.4	-1.0	-1.0	-1.0	0	-1.0	-1.0	1.0	-1.0	-1.0	1.0	2.74									-1.0			3.03	1.43									-1.0			1.84	-0.0	-0.0	1.48	-0.0	-0.0	0.84	3.03	1.48	0.0	0.0	61.76					1	0.0	0.0	-0.61	0.0	0.0	-0.02	-0.61	0.0	0.0	94.47					0.0	0.0	-1.56	0.0	0.0	-0.42	-1.56	-0.0	-0.0	-4.99					0.0	0.0	-0.26	0.0	0.0	-0.21	-0.26	-0.0	-0.0	-4.99					-0.0	-0.0	1.2699999999999996	-0.0	-0.0	0.6548703347700466	1.2699999999999996	0.0025273877075659068	0.0025079774042782166	61.7563416607171				
2025-11-07 08:00:00	15500	2.66	2.56	2.66	2.61	BELL.MI	1.39	1.39	1.34	1.37	1.78	1.34	-1.0	-1.0	-1.0	-1	-1.0	-1.0	1.0	-1.0	-1.0	1.0		2.56		2.56						-1.0			3.03		1.34		1.34						-1.0			1.84	0.09	0.09	1.57	0.03	0.03	0.91	3.03	1.57	0.0	0.0	60.52					1	-0.0	-0.0	-0.61	-0.0	-0.0	-0.02	-0.61	0.0	0.0	94.47					-0.09	-0.09	-1.65	-0.03	-0.03	-0.44	-1.65	-0.0	-0.0	-3.15					-0.09	-0.09	-0.35	-0.03	-0.03	-0.23	-0.35	-0.0	-0.0	-3.15					0.0900000000000003	0.0900000000000003	1.3599999999999999	0.03333333333333344	0.03390155167568146	0.7119348290724621	1.3599999999999999	0.002417819728481131	0.0023989275059150827	60.52034142870673				
2025-11-10 08:00:00	10000	2.76	2.64	2.64	2.75	BELL.MI	1.35	1.41	1.35	1.41	1.78	1.34	-1.0	-1.0	-1.0	-1	-1.0	-1.0	1.0	-1.0	-1.0	1.0										-1.0			3.03										-1.0			1.84	-0.14	-0.14	1.43	-0.05	-0.05	0.81	3.03	1.43	0.0	0.0	51.49					1	-0.14	-0.14	-0.75	-0.05	-0.05	-0.07	-0.75	0.0	0.0	64.23					0.14	0.14	-1.51	0.05	0.05	-0.41	-1.51	0.0	0.0	3.3					0.14	0.14	-0.21	0.05	0.05	-0.19	-0.21	0.0	0.0	3.3					-0.14000000000000012	-0.14000000000000012	1.2199999999999998	-0.05363984674329503	-0.052250690343877894	0.6247817832287732	1.2199999999999998	0.002236643252453185	0.0022162645910988044	51.48648606591541				
2025-11-11 08:00:00	500	2.77	2.77	2.77	2.77	BELL.MI	1.4	1.4	1.4	1.4	1.78	1.34	-1.0	-1.0	-1.0	-1	-1.0	-1.0	1.0	-1.0	-1.0	1.0										-1.0			3.03	1.4									-1.0			1.84	-0.02	-0.02	1.41	-0.01	-0.01	0.8	3.03	1.41	0.0	0.0	45.72					1	-0.02	-0.02	-0.77	-0.01	-0.01	-0.08	-0.77	0.0	0.0	54.34					0.02	0.02	-1.49	0.01	0.01	-0.41	-1.49	0.0	0.0	9.45					0.02	0.02	-0.19	0.01	0.01	-0.19	-0.19	0.0	0.0	9.45					-0.020000000000000018	-0.020000000000000018	1.1999999999999997	-0.0072727272727273196	-0.007246408520767253	0.6130505068155689	1.1999999999999997	0.001953697897226806	0.0019334902807672805	45.718849132432894				
2025-11-12 08:00:00	0	2.77	2.77	2.77	2.77	BELL.MI	1.39	1.39	1.39	1.39	1.78	1.34	-1.0	-1.0	-1.0	-1	-1.0	-1.0	1.0	-1.0	-1.0	1.0										-1.0			3.03		1.39								-1.0			1.84	-0.0	-0.0	1.41	-0.0	-0.0	0.8	3.03	1.41	0.0	0.0	49.9					1	-0.0	-0.0	-0.77	-0.0	-0.0	-0.08	-0.77	0.0	0.0	54.34					0.0	0.0	-1.49	0.0	0.0	-0.41	-1.49	0.0	0.0	8.67					0.0	0.0	-0.19	0.0	0.0	-0.19	-0.19	0.0	0.0	8.67					-0.0	-0.0	1.1999999999999997	-0.0	-0.0	0.6130505068155689	1.1999999999999997	0.0021093286186862777	0.0020895383163512804	49.90030989127085				
2025-11-13 08:00:00	2000	2.83	2.78	2.79	2.78	BELL.MI	1.4	1.42	1.4	1.4	1.78	1.34	-1.0	-1.0	-1.0	-1	-1.0	-1.0	1.0	-1.0	-1.0	1.0	2.83									-1.0			3.03	1.42									-1.0			1.84	-0.01	-0.01	1.4	-0.0	-0.0	0.79	3.03	1.4	0.0	0.0	45.69					1	-0.01	-0.01	-0.78	-0.0	-0.0	-0.08	-0.78	0.0	0.0	45.89					0.01	0.01	-1.48	0.0	0.0	-0.4	-1.48	0.0	0.0	12.96					0.01	0.01	-0.18	0.0	0.0	-0.18	-0.18	0.0	0.0	12.96					-0.009999999999999787	-0.009999999999999787	1.19	-0.0036101083032489267	-0.0036036075032983964	0.6072481668629952	1.19	0.001924004129454618	0.0019040953785227632	45.6882618352479				
2025-11-14 08:00:00	1000	2.73	2.73	2.73	2.73	BELL.MI	1.39	1.39	1.39	1.39	1.78	1.34	-1.0	-1.0	-1.0	-1	-1.0	-1.0	1.0	-1.0	-1.0	1.0										-1.0			3.03		1.39								-1.0			1.84	0.05	0.05	1.45	0.02	0.02	0.82	3.03	1.45	0.0	0.0	45.52					1	0.05	0.05	-0.73	0.02	0.02	-0.06	-0.73	0.0	0.0	55.72					-0.05	-0.05	-1.53	-0.02	-0.02	-0.41	-1.53	0.0	0.0	13.22					-0.05	-0.05	-0.23	-0.02	-0.02	-0.2	-0.23	0.0	0.0	13.22					0.04999999999999982	0.04999999999999982	1.2399999999999998	0.017985611510791255	0.01814931850567722	0.6366849464758704	1.2399999999999998	0.0019108499250733782	0.0018910059161560966	45.5165938517415				
2025-11-17 08:00:00	0	2.73	2.73	2.73	2.73	BELL.MI	1.4	1.4	1.4	1.4	1.78	1.34	-1.0	-1.0	-1.0	-1	-1.0	-1.0	1.0	-1.0	-1.0	1.0		2.73								-1.0			3.03										-1.0			1.84	-0.0	-0.0	1.45	-0.0	-0.0	0.82	2.93	1.45	0.0	0.0	45.52					1	-0.0	-0.0	-0.73	-0.0	-0.0	-0.06	-0.73	0.0	0.0	55.72					0.0	0.0	-1.53	0.0	0.0	-0.41	-1.53	0.0	0.0	13.22					0.0	0.0	-0.23	0.0	0.0	-0.2	-0.23	0.0	0.0	13.22					-0.0	-0.0	1.2399999999999998	-0.0	-0.0	0.6366849464758704	1.2399999999999998	0.0019108499250733782	0.0018910059161560966	45.5165938517415				
2025-11-18 08:00:00	0	2.73	2.73	2.73	2.73	BELL.MI	1.43	1.43	1.43	1.43	1.78	1.34	-1.0	-1.0	-1.0	-1	-1.0	-1.0	1.0	-1.0	-1.0	1.0										-1.0			3.03										-1.0			1.84	-0.0	-0.0	1.45	-0.0	-0.0	0.82	2.9	1.45	0.0	0.0	44.67					1	-0.0	-0.0	-0.73	-0.0	-0.0	-0.06	-0.73	0.0	0.0	55.72					0.0	0.0	-1.53	0.0	0.0	-0.41	-1.53	0.0	0.0	17.6					0.0	0.0	-0.23	0.0	0.0	-0.2	-0.23	0.0	0.0	17.6					-0.0	-0.0	1.2399999999999998	-0.0	-0.0	0.6366849464758704	1.2399999999999998	0.0018470414716467822	0.0018275100260651822	44.66852853543747				
2025-11-19 08:00:00	0	2.73	2.73	2.73	2.73	BELL.MI	1.44	1.44	1.44	1.44	1.78	1.34	-1.0	-1.0	-1.0	-1	-1.0	-1.0	1.0	-1.0	-1.0	1.0										-1.0			3.03	1.44									-1.0			1.84	-0.0	-0.0	1.45	-0.0	-0.0	0.82	2.9	1.45	0.0	0.0	44.67					1	-0.0	-0.0	-0.73	-0.0	-0.0	-0.06	-0.73	0.0	0.0	55.72					0.0	0.0	-1.53	0.0	0.0	-0.41	-1.53	0.0	0.0	17.6					0.0	0.0	-0.23	0.0	0.0	-0.2	-0.23	0.0	0.0	17.6					-0.0	-0.0	1.2399999999999998	-0.0	-0.0	0.6366849464758704	1.2399999999999998	0.0018470414716467822	0.0018275100260651822	44.66852853543747				
2025-11-20 08:00:00	16500	2.81	2.6	2.69	2.81	BELL.MI	1.41	1.47	1.36	1.47	1.78	1.34	-1.0	-1.0	-1.0	-1	-1.0	-1.0	1.0	-1.0	-1.0	1.0										-1.0			3.03		1.36								-1.0			1.84	-0.08	-0.08	1.37	-0.03	-0.03	0.77	2.9	1.37	0.0	0.0	36.48					1	-0.08	-0.08	-0.81	-0.03	-0.03	-0.09	-0.81	0.0	0.0	39.4					0.08	0.08	-1.45	0.03	0.03	-0.4	-1.45	0.0	0.0	24.63					0.08	0.08	-0.15	0.03	0.03	-0.17	-0.15	0.0	0.0	24.63					-0.08000000000000007	-0.08000000000000007	1.1599999999999997	-0.029304029304029422	-0.028882874148786146	0.5900889337648134	1.1599999999999997	0.0015634339083922017	0.0015430302531662665	36.48455975333038				
2025-11-21 08:00:00	0	2.81	2.81	2.81	2.81	BELL.MI	1.48	1.48	1.48	1.48	1.78	1.34	-1.0	-1.0	-1.0	-1	-1.0	-1.0	1.0	-1.0	-1.0	1.0	2.81									-1.0			3.03										-1.0			1.84	-0.0	-0.0	1.37	-0.0	-0.0	0.77	2.9	1.37	0.0	0.0	40.06					1	-0.0	-0.0	-0.81	-0.0	-0.0	-0.09	-0.81	0.0	0.0	39.4					0.0	0.0	-1.45	0.0	0.0	-0.4	-1.45	0.0	0.0	24.28					0.0	0.0	-0.15	0.0	0.0	-0.17	-0.15	0.0	0.0	24.28					-0.0	-0.0	1.1599999999999997	-0.0	-0.0	0.5900889337648134	1.1599999999999997	0.0017075513945556862	0.0016874513336766483	40.063874283180446				
2025-11-24 08:00:00	0	2.81	2.81	2.81	2.81	BELL.MI	1.49	1.49	1.49	1.49	1.78	1.34	-1.0	-1.0	-1.0	-1	-1.0	-1.0	1.0	-1.0	-1.0	1.0										-1.0			3.03	1.49		1.49							-1.0			1.84	-0.0	-0.0	1.37	-0.0	-0.0	0.77	2.9	1.37	0.0	0.0	39.16					1	-0.0	-0.0	-0.81	-0.0	-0.0	-0.09	-0.81	0.0	0.0	39.4					0.0	0.0	-1.45	0.0	0.0	-0.4	-1.45	0.0	0.0	28.78					0.0	0.0	-0.15	0.0	0.0	-0.17	-0.15	0.0	0.0	28.78					-0.0	-0.0	1.1599999999999997	-0.0	-0.0	0.5900889337648134	1.1599999999999997	0.0016428551553416926	0.001623074063551222	39.158507005847085				
2025-11-25 08:00:00	6000	2.86	2.71	2.86	2.8	BELL.MI	1.51	1.51	1.43	1.47	1.78	1.34	-1.0	-1.0	-1.0	-1	-1.0	-1.0	1.0	-1.0	-1.0	1.0		2.71								-1.0			3.03		1.43								-1.0			1.84	0.01	0.01	1.38	0.0	0.0	0.78	2.9	1.38	0.0	0.0	38.22					1	0.01	0.01	-0.8	0.0	0.0	-0.09	-0.8	0.0	0.0	41.22					-0.01	-0.01	-1.46	-0.0	-0.0	-0.4	-1.46	0.0	0.0	30.27					-0.01	-0.01	-0.16	-0.0	-0.0	-0.18	-0.16	0.0	0.0	30.27					0.010000000000000231	0.010000000000000231	1.17	0.003558718861210064	0.003565066164496257	0.5957678228139736	1.17	0.0015776331782947884	0.0015581710804966065	38.21617965709618				
2025-11-26 08:00:00	1000	2.84	2.84	2.84	2.84	BELL.MI	1.48	1.48	1.48	1.48	1.78	1.34	-1.0	-1.0	-1.0	-1	-1.0	-1.0	1.0	-1.0	-1.0	1.0	2.84		2.84							-1.0			3.03	1.48									-1.0			1.84	-0.04	-0.04	1.34	-0.01	-0.01	0.75	2.86	1.34	0.0	0.0	37.67					1	-0.04	-0.04	-0.84	-0.01	-0.01	-0.1	-0.84	0.0	0.0	40.1					0.04	0.04	-1.42	0.01	0.01	-0.39	-1.42	0.0	0.0	30.62					0.04	0.04	-0.12	0.01	0.01	-0.17	-0.12	0.0	0.0	30.62					-0.040000000000000036	-0.040000000000000036	1.13	-0.014285714285714235	-0.014184634991956381	0.5732922196757486	1.13	0.0015639435807813943	0.0015443718263747908	37.672166740559916				
2025-11-27 08:00:00	25500	2.8	2.68	2.79	2.69	BELL.MI	1.45	1.46	1.39	1.4	1.78	1.34	-1.0	-1.0	-1.0	-1	-1.0	-1.0	1.0	-1.0	-1.0	1.0										-1.0			3.03										-1.0			1.84	0.15	0.15	1.49	0.05	0.05	0.85	2.86	1.49	0.0	0.0	42.23					1	0.15	0.15	-0.69	0.05	0.05	-0.05	-0.69	0.0	0.0	61.98					-0.15	-0.15	-1.57	-0.05	-0.05	-0.42	-1.57	0.0	0.0	20.44					-0.15	-0.15	-0.27	-0.05	-0.05	-0.21	-0.27	0.0	0.0	20.44					0.1499999999999999	0.1499999999999999	1.2799999999999998	0.052816901408450634	0.05426285855936686	0.6610222691000467	1.2799999999999998	0.0019003733038494685	0.00187912385564859	42.22930351199879				
2025-11-28 08:00:00	4500	2.67	2.64	2.64	2.64	BELL.MI	1.37	1.38	1.37	1.37	1.78	1.34	-1.0	-1.0	-1.0	-1	-1.0	-1.0	1.0	-1.0	-1.0	1.0										-1.0			3.03										-1.0			1.84	0.05	0.05	1.54	0.02	0.02	0.88	2.86	1.54	0.0	0.0	49.88					1	0.05	0.05	-0.64	0.02	0.02	-0.03	-0.64	0.0	0.0	79.87					-0.05	-0.05	-1.62	-0.02	-0.02	-0.43	-1.62	0.0	0.0	13.1					-0.05	-0.05	-0.32	-0.02	-0.02	-0.22	-0.32	0.0	0.0	13.1					0.04999999999999982	0.04999999999999982	1.3299999999999996	0.018587360594795488	0.01876227645552289	0.6924810241966384	1.3299999999999996	0.0022299521254360625	0.002208996211852332	49.877361232874634				
2025-12-01 08:00:00	7500	2.6	2.52	2.6	2.59	BELL.MI	1.35	1.35	1.31	1.35	1.78	1.31	-1.0	-1.0	-1.0	-1	-1.0	-1.0	1.0	-1.0	-1.0	1.0		2.52								-1.0			3.03		1.31								-1.0			1.84	0.05	0.05	1.59	0.02	0.02	0.92	2.86	1.59	0.0	0.0	50.5					1	0.05	0.05	-0.59	0.02	0.02	-0.01	-0.59	0.0	0.0	82.19					-0.05	-0.05	-1.67	-0.02	-0.02	-0.44	-1.67	0.0	0.0	12.13					-0.05	-0.05	-0.37	-0.02	-0.02	-0.24	-0.37	0.0	0.0	12.13					0.050000000000000266	0.050000000000000266	1.38	0.018939393939394034	0.019121041446778512	0.7251544030421335	1.38	0.002285129128226823	0.0022638994004116064	50.49648805054429				
2025-12-02 08:00:00	1000	2.6	2.59	2.59	2.6	BELL.MI	1.34	1.35	1.34	1.35	1.78	1.31	-1.0	-1.0	-1.0	-1	-1.0	-1.0	1.0	-1.0	-1.0	1.0	2.6									-1.0			3.03	1.35									-1.0			1.84	-0.01	-0.01	1.58	-0.0	-0.0	0.91	2.86	1.58	0.0	0.0	52.14					1	-0.01	-0.01	-0.6	-0.0	-0.0	-0.02	-0.6	0.0	0.0	85.65					0.01	0.01	-1.66	0.0	0.0	-0.44	-1.66	0.0	0.0	11.03					0.01	0.01	-0.36	0.0	0.0	-0.24	-0.36	0.0	0.0	11.03					-0.010000000000000231	-0.010000000000000231	1.3699999999999997	-0.0038610038610038533	-0.0038535693159899723	0.7185191937996638	1.3699999999999997	0.0023219062136473024	0.0023009891820469086	52.14280498065805				
2025-12-03 08:00:00	2500	2.57	2.55	2.57	2.55	BELL.MI	1.33	1.33	1.32	1.32	1.78	1.31	-1.0	-1.0	-1.0	-1	-1.0	-1.0	1.0	-1.0	-1.0	1.0										-1.0			3.03										-1.0			1.84	0.05	0.05	1.63	0.02	0.02	0.95	2.86	1.63	0.0	0.0	53.46					1	0.05	0.05	-0.55	0.02	0.02	0.0	-0.55	0.0	0.0	90.36					-0.05	-0.05	-1.71	-0.02	-0.02	-0.45	-1.71	0.0	0.0	5.99					-0.05	-0.05	-0.41	-0.02	-0.02	-0.25	-0.41	0.0	0.0	5.99					0.050000000000000266	0.050000000000000266	1.42	0.019230769230769384	0.01941808585710174	0.7522156485800495	1.42	0.002444240154547044	0.002422714249897151	53.46372523873447				
2025-12-04 08:00:00	2500	2.55	2.51	2.52	2.55	BELL.MI	1.3	1.32	1.3	1.32	1.78	1.3	-1.0	-1.0	-1.0	-1	-1.0	-1.0	1.0	-1.0	-1.0	1.0		2.51		2.51						-1.0			3.03		1.3		1.3						-1.0			1.84	-0.0	-0.0	1.63	-0.0	-0.0	0.95	2.86	1.63	0.0	0.0	67.1					1	-0.0	-0.0	-0.55	-0.0	-0.0	0.0	-0.55	0.0	0.0	118.8					0.0	0.0	-1.71	0.0	0.0	-0.45	-1.71	-0.0	-0.0	-1.17					0.0	0.0	-0.41	0.0	0.0	-0.25	-0.41	-0.0	-0.0	-1.17					-0.0	-0.0	1.42	-0.0	-0.0	0.7522156485800495	1.42	0.0027838618992898643	0.0027643254035867315	67.09868957137442				
2025-12-05 08:00:00	5500	2.68	2.56	2.56	2.68	BELL.MI	1.32	1.39	1.32	1.39	1.78	1.3	-1.0	-1.0	-1.0	-1	-1.0	-1.0	1.0	-1.0	-1.0	1.0										-1.0			3.03										-1.0			1.84	-0.13	-0.13	1.5	-0.05	-0.05	0.86	2.86	1.5	0.0	0.0	58.19					1	-0.13	-0.13	-0.68	-0.05	-0.05	-0.05	-0.68	0.0	0.0	99.31					0.13	0.13	-1.58	0.05	0.05	-0.43	-1.58	0.0	0.0	4.81					0.13	0.13	-0.28	0.05	0.05	-0.21	-0.28	0.0	0.0	4.81					-0.13000000000000034	-0.13000000000000034	1.2899999999999996	-0.050980392156862786	-0.049723435352430574	0.6672201133877336	1.2899999999999996	0.002616489206114322	0.002595527754961191	58.191602220670525				
2025-12-08 08:00:00	500	2.68	2.68	2.68	2.68	BELL.MI	1.39	1.39	1.39	1.39	1.78	1.3	-1.0	-1.0	-1.0	-1	-1.0	-1.0	1.0	-1.0	-1.0	1.0	2.68									-1.0			3.03	1.39									-1.0			1.84	-0.0	-0.0	1.5	-0.0	-0.0	0.86	2.86	1.5	0.0	0.0	58.19					1	-0.0	-0.0	-0.68	-0.0	-0.0	-0.05	-0.68	0.0	0.0	99.31					0.0	0.0	-1.58	0.0	0.0	-0.43	-1.58	0.0	0.0	4.81					0.0	0.0	-0.28	0.0	0.0	-0.21	-0.28	0.0	0.0	4.81					-0.0	-0.0	1.2899999999999996	-0.0	-0.0	0.6672201133877336	1.2899999999999996	0.002616489206114322	0.002595527754961191	58.191602220670525				
2025-12-09 08:00:00	1000	2.69	2.63	2.63	2.69	BELL.MI	1.36	1.39	1.36	1.39	1.78	1.3	-1.0	-1.0	-1.0	-1	-1.0	-1.0	1.0	-1.0	-1.0	1.0		2.63								-1.0			3.03		1.36	1.39							-1.0			1.84	-0.01	-0.01	1.49	-0.0	-0.0	0.85	2.86	1.49	0.0	0.0	62.18					1	-0.01	-0.01	-0.69	-0.0	-0.0	-0.05	-0.69	0.0	0.0	92.65					0.01	0.01	-1.57	0.0	0.0	-0.42	-1.57	0.0	0.0	2.13					0.01	0.01	-0.27	0.0	0.0	-0.21	-0.27	0.0	0.0	2.13					-0.009999999999999787	-0.009999999999999787	1.2799999999999998	-0.003731343283581934	-0.0037243990909822727	0.6610222691000469	1.2799999999999998	0.0026948060764703315	0.0026745176779383595	62.18161767712008				
2025-12-10 08:00:00	0	2.69	2.69	2.69	2.69	BELL.MI	1.39	1.39	1.39	1.39	1.75	1.3	-1.0	-1.0	-1.0	-1	-1.0	-1.0	1.0	-1.0	-1.0	1.0	2.69		2.69							-1.0			3.03	1.39									-1.0			1.84	-0.0	-0.0	1.49	-0.0	-0.0	0.85	2.86	1.49	0.0	0.0	60.92					1	-0.0	-0.0	-0.69	-0.0	-0.0	-0.05	-0.69	0.0	0.0	92.65					0.0	0.0	-1.57	0.0	0.0	-0.42	-1.57	0.0	0.0	7.22					0.0	0.0	-0.27	0.0	0.0	-0.21	-0.27	0.0	0.0	7.22					-0.0	-0.0	1.2799999999999998	-0.0	-0.0	0.6610222691000469	1.2799999999999998	0.002572897628657887	0.0025531857122083057	60.921520204145914				
2025-12-11 08:00:00	2000	2.68	2.64	2.64	2.68	BELL.MI	1.36	1.38	1.36	1.38	1.75	1.3	-1.0	-1.0	-1.0	-1	-1.0	-1.0	1.0	-1.0	-1.0	1.0		2.64								-1.0			3.03		1.36								-1.0			1.84	0.01	0.01	1.5	0.0	0.0	0.86	2.86	1.5	0.0	0.0	61.17					1	0.01	0.01	-0.68	0.0	0.0	-0.05	-0.68	0.0	0.0	93.49					-0.01	-0.01	-1.58	-0.0	-0.0	-0.43	-1.58	0.0	0.0	3.73					-0.01	-0.01	-0.28	-0.0	-0.0	-0.21	-0.28	0.0	0.0	3.73					0.009999999999999787	0.009999999999999787	1.2899999999999996	0.0037174721189590088	0.003724399090982328	0.6672201133877336	1.2899999999999996	0.0025967337828401737	0.0025769097992927037	61.1730588949089				
2025-12-12 08:00:00	0	2.68	2.68	2.68	2.68	BELL.MI	1.38	1.38	1.38	1.38	1.75	1.3	-1.0	-1.0	-1.0	-1	-1.0	-1.0	1.0	-1.0	-1.0	1.0	2.68									-1.0			3.03	1.38									-1.0			1.84	-0.0	-0.0	1.5	-0.0	-0.0	0.86	2.86	1.5	0.0	0.0	60.52					1	-0.0	-0.0	-0.68	-0.0	-0.0	-0.05	-0.68	0.0	0.0	93.49					0.0	0.0	-1.58	0.0	0.0	-0.43	-1.58	0.0	0.0	7.88					0.0	0.0	-0.28	0.0	0.0	-0.21	-0.28	0.0	0.0	7.88					-0.0	-0.0	1.2899999999999996	-0.0	-0.0	0.6672201133877336	1.2899999999999996	0.0025348975530050575	0.0025153636431494153	60.51514800464698				
2025-12-15 08:00:00	4000	2.63	2.59	2.63	2.59	BELL.MI	1.34	1.34	1.32	1.32	1.73	1.3	-1.0	-1.0	-1.0	-1	-1.0	-1.0	1.0	-1.0	-1.0	1.0										-1.0			3.03										-1.0			1.84	0.09	0.09	1.59	0.03	0.03	0.92	2.86	1.59	0.0	0.0	71.65					1	0.09	0.09	-0.59	0.03	0.03	-0.01	-0.59	0.0	0.0	100.38					-0.09	-0.09	-1.67	-0.03	-0.03	-0.44	-1.67	-0.0	-0.0	-2.66					-0.09	-0.09	-0.37	-0.03	-0.03	-0.24	-0.37	-0.0	-0.0	-2.66					0.0900000000000003	0.0900000000000003	1.38	0.03358208955223896	0.034158918811319085	0.7251544030421337	1.38	0.0029876391866578995	0.002968194611724595	71.64968039360329				
2025-12-16 08:00:00	3500	2.65	2.56	2.56	2.6	BELL.MI	1.31	1.35	1.31	1.33	1.73	1.3	-1.0	-1.0	-1.0	-1	-1.0	-1.0	1.0	-1.0	-1.0	1.0										-1.0			3.03										-1.0			1.84	-0.01	-0.01	1.58	-0.0	-0.0	0.91	2.86	1.58	0.0	0.0	65.83					1	-0.01	-0.01	-0.6	-0.0	-0.0	-0.02	-0.6	0.0	0.0	94.05					0.01	0.01	-1.66	0.0	0.0	-0.44	-1.66	0.0	0.0	4.03					0.01	0.01	-0.36	0.0	0.0	-0.24	-0.36	0.0	0.0	4.03					-0.010000000000000231	-0.010000000000000231	1.3699999999999997	-0.0038610038610038533	-0.0038535693159899723	0.718519193799664	1.3699999999999997	0.002659253487389128	0.002640300532102513	65.83006797576306				
2025-12-17 08:00:00	2000	2.6	2.55	2.56	2.6	BELL.MI	1.3	1.33	1.3	1.33	1.69	1.3	-1.0	-1.0	-1.0	-1	-1.0	-1.0	1.0	-1.0	-1.0	1.0										-1.0			3.03										-1.0			1.84	-0.0	-0.0	1.58	-0.0	-0.0	0.91	2.86	1.58	0.0	0.0	72.49					1	-0.0	-0.0	-0.6	-0.0	-0.0	-0.02	-0.6	0.0	0.0	94.05					0.0	0.0	-1.66	0.0	0.0	-0.44	-1.66	0.0	0.0	1.78					0.0	0.0	-0.36	0.0	0.0	-0.24	-0.36	0.0	0.0	1.78					-0.0	-0.0	1.3699999999999997	-0.0	-0.0	0.718519193799664	1.3699999999999997	0.0028437169873529087	0.002825468832787781	72.49280320557698				
2025-12-18 08:00:00	3000	2.6	2.51	2.55	2.6	BELL.MI	1.29	1.31	1.27	1.31	1.69	1.27	-1.0	-1.0	-1.0	-1	-1.0	-1.0	1.0	-1.0	-1.0	1.0		2.51								-1.0			3.03		1.27								-1.0			1.84	-0.0	-0.0	1.58	-0.0	-0.0	0.91	2.86	1.58	0.0	0.0	70.49					1	-0.0	-0.0	-0.6	-0.0	-0.0	-0.02	-0.6	0.0	0.0	94.05					0.0	0.0	-1.66	0.0	0.0	-0.44	-1.66	0.0	0.0	8.38					0.0	0.0	-0.36	0.0	0.0	-0.24	-0.36	0.0	0.0	8.38					-0.0	-0.0	1.3699999999999997	-0.0	-0.0	0.718519193799664	1.3699999999999997	0.0026546891268974366	0.0026372669263492465	70.4909317379221				
2025-12-19 08:00:00	6500	2.61	2.55	2.56	2.6	BELL.MI	1.29	1.31	1.28	1.31	1.68	1.27	-1.0	-1.0	-1.0	-1	-1.0	-1.0	1.0	-1.0	-1.0	1.0										-1.0			3.03										-1.0			1.84	-0.0	-0.0	1.58	-0.0	-0.0	0.91	2.86	1.58	0.0	0.0	70.49					1	-0.0	-0.0	-0.6	-0.0	-0.0	-0.02	-0.6	0.0	0.0	94.05					0.0	0.0	-1.66	0.0	0.0	-0.44	-1.66	0.0	0.0	8.38					0.0	0.0	-0.36	0.0	0.0	-0.24	-0.36	0.0	0.0	8.38					-0.0	-0.0	1.3699999999999997	-0.0	-0.0	0.718519193799664	1.3699999999999997	0.0026546891268974366	0.0026372669263492465	70.4909317379221				
2025-12-22 08:00:00	500	2.62	2.62	2.62	2.62	BELL.MI	1.32	1.32	1.32	1.32	1.67	1.27	-1.0	-1.0	-1.0	-1	-1.0	-1.0	1.0	-1.0	-1.0	1.0	2.62									-1.0			3.03	1.32									-1.0			1.84	-0.02	-0.02	1.56	-0.01	-0.01	0.9	2.86	1.56	0.0	0.0	63.77					1	-0.02	-0.02	-0.62	-0.01	-0.01	-0.02	-0.62	0.0	0.0	86.48					0.02	0.02	-1.64	0.01	0.01	-0.44	-1.64	0.0	0.0	15.66					0.02	0.02	-0.34	0.01	0.01	-0.23	-0.34	0.0	0.0	15.66					-0.020000000000000018	-0.020000000000000018	1.3499999999999996	-0.007692307692307665	-0.007662872745569097	0.7054007266714224	1.3499999999999996	0.002354736501764675	0.002337531120903069	63.76897125298104				
2025-12-23 08:00:00	20000	2.62	2.42	2.57	2.52	BELL.MI	1.29	1.32	1.22	1.27	1.67	1.22	-1.0	-1.0	-1.0	-1	-1.0	-1.0	1.0	-1.0	-1.0	1.0										-1.0	2.42		3.03										-1.0			1.84	0.1	0.1	1.66	0.04	0.04	0.97	2.84	1.66	0.0	0.0	65.2					1	0.1	0.1	-0.52	0.04	0.04	0.01	-0.52	0.0	0.0	93.44					-0.1	-0.1	-1.74	-0.04	-0.04	-0.46	-1.74	0.0	0.0	13.29					-0.1	-0.1	-0.44	-0.04	-0.04	-0.26	-0.44	0.0	0.0	13.29					0.10000000000000009	0.10000000000000009	1.4499999999999997	0.038167938931297773	0.03891541624967361	0.7730753586821932	1.4499999999999997	0.002473621186645	0.0024558902964721963	65.19552666931985				
2025-12-29 08:00:00	2000	2.5	2.5	2.5	2.5	BELL.MI	1.26	1.26	1.26	1.26	1.67	1.22	-1.0	-1.0	-1.0	-1	-1.0	-1.0	1.0	-1.0	-1.0	1.0		2.5		2.5						-1.0			3.03		1.26								-1.0			1.84	0.02	0.02	1.68	0.01	0.01	0.99	2.8	1.68	0.0	0.0	65.78					1	0.02	0.02	-0.5	0.01	0.01	0.02	-0.5	0.0	0.0	94.7					-0.02	-0.02	-1.76	-0.01	-0.01	-0.46	-1.76	0.0	0.0	9.05					-0.02	-0.02	-0.46	-0.01	-0.01	-0.27	-0.46	0.0	0.0	9.05					0.020000000000000018	0.020000000000000018	1.4699999999999998	0.007936507936507908	0.007968169649176845	0.7872599615516507	1.4699999999999998	0.0025246174723997324	0.002506658752814861	65.7843174165414				
2025-12-30 08:00:00	500	2.54	2.54	2.54	2.54	BELL.MI	1.27	1.27	1.27	1.27	1.67	1.22	-1.0	-1.0	-1.0	-1	-1.0	-1.0	1.0	-1.0	-1.0	1.0										-1.0			3.03	1.27			1.27		1.27				-1.0			1.84	-0.04	-0.04	1.64	-0.02	-0.02	0.96	2.69	1.64	0.0	0.0	63.18					1	-0.04	-0.04	-0.54	-0.02	-0.02	0.01	-0.54	0.0	0.0	84.99					0.04	0.04	-1.72	0.02	0.02	-0.46	-1.72	0.0	0.0	10.72					0.04	0.04	-0.42	0.02	0.02	-0.25	-0.42	0.0	0.0	10.72					-0.040000000000000036	-0.040000000000000036	1.4299999999999997	-0.016000000000000014	-0.015873349156290163	0.7591141353854829	1.4299999999999997	0.0024797811197327163	0.002461461116594954	63.176745167211486				
2026-01-02 08:00:00	0	2.54	2.54	2.54	2.54	BELL.MI	1.26	1.26	1.26	1.26	1.67	1.22	-1.0	-1.0	-1.0	-1	-1.0	-1.0	1.0	-1.0	-1.0	1.0										-1.0			3.03		1.26								-1.0			1.84	-0.0	-0.0	1.64	-0.0	-0.0	0.96	2.69	1.64	0.0	0.0	62.93					1	-0.0	-0.0	-0.54	-0.0	-0.0	0.01	-0.54	0.0	0.0	84.99					0.0	0.0	-1.72	0.0	0.0	-0.46	-1.72	0.0	0.0	14.35					0.0	0.0	-0.42	0.0	0.0	-0.25	-0.42	0.0	0.0	14.35					-0.0	-0.0	1.4299999999999997	-0.0	-0.0	0.7591141353854829	1.4299999999999997	0.002457900756540488	0.002439679664619998	62.925765000971545				
2026-01-05 08:00:00	25000	2.75	2.59	2.59	2.75	BELL.MI	1.27	1.35	1.27	1.35	1.67	1.22	-1.0	-1.0	-1.0	0	-1.0	-1.0	1.0	-1.0	-1.0	1.0										-1.0			3.03										-1.0			1.84	-0.21	-0.21	1.43	-0.08	-0.08	0.81	2.75	1.43	0.0	0.0	45.16					1	-0.21	-0.21	-0.75	-0.08	-0.08	-0.07	-0.75	0.0	0.0	59.48					0.21	0.21	-1.51	0.08	0.08	-0.41	-1.51	0.0	0.0	27.12					0.21	0.21	-0.21	0.08	0.08	-0.19	-0.21	0.0	0.0	27.12					-0.20999999999999996	-0.20999999999999996	1.2199999999999998	-0.08267716535433078	-0.07943683064803478	0.6247817832287732	1.2199999999999998	0.0019949136950375896	0.001974281829406177	45.163799621142964				
2026-01-06 08:00:00	2500	2.9	2.76	2.76	2.9	BELL.MI	1.36	1.42	1.36	1.42	1.67	1.22	-1.0	-1.0	1.0	1	-1.0	-1.0	1.0	-1.0	-1.0	1.0										-1.0			3.03										-1.0			1.84	-0.15	-0.15	1.28	-0.05	-0.05	0.71	2.9	1.28	0.0	0.0	34.7					1	0.0	0.0	-0.75	0.0	0.0	-0.07	-0.75	0.0	0.0	59.48					0.15	0.15	-1.36	0.05	0.05	-0.38	-1.36	0.0	0.0	31.81					0.15	0.15	-0.06	0.05	0.05	-0.15	-0.06	0.0	0.0	31.81					-0.1499999999999999	-0.1499999999999999	1.0699999999999998	-0.05454545454545445	-0.05310982531394833	0.5407413461652162	1.0699999999999998	0.0016600683151162905	0.0016375113706545985	34.69736725621752				
2026-01-07 08:00:00	11500	2.91	2.85	2.9	2.85	BELL.MI	1.43	1.44	1.41	1.41	1.67	1.22	-1.0	-1.0	1.0	1	-1.0	-1.0	1.0	-1.0	-1.0	1.0	2.91									-1.0			3.03	1.44									-1.0			1.84	0.05	0.05	1.33	0.02	0.02	0.74	2.91	1.33	0.0	0.0	35.78					1	-0.05	-0.05	-0.8	-0.02	-0.02	-0.09	-0.8	0.0	0.0	50.88					-0.05	-0.05	-1.41	-0.02	-0.02	-0.39	-1.41	0.0	0.0	30.06					-0.05	-0.05	-0.11	-0.02	-0.02	-0.16	-0.11	0.0	0.0	30.06					0.04999999999999982	0.04999999999999982	1.1199999999999997	0.01724137931034475	0.017391742711869107	0.5677718960979392	1.1199999999999997	0.0017464808637477364	0.0017234685827949292	35.782481193681164				
2026-01-08 08:00:00	0	2.85	2.85	2.85	2.85	BELL.MI	1.4	1.4	1.4	1.4	1.67	1.22	-1.0	-1.0	1.0	1	-1.0	-1.0	1.0	-1.0	-1.0	1.0										-1.0			3.03		1.4								-1.0			1.84	-0.0	-0.0	1.33	-0.0	-0.0	0.74	2.91	1.33	0.0	0.0	35.52					1	0.0	0.0	-0.8	0.0	0.0	-0.09	-0.8	0.0	0.0	50.26					0.0	0.0	-1.41	0.0	0.0	-0.39	-1.41	0.0	0.0	33.36					0.0	0.0	-0.11	0.0	0.0	-0.16	-0.11	0.0	0.0	33.36					-0.0	-0.0	1.1199999999999997	-0.0	-0.0	0.5677718960979392	1.1199999999999997	0.0017249903742935216	0.0017020917562382554	35.5166417068517				
2026-01-09 08:00:00	7500	2.91	2.76	2.9	2.84	BELL.MI	1.43	1.43	1.36	1.4	1.67	1.22	-1.0	-1.0	1.0	1	-1.0	-1.0	1.0	-1.0	-1.0	1.0		2.76								-1.0			3.03										-1.0			1.84	0.01	0.01	1.34	0.0	0.0	0.75	2.91	1.34	0.0	0.0	39.11					1	-0.01	-0.01	-0.81	-0.0	-0.0	-0.09	-0.81	0.0	0.0	50.25					-0.01	-0.01	-1.42	-0.0	-0.0	-0.39	-1.42	0.0	0.0	29.77					-0.01	-0.01	-0.12	-0.0	-0.0	-0.17	-0.12	0.0	0.0	29.77					0.010000000000000231	0.010000000000000231	1.13	0.0035087719298246833	0.003514942107444608	0.5732922196757491	1.13	0.0018993456353298419	0.0018766881527942925	39.107713838316016				
2026-01-12 08:00:00	12000	2.91	2.78	2.84	2.9	BELL.MI	1.4	1.43	1.37	1.43	1.67	1.22	-1.0	-1.0	1.0	1	-1.0	-1.0	1.0	-1.0	-1.0	1.0										-1.0			3.03										-1.0			1.84	-0.06	-0.06	1.28	-0.02	-0.02	0.71	2.91	1.28	0.0	0.0	31.64					1	0.06	0.06	-0.75	0.02	0.02	-0.07	-0.75	0.0	0.0	49.6					0.06	0.06	-1.36	0.02	0.02	-0.38	-1.36	0.0	0.0	37.43					0.06	0.06	-0.06	0.02	0.02	-0.15	-0.06	0.0	0.0	37.43					-0.06000000000000005	-0.06000000000000005	1.0699999999999998	-0.021126760563380254	-0.020906684819313643	0.5407413461652164	1.0699999999999998	0.0015284875768761582	0.0015057015672541585	31.64334333645718				
2026-01-13 08:00:00	10000	2.9	2.89	2.89	2.89	BELL.MI	1.43	1.43	1.43	1.43	1.67	1.22	-1.0	-1.0	1.0	1	-1.0	-1.0	1.0	-1.0	-1.0	1.0										-1.0			3.03										-1.0			1.84	0.01	0.01	1.29	0.0	0.0	0.72	2.91	1.29	0.0	0.0	36.14					1	-0.01	-0.01	-0.76	-0.0	-0.0	-0.07	-0.76	0.0	0.0	51.12					-0.01	-0.01	-1.37	-0.0	-0.0	-0.38	-1.37	0.0	0.0	33.27					-0.01	-0.01	-0.07	-0.0	-0.0	-0.15	-0.07	0.0	0.0	33.27					0.009999999999999787	0.009999999999999787	1.0799999999999996	0.0034482758620688614	0.003454234868087446	0.5460726311000439	1.0799999999999996	0.001728432797492112	0.0017061197492549418	36.14146787856828				
2026-01-14 08:00:00	11500	2.97	2.84	2.91	2.96	BELL.MI	1.43	1.46	1.4	1.46	1.67	1.22	-1.0	-1.0	1.0	1	-1.0	-1.0	1.0	-1.0	-1.0	1.0										-1.0			3.03										-1.0			1.84	-0.07	-0.07	1.22	-0.02	-0.02	0.68	2.97	1.22	0.0	0.0	29.14					1	0.07	0.07	-0.69	0.02	0.02	-0.05	-0.69	0.0	0.0	52.86					0.07	0.07	-1.3	0.02	0.02	-0.37	-1.3	0.0	0.0	39.87					0.07	0.07	-0.0	0.02	0.02	-0.13	-0.0	0.0	0.0	39.87					-0.06999999999999984	-0.06999999999999984	1.0099999999999998	-0.02422145328719716	-0.02393276621162814	0.5095101026618674	1.0099999999999998	0.001411537369113744	0.0013886609678539497	29.139090923082613				
2026-01-15 08:00:00	1000	2.95	2.95	2.95	2.95	BELL.MI	1.45	1.45	1.45	1.45	1.67	1.22	-1.0	-1.0	1.0	1	-1.0	-1.0	1.0	-1.0	-1.0	1.0										-1.0			3.03										-1.0			1.84	0.01	0.01	1.23	0.0	0.0	0.69	2.97	1.23	0.0	0.0	29.12					1	-0.01	-0.01	-0.7	-0.0	-0.0	-0.05	-0.7	0.0	0.0	47.31					-0.01	-0.01	-1.31	-0.0	-0.0	-0.37	-1.31	0.0	0.0	39.9					-0.01	-0.01	-0.01	-0.0	-0.0	-0.13	-0.01	0.0	0.0	39.9					0.009999999999999787	0.009999999999999787	1.0199999999999996	0.0033783783783782884	0.003384097984240457	0.5146270860607209	1.0199999999999996	0.0014104153663961581	0.0013875448897679998	29.123789582617817				
2026-01-16 08:00:00	4000	2.96	2.96	2.96	2.96	BELL.MI	1.45	1.45	1.45	1.45	1.67	1.22	-1.0	-1.0	1.0	1	-1.0	-1.0	1.0	-1.0	-1.0	1.0	2.96		2.96			2.96				0.0			2.96										-1.0			1.84	-0.01	-0.01	1.22	-0.0	-0.0	0.68	2.97	1.22	0.0	0.0	32.62					1	0.01	0.01	-0.69	0.0	0.0	-0.05	-0.69	0.0	0.0	59.25					0.01	0.01	-1.3	0.0	0.0	-0.37	-1.3	0.0	0.0	37.76					0.01	0.01	-0.0	0.0	0.0	-0.13	-0.0	0.0	0.0	37.76					-0.009999999999999787	-0.009999999999999787	1.0099999999999998	-0.003389830508474523	-0.003384097984240494	0.5095101026618671	1.0099999999999998	0.0015177767168401382	0.001495828056632842	32.616165908121815				
2026-01-19 08:00:00	2000	2.94	2.94	2.94	2.94	BELL.MI	1.46	1.46	1.46	1.46	1.67	1.22	-1.0	-1.0	1.0	1	-1.0	-1.0	1.0	-1.0	-1.0	1.0										-1.0			2.96	1.46									-1.0			1.84	0.02	0.02	1.24	0.01	0.01	0.69	2.97	1.24	0.0	0.0	37.47					1	-0.02	-0.02	-0.71	-0.01	-0.01	-0.06	-0.71	0.0	0.0	60.1					-0.02	-0.02	-1.32	-0.01	-0.01	-0.37	-1.32	0.0	0.0	33.07					-0.02	-0.02	-0.02	-0.01	-0.01	-0.14	-0.02	0.0	0.0	33.07					0.020000000000000018	0.020000000000000018	1.0299999999999998	0.006756756756756799	0.006779686985378804	0.5197788788704514	1.0299999999999998	0.001735152446216191	0.0017135503520118167	37.47149373439603				
2026-01-20 08:00:00	2500	2.91	2.82	2.89	2.91	BELL.MI	1.45	1.46	1.42	1.46	1.67	1.22	-1.0	-1.0	1.0	1	-1.0	-1.0	1.0	-1.0	-1.0	1.0										-1.0			2.96										-1.0			1.84	0.03	0.03	1.27	0.01	0.01	0.71	2.97	1.27	0.0	0.0	43.59					1	-0.03	-0.03	-0.74	-0.01	-0.01	-0.07	-0.74	0.0	0.0	61.75					-0.03	-0.03	-1.35	-0.01	-0.01	-0.38	-1.35	0.0	0.0	27.32					-0.03	-0.03	-0.05	-0.01	-0.01	-0.14	-0.05	0.0	0.0	27.32					0.029999999999999805	0.029999999999999805	1.0599999999999996	0.010204081632652962	0.010256500167188997	0.5354467023639611	1.0599999999999996	0.0019980146950845826	0.0019768751987512267	43.58633039850021				
2026-01-21 08:00:00	12000	2.85	2.79	2.85	2.83	BELL.MI	1.44	1.44	1.41	1.43	1.67	1.22	-1.0	-1.0	1.0	1	-1.0	-1.0	1.0	-1.0	-1.0	1.0		2.79								-1.0			2.96										-1.0			1.84	0.08	0.08	1.35	0.03	0.03	0.76	2.97	1.35	0.0	0.0	50.02					1	-0.08	-0.08	-0.82	-0.03	-0.03	-0.09	-0.82	0.0	0.0	57.47					-0.08	-0.08	-1.43	-0.03	-0.03	-0.39	-1.43	0.0	0.0	20.08					-0.08	-0.08	-0.13	-0.03	-0.03	-0.17	-0.13	0.0	0.0	20.08					0.08000000000000007	0.08000000000000007	1.1399999999999997	0.027491408934707917	0.027876369528254903	0.5788515561410341	1.1399999999999997	0.0023498137251432476	0.002328390082088738	50.016536423222135				
2026-01-22 08:00:00	2500	2.83	2.82	2.83	2.82	BELL.MI	1.41	1.41	1.41	1.41	1.67	1.22	-1.0	-1.0	1.0	1	-1.0	-1.0	1.0	-1.0	-1.0	1.0										-1.0			2.96		1.41								-1.0			1.84	0.01	0.01	1.36	0.0	0.0	0.76	2.97	1.36	0.0	0.0	59.0					1	-0.01	-0.01	-0.83	-0.0	-0.0	-0.1	-0.83	0.0	0.0	65.49					-0.01	-0.01	-1.44	-0.0	-0.0	-0.4	-1.44	0.0	0.0	13.05					-0.01	-0.01	-0.14	-0.0	-0.0	-0.17	-0.14	0.0	0.0	13.05					0.010000000000000231	0.010000000000000231	1.15	0.0035335689045937757	0.0035398267051241737	0.5844503205245131	1.15	0.002632821124980607	0.0026126811638955694	58.99879369265326				
2026-01-23 08:00:00	3000	2.92	2.83	2.83	2.92	BELL.MI	1.42	1.46	1.42	1.46	1.66	1.22	-1.0	-1.0	1.0	1	-1.0	-1.0	1.0	-1.0	-1.0	1.0										-1.0			2.96										-1.0			1.84	-0.1	-0.1	1.26	-0.04	-0.03	0.7	2.97	1.26	0.0	0.0	53.84					1	0.1	0.1	-0.73	0.04	0.03	-0.06	-0.73	0.0	0.0	71.07					0.1	0.1	-1.34	0.04	0.03	-0.37	-1.34	0.0	0.0	16.33					0.1	0.1	-0.04	0.04	0.03	-0.14	-0.04	0.0	0.0	16.33					-0.10000000000000009	-0.10000000000000009	1.0499999999999998	-0.03546099290780136	-0.0348467313301681	0.5301883232462765	1.0499999999999998	0.0025252571756008797	0.002504151024949941	53.84472394565268				
2026-01-26 08:00:00	0	2.92	2.92	2.92	2.92	BELL.MI	1.46	1.46	1.46	1.46	1.66	1.22	-1.0	-1.0	1.0	1	-1.0	-1.0	1.0	-1.0	-1.0	1.0	2.92									-1.0			2.96	1.46									-1.0			1.84	-0.0	-0.0	1.26	-0.0	-0.0	0.7	2.97	1.26	0.0	0.0	57.27					1	0.0	0.0	-0.73	0.0	0.0	-0.06	-0.73	0.0	0.0	71.07					0.0	0.0	-1.34	0.0	0.0	-0.37	-1.34	0.0	0.0	16.01					0.0	0.0	-0.04	0.0	0.0	-0.14	-0.04	0.0	0.0	16.01					-0.0	-0.0	1.0499999999999998	-0.0	-0.0	0.5301883232462765	1.0499999999999998	0.0026729428251055227	0.002652243428775458	57.27463280274286				
2026-01-27 08:00:00	15000	2.98	2.85	2.92	2.88	BELL.MI	1.44	1.47	1.41	1.42	1.65	1.22	-1.0	-1.0	1.0	1	-1.0	-1.0	1.0	-1.0	-1.0	1.0										-1.0			2.96		1.41								-1.0			1.84	0.04	0.04	1.3	0.01	0.01	0.73	2.98	1.3	0.0	0.0	56.92					1	-0.04	-0.04	-0.77	-0.01	-0.01	-0.08	-0.77	0.0	0.0	63.42					-0.04	-0.04	-1.38	-0.01	-0.01	-0.38	-1.38	0.0	0.0	16.64					-0.04	-0.04	-0.08	-0.01	-0.01	-0.15	-0.08	0.0	0.0	16.64					0.040000000000000036	0.040000000000000036	1.0899999999999999	0.013698630136986356	0.013793322132335873	0.5514409388469192	1.0899999999999999	0.0026356766156073676	0.002615144688012716	56.916561897247455				
2026-01-28 08:00:00	5500	2.94	2.86	2.92	2.9	BELL.MI	1.45	1.46	1.42	1.44	1.63	1.22	-1.0	-1.0	1.0	1	-1.0	-1.0	1.0	-1.0	-1.0	1.0										-1.0			2.96										-1.0			1.84	-0.02	-0.02	1.28	-0.01	-0.01	0.71	2.98	1.28	0.0	0.0	52.9					1	0.02	0.02	-0.75	0.01	0.01	-0.07	-0.75	0.0	0.0	64.46					0.02	0.02	-1.36	0.01	0.01	-0.38	-1.36	0.0	0.0	17.32					0.02	0.02	-0.06	0.01	0.01	-0.15	-0.06	0.0	0.0	17.32					-0.020000000000000018	-0.020000000000000018	1.0699999999999998	-0.00694444444444442	-0.006920442844573757	0.5407413461652164	1.0699999999999998	0.002475897681797516	0.0024548472306791247	52.90234214924407				
2026-01-29 08:00:00	2000	2.9	2.85	2.85	2.9	BELL.MI	1.42	1.45	1.42	1.45	1.62	1.22	-1.0	-1.0	1.0	1	-1.0	-1.0	1.0	-1.0	-1.0	1.0		2.85								-1.0			2.96										-1.0			1.84	-0.0	-0.0	1.28	-0.0	-0.0	0.71	2.98	1.28	0.0	0.0	51.55					1	0.0	0.0	-0.75	0.0	0.0	-0.07	-0.75	0.0	0.0	64.46					0.0	0.0	-1.36	0.0	0.0	-0.38	-1.36	0.0	0.0	22.6					0.0	0.0	-0.06	0.0	0.0	-0.15	-0.06	0.0	0.0	22.6					-0.0	-0.0	1.0699999999999998	-0.0	-0.0	0.5407413461652164	1.0699999999999998	0.0023456302950645943	0.0023251804776942553	51.54544243239558				
2026-01-30 08:00:00	2000	2.95	2.9	2.9	2.95	BELL.MI	1.43	1.46	1.43	1.46	1.62	1.22	-1.0	-1.0	1.0	1	-1.0	-1.0	1.0	-1.0	-1.0	1.0										-1.0			2.96	1.46									-1.0			1.84	-0.05	-0.05	1.23	-0.02	-0.02	0.69	2.98	1.23	0.0	0.0	45.57					1	0.05	0.05	-0.7	0.02	0.02	-0.05	-0.7	0.0	0.0	66.89					0.05	0.05	-1.31	0.02	0.02	-0.37	-1.31	0.0	0.0	27.96					0.05	0.05	-0.01	0.02	0.02	-0.13	-0.01	0.0	0.0	27.96					-0.050000000000000266	-0.050000000000000266	1.0199999999999996	-0.017241379310344973	-0.017094433359300255	0.5146270860607209	1.0199999999999996	0.002107498560339888	0.002086442970002933	45.57482415045395				
2026-02-02 08:00:00	1500	2.96	2.95	2.95	2.96	BELL.MI	1.44	1.45	1.44	1.45	1.61	1.22	-1.0	-1.0	1.0	1	-1.0	-1.0	1.0	-1.0	-1.0	1.0	2.96		2.96							-1.0			2.96										-1.0			1.84	-0.01	-0.01	1.22	-0.0	-0.0	0.68	2.98	1.22	0.0	0.0	45.57					1	0.01	0.01	-0.69	0.0	0.0	-0.05	-0.69	0.0	0.0	67.36					0.01	0.01	-1.3	0.0	0.0	-0.37	-1.3	0.0	0.0	27.96					0.01	0.01	-0.0	0.0	0.0	-0.13	-0.0	0.0	0.0	27.96					-0.009999999999999787	-0.009999999999999787	1.0099999999999998	-0.003389830508474523	-0.003384097984240494	0.5095101026618674	1.0099999999999998	0.002107340371824348	0.0020862833768424682	45.568344521044				
2026-02-03 08:00:00	1000	2.91	2.91	2.91	2.91	BELL.MI	1.41	1.41	1.41	1.41	1.61	1.22	-1.0	-1.0	1.0	1	-1.0	-1.0	1.0	-1.0	-1.0	1.0										-1.0			2.96										-1.0			1.84	0.05	0.05	1.27	0.02	0.02	0.71	2.98	1.27	0.0	0.0	46.32					1	-0.05	-0.05	-0.74	-0.02	-0.02	-0.07	-0.74	0.0	0.0	59.36					-0.05	-0.05	-1.35	-0.02	-0.02	-0.38	-1.35	0.0	0.0	26.66					-0.05	-0.05	-0.05	-0.02	-0.02	-0.14	-0.05	0.0	0.0	26.66					0.04999999999999982	0.04999999999999982	1.0599999999999996	0.016891891891891886	0.017036187152567852	0.5354467023639611	1.0599999999999996	0.002174597165335862	0.002153219566285003	46.324746913342715				
2026-02-04 08:00:00	0	2.91	2.91	2.91	2.91	BELL.MI	1.4	1.4	1.4	1.4	1.61	1.22	-1.0	-1.0	1.0	1	-1.0	-1.0	1.0	-1.0	-1.0	1.0										-1.0			2.96		1.4								-1.0			1.84	-0.0	-0.0	1.27	-0.0	-0.0	0.71	2.98	1.27	0.0	0.0	44.55					1	0.0	0.0	-0.74	0.0	0.0	-0.07	-0.74	0.0	0.0	59.36					0.0	0.0	-1.35	0.0	0.0	-0.38	-1.35	0.0	0.0	32.67					0.0	0.0	-0.05	0.0	0.0	-0.14	-0.05	0.0	0.0	32.67					-0.0	-0.0	1.0599999999999996	-0.0	-0.0	0.5354467023639611	1.0599999999999996	0.002020090739665435	0.0019994460643444345	44.55245412139559				
2026-02-05 08:00:00	7000	2.95	2.82	2.87	2.92	BELL.MI	1.41	1.45	1.38	1.43	1.61	1.22	-1.0	-1.0	1.0	1	-1.0	-1.0	1.0	-1.0	-1.0	1.0		2.82		2.82						-1.0			2.96										-1.0			1.84	-0.01	-0.01	1.26	-0.0	-0.0	0.7	2.98	1.26	0.0	0.0	41.1					1	0.01	0.01	-0.73	0.0	0.0	-0.06	-0.73	0.0	0.0	59.84					0.01	0.01	-1.34	0.0	0.0	-0.37	-1.34	0.0	0.0	32.97					0.01	0.01	-0.04	0.0	0.0	-0.14	-0.04	0.0	0.0	32.97					-0.009999999999999787	-0.009999999999999787	1.0499999999999998	-0.0034364261168384758	-0.0034305350967892222	0.5301883232462765	1.0499999999999998	0.0018730680973392975	0.001852054153966387	41.10052507119063				
2026-02-06 08:00:00	0	2.92	2.92	2.92	2.92	BELL.MI	1.43	1.43	1.43	1.43	1.61	1.22	-1.0	-1.0	1.0	1	-1.0	-1.0	1.0	-1.0	-1.0	1.0	2.92									-1.0			2.96	1.43									-1.0			1.84	-0.0	-0.0	1.26	-0.0	-0.0	0.7	2.98	1.26	0.0	0.0	40.83					1	0.0	0.0	-0.73	0.0	0.0	-0.06	-0.73	0.0	0.0	59.84					0.0	0.0	-1.34	0.0	0.0	-0.37	-1.34	0.0	0.0	36.4					0.0	0.0	-0.04	0.0	0.0	-0.14	-0.04	0.0	0.0	36.4					-0.0	-0.0	1.0499999999999998	-0.0	-0.0	0.5301883232462765	1.0499999999999998	0.001851037094517071	0.0018301298430098978	40.825809405886446				
2026-02-09 08:00:00	0	2.92	2.92	2.92	2.92	BELL.MI	1.4	1.4	1.4	1.4	1.61	1.22	-1.0	-1.0	1.0	1	-1.0	-1.0	1.0	-1.0	-1.0	1.0										-1.0			2.96										-1.0			1.84	-0.0	-0.0	1.26	-0.0	-0.0	0.7	2.98	1.26	0.0	0.0	45.28					1	0.0	0.0	-0.73	0.0	0.0	-0.06	-0.73	0.0	0.0	59.84					0.0	0.0	-1.34	0.0	0.0	-0.37	-1.34	0.0	0.0	35.53					0.0	0.0	-0.04	0.0	0.0	-0.14	-0.04	0.0	0.0	35.53					-0.0	-0.0	1.0499999999999998	-0.0	-0.0	0.5301883232462765	1.0499999999999998	0.002021729530713265	0.0020013999981964847	45.279077868906185				
2026-02-10 08:00:00	500	2.87	2.87	2.87	2.87	BELL.MI	1.38	1.38	1.38	1.38	1.61	1.22	-1.0	-1.0	-1.0	1	-1.0	-1.0	1.0	-1.0	-1.0	1.0		2.87								-1.0			2.96		1.38								-1.0			1.84	0.05	0.05	1.31	0.02	0.02	0.73	2.98	1.31	0.0	0.0	46.59					1	-0.05	-0.05	-0.78	-0.02	-0.02	-0.08	-0.78	0.0	0.0	52.16					-0.05	-0.05	-1.39	-0.02	-0.02	-0.38	-1.39	0.0	0.0	30.25					-0.05	-0.05	-0.09	-0.02	-0.02	-0.16	-0.09	0.0	0.0	30.25					0.04999999999999982	0.04999999999999982	1.0999999999999996	0.017123287671232834	0.017271586508660595	0.556846656403877	1.0999999999999996	0.002133994843019559	0.0021131380641121744	46.592178219622234				
2026-02-11 08:00:00	0	2.87	2.87	2.87	2.87	BELL.MI	1.39	1.39	1.39	1.39	1.61	1.22	-1.0	-1.0	-1.0	1	-1.0	-1.0	1.0	-1.0	-1.0	1.0										-1.0			2.96										-1.0			1.84	-0.0	-0.0	1.31	-0.0	-0.0	0.73	2.98	1.31	0.0	0.0	46.34					1	0.0	0.0	-0.78	0.0	0.0	-0.08	-0.78	0.0	0.0	52.16					0.0	0.0	-1.39	0.0	0.0	-0.38	-1.39	0.0	0.0	33.66					0.0	0.0	-0.09	0.0	0.0	-0.16	-0.09	0.0	0.0	33.66					-0.0	-0.0	1.0999999999999996	-0.0	-0.0	0.556846656403877	1.0999999999999996	0.002111772599152452	0.002091020718062886	46.33752369940513				
2026-02-12 08:00:00	1500	2.9	2.89	2.9	2.89	BELL.MI	1.41	1.41	1.41	1.41	1.61	1.22	-1.0	-1.0	-1.0	1	-1.0	-1.0	1.0	-1.0	-1.0	1.0										-1.0			2.96										-1.0			1.84	-0.02	-0.02	1.29	-0.01	-0.01	0.72	2.98	1.29	0.0	0.0	42.12					1	0.02	0.02	-0.76	0.01	0.01	-0.07	-0.76	0.0	0.0	53.14					0.02	0.02	-1.37	0.01	0.01	-0.38	-1.37	0.0	0.0	37.66					0.02	0.02	-0.07	0.01	0.01	-0.15	-0.07	0.0	0.0	37.66					-0.020000000000000018	-0.020000000000000018	1.0799999999999996	-0.006968641114982521	-0.006944472352810995	0.5460726311000441	1.0799999999999996	0.0019297894296222726	0.001908663309839076	42.1190276799579				
2026-02-13 08:00:00	0	2.89	2.89	2.89	2.89	BELL.MI	1.43	1.43	1.43	1.43	1.61	1.22	-1.0	-1.0	-1.0	1	-1.0	-1.0	1.0	-1.0	-1.0	1.0										-1.0			2.96										-1.0			1.84	-0.0	-0.0	1.29	-0.0	-0.0	0.72	2.98	1.29	0.0	0.0	42.12					1	0.0	0.0	-0.76	0.0	0.0	-0.07	-0.76	0.0	0.0	53.14					0.0	0.0	-1.37	0.0	0.0	-0.38	-1.37	0.0	0.0	37.66					0.0	0.0	-0.07	0.0	0.0	-0.15	-0.07	0.0	0.0	37.66					-0.0	-0.0	1.0799999999999996	-0.0	-0.0	0.5460726311000441	1.0799999999999996	0.0019297894296222726	0.001908663309839076	42.1190276799579				
2026-02-16 08:00:00	13000	2.98	2.88	2.95	2.91	BELL.MI	1.46	1.47	1.43	1.44	1.61	1.22	-1.0	1.0	1.0	1	-1.0	-1.0	1.0	-1.0	-1.0	1.0										-1.0			2.96	1.47		1.47		1.47					-1.0			1.84	-0.02	-0.02	1.27	-0.01	-0.01	0.71	2.98	1.27	0.0	0.0	37.37					1	0.02	0.02	-0.74	0.01	0.01	-0.07	-0.74	0.0	0.0	54.08					0.02	0.02	-1.35	0.01	0.01	-0.38	-1.35	0.0	0.0	42.61					0.02	0.02	-0.05	0.01	0.01	-0.14	-0.05	0.0	0.0	42.61					-0.020000000000000018	-0.020000000000000018	1.0599999999999996	-0.006920415224913601	-0.006896579059060459	0.5354467023639611	1.0599999999999996	0.001703607490613593	0.001682342265086234	37.37481276597992				
2026-02-17 08:00:00	1500	2.96	2.91	2.95	2.91	BELL.MI	1.45	1.45	1.43	1.43	1.61	1.22	-1.0	1.0	1.0	1	-1.0	-1.0	1.0	-1.0	-1.0	1.0	2.96		2.96							-1.0			2.96										-1.0			1.84	-0.0	-0.0	1.27	-0.0	-0.0	0.71	2.98	1.27	0.0	0.0	41.3					1	0.0	0.0	-0.74	0.0	0.0	-0.07	-0.74	0.0	0.0	54.08					0.0	0.0	-1.35	0.0	0.0	-0.38	-1.35	0.0	0.0	42.07					0.0	0.0	-0.05	0.0	0.0	-0.14	-0.05	0.0	0.0	42.07					-0.0	-0.0	1.0599999999999996	-0.0	-0.0	0.5354467023639611	1.0599999999999996	0.001863553502222622	0.0018427493380221982	41.30395211184529				
2026-02-18 08:00:00	53500	2.85	2.67	2.8	2.75	BELL.MI	1.36	1.38	1.29	1.33	1.61	1.22	-1.0	1.0	-1.0	0	-1.0	-1.0	1.0	-1.0	-1.0	1.0		2.67		2.67						-1.0			2.96		1.29		1.29						-1.0			1.84	0.16	0.16	1.43	0.05	0.06	0.81	2.98	1.43	0.0	0.0	50.35					1	-0.16	-0.16	-0.9	-0.05	-0.06	-0.12	-0.9	0.0	0.0	39.6					-0.16	-0.16	-1.51	-0.05	-0.06	-0.41	-1.51	0.0	0.0	30.63					-0.16	-0.16	-0.21	-0.05	-0.06	-0.19	-0.21	0.0	0.0	30.63					0.16000000000000014	0.16000000000000014	1.2199999999999998	0.054982817869415834	0.05655216950492125	0.6247817832287736	1.2199999999999998	0.0024134289323422824	0.002391561384447405	50.352013366666846				
2026-02-19 08:00:00	13500	2.83	2.69	2.7	2.76	BELL.MI	1.33	1.39	1.32	1.35	1.61	1.22	-1.0	1.0	-1.0	0	-1.0	-1.0	1.0	-1.0	-1.0	1.0										-1.0			2.96										-1.0			1.84	-0.01	-0.01	1.42	-0.0	-0.0	0.8	2.98	1.42	0.0	0.0	45.98					1	0.0	0.0	-0.9	0.0	0.0	-0.12	-0.9	0.0	0.0	39.6					0.01	0.01	-1.5	0.0	0.0	-0.41	-1.5	0.0	0.0	35.51					0.01	0.01	-0.2	0.0	0.0	-0.19	-0.2	0.0	0.0	35.51					-0.009999999999999787	-0.009999999999999787	1.21	-0.0036363636363636598	-0.003629768050578731	0.6188948927098286	1.21	0.0021740634578691818	0.002152236932770446	45.97677155113137				
2026-02-20 08:00:00	6000	2.86	2.78	2.78	2.83	BELL.MI	1.34	1.38	1.34	1.37	1.61	1.22	-1.0	1.0	-1.0	0	-1.0	-1.0	1.0	-1.0	-1.0	1.0										-1.0			2.96										-1.0			1.84	-0.07	-0.07	1.35	-0.03	-0.03	0.76	2.98	1.35	0.0	0.0	39.61					1	0.0	0.0	-0.9	0.0	0.0	-0.12	-0.9	0.0	0.0	39.6					0.07	0.07	-1.43	0.03	0.03	-0.39	-1.43	0.0	0.0	37.49					0.07	0.07	-0.13	0.03	0.03	-0.17	-0.13	0.0	0.0	37.49					-0.07000000000000028	-0.07000000000000028	1.1399999999999997	-0.025362318840579823	-0.025046031926087734	0.5788515561410341	1.1399999999999997	0.0019437743417746334	0.0019208788694144996	39.61106967378313				
2026-02-23 08:00:00	7500	2.9	2.84	2.84	2.9	BELL.MI	1.37	1.4	1.37	1.4	1.61	1.22	-1.0	1.0	-1.0	0	-1.0	-1.0	1.0	-1.0	-1.0	1.0										-1.0			2.96										-1.0			1.84	-0.07	-0.07	1.28	-0.02	-0.02	0.71	2.98	1.28	0.0	0.0	31.2					1	0.0	0.0	-0.9	0.0	0.0	-0.12	-0.9	0.0	0.0	39.6					0.07	0.07	-1.36	0.02	0.02	-0.38	-1.36	0.0	0.0	46.3					0.07	0.07	-0.06	0.02	0.02	-0.15	-0.06	0.0	0.0	46.3					-0.06999999999999984	-0.06999999999999984	1.0699999999999998	-0.02473498233215543	-0.02443402533728204	0.5407413461652162	1.0699999999999998	0.0015153388717223304	0.0014924262290973989	31.20168212668554				
2026-02-24 08:00:00	0	2.9	2.9	2.9	2.9	BELL.MI	1.4	1.4	1.4	1.4	1.61	1.22	-1.0	1.0	-1.0	0	-1.0	-1.0	1.0	-1.0	-1.0	1.0	2.9									-1.0			2.96	1.4									-1.0			1.84	-0.0	-0.0	1.28	-0.0	-0.0	0.71	2.98	1.28	0.0	0.0	34.96					1	0.0	0.0	-0.9	0.0	0.0	-0.12	-0.9	0.0	0.0	44.5					0.0	0.0	-1.36	0.0	0.0	-0.38	-1.36	0.0	0.0	45.81					0.0	0.0	-0.06	0.0	0.0	-0.15	-0.06	0.0	0.0	45.81					-0.0	-0.0	1.0699999999999998	-0.0	-0.0	0.5407413461652162	1.0699999999999998	0.0016809942947971336	0.0016585546681502361	34.96045418893412				
2026-02-25 08:00:00	8500	2.93	2.82	2.85	2.93	BELL.MI	1.36	1.4	1.34	1.4	1.61	1.22	-1.0	1.0	-1.0	0	-1.0	-1.0	1.0	-1.0	-1.0	1.0		2.82								-1.0			2.96		1.34								-1.0			1.84	-0.03	-0.03	1.25	-0.01	-0.01	0.7	2.98	1.25	0.0	0.0	35.44					1	0.0	0.0	-0.9	0.0	0.0	-0.12	-0.9	0.0	0.0	50.76					0.03	0.03	-1.33	0.01	0.01	-0.37	-1.33	0.0	0.0	45.55					0.03	0.03	-0.03	0.01	0.01	-0.14	-0.03	0.0	0.0	45.55					-0.03000000000000025	-0.03000000000000025	1.0399999999999996	-0.010344827586207028	-0.010291686036547724	0.5249658375014081	1.0399999999999996	0.0016948457334925262	0.0016725275277507112	35.436503457553584				
2026-02-26 08:00:00	0	2.93	2.93	2.93	2.93	BELL.MI	1.39	1.39	1.39	1.39	1.61	1.22	-1.0	1.0	-1.0	0	-1.0	-1.0	1.0	-1.0	-1.0	1.0										-1.0			2.96										-1.0			1.84	-0.0	-0.0	1.25	-0.0	-0.0	0.7	2.98	1.25	0.0	0.0	33.7					1	0.0	0.0	-0.9	0.0	0.0	-0.12	-0.9	0.0	0.0	47.89					0.0	0.0	-1.33	0.0	0.0	-0.37	-1.33	0.0	0.0	51.54					0.0	0.0	-0.03	0.0	0.0	-0.14	-0.03	0.0	0.0	51.54					-0.0	-0.0	1.0399999999999996	-0.0	-0.0	0.5249658375014081	1.0399999999999996	0.0015617421910095112	0.0015400984391791273	33.69852278241088				
2026-02-27 08:00:00	0	2.93	2.93	2.93	2.93	BELL.MI	1.39	1.39	1.39	1.39	1.61	1.22	-1.0	1.0	-1.0	0	-1.0	-1.0	1.0	-1.0	-1.0	1.0	2.93		2.93							-1.0			2.96										-1.0			1.84	-0.0	-0.0	1.25	-0.0	-0.0	0.7	2.98	1.25	0.0	0.0	37.57					1	0.0	0.0	-0.9	0.0	0.0	-0.12	-0.9	0.0	0.0	53.06					0.0	0.0	-1.33	0.0	0.0	-0.37	-1.33	0.0	0.0	51.05					0.0	0.0	-0.03	0.0	0.0	-0.14	-0.03	0.0	0.0	51.05					-0.0	-0.0	1.0399999999999996	-0.0	-0.0	0.5249658375014081	1.0399999999999996	0.0017234920505718445	0.0017023210482072226	37.5682322406607				
2026-03-02 08:00:00	6500	2.98	2.89	2.9	2.91	BELL.MI	1.41	1.45	1.4	1.41	1.61	1.22	-1.0	1.0	-1.0	1	-1.0	-1.0	1.0	-1.0	-1.0	1.0										-1.0			2.96	1.45		1.45							-1.0			1.84	0.02	0.02	1.27	0.01	0.01	0.71	2.98	1.27	0.0	0.0	44.98					1	-0.0	-0.0	-0.9	-0.0	-0.0	-0.12	-0.9	0.0	0.0	62.72					-0.02	-0.02	-1.35	-0.01	-0.01	-0.38	-1.35	0.0	0.0	44.98					-0.02	-0.02	-0.05	-0.01	-0.01	-0.14	-0.05	0.0	0.0	44.98					0.020000000000000018	0.020000000000000018	1.0599999999999996	0.0068259385665528916	0.006849341845574783	0.5354467023639609	1.0599999999999996	0.0020010886807341867	0.001980830701192371	44.97551801001631				
2026-03-03 08:00:00	18500	2.86	2.65	2.86	2.74	BELL.MI	1.45	1.45	1.34	1.38	1.61	1.22	-1.0	1.0	-1.0	0	-1.0	-1.0	1.0	-1.0	-1.0	1.0										-1.0			2.96										-1.0			1.84	0.17	0.17	1.44	0.06	0.06	0.82	2.98	1.44	0.0	0.0	46.63					1	-0.17	-0.17	-1.07	-0.06	-0.06	-0.17	-1.07	0.0	0.0	41.25					-0.17	-0.17	-1.52	-0.06	-0.06	-0.41	-1.52	0.0	0.0	41.91					-0.17	-0.17	-0.22	-0.06	-0.06	-0.19	-0.22	0.0	0.0	41.91					0.16999999999999993	0.16999999999999993	1.2299999999999995	0.05841924398625431	0.060195160783422304	0.6307116437515059	1.2299999999999995	0.0021418884098118518	0.0021209692531249935	46.625909527051384				
2026-03-04 08:00:00	2000	2.74	2.7	2.74	2.7	BELL.MI	1.36	1.36	1.34	1.34	1.61	1.22	-1.0	1.0	-1.0	0	-1.0	-1.0	1.0	-1.0	-1.0	1.0										-1.0			2.96		1.34								-1.0			1.84	0.04	0.04	1.48	0.01	0.01	0.84	2.98	1.48	0.0	0.0	54.97					1	-0.0	-0.0	-1.07	-0.0	-0.0	-0.17	-1.07	0.0	0.0	50.47					-0.04	-0.04	-1.56	-0.01	-0.01	-0.42	-1.56	0.0	0.0	34.64					-0.04	-0.04	-0.26	-0.01	-0.01	-0.21	-0.26	0.0	0.0	34.64					0.040000000000000036	0.040000000000000036	1.2699999999999996	0.014598540145985384	0.014706147389695449	0.6548703347700466	1.2699999999999996	0.002470302025997673	0.002450079327068755	54.9723894520467				
2026-03-05 08:00:00	5000	2.73	2.59	2.66	2.73	BELL.MI	1.34	1.38	1.3	1.38	1.61	1.22	-1.0	1.0	-1.0	0	-1.0	-1.0	1.0	-1.0	-1.0	1.0										-1.0			2.96										-1.0			1.84	-0.03	-0.03	1.45	-0.01	-0.01	0.82	2.98	1.45	0.0	0.0	49.25					1	0.0	0.0	-1.07	0.0	0.0	-0.17	-1.07	0.0	0.0	48.19					0.03	0.03	-1.53	0.01	0.01	-0.41	-1.53	0.0	0.0	40.43					0.03	0.03	-0.23	0.01	0.01	-0.2	-0.23	0.0	0.0	40.43					-0.029999999999999805	-0.029999999999999805	1.2399999999999998	-0.011111111111111072	-0.011049836186584935	0.6366849464758704	1.2399999999999998	0.002206491437739453	0.002186077363047101	49.246098742375935				
2026-03-06 08:00:00	3000	2.67	2.67	2.67	2.67	BELL.MI	1.36	1.36	1.36	1.36	1.61	1.22	-1.0	1.0	-1.0	0	-1.0	-1.0	1.0	-1.0	-1.0	1.0										-1.0			2.96	1.36									-1.0			1.84	0.06	0.06	1.51	0.02	0.02	0.86	2.98	1.51	0.0	0.0	48.77					1	-0.0	-0.0	-1.07	-0.0	-0.0	-0.17	-1.07	0.0	0.0	43.0					-0.06	-0.06	-1.59	-0.02	-0.02	-0.43	-1.59	0.0	0.0	41.31					-0.06	-0.06	-0.29	-0.02	-0.02	-0.22	-0.29	0.0	0.0	41.31					0.06000000000000005	0.06000000000000005	1.2999999999999998	0.02197802197802201	0.022223136784710235	0.6734643834753282	1.2999999999999998	0.002165214905953705	0.002144993378492277	48.77412223088929				
2026-03-09 08:00:00	7000	2.7	2.52	2.7	2.67	BELL.MI	1.38	1.38	1.29	1.36	1.61	1.22	-1.0	1.0	-1.0	0	-1.0	-1.0	1.0	-1.0	-1.0	1.0										-1.0			2.96										-1.0			1.84	-0.0	-0.0	1.51	-0.0	-0.0	0.86	2.98	1.51	0.0	0.0	54.66					1	0.0	0.0	-1.07	0.0	0.0	-0.17	-1.07	0.0	0.0	50.95					0.0	0.0	-1.59	0.0	0.0	-0.43	-1.59	0.0	0.0	39.78					0.0	0.0	-0.29	0.0	0.0	-0.22	-0.29	0.0	0.0	39.78					-0.0	-0.0	1.2999999999999998	-0.0	-0.0	0.6734643834753282	1.2999999999999998	0.0023595547628747437	0.0023401435415497662	54.66190794099819				
2026-03-10 08:00:00	1000	2.62	2.62	2.62	2.62	BELL.MI	1.3	1.3	1.3	1.3	1.61	1.22	-1.0	1.0	-1.0	0	-1.0	-1.0	1.0	-1.0	-1.0	1.0		2.62								-1.0			2.96		1.3		1.3						-1.0			1.84	0.05	0.05	1.56	0.02	0.02	0.9	2.98	1.56	0.0	0.0	55.25					1	-0.0	-0.0	-1.07	-0.0	-0.0	-0.17	-1.07	0.0	0.0	48.87					-0.05	-0.05	-1.64	-0.02	-0.02	-0.44	-1.64	0.0	0.0	38.65					-0.05	-0.05	-0.34	-0.02	-0.02	-0.23	-0.34	0.0	0.0	38.65					0.04999999999999982	0.04999999999999982	1.3499999999999996	0.01872659176029956	0.01890415463915261	0.7054007266714222	1.3499999999999996	0.0024134807162486337	0.00239382824460721	55.25027735193316				
2026-03-11 08:00:00	3500	2.73	2.67	2.67	2.73	BELL.MI	1.34	1.37	1.34	1.37	1.61	1.22	-1.0	1.0	-1.0	0	-1.0	-1.0	1.0	-1.0	-1.0	1.0										-1.0			2.96										-1.0			1.84	-0.11	-0.11	1.45	-0.04	-0.04	0.82	2.98	1.45	0.0	0.0	43.7					1	0.0	0.0	-1.07	0.0	0.0	-0.17	-1.07	0.0	0.0	42.57					0.11	0.11	-1.53	0.04	0.04	-0.41	-1.53	0.0	0.0	49.18					0.11	0.11	-0.23	0.04	0.04	-0.2	-0.23	0.0	0.0	49.18					-0.10999999999999988	-0.10999999999999988	1.2399999999999998	-0.041984732824427384	-0.04112729142386279	0.6366849464758704	1.2399999999999998	0.0019474220866028515	0.0019271309189126118	43.70317766731719				
2026-03-12 08:00:00	2000	2.85	2.79	2.79	2.85	BELL.MI	1.41	1.44	1.41	1.44	1.61	1.22	-1.0	1.0	-1.0	0	-1.0	-1.0	1.0	-1.0	-1.0	1.0	2.85									-1.0			2.96	1.44		1.44							-1.0			1.84	-0.12	-0.12	1.33	-0.04	-0.04	0.74	2.98	1.33	0.0	0.0	45.32					1	0.0	0.0	-1.07	0.0	0.0	-0.17	-1.07	0.0	0.0	59.98					0.12	0.12	-1.41	0.04	0.04	-0.39	-1.41	0.0	0.0	48.34					0.12	0.12	-0.11	0.04	0.04	-0.16	-0.11	0.0	0.0	48.34					-0.1200000000000001	-0.1200000000000001	1.1199999999999997	-0.04395604395604402	-0.04301738508369086	0.567771896097939	1.1199999999999997	0.0019860965132558984	0.001966141045496972	45.315018378668384				
2026-03-13 08:00:00	1000	2.78	2.78	2.78	2.78	BELL.MI	1.41	1.41	1.41	1.41	1.61	1.22	-1.0	1.0	-1.0	0	-1.0	-1.0	1.0	1.0	-1.0	-1.0		2.78								-1.0			2.96		1.41								-1.0			1.84	0.07	0.07	1.4	0.02	0.02	0.79	2.98	1.4	0.0	0.0	52.34					1	-0.0	-0.0	-1.07	-0.0	-0.0	-0.17	-1.07	0.0	0.0	68.56					-0.07	-0.07	-1.48	-0.02	-0.02	-0.4	-1.48	0.0	0.0	40.62					-0.07	-0.07	-0.18	-0.02	-0.02	-0.18	-0.18	0.0	0.0	40.62					0.07000000000000028	0.07000000000000028	1.19	0.024561403508772006	0.024868066578013538	0.6072481668629952	1.19	0.0023300197135567055	0.0023100127184909613	52.33924861267508				
2026-03-16 08:00:00	1000	2.83	2.82	2.82	2.83	BELL.MI	1.43	1.43	1.43	1.43	1.54	1.22	-1.0	1.0	-1.0	0	-1.0	-1.0	1.0	1.0	-1.0	-1.0	2.83									-1.0			2.96	1.43									-1.0			1.84	-0.05	-0.05	1.35	-0.02	-0.02	0.76	2.98	1.35	0.0	0.0	50.13					1	0.0	0.0	-1.07	0.0	0.0	-0.17	-1.07	0.0	0.0	74.37					0.05	0.05	-1.43	0.02	0.02	-0.39	-1.43	0.0	0.0	41.8					-0.05	-0.05	-0.23	-0.02	-0.02	-0.2	-0.23	0.0	0.0	34.97					-0.050000000000000266	-0.050000000000000266	1.1399999999999997	-0.017985611510791477	-0.017825783952600666	0.5788515561410339	1.1399999999999997	0.0022811564466693607	0.0022607147411886075	50.12999619014117				
2026-03-17 08:00:00	1000	2.77	2.77	2.77	2.77	BELL.MI	1.39	1.39	1.39	1.39	1.54	1.22	-1.0	1.0	-1.0	0	-1.0	-1.0	1.0	1.0	-1.0	-1.0		2.77								-1.0			2.96		1.39		1.39						-1.0			1.84	0.06	0.06	1.41	0.02	0.02	0.8	2.98	1.41	0.0	0.0	56.14					1	-0.0	-0.0	-1.07	-0.0	-0.0	-0.17	-1.07	0.0	0.0	74.37					-0.06	-0.06	-1.49	-0.02	-0.02	-0.41	-1.49	0.0	0.0	35.15					0.06	0.06	-0.17	0.02	0.02	-0.18	-0.17	0.0	0.0	35.92					0.06000000000000005	0.06000000000000005	1.1999999999999997	0.021201413427561877	0.021429391455899165	0.6130505068155689	1.1999999999999997	0.0025936325783434263	0.002573159818737958	56.14475780460941				
2026-03-18 08:00:00	1500	2.81	2.75	2.75	2.81	BELL.MI	1.38	1.41	1.38	1.41	1.51	1.22	-1.0	1.0	-1.0	0	-1.0	-1.0	1.0	1.0	-1.0	-1.0										-1.0			2.96										-1.0			1.84	-0.04	-0.04	1.37	-0.01	-0.01	0.77	2.98	1.37	0.0	0.0	49.58					1	0.0	0.0	-1.07	0.0	0.0	-0.17	-1.07	0.0	0.0	74.37					0.04	0.04	-1.45	0.01	0.01	-0.4	-1.45	0.0	0.0	42.01					-0.04	-0.04	-0.21	-0.01	-0.01	-0.19	-0.21	0.0	0.0	36.74					-0.040000000000000036	-0.040000000000000036	1.1599999999999997	-0.014440433212996373	-0.01433716314640725	0.5900889337648136	1.1599999999999997	0.0022722792126056283	0.0022516918942299124	49.578487763802556				
2026-03-19 08:00:00	0	2.81	2.81	2.81	2.81	BELL.MI	1.45	1.45	1.45	1.45	1.51	1.22	-1.0	1.0	-1.0	0	-1.0	-1.0	1.0	1.0	-1.0	-1.0	2.81									-1.0			2.96	1.45									-1.0			1.84	-0.0	-0.0	1.37	-0.0	-0.0	0.77	2.98	1.37	0.0	0.0	48.01					1	0.0	0.0	-1.07	0.0	0.0	-0.17	-1.07	0.0	0.0	74.37					0.0	0.0	-1.45	0.0	0.0	-0.4	-1.45	0.0	0.0	48.01					-0.0	-0.0	-0.21	-0.0	-0.0	-0.19	-0.21	0.0	0.0	42.61					-0.0	-0.0	1.1599999999999997	-0.0	-0.0	0.5900889337648136	1.1599999999999997	0.00213283740619485	0.0021128856085450565	48.011160955156875				
2026-03-20 08:00:00	500	2.74	2.74	2.74	2.74	BELL.MI	1.44	1.44	1.44	1.44	1.51	1.22	-1.0	1.0	-1.0	0	-1.0	-1.0	1.0	1.0	-1.0	-1.0		2.74								-1.0			2.96										-1.0			1.84	0.07	0.07	1.44	0.02	0.03	0.82	2.98	1.44	0.0	0.0	53.36					1	-0.0	-0.0	-1.07	-0.0	-0.0	-0.17	-1.07	0.0	0.0	74.37					-0.07	-0.07	-1.52	-0.02	-0.03	-0.41	-1.52	0.0	0.0	41.17					0.07	0.07	-0.14	0.02	0.03	-0.17	-0.14	0.0	0.0	44.31					0.06999999999999984	0.06999999999999984	1.2299999999999995	0.02491103202846967	0.02522656294567546	0.6307116437515057	1.2299999999999995	0.002446880641112467	0.0024265795521141165	53.356106815311065				
2026-03-23 08:00:00	0	2.74	2.74	2.74	2.74	BELL.MI	1.43	1.43	1.43	1.43	1.51	1.22	-1.0	1.0	-1.0	0	-1.0	-1.0	1.0	1.0	-1.0	-1.0										-1.0			2.96		1.43	1.43							-1.0			1.84	-0.0	-0.0	1.44	-0.0	-0.0	0.82	2.98	1.44	0.0	0.0	53.36					1	0.0	0.0	-1.07	0.0	0.0	-0.17	-1.07	0.0	0.0	74.37					0.0	0.0	-1.52	0.0	0.0	-0.41	-1.52	0.0	0.0	41.17					-0.0	-0.0	-0.14	-0.0	-0.0	-0.17	-0.14	0.0	0.0	44.31					-0.0	-0.0	1.2299999999999995	-0.0	-0.0	0.6307116437515057	1.2299999999999995	0.002446880641112467	0.0024265795521141165	53.356106815311065				
2026-03-24 08:00:00	1000	2.79	2.79	2.79	2.79	BELL.MI	1.45	1.45	1.45	1.45	1.51	1.22	-1.0	1.0	-1.0	0	-1.0	-1.0	1.0	1.0	-1.0	-1.0	2.79									-1.0			2.96	1.45									-1.0			1.84	-0.05	-0.05	1.39	-0.02	-0.02	0.78	2.98	1.39	0.0	0.0	53.81					1	0.0	0.0	-1.07	0.0	0.0	-0.17	-1.07	0.0	0.0	74.37					0.05	0.05	-1.47	0.02	0.02	-0.4	-1.47	0.0	0.0	40.94					-0.05	-0.05	-0.19	-0.02	-0.02	-0.19	-0.19	0.0	0.0	37.2					-0.04999999999999982	-0.04999999999999982	1.1799999999999997	-0.018248175182481674	-0.018083675433295327	0.6014874207452066	1.1799999999999997	0.0024566807625354395	0.002436468918398882	53.81085230291504				
2026-03-25 08:00:00	3500	2.81	2.73	2.81	2.79	BELL.MI	1.43	1.43	1.39	1.42	1.51	1.22	-1.0	1.0	-1.0	0	-1.0	-1.0	1.0	1.0	-1.0	-1.0										-1.0			2.96										-1.0			1.84	-0.0	-0.0	1.39	-0.0	-0.0	0.78	2.98	1.39	0.0	0.0	52.83					1	0.0	0.0	-1.07	0.0	0.0	-0.17	-1.07	0.0	0.0	74.37					0.0	0.0	-1.47	0.0	0.0	-0.4	-1.47	0.0	0.0	45.86					-0.0	-0.0	-0.19	-0.0	-0.0	-0.19	-0.19	0.0	0.0	42.08					-0.0	-0.0	1.1799999999999997	-0.0	-0.0	0.6014874207452066	1.1799999999999997	0.002362972941304682	0.002343175970946243	52.82638256503035				
2026-03-26 08:00:00	32000	2.8	2.62	2.72	2.75	BELL.MI	1.4	1.44	1.35	1.41	1.51	1.22	-1.0	1.0	-1.0	0	-1.0	-1.0	1.0	1.0	-1.0	-1.0										-1.0			2.96										-1.0			1.84	0.04	0.04	1.43	0.01	0.01	0.81	2.98	1.43	0.0	0.0	52.06					1	-0.0	-0.0	-1.07	-0.0	-0.0	-0.17	-1.07	0.0	0.0	74.37					-0.04	-0.04	-1.51	-0.01	-0.01	-0.41	-1.51	0.0	0.0	47.4					0.04	0.04	-0.15	0.01	0.01	-0.17	-0.15	0.0	0.0	49.87					0.040000000000000036	0.040000000000000036	1.2199999999999998	0.014336917562724039	0.01444068415479436	0.6247817832287732	1.2199999999999998	0.0022925154209168905	0.0022730275711653203	52.05899239480842				
2026-03-27 08:00:00	7500	2.7	2.64	2.7	2.65	BELL.MI	1.4	1.4	1.37	1.37	1.51	1.22	-1.0	1.0	-1.0	0	-1.0	-1.0	1.0	1.0	-1.0	-1.0										-1.0			2.96										-1.0			1.84	0.1	0.1	1.53	0.04	0.04	0.88	2.98	1.53	0.0	0.0	54.17					1	-0.0	-0.0	-1.07	-0.0	-0.0	-0.17	-1.07	0.0	0.0	74.37					-0.1	-0.1	-1.61	-0.04	-0.04	-0.43	-1.61	0.0	0.0	43.17					0.1	0.1	-0.05	0.04	0.04	-0.14	-0.05	0.0	0.0	56.6					0.10000000000000009	0.10000000000000009	1.3199999999999998	0.036363636363636376	0.0370412716803491	0.6860943033506137	1.3199999999999998	0.0024921410040860893	0.002471771051090199	54.17308449956516				
2026-03-30 07:00:00	7500	2.6	2.5	2.6	2.54	BELL.MI	1.33	1.33	1.28	1.3	1.51	1.22	-1.0	-1.0	-1.0	-1	-1.0	-1.0	1.0	1.0	-1.0	-1.0										-1.0			2.96										-1.0			1.84	0.11	0.11	1.64	0.04	0.04	0.96	2.86	1.64	0.0	0.0	56.89					1	-0.0	-0.0	-1.07	-0.0	-0.0	-0.17	-1.07	0.0	0.0	74.37					-0.11	-0.11	-1.72	-0.04	-0.04	-0.46	-1.72	0.0	0.0	34.87					0.11	0.11	0.06	0.04	0.04	-0.11	0.06	0.0	0.0	59.23					0.10999999999999988	0.10999999999999988	1.4299999999999997	0.04150943396226414	0.04239555896768562	0.7591141353854829	1.4299999999999997	0.0027761912491695837	0.0027545326899454103	56.88756906926251				
2026-03-31 07:00:00	0	2.54	2.54	2.54	2.54	BELL.MI	1.29	1.29	1.29	1.29	1.51	1.22	-1.0	-1.0	-1.0	-1	-1.0	-1.0	1.0	1.0	-1.0	-1.0		2.54								-1.0			2.96										-1.0			1.84	-0.0	-0.0	1.64	-0.0	-0.0	0.96	2.85	1.64	0.0	0.0	56.89					1	-0.0	-0.0	-1.07	-0.0	-0.0	-0.17	-1.07	0.0	0.0	74.37					0.0	0.0	-1.72	0.0	0.0	-0.46	-1.72	0.0	0.0	34.87					-0.0	-0.0	0.06	-0.0	-0.0	-0.11	0.06	0.0	0.0	59.23					-0.0	-0.0	1.4299999999999997	-0.0	-0.0	0.7591141353854829	1.4299999999999997	0.0027761912491695837	0.0027545326899454103	56.88756906926251				
2026-04-01 07:00:00	1000	2.59	2.54	2.54	2.59	BELL.MI	1.25	1.27	1.25	1.27	1.51	1.22	-1.0	-1.0	-1.0	-1	-1.0	-1.0	1.0	1.0	-1.0	-1.0										-1.0			2.96		1.25								-1.0			1.84	-0.05	-0.05	1.59	-0.02	-0.02	0.92	2.85	1.59	0.0	0.0	49.98					1	-0.05	-0.05	-1.12	-0.02	-0.02	-0.19	-1.12	0.0	0.0	64.21					0.05	0.05	-1.67	0.02	0.02	-0.44	-1.67	0.0	0.0	41.49					-0.05	-0.05	0.01	-0.02	-0.02	-0.12	0.01	0.0	0.0	59.05					-0.04999999999999982	-0.04999999999999982	1.38	-0.019685039370078705	-0.019493794681001132	0.725154403042134	1.38	0.002448866438165882	0.002426845486896756	49.98094801375514				
2026-04-02 07:00:00	0	2.59	2.59	2.59	2.59	BELL.MI	1.28	1.28	1.28	1.28	1.51	1.22	-1.0	-1.0	-1.0	-1	-1.0	-1.0	1.0	1.0	-1.0	-1.0										-1.0			2.96										-1.0			1.84	-0.0	-0.0	1.59	-0.0	-0.0	0.92	2.85	1.59	0.0	0.0	49.98					1	-0.0	-0.0	-1.12	-0.0	-0.0	-0.19	-1.12	0.0	0.0	64.21					0.0	0.0	-1.67	0.0	0.0	-0.44	-1.67	0.0	0.0	41.49					-0.0	-0.0	0.01	-0.0	-0.0	-0.12	0.01	0.0	0.0	59.05					-0.0	-0.0	1.38	-0.0	-0.0	0.725154403042134	1.38	0.002448866438165882	0.002426845486896756	49.98094801375514				
2026-04-07 07:00:00	5500	2.7	2.62	2.62	2.66	BELL.MI	1.3	1.34	1.3	1.32	1.51	1.22	-1.0	-1.0	-1.0	-1	-1.0	-1.0	1.0	1.0	-1.0	-1.0	2.7									-1.0			2.96	1.34									-1.0			1.84	-0.07	-0.07	1.52	-0.03	-0.03	0.87	2.85	1.52	0.0	0.0	41.12					1	-0.07	-0.07	-1.19	-0.03	-0.03	-0.21	-1.19	0.0	0.0	52.86					0.07	0.07	-1.6	0.03	0.03	-0.43	-1.6	0.0	0.0	50.77					-0.07	-0.07	-0.06	-0.03	-0.03	-0.15	-0.06	0.0	0.0	60.21					-0.07000000000000028	-0.07000000000000028	1.3099999999999996	-0.027027027027027195	-0.02666824708216149	0.6797556029620775	1.3099999999999996	0.0019951114280069076	0.001973010688108845	41.11510667593625				
2026-04-08 07:00:00	18000	2.72	2.54	2.64	2.6	BELL.MI	1.26	1.3	1.21	1.24	1.51	1.21	-1.0	-1.0	-1.0	-1	-1.0	-1.0	1.0	-1.0	-1.0	1.0										-1.0			2.96										-1.0			1.84	0.06	0.06	1.58	0.02	0.02	0.91	2.85	1.58	0.0	0.0	53.04					1	0.06	0.06	-1.13	0.02	0.02	-0.19	-1.13	0.0	0.0	75.92					-0.06	-0.06	-1.66	-0.02	-0.02	-0.44	-1.66	0.0	0.0	40.96					0.06	0.06	-0.0	0.02	0.02	-0.13	-0.0	0.0	0.0	58.41					0.06000000000000005	0.06000000000000005	1.3699999999999997	0.022556390977443663	0.0228146777661714	0.718519193799664	1.3699999999999997	0.002462673377452953	0.002441792367011697	53.0447512637302				
2026-04-09 07:00:00	19500	2.58	2.48	2.56	2.54	BELL.MI	1.22	1.23	1.18	1.21	1.51	1.18	-1.0	-1.0	-1.0	-1	-1.0	-1.0	1.0	-1.0	-1.0	1.0		2.48		2.48		2.48				-1.0			2.96		1.18		1.18		1.18				-1.0			1.84	0.06	0.06	1.64	0.02	0.02	0.96	2.85	1.64	0.0	0.0	58.61					1	0.06	0.06	-1.07	0.02	0.02	-0.17	-1.07	0.0	0.0	86.82					-0.06	-0.06	-1.72	-0.02	-0.02	-0.46	-1.72	0.0	0.0	34.51					-0.06	-0.06	-0.06	-0.02	-0.02	-0.15	-0.06	0.0	0.0	51.39					0.06000000000000005	0.06000000000000005	1.4299999999999997	0.023076923076923106	0.023347363996991177	0.7591141353854829	1.4299999999999997	0.0027794029921136836	0.002758342498456301	58.61046744624298				
2026-04-10 07:00:00	18500	2.8	2.54	2.54	2.76	BELL.MI	1.2	1.32	1.2	1.3	1.51	1.18	-1.0	-1.0	-1.0	-1	-1.0	-1.0	1.0	-1.0	-1.0	1.0										-1.0			2.96										-1.0			1.84	-0.22	-0.22	1.42	-0.09	-0.08	0.8	2.85	1.42	0.0	0.0	44.08					1	-0.22	-0.22	-1.29	-0.09	-0.08	-0.24	-1.29	0.0	0.0	61.02					0.22	0.22	-1.5	0.09	0.08	-0.41	-1.5	0.0	0.0	40.67					0.22	0.22	0.16	0.09	0.08	-0.07	0.16	0.0	0.0	56.36					-0.21999999999999975	-0.21999999999999975	1.21	-0.0866141732283463	-0.08306659869861328	0.6188948927098288	1.21	0.002358977333228418	0.002334941823409986	44.082156577403275				
2026-04-13 07:00:00	18000	2.9	2.76	2.78	2.86	BELL.MI	1.31	1.37	1.31	1.35	1.51	1.18	-1.0	-1.0	-1.0	0	-1.0	-1.0	1.0	-1.0	-1.0	1.0										-1.0			2.96										-1.0			1.84	-0.1	-0.1	1.32	-0.04	-0.04	0.74	2.9	1.32	0.0	0.0	40.28					1	-0.1	-0.1	-1.39	-0.04	-0.04	-0.26	-1.39	0.0	0.0	54.37					0.1	0.1	-1.4	0.04	0.04	-0.39	-1.4	0.0	0.0	42.69					0.1	0.1	0.26	0.04	0.04	-0.04	0.26	0.0	0.0	58.01					-0.10000000000000009	-0.10000000000000009	1.1099999999999999	-0.03623188405797095	-0.03559094510270253	0.5622901761815131	1.1099999999999999	0.002250220385390444	0.0022251179326790993	40.28396939316982				
2026-04-14 07:00:00	22500	3.08	2.84	2.86	2.98	BELL.MI	1.33	1.44	1.32	1.39	1.51	1.18	-1.0	-1.0	-1.0	1	-1.0	-1.0	1.0	-1.0	-1.0	1.0	3.08		3.08							1.0			2.96	1.44		1.44							-1.0			1.84	-0.12	-0.12	1.2	-0.04	-0.04	0.67	3.08	1.2	0.0	0.0	32.03					1	0.0	0.0	-1.39	0.0	0.0	-0.26	-1.39	0.0	0.0	51.15					0.12	0.12	-1.28	0.04	0.04	-0.36	-1.28	0.0	0.0	49.93					0.12	0.12	0.38	0.04	0.04	0.0	0.38	0.0	0.0	65.41					-0.1200000000000001	-0.1200000000000001	0.9899999999999998	-0.04195804195804209	-0.04110167568555199	0.4993791623755459	0.9899999999999998	0.0018388893332643274	0.0018126459080369806	32.02744460069884				
2026-04-15 07:00:00	9000	3.02	2.88	2.92	2.98	BELL.MI	1.36	1.41	1.34	1.39	1.51	1.18	-1.0	-1.0	-1.0	1	-1.0	-1.0	1.0	-1.0	-1.0	1.0										1.0			2.96										-1.0			1.84	-0.0	-0.0	1.2	-0.0	-0.0	0.67	3.08	1.2	0.0	0.0	32.03					1	0.0	0.0	-1.39	0.0	0.0	-0.26	-1.39	0.0	0.0	51.15					0.0	0.0	-1.28	0.0	0.0	-0.36	-1.28	0.0	0.0	49.93					0.0	0.0	0.38	0.0	0.0	0.0	0.38	0.0	0.0	65.41					-0.0	-0.0	0.9899999999999998	-0.0	-0.0	0.4993791623755459	0.9899999999999998	0.0018388893332643274	0.0018126459080369806	32.02744460069884				
2026-04-16 07:00:00	5500	2.96	2.86	2.96	2.94	BELL.MI	1.39	1.39	1.34	1.38	1.51	1.18	-1.0	-1.0	-1.0	1	-1.0	-1.0	1.0	-1.0	-1.0	1.0										1.0			2.96										-1.0			1.84	0.04	0.04	1.24	0.01	0.01	0.69	3.08	1.24	0.0	0.0	32.93					1	-0.04	-0.04	-1.43	-0.01	-0.01	-0.27	-1.43	0.0	0.0	44.28					-0.04	-0.04	-1.32	-0.01	-0.01	-0.37	-1.32	0.0	0.0	45.6					-0.04	-0.04	0.34	-0.01	-0.01	-0.01	0.34	0.0	0.0	60.64					0.040000000000000036	0.040000000000000036	1.0299999999999998	0.01342281879194629	0.01351371916672282	0.5197788788704514	1.0299999999999998	0.0019267285078480257	0.0019000173672125698	32.934998481631624				
2026-04-17 07:00:00	2500	2.9	2.86	2.9	2.86	BELL.MI	1.33	1.33	1.32	1.32	1.51	1.18	-1.0	-1.0	-1.0	1	-1.0	-1.0	1.0	-1.0	-1.0	1.0										1.0			2.96		1.32								-1.0			1.84	0.08	0.08	1.32	0.03	0.03	0.74	3.08	1.32	0.0	0.0	34.69					1	-0.08	-0.08	-1.51	-0.03	-0.03	-0.29	-1.51	0.0	0.0	35.16					-0.08	-0.08	-1.4	-0.03	-0.03	-0.39	-1.4	0.0	0.0	39.78					-0.08	-0.08	0.26	-0.03	-0.03	-0.04	0.26	0.0	0.0	54.05					0.08000000000000007	0.08000000000000007	1.1099999999999999	0.027210884353741527	0.027587956518829053	0.5622901761815129	1.1099999999999999	0.0021060502252204143	0.002078371518353661	34.68705907828348				
2026-04-20 07:00:00	0	2.86	2.86	2.86	2.86	BELL.MI	1.33	1.33	1.33	1.33	1.51	1.18	-1.0	-1.0	-1.0	1	-1.0	-1.0	1.0	-1.0	-1.0	1.0		2.86								1.0			2.96										-1.0			1.84	-0.0	-0.0	1.32	-0.0	-0.0	0.74	3.08	1.32	0.0	0.0	40.32					1	0.0	0.0	-1.51	0.0	0.0	-0.29	-1.51	0.0	0.0	44.52					0.0	0.0	-1.4	0.0	0.0	-0.39	-1.4	0.0	0.0	38.11					0.0	0.0	0.26	0.0	0.0	-0.04	0.26	0.0	0.0	52.67					-0.0	-0.0	1.1099999999999999	-0.0	-0.0	0.5622901761815129	1.1099999999999999	0.002360162017552612	0.0023338654969005113	40.32304081539953				
2026-04-21 07:00:00	2000	2.88	2.88	2.88	2.88	BELL.MI	1.35	1.35	1.35	1.35	1.51	1.18	-1.0	-1.0	-1.0	1	-1.0	-1.0	1.0	-1.0	-1.0	1.0										1.0			2.96										-1.0			1.84	-0.02	-0.02	1.3	-0.01	-0.01	0.73	3.08	1.3	0.0	0.0	36.96					1	0.02	0.02	-1.49	0.01	0.01	-0.29	-1.49	0.0	0.0	45.84					0.02	0.02	-1.38	0.01	0.01	-0.38	-1.38	0.0	0.0	38.52					0.02	0.02	0.28	0.01	0.01	-0.03	0.28	0.0	0.0	53.01					-0.020000000000000018	-0.020000000000000018	1.0899999999999999	-0.006993006993007089	-0.006968669316093436	0.551440938846919	1.0899999999999999	0.002182749942134838	0.002155847110029363	36.95918865991669				
2026-04-22 07:00:00	1000	2.9	2.9	2.9	2.9	BELL.MI	1.36	1.36	1.36	1.36	1.51	1.18	-1.0	-1.0	-1.0	1	-1.0	-1.0	1.0	-1.0	-1.0	1.0	2.9									1.0			2.96	1.36									-1.0			1.84	-0.02	-0.02	1.28	-0.01	-0.01	0.71	3.08	1.28	0.0	0.0	33.64					1	0.02	0.02	-1.47	0.01	0.01	-0.28	-1.47	0.0	0.0	47.1					0.02	0.02	-1.36	0.01	0.01	-0.38	-1.36	0.0	0.0	38.93					0.02	0.02	0.3	0.01	0.01	-0.03	0.3	0.0	0.0	53.34					-0.020000000000000018	-0.020000000000000018	1.0699999999999998	-0.00694444444444442	-0.006920442844573757	0.5407413461652162	1.0699999999999998	0.002004117748151317	0.0019766264693608093	33.636425252275224				
2026-04-23 07:00:00	6500	2.9	2.9	2.9	2.9	BELL.MI	1.36	1.36	1.36	1.36	1.48	1.18	-1.0	-1.0	-1.0	1	-1.0	-1.0	1.0	-1.0	-1.0	1.0										1.0			2.96										-1.0			1.84	-0.0	-0.0	1.28	-0.0	-0.0	0.71	3.08	1.28	0.0	0.0	33.41					1	0.0	0.0	-1.47	0.0	0.0	-0.28	-1.47	0.0	0.0	46.46					0.0	0.0	-1.36	0.0	0.0	-0.38	-1.36	0.0	0.0	41.93					0.0	0.0	0.3	0.0	0.0	-0.03	0.3	0.0	0.0	56.46					-0.0	-0.0	1.0699999999999998	-0.0	-0.0	0.5407413461652162	1.0699999999999998	0.0019813013246985406	0.0019539364034759643	33.4109778022131				
2026-04-24 07:00:00	3500	2.9	2.84	2.9	2.84	BELL.MI	1.37	1.37	1.34	1.34	1.47	1.18	-1.0	-1.0	-1.0	1	-1.0	-1.0	1.0	-1.0	-1.0	1.0		2.84								1.0			2.96		1.34								-1.0			1.84	0.06	0.06	1.34	0.02	0.02	0.75	3.08	1.34	0.0	0.0	38.78					1	-0.06	-0.06	-1.53	-0.02	-0.02	-0.3	-1.53	0.0	0.0	45.22					-0.06	-0.06	-1.42	-0.02	-0.02	-0.39	-1.42	0.0	0.0	36.19					-0.06	-0.06	0.24	-0.02	-0.02	-0.05	0.24	0.0	0.0	50.34					0.06000000000000005	0.06000000000000005	1.13	0.020689655172413834	0.020906684819313712	0.5732922196757488	1.13	0.0023208951359069917	0.0022936416237779866	38.778141505660365				
2026-04-27 07:00:00	1000	2.92	2.88	2.88	2.92	BELL.MI	1.36	1.38	1.36	1.38	1.47	1.18	-1.0	-1.0	-1.0	1	-1.0	-1.0	1.0	-1.0	-1.0	1.0										1.0			2.96	1.38									-1.0			1.84	-0.08	-0.08	1.26	-0.03	-0.03	0.7	3.08	1.26	0.0	0.0	29.82					1	0.08	0.08	-1.45	0.03	0.03	-0.28	-1.45	0.0	0.0	40.01					0.08	0.08	-1.34	0.03	0.03	-0.37	-1.34	0.0	0.0	46.68					0.08	0.08	0.32	0.03	0.03	-0.02	0.32	0.0	0.0	62.01					-0.08000000000000007	-0.08000000000000007	1.0499999999999998	-0.028169014084507005	-0.02777956410707567	0.5301883232462765	1.0499999999999998	0.0017188800679477719	0.00169220667797787	29.81525283773351				
2026-04-28 07:00:00	0	2.92	2.92	2.92	2.92	BELL.MI	1.37	1.37	1.37	1.37	1.47	1.18	-1.0	-1.0	-1.0	1	-1.0	-1.0	1.0	-1.0	-1.0	1.0	2.92									1.0			2.96										-1.0			1.84	-0.0	-0.0	1.26	-0.0	-0.0	0.7	3.08	1.26	0.0	0.0	28.48					1	0.0	0.0	-1.45	0.0	0.0	-0.28	-1.45	0.0	0.0	35.83					0.0	0.0	-1.34	0.0	0.0	-0.37	-1.34	0.0	0.0	51.78					0.0	0.0	0.32	0.0	0.0	-0.02	0.32	0.0	0.0	67.73					-0.0	-0.0	1.0499999999999998	-0.0	-0.0	0.5301883232462765	1.0499999999999998	0.001598801498632426	0.0015727799957649946	28.4750757416528				
2026-04-29 07:00:00	2500	2.94	2.88	2.92	2.88	BELL.MI	1.37	1.38	1.35	1.35	1.47	1.18	-1.0	-1.0	-1.0	1	-1.0	-1.0	1.0	-1.0	-1.0	1.0										1.0			2.96										-1.0			1.84	0.04	0.04	1.3	0.01	0.01	0.73	3.08	1.3	0.0	0.0	28.08					1	-0.04	-0.04	-1.49	-0.01	-0.01	-0.29	-1.49	0.0	0.0	23.92					-0.04	-0.04	-1.38	-0.01	-0.01	-0.38	-1.38	0.0	0.0	52.5					-0.04	-0.04	0.28	-0.01	-0.01	-0.03	0.28	0.0	0.0	68.63					0.040000000000000036	0.040000000000000036	1.0899999999999999	0.013698630136986356	0.013793322132335873	0.5514409388469192	1.0899999999999999	0.0015647040950199924	0.0015388662411992549	28.081334774378824				
2026-04-30 07:00:00	0	2.88	2.88	2.88	2.88	BELL.MI	1.34	1.34	1.34	1.34	1.47	1.18	-1.0	-1.0	-1.0	1	-1.0	-1.0	1.0	-1.0	-1.0	1.0										1.0			2.96		1.34								-1.0			1.84	-0.0	-0.0	1.3	-0.0	-0.0	0.73	3.08	1.3	0.0	0.0	31.16					1	0.0	0.0	-1.49	0.0	0.0	-0.29	-1.49	0.0	0.0	29.28					0.0	0.0	-1.38	0.0	0.0	-0.38	-1.38	0.0	0.0	52.3					0.0	0.0	0.28	0.0	0.0	-0.03	0.28	0.0	0.0	68.46					-0.0	-0.0	1.0899999999999999	-0.0	-0.0	0.5514409388469192	1.0899999999999999	0.0017278606009975316	0.0017024784432990714	31.159290670733277				
2026-05-04 07:00:00	0	2.88	2.88	2.88	2.88	BELL.MI	1.36	1.36	1.36	1.36	1.47	1.18	-1.0	-1.0	-1.0	1	-1.0	-1.0	1.0	-1.0	-1.0	1.0										1.0			2.96	1.36									-1.0			1.84	-0.0	-0.0	1.3	-0.0	-0.0	0.73	3.08	1.3	0.0	0.0	29.71					1	0.0	0.0	-1.49	0.0	0.0	-0.29	-1.49	0.0	0.0	23.82					0.0	0.0	-1.38	0.0	0.0	-0.38	-1.38	0.0	0.0	57.76					0.0	0.0	0.28	0.0	0.0	-0.03	0.28	0.0	0.0	74.66					-0.0	-0.0	1.0899999999999999	-0.0	-0.0	0.5514409388469192	1.0899999999999999	0.0016016430429263706	0.0015769147532580519	29.712991297272183				
2026-05-05 07:00:00	0	2.88	2.88	2.88	2.88	BELL.MI	1.33	1.33	1.33	1.33	1.47	1.18	-1.0	-1.0	-1.0	1	-1.0	-1.0	1.0	-1.0	-1.0	1.0										1.0			2.96										-1.0			1.84	-0.0	-0.0	1.3	-0.0	-0.0	0.73	3.08	1.3	0.0	0.0	29.71					1	0.0	0.0	-1.49	0.0	0.0	-0.29	-1.49	0.0	0.0	23.82					0.0	0.0	-1.38	0.0	0.0	-0.38	-1.38	0.0	0.0	57.76					0.0	0.0	0.28	0.0	0.0	-0.03	0.28	0.0	0.0	74.66					-0.0	-0.0	1.0899999999999999	-0.0	-0.0	0.5514409388469192	1.0899999999999999	0.0016016430429263706	0.0015769147532580519	29.712991297272183				
2026-05-06 07:00:00	0	2.88	2.88	2.88	2.88	BELL.MI	1.3	1.3	1.3	1.3	1.47	1.18	-1.0	-1.0	-1.0	1	-1.0	-1.0	1.0	-1.0	-1.0	1.0										1.0			2.96										-1.0			1.84	-0.0	-0.0	1.3	-0.0	-0.0	0.73	3.08	1.3	0.0	0.0	37.95					1	0.0	0.0	-1.49	0.0	0.0	-0.29	-1.49	0.0	0.0	38.38					0.0	0.0	-1.38	0.0	0.0	-0.38	-1.38	0.0	0.0	55.01					0.0	0.0	0.28	0.0	0.0	-0.03	0.28	0.0	0.0	72.4					-0.0	-0.0	1.0899999999999999	-0.0	-0.0	0.5514409388469192	1.0899999999999999	0.0019180445709788985	0.001895276901756393	37.94862906204861				
2026-05-07 07:00:00	4500	2.86	2.82	2.82	2.84	BELL.MI	1.29	1.3	1.29	1.29	1.47	1.18	-1.0	-1.0	-1.0	1	-1.0	-1.0	1.0	-1.0	-1.0	1.0										1.0			2.96										-1.0			1.84	0.04	0.04	1.34	0.01	0.01	0.75	3.08	1.34	0.0	0.0	38.97					1	-0.04	-0.04	-1.53	-0.01	-0.01	-0.3	-1.53	0.0	0.0	30.52					-0.04	-0.04	-1.42	-0.01	-0.01	-0.39	-1.42	0.0	0.0	50.21					-0.04	-0.04	0.24	-0.01	-0.01	-0.05	0.24	0.0	0.0	67.06					0.040000000000000036	0.040000000000000036	1.13	0.01388888888888895	0.013986241974739952	0.5732922196757493	1.13	0.002010353768012183	0.0019871380130009886	38.96855802856085				
2026-05-08 07:00:00	1500	2.78	2.78	2.78	2.78	BELL.MI	1.27	1.27	1.27	1.27	1.47	1.18	-1.0	-1.0	-1.0	1	-1.0	-1.0	1.0	-1.0	-1.0	1.0		2.78		2.78						1.0			2.96		1.27		1.27						-1.0			1.84	0.06	0.06	1.4	0.02	0.02	0.79	3.08	1.4	0.0	0.0	43.64					1	-0.06	-0.06	-1.59	-0.02	-0.02	-0.31	-1.59	0.0	0.0	27.12					-0.06	-0.06	-1.48	-0.02	-0.02	-0.4	-1.48	0.0	0.0	44.36					-0.06	-0.06	0.18	-0.02	-0.02	-0.07	0.18	0.0	0.0	60.52					0.06000000000000005	0.06000000000000005	1.19	0.021126760563380254	0.021353124470568946	0.6072481668629954	1.19	0.002309478347481731	0.00228604117100506	43.64002553338209				
2026-05-11 07:00:00	16000	2.98	2.8	2.82	2.98	BELL.MI	1.28	1.35	1.27	1.35	1.47	1.18	-1.0	-1.0	-1.0	1	-1.0	-1.0	1.0	-1.0	-1.0	1.0										1.0			2.96										-1.0			1.84	-0.2	-0.2	1.2	-0.07	-0.07	0.67	3.08	1.2	0.0	0.0	33.32					1	0.2	0.2	-1.39	0.07	0.07	-0.26	-1.39	0.0	0.0	44.01					0.2	0.2	-1.28	0.07	0.07	-0.36	-1.28	0.0	0.0	48.38					0.2	0.2	0.38	0.07	0.07	0.0	0.38	0.0	0.0	63.83					-0.20000000000000018	-0.20000000000000018	0.9899999999999998	-0.07194244604316546	-0.06947237281476738	0.49937916237554614	0.9899999999999998	0.0019277412788570683	0.0019016202236428192	33.31619936859932				
2026-05-12 07:00:00	4000	2.98	2.92	2.98	2.96	BELL.MI	1.37	1.37	1.34	1.36	1.47	1.18	-1.0	-1.0	-1.0	1	-1.0	-1.0	1.0	-1.0	-1.0	1.0										1.0			2.96										-1.0			1.84	0.02	0.02	1.22	0.01	0.01	0.68	3.08	1.22	0.0	0.0	33.52					1	-0.02	-0.02	-1.41	-0.01	-0.01	-0.27	-1.41	0.0	0.0	37.7					-0.02	-0.02	-1.3	-0.01	-0.01	-0.37	-1.3	0.0	0.0	47.99					-0.02	-0.02	0.36	-0.01	-0.01	-0.01	0.36	0.0	0.0	63.35					0.020000000000000018	0.020000000000000018	1.0099999999999998	0.006711409395973145	0.006734032181344068	0.5095101026618674	1.0099999999999998	0.0019476048572534556	0.001921380935707706	33.51765288398722				
2026-05-13 07:00:00	15500	3.02	2.94	2.98	3.02	BELL.MI	1.35	1.37	1.34	1.37	1.47	1.18	-1.0	-1.0	-1.0	1	-1.0	-1.0	1.0	-1.0	-1.0	1.0										1.0			2.96										-1.0			1.84	-0.06	-0.06	1.16	-0.02	-0.02	0.65	3.02	1.16	0.0	0.0	28.97					1	0.06	0.06	-1.35	0.02	0.02	-0.25	-1.35	0.0	0.0	41.67					0.06	0.06	-1.24	0.02	0.02	-0.35	-1.24	0.0	0.0	49.03					0.06	0.06	0.42	0.02	0.02	0.01	0.42	0.0	0.0	64.21					-0.06000000000000005	-0.06000000000000005	0.9499999999999997	-0.020270270270270396	-0.020067563050809388	0.4795198357215653	0.9499999999999997	0.0017245891849306553	0.0016972983477283599	28.96517895790725				
2026-05-14 07:00:00	0	3.02	3.02	3.02	3.02	BELL.MI	1.36	1.36	1.36	1.36	1.47	1.18	-1.0	-1.0	-1.0	1	-1.0	-1.0	1.0	-1.0	-1.0	1.0	3.02									1.0			2.96										-1.0			1.84	-0.0	-0.0	1.16	-0.0	-0.0	0.65	3.02	1.16	0.0	0.0	26.5					1	0.0	0.0	-1.35	0.0	0.0	-0.25	-1.35	0.0	0.0	34.64					0.0	0.0	-1.24	0.0	0.0	-0.35	-1.24	0.0	0.0	56.27					0.0	0.0	0.42	0.0	0.0	0.01	0.42	0.0	0.0	72.64					-0.0	-0.0	0.9499999999999997	-0.0	-0.0	0.4795198357215653	0.9499999999999997	0.0015025562126570807	0.001476452618067059	26.503649806372536				
2026-05-15 07:00:00	21500	3.04	2.86	2.96	3.04	BELL.MI	1.35	1.39	1.31	1.39	1.47	1.18	-1.0	-1.0	1.0	1	-1.0	-1.0	1.0	-1.0	-1.0	1.0		2.86								1.0			2.96										-1.0			1.84	-0.02	-0.02	1.14	-0.01	-0.01	0.64	3.04	1.14	0.0	0.0	26.25					1	0.02	0.02	-1.33	0.01	0.01	-0.25	-1.33	0.0	0.0	41.19					0.02	0.02	-1.22	0.01	0.01	-0.35	-1.22	0.0	0.0	56.4					0.02	0.02	0.44	0.01	0.01	0.02	0.44	0.0	0.0	72.75					-0.020000000000000018	-0.020000000000000018	0.9299999999999997	-0.0066225165562914245	-0.0066006840313520936	0.4697861525918181	0.9299999999999997	0.0014929413111533139	0.001466742485420669	26.247558950860764				
2026-05-18 07:00:00	11000	3.06	2.9	2.98	3.04	BELL.MI	1.38	1.41	1.34	1.4	1.47	1.18	-1.0	-1.0	1.0	1	-1.0	-1.0	1.0	-1.0	-1.0	1.0										1.0			2.96										-1.0			1.84	-0.0	-0.0	1.14	-0.0	-0.0	0.64	3.06	1.14	0.0	0.0	26.25					1	0.0	0.0	-1.33	0.0	0.0	-0.25	-1.33	0.0	0.0	41.19					0.0	0.0	-1.22	0.0	0.0	-0.35	-1.22	0.0	0.0	56.4					0.0	0.0	0.44	0.0	0.0	0.02	0.44	0.0	0.0	72.75					-0.0	-0.0	0.9299999999999997	-0.0	-0.0	0.4697861525918181	0.9299999999999997	0.0014929413111533139	0.001466742485420669	26.247558950860764				
2026-05-19 07:00:00	500	3.04	3.04	3.04	3.04	BELL.MI	1.41	1.41	1.41	1.41	1.47	1.18	-1.0	-1.0	1.0	1	-1.0	-1.0	1.0	-1.0	-1.0	1.0	3.04									1.0			2.96	1.41									-1.0			1.84	-0.0	-0.0	1.14	-0.0	-0.0	0.64	3.06	1.14	0.0	0.0	26.25					1	0.0	0.0	-1.33	0.0	0.0	-0.25	-1.33	0.0	0.0	41.19					0.0	0.0	-1.22	0.0	0.0	-0.35	-1.22	0.0	0.0	56.4					0.0	0.0	0.44	0.0	0.0	0.02	0.44	0.0	0.0	72.75					-0.0	-0.0	0.9299999999999997	-0.0	-0.0	0.4697861525918181	0.9299999999999997	0.0014929413111533139	0.001466742485420669	26.247558950860764				
2026-05-20 07:00:00	4000	3.04	2.98	3.0	3.04	BELL.MI	1.37	1.39	1.36	1.39	1.47	1.18	-1.0	-1.0	1.0	1	-1.0	-1.0	1.0	-1.0	-1.0	1.0		2.98								1.0			2.96		1.36								-1.0			1.84	-0.0	-0.0	1.14	-0.0	-0.0	0.64	3.06	1.14	0.0	0.0	26.25					1	0.0	0.0	-1.33	0.0	0.0	-0.25	-1.33	0.0	0.0	41.19					0.0	0.0	-1.22	0.0	0.0	-0.35	-1.22	0.0	0.0	56.4					0.0	0.0	0.44	0.0	0.0	0.02	0.44	0.0	0.0	72.75					-0.0	-0.0	0.9299999999999997	-0.0	-0.0	0.4697861525918181	0.9299999999999997	0.0014929413111533139	0.001466742485420669	26.247558950860764				
2026-05-21 07:00:00	11500	3.08	3.02	3.04	3.02	BELL.MI	1.39	1.41	1.38	1.38	1.47	1.18	-1.0	-1.0	1.0	1	-1.0	-1.0	1.0	-1.0	-1.0	1.0										1.0			2.96	1.41									-1.0			1.84	0.02	0.02	1.16	0.01	0.01	0.65	3.08	1.16	0.0	0.0	30.12					1	-0.02	-0.02	-1.35	-0.01	-0.01	-0.25	-1.35	0.0	0.0	41.38					-0.02	-0.02	-1.24	-0.01	-0.01	-0.35	-1.24	0.0	0.0	52.43					-0.02	-0.02	0.42	-0.01	-0.01	0.01	0.42	0.0	0.0	68.54					0.020000000000000018	0.020000000000000018	0.9499999999999997	0.006578947368421018	0.006600684031352024	0.4795198357215651	0.9499999999999997	0.0017142043706356246	0.0016883992812748438	30.12388762299549				
2026-05-22 07:00:00	4000	3.06	3.04	3.06	3.04	BELL.MI	1.39	1.39	1.38	1.38	1.47	1.18	-1.0	-1.0	1.0	1	-1.0	-1.0	1.0	-1.0	-1.0	1.0	3.06									1.0			2.96										-1.0			1.84	-0.02	-0.02	1.14	-0.01	-0.01	0.64	3.08	1.14	0.0	0.0	23.78					1	0.02	0.02	-1.33	0.01	0.01	-0.25	-1.33	0.0	0.0	33.93					0.02	0.02	-1.22	0.01	0.01	-0.35	-1.22	0.0	0.0	61.19					0.02	0.02	0.44	0.01	0.01	0.02	0.44	0.0	0.0	78.78					-0.020000000000000018	-0.020000000000000018	0.9299999999999997	-0.0066225165562914245	-0.0066006840313520936	0.4697861525918179	0.9299999999999997	0.0012866132122339828	0.0012615514759448665	23.778768069192893				
2026-05-25 07:00:00	1500	3.04	3.04	3.04	3.04	BELL.MI	1.36	1.36	1.36	1.36	1.47	1.18	-1.0	-1.0	1.0	1	-1.0	-1.0	1.0	-1.0	-1.0	1.0		3.04								1.0			2.96		1.36								-1.0			1.84	-0.0	-0.0	1.14	-0.0	-0.0	0.64	3.08	1.14	0.0	0.0	23.11					1	0.0	0.0	-1.33	0.0	0.0	-0.25	-1.33	0.0	0.0	31.86					0.0	0.0	-1.22	0.0	0.0	-0.35	-1.22	0.0	0.0	65.22					0.0	0.0	0.44	0.0	0.0	0.02	0.44	0.0	0.0	83.24					-0.0	-0.0	0.9299999999999997	-0.0	-0.0	0.4697861525918179	0.9299999999999997	0.0012348201095143327	0.0012100260637646354	23.10578208355993				
2026-05-26 07:00:00	0	3.04	3.04	3.04	3.04	BELL.MI	1.37	1.37	1.37	1.37	1.47	1.18	-1.0	-1.0	1.0	1	-1.0	-1.0	1.0	-1.0	-1.0	1.0										1.0			2.96										-1.0			1.84	-0.0	-0.0	1.14	-0.0	-0.0	0.64	3.08	1.14	0.0	0.0	27.4					1	0.0	0.0	-1.33	0.0	0.0	-0.25	-1.33	0.0	0.0	39.67					0.0	0.0	-1.22	0.0	0.0	-0.35	-1.22	0.0	0.0	64.46					0.0	0.0	0.44	0.0	0.0	0.02	0.44	0.0	0.0	82.61					-0.0	-0.0	0.9299999999999997	-0.0	-0.0	0.4697861525918179	0.9299999999999997	0.0014362997651280003	0.001412368013155918	27.396438946617607				
2026-05-27 07:00:00	1500	3.08	3.0	3.0	3.08	BELL.MI	1.36	1.4	1.36	1.4	1.47	1.18	-1.0	-1.0	1.0	1	-1.0	-1.0	1.0	-1.0	-1.0	1.0										1.0			2.96	1.4									-1.0			1.84	-0.04	-0.04	1.1	-0.01	-0.01	0.61	3.08	1.1	0.0	0.0	23.37					1	0.04	0.04	-1.29	0.01	0.01	-0.24	-1.29	0.0	0.0	42.9					0.04	0.04	-1.18	0.01	0.01	-0.34	-1.18	0.0	0.0	65.09					0.04	0.04	0.48	0.01	0.01	0.04	0.48	0.0	0.0	83.13					-0.040000000000000036	-0.040000000000000036	0.8899999999999997	-0.013157894736842035	-0.0130720815673527	0.4506980207399762	0.8899999999999997	0.0012446245460756141	0.001219924962771124	23.36760382813516				
2026-05-28 07:00:00	0	3.08	3.08	3.08	3.08	BELL.MI	1.39	1.39	1.39	1.39	1.47	1.18	-1.0	-1.0	1.0	1	-1.0	-1.0	1.0	-1.0	-1.0	1.0										1.0			2.96										-1.0			1.84	-0.0	-0.0	1.1	-0.0	-0.0	0.61	3.08	1.1	0.0	0.0	34.49					1	0.0	0.0	-1.29	0.0	0.0	-0.24	-1.29	0.0	0.0	65.98					0.0	0.0	-1.18	0.0	0.0	-0.34	-1.18	0.0	0.0	60.91					0.0	0.0	0.48	0.0	0.0	0.04	0.48	0.0	0.0	79.69					-0.0	-0.0	0.8899999999999997	-0.0	-0.0	0.4506980207399762	0.8899999999999997	0.0016619399120023203	0.0016401435029227418	34.49388648740626				
2026-05-29 07:00:00	5500	3.1	3.04	3.06	3.1	BELL.MI	1.37	1.39	1.37	1.39	1.47	1.18	-1.0	-1.0	1.0	1	-1.0	-1.0	1.0	-1.0	-1.0	1.0										1.0			2.96		1.37								-1.0			1.84	-0.02	-0.02	1.08	-0.01	-0.01	0.6	3.1	1.08	0.0	0.0	40.28					1	0.02	0.02	-1.27	0.01	0.01	-0.23	-1.27	0.0	0.0	67.42					0.02	0.02	-1.16	0.01	0.01	-0.34	-1.16	0.0	0.0	58.01					0.02	0.02	0.5	0.01	0.01	0.04	0.5	0.0	0.0	77.33					-0.020000000000000018	-0.020000000000000018	0.8699999999999997	-0.006493506493506551	-0.00647251450561752	0.4413386786706859	0.8699999999999997	0.0018205067687506447	0.0018001508187412973	40.279368744999246				
2026-06-01 07:00:00	1000	3.1	3.08	3.08	3.1	BELL.MI	1.39	1.4	1.39	1.4	1.47	1.18	-1.0	-1.0	1.0	1	-1.0	-1.0	1.0	-1.0	-1.0	1.0										1.0			2.96	1.4									-1.0			1.84	-0.0	-0.0	1.08	-0.0	-0.0	0.6	3.1	1.08	0.0	0.0	38.79					1	0.0	0.0	-1.27	0.0	0.0	-0.23	-1.27	0.0	0.0	77.13					0.0	0.0	-1.16	0.0	0.0	-0.34	-1.16	0.0	0.0	63.96					0.0	0.0	0.5	0.0	0.0	0.04	0.5	0.0	0.0	84.14					-0.0	-0.0	0.8699999999999997	-0.0	-0.0	0.4413386786706859	0.8699999999999997	0.0017057212668523084	0.0016858863346747022	38.7943000044506				
2026-06-02 07:00:00	0	3.1	3.1	3.1	3.1	BELL.MI	1.38	1.38	1.38	1.38	1.47	1.18	-1.0	-1.0	1.0	1	-1.0	-1.0	1.0	-1.0	-1.0	1.0	3.1									1.0			2.96										-1.0			1.84	-0.0	-0.0	1.08	-0.0	-0.0	0.6	3.1	1.08	0.0	0.0	38.79					1	0.0	0.0	-1.27	0.0	0.0	-0.23	-1.27	0.0	0.0	77.13					0.0	0.0	-1.16	0.0	0.0	-0.34	-1.16	0.0	0.0	63.96					0.0	0.0	0.5	0.0	0.0	0.04	0.5	0.0	0.0	84.14					-0.0	-0.0	0.8699999999999997	-0.0	-0.0	0.4413386786706859	0.8699999999999997	0.0017057212668523084	0.0016858863346747022	38.7943000044506				
2026-06-03 07:00:00	1500	3.1	3.06	3.1	3.06	BELL.MI	1.39	1.39	1.37	1.37	1.47	1.18	-1.0	-1.0	1.0	1	-1.0	-1.0	1.0	-1.0	-1.0	1.0										1.0			2.96										-1.0			1.84	0.04	0.04	1.12	0.01	0.01	0.63	3.1	1.12	0.0	0.0	39.61					1	-0.04	-0.04	-1.31	-0.01	-0.01	-0.24	-1.31	0.0	0.0	74.44					-0.04	-0.04	-1.2	-0.01	-0.01	-0.34	-1.2	0.0	0.0	62.32					-0.04	-0.04	0.46	-0.01	-0.01	0.03	0.46	0.0	0.0	82.06					0.040000000000000036	0.040000000000000036	0.9099999999999997	0.012903225806451646	0.01298719552681119	0.4601797071500413	0.9099999999999997	0.0017682381394201279	0.0017481202722466893	39.613266832549				
2026-06-04 07:00:00	0	3.06	3.06	3.06	3.06	BELL.MI	1.37	1.37	1.37	1.37	1.47	1.18	-1.0	-1.0	1.0	1	-1.0	-1.0	1.0	-1.0	-1.0	1.0		3.06								1.0			2.96		1.37								-1.0			1.84	-0.0	-0.0	1.12	-0.0	-0.0	0.63	3.1	1.12	0.0	0.0	45.5					1	0.0	0.0	-1.31	0.0	0.0	-0.24	-1.31	0.0	0.0	69.75					0.0	0.0	-1.2	0.0	0.0	-0.34	-1.2	0.0	0.0	60.94					0.0	0.0	0.46	0.0	0.0	0.03	0.46	0.0	0.0	80.95					-0.0	-0.0	0.9099999999999997	-0.0	-0.0	0.4601797071500413	0.9099999999999997	0.0019710609779723634	0.0019518548197507979	45.503658986189855				
2026-06-05 07:00:00	0	3.06	3.06	3.06	3.06	BELL.MI	1.38	1.38	1.38	1.38	1.47	1.18	-1.0	-1.0	1.0	1	-1.0	-1.0	1.0	-1.0	-1.0	1.0										1.0			2.96										-1.0			1.84	-0.0	-0.0	1.12	-0.0	-0.0	0.63	3.1	1.12	0.0	0.0	45.22					1	0.0	0.0	-1.31	0.0	0.0	-0.24	-1.31	0.0	0.0	75.81					0.0	0.0	-1.2	0.0	0.0	-0.34	-1.2	0.0	0.0	64.58					0.0	0.0	0.46	0.0	0.0	0.03	0.46	0.0	0.0	84.81					-0.0	-0.0	0.9099999999999997	-0.0	-0.0	0.4601797071500413	0.9099999999999997	0.001947917604356177	0.001928811739641656	45.21656725430637				
2026-06-08 07:00:00	22000	3.14	3.04	3.04	3.14	BELL.MI	1.36	1.41	1.36	1.41	1.47	1.18	-1.0	-1.0	1.0	1	-1.0	-1.0	1.0	-1.0	-1.0	1.0										1.0			2.96										-1.0			1.84	-0.08	-0.08	1.04	-0.03	-0.03	0.58	3.14	1.04	0.0	0.0	44.95					1	0.08	0.08	-1.23	0.03	0.03	-0.22	-1.23	0.0	0.0	76.23					0.08	0.08	-1.12	0.03	0.03	-0.33	-1.12	0.0	0.0	64.71					0.08	0.08	0.54	0.03	0.03	0.06	0.54	0.0	0.0	84.91					-0.08000000000000007	-0.08000000000000007	0.8299999999999996	-0.026143790849673332	-0.02580788395587272	0.422977676394626	0.8299999999999996	0.0019417297158001701	0.0019225690798803097	44.94998239889688				
2026-06-09 07:00:00	4500	3.14	3.1	3.1	3.14	BELL.MI	1.39	1.4	1.39	1.4	1.47	1.18	-1.0	-1.0	1.0	1	-1.0	-1.0	1.0	-1.0	-1.0	1.0										1.0			2.96										-1.0			1.84	-0.0	-0.0	1.04	-0.0	-0.0	0.58	3.14	1.04	0.0	0.0	44.67					1	0.0	0.0	-1.23	0.0	0.0	-0.22	-1.23	0.0	0.0	82.28					0.0	0.0	-1.12	0.0	0.0	-0.33	-1.12	0.0	0.0	68.36					0.0	0.0	0.54	0.0	0.0	0.06	0.54	0.0	0.0	88.78					-0.0	-0.0	0.8299999999999996	-0.0	-0.0	0.422977676394626	0.8299999999999996	0.0019190562593057584	0.0018999937679995416	44.66564261589964				
2026-06-10 07:00:00	9000	3.18	3.1	3.16	3.16	BELL.MI	1.42	1.43	1.39	1.42	1.47	1.18	-1.0	-1.0	1.0	1	-1.0	-1.0	1.0	-1.0	-1.0	1.0	3.18		3.18							1.0			2.96	1.43		1.43							-1.0			1.84	-0.02	-0.02	1.02	-0.01	-0.01	0.57	3.18	1.02	0.0	0.0	44.25					1	0.02	0.02	-1.21	0.01	0.01	-0.22	-1.21	0.0	0.0	82.92					0.02	0.02	-1.1	0.01	0.01	-0.32	-1.1	0.0	0.0	68.54					0.02	0.02	0.56	0.01	0.01	0.06	0.56	0.0	0.0	88.93					-0.020000000000000018	-0.020000000000000018	0.8099999999999996	-0.006369426751592355	-0.0063492276786587445	0.41397148856934374	0.8099999999999996	0.0019092713313141785	0.0018901222913796367	44.24704656842718				
2026-06-11 07:00:00	24000	3.2	3.02	3.12	3.12	BELL.MI	1.39	1.42	1.34	1.39	1.47	1.18	-1.0	-1.0	1.0	1	-1.0	-1.0	1.0	-1.0	-1.0	1.0										1.0			2.96										-1.0			1.84	0.04	0.04	1.06	0.01	0.01	0.59	3.2	1.06	0.0	0.0	44.75					1	-0.04	-0.04	-1.25	-0.01	-0.01	-0.23	-1.25	0.0	0.0	81.19					-0.04	-0.04	-1.14	-0.01	-0.01	-0.33	-1.14	0.0	0.0	67.49					-0.04	-0.04	0.52	-0.01	-0.01	0.05	0.52	0.0	0.0	87.59					0.040000000000000036	0.040000000000000036	0.8499999999999996	0.012658227848101222	0.012739025777429714	0.4320993281663863	0.8499999999999996	0.0019491989012209204	0.0019298764707358362	44.745720443276696				
2026-06-12 07:00:00	3500	3.14	3.04	3.06	3.14	BELL.MI	1.34	1.37	1.33	1.37	1.47	1.18	-1.0	-1.0	-1.0	1	-1.0	-1.0	1.0	-1.0	-1.0	1.0										1.0			2.96										-1.0			1.84	-0.02	-0.02	1.04	-0.01	-0.01	0.58	3.2	1.04	0.0	0.0	39.95					1	0.02	0.02	-1.23	0.01	0.01	-0.22	-1.23	0.0	0.0	90.52					0.02	0.02	-1.12	0.01	0.01	-0.33	-1.12	0.0	0.0	72.76					0.02	0.02	0.54	0.01	0.01	0.06	0.54	0.0	0.0	93.35					-0.020000000000000018	-0.020000000000000018	0.8299999999999996	-0.0064102564102563875	-0.006389798098770988	0.422977676394626	0.8299999999999996	0.0017276444510772432	0.001708147508808322	39.94534725482353				
2026-06-15 07:00:00	4500	3.16	3.08	3.1	3.1	BELL.MI	1.34	1.37	1.34	1.34	1.47	1.18	-1.0	-1.0	-1.0	1	-1.0	-1.0	1.0	-1.0	-1.0	1.0										1.0			2.96										-1.0			1.84	0.04	0.04	1.08	0.01	0.01	0.6	3.2	1.08	0.0	0.0	38.58					1	-0.04	-0.04	-1.27	-0.01	-0.01	-0.23	-1.27	0.0	0.0	95.21					-0.04	-0.04	-1.16	-0.01	-0.01	-0.34	-1.16	0.0	0.0	75.61					-0.04	-0.04	0.5	-0.01	-0.01	0.04	0.5	0.0	0.0	96.99					0.040000000000000036	0.040000000000000036	0.8699999999999997	0.01273885350318471	0.012820688429061434	0.44133867867068566	0.8699999999999997	0.001628276955822567	0.001609221791891935	38.58370957800754				
2026-06-16 07:00:00	11000	3.14	3.04	3.14	3.12	BELL.MI	1.35	1.35	1.3	1.34	1.47	1.18	-1.0	-1.0	-1.0	1	-1.0	-1.0	1.0	-1.0	-1.0	1.0		3.04								1.0			2.96										-1.0			1.84	-0.02	-0.02	1.06	-0.01	-0.01	0.59	3.2	1.06	0.0	0.0	34.3					1	0.02	0.02	-1.25	0.01	0.01	-0.23	-1.25	0.0	0.0	102.6					0.02	0.02	-1.14	0.01	0.01	-0.33	-1.14	0.0	0.0	79.76					0.02	0.02	0.52	0.01	0.01	0.05	0.52	0.0	0.0	101.35					-0.020000000000000018	-0.020000000000000018	0.8499999999999996	-0.006451612903225712	-0.006430890330290332	0.4320993281663865	0.8499999999999996	0.0014525159688955976	0.0014331115523849025	34.304607027428176				
2026-06-17 07:00:00	0	3.12	3.12	3.12	3.12	BELL.MI	1.33	1.33	1.33	1.33	1.47	1.18	-1.0	-1.0	-1.0	1	-1.0	-1.0	1.0	-1.0	-1.0	1.0	3.12									1.0			2.96										-1.0			1.84	-0.0	-0.0	1.06	-0.0	-0.0	0.59	3.2	1.06	0.0	0.0	42.28					1	0.0	0.0	-1.25	0.0	0.0	-0.23	-1.25	0.0	0.0	95.65					0.0	0.0	-1.14	0.0	0.0	-0.33	-1.14	0.0	0.0	77.68					0.0	0.0	0.52	0.0	0.0	0.05	0.52	0.0	0.0	99.68					-0.0	-0.0	0.8499999999999996	-0.0	-0.0	0.4320993281663865	0.8499999999999996	0.0017015279589683322	0.0016833989461051413	42.28077811011504				
2026-06-18 07:00:00	5000	3.12	3.06	3.12	3.12	BELL.MI	1.33	1.33	1.31	1.33	1.47	1.18	-1.0	-1.0	-1.0	1	-1.0	-1.0	1.0	-1.0	-1.0	1.0										1.0			2.96										-1.0			1.84	-0.0	-0.0	1.06	-0.0	-0.0	0.59	3.2	1.06	0.0	0.0	42.28					1	0.0	0.0	-1.25	0.0	0.0	-0.23	-1.25	0.0	0.0	95.65					0.0	0.0	-1.14	0.0	0.0	-0.33	-1.14	0.0	0.0	77.68					0.0	0.0	0.52	0.0	0.0	0.05	0.52	0.0	0.0	99.68					-0.0	-0.0	0.8499999999999996	-0.0	-0.0	0.4320993281663865	0.8499999999999996	0.0017015279589683322	0.0016833989461051413	42.28077811011504				
2026-06-19 07:00:00	8000	3.1	3.04	3.1	3.04	BELL.MI	1.32	1.32	1.29	1.29	1.47	1.18	-1.0	-1.0	-1.0	1	-1.0	-1.0	1.0	-1.0	-1.0	1.0										1.0			2.96		1.29		1.29						-1.0			1.84	0.08	0.08	1.14	0.03	0.03	0.64	3.2	1.14	0.0	0.0	43.4					1	-0.08	-0.08	-1.33	-0.03	-0.03	-0.25	-1.33	0.0	0.0	91.74					-0.08	-0.08	-1.22	-0.03	-0.03	-0.35	-1.22	0.0	0.0	75.31					-0.08	-0.08	0.44	-0.03	-0.03	0.02	0.44	0.0	0.0	96.65					0.08000000000000007	0.08000000000000007	0.9299999999999997	0.02564102564102566	0.025975486403260677	0.4697861525918179	0.9299999999999997	0.001781930243156436	0.0017634529027277246	43.40058181204514				
2026-06-22 07:00:00	4000	3.08	3.0	3.02	3.08	BELL.MI	1.29	1.31	1.28	1.31	1.47	1.18	-1.0	-1.0	-1.0	0	-1.0	-1.0	1.0	-1.0	-1.0	1.0		3.0		3.0						1.0			2.96										-1.0			1.84	-0.04	-0.04	1.1	-0.01	-0.01	0.61	3.2	1.1	0.0	0.0	42.5					1	0.04	0.04	-1.29	0.01	0.01	-0.24	-1.29	0.0	0.0	93.08					0.04	0.04	-1.18	0.01	0.01	-0.34	-1.18	0.0	0.0	75.7					0.04	0.04	0.48	0.01	0.01	0.04	0.48	0.0	0.0	96.95					-0.040000000000000036	-0.040000000000000036	0.8899999999999997	-0.013157894736842035	-0.0130720815673527	0.4506980207399762	0.8899999999999997	0.0017610146714989875	0.001742359034805352	42.499994125828955				
2026-06-23 07:00:00	22000	3.24	3.08	3.12	3.24	BELL.MI	1.35	1.4	1.33	1.4	1.47	1.18	-1.0	-1.0	-1.0	1	-1.0	-1.0	1.0	-1.0	-1.0	1.0	3.24		3.24							1.0			2.96	1.4									-1.0			1.84	-0.16	-0.16	0.94	-0.05	-0.05	0.53	3.24	0.94	0.0	0.0	32.66					1	0.0	0.0	-1.29	0.0	0.0	-0.24	-1.29	0.0	0.0	93.08					0.16	0.16	-1.02	0.05	0.05	-0.31	-1.02	0.0	0.0	78.59					0.16	0.16	0.64	0.05	0.05	0.09	0.64	0.0	0.0	99.28					-0.16000000000000014	-0.16000000000000014	0.7299999999999995	-0.051948051948051965	-0.050643732818754936	0.37905861230837234	0.7299999999999995	0.001454879795916829	0.0014344460095778722	32.659662759045965				
2026-06-24 07:00:00	9500	3.22	3.1	3.22	3.12	BELL.MI	1.4	1.4	1.35	1.36	1.47	1.18	-1.0	-1.0	-1.0	1	-1.0	-1.0	1.0	-1.0	-1.0	1.0										1.0			2.96										-1.0			1.84	0.12	0.12	1.06	0.04	0.04	0.59	3.24	1.06	0.0	0.0	41.07					1	-0.12	-0.12	-1.41	-0.04	-0.04	-0.27	-1.41	0.0	0.0	72.88					-0.12	-0.12	-1.14	-0.04	-0.04	-0.33	-1.14	0.0	0.0	67.93					-0.12	-0.12	0.52	-0.04	-0.04	0.05	0.52	0.0	0.0	86.93					0.1200000000000001	0.1200000000000001	0.8499999999999996	0.03703703703703709	0.037740327982847086	0.43209932816638674	0.8499999999999996	0.0018960332180236318	0.0018752562885906432	41.06737092222521				
2026-06-25 07:00:00	3500	3.14	3.06	3.1	3.14	BELL.MI	1.35	1.36	1.33	1.36	1.47	1.18	-1.0	-1.0	-1.0	1	-1.0	-1.0	1.0	-1.0	-1.0	1.0		3.06								1.0			2.96		1.33								-1.0			1.84	-0.02	-0.02	1.04	-0.01	-0.01	0.58	3.24	1.04	0.0	0.0	40.67					1	0.02	0.02	-1.39	0.01	0.01	-0.26	-1.39	0.0	0.0	73.63					0.02	0.02	-1.12	0.01	0.01	-0.33	-1.12	0.0	0.0	68.11					0.02	0.02	0.54	0.01	0.01	0.06	0.54	0.0	0.0	87.07					-0.020000000000000018	-0.020000000000000018	0.8299999999999996	-0.0064102564102563875	-0.006389798098770988	0.42297767639462647	0.8299999999999996	0.0018858138376342277	0.0018649446284202398	40.67336725383694				
2026-06-26 07:00:00	0	3.14	3.14	3.14	3.14	BELL.MI	1.38	1.38	1.38	1.38	1.47	1.18	-1.0	-1.0	-1.0	1	-1.0	-1.0	1.0	-1.0	-1.0	1.0	3.14									1.0			2.96										-1.0			1.84	-0.0	-0.0	1.04	-0.0	-0.0	0.58	3.24	1.04	0.0	0.0	39.27					1	0.0	0.0	-1.39	0.0	0.0	-0.26	-1.39	0.0	0.0	83.68					0.0	0.0	-1.12	0.0	0.0	-0.33	-1.12	0.0	0.0	74.01					0.0	0.0	0.54	0.0	0.0	0.06	0.54	0.0	0.0	93.8					-0.0	-0.0	0.8299999999999996	-0.0	-0.0	0.42297767639462647	0.8299999999999996	0.0017733750024272795	0.001753022635537116	39.274421697556086				
2026-06-29 07:00:00	4500	3.18	3.1	3.1	3.12	BELL.MI	1.36	1.4	1.36	1.37	1.47	1.18	-1.0	-1.0	-1.0	1	-1.0	-1.0	1.0	-1.0	-1.0	1.0		3.1								1.0			2.96										-1.0			1.84	0.02	0.02	1.06	0.01	0.01	0.59	3.24	1.06	0.0	0.0	39.81					1	-0.02	-0.02	-1.41	-0.01	-0.01	-0.27	-1.41	0.0	0.0	76.55					-0.02	-0.02	-1.14	-0.01	-0.01	-0.33	-1.14	0.0	0.0	69.91					-0.02	-0.02	0.52	-0.01	-0.01	0.05	0.52	0.0	0.0	89.35					0.020000000000000018	0.020000000000000018	0.8499999999999996	0.006369426751592355	0.00638979809877101	0.43209932816638674	0.8499999999999996	0.0018155476698791693	0.0017950022047830139	39.807836614083826				
2026-06-30 07:00:00	3000	3.24	3.12	3.16	3.24	BELL.MI	1.37	1.41	1.36	1.41	1.47	1.18	-1.0	-1.0	-1.0	1	-1.0	-1.0	1.0	-1.0	-1.0	1.0	3.24		3.24							1.0			2.96	1.41		1.41							-1.0			1.84	-0.12	-0.12	0.94	-0.04	-0.04	0.53	3.24	0.94	0.0	0.0	35.54					1	0.12	0.12	-1.29	0.04	0.04	-0.24	-1.29	0.0	0.0	84.12					0.12	0.12	-1.02	0.04	0.04	-0.31	-1.02	0.0	0.0	71.79					0.12	0.12	0.64	0.04	0.04	0.09	0.64	0.0	0.0	90.87					-0.1200000000000001	-0.1200000000000001	0.7299999999999995	-0.03846153846153855	-0.03774032798284711	0.37905861230837234	0.7299999999999995	0.0016988943740665727	0.0016772891610348228	35.53547598742591				
2026-07-01 07:00:00	1000	3.2	3.18	3.2	3.18	BELL.MI	1.39	1.39	1.38	1.38	1.47	1.18	-1.0	-1.0	-1.0	1	-1.0	-1.0	1.0	-1.0	-1.0	1.0										1.0			2.96										-1.0			1.84	0.06	0.06	1.0	0.02	0.02	0.56	3.24	1.0	0.0	0.0	37.04					1	-0.06	-0.06	-1.35	-0.02	-0.02	-0.25	-1.35	0.0	0.0	74.19					-0.06	-0.06	-1.08	-0.02	-0.02	-0.32	-1.08	0.0	0.0	65.8					-0.06	-0.06	0.58	-0.02	-0.02	0.07	0.58	0.0	0.0	84.0					0.06000000000000005	0.06000000000000005	0.7899999999999996	0.01851851851851849	0.01869213301215252	0.4050785861255115	0.7899999999999996	0.001822262451946778	0.0018000727354652302	37.03658717490682				
2026-07-02 07:00:00	3000	3.12	3.08	3.12	3.08	BELL.MI	1.34	1.34	1.32	1.32	1.47	1.18	-1.0	-1.0	-1.0	1	-1.0	-1.0	1.0	-1.0	-1.0	1.0		3.08								1.0			2.96										-1.0			1.84	0.1	0.1	1.1	0.03	0.03	0.61	3.24	1.1	0.0	0.0	39.41					1	-0.1	-0.1	-1.45	-0.03	-0.03	-0.28	-1.45	0.0	0.0	61.64					-0.1	-0.1	-1.18	-0.03	-0.03	-0.34	-1.18	0.0	0.0	58.12					-0.1	-0.1	0.48	-0.03	-0.03	0.04	0.48	0.0	0.0	75.05					0.10000000000000009	0.10000000000000009	0.8899999999999997	0.03144654088050314	0.03195159980660236	0.450698020739976	0.8899999999999997	0.002033143010670354	0.0020099362174039737	39.414750643383265				
2026-07-03 07:00:00	15000	3.18	3.06	3.06	3.14	BELL.MI	1.3	1.35	1.3	1.34	1.47	1.18	-1.0	-1.0	-1.0	1	-1.0	-1.0	1.0	-1.0	-1.0	1.0	3.18									1.0			2.96										-1.0			1.84	-0.06	-0.06	1.04	-0.02	-0.02	0.58	3.24	1.04	0.0	0.0	33.13					1	0.06	0.06	-1.39	0.02	0.02	-0.26	-1.39	0.0	0.0	74.28					0.06	0.06	-1.12	0.02	0.02	-0.33	-1.12	0.0	0.0	64.51					0.06	0.06	0.54	0.02	0.02	0.06	0.54	0.0	0.0	81.94					-0.06000000000000005	-0.06000000000000005	0.8299999999999996	-0.01948051948051943	-0.01929320293467885	0.42297767639462625	0.8299999999999996	0.0017096094309553833	0.001686012607463594	33.13341264739263				
2026-07-06 07:00:00	20000	3.16	2.96	3.12	2.98	BELL.MI	1.32	1.34	1.26	1.26	1.47	1.18	-1.0	-1.0	-1.0	0	-1.0	-1.0	1.0	-1.0	-1.0	1.0										1.0			2.96										-1.0			1.84	0.16	0.16	1.2	0.05	0.05	0.67	3.24	1.2	0.0	0.0	36.86					1	-0.16	-0.16	-1.55	-0.05	-0.05	-0.3	-1.55	0.0	0.0	58.08					-0.16	-0.16	-1.28	-0.05	-0.05	-0.36	-1.28	0.0	0.0	54.36					-0.16	-0.16	0.38	-0.05	-0.05	0.0	0.38	0.0	0.0	69.97					0.16000000000000014	0.16000000000000014	0.9899999999999998	0.05095541401273884	0.052299499402848906	0.4993791623755457	0.9899999999999998	0.002049556177073901	0.002024219454587861	36.86453258069853				
2026-07-07 07:00:00	5500	3.02	2.94	2.96	2.94	BELL.MI	1.27	1.29	1.26	1.26	1.47	1.18	-1.0	-1.0	-1.0	0	-1.0	-1.0	1.0	-1.0	-1.0	1.0		2.94		2.94						1.0			2.96		1.26		1.26						-1.0			1.84	0.04	0.04	1.24	0.01	0.01	0.69	3.24	1.24	0.0	0.0	41.19					1	-0.0	-0.0	-1.55	-0.0	-0.0	-0.3	-1.55	0.0	0.0	56.72					-0.04	-0.04	-1.32	-0.01	-0.01	-0.37	-1.32	0.0	0.0	49.59					-0.04	-0.04	0.34	-0.01	-0.01	-0.01	0.34	0.0	0.0	64.84					0.040000000000000036	0.040000000000000036	1.0299999999999998	0.01342281879194629	0.01351371916672282	0.5197788788704512	1.0299999999999998	0.0023115320982940164	0.002286321262274127	41.192006360198555				
2026-07-08 07:00:00	7500	3.1	2.94	2.94	2.96	BELL.MI	1.28	1.34	1.28	1.28	1.47	1.18	-1.0	-1.0	-1.0	0	-1.0	-1.0	1.0	-1.0	-1.0	1.0										1.0			2.96	1.34									-1.0			1.84	-0.02	-0.02	1.22	-0.01	-0.01	0.68	3.24	1.22	0.0	0.0	37.76					1	0.0	0.0	-1.55	0.0	0.0	-0.3	-1.55	0.0	0.0	56.72					0.02	0.02	-1.3	0.01	0.01	-0.37	-1.3	0.0	0.0	49.96					0.02	0.02	0.36	0.01	0.01	-0.01	0.36	0.0	0.0	65.14					-0.020000000000000018	-0.020000000000000018	1.0099999999999998	-0.006802721088435382	-0.006779686985378769	0.5095101026618669	1.0099999999999998	0.002137972100443612	0.002112181481814135	37.761266384635334				
2026-07-09 07:00:00	500	3.0	3.0	3.0	3.0	BELL.MI	1.29	1.29	1.29	1.29	1.45	1.18	-1.0	-1.0	-1.0	0	-1.0	-1.0	1.0	-1.0	-1.0	1.0										1.0			2.96										-1.0			1.84	-0.04	-0.04	1.18	-0.01	-0.01	0.66	3.24	1.18	0.0	0.0	37.04					1	0.0	0.0	-1.55	0.0	0.0	-0.3	-1.55	0.0	0.0	55.31					0.04	0.04	-1.26	0.01	0.01	-0.36	-1.26	0.0	0.0	50.32					0.04	0.04	0.4	0.01	0.01	0.01	0.4	0.0	0.0	65.43					-0.040000000000000036	-0.040000000000000036	0.9699999999999998	-0.013513513513513598	-0.013423020332140769	0.489383301293042	0.9699999999999998	0.002115129555987831	0.002089113845689994	37.041602348588356				
2026-07-10 07:00:00	1000	3.0	3.0	3.0	3.0	BELL.MI	1.28	1.28	1.28	1.28	1.45	1.18	-1.0	-1.0	-1.0	0	-1.0	-1.0	1.0	-1.0	-1.0	1.0										1.0			2.96		1.28								-1.0			1.84	-0.0	-0.0	1.18	-0.0	-0.0	0.66	3.24	1.18	0.0	0.0	37.04					1	0.0	0.0	-1.55	0.0	0.0	-0.3	-1.55	0.0	0.0	55.31					0.0	0.0	-1.26	0.0	0.0	-0.36	-1.26	0.0	0.0	50.32					0.0	0.0	0.4	0.0	0.0	0.01	0.4	0.0	0.0	65.43					-0.0	-0.0	0.9699999999999998	-0.0	-0.0	0.489383301293042	0.9699999999999998	0.002115129555987831	0.002089113845689994	37.041602348588356				
2026-07-13 07:00:00	500	3.04	3.04	3.04	3.04	BELL.MI	1.29	1.29	1.29	1.29	1.45	1.18	-1.0	-1.0	-1.0	0	-1.0	-1.0	1.0	-1.0	-1.0	1.0	3.04									1.0			2.96	1.29									-1.0			1.84	-0.04	-0.04	1.14	-0.01	-0.01	0.64	3.24	1.14	0.0	0.0	28.97					1	0.0	0.0	-1.55	0.0	0.0	-0.3	-1.55	0.0	0.0	72.67					0.04	0.04	-1.22	0.01	0.01	-0.35	-1.22	0.0	0.0	61.35					0.04	0.04	0.44	0.01	0.01	0.02	0.44	0.0	0.0	78.19					-0.040000000000000036	-0.040000000000000036	0.9299999999999997	-0.01333333333333342	-0.013245226750020723	0.46978615259181766	0.9299999999999997	0.0015543511486288356	0.001529484945985038	28.97363908319779				
2026-07-14 07:00:00	7500	3.04	2.96	3.0	3.0	BELL.MI	1.28	1.29	1.26	1.28	1.45	1.18	-1.0	-1.0	-1.0	0	-1.0	-1.0	1.0	-1.0	-1.0	1.0		2.96								1.0			2.96		1.26		1.26						-1.0			1.84	0.04	0.04	1.18	0.01	0.01	0.66	3.24	1.18	0.0	0.0	33.07					1	-0.0	-0.0	-1.55	-0.0	-0.0	-0.3	-1.55	0.0	0.0	72.67					-0.04	-0.04	-1.26	-0.01	-0.01	-0.36	-1.26	0.0	0.0	56.53					-0.04	-0.04	0.4	-0.01	-0.01	0.01	0.4	0.0	0.0	72.89					0.040000000000000036	0.040000000000000036	0.9699999999999998	0.013157894736842146	0.01324522675002068	0.489383301293042	0.9699999999999998	0.0017999803226329313	0.001775105230686913	33.06794281680169				
2026-07-15 07:00:00	4000	3.06	2.98	3.04	3.06	BELL.MI	1.3	1.31	1.28	1.31	1.45	1.18	-1.0	-1.0	-1.0	0	-1.0	-1.0	1.0	-1.0	-1.0	1.0	3.06									1.0			2.96	1.31									-1.0			1.84	-0.06	-0.06	1.12	-0.02	-0.02	0.63	3.24	1.12	0.0	0.0	33.63					1	0.0	0.0	-1.55	0.0	0.0	-0.3	-1.55	0.0	0.0	72.67					0.06	0.06	-1.2	0.02	0.02	-0.34	-1.2	0.0	0.0	56.25					0.06	0.06	0.46	0.02	0.02	0.03	0.46	0.0	0.0	72.66					-0.06000000000000005	-0.06000000000000005	0.9099999999999997	-0.020000000000000018	-0.01980262729617973	0.4601797071500411	0.9099999999999997	0.0018183322388376092	0.0017936340536492956	33.63097972317014				
2026-07-16 07:00:00	4000	3.04	3.0	3.04	3.0	BELL.MI	1.3	1.3	1.29	1.29	1.45	1.18	-1.0	-1.0	-1.0	0	-1.0	-1.0	1.0	-1.0	-1.0	1.0		3.0								1.0			2.96		1.29								-1.0			1.84	0.06	0.06	1.18	0.02	0.02	0.66	3.24	1.18	0.0	0.0	40.47					1	-0.0	-0.0	-1.55	-0.0	-0.0	-0.3	-1.55	0.0	0.0	72.67					-0.06	-0.06	-1.26	-0.02	-0.02	-0.36	-1.26	0.0	0.0	49.49					-0.06	-0.06	0.4	-0.02	-0.02	0.01	0.4	0.0	0.0	65.47					0.06000000000000005	0.06000000000000005	0.9699999999999998	0.019607843137254943	0.019802627296179754	0.489383301293042	0.9699999999999998	0.0021793734824980425	0.0021551690641774535	40.47074166101247				
2026-07-17 07:00:00	13000	3.1	3.0	3.04	3.1	BELL.MI	1.32	1.34	1.3	1.34	1.45	1.18	-1.0	-1.0	-1.0	0	-1.0	-1.0	1.0	-1.0	-1.0	1.0	3.1									1.0			2.96										-1.0			1.84	-0.1	-0.1	1.08	-0.03	-0.03	0.6	3.24	1.08	0.0	0.0	34.12					1	0.0	0.0	-1.55	0.0	0.0	-0.3	-1.55	0.0	0.0	72.67					0.1	0.1	-1.16	0.03	0.03	-0.34	-1.16	0.0	0.0	51.33					0.1	0.1	0.5	0.03	0.03	0.04	0.5	0.0	0.0	66.98					-0.10000000000000009	-0.10000000000000009	0.8699999999999997	-0.03333333333333344	-0.03278982282299097	0.44133867867068566	0.8699999999999997	0.001917804025062796	0.0018921534218194758	34.123491927165915				
2026-07-21 07:00:00	1000	3.06	3.06	3.06	3.06	BELL.MI	1.33	1.33	1.33	1.33	1.45	1.18	-1.0	-1.0	-1.0	0	-1.0	-1.0	1.0	-1.0	-1.0	1.0		3.06								1.0			2.96										-1.0			1.84	0.04	0.04	1.12	0.01	0.01	0.63	3.24	1.12	0.0	0.0	38.76					1	-0.0	-0.0	-1.55	-0.0	-0.0	-0.3	-1.55	0.0	0.0	72.67					-0.04	-0.04	-1.2	-0.01	-0.01	-0.34	-1.2	0.0	0.0	46.45					-0.04	-0.04	0.46	-0.01	-0.01	0.03	0.46	0.0	0.0	61.77					0.040000000000000036	0.040000000000000036	0.9099999999999997	0.012903225806451646	0.01298719552681119	0.4601797071500411	0.9099999999999997	0.002188595307901089	0.0021632049159208133	38.75787397000514				
2026-07-22 07:00:00	9500	3.12	3.06	3.1	3.12	BELL.MI	1.34	1.35	1.33	1.35	1.45	1.18	-1.0	-1.0	-1.0	0	-1.0	-1.0	1.0	-1.0	-1.0	1.0										1.0			2.96										-1.0			1.84	-0.06	-0.06	1.06	-0.02	-0.02	0.59	3.24	1.06	0.0	0.0	34.04					1	0.0	0.0	-1.55	0.0	0.0	-0.3	-1.55	0.0	0.0	72.67					0.06	0.06	-1.14	0.02	0.02	-0.33	-1.14	0.0	0.0	47.52					0.06	0.06	0.52	0.02	0.02	0.05	0.52	0.0	0.0	62.66					-0.06000000000000005	-0.06000000000000005	0.8499999999999996	-0.019607843137254832	-0.019418085857101516	0.4320993281663865	0.8499999999999996	0.0019702783966151303	0.0019438665527278243	34.0371915418955				
2026-07-23 07:00:00	1000	3.14	3.1	3.1	3.14	BELL.MI	1.36	1.38	1.36	1.38	1.45	1.18	-1.0	-1.0	-1.0	0	-1.0	-1.0	1.0	-1.0	-1.0	1.0										1.0			2.96										-1.0			1.84	-0.02	-0.02	1.04	-0.01	-0.01	0.58	3.24	1.04	0.0	0.0	30.76					1	0.0	0.0	-1.55	0.0	0.0	-0.3	-1.55	0.0	0.0	72.67					0.02	0.02	-1.12	0.01	0.01	-0.33	-1.12	0.0	0.0	47.87					0.02	0.02	0.54	0.01	0.01	0.06	0.54	0.0	0.0	62.94					-0.020000000000000018	-0.020000000000000018	0.8299999999999996	-0.0064102564102563875	-0.006389798098770988	0.422977676394626	0.8299999999999996	0.0017949797040877403	0.0017680066792529203	30.76095257946107				
2026-07-24 07:00:00	5500	3.2	3.14	3.14	3.2	BELL.MI	1.36	1.39	1.36	1.39	1.45	1.18	-1.0	-1.0	-1.0	0	-1.0	-1.0	1.0	-1.0	-1.0	1.0	3.2									1.0			2.96	1.39									-1.0			1.84	-0.06	-0.06	0.98	-0.02	-0.02	0.55	3.24	0.98	0.0	0.0	25.84					1	0.0	0.0	-1.55	0.0	0.0	-0.3	-1.55	0.0	0.0	72.67					0.06	0.06	-1.06	0.02	0.02	-0.31	-1.06	0.0	0.0	52.31					0.06	0.06	0.6	0.02	0.02	0.08	0.6	0.0	0.0	67.46					-0.06000000000000005	-0.06000000000000005	0.7699999999999996	-0.019108280254777066	-0.01892800988551886	0.39629684496222684	0.7699999999999996	0.001528860814702509	0.0015011366274193527	25.836707008351475				
2026-07-27 07:00:00	4000	3.18	3.14	3.18	3.14	BELL.MI	1.37	1.37	1.36	1.36	1.45	1.18	-1.0	-1.0	-1.0	0	-1.0	-1.0	1.0	-1.0	-1.0	1.0		3.14								1.0			2.96		1.36								-1.0			1.84	0.06	0.06	1.04	0.02	0.02	0.58	3.24	1.04	0.0	0.0	22.74					1	-0.0	-0.0	-1.55	-0.0	-0.0	-0.3	-1.55	0.0	0.0	94.39					-0.06	-0.06	-1.12	-0.02	-0.02	-0.33	-1.12	0.0	0.0	57.92					-0.06	-0.06	0.54	-0.02	-0.02	0.06	0.54	0.0	0.0	74.42					0.06000000000000005	0.06000000000000005	0.8299999999999996	0.018750000000000044	0.01892800988551891	0.42297767639462625	0.8299999999999996	0.0012688777640457176	0.0012426132410734425	22.740779686102243				
2026-07-28 07:00:00	13000	3.2	3.1	3.1	3.18	BELL.MI	1.35	1.39	1.35	1.38	1.45	1.18	-1.0	-1.0	-1.0	0	-1.0	-1.0	1.0	-1.0	-1.0	1.0										1.0			2.96										-1.0			1.84	-0.04	-0.04	1.0	-0.01	-0.01	0.56	3.24	1.0	0.0	0.0	17.67					1	0.0	0.0	-1.55	0.0	0.0	-0.3	-1.55	0.0	0.0	94.39					0.04	0.04	-1.08	0.01	0.01	-0.32	-1.08	0.0	0.0	63.4					0.04	0.04	0.58	0.01	0.01	0.07	0.58	0.0	0.0	80.41					-0.040000000000000036	-0.040000000000000036	0.7899999999999996	-0.01273885350318471	-0.012658396871923465	0.4050785861255115	0.7899999999999996	0.0009795821912204016	0.0009531061245842132	17.669611770492338				
2026-07-29 07:00:00	12000	3.28	3.12	3.18	3.2	BELL.MI	1.39	1.43	1.36	1.4	1.45	1.18	-1.0	1.0	1.0	1	-1.0	-1.0	1.0	-1.0	-1.0	1.0	3.28									1.0			2.96	1.43									-1.0			1.84	-0.02	-0.02	0.98	-0.01	-0.01	0.55	3.28	0.98	0.0	0.0	18.1					1	0.0	0.0	-1.55	0.0	0.0	-0.3	-1.55	0.0	0.0	94.39					0.02	0.02	-1.06	0.01	0.01	-0.31	-1.06	0.0	0.0	63.18					0.02	0.02	0.6	0.01	0.01	0.08	0.6	0.0	0.0	80.23					-0.020000000000000018	-0.020000000000000018	0.7699999999999996	-0.0062893081761006275	-0.006269613013595395	0.39629684496222684	0.7699999999999996	0.0009977470392777618	0.0009714403472811384	18.10141015537586				
2026-07-30 07:00:00	6500	3.18	3.1	3.18	3.1	BELL.MI	1.37	1.37	1.34	1.34	1.45	1.18	-1.0	1.0	1.0	1	-1.0	-1.0	1.0	-1.0	-1.0	1.0		3.1								1.0			2.96		1.34								-1.0			1.84	0.1	0.1	1.08	0.03	0.03	0.6	3.28	1.08	0.0	0.0	18.9					1	-0.1	-0.1	-1.65	-0.03	-0.03	-0.32	-1.65	0.0	0.0	80.09					-0.1	-0.1	-1.16	-0.03	-0.03	-0.34	-1.16	0.0	0.0	61.74					-0.1	-0.1	0.5	-0.03	-0.03	0.04	0.5	0.0	0.0	78.43					0.10000000000000009	0.10000000000000009	0.8699999999999997	0.03125	0.0317486983145803	0.4413386786706859	0.8699999999999997	0.0010568055207629563	0.0010301633151417189	18.903005036522686				
2026-08-03 07:00:00	21500	3.4	3.26	3.28	3.34	BELL.MI	1.39	1.45	1.39	1.42	1.45	1.18	-1.0	1.0	1.0	1	-1.0	-1.0	1.0	-1.0	-1.0	1.0										1.0			2.96										-1.0			1.84	-0.24	-0.24	0.84	-0.08	-0.07	0.49	3.4	0.84	0.0	0.0	10.1					1	0.24	0.24	-1.41	0.08	0.07	-0.27	-1.41	0.0	0.0	92.27					0.24	0.24	-0.92	0.08	0.07	-0.28	-0.92	0.0	0.0	64.95					0.24	0.24	0.74	0.08	0.07	0.12	0.74	0.0	0.0	81.11					-0.23999999999999977	-0.23999999999999977	0.6299999999999999	-0.07741935483870965	-0.07456869549750847	0.3377694322991396	0.6299999999999999	0.0006157022986428666	0.0005860536536406169	10.101214634579783				
2026-08-04 07:00:00	24000	3.44	3.34	3.4	3.44	BELL.MI	1.43	1.44	1.4	1.44	1.45	1.18	-1.0	1.0	1.0	1	-1.0	-1.0	1.0	-1.0	-1.0	1.0	3.44									1.0			2.96	1.44									-1.0			1.84	-0.1	-0.1	0.74	-0.03	-0.03	0.45	3.44	0.74	0.0	0.0	3.7					1	0.1	0.1	-1.31	0.03	0.03	-0.25	-1.31	0.0	0.0	95.94					0.1	0.1	-0.82	0.03	0.03	-0.26	-0.82	0.0	0.0	71.56					0.1	0.1	0.84	0.03	0.03	0.16	0.84	0.01	0.01	88.37					-0.10000000000000009	-0.10000000000000009	0.5299999999999998	-0.029940119760479167	-0.029500664396698056	0.2988807860113738	0.5299999999999998	0.00022653253399160245	0.00019621310326090047	3.7020316270146623				
2026-08-05 07:00:00	4500	3.46	3.34	3.46	3.34	BELL.MI	1.45	1.45	1.4	1.4	1.45	1.18	1.0	1.0	1.0	1	-1.0	-1.0	1.0	-1.0	-1.0	1.0		3.34								1.0			2.96		1.4								-1.0			1.84	0.1	0.1	0.84	0.03	0.03	0.49	3.46	0.84	0.0	0.0	11.88					1	-0.1	-0.1	-1.41	-0.03	-0.03	-0.27	-1.41	0.0	0.0	84.18					-0.1	-0.1	-0.92	-0.03	-0.03	-0.28	-0.92	0.0	0.0	62.93					-0.1	-0.1	0.74	-0.03	-0.03	0.12	0.74	0.0	0.0	78.79					0.10000000000000009	0.10000000000000009	0.6299999999999999	0.029069767441860517	0.02950066439669799	0.33776943229913936	0.6299999999999999	0.0007256848535698371	0.0006960782266003385	11.875349256092989				
2026-08-06 07:00:00	19500	3.72	3.42	3.42	3.48	BELL.MI	1.43	1.56	1.43	1.46	1.56	1.18	1.0	1.0	1.0	1	-1.0	-1.0	1.0	-1.0	-1.0	1.0										1.0			2.96										-1.0			1.84	0.14	0.14	0.98	0.04	0.04	0.55	3.72	0.98	0.0	0.0	21.12					1	0.14	0.14	-1.27	0.04	0.04	-0.24	-1.27	0.0	0.0	88.73					0.14	0.14	-0.78	0.04	0.04	-0.25	-0.78	0.0	0.0	62.86					0.14	0.14	0.88	0.04	0.04	0.17	0.88	0.0	0.0	78.72					-0.14000000000000012	-0.14000000000000012	0.48999999999999977	-0.041916167664670656	-0.04106148679777392	0.28395112180434645	0.48999999999999977	0.0007333128568849131	0.0007037799644518117	12.026635471201729				
2026-08-07 07:00:00	16000	3.78	3.42	3.42	3.64	BELL.MI	1.43	1.58	1.43	1.52	1.58	1.18	1.0	1.0	1.0	1	-1.0	-1.0	1.0	1.0	-1.0	-1.0										1.0			2.96										-1.0			1.84	0.16	0.16	1.14	0.05	0.04	0.62	3.78	1.14	0.0	0.0	22.52					1	0.16	0.16	-1.11	0.05	0.04	-0.2	-1.11	0.0	0.0	92.89					0.16	0.16	-0.62	0.05	0.04	-0.22	-0.62	0.0	0.0	70.89					0.16	0.16	1.04	0.05	0.04	0.22	1.04	0.01	0.01	87.51					-0.16000000000000014	-0.16000000000000014	0.3299999999999996	-0.04597701149425282	-0.04495138786226627	0.22751370985690267	0.3299999999999996	0.0002468553282937631	0.00021628750801805374	3.9979108543385635				
2026-08-10 07:00:00	28500	4.0	3.7	3.7	3.86	BELL.MI	1.55	1.68	1.55	1.62	1.68	1.18	1.0	1.0	1.0	1	1.0	-1.0	-1.0	1.0	-1.0	-1.0										1.0			2.96										-1.0			1.84	0.22	0.22	1.36	0.06	0.06	0.72	4.0	1.36	0.0	0.0	30.23					1	0.22	0.22	-0.89	0.06	0.06	-0.15	-0.89	0.0	0.0	97.35					0.22	0.22	-0.4	0.06	0.06	-0.17	-0.4	0.0	0.0	72.29					-0.22	-0.22	0.82	-0.06	-0.06	0.15	0.82	0.01	0.01	79.96					-0.21999999999999975	-0.21999999999999975	0.10999999999999988	-0.06043956043956045	-0.05868350182809021	0.15755178856972174	0.10999999999999988	8.342445679180525e-05	5.126298762303527e-05	1.2943480650289985				
2026-08-11 07:00:00	26000	4.1	3.74	3.78	4.08	BELL.MI	1.58	1.72	1.57	1.71	1.72	1.18	1.0	1.0	1.0	1	1.0	-1.0	-1.0	1.0	-1.0	-1.0										1.0			2.96										-1.0			1.84	0.22	0.22	1.58	0.06	0.06	0.82	4.1	1.58	0.0	0.0	32.08					1	0.22	0.22	-0.67	0.06	0.06	-0.11	-0.67	0.0	0.0	100.8					-0.22	-0.22	-0.62	-0.06	-0.06	-0.22	-0.62	0.0	0.0	67.2					-0.22	-0.22	0.6	-0.06	-0.06	0.09	0.6	0.0	0.0	68.02					-0.2200000000000002	-0.2200000000000002	-0.11000000000000032	-0.05699481865284972	-0.05542980493933082	0.09513478036253087	-0.11000000000000032	-0.00043380883463923397	-0.000467598361355237	-6.580693081824862				
2026-08-12 07:00:00	38500	4.26	3.92	4.02	4.24	BELL.MI	1.68	1.78	1.64	1.77	1.78	1.18	1.0	1.0	1.0	1	1.0	-1.0	-1.0	1.0	-1.0	-1.0										1.0			2.96										-1.0			1.84	0.16	0.16	1.74	0.04	0.04	0.89	4.26	1.74	0.0	0.0	37.71					1	0.16	0.16	-0.51	0.04	0.04	-0.07	-0.51	0.0	0.0	102.86					-0.16	-0.16	-0.78	-0.04	-0.04	-0.25	-0.78	0.0	0.0	59.14					-0.16	-0.16	0.44	-0.04	-0.04	0.05	0.44	0.0	0.0	64.66					-0.16000000000000014	-0.16000000000000014	-0.27000000000000046	-0.03921568627450989	-0.03846628082779614	0.053808939594133465	-0.27000000000000046	-0.0005327382171329271	-0.0005675160644497135	-7.8961285040904485				
2026-08-13 07:00:00	42500	4.4	4.06	4.36	4.16	BELL.MI	1.82	1.84	1.7	1.74	1.84	1.18	1.0	1.0	1.0	1	1.0	-1.0	-1.0	1.0	-1.0	-1.0	4.4		4.4		4.4					1.0			2.96	1.84				1.84					-1.0			1.84	-0.08	-0.08	1.66	-0.02	-0.02	0.85	4.4	1.66	0.0	0.0	33.58					1	-0.08	-0.08	-0.59	-0.02	-0.02	-0.09	-0.59	0.0	0.0	95.17					0.08	0.08	-0.7	0.02	0.02	-0.23	-0.7	0.0	0.0	59.79					0.08	0.08	0.52	0.02	0.02	0.07	0.52	0.0	0.0	65.27					0.08000000000000007	0.08000000000000007	-0.1900000000000004	0.018867924528301883	0.019048194970694474	0.07407449612478989	-0.1900000000000004	-0.00042035386680582985	-0.0004559152838878866	-6.050608179732642				
2026-08-14 07:00:00	9000	4.34	3.82	4.22	3.82	BELL.MI	1.77	1.82	1.6	1.6	1.84	1.18	1.0	1.0	1.0	1	1.0	-1.0	-1.0	1.0	-1.0	-1.0										1.0			2.96										-1.0			1.84	-0.34	-0.34	1.32	-0.08	-0.09	0.7	4.4	1.32	0.0	0.0	23.05					1	-0.34	-0.34	-0.93	-0.08	-0.09	-0.16	-0.93	0.0	0.0	75.46					0.34	0.34	-0.36	0.08	0.09	-0.16	-0.36	0.01	0.01	68.05					0.34	0.34	0.86	0.08	0.09	0.17	0.86	0.01	0.01	67.03					0.3400000000000003	0.3400000000000003	0.1499999999999999	0.08173076923076927	0.08526465165468815	0.16967274970657753	0.1499999999999999	-6.612914342265554e-05	-0.00010421693937801013	-0.8725121603517678				
2026-08-17 07:00:00	20500	4.0	3.72	3.82	4.0	BELL.MI	1.6	1.68	1.56	1.68	1.84	1.18	1.0	1.0	1.0	1	1.0	-1.0	-1.0	1.0	-1.0	-1.0		3.72							3.72	1.0			2.96		1.56							1.56	-1.0			1.84	0.18	0.18	1.5	0.05	0.05	0.78	4.4	1.5	0.0	0.0	25.33					1	0.18	0.18	-0.75	0.05	0.05	-0.12	-0.75	0.0	0.0	77.83					-0.18	-0.18	-0.54	-0.05	-0.05	-0.2	-0.54	0.0	0.0	59.87					-0.18	-0.18	0.68	-0.05	-0.05	0.11	0.68	0.0	0.0	58.95					-0.18000000000000016	-0.18000000000000016	-0.03000000000000025	-0.04712041884816753	-0.0460439385014068	0.11703747596978142	-0.03000000000000025	-0.0004367729482029946	-0.0004771543614803253	-5.52125750399496				
2026-08-18 07:00:00	500	4.0	4.0	4.0	4.0	BELL.MI	1.7	1.7	1.7	1.7	1.84	1.18	1.0	1.0	1.0	1	1.0	-1.0	-1.0	1.0	-1.0	-1.0	4.0									1.0			2.96										-1.0			1.84	0.0	0.0	1.5	0.0	0.0	0.78	4.4	1.5	0.0	0.0	28.9					1	0.0	0.0	-0.75	0.0	0.0	-0.12	-0.75	0.0	0.0	77.83					-0.0	-0.0	-0.54	-0.0	-0.0	-0.2	-0.54	0.0	0.0	59.35					-0.0	-0.0	0.68	-0.0	-0.0	0.11	0.68	0.0	0.0	63.41					-0.0	-0.0	-0.03000000000000025	-0.0	-0.0	0.11703747596978142	-0.03000000000000025	-0.000180766222001914	-0.00022007092407461126	-2.3233175054152184				
2026-08-19 07:00:00	500	4.0	4.0	4.0	3.92	BELL.MI	1.71	1.71	1.71	1.67	1.84	1.18	1.0	1.0	1.0	1	1.0	-1.0	-1.0	1.0	-1.0	-1.0										1.0			2.96										-1.0			1.84	-0.08	-0.08	1.42	-0.02	-0.02	0.75	4.4	1.42	0.0	0.0	25.17					1	-0.08	-0.08	-0.83	-0.02	-0.02	-0.14	-0.83	0.0	0.0	71.67					0.08	0.08	-0.46	0.02	0.02	-0.18	-0.46	0.0	0.0	59.93					0.08	0.08	0.76	0.02	0.02	0.14	0.76	0.01	0.01	63.96					0.08000000000000007	0.08000000000000007	0.04999999999999982	0.020000000000000018	0.020202707317519466	0.13983415915283826	0.04999999999999982	-6.157024882854929e-05	-0.00010175811199109042	-0.7697443135752735				
