date	volume	high	low	open	close	adj_close	ticker	ropen	rhigh	rlow	rclose	rhi_100	rlo_100	rbo_100	rtt_50	rtt_20	rtt_5020	rema_50100	rema_100150	rema_50100150	rsma_50100	rsma_100150	rsma_50100150	hi1	lo1	hi2	lo2	hi3	lo3	hi4	lo4	rg	flr	clg	rg_ch	rh1	rl1	rh2	rl2	rh3	rl3	rh4	rl4	rrt	rrg	rflr	rclg	rrg_ch	rbo_100_chg1D	rbo_100_chg1D_fx	rbo_100_PL_cum	rbo_100_returns	rbo_100_log_returns	rbo_100_cumul	stop_loss	rbo_100_PL_cum_fx	rbo_100_trading_edge	rbo_100_geometric_expectancy	rbo_100_kelly	rbo_100_constant	rbo_100_concave	rbo_100_convex	rbo_100_equal_weight	EUR	rtt_5020_chg1D	rtt_5020_chg1D_fx	rtt_5020_PL_cum	rtt_5020_returns	rtt_5020_log_returns	rtt_5020_cumul	rtt_5020_PL_cum_fx	rtt_5020_trading_edge	rtt_5020_geometric_expectancy	rtt_5020_kelly	rtt_5020_constant	rtt_5020_concave	rtt_5020_convex	rtt_5020_equal_weight	rema_50100150_chg1D	rema_50100150_chg1D_fx	rema_50100150_PL_cum	rema_50100150_returns	rema_50100150_log_returns	rema_50100150_cumul	rema_50100150_PL_cum_fx	rema_50100150_trading_edge	rema_50100150_geometric_expectancy	rema_50100150_kelly	rema_50100150_constant	rema_50100150_concave	rema_50100150_convex	rema_50100150_equal_weight	rsma_50100150_chg1D	rsma_50100150_chg1D_fx	rsma_50100150_PL_cum	rsma_50100150_returns	rsma_50100150_log_returns	rsma_50100150_cumul	rsma_50100150_PL_cum_fx	rsma_50100150_trading_edge	rsma_50100150_geometric_expectancy	rsma_50100150_kelly	rsma_50100150_constant	rsma_50100150_concave	rsma_50100150_convex	rsma_50100150_equal_weight	rrg_chg1D	rrg_chg1D_fx	rrg_PL_cum	rrg_returns	rrg_log_returns	rrg_cumul	rrg_PL_cum_fx	rrg_trading_edge	rrg_geometric_expectancy	rrg_kelly	rrg_constant	rrg_concave	rrg_convex	rrg_equal_weight
2019-08-01 07:00:00	322000	1.5	1.46	1.47	1.49	1.33	CFV.MI	1.47	1.5	1.46	1.49			0.0			0			0.0			0.0										1.46												0.0	1.46														100000.0	100000.0	100000.0	100000.0	1											100000.0	100000.0	100000.0	100000.0											100000.0	100000.0	100000.0	100000.0											100000.0	100000.0	100000.0	100000.0											100000.0	100000.0	100000.0	100000.0
2019-08-02 07:00:00	35000	1.5	1.49	1.49	1.5	1.34	CFV.MI	1.53	1.54	1.53	1.54			0.0			0			0.0			0.0																						0.0				0.0	0.0	0.0	0.0	0.0	0.0		0.0								1	0.0	0.0	0.0	0.0	0.0	0.0	0.0								0.0	0.0	0.0	0.0	0.0	0.0	0.0								0.0	0.0	0.0	0.0	0.0	0.0	0.0								0.0	0.0	0.0	0.0	0.0	0.0	0.0							
2019-08-05 07:00:00	193000	1.63	1.5	1.5	1.6	1.43	CFV.MI	1.56	1.69	1.56	1.66			0.0			0			0.0			0.0																						0.0				0.0	0.0	0.0	0.0	0.0	0.0		0.0								1	0.0	0.0	0.0	0.0	0.0	0.0	0.0								0.0	0.0	0.0	0.0	0.0	0.0	0.0								0.0	0.0	0.0	0.0	0.0	0.0	0.0								0.0	0.0	0.0	0.0	0.0	0.0	0.0							
2019-08-06 07:00:00	169000	1.86	1.62	1.62	1.86	1.66	CFV.MI	1.69	1.94	1.69	1.94			0.0			0			0.0			0.0																						0.0				0.0	0.0	0.0	0.0	0.0	0.0		0.0								1	0.0	0.0	0.0	0.0	0.0	0.0	0.0								0.0	0.0	0.0	0.0	0.0	0.0	0.0								0.0	0.0	0.0	0.0	0.0	0.0	0.0								0.0	0.0	0.0	0.0	0.0	0.0	0.0							
2019-08-07 07:00:00	470000	2.03	1.82	1.9	1.86	1.66	CFV.MI	2.0	2.13	1.91	1.95			0.0			0			0.0			0.0	2.03												2.13									0.0				0.0	0.0	0.0	0.0	0.0	0.0		0.0								1	0.0	0.0	0.0	0.0	0.0	0.0	0.0								0.0	0.0	0.0	0.0	0.0	0.0	0.0								0.0	0.0	0.0	0.0	0.0	0.0	0.0								0.0	0.0	0.0	0.0	0.0	0.0	0.0							
2019-08-08 07:00:00	113000	1.9	1.76	1.88	1.82	1.62	CFV.MI	1.95	1.97	1.82	1.88			0.0			0			0.0			0.0		1.76												1.82								0.0				-0.0	-0.0	0.0	-0.0	-0.0	0.0		0.0								1	-0.0	-0.0	0.0	-0.0	-0.0	0.0	0.0								-0.0	-0.0	0.0	-0.0	-0.0	0.0	0.0								-0.0	-0.0	0.0	-0.0	-0.0	0.0	0.0								-0.0	-0.0	0.0	-0.0	-0.0	0.0	0.0							
2019-08-09 07:00:00	69000	1.9	1.74	1.79	1.87	1.66	CFV.MI	1.9	2.02	1.85	1.98			0.0			0			0.0			0.0																						0.0				0.0	0.0	0.0	0.0	0.0	0.0		0.0								1	0.0	0.0	0.0	0.0	0.0	0.0	0.0								0.0	0.0	0.0	0.0	0.0	0.0	0.0								0.0	0.0	0.0	0.0	0.0	0.0	0.0								0.0	0.0	0.0	0.0	0.0	0.0	0.0							
2019-08-12 07:00:00	134000	2.0	1.9	2.0	1.97	1.75	CFV.MI	2.13	2.13	2.02	2.1			0.0			0			0.0			0.0																						0.0				0.0	0.0	0.0	0.0	0.0	0.0		0.0								1	0.0	0.0	0.0	0.0	0.0	0.0	0.0								0.0	0.0	0.0	0.0	0.0	0.0	0.0								0.0	0.0	0.0	0.0	0.0	0.0	0.0								0.0	0.0	0.0	0.0	0.0	0.0	0.0							
2019-08-13 07:00:00	464000	2.29	1.99	1.99	2.14	1.91	CFV.MI	2.09	2.4	2.09	2.25			0.0			0			0.0			0.0																						0.0				0.0	0.0	0.0	0.0	0.0	0.0		0.0								1	0.0	0.0	0.0	0.0	0.0	0.0	0.0								0.0	0.0	0.0	0.0	0.0	0.0	0.0								0.0	0.0	0.0	0.0	0.0	0.0	0.0								0.0	0.0	0.0	0.0	0.0	0.0	0.0							
2019-08-14 07:00:00	315000	2.5	2.22	2.23	2.5	2.23	CFV.MI	2.4	2.69	2.39	2.69			0.0			0			0.0			0.0																						0.0				0.0	0.0	0.0	0.0	0.0	0.0		0.0								1	0.0	0.0	0.0	0.0	0.0	0.0	0.0								0.0	0.0	0.0	0.0	0.0	0.0	0.0								0.0	0.0	0.0	0.0	0.0	0.0	0.0								0.0	0.0	0.0	0.0	0.0	0.0	0.0							
2019-08-16 07:00:00	261000	2.96	2.53	2.54	2.96	2.64	CFV.MI	2.7	3.14	2.68	3.14			0.0			0			0.0			0.0																						0.0				0.0	0.0	0.0	0.0	0.0	0.0		0.0								1	0.0	0.0	0.0	0.0	0.0	0.0	0.0								0.0	0.0	0.0	0.0	0.0	0.0	0.0								0.0	0.0	0.0	0.0	0.0	0.0	0.0								0.0	0.0	0.0	0.0	0.0	0.0	0.0							
2019-08-19 07:00:00	203000	3.63	3.2	3.2	3.63	3.23	CFV.MI	3.33	3.78	3.33	3.78			0.0			0			0.0			0.0																						0.0				0.0	0.0	0.0	0.0	0.0	0.0		0.0								1	0.0	0.0	0.0	0.0	0.0	0.0	0.0								0.0	0.0	0.0	0.0	0.0	0.0	0.0								0.0	0.0	0.0	0.0	0.0	0.0	0.0								0.0	0.0	0.0	0.0	0.0	0.0	0.0							
2019-08-20 07:00:00	633000	4.3	3.24	4.3	4.22	3.76	CFV.MI	4.53	4.53	3.41	4.44			0.0			0			0.0			0.0																						0.0				0.0	0.0	0.0	0.0	0.0	0.0		0.0								1	0.0	0.0	0.0	0.0	0.0	0.0	0.0								0.0	0.0	0.0	0.0	0.0	0.0	0.0								0.0	0.0	0.0	0.0	0.0	0.0	0.0								0.0	0.0	0.0	0.0	0.0	0.0	0.0							
2019-08-21 07:00:00	681000	5.22	4.3	4.35	5.22	4.65	CFV.MI	4.5	5.4	4.45	5.4			0.0			0			0.0			0.0																						0.0				0.0	0.0	0.0	0.0	0.0	0.0		0.0								1	0.0	0.0	0.0	0.0	0.0	0.0	0.0								0.0	0.0	0.0	0.0	0.0	0.0	0.0								0.0	0.0	0.0	0.0	0.0	0.0	0.0								0.0	0.0	0.0	0.0	0.0	0.0	0.0							
2019-08-22 07:00:00	669000	6.08	4.5	5.5	4.5	4.01	CFV.MI	5.7	6.3	4.66	4.66			0.0			0			0.0			0.0	6.08		6.08								6.08		6.3		6.3							0.0		6.3		-0.0	-0.0	0.0	-0.0	-0.0	0.0		0.0								1	-0.0	-0.0	0.0	-0.0	-0.0	0.0	0.0								-0.0	-0.0	0.0	-0.0	-0.0	0.0	0.0								-0.0	-0.0	0.0	-0.0	-0.0	0.0	0.0								-0.0	-0.0	0.0	-0.0	-0.0	0.0	0.0							
2019-08-23 07:00:00	598000	4.47	3.6	4.22	4.0	3.56	CFV.MI	4.45	4.71	3.79	4.21			0.0			0			0.0			0.0		3.6												3.79								0.0				-0.0	-0.0	0.0	-0.0	-0.0	0.0		0.0								1	-0.0	-0.0	0.0	-0.0	-0.0	0.0	0.0								-0.0	-0.0	0.0	-0.0	-0.0	0.0	0.0								-0.0	-0.0	0.0	-0.0	-0.0	0.0	0.0								-0.0	-0.0	0.0	-0.0	-0.0	0.0	0.0							
2019-08-26 07:00:00	489000	4.86	4.13	4.13	4.5	4.01	CFV.MI	4.31	5.07	4.31	4.69			0.0			0			0.0			0.0	4.86												5.07									0.0				0.0	0.0	0.0	0.0	0.0	0.0		0.0								1	0.0	0.0	0.0	0.0	0.0	0.0	0.0								0.0	0.0	0.0	0.0	0.0	0.0	0.0								0.0	0.0	0.0	0.0	0.0	0.0	0.0								0.0	0.0	0.0	0.0	0.0	0.0	0.0							
2019-08-27 07:00:00	592000	4.83	4.06	4.73	4.43	3.95	CFV.MI	4.86	4.96	4.17	4.55			0.0			0			0.0			0.0																						0.0				-0.0	-0.0	0.0	-0.0	-0.0	0.0		0.0								1	-0.0	-0.0	0.0	-0.0	-0.0	0.0	0.0								-0.0	-0.0	0.0	-0.0	-0.0	0.0	0.0								-0.0	-0.0	0.0	-0.0	-0.0	0.0	0.0								-0.0	-0.0	0.0	-0.0	-0.0	0.0	0.0							
2019-08-28 07:00:00	302000	4.45	4.12	4.45	4.19	3.73	CFV.MI	4.57	4.57	4.23	4.3			0.0			0			0.0			0.0																						0.0				-0.0	-0.0	0.0	-0.0	-0.0	0.0		0.0								1	-0.0	-0.0	0.0	-0.0	-0.0	0.0	0.0								-0.0	-0.0	0.0	-0.0	-0.0	0.0	0.0								-0.0	-0.0	0.0	-0.0	-0.0	0.0	0.0								-0.0	-0.0	0.0	-0.0	-0.0	0.0	0.0							
2019-08-29 07:00:00	356000	4.29	3.83	4.25	4.03	3.59	CFV.MI	4.28	4.32	3.86	4.06			0.0			0			0.0			0.0																						0.0				-0.0	-0.0	0.0	-0.0	-0.0	0.0		0.0								1	-0.0	-0.0	0.0	-0.0	-0.0	0.0	0.0								-0.0	-0.0	0.0	-0.0	-0.0	0.0	0.0								-0.0	-0.0	0.0	-0.0	-0.0	0.0	0.0								-0.0	-0.0	0.0	-0.0	-0.0	0.0	0.0							
2019-08-30 07:00:00	212000	4.2	3.8	3.96	4.08	3.64	CFV.MI	4.01	4.25	3.84	4.13			0.0			0			0.0			0.0																						0.0				0.0	0.0	0.0	0.0	0.0	0.0		0.0								1	0.0	0.0	0.0	0.0	0.0	0.0	0.0								0.0	0.0	0.0	0.0	0.0	0.0	0.0								0.0	0.0	0.0	0.0	0.0	0.0	0.0								0.0	0.0	0.0	0.0	0.0	0.0	0.0							
2019-09-02 07:00:00	116000	4.18	3.85	4.1	3.92	3.49	CFV.MI	4.12	4.2	3.87	3.94			0.0			0			0.0			0.0		3.85												3.87								0.0				-0.0	-0.0	0.0	-0.0	-0.0	0.0		0.0								1	-0.0	-0.0	0.0	-0.0	-0.0	0.0	0.0								-0.0	-0.0	0.0	-0.0	-0.0	0.0	0.0								-0.0	-0.0	0.0	-0.0	-0.0	0.0	0.0								-0.0	-0.0	0.0	-0.0	-0.0	0.0	0.0							
2019-09-03 07:00:00	227000	4.22	3.81	3.96	4.22	3.76	CFV.MI	3.99	4.25	3.84	4.25			0.0			0			0.0			0.0													4.25									0.0				0.0	0.0	0.0	0.0	0.0	0.0		0.0								1	0.0	0.0	0.0	0.0	0.0	0.0	0.0								0.0	0.0	0.0	0.0	0.0	0.0	0.0								0.0	0.0	0.0	0.0	0.0	0.0	0.0								0.0	0.0	0.0	0.0	0.0	0.0	0.0							
2019-09-04 07:00:00	275000	4.34	3.97	4.31	4.06	3.62	CFV.MI	4.28	4.31	3.94	4.03			0.0			0			0.0			0.0	4.34																					0.0				-0.0	-0.0	0.0	-0.0	-0.0	0.0		0.0								1	-0.0	-0.0	0.0	-0.0	-0.0	0.0	0.0								-0.0	-0.0	0.0	-0.0	-0.0	0.0	0.0								-0.0	-0.0	0.0	-0.0	-0.0	0.0	0.0								-0.0	-0.0	0.0	-0.0	-0.0	0.0	0.0							
2019-09-05 07:00:00	145000	4.13	3.97	4.06	4.0	3.56	CFV.MI	3.99	4.06	3.9	3.93			0.0			0			0.0			0.0																						0.0				-0.0	-0.0	0.0	-0.0	-0.0	0.0		0.0								1	-0.0	-0.0	0.0	-0.0	-0.0	0.0	0.0								-0.0	-0.0	0.0	-0.0	-0.0	0.0	0.0								-0.0	-0.0	0.0	-0.0	-0.0	0.0	0.0								-0.0	-0.0	0.0	-0.0	-0.0	0.0	0.0							
2019-09-06 07:00:00	25000	4.05	4.0	4.0	4.01	3.57	CFV.MI	3.93	3.98	3.93	3.94			0.0			0			0.0			0.0																						0.0				0.0	0.0	0.0	0.0	0.0	0.0		0.0								1	0.0	0.0	0.0	0.0	0.0	0.0	0.0								0.0	0.0	0.0	0.0	0.0	0.0	0.0								0.0	0.0	0.0	0.0	0.0	0.0	0.0								0.0	0.0	0.0	0.0	0.0	0.0	0.0							
2019-09-09 07:00:00	30000	3.99	3.89	3.93	3.91	3.48	CFV.MI	3.85	3.91	3.82	3.83			0.0			0			0.0			0.0		3.89												3.82								0.0				-0.0	-0.0	0.0	-0.0	-0.0	0.0		0.0								1	-0.0	-0.0	0.0	-0.0	-0.0	0.0	0.0								-0.0	-0.0	0.0	-0.0	-0.0	0.0	0.0								-0.0	-0.0	0.0	-0.0	-0.0	0.0	0.0								-0.0	-0.0	0.0	-0.0	-0.0	0.0	0.0							
2019-09-10 07:00:00	87000	4.06	3.89	3.92	4.02	3.58	CFV.MI	3.87	4.0	3.84	3.96			0.0			0			0.0			0.0																						0.0				0.0	0.0	0.0	0.0	0.0	0.0		0.0								1	0.0	0.0	0.0	0.0	0.0	0.0	0.0								0.0	0.0	0.0	0.0	0.0	0.0	0.0								0.0	0.0	0.0	0.0	0.0	0.0	0.0								0.0	0.0	0.0	0.0	0.0	0.0	0.0							
2019-09-11 07:00:00	95000	4.14	4.0	4.03	4.04	3.6	CFV.MI	3.97	4.08	3.94	3.98			0.0			0			0.0			0.0	4.14												4.08									0.0				0.0	0.0	0.0	0.0	0.0	0.0		0.0								1	0.0	0.0	0.0	0.0	0.0	0.0	0.0								0.0	0.0	0.0	0.0	0.0	0.0	0.0								0.0	0.0	0.0	0.0	0.0	0.0	0.0								0.0	0.0	0.0	0.0	0.0	0.0	0.0							
2019-09-12 07:00:00	49000	4.03	3.91	4.02	3.98	3.55	CFV.MI	3.93	3.94	3.82	3.89			0.0			0			0.0			0.0																						0.0				-0.0	-0.0	0.0	-0.0	-0.0	0.0		0.0								1	-0.0	-0.0	0.0	-0.0	-0.0	0.0	0.0								-0.0	-0.0	0.0	-0.0	-0.0	0.0	0.0								-0.0	-0.0	0.0	-0.0	-0.0	0.0	0.0								-0.0	-0.0	0.0	-0.0	-0.0	0.0	0.0							
2019-09-13 07:00:00	39000	3.97	3.9	3.96	3.94	3.52	CFV.MI	3.85	3.86	3.79	3.83			0.0			0			0.0			0.0																						0.0				-0.0	-0.0	0.0	-0.0	-0.0	0.0		0.0								1	-0.0	-0.0	0.0	-0.0	-0.0	0.0	0.0								-0.0	-0.0	0.0	-0.0	-0.0	0.0	0.0								-0.0	-0.0	0.0	-0.0	-0.0	0.0	0.0								-0.0	-0.0	0.0	-0.0	-0.0	0.0	0.0							
2019-09-16 07:00:00	38000	3.92	3.86	3.89	3.89	3.47	CFV.MI	3.82	3.85	3.79	3.82			0.0			0			0.0			0.0		3.86												3.79								0.0				-0.0	-0.0	0.0	-0.0	-0.0	0.0		0.0								1	-0.0	-0.0	0.0	-0.0	-0.0	0.0	0.0								-0.0	-0.0	0.0	-0.0	-0.0	0.0	0.0								-0.0	-0.0	0.0	-0.0	-0.0	0.0	0.0								-0.0	-0.0	0.0	-0.0	-0.0	0.0	0.0							
2019-09-17 07:00:00	27000	3.97	3.89	3.97	3.92	3.49	CFV.MI	3.93	3.93	3.85	3.88			0.0			0			0.0			0.0	3.97												3.93									0.0				0.0	0.0	0.0	0.0	0.0	0.0		0.0								1	0.0	0.0	0.0	0.0	0.0	0.0	0.0								0.0	0.0	0.0	0.0	0.0	0.0	0.0								0.0	0.0	0.0	0.0	0.0	0.0	0.0								0.0	0.0	0.0	0.0	0.0	0.0	0.0							
2019-09-18 07:00:00	28000	3.95	3.88	3.92	3.92	3.49	CFV.MI	3.85	3.88	3.81	3.85			0.0			0			0.0			0.0																						0.0				0.0	0.0	0.0	0.0	0.0	0.0		0.0								1	0.0	0.0	0.0	0.0	0.0	0.0	0.0								0.0	0.0	0.0	0.0	0.0	0.0	0.0								0.0	0.0	0.0	0.0	0.0	0.0	0.0								0.0	0.0	0.0	0.0	0.0	0.0	0.0							
2019-09-19 07:00:00	60000	3.97	3.86	3.95	3.9	3.48	CFV.MI	3.85	3.87	3.76	3.8			0.0		-1.0	0			0.0			0.0																						0.0				-0.0	-0.0	0.0	-0.0	-0.0	0.0		0.0								1	-0.0	-0.0	0.0	-0.0	-0.0	0.0	0.0								-0.0	-0.0	0.0	-0.0	-0.0	0.0	0.0								-0.0	-0.0	0.0	-0.0	-0.0	0.0	0.0								-0.0	-0.0	0.0	-0.0	-0.0	0.0	0.0							
2019-09-20 07:00:00	48000	3.9	3.86	3.9	3.9	3.48	CFV.MI	3.8	3.8	3.76	3.8			0.0		-1.0	0			0.0			0.0																						0.0				0.0	0.0	0.0	0.0	0.0	0.0		0.0								1	0.0	0.0	0.0	0.0	0.0	0.0	0.0								0.0	0.0	0.0	0.0	0.0	0.0	0.0								0.0	0.0	0.0	0.0	0.0	0.0	0.0								0.0	0.0	0.0	0.0	0.0	0.0	0.0							
2019-09-23 07:00:00	41000	3.88	3.71	3.88	3.75	3.34	CFV.MI	3.82	3.82	3.65	3.69			0.0		-1.0	0			0.0			0.0		3.71												3.65								0.0				-0.0	-0.0	0.0	-0.0	-0.0	0.0		0.0								1	-0.0	-0.0	0.0	-0.0	-0.0	0.0	0.0								-0.0	-0.0	0.0	-0.0	-0.0	0.0	0.0								-0.0	-0.0	0.0	-0.0	-0.0	0.0	0.0								-0.0	-0.0	0.0	-0.0	-0.0	0.0	0.0							
2019-09-24 07:00:00	64000	3.85	3.75	3.79	3.76	3.35	CFV.MI	3.73	3.79	3.69	3.7			0.0		-1.0	0			0.0			0.0	3.85												3.79									0.0				0.0	0.0	0.0	0.0	0.0	0.0		0.0								1	0.0	0.0	0.0	0.0	0.0	0.0	0.0								0.0	0.0	0.0	0.0	0.0	0.0	0.0								0.0	0.0	0.0	0.0	0.0	0.0	0.0								0.0	0.0	0.0	0.0	0.0	0.0	0.0							
2019-09-25 07:00:00	66000	3.76	3.54	3.76	3.63	3.23	CFV.MI	3.72	3.72	3.5	3.59			0.0		-1.0	0			0.0			0.0																						0.0				-0.0	-0.0	0.0	-0.0	-0.0	0.0		0.0								1	-0.0	-0.0	0.0	-0.0	-0.0	0.0	0.0								-0.0	-0.0	0.0	-0.0	-0.0	0.0	0.0								-0.0	-0.0	0.0	-0.0	-0.0	0.0	0.0								-0.0	-0.0	0.0	-0.0	-0.0	0.0	0.0							
2019-09-26 07:00:00	317000	3.64	3.21	3.63	3.36	2.99	CFV.MI	3.57	3.58	3.15	3.3			0.0		-1.0	0			0.0			0.0																						0.0				-0.0	-0.0	0.0	-0.0	-0.0	0.0		0.0								1	-0.0	-0.0	0.0	-0.0	-0.0	0.0	0.0								-0.0	-0.0	0.0	-0.0	-0.0	0.0	0.0								-0.0	-0.0	0.0	-0.0	-0.0	0.0	0.0								-0.0	-0.0	0.0	-0.0	-0.0	0.0	0.0							
2019-09-27 07:00:00	113000	3.36	3.07	3.3	3.18	2.83	CFV.MI	3.24	3.3	3.02	3.12			0.0		-1.0	0			0.0			0.0																						0.0				-0.0	-0.0	0.0	-0.0	-0.0	0.0		0.0								1	-0.0	-0.0	0.0	-0.0	-0.0	0.0	0.0								-0.0	-0.0	0.0	-0.0	-0.0	0.0	0.0								-0.0	-0.0	0.0	-0.0	-0.0	0.0	0.0								-0.0	-0.0	0.0	-0.0	-0.0	0.0	0.0							
2019-09-30 07:00:00	68000	3.19	2.97	3.19	2.99	2.67	CFV.MI	3.11	3.11	2.9	2.92			0.0		-1.0	0			0.0			0.0																						0.0				-0.0	-0.0	0.0	-0.0	-0.0	0.0		0.0								1	-0.0	-0.0	0.0	-0.0	-0.0	0.0	0.0								-0.0	-0.0	0.0	-0.0	-0.0	0.0	0.0								-0.0	-0.0	0.0	-0.0	-0.0	0.0	0.0								-0.0	-0.0	0.0	-0.0	-0.0	0.0	0.0							
2019-10-01 07:00:00	226000	2.99	2.66	2.95	2.68	2.39	CFV.MI	2.9	2.94	2.62	2.64			0.0		-1.0	0			0.0			0.0		2.66		2.66										2.62		2.62						0.0	2.62			-0.0	-0.0	0.0	-0.0	-0.0	0.0		0.0								1	-0.0	-0.0	0.0	-0.0	-0.0	0.0	0.0								-0.0	-0.0	0.0	-0.0	-0.0	0.0	0.0								-0.0	-0.0	0.0	-0.0	-0.0	0.0	0.0								-0.0	-0.0	0.0	-0.0	-0.0	0.0	0.0							
2019-10-02 07:00:00	262000	3.41	2.62	2.66	3.41	3.04	CFV.MI	2.69	3.45	2.65	3.45			0.0		-1.0	0			0.0			0.0										2.62												0.0				0.0	0.0	0.0	0.0	0.0	0.0		0.0								1	0.0	0.0	0.0	0.0	0.0	0.0	0.0								0.0	0.0	0.0	0.0	0.0	0.0	0.0								0.0	0.0	0.0	0.0	0.0	0.0	0.0								0.0	0.0	0.0	0.0	0.0	0.0	0.0							
2019-10-03 07:00:00	492000	3.85	3.28	3.55	3.4	3.03	CFV.MI	3.59	3.9	3.32	3.44			0.0		-1.0	0			0.0			0.0	3.85												3.9		3.9							0.0				-0.0	-0.0	0.0	-0.0	-0.0	0.0		0.0								1	-0.0	-0.0	0.0	-0.0	-0.0	0.0	0.0								-0.0	-0.0	0.0	-0.0	-0.0	0.0	0.0								-0.0	-0.0	0.0	-0.0	-0.0	0.0	0.0								-0.0	-0.0	0.0	-0.0	-0.0	0.0	0.0							
2019-10-04 07:00:00	132000	3.47	3.17	3.47	3.18	2.84	CFV.MI	3.49	3.49	3.18	3.19			0.0		-1.0	0			0.0			0.0																						0.0				-0.0	-0.0	0.0	-0.0	-0.0	0.0		0.0								1	-0.0	-0.0	0.0	-0.0	-0.0	0.0	0.0								-0.0	-0.0	0.0	-0.0	-0.0	0.0	0.0								-0.0	-0.0	0.0	-0.0	-0.0	0.0	0.0								-0.0	-0.0	0.0	-0.0	-0.0	0.0	0.0							
2019-10-07 07:00:00	52000	3.33	3.14	3.18	3.24	2.89	CFV.MI	3.17	3.32	3.13	3.23			0.0		-1.0	0			0.0			0.0																						0.0				0.0	0.0	0.0	0.0	0.0	0.0		0.0								1	0.0	0.0	0.0	0.0	0.0	0.0	0.0								0.0	0.0	0.0	0.0	0.0	0.0	0.0								0.0	0.0	0.0	0.0	0.0	0.0	0.0								0.0	0.0	0.0	0.0	0.0	0.0	0.0							
2019-10-08 07:00:00	52000	3.16	3.07	3.16	3.12	2.78	CFV.MI	3.18	3.18	3.09	3.14			0.0		-1.0	0			0.0			0.0		3.07																				0.0				-0.0	-0.0	0.0	-0.0	-0.0	0.0		0.0								1	-0.0	-0.0	0.0	-0.0	-0.0	0.0	0.0								-0.0	-0.0	0.0	-0.0	-0.0	0.0	0.0								-0.0	-0.0	0.0	-0.0	-0.0	0.0	0.0								-0.0	-0.0	0.0	-0.0	-0.0	0.0	0.0							
2019-10-09 07:00:00	29000	3.19	3.08	3.08	3.14	2.8	CFV.MI	3.08	3.19	3.08	3.14			0.0		-1.0	0			0.0			0.0																						0.0				0.0	0.0	0.0	0.0	0.0	0.0		0.0								1	0.0	0.0	0.0	0.0	0.0	0.0	0.0								0.0	0.0	0.0	0.0	0.0	0.0	0.0								0.0	0.0	0.0	0.0	0.0	0.0	0.0								0.0	0.0	0.0	0.0	0.0	0.0	0.0							
2019-10-10 07:00:00	28000	3.23	3.11	3.23	3.17	2.83	CFV.MI	3.2	3.2	3.08	3.14			0.0		-1.0	0			0.0			0.0	3.23																					0.0				0.0	0.0	0.0	0.0	0.0	0.0		0.0								1	0.0	0.0	0.0	0.0	0.0	0.0	0.0								0.0	0.0	0.0	0.0	0.0	0.0	0.0								0.0	0.0	0.0	0.0	0.0	0.0	0.0								0.0	0.0	0.0	0.0	0.0	0.0	0.0							
2019-10-11 07:00:00	24000	3.18	3.11	3.14	3.12	2.78	CFV.MI	3.06	3.09	3.03	3.04			0.0		-1.0	0			0.0			0.0		3.11												3.03								0.0				-0.0	-0.0	0.0	-0.0	-0.0	0.0		0.0								1	-0.0	-0.0	0.0	-0.0	-0.0	0.0	0.0								-0.0	-0.0	0.0	-0.0	-0.0	0.0	0.0								-0.0	-0.0	0.0	-0.0	-0.0	0.0	0.0								-0.0	-0.0	0.0	-0.0	-0.0	0.0	0.0							
2019-10-14 07:00:00	253000	3.6	3.09	3.09	3.3	2.94	CFV.MI	3.02	3.51	3.02	3.22			0.0		-1.0	0			0.0			0.0													3.51									0.0				0.0	0.0	0.0	0.0	0.0	0.0		0.0								1	0.0	0.0	0.0	0.0	0.0	0.0	0.0								0.0	0.0	0.0	0.0	0.0	0.0	0.0								0.0	0.0	0.0	0.0	0.0	0.0	0.0								0.0	0.0	0.0	0.0	0.0	0.0	0.0							
2019-10-15 07:00:00	60000	3.47	3.25	3.47	3.31	2.95	CFV.MI	3.35	3.35	3.13	3.19			0.0		-1.0	0			0.0			0.0	3.47																					0.0				0.0	0.0	0.0	0.0	0.0	0.0		0.0								1	0.0	0.0	0.0	0.0	0.0	0.0	0.0								0.0	0.0	0.0	0.0	0.0	0.0	0.0								0.0	0.0	0.0	0.0	0.0	0.0	0.0								0.0	0.0	0.0	0.0	0.0	0.0	0.0							
2019-10-16 07:00:00	73000	3.3	3.14	3.25	3.21	2.86	CFV.MI	3.13	3.17	3.02	3.09			0.0		-1.0	0			0.0			0.0		3.14												3.02								0.0				-0.0	-0.0	0.0	-0.0	-0.0	0.0		0.0								1	-0.0	-0.0	0.0	-0.0	-0.0	0.0	0.0								-0.0	-0.0	0.0	-0.0	-0.0	0.0	0.0								-0.0	-0.0	0.0	-0.0	-0.0	0.0	0.0								-0.0	-0.0	0.0	-0.0	-0.0	0.0	0.0							
2019-10-17 07:00:00	179000	3.5	3.3	3.3	3.32	2.96	CFV.MI	3.18	3.37	3.18	3.2			0.0		-1.0	0			0.0			0.0	3.5		3.5										3.37									0.0				0.0	0.0	0.0	0.0	0.0	0.0		0.0								1	0.0	0.0	0.0	0.0	0.0	0.0	0.0								0.0	0.0	0.0	0.0	0.0	0.0	0.0								0.0	0.0	0.0	0.0	0.0	0.0	0.0								0.0	0.0	0.0	0.0	0.0	0.0	0.0							
2019-10-18 07:00:00	52000	3.41	3.25	3.36	3.26	2.9	CFV.MI	3.25	3.29	3.14	3.15			0.0		-1.0	0			0.0			0.0																						0.0				-0.0	-0.0	0.0	-0.0	-0.0	0.0		0.0								1	-0.0	-0.0	0.0	-0.0	-0.0	0.0	0.0								-0.0	-0.0	0.0	-0.0	-0.0	0.0	0.0								-0.0	-0.0	0.0	-0.0	-0.0	0.0	0.0								-0.0	-0.0	0.0	-0.0	-0.0	0.0	0.0							
2019-10-21 07:00:00	74000	3.32	3.12	3.32	3.2	2.85	CFV.MI	3.19	3.19	2.99	3.07			0.0		-1.0	0			0.0			0.0																						0.0				-0.0	-0.0	0.0	-0.0	-0.0	0.0		0.0								1	-0.0	-0.0	0.0	-0.0	-0.0	0.0	0.0								-0.0	-0.0	0.0	-0.0	-0.0	0.0	0.0								-0.0	-0.0	0.0	-0.0	-0.0	0.0	0.0								-0.0	-0.0	0.0	-0.0	-0.0	0.0	0.0							
2019-10-22 07:00:00	31000	3.27	3.13	3.24	3.18	2.83	CFV.MI	3.11	3.14	3.0	3.05			0.0		-1.0	0			0.0			0.0		3.13		3.13										3.0		3.0						0.0				-0.0	-0.0	0.0	-0.0	-0.0	0.0		0.0								1	-0.0	-0.0	0.0	-0.0	-0.0	0.0	0.0								-0.0	-0.0	0.0	-0.0	-0.0	0.0	0.0								-0.0	-0.0	0.0	-0.0	-0.0	0.0	0.0								-0.0	-0.0	0.0	-0.0	-0.0	0.0	0.0							
2019-10-23 07:00:00	46000	3.3	3.21	3.23	3.25	2.9	CFV.MI	3.12	3.18	3.1	3.14			0.0		-1.0	0			0.0			0.0													3.18									0.0				0.0	0.0	0.0	0.0	0.0	0.0		0.0								1	0.0	0.0	0.0	0.0	0.0	0.0	0.0								0.0	0.0	0.0	0.0	0.0	0.0	0.0								0.0	0.0	0.0	0.0	0.0	0.0	0.0								0.0	0.0	0.0	0.0	0.0	0.0	0.0							
2019-10-24 07:00:00	55000	3.34	3.18	3.2	3.27	2.91	CFV.MI	3.06	3.2	3.04	3.13			0.0		-1.0	0			0.0			0.0	3.34																					0.0				0.0	0.0	0.0	0.0	0.0	0.0		0.0								1	0.0	0.0	0.0	0.0	0.0	0.0	0.0								0.0	0.0	0.0	0.0	0.0	0.0	0.0								0.0	0.0	0.0	0.0	0.0	0.0	0.0								0.0	0.0	0.0	0.0	0.0	0.0	0.0							
2019-10-25 07:00:00	11000	3.27	3.2	3.27	3.21	2.86	CFV.MI	3.12	3.12	3.05	3.06			0.0		-1.0	0			0.0			0.0		3.2												3.05								0.0				-0.0	-0.0	0.0	-0.0	-0.0	0.0		0.0								1	-0.0	-0.0	0.0	-0.0	-0.0	0.0	0.0								-0.0	-0.0	0.0	-0.0	-0.0	0.0	0.0								-0.0	-0.0	0.0	-0.0	-0.0	0.0	0.0								-0.0	-0.0	0.0	-0.0	-0.0	0.0	0.0							
2019-10-28 08:00:00	14000	3.28	3.2	3.2	3.25	2.9	CFV.MI	3.04	3.12	3.04	3.09			0.0		-1.0	0			0.0			0.0																						0.0				0.0	0.0	0.0	0.0	0.0	0.0		0.0								1	0.0	0.0	0.0	0.0	0.0	0.0	0.0								0.0	0.0	0.0	0.0	0.0	0.0	0.0								0.0	0.0	0.0	0.0	0.0	0.0	0.0								0.0	0.0	0.0	0.0	0.0	0.0	0.0							
2019-10-29 08:00:00	61000	3.39	3.21	3.21	3.24	2.89	CFV.MI	3.05	3.22	3.05	3.08			0.0		-1.0	0			0.0			0.0	3.39		3.39										3.22		3.22							0.0				-0.0	-0.0	0.0	-0.0	-0.0	0.0		0.0								1	-0.0	-0.0	0.0	-0.0	-0.0	0.0	0.0								-0.0	-0.0	0.0	-0.0	-0.0	0.0	0.0								-0.0	-0.0	0.0	-0.0	-0.0	0.0	0.0								-0.0	-0.0	0.0	-0.0	-0.0	0.0	0.0							
2019-10-30 08:00:00	17000	3.23	3.21	3.21	3.22	2.87	CFV.MI	3.06	3.08	3.06	3.07			0.0		-1.0	0			0.0			0.0		3.21																				0.0				-0.0	-0.0	0.0	-0.0	-0.0	0.0		0.0								1	-0.0	-0.0	0.0	-0.0	-0.0	0.0	0.0								-0.0	-0.0	0.0	-0.0	-0.0	0.0	0.0								-0.0	-0.0	0.0	-0.0	-0.0	0.0	0.0								-0.0	-0.0	0.0	-0.0	-0.0	0.0	0.0							
2019-10-31 08:00:00	15000	3.28	3.18	3.2	3.22	2.87	CFV.MI	3.04	3.12	3.02	3.06			0.0		-1.0	0			0.0			0.0	3.28																					0.0				0.0	0.0	0.0	0.0	0.0	0.0		0.0								1	0.0	0.0	0.0	0.0	0.0	0.0	0.0								0.0	0.0	0.0	0.0	0.0	0.0	0.0								0.0	0.0	0.0	0.0	0.0	0.0	0.0								0.0	0.0	0.0	0.0	0.0	0.0	0.0							
2019-11-01 08:00:00	1000	3.22	3.22	3.22	3.22	2.87	CFV.MI	3.03	3.03	3.03	3.03			0.0		-1.0	0			0.0			0.0		3.22																				0.0				0.0	0.0	0.0	0.0	0.0	0.0		0.0								1	0.0	0.0	0.0	0.0	0.0	0.0	0.0								0.0	0.0	0.0	0.0	0.0	0.0	0.0								0.0	0.0	0.0	0.0	0.0	0.0	0.0								0.0	0.0	0.0	0.0	0.0	0.0	0.0							
2019-11-04 08:00:00	24000	3.28	3.18	3.2	3.23	2.88	CFV.MI	2.96	3.03	2.94	2.99			0.0		-1.0	0			0.0			0.0																						0.0				0.0	0.0	0.0	0.0	0.0	0.0		0.0								1	0.0	0.0	0.0	0.0	0.0	0.0	0.0								0.0	0.0	0.0	0.0	0.0	0.0	0.0								0.0	0.0	0.0	0.0	0.0	0.0	0.0								0.0	0.0	0.0	0.0	0.0	0.0	0.0							
2019-11-05 08:00:00	9000	3.25	3.2	3.23	3.23	2.88	CFV.MI	2.98	3.0	2.95	2.98			0.0		-1.0	0			0.0			0.0	3.25																					0.0				0.0	0.0	0.0	0.0	0.0	0.0		0.0								1	0.0	0.0	0.0	0.0	0.0	0.0	0.0								0.0	0.0	0.0	0.0	0.0	0.0	0.0								0.0	0.0	0.0	0.0	0.0	0.0	0.0								0.0	0.0	0.0	0.0	0.0	0.0	0.0							
2019-11-06 08:00:00	21000	3.27	3.19	3.24	3.24	2.89	CFV.MI	2.99	3.02	2.94	2.99			0.0		-1.0	0			0.0			0.0																						0.0				0.0	0.0	0.0	0.0	0.0	0.0		0.0								1	0.0	0.0	0.0	0.0	0.0	0.0	0.0								0.0	0.0	0.0	0.0	0.0	0.0	0.0								0.0	0.0	0.0	0.0	0.0	0.0	0.0								0.0	0.0	0.0	0.0	0.0	0.0	0.0							
2019-11-07 08:00:00	15000	3.24	3.17	3.24	3.18	2.84	CFV.MI	2.97	2.97	2.91	2.92			0.0		-1.0	0			0.0			0.0																						0.0				-0.0	-0.0	0.0	-0.0	-0.0	0.0		0.0								1	-0.0	-0.0	0.0	-0.0	-0.0	0.0	0.0								-0.0	-0.0	0.0	-0.0	-0.0	0.0	0.0								-0.0	-0.0	0.0	-0.0	-0.0	0.0	0.0								-0.0	-0.0	0.0	-0.0	-0.0	0.0	0.0							
2019-11-08 08:00:00	7000	3.22	3.17	3.17	3.18	2.83	CFV.MI	2.91	2.95	2.91	2.91			0.0		-1.0	0			0.0			0.0		3.17												2.91								0.0				0.0	0.0	0.0	0.0	0.0	0.0		0.0								1	0.0	0.0	0.0	0.0	0.0	0.0	0.0								0.0	0.0	0.0	0.0	0.0	0.0	0.0								0.0	0.0	0.0	0.0	0.0	0.0	0.0								0.0	0.0	0.0	0.0	0.0	0.0	0.0							
2019-11-11 08:00:00	14000	3.28	3.17	3.23	3.28	2.92	CFV.MI	2.97	3.01	2.91	3.01			0.0		-1.0	0			0.0			0.0	3.28												3.01									0.0				0.0	0.0	0.0	0.0	0.0	0.0		0.0								1	0.0	0.0	0.0	0.0	0.0	0.0	0.0								0.0	0.0	0.0	0.0	0.0	0.0	0.0								0.0	0.0	0.0	0.0	0.0	0.0	0.0								0.0	0.0	0.0	0.0	0.0	0.0	0.0							
2019-11-12 08:00:00	3000	3.26	3.2	3.21	3.26	2.9	CFV.MI	2.91	2.96	2.9	2.96			0.0		-1.0	0			0.0			0.0																						0.0				-0.0	-0.0	0.0	-0.0	-0.0	0.0		0.0								1	-0.0	-0.0	0.0	-0.0	-0.0	0.0	0.0								-0.0	-0.0	0.0	-0.0	-0.0	0.0	0.0								-0.0	-0.0	0.0	-0.0	-0.0	0.0	0.0								-0.0	-0.0	0.0	-0.0	-0.0	0.0	0.0							
2019-11-13 08:00:00	10000	3.21	3.18	3.21	3.18	2.84	CFV.MI	2.94	2.94	2.91	2.91			0.0		-1.0	0			0.0			0.0																						0.0				-0.0	-0.0	0.0	-0.0	-0.0	0.0		0.0								1	-0.0	-0.0	0.0	-0.0	-0.0	0.0	0.0								-0.0	-0.0	0.0	-0.0	-0.0	0.0	0.0								-0.0	-0.0	0.0	-0.0	-0.0	0.0	0.0								-0.0	-0.0	0.0	-0.0	-0.0	0.0	0.0							
2019-11-14 08:00:00	2000	3.18	3.18	3.18	3.18	2.83	CFV.MI	2.92	2.92	2.92	2.92			0.0		-1.0	0			0.0			0.0																						0.0				0.0	0.0	0.0	0.0	0.0	0.0		0.0								1	0.0	0.0	0.0	0.0	0.0	0.0	0.0								0.0	0.0	0.0	0.0	0.0	0.0	0.0								0.0	0.0	0.0	0.0	0.0	0.0	0.0								0.0	0.0	0.0	0.0	0.0	0.0	0.0							
2019-11-15 08:00:00	18000	3.2	3.1	3.17	3.17	2.83	CFV.MI	2.9	2.93	2.83	2.9			0.0		-1.0	0			0.0			0.0																						0.0			2.83	-0.0	-0.0	0.0	-0.0	-0.0	0.0		0.0								1	-0.0	-0.0	0.0	-0.0	-0.0	0.0	0.0								-0.0	-0.0	0.0	-0.0	-0.0	0.0	0.0								-0.0	-0.0	0.0	-0.0	-0.0	0.0	0.0								-0.0	-0.0	0.0	-0.0	-0.0	0.0	0.0							
2019-11-18 08:00:00	13000	3.17	3.12	3.17	3.16	2.82	CFV.MI	2.91	2.91	2.87	2.9			0.0		-1.0	0			0.0			0.0														2.87		2.87		2.87				0.0			2.87	-0.0	-0.0	0.0	-0.0	-0.0	0.0		0.0								1	-0.0	-0.0	0.0	-0.0	-0.0	0.0	0.0								-0.0	-0.0	0.0	-0.0	-0.0	0.0	0.0								-0.0	-0.0	0.0	-0.0	-0.0	0.0	0.0								-0.0	-0.0	0.0	-0.0	-0.0	0.0	0.0							
2019-11-19 08:00:00	6000	3.16	3.12	3.16	3.12	2.78	CFV.MI	2.92	2.92	2.88	2.88			0.0		-1.0	0			0.0			0.0		3.12										3.12										0.0			2.83	-0.0	-0.0	0.0	-0.0	-0.0	0.0		0.0								1	-0.0	-0.0	0.0	-0.0	-0.0	0.0	0.0								-0.0	-0.0	0.0	-0.0	-0.0	0.0	0.0								-0.0	-0.0	0.0	-0.0	-0.0	0.0	0.0								-0.0	-0.0	0.0	-0.0	-0.0	0.0	0.0							
2019-11-20 08:00:00	24000	3.28	3.1	3.1	3.23	2.88	CFV.MI	2.86	3.03	2.86	2.98			0.0		-1.0	0			0.0			0.0												3.12										0.0			2.83	0.0	0.0	0.0	0.0	0.0	0.0		0.0								1	0.0	0.0	0.0	0.0	0.0	0.0	0.0								0.0	0.0	0.0	0.0	0.0	0.0	0.0								0.0	0.0	0.0	0.0	0.0	0.0	0.0								0.0	0.0	0.0	0.0	0.0	0.0	0.0							
2019-11-21 08:00:00	20000	3.3	3.14	3.28	3.2	2.85	CFV.MI	3.04	3.06	2.91	2.96			0.0		-1.0	0			0.0			0.0	3.3			3.14								3.12	3.06									0.0			2.83	-0.0	-0.0	0.0	-0.0	-0.0	0.0		0.0								1	-0.0	-0.0	0.0	-0.0	-0.0	0.0	0.0								-0.0	-0.0	0.0	-0.0	-0.0	0.0	0.0								-0.0	-0.0	0.0	-0.0	-0.0	0.0	0.0								-0.0	-0.0	0.0	-0.0	-0.0	0.0	0.0							
2019-11-22 08:00:00	7000	3.17	3.12	3.13	3.13	2.79	CFV.MI	2.9	2.94	2.89	2.9			0.0		-1.0	0			0.0			0.0		3.12										3.12		2.89								0.0			2.83	-0.0	-0.0	0.0	-0.0	-0.0	0.0		0.0								1	-0.0	-0.0	0.0	-0.0	-0.0	0.0	0.0								-0.0	-0.0	0.0	-0.0	-0.0	0.0	0.0								-0.0	-0.0	0.0	-0.0	-0.0	0.0	0.0								-0.0	-0.0	0.0	-0.0	-0.0	0.0	0.0							
2019-11-25 08:00:00	61000	3.43	3.19	3.19	3.25	2.9	CFV.MI	2.93	3.15	2.93	2.99			0.0		-1.0	0			0.0			0.0	3.43		3.43									3.12	3.15									0.0			2.83	0.0	0.0	0.0	0.0	0.0	0.0		0.0								1	0.0	0.0	0.0	0.0	0.0	0.0	0.0								0.0	0.0	0.0	0.0	0.0	0.0	0.0								0.0	0.0	0.0	0.0	0.0	0.0	0.0								0.0	0.0	0.0	0.0	0.0	0.0	0.0							
2019-11-26 08:00:00	12000	3.33	3.24	3.29	3.24	2.89	CFV.MI	3.01	3.05	2.97	2.97			0.0		-1.0	0			0.0			0.0												3.12										0.0			2.83	-0.0	-0.0	0.0	-0.0	-0.0	0.0		0.0								1	-0.0	-0.0	0.0	-0.0	-0.0	0.0	0.0								-0.0	-0.0	0.0	-0.0	-0.0	0.0	0.0								-0.0	-0.0	0.0	-0.0	-0.0	0.0	0.0								-0.0	-0.0	0.0	-0.0	-0.0	0.0	0.0							
2019-11-27 08:00:00	8000	3.27	3.18	3.27	3.18	2.84	CFV.MI	3.0	3.0	2.92	2.92			0.0		-1.0	0			0.0			0.0		3.18										3.12		2.92								0.0			2.83	-0.0	-0.0	0.0	-0.0	-0.0	0.0		0.0								1	-0.0	-0.0	0.0	-0.0	-0.0	0.0	0.0								-0.0	-0.0	0.0	-0.0	-0.0	0.0	0.0								-0.0	-0.0	0.0	-0.0	-0.0	0.0	0.0								-0.0	-0.0	0.0	-0.0	-0.0	0.0	0.0							
2019-11-28 08:00:00	8000	3.24	3.16	3.22	3.24	2.89	CFV.MI	2.98	2.99	2.92	2.99			0.0		-1.0	0			0.0			0.0												3.12										0.0			2.83	0.0	0.0	0.0	0.0	0.0	0.0		0.0								1	0.0	0.0	0.0	0.0	0.0	0.0	0.0								0.0	0.0	0.0	0.0	0.0	0.0	0.0								0.0	0.0	0.0	0.0	0.0	0.0	0.0								0.0	0.0	0.0	0.0	0.0	0.0	0.0							
2019-11-29 08:00:00	20000	3.3	3.19	3.2	3.2	2.85	CFV.MI	2.97	3.06	2.96	2.97			0.0		-1.0	0			0.0			0.0												3.12										0.0			2.83	-0.0	-0.0	0.0	-0.0	-0.0	0.0		0.0								1	-0.0	-0.0	0.0	-0.0	-0.0	0.0	0.0								-0.0	-0.0	0.0	-0.0	-0.0	0.0	0.0								-0.0	-0.0	0.0	-0.0	-0.0	0.0	0.0								-0.0	-0.0	0.0	-0.0	-0.0	0.0	0.0							
2019-12-02 08:00:00	49000	3.35	3.16	3.19	3.2	2.85	CFV.MI	3.03	3.18	3.0	3.04			0.0		1.0	0			0.0			0.0	3.35											3.12	3.18		3.18							0.0			2.83	0.0	0.0	0.0	0.0	0.0	0.0		0.0								1	0.0	0.0	0.0	0.0	0.0	0.0	0.0								0.0	0.0	0.0	0.0	0.0	0.0	0.0								0.0	0.0	0.0	0.0	0.0	0.0	0.0								0.0	0.0	0.0	0.0	0.0	0.0	0.0							
2019-12-03 08:00:00	20000	3.26	3.16	3.17	3.26	2.9	CFV.MI	3.01	3.09	3.0	3.09			0.0		1.0	0			0.0			0.0		3.16		3.16								3.12		3.0								0.0			2.83	0.0	0.0	0.0	0.0	0.0	0.0		0.0								1	0.0	0.0	0.0	0.0	0.0	0.0	0.0								0.0	0.0	0.0	0.0	0.0	0.0	0.0								0.0	0.0	0.0	0.0	0.0	0.0	0.0								0.0	0.0	0.0	0.0	0.0	0.0	0.0							
2019-12-04 08:00:00	39000	3.32	3.19	3.21	3.3	2.94	CFV.MI	3.01	3.11	2.99	3.09			0.0		1.0	0			0.0			0.0	3.32											3.12										0.0			2.83	0.0	0.0	0.0	0.0	0.0	0.0		0.0								1	0.0	0.0	0.0	0.0	0.0	0.0	0.0								0.0	0.0	0.0	0.0	0.0	0.0	0.0								0.0	0.0	0.0	0.0	0.0	0.0	0.0								0.0	0.0	0.0	0.0	0.0	0.0	0.0							
2019-12-05 08:00:00	16000	3.32	3.24	3.3	3.25	2.9	CFV.MI	3.1	3.12	3.04	3.05			0.0		1.0	0			0.0			0.0												3.12	3.12									0.0			2.83	-0.0	-0.0	0.0	-0.0	-0.0	0.0		0.0								1	-0.0	-0.0	0.0	-0.0	-0.0	0.0	0.0								-0.0	-0.0	0.0	-0.0	-0.0	0.0	0.0								-0.0	-0.0	0.0	-0.0	-0.0	0.0	0.0								-0.0	-0.0	0.0	-0.0	-0.0	0.0	0.0							
2019-12-06 08:00:00	8000	3.29	3.22	3.29	3.28	2.92	CFV.MI	3.06	3.06	3.0	3.05			0.0		1.0	0			0.0			0.0		3.22										3.12		3.0								0.0			2.83	0.0	0.0	0.0	0.0	0.0	0.0		0.0								1	0.0	0.0	0.0	0.0	0.0	0.0	0.0								0.0	0.0	0.0	0.0	0.0	0.0	0.0								0.0	0.0	0.0	0.0	0.0	0.0	0.0								0.0	0.0	0.0	0.0	0.0	0.0	0.0							
2019-12-09 08:00:00	20000	3.3	3.22	3.28	3.3	2.94	CFV.MI	3.08	3.1	3.03	3.1			0.0		1.0	0			0.0			0.0	3.3											3.12	3.1									0.0			2.83	0.0	0.0	0.0	0.0	0.0	0.0		0.0								1	0.0	0.0	0.0	0.0	0.0	0.0	0.0								0.0	0.0	0.0	0.0	0.0	0.0	0.0								0.0	0.0	0.0	0.0	0.0	0.0	0.0								0.0	0.0	0.0	0.0	0.0	0.0	0.0							
2019-12-10 08:00:00	27000	3.26	3.19	3.25	3.24	2.89	CFV.MI	3.03	3.04	2.98	3.02			0.0		1.0	0			0.0			0.0												3.12										0.0			2.83	-0.0	-0.0	0.0	-0.0	-0.0	0.0		0.0								1	-0.0	-0.0	0.0	-0.0	-0.0	0.0	0.0								-0.0	-0.0	0.0	-0.0	-0.0	0.0	0.0								-0.0	-0.0	0.0	-0.0	-0.0	0.0	0.0								-0.0	-0.0	0.0	-0.0	-0.0	0.0	0.0							
2019-12-11 08:00:00	11000	3.24	3.19	3.2	3.24	2.89	CFV.MI	2.98	3.02	2.97	3.02			0.0		1.0	0			0.0			0.0												3.12										0.0			2.83	0.0	0.0	0.0	0.0	0.0	0.0		0.0								1	0.0	0.0	0.0	0.0	0.0	0.0	0.0								0.0	0.0	0.0	0.0	0.0	0.0	0.0								0.0	0.0	0.0	0.0	0.0	0.0	0.0								0.0	0.0	0.0	0.0	0.0	0.0	0.0							
2019-12-12 08:00:00	9000	3.2	3.19	3.2	3.2	2.85	CFV.MI	2.95	2.95	2.94	2.95			0.0		1.0	0			0.0			0.0		3.19										3.12		2.94								0.0			2.83	-0.0	-0.0	0.0	-0.0	-0.0	0.0		0.0								1	-0.0	-0.0	0.0	-0.0	-0.0	0.0	0.0								-0.0	-0.0	0.0	-0.0	-0.0	0.0	0.0								-0.0	-0.0	0.0	-0.0	-0.0	0.0	0.0								-0.0	-0.0	0.0	-0.0	-0.0	0.0	0.0							
2019-12-13 08:00:00	14000	3.3	3.22	3.23	3.3	2.94	CFV.MI	2.99	3.05	2.98	3.05			0.0		1.0	0			0.0			0.0	3.3											3.12	3.05									0.0			2.83	0.0	0.0	0.0	0.0	0.0	0.0		0.0								1	0.0	0.0	0.0	0.0	0.0	0.0	0.0								0.0	0.0	0.0	0.0	0.0	0.0	0.0								0.0	0.0	0.0	0.0	0.0	0.0	0.0								0.0	0.0	0.0	0.0	0.0	0.0	0.0							
2019-12-16 08:00:00	4000	3.35	3.23	3.32	3.23	2.88	CFV.MI	3.04	3.07	2.96	2.96			0.0		1.0	0			0.0			0.0												3.12										0.0			2.83	-0.0	-0.0	0.0	-0.0	-0.0	0.0		0.0								1	-0.0	-0.0	0.0	-0.0	-0.0	0.0	0.0								-0.0	-0.0	0.0	-0.0	-0.0	0.0	0.0								-0.0	-0.0	0.0	-0.0	-0.0	0.0	0.0								-0.0	-0.0	0.0	-0.0	-0.0	0.0	0.0							
2019-12-17 08:00:00	3000	3.28	3.22	3.28	3.28	2.92	CFV.MI	2.99	2.99	2.94	2.99			0.0		1.0	0			0.0			0.0		3.22										3.12		2.94								0.0			2.83	0.0	0.0	0.0	0.0	0.0	0.0		0.0								1	0.0	0.0	0.0	0.0	0.0	0.0	0.0								0.0	0.0	0.0	0.0	0.0	0.0	0.0								0.0	0.0	0.0	0.0	0.0	0.0	0.0								0.0	0.0	0.0	0.0	0.0	0.0	0.0							
2019-12-18 08:00:00	5000	3.3	3.25	3.3	3.3	2.94	CFV.MI	3.01	3.01	2.97	3.01			0.0		1.0	0			0.0			0.0												3.12	3.01									0.0			2.83	0.0	0.0	0.0	0.0	0.0	0.0		0.0								1	0.0	0.0	0.0	0.0	0.0	0.0	0.0								0.0	0.0	0.0	0.0	0.0	0.0	0.0								0.0	0.0	0.0	0.0	0.0	0.0	0.0								0.0	0.0	0.0	0.0	0.0	0.0	0.0							
2019-12-19 08:00:00	8000	3.3	3.23	3.23	3.3	2.94	CFV.MI	2.94	3.0	2.94	3.0	6.3	1.46	0.0		1.0	0	-1.0		0.0	-1.0		0.0												3.12										0.0			2.83	0.0	0.0	0.0	0.0	0.0	0.0		0.0	0.0	0.0						1	0.0	0.0	0.0	0.0	0.0	0.0	0.0	0.0	0.0						0.0	0.0	0.0	0.0	0.0	0.0	0.0	0.0	0.0						0.0	0.0	0.0	0.0	0.0	0.0	0.0	0.0	0.0						0.0	0.0	0.0	0.0	0.0	0.0	0.0	0.0	0.0					
2019-12-20 08:00:00	5000	3.3	3.26	3.26	3.3	2.94	CFV.MI	2.93	2.96	2.93	2.96	6.3	1.53	0.0		1.0	0	-1.0		0.0	-1.0		0.0	3.3											3.12		2.93		2.93						0.0			2.83	0.0	0.0	0.0	0.0	0.0	0.0		0.0	0.0	0.0						1	0.0	0.0	0.0	0.0	0.0	0.0	0.0	0.0	0.0						0.0	0.0	0.0	0.0	0.0	0.0	0.0	0.0	0.0						0.0	0.0	0.0	0.0	0.0	0.0	0.0	0.0	0.0						0.0	0.0	0.0	0.0	0.0	0.0	0.0	0.0	0.0					
2019-12-23 08:00:00	8000	3.3	3.22	3.29	3.3	2.94	CFV.MI	2.97	2.98	2.91	2.98	6.3	1.56	0.0		-1.0	0	-1.0		0.0	-1.0		0.0		3.22										3.12										0.0			2.83	0.0	0.0	0.0	0.0	0.0	0.0		0.0	0.0	0.0						1	0.0	0.0	0.0	0.0	0.0	0.0	0.0	0.0	0.0						0.0	0.0	0.0	0.0	0.0	0.0	0.0	0.0	0.0						0.0	0.0	0.0	0.0	0.0	0.0	0.0	0.0	0.0						0.0	0.0	0.0	0.0	0.0	0.0	0.0	0.0	0.0					
2019-12-27 08:00:00	9000	3.32	3.24	3.3	3.3	2.94	CFV.MI	3.0	3.01	2.94	3.0	6.3	1.69	0.0		-1.0	0	-1.0		0.0	-1.0		0.0	3.32											3.12										0.0			2.83	0.0	0.0	0.0	0.0	0.0	0.0		0.0	0.0	0.0						1	0.0	0.0	0.0	0.0	0.0	0.0	0.0	0.0	0.0						0.0	0.0	0.0	0.0	0.0	0.0	0.0	0.0	0.0						0.0	0.0	0.0	0.0	0.0	0.0	0.0	0.0	0.0						0.0	0.0	0.0	0.0	0.0	0.0	0.0	0.0	0.0					
2019-12-30 08:00:00	13000	3.3	3.25	3.25	3.3	2.94	CFV.MI	2.98	3.03	2.98	3.03	6.3	1.82	0.0		-1.0	0	-1.0		0.0	-1.0		0.0		3.25										3.12										0.0			2.83	0.0	0.0	0.0	0.0	0.0	0.0		0.0	0.0	0.0						1	0.0	0.0	0.0	0.0	0.0	0.0	0.0	0.0	0.0						0.0	0.0	0.0	0.0	0.0	0.0	0.0	0.0	0.0						0.0	0.0	0.0	0.0	0.0	0.0	0.0	0.0	0.0						0.0	0.0	0.0	0.0	0.0	0.0	0.0	0.0	0.0					
2020-01-02 08:00:00	52000	3.48	3.32	3.34	3.42	3.05	CFV.MI	3.02	3.15	3.0	3.09	6.3	1.82	0.0		-1.0	1	-1.0		0.0	-1.0		0.0												3.12										0.0			2.83	0.0	0.0	0.0	0.0	0.0	0.0		0.0	0.0	0.0						1	0.0	0.0	0.0	0.0	0.0	0.0	0.0	0.0	0.0						0.0	0.0	0.0	0.0	0.0	0.0	0.0	0.0	0.0						0.0	0.0	0.0	0.0	0.0	0.0	0.0	0.0	0.0						0.0	0.0	0.0	0.0	0.0	0.0	0.0	0.0	0.0					
2020-01-03 08:00:00	164000	4.0	3.49	3.49	4.0	3.56	CFV.MI	3.18	3.64	3.18	3.64	6.3	1.85	0.0	1.0	1.0	1	-1.0		0.0	-1.0		0.0												3.12										0.0			2.83	0.0	0.0	0.0	0.0	0.0	0.0		0.0	0.0	0.0						1	0.58	0.58	0.58	0.17	0.16	0.17	0.58	0.0	0.0	inf					0.0	0.0	0.0	0.0	0.0	0.0	0.0	0.0	0.0						0.0	0.0	0.0	0.0	0.0	0.0	0.0	0.0	0.0						0.0	0.0	0.0	0.0	0.0	0.0	0.0	0.0	0.0					
2020-01-06 08:00:00	137000	5.02	4.59	4.98	5.02	4.47	CFV.MI	4.55	4.59	4.2	4.59	6.3	2.02	0.0	1.0	1.0	1	-1.0		0.0	-1.0		0.0	5.02											3.12	4.59									0.0			2.83	0.0	0.0	0.0	0.0	0.0	0.0		0.0	0.0	0.0						1	1.02	1.02	1.6	0.25	0.23	0.47	1.6	0.0	0.0	inf					0.0	0.0	0.0	0.0	0.0	0.0	0.0	0.0	0.0						0.0	0.0	0.0	0.0	0.0	0.0	0.0	0.0	0.0						0.0	0.0	0.0	0.0	0.0	0.0	0.0	0.0	0.0					
2020-01-07 08:00:00	596000	5.0	4.4	4.85	4.53	4.04	CFV.MI	4.41	4.55	4.0	4.12	6.3	2.09	0.0	1.0	1.0	1	-1.0		0.0	-1.0		0.0		4.4										3.12		4.0								0.0			2.83	-0.0	-0.0	0.0	-0.0	-0.0	0.0		0.0	-0.0	0.0						1	-0.49	-0.49	1.11	-0.1	-0.1	0.32	1.11	0.0	0.0	961.29					-0.0	-0.0	0.0	-0.0	-0.0	0.0	0.0	-0.0	0.0						-0.0	-0.0	0.0	-0.0	-0.0	0.0	0.0	-0.0	0.0						-0.0	-0.0	0.0	-0.0	-0.0	0.0	0.0	-0.0	0.0					
2020-01-08 08:00:00	568000	5.08	4.57	4.86	4.7	4.19	CFV.MI	4.4	4.6	4.14	4.25	6.3	2.39	0.0	1.0	1.0	1	1.0		0.0	-1.0		0.0	5.08		5.08									3.12	4.6		4.6							0.0			2.83	0.0	0.0	0.0	0.0	0.0	0.0		0.0	0.0	0.0						1	0.17	0.17	1.28	0.04	0.04	0.37	1.28	0.0	0.0	961.52					0.0	0.0	0.0	0.0	0.0	0.0	0.0	0.0	0.0						0.0	0.0	0.0	0.0	0.0	0.0	0.0	0.0	0.0						0.0	0.0	0.0	0.0	0.0	0.0	0.0	0.0	0.0					
2020-01-09 08:00:00	247000	4.59	4.33	4.57	4.38	3.9	CFV.MI	4.1	4.12	3.89	3.93	6.3	2.62	0.0	1.0	1.0	1	1.0		0.0	-1.0		0.0												3.12										0.0			2.83	-0.0	-0.0	0.0	-0.0	-0.0	0.0		0.0	-0.0	0.0						1	-0.32	-0.32	0.96	-0.07	-0.07	0.28	0.96	0.0	0.0	560.99					-0.0	-0.0	0.0	-0.0	-0.0	0.0	0.0	-0.0	0.0						-0.0	-0.0	0.0	-0.0	-0.0	0.0	0.0	-0.0	0.0						-0.0	-0.0	0.0	-0.0	-0.0	0.0	0.0	-0.0	0.0					
2020-01-10 08:00:00	202000	4.35	4.1	4.35	4.16	3.71	CFV.MI	3.91	3.91	3.68	3.74	6.3	2.62	0.0	1.0	1.0	1	1.0		0.0	-1.0		0.0												3.12										0.0			2.83	-0.0	-0.0	0.0	-0.0	-0.0	0.0		0.0	-0.0	0.0						1	-0.22	-0.22	0.74	-0.05	-0.05	0.22	0.74	0.0	0.0	424.45					-0.0	-0.0	0.0	-0.0	-0.0	0.0	0.0	-0.0	0.0						-0.0	-0.0	0.0	-0.0	-0.0	0.0	0.0	-0.0	0.0						-0.0	-0.0	0.0	-0.0	-0.0	0.0	0.0	-0.0	0.0					
2020-01-13 08:00:00	87000	4.14	4.03	4.08	4.03	3.59	CFV.MI	3.68	3.74	3.64	3.64	6.3	2.62	0.0	1.0	1.0	1	1.0		0.0	-1.0		0.0		4.03		4.03								3.12		3.64		3.64						0.0			2.83	-0.0	-0.0	0.0	-0.0	-0.0	0.0		0.0	-0.0	0.0						1	-0.13	-0.13	0.61	-0.03	-0.03	0.18	0.61	0.0	0.0	364.75					-0.0	-0.0	0.0	-0.0	-0.0	0.0	0.0	-0.0	0.0						-0.0	-0.0	0.0	-0.0	-0.0	0.0	0.0	-0.0	0.0						-0.0	-0.0	0.0	-0.0	-0.0	0.0	0.0	-0.0	0.0					
2020-01-14 08:00:00	318000	4.39	3.95	4.01	4.18	3.72	CFV.MI	3.61	3.96	3.56	3.77	6.3	2.62	0.0	1.0	1.0	1	1.0		0.0	-1.0		0.0												3.12										0.0			2.83	0.0	0.0	0.0	0.0	0.0	0.0		0.0	0.0	0.0						1	0.15	0.15	0.76	0.04	0.04	0.22	0.76	0.0	0.0	365.51					0.0	0.0	0.0	0.0	0.0	0.0	0.0	0.0	0.0						0.0	0.0	0.0	0.0	0.0	0.0	0.0	0.0	0.0						0.0	0.0	0.0	0.0	0.0	0.0	0.0	0.0	0.0					
2020-01-15 08:00:00	88000	4.32	4.21	4.24	4.31	3.84	CFV.MI	3.85	3.92	3.82	3.91	6.3	2.62	0.0	1.0	1.0	1	1.0		0.0	-1.0		0.0												3.12										0.0			2.83	0.0	0.0	0.0	0.0	0.0	0.0		0.0	0.0	0.0						1	0.13	0.13	0.89	0.03	0.03	0.26	0.89	0.0	0.0	366.06					0.0	0.0	0.0	0.0	0.0	0.0	0.0	0.0	0.0						0.0	0.0	0.0	0.0	0.0	0.0	0.0	0.0	0.0						0.0	0.0	0.0	0.0	0.0	0.0	0.0	0.0	0.0					
2020-01-16 08:00:00	371000	4.8	4.22	4.38	4.55	4.05	CFV.MI	3.95	4.32	3.8	4.1	5.07	2.62	0.0	1.0	1.0	1	1.0		0.0	-1.0		0.0	4.8											3.12	4.32									0.0			2.83	0.0	0.0	0.0	0.0	0.0	0.0		0.0	0.0	0.0						1	0.24	0.24	1.13	0.06	0.05	0.33	1.13	0.01	0.01	366.88					0.0	0.0	0.0	0.0	0.0	0.0	0.0	0.0	0.0						0.0	0.0	0.0	0.0	0.0	0.0	0.0	0.0	0.0						0.0	0.0	0.0	0.0	0.0	0.0	0.0	0.0	0.0					
2020-01-17 08:00:00	152000	4.66	4.4	4.66	4.47	3.98	CFV.MI	4.16	4.16	3.93	3.99	5.07	2.62	0.0	1.0	1.0	1	1.0		0.0	-1.0		0.0												3.12										0.0			2.83	-0.0	-0.0	0.0	-0.0	-0.0	0.0		0.0	-0.0	0.0						1	-0.08	-0.08	1.05	-0.02	-0.02	0.31	1.05	0.01	0.01	337.18					-0.0	-0.0	0.0	-0.0	-0.0	0.0	0.0	-0.0	0.0						-0.0	-0.0	0.0	-0.0	-0.0	0.0	0.0	-0.0	0.0						-0.0	-0.0	0.0	-0.0	-0.0	0.0	0.0	-0.0	0.0					
2020-01-20 08:00:00	82000	4.55	4.37	4.45	4.41	3.93	CFV.MI	4.0	4.09	3.93	3.96	4.96	2.62	0.0	1.0	1.0	1	1.0		0.0	-1.0		0.0												3.12										0.0			2.83	-0.0	-0.0	0.0	-0.0	-0.0	0.0		0.0	-0.0	0.0						1	-0.06	-0.06	0.99	-0.01	-0.01	0.29	0.99	0.0	0.0	315.59					-0.0	-0.0	0.0	-0.0	-0.0	0.0	0.0	-0.0	0.0						-0.0	-0.0	0.0	-0.0	-0.0	0.0	0.0	-0.0	0.0						-0.0	-0.0	0.0	-0.0	-0.0	0.0	0.0	-0.0	0.0					
2020-01-21 08:00:00	66000	4.42	4.27	4.32	4.34	3.87	CFV.MI	3.91	4.0	3.86	3.93	4.6	2.62	0.0	1.0	1.0	1	1.0		0.0	-1.0		0.0		4.27										3.12		3.86								0.0			2.83	-0.0	-0.0	0.0	-0.0	-0.0	0.0		0.0	-0.0	0.0						1	-0.07	-0.07	0.92	-0.02	-0.02	0.27	0.92	0.0	0.0	293.25					-0.0	-0.0	0.0	-0.0	-0.0	0.0	0.0	-0.0	0.0						-0.0	-0.0	0.0	-0.0	-0.0	0.0	0.0	-0.0	0.0						-0.0	-0.0	0.0	-0.0	-0.0	0.0	0.0	-0.0	0.0					
2020-01-22 08:00:00	40000	4.4	4.3	4.36	4.39	3.92	CFV.MI	3.97	4.0	3.91	3.99	4.6	2.62	0.0	1.0	1.0	1	1.0		0.0	-1.0		0.0												3.12										0.0			2.83	0.0	0.0	0.0	0.0	0.0	0.0		0.0	0.0	0.0						1	0.05	0.05	0.97	0.01	0.01	0.28	0.97	0.0	0.0	293.52					0.0	0.0	0.0	0.0	0.0	0.0	0.0	0.0	0.0						0.0	0.0	0.0	0.0	0.0	0.0	0.0	0.0	0.0						0.0	0.0	0.0	0.0	0.0	0.0	0.0	0.0	0.0					
2020-01-23 08:00:00	84000	4.61	4.42	4.46	4.45	3.96	CFV.MI	4.06	4.19	4.02	4.05	4.6	2.62	0.0	1.0	1.0	1	1.0		0.0	-1.0		0.0	4.61											3.12	4.19									0.0			2.83	0.0	0.0	0.0	0.0	0.0	0.0		0.0	0.0	0.0						1	0.06	0.06	1.03	0.01	0.01	0.3	1.03	0.01	0.01	293.82					0.0	0.0	0.0	0.0	0.0	0.0	0.0	0.0	0.0						0.0	0.0	0.0	0.0	0.0	0.0	0.0	0.0	0.0						0.0	0.0	0.0	0.0	0.0	0.0	0.0	0.0	0.0					
2020-01-24 08:00:00	35000	4.49	4.38	4.48	4.49	4.0	CFV.MI	4.03	4.04	3.94	4.04	4.6	2.62	0.0	1.0	1.0	1	1.0		0.0	-1.0		0.0		4.38										3.12		3.94								0.0			2.83	0.0	0.0	0.0	0.0	0.0	0.0		0.0	0.0	0.0						1	0.04	0.04	1.07	0.01	0.01	0.31	1.07	0.01	0.01	294.01					0.0	0.0	0.0	0.0	0.0	0.0	0.0	0.0	0.0						0.0	0.0	0.0	0.0	0.0	0.0	0.0	0.0	0.0						0.0	0.0	0.0	0.0	0.0	0.0	0.0	0.0	0.0					
2020-01-27 08:00:00	537000	5.1	4.56	4.64	4.9	4.37	CFV.MI	4.27	4.7	4.2	4.51	4.7	2.62	1.0	1.0	1.0	1	1.0		0.0	-1.0		0.0	5.1		5.1									3.12	4.7		4.7							0.0			2.83	0.0	0.0	0.0	0.0	0.0	0.0		0.0	0.0	0.0						1	0.41	0.41	1.48	0.09	0.09	0.43	1.48	0.01	0.01	295.61					0.0	0.0	0.0	0.0	0.0	0.0	0.0	0.0	0.0						0.0	0.0	0.0	0.0	0.0	0.0	0.0	0.0	0.0						0.0	0.0	0.0	0.0	0.0	0.0	0.0	0.0	0.0					
2020-01-28 08:00:00	181000	4.92	4.68	4.9	4.76	4.25	CFV.MI	4.4	4.42	4.2	4.27	4.7	2.62	1.0	1.0	1.0	1	1.0		0.0	1.0		0.0												3.12										0.0			2.83	-0.14	-0.14	-0.14	-0.03	-0.03	-0.03		-0.14	-0.0	-0.0	-inf					1	-0.14	-0.14	1.34	-0.03	-0.03	0.39	1.34	0.01	0.01	264.43					-0.0	-0.0	0.0	-0.0	-0.0	0.0	0.0	-0.0	0.0						-0.0	-0.0	0.0	-0.0	-0.0	0.0	0.0	-0.0	0.0						-0.0	-0.0	0.0	-0.0	-0.0	0.0	0.0	-0.0	0.0					
2020-01-29 08:00:00	73000	4.82	4.66	4.78	4.78	4.25	CFV.MI	4.27	4.3	4.16	4.27	4.7	2.62	1.0	1.0	1.0	1	1.0		0.0	1.0		0.0		4.66										3.12		4.16								0.0			2.83	0.02	0.02	-0.12	0.0	0.0	-0.02		-0.12	0.0	0.0	3176.76					1	0.02	0.02	1.36	0.0	0.0	0.4	1.36	0.01	0.01	264.5					0.0	0.0	0.0	0.0	0.0	0.0	0.0	0.0	0.0						0.0	0.0	0.0	0.0	0.0	0.0	0.0	0.0	0.0						0.0	0.0	0.0	0.0	0.0	0.0	0.0	0.0	0.0					
2020-01-30 08:00:00	238000	5.0	4.75	4.84	4.85	4.32	CFV.MI	4.39	4.53	4.31	4.4	4.7	2.62	1.0	1.0	1.0	1	1.0		0.0	1.0		0.0	5.0											3.12										0.0			2.83	0.07	0.07	-0.05	0.01	0.01	-0.01		-0.05	0.0	0.0	3361.87					1	0.07	0.07	1.43	0.01	0.01	0.42	1.43	0.01	0.01	264.76					0.0	0.0	0.0	0.0	0.0	0.0	0.0	0.0	0.0						0.0	0.0	0.0	0.0	0.0	0.0	0.0	0.0	0.0						0.0	0.0	0.0	0.0	0.0	0.0	0.0	0.0	0.0					
2020-01-31 08:00:00	152000	4.95	4.71	4.75	4.89	4.36	CFV.MI	4.41	4.59	4.37	4.54	4.7	2.62	1.0	1.0	1.0	1	1.0		0.0	1.0		0.0												3.12	4.59									0.0			2.83	0.04	0.04	-0.01	0.01	0.01	-0.0		-0.01	0.0	0.0	3378.15					1	0.04	0.04	1.47	0.01	0.01	0.43	1.47	0.01	0.01	264.9					0.0	0.0	0.0	0.0	0.0	0.0	0.0	0.0	0.0						0.0	0.0	0.0	0.0	0.0	0.0	0.0	0.0	0.0						0.0	0.0	0.0	0.0	0.0	0.0	0.0	0.0	0.0					
2020-02-03 08:00:00	58000	4.87	4.76	4.82	4.76	4.24	CFV.MI	4.43	4.48	4.38	4.38	4.7	2.62	1.0	1.0	1.0	1	1.0		0.0	1.0		0.0												3.12										0.0			2.83	-0.13	-0.13	-0.14	-0.03	-0.03	-0.03		-0.14	0.0	0.0	1677.9					1	-0.13	-0.13	1.34	-0.03	-0.03	0.39	1.34	0.01	0.01	239.96					-0.0	-0.0	0.0	-0.0	-0.0	0.0	0.0	-0.0	0.0						-0.0	-0.0	0.0	-0.0	-0.0	0.0	0.0	-0.0	0.0						-0.0	-0.0	0.0	-0.0	-0.0	0.0	0.0	-0.0	0.0					
2020-02-04 08:00:00	76000	4.8	4.64	4.77	4.64	4.13	CFV.MI	4.31	4.34	4.2	4.2	4.7	2.62	1.0	1.0	1.0	1	1.0		0.0	1.0		0.0												3.12										0.0			2.83	-0.12	-0.12	-0.26	-0.03	-0.03	-0.05		-0.26	0.0	0.0	1079.35					1	-0.12	-0.12	1.22	-0.03	-0.03	0.36	1.22	0.01	0.01	219.14					-0.0	-0.0	0.0	-0.0	-0.0	0.0	0.0	-0.0	0.0						-0.0	-0.0	0.0	-0.0	-0.0	0.0	0.0	-0.0	0.0						-0.0	-0.0	0.0	-0.0	-0.0	0.0	0.0	-0.0	0.0					
2020-02-05 08:00:00	38000	4.64	4.53	4.64	4.53	4.04	CFV.MI	4.13	4.13	4.03	4.03	4.7	2.62	1.0	1.0	1.0	1	1.0		0.0	1.0		0.0		4.53										3.12										0.0			2.83	-0.11	-0.11	-0.37	-0.02	-0.02	-0.08		-0.37	0.0	0.0	761.86					1	-0.11	-0.11	1.11	-0.02	-0.02	0.32	1.11	0.01	0.01	201.55					-0.0	-0.0	0.0	-0.0	-0.0	0.0	0.0	-0.0	0.0						-0.0	-0.0	0.0	-0.0	-0.0	0.0	0.0	-0.0	0.0						-0.0	-0.0	0.0	-0.0	-0.0	0.0	0.0	-0.0	0.0					
2020-02-06 08:00:00	36000	4.66	4.51	4.51	4.61	4.11	CFV.MI	3.97	4.1	3.97	4.06	4.7	2.62	1.0	1.0	1.0	1	1.0		0.0	1.0		0.0	4.66											3.12		3.97								0.0			2.83	0.08	0.08	-0.29	0.02	0.02	-0.06		-0.29	0.0	0.0	820.33					1	0.08	0.08	1.19	0.02	0.02	0.35	1.19	0.01	0.01	201.95					0.0	0.0	0.0	0.0	0.0	0.0	0.0	0.0	0.0						0.0	0.0	0.0	0.0	0.0	0.0	0.0	0.0	0.0						0.0	0.0	0.0	0.0	0.0	0.0	0.0	0.0	0.0					
2020-02-07 08:00:00	14000	4.64	4.53	4.64	4.57	4.08	CFV.MI	4.09	4.09	3.99	4.03	4.7	2.62	1.0	1.0	1.0	1	1.0		0.0	1.0		0.0		4.53										3.12										0.0			2.83	-0.04	-0.04	-0.33	-0.01	-0.01	-0.07		-0.33	0.0	0.0	719.59					1	-0.04	-0.04	1.15	-0.01	-0.01	0.34	1.15	0.01	0.01	193.61					-0.0	-0.0	0.0	-0.0	-0.0	0.0	0.0	-0.0	0.0						-0.0	-0.0	0.0	-0.0	-0.0	0.0	0.0	-0.0	0.0						-0.0	-0.0	0.0	-0.0	-0.0	0.0	0.0	-0.0	0.0					
2020-02-10 08:00:00	7000	4.66	4.55	4.66	4.62	4.12	CFV.MI	4.1	4.1	4.0	4.07	4.7	2.62	1.0	1.0	1.0	1	1.0		0.0	1.0		0.0	4.66											3.12	4.1									0.0			2.83	0.05	0.05	-0.28	0.01	0.01	-0.06		-0.28	0.0	0.0	741.71					1	0.05	0.05	1.2	0.01	0.01	0.35	1.2	0.01	0.01	193.86					0.0	0.0	0.0	0.0	0.0	0.0	0.0	0.0	0.0						0.0	0.0	0.0	0.0	0.0	0.0	0.0	0.0	0.0						0.0	0.0	0.0	0.0	0.0	0.0	0.0	0.0	0.0					
2020-02-11 08:00:00	58000	4.63	4.5	4.57	4.6	4.1	CFV.MI	3.99	4.04	3.93	4.02	4.7	2.62	1.0	1.0	1.0	1	1.0		0.0	1.0		0.0												3.12										0.0			2.83	-0.02	-0.02	-0.3	-0.0	-0.0	-0.06		-0.3	0.0	0.0	684.74					1	-0.02	-0.02	1.18	-0.0	-0.0	0.35	1.18	0.01	0.01	187.94					-0.0	-0.0	0.0	-0.0	-0.0	0.0	0.0	-0.0	0.0						-0.0	-0.0	0.0	-0.0	-0.0	0.0	0.0	-0.0	0.0						-0.0	-0.0	0.0	-0.0	-0.0	0.0	0.0	-0.0	0.0					
2020-02-12 08:00:00	25000	4.59	4.5	4.56	4.52	4.03	CFV.MI	3.96	3.98	3.9	3.92	4.7	2.62	1.0	1.0	1.0	1	1.0		0.0	1.0		0.0		4.5		4.5								3.12		3.9								0.0			2.83	-0.08	-0.08	-0.38	-0.02	-0.02	-0.08		-0.38	0.0	0.0	557.04					1	-0.08	-0.08	1.1	-0.02	-0.02	0.32	1.1	0.01	0.01	176.06					-0.0	-0.0	0.0	-0.0	-0.0	0.0	0.0	-0.0	0.0						-0.0	-0.0	0.0	-0.0	-0.0	0.0	0.0	-0.0	0.0						-0.0	-0.0	0.0	-0.0	-0.0	0.0	0.0	-0.0	0.0					
2020-02-13 08:00:00	19000	4.61	4.55	4.61	4.59	4.09	CFV.MI	3.99	3.99	3.94	3.98	4.7	2.62	1.0	1.0	1.0	1	1.0		0.0	1.0		0.0	4.61											3.12	3.99									0.0			2.83	0.07	0.07	-0.31	0.02	0.02	-0.06		-0.31	0.0	0.0	584.54					1	0.07	0.07	1.17	0.02	0.02	0.34	1.17	0.01	0.01	176.47					0.0	0.0	0.0	0.0	0.0	0.0	0.0	0.0	0.0						0.0	0.0	0.0	0.0	0.0	0.0	0.0	0.0	0.0						0.0	0.0	0.0	0.0	0.0	0.0	0.0	0.0	0.0					
2020-02-14 08:00:00	27000	4.6	4.51	4.53	4.55	4.06	CFV.MI	3.93	3.99	3.91	3.95	4.7	2.62	1.0	1.0	1.0	1	1.0		0.0	1.0		0.0		4.51										3.12										0.0			2.83	-0.04	-0.04	-0.35	-0.01	-0.01	-0.07		-0.35	0.0	0.0	522.17					1	-0.04	-0.04	1.13	-0.01	-0.01	0.33	1.13	0.01	0.01	169.06					-0.0	-0.0	0.0	-0.0	-0.0	0.0	0.0	-0.0	0.0						-0.0	-0.0	0.0	-0.0	-0.0	0.0	0.0	-0.0	0.0						-0.0	-0.0	0.0	-0.0	-0.0	0.0	0.0	-0.0	0.0					
2020-02-17 08:00:00	9000	4.57	4.5	4.5	4.57	4.07	CFV.MI	3.86	3.92	3.86	3.92	4.7	2.62	1.0	1.0	1.0	1	1.0		0.0	1.0		0.0												3.12		3.86		3.86						0.0			2.83	0.02	0.02	-0.33	0.0	0.0	-0.07		-0.33	0.0	0.0	528.78					1	0.02	0.02	1.15	0.0	0.0	0.34	1.15	0.01	0.01	169.18					0.0	0.0	0.0	0.0	0.0	0.0	0.0	0.0	0.0						0.0	0.0	0.0	0.0	0.0	0.0	0.0	0.0	0.0						0.0	0.0	0.0	0.0	0.0	0.0	0.0	0.0	0.0					
2020-02-18 08:00:00	149000	4.83	4.57	4.57	4.82	4.29	CFV.MI	3.91	4.13	3.91	4.12	4.7	2.62	1.0	1.0	1.0	1	1.0		0.0	1.0		0.0												3.12	4.13									0.0			2.83	0.25	0.25	-0.08	0.05	0.05	-0.02		-0.08	0.0	0.0	572.99					1	0.25	0.25	1.4	0.05	0.05	0.41	1.4	0.01	0.01	170.55					0.0	0.0	0.0	0.0	0.0	0.0	0.0	0.0	0.0						0.0	0.0	0.0	0.0	0.0	0.0	0.0	0.0	0.0						0.0	0.0	0.0	0.0	0.0	0.0	0.0	0.0	0.0					
2020-02-19 08:00:00	97000	4.91	4.67	4.84	4.72	4.21	CFV.MI	4.1	4.16	3.95	4.0	4.7	2.62	1.0	1.0	1.0	1	1.0		0.0	1.0		0.0	4.91											3.12		3.95								0.0			2.83	-0.1	-0.1	-0.18	-0.02	-0.02	-0.04		-0.18	0.0	0.0	478.82					1	-0.1	-0.1	1.3	-0.02	-0.02	0.38	1.3	0.01	0.01	158.69					-0.0	-0.0	0.0	-0.0	-0.0	0.0	0.0	-0.0	0.0						-0.0	-0.0	0.0	-0.0	-0.0	0.0	0.0	-0.0	0.0						-0.0	-0.0	0.0	-0.0	-0.0	0.0	0.0	-0.0	0.0					
2020-02-20 08:00:00	24000	4.8	4.68	4.8	4.79	4.27	CFV.MI	4.13	4.13	4.02	4.12	4.7	2.62	1.0	1.0	1.0	1	1.0		0.0	1.0		0.0		4.68										3.12										0.0			2.83	0.07	0.07	-0.11	0.01	0.01	-0.02		-0.11	0.0	0.0	486.04					1	0.07	0.07	1.37	0.01	0.01	0.4	1.37	0.01	0.01	159.06					0.0	0.0	0.0	0.0	0.0	0.0	0.0	0.0	0.0						0.0	0.0	0.0	0.0	0.0	0.0	0.0	0.0	0.0						0.0	0.0	0.0	0.0	0.0	0.0	0.0	0.0	0.0					
2020-02-21 08:00:00	162000	4.99	4.81	4.9	4.95	4.41	CFV.MI	4.27	4.34	4.19	4.31	4.7	2.62	1.0	1.0	1.0	1	1.0		0.0	1.0		0.0												3.12										0.0			2.83	0.16	0.16	0.05	0.03	0.03	0.01		0.05	0.0	0.0	497.78					1	0.16	0.16	1.53	0.03	0.03	0.45	1.53	0.01	0.01	159.84					0.0	0.0	0.0	0.0	0.0	0.0	0.0	0.0	0.0						0.0	0.0	0.0	0.0	0.0	0.0	0.0	0.0	0.0						0.0	0.0	0.0	0.0	0.0	0.0	0.0	0.0	0.0					
2020-02-24 08:00:00	670000	5.9	5.15	5.15	5.9	5.26	CFV.MI	4.74	5.43	4.74	5.43	5.43	2.62	1.0	1.0	1.0	1	1.0		0.0	1.0		0.0	5.9		5.9		5.9							3.12										0.0			2.83	0.95	0.95	1.0	0.19	0.18	0.2		1.0	0.0	0.0	523.34					1	0.95	0.95	2.48	0.19	0.18	0.73	2.48	0.01	0.01	163.14					0.0	0.0	0.0	0.0	0.0	0.0	0.0	0.0	0.0						0.0	0.0	0.0	0.0	0.0	0.0	0.0	0.0	0.0						0.0	0.0	0.0	0.0	0.0	0.0	0.0	0.0	0.0					
2020-02-25 08:00:00	733000	5.99	5.32	5.67	5.44	4.85	CFV.MI	5.3	5.59	4.97	5.08	5.59	2.65	1.0	1.0	1.0	1	1.0		0.0	1.0		0.0											5.99	3.12	5.59		5.59							0.0			2.83	-0.46	-0.46	0.54	-0.08	-0.08	0.11		0.54	0.0	0.0	336.0					1	-0.46	-0.46	2.02	-0.08	-0.08	0.59	2.02	0.01	0.01	133.96					-0.0	-0.0	0.0	-0.0	-0.0	0.0	0.0	-0.0	0.0						-0.0	-0.0	0.0	-0.0	-0.0	0.0	0.0	-0.0	0.0						-0.0	-0.0	0.0	-0.0	-0.0	0.0	0.0	-0.0	0.0					
2020-02-26 08:00:00	522000	5.88	5.06	5.6	5.1	4.54	CFV.MI	5.16	5.41	4.66	4.7	5.59	2.83	1.0	1.0	1.0	1	1.0		0.0	1.0		0.0												3.12										0.0			2.83	-0.34	-0.34	0.2	-0.06	-0.06	0.04		0.2	0.0	0.0	254.43					1	-0.34	-0.34	1.68	-0.06	-0.06	0.49	1.68	0.01	0.01	115.54					-0.0	-0.0	0.0	-0.0	-0.0	0.0	0.0	-0.0	0.0						-0.0	-0.0	0.0	-0.0	-0.0	0.0	0.0	-0.0	0.0						-0.0	-0.0	0.0	-0.0	-0.0	0.0	0.0	-0.0	0.0					
2020-02-27 08:00:00	548000	5.49	5.01	5.22	5.01	4.46	CFV.MI	4.94	5.19	4.74	4.74	5.59	2.83	1.0	1.0	1.0	1	1.0		0.0	1.0		0.0												3.12										0.0			2.83	-0.09	-0.09	0.11	-0.02	-0.02	0.02		0.11	0.0	0.0	233.1					1	-0.09	-0.09	1.59	-0.02	-0.02	0.46	1.59	0.01	0.01	109.23					-0.0	-0.0	0.0	-0.0	-0.0	0.0	0.0	-0.0	0.0						-0.0	-0.0	0.0	-0.0	-0.0	0.0	0.0	-0.0	0.0						-0.0	-0.0	0.0	-0.0	-0.0	0.0	0.0	-0.0	0.0					
2020-02-28 08:00:00	160000	5.29	4.8	5.01	4.86	4.33	CFV.MI	4.91	5.19	4.71	4.77	5.59	2.83	1.0	1.0	1.0	1	1.0		0.0	1.0		0.0												3.12										0.0			2.83	-0.15	-0.15	-0.04	-0.03	-0.03	-0.01		-0.04	0.0	0.0	204.89					1	-0.15	-0.15	1.44	-0.03	-0.03	0.42	1.44	0.01	0.01	100.88					-0.0	-0.0	0.0	-0.0	-0.0	0.0	0.0	-0.0	0.0						-0.0	-0.0	0.0	-0.0	-0.0	0.0	0.0	-0.0	0.0						-0.0	-0.0	0.0	-0.0	-0.0	0.0	0.0	-0.0	0.0					
2020-03-02 08:00:00	192000	4.91	4.4	4.91	4.4	3.92	CFV.MI	4.89	4.89	4.38	4.38	5.59	2.83	1.0	1.0	1.0	0	1.0		0.0	1.0		0.0												3.12										0.0			2.83	-0.46	-0.46	-0.5	-0.09	-0.1	-0.1		-0.5	0.0	0.0	147.48					1	-0.46	-0.46	0.98	-0.09	-0.1	0.29	0.98	0.01	0.01	82.86					-0.0	-0.0	0.0	-0.0	-0.0	0.0	0.0	-0.0	0.0						-0.0	-0.0	0.0	-0.0	-0.0	0.0	0.0	-0.0	0.0						-0.0	-0.0	0.0	-0.0	-0.0	0.0	0.0	-0.0	0.0					
2020-03-03 08:00:00	105000	4.66	4.41	4.41	4.62	4.12	CFV.MI	4.37	4.62	4.37	4.58	5.59	2.83	1.0	1.0	1.0	0	1.0		0.0	1.0		0.0												3.12										0.0			2.83	0.22	0.22	-0.28	0.05	0.05	-0.06		-0.28	0.0	0.0	152.34					1	0.0	0.0	0.98	0.0	0.0	0.29	0.98	0.01	0.01	82.86					0.0	0.0	0.0	0.0	0.0	0.0	0.0	0.0	0.0						0.0	0.0	0.0	0.0	0.0	0.0	0.0	0.0	0.0						0.0	0.0	0.0	0.0	0.0	0.0	0.0	0.0	0.0					
2020-03-04 08:00:00	94000	4.62	4.31	4.62	4.32	3.85	CFV.MI	4.54	4.54	4.24	4.25	5.59	2.83	1.0	1.0	1.0	0	1.0		0.0	1.0		0.0												3.12										0.0			2.83	-0.3	-0.3	-0.58	-0.06	-0.07	-0.12		-0.58	0.0	0.0	124.04					1	-0.0	-0.0	0.98	-0.0	-0.0	0.29	0.98	0.01	0.01	82.86					-0.0	-0.0	0.0	-0.0	-0.0	0.0	0.0	-0.0	0.0						-0.0	-0.0	0.0	-0.0	-0.0	0.0	0.0	-0.0	0.0						-0.0	-0.0	0.0	-0.0	-0.0	0.0	0.0	-0.0	0.0					
2020-03-05 08:00:00	89000	4.39	4.14	4.39	4.34	3.87	CFV.MI	4.39	4.39	4.14	4.34	5.59	2.83	1.0	1.0	1.0	0	1.0	1.0	1.0	1.0	1.0	1.0		4.14										3.12		4.14								0.0			2.83	0.02	0.02	-0.56	0.0	0.0	-0.11		-0.56	0.0	0.0	124.47					1	0.0	0.0	0.98	0.0	0.0	0.29	0.98	0.01	0.01	82.86					0.0	0.0	0.0	0.0	0.0	0.0	0.0	0.0	0.0						0.0	0.0	0.0	0.0	0.0	0.0	0.0	0.0	0.0						0.0	0.0	0.0	0.0	0.0	0.0	0.0	0.0	0.0					
2020-03-06 08:00:00	69000	4.55	4.28	4.48	4.34	3.87	CFV.MI	4.65	4.72	4.44	4.5	5.59	2.83	1.0	1.0	1.0	0	1.0	1.0	1.0	1.0	1.0	1.0	4.55											3.12	4.72									0.0			2.83	0.0	0.0	-0.56	0.0	0.0	-0.11		-0.56	0.0	0.0	124.47					1	0.0	0.0	0.98	0.0	0.0	0.29	0.98	0.01	0.01	82.86					0.0	0.0	0.0	0.0	0.0	0.0	0.0	0.0	0.0						0.0	0.0	0.0	0.0	0.0	0.0	0.0	0.0	0.0						0.0	0.0	0.0	0.0	0.0	0.0	0.0	0.0	0.0					
2020-03-09 08:00:00	164000	4.18	3.62	4.02	3.81	3.39	CFV.MI	4.69	4.88	4.23	4.45	5.59	2.83	1.0	1.0	1.0	0	1.0	1.0	1.0	1.0	1.0	1.0												3.12										0.0			2.83	-0.53	-0.53	-1.09	-0.12	-0.13	-0.22		-1.09	0.0	0.0	88.43					1	-0.0	-0.0	0.98	-0.0	-0.0	0.29	0.98	0.01	0.01	82.86					-0.53	-0.53	-0.53	-0.12	-0.13	-0.12	-0.53	-0.0	-0.0	-inf					-0.53	-0.53	-0.53	-0.12	-0.13	-0.12	-0.53	-0.0	-0.0	-inf					-0.0	-0.0	0.0	-0.0	-0.0	0.0	0.0	-0.0	0.0					
2020-03-10 08:00:00	57000	3.86	3.52	3.8	3.52	3.14	CFV.MI	4.59	4.66	4.25	4.25	5.59	2.83	1.0	1.0	1.0	0	1.0	1.0	1.0	1.0	1.0	1.0		3.52										3.12		4.25								0.0			2.83	-0.29	-0.29	-1.38	-0.08	-0.08	-0.28		-1.38	0.0	0.0	70.84					1	-0.0	-0.0	0.98	-0.0	-0.0	0.29	0.98	0.01	0.01	82.86					-0.29	-0.29	-0.82	-0.08	-0.08	-0.19	-0.82	-0.0	-0.0	-inf					-0.29	-0.29	-0.82	-0.08	-0.08	-0.19	-0.82	-0.0	-0.0	-inf					-0.0	-0.0	0.0	-0.0	-0.0	0.0	0.0	-0.0	0.0					
2020-03-11 08:00:00	17000	3.73	3.56	3.62	3.65	3.26	CFV.MI	4.35	4.49	4.28	4.39	5.59	2.83	1.0	1.0	1.0	0	1.0	1.0	1.0	1.0	1.0	1.0	3.73											3.12										0.0			2.83	0.13	0.13	-1.25	0.04	0.04	-0.26		-1.25	0.0	0.0	74.29					1	0.0	0.0	0.98	0.0	0.0	0.29	0.98	0.01	0.01	82.86					0.13	0.13	-0.69	0.04	0.04	-0.16	-0.69	0.0	0.0	412.83					0.13	0.13	-0.69	0.04	0.04	-0.16	-0.69	0.0	0.0	412.83					0.0	0.0	0.0	0.0	0.0	0.0	0.0	0.0	0.0					
2020-03-12 08:00:00	96000	3.57	3.0	3.57	3.11	2.77	CFV.MI	5.17	5.17	4.34	4.5	5.59	2.83	1.0	1.0	1.0	-1	1.0	1.0	1.0	1.0	1.0	1.0												3.12	5.17									0.0			2.83	-0.54	-0.54	-1.79	-0.15	-0.16	-0.37		-1.79	0.0	0.0	50.74					1	-0.0	-0.0	0.98	-0.0	-0.0	0.29	0.98	0.01	0.01	82.86					-0.54	-0.54	-1.23	-0.15	-0.16	-0.28	-1.23	0.0	0.0	179.78					-0.54	-0.54	-1.23	-0.15	-0.16	-0.28	-1.23	0.0	0.0	179.78					-0.0	-0.0	0.0	-0.0	-0.0	0.0	0.0	-0.0	0.0					
2020-03-13 08:00:00	83000	3.5	2.81	3.3	2.81	2.5	CFV.MI	4.46	4.73	3.8	3.8	5.59	2.83	1.0	1.0	-1.0	-1	1.0	1.0	1.0	1.0	1.0	1.0												3.12		3.8		3.8						0.0			2.83	-0.3	-0.3	-2.09	-0.1	-0.1	-0.43		-2.09	0.0	0.0	38.16					1	0.3	0.3	1.28	0.1	0.1	0.42	1.28	0.01	0.01	84.74					-0.3	-0.3	-1.53	-0.1	-0.1	-0.35	-1.53	0.0	0.0	93.55					-0.3	-0.3	-1.53	-0.1	-0.1	-0.35	-1.53	0.0	0.0	93.55					-0.0	-0.0	0.0	-0.0	-0.0	0.0	0.0	-0.0	0.0					
2020-03-16 08:00:00	60000	3.18	2.79	2.87	3.12	2.78	CFV.MI	4.13	4.58	4.02	4.49	5.59	2.83	1.0	1.0	-1.0	-1	1.0	1.0	1.0	1.0	1.0	1.0		2.79		2.79		2.79				2.79		2.79										0.0			2.83	0.31	0.31	-1.78	0.11	0.1	-0.36		-1.78	0.0	0.0	46.42					1	-0.31	-0.31	0.97	-0.11	-0.1	0.28	0.97	0.01	0.01	70.2					0.31	0.31	-1.22	0.11	0.1	-0.28	-1.22	0.0	0.0	175.45					0.31	0.31	-1.22	0.11	0.1	-0.28	-1.22	0.0	0.0	175.45					0.0	0.0	0.0	0.0	0.0	0.0	0.0	0.0	0.0					
2020-03-17 08:00:00	58000	3.38	3.1	3.19	3.17	2.82	CFV.MI	4.49	4.76	4.37	4.46	5.59	2.83	1.0	1.0	-1.0	-1	1.0	1.0	1.0	1.0	1.0	1.0												3.12										0.0			2.83	0.05	0.05	-1.73	0.02	0.02	-0.35		-1.73	0.0	0.0	47.4					1	-0.05	-0.05	0.92	-0.02	-0.02	0.26	0.92	0.01	0.01	66.56					0.05	0.05	-1.17	0.02	0.02	-0.27	-1.17	0.0	0.0	178.33					0.05	0.05	-1.17	0.02	0.02	-0.27	-1.17	0.0	0.0	178.33					0.0	0.0	0.0	0.0	0.0	0.0	0.0	0.0	0.0					
2020-03-18 08:00:00	26000	3.32	3.2	3.23	3.3	2.94	CFV.MI	4.61	4.74	4.56	4.71	5.59	2.83	1.0	1.0	-1.0	-1	1.0	1.0	1.0	1.0	1.0	1.0												3.12	4.74									0.0			2.83	0.13	0.13	-1.6	0.04	0.04	-0.33		-1.6	0.0	0.0	49.66					1	-0.13	-0.13	0.79	-0.04	-0.04	0.21	0.79	0.01	0.01	60.79					0.13	0.13	-1.04	0.04	0.04	-0.24	-1.04	0.0	0.0	183.54					0.13	0.13	-1.04	0.04	0.04	-0.24	-1.04	0.0	0.0	183.54					0.0	0.0	0.0	0.0	0.0	0.0	0.0	0.0	0.0					
2020-03-19 08:00:00	30000	3.39	3.2	3.32	3.38	3.01	CFV.MI	4.63	4.73	4.46	4.71	5.59	2.83	1.0	1.0	-1.0	-1	1.0	1.0	1.0	1.0	1.0	1.0												3.12		4.46								0.0			2.83	0.08	0.08	-1.52	0.02	0.02	-0.31		-1.52	0.0	0.0	50.87					1	-0.08	-0.08	0.71	-0.02	-0.02	0.18	0.71	0.01	0.01	56.75					0.08	0.08	-0.96	0.02	0.02	-0.22	-0.96	0.0	0.0	185.74					0.08	0.08	-0.96	0.02	0.02	-0.22	-0.96	0.0	0.0	185.74					0.0	0.0	0.0	0.0	0.0	0.0	0.0	0.0	0.0					
2020-03-20 08:00:00	37000	3.65	3.41	3.45	3.52	3.14	CFV.MI	4.73	5.0	4.67	4.83	5.59	2.83	1.0	1.0	-1.0	-1	1.0	1.0	1.0	1.0	1.0	1.0												3.12										0.0			2.83	0.14	0.14	-1.38	0.04	0.04	-0.28		-1.38	0.0	0.0	52.72					1	-0.14	-0.14	0.57	-0.04	-0.04	0.14	0.57	0.01	0.01	51.6					0.14	0.14	-0.82	0.04	0.04	-0.19	-0.82	0.0	0.0	188.55					0.14	0.14	-0.82	0.04	0.04	-0.19	-0.82	0.0	0.0	188.55					0.0	0.0	0.0	0.0	0.0	0.0	0.0	0.0	0.0					
2020-03-23 08:00:00	30000	3.74	3.52	3.52	3.68	3.28	CFV.MI	4.88	5.18	4.88	5.1	5.59	2.83	1.0	1.0	-1.0	-1	1.0	1.0	1.0	1.0	1.0	1.0												3.12	5.18									0.0			2.83	0.16	0.16	-1.22	0.05	0.04	-0.25		-1.22	0.0	0.0	54.5					1	-0.16	-0.16	0.41	-0.05	-0.04	0.09	0.41	0.01	0.01	46.51					0.16	0.16	-0.66	0.05	0.04	-0.15	-0.66	0.0	0.0	190.77					0.16	0.16	-0.66	0.05	0.04	-0.15	-0.66	0.0	0.0	190.77					0.0	0.0	0.0	0.0	0.0	0.0	0.0	0.0	0.0					
2020-03-24 08:00:00	67000	4.04	3.79	3.79	4.04	3.6	CFV.MI	4.82	5.14	4.82	5.14	5.59	2.83	1.0	1.0	-1.0	-1	1.0	1.0	1.0	1.0	1.0	1.0												3.12		4.82								0.0			2.83	0.36	0.36	-0.86	0.1	0.09	-0.18		-0.86	0.0	0.0	57.6					1	-0.36	-0.36	0.05	-0.1	-0.09	-0.01	0.05	0.0	0.0	38.86					0.36	0.36	-0.3	0.1	0.09	-0.07	-0.3	0.0	0.0	193.82					0.36	0.36	-0.3	0.1	0.09	-0.07	-0.3	0.0	0.0	193.82					0.0	0.0	0.0	0.0	0.0	0.0	0.0	0.0	0.0					
2020-03-25 08:00:00	47000	4.33	3.91	4.12	4.09	3.64	CFV.MI	5.15	5.42	4.89	5.12	5.59	2.83	1.0	1.0	1.0	-1	1.0	1.0	1.0	1.0	1.0	1.0												3.12										0.0			2.83	0.05	0.05	-0.81	0.01	0.01	-0.17		-0.81	0.0	0.0	57.96					1	-0.05	-0.05	0.0	-0.01	-0.01	-0.02	0.0	0.0	0.0	36.4					0.05	0.05	-0.25	0.01	0.01	-0.06	-0.25	0.0	0.0	194.12					0.05	0.05	-0.25	0.01	0.01	-0.06	-0.25	0.0	0.0	194.12					0.0	0.0	0.0	0.0	0.0	0.0	0.0	0.0	0.0					
2020-03-26 08:00:00	119000	4.6	4.1	4.1	4.29	3.82	CFV.MI	5.09	5.71	5.09	5.33	5.71	2.83	1.0	1.0	1.0	-1	1.0	1.0	1.0	1.0	1.0	1.0	4.6											3.12	5.71									0.0			2.83	0.2	0.2	-0.61	0.05	0.05	-0.12		-0.61	0.01	0.01	59.24					1	-0.2	-0.2	-0.2	-0.05	-0.05	-0.07	-0.2	0.0	0.0	32.15					0.2	0.2	-0.05	0.05	0.05	-0.01	-0.05	0.0	0.0	195.13					0.2	0.2	-0.05	0.05	0.05	-0.01	-0.05	0.0	0.0	195.13					0.0	0.0	0.0	0.0	0.0	0.0	0.0	0.0	0.0					
2020-03-27 08:00:00	54000	4.34	4.0	4.34	4.24	3.78	CFV.MI	5.56	5.56	5.13	5.44	5.71	2.83	1.0	1.0	1.0	-1	1.0	1.0	1.0	1.0	1.0	1.0												3.12										0.0			2.83	-0.05	-0.05	-0.66	-0.01	-0.01	-0.13		-0.66	0.0	0.0	56.15					1	0.05	0.05	-0.15	0.01	0.01	-0.06	-0.15	0.0	0.0	32.43					-0.05	-0.05	-0.1	-0.01	-0.01	-0.02	-0.1	0.0	0.0	185.93					-0.05	-0.05	-0.1	-0.01	-0.01	-0.02	-0.1	0.0	0.0	185.93					-0.0	-0.0	0.0	-0.0	-0.0	0.0	0.0	-0.0	0.0					
2020-03-30 07:00:00	19000	4.24	4.05	4.16	4.14	3.69	CFV.MI	5.32	5.42	5.18	5.29	5.71	2.83	1.0	1.0	1.0	-1	1.0	1.0	1.0	1.0	1.0	1.0												3.12										0.0			2.83	-0.1	-0.1	-0.76	-0.02	-0.02	-0.16		-0.76	0.0	0.0	52.19					1	0.1	0.1	-0.05	0.02	0.02	-0.03	-0.05	0.0	0.0	32.98					-0.1	-0.1	-0.2	-0.02	-0.02	-0.05	-0.2	0.0	0.0	172.51					-0.1	-0.1	-0.2	-0.02	-0.02	-0.05	-0.2	0.0	0.0	172.51					-0.0	-0.0	0.0	-0.0	-0.0	0.0	0.0	-0.0	0.0					
2020-03-31 07:00:00	15000	4.22	4.05	4.21	4.12	3.67	CFV.MI	5.33	5.34	5.12	5.21	5.71	2.83	1.0	1.0	1.0	-1	1.0	1.0	1.0	1.0	1.0	1.0		4.05										3.12		5.12								0.0			2.83	-0.02	-0.02	-0.78	-0.0	-0.0	-0.16		-0.78	0.0	0.0	49.71					1	0.02	0.02	-0.03	0.0	0.0	-0.03	-0.03	0.0	0.0	33.09					-0.02	-0.02	-0.22	-0.0	-0.0	-0.05	-0.22	0.0	0.0	166.62					-0.02	-0.02	-0.22	-0.0	-0.0	-0.05	-0.22	0.0	0.0	166.62					-0.0	-0.0	0.0	-0.0	-0.0	0.0	0.0	-0.0	0.0					
2020-04-01 07:00:00	26000	4.28	4.12	4.16	4.19	3.73	CFV.MI	5.42	5.58	5.37	5.46	5.71	2.83	1.0	1.0	1.0	-1	1.0	1.0	1.0	1.0	1.0	1.0												3.12	5.58									0.0			2.83	0.07	0.07	-0.71	0.02	0.02	-0.14		-0.71	0.0	0.0	50.2					1	-0.07	-0.07	-0.1	-0.02	-0.02	-0.05	-0.1	0.0	0.0	30.56					0.07	0.07	-0.15	0.02	0.02	-0.03	-0.15	0.0	0.0	167.16					0.07	0.07	-0.15	0.02	0.02	-0.03	-0.15	0.0	0.0	167.16					0.0	0.0	0.0	0.0	0.0	0.0	0.0	0.0	0.0					
2020-04-02 07:00:00	10000	4.26	4.24	4.25	4.26	3.8	CFV.MI	5.44	5.46	5.43	5.46	5.71	2.83	1.0	1.0	1.0	-1	1.0	1.0	1.0	1.0	1.0	1.0	4.26											3.12		5.43								0.0			2.83	0.07	0.07	-0.64	0.02	0.02	-0.13		-0.64	0.0	0.0	50.66					1	-0.07	-0.07	-0.17	-0.02	-0.02	-0.06	-0.17	0.0	0.0	28.1					0.07	0.07	-0.08	0.02	0.02	-0.02	-0.08	0.0	0.0	167.65					0.07	0.07	-0.08	0.02	0.02	-0.02	-0.08	0.0	0.0	167.65					0.0	0.0	0.0	0.0	0.0	0.0	0.0	0.0	0.0					
2020-04-03 07:00:00	16000	4.28	4.2	4.28	4.21	3.75	CFV.MI	5.63	5.63	5.53	5.54	5.71	2.83	1.0	1.0	1.0	-1	1.0	1.0	1.0	1.0	1.0	1.0		4.2										3.12										0.0			2.83	-0.05	-0.05	-0.69	-0.01	-0.01	-0.14		-0.69	0.0	0.0	47.75					1	0.05	0.05	-0.12	0.01	0.01	-0.05	-0.12	0.0	0.0	28.38					-0.05	-0.05	-0.13	-0.01	-0.01	-0.03	-0.13	0.0	0.0	159.61					-0.05	-0.05	-0.13	-0.01	-0.01	-0.03	-0.13	0.0	0.0	159.61					-0.0	-0.0	0.0	-0.0	-0.0	0.0	0.0	-0.0	0.0					
2020-04-06 07:00:00	72000	4.58	4.26	4.26	4.51	4.02	CFV.MI	5.39	5.8	5.39	5.71	5.8	2.83	1.0	1.0	1.0	-1	1.0	1.0	1.0	1.0	1.0	1.0												3.12	5.8									0.0			2.83	0.3	0.3	-0.39	0.07	0.07	-0.08		-0.39	0.01	0.0	49.57					1	-0.3	-0.3	-0.42	-0.07	-0.07	-0.11	-0.42	0.0	0.0	23.77					0.3	0.3	0.17	0.07	0.07	0.04	0.17	0.0	0.0	161.6					0.3	0.3	0.17	0.07	0.07	0.04	0.17	0.0	0.0	161.6					0.0	0.0	0.0	0.0	0.0	0.0	0.0	0.0	0.0					
2020-04-07 07:00:00	74000	4.8	4.4	4.6	4.4	3.92	CFV.MI	5.7	5.95	5.45	5.45	5.95	2.83	1.0	1.0	1.0	0	1.0	1.0	1.0	1.0	1.0	1.0												3.12		5.45								0.0			2.83	-0.11	-0.11	-0.5	-0.02	-0.02	-0.1		-0.5	0.0	0.0	45.92					1	0.11	0.11	-0.31	0.02	0.02	-0.09	-0.31	0.0	0.0	24.35					-0.11	-0.11	0.06	-0.02	-0.02	0.01	0.06	0.0	0.0	150.07					-0.11	-0.11	0.06	-0.02	-0.02	0.01	0.06	0.0	0.0	150.07					-0.0	-0.0	0.0	-0.0	-0.0	0.0	0.0	-0.0	0.0					
2020-04-08 07:00:00	24000	4.61	4.49	4.49	4.51	4.01	CFV.MI	5.57	5.72	5.57	5.6	5.95	2.83	1.0	1.0	1.0	0	1.0	1.0	1.0	1.0	1.0	1.0												3.12										0.0			2.83	0.11	0.11	-0.39	0.02	0.02	-0.08		-0.39	0.0	0.0	46.54					1	0.0	0.0	-0.31	0.0	0.0	-0.09	-0.31	0.0	0.0	24.35					0.11	0.11	0.17	0.02	0.02	0.04	0.17	0.0	0.0	150.74					0.11	0.11	0.17	0.02	0.02	0.04	0.17	0.0	0.0	150.74					0.0	0.0	0.0	0.0	0.0	0.0	0.0	0.0	0.0					
2020-04-09 07:00:00	44000	4.73	4.5	4.5	4.65	4.14	CFV.MI	5.51	5.79	5.51	5.69	5.95	2.83	1.0	1.0	1.0	0	1.0	1.0	1.0	1.0	1.0	1.0												3.12										0.0			2.83	0.14	0.14	-0.25	0.03	0.03	-0.05		-0.25	0.01	0.01	47.27					1	0.0	0.0	-0.31	0.0	0.0	-0.09	-0.31	0.0	0.0	24.35					0.14	0.14	0.31	0.03	0.03	0.07	0.31	0.01	0.01	151.5					0.14	0.14	0.31	0.03	0.03	0.07	0.31	0.01	0.01	151.5					0.0	0.0	0.0	0.0	0.0	0.0	0.0	0.0	0.0					
2020-04-14 07:00:00	17000	4.8	4.64	4.8	4.65	4.14	CFV.MI	5.9	5.9	5.7	5.71	5.95	2.86	1.0	1.0	1.0	0	1.0	1.0	1.0	1.0	1.0	1.0	4.8		4.8									3.12	5.9		5.9							0.0			2.83	0.0	0.0	-0.25	0.0	0.0	-0.05		-0.25	0.01	0.01	47.27					1	0.0	0.0	-0.31	0.0	0.0	-0.09	-0.31	0.0	0.0	24.35					0.0	0.0	0.31	0.0	0.0	0.07	0.31	0.01	0.01	151.5					0.0	0.0	0.31	0.0	0.0	0.07	0.31	0.01	0.01	151.5					0.0	0.0	0.0	0.0	0.0	0.0	0.0	0.0	0.0					
2020-04-15 07:00:00	51000	4.62	4.18	4.6	4.2	3.75	CFV.MI	5.93	5.96	5.39	5.42	5.96	2.86	1.0	1.0	1.0	0	1.0	1.0	1.0	1.0	1.0	1.0												3.12										0.0			2.83	-0.45	-0.45	-0.7	-0.1	-0.1	-0.14		-0.7	0.0	0.0	39.31					1	-0.0	-0.0	-0.31	-0.0	-0.0	-0.09	-0.31	0.0	0.0	24.35					-0.45	-0.45	-0.14	-0.1	-0.1	-0.03	-0.14	0.0	0.0	122.32					-0.45	-0.45	-0.14	-0.1	-0.1	-0.03	-0.14	0.0	0.0	122.32					-0.0	-0.0	0.0	-0.0	-0.0	0.0	0.0	-0.0	0.0					
2020-04-16 07:00:00	30000	4.31	4.11	4.11	4.23	3.77	CFV.MI	5.29	5.54	5.29	5.44	5.96	2.86	1.0	1.0	1.0	0	1.0	1.0	1.0	1.0	1.0	1.0		4.11		4.11								3.12		5.29								0.0			2.83	0.03	0.03	-0.67	0.01	0.01	-0.14		-0.67	0.0	0.0	39.48					1	0.0	0.0	-0.31	0.0	0.0	-0.09	-0.31	0.0	0.0	24.35					0.03	0.03	-0.11	0.01	0.01	-0.03	-0.11	0.0	0.0	122.51					0.03	0.03	-0.11	0.01	0.01	-0.03	-0.11	0.0	0.0	122.51					0.0	0.0	0.0	0.0	0.0	0.0	0.0	0.0	0.0					
2020-04-17 07:00:00	29000	4.38	4.2	4.2	4.38	3.9	CFV.MI	5.31	5.54	5.31	5.54	5.96	2.89	1.0	1.0	1.0	0	1.0	1.0	1.0	1.0	1.0	1.0												3.12										0.0			2.83	0.15	0.15	-0.52	0.04	0.03	-0.11		-0.52	0.01	0.0	40.28					1	0.0	0.0	-0.31	0.0	0.0	-0.09	-0.31	0.0	0.0	24.35					0.15	0.15	0.04	0.04	0.03	0.01	0.04	0.01	0.01	123.35					0.15	0.15	0.04	0.04	0.03	0.01	0.04	0.01	0.01	123.35					0.0	0.0	0.0	0.0	0.0	0.0	0.0	0.0	0.0					
2020-04-20 07:00:00	9000	4.45	4.34	4.34	4.43	3.95	CFV.MI	5.49	5.62	5.49	5.6	5.96	2.89	1.0	1.0	1.0	0	1.0	1.0	1.0	1.0	1.0	1.0	4.45											3.12										0.0			2.83	0.05	0.05	-0.47	0.01	0.01	-0.1		-0.47	0.01	0.01	40.53					1	0.0	0.0	-0.31	0.0	0.0	-0.09	-0.31	0.0	0.0	24.35					0.05	0.05	0.09	0.01	0.01	0.02	0.09	0.01	0.01	123.61					0.05	0.05	0.09	0.01	0.01	0.02	0.09	0.01	0.01	123.61					0.0	0.0	0.0	0.0	0.0	0.0	0.0	0.0	0.0					
2020-04-21 07:00:00	15000	4.36	4.22	4.36	4.23	3.77	CFV.MI	5.72	5.72	5.53	5.55	5.96	2.91	1.0	1.0	1.0	0	1.0	1.0	1.0	1.0	1.0	1.0		4.22										3.12	5.72									0.0			2.83	-0.2	-0.2	-0.67	-0.05	-0.05	-0.14		-0.67	0.0	0.0	36.37					1	-0.0	-0.0	-0.31	-0.0	-0.0	-0.09	-0.31	0.0	0.0	24.35					-0.2	-0.2	-0.11	-0.05	-0.05	-0.03	-0.11	0.01	0.01	111.48					-0.2	-0.2	-0.11	-0.05	-0.05	-0.03	-0.11	0.01	0.01	111.48					-0.0	-0.0	0.0	-0.0	-0.0	0.0	0.0	-0.0	0.0					
2020-04-22 07:00:00	2000	4.35	4.32	4.32	4.35	3.88	CFV.MI	5.56	5.6	5.56	5.6	5.96	2.91	1.0	1.0	1.0	0	1.0	1.0	1.0	1.0	1.0	1.0												3.12										0.0			2.83	0.12	0.12	-0.55	0.03	0.03	-0.11		-0.55	0.0	0.0	36.98					1	0.0	0.0	-0.31	0.0	0.0	-0.09	-0.31	0.0	0.0	24.35					0.12	0.12	0.01	0.03	0.03	0.0	0.01	0.01	0.01	112.14					0.12	0.12	0.01	0.03	0.03	0.0	0.01	0.01	0.01	112.14					0.0	0.0	0.0	0.0	0.0	0.0	0.0	0.0	0.0					
2020-04-23 07:00:00	8000	4.44	4.3	4.35	4.4	3.92	CFV.MI	5.52	5.63	5.45	5.58	5.96	2.91	1.0	1.0	1.0	0	1.0	1.0	1.0	1.0	1.0	1.0	4.44											3.12		5.45								0.0			2.83	0.05	0.05	-0.5	0.01	0.01	-0.1		-0.5	0.01	0.01	37.22					1	0.0	0.0	-0.31	0.0	0.0	-0.09	-0.31	0.0	0.0	24.35					0.05	0.05	0.06	0.01	0.01	0.01	0.06	0.01	0.01	112.4					0.05	0.05	0.06	0.01	0.01	0.01	0.06	0.01	0.01	112.4					0.0	0.0	0.0	0.0	0.0	0.0	0.0	0.0	0.0					
2020-04-24 07:00:00	4000	4.38	4.33	4.38	4.33	3.86	CFV.MI	5.6	5.6	5.54	5.54	5.96	2.91	1.0	1.0	1.0	0	1.0	1.0	1.0	1.0	1.0	1.0		4.33										3.12	5.6									0.0			2.83	-0.07	-0.07	-0.57	-0.02	-0.02	-0.12		-0.57	0.0	0.0	34.73					1	-0.0	-0.0	-0.31	-0.0	-0.0	-0.09	-0.31	0.0	0.0	24.35					-0.07	-0.07	-0.01	-0.02	-0.02	-0.0	-0.01	0.01	0.01	106.7					-0.07	-0.07	-0.01	-0.02	-0.02	-0.0	-0.01	0.01	0.01	106.7					-0.0	-0.0	0.0	-0.0	-0.0	0.0	0.0	-0.0	0.0					
2020-04-27 07:00:00	15000	4.53	4.38	4.53	4.42	3.94	CFV.MI	5.62	5.62	5.44	5.48	5.96	2.91	1.0	1.0	1.0	0	1.0	1.0	1.0	1.0	1.0	1.0	4.53		4.53									3.12										0.0			2.83	0.09	0.09	-0.48	0.02	0.02	-0.1		-0.48	0.0	0.0	35.17					1	0.0	0.0	-0.31	0.0	0.0	-0.09	-0.31	0.0	0.0	24.35					0.09	0.09	0.08	0.02	0.02	0.02	0.08	0.01	0.01	107.18					0.09	0.09	0.08	0.02	0.02	0.02	0.08	0.01	0.01	107.18					0.0	0.0	0.0	0.0	0.0	0.0	0.0	0.0	0.0					
2020-04-28 07:00:00	5000	4.47	4.4	4.4	4.41	3.93	CFV.MI	5.37	5.45	5.37	5.38	5.96	2.91	1.0	1.0	1.0	0	1.0	1.0	1.0	1.0	1.0	1.0												3.12										0.0			2.83	-0.01	-0.01	-0.49	-0.0	-0.0	-0.1		-0.49	0.0	0.0	33.38					1	-0.0	-0.0	-0.31	-0.0	-0.0	-0.09	-0.31	0.0	0.0	24.35					-0.01	-0.01	0.07	-0.0	-0.0	0.02	0.07	0.01	0.01	104.02					-0.01	-0.01	0.07	-0.0	-0.0	0.02	0.07	0.01	0.01	104.02					-0.0	-0.0	0.0	-0.0	-0.0	0.0	0.0	-0.0	0.0					
2020-04-29 07:00:00	7000	4.41	4.32	4.4	4.32	3.84	CFV.MI	5.25	5.26	5.16	5.16	5.96	2.91	1.0	1.0	1.0	0	1.0	1.0	1.0	1.0	1.0	1.0												3.12		5.16		5.16						0.0			2.83	-0.09	-0.09	-0.58	-0.02	-0.02	-0.12		-0.58	0.0	0.0	30.75					1	-0.0	-0.0	-0.31	-0.0	-0.0	-0.09	-0.31	0.0	0.0	24.35					-0.09	-0.09	-0.02	-0.02	-0.02	-0.0	-0.02	0.01	0.01	97.87					-0.09	-0.09	-0.02	-0.02	-0.02	-0.0	-0.02	0.01	0.01	97.87					-0.0	-0.0	0.0	-0.0	-0.0	0.0	0.0	-0.0	0.0					
2020-04-30 07:00:00	22000	4.32	4.18	4.32	4.28	3.82	CFV.MI	5.27	5.27	5.1	5.22	5.96	2.91	1.0	1.0	-1.0	0	1.0	1.0	1.0	1.0	1.0	1.0												3.12										0.0			2.83	-0.04	-0.04	-0.62	-0.01	-0.01	-0.13		-0.62	0.0	0.0	28.67					1	-0.0	-0.0	-0.31	-0.0	-0.0	-0.09	-0.31	0.0	0.0	24.35					-0.04	-0.04	-0.06	-0.01	-0.01	-0.01	-0.06	0.01	0.01	93.69					-0.04	-0.04	-0.06	-0.01	-0.01	-0.01	-0.06	0.01	0.01	93.69					-0.0	-0.0	0.0	-0.0	-0.0	0.0	0.0	-0.0	0.0					
2020-05-04 07:00:00	11000	4.28	4.09	4.28	4.26	3.85	CFV.MI	5.42	5.42	5.18	5.39	5.96	2.91	1.0	1.0	-1.0	-1	1.0	1.0	1.0	1.0	1.0	1.0												3.12	5.42									0.0			2.83	-0.02	-0.02	-0.64	-0.0	-0.0	-0.13		-0.64	0.0	0.0	26.81					1	-0.0	-0.0	-0.31	-0.0	-0.0	-0.09	-0.31	0.0	0.0	24.35					-0.02	-0.02	-0.08	-0.0	-0.0	-0.02	-0.08	0.0	0.0	90.27					-0.02	-0.02	-0.08	-0.0	-0.0	-0.02	-0.08	0.0	0.0	90.27					-0.0	-0.0	0.0	-0.0	-0.0	0.0	0.0	-0.0	0.0					
2020-05-05 07:00:00	5000	4.2	4.2	4.2	4.2	3.8	CFV.MI	5.21	5.21	5.21	5.21	5.96	2.91	1.0	1.0	-1.0	-1	1.0	1.0	1.0	1.0	1.0	1.0		4.2										3.12		5.21								0.0			2.83	-0.06	-0.06	-0.7	-0.01	-0.01	-0.14		-0.7	0.0	0.0	24.55					1	0.06	0.06	-0.25	0.01	0.01	-0.08	-0.25	0.0	0.0	24.68					-0.06	-0.06	-0.14	-0.01	-0.01	-0.03	-0.14	0.0	0.0	85.5					-0.06	-0.06	-0.14	-0.01	-0.01	-0.03	-0.14	0.0	0.0	85.5					-0.0	-0.0	0.0	-0.0	-0.0	0.0	0.0	-0.0	0.0					
2020-05-06 07:00:00	2000	4.26	4.2	4.2	4.26	3.85	CFV.MI	5.28	5.35	5.28	5.35	5.96	2.91	1.0	1.0	-1.0	-1	1.0	1.0	1.0	1.0	1.0	1.0	4.26											3.12	5.35									0.0			2.83	0.06	0.06	-0.64	0.01	0.01	-0.13		-0.64	0.0	0.0	24.9					1	-0.06	-0.06	-0.31	-0.01	-0.01	-0.09	-0.31	0.0	0.0	22.52					0.06	0.06	-0.08	0.01	0.01	-0.02	-0.08	0.0	0.0	85.95					0.06	0.06	-0.08	0.01	0.01	-0.02	-0.08	0.0	0.0	85.95					0.0	0.0	0.0	0.0	0.0	0.0	0.0	0.0	0.0					
2020-05-07 07:00:00	9000	4.22	4.13	4.18	4.13	3.73	CFV.MI	5.23	5.28	5.17	5.17	5.96	2.91	1.0	1.0	-1.0	-1	1.0	1.0	1.0	1.0	1.0	1.0		4.13		4.13								3.12		5.17								0.0			2.83	-0.13	-0.13	-0.77	-0.03	-0.03	-0.16		-0.77	0.0	0.0	22.04					1	0.13	0.13	-0.18	0.03	0.03	-0.06	-0.18	0.0	0.0	23.22					-0.13	-0.13	-0.21	-0.03	-0.03	-0.05	-0.21	0.0	0.0	79.1					-0.13	-0.13	-0.21	-0.03	-0.03	-0.05	-0.21	0.0	0.0	79.1					-0.0	-0.0	0.0	-0.0	-0.0	0.0	0.0	-0.0	0.0					
2020-05-08 07:00:00	3000	4.22	4.2	4.21	4.22	3.81	CFV.MI	5.21	5.22	5.19	5.22	5.96	2.91	1.0	1.0	-1.0	-1	1.0	1.0	1.0	1.0	1.0	1.0												3.12										0.0			2.83	0.09	0.09	-0.68	0.02	0.02	-0.14		-0.68	0.0	0.0	22.56					1	-0.09	-0.09	-0.27	-0.02	-0.02	-0.08	-0.27	0.0	0.0	20.83					0.09	0.09	-0.12	0.02	0.02	-0.03	-0.12	0.0	0.0	79.78					0.09	0.09	-0.12	0.02	0.02	-0.03	-0.12	0.0	0.0	79.78					0.0	0.0	0.0	0.0	0.0	0.0	0.0	0.0	0.0					
2020-05-11 07:00:00	8000	4.26	4.16	4.16	4.26	3.85	CFV.MI	5.16	5.29	5.16	5.29	5.96	2.91	1.0	1.0	-1.0	-1	1.0	1.0	1.0	1.0	1.0	1.0												3.12	5.29									0.0			2.83	0.04	0.04	-0.64	0.01	0.01	-0.13		-0.64	0.0	0.0	22.79					1	-0.04	-0.04	-0.31	-0.01	-0.01	-0.09	-0.31	0.0	0.0	18.93					0.04	0.04	-0.08	0.01	0.01	-0.02	-0.08	0.0	0.0	80.07					0.04	0.04	-0.08	0.01	0.01	-0.02	-0.08	0.0	0.0	80.07					0.0	0.0	0.0	0.0	0.0	0.0	0.0	0.0	0.0					
2020-05-12 07:00:00	7000	4.25	4.18	4.18	4.25	3.84	CFV.MI	5.13	5.22	5.13	5.22	5.96	2.91	1.0	1.0	-1.0	-1	1.0	1.0	1.0	1.0	1.0	1.0												3.12		5.13								0.0			2.83	-0.01	-0.01	-0.65	-0.0	-0.0	-0.13		-0.65	0.0	0.0	21.1					1	0.01	0.01	-0.3	0.0	0.0	-0.09	-0.3	0.0	0.0	18.98					-0.01	-0.01	-0.09	-0.0	-0.0	-0.02	-0.09	0.0	0.0	77.21					-0.01	-0.01	-0.09	-0.0	-0.0	-0.02	-0.09	0.0	0.0	77.21					-0.0	-0.0	0.0	-0.0	-0.0	0.0	0.0	-0.0	0.0					
2020-05-13 07:00:00	2000	4.28	4.27	4.28	4.27	3.86	CFV.MI	5.37	5.37	5.36	5.36	5.96	2.91	1.0	1.0	-1.0	-1	1.0	1.0	1.0	1.0	1.0	1.0												3.12										0.0			2.83	0.02	0.02	-0.63	0.0	0.0	-0.13		-0.63	0.0	0.0	21.21					1	-0.02	-0.02	-0.32	-0.0	-0.0	-0.09	-0.32	0.0	0.0	17.26					0.02	0.02	-0.07	0.0	0.0	-0.02	-0.07	0.0	0.0	77.36					0.02	0.02	-0.07	0.0	0.0	-0.02	-0.07	0.0	0.0	77.36					0.0	0.0	0.0	0.0	0.0	0.0	0.0	0.0	0.0					
2020-05-14 07:00:00	27000	4.47	4.27	4.27	4.41	3.98	CFV.MI	5.46	5.72	5.46	5.64	5.96	2.91	1.0	1.0	-1.0	-1	1.0	1.0	1.0	1.0	1.0	1.0												3.12										0.0			2.83	0.14	0.14	-0.49	0.03	0.03	-0.1		-0.49	0.0	0.0	21.97					1	-0.14	-0.14	-0.46	-0.03	-0.03	-0.12	-0.46	0.0	0.0	14.62					0.14	0.14	0.07	0.03	0.03	0.02	0.07	0.01	0.01	78.33					0.14	0.14	0.07	0.03	0.03	0.02	0.07	0.01	0.01	78.33					0.0	0.0	0.0	0.0	0.0	0.0	0.0	0.0	0.0					
2020-05-15 07:00:00	99000	4.83	4.45	4.45	4.5	4.07	CFV.MI	5.7	6.18	5.7	5.76	6.18	2.91	1.0	1.0	1.0	1	1.0	1.0	1.0	1.0	1.0	1.0	4.83		4.83		4.83				-1.0			4.83	6.18		6.18		6.18					0.0		6.18	2.83	0.09	0.09	-0.4	0.02	0.02	-0.08		-0.4	0.0	0.0	22.43					1	-0.09	-0.09	-0.55	-0.02	-0.02	-0.14	-0.55	0.0	0.0	12.43					0.09	0.09	0.16	0.02	0.02	0.04	0.16	0.01	0.01	78.9					0.09	0.09	0.16	0.02	0.02	0.04	0.16	0.01	0.01	78.9					0.0	0.0	0.0	0.0	0.0	0.0	0.0	0.0	0.0					
2020-05-18 07:00:00	46000	4.61	4.3	4.59	4.35	3.93	CFV.MI	5.69	5.71	5.33	5.39	6.18	2.91	1.0	1.0	1.0	1	1.0	1.0	1.0	1.0	1.0	1.0									-1.0			4.83										0.0			2.83	-0.15	-0.15	-0.55	-0.03	-0.03	-0.11		-0.55	0.0	0.0	19.63					1	-0.15	-0.15	-0.7	-0.03	-0.03	-0.17	-0.7	0.0	0.0	9.88					-0.15	-0.15	0.01	-0.03	-0.03	0.0	0.01	0.0	0.0	72.34					-0.15	-0.15	0.01	-0.03	-0.03	0.0	0.01	0.0	0.0	72.34					-0.0	-0.0	0.0	-0.0	-0.0	0.0	0.0	-0.0	0.0					
2020-05-19 07:00:00	15000	4.39	4.27	4.31	4.32	3.9	CFV.MI	5.46	5.56	5.41	5.47	6.18	2.91	1.0	1.0	1.0	1	1.0	1.0	1.0	1.0	1.0	1.0		4.27							-1.0			4.83										0.0			2.83	-0.03	-0.03	-0.58	-0.01	-0.01	-0.12		-0.58	0.0	0.0	17.85					1	-0.03	-0.03	-0.73	-0.01	-0.01	-0.17	-0.73	0.0	0.0	8.17					-0.03	-0.03	-0.02	-0.01	-0.01	-0.0	-0.02	0.0	0.0	69.15					-0.03	-0.03	-0.02	-0.01	-0.01	-0.0	-0.02	0.0	0.0	69.15					-0.0	-0.0	0.0	-0.0	-0.0	0.0	0.0	-0.0	0.0					
2020-05-20 07:00:00	10000	4.41	4.3	4.41	4.32	3.9	CFV.MI	5.53	5.53	5.39	5.41	6.18	2.91	1.0	1.0	1.0	1	1.0	1.0	1.0	1.0	1.0	1.0	4.41								-1.0			4.83										0.0			2.83	0.0	0.0	-0.58	0.0	0.0	-0.12		-0.58	0.0	0.0	17.85					1	0.0	0.0	-0.73	0.0	0.0	-0.17	-0.73	0.0	0.0	8.17					0.0	0.0	-0.02	0.0	0.0	-0.0	-0.02	0.0	0.0	69.15					0.0	0.0	-0.02	0.0	0.0	-0.0	-0.02	0.0	0.0	69.15					0.0	0.0	0.0	0.0	0.0	0.0	0.0	0.0	0.0					
2020-05-21 07:00:00	67000	4.41	4.0	4.33	4.18	3.78	CFV.MI	5.47	5.57	5.05	5.28	6.18	2.94	1.0	1.0	-1.0	0	1.0	1.0	1.0	1.0	1.0	1.0		4.0		4.0		4.0			-1.0			4.0		5.05								0.0			2.83	-0.14	-0.14	-0.72	-0.03	-0.03	-0.15		-0.72	0.0	0.0	15.22					1	-0.14	-0.14	-0.87	-0.03	-0.03	-0.2	-0.87	0.0	0.0	5.76					-0.14	-0.14	-0.16	-0.03	-0.03	-0.04	-0.16	0.0	0.0	63.22					-0.14	-0.14	-0.16	-0.03	-0.03	-0.04	-0.16	0.0	0.0	63.22					-0.0	-0.0	0.0	-0.0	-0.0	0.0	0.0	-0.0	0.0					
2020-05-22 07:00:00	7000	4.3	4.24	4.24	4.3	3.89	CFV.MI	5.28	5.36	5.28	5.36	6.18	2.98	1.0	1.0	-1.0	0	1.0	1.0	1.0	1.0	1.0	1.0	4.3								-1.0			4.0	5.36									0.0			2.83	0.12	0.12	-0.6	0.03	0.03	-0.12		-0.6	0.0	0.0	15.89					1	0.0	0.0	-0.87	0.0	0.0	-0.2	-0.87	0.0	0.0	5.76					0.12	0.12	-0.04	0.03	0.03	-0.01	-0.04	0.0	0.0	64.09					0.12	0.12	-0.04	0.03	0.03	-0.01	-0.04	0.0	0.0	64.09					0.0	0.0	0.0	0.0	0.0	0.0	0.0	0.0	0.0					
2020-05-25 07:00:00	12000	4.31	4.22	4.31	4.3	3.89	CFV.MI	5.28	5.28	5.17	5.27	6.18	3.0	1.0	1.0	-1.0	0	1.0	1.0	1.0	1.0	1.0	1.0									-1.0			4.0										0.0			2.83	0.0	0.0	-0.6	0.0	0.0	-0.12		-0.6	0.0	0.0	15.89					1	0.0	0.0	-0.87	0.0	0.0	-0.2	-0.87	0.0	0.0	5.76					0.0	0.0	-0.04	0.0	0.0	-0.01	-0.04	0.0	0.0	64.09					0.0	0.0	-0.04	0.0	0.0	-0.01	-0.04	0.0	0.0	64.09					0.0	0.0	0.0	0.0	0.0	0.0	0.0	0.0	0.0					
2020-05-26 07:00:00	6000	4.29	4.21	4.22	4.29	3.88	CFV.MI	5.1	5.18	5.08	5.18	6.18	3.18	1.0	1.0	-1.0	0	1.0	1.0	1.0	1.0	1.0	1.0									-1.0			4.0										0.0			2.83	-0.01	-0.01	-0.61	-0.0	-0.0	-0.12		-0.61	0.0	0.0	14.31					1	-0.0	-0.0	-0.87	-0.0	-0.0	-0.2	-0.87	0.0	0.0	5.76					-0.01	-0.01	-0.05	-0.0	-0.0	-0.01	-0.05	0.0	0.0	61.54					-0.01	-0.01	-0.05	-0.0	-0.0	-0.01	-0.05	0.0	0.0	61.54					-0.0	-0.0	0.0	-0.0	-0.0	0.0	0.0	-0.0	0.0					
2020-05-27 07:00:00	6000	4.24	4.2	4.24	4.2	3.8	CFV.MI	5.11	5.11	5.06	5.06	6.18	3.56	1.0	1.0	-1.0	0	1.0	1.0	1.0	1.0	1.0	1.0		4.2							-1.0			4.0		5.06								0.0			2.83	-0.09	-0.09	-0.7	-0.02	-0.02	-0.14		-0.7	0.0	0.0	12.15					1	-0.0	-0.0	-0.87	-0.0	-0.0	-0.2	-0.87	0.0	0.0	0.87					-0.09	-0.09	-0.14	-0.02	-0.02	-0.03	-0.14	0.0	0.0	57.17					-0.09	-0.09	-0.14	-0.02	-0.02	-0.03	-0.14	0.0	0.0	57.17					-0.0	-0.0	0.0	-0.0	-0.0	0.0	0.0	-0.0	0.0					
2020-05-28 07:00:00	30000	4.5	4.25	4.25	4.4	3.98	CFV.MI	4.99	5.29	4.99	5.17	6.18	3.56	1.0	1.0	-1.0	0	1.0	1.0	1.0	1.0	1.0	1.0	4.5		4.5						-1.0			4.0										0.0			2.83	0.2	0.2	-0.5	0.05	0.05	-0.1		-0.5	0.0	0.0	13.24					1	0.0	0.0	-0.87	0.0	0.0	-0.2	-0.87	-0.0	-0.0	-9.4					0.2	0.2	0.06	0.05	0.05	0.01	0.06	0.0	0.0	58.6					0.2	0.2	0.06	0.05	0.05	0.01	0.06	0.0	0.0	58.6					0.0	0.0	0.0	0.0	0.0	0.0	0.0	0.0	0.0					
2020-05-29 07:00:00	8000	4.41	4.3	4.41	4.35	3.93	CFV.MI	5.23	5.23	5.1	5.16	6.18	3.56	1.0	1.0	-1.0	0	1.0	1.0	1.0	1.0	1.0	1.0		4.3							-1.0			4.0	5.23									0.0			2.83	-0.05	-0.05	-0.55	-0.01	-0.01	-0.11		-0.55	0.0	0.0	11.44					1	-0.0	-0.0	-0.87	-0.0	-0.0	-0.2	-0.87	-0.0	-0.0	-4.51					-0.05	-0.05	0.01	-0.01	-0.01	0.0	0.01	0.0	0.0	55.32					-0.05	-0.05	0.01	-0.01	-0.01	0.0	0.01	0.0	0.0	55.32					-0.0	-0.0	0.0	-0.0	-0.0	0.0	0.0	-0.0	0.0					
2020-06-01 07:00:00	2000	4.4	4.35	4.4	4.35	3.93	CFV.MI	5.12	5.12	5.06	5.06	6.18	3.56	1.0	1.0	-1.0	0	1.0	1.0	1.0	1.0	1.0	1.0	4.4								-1.0			4.0										0.0			2.83	0.0	0.0	-0.55	0.0	0.0	-0.11		-0.55	0.0	0.0	11.44					1	0.0	0.0	-0.87	0.0	0.0	-0.2	-0.87	-0.0	-0.0	-6.66					0.0	0.0	0.01	0.0	0.0	0.0	0.01	0.0	0.0	55.32					0.0	0.0	0.01	0.0	0.0	0.0	0.01	0.0	0.0	55.32					0.0	0.0	0.0	0.0	0.0	0.0	0.0	0.0	0.0					
2020-06-02 07:00:00	14000	4.35	4.3	4.35	4.3	3.89	CFV.MI	4.95	4.95	4.89	4.89	6.18	3.56	1.0	1.0	-1.0	0	1.0	1.0	1.0	1.0	1.0	1.0		4.3							-1.0			4.0										0.0			2.83	-0.05	-0.05	-0.6	-0.01	-0.01	-0.12		-0.6	0.0	0.0	9.65					1	-0.0	-0.0	-0.87	-0.0	-0.0	-0.2	-0.87	-0.0	-0.0	-2.3					-0.05	-0.05	-0.04	-0.01	-0.01	-0.01	-0.04	0.0	0.0	52.08					-0.05	-0.05	-0.04	-0.01	-0.01	-0.01	-0.04	0.0	0.0	52.08					-0.0	-0.0	0.0	-0.0	-0.0	0.0	0.0	-0.0	0.0					
2020-06-03 07:00:00	9000	4.46	4.29	4.29	4.46	4.03	CFV.MI	4.71	4.9	4.71	4.9	6.18	3.56	1.0	-1.0	-1.0	0	1.0	1.0	1.0	1.0	1.0	1.0	4.46								-1.0			4.0										0.0			2.83	0.16	0.16	-0.44	0.04	0.04	-0.09		-0.44	0.0	0.0	10.49					1	0.0	0.0	-0.87	0.0	0.0	-0.2	-0.87	0.0	0.0	1.66					0.16	0.16	0.12	0.04	0.04	0.03	0.12	0.0	0.0	53.19					0.16	0.16	0.12	0.04	0.04	0.03	0.12	0.0	0.0	53.19					0.0	0.0	0.0	0.0	0.0	0.0	0.0	0.0	0.0					
2020-06-04 07:00:00	11000	4.45	4.26	4.45	4.41	3.99	CFV.MI	4.89	4.89	4.68	4.84	6.18	3.56	1.0	-1.0	-1.0	0	1.0	1.0	1.0	1.0	1.0	1.0									-1.0			4.0										0.0			2.83	-0.05	-0.05	-0.49	-0.01	-0.01	-0.1		-0.49	0.0	0.0	8.75					1	-0.0	-0.0	-0.87	-0.0	-0.0	-0.2	-0.87	0.0	0.0	5.0					-0.05	-0.05	0.07	-0.01	-0.01	0.02	0.07	0.0	0.0	50.07					-0.05	-0.05	0.07	-0.01	-0.01	0.02	0.07	0.0	0.0	50.07					-0.0	-0.0	0.0	-0.0	-0.0	0.0	0.0	-0.0	0.0					
2020-06-05 07:00:00	28000	4.46	4.29	4.39	4.29	3.88	CFV.MI	4.69	4.76	4.58	4.58	6.18	3.8	1.0	-1.0	-1.0	0	1.0	1.0	1.0	1.0	1.0	1.0		4.29		4.29					-1.0			4.0		4.58		4.58		4.58				0.0			4.58	-0.12	-0.12	-0.61	-0.03	-0.03	-0.12		-0.61	0.0	0.0	6.59					1	-0.0	-0.0	-0.87	-0.0	-0.0	-0.2	-0.87	0.0	0.0	2.84					-0.12	-0.12	-0.05	-0.03	-0.03	-0.01	-0.05	0.0	0.0	45.69					-0.12	-0.12	-0.05	-0.03	-0.03	-0.01	-0.05	0.0	0.0	45.69					-0.0	-0.0	0.0	-0.0	-0.0	0.0	0.0	-0.0	0.0					
2020-06-08 07:00:00	41000	4.55	4.29	4.35	4.54	4.1	CFV.MI	4.64	4.85	4.57	4.84	6.18	3.8	1.0	-1.0	-1.0	0	1.0	1.0	1.0	1.0	1.0	1.0	4.55								-1.0			4.0										0.0			4.58	0.25	0.25	-0.36	0.06	0.06	-0.07		-0.36	0.0	0.0	7.87					1	0.0	0.0	-0.87	0.0	0.0	-0.2	-0.87	0.0	0.0	0.86					0.25	0.25	0.2	0.06	0.06	0.05	0.2	0.0	0.0	47.37					0.25	0.25	0.2	0.06	0.06	0.05	0.2	0.0	0.0	47.37					0.0	0.0	0.0	0.0	0.0	0.0	0.0	0.0	0.0					
2020-06-09 07:00:00	19000	4.5	4.36	4.5	4.41	3.99	CFV.MI	4.87	4.87	4.72	4.77	6.18	3.8	1.0	-1.0	-1.0	0	1.0	1.0	1.0	1.0	1.0	1.0		4.36							-1.0			4.0										0.0			4.58	-0.13	-0.13	-0.49	-0.03	-0.03	-0.1		-0.49	0.0	0.0	5.76					1	-0.0	-0.0	-0.87	-0.0	-0.0	-0.2	-0.87	-0.0	-0.0	-3.05					-0.13	-0.13	0.07	-0.03	-0.03	0.02	0.07	0.0	0.0	43.13					-0.13	-0.13	0.07	-0.03	-0.03	0.02	0.07	0.0	0.0	43.13					-0.0	-0.0	0.0	-0.0	-0.0	0.0	0.0	-0.0	0.0					
2020-06-10 07:00:00	13000	4.52	4.42	4.5	4.44	4.01	CFV.MI	4.91	4.93	4.82	4.85	6.18	3.8	1.0	-1.0	-1.0	0	1.0	1.0	1.0	1.0	1.0	1.0									-1.0			4.0										0.0			4.58	0.03	0.03	-0.46	0.01	0.01	-0.09		-0.46	0.0	0.0	5.91					1	0.0	0.0	-0.87	0.0	0.0	-0.2	-0.87	-0.0	-0.0	-0.01					0.03	0.03	0.1	0.01	0.01	0.02	0.1	0.0	0.0	43.33					0.03	0.03	0.1	0.01	0.01	0.02	0.1	0.0	0.0	43.33					0.0	0.0	0.0	0.0	0.0	0.0	0.0	0.0	0.0					
2020-06-11 07:00:00	43000	4.6	4.44	4.5	4.47	4.04	CFV.MI	5.16	5.28	5.09	5.13	6.18	3.8	1.0	-1.0	-1.0	0	1.0	1.0	1.0	1.0	1.0	1.0	4.6		4.6						-1.0			4.0	5.28		5.28							0.0			4.58	0.03	0.03	-0.43	0.01	0.01	-0.09		-0.43	0.0	0.0	6.06					1	0.0	0.0	-0.87	0.0	0.0	-0.2	-0.87	0.0	0.0	2.87					0.03	0.03	0.13	0.01	0.01	0.03	0.13	0.0	0.0	43.52					0.03	0.03	0.13	0.01	0.01	0.03	0.13	0.0	0.0	43.52					0.0	0.0	0.0	0.0	0.0	0.0	0.0	0.0	0.0					
2020-06-12 07:00:00	12000	4.54	4.45	4.45	4.45	4.02	CFV.MI	5.08	5.18	5.08	5.08	6.18	3.8	1.0	-1.0	-1.0	0	1.0	1.0	1.0	1.0	1.0	1.0		4.45							-1.0			4.0		5.08								0.0			4.58	-0.02	-0.02	-0.45	-0.0	-0.0	-0.09		-0.45	0.0	0.0	4.58					1	-0.0	-0.0	-0.87	-0.0	-0.0	-0.2	-0.87	0.0	0.0	5.92					-0.02	-0.02	0.11	-0.0	-0.0	0.03	0.11	0.0	0.0	41.19					-0.02	-0.02	0.11	-0.0	-0.0	0.03	0.11	0.0	0.0	41.19					-0.0	-0.0	0.0	-0.0	-0.0	0.0	0.0	-0.0	0.0					
2020-06-15 07:00:00	10000	4.57	4.42	4.44	4.53	4.09	CFV.MI	5.05	5.2	5.03	5.15	6.18	3.8	1.0	-1.0	-1.0	0	1.0	1.0	1.0	1.0	1.0	1.0									-1.0			4.0	5.2									0.0			4.58	0.08	0.08	-0.37	0.02	0.02	-0.08		-0.37	0.0	0.0	4.98					1	0.0	0.0	-0.87	0.0	0.0	-0.2	-0.87	0.0	0.0	5.08					0.08	0.08	0.19	0.02	0.02	0.04	0.19	0.0	0.0	41.71					0.08	0.08	0.19	0.02	0.02	0.04	0.19	0.0	0.0	41.71					0.0	0.0	0.0	0.0	0.0	0.0	0.0	0.0	0.0					
2020-06-16 07:00:00	13000	4.56	4.47	4.56	4.56	4.12	CFV.MI	5.01	5.01	4.91	5.01	6.18	3.8	1.0	-1.0	-1.0	0	1.0	1.0	1.0	1.0	1.0	1.0									-1.0			4.0		4.91								0.0			4.58	0.03	0.03	-0.34	0.01	0.01	-0.07		-0.34	0.0	0.0	5.12					1	0.0	0.0	-0.87	0.0	0.0	-0.2	-0.87	0.0	0.0	4.06					0.03	0.03	0.22	0.01	0.01	0.05	0.22	0.0	0.0	41.89					0.03	0.03	0.22	0.01	0.01	0.05	0.22	0.0	0.0	41.89					0.0	0.0	0.0	0.0	0.0	0.0	0.0	0.0	0.0					
2020-06-17 07:00:00	3000	4.58	4.56	4.58	4.58	4.14	CFV.MI	5.04	5.04	5.02	5.04	6.18	3.8	1.0	-1.0	-1.0	0	1.0	1.0	1.0	1.0	1.0	1.0	4.58								-1.0			4.0	5.04									0.0			4.58	0.02	0.02	-0.32	0.0	0.0	-0.07		-0.32	0.0	0.0	5.21					1	0.0	0.0	-0.87	0.0	0.0	-0.2	-0.87	0.0	0.0	3.36					0.02	0.02	0.24	0.0	0.0	0.06	0.24	0.0	0.0	42.01					0.02	0.02	0.24	0.0	0.0	0.06	0.24	0.0	0.0	42.01					0.0	0.0	0.0	0.0	0.0	0.0	0.0	0.0	0.0					
2020-06-18 07:00:00	17000	4.56	4.49	4.49	4.55	4.12	CFV.MI	4.97	5.05	4.97	5.04	6.18	3.8	1.0	-1.0	-1.0	0	1.0	1.0	1.0	1.0	1.0	1.0		4.49							-1.0			4.0										0.0			4.58	-0.03	-0.03	-0.35	-0.01	-0.01	-0.07		-0.35	0.0	0.0	3.71					1	-0.0	-0.0	-0.87	-0.0	-0.0	-0.2	-0.87	-0.0	-0.0	-4.61					-0.03	-0.03	0.21	-0.01	-0.01	0.05	0.21	0.0	0.0	39.58					-0.03	-0.03	0.21	-0.01	-0.01	0.05	0.21	0.0	0.0	39.58					-0.0	-0.0	0.0	-0.0	-0.0	0.0	0.0	-0.0	0.0					
2020-06-19 07:00:00	5000	4.59	4.54	4.59	4.56	4.12	CFV.MI	5.05	5.05	4.99	5.01	6.18	3.8	1.0	-1.0	-1.0	0	1.0	1.0	1.0	1.0	1.0	1.0	4.59								-1.0			4.0										0.0			4.58	0.01	0.01	-0.34	0.0	0.0	-0.07		-0.34	0.0	0.0	5.81					1	0.0	0.0	-0.87	0.0	0.0	-0.2	-0.87	-0.0	-0.0	-0.56					0.01	0.01	0.22	0.0	0.0	0.05	0.22	0.0	0.0	39.64					0.01	0.01	0.22	0.0	0.0	0.05	0.22	0.0	0.0	39.64					0.0	0.0	0.0	0.0	0.0	0.0	0.0	0.0	0.0					
2020-06-22 07:00:00	10000	4.59	4.46	4.59	4.46	4.03	CFV.MI	5.08	5.08	4.94	4.94	6.18	3.8	1.0	-1.0	-1.0	0	1.0	1.0	1.0	1.0	1.0	1.0		4.46							-1.0			4.0										0.0			4.58	-0.1	-0.1	-0.44	-0.02	-0.02	-0.09		-0.44	0.0	0.0	3.83					1	-0.0	-0.0	-0.87	-0.0	-0.0	-0.2	-0.87	-0.0	-0.0	-0.99					-0.1	-0.1	0.12	-0.02	-0.02	0.03	0.12	0.0	0.0	36.19					-0.1	-0.1	0.12	-0.02	-0.02	0.03	0.12	0.0	0.0	36.19					-0.0	-0.0	0.0	-0.0	-0.0	0.0	0.0	-0.0	0.0					
2020-06-23 07:00:00	2000	4.51	4.51	4.51	4.51	4.08	CFV.MI	4.9	4.9	4.9	4.9	6.18	3.8	1.0	-1.0	-1.0	0	1.0	1.0	1.0	1.0	1.0	1.0	4.51								-1.0			4.0		4.9		4.9						0.0			4.58	0.05	0.05	-0.39	0.01	0.01	-0.08		-0.39	0.0	0.0	3.75					1	0.0	0.0	-0.87	0.0	0.0	-0.2	-0.87	-0.0	-0.0	-2.54					0.05	0.05	0.17	0.01	0.01	0.04	0.17	0.0	0.0	36.52					0.05	0.05	0.17	0.01	0.01	0.04	0.17	0.0	0.0	36.52					0.0	0.0	0.0	0.0	0.0	0.0	0.0	0.0	0.0					
2020-06-24 07:00:00	9000	4.49	4.41	4.44	4.47	4.04	CFV.MI	5.0	5.05	4.96	5.03	6.18	3.8	1.0	-1.0	-1.0	0	1.0	1.0	1.0	1.0	1.0	1.0		4.41		4.41					-1.0			4.0	5.05									0.0			4.58	-0.04	-0.04	-0.43	-0.01	-0.01	-0.09		-0.43	0.0	0.0	2.01					1	-0.0	-0.0	-0.87	-0.0	-0.0	-0.2	-0.87	-0.0	-0.0	-3.44					-0.04	-0.04	0.13	-0.01	-0.01	0.03	0.13	0.0	0.0	34.02					-0.04	-0.04	0.13	-0.01	-0.01	0.03	0.13	0.0	0.0	34.02					-0.0	-0.0	0.0	-0.0	-0.0	0.0	0.0	-0.0	0.0					
2020-06-25 07:00:00	7000	4.5	4.38	4.38	4.5	4.07	CFV.MI	4.91	5.05	4.91	5.05	6.18	3.8	1.0	-1.0	-1.0	0	1.0	1.0	1.0	1.0	1.0	1.0									-1.0			4.0		4.91								0.0			4.58	0.03	0.03	-0.4	0.01	0.01	-0.08		-0.4	0.0	0.0	4.15					1	0.0	0.0	-0.87	0.0	0.0	-0.2	-0.87	0.0	0.0	0.7					0.03	0.03	0.16	0.01	0.01	0.04	0.16	0.0	0.0	34.21					0.03	0.03	0.16	0.01	0.01	0.04	0.16	0.0	0.0	34.21					0.0	0.0	0.0	0.0	0.0	0.0	0.0	0.0	0.0					
2020-06-26 07:00:00	13000	4.55	4.43	4.43	4.52	4.08	CFV.MI	5.0	5.13	5.0	5.1	6.18	3.8	1.0	-1.0	-1.0	0	1.0	1.0	1.0	1.0	1.0	1.0									-1.0			4.0	5.13									0.0			4.58	0.02	0.02	-0.38	0.0	0.0	-0.08		-0.38	0.0	0.0	6.24					1	0.0	0.0	-0.87	0.0	0.0	-0.2	-0.87	0.0	0.0	4.88					0.02	0.02	0.18	0.0	0.0	0.04	0.18	0.0	0.0	34.34					0.02	0.02	0.18	0.0	0.0	0.04	0.18	0.0	0.0	34.34					0.0	0.0	0.0	0.0	0.0	0.0	0.0	0.0	0.0					
2020-06-29 07:00:00	16000	4.58	4.49	4.55	4.49	4.06	CFV.MI	5.05	5.08	4.98	4.98	6.18	3.8	1.0	-1.0	-1.0	0	1.0	1.0	1.0	1.0	1.0	1.0									-1.0			4.0		4.98								0.0			4.58	-0.03	-0.03	-0.41	-0.01	-0.01	-0.08		-0.41	0.0	0.0	6.69					1	-0.0	-0.0	-0.87	-0.0	-0.0	-0.2	-0.87	0.0	0.0	9.08					-0.03	-0.03	0.15	-0.01	-0.01	0.03	0.15	0.0	0.0	32.02					-0.03	-0.03	0.15	-0.01	-0.01	0.03	0.15	0.0	0.0	32.02					-0.0	-0.0	0.0	-0.0	-0.0	0.0	0.0	-0.0	0.0					
2020-06-30 07:00:00	61000	4.83	4.52	4.53	4.58	4.14	CFV.MI	5.04	5.38	5.03	5.1	6.18	3.8	1.0	-1.0	1.0	1	1.0	1.0	1.0	1.0	1.0	1.0	4.83								-1.0			4.0	5.38		5.38							0.0			4.58	0.09	0.09	-0.32	0.02	0.02	-0.07		-0.32	0.0	0.0	6.74					1	0.0	0.0	-0.87	0.0	0.0	-0.2	-0.87	0.0	0.0	7.23					0.09	0.09	0.24	0.02	0.02	0.06	0.24	0.0	0.0	32.6					0.09	0.09	0.24	0.02	0.02	0.06	0.24	0.0	0.0	32.6					0.0	0.0	0.0	0.0	0.0	0.0	0.0	0.0	0.0					
2020-07-01 07:00:00	19000	4.68	4.5	4.68	4.5	4.07	CFV.MI	5.22	5.22	5.02	5.02	6.18	3.8	1.0	-1.0	1.0	1	1.0	1.0	1.0	1.0	1.0	1.0									-1.0			4.0										0.0			4.58	-0.08	-0.08	-0.4	-0.02	-0.02	-0.08		-0.4	0.0	0.0	6.51					1	-0.08	-0.08	-0.95	-0.02	-0.02	-0.21	-0.95	0.0	0.0	6.68					-0.08	-0.08	0.16	-0.02	-0.02	0.04	0.16	0.0	0.0	29.66					-0.08	-0.08	0.16	-0.02	-0.02	0.04	0.16	0.0	0.0	29.66					-0.0	-0.0	0.0	-0.0	-0.0	0.0	0.0	-0.0	0.0					
2020-07-02 07:00:00	9000	4.56	4.45	4.51	4.56	4.12	CFV.MI	4.89	4.95	4.83	4.95	6.18	3.8	1.0	-1.0	1.0	1	1.0	1.0	1.0	1.0	1.0	1.0		4.45							-1.0			4.0		4.83		4.83						0.0			4.58	0.06	0.06	-0.34	0.01	0.01	-0.07		-0.34	0.0	0.0	6.56					1	0.06	0.06	-0.89	0.01	0.01	-0.2	-0.89	0.0	0.0	6.94					0.06	0.06	0.22	0.01	0.01	0.05	0.22	0.0	0.0	30.04					0.06	0.06	0.22	0.01	0.01	0.05	0.22	0.0	0.0	30.04					0.0	0.0	0.0	0.0	0.0	0.0	0.0	0.0	0.0					
2020-07-03 07:00:00	13000	4.64	4.56	4.56	4.58	4.14	CFV.MI	4.99	5.07	4.99	5.01	6.18	3.8	1.0	-1.0	1.0	1	1.0	1.0	1.0	1.0	1.0	1.0	4.64								-1.0			4.0	5.07									0.0			4.58	0.02	0.02	-0.32	0.0	0.0	-0.07		-0.32	0.0	0.0	8.14					1	0.02	0.02	-0.87	0.0	0.0	-0.2	-0.87	0.0	0.0	10.47					0.02	0.02	0.24	0.0	0.0	0.06	0.24	0.0	0.0	30.17					0.02	0.02	0.24	0.0	0.0	0.06	0.24	0.0	0.0	30.17					0.0	0.0	0.0	0.0	0.0	0.0	0.0	0.0	0.0					
2020-07-06 07:00:00	10000	4.62	4.51	4.6	4.6	4.16	CFV.MI	4.95	4.97	4.86	4.95	6.18	3.8	1.0	-1.0	1.0	1	1.0	1.0	1.0	1.0	1.0	1.0		4.51							-1.0			4.0		4.86								0.0			4.58	0.02	0.02	-0.3	0.0	0.0	-0.06		-0.3	0.0	0.0	10.07					1	0.02	0.02	-0.85	0.0	0.0	-0.2	-0.85	0.0	0.0	14.82					0.02	0.02	0.26	0.0	0.0	0.06	0.26	0.0	0.0	30.29					0.02	0.02	0.26	0.0	0.0	0.06	0.26	0.0	0.0	30.29					0.0	0.0	0.0	0.0	0.0	0.0	0.0	0.0	0.0					
2020-07-07 07:00:00	72000	4.77	4.58	4.58	4.62	4.18	CFV.MI	4.94	5.14	4.94	4.98	6.18	3.8	1.0	-1.0	1.0	1	1.0	1.0	1.0	1.0	1.0	1.0									-1.0			4.0										0.0			4.58	0.02	0.02	-0.28	0.0	0.0	-0.06		-0.28	0.0	0.0	9.85					1	0.02	0.02	-0.83	0.0	0.0	-0.19	-0.83	0.0	0.0	13.72					0.02	0.02	0.28	0.0	0.0	0.06	0.28	0.0	0.0	30.42					0.02	0.02	0.28	0.0	0.0	0.06	0.28	0.0	0.0	30.42					0.0	0.0	0.0	0.0	0.0	0.0	0.0	0.0	0.0					
2020-07-08 07:00:00	92000	4.9	4.64	4.64	4.89	4.41	CFV.MI	5.03	5.31	5.03	5.3	6.18	3.8	1.0	-1.0	1.0	1	1.0	1.0	1.0	1.0	1.0	1.0									1.0			4.0										0.0			4.58	0.27	0.27	-0.01	0.06	0.06	-0.0		-0.01	0.0	0.0	12.57					1	0.27	0.27	-0.56	0.06	0.06	-0.15	-0.56	0.0	0.0	22.2					0.27	0.27	0.55	0.06	0.06	0.13	0.55	0.0	0.0	31.94					0.27	0.27	0.55	0.06	0.06	0.13	0.55	0.0	0.0	31.94					0.0	0.0	0.0	0.0	0.0	0.0	0.0	0.0	0.0					
2020-07-09 07:00:00	99000	5.06	4.8	4.88	5.05	4.56	CFV.MI	5.4	5.59	5.31	5.58	6.18	3.8	1.0	-1.0	1.0	1	1.0	1.0	1.0	1.0	1.0	1.0									1.0			4.0	5.59		5.59		5.59					0.0			5.59	0.16	0.16	0.15	0.03	0.03	0.03		0.15	0.0	0.0	13.08					1	0.16	0.16	-0.4	0.03	0.03	-0.12	-0.4	0.0	0.0	24.34					0.16	0.16	0.71	0.03	0.03	0.16	0.71	0.0	0.0	32.74					0.16	0.16	0.71	0.03	0.03	0.16	0.71	0.0	0.0	32.74					0.0	0.0	0.0	0.0	0.0	0.0	0.0	0.0	0.0					
2020-07-10 07:00:00	37000	5.1	4.9	5.09	4.96	4.48	CFV.MI	5.55	5.56	5.35	5.41	6.18	3.8	1.0	-1.0	1.0	1	1.0	1.0	1.0	1.0	1.0	1.0	5.1		5.1		5.1		5.1		1.0		5.1	5.1										0.0			5.59	-0.09	-0.09	0.06	-0.02	-0.02	0.01		0.06	0.0	0.0	10.23					1	-0.09	-0.09	-0.49	-0.02	-0.02	-0.13	-0.49	0.0	0.0	16.14					-0.09	-0.09	0.62	-0.02	-0.02	0.14	0.62	0.0	0.0	29.94					-0.09	-0.09	0.62	-0.02	-0.02	0.14	0.62	0.0	0.0	29.94					-0.0	-0.0	0.0	-0.0	-0.0	0.0	0.0	-0.0	0.0					
2020-07-13 07:00:00	39000	5.03	4.92	4.96	4.99	4.51	CFV.MI	5.35	5.42	5.3	5.38	6.18	3.8	1.0	-1.0	1.0	1	1.0	1.0	1.0	1.0	1.0	1.0									1.0			4.0										0.0			5.59	0.03	0.03	0.09	0.01	0.01	0.02		0.09	0.0	0.0	12.29					1	0.03	0.03	-0.46	0.01	0.01	-0.13	-0.46	0.0	0.0	20.79					0.03	0.03	0.65	0.01	0.01	0.15	0.65	0.0	0.0	30.08					0.03	0.03	0.65	0.01	0.01	0.15	0.65	0.0	0.0	30.08					0.0	0.0	0.0	0.0	0.0	0.0	0.0	0.0	0.0					
2020-07-14 07:00:00	24000	4.95	4.88	4.93	4.88	4.41	CFV.MI	5.35	5.37	5.29	5.29	6.18	3.8	1.0	-1.0	1.0	1	1.0	1.0	1.0	1.0	1.0	1.0		4.88							1.0			4.0										0.0			5.59	-0.11	-0.11	-0.02	-0.02	-0.02	-0.0		-0.02	0.0	0.0	10.02					1	-0.11	-0.11	-0.57	-0.02	-0.02	-0.15	-0.57	0.0	0.0	15.26					-0.11	-0.11	0.54	-0.02	-0.02	0.12	0.54	0.0	0.0	27.12					-0.11	-0.11	0.54	-0.02	-0.02	0.12	0.54	0.0	0.0	27.12					-0.0	-0.0	0.0	-0.0	-0.0	0.0	0.0	-0.0	0.0					
2020-07-15 07:00:00	26000	4.97	4.83	4.89	4.97	4.49	CFV.MI	5.2	5.29	5.14	5.29	6.18	3.8	1.0	-1.0	1.0	1	1.0	1.0	1.0	1.0	1.0	1.0	4.97								1.0			4.0										0.0			5.59	0.09	0.09	0.07	0.02	0.02	0.01		0.07	0.0	0.0	9.73					1	0.09	0.09	-0.48	0.02	0.02	-0.13	-0.48	0.0	0.0	13.85					0.09	0.09	0.63	0.02	0.02	0.15	0.63	0.0	0.0	27.57					0.09	0.09	0.63	0.02	0.02	0.15	0.63	0.0	0.0	27.57					0.0	0.0	0.0	0.0	0.0	0.0	0.0	0.0	0.0					
2020-07-16 07:00:00	53000	4.89	4.7	4.89	4.86	4.4	CFV.MI	5.18	5.18	4.98	5.15	6.18	3.8	1.0	-1.0	1.0	1	1.0	1.0	1.0	1.0	1.0	1.0									1.0			4.0										0.0			5.59	-0.11	-0.11	-0.04	-0.02	-0.02	-0.01		-0.04	0.0	0.0	3.62					1	-0.11	-0.11	-0.59	-0.02	-0.02	-0.15	-0.59	-0.0	-0.0	-16.96					-0.11	-0.11	0.52	-0.02	-0.02	0.12	0.52	0.0	0.0	24.7					-0.11	-0.11	0.52	-0.02	-0.02	0.12	0.52	0.0	0.0	24.7					-0.0	-0.0	0.0	-0.0	-0.0	0.0	0.0	-0.0	0.0					
2020-07-17 07:00:00	27000	4.85	4.64	4.85	4.7	4.24	CFV.MI	5.12	5.12	4.9	4.96	6.18	3.8	1.0	-1.0	1.0	1	1.0	1.0	1.0	1.0	1.0	1.0		4.64							1.0			4.0										0.0			5.59	-0.16	-0.16	-0.2	-0.03	-0.03	-0.04		-0.2	0.0	0.0	4.89					1	-0.16	-0.16	-0.75	-0.03	-0.03	-0.18	-0.75	-0.0	-0.0	-13.94					-0.16	-0.16	0.36	-0.03	-0.03	0.08	0.36	0.0	0.0	21.39					-0.16	-0.16	0.36	-0.03	-0.03	0.08	0.36	0.0	0.0	21.39					-0.0	-0.0	0.0	-0.0	-0.0	0.0	0.0	-0.0	0.0					
2020-07-20 07:00:00	12000	4.78	4.65	4.75	4.78	4.32	CFV.MI	4.97	5.0	4.86	5.0	6.18	3.8	1.0	-1.0	1.0	1	1.0	1.0	1.0	1.0	1.0	1.0									1.0			4.0		4.86								0.0			5.59	0.08	0.08	-0.12	0.02	0.02	-0.02		-0.12	0.0	0.0	8.7					1	0.08	0.08	-0.67	0.02	0.02	-0.17	-0.67	-0.0	-0.0	-2.1					0.08	0.08	0.44	0.02	0.02	0.1	0.44	0.0	0.0	21.82					0.08	0.08	0.44	0.02	0.02	0.1	0.44	0.0	0.0	21.82					0.0	0.0	0.0	0.0	0.0	0.0	0.0	0.0	0.0					
2020-07-21 07:00:00	21000	4.9	4.74	4.74	4.86	4.39	CFV.MI	4.93	5.1	4.93	5.06	6.18	3.8	1.0	-1.0	1.0	1	1.0	1.0	1.0	1.0	1.0	1.0									1.0			4.0										0.0			5.59	0.08	0.08	-0.04	0.02	0.02	-0.01		-0.04	0.0	0.0	11.18					1	0.08	0.08	-0.59	0.02	0.02	-0.15	-0.59	0.0	0.0	6.01					0.08	0.08	0.52	0.02	0.02	0.12	0.52	0.0	0.0	22.23					0.08	0.08	0.52	0.02	0.02	0.12	0.52	0.0	0.0	22.23					0.0	0.0	0.0	0.0	0.0	0.0	0.0	0.0	0.0					
2020-07-22 07:00:00	9000	4.93	4.88	4.88	4.88	4.41	CFV.MI	5.11	5.16	5.11	5.11	6.18	3.8	1.0	-1.0	1.0	1	1.0	1.0	1.0	1.0	1.0	1.0	4.93								1.0			4.0	5.16									0.0			5.59	0.02	0.02	-0.02	0.0	0.0	-0.0		-0.02	0.0	0.0	13.8					1	0.02	0.02	-0.57	0.0	0.0	-0.15	-0.57	0.0	0.0	12.83					0.02	0.02	0.54	0.0	0.0	0.12	0.54	0.0	0.0	22.33					0.02	0.02	0.54	0.0	0.0	0.12	0.54	0.0	0.0	22.33					0.0	0.0	0.0	0.0	0.0	0.0	0.0	0.0	0.0					
2020-07-23 07:00:00	29000	4.86	4.72	4.86	4.8	4.34	CFV.MI	5.12	5.12	4.98	5.06	6.18	3.8	1.0	-1.0	1.0	1	1.0	1.0	1.0	-1.0	1.0	-1.0		4.72							1.0			4.0		4.98								0.0			5.59	-0.08	-0.08	-0.1	-0.02	-0.02	-0.02		-0.1	0.0	0.0	16.83					1	-0.08	-0.08	-0.65	-0.02	-0.02	-0.16	-0.65	0.0	0.0	20.79					-0.08	-0.08	0.46	-0.02	-0.02	0.11	0.46	0.0	0.0	19.93					-0.08	-0.08	0.46	-0.02	-0.02	0.11	0.46	0.0	0.0	19.93					-0.0	-0.0	0.0	-0.0	-0.0	0.0	0.0	-0.0	0.0					
2020-07-24 07:00:00	15000	4.83	4.74	4.83	4.8	4.34	CFV.MI	5.19	5.19	5.09	5.16	6.18	3.8	1.0	-1.0	1.0	1	1.0	1.0	1.0	-1.0	1.0	-1.0									1.0			4.0										0.0			5.59	0.0	0.0	-0.1	0.0	0.0	-0.02		-0.1	0.0	0.0	15.63					1	0.0	0.0	-0.65	0.0	0.0	-0.16	-0.65	0.0	0.0	20.79					0.0	0.0	0.46	0.0	0.0	0.11	0.46	0.0	0.0	19.93					-0.0	-0.0	0.46	-0.0	-0.0	0.11	0.46	0.0	0.0	19.93					0.0	0.0	0.0	0.0	0.0	0.0	0.0	0.0	0.0					
2020-07-27 07:00:00	11000	4.89	4.8	4.83	4.84	4.37	CFV.MI	5.2	5.27	5.17	5.21	6.18	3.8	1.0	-1.0	1.0	1	1.0	1.0	1.0	-1.0	1.0	-1.0	4.89								1.0			4.0	5.27									0.0			5.59	0.04	0.04	-0.06	0.01	0.01	-0.01		-0.06	0.0	0.0	20.25					1	0.04	0.04	-0.61	0.01	0.01	-0.15	-0.61	0.0	0.0	22.14					0.04	0.04	0.5	0.01	0.01	0.12	0.5	0.0	0.0	20.13					-0.04	-0.04	0.42	-0.01	-0.01	0.1	0.42	0.0	0.0	17.92					0.0	0.0	0.0	0.0	0.0	0.0	0.0	0.0	0.0					
2020-07-28 07:00:00	4000	4.81	4.79	4.81	4.79	4.33	CFV.MI	5.21	5.21	5.19	5.19	6.18	3.8	1.0	-1.0	1.0	1	1.0	1.0	1.0	-1.0	1.0	-1.0									1.0			4.0										0.0			5.59	-0.05	-0.05	-0.11	-0.01	-0.01	-0.02		-0.11	0.0	0.0	18.04					1	-0.05	-0.05	-0.66	-0.01	-0.01	-0.16	-0.66	0.0	0.0	17.44					-0.05	-0.05	0.45	-0.01	-0.01	0.1	0.45	0.0	0.0	18.04					0.05	0.05	0.47	0.01	0.01	0.11	0.47	0.0	0.0	18.18					-0.0	-0.0	0.0	-0.0	-0.0	0.0	0.0	-0.0	0.0					
2020-07-29 07:00:00	35000	4.73	4.5	4.7	4.53	4.09	CFV.MI	5.1	5.13	4.88	4.91	6.18	3.8	1.0	-1.0	1.0	1	1.0	1.0	1.0	-1.0	1.0	-1.0									1.0			4.0										0.0			5.59	-0.26	-0.26	-0.37	-0.05	-0.06	-0.08		-0.37	0.0	0.0	14.16					1	-0.26	-0.26	-0.92	-0.05	-0.06	-0.21	-0.92	0.0	0.0	8.58					-0.26	-0.26	0.19	-0.05	-0.06	0.04	0.19	0.0	0.0	14.16					0.26	0.26	0.73	0.05	0.06	0.17	0.73	0.0	0.0	19.53					-0.0	-0.0	0.0	-0.0	-0.0	0.0	0.0	-0.0	0.0					
2020-07-30 07:00:00	21000	4.49	4.34	4.49	4.35	3.93	CFV.MI	5.04	5.04	4.87	4.88	6.18	3.8	1.0	-1.0	1.0	0	1.0	1.0	1.0	-1.0	1.0	-1.0		4.34		4.34					1.0			4.0		4.87								0.0			5.59	-0.18	-0.18	-0.55	-0.04	-0.04	-0.11		-0.55	0.0	0.0	17.87					1	-0.18	-0.18	-1.1	-0.04	-0.04	-0.24	-1.1	0.0	0.0	1.67					-0.18	-0.18	0.01	-0.04	-0.04	0.0	0.01	0.0	0.0	17.87					0.18	0.18	0.91	0.04	0.04	0.22	0.91	0.0	0.0	28.43					-0.0	-0.0	0.0	-0.0	-0.0	0.0	0.0	-0.0	0.0					
2020-07-31 07:00:00	21000	4.49	4.31	4.43	4.38	3.96	CFV.MI	5.0	5.07	4.87	4.95	6.18	3.8	1.0	-1.0	1.0	0	1.0	1.0	1.0	-1.0	1.0	-1.0									1.0			4.0										0.0			5.59	0.03	0.03	-0.52	0.01	0.01	-0.11		-0.52	0.0	0.0	23.57					1	0.0	0.0	-1.1	0.0	0.0	-0.24	-1.1	0.0	0.0	1.67					0.03	0.03	0.04	0.01	0.01	0.01	0.04	0.0	0.0	23.57					-0.03	-0.03	0.88	-0.01	-0.01	0.21	0.88	0.0	0.0	32.72					0.0	0.0	0.0	0.0	0.0	0.0	0.0	0.0	0.0					
2020-08-03 07:00:00	2000	4.47	4.47	4.47	4.47	4.04	CFV.MI	4.97	4.97	4.97	4.97	6.18	3.8	1.0	-1.0	1.0	0	1.0	1.0	1.0	-1.0	1.0	-1.0									1.0			4.0										0.0			5.59	0.09	0.09	-0.43	0.02	0.02	-0.09		-0.43	0.0	0.0	23.16					1	0.0	0.0	-1.1	0.0	0.0	-0.24	-1.1	0.0	0.0	1.67					0.09	0.09	0.13	0.02	0.02	0.03	0.13	0.0	0.0	23.16					-0.09	-0.09	0.79	-0.02	-0.02	0.19	0.79	0.0	0.0	28.9					0.0	0.0	0.0	0.0	0.0	0.0	0.0	0.0	0.0					
2020-08-04 07:00:00	12000	4.59	4.47	4.48	4.58	4.14	CFV.MI	4.93	5.05	4.92	5.04	6.18	3.8	1.0	-1.0	1.0	0	1.0	1.0	1.0	-1.0	1.0	-1.0									1.0			4.0										0.0			5.59	0.11	0.11	-0.32	0.02	0.02	-0.07		-0.32	0.0	0.0	35.55					1	0.0	0.0	-1.1	0.0	0.0	-0.24	-1.1	0.0	0.0	1.67					0.11	0.11	0.24	0.02	0.02	0.06	0.24	0.0	0.0	35.55					-0.11	-0.11	0.68	-0.02	-0.02	0.16	0.68	0.0	0.0	38.38					0.0	0.0	0.0	0.0	0.0	0.0	0.0	0.0	0.0					
2020-08-05 07:00:00	48000	4.85	4.6	4.6	4.83	4.37	CFV.MI	5.03	5.3	5.03	5.28	6.18	4.02	1.0	-1.0	1.0	0	1.0	1.0	1.0	-1.0	1.0	-1.0	4.85								1.0			4.0										0.0			5.59	0.25	0.25	-0.07	0.05	0.05	-0.01		-0.07	0.01	0.01	47.23					1	0.0	0.0	-1.1	0.0	0.0	-0.24	-1.1	-0.0	-0.0	-22.2					0.25	0.25	0.49	0.05	0.05	0.11	0.49	0.01	0.01	47.23					-0.25	-0.25	0.43	-0.05	-0.05	0.1	0.43	0.0	0.0	42.52					0.0	0.0	0.0	0.0	0.0	0.0	0.0	0.0	0.0					
2020-08-06 07:00:00	30000	4.86	4.6	4.86	4.73	4.27	CFV.MI	5.38	5.38	5.09	5.24	6.18	4.37	1.0	-1.0	1.0	0	1.0	1.0	1.0	-1.0	1.0	-1.0		4.6							1.0			4.0	5.38									0.0			5.59	-0.1	-0.1	-0.17	-0.02	-0.02	-0.03		-0.17	0.0	0.0	40.79					1	-0.0	-0.0	-1.1	-0.0	-0.0	-0.24	-1.1	-0.0	-0.0	-8.41					-0.1	-0.1	0.39	-0.02	-0.02	0.09	0.39	0.0	0.0	40.79					0.1	0.1	0.53	0.02	0.02	0.12	0.53	0.0	0.0	40.47					-0.0	-0.0	0.0	-0.0	-0.0	0.0	0.0	-0.0	0.0					
2020-08-07 07:00:00	48000	4.86	4.67	4.75	4.68	4.22	CFV.MI	5.25	5.37	5.16	5.17	6.18	4.46	1.0	-1.0	1.0	0	1.0	1.0	1.0	-1.0	1.0	-1.0	4.86		4.86						1.0			4.0										0.0			5.59	-0.05	-0.05	-0.22	-0.01	-0.01	-0.04		-0.22	0.0	0.0	37.41					1	-0.0	-0.0	-1.1	-0.0	-0.0	-0.24	-1.1	-0.0	-0.0	-2.31					-0.05	-0.05	0.34	-0.01	-0.01	0.08	0.34	0.0	0.0	37.41					0.05	0.05	0.58	0.01	0.01	0.13	0.58	0.0	0.0	40.33					-0.0	-0.0	0.0	-0.0	-0.0	0.0	0.0	-0.0	0.0					
2020-08-10 07:00:00	17000	4.82	4.67	4.73	4.72	4.27	CFV.MI	5.19	5.29	5.13	5.18	6.18	4.46	1.0	-1.0	1.0	0	1.0	1.0	1.0	-1.0	1.0	-1.0									1.0			4.0										0.0			5.59	0.04	0.04	-0.18	0.01	0.01	-0.04		-0.18	0.0	0.0	36.52					1	0.0	0.0	-1.1	0.0	0.0	-0.24	-1.1	0.0	0.0	6.75					0.04	0.04	0.38	0.01	0.01	0.09	0.38	0.0	0.0	36.52					-0.04	-0.04	0.54	-0.01	-0.01	0.12	0.54	0.0	0.0	36.41					0.0	0.0	0.0	0.0	0.0	0.0	0.0	0.0	0.0					
2020-08-11 07:00:00	28000	4.72	4.61	4.62	4.61	4.17	CFV.MI	4.93	5.04	4.92	4.92	6.18	4.57	1.0	-1.0	1.0	0	1.0	1.0	1.0	-1.0	1.0	-1.0									1.0			4.0										0.0			5.59	-0.11	-0.11	-0.29	-0.02	-0.02	-0.06		-0.29	0.0	0.0	31.82					1	-0.0	-0.0	-1.1	-0.0	-0.0	-0.24	-1.1	0.0	0.0	14.29					-0.11	-0.11	0.27	-0.02	-0.02	0.06	0.27	0.0	0.0	31.82					0.11	0.11	0.65	0.02	0.02	0.15	0.65	0.0	0.0	36.4					-0.0	-0.0	0.0	-0.0	-0.0	0.0	0.0	-0.0	0.0					
2020-08-12 07:00:00	17000	4.66	4.53	4.57	4.61	4.16	CFV.MI	4.82	4.92	4.78	4.86	6.18	4.57	1.0	-1.0	-1.0	0	1.0	1.0	1.0	-1.0	1.0	-1.0									1.0			4.0										0.0			5.59	0.0	0.0	-0.29	0.0	0.0	-0.06		-0.29	0.0	0.0	30.52					1	0.0	0.0	-1.1	0.0	0.0	-0.24	-1.1	0.0	0.0	24.5					0.0	0.0	0.27	0.0	0.0	0.06	0.27	0.0	0.0	30.52					-0.0	-0.0	0.65	-0.0	-0.0	0.15	0.65	0.0	0.0	35.18					0.0	0.0	0.0	0.0	0.0	0.0	0.0	0.0	0.0					
2020-08-13 07:00:00	9000	4.6	4.52	4.58	4.52	4.08	CFV.MI	4.88	4.9	4.81	4.81	6.18	4.57	1.0	-1.0	-1.0	0	1.0	1.0	1.0	-1.0	1.0	-1.0		4.52							1.0			4.0		4.81		4.81						0.0			5.59	-0.09	-0.09	-0.38	-0.02	-0.02	-0.08		-0.38	0.0	0.0	25.38					1	-0.0	-0.0	-1.1	-0.0	-0.0	-0.24	-1.1	0.0	0.0	36.22					-0.09	-0.09	0.18	-0.02	-0.02	0.04	0.18	0.0	0.0	25.38					0.09	0.09	0.74	0.02	0.02	0.17	0.74	0.0	0.0	34.4					-0.0	-0.0	0.0	-0.0	-0.0	0.0	0.0	-0.0	0.0					
2020-08-14 07:00:00	17000	4.63	4.5	4.58	4.57	4.13	CFV.MI	4.93	4.99	4.85	4.92	6.18	4.57	1.0	-1.0	-1.0	0	1.0	1.0	1.0	-1.0	1.0	-1.0	4.63								1.0			4.0	4.99									0.0			5.59	0.05	0.05	-0.33	0.01	0.01	-0.07		-0.33	0.0	0.0	22.09					1	0.0	0.0	-1.1	0.0	0.0	-0.24	-1.1	0.0	0.0	59.61					0.05	0.05	0.23	0.01	0.01	0.05	0.23	0.0	0.0	22.09					-0.05	-0.05	0.69	-0.01	-0.01	0.16	0.69	0.0	0.0	28.0					0.0	0.0	0.0	0.0	0.0	0.0	0.0	0.0	0.0					
2020-08-17 07:00:00	8000	4.57	4.51	4.53	4.55	4.11	CFV.MI	4.9	4.94	4.88	4.92	6.18	4.57	1.0	-1.0	-1.0	0	1.0	1.0	1.0	-1.0	1.0	-1.0		4.51							1.0			4.0		4.88								0.0			5.59	-0.02	-0.02	-0.35	-0.0	-0.0	-0.07		-0.35	0.0	0.0	19.08					1	-0.0	-0.0	-1.1	-0.0	-0.0	-0.24	-1.1	0.0	0.0	67.54					-0.02	-0.02	0.21	-0.0	-0.0	0.05	0.21	0.0	0.0	19.08					0.02	0.02	0.71	0.0	0.0	0.17	0.71	0.0	0.0	27.68					-0.0	-0.0	0.0	-0.0	-0.0	0.0	0.0	-0.0	0.0					
2020-08-18 07:00:00	23000	4.69	4.55	4.55	4.55	4.12	CFV.MI	4.94	5.1	4.94	4.94	6.18	4.57	1.0	-1.0	-1.0	0	1.0	1.0	1.0	-1.0	1.0	-1.0	4.69								1.0			4.0	5.1		5.1							0.0			5.59	0.0	0.0	-0.35	0.0	0.0	-0.07		-0.35	0.0	0.0	16.8					1	0.0	0.0	-1.1	0.0	0.0	-0.24	-1.1	0.0	0.0	85.54					0.0	0.0	0.21	0.0	0.0	0.05	0.21	0.0	0.0	16.8					-0.0	-0.0	0.71	-0.0	-0.0	0.17	0.71	0.0	0.0	25.69					0.0	0.0	0.0	0.0	0.0	0.0	0.0	0.0	0.0					
2020-08-19 07:00:00	3000	4.64	4.55	4.64	4.6	4.16	CFV.MI	4.99	4.99	4.89	4.95	6.18	4.57	1.0	-1.0	-1.0	0	1.0	1.0	1.0	-1.0	1.0	-1.0									1.0			4.0		4.89								0.0			5.59	0.05	0.05	-0.3	0.01	0.01	-0.06		-0.3	0.0	0.0	20.41					1	0.0	0.0	-1.1	0.0	0.0	-0.24	-1.1	0.0	0.0	82.87					0.05	0.05	0.26	0.01	0.01	0.06	0.26	0.0	0.0	20.41					-0.05	-0.05	0.66	-0.01	-0.01	0.15	0.66	0.0	0.0	25.75					0.0	0.0	0.0	0.0	0.0	0.0	0.0	0.0	0.0					
2020-08-20 07:00:00	4000	4.57	4.5	4.52	4.57	4.13	CFV.MI	4.93	4.99	4.91	4.99	6.18	4.57	1.0	-1.0	-1.0	0	1.0	1.0	1.0	-1.0	1.0	-1.0									1.0			4.0	4.99									0.0			5.59	-0.03	-0.03	-0.33	-0.01	-0.01	-0.07		-0.33	0.0	0.0	21.75					1	-0.0	-0.0	-1.1	-0.0	-0.0	-0.24	-1.1	0.0	0.0	76.75					-0.03	-0.03	0.23	-0.01	-0.01	0.05	0.23	0.0	0.0	21.75					0.03	0.03	0.69	0.01	0.01	0.16	0.69	0.0	0.0	30.35					-0.0	-0.0	0.0	-0.0	-0.0	0.0	0.0	-0.0	0.0					
2020-08-21 07:00:00	21000	4.51	4.32	4.51	4.44	4.01	CFV.MI	4.94	4.94	4.73	4.86	6.18	4.57	1.0	-1.0	-1.0	0	1.0	1.0	1.0	-1.0	1.0	-1.0									1.0			4.0										0.0			5.59	-0.13	-0.13	-0.46	-0.03	-0.03	-0.09		-0.46	0.0	0.0	19.91					1	-0.0	-0.0	-1.1	-0.0	-0.0	-0.24	-1.1	0.0	0.0	75.37					-0.13	-0.13	0.1	-0.03	-0.03	0.02	0.1	0.0	0.0	19.91					0.13	0.13	0.82	0.03	0.03	0.2	0.82	0.0	0.0	34.21					-0.0	-0.0	0.0	-0.0	-0.0	0.0	0.0	-0.0	0.0					
2020-08-24 07:00:00	13000	4.44	4.36	4.36	4.4	3.98	CFV.MI	4.68	4.76	4.68	4.72	6.18	4.57	1.0	-1.0	-1.0	0	1.0	1.0	1.0	-1.0	1.0	-1.0		4.36		4.36					1.0			4.0		4.68		4.68						0.0			5.59	-0.04	-0.04	-0.5	-0.01	-0.01	-0.1		-0.5	0.0	0.0	16.21					1	-0.0	-0.0	-1.1	-0.0	-0.0	-0.24	-1.1	0.0	0.0	86.27					-0.04	-0.04	0.06	-0.01	-0.01	0.01	0.06	0.0	0.0	16.21					0.04	0.04	0.86	0.01	0.01	0.21	0.86	0.0	0.0	33.9					-0.0	-0.0	0.0	-0.0	-0.0	0.0	0.0	-0.0	0.0					
2020-08-25 07:00:00	7000	4.46	4.4	4.4	4.45	4.02	CFV.MI	4.74	4.8	4.74	4.79	6.18	4.57	1.0	-1.0	-1.0	0	1.0	1.0	1.0	-1.0	1.0	-1.0	4.46								1.0			4.0	4.8									0.0			5.59	0.05	0.05	-0.45	0.01	0.01	-0.09		-0.45	0.0	0.0	15.94					1	0.0	0.0	-1.1	0.0	0.0	-0.24	-1.1	0.0	0.0	97.57					0.05	0.05	0.11	0.01	0.01	0.03	0.11	0.0	0.0	15.94					-0.05	-0.05	0.81	-0.01	-0.01	0.19	0.81	0.0	0.0	29.96					0.0	0.0	0.0	0.0	0.0	0.0	0.0	0.0	0.0					
2020-08-26 07:00:00	11000	4.46	4.38	4.43	4.46	4.03	CFV.MI	4.74	4.78	4.69	4.78	6.18	4.57	1.0	-1.0	-1.0	0	1.0	1.0	1.0	-1.0	1.0	-1.0		4.38							1.0			4.0		4.69								0.0			5.59	0.01	0.01	-0.44	0.0	0.0	-0.09		-0.44	0.0	0.0	19.14					1	0.0	0.0	-1.1	0.0	0.0	-0.24	-1.1	0.0	0.0	94.34					0.01	0.01	0.12	0.0	0.0	0.03	0.12	0.0	0.0	19.14					-0.01	-0.01	0.8	-0.0	-0.0	0.19	0.8	0.0	0.0	30.82					0.0	0.0	0.0	0.0	0.0	0.0	0.0	0.0	0.0					
2020-08-27 07:00:00	16000	4.5	4.36	4.36	4.49	4.06	CFV.MI	4.74	4.89	4.74	4.88	6.18	4.57	1.0	-1.0	-1.0	0	1.0	1.0	1.0	-1.0	1.0	-1.0									1.0			4.0										0.0			5.59	0.03	0.03	-0.41	0.01	0.01	-0.08		-0.41	0.0	0.0	15.82					1	0.0	0.0	-1.1	0.0	0.0	-0.24	-1.1	0.0	0.0	128.64					0.03	0.03	0.15	0.01	0.01	0.03	0.15	0.0	0.0	15.82					-0.03	-0.03	0.77	-0.01	-0.01	0.18	0.77	0.0	0.0	24.81					0.0	0.0	0.0	0.0	0.0	0.0	0.0	0.0	0.0					
2020-08-28 07:00:00	2000	4.5	4.45	4.5	4.45	4.03	CFV.MI	4.89	4.89	4.84	4.84	6.18	4.57	1.0	-1.0	-1.0	0	1.0	1.0	1.0	-1.0	1.0	-1.0	4.5		4.5						1.0			4.0	4.89		4.89							0.0			5.59	-0.04	-0.04	-0.45	-0.01	-0.01	-0.09		-0.45	0.0	0.0	17.03					1	-0.0	-0.0	-1.1	-0.0	-0.0	-0.24	-1.1	0.0	0.0	121.24					-0.04	-0.04	0.11	-0.01	-0.01	0.03	0.11	0.0	0.0	17.03					0.04	0.04	0.81	0.01	0.01	0.19	0.81	0.0	0.0	29.84					-0.0	-0.0	0.0	-0.0	-0.0	0.0	0.0	-0.0	0.0					
2020-08-31 07:00:00	17000	4.45	4.35	4.45	4.39	3.97	CFV.MI	4.89	4.89	4.78	4.82	6.18	4.57	1.0	-1.0	-1.0	0	1.0	1.0	1.0	-1.0	1.0	-1.0									1.0			4.0										0.0			5.59	-0.06	-0.06	-0.51	-0.01	-0.01	-0.1		-0.51	0.0	0.0	12.19					1	-0.0	-0.0	-1.1	-0.0	-0.0	-0.24	-1.1	0.0	0.0	121.24					-0.06	-0.06	0.05	-0.01	-0.01	0.01	0.05	0.0	0.0	12.19					0.06	0.06	0.87	0.01	0.01	0.21	0.87	0.0	0.0	29.31					-0.0	-0.0	0.0	-0.0	-0.0	0.0	0.0	-0.0	0.0					
2020-09-01 07:00:00	17000	4.36	4.32	4.34	4.33	3.91	CFV.MI	4.78	4.8	4.75	4.77	6.18	4.57	1.0	-1.0	-1.0	0	1.0	1.0	1.0	-1.0	1.0	-1.0		4.32							1.0			4.0										0.0			5.59	-0.06	-0.06	-0.57	-0.01	-0.01	-0.12		-0.57	0.0	0.0	6.85					1	-0.0	-0.0	-1.1	-0.0	-0.0	-0.24	-1.1	0.0	0.0	121.24					-0.06	-0.06	-0.01	-0.01	-0.01	-0.0	-0.01	0.0	0.0	6.85					0.06	0.06	0.93	0.01	0.01	0.23	0.93	0.0	0.0	28.48					-0.0	-0.0	0.0	-0.0	-0.0	0.0	0.0	-0.0	0.0					
2020-09-02 07:00:00	9000	4.42	4.34	4.34	4.34	3.92	CFV.MI	4.71	4.8	4.71	4.71	6.18	4.57	1.0	-1.0	-1.0	0	1.0	1.0	1.0	-1.0	1.0	-1.0	4.42								1.0			4.0		4.71								0.0			5.59	0.01	0.01	-0.56	0.0	0.0	-0.11		-0.56	0.0	0.0	7.01					1	0.0	0.0	-1.1	0.0	0.0	-0.24	-1.1	0.0	0.0	121.24					0.01	0.01	0.0	0.0	0.0	-0.0	0.0	0.0	0.0	7.01					-0.01	-0.01	0.92	-0.0	-0.0	0.22	0.92	0.0	0.0	25.88					0.0	0.0	0.0	0.0	0.0	0.0	0.0	0.0	0.0					
2020-09-03 07:00:00	4000	4.38	4.34	4.38	4.34	3.92	CFV.MI	4.83	4.83	4.79	4.79	6.18	4.57	1.0	-1.0	-1.0	0	1.0	1.0	1.0	-1.0	1.0	-1.0									1.0			4.0	4.83									0.0			5.59	0.0	0.0	-0.56	0.0	0.0	-0.11		-0.56	0.0	0.0	17.64					1	0.0	0.0	-1.1	0.0	0.0	-0.24	-1.1	0.0	0.0	121.24					0.0	0.0	0.0	0.0	0.0	-0.0	0.0	0.0	0.0	17.64					-0.0	-0.0	0.92	-0.0	-0.0	0.22	0.92	0.0	0.0	39.37					0.0	0.0	0.0	0.0	0.0	0.0	0.0	0.0	0.0					
2020-09-04 07:00:00	3000	4.3	4.28	4.28	4.3	3.89	CFV.MI	4.76	4.78	4.76	4.78	6.18	4.57	1.0	-1.0	-1.0	-1	1.0	1.0	1.0	-1.0	1.0	-1.0		4.28							1.0			4.0										0.0			5.59	-0.04	-0.04	-0.6	-0.01	-0.01	-0.12		-0.6	0.0	0.0	13.82					1	-0.0	-0.0	-1.1	-0.0	-0.0	-0.24	-1.1	0.0	0.0	121.24					-0.04	-0.04	-0.04	-0.01	-0.01	-0.01	-0.04	0.0	0.0	13.82					0.04	0.04	0.96	0.01	0.01	0.23	0.96	0.0	0.0	39.47					-0.0	-0.0	0.0	-0.0	-0.0	0.0	0.0	-0.0	0.0					
2020-09-07 07:00:00	5000	4.39	4.25	4.39	4.25	3.84	CFV.MI	4.8	4.8	4.64	4.64	6.18	4.57	1.0	-1.0	-1.0	-1	1.0	1.0	1.0	-1.0	1.0	-1.0	4.39								1.0			4.0		4.64								0.0			5.59	-0.05	-0.05	-0.65	-0.01	-0.01	-0.13		-0.65	0.0	0.0	7.74					1	0.05	0.05	-1.05	0.01	0.01	-0.23	-1.05	0.0	0.0	124.94					-0.05	-0.05	-0.09	-0.01	-0.01	-0.02	-0.09	0.0	0.0	7.74					0.05	0.05	1.01	0.01	0.01	0.25	1.01	0.0	0.0	38.28					-0.0	-0.0	0.0	-0.0	-0.0	0.0	0.0	-0.0	0.0					
2020-09-08 07:00:00	4000	4.25	4.2	4.2	4.25	3.84	CFV.MI	4.67	4.73	4.67	4.73	6.18	4.57	1.0	-1.0	-1.0	-1	1.0	1.0	1.0	-1.0	1.0	-1.0		4.2							1.0			4.0	4.73									0.0			5.59	0.0	0.0	-0.65	0.0	0.0	-0.13		-0.65	0.0	0.0	6.85					1	-0.0	-0.0	-1.05	-0.0	-0.0	-0.23	-1.05	0.0	0.0	124.94					0.0	0.0	-0.09	0.0	0.0	-0.02	-0.09	0.0	0.0	6.85					-0.0	-0.0	1.01	-0.0	-0.0	0.25	1.01	0.0	0.0	37.68					0.0	0.0	0.0	0.0	0.0	0.0	0.0	0.0	0.0					
2020-09-09 07:00:00	8000	4.32	4.18	4.18	4.3	3.88	CFV.MI	4.56	4.71	4.56	4.69	6.18	4.56	-1.0	-1.0	-1.0	-1	1.0	1.0	1.0	-1.0	1.0	-1.0									1.0			4.0		4.56								0.0			5.59	0.05	0.05	-0.6	0.01	0.01	-0.12		-0.6	0.0	0.0	14.51					1	-0.05	-0.05	-1.1	-0.01	-0.01	-0.24	-1.1	0.0	0.0	113.03					0.05	0.05	-0.04	0.01	0.01	-0.01	-0.04	0.0	0.0	14.51					-0.05	-0.05	0.96	-0.01	-0.01	0.23	0.96	0.0	0.0	42.24					0.0	0.0	0.0	0.0	0.0	0.0	0.0	0.0	0.0					
2020-09-10 07:00:00	2000	4.32	4.3	4.32	4.3	3.89	CFV.MI	4.7	4.7	4.68	4.68	6.18	4.56	-1.0	-1.0	-1.0	-1	-1.0	1.0	-1.0	-1.0	1.0	-1.0	4.32								1.0			4.0	4.7									0.0			5.59	-0.0	-0.0	-0.6	-0.0	-0.0	-0.12		-0.6	0.0	0.0	12.31					1	-0.0	-0.0	-1.1	-0.0	-0.0	-0.24	-1.1	0.0	0.0	113.03					0.0	0.0	-0.04	0.0	0.0	-0.01	-0.04	0.0	0.0	12.31					-0.0	-0.0	0.96	-0.0	-0.0	0.23	0.96	0.0	0.0	40.68					0.0	0.0	0.0	0.0	0.0	0.0	0.0	0.0	0.0					
2020-09-11 07:00:00	10000	4.36	4.25	4.36	4.28	3.87	CFV.MI	4.74	4.74	4.62	4.66	6.18	4.56	-1.0	-1.0	-1.0	-1	-1.0	1.0	-1.0	-1.0	1.0	-1.0									1.0			4.0										0.0			5.59	0.02	0.02	-0.58	0.0	0.0	-0.12		-0.58	0.0	0.0	11.76					1	0.02	0.02	-1.08	0.0	0.0	-0.24	-1.08	0.0	0.0	114.48					0.02	0.02	-0.02	0.0	0.0	-0.0	-0.02	0.0	0.0	11.76					0.02	0.02	0.98	0.0	0.0	0.24	0.98	0.0	0.0	40.29					-0.0	-0.0	0.0	-0.0	-0.0	0.0	0.0	-0.0	0.0					
2020-09-14 07:00:00	8000	4.25	4.2	4.25	4.25	3.84	CFV.MI	4.63	4.63	4.58	4.63	6.18	4.56	-1.0	-1.0	-1.0	-1	-1.0	1.0	-1.0	-1.0	1.0	-1.0									1.0			4.0										0.0			5.59	0.03	0.03	-0.55	0.01	0.01	-0.11		-0.55	0.0	0.0	16.61					1	0.03	0.03	-1.05	0.01	0.01	-0.23	-1.05	0.0	0.0	116.57					0.03	0.03	0.01	0.01	0.01	0.0	0.01	0.0	0.0	16.61					0.03	0.03	1.01	0.01	0.01	0.25	1.01	0.0	0.0	45.74					-0.0	-0.0	0.0	-0.0	-0.0	0.0	0.0	-0.0	0.0					
2020-09-15 07:00:00	12000	4.27	4.09	4.27	4.2	3.8	CFV.MI	4.61	4.61	4.42	4.54	6.18	4.42	-1.0	-1.0	-1.0	-1	-1.0	1.0	-1.0	-1.0	1.0	-1.0		4.09							1.0			4.0		4.42		4.42						0.0			5.59	0.05	0.05	-0.5	0.01	0.01	-0.1		-0.5	0.0	0.0	15.91					1	0.05	0.05	-1.0	0.01	0.01	-0.22	-1.0	0.0	0.0	119.84					0.05	0.05	0.06	0.01	0.01	0.01	0.06	0.0	0.0	15.91					0.05	0.05	1.06	0.01	0.01	0.26	1.06	0.0	0.0	45.25					-0.0	-0.0	0.0	-0.0	-0.0	0.0	0.0	-0.0	0.0					
2020-09-16 07:00:00	9000	4.26	4.2	4.25	4.22	3.81	CFV.MI	4.59	4.6	4.54	4.56	6.18	4.42	-1.0	-1.0	-1.0	-1	-1.0	1.0	-1.0	-1.0	1.0	-1.0	4.26								1.0			4.0										0.0			5.59	-0.02	-0.02	-0.52	-0.0	-0.0	-0.11		-0.52	0.0	0.0	15.65					1	-0.02	-0.02	-1.02	-0.0	-0.0	-0.23	-1.02	0.0	0.0	111.68					-0.02	-0.02	0.04	-0.0	-0.0	0.01	0.04	0.0	0.0	15.65					-0.02	-0.02	1.04	-0.0	-0.0	0.26	1.04	0.0	0.0	44.88					0.0	0.0	0.0	0.0	0.0	0.0	0.0	0.0	0.0					
2020-09-17 07:00:00	1000	4.22	4.22	4.22	4.22	3.81	CFV.MI	4.61	4.61	4.61	4.61	6.18	4.42	-1.0	-1.0	-1.0	-1	-1.0	1.0	-1.0	-1.0	1.0	-1.0									1.0			4.0										0.0			5.59	-0.0	-0.0	-0.52	-0.0	-0.0	-0.11		-0.52	0.0	0.0	20.56					1	-0.0	-0.0	-1.02	-0.0	-0.0	-0.23	-1.02	0.0	0.0	111.68					-0.0	-0.0	0.04	-0.0	-0.0	0.01	0.04	0.0	0.0	20.56					-0.0	-0.0	1.04	-0.0	-0.0	0.26	1.04	0.0	0.0	50.85					0.0	0.0	0.0	0.0	0.0	0.0	0.0	0.0	0.0					
2020-09-18 07:00:00	2000	4.22	4.22	4.22	4.22	3.81	CFV.MI	4.66	4.66	4.66	4.66	6.18	4.42	-1.0	-1.0	-1.0	-1	-1.0	1.0	-1.0	-1.0	1.0	-1.0									1.0			4.0										0.0			5.59	-0.0	-0.0	-0.52	-0.0	-0.0	-0.11		-0.52	0.0	0.0	24.36					1	-0.0	-0.0	-1.02	-0.0	-0.0	-0.23	-1.02	0.0	0.0	111.68					-0.0	-0.0	0.04	-0.0	-0.0	0.01	0.04	0.0	0.0	24.36					-0.0	-0.0	1.04	-0.0	-0.0	0.26	1.04	0.0	0.0	55.21					0.0	0.0	0.0	0.0	0.0	0.0	0.0	0.0	0.0					
2020-09-21 07:00:00	3000	4.1	4.04	4.1	4.04	3.65	CFV.MI	4.71	4.71	4.64	4.64	6.18	4.42	-1.0	-1.0	-1.0	-1	-1.0	1.0	-1.0	-1.0	-1.0	1.0		4.04		4.04					1.0			4.0										0.0			5.59	0.18	0.18	-0.34	0.04	0.04	-0.07		-0.34	0.0	0.0	30.79					1	0.18	0.18	-0.84	0.04	0.04	-0.19	-0.84	0.0	0.0	122.1					0.18	0.18	0.22	0.04	0.04	0.05	0.22	0.0	0.0	30.79					0.18	0.18	1.22	0.04	0.04	0.31	1.22	0.0	0.0	61.07					-0.0	-0.0	0.0	-0.0	-0.0	0.0	0.0	-0.0	0.0					
2020-09-22 07:00:00	14000	4.18	4.04	4.04	4.18	3.78	CFV.MI	4.61	4.77	4.61	4.77	6.18	4.42	-1.0	-1.0	-1.0	-1	-1.0	1.0	-1.0	-1.0	-1.0	1.0									1.0			4.0										0.0			5.59	-0.14	-0.14	-0.48	-0.03	-0.03	-0.1		-0.48	0.0	0.0	28.51					1	-0.14	-0.14	-0.98	-0.03	-0.03	-0.22	-0.98	0.0	0.0	99.84					-0.14	-0.14	0.08	-0.03	-0.03	0.02	0.08	0.0	0.0	28.51					0.14	0.14	1.36	0.03	0.03	0.36	1.36	0.0	0.0	67.97					0.0	0.0	0.0	0.0	0.0	0.0	0.0	0.0	0.0					
2020-09-23 07:00:00	14000	4.29	4.18	4.18	4.29	3.88	CFV.MI	4.76	4.89	4.76	4.89	6.18	4.42	-1.0	-1.0	-1.0	-1	-1.0	1.0	-1.0	-1.0	-1.0	1.0									1.0			4.0										0.0			5.59	-0.11	-0.11	-0.59	-0.03	-0.03	-0.12		-0.59	0.0	0.0	22.1					1	-0.11	-0.11	-1.09	-0.03	-0.03	-0.24	-1.09	0.0	0.0	95.62					-0.11	-0.11	-0.03	-0.03	-0.03	-0.01	-0.03	0.0	0.0	22.1					0.11	0.11	1.47	0.03	0.03	0.4	1.47	0.0	0.0	68.47					0.0	0.0	0.0	0.0	0.0	0.0	0.0	0.0	0.0					
2020-09-24 07:00:00	28000	4.46	4.3	4.34	4.3	3.89	CFV.MI	4.95	5.09	4.9	4.9	6.18	4.42	-1.0	-1.0	1.0	-1	-1.0	1.0	-1.0	-1.0	-1.0	1.0	4.46		4.46						1.0			4.0	5.09		5.09							0.0			5.59	-0.01	-0.01	-0.6	-0.0	-0.0	-0.12		-0.6	0.0	0.0	25.14					1	-0.01	-0.01	-1.1	-0.0	-0.0	-0.24	-1.1	0.0	0.0	80.76					-0.01	-0.01	-0.04	-0.0	-0.0	-0.01	-0.04	0.0	0.0	25.14					0.01	0.01	1.48	0.0	0.0	0.4	1.48	0.0	0.0	77.52					0.0	0.0	0.0	0.0	0.0	0.0	0.0	0.0	0.0					
2020-09-25 07:00:00	6000	4.32	4.25	4.32	4.3	3.89	CFV.MI	4.98	4.98	4.9	4.96	6.18	4.42	-1.0	-1.0	1.0	-1	-1.0	1.0	-1.0	-1.0	-1.0	1.0									1.0			4.0										0.0			5.59	-0.0	-0.0	-0.6	-0.0	-0.0	-0.12		-0.6	0.0	0.0	23.55					1	-0.0	-0.0	-1.1	-0.0	-0.0	-0.24	-1.1	0.0	0.0	94.42					-0.0	-0.0	-0.04	-0.0	-0.0	-0.01	-0.04	0.0	0.0	23.55					0.0	0.0	1.48	0.0	0.0	0.4	1.48	0.0	0.0	76.61					0.0	0.0	0.0	0.0	0.0	0.0	0.0	0.0	0.0					
2020-09-28 07:00:00	13000	4.3	4.16	4.3	4.16	3.76	CFV.MI	4.84	4.84	4.68	4.68	6.18	4.42	-1.0	-1.0	1.0	-1	-1.0	1.0	-1.0	-1.0	-1.0	1.0									1.0			4.0										0.0			5.59	0.14	0.14	-0.46	0.03	0.03	-0.09		-0.46	0.0	0.0	25.3					1	0.14	0.14	-0.96	0.03	0.03	-0.21	-0.96	0.0	0.0	112.35					0.14	0.14	0.1	0.03	0.03	0.02	0.1	0.0	0.0	25.3					-0.14	-0.14	1.34	-0.03	-0.03	0.35	1.34	0.0	0.0	66.83					-0.0	-0.0	0.0	-0.0	-0.0	0.0	0.0	-0.0	0.0					
2020-09-29 07:00:00	5000	4.16	4.09	4.16	4.16	3.76	CFV.MI	4.71	4.71	4.63	4.71	6.18	4.42	-1.0	-1.0	1.0	-1	-1.0	1.0	-1.0	-1.0	-1.0	1.0		4.09							1.0			4.0		4.63								0.0			5.59	-0.0	-0.0	-0.46	-0.0	-0.0	-0.09		-0.46	0.0	0.0	28.25					1	-0.0	-0.0	-0.96	-0.0	-0.0	-0.21	-0.96	0.0	0.0	111.82					-0.0	-0.0	0.1	-0.0	-0.0	0.02	0.1	0.0	0.0	28.25					0.0	0.0	1.34	0.0	0.0	0.35	1.34	0.0	0.0	70.09					0.0	0.0	0.0	0.0	0.0	0.0	0.0	0.0	0.0					
2020-09-30 07:00:00	3000	4.2	4.18	4.18	4.2	3.79	CFV.MI	4.74	4.76	4.74	4.76	6.18	4.42	-1.0	-1.0	1.0	-1	-1.0	1.0	-1.0	-1.0	-1.0	1.0									1.0			4.0										0.0			5.59	-0.04	-0.04	-0.5	-0.01	-0.01	-0.1		-0.5	0.0	0.0	24.17					1	-0.04	-0.04	-1.0	-0.01	-0.01	-0.22	-1.0	0.0	0.0	109.89					-0.04	-0.04	0.06	-0.01	-0.01	0.01	0.06	0.0	0.0	24.17					0.04	0.04	1.38	0.01	0.01	0.37	1.38	0.0	0.0	70.3					0.0	0.0	0.0	0.0	0.0	0.0	0.0	0.0	0.0					
2020-10-01 07:00:00	1000	4.22	4.22	4.22	4.22	3.81	CFV.MI	4.77	4.77	4.77	4.77	6.18	4.42	-1.0	-1.0	1.0	-1	-1.0	1.0	-1.0	-1.0	-1.0	1.0	4.22								1.0			4.0	4.77									0.0			5.59	-0.02	-0.02	-0.52	-0.0	-0.0	-0.11		-0.52	0.0	0.0	18.49					1	-0.02	-0.02	-1.02	-0.0	-0.0	-0.23	-1.02	0.0	0.0	121.38					-0.02	-0.02	0.04	-0.0	-0.0	0.01	0.04	0.0	0.0	18.49					0.02	0.02	1.4	0.0	0.0	0.37	1.4	0.0	0.0	69.07					0.0	0.0	0.0	0.0	0.0	0.0	0.0	0.0	0.0					
2020-10-02 07:00:00	25000	4.21	4.03	4.21	4.04	3.65	CFV.MI	4.76	4.76	4.56	4.57	5.71	4.42	-1.0	-1.0	1.0	-1	-1.0	1.0	-1.0	-1.0	-1.0	1.0									1.0			4.0										0.0			5.59	0.18	0.18	-0.34	0.04	0.04	-0.07		-0.34	0.0	0.0	20.32					1	0.18	0.18	-0.84	0.04	0.04	-0.19	-0.84	0.0	0.0	144.82					0.18	0.18	0.22	0.04	0.04	0.05	0.22	0.0	0.0	20.32					-0.18	-0.18	1.22	-0.04	-0.04	0.31	1.22	0.0	0.0	57.72					-0.0	-0.0	0.0	-0.0	-0.0	0.0	0.0	-0.0	0.0					
2020-10-05 07:00:00	6000	4.09	3.95	4.0	4.05	3.66	CFV.MI	4.48	4.58	4.42	4.53	5.59	4.42	-1.0	-1.0	1.0	-1	-1.0	1.0	-1.0	-1.0	-1.0	1.0									1.0			4.0										0.0			5.59	-0.01	-0.01	-0.35	-0.0	-0.0	-0.07		-0.35	0.0	0.0	23.77					1	-0.01	-0.01	-0.85	-0.0	-0.0	-0.19	-0.85	0.0	0.0	161.74					-0.01	-0.01	0.21	-0.0	-0.0	0.05	0.21	0.0	0.0	23.77					0.01	0.01	1.23	0.0	0.0	0.32	1.23	0.0	0.0	66.44					0.0	0.0	0.0	0.0	0.0	0.0	0.0	0.0	0.0					
2020-10-06 07:00:00	10000	4.01	3.95	4.01	3.95	3.57	CFV.MI	4.45	4.45	4.38	4.38	5.59	4.38	-1.0	-1.0	-1.0	-1	-1.0	1.0	-1.0	-1.0	-1.0	1.0		3.95							1.0			4.0		4.38								0.0			5.59	0.1	0.1	-0.25	0.02	0.03	-0.04		-0.25	0.0	0.0	29.13					1	0.1	0.1	-0.75	0.02	0.03	-0.17	-0.75	0.0	0.0	175.13					0.1	0.1	0.31	0.02	0.03	0.08	0.31	0.0	0.0	29.13					-0.1	-0.1	1.13	-0.02	-0.03	0.28	1.13	0.0	0.0	63.24					-0.0	-0.0	0.0	-0.0	-0.0	0.0	0.0	-0.0	0.0					
2020-10-07 07:00:00	6000	4.05	3.95	4.05	4.05	3.66	CFV.MI	4.49	4.49	4.38	4.49	5.59	4.38	-1.0	-1.0	-1.0	-1	-1.0	1.0	-1.0	-1.0	-1.0	1.0									1.0			4.0										0.0			5.59	-0.1	-0.1	-0.35	-0.03	-0.03	-0.07		-0.35	0.0	0.0	23.59					1	-0.1	-0.1	-0.85	-0.03	-0.03	-0.19	-0.85	0.0	0.0	155.47					-0.1	-0.1	0.21	-0.03	-0.03	0.05	0.21	0.0	0.0	23.59					0.1	0.1	1.23	0.03	0.03	0.32	1.23	0.0	0.0	64.41					0.0	0.0	0.0	0.0	0.0	0.0	0.0	0.0	0.0					
2020-10-08 07:00:00	5000	4.09	4.08	4.08	4.09	3.7	CFV.MI	4.49	4.5	4.49	4.5	5.59	4.38	-1.0	-1.0	-1.0	-1	-1.0	1.0	-1.0	-1.0	-1.0	1.0									1.0			4.0										0.0			5.59	-0.04	-0.04	-0.39	-0.01	-0.01	-0.08		-0.39	0.0	0.0	26.19					1	-0.04	-0.04	-0.89	-0.01	-0.01	-0.2	-0.89	0.0	0.0	168.52					-0.04	-0.04	0.17	-0.01	-0.01	0.04	0.17	0.0	0.0	26.19					0.04	0.04	1.27	0.01	0.01	0.33	1.27	0.0	0.0	73.67					0.0	0.0	0.0	0.0	0.0	0.0	0.0	0.0	0.0					
2020-10-09 07:00:00	1000	4.12	4.12	4.12	4.12	3.72	CFV.MI	4.53	4.53	4.53	4.53	5.59	4.38	-1.0	-1.0	-1.0	-1	-1.0	1.0	-1.0	-1.0	-1.0	1.0	4.12								1.0			4.0	4.53									0.0			5.59	-0.03	-0.03	-0.42	-0.01	-0.01	-0.08		-0.42	0.0	0.0	20.51					1	-0.03	-0.03	-0.92	-0.01	-0.01	-0.21	-0.92	0.0	0.0	158.82					-0.03	-0.03	0.14	-0.01	-0.01	0.03	0.14	0.0	0.0	20.51					0.03	0.03	1.3	0.01	0.01	0.34	1.3	0.0	0.0	72.74					0.0	0.0	0.0	0.0	0.0	0.0	0.0	0.0	0.0					
2020-10-12 07:00:00	4000	4.11	4.02	4.11	4.1	3.71	CFV.MI	4.5	4.5	4.4	4.48	5.59	4.38	-1.0	-1.0	-1.0	-1	-1.0	1.0	-1.0	-1.0	-1.0	1.0									1.0			4.0										0.0			5.59	0.02	0.02	-0.4	0.0	0.0	-0.08		-0.4	0.0	0.0	20.89					1	0.02	0.02	-0.9	0.0	0.0	-0.2	-0.9	0.0	0.0	159.54					0.02	0.02	0.16	0.0	0.0	0.04	0.16	0.0	0.0	20.89					-0.02	-0.02	1.28	-0.0	-0.0	0.33	1.28	0.0	0.0	68.95					-0.0	-0.0	0.0	-0.0	-0.0	0.0	0.0	-0.0	0.0					
2020-10-13 07:00:00	6000	4.03	3.9	4.0	4.03	3.64	CFV.MI	4.41	4.44	4.3	4.44	5.59	4.3	-1.0	-1.0	-1.0	-1	-1.0	1.0	-1.0	-1.0	-1.0	1.0		3.9		3.9					1.0			4.0		4.3		4.3						0.0			5.59	0.07	0.07	-0.33	0.02	0.02	-0.06		-0.33	0.0	0.0	25.17					1	0.07	0.07	-0.83	0.02	0.02	-0.19	-0.83	0.0	0.0	161.93					0.07	0.07	0.23	0.02	0.02	0.06	0.23	0.0	0.0	25.17					-0.07	-0.07	1.21	-0.02	-0.02	0.31	1.21	0.0	0.0	66.21					-0.0	-0.0	0.0	-0.0	-0.0	0.0	0.0	-0.0	0.0					
2020-10-14 07:00:00	16000	4.15	4.02	4.11	4.08	3.69	CFV.MI	4.52	4.56	4.42	4.49	5.59	4.3	-1.0	-1.0	-1.0	-1	-1.0	1.0	-1.0	-1.0	-1.0	1.0	4.15		4.15						1.0			4.0										0.0			5.59	-0.05	-0.05	-0.38	-0.01	-0.01	-0.08		-0.38	0.0	0.0	26.2					1	-0.05	-0.05	-0.88	-0.01	-0.01	-0.2	-0.88	0.0	0.0	149.97					-0.05	-0.05	0.18	-0.01	-0.01	0.04	0.18	0.0	0.0	26.2					0.05	0.05	1.26	0.01	0.01	0.33	1.26	0.0	0.0	73.57					0.0	0.0	0.0	0.0	0.0	0.0	0.0	0.0	0.0					
2020-10-15 07:00:00	4000	4.08	4.03	4.08	4.07	3.67	CFV.MI	4.62	4.62	4.56	4.6	5.59	4.3	-1.0	-1.0	-1.0	-1	-1.0	1.0	-1.0	-1.0	-1.0	1.0									1.0			4.0	4.62		4.62							0.0			5.59	0.01	0.01	-0.37	0.0	0.0	-0.07		-0.37	0.0	0.0	22.83					1	0.01	0.01	-0.87	0.0	0.0	-0.2	-0.87	0.0	0.0	150.31					0.01	0.01	0.19	0.0	0.0	0.05	0.19	0.0	0.0	22.83					-0.01	-0.01	1.25	-0.0	-0.0	0.32	1.25	0.0	0.0	68.02					-0.0	-0.0	0.0	-0.0	-0.0	0.0	0.0	-0.0	0.0					
2020-10-16 07:00:00	2000	4.04	3.96	3.96	4.04	3.65	CFV.MI	4.4	4.49	4.4	4.49	5.59	4.3	-1.0	-1.0	-1.0	-1	-1.0	1.0	-1.0	-1.0	-1.0	1.0		3.96							1.0			4.0		4.4								0.0			5.59	0.03	0.03	-0.34	0.01	0.01	-0.07		-0.34	0.0	0.0	27.61					1	0.03	0.03	-0.84	0.01	0.01	-0.19	-0.84	0.0	0.0	151.31					0.03	0.03	0.22	0.01	0.01	0.05	0.22	0.0	0.0	27.61					-0.03	-0.03	1.22	-0.01	-0.01	0.31	1.22	0.0	0.0	68.8					-0.0	-0.0	0.0	-0.0	-0.0	0.0	0.0	-0.0	0.0					
2020-10-19 07:00:00	10000	4.07	3.95	4.07	4.03	3.64	CFV.MI	4.53	4.53	4.4	4.49	5.59	4.3	-1.0	-1.0	-1.0	-1	-1.0	1.0	-1.0	-1.0	-1.0	1.0	4.07								1.0			4.0	4.53									0.0			5.59	0.01	0.01	-0.33	0.0	0.0	-0.06		-0.33	0.0	0.0	27.8					1	0.01	0.01	-0.83	0.0	0.0	-0.19	-0.83	0.0	0.0	151.64					0.01	0.01	0.23	0.0	0.0	0.06	0.23	0.0	0.0	27.8					-0.01	-0.01	1.21	-0.0	-0.0	0.31	1.21	0.0	0.0	65.41					-0.0	-0.0	0.0	-0.0	-0.0	0.0	0.0	-0.0	0.0					
2020-10-20 07:00:00	3000	4.04	3.94	4.04	3.94	3.57	CFV.MI	4.47	4.47	4.36	4.36	5.59	4.3	-1.0	-1.0	-1.0	-1	-1.0	1.0	-1.0	-1.0	-1.0	1.0									1.0			4.0		4.36								0.0			5.59	0.09	0.09	-0.24	0.02	0.02	-0.04		-0.24	0.0	0.0	33.75					1	0.09	0.09	-0.74	0.02	0.02	-0.17	-0.74	0.0	0.0	154.44					0.09	0.09	0.32	0.02	0.02	0.08	0.32	0.0	0.0	33.75					-0.09	-0.09	1.12	-0.02	-0.02	0.28	1.12	0.0	0.0	63.36					-0.0	-0.0	0.0	-0.0	-0.0	0.0	0.0	-0.0	0.0					
2020-10-21 07:00:00	4000	4.01	3.9	4.01	3.9	3.52	CFV.MI	4.53	4.53	4.41	4.41	5.59	4.3	-1.0	-1.0	-1.0	-1	-1.0	1.0	-1.0	-1.0	-1.0	1.0									1.0			4.0	4.53									0.0			5.59	0.04	0.04	-0.2	0.01	0.01	-0.03		-0.2	0.0	0.0	31.81					1	0.04	0.04	-0.7	0.01	0.01	-0.16	-0.7	0.0	0.0	155.61					0.04	0.04	0.36	0.01	0.01	0.09	0.36	0.0	0.0	31.81					-0.04	-0.04	1.08	-0.01	-0.01	0.27	1.08	0.0	0.0	56.65					-0.0	-0.0	0.0	-0.0	-0.0	0.0	0.0	-0.0	0.0					
2020-10-22 07:00:00	2000	3.91	3.85	3.91	3.85	3.48	CFV.MI	4.42	4.42	4.35	4.35	5.59	4.3	-1.0	-1.0	-1.0	-1	-1.0	1.0	-1.0	-1.0	-1.0	1.0									1.0			4.0										0.0			5.59	0.05	0.05	-0.15	0.01	0.01	-0.02		-0.15	0.0	0.0	37.12					1	0.05	0.05	-0.65	0.01	0.01	-0.15	-0.65	0.0	0.0	157.01					0.05	0.05	0.41	0.01	0.01	0.11	0.41	0.0	0.0	37.12					-0.05	-0.05	1.03	-0.01	-0.01	0.25	1.03	0.0	0.0	56.37					-0.0	-0.0	0.0	-0.0	-0.0	0.0	0.0	-0.0	0.0					
2020-10-23 07:00:00	1000	3.85	3.85	3.85	3.85	3.48	CFV.MI	4.31	4.31	4.31	4.31	5.59	4.3	-1.0	-1.0	-1.0	-1	-1.0	1.0	-1.0	-1.0	-1.0	1.0									1.0			4.0		4.31								0.0			5.59	-0.0	-0.0	-0.15	-0.0	-0.0	-0.02		-0.15	0.0	0.0	43.98					1	-0.0	-0.0	-0.65	-0.0	-0.0	-0.15	-0.65	0.0	0.0	157.01					-0.0	-0.0	0.41	-0.0	-0.0	0.11	0.41	0.0	0.0	43.98					0.0	0.0	1.03	0.0	0.0	0.25	1.03	0.0	0.0	64.33					0.0	0.0	0.0	0.0	0.0	0.0	0.0	0.0	0.0					
2020-10-26 08:00:00	16000	3.93	3.76	3.81	3.76	3.39	CFV.MI	4.34	4.47	4.28	4.28	5.59	4.28	-1.0	-1.0	-1.0	-1	-1.0	1.0	-1.0	-1.0	-1.0	1.0									1.0			4.0										0.0			5.59	0.09	0.09	-0.06	0.02	0.02	0.0		-0.06	0.0	0.0	41.57					1	0.09	0.09	-0.56	0.02	0.02	-0.13	-0.56	0.0	0.0	159.38					0.09	0.09	0.5	0.02	0.02	0.13	0.5	0.0	0.0	41.57					-0.09	-0.09	0.94	-0.02	-0.02	0.22	0.94	0.0	0.0	53.51					-0.0	-0.0	0.0	-0.0	-0.0	0.0	0.0	-0.0	0.0					
2020-10-27 08:00:00	16000	3.87	3.66	3.75	3.87	3.49	CFV.MI	4.34	4.47	4.23	4.47	5.59	4.23	-1.0	-1.0	-1.0	-1	-1.0	1.0	-1.0	-1.0	-1.0	1.0									1.0			4.0										0.0			5.59	-0.11	-0.11	-0.17	-0.03	-0.03	-0.02		-0.17	0.0	0.0	41.6					1	-0.11	-0.11	-0.67	-0.03	-0.03	-0.16	-0.67	0.0	0.0	140.7					-0.11	-0.11	0.39	-0.03	-0.03	0.1	0.39	0.0	0.0	41.6					0.11	0.11	1.05	0.03	0.03	0.26	1.05	0.0	0.0	63.75					0.0	0.0	0.0	0.0	0.0	0.0	0.0	0.0	0.0					
2020-10-28 08:00:00	10000	3.8	3.61	3.77	3.64	3.29	CFV.MI	4.54	4.58	4.35	4.39	5.59	4.23	-1.0	-1.0	-1.0	-1	-1.0	1.0	-1.0	-1.0	-1.0	1.0									1.0			4.0	4.58									0.0			5.59	0.23	0.23	0.06	0.06	0.06	0.04		0.06	0.0	0.0	45.48					1	0.23	0.23	-0.44	0.06	0.06	-0.1	-0.44	0.0	0.0	146.1					0.23	0.23	0.62	0.06	0.06	0.17	0.62	0.0	0.0	45.48					-0.23	-0.23	0.82	-0.06	-0.06	0.18	0.82	0.0	0.0	49.61					-0.0	-0.0	0.0	-0.0	-0.0	0.0	0.0	-0.0	0.0					
2020-10-29 08:00:00	6000	3.63	3.55	3.57	3.6	3.25	CFV.MI	4.31	4.38	4.28	4.34	5.59	4.23	-1.0	-1.0	-1.0	-1	-1.0	1.0	-1.0	-1.0	-1.0	1.0		3.55							1.0			4.0										0.0			5.59	0.04	0.04	0.1	0.01	0.01	0.05		0.1	0.0	0.0	45.76					1	0.04	0.04	-0.4	0.01	0.01	-0.09	-0.4	0.0	0.0	146.95					0.04	0.04	0.66	0.01	0.01	0.18	0.66	0.0	0.0	45.76					-0.04	-0.04	0.78	-0.01	-0.01	0.17	0.78	0.0	0.0	44.61					-0.0	-0.0	0.0	-0.0	-0.0	0.0	0.0	-0.0	0.0					
2020-10-30 08:00:00	1000	3.6	3.6	3.6	3.6	3.25	CFV.MI	4.33	4.33	4.33	4.33	5.59	4.23	-1.0	-1.0	-1.0	-1	-1.0	1.0	-1.0	-1.0	-1.0	1.0	3.6								1.0			4.0										0.0			5.59	-0.0	-0.0	0.1	-0.0	-0.0	0.05		0.1	0.0	0.0	49.33					1	-0.0	-0.0	-0.4	-0.0	-0.0	-0.09	-0.4	0.0	0.0	146.95					-0.0	-0.0	0.66	-0.0	-0.0	0.18	0.66	0.0	0.0	49.33					0.0	0.0	0.78	0.0	0.0	0.17	0.78	0.0	0.0	48.16					0.0	0.0	0.0	0.0	0.0	0.0	0.0	0.0	0.0					
2020-11-02 08:00:00	3000	3.56	3.53	3.53	3.56	3.22	CFV.MI	4.14	4.17	4.14	4.17	5.59	4.14	-1.0	-1.0	-1.0	-1	-1.0	-1.0	1.0	-1.0	-1.0	1.0									1.0			4.0										0.0			5.59	0.04	0.04	0.14	0.01	0.01	0.06		0.14	0.0	0.0	48.9					1	0.04	0.04	-0.36	0.01	0.01	-0.08	-0.36	0.0	0.0	147.77					0.04	0.04	0.7	0.01	0.01	0.2	0.7	0.0	0.0	48.9					-0.04	-0.04	0.74	-0.01	-0.01	0.16	0.74	0.0	0.0	42.42					-0.0	-0.0	0.0	-0.0	-0.0	0.0	0.0	-0.0	0.0					
2020-11-03 08:00:00	6000	3.56	3.49	3.56	3.49	3.15	CFV.MI	4.04	4.04	3.96	3.96	5.59	3.96	-1.0	-1.0	-1.0	-1	-1.0	-1.0	1.0	-1.0	-1.0	1.0		3.49		3.49		3.49			1.0	3.49		3.49										0.0			5.59	0.07	0.07	0.21	0.02	0.02	0.08		0.21	0.0	0.0	49.74					1	0.07	0.07	-0.29	0.02	0.02	-0.06	-0.29	0.0	0.0	149.14					-0.07	-0.07	0.63	-0.02	-0.02	0.17	0.63	0.0	0.0	42.6					-0.07	-0.07	0.67	-0.02	-0.02	0.14	0.67	0.0	0.0	36.29					-0.0	-0.0	0.0	-0.0	-0.0	0.0	0.0	-0.0	0.0					
2020-11-04 08:00:00	4000	3.57	3.49	3.49	3.57	3.22	CFV.MI	3.89	3.98	3.89	3.98	5.59	3.89	-1.0	-1.0	-1.0	-1	-1.0	-1.0	1.0	-1.0	-1.0	1.0									1.0			3.49		3.89								0.0			5.59	-0.08	-0.08	0.13	-0.02	-0.02	0.06		0.13	0.0	0.0	43.22					1	-0.08	-0.08	-0.37	-0.02	-0.02	-0.09	-0.37	0.0	0.0	135.43					0.08	0.08	0.71	0.02	0.02	0.2	0.71	0.0	0.0	43.81					0.08	0.08	0.75	0.02	0.02	0.16	0.75	0.0	0.0	37.58					0.0	0.0	0.0	0.0	0.0	0.0	0.0	0.0	0.0					
2020-11-05 08:00:00	3000	3.65	3.64	3.64	3.65	3.3	CFV.MI	3.98	3.99	3.98	3.99	5.59	3.89	-1.0	-1.0	-1.0	-1	-1.0	-1.0	1.0	-1.0	-1.0	1.0	3.65								1.0			3.49	3.99									0.0			5.59	-0.08	-0.08	0.05	-0.02	-0.02	0.03		0.05	0.0	0.0	41.04					1	-0.08	-0.08	-0.45	-0.02	-0.02	-0.11	-0.45	0.0	0.0	123.07					0.08	0.08	0.79	0.02	0.02	0.23	0.79	0.0	0.0	48.96					0.08	0.08	0.83	0.02	0.02	0.19	0.83	0.0	0.0	42.76					0.0	0.0	0.0	0.0	0.0	0.0	0.0	0.0	0.0					
2020-11-06 08:00:00	4000	3.64	3.58	3.58	3.64	3.29	CFV.MI	3.92	3.99	3.92	3.99	5.59	3.89	-1.0	-1.0	-1.0	-1	-1.0	-1.0	1.0	-1.0	-1.0	1.0									1.0			3.49										0.0			5.59	0.01	0.01	0.06	0.0	0.0	0.04		0.06	0.0	0.0	41.07					1	0.01	0.01	-0.44	0.0	0.0	-0.1	-0.44	0.0	0.0	123.27					-0.01	-0.01	0.78	-0.0	-0.0	0.22	0.78	0.0	0.0	45.62					-0.01	-0.01	0.82	-0.0	-0.0	0.18	0.82	0.0	0.0	39.45					-0.0	-0.0	0.0	-0.0	-0.0	0.0	0.0	-0.0	0.0					
2020-11-09 08:00:00	8000	3.6	3.55	3.55	3.6	3.25	CFV.MI	3.69	3.74	3.69	3.74	5.59	3.69	-1.0	-1.0	-1.0	-1	-1.0	-1.0	1.0	-1.0	-1.0	1.0									1.0			3.49										0.0			5.59	0.04	0.04	0.1	0.01	0.01	0.05		0.1	0.0	0.0	47.74					1	0.04	0.04	-0.4	0.01	0.01	-0.09	-0.4	0.0	0.0	124.05					-0.04	-0.04	0.74	-0.01	-0.01	0.21	0.74	0.0	0.0	47.28					-0.04	-0.04	0.78	-0.01	-0.01	0.17	0.78	0.0	0.0	40.99					-0.0	-0.0	0.0	-0.0	-0.0	0.0	0.0	-0.0	0.0					
2020-11-10 08:00:00	7000	3.58	3.56	3.58	3.56	3.22	CFV.MI	3.7	3.7	3.68	3.68	5.59	3.68	-1.0	-1.0	-1.0	-1	-1.0	-1.0	1.0	-1.0	-1.0	1.0		3.56							1.0			3.49										0.0			5.59	0.04	0.04	0.14	0.01	0.01	0.06		0.14	0.0	0.0	47.74					1	0.04	0.04	-0.36	0.01	0.01	-0.08	-0.36	0.0	0.0	124.82					-0.04	-0.04	0.7	-0.01	-0.01	0.2	0.7	0.0	0.0	42.1					-0.04	-0.04	0.74	-0.01	-0.01	0.16	0.74	0.0	0.0	35.89					-0.0	-0.0	0.0	-0.0	-0.0	0.0	0.0	-0.0	0.0					
2020-11-11 08:00:00	6000	3.6	3.53	3.56	3.6	3.25	CFV.MI	3.66	3.7	3.63	3.7	5.59	3.63	-1.0	-1.0	-1.0	-1	-1.0	-1.0	1.0	-1.0	-1.0	1.0									1.0			3.49		3.63								0.0			5.59	-0.04	-0.04	0.1	-0.01	-0.01	0.05		0.1	0.0	0.0	47.4					1	-0.04	-0.04	-0.4	-0.01	-0.01	-0.09	-0.4	0.0	0.0	117.12					0.04	0.04	0.74	0.01	0.01	0.21	0.74	0.0	0.0	46.94					0.04	0.04	0.78	0.01	0.01	0.17	0.78	0.0	0.0	40.68					0.0	0.0	0.0	0.0	0.0	0.0	0.0	0.0	0.0					
2020-11-12 08:00:00	17000	3.71	3.52	3.6	3.71	3.35	CFV.MI	3.73	3.84	3.65	3.84	5.59	3.63	-1.0	-1.0	-1.0	-1	-1.0	-1.0	1.0	-1.0	-1.0	1.0	3.71								1.0			3.49	3.84									0.0			5.59	-0.11	-0.11	-0.01	-0.03	-0.03	0.02		-0.01	0.0	0.0	39.98					1	-0.11	-0.11	-0.51	-0.03	-0.03	-0.12	-0.51	0.0	0.0	103.93					0.11	0.11	0.85	0.03	0.03	0.25	0.85	0.0	0.0	48.33					0.11	0.11	0.89	0.03	0.03	0.21	0.89	0.0	0.0	42.17					0.0	0.0	0.0	0.0	0.0	0.0	0.0	0.0	0.0					
2020-11-13 08:00:00	5000	3.64	3.58	3.64	3.58	3.23	CFV.MI	3.76	3.76	3.69	3.69	5.59	3.63	-1.0	-1.0	-1.0	-1	-1.0	-1.0	1.0	-1.0	-1.0	1.0		3.58							1.0			3.49										0.0			5.59	0.13	0.13	0.12	0.04	0.04	0.05		0.12	0.0	0.0	41.91					1	0.13	0.13	-0.38	0.04	0.04	-0.09	-0.38	0.0	0.0	106.38					-0.13	-0.13	0.72	-0.04	-0.04	0.2	0.72	0.0	0.0	40.28					-0.13	-0.13	0.76	-0.04	-0.04	0.16	0.76	0.0	0.0	34.43					-0.0	-0.0	0.0	-0.0	-0.0	0.0	0.0	-0.0	0.0					
2020-11-16 08:00:00	20000	3.71	3.54	3.65	3.6	3.25	CFV.MI	3.69	3.75	3.58	3.64	5.59	3.58	-1.0	-1.0	-1.0	-1	-1.0	-1.0	1.0	-1.0	-1.0	1.0									1.0			3.49		3.58		3.58		3.58				0.0			5.59	-0.02	-0.02	0.1	-0.01	-0.01	0.05		0.1	0.0	0.0	42.05					1	-0.02	-0.02	-0.4	-0.01	-0.01	-0.09	-0.4	0.0	0.0	101.21					0.02	0.02	0.74	0.01	0.01	0.21	0.74	0.0	0.0	44.22					0.02	0.02	0.78	0.01	0.01	0.17	0.78	0.0	0.0	38.33					0.0	0.0	0.0	0.0	0.0	0.0	0.0	0.0	0.0					
2020-11-17 08:00:00	21000	3.98	3.65	3.65	3.86	3.49	CFV.MI	3.67	4.0	3.67	3.88	5.59	3.58	-1.0	-1.0	-1.0	-1	-1.0	-1.0	1.0	-1.0	-1.0	1.0									1.0			3.49										0.0			5.59	-0.26	-0.26	-0.16	-0.07	-0.07	-0.02		-0.16	0.0	0.0	29.83					1	-0.26	-0.26	-0.66	-0.07	-0.07	-0.15	-0.66	0.0	0.0	80.53					0.26	0.26	1.0	0.07	0.07	0.3	1.0	0.0	0.0	46.93					0.26	0.26	1.04	0.07	0.07	0.26	1.04	0.0	0.0	41.22					0.0	0.0	0.0	0.0	0.0	0.0	0.0	0.0	0.0					
2020-11-18 08:00:00	20000	4.05	3.87	3.88	3.95	3.57	CFV.MI	3.87	4.04	3.86	3.94	5.59	3.58	-1.0	-1.0	-1.0	0	-1.0	-1.0	1.0	-1.0	-1.0	1.0	4.05		4.05						1.0			3.49	4.04		4.04							0.0			5.59	-0.09	-0.09	-0.25	-0.02	-0.02	-0.04		-0.25	0.0	0.0	29.25					1	-0.09	-0.09	-0.75	-0.02	-0.02	-0.17	-0.75	0.0	0.0	79.37					0.09	0.09	1.09	0.02	0.02	0.33	1.09	0.0	0.0	53.23					0.09	0.09	1.13	0.02	0.02	0.28	1.13	0.0	0.0	47.42					0.0	0.0	0.0	0.0	0.0	0.0	0.0	0.0	0.0					
2020-11-19 08:00:00	5000	3.97	3.88	3.89	3.94	3.56	CFV.MI	3.9	3.98	3.89	3.95	5.59	3.58	-1.0	-1.0	-1.0	0	-1.0	-1.0	1.0	-1.0	-1.0	1.0									1.0			3.49										0.0			5.59	0.01	0.01	-0.24	0.0	0.0	-0.04		-0.24	0.0	0.0	28.55					1	-0.0	-0.0	-0.75	-0.0	-0.0	-0.17	-0.75	0.0	0.0	78.43					-0.01	-0.01	1.08	-0.0	-0.0	0.32	1.08	0.0	0.0	49.55					-0.01	-0.01	1.12	-0.0	-0.0	0.28	1.12	0.0	0.0	43.74					-0.0	-0.0	0.0	-0.0	-0.0	0.0	0.0	-0.0	0.0					
2020-11-20 08:00:00	5000	3.96	3.9	3.95	3.9	3.52	CFV.MI	3.92	3.93	3.87	3.87	5.59	3.58	-1.0	-1.0	-1.0	0	-1.0	-1.0	1.0	-1.0	-1.0	1.0									1.0			3.49										0.0			5.59	0.04	0.04	-0.2	0.01	0.01	-0.03		-0.2	0.0	0.0	28.93					1	-0.0	-0.0	-0.75	-0.0	-0.0	-0.17	-0.75	0.0	0.0	78.11					-0.04	-0.04	1.04	-0.01	-0.01	0.31	1.04	0.0	0.0	45.23					-0.04	-0.04	1.08	-0.01	-0.01	0.27	1.08	0.0	0.0	39.51					-0.0	-0.0	0.0	-0.0	-0.0	0.0	0.0	-0.0	0.0					
2020-11-23 08:00:00	11000	3.97	3.85	3.97	3.9	3.52	CFV.MI	3.95	3.95	3.83	3.88	5.59	3.58	-1.0	-1.0	-1.0	0	-1.0	-1.0	1.0	-1.0	-1.0	1.0									1.0			3.49										0.0			5.59	-0.0	-0.0	-0.2	-0.0	-0.0	-0.03		-0.2	0.0	0.0	28.65					1	0.0	0.0	-0.75	0.0	0.0	-0.17	-0.75	0.0	0.0	77.78					0.0	0.0	1.04	0.0	0.0	0.31	1.04	0.0	0.0	45.0					0.0	0.0	1.08	0.0	0.0	0.27	1.08	0.0	0.0	39.27					0.0	0.0	0.0	0.0	0.0	0.0	0.0	0.0	0.0					
2020-11-24 08:00:00	4000	3.84	3.81	3.84	3.81	3.44	CFV.MI	3.74	3.74	3.71	3.71	5.59	3.58	-1.0	-1.0	-1.0	0	-1.0	-1.0	1.0	-1.0	-1.0	1.0		3.81							1.0			3.49		3.71								0.0			5.59	0.09	0.09	-0.11	0.02	0.02	-0.01		-0.11	0.0	0.0	29.86					1	-0.0	-0.0	-0.75	-0.0	-0.0	-0.17	-0.75	0.0	0.0	77.45					-0.09	-0.09	0.95	-0.02	-0.02	0.28	0.95	0.0	0.0	39.06					-0.09	-0.09	0.99	-0.02	-0.02	0.24	0.99	0.0	0.0	33.52					-0.0	-0.0	0.0	-0.0	-0.0	0.0	0.0	-0.0	0.0					
2020-11-25 08:00:00	6000	3.88	3.85	3.88	3.87	3.5	CFV.MI	3.75	3.75	3.72	3.74	5.59	3.58	-1.0	-1.0	-1.0	0	-1.0	-1.0	1.0	-1.0	-1.0	1.0	3.88								1.0			3.49	3.75									0.0			5.59	-0.06	-0.06	-0.17	-0.02	-0.02	-0.02		-0.17	0.0	0.0	21.78					1	0.0	0.0	-0.75	0.0	0.0	-0.17	-0.75	0.0	0.0	72.7					0.06	0.06	1.01	0.02	0.02	0.3	1.01	0.0	0.0	36.72					0.06	0.06	1.05	0.02	0.02	0.26	1.05	0.0	0.0	31.02					0.0	0.0	0.0	0.0	0.0	0.0	0.0	0.0	0.0					
2020-11-26 08:00:00	5000	3.81	3.79	3.79	3.81	3.44	CFV.MI	3.68	3.7	3.68	3.7	5.56	3.58	-1.0	-1.0	-1.0	0	-1.0	-1.0	1.0	-1.0	-1.0	1.0		3.79		3.79					1.0			3.49		3.68		3.68						0.0			5.59	0.06	0.06	-0.11	0.02	0.02	-0.01		-0.11	0.0	0.0	20.53					1	-0.0	-0.0	-0.75	-0.0	-0.0	-0.17	-0.75	0.0	0.0	69.54					-0.06	-0.06	0.95	-0.02	-0.02	0.28	0.95	0.0	0.0	30.1					-0.06	-0.06	0.99	-0.02	-0.02	0.24	0.99	0.0	0.0	24.4					-0.0	-0.0	0.0	-0.0	-0.0	0.0	0.0	-0.0	0.0					
2020-11-27 08:00:00	32000	4.07	3.85	3.88	4.07	3.68	CFV.MI	3.74	3.93	3.71	3.93	5.42	3.58	-1.0	-1.0	-1.0	0	-1.0	-1.0	1.0	-1.0	-1.0	1.0									1.0			3.49										0.0			5.59	-0.26	-0.26	-0.37	-0.07	-0.07	-0.07		-0.37	0.0	0.0	16.0					1	0.0	0.0	-0.75	0.0	0.0	-0.17	-0.75	0.0	0.0	77.18					0.26	0.26	1.21	0.07	0.07	0.37	1.21	0.0	0.0	38.96					0.26	0.26	1.25	0.07	0.07	0.32	1.25	0.0	0.0	33.37					0.0	0.0	0.0	0.0	0.0	0.0	0.0	0.0	0.0					
2020-11-30 08:00:00	152000	4.46	4.22	4.22	4.3	3.88	CFV.MI	4.13	4.36	4.13	4.2	5.38	3.58	-1.0	-1.0	1.0	1	-1.0	-1.0	1.0	-1.0	-1.0	1.0	4.46								1.0			3.49	4.36									0.0			5.59	-0.23	-0.23	-0.6	-0.06	-0.05	-0.12		-0.6	0.0	0.0	8.43					1	0.0	0.0	-0.75	0.0	0.0	-0.17	-0.75	0.0	0.0	76.56					0.23	0.23	1.44	0.06	0.05	0.45	1.44	0.0	0.0	41.52					0.23	0.23	1.48	0.06	0.05	0.4	1.48	0.0	0.0	36.09					0.0	0.0	0.0	0.0	0.0	0.0	0.0	0.0	0.0					
2020-12-01 08:00:00	43000	4.31	4.1	4.3	4.1	3.71	CFV.MI	4.2	4.21	4.0	4.0	5.38	3.58	-1.0	-1.0	1.0	1	-1.0	-1.0	1.0	-1.0	-1.0	1.0									1.0			3.49										0.0			5.59	0.2	0.2	-0.4	0.05	0.05	-0.08		-0.4	0.0	0.0	16.26					1	-0.2	-0.2	-0.95	-0.05	-0.05	-0.21	-0.95	0.0	0.0	71.01					-0.2	-0.2	1.24	-0.05	-0.05	0.38	1.24	0.0	0.0	38.42					-0.2	-0.2	1.28	-0.05	-0.05	0.33	1.28	0.0	0.0	33.19					-0.0	-0.0	0.0	-0.0	-0.0	0.0	0.0	-0.0	0.0					
2020-12-02 08:00:00	9000	4.16	4.1	4.1	4.11	3.71	CFV.MI	4.02	4.08	4.02	4.03	5.38	3.58	-1.0	-1.0	1.0	1	-1.0	-1.0	1.0	-1.0	-1.0	1.0									1.0			3.49										0.0			5.59	-0.01	-0.01	-0.41	-0.0	-0.0	-0.08		-0.41	0.0	0.0	12.26					1	0.01	0.01	-0.94	0.0	0.0	-0.21	-0.94	0.0	0.0	69.33					0.01	0.01	1.25	0.0	0.0	0.38	1.25	0.0	0.0	37.62					0.01	0.01	1.29	0.0	0.0	0.34	1.29	0.0	0.0	32.34					0.0	0.0	0.0	0.0	0.0	0.0	0.0	0.0	0.0					
2020-12-03 08:00:00	7000	4.11	4.03	4.03	4.03	3.65	CFV.MI	3.95	4.03	3.95	3.95	5.38	3.58	-1.0	-1.0	1.0	1	-1.0	-1.0	1.0	-1.0	-1.0	1.0									1.0			3.49										0.0			5.59	0.08	0.08	-0.33	0.02	0.02	-0.06		-0.33	0.0	0.0	18.03					1	-0.08	-0.08	-1.02	-0.02	-0.02	-0.23	-1.02	0.0	0.0	69.91					-0.08	-0.08	1.17	-0.02	-0.02	0.35	1.17	0.0	0.0	37.94					-0.08	-0.08	1.21	-0.02	-0.02	0.31	1.21	0.0	0.0	32.64					-0.0	-0.0	0.0	-0.0	-0.0	0.0	0.0	-0.0	0.0					
2020-12-04 08:00:00	8000	4.07	4.01	4.01	4.03	3.64	CFV.MI	3.9	3.96	3.9	3.92	5.38	3.58	-1.0	-1.0	1.0	1	-1.0	-1.0	1.0	-1.0	-1.0	1.0									1.0			3.49										0.0			5.59	-0.0	-0.0	-0.33	-0.0	-0.0	-0.06		-0.33	0.0	0.0	23.59					1	0.0	0.0	-1.02	0.0	0.0	-0.23	-1.02	0.0	0.0	81.24					0.0	0.0	1.17	0.0	0.0	0.35	1.17	0.0	0.0	44.73					0.0	0.0	1.21	0.0	0.0	0.31	1.21	0.0	0.0	39.15					0.0	0.0	0.0	0.0	0.0	0.0	0.0	0.0	0.0					
2020-12-07 08:00:00	7000	4.05	3.94	3.94	4.05	3.66	CFV.MI	3.84	3.95	3.84	3.95	5.38	3.58	-1.0	-1.0	1.0	1	-1.0	-1.0	1.0	-1.0	-1.0	1.0		3.94							1.0			3.49		3.84								0.0			5.59	-0.02	-0.02	-0.35	-0.0	-0.0	-0.07		-0.35	0.0	0.0	19.38					1	0.02	0.02	-1.0	0.0	0.0	-0.22	-1.0	0.0	0.0	79.95					0.02	0.02	1.19	0.0	0.0	0.36	1.19	0.0	0.0	44.13					0.02	0.02	1.23	0.0	0.0	0.32	1.23	0.0	0.0	38.51					0.0	0.0	0.0	0.0	0.0	0.0	0.0	0.0	0.0					
2020-12-08 08:00:00	11000	4.07	3.99	4.07	4.01	3.62	CFV.MI	3.98	3.98	3.9	3.92	5.38	3.58	-1.0	-1.0	1.0	1	-1.0	-1.0	1.0	-1.0	-1.0	1.0									1.0			3.49										0.0			5.59	0.04	0.04	-0.31	0.01	0.01	-0.06		-0.31	0.0	0.0	18.9					1	-0.04	-0.04	-1.04	-0.01	-0.01	-0.23	-1.04	0.0	0.0	71.78					-0.04	-0.04	1.15	-0.01	-0.01	0.35	1.15	0.0	0.0	39.33					-0.04	-0.04	1.19	-0.01	-0.01	0.3	1.19	0.0	0.0	33.75					-0.0	-0.0	0.0	-0.0	-0.0	0.0	0.0	-0.0	0.0					
2020-12-09 08:00:00	29000	4.3	4.03	4.03	4.3	3.89	CFV.MI	3.96	4.22	3.96	4.22	5.38	3.58	-1.0	-1.0	1.0	1	-1.0	-1.0	1.0	-1.0	-1.0	1.0									1.0			3.49										0.0			5.59	-0.29	-0.29	-0.6	-0.07	-0.07	-0.12		-0.6	0.0	0.0	10.18					1	0.29	0.29	-0.75	0.07	0.07	-0.17	-0.75	0.0	0.0	78.89					0.29	0.29	1.44	0.07	0.07	0.45	1.44	0.0	0.0	42.67					0.29	0.29	1.48	0.07	0.07	0.4	1.48	0.0	0.0	37.3					0.0	0.0	0.0	0.0	0.0	0.0	0.0	0.0	0.0					
2020-12-10 08:00:00	35000	4.45	4.22	4.41	4.22	3.81	CFV.MI	4.34	4.38	4.15	4.15	5.38	3.58	-1.0	-1.0	1.0	1	-1.0	-1.0	1.0	-1.0	-1.0	1.0	4.45								1.0			3.49	4.38									0.0			5.59	0.08	0.08	-0.52	0.02	0.02	-0.11		-0.52	0.0	0.0	15.34					1	-0.08	-0.08	-0.83	-0.02	-0.02	-0.19	-0.83	0.0	0.0	78.37					-0.08	-0.08	1.36	-0.02	-0.02	0.42	1.36	0.0	0.0	42.38					-0.08	-0.08	1.4	-0.02	-0.02	0.37	1.4	0.0	0.0	37.03					-0.0	-0.0	0.0	-0.0	-0.0	0.0	0.0	-0.0	0.0					
2020-12-11 08:00:00	2000	4.25	4.24	4.25	4.24	3.84	CFV.MI	4.22	4.22	4.21	4.21	5.38	3.58	-1.0	-1.0	1.0	1	-1.0	-1.0	1.0	-1.0	-1.0	1.0									1.0			3.49										0.0			5.59	-0.02	-0.02	-0.54	-0.0	-0.0	-0.11		-0.54	0.0	0.0	12.49					1	0.02	0.02	-0.81	0.0	0.0	-0.18	-0.81	0.0	0.0	78.82					0.02	0.02	1.38	0.0	0.0	0.43	1.38	0.0	0.0	42.6					0.02	0.02	1.42	0.0	0.0	0.38	1.42	0.0	0.0	37.27					0.0	0.0	0.0	0.0	0.0	0.0	0.0	0.0	0.0					
2020-12-14 08:00:00	8000	4.24	4.16	4.16	4.24	3.84	CFV.MI	4.12	4.2	4.12	4.2	5.38	3.58	-1.0	-1.0	1.0	1	-1.0	-1.0	1.0	-1.0	-1.0	1.0		4.16							1.0			3.49		4.12								0.0			5.59	-0.0	-0.0	-0.54	-0.0	-0.0	-0.11		-0.54	0.0	0.0	11.88					1	0.0	0.0	-0.81	0.0	0.0	-0.18	-0.81	0.0	0.0	78.03					0.0	0.0	1.38	0.0	0.0	0.43	1.38	0.0	0.0	42.21					0.0	0.0	1.42	0.0	0.0	0.38	1.42	0.0	0.0	40.8					0.0	0.0	0.0	0.0	0.0	0.0	0.0	0.0	0.0					
2020-12-15 08:00:00	52000	4.49	4.28	4.29	4.45	4.02	CFV.MI	4.22	4.41	4.21	4.38	5.38	3.58	-1.0	-1.0	1.0	1	-1.0	-1.0	1.0	-1.0	-1.0	1.0									1.0			3.49										0.0			5.59	-0.21	-0.21	-0.75	-0.05	-0.05	-0.15		-0.75	0.0	0.0	9.01					1	0.21	0.21	-0.6	0.05	0.05	-0.14	-0.6	0.0	0.0	88.22					0.21	0.21	1.59	0.05	0.05	0.5	1.59	0.0	0.0	48.24					0.21	0.21	1.63	0.05	0.05	0.45	1.63	0.0	0.0	42.56					0.0	0.0	0.0	0.0	0.0	0.0	0.0	0.0	0.0					
2020-12-16 08:00:00	36000	4.58	4.32	4.58	4.39	3.96	CFV.MI	4.49	4.49	4.24	4.31	5.38	3.58	-1.0	-1.0	1.0	1	-1.0	-1.0	1.0	-1.0	-1.0	1.0									1.0			3.49										0.0			5.59	0.06	0.06	-0.69	0.01	0.01	-0.14		-0.69	0.0	0.0	16.8					1	-0.06	-0.06	-0.66	-0.01	-0.01	-0.16	-0.66	0.0	0.0	99.18					-0.06	-0.06	1.53	-0.01	-0.01	0.48	1.53	0.0	0.0	54.22					-0.06	-0.06	1.57	-0.01	-0.01	0.43	1.57	0.0	0.0	35.75					-0.0	-0.0	0.0	-0.0	-0.0	0.0	0.0	-0.0	0.0					
2020-12-17 08:00:00	36000	4.59	4.43	4.43	4.45	4.02	CFV.MI	4.34	4.5	4.34	4.36	5.38	3.58	-1.0	-1.0	1.0	1	-1.0	-1.0	1.0	-1.0	-1.0	1.0	4.59								1.0			3.49										0.0			5.59	-0.06	-0.06	-0.75	-0.01	-0.01	-0.15		-0.75	0.0	0.0	19.13					1	0.06	0.06	-0.6	0.01	0.01	-0.14	-0.6	0.0	0.0	116.37					0.06	0.06	1.59	0.01	0.01	0.5	1.59	0.0	0.0	64.03					0.06	0.06	1.63	0.01	0.01	0.45	1.63	0.0	0.0	34.31					0.0	0.0	0.0	0.0	0.0	0.0	0.0	0.0	0.0					
2020-12-18 08:00:00	28000	4.54	4.38	4.38	4.54	4.1	CFV.MI	4.3	4.46	4.3	4.46	5.38	3.58	-1.0	-1.0	1.0	1	-1.0	-1.0	1.0	-1.0	-1.0	1.0									1.0			3.49										0.0			5.59	-0.09	-0.09	-0.84	-0.02	-0.02	-0.17		-0.84	0.0	0.0	14.38					1	0.09	0.09	-0.51	0.02	0.02	-0.13	-0.51	0.0	0.0	117.75					0.09	0.09	1.68	0.02	0.02	0.53	1.68	0.0	0.0	64.54					0.09	0.09	1.72	0.02	0.02	0.48	1.72	0.0	0.0	38.74					0.0	0.0	0.0	0.0	0.0	0.0	0.0	0.0	0.0					
2020-12-21 08:00:00	77000	4.6	4.39	4.6	4.41	3.99	CFV.MI	4.63	4.63	4.42	4.44	5.38	3.58	-1.0	1.0	1.0	1	-1.0	-1.0	1.0	-1.0	-1.0	1.0		4.39	4.6						1.0			3.49	4.63		4.63		4.63					-1.0			4.63	0.13	0.13	-0.71	0.03	0.03	-0.14	4.6	-0.71	0.0	0.0	15.01					1	-0.13	-0.13	-0.64	-0.03	-0.03	-0.15	-0.64	0.0	0.0	104.94					-0.13	-0.13	1.55	-0.03	-0.03	0.48	1.55	0.0	0.0	56.25					-0.13	-0.13	1.59	-0.03	-0.03	0.43	1.59	0.0	0.0	37.7					-0.0	-0.0	0.0	-0.0	-0.0	0.0	0.0	-0.0	0.0					
2020-12-22 08:00:00	22000	4.59	4.47	4.47	4.5	4.07	CFV.MI	4.41	4.53	4.41	4.44	5.38	3.58	-1.0	1.0	1.0	1	-1.0	-1.0	1.0	-1.0	-1.0	1.0	4.59								1.0			3.49										-1.0			4.63	-0.09	-0.09	-0.8	-0.02	-0.02	-0.16	4.6	-0.8	0.0	0.0	9.06					1	0.09	0.09	-0.55	0.02	0.02	-0.13	-0.55	0.0	0.0	106.3					0.09	0.09	1.64	0.02	0.02	0.51	1.64	0.0	0.0	56.08					0.09	0.09	1.68	0.02	0.02	0.46	1.68	0.0	0.0	44.24					-0.08999999999999986	-0.08999999999999986	-0.08999999999999986	-0.020408163265306145	-0.02020270731751947	-0.020000000000000018	-0.08999999999999986	-2.0202707317519486e-06	-2.0204727927408683e-06	-inf				
2020-12-23 08:00:00	25000	4.57	4.45	4.57	4.47	4.04	CFV.MI	4.45	4.45	4.34	4.36	5.38	3.58	-1.0	1.0	1.0	1	-1.0	-1.0	1.0	-1.0	-1.0	1.0									1.0			3.49										-1.0			4.63	0.03	0.03	-0.77	0.01	0.01	-0.16	4.6	-0.77	0.0	0.0	5.22					1	-0.03	-0.03	-0.58	-0.01	-0.01	-0.14	-0.58	0.0	0.0	100.81					-0.03	-0.03	1.61	-0.01	-0.01	0.5	1.61	0.0	0.0	50.02					-0.03	-0.03	1.65	-0.01	-0.01	0.45	1.65	0.0	0.0	50.67					0.03000000000000025	0.03000000000000025	-0.05999999999999961	0.00666666666666671	0.006688988150796652	-0.01342281879194629	-0.05999999999999961	6.42007119611349e-05	6.420035395526824e-05	4750.833886213666				
2020-12-28 08:00:00	13000	4.52	4.41	4.49	4.51	4.07	CFV.MI	4.34	4.37	4.27	4.36	5.37	3.58	-1.0	1.0	1.0	1	-1.0	-1.0	1.0	-1.0	-1.0	1.0									1.0			3.49										-1.0			4.63	-0.04	-0.04	-0.81	-0.01	-0.01	-0.16	4.6	-0.81	0.0	0.0	6.17					1	0.04	0.04	-0.54	0.01	0.01	-0.13	-0.54	0.0	0.0	101.41					0.04	0.04	1.65	0.01	0.01	0.52	1.65	0.0	0.0	56.43					0.04	0.04	1.69	0.01	0.01	0.47	1.69	0.0	0.0	50.09					-0.040000000000000036	-0.040000000000000036	-0.09999999999999964	-0.008948545861297452	-0.00890874488910943	-0.022172949002217224	-0.09999999999999964	5.97297934364814e-05	5.972853718549942e-05	3067.373884708517				
2020-12-29 08:00:00	11000	4.51	4.38	4.51	4.39	3.97	CFV.MI	4.37	4.37	4.24	4.25	5.29	3.58	-1.0	1.0	1.0	1	-1.0	-1.0	1.0	-1.0	-1.0	1.0		4.38							1.0			3.49		4.24								-1.0			4.63	0.12	0.12	-0.69	0.03	0.03	-0.14	4.6	-0.69	0.0	0.0	11.91					1	-0.12	-0.12	-0.66	-0.03	-0.03	-0.16	-0.66	0.0	0.0	90.75					-0.12	-0.12	1.53	-0.03	-0.03	0.48	1.53	0.0	0.0	53.82					-0.12	-0.12	1.57	-0.03	-0.03	0.43	1.57	0.0	0.0	43.09					0.1200000000000001	0.1200000000000001	0.020000000000000462	0.026607538802660757	0.026967926427507	0.004555808656036664	0.020000000000000462	0.00032401547242605003	0.0003240116110554414	3306.9496164172942				
2020-12-30 08:00:00	11000	4.51	4.4	4.43	4.4	3.98	CFV.MI	4.3	4.37	4.27	4.27	5.1	3.58	-1.0	1.0	1.0	1	-1.0	-1.0	1.0	-1.0	-1.0	1.0									1.0			3.49										-1.0			4.63	-0.01	-0.01	-0.7	-0.0	-0.0	-0.14	4.6	-0.7	0.0	0.0	8.44					1	0.01	0.01	-0.65	0.0	0.0	-0.15	-0.65	0.0	0.0	90.91					0.01	0.01	1.54	0.0	0.0	0.48	1.54	0.0	0.0	53.53					0.01	0.01	1.58	0.0	0.0	0.43	1.58	0.0	0.0	47.01					-0.010000000000000675	-0.010000000000000675	0.009999999999999787	-0.002277904328018332	-0.0022753138371356054	0.002272727272727204	0.009999999999999787	0.00031705604159641606	0.00031704988539904555	3001.3397667592635				
2021-01-04 08:00:00	20000	4.53	4.43	4.43	4.47	4.04	CFV.MI	4.28	4.38	4.28	4.32	5.1	3.58	-1.0	1.0	1.0	1	-1.0	-1.0	1.0	-1.0	-1.0	1.0	4.53								1.0			3.49	4.38									-1.0			4.63	-0.07	-0.07	-0.77	-0.02	-0.02	-0.16	4.6	-0.77	0.0	0.0	9.09					1	0.07	0.07	-0.58	0.02	0.02	-0.14	-0.58	0.0	0.0	91.95					0.07	0.07	1.61	0.02	0.02	0.5	1.61	0.0	0.0	60.8					0.07	0.07	1.65	0.02	0.02	0.45	1.65	0.0	0.0	46.62					-0.0699999999999994	-0.0699999999999994	-0.05999999999999961	-0.015909090909090873	-0.01578386770126195	-0.01342281879194629	-0.05999999999999961	0.0003042381264537044	0.00030422558051301785	1916.3182091822775				
2021-01-05 08:00:00	34000	4.54	4.37	4.49	4.43	4.0	CFV.MI	4.36	4.41	4.25	4.3	5.1	3.58	-1.0	1.0	1.0	1	-1.0	-1.0	1.0	-1.0	-1.0	1.0		4.37		4.37					1.0			3.49										-1.0			4.63	0.04	0.04	-0.73	0.01	0.01	-0.15	4.6	-0.73	0.0	0.0	9.83					1	-0.04	-0.04	-0.62	-0.01	-0.01	-0.15	-0.62	0.0	0.0	86.38					-0.04	-0.04	1.57	-0.01	-0.01	0.49	1.57	0.0	0.0	56.57					-0.04	-0.04	1.61	-0.01	-0.01	0.44	1.61	0.0	0.0	42.74					0.040000000000000036	0.040000000000000036	-0.019999999999999574	0.008948545861297563	0.008988824568433218	-0.004514672686230181	-0.019999999999999574	0.0003905308423106634	0.0003905153512229198	1941.3685102181375				
2021-01-06 08:00:00	37000	4.56	4.41	4.43	4.49	4.05	CFV.MI	4.2	4.33	4.18	4.26	5.1	3.58	-1.0	1.0	1.0	1	-1.0	-1.0	1.0	-1.0	-1.0	1.0	4.56								1.0			3.49										-1.0			4.63	-0.06	-0.06	-0.79	-0.01	-0.01	-0.16	4.6	-0.79	0.0	0.0	10.36					1	0.06	0.06	-0.56	0.01	0.01	-0.14	-0.56	0.0	0.0	87.26					0.06	0.06	1.63	0.01	0.01	0.51	1.63	0.0	0.0	63.24					0.06	0.06	1.67	0.01	0.01	0.46	1.67	0.0	0.0	42.42					-0.0600000000000005	-0.0600000000000005	-0.08000000000000007	-0.013544018058690765	-0.013453117697118676	-0.017817371937639104	-0.08000000000000007	0.00037482264617292774	0.0003747973115739711	1449.7975748010265				
2021-01-07 08:00:00	5000	4.47	4.47	4.47	4.47	4.04	CFV.MI	4.24	4.24	4.24	4.24	5.1	3.58	-1.0	1.0	1.0	1	-1.0	-1.0	1.0	-1.0	-1.0	1.0		4.47							1.0			3.49		4.24								-1.0			4.63	0.02	0.02	-0.77	0.0	0.0	-0.16	4.6	-0.77	0.0	0.0	9.82					1	-0.02	-0.02	-0.58	-0.0	-0.0	-0.14	-0.58	0.0	0.0	82.89					-0.02	-0.02	1.61	-0.0	-0.0	0.5	1.61	0.0	0.0	59.24					-0.02	-0.02	1.65	-0.0	-0.0	0.45	1.65	0.0	0.0	43.3					0.020000000000000462	0.020000000000000462	-0.05999999999999961	0.0044543429844099425	0.004464293128685604	-0.013422818791946067	-0.05999999999999961	0.00041723343089544095	0.0004172058589755334	1460.9080762257774				
2021-01-08 08:00:00	4000	4.5	4.49	4.49	4.49	4.06	CFV.MI	4.25	4.26	4.25	4.25	5.1	3.58	-1.0	1.0	1.0	1	-1.0	-1.0	1.0	-1.0	-1.0	1.0									1.0			3.49										-1.0			4.63	-0.02	-0.02	-0.79	-0.0	-0.0	-0.16	4.6	-0.79	0.0	0.0	9.81					1	0.02	0.02	-0.56	0.0	0.0	-0.14	-0.56	0.0	0.0	83.19					0.02	0.02	1.63	0.0	0.0	0.51	1.63	0.0	0.0	62.95					0.02	0.02	1.67	0.0	0.0	0.46	1.67	0.0	0.0	43.31					-0.020000000000000462	-0.020000000000000462	-0.08000000000000007	-0.004474272930648837	-0.004464293128685528	-0.017817371937639104	-0.08000000000000007	0.0004037814766464728	0.0004037459682972866	1316.8362273288008				
2021-01-11 08:00:00	31000	4.6	4.49	4.51	4.51	4.07	CFV.MI	4.28	4.37	4.26	4.28	5.09	3.58	-1.0	1.0	1.0	1	-1.0	-1.0	1.0	-1.0	-1.0	1.0	4.6								1.0			3.49	4.37									-1.0			4.63	-0.02	-0.02	-0.81	-0.0	-0.0	-0.16	4.6	-0.81	0.0	0.0	6.83					1	0.02	0.02	-0.54	0.0	0.0	-0.13	-0.54	0.0	0.0	83.47					0.02	0.02	1.65	0.0	0.0	0.52	1.65	0.0	0.0	63.14					0.02	0.02	1.69	0.0	0.0	0.47	1.69	0.0	0.0	43.54					-0.019999999999999574	-0.019999999999999574	-0.09999999999999964	-0.00445434298440972	-0.004444451760423976	-0.022172949002217113	-0.09999999999999964	0.0003894505527295509	0.0003894062545177768	1188.9158071368513				
2021-01-12 08:00:00	13000	4.59	4.45	4.51	4.47	4.04	CFV.MI	4.3	4.37	4.24	4.26	5.09	3.58	-1.0	1.0	1.0	1	-1.0	-1.0	1.0	-1.0	-1.0	1.0		4.45							1.0			3.49										-1.0			4.63	0.04	0.04	-0.77	0.01	0.01	-0.16	4.6	-0.77	0.0	0.0	6.66					1	-0.04	-0.04	-0.58	-0.01	-0.01	-0.14	-0.58	0.0	0.0	78.18					-0.04	-0.04	1.61	-0.01	-0.01	0.5	1.61	0.0	0.0	58.38					-0.04	-0.04	1.65	-0.01	-0.01	0.45	1.65	0.0	0.0	43.82					0.040000000000000036	0.040000000000000036	-0.05999999999999961	0.008869179600886956	0.008908744889109555	-0.013422818791946067	-0.05999999999999961	0.00047230188019826974	0.0004722505585270653	1212.5460147064643				
2021-01-13 08:00:00	61000	4.62	4.4	4.43	4.51	4.07	CFV.MI	4.2	4.38	4.17	4.28	5.09	3.58	-1.0	1.0	1.0	1	-1.0	-1.0	1.0	-1.0	-1.0	1.0	4.62		4.62		4.62				1.0		4.62	4.62		4.17								-1.0			4.63	-0.04	-0.04	-0.81	-0.01	-0.01	-0.16	4.62	-0.81	0.0	0.0	6.46					1	0.04	0.04	-0.54	0.01	0.01	-0.13	-0.54	0.0	0.0	78.77					0.04	0.04	1.65	0.01	0.01	0.52	1.65	0.0	0.0	62.64					0.04	0.04	1.69	0.01	0.01	0.47	1.69	0.0	0.0	43.94					-0.040000000000000036	-0.040000000000000036	-0.09999999999999964	-0.008948545861297452	-0.00890874488910943	-0.022172949002217	-0.09999999999999964	0.00045261975693740346	0.00045255320439374636	1030.0431672038997				
2021-01-14 08:00:00	37000	4.57	4.47	4.51	4.47	4.04	CFV.MI	4.3	4.35	4.26	4.26	5.09	3.58	-1.0	1.0	1.0	1	-1.0	-1.0	1.0	-1.0	-1.0	1.0									1.0			4.62	4.35									-1.0			4.63	0.04	0.04	-0.77	0.01	0.01	-0.16	4.62	-0.77	0.0	0.0	12.31					1	-0.04	-0.04	-0.58	-0.01	-0.01	-0.14	-0.58	0.0	0.0	73.61					-0.04	-0.04	1.61	-0.01	-0.01	0.5	1.61	0.0	0.0	66.26					-0.04	-0.04	1.65	-0.01	-0.01	0.45	1.65	0.0	0.0	38.51					0.040000000000000036	0.040000000000000036	-0.05999999999999961	0.008869179600886956	0.008908744889109555	-0.013422818791945956	-0.05999999999999961	0.0005345802099172114	0.0005345045486730982	1049.6381125665973				
2021-01-15 08:00:00	50000	4.46	4.28	4.46	4.34	3.92	CFV.MI	4.3	4.3	4.12	4.18	5.09	3.58	-1.0	1.0	-1.0	0	-1.0	-1.0	1.0	-1.0	-1.0	1.0									1.0			4.62										-1.0			4.63	0.13	0.13	-0.64	0.03	0.03	-0.13	4.62	-0.64	0.0	0.0	18.03					1	-0.13	-0.13	-0.71	-0.03	-0.03	-0.17	-0.71	0.0	0.0	64.55					-0.13	-0.13	1.48	-0.03	-0.03	0.46	1.48	0.0	0.0	62.55					-0.13	-0.13	1.52	-0.03	-0.03	0.41	1.52	0.0	0.0	31.65					0.1299999999999999	0.1299999999999999	0.07000000000000028	0.029082774049216997	0.029514060513163968	0.016129032258064946	0.07000000000000028	0.00080610956663832	0.0008059995592217817	1088.1439759790478				
2021-01-18 08:00:00	26000	4.31	4.17	4.24	4.24	3.83	CFV.MI	4.06	4.13	4.0	4.06	5.09	3.58	-1.0	1.0	-1.0	0	-1.0	-1.0	1.0	-1.0	-1.0	1.0									1.0			4.62										-1.0			4.63	0.1	0.1	-0.54	0.02	0.02	-0.11	4.62	-0.54	0.0	0.0	18.9					1	-0.0	-0.0	-0.71	-0.0	-0.0	-0.17	-0.71	0.0	0.0	64.55					-0.1	-0.1	1.38	-0.02	-0.02	0.43	1.38	0.0	0.0	55.43					-0.1	-0.1	1.42	-0.02	-0.02	0.38	1.42	0.0	0.0	30.25					0.09999999999999964	0.09999999999999964	0.16999999999999993	0.02304147465437778	0.023311078868446997	0.04009433962264186	0.16999999999999993	0.0010205714922280325	0.0010204298303961856	1104.913408756594				
2021-01-19 08:00:00	16000	4.28	4.18	4.18	4.2	3.8	CFV.MI	4.02	4.11	4.02	4.04	5.09	3.58	-1.0	1.0	-1.0	0	-1.0	-1.0	1.0	-1.0	-1.0	1.0									1.0			4.62										-1.0			4.63	0.04	0.04	-0.5	0.01	0.01	-0.1	4.62	-0.5	0.0	0.0	19.41					1	-0.0	-0.0	-0.71	-0.0	-0.0	-0.17	-0.71	0.0	0.0	64.55					-0.04	-0.04	1.34	-0.01	-0.01	0.41	1.34	0.0	0.0	51.17					-0.04	-0.04	1.38	-0.01	-0.01	0.37	1.38	0.0	0.0	29.43					0.040000000000000036	0.040000000000000036	0.20999999999999996	0.009433962264150941	0.00947874395454377	0.050000000000000266	0.20999999999999996	0.0011077759366098351	0.0011076202611692842	1109.9748677516945				
2021-01-20 08:00:00	18000	4.26	4.18	4.26	4.18	3.78	CFV.MI	4.06	4.06	3.98	3.98	5.09	3.58	-1.0	1.0	-1.0	0	-1.0	-1.0	1.0	-1.0	-1.0	1.0		4.18							1.0			4.62		3.98								-1.0			4.63	0.02	0.02	-0.48	0.0	0.0	-0.1	4.62	-0.48	0.0	0.0	19.28					1	-0.0	-0.0	-0.71	-0.0	-0.0	-0.17	-0.71	0.0	0.0	64.55					-0.02	-0.02	1.32	-0.0	-0.0	0.41	1.32	0.0	0.0	47.47					-0.02	-0.02	1.36	-0.0	-0.0	0.36	1.36	0.0	0.0	29.65					0.020000000000000462	0.020000000000000462	0.23000000000000043	0.004761904761904856	0.004773278752657771	0.05502392344497653	0.23000000000000043	0.0011516901011342864	0.0011515271187696463	1112.2485151671312				
2021-01-21 08:00:00	7000	4.24	4.22	4.22	4.24	3.83	CFV.MI	4.06	4.08	4.06	4.08	5.09	3.58	-1.0	1.0	-1.0	0	-1.0	-1.0	1.0	-1.0	-1.0	1.0	4.24								1.0			4.62										-1.0			4.63	-0.06	-0.06	-0.54	-0.01	-0.01	-0.11	4.62	-0.54	0.0	0.0	18.79					1	0.0	0.0	-0.71	0.0	0.0	-0.17	-0.71	0.0	0.0	64.55					0.06	0.06	1.38	0.01	0.01	0.43	1.38	0.0	0.0	52.15					0.06	0.06	1.42	0.01	0.01	0.38	1.42	0.0	0.0	29.96					-0.0600000000000005	-0.0600000000000005	0.16999999999999993	-0.014354066985646119	-0.014252022707201632	0.04009433962264164	0.16999999999999993	0.001117818688161523	0.0011176119121036887	913.5532120362151				
2021-01-22 08:00:00	7000	4.28	4.18	4.26	4.18	3.78	CFV.MI	4.16	4.18	4.08	4.08	5.09	3.58	-1.0	1.0	-1.0	0	-1.0	-1.0	1.0	-1.0	-1.0	1.0		4.18							1.0			4.62										-1.0			4.63	0.06	0.06	-0.48	0.01	0.01	-0.1	4.62	-0.48	0.0	0.0	23.6					1	-0.0	-0.0	-0.71	-0.0	-0.0	-0.17	-0.71	0.0	0.0	64.55					-0.06	-0.06	1.32	-0.01	-0.01	0.41	1.32	0.0	0.0	52.05					-0.06	-0.06	1.36	-0.01	-0.01	0.36	1.36	0.0	0.0	25.0					0.0600000000000005	0.0600000000000005	0.23000000000000043	0.014150943396226578	0.014252022707201615	0.05502392344497653	0.23000000000000043	0.001247512094797058	0.0012472782684054273	920.1969712210117				
2021-01-25 08:00:00	12000	4.26	4.18	4.24	4.24	3.83	CFV.MI	4.21	4.23	4.15	4.21	5.09	3.58	-1.0	1.0	-1.0	0	-1.0	-1.0	1.0	-1.0	-1.0	1.0	4.26								1.0			4.62	4.23									-1.0			4.63	-0.06	-0.06	-0.54	-0.01	-0.01	-0.11	4.62	-0.54	0.0	0.0	23.55					1	0.0	0.0	-0.71	0.0	0.0	-0.17	-0.71	0.0	0.0	64.55					0.06	0.06	1.38	0.01	0.01	0.43	1.38	0.0	0.0	57.55					0.06	0.06	1.42	0.01	0.01	0.38	1.42	0.0	0.0	25.03					-0.0600000000000005	-0.0600000000000005	0.16999999999999993	-0.014354066985646119	-0.014252022707201632	0.04009433962264164	0.16999999999999993	0.0012093650750121343	0.0012090765335843745	773.178881440349				
2021-01-26 08:00:00	16000	4.27	4.14	4.14	4.2	3.8	CFV.MI	4.06	4.19	4.06	4.12	5.09	3.58	-1.0	1.0	-1.0	0	-1.0	-1.0	1.0	-1.0	-1.0	1.0									1.0			4.62										-1.0			4.63	0.04	0.04	-0.5	0.01	0.01	-0.1	4.62	-0.5	0.0	0.0	24.02					1	-0.0	-0.0	-0.71	-0.0	-0.0	-0.17	-0.71	0.0	0.0	64.55					-0.04	-0.04	1.34	-0.01	-0.01	0.41	1.34	0.0	0.0	53.25					-0.04	-0.04	1.38	-0.01	-0.01	0.37	1.38	0.0	0.0	24.28					0.040000000000000036	0.040000000000000036	0.20999999999999996	0.009433962264150941	0.00947874395454377	0.050000000000000044	0.20999999999999996	0.001294673770603028	0.0012943632322073295	777.340358617189				
2021-01-27 08:00:00	15000	4.22	4.09	4.22	4.09	3.7	CFV.MI	4.2	4.2	4.07	4.07	5.09	3.58	-1.0	1.0	-1.0	0	-1.0	-1.0	1.0	-1.0	-1.0	1.0									1.0			4.62										-1.0			4.63	0.11	0.11	-0.39	0.03	0.03	-0.08	4.62	-0.39	0.0	0.0	25.69					1	-0.0	-0.0	-0.71	-0.0	-0.0	-0.17	-0.71	0.0	0.0	64.55					-0.11	-0.11	1.23	-0.03	-0.03	0.37	1.23	0.0	0.0	46.68					-0.11	-0.11	1.27	-0.03	-0.03	0.33	1.27	0.0	0.0	19.09					0.11000000000000032	0.11000000000000032	0.3200000000000003	0.02619047619047632	0.026539555234612378	0.07823960880195635	0.3200000000000003	0.0015335297677145396	0.0015331533464524316	786.6896573073362				
2021-01-28 08:00:00	43000	4.18	4.01	4.05	4.1	3.71	CFV.MI	3.99	4.11	3.95	4.03	5.09	3.58	-1.0	1.0	-1.0	0	-1.0	-1.0	1.0	-1.0	-1.0	1.0									1.0			4.62										-1.0			4.63	-0.01	-0.01	-0.4	-0.0	-0.0	-0.08	4.62	-0.4	0.0	0.0	26.36					1	0.0	0.0	-0.71	0.0	0.0	-0.17	-0.71	0.0	0.0	64.55					0.01	0.01	1.24	0.0	0.0	0.38	1.24	0.0	0.0	50.74					0.01	0.01	1.28	0.0	0.0	0.33	1.28	0.0	0.0	18.66					-0.009999999999999787	-0.009999999999999787	0.3100000000000005	-0.0024449877750609694	-0.0024420036555515873	0.07560975609756149	0.3100000000000005	0.0015019215344260748	0.0015015051256375145	753.2744875316108				
2021-01-29 08:00:00	16000	4.09	3.96	4.09	3.96	3.58	CFV.MI	4.09	4.09	3.96	3.96	5.09	3.58	-1.0	1.0	-1.0	0	-1.0	-1.0	1.0	-1.0	-1.0	1.0		3.96		3.96					1.0			4.62										-1.0			4.63	0.14	0.14	-0.26	0.03	0.03	-0.05	4.62	-0.26	0.0	0.0	32.04					1	-0.0	-0.0	-0.71	-0.0	-0.0	-0.17	-0.71	0.0	0.0	63.73					-0.14	-0.14	1.1	-0.03	-0.03	0.33	1.1	0.0	0.0	47.45					-0.14	-0.14	1.14	-0.03	-0.03	0.29	1.14	0.0	0.0	12.24					0.13999999999999968	0.13999999999999968	0.4500000000000002	0.03414634146341455	0.03474294844387286	0.11363636363636398	0.4500000000000002	0.0018111337755765432	0.0018106123194296941	762.9358098249895				
2021-02-01 08:00:00	21000	4.14	3.95	4.04	3.96	3.58	CFV.MI	3.99	4.09	3.9	3.91	5.09	3.58	-1.0	1.0	-1.0	0	-1.0	-1.0	1.0	-1.0	-1.0	1.0	4.14								1.0			4.62										-1.0			4.63	-0.0	-0.0	-0.26	-0.0	-0.0	-0.05	4.62	-0.26	0.0	0.0	32.04					1	0.0	0.0	-0.71	0.0	0.0	-0.17	-0.71	0.0	0.0	63.73					0.0	0.0	1.1	0.0	0.0	0.33	1.1	0.0	0.0	47.45					0.0	0.0	1.14	0.0	0.0	0.29	1.14	0.0	0.0	12.24					-0.0	-0.0	0.4500000000000002	-0.0	-0.0	0.11363636363636398	0.4500000000000002	0.0018111337755765432	0.0018106123194296941	762.9358098249895				
2021-02-02 08:00:00	24000	4.09	3.97	4.01	3.97	3.59	CFV.MI	3.92	4.0	3.88	3.88	5.09	3.58	-1.0	1.0	-1.0	0	-1.0	-1.0	1.0	-1.0	-1.0	1.0		3.97							1.0			4.62										-1.0			4.63	-0.01	-0.01	-0.27	-0.0	-0.0	-0.05	4.62	-0.27	0.0	0.0	28.64					1	0.0	0.0	-0.71	0.0	0.0	-0.17	-0.71	0.0	0.0	69.16					0.01	0.01	1.11	0.0	0.0	0.33	1.11	0.0	0.0	47.04					0.01	0.01	1.15	0.0	0.0	0.29	1.15	0.0	0.0	15.92					-0.010000000000000231	-0.010000000000000231	0.43999999999999995	-0.002525252525252597	-0.002522069432709939	0.11083123425692731	0.43999999999999995	0.001775466767779991	0.0017748955696430535	731.0557059325896				
2021-02-03 08:00:00	39000	4.1	3.93	3.93	4.09	3.7	CFV.MI	3.76	3.93	3.76	3.92	5.09	3.58	-1.0	1.0	-1.0	0	-1.0	-1.0	1.0	-1.0	-1.0	1.0									1.0			4.62										-1.0			4.63	-0.12	-0.12	-0.39	-0.03	-0.03	-0.08	4.62	-0.39	0.0	0.0	23.29					1	0.0	0.0	-0.71	0.0	0.0	-0.17	-0.71	0.0	0.0	69.16					0.12	0.12	1.23	0.03	0.03	0.37	1.23	0.0	0.0	48.35					0.12	0.12	1.27	0.03	0.03	0.33	1.27	0.0	0.0	17.82					-0.11999999999999966	-0.11999999999999966	0.3200000000000003	-0.030226700251889005	-0.029778875355611172	0.07823960880195657	0.3200000000000003	0.001703861498397125	0.0017031338204109847	554.121285580919				
2021-02-04 08:00:00	15000	4.11	4.06	4.09	4.1	3.71	CFV.MI	3.85	3.87	3.82	3.86	5.09	3.58	-1.0	1.0	-1.0	0	-1.0	-1.0	1.0	-1.0	-1.0	1.0									1.0			4.62										-1.0			4.63	-0.01	-0.01	-0.4	-0.0	-0.0	-0.08	4.62	-0.4	0.0	0.0	20.35					1	0.0	0.0	-0.71	0.0	0.0	-0.17	-0.71	0.0	0.0	68.83					0.01	0.01	1.24	0.0	0.0	0.38	1.24	0.0	0.0	48.25					0.01	0.01	1.28	0.0	0.0	0.33	1.28	0.0	0.0	17.68					-0.009999999999999787	-0.009999999999999787	0.3100000000000005	-0.0024449877750609694	-0.0024420036555515873	0.07560975609756171	0.3100000000000005	0.0016645720743232203	0.0016637868429216773	532.1717698013476				
2021-02-05 08:00:00	23000	4.19	4.05	4.12	4.06	3.67	CFV.MI	3.85	3.91	3.78	3.79	5.09	3.58	-1.0	1.0	-1.0	0	-1.0	-1.0	1.0	-1.0	-1.0	1.0									1.0			4.62										-1.0			4.63	0.04	0.04	-0.36	0.01	0.01	-0.07	4.62	-0.36	0.0	0.0	20.51					1	-0.0	-0.0	-0.71	-0.0	-0.0	-0.17	-0.71	0.0	0.0	68.33					-0.04	-0.04	1.2	-0.01	-0.01	0.36	1.2	0.0	0.0	44.09					-0.04	-0.04	1.24	-0.01	-0.01	0.32	1.24	0.0	0.0	13.93					0.040000000000000036	0.040000000000000036	0.35000000000000053	0.009756097560975618	0.009804000096620856	0.08620689655172487	0.35000000000000053	0.0017488864751541598	0.0017480580629465337	534.9601410005433				
2021-02-08 08:00:00	13000	4.14	4.09	4.1	4.09	3.7	CFV.MI	3.77	3.81	3.77	3.77	5.09	3.58	-1.0	1.0	-1.0	0	-1.0	-1.0	1.0	-1.0	-1.0	1.0	4.14								1.0			4.62										-1.0			4.63	-0.03	-0.03	-0.39	-0.01	-0.01	-0.08	4.62	-0.39	0.0	0.0	16.68					1	0.0	0.0	-0.71	0.0	0.0	-0.17	-0.71	0.0	0.0	67.47					0.03	0.03	1.23	0.01	0.01	0.37	1.23	0.0	0.0	43.89					0.03	0.03	1.27	0.01	0.01	0.33	1.27	0.0	0.0	13.64					-0.03000000000000025	-0.03000000000000025	0.3200000000000003	-0.007389162561576512	-0.00736199644106926	0.07823960880195657	0.3200000000000003	0.001700748261161206	0.0016998358009703285	494.95369833350344				
2021-02-09 08:00:00	18000	4.14	4.03	4.08	4.09	3.7	CFV.MI	3.78	3.83	3.73	3.79	5.09	3.58	-1.0	1.0	-1.0	0	-1.0	-1.0	1.0	-1.0	-1.0	1.0									1.0			4.62										-1.0			4.63	-0.0	-0.0	-0.39	-0.0	-0.0	-0.08	4.62	-0.39	0.0	0.0	19.55					1	0.0	0.0	-0.71	0.0	0.0	-0.17	-0.71	0.0	0.0	71.67					0.0	0.0	1.23	0.0	0.0	0.37	1.23	0.0	0.0	47.07					0.0	0.0	1.27	0.0	0.0	0.33	1.27	0.0	0.0	16.51					-0.0	-0.0	0.3200000000000003	-0.0	-0.0	0.07823960880195657	0.3200000000000003	0.001700748261161206	0.0016998358009703285	494.95369833350344				
2021-02-10 08:00:00	31000	4.12	4.0	4.09	4.05	3.66	CFV.MI	3.79	3.82	3.71	3.75	5.09	3.58	-1.0	-1.0	-1.0	0	-1.0	-1.0	1.0	-1.0	-1.0	1.0		4.0							1.0			4.62		3.71								-1.0			4.63	0.04	0.04	-0.35	0.01	0.01	-0.07	4.57	-0.35	0.0	0.0	20.16					1	-0.0	-0.0	-0.71	-0.0	-0.0	-0.17	-0.71	0.0	0.0	71.67					-0.04	-0.04	1.19	-0.01	-0.01	0.36	1.19	0.0	0.0	43.23					-0.04	-0.04	1.23	-0.01	-0.01	0.32	1.23	0.0	0.0	13.2					0.040000000000000036	0.040000000000000036	0.3600000000000003	0.009779951100244544	0.009828088936262651	0.08888888888888946	0.3600000000000003	0.0017842870171194387	0.0017833265683087074	497.70012912608297				
2021-02-11 08:00:00	25000	4.14	4.05	4.09	4.11	3.71	CFV.MI	3.78	3.83	3.75	3.8	5.09	3.58	-1.0	-1.0	-1.0	0	-1.0	-1.0	1.0	-1.0	-1.0	1.0									1.0			4.62										-1.0			4.63	-0.06	-0.06	-0.41	-0.01	-0.01	-0.08	4.46	-0.41	0.0	0.0	16.45					1	0.0	0.0	-0.71	0.0	0.0	-0.17	-0.71	0.0	0.0	71.67					0.06	0.06	1.25	0.01	0.01	0.38	1.25	0.0	0.0	43.88					0.06	0.06	1.29	0.01	0.01	0.34	1.29	0.0	0.0	14.14					-0.0600000000000005	-0.0600000000000005	0.2999999999999998	-0.014814814814814836	-0.014706147389695487	0.07299270072992758	0.2999999999999998	0.001721942953426843	0.0017208522709544205	437.80969846613107				
2021-02-12 08:00:00	21000	4.27	4.08	4.12	4.27	3.86	CFV.MI	3.8	3.93	3.76	3.93	5.09	3.58	-1.0	-1.0	-1.0	0	-1.0	-1.0	1.0	-1.0	-1.0	1.0									1.0			4.62										-1.0			4.63	-0.16	-0.16	-0.57	-0.04	-0.04	-0.12	4.31	-0.57	0.0	0.0	8.07					1	0.0	0.0	-0.71	0.0	0.0	-0.17	-0.71	0.0	0.0	68.3					0.16	0.16	1.41	0.04	0.04	0.44	1.41	0.0	0.0	43.64					0.16	0.16	1.45	0.04	0.04	0.39	1.45	0.0	0.0	13.8					-0.15999999999999925	-0.15999999999999925	0.14000000000000057	-0.038929440389294134	-0.03819079873238969	0.03278688524590234	0.14000000000000057	0.001616733752973728	0.0016153609992921591	334.2519984842079				
2021-02-15 08:00:00	56000	4.47	4.24	4.24	4.39	3.97	CFV.MI	3.87	4.08	3.87	4.01	5.09	3.58	-1.0	-1.0	-1.0	1	-1.0	-1.0	1.0	-1.0	-1.0	1.0	4.47		4.47						1.0			4.62	4.08									-1.0			4.63	-0.12	-0.12	-0.69	-0.03	-0.03	-0.14	4.47	-0.69	0.0	0.0	8.55					1	0.0	0.0	-0.71	0.0	0.0	-0.17	-0.71	0.0	0.0	79.19					0.12	0.12	1.53	0.03	0.03	0.48	1.53	0.0	0.0	52.03					0.12	0.12	1.57	0.03	0.03	0.43	1.57	0.0	0.0	13.39					-0.1200000000000001	-0.1200000000000001	0.020000000000000462	-0.02810304449648715	-0.027715399846546827	0.004555808656037108	0.020000000000000462	0.0015227421107686522	0.001521119720282904	277.2273394584331				
2021-02-16 08:00:00	102000	4.46	4.2	4.43	4.23	3.82	CFV.MI	4.08	4.1	3.86	3.89	5.09	3.58	-1.0	-1.0	-1.0	1	-1.0	-1.0	1.0	-1.0	-1.0	1.0									1.0			4.62										-1.0			4.63	0.16	0.16	-0.53	0.04	0.04	-0.11	4.47	-0.53	0.0	0.0	15.55					1	-0.16	-0.16	-0.87	-0.04	-0.04	-0.2	-0.87	0.0	0.0	76.62					-0.16	-0.16	1.37	-0.04	-0.04	0.42	1.37	0.0	0.0	50.43					-0.16	-0.16	1.41	-0.04	-0.04	0.38	1.41	0.0	0.0	6.23					0.15999999999999925	0.15999999999999925	0.17999999999999972	0.036446469248291424	0.03712723402889323	0.04255319148936221	0.17999999999999972	0.0018271854298055766	0.0018252961376674648	287.5421465814079				
2021-02-17 08:00:00	30000	4.22	4.03	4.22	4.08	3.69	CFV.MI	3.93	3.93	3.75	3.8	4.98	3.58	-1.0	-1.0	-1.0	1	-1.0	-1.0	1.0	-1.0	-1.0	1.0									1.0			4.62										-1.0			4.63	0.15	0.15	-0.38	0.04	0.04	-0.08	4.47	-0.38	0.0	0.0	20.31					1	-0.15	-0.15	-1.02	-0.04	-0.04	-0.22	-1.02	0.0	0.0	69.44					-0.15	-0.15	1.22	-0.04	-0.04	0.37	1.22	0.0	0.0	45.91					-0.15	-0.15	1.26	-0.04	-0.04	0.33	1.26	0.0	0.0	1.05					0.15000000000000036	0.15000000000000036	0.33000000000000007	0.03546099290780147	0.03610500464211632	0.08088235294117707	0.33000000000000007	0.00212324646787093	0.0021210781805365286	295.20244633040596				
2021-02-18 08:00:00	26000	4.05	3.91	4.02	4.0	3.61	CFV.MI	3.78	3.81	3.68	3.76	4.84	3.58	-1.0	-1.0	-1.0	-1	-1.0	-1.0	1.0	-1.0	-1.0	1.0		3.91		3.91		3.91			1.0			3.91		3.68		3.68						-1.0			4.63	0.08	0.08	-0.3	0.02	0.02	-0.06	4.47	-0.3	0.0	0.0	21.41					1	-0.08	-0.08	-1.1	-0.02	-0.02	-0.24	-1.1	0.0	0.0	62.32					-0.08	-0.08	1.14	-0.02	-0.02	0.34	1.14	0.0	0.0	41.04					-0.08	-0.08	1.18	-0.02	-0.02	0.3	1.18	-0.0	-0.0	-2.63					0.08000000000000007	0.08000000000000007	0.41000000000000014	0.019607843137254943	0.019802627296179754	0.1025000000000007	0.41000000000000014	0.002285628011699604	0.002283298565107117	298.69143455936825				
2021-02-19 08:00:00	9000	4.09	4.0	4.0	4.05	3.66	CFV.MI	3.73	3.81	3.73	3.78	4.77	3.58	-1.0	-1.0	-1.0	-1	-1.0	-1.0	1.0	-1.0	-1.0	1.0	4.09								1.0			3.91										-1.0			4.63	-0.05	-0.05	-0.35	-0.01	-0.01	-0.07	4.47	-0.35	0.0	0.0	16.13					1	-0.05	-0.05	-1.15	-0.01	-0.01	-0.25	-1.15	0.0	0.0	53.84					0.05	0.05	1.19	0.01	0.01	0.36	1.19	0.0	0.0	40.16					0.05	0.05	1.23	0.01	0.01	0.32	1.23	0.0	0.0	2.86					-0.04999999999999982	-0.04999999999999982	0.3600000000000003	-0.012499999999999956	-0.01242251999855711	0.08888888888888968	0.3600000000000003	0.0022058462746396812	0.0022033086533845836	273.6208420079695				
2021-02-22 08:00:00	9000	4.03	4.02	4.02	4.02	3.63	CFV.MI	3.77	3.78	3.77	3.77	4.77	3.58	-1.0	-1.0	-1.0	-1	-1.0	-1.0	1.0	-1.0	-1.0	1.0		4.02							1.0			3.91										-1.0			4.63	0.03	0.03	-0.32	0.01	0.01	-0.06	4.47	-0.32	0.0	0.0	16.57					1	0.03	0.03	-1.12	0.01	0.01	-0.24	-1.12	0.0	0.0	54.54					-0.03	-0.03	1.16	-0.01	-0.01	0.35	1.16	0.0	0.0	36.86					-0.03	-0.03	1.2	-0.01	-0.01	0.31	1.2	-0.0	-0.0	-0.03					0.03000000000000025	0.03000000000000025	0.39000000000000057	0.007407407407407418	0.00743497848751809	0.09701492537313516	0.39000000000000057	0.002266069600388578	0.0022634659153983883	274.8918546622607				
2021-02-23 08:00:00	22000	4.09	4.0	4.09	4.07	3.68	CFV.MI	3.85	3.85	3.76	3.83	4.77	3.58	-1.0	-1.0	-1.0	-1	-1.0	-1.0	1.0	-1.0	-1.0	1.0	4.09								1.0			3.91	3.85									-1.0			4.63	-0.05	-0.05	-0.37	-0.01	-0.01	-0.07	4.47	-0.37	0.0	0.0	16.34					1	-0.05	-0.05	-1.17	-0.01	-0.01	-0.25	-1.17	0.0	0.0	54.05					0.05	0.05	1.21	0.01	0.01	0.37	1.21	0.0	0.0	40.94					0.05	0.05	1.25	0.01	0.01	0.32	1.25	0.0	-0.0	0.17					-0.05000000000000071	-0.05000000000000071	0.33999999999999986	-0.012437810945273853	-0.012361096823574147	0.08353808353808412	0.33999999999999986	0.0021831827078301574	0.002180359392530251	252.09344698971177				
2021-02-24 08:00:00	24000	4.05	3.96	4.0	4.01	3.62	CFV.MI	3.73	3.78	3.7	3.74	4.76	3.58	-1.0	-1.0	-1.0	-1	-1.0	-1.0	1.0	-1.0	-1.0	1.0		3.96							1.0			3.91		3.7								-1.0			4.63	0.06	0.06	-0.31	0.01	0.01	-0.06	4.47	-0.31	0.0	0.0	19.93					1	0.06	0.06	-1.11	0.01	0.01	-0.24	-1.11	0.0	0.0	59.51					-0.06	-0.06	1.15	-0.01	-0.01	0.35	1.15	0.0	0.0	39.76					-0.06	-0.06	1.19	-0.01	-0.01	0.3	1.19	-0.0	-0.0	-3.51					0.0600000000000005	0.0600000000000005	0.40000000000000036	0.014742014742014864	0.014851758136025926	0.09975062344139718	0.40000000000000036	0.0023019967729183645	0.0022990306880434908	254.59676376957364				
2021-02-25 08:00:00	54000	4.14	4.0	4.05	4.05	3.66	CFV.MI	3.79	3.87	3.74	3.79	4.63	3.58	-1.0	-1.0	-1.0	-1	-1.0	-1.0	1.0	-1.0	-1.0	1.0	4.14		4.14						1.0			3.91	3.87		3.87							-1.0			4.63	-0.04	-0.04	-0.35	-0.01	-0.01	-0.07	4.47	-0.35	0.0	0.0	14.17					1	-0.04	-0.04	-1.15	-0.01	-0.01	-0.25	-1.15	0.0	0.0	50.35					0.04	0.04	1.19	0.01	0.01	0.36	1.19	0.0	0.0	38.29					0.04	0.04	1.23	0.01	0.01	0.32	1.23	0.0	0.0	2.57					-0.040000000000000036	-0.040000000000000036	0.3600000000000003	-0.009975062344139696	-0.009925639799969998	0.08888888888888946	0.3600000000000003	0.0022202669449311947	0.002217090272085942	236.4226954044201				
2021-02-26 08:00:00	10000	4.05	4.0	4.05	4.03	3.65	CFV.MI	3.82	3.82	3.78	3.8	4.63	3.58	-1.0	-1.0	-1.0	-1	-1.0	-1.0	1.0	-1.0	-1.0	1.0		4.0							1.0			3.91										-1.0			4.63	0.02	0.02	-0.33	0.0	0.0	-0.06	4.47	-0.33	0.0	0.0	17.07					1	0.02	0.02	-1.13	0.0	0.0	-0.25	-1.13	0.0	0.0	54.65					-0.02	-0.02	1.17	-0.0	-0.0	0.35	1.17	0.0	0.0	38.0					-0.02	-0.02	1.21	-0.0	-0.0	0.31	1.21	-0.0	-0.0	-0.35					0.019999999999999574	0.019999999999999574	0.3799999999999999	0.004938271604938205	0.004950505159856091	0.09429280397022377	0.3799999999999999	0.0022593759356940575	0.002256148294824456	237.25023280534162				
2021-03-01 08:00:00	18000	4.07	3.99	4.07	4.03	3.64	CFV.MI	3.77	3.77	3.7	3.74	4.63	3.58	-1.0	-1.0	-1.0	-1	-1.0	-1.0	1.0	-1.0	-1.0	1.0									1.0			3.91		3.7								-1.0			4.63	-0.0	-0.0	-0.33	-0.0	-0.0	-0.06	4.47	-0.33	0.0	0.0	15.5					1	-0.0	-0.0	-1.13	-0.0	-0.0	-0.25	-1.13	0.0	0.0	52.08					0.0	0.0	1.17	0.0	0.0	0.35	1.17	0.0	0.0	36.84					0.0	0.0	1.21	0.0	0.0	0.31	1.21	0.0	0.0	3.9					-0.0	-0.0	0.3799999999999999	-0.0	-0.0	0.09429280397022377	0.3799999999999999	0.0022593759356940575	0.002256148294824456	237.25023280534162				
2021-03-02 08:00:00	9000	4.09	4.0	4.03	4.03	3.64	CFV.MI	3.77	3.82	3.74	3.77	4.63	3.58	-1.0	-1.0	-1.0	-1	-1.0	-1.0	1.0	-1.0	-1.0	1.0	4.09								1.0			3.91	3.82									-1.0			4.63	-0.0	-0.0	-0.33	-0.0	-0.0	-0.06	4.47	-0.33	0.0	0.0	20.07					1	-0.0	-0.0	-1.13	-0.0	-0.0	-0.25	-1.13	0.0	0.0	60.15					0.0	0.0	1.17	0.0	0.0	0.35	1.17	0.0	0.0	42.34					0.0	0.0	1.21	0.0	0.0	0.31	1.21	0.0	0.0	2.09					-0.0	-0.0	0.3799999999999999	-0.0	-0.0	0.09429280397022377	0.3799999999999999	0.0022593759356940575	0.002256148294824456	237.25023280534162				
2021-03-03 08:00:00	20000	4.01	3.95	4.0	4.01	3.63	CFV.MI	3.74	3.75	3.7	3.75	4.63	3.58	-1.0	-1.0	-1.0	-1	-1.0	-1.0	1.0	-1.0	-1.0	1.0		3.95		3.95					1.0			3.91		3.7								-1.0			4.63	0.02	0.02	-0.31	0.0	0.0	-0.06	4.47	-0.31	0.0	0.0	23.73					1	0.02	0.02	-1.11	0.0	0.0	-0.24	-1.11	0.0	0.0	66.11					-0.02	-0.02	1.15	-0.0	-0.0	0.35	1.15	0.0	0.0	42.95					-0.02	-0.02	1.19	-0.0	-0.0	0.3	1.19	-0.0	-0.0	-1.51					0.020000000000000462	0.020000000000000462	0.40000000000000036	0.004962779156327701	0.004975134640113955	0.09975062344139718	0.40000000000000036	0.002298679499350958	0.002295400229256117	238.05907780521005				
2021-03-04 08:00:00	20000	4.07	3.98	4.01	4.07	3.67	CFV.MI	3.75	3.8	3.72	3.8	4.63	3.58	-1.0	-1.0	-1.0	-1	-1.0	-1.0	1.0	-1.0	-1.0	1.0	4.07								1.0			3.91	3.8									-1.0			4.63	-0.06	-0.06	-0.37	-0.01	-0.01	-0.07	4.47	-0.37	0.0	0.0	23.04					1	-0.06	-0.06	-1.17	-0.01	-0.01	-0.25	-1.17	0.0	0.0	64.61					0.06	0.06	1.21	0.01	0.01	0.37	1.21	0.0	0.0	47.1					0.06	0.06	1.25	0.01	0.01	0.32	1.25	-0.0	-0.0	-0.92					-0.0600000000000005	-0.0600000000000005	0.33999999999999986	-0.014962593516209655	-0.014851758136025978	0.08353808353808412	0.33999999999999986	0.002203134519084474	0.002199580195209716	216.13340019836863				
2021-03-05 08:00:00	9000	4.07	3.97	3.97	3.98	3.6	CFV.MI	3.73	3.82	3.73	3.74	4.63	3.58	-1.0	-1.0	-1.0	-1	-1.0	-1.0	1.0	-1.0	-1.0	1.0		3.97							1.0			3.91										-1.0			4.63	0.09	0.09	-0.28	0.02	0.02	-0.05	4.47	-0.28	0.0	0.0	24.08					1	0.09	0.09	-1.08	0.02	0.02	-0.24	-1.08	0.0	0.0	66.28					-0.09	-0.09	1.12	-0.02	-0.02	0.34	1.12	0.0	0.0	41.54					-0.09	-0.09	1.16	-0.02	-0.02	0.29	1.16	-0.0	-0.0	-2.2					0.0900000000000003	0.0900000000000003	0.43000000000000016	0.02211302211302224	0.022361180158157416	0.10804020100502587	0.43000000000000016	0.002377551724318102	0.0023737464583579726	219.67099942769323				
2021-03-08 08:00:00	10000	4.05	4.0	4.03	4.04	3.65	CFV.MI	3.67	3.69	3.64	3.68	4.63	3.58	-1.0	-1.0	-1.0	-1	-1.0	-1.0	1.0	-1.0	-1.0	1.0									1.0			3.91										-1.0			4.63	-0.06	-0.06	-0.34	-0.02	-0.01	-0.07	4.47	-0.34	0.0	0.0	19.29					1	-0.06	-0.06	-1.14	-0.02	-0.01	-0.25	-1.14	0.0	0.0	58.3					0.06	0.06	1.18	0.02	0.01	0.36	1.18	0.0	0.0	41.43					0.06	0.06	1.22	0.02	0.01	0.31	1.22	0.0	0.0	2.62					-0.06000000000000005	-0.06000000000000005	0.3700000000000001	-0.015075376884422065	-0.01496287267671232	0.09158415841584233	0.3700000000000001	0.0022765447109650188	0.002272438742214389	199.728439966996				
2021-03-09 08:00:00	15000	4.09	3.95	4.01	4.05	3.66	CFV.MI	3.63	3.7	3.58	3.67	4.63	3.58	-1.0	-1.0	-1.0	-1	-1.0	-1.0	1.0	-1.0	-1.0	1.0									1.0			3.91		3.58								-1.0			4.63	-0.01	-0.01	-0.35	-0.0	-0.0	-0.07	4.47	-0.35	0.0	0.0	20.15					1	-0.01	-0.01	-1.15	-0.0	-0.0	-0.25	-1.15	0.0	0.0	60.15					0.01	0.01	1.19	0.0	0.0	0.36	1.19	0.0	0.0	45.59					0.01	0.01	1.23	0.0	0.0	0.32	1.23	0.0	0.0	1.9					-0.009999999999999787	-0.009999999999999787	0.3600000000000003	-0.0024752475247524774	-0.002472189145389073	0.08888888888888968	0.3600000000000003	0.002202522763551769	0.0021982631876753533	191.63710118399922				
2021-03-10 08:00:00	8000	4.15	4.07	4.07	4.15	3.75	CFV.MI	3.67	3.74	3.67	3.74	4.63	3.58	-1.0	-1.0	-1.0	-1	-1.0	-1.0	1.0	-1.0	-1.0	1.0	4.15		4.15						1.0			3.91	3.74									-1.0			4.63	-0.1	-0.1	-0.45	-0.02	-0.02	-0.09	4.47	-0.45	0.0	0.0	15.5					1	-0.1	-0.1	-1.25	-0.02	-0.02	-0.27	-1.25	0.0	0.0	51.99					0.1	0.1	1.29	0.02	0.02	0.4	1.29	0.0	0.0	46.54					0.1	0.1	1.33	0.02	0.02	0.35	1.33	0.0	0.0	6.26					-0.10000000000000053	-0.10000000000000053	0.2599999999999998	-0.024691358024691468	-0.024391453124159263	0.06265060240963916	0.2599999999999998	0.0020732082183625156	0.002068510821306324	166.7845368229403				
2021-03-11 08:00:00	25000	4.16	4.03	4.11	4.07	3.68	CFV.MI	3.67	3.72	3.6	3.64	4.63	3.58	-1.0	-1.0	-1.0	-1	-1.0	-1.0	1.0	-1.0	-1.0	1.0									1.0			3.91										-1.0			4.63	0.08	0.08	-0.37	0.02	0.02	-0.07	4.47	-0.37	0.0	0.0	16.26					1	0.08	0.08	-1.17	0.02	0.02	-0.25	-1.17	0.0	0.0	53.25					-0.08	-0.08	1.21	-0.02	-0.02	0.37	1.21	0.0	0.0	41.34					-0.08	-0.08	1.25	-0.02	-0.02	0.32	1.25	0.0	0.0	5.33					0.08000000000000007	0.08000000000000007	0.33999999999999986	0.01927710843373498	0.01946533478810335	0.08353808353808412	0.33999999999999986	0.0022191982292732904	0.0022142392945223577	169.92138925337107				
2021-03-12 08:00:00	28000	4.1	4.0	4.07	4.06	3.67	CFV.MI	3.64	3.67	3.58	3.63	4.63	3.58	-1.0	-1.0	-1.0	-1	-1.0	-1.0	1.0	-1.0	-1.0	1.0		4.0							1.0			3.91										-1.0			4.63	0.01	0.01	-0.36	0.0	0.0	-0.07	4.47	-0.36	0.0	0.0	16.26					1	0.01	0.01	-1.16	0.0	0.0	-0.25	-1.16	0.0	0.0	53.25					-0.01	-0.01	1.2	-0.0	-0.0	0.36	1.2	0.0	0.0	38.48					-0.01	-0.01	1.24	-0.0	-0.0	0.32	1.24	0.0	0.0	5.33					0.010000000000000675	0.010000000000000675	0.35000000000000053	0.002457002457002644	0.002460025840862534	0.08620689655172509	0.35000000000000053	0.0022376484230797597	0.002232655932490779	170.2964250285879				
2021-03-15 08:00:00	6000	4.1	4.04	4.09	4.04	3.65	CFV.MI	3.65	3.66	3.61	3.61	4.63	3.58	-1.0	-1.0	-1.0	-1	-1.0	-1.0	1.0	-1.0	-1.0	1.0	4.1								1.0			3.91										-1.0			4.63	0.02	0.02	-0.34	0.0	0.0	-0.07	4.46	-0.34	0.0	0.0	15.14					1	0.02	0.02	-1.14	0.0	0.0	-0.25	-1.14	0.0	0.0	51.39					-0.02	-0.02	1.18	-0.0	-0.0	0.36	1.18	0.0	0.0	34.38					-0.02	-0.02	1.22	-0.0	-0.0	0.31	1.22	0.0	0.0	6.69					0.019999999999999574	0.019999999999999574	0.3700000000000001	0.004926108374384119	0.004938281640582454	0.09158415841584233	0.3700000000000001	0.002274685535384128	0.0022696253439500325	171.03572792054592				
2021-03-16 08:00:00	10000	4.07	4.01	4.07	4.04	3.65	CFV.MI	3.62	3.62	3.56	3.59	4.63	3.56	-1.0	-1.0	-1.0	-1	-1.0	-1.0	1.0	-1.0	-1.0	1.0		4.01							1.0			3.91		3.56		3.56						-1.0			4.63	-0.0	-0.0	-0.34	-0.0	-0.0	-0.07	4.22	-0.34	0.0	0.0	14.46					1	-0.0	-0.0	-1.14	-0.0	-0.0	-0.25	-1.14	0.0	0.0	50.26					0.0	0.0	1.18	0.0	0.0	0.36	1.18	0.0	0.0	33.88					0.0	0.0	1.22	0.0	0.0	0.31	1.22	0.0	0.0	9.95					-0.0	-0.0	0.3700000000000001	-0.0	-0.0	0.09158415841584233	0.3700000000000001	0.002274685535384128	0.0022696253439500325	171.03572792054592				
2021-03-17 08:00:00	9000	4.09	4.04	4.06	4.09	3.69	CFV.MI	3.61	3.63	3.59	3.63	4.63	3.56	-1.0	-1.0	-1.0	-1	-1.0	-1.0	1.0	-1.0	-1.0	1.0	4.09								1.0			3.91	3.63									-1.0			4.63	-0.05	-0.05	-0.39	-0.01	-0.01	-0.08	4.16	-0.39	0.0	0.0	10.16					1	-0.05	-0.05	-1.19	-0.01	-0.01	-0.26	-1.19	0.0	0.0	43.17					0.05	0.05	1.23	0.01	0.01	0.37	1.23	0.0	0.0	33.85					0.05	0.05	1.27	0.01	0.01	0.33	1.27	0.0	0.0	14.29					-0.04999999999999982	-0.04999999999999982	0.3200000000000003	-0.012376237623762387	-0.012300278081651687	0.0782396088019568	0.3200000000000003	0.0021692433904536078	0.0021638753687345247	157.1327107791143				
2021-03-18 08:00:00	8000	4.11	4.05	4.11	4.06	3.67	CFV.MI	3.64	3.64	3.59	3.59	4.63	3.56	-1.0	-1.0	-1.0	-1	-1.0	-1.0	1.0	-1.0	-1.0	1.0									1.0			3.91		3.59								-1.0			4.63	0.03	0.03	-0.36	0.01	0.01	-0.07	4.16	-0.36	0.0	0.0	10.67					1	0.03	0.03	-1.16	0.01	0.01	-0.25	-1.16	0.0	0.0	44.06					-0.03	-0.03	1.2	-0.01	-0.01	0.36	1.2	0.0	0.0	30.56					-0.03	-0.03	1.24	-0.01	-0.01	0.32	1.24	0.0	0.0	11.22					0.03000000000000025	0.03000000000000025	0.35000000000000053	0.007334963325183463	0.007361996441069194	0.08620689655172487	0.35000000000000053	0.00222372216411752	0.002218247969525189	158.24525979111058				
2021-03-19 08:00:00	9000	4.09	4.03	4.05	4.07	3.67	CFV.MI	3.61	3.65	3.59	3.63	4.63	3.56	-1.0	-1.0	-1.0	-1	-1.0	-1.0	1.0	-1.0	-1.0	1.0									1.0			3.91	3.65									-1.0			4.63	-0.01	-0.01	-0.37	-0.0	-0.0	-0.07	4.16	-0.37	0.0	0.0	6.32					1	-0.01	-0.01	-1.17	-0.0	-0.0	-0.25	-1.17	0.0	0.0	37.14					0.01	0.01	1.21	0.0	0.0	0.37	1.21	0.0	0.0	29.45					0.01	0.01	1.25	0.0	0.0	0.32	1.25	0.0	0.0	15.89					-0.010000000000000675	-0.010000000000000675	0.33999999999999986	-0.0024630541871923928	-0.0024600258408626207	0.08353808353808412	0.33999999999999986	0.002141652444976693	0.002136007947528107	151.29658337492197				
2021-03-22 08:00:00	18000	4.09	4.0	4.07	4.09	3.78	CFV.MI	3.62	3.64	3.56	3.64	4.63	3.56	-1.0	-1.0	-1.0	-1	-1.0	-1.0	1.0	-1.0	-1.0	1.0									1.0			3.91		3.56								-1.0			4.63	-0.02	-0.02	-0.39	-0.0	-0.0	-0.08	4.16	-0.39	0.0	0.0	8.19					1	-0.02	-0.02	-1.19	-0.0	-0.0	-0.26	-1.19	0.0	0.0	41.14					0.02	0.02	1.23	0.0	0.0	0.37	1.23	0.0	0.0	35.52					0.02	0.02	1.27	0.0	0.0	0.33	1.27	0.0	0.0	14.33					-0.019999999999999574	-0.019999999999999574	0.3200000000000003	-0.004914004914004844	-0.004901970600206688	0.07823960880195657	0.3200000000000003	0.0020522532753415304	0.002046404851499206	142.90994010307634				
2021-03-23 08:00:00	9000	4.11	4.01	4.09	4.01	3.71	CFV.MI	3.66	3.68	3.59	3.59	4.63	3.56	-1.0	-1.0	-1.0	-1	-1.0	-1.0	1.0	-1.0	-1.0	1.0									1.0			3.91	3.68		3.68							-1.0			4.63	0.08	0.08	-0.31	0.02	0.02	-0.06	4.16	-0.31	0.0	0.0	4.88					1	0.08	0.08	-1.11	0.02	0.02	-0.24	-1.11	0.0	0.0	35.03					-0.08	-0.08	1.15	-0.02	-0.02	0.35	1.15	0.0	0.0	27.23					-0.08	-0.08	1.19	-0.02	-0.02	0.3	1.19	0.0	0.0	18.29					0.08000000000000007	0.08000000000000007	0.40000000000000036	0.019559902200488977	0.01975372873623254	0.09975062344139718	0.40000000000000036	0.002194480122242404	0.0021883249145944195	145.92584944237356				
2021-03-24 08:00:00	49000	4.09	3.97	4.07	4.03	3.73	CFV.MI	3.63	3.64	3.54	3.59	4.63	3.54	-1.0	-1.0	-1.0	-1	-1.0	-1.0	1.0	-1.0	-1.0	1.0									1.0			3.91										-1.0			4.63	-0.02	-0.02	-0.33	-0.0	-0.0	-0.06	4.16	-0.33	0.0	0.0	0.95					1	-0.02	-0.02	-1.13	-0.0	-0.0	-0.25	-1.13	0.0	0.0	28.51					0.02	0.02	1.17	0.0	0.0	0.35	1.17	0.0	0.0	26.86					0.02	0.02	1.21	0.0	0.0	0.31	1.21	0.0	0.0	22.35					-0.020000000000000462	-0.020000000000000462	0.3799999999999999	-0.004987531172069959	-0.004975134640113929	0.09429280397022377	0.3799999999999999	0.002101913009897846	0.0020955461932741226	137.77296948449333				
2021-03-25 08:00:00	13000	4.03	3.97	3.99	4.0	3.71	CFV.MI	3.55	3.59	3.54	3.56	4.63	3.54	-1.0	-1.0	-1.0	-1	-1.0	-1.0	1.0	-1.0	-1.0	1.0									1.0			3.91										-1.0			4.63	0.03	0.03	-0.3	0.01	0.01	-0.06	4.16	-0.3	0.0	0.0	1.61					1	0.03	0.03	-1.1	0.01	0.01	-0.24	-1.1	0.0	0.0	29.78					-0.03	-0.03	1.14	-0.01	-0.01	0.34	1.14	0.0	0.0	23.46					-0.03	-0.03	1.18	-0.01	-0.01	0.3	1.18	0.0	0.0	18.99					0.03000000000000025	0.03000000000000025	0.41000000000000014	0.007444168734491385	0.007472014838701066	0.10250000000000048	0.41000000000000014	0.002154964315252623	0.00214847613759539	138.88233235260702				
2021-03-26 08:00:00	23000	4.03	3.94	4.0	4.01	3.72	CFV.MI	3.54	3.56	3.48	3.55	4.63	3.48	-1.0	-1.0	-1.0	-1	-1.0	-1.0	1.0	-1.0	-1.0	1.0		3.94		3.94					1.0			3.91		3.48		3.48						-1.0			4.63	-0.01	-0.01	-0.31	-0.0	-0.0	-0.06	4.16	-0.31	-0.0	-0.0	-2.16					1	-0.01	-0.01	-1.11	-0.0	-0.0	-0.24	-1.11	0.0	0.0	23.57					0.01	0.01	1.15	0.0	0.0	0.35	1.15	0.0	0.0	22.9					0.01	0.01	1.19	0.0	0.0	0.3	1.19	0.0	0.0	22.9					-0.009999999999999787	-0.009999999999999787	0.40000000000000036	-0.0024999999999999467	-0.002496880198587146	0.09975062344139718	0.40000000000000036	0.002068089737820752	0.0020614307525907982	132.3343340899185				
2021-03-29 07:00:00	9000	4.06	4.01	4.05	4.06	3.76	CFV.MI	3.58	3.59	3.54	3.59	4.63	3.48	-1.0	-1.0	-1.0	-1	-1.0	-1.0	1.0	-1.0	-1.0	1.0									1.0			3.91	3.59									-1.0			4.63	-0.05	-0.05	-0.36	-0.01	-0.01	-0.07	4.16	-0.36	-0.0	-0.0	-7.57					1	-0.05	-0.05	-1.16	-0.01	-0.01	-0.25	-1.16	0.0	0.0	13.85					0.05	0.05	1.2	0.01	0.01	0.36	1.2	0.0	0.0	28.49					0.05	0.05	1.24	0.01	0.01	0.32	1.24	0.0	0.0	28.49					-0.04999999999999982	-0.04999999999999982	0.35000000000000053	-0.012468827930174564	-0.012391732295163457	0.08620689655172464	0.35000000000000053	0.0019500417428497771	0.0019430460560674323	120.5211756466895				
2021-03-30 07:00:00	2000	4.1	4.06	4.1	4.06	3.76	CFV.MI	3.59	3.59	3.55	3.55	4.63	3.48	-1.0	-1.0	-1.0	-1	-1.0	-1.0	1.0	-1.0	-1.0	1.0	4.1								1.0			3.91										-1.0			4.63	-0.0	-0.0	-0.36	-0.0	-0.0	-0.07	4.16	-0.36	-0.0	-0.0	-3.24					1	-0.0	-0.0	-1.16	-0.0	-0.0	-0.25	-1.16	0.0	0.0	21.51					0.0	0.0	1.2	0.0	0.0	0.36	1.2	0.0	0.0	27.07					0.0	0.0	1.24	0.0	0.0	0.32	1.24	0.0	0.0	27.07					-0.0	-0.0	0.35000000000000053	-0.0	-0.0	0.08620689655172464	0.35000000000000053	0.0019500417428497771	0.0019430460560674323	120.5211756466895				
2021-03-31 07:00:00	9000	4.07	4.03	4.06	4.07	3.77	CFV.MI	3.55	3.56	3.53	3.56	4.63	3.48	-1.0	-1.0	-1.0	-1	-1.0	-1.0	1.0	-1.0	-1.0	1.0		4.03							1.0			3.91		3.53								-1.0			4.63	-0.01	-0.01	-0.37	-0.0	-0.0	-0.07	4.16	-0.37	-0.0	-0.0	-1.67					1	-0.01	-0.01	-1.17	-0.0	-0.0	-0.25	-1.17	0.0	0.0	24.96					0.01	0.01	1.21	0.0	0.0	0.37	1.21	0.0	0.0	25.76					0.01	0.01	1.25	0.0	0.0	0.32	1.25	0.0	0.0	25.76					-0.010000000000000675	-0.010000000000000675	0.33999999999999986	-0.0024630541871923928	-0.0024600258408626207	0.0835380835380839	0.33999999999999986	0.0018612968620735327	0.0018541368978071127	114.26204354854401				
2021-04-01 07:00:00	6000	4.09	4.07	4.07	4.09	3.79	CFV.MI	3.55	3.57	3.55	3.57	4.63	3.48	-1.0	-1.0	-1.0	-1	-1.0	-1.0	1.0	-1.0	-1.0	1.0									1.0			3.91										-1.0			4.63	-0.02	-0.02	-0.39	-0.0	-0.0	-0.08	4.16	-0.39	-0.0	-0.0	-5.01					1	-0.02	-0.02	-1.19	-0.0	-0.0	-0.26	-1.19	0.0	0.0	19.47					0.02	0.02	1.23	0.0	0.0	0.37	1.23	0.0	0.0	29.09					0.02	0.02	1.27	0.0	0.0	0.33	1.27	0.0	0.0	29.09					-0.019999999999999574	-0.019999999999999574	0.3200000000000003	-0.004914004914004844	-0.004901970600206688	0.07823960880195635	0.3200000000000003	0.00176400155842328	0.0017566382348663812	106.85603509955688				
2021-04-06 07:00:00	18000	4.13	4.08	4.1	4.12	3.82	CFV.MI	3.57	3.6	3.55	3.59	4.63	3.48	-1.0	-1.0	-1.0	-1	-1.0	-1.0	1.0	-1.0	-1.0	1.0									1.0			3.91										-1.0			4.63	-0.03	-0.03	-0.42	-0.01	-0.01	-0.08	4.16	-0.42	-0.0	-0.0	-9.39					1	-0.03	-0.03	-1.22	-0.01	-0.01	-0.26	-1.22	0.0	0.0	11.74					0.03	0.03	1.26	0.01	0.01	0.38	1.26	0.0	0.0	33.58					0.03	0.03	1.3	0.01	0.01	0.34	1.3	0.0	0.0	33.58					-0.03000000000000025	-0.03000000000000025	0.29000000000000004	-0.007334963325183352	-0.007308193306724622	0.07038834951456341	0.29000000000000004	0.0016575447034508242	0.001649936931508167	98.46445073733861				
2021-04-07 07:00:00	5000	4.14	4.11	4.14	4.13	3.83	CFV.MI	3.61	3.61	3.58	3.6	4.63	3.48	-1.0	-1.0	-1.0	-1	-1.0	-1.0	1.0	-1.0	-1.0	1.0	4.14		4.14						1.0			3.91										-1.0			4.63	-0.01	-0.01	-0.43	-0.0	-0.0	-0.09	4.16	-0.43	-0.0	-0.0	-13.48					1	-0.01	-0.01	-1.23	-0.0	-0.0	-0.26	-1.23	0.0	0.0	4.58					0.01	0.01	1.27	0.0	0.0	0.39	1.27	0.0	0.0	37.85					0.01	0.01	1.31	0.0	0.0	0.34	1.31	0.0	0.0	37.85					-0.009999999999999787	-0.009999999999999787	0.28000000000000025	-0.0024271844660193054	-0.0024242436115062545	0.06779661016949201	0.28000000000000025	0.0015667200337502883	0.0015589617893974062	92.47555354936235				
2021-04-08 07:00:00	10000	4.13	4.08	4.1	4.1	3.8	CFV.MI	3.6	3.62	3.58	3.6	4.63	3.48	-1.0	-1.0	-1.0	-1	-1.0	-1.0	1.0	-1.0	-1.0	1.0									1.0			3.91										-1.0			4.63	0.03	0.03	-0.4	0.01	0.01	-0.08	4.16	-0.4	-0.0	-0.0	-9.13					1	0.03	0.03	-1.2	0.01	0.01	-0.26	-1.2	0.0	0.0	12.36					-0.03	-0.03	1.24	-0.01	-0.01	0.38	1.24	0.0	0.0	33.51					-0.03	-0.03	1.28	-0.01	-0.01	0.33	1.28	0.0	0.0	33.51					0.03000000000000025	0.03000000000000025	0.3100000000000005	0.007263922518159882	0.007290433262679344	0.07560975609756149	0.3100000000000005	0.0016141078499577045	0.0016062122784945565	93.73933122910388				
2021-04-09 07:00:00	8000	4.1	4.05	4.08	4.09	3.79	CFV.MI	3.6	3.62	3.58	3.61	4.63	3.48	-1.0	-1.0	-1.0	-1	-1.0	-1.0	1.0	-1.0	-1.0	1.0		4.05							1.0			3.91										-1.0			4.63	0.01	0.01	-0.39	0.0	0.0	-0.08	4.16	-0.39	-0.0	-0.0	-3.68					1	0.01	0.01	-1.19	0.0	0.0	-0.26	-1.19	0.0	0.0	22.63					-0.01	-0.01	1.23	-0.0	-0.0	0.37	1.23	0.0	0.0	28.44					-0.01	-0.01	1.27	-0.0	-0.0	0.33	1.27	0.0	0.0	28.44					0.009999999999999787	0.009999999999999787	0.3200000000000003	0.0024390243902439046	0.0024420036555517443	0.07823960880195657	0.3200000000000003	0.0016299808737187905	0.0016220390348153924	94.15360032079133				
2021-04-12 07:00:00	0	4.09	4.09	4.09	4.09	3.79	CFV.MI	3.61	3.61	3.61	3.61	4.63	3.48	-1.0	-1.0	-1.0	-1	-1.0	-1.0	1.0	-1.0	-1.0	1.0	4.09								1.0			3.91	3.61									-1.0			4.63	-0.0	-0.0	-0.39	-0.0	-0.0	-0.08	4.14	-0.39	-0.0	-0.0	-7.57					1	-0.0	-0.0	-1.19	-0.0	-0.0	-0.26	-1.19	0.0	0.0	13.99					0.0	0.0	1.23	0.0	0.0	0.37	1.23	0.0	0.0	35.9					0.0	0.0	1.27	0.0	0.0	0.33	1.27	0.0	0.0	35.9					-0.0	-0.0	0.3200000000000003	-0.0	-0.0	0.07823960880195657	0.3200000000000003	0.0016299808737187905	0.0016220390348153924	94.15360032079133				
2021-04-13 07:00:00	1000	4.08	4.08	4.08	4.08	3.78	CFV.MI	3.58	3.58	3.58	3.58	4.63	3.48	-1.0	-1.0	-1.0	-1	-1.0	-1.0	1.0	-1.0	-1.0	1.0									1.0			3.91										-1.0			4.63	0.01	0.01	-0.38	0.0	0.0	-0.08	4.14	-0.38	-0.0	-0.0	-3.98					1	0.01	0.01	-1.18	0.0	0.0	-0.25	-1.18	0.0	0.0	20.2					-0.01	-0.01	1.22	-0.0	-0.0	0.37	1.22	0.0	0.0	32.33					-0.01	-0.01	1.26	-0.0	-0.0	0.33	1.26	0.0	0.0	32.33					0.009999999999999787	0.009999999999999787	0.33000000000000007	0.0024449877750610804	0.0024479816386400017	0.08088235294117707	0.33000000000000007	0.0016458927543699505	0.001637904399611756	94.56444856781991				
2021-04-14 07:00:00	2000	4.09	4.03	4.09	4.03	3.73	CFV.MI	3.59	3.59	3.54	3.54	4.63	3.48	-1.0	-1.0	-1.0	-1	-1.0	-1.0	1.0	-1.0	-1.0	1.0									1.0			3.91										-1.0			4.63	0.05	0.05	-0.33	0.01	0.01	-0.06	4.14	-0.33	0.0	0.0	7.1					1	0.05	0.05	-1.13	0.01	0.01	-0.25	-1.13	0.0	0.0	43.95					-0.05	-0.05	1.17	-0.01	-0.01	0.35	1.17	0.0	0.0	22.25					-0.05	-0.05	1.21	-0.01	-0.01	0.31	1.21	0.0	0.0	22.25					0.04999999999999982	0.04999999999999982	0.3799999999999999	0.01225490196078427	0.012330612457478674	0.09429280397022377	0.3799999999999999	0.0017260417353435619	0.0017178170204987797	96.56887153946889				
2021-04-15 07:00:00	9000	4.1	4.0	4.01	4.03	3.73	CFV.MI	3.53	3.6	3.52	3.54	4.63	3.48	-1.0	-1.0	-1.0	-1	-1.0	-1.0	1.0	-1.0	-1.0	1.0		4.0							1.0			3.91										-1.0			4.63	-0.0	-0.0	-0.33	-0.0	-0.0	-0.06	4.14	-0.33	0.0	0.0	12.69					1	-0.0	-0.0	-1.13	-0.0	-0.0	-0.25	-1.13	0.0	0.0	55.13					0.0	0.0	1.17	0.0	0.0	0.35	1.17	0.0	0.0	20.13					0.0	0.0	1.21	0.0	0.0	0.31	1.21	0.0	0.0	20.13					-0.0	-0.0	0.3799999999999999	-0.0	-0.0	0.09429280397022377	0.3799999999999999	0.0017260417353435619	0.0017178170204987797	96.56887153946889				
2021-04-16 07:00:00	5000	4.07	4.0	4.01	4.07	3.77	CFV.MI	3.5	3.55	3.49	3.55	4.63	3.48	-1.0	-1.0	-1.0	-1	-1.0	-1.0	1.0	-1.0	-1.0	1.0	4.07								1.0			3.91										-1.0			4.63	-0.04	-0.04	-0.37	-0.01	-0.01	-0.07	4.14	-0.37	0.0	0.0	8.3					1	-0.04	-0.04	-1.17	-0.01	-0.01	-0.25	-1.17	0.0	0.0	47.56					0.04	0.04	1.21	0.01	0.01	0.37	1.21	0.0	0.0	24.35					0.04	0.04	1.25	0.01	0.01	0.32	1.25	0.0	0.0	24.35					-0.040000000000000036	-0.040000000000000036	0.33999999999999986	-0.00992555831265518	-0.009876623495912099	0.0835380835380839	0.33999999999999986	0.0016054525462354285	0.0015969281499474963	87.54734813164784				
2021-04-19 07:00:00	20000	4.09	4.0	4.07	4.02	3.72	CFV.MI	3.56	3.57	3.49	3.51	4.63	3.48	-1.0	-1.0	-1.0	-1	-1.0	-1.0	1.0	-1.0	-1.0	1.0									1.0			3.91		3.49								-1.0			4.63	0.05	0.05	-0.32	0.01	0.01	-0.06	4.14	-0.32	0.0	0.0	8.53					1	0.05	0.05	-1.12	0.01	0.01	-0.24	-1.12	0.0	0.0	50.34					-0.05	-0.05	1.16	-0.01	-0.01	0.35	1.16	0.0	0.0	24.07					-0.05	-0.05	1.2	-0.01	-0.01	0.31	1.2	0.0	0.0	24.07					0.05000000000000071	0.05000000000000071	0.39000000000000057	0.012285012285012442	0.012361096823574088	0.09701492537313494	0.39000000000000057	0.001684563565906303	0.0016757929109798564	89.50838835707538				
2021-04-20 07:00:00	6000	4.04	3.97	4.0	3.97	3.68	CFV.MI	3.58	3.62	3.55	3.55	4.63	3.48	-1.0	-1.0	-1.0	-1	-1.0	-1.0	1.0	-1.0	-1.0	1.0									1.0			3.91	3.62									-1.0			4.63	0.05	0.05	-0.27	0.01	0.01	-0.05	4.14	-0.27	0.0	0.0	9.82					1	0.05	0.05	-1.07	0.01	0.01	-0.23	-1.07	0.0	0.0	52.98					-0.05	-0.05	1.11	-0.01	-0.01	0.33	1.11	0.0	0.0	19.52					-0.05	-0.05	1.15	-0.01	-0.01	0.29	1.15	0.0	0.0	19.52					0.04999999999999938	0.04999999999999938	0.43999999999999995	0.01243781094527352	0.012515807931830533	0.11083123425692731	0.43999999999999995	0.0017646647366700186	0.001755641182553891	91.39420433241136				
2021-04-21 07:00:00	17000	4.03	3.93	4.03	3.99	3.7	CFV.MI	3.6	3.6	3.51	3.56	4.63	3.48	-1.0	-1.0	-1.0	-1	-1.0	-1.0	1.0	-1.0	-1.0	1.0		3.93		3.93					1.0			3.91		3.51								-1.0			4.63	-0.02	-0.02	-0.29	-0.01	-0.01	-0.05	4.14	-0.29	0.0	0.0	3.82					1	-0.02	-0.02	-1.09	-0.01	-0.01	-0.24	-1.09	0.0	0.0	47.08					0.02	0.02	1.13	0.01	0.01	0.34	1.13	0.0	0.0	25.96					0.02	0.02	1.17	0.01	0.01	0.3	1.17	0.0	0.0	25.96					-0.020000000000000018	-0.020000000000000018	0.41999999999999993	-0.005037783375314797	-0.0050251362026729795	0.10526315789473739	0.41999999999999993	0.0016575630353721472	0.0016483297976213063	84.7551749265638				
2021-04-22 07:00:00	23000	4.17	4.01	4.02	4.13	3.83	CFV.MI	3.55	3.69	3.54	3.65	4.63	3.48	-1.0	-1.0	1.0	0	-1.0	-1.0	1.0	-1.0	-1.0	1.0	4.17								1.0			3.91	3.69									-1.0			4.63	-0.14	-0.14	-0.43	-0.04	-0.03	-0.09	4.17	-0.43	0.0	0.0	1.81					1	-0.14	-0.14	-1.23	-0.04	-0.03	-0.26	-1.23	0.0	0.0	33.96					0.14	0.14	1.27	0.04	0.03	0.39	1.27	0.0	0.0	27.59					0.14	0.14	1.31	0.04	0.03	0.34	1.31	0.0	0.0	27.59					-0.13999999999999968	-0.13999999999999968	0.28000000000000025	-0.0350877192982455	-0.03448617607116919	0.06779661016949223	0.28000000000000025	0.0014375043553334558	0.0014274333705392994	67.6012164921038				
2021-04-23 07:00:00	34000	4.15	4.01	4.1	4.08	3.78	CFV.MI	3.63	3.67	3.55	3.61	4.63	3.48	-1.0	-1.0	1.0	0	-1.0	-1.0	1.0	-1.0	-1.0	1.0									1.0			3.91										-1.0			4.63	0.05	0.05	-0.38	0.01	0.01	-0.08	4.17	-0.38	0.0	0.0	1.42					1	-0.0	-0.0	-1.23	-0.0	-0.0	-0.26	-1.23	0.0	0.0	33.96					-0.05	-0.05	1.22	-0.01	-0.01	0.37	1.22	0.0	0.0	28.06					-0.05	-0.05	1.26	-0.01	-0.01	0.33	1.26	0.0	0.0	28.06					0.04999999999999982	0.04999999999999982	0.33000000000000007	0.012106537530266248	0.01218041855687096	0.08088235294117707	0.33000000000000007	0.0015130229503860556	0.0015026854504878173	69.44414558022042				
2021-04-26 07:00:00	20000	4.12	4.01	4.07	4.07	3.77	CFV.MI	3.58	3.62	3.53	3.58	4.63	3.48	-1.0	-1.0	1.0	0	-1.0	-1.0	1.0	-1.0	-1.0	1.0		4.01							1.0			3.91		3.53								-1.0			4.63	0.01	0.01	-0.37	0.0	0.0	-0.07	4.17	-0.37	0.0	0.0	12.34					1	-0.0	-0.0	-1.23	-0.0	-0.0	-0.26	-1.23	0.0	0.0	33.96					-0.01	-0.01	1.21	-0.0	-0.0	0.37	1.21	0.0	0.0	18.51					-0.01	-0.01	1.25	-0.0	-0.0	0.32	1.25	0.0	0.0	18.51					0.009999999999999787	0.009999999999999787	0.33999999999999986	0.002450980392156854	0.002453988961566703	0.08353808353808412	0.33999999999999986	0.0015282376819477687	0.001517846067811135	69.80478063418151				
2021-04-27 07:00:00	16000	4.11	4.03	4.1	4.11	3.81	CFV.MI	3.61	3.62	3.55	3.62	4.63	3.48	-1.0	-1.0	1.0	0	-1.0	-1.0	1.0	-1.0	-1.0	1.0									1.0			3.91										-1.0			4.63	-0.04	-0.04	-0.41	-0.01	-0.01	-0.08	4.17	-0.41	0.0	0.0	18.58					1	0.0	0.0	-1.23	0.0	0.0	-0.26	-1.23	0.0	0.0	33.96					0.04	0.04	1.25	0.01	0.01	0.38	1.25	0.0	0.0	13.42					0.04	0.04	1.29	0.01	0.01	0.34	1.29	0.0	0.0	13.42					-0.040000000000000036	-0.040000000000000036	0.2999999999999998	-0.00982800982800991	-0.0097800290536397	0.07299270072992736	0.2999999999999998	0.001396172299311364	0.0013854593491511302	62.35266207227548				
2021-04-28 07:00:00	17000	4.15	4.08	4.1	4.1	3.8	CFV.MI	3.62	3.66	3.6	3.62	4.63	3.48	-1.0	-1.0	1.0	0	-1.0	-1.0	1.0	-1.0	-1.0	1.0	4.15								1.0			3.91										-1.0			4.63	0.01	0.01	-0.4	0.0	0.0	-0.08	4.17	-0.4	0.0	0.0	13.26					1	-0.0	-0.0	-1.23	-0.0	-0.0	-0.26	-1.23	0.0	0.0	50.75					-0.01	-0.01	1.24	-0.0	-0.0	0.38	1.24	0.0	0.0	19.9					-0.01	-0.01	1.28	-0.0	-0.0	0.33	1.28	0.0	0.0	19.9					0.010000000000000675	0.010000000000000675	0.3100000000000005	0.0024330900243311193	0.0024360547978813383	0.07560975609756171	0.3100000000000005	0.0014110322335784404	0.0014002643351456179	62.716574551840395				
2021-04-29 07:00:00	19000	4.14	4.05	4.09	4.1	3.8	CFV.MI	3.63	3.68	3.6	3.64	4.63	3.48	-1.0	-1.0	1.0	0	-1.0	-1.0	1.0	-1.0	-1.0	1.0		4.05							1.0			3.91										-1.0			4.63	-0.0	-0.0	-0.4	-0.0	-0.0	-0.08	4.17	-0.4	0.0	0.0	16.95					1	0.0	0.0	-1.23	0.0	0.0	-0.26	-1.23	0.0	0.0	50.24					0.0	0.0	1.24	0.0	0.0	0.38	1.24	0.0	0.0	19.6					0.0	0.0	1.28	0.0	0.0	0.33	1.28	0.0	0.0	19.6					-0.0	-0.0	0.3100000000000005	-0.0	-0.0	0.07560975609756171	0.3100000000000005	0.0014110322335784404	0.0014002643351456179	62.716574551840395				
2021-04-30 07:00:00	17000	4.15	4.06	4.09	4.15	3.85	CFV.MI	3.65	3.71	3.63	3.71	4.63	3.48	-1.0	-1.0	1.0	0	-1.0	-1.0	1.0	-1.0	-1.0	1.0	4.15								1.0			3.91	3.71									-1.0			4.63	-0.05	-0.05	-0.45	-0.01	-0.01	-0.09	4.17	-0.45	0.0	0.0	9.28					1	0.0	0.0	-1.23	0.0	0.0	-0.26	-1.23	0.0	0.0	60.78					0.05	0.05	1.29	0.01	0.01	0.4	1.29	0.0	0.0	27.52					0.05	0.05	1.33	0.01	0.01	0.35	1.33	0.0	0.0	27.52					-0.05000000000000071	-0.05000000000000071	0.2599999999999998	-0.012195121951219745	-0.01212136053234504	0.06265060240963893	0.2599999999999998	0.0012674019137366987	0.0012562600470580332	54.81991209777297				
2021-05-03 07:00:00	23000	4.12	4.07	4.12	4.11	3.81	CFV.MI	3.64	3.64	3.59	3.63	4.63	3.48	-1.0	-1.0	1.0	0	-1.0	-1.0	1.0	-1.0	-1.0	1.0		4.07							1.0			3.91		3.59								-1.0			4.63	0.04	0.04	-0.41	0.01	0.01	-0.08	4.17	-0.41	0.0	0.0	10.57					1	-0.0	-0.0	-1.23	-0.0	-0.0	-0.26	-1.23	0.0	0.0	60.78					-0.04	-0.04	1.25	-0.01	-0.01	0.38	1.25	0.0	0.0	22.61					-0.04	-0.04	1.29	-0.01	-0.01	0.34	1.29	0.0	0.0	22.61					0.040000000000000036	0.040000000000000036	0.2999999999999998	0.009638554216867434	0.009685305734463655	0.07299270072992736	0.2999999999999998	0.0013255137481434811	0.0013141472837134849	56.269391447482604				
2021-05-04 07:00:00	7000	4.12	4.1	4.1	4.12	3.82	CFV.MI	3.69	3.71	3.69	3.71	4.63	3.48	-1.0	-1.0	1.0	0	-1.0	-1.0	1.0	-1.0	-1.0	1.0									1.0			3.91	3.71									-1.0			4.63	-0.01	-0.01	-0.42	-0.0	-0.0	-0.08	4.17	-0.42	0.0	0.0	10.93					1	0.0	0.0	-1.23	0.0	0.0	-0.26	-1.23	0.0	0.0	59.74					0.01	0.01	1.26	0.0	0.0	0.38	1.26	0.0	0.0	22.31					0.01	0.01	1.3	0.0	0.0	0.34	1.3	0.0	0.0	22.31					-0.009999999999999787	-0.009999999999999787	0.29000000000000004	-0.0024330900243307862	-0.002430134853291669	0.07038834951456363	0.29000000000000004	0.0012182246509059426	0.0012067111438374134	51.437943762129436				
2021-05-05 07:00:00	14000	4.17	4.09	4.11	4.09	3.79	CFV.MI	3.62	3.68	3.61	3.61	4.63	3.48	-1.0	-1.0	1.0	1	-1.0	-1.0	1.0	-1.0	-1.0	1.0	4.17								1.0			3.91										-1.0			4.63	0.03	0.03	-0.39	0.01	0.01	-0.08	4.17	-0.39	0.0	0.0	10.59					1	-0.0	-0.0	-1.23	-0.0	-0.0	-0.26	-1.23	0.0	0.0	67.7					-0.03	-0.03	1.23	-0.01	-0.01	0.37	1.23	0.0	0.0	22.73					-0.03	-0.03	1.27	-0.01	-0.01	0.33	1.27	0.0	0.0	22.73					0.03000000000000025	0.03000000000000025	0.3200000000000003	0.00728155339805836	0.0073081933067247525	0.07823960880195657	0.3200000000000003	0.001261342991415619	0.0012496567591200325	52.52301136944878				
2021-05-06 07:00:00	10000	4.14	4.09	4.09	4.1	3.8	CFV.MI	3.6	3.65	3.6	3.61	4.63	3.48	-1.0	-1.0	1.0	1	-1.0	-1.0	1.0	-1.0	-1.0	1.0		4.09							1.0			3.91		3.6								-1.0			4.63	-0.01	-0.01	-0.4	-0.0	-0.0	-0.08	4.17	-0.4	0.0	0.0	21.57					1	0.01	0.01	-1.22	0.0	0.0	-0.26	-1.22	0.0	0.0	51.02					0.01	0.01	1.24	0.0	0.0	0.38	1.24	0.0	0.0	13.78					0.01	0.01	1.28	0.0	0.0	0.33	1.28	0.0	0.0	13.78					-0.009999999999999787	-0.009999999999999787	0.3100000000000005	-0.0024449877750609694	-0.0024420036555515873	0.07560975609756171	0.3100000000000005	0.0011527871989072582	0.0011409605305374715	47.745775827745646				
2021-05-07 07:00:00	12000	4.19	4.14	4.14	4.18	3.87	CFV.MI	3.63	3.67	3.63	3.66	4.63	3.48	-1.0	-1.0	1.0	1	-1.0	-1.0	1.0	-1.0	-1.0	1.0	4.19		4.19		4.19				-1.0			4.19	3.67									-1.0			4.63	-0.08	-0.08	-0.48	-0.02	-0.02	-0.1	4.19	-0.48	0.0	0.0	12.06					1	0.08	0.08	-1.14	0.02	0.02	-0.25	-1.14	0.0	0.0	68.23					0.08	0.08	1.32	0.02	0.02	0.41	1.32	0.0	0.0	23.21					0.08	0.08	1.36	0.02	0.02	0.36	1.36	0.0	0.0	23.21					-0.08000000000000007	-0.08000000000000007	0.23000000000000043	-0.019512195121951237	-0.019324272826402842	0.05502392344497675	0.23000000000000043	0.0009711492482331265	0.0009587776367880885	38.58844179367247				
2021-05-10 07:00:00	17000	4.18	4.1	4.14	4.13	3.83	CFV.MI	3.6	3.63	3.57	3.59	4.63	3.48	-1.0	-1.0	1.0	1	-1.0	-1.0	1.0	-1.0	-1.0	1.0									-1.0			4.19		3.57								-1.0			4.63	0.05	0.05	-0.43	0.01	0.01	-0.09	4.19	-0.43	0.0	0.0	18.06					1	-0.05	-0.05	-1.19	-0.01	-0.01	-0.26	-1.19	0.0	0.0	57.49					-0.05	-0.05	1.27	-0.01	-0.01	0.39	1.27	0.0	0.0	17.0					-0.05	-0.05	1.31	-0.01	-0.01	0.34	1.31	0.0	0.0	17.0					0.04999999999999982	0.04999999999999982	0.28000000000000025	0.011961722488038284	0.012033839563723565	0.06779661016949223	0.28000000000000025	0.001039742133746351	0.0010270731270800582	40.395324608367815				
2021-05-11 07:00:00	8000	4.12	4.08	4.1	4.12	3.82	CFV.MI	3.62	3.64	3.61	3.64	4.63	3.48	-1.0	-1.0	1.0	1	-1.0	-1.0	1.0	-1.0	-1.0	1.0		4.08							-1.0			4.19										-1.0			4.63	0.01	0.01	-0.42	0.0	0.0	-0.08	4.19	-0.42	0.0	0.0	18.39					1	-0.01	-0.01	-1.2	-0.0	-0.0	-0.26	-1.2	0.0	0.0	51.51					-0.01	-0.01	1.26	-0.0	-0.0	0.38	1.26	0.0	0.0	13.1					-0.01	-0.01	1.3	-0.0	-0.0	0.34	1.3	0.0	0.0	13.1					0.009999999999999787	0.009999999999999787	0.29000000000000004	0.002421307506053183	0.00242424361150628	0.07038834951456385	0.29000000000000004	0.001053560322331937	0.001040830979359697	40.74964421163361				
2021-05-12 07:00:00	7000	4.18	4.14	4.14	4.15	3.85	CFV.MI	3.65	3.69	3.65	3.66	4.63	3.48	-1.0	-1.0	1.0	1	-1.0	-1.0	1.0	-1.0	-1.0	1.0	4.18								-1.0			4.19	3.69		3.69							-1.0			4.63	-0.03	-0.03	-0.45	-0.01	-0.01	-0.09	4.19	-0.45	0.0	0.0	26.09					1	0.03	0.03	-1.17	0.01	0.01	-0.25	-1.17	0.0	0.0	38.4					0.03	0.03	1.29	0.01	0.01	0.4	1.29	0.0	0.0	6.68					0.03	0.03	1.33	0.01	0.01	0.35	1.33	0.0	0.0	6.68					-0.03000000000000025	-0.03000000000000025	0.2599999999999998	-0.00728155339805836	-0.007255170881172016	0.06265060240963916	0.2599999999999998	0.0009197157573340195	0.0009067360145440517	35.03829606836062				
2021-05-13 07:00:00	7000	4.15	4.12	4.13	4.12	3.82	CFV.MI	3.64	3.66	3.63	3.63	4.63	3.48	-1.0	-1.0	1.0	1	-1.0	-1.0	1.0	-1.0	-1.0	1.0									-1.0			4.19										-1.0			4.63	0.03	0.03	-0.42	0.01	0.01	-0.08	4.19	-0.42	0.0	0.0	25.24					1	-0.03	-0.03	-1.2	-0.01	-0.01	-0.26	-1.2	0.0	0.0	40.56					-0.03	-0.03	1.26	-0.01	-0.01	0.38	1.26	0.0	0.0	7.71					-0.03	-0.03	1.3	-0.01	-0.01	0.34	1.3	0.0	0.0	7.71					0.03000000000000025	0.03000000000000025	0.29000000000000004	0.0072289156626507145	0.007255170881172022	0.07038834951456385	0.29000000000000004	0.0009603447142685823	0.0009471812970909266	36.104283219205996				
2021-05-14 07:00:00	6000	4.11	4.09	4.1	4.11	3.81	CFV.MI	3.57	3.58	3.56	3.58	4.63	3.48	-1.0	-1.0	1.0	1	-1.0	-1.0	1.0	-1.0	-1.0	1.0									-1.0			4.19										-1.0			4.63	0.01	0.01	-0.41	0.0	0.0	-0.08	4.19	-0.41	0.0	0.0	32.1					1	-0.01	-0.01	-1.21	-0.0	-0.0	-0.26	-1.21	0.0	0.0	28.88					-0.01	-0.01	1.25	-0.0	-0.0	0.38	1.25	0.0	0.0	1.25					-0.01	-0.01	1.29	-0.0	-0.0	0.34	1.29	0.0	0.0	1.25					0.009999999999999787	0.009999999999999787	0.2999999999999998	0.0024271844660194164	0.002430134853291782	0.0729927007299278	0.2999999999999998	0.0009739534694470165	0.0009607282430637021	36.45508782546155				
2021-05-17 07:00:00	25000	4.14	4.03	4.13	4.07	3.77	CFV.MI	3.58	3.59	3.5	3.53	4.63	3.48	-1.0	-1.0	-1.0	1	-1.0	-1.0	1.0	-1.0	-1.0	1.0									-1.0			4.19										-1.0			4.63	0.04	0.04	-0.37	0.01	0.01	-0.07	4.19	-0.37	0.0	0.0	41.67					1	-0.04	-0.04	-1.25	-0.01	-0.01	-0.27	-1.25	0.0	0.0	10.98					-0.04	-0.04	1.21	-0.01	-0.01	0.37	1.21	-0.0	-0.0	-7.83					-0.04	-0.04	1.25	-0.01	-0.01	0.32	1.25	-0.0	-0.0	-7.83					0.040000000000000036	0.040000000000000036	0.33999999999999986	0.009732360097323589	0.009780029053639606	0.08353808353808434	0.33999999999999986	0.0010287216321473985	0.0010152461994508144	37.83627977002817				
2021-05-18 07:00:00	6000	4.09	4.04	4.04	4.06	3.76	CFV.MI	3.5	3.55	3.5	3.52	4.53	3.48	-1.0	-1.0	-1.0	1	-1.0	-1.0	1.0	-1.0	-1.0	1.0									-1.0			4.19		3.5								-1.0			4.63	0.01	0.01	-0.36	0.0	0.0	-0.07	4.19	-0.36	0.0	0.0	38.18					1	-0.01	-0.01	-1.26	-0.0	-0.0	-0.27	-1.26	0.0	0.0	20.0					-0.01	-0.01	1.2	-0.0	-0.0	0.36	1.2	-0.0	-0.0	-3.62					-0.01	-0.01	1.24	-0.0	-0.0	0.32	1.24	-0.0	-0.0	-3.62					0.010000000000000675	0.010000000000000675	0.35000000000000053	0.002457002457002644	0.002460025840862534	0.08620689655172509	0.35000000000000053	0.001042497776856228	0.0010289590411471927	38.176179601063				
2021-05-19 07:00:00	10000	4.09	4.01	4.02	4.05	3.75	CFV.MI	3.54	3.6	3.53	3.57	4.45	3.48	-1.0	-1.0	-1.0	0	-1.0	-1.0	1.0	-1.0	-1.0	1.0									-1.0			4.19	3.6									-1.0			4.63	0.01	0.01	-0.35	0.0	0.0	-0.07	4.19	-0.35	0.0	0.0	47.5					1	-0.01	-0.01	-1.27	-0.0	-0.0	-0.27	-1.27	0.0	0.0	2.25					-0.01	-0.01	1.19	-0.0	-0.0	0.36	1.19	-0.0	-0.0	-12.2					-0.01	-0.01	1.23	-0.0	-0.0	0.32	1.23	-0.0	-0.0	-12.2					0.009999999999999787	0.009999999999999787	0.3600000000000003	0.0024630541871920597	0.0024660924951934427	0.08888888888888968	0.3600000000000003	0.0012482660118159393	0.001235251603388221	47.50035968127807				
2021-05-20 07:00:00	15000	4.09	4.0	4.06	4.02	3.72	CFV.MI	3.54	3.57	3.49	3.51	4.41	3.48	-1.0	-1.0	-1.0	0	-1.0	-1.0	1.0	-1.0	-1.0	1.0		4.0							-1.0			4.19										-1.0			4.63	0.03	0.03	-0.32	0.01	0.01	-0.06	4.19	-0.32	0.0	0.0	47.6					1	-0.0	-0.0	-1.27	-0.0	-0.0	-0.27	-1.27	0.0	0.0	10.99					-0.03	-0.03	1.16	-0.01	-0.01	0.35	1.16	-0.0	-0.0	-12.32					-0.03	-0.03	1.2	-0.01	-0.01	0.31	1.2	-0.0	-0.0	-12.32					0.03000000000000025	0.03000000000000025	0.39000000000000057	0.007407407407407418	0.00743497848751809	0.09701492537313516	0.39000000000000057	0.0012525181567352517	0.0012394849481112136	47.59965247565276				
2021-05-21 07:00:00	15000	4.1	4.02	4.04	4.05	3.75	CFV.MI	3.49	3.54	3.47	3.5	4.41	3.47	-1.0	-1.0	-1.0	0	-1.0	-1.0	1.0	-1.0	-1.0	1.0	4.1								-1.0			4.19										-1.0			4.63	-0.03	-0.03	-0.35	-0.01	-0.01	-0.07	4.19	-0.35	0.0	0.0	47.99					1	0.0	0.0	-1.27	0.0	0.0	-0.27	-1.27	0.0	0.0	5.78					0.03	0.03	1.19	0.01	0.01	0.36	1.19	-0.0	-0.0	-12.65					0.03	0.03	1.23	0.01	0.01	0.32	1.23	-0.0	-0.0	-12.65					-0.03000000000000025	-0.03000000000000025	0.3600000000000003	-0.007462686567164312	-0.007434978487518212	0.08888888888888968	0.3600000000000003	0.0012588553522620942	0.0012458594634661146	47.993368038349615				
2021-05-24 07:00:00	6000	4.04	4.0	4.02	4.04	3.74	CFV.MI	3.48	3.5	3.47	3.5	4.41	3.47	-1.0	-1.0	-1.0	0	-1.0	-1.0	1.0	-1.0	-1.0	1.0									-1.0			4.19										-1.0			4.63	0.01	0.01	-0.34	0.0	0.0	-0.07	4.19	-0.34	0.0	0.0	44.59					1	-0.0	-0.0	-1.27	-0.0	-0.0	-0.27	-1.27	0.0	0.0	23.06					-0.01	-0.01	1.18	-0.0	-0.0	0.36	1.18	-0.0	-0.0	-8.54					-0.01	-0.01	1.22	-0.0	-0.0	0.31	1.22	-0.0	-0.0	-8.54					0.009999999999999787	0.009999999999999787	0.3700000000000001	0.0024691358024691024	0.002472189145389037	0.09158415841584233	0.3700000000000001	0.0011192296497540217	0.0011068431504677179	44.590662511413655				
2021-05-25 07:00:00	24000	4.05	4.0	4.02	4.03	3.73	CFV.MI	3.48	3.51	3.47	3.49	4.41	3.47	-1.0	-1.0	-1.0	0	-1.0	-1.0	1.0	-1.0	-1.0	1.0									-1.0			4.19										-1.0			4.63	0.01	0.01	-0.33	0.0	0.0	-0.06	4.19	-0.33	0.0	0.0	49.57					1	-0.0	-0.0	-1.27	-0.0	-0.0	-0.27	-1.27	0.0	0.0	21.7					-0.01	-0.01	1.17	-0.0	-0.0	0.35	1.17	-0.0	-0.0	-13.5					-0.01	-0.01	1.21	-0.0	-0.0	0.31	1.21	-0.0	-0.0	-13.5					0.009999999999999787	0.009999999999999787	0.3799999999999999	0.0024752475247524774	0.00247831601446709	0.09429280397022399	0.3799999999999999	0.0012437040542087453	0.0012313882673711252	49.56974295892988				
2021-05-26 07:00:00	12000	4.03	3.97	4.03	4.02	3.72	CFV.MI	3.51	3.51	3.46	3.5	4.41	3.46	-1.0	-1.0	-1.0	0	-1.0	-1.0	1.0	-1.0	-1.0	1.0									-1.0			4.19										-1.0			4.63	0.01	0.01	-0.32	0.0	0.0	-0.06	4.19	-0.32	0.0	0.0	58.5					1	-0.0	-0.0	-1.27	-0.0	-0.0	-0.27	-1.27	0.0	0.0	11.57					-0.01	-0.01	1.16	-0.0	-0.0	0.35	1.16	-0.0	-0.0	-21.8					-0.01	-0.01	1.2	-0.0	-0.0	0.31	1.2	-0.0	-0.0	-21.8					0.010000000000000675	0.010000000000000675	0.39000000000000057	0.002481389578163906	0.0024844733276620564	0.09701492537313516	0.39000000000000057	0.0014236404580897028	0.0014117326918754447	58.49669703619878				
2021-05-27 07:00:00	214000	3.99	3.6	3.92	3.85	3.57	CFV.MI	3.37	3.43	3.1	3.31	4.38	3.1	-1.0	-1.0	-1.0	-1	-1.0	-1.0	1.0	-1.0	-1.0	1.0		3.6		3.6		3.6			-1.0			4.19		3.1								-1.0			4.63	0.17	0.17	-0.15	0.04	0.04	-0.02	4.19	-0.15	0.0	0.0	62.88					1	-0.0	-0.0	-1.27	-0.0	-0.0	-0.27	-1.27	0.0	0.0	22.55					-0.17	-0.17	0.99	-0.04	-0.04	0.29	0.99	-0.0	-0.0	-27.14					-0.17	-0.17	1.03	-0.04	-0.04	0.25	1.03	-0.0	-0.0	-27.14					0.16999999999999948	0.16999999999999948	0.56	0.04228855721393021	0.04320875433123669	0.14545454545454617	0.56	0.0016255380436902439	0.001612796905773095	62.87508095830074				
2021-05-28 07:00:00	21000	3.86	3.77	3.85	3.86	3.58	CFV.MI	3.3	3.31	3.23	3.31	4.38	3.1	-1.0	-1.0	-1.0	-1	-1.0	-1.0	1.0	-1.0	-1.0	1.0									-1.0			4.19										-1.0			4.63	-0.01	-0.01	-0.16	-0.0	-0.0	-0.02	4.19	-0.16	0.0	0.0	66.22					1	-0.01	-0.01	-1.28	-0.0	-0.0	-0.27	-1.28	0.0	0.0	4.52					0.01	0.01	1.0	0.0	0.0	0.3	1.0	-0.0	-0.0	-29.97					0.01	0.01	1.04	0.0	0.0	0.26	1.04	-0.0	-0.0	-29.97					-0.009999999999999787	-0.009999999999999787	0.5500000000000003	-0.0025974025974024872	-0.002594035177046528	0.14248704663212508	0.5500000000000003	0.0016700602820225398	0.0016575879919034087	66.21997336378584				
2021-05-31 07:00:00	24000	3.86	3.79	3.8	3.85	3.57	CFV.MI	3.26	3.31	3.25	3.3	4.38	3.1	-1.0	-1.0	-1.0	-1	-1.0	-1.0	1.0	-1.0	-1.0	1.0	3.86								-1.0			4.19	3.31									-1.0			4.63	0.01	0.01	-0.15	0.0	0.0	-0.02	4.19	-0.15	0.0	0.0	65.99					1	0.01	0.01	-1.27	0.0	0.0	-0.27	-1.27	0.0	0.0	15.79					-0.01	-0.01	0.99	-0.0	-0.0	0.29	0.99	-0.0	-0.0	-29.7					-0.01	-0.01	1.03	-0.0	-0.0	0.25	1.03	-0.0	-0.0	-29.7					0.009999999999999787	0.009999999999999787	0.56	0.002590673575129432	0.0025940351770465356	0.14545454545454617	0.56	0.001659025760107869	0.0016465992503473803	65.99398763185152				
2021-06-01 07:00:00	17000	3.88	3.8	3.85	3.8	3.52	CFV.MI	3.28	3.3	3.24	3.24	4.38	3.1	-1.0	-1.0	-1.0	-1	-1.0	-1.0	1.0	-1.0	-1.0	1.0									-1.0			4.19										-1.0			4.63	0.05	0.05	-0.1	0.01	0.01	-0.01	4.19	-0.1	0.0	0.0	72.99					1	0.05	0.05	-1.22	0.01	0.01	-0.26	-1.22	0.0	0.0	21.89					-0.05	-0.05	0.94	-0.01	-0.01	0.28	0.94	-0.0	-0.0	-36.81					-0.05	-0.05	0.98	-0.01	-0.01	0.24	0.98	-0.0	-0.0	-36.81					0.050000000000000266	0.050000000000000266	0.6100000000000003	0.012987012987013102	0.013072081567352888	0.16052631578947452	0.6100000000000003	0.001856698695191056	0.0018441601853502743	72.98737346536788				
2021-06-02 07:00:00	3000	3.8	3.76	3.77	3.76	3.48	CFV.MI	3.2	3.23	3.2	3.2	4.38	3.1	-1.0	-1.0	-1.0	-1	-1.0	-1.0	1.0	-1.0	-1.0	1.0									-1.0			4.19										-1.0			4.63	0.04	0.04	-0.06	0.01	0.01	0.0	4.19	-0.06	0.0	0.0	79.65					1	0.04	0.04	-1.18	0.01	0.01	-0.25	-1.18	0.0	0.0	25.96					-0.04	-0.04	0.9	-0.01	-0.01	0.26	0.9	-0.0	-0.0	-43.52					-0.04	-0.04	0.94	-0.01	-0.01	0.22	0.94	-0.0	-0.0	-43.52					0.040000000000000036	0.040000000000000036	0.6500000000000004	0.010526315789473717	0.010582109330536972	0.1728723404255328	0.6500000000000004	0.0020408269759811786	0.002028248998262594	79.6503127933605				
2021-06-03 07:00:00	19000	3.82	3.7	3.8	3.7	3.43	CFV.MI	3.22	3.24	3.14	3.14	4.38	3.1	-1.0	-1.0	-1.0	-1	-1.0	-1.0	1.0	-1.0	-1.0	1.0									-1.0			4.19										-1.0			4.63	0.06	0.06	-0.0	0.02	0.02	0.02	4.19	-0.0	0.0	0.0	80.41					1	0.06	0.06	-1.12	0.02	0.02	-0.24	-1.12	0.0	0.0	46.61					-0.06	-0.06	0.84	-0.02	-0.02	0.24	0.84	-0.0	-0.0	-44.45					-0.06	-0.06	0.88	-0.02	-0.02	0.2	0.88	-0.0	-0.0	-44.45					0.05999999999999961	0.05999999999999961	0.71	0.015957446808510523	0.01608613775162427	0.1918918918918926	0.71	0.0020846090724425176	0.0020718553673806372	80.40553202475293				
2021-06-04 07:00:00	2000	3.77	3.71	3.77	3.71	3.44	CFV.MI	3.18	3.18	3.13	3.13	4.35	3.1	-1.0	-1.0	-1.0	-1	-1.0	-1.0	1.0	-1.0	-1.0	1.0		3.71							-1.0			4.19										-1.0			4.63	-0.01	-0.01	-0.01	-0.0	-0.0	0.02	4.18	-0.01	0.0	0.0	82.55					1	-0.01	-0.01	-1.13	-0.0	-0.0	-0.24	-1.13	0.0	0.0	33.35					0.01	0.01	0.85	0.0	0.0	0.25	0.85	-0.0	-0.0	-46.28					0.01	0.01	0.89	0.0	0.0	0.21	0.89	-0.0	-0.0	-46.28					-0.009999999999999787	-0.009999999999999787	0.7000000000000002	-0.002702702702702675	-0.0026990569691649835	0.18867924528301971	0.7000000000000002	0.002108826855330301	0.0020962260376793385	82.55048562858919				
2021-06-07 07:00:00	12000	3.78	3.71	3.71	3.71	3.44	CFV.MI	3.1	3.16	3.1	3.1	4.3	3.1	-1.0	-1.0	-1.0	-1	-1.0	-1.0	1.0	-1.0	-1.0	1.0									-1.0			4.19		3.1		3.1		3.1				-1.0			4.63	-0.0	-0.0	-0.01	-0.0	-0.0	0.02	4.18	-0.01	0.0	0.0	81.61					1	-0.0	-0.0	-1.13	-0.0	-0.0	-0.24	-1.13	0.0	0.0	44.65					0.0	0.0	0.85	0.0	0.0	0.25	0.85	-0.0	-0.0	-41.07					0.0	0.0	0.89	0.0	0.0	0.21	0.89	-0.0	-0.0	-41.07					-0.0	-0.0	0.7000000000000002	-0.0	-0.0	0.18867924528301971	0.7000000000000002	0.002054483511506733	0.0020420993126930576	81.61040090814033				
2021-06-08 07:00:00	20000	3.78	3.71	3.71	3.74	3.47	CFV.MI	3.1	3.16	3.1	3.13	4.23	3.1	-1.0	-1.0	-1.0	-1	-1.0	-1.0	1.0	-1.0	-1.0	1.0									-1.0			4.19										-1.0			4.63	-0.03	-0.03	-0.04	-0.01	-0.01	0.01	4.18	-0.04	0.0	0.0	71.42					1	-0.03	-0.03	-1.16	-0.01	-0.01	-0.25	-1.16	0.0	0.0	56.17					0.03	0.03	0.88	0.01	0.01	0.26	0.88	-0.0	-0.0	-30.48					0.03	0.03	0.92	0.01	0.01	0.22	0.92	-0.0	-0.0	-30.48					-0.03000000000000025	-0.03000000000000025	0.6699999999999999	-0.008086253369272267	-0.008053734807096825	0.17914438502673868	0.6699999999999999	0.0017431204954288107	0.0017311450899795133	71.42354209536529				
2021-06-09 07:00:00	13000	3.77	3.71	3.73	3.76	3.48	CFV.MI	3.13	3.16	3.11	3.15	4.23	3.1	-1.0	-1.0	-1.0	-1	-1.0	-1.0	1.0	-1.0	-1.0	1.0	3.77								-1.0			4.19	3.16									-1.0			4.63	-0.02	-0.02	-0.06	-0.01	-0.01	0.0	4.15	-0.06	0.0	0.0	62.59					1	-0.02	-0.02	-1.18	-0.01	-0.01	-0.25	-1.18	0.0	0.0	46.08					0.02	0.02	0.9	0.01	0.01	0.26	0.9	-0.0	-0.0	-21.2					0.02	0.02	0.94	0.01	0.01	0.22	0.94	-0.0	-0.0	-21.2					-0.019999999999999574	-0.019999999999999574	0.6500000000000004	-0.0053475935828875	-0.005333345975362382	0.172872340425533	0.6500000000000004	0.0014838007304060431	0.0014721597460036762	62.58669900995447				
2021-06-10 07:00:00	15000	3.72	3.68	3.72	3.7	3.43	CFV.MI	3.13	3.13	3.1	3.11	4.23	3.1	-1.0	-1.0	-1.0	-1	-1.0	-1.0	1.0	-1.0	-1.0	1.0		3.68							-1.0			4.19		3.1								-1.0			4.63	0.06	0.06	-0.0	0.02	0.02	0.02	4.14	-0.0	0.0	0.0	63.47					1	0.06	0.06	-1.12	0.02	0.02	-0.24	-1.12	0.0	0.0	55.21					-0.06	-0.06	0.84	-0.02	-0.02	0.24	0.84	-0.0	-0.0	-22.3					-0.06	-0.06	0.88	-0.02	-0.02	0.2	0.88	-0.0	-0.0	-22.3					0.05999999999999961	0.05999999999999961	0.71	0.015957446808510523	0.01608613775162427	0.19189189189189282	0.71	0.0015227843538088185	0.0015109864260858252	63.46947100321651				
2021-06-11 07:00:00	7000	3.75	3.7	3.7	3.75	3.47	CFV.MI	3.1	3.14	3.1	3.14	4.23	3.1	-1.0	-1.0	-1.0	-1	-1.0	-1.0	1.0	-1.0	-1.0	1.0									-1.0			4.19										-1.0			4.63	-0.05	-0.05	-0.05	-0.01	-0.01	0.01	4.14	-0.05	0.0	0.0	54.63					1	-0.05	-0.05	-1.17	-0.01	-0.01	-0.25	-1.17	0.0	0.0	41.44					0.05	0.05	0.89	0.01	0.01	0.26	0.89	-0.0	-0.0	-14.0					0.05	0.05	0.93	0.01	0.01	0.22	0.93	-0.0	-0.0	-14.0					-0.04999999999999982	-0.04999999999999982	0.6600000000000001	-0.013513513513513375	-0.01342302033214055	0.17600000000000104	0.6600000000000001	0.0013399420043580677	0.0013278514529824204	54.62792397515318				
2021-06-14 07:00:00	10000	3.77	3.71	3.72	3.71	3.44	CFV.MI	3.11	3.16	3.11	3.11	4.23	3.1	-1.0	-1.0	-1.0	-1	-1.0	-1.0	1.0	-1.0	-1.0	1.0									-1.0			4.19										-1.0			4.63	0.04	0.04	-0.01	0.01	0.01	0.02	4.1	-0.01	0.0	0.0	64.51					1	0.04	0.04	-1.13	0.01	0.01	-0.24	-1.13	0.0	0.0	47.08					-0.04	-0.04	0.85	-0.01	-0.01	0.25	0.85	-0.0	-0.0	-23.48					-0.04	-0.04	0.89	-0.01	-0.01	0.21	0.89	-0.0	-0.0	-23.48					0.040000000000000036	0.040000000000000036	0.7000000000000002	0.010666666666666713	0.010723963362975724	0.18867924528301994	0.7000000000000002	0.0015612923027474447	0.0015493721004835592	64.51116669382787				
2021-06-15 07:00:00	14000	3.78	3.7	3.7	3.71	3.44	CFV.MI	3.1	3.17	3.1	3.11	4.23	3.1	-1.0	-1.0	-1.0	-1	-1.0	-1.0	1.0	-1.0	-1.0	1.0									-1.0			4.19										-1.0			4.63	-0.0	-0.0	-0.01	-0.0	-0.0	0.02	4.1	-0.01	0.0	0.0	62.62					1	-0.0	-0.0	-1.13	-0.0	-0.0	-0.24	-1.13	0.0	0.0	47.08					0.0	0.0	0.85	0.0	0.0	0.25	0.85	-0.0	-0.0	-16.98					0.0	0.0	0.89	0.0	0.0	0.21	0.89	-0.0	-0.0	-16.98					-0.0	-0.0	0.7000000000000002	-0.0	-0.0	0.18867924528301994	0.7000000000000002	0.001477205368774955	0.0014656241311334917	62.62134855217312				
2021-06-16 07:00:00	8000	3.78	3.78	3.78	3.78	3.5	CFV.MI	3.16	3.16	3.16	3.16	4.2	3.1	-1.0	-1.0	-1.0	-1	-1.0	-1.0	1.0	-1.0	-1.0	1.0	3.78								-1.0			4.19										-1.0			4.63	-0.07	-0.07	-0.08	-0.02	-0.02	-0.0	4.1	-0.08	0.0	0.0	61.22					1	-0.07	-0.07	-1.2	-0.02	-0.02	-0.26	-1.2	0.0	0.0	31.81					0.07	0.07	0.92	0.02	0.02	0.27	0.92	-0.0	-0.0	-15.84					0.07	0.07	0.96	0.02	0.02	0.23	0.96	-0.0	-0.0	-15.84					-0.06999999999999984	-0.06999999999999984	0.6300000000000003	-0.018867924528301883	-0.018692133012152546	0.16666666666666763	0.6300000000000003	0.0014590009165246557	0.0014473140801725126	61.21706839102461				
2021-06-17 07:00:00	2000	3.77	3.77	3.77	3.77	3.49	CFV.MI	3.16	3.16	3.16	3.16	4.2	3.1	-1.0	-1.0	-1.0	-1	-1.0	-1.0	1.0	-1.0	-1.0	1.0		3.77							-1.0			4.19										-1.0			4.63	0.01	0.01	-0.07	0.0	0.0	0.0	4.1	-0.07	0.0	0.0	60.28					1	0.01	0.01	-1.19	0.0	0.0	-0.26	-1.19	0.0	0.0	33.16					-0.01	-0.01	0.91	-0.0	-0.0	0.27	0.91	-0.0	-0.0	-14.65					-0.01	-0.01	0.95	-0.0	-0.0	0.23	0.95	-0.0	-0.0	-14.65					0.009999999999999787	0.009999999999999787	0.6400000000000001	0.002645502645502562	0.0026490081715768417	0.16976127320955015	0.6400000000000001	0.0014187054754051514	0.0014071800836805703	60.27622975561964				
2021-06-18 07:00:00	2000	3.79	3.77	3.79	3.77	3.49	CFV.MI	3.24	3.24	3.22	3.22	4.11	3.1	-1.0	-1.0	-1.0	-1	-1.0	-1.0	1.0	-1.0	-1.0	1.0	3.79								-1.0			4.19	3.24									-1.0			4.63	-0.0	-0.0	-0.07	-0.0	-0.0	0.0	4.05	-0.07	0.0	0.0	56.38					1	-0.0	-0.0	-1.19	-0.0	-0.0	-0.26	-1.19	0.0	0.0	33.16					0.0	0.0	0.91	0.0	0.0	0.27	0.91	-0.0	-0.0	-5.47					0.0	0.0	0.95	0.0	0.0	0.23	0.95	-0.0	-0.0	-5.47					-0.0	-0.0	0.6400000000000001	-0.0	-0.0	0.16976127320955015	0.6400000000000001	0.0012621220995209382	0.0012512134506659223	56.3836314421593				
2021-06-21 07:00:00	3000	3.77	3.74	3.74	3.74	3.47	CFV.MI	3.18	3.2	3.18	3.18	4.1	3.1	-1.0	-1.0	-1.0	-1	-1.0	-1.0	1.0	-1.0	-1.0	1.0									-1.0			4.19										-1.0			4.63	0.03	0.03	-0.04	0.01	0.01	0.01	4.05	-0.04	0.0	0.0	62.59					1	0.03	0.03	-1.16	0.01	0.01	-0.25	-1.16	0.0	0.0	37.1					-0.03	-0.03	0.88	-0.01	-0.01	0.26	0.88	-0.0	-0.0	-11.88					-0.03	-0.03	0.92	-0.01	-0.01	0.22	0.92	-0.0	-0.0	-11.88					0.029999999999999805	0.029999999999999805	0.6699999999999999	0.007957559681697535	0.00798939003347875	0.1791443850267389	0.6699999999999999	0.0014148011495159043	0.0014038515848100452	62.59202955300479				
2021-06-22 07:00:00	5000	3.73	3.71	3.73	3.71	3.44	CFV.MI	3.18	3.18	3.16	3.16	4.1	3.1	-1.0	-1.0	-1.0	-1	-1.0	-1.0	1.0	-1.0	-1.0	1.0									-1.0			4.19		3.16								-1.0			4.63	0.03	0.03	-0.01	0.01	0.01	0.02	4.03	-0.01	0.0	0.0	58.49					1	0.03	0.03	-1.13	0.01	0.01	-0.24	-1.13	0.0	0.0	40.85					-0.03	-0.03	0.85	-0.01	-0.01	0.25	0.85	-0.0	-0.0	-6.54					-0.03	-0.03	0.89	-0.01	-0.01	0.21	0.89	-0.0	-0.0	-6.54					0.03000000000000025	0.03000000000000025	0.7000000000000002	0.008021390374331583	0.008053734807096827	0.18867924528301994	0.7000000000000002	0.0012546658676952475	0.001244318293464941	58.48884199136032				
2021-06-23 07:00:00	3000	3.75	3.69	3.7	3.69	3.42	CFV.MI	3.18	3.23	3.17	3.17	4.1	3.1	-1.0	-1.0	-1.0	-1	-1.0	-1.0	1.0	-1.0	-1.0	1.0		3.69							-1.0			4.19										-1.0			4.63	0.02	0.02	0.01	0.01	0.01	0.02	3.99	0.01	0.0	0.0	59.36					1	0.02	0.02	-1.11	0.01	0.01	-0.24	-1.11	0.0	0.0	43.25					-0.02	-0.02	0.83	-0.01	-0.01	0.24	0.83	-0.0	-0.0	-11.98					-0.02	-0.02	0.87	-0.01	-0.01	0.2	0.87	-0.0	-0.0	-11.98					0.020000000000000018	0.020000000000000018	0.7200000000000002	0.005390835579514808	0.005405418566907935	0.19512195121951303	0.7200000000000002	0.001287098379096695	0.0012766302510114347	59.35508041758993				
2021-06-24 07:00:00	10000	3.8	3.76	3.76	3.8	3.52	CFV.MI	3.19	3.22	3.19	3.22	4.1	3.1	-1.0	-1.0	-1.0	-1	-1.0	-1.0	1.0	-1.0	-1.0	1.0									-1.0			4.19										-1.0			4.63	-0.11	-0.11	-0.1	-0.03	-0.03	-0.01	3.88	-0.1	0.0	0.0	51.22					1	-0.11	-0.11	-1.22	-0.03	-0.03	-0.26	-1.22	0.0	0.0	25.25					0.11	0.11	0.94	0.03	0.03	0.28	0.94	-0.0	-0.0	-5.33					0.11	0.11	0.98	0.03	0.03	0.24	0.98	-0.0	-0.0	-5.33					-0.10999999999999988	-0.10999999999999988	0.6100000000000003	-0.02981029810298108	-0.029374608679904317	0.16052631578947452	0.6100000000000003	0.0011796882221079175	0.001168607939876054	51.21605661530788				
2021-06-25 07:00:00	2000	3.8	3.8	3.8	3.8	3.52	CFV.MI	3.21	3.21	3.21	3.21	4.1	3.1	-1.0	-1.0	-1.0	-1	-1.0	-1.0	1.0	-1.0	-1.0	1.0									-1.0			4.19										-1.0			4.63	-0.0	-0.0	-0.1	-0.0	-0.0	-0.01	3.88	-0.1	0.0	0.0	64.63					1	-0.0	-0.0	-1.22	-0.0	-0.0	-0.26	-1.22	0.0	0.0	25.25					0.0	0.0	0.94	0.0	0.0	0.28	0.94	-0.0	-0.0	-12.75					0.0	0.0	0.98	0.0	0.0	0.24	0.98	-0.0	-0.0	-12.75					-0.0	-0.0	0.6100000000000003	-0.0	-0.0	0.16052631578947452	0.6100000000000003	0.0013919121442222133	0.0013816003728579496	64.6266953119558				
2021-06-28 07:00:00	0	3.8	3.8	3.8	3.8	3.52	CFV.MI	3.25	3.25	3.25	3.25	4.1	3.1	-1.0	-1.0	-1.0	-1	-1.0	-1.0	1.0	-1.0	-1.0	1.0									-1.0			4.19										-1.0			4.63	-0.0	-0.0	-0.1	-0.0	-0.0	-0.01	3.88	-0.1	0.0	0.0	69.78					1	-0.0	-0.0	-1.22	-0.0	-0.0	-0.26	-1.22	0.0	0.0	25.25					0.0	0.0	0.94	0.0	0.0	0.28	0.94	-0.0	-0.0	-13.4					0.0	0.0	0.98	0.0	0.0	0.24	0.98	-0.0	-0.0	-13.4					-0.0	-0.0	0.6100000000000003	-0.0	-0.0	0.16052631578947452	0.6100000000000003	0.0014943001788051604	0.001484141417184226	69.77799889101738				
2021-06-29 07:00:00	9000	3.83	3.82	3.83	3.83	3.55	CFV.MI	3.26	3.26	3.25	3.26	4.1	3.1	-1.0	-1.0	1.0	0	-1.0	-1.0	1.0	-1.0	-1.0	1.0	3.83		3.83						-1.0			4.19	3.26		3.26							-1.0			4.63	-0.03	-0.03	-0.13	-0.01	-0.01	-0.01	3.83	-0.13	0.0	0.0	61.3					1	-0.03	-0.03	-1.25	-0.01	-0.01	-0.27	-1.25	0.0	0.0	16.48					0.03	0.03	0.97	0.01	0.01	0.29	0.97	-0.0	-0.0	-4.97					0.03	0.03	1.01	0.01	0.01	0.25	1.01	-0.0	-0.0	-4.97					-0.03000000000000025	-0.03000000000000025	0.5800000000000001	-0.007894736842105399	-0.007863736460214672	0.15143603133159345	0.5800000000000001	0.00131096298569464	0.0013007472924873031	61.304679529445266				
2021-06-30 07:00:00	11000	3.8	3.7	3.77	3.8	3.52	CFV.MI	3.24	3.26	3.18	3.26	4.1	3.1	-1.0	-1.0	1.0	0	-1.0	-1.0	1.0	-1.0	-1.0	1.0		3.7							-1.0			4.19		3.18								-1.0			4.63	0.03	0.03	-0.1	0.01	0.01	-0.01	3.83	-0.1	0.0	0.0	69.31					1	-0.0	-0.0	-1.25	-0.0	-0.0	-0.27	-1.25	0.0	0.0	16.48					-0.03	-0.03	0.94	-0.01	-0.01	0.28	0.94	-0.0	-0.0	-12.88					-0.03	-0.03	0.98	-0.01	-0.01	0.24	0.98	-0.0	-0.0	-12.88					0.03000000000000025	0.03000000000000025	0.6100000000000003	0.007832898172323799	0.007863736460214576	0.16052631578947452	0.6100000000000003	0.0014803639321866895	0.001470236501615263	69.31370576806236				
2021-07-01 07:00:00	0	3.8	3.8	3.8	3.8	3.52	CFV.MI	3.24	3.24	3.24	3.24	4.1	3.1	-1.0	-1.0	1.0	0	-1.0	-1.0	1.0	-1.0	-1.0	1.0	3.8								-1.0			4.19	3.24									-1.0			4.63	-0.0	-0.0	-0.1	-0.0	-0.0	-0.01	3.83	-0.1	0.0	0.0	69.31					1	0.0	0.0	-1.25	0.0	0.0	-0.27	-1.25	0.0	0.0	16.48					0.0	0.0	0.94	0.0	0.0	0.28	0.94	-0.0	-0.0	-12.88					0.0	0.0	0.98	0.0	0.0	0.24	0.98	-0.0	-0.0	-12.88					-0.0	-0.0	0.6100000000000003	-0.0	-0.0	0.16052631578947452	0.6100000000000003	0.0014803639321866895	0.001470236501615263	69.31370576806236				
2021-07-02 07:00:00	25000	3.79	3.69	3.74	3.72	3.45	CFV.MI	3.19	3.23	3.15	3.17	4.1	3.1	-1.0	-1.0	1.0	0	-1.0	-1.0	1.0	-1.0	-1.0	1.0									-1.0			4.19										-1.0			4.63	0.08	0.08	-0.02	0.02	0.02	0.01	3.83	-0.02	0.0	0.0	71.01					1	-0.0	-0.0	-1.25	-0.0	-0.0	-0.27	-1.25	0.0	0.0	16.48					-0.08	-0.08	0.86	-0.02	-0.02	0.25	0.86	-0.0	-0.0	-15.16					-0.08	-0.08	0.9	-0.02	-0.02	0.21	0.9	-0.0	-0.0	-15.16					0.07999999999999963	0.07999999999999963	0.69	0.021052631578947323	0.02127739844728485	0.18548387096774266	0.69	0.001551349651155027	0.0015409711102438717	71.0125300290707				
2021-07-05 07:00:00	6000	3.7	3.68	3.7	3.7	3.43	CFV.MI	3.14	3.14	3.12	3.14	4.1	3.1	-1.0	-1.0	1.0	-1	-1.0	-1.0	1.0	-1.0	-1.0	1.0		3.68							-1.0			4.19		3.12		3.12						-1.0			4.63	0.02	0.02	-0.0	0.01	0.01	0.02	3.83	-0.0	0.0	0.0	81.33					1	-0.0	-0.0	-1.25	-0.0	-0.0	-0.27	-1.25	0.0	0.0	16.48					-0.02	-0.02	0.84	-0.01	-0.01	0.24	0.84	-0.0	-0.0	-24.65					-0.02	-0.02	0.88	-0.01	-0.01	0.2	0.88	-0.0	-0.0	-24.65					0.020000000000000018	0.020000000000000018	0.71	0.005376344086021501	0.005390848634876423	0.1918918918918926	0.71	0.0017335900418122936	0.0017235251663914042	81.3295821167025				
2021-07-06 07:00:00	3000	3.72	3.7	3.72	3.7	3.43	CFV.MI	3.18	3.18	3.16	3.16	4.1	3.1	-1.0	-1.0	1.0	-1	-1.0	-1.0	1.0	-1.0	-1.0	1.0									-1.0			4.19										-1.0			4.63	-0.0	-0.0	-0.0	-0.0	-0.0	0.02	3.83	-0.0	0.0	0.0	101.55					1	-0.0	-0.0	-1.25	-0.0	-0.0	-0.27	-1.25	0.0	0.0	16.48					0.0	0.0	0.84	0.0	0.0	0.24	0.84	-0.0	-0.0	-37.04					0.0	0.0	0.88	0.0	0.0	0.2	0.88	-0.0	-0.0	-37.04					-0.0	-0.0	0.71	-0.0	-0.0	0.1918918918918926	0.71	0.0019640106862890867	0.0019548648651166456	101.54999126448233				
2021-07-07 07:00:00	30000	3.85	3.75	3.76	3.75	3.47	CFV.MI	3.21	3.28	3.2	3.2	4.1	3.1	-1.0	-1.0	1.0	0	-1.0	-1.0	1.0	-1.0	-1.0	1.0	3.85								-1.0			4.19										-1.0			4.63	-0.05	-0.05	-0.05	-0.01	-0.01	0.01	3.85	-0.05	0.0	0.0	108.35					1	-0.05	-0.05	-1.3	-0.01	-0.01	-0.28	-1.3	0.0	0.0	6.05					0.05	0.05	0.89	0.01	0.01	0.26	0.89	-0.0	-0.0	-42.36					0.05	0.05	0.93	0.01	0.01	0.22	0.93	-0.0	-0.0	-42.36					-0.04999999999999982	-0.04999999999999982	0.6600000000000001	-0.013513513513513375	-0.01342302033214055	0.17600000000000082	0.6600000000000001	0.0020154632525409494	0.0020066091365800176	108.3517640315613				
2021-07-08 07:00:00	13000	3.74	3.67	3.74	3.73	3.46	CFV.MI	3.27	3.27	3.21	3.26	3.93	3.1	-1.0	-1.0	1.0	-1	-1.0	-1.0	1.0	-1.0	-1.0	1.0		3.67		3.67					-1.0			4.19	3.27									-1.0			4.63	0.02	0.02	-0.03	0.01	0.01	0.01	3.85	-0.03	0.0	0.0	103.8					1	-0.0	-0.0	-1.3	-0.0	-0.0	-0.28	-1.3	0.0	0.0	25.42					-0.02	-0.02	0.87	-0.01	-0.01	0.25	0.87	-0.0	-0.0	-36.03					-0.02	-0.02	0.91	-0.01	-0.01	0.21	0.91	-0.0	-0.0	-36.03					0.020000000000000018	0.020000000000000018	0.6800000000000002	0.005333333333333301	0.005347606326595242	0.18230563002681044	0.6800000000000002	0.0018120736352462423	0.0018038485025189122	103.79506235017632				
2021-07-09 07:00:00	15000	3.8	3.7	3.74	3.7	3.43	CFV.MI	3.22	3.27	3.19	3.19	3.87	3.1	-1.0	-1.0	1.0	-1	-1.0	-1.0	1.0	-1.0	-1.0	1.0									-1.0			4.19		3.19								-1.0			4.63	0.03	0.03	-0.0	0.01	0.01	0.02	3.85	-0.0	0.0	0.0	99.25					1	0.03	0.03	-1.27	0.01	0.01	-0.27	-1.27	0.0	0.0	51.12					-0.03	-0.03	0.84	-0.01	-0.01	0.24	0.84	-0.0	-0.0	-29.72					-0.03	-0.03	0.88	-0.01	-0.01	0.2	0.88	-0.0	-0.0	-29.72					0.029999999999999805	0.029999999999999805	0.71	0.008042895442359144	0.008075414005545307	0.1918918918918926	0.71	0.0016326842551721882	0.0016249947243605067	99.25054125136221				
2021-07-12 07:00:00	37000	3.84	3.67	3.67	3.8	3.52	CFV.MI	3.13	3.28	3.13	3.24	3.87	3.1	-1.0	-1.0	1.0	-1	-1.0	-1.0	1.0	-1.0	-1.0	1.0									-1.0			4.19										-1.0			4.63	-0.1	-0.1	-0.1	-0.03	-0.03	-0.01	3.85	-0.1	0.0	0.0	78.53					1	-0.1	-0.1	-1.37	-0.03	-0.03	-0.29	-1.37	0.0	0.0	47.8					0.1	0.1	0.94	0.03	0.03	0.28	0.94	-0.0	-0.0	-10.3					0.1	0.1	0.98	0.03	0.03	0.24	0.98	-0.0	-0.0	-10.3					-0.09999999999999964	-0.09999999999999964	0.6100000000000003	-0.027027027027026973	-0.026668247082161273	0.16052631578947452	0.6100000000000003	0.0013275506596206348	0.0013196380763553783	78.53026975233166				
2021-07-13 07:00:00	69000	3.98	3.77	3.84	3.92	3.63	CFV.MI	3.29	3.41	3.23	3.36	3.87	3.1	-1.0	-1.0	1.0	0	-1.0	-1.0	1.0	-1.0	-1.0	1.0									-1.0			4.19										-1.0			4.63	-0.12	-0.12	-0.22	-0.03	-0.03	-0.04	3.98	-0.22	0.0	0.0	71.01					1	-0.12	-0.12	-1.49	-0.03	-0.03	-0.31	-1.49	0.0	0.0	39.37					0.12	0.12	1.06	0.03	0.03	0.32	1.06	-0.0	-0.0	-4.45					0.12	0.12	1.1	0.03	0.03	0.28	1.1	-0.0	-0.0	-4.45					-0.1200000000000001	-0.1200000000000001	0.4900000000000002	-0.03157894736842115	-0.03109058707003118	0.12500000000000067	0.4900000000000002	0.001258478811456181	0.0012502027603298327	71.01274159870795				
2021-07-14 07:00:00	12000	3.97	3.87	3.97	3.87	3.59	CFV.MI	3.4	3.4	3.31	3.31	3.87	3.1	-1.0	-1.0	1.0	0	-1.0	-1.0	1.0	-1.0	-1.0	1.0	3.97		3.97		3.97				-1.0			3.97										-1.0			4.63	0.05	0.05	-0.17	0.01	0.01	-0.02	3.98	-0.17	0.0	0.0	72.04					1	-0.0	-0.0	-1.49	-0.0	-0.0	-0.31	-1.49	0.0	0.0	36.14					-0.05	-0.05	1.01	-0.01	-0.01	0.3	1.01	-0.0	-0.0	-5.87					-0.05	-0.05	1.05	-0.01	-0.01	0.26	1.05	-0.0	-0.0	-5.87					0.04999999999999982	0.04999999999999982	0.54	0.012755102040816313	0.012837146760680719	0.13953488372093092	0.54	0.0012925124715771057	0.0012841301633310653	72.04379822130174				
2021-07-15 07:00:00	6000	3.87	3.85	3.87	3.85	3.57	CFV.MI	3.36	3.36	3.34	3.34	3.87	3.1	-1.0	-1.0	1.0	0	-1.0	-1.0	1.0	-1.0	-1.0	1.0									-1.0			3.97										-1.0			4.63	0.02	0.02	-0.15	0.01	0.01	-0.02	3.98	-0.15	0.0	0.0	82.69					1	-0.0	-0.0	-1.49	-0.0	-0.0	-0.31	-1.49	0.0	0.0	47.79					-0.02	-0.02	0.99	-0.01	-0.01	0.29	0.99	-0.0	-0.0	-15.79					-0.02	-0.02	1.03	-0.01	-0.01	0.25	1.03	-0.0	-0.0	-15.79					0.020000000000000018	0.020000000000000018	0.56	0.0051679586563307955	0.005181358741997629	0.14545454545454617	0.56	0.0014549712309854428	0.0014468262329299098	82.68538002043627				
2021-07-16 07:00:00	5000	3.87	3.8	3.82	3.87	3.59	CFV.MI	3.32	3.37	3.31	3.37	3.87	3.1	-1.0	-1.0	1.0	0	-1.0	-1.0	1.0	-1.0	-1.0	1.0									-1.0			3.97										-1.0			4.63	-0.02	-0.02	-0.17	-0.01	-0.01	-0.02	3.98	-0.17	0.0	0.0	72.99					1	0.0	0.0	-1.49	0.0	0.0	-0.31	-1.49	0.0	0.0	41.01					0.02	0.02	1.01	0.01	0.01	0.3	1.01	-0.0	-0.0	-5.49					0.02	0.02	1.05	0.01	0.01	0.26	1.05	-0.0	-0.0	-5.49					-0.020000000000000018	-0.020000000000000018	0.54	-0.0051948051948051965	-0.0051813587419975845	0.13953488372093092	0.54	0.0012581539862965606	0.0012501014559980206	72.9876708330831				
2021-07-19 07:00:00	25000	3.87	3.76	3.8	3.77	3.49	CFV.MI	3.42	3.48	3.38	3.39	3.82	3.1	-1.0	-1.0	1.0	0	-1.0	-1.0	1.0	-1.0	-1.0	1.0									-1.0			3.97	3.48		3.48		3.48					-1.0			4.63	0.1	0.1	-0.07	0.03	0.03	0.0	3.98	-0.07	0.0	0.0	86.66					1	-0.0	-0.0	-1.49	-0.0	-0.0	-0.31	-1.49	0.0	0.0	52.19					-0.1	-0.1	0.91	-0.03	-0.03	0.27	0.91	-0.0	-0.0	-20.1					-0.1	-0.1	0.95	-0.03	-0.03	0.23	0.95	-0.0	-0.0	-20.1					0.10000000000000009	0.10000000000000009	0.6400000000000001	0.025839793281653756	0.026179505581771054	0.1697612732095497	0.6400000000000001	0.0015445482264469124	0.0015362758173962376	86.65935347111319				
2021-07-20 07:00:00	0	3.77	3.77	3.77	3.77	3.49	CFV.MI	3.37	3.37	3.37	3.37	3.82	3.1	-1.0	-1.0	1.0	0	-1.0	-1.0	1.0	-1.0	-1.0	1.0		3.77							-1.0			3.97										-1.0			4.63	-0.0	-0.0	-0.07	-0.0	-0.0	0.0	3.98	-0.07	0.0	0.0	85.81					1	0.0	0.0	-1.49	0.0	0.0	-0.31	-1.49	0.0	0.0	49.83					0.0	0.0	0.91	0.0	0.0	0.27	0.91	-0.0	-0.0	-14.13					0.0	0.0	0.95	0.0	0.0	0.23	0.95	-0.0	-0.0	-14.13					-0.0	-0.0	0.6400000000000001	-0.0	-0.0	0.1697612732095497	0.6400000000000001	0.0015128649934238335	0.001504688775399332	85.8061356919977				
2021-07-21 07:00:00	6000	3.88	3.77	3.77	3.88	3.59	CFV.MI	3.3	3.39	3.3	3.39	3.82	3.1	-1.0	-1.0	1.0	0	-1.0	-1.0	1.0	-1.0	-1.0	1.0	3.88								-1.0			3.97										-1.0			4.63	-0.11	-0.11	-0.18	-0.03	-0.03	-0.03	3.98	-0.18	0.0	0.0	69.82					1	0.0	0.0	-1.49	0.0	0.0	-0.31	-1.49	0.0	0.0	49.83					0.11	0.11	1.02	0.03	0.03	0.3	1.02	-0.0	-0.0	-5.41					0.11	0.11	1.06	0.03	0.03	0.26	1.06	-0.0	-0.0	-5.41					-0.10999999999999988	-0.10999999999999988	0.5300000000000002	-0.02917771883289122	-0.028760152175262652	0.13659793814433052	0.5300000000000002	0.0013222089931660423	0.0013133613786657783	69.8158267933075				
2021-07-22 07:00:00	4000	3.88	3.8	3.88	3.8	3.52	CFV.MI	3.37	3.37	3.3	3.3	3.82	3.1	-1.0	-1.0	1.0	0	-1.0	-1.0	1.0	-1.0	-1.0	1.0		3.8							-1.0			3.97										-1.0			4.63	0.08	0.08	-0.1	0.02	0.02	-0.01	3.98	-0.1	0.0	0.0	73.38					1	-0.0	-0.0	-1.49	-0.0	-0.0	-0.31	-1.49	0.0	0.0	49.83					-0.08	-0.08	0.94	-0.02	-0.02	0.28	0.94	-0.0	-0.0	-14.83					-0.08	-0.08	0.98	-0.02	-0.02	0.24	0.98	-0.0	-0.0	-14.83					0.08000000000000007	0.08000000000000007	0.6100000000000003	0.020618556701030966	0.020834086902842025	0.16052631578947452	0.6100000000000003	0.0014534637406539471	0.0014441887760887617	73.38301343847887				
2021-07-23 07:00:00	4000	3.88	3.84	3.84	3.88	3.59	CFV.MI	3.3	3.33	3.3	3.33	3.82	3.1	-1.0	-1.0	1.0	0	-1.0	-1.0	1.0	-1.0	-1.0	1.0	3.88								-1.0			3.97										-1.0			4.63	-0.08	-0.08	-0.18	-0.02	-0.02	-0.03	3.98	-0.18	0.0	0.0	60.95					1	0.0	0.0	-1.49	0.0	0.0	-0.31	-1.49	0.0	0.0	47.37					0.08	0.08	1.02	0.02	0.02	0.3	1.02	-0.0	-0.0	-3.6					0.08	0.08	1.06	0.02	0.02	0.26	1.06	-0.0	-0.0	-3.6					-0.08000000000000007	-0.08000000000000007	0.5300000000000002	-0.021052631578947434	-0.020834086902842053	0.13659793814433052	0.5300000000000002	0.001254245514537311	0.0012445337574926718	60.94681974325147				
2021-07-26 07:00:00	5000	3.84	3.76	3.84	3.78	3.5	CFV.MI	3.27	3.27	3.21	3.22	3.82	3.1	-1.0	-1.0	1.0	0	-1.0	-1.0	1.0	-1.0	-1.0	1.0		3.76							-1.0			3.97		3.21								-1.0			4.63	0.1	0.1	-0.08	0.03	0.03	-0.0	3.98	-0.08	0.0	0.0	74.56					1	-0.0	-0.0	-1.49	-0.0	-0.0	-0.31	-1.49	0.0	0.0	61.79					-0.1	-0.1	0.92	-0.03	-0.03	0.27	0.92	-0.0	-0.0	-17.61					-0.1	-0.1	0.96	-0.03	-0.03	0.23	0.96	-0.0	-0.0	-17.61					0.10000000000000009	0.10000000000000009	0.6300000000000003	0.02577319587628868	0.026111144003685773	0.1666666666666674	0.6300000000000003	0.0015644859832072296	0.0015546391423562067	74.55550679262068				
2021-07-27 07:00:00	5000	3.84	3.8	3.8	3.84	3.56	CFV.MI	3.27	3.3	3.27	3.3	3.74	3.1	-1.0	-1.0	1.0	0	-1.0	-1.0	1.0	-1.0	-1.0	1.0	3.84								-1.0			3.97	3.3									-1.0			4.63	-0.06	-0.06	-0.14	-0.02	-0.02	-0.02	3.98	-0.14	0.0	0.0	61.3					1	0.0	0.0	-1.49	0.0	0.0	-0.31	-1.49	0.0	0.0	49.83					0.06	0.06	0.98	0.02	0.02	0.29	0.98	-0.0	-0.0	-4.22					0.06	0.06	1.02	0.02	0.02	0.25	1.02	-0.0	-0.0	-4.22					-0.06000000000000005	-0.06000000000000005	0.5700000000000003	-0.015873015873015817	-0.015748356968139112	0.14843750000000067	0.5700000000000003	0.0012740882148175564	0.0012642769152158007	61.29577676442938				
2021-07-28 07:00:00	32000	3.92	3.79	3.85	3.79	3.51	CFV.MI	3.29	3.35	3.24	3.24	3.74	3.1	-1.0	-1.0	1.0	0	-1.0	-1.0	1.0	-1.0	-1.0	1.0									-1.0			3.97										-1.0			4.63	0.05	0.05	-0.09	0.01	0.01	-0.0	3.98	-0.09	0.0	0.0	72.86					1	-0.0	-0.0	-1.49	-0.0	-0.0	-0.31	-1.49	0.0	0.0	65.63					-0.05	-0.05	0.93	-0.01	-0.01	0.27	0.93	-0.0	-0.0	-15.48					-0.05	-0.05	0.97	-0.01	-0.01	0.23	0.97	-0.0	-0.0	-15.48					0.04999999999999982	0.04999999999999982	0.6200000000000001	0.01302083333333326	0.013106347505300434	0.16358839050132	0.6200000000000001	0.001503274245615952	0.001493607584450496	72.8636608029197				
2021-07-29 07:00:00	26000	3.88	3.74	3.87	3.75	3.47	CFV.MI	3.27	3.28	3.16	3.17	3.74	3.1	-1.0	-1.0	1.0	0	-1.0	-1.0	1.0	-1.0	-1.0	1.0									-1.0			3.97										-1.0			4.63	0.04	0.04	-0.05	0.01	0.01	0.01	3.98	-0.05	0.0	0.0	79.74					1	-0.0	-0.0	-1.49	-0.0	-0.0	-0.31	-1.49	0.0	0.0	74.34					-0.04	-0.04	0.89	-0.01	-0.01	0.26	0.89	-0.0	-0.0	-22.75					-0.04	-0.04	0.93	-0.01	-0.01	0.22	0.93	-0.0	-0.0	-22.75					0.040000000000000036	0.040000000000000036	0.6600000000000001	0.01055408970976257	0.010610179112015571	0.17600000000000082	0.6600000000000001	0.001671147032950278	0.0016614211159158288	79.73989505140568				
2021-07-30 07:00:00	16000	3.78	3.7	3.78	3.7	3.43	CFV.MI	3.21	3.21	3.15	3.15	3.72	3.1	-1.0	-1.0	1.0	0	-1.0	-1.0	1.0	-1.0	-1.0	1.0									-1.0			3.97										-1.0			4.63	0.05	0.05	-0.0	0.01	0.01	0.02	3.98	-0.0	0.0	0.0	95.47					1	-0.0	-0.0	-1.49	-0.0	-0.0	-0.31	-1.49	0.0	0.0	98.38					-0.05	-0.05	0.84	-0.01	-0.01	0.24	0.84	-0.0	-0.0	-37.26					-0.05	-0.05	0.88	-0.01	-0.01	0.2	0.88	-0.0	-0.0	-37.26					0.04999999999999982	0.04999999999999982	0.71	0.013333333333333308	0.013423020332140661	0.1918918918918926	0.71	0.001935648310134438	0.0019262742657959464	95.46817156926552				
2021-08-02 07:00:00	16000	3.69	3.66	3.68	3.69	3.42	CFV.MI	3.13	3.14	3.11	3.14	3.71	3.1	-1.0	-1.0	-1.0	-1	-1.0	-1.0	1.0	-1.0	-1.0	1.0		3.66		3.66					-1.0			3.97		3.11								-1.0			4.63	0.01	0.01	0.01	0.0	0.0	0.02	3.98	0.01	0.0	0.0	93.15					1	-0.0	-0.0	-1.49	-0.0	-0.0	-0.31	-1.49	0.0	0.0	87.1					-0.01	-0.01	0.83	-0.0	-0.0	0.24	0.83	-0.0	-0.0	-34.08					-0.01	-0.01	0.87	-0.0	-0.0	0.2	0.87	-0.0	-0.0	-34.08					0.010000000000000231	0.010000000000000231	0.7200000000000002	0.002702702702702786	0.0027063615977430252	0.19512195121951303	0.7200000000000002	0.0018267149843970956	0.001817683158311434	93.14854674690159				
2021-08-03 07:00:00	15000	3.77	3.7	3.74	3.7	3.43	CFV.MI	3.18	3.21	3.15	3.15	3.71	3.1	-1.0	-1.0	-1.0	-1	-1.0	-1.0	1.0	-1.0	-1.0	1.0									-1.0			3.97	3.21									-1.0			4.63	-0.01	-0.01	-0.0	-0.0	-0.0	0.02	3.98	-0.0	0.0	0.0	87.15					1	-0.01	-0.01	-1.5	-0.0	-0.0	-0.31	-1.5	0.0	0.0	75.71					0.01	0.01	0.84	0.0	0.0	0.24	0.84	-0.0	-0.0	-28.17					0.01	0.01	0.88	0.0	0.0	0.2	0.88	-0.0	-0.0	-28.17					-0.010000000000000231	-0.010000000000000231	0.71	-0.0027100271002711285	-0.0027063615977430673	0.1918918918918926	0.71	0.0017121190987712505	0.001702967118067944	87.14670024730984				
2021-08-04 07:00:00	3000	3.76	3.71	3.71	3.76	3.48	CFV.MI	3.14	3.18	3.14	3.18	3.71	3.1	-1.0	-1.0	-1.0	-1	-1.0	-1.0	1.0	-1.0	-1.0	1.0									-1.0			3.97										-1.0			4.63	-0.06	-0.06	-0.06	-0.02	-0.02	0.0	3.98	-0.06	0.0	0.0	75.74					1	-0.06	-0.06	-1.56	-0.02	-0.02	-0.32	-1.56	0.0	0.0	53.54					0.06	0.06	0.9	0.02	0.02	0.26	0.9	-0.0	-0.0	-17.75					0.06	0.06	0.94	0.02	0.02	0.22	0.94	-0.0	-0.0	-17.75					-0.05999999999999961	-0.05999999999999961	0.6500000000000004	-0.01621621621621605	-0.016086137751624225	0.1728723404255328	0.6500000000000004	0.0015323557626864327	0.0015228627118608618	75.7358906183638				
2021-08-05 07:00:00	7000	3.78	3.72	3.78	3.72	3.45	CFV.MI	3.18	3.18	3.13	3.13	3.71	3.1	-1.0	-1.0	-1.0	-1	-1.0	-1.0	1.0	-1.0	-1.0	1.0									-1.0			3.97										-1.0			4.63	0.04	0.04	-0.02	0.01	0.01	0.01	3.98	-0.02	0.0	0.0	77.37					1	0.04	0.04	-1.52	0.01	0.01	-0.32	-1.52	0.0	0.0	60.86					-0.04	-0.04	0.86	-0.01	-0.01	0.25	0.86	-0.0	-0.0	-24.37					-0.04	-0.04	0.9	-0.01	-0.01	0.21	0.9	-0.0	-0.0	-24.37					0.03999999999999959	0.03999999999999959	0.69	0.010638297872340274	0.010695289116747806	0.18548387096774266	0.69	0.001599736084121943	0.0015900171699105847	77.36755183435496				
2021-08-06 07:00:00	17000	3.84	3.74	3.74	3.8	3.52	CFV.MI	3.1	3.19	3.1	3.15	3.71	3.1	-1.0	-1.0	-1.0	-1	-1.0	-1.0	1.0	-1.0	-1.0	1.0	3.84								-1.0			3.97										-1.0			4.63	-0.08	-0.08	-0.1	-0.02	-0.02	-0.01	3.98	-0.1	0.0	0.0	74.16					1	-0.08	-0.08	-1.6	-0.02	-0.02	-0.33	-1.6	0.0	0.0	55.24					0.08	0.08	0.94	0.02	0.02	0.28	0.94	-0.0	-0.0	-21.77					0.08	0.08	0.98	0.02	0.02	0.24	0.98	-0.0	-0.0	-21.77					-0.07999999999999963	-0.07999999999999963	0.6100000000000003	-0.021505376344086002	-0.02127739844728488	0.1605263157894743	0.6100000000000003	0.0015665207387691002	0.0015566093145793491	74.15827301540658				
2021-08-09 07:00:00	29000	3.77	3.69	3.71	3.69	3.42	CFV.MI	3.06	3.11	3.04	3.04	3.71	3.04	-1.0	-1.0	-1.0	-1	-1.0	-1.0	1.0	-1.0	-1.0	1.0									-1.0			3.97										-1.0			4.63	0.11	0.11	0.01	0.03	0.03	0.02	3.98	0.01	0.0	0.0	77.31					1	0.11	0.11	-1.49	0.03	0.03	-0.31	-1.49	0.0	0.0	68.31					-0.11	-0.11	0.83	-0.03	-0.03	0.24	0.83	-0.0	-0.0	-25.94					-0.11	-0.11	0.87	-0.03	-0.03	0.2	0.87	-0.0	-0.0	-25.94					0.10999999999999988	0.10999999999999988	0.7200000000000002	0.02894736842105261	0.029374608679904244	0.1951219512195128	0.7200000000000002	0.0017052001958737613	0.001694810977646899	77.30520480917905				
2021-08-10 07:00:00	12000	3.71	3.67	3.7	3.71	3.44	CFV.MI	3.05	3.05	3.02	3.05	3.71	3.02	-1.0	-1.0	-1.0	-1	-1.0	-1.0	1.0	-1.0	-1.0	1.0		3.67							-1.0			3.97										-1.0			4.63	-0.02	-0.02	-0.01	-0.01	-0.01	0.02	3.97	-0.01	0.0	0.0	76.28					1	-0.02	-0.02	-1.51	-0.01	-0.01	-0.32	-1.51	0.0	0.0	66.54					0.02	0.02	0.85	0.01	0.01	0.25	0.85	-0.0	-0.0	-25.11					0.02	0.02	0.89	0.01	0.01	0.21	0.89	-0.0	-0.0	-25.11					-0.020000000000000018	-0.020000000000000018	0.7000000000000002	-0.005420054200542035	-0.005405418566907982	0.1886792452830195	0.7000000000000002	0.0016943022427873937	0.001683847936092553	76.28162375525572				
2021-08-11 07:00:00	0	3.71	3.71	3.71	3.71	3.44	CFV.MI	3.02	3.02	3.02	3.02	3.71	3.02	-1.0	-1.0	-1.0	-1	-1.0	-1.0	1.0	-1.0	-1.0	1.0	3.71								-1.0			3.97										-1.0			4.63	-0.0	-0.0	-0.01	-0.0	-0.0	0.02	3.92	-0.01	0.0	0.0	82.28					1	-0.0	-0.0	-1.51	-0.0	-0.0	-0.32	-1.51	0.0	0.0	76.59					0.0	0.0	0.85	0.0	0.0	0.25	0.85	-0.0	-0.0	-26.5					0.0	0.0	0.89	0.0	0.0	0.21	0.89	-0.0	-0.0	-26.5					-0.0	-0.0	0.7000000000000002	-0.0	-0.0	0.1886792452830195	0.7000000000000002	0.0018066606160721064	0.0017964340399869716	82.28434378293383				
2021-08-12 07:00:00	14000	3.73	3.64	3.67	3.68	3.41	CFV.MI	2.98	3.03	2.96	2.99	3.71	2.96	-1.0	-1.0	-1.0	-1	-1.0	-1.0	1.0	-1.0	-1.0	1.0		3.64							-1.0			3.97										-1.0			4.63	0.03	0.03	0.02	0.01	0.01	0.03	3.92	0.02	0.0	0.0	80.7					1	0.03	0.03	-1.48	0.01	0.01	-0.31	-1.48	0.0	0.0	70.19					-0.03	-0.03	0.82	-0.01	-0.01	0.24	0.82	-0.0	-0.0	-24.34					-0.03	-0.03	0.86	-0.01	-0.01	0.2	0.86	-0.0	-0.0	-24.34					0.029999999999999805	0.029999999999999805	0.73	0.008086253369272156	0.008119124438504129	0.1983695652173918	0.73	0.001732199148566645	0.001722223047885496	80.69905624528138				
2021-08-13 07:00:00	6000	3.71	3.66	3.66	3.71	3.44	CFV.MI	2.96	3.0	2.96	3.0	3.71	2.96	-1.0	-1.0	-1.0	-1	-1.0	-1.0	1.0	-1.0	-1.0	1.0	3.71								-1.0			3.97										-1.0			4.63	-0.03	-0.03	-0.01	-0.01	-0.01	0.02	3.92	-0.01	0.0	0.0	79.58					1	-0.03	-0.03	-1.51	-0.01	-0.01	-0.32	-1.51	0.0	0.0	68.24					0.03	0.03	0.85	0.01	0.01	0.25	0.85	-0.0	-0.0	-23.45					0.03	0.03	0.89	0.01	0.01	0.21	0.89	-0.0	-0.0	-23.45					-0.029999999999999805	-0.029999999999999805	0.7000000000000002	-0.008152173913043459	-0.008119124438504191	0.18867924528301927	0.7000000000000002	0.00172088078529244	0.0017108369884191177	79.57936701202567				
2021-08-16 07:00:00	13000	3.7	3.64	3.7	3.64	3.37	CFV.MI	3.02	3.02	2.97	2.97	3.71	2.96	-1.0	-1.0	-1.0	-1	-1.0	-1.0	1.0	-1.0	-1.0	1.0									-1.0			3.97										-1.0			4.63	0.07	0.07	0.06	0.02	0.02	0.04	3.92	0.06	0.0	0.0	81.16					1	0.07	0.07	-1.44	0.02	0.02	-0.3	-1.44	0.0	0.0	74.61					-0.07	-0.07	0.78	-0.02	-0.02	0.22	0.78	-0.0	-0.0	-25.59					-0.07	-0.07	0.82	-0.02	-0.02	0.18	0.82	-0.0	-0.0	-25.59					0.06999999999999984	0.06999999999999984	0.77	0.018867924528301883	0.019048194970694474	0.21153846153846212	0.77	0.0017949683381371982	0.0017846744920864133	81.15687117824382				
2021-08-17 07:00:00	16000	3.66	3.6	3.64	3.64	3.37	CFV.MI	2.99	3.01	2.96	2.99	3.71	2.96	-1.0	-1.0	-1.0	-1	-1.0	-1.0	1.0	-1.0	-1.0	1.0									-1.0			3.97										-1.0			4.63	-0.0	-0.0	0.06	-0.0	-0.0	0.04	3.92	0.06	0.0	0.0	86.33					1	-0.0	-0.0	-1.44	-0.0	-0.0	-0.3	-1.44	0.0	0.0	83.23					0.0	0.0	0.78	0.0	0.0	0.22	0.78	-0.0	-0.0	-26.3					0.0	0.0	0.82	0.0	0.0	0.18	0.82	-0.0	-0.0	-26.3					-0.0	-0.0	0.77	-0.0	-0.0	0.21153846153846212	0.77	0.0018982370574594665	0.0018881262230676654	86.33263323375071				
2021-08-18 07:00:00	14000	3.67	3.6	3.6	3.61	3.34	CFV.MI	2.95	3.0	2.95	2.95	3.71	2.95	-1.0	-1.0	-1.0	-1	-1.0	-1.0	1.0	-1.0	-1.0	1.0									-1.0			3.97		2.95		2.95						-1.0			4.63	0.03	0.03	0.09	0.01	0.01	0.05	3.92	0.09	0.0	0.0	96.35					1	0.03	0.03	-1.41	0.01	0.01	-0.3	-1.41	0.0	0.0	102.49					-0.03	-0.03	0.75	-0.01	-0.01	0.21	0.75	-0.0	-0.0	-35.75					-0.03	-0.03	0.79	-0.01	-0.01	0.17	0.79	-0.0	-0.0	-35.75					0.03000000000000025	0.03000000000000025	0.8000000000000003	0.008241758241758323	0.008275909303859822	0.22160664819944653	0.8000000000000003	0.002089269899275853	0.0020793844574131803	96.35446750706103				
2021-08-19 07:00:00	9000	3.66	3.6	3.64	3.6	3.34	CFV.MI	3.03	3.04	2.99	2.99	3.71	2.95	-1.0	-1.0	-1.0	-1	-1.0	-1.0	1.0	-1.0	-1.0	1.0									-1.0			3.97	3.04									-1.0			4.63	0.01	0.01	0.1	0.0	0.0	0.05	3.92	0.1	0.0	0.0	96.69					1	0.01	0.01	-1.4	0.0	0.0	-0.29	-1.4	0.0	0.0	103.75					-0.01	-0.01	0.74	-0.0	-0.0	0.21	0.74	-0.0	-0.0	-40.54					-0.01	-0.01	0.78	-0.0	-0.0	0.17	0.78	-0.0	-0.0	-40.54					0.009999999999999787	0.009999999999999787	0.81	0.0027700831024930483	0.002773926882725208	0.22500000000000053	0.81	0.0021075778167018383	0.00209763398597107	96.69090166851056				
2021-08-20 07:00:00	9000	3.65	3.58	3.65	3.58	3.32	CFV.MI	3.04	3.04	2.98	2.98	3.71	2.95	-1.0	-1.0	-1.0	-1	-1.0	-1.0	1.0	-1.0	-1.0	1.0		3.58							-1.0			3.97		2.98								-1.0			4.63	0.02	0.02	0.12	0.01	0.01	0.05	3.92	0.12	0.0	0.0	102.64					1	0.02	0.02	-1.38	0.01	0.01	-0.29	-1.38	0.0	0.0	114.89					-0.02	-0.02	0.72	-0.01	-0.01	0.2	0.72	-0.0	-0.0	-46.55					-0.02	-0.02	0.76	-0.01	-0.01	0.16	0.76	-0.0	-0.0	-46.55					0.020000000000000018	0.020000000000000018	0.8300000000000001	0.005555555555555536	0.00557104504945536	0.23184357541899492	0.8300000000000001	0.002247167664804533	0.0022373052769997237	102.639208945209				
2021-08-23 07:00:00	6000	3.66	3.63	3.63	3.63	3.36	CFV.MI	3.01	3.03	3.01	3.01	3.71	2.95	-1.0	-1.0	-1.0	-1	-1.0	-1.0	1.0	-1.0	-1.0	1.0									-1.0			3.97										-1.0			4.63	-0.05	-0.05	0.07	-0.01	-0.01	0.04	3.92	0.07	0.0	0.0	99.11					1	-0.05	-0.05	-1.43	-0.01	-0.01	-0.3	-1.43	0.0	0.0	108.68					0.05	0.05	0.77	0.01	0.01	0.22	0.77	-0.0	-0.0	-43.71					0.05	0.05	0.81	0.01	0.01	0.18	0.81	-0.0	-0.0	-43.71					-0.04999999999999982	-0.04999999999999982	0.7800000000000002	-0.013966480446927276	-0.013869847864150377	0.21487603305785186	0.7800000000000002	0.002217573669833519	0.0022075226202769027	99.10983209534724				
2021-08-24 07:00:00	5000	3.68	3.63	3.63	3.64	3.37	CFV.MI	3.01	3.05	3.01	3.02	3.71	2.95	-1.0	-1.0	-1.0	-1	-1.0	-1.0	1.0	-1.0	-1.0	1.0	3.68								-1.0			3.97	3.05									-1.0			4.63	-0.01	-0.01	0.06	-0.0	-0.0	0.04	3.92	0.06	0.0	0.0	100.88					1	-0.01	-0.01	-1.44	-0.0	-0.0	-0.3	-1.44	0.0	0.0	111.79					0.01	0.01	0.78	0.0	0.0	0.22	0.78	-0.0	-0.0	-45.14					0.01	0.01	0.82	0.0	0.0	0.18	0.82	-0.0	-0.0	-45.14					-0.010000000000000231	-0.010000000000000231	0.77	-0.0027548209366392573	-0.0027510333718900187	0.21153846153846212	0.77	0.0022326122976184734	0.002222657343883494	100.88416255862982				
2021-08-25 07:00:00	2000	3.67	3.63	3.67	3.63	3.36	CFV.MI	3.04	3.04	3.0	3.0	3.71	2.95	-1.0	-1.0	-1.0	-1	-1.0	-1.0	1.0	-1.0	-1.0	1.0									-1.0			3.97		3.0								-1.0			4.63	0.01	0.01	0.07	0.0	0.0	0.04	3.88	0.07	0.0	0.0	106.45					1	0.01	0.01	-1.43	0.0	0.0	-0.3	-1.43	0.0	0.0	121.52					-0.01	-0.01	0.77	-0.0	-0.0	0.22	0.77	-0.0	-0.0	-50.64					-0.01	-0.01	0.81	-0.0	-0.0	0.18	0.81	-0.0	-0.0	-50.64					0.010000000000000231	0.010000000000000231	0.7800000000000002	0.0027472527472528485	0.002751033371889982	0.21487603305785186	0.7800000000000002	0.0023539748387544123	0.002344170664259071	106.45092549852845				
2021-08-26 07:00:00	5000	3.66	3.62	3.66	3.62	3.35	CFV.MI	3.05	3.05	3.02	3.02	3.71	2.95	-1.0	-1.0	-1.0	-1	-1.0	-1.0	1.0	-1.0	-1.0	1.0									-1.0			3.97	3.05									-1.0			4.63	0.01	0.01	0.08	0.0	0.0	0.04	3.84	0.08	0.0	0.0	105.95					1	0.01	0.01	-1.42	0.0	0.0	-0.3	-1.42	0.0	0.0	119.7					-0.01	-0.01	0.76	-0.0	-0.0	0.22	0.76	-0.0	-0.0	-49.94					-0.01	-0.01	0.8	-0.0	-0.0	0.18	0.8	-0.0	-0.0	-49.94					0.009999999999999787	0.009999999999999787	0.79	0.0027548209366390353	0.00275862243907964	0.21823204419889564	0.79	0.0023231585251539347	0.0023134475407260435	105.94785686358207				
2021-08-27 07:00:00	4000	3.62	3.57	3.57	3.62	3.35	CFV.MI	2.96	3.0	2.96	3.0	3.71	2.95	-1.0	-1.0	-1.0	-1	-1.0	-1.0	1.0	-1.0	-1.0	1.0		3.57							-1.0			3.97		2.96								-1.0			4.63	-0.0	-0.0	0.08	-0.0	-0.0	0.04	3.84	0.08	0.0	0.0	105.67					1	-0.0	-0.0	-1.42	-0.0	-0.0	-0.3	-1.42	0.0	0.0	118.69					0.0	0.0	0.76	0.0	0.0	0.22	0.76	-0.0	-0.0	-45.23					0.0	0.0	0.8	0.0	0.0	0.18	0.8	-0.0	-0.0	-45.23					-0.0	-0.0	0.79	-0.0	-0.0	0.21823204419889564	0.79	0.002306552900296183	0.002296891948360802	105.67322199049393				
2021-08-30 07:00:00	14000	3.74	3.61	3.62	3.64	3.37	CFV.MI	3.0	3.1	2.99	3.02	3.71	2.95	-1.0	-1.0	-1.0	-1	-1.0	-1.0	1.0	-1.0	-1.0	1.0	3.74		3.74						-1.0			3.97	3.1		3.1							-1.0			4.63	-0.02	-0.02	0.06	-0.01	-0.01	0.04	3.84	0.06	0.0	0.0	99.19					1	-0.02	-0.02	-1.44	-0.01	-0.01	-0.3	-1.44	0.0	0.0	107.88					0.02	0.02	0.78	0.01	0.01	0.22	0.78	-0.0	-0.0	-43.49					0.02	0.02	0.82	0.01	0.01	0.18	0.82	-0.0	-0.0	-43.49					-0.020000000000000018	-0.020000000000000018	0.77	-0.005524861878453136	-0.0055096558109697	0.2115384615384619	0.77	0.0021941378039415918	0.0021842063419441615	99.190482118749				
2021-08-31 07:00:00	17000	3.69	3.6	3.69	3.61	3.34	CFV.MI	3.06	3.06	2.99	2.99	3.71	2.95	-1.0	-1.0	-1.0	-1	-1.0	-1.0	1.0	-1.0	-1.0	1.0									-1.0			3.97										-1.0			4.63	0.03	0.03	0.09	0.01	0.01	0.05	3.84	0.09	0.0	0.0	99.86					1	0.03	0.03	-1.41	0.01	0.01	-0.3	-1.41	0.0	0.0	110.34					-0.03	-0.03	0.75	-0.01	-0.01	0.21	0.75	-0.0	-0.0	-44.42					-0.03	-0.03	0.79	-0.01	-0.01	0.17	0.79	-0.0	-0.0	-44.42					0.03000000000000025	0.03000000000000025	0.8000000000000003	0.008241758241758323	0.008275909303859822	0.22160664819944653	0.8000000000000003	0.0022331849192985644	0.002223131211169793	99.86213634580447				
2021-09-01 07:00:00	19000	3.63	3.57	3.62	3.61	3.34	CFV.MI	2.98	2.99	2.94	2.97	3.71	2.94	-1.0	-1.0	-1.0	-1	-1.0	-1.0	1.0	-1.0	-1.0	1.0		3.57							-1.0			3.97		2.94								-1.0			4.63	-0.0	-0.0	0.09	-0.0	-0.0	0.05	3.84	0.09	0.0	0.0	98.42					1	-0.0	-0.0	-1.41	-0.0	-0.0	-0.3	-1.41	0.0	0.0	105.0					0.0	0.0	0.75	0.0	0.0	0.21	0.75	-0.0	-0.0	-38.11					0.0	0.0	0.79	0.0	0.0	0.17	0.79	-0.0	-0.0	-38.11					-0.0	-0.0	0.8000000000000003	-0.0	-0.0	0.22160664819944653	0.8000000000000003	0.002150569815833457	0.0021407738746461735	98.42348570781343				
2021-09-02 07:00:00	15000	3.63	3.6	3.62	3.6	3.34	CFV.MI	2.98	2.98	2.96	2.96	3.71	2.94	-1.0	-1.0	-1.0	-1	-1.0	-1.0	1.0	-1.0	-1.0	1.0									-1.0			3.97										-1.0			4.63	0.01	0.01	0.1	0.0	0.0	0.05	3.84	0.1	0.0	0.0	98.75					1	0.01	0.01	-1.4	0.0	0.0	-0.29	-1.4	0.0	0.0	106.25					-0.01	-0.01	0.74	-0.0	-0.0	0.21	0.74	-0.0	-0.0	-42.88					-0.01	-0.01	0.78	-0.0	-0.0	0.17	0.78	-0.0	-0.0	-42.88					0.009999999999999787	0.009999999999999787	0.81	0.0027700831024930483	0.002773926882725208	0.22500000000000053	0.81	0.0021691551259477165	0.0021593014874412564	98.75298094401185				
2021-09-03 07:00:00	4000	3.65	3.6	3.62	3.65	3.38	CFV.MI	3.0	3.02	2.98	3.02	3.71	2.94	-1.0	-1.0	-1.0	-1	-1.0	-1.0	1.0	-1.0	-1.0	1.0	3.65								-1.0			3.97	3.02									-1.0			4.63	-0.05	-0.05	0.05	-0.01	-0.01	0.03	3.77	0.05	0.0	0.0	97.25					1	-0.05	-0.05	-1.45	-0.01	-0.01	-0.3	-1.45	0.0	0.0	103.62					0.05	0.05	0.79	0.01	0.01	0.23	0.79	-0.0	-0.0	-41.66					0.05	0.05	0.83	0.01	0.01	0.19	0.83	-0.0	-0.0	-41.66					-0.04999999999999982	-0.04999999999999982	0.7600000000000002	-0.01388888888888884	-0.01379332213233577	0.20821917808219226	0.7600000000000002	0.002156230020447519	0.0021462942386991646	97.2481550793839				
2021-09-06 07:00:00	4000	3.61	3.6	3.6	3.61	3.34	CFV.MI	2.96	2.96	2.96	2.96	3.71	2.94	-1.0	-1.0	-1.0	-1	-1.0	-1.0	1.0	-1.0	-1.0	1.0									-1.0			3.97										-1.0			4.63	0.04	0.04	0.09	0.01	0.01	0.05	3.74	0.09	0.0	0.0	97.09					1	0.04	0.04	-1.41	0.01	0.01	-0.3	-1.41	0.0	0.0	103.02					-0.04	-0.04	0.75	-0.01	-0.01	0.21	0.75	-0.0	-0.0	-41.44					-0.04	-0.04	0.79	-0.01	-0.01	0.17	0.79	-0.0	-0.0	-41.44					0.040000000000000036	0.040000000000000036	0.8000000000000003	0.010958904109588996	0.011019395249610538	0.22160664819944653	0.8000000000000003	0.002147240619901962	0.0021373328827518634	97.08921681447343				
2021-09-07 07:00:00	33000	3.58	3.45	3.58	3.53	3.27	CFV.MI	2.96	2.96	2.85	2.92	3.71	2.85	-1.0	-1.0	-1.0	-1	-1.0	-1.0	1.0	-1.0	-1.0	1.0		3.45		3.45					-1.0			3.97		2.85		2.85						-1.0			4.63	0.08	0.08	0.17	0.02	0.02	0.07	3.74	0.17	0.0	0.0	98.24					1	0.08	0.08	-1.33	0.02	0.02	-0.28	-1.33	0.0	0.0	107.29					-0.08	-0.08	0.67	-0.02	-0.02	0.19	0.67	-0.0	-0.0	-43.05					-0.08	-0.08	0.71	-0.02	-0.02	0.15	0.71	-0.0	-0.0	-43.05					0.08000000000000007	0.08000000000000007	0.8800000000000003	0.02216066481994461	0.022409901399584164	0.24929178470254998	0.8800000000000003	0.0022135310461359114	0.0022034155724486304	98.24260773579125				
2021-09-08 07:00:00	10000	3.61	3.56	3.57	3.6	3.34	CFV.MI	2.98	3.01	2.97	3.0	3.71	2.85	-1.0	-1.0	-1.0	-1	-1.0	-1.0	1.0	-1.0	-1.0	1.0	3.61								-1.0			3.97	3.01									-1.0			4.63	-0.07	-0.07	0.1	-0.02	-0.02	0.05	3.74	0.1	0.0	0.0	92.87					1	-0.07	-0.07	-1.4	-0.02	-0.02	-0.29	-1.4	0.0	0.0	98.01					0.07	0.07	0.74	0.02	0.02	0.21	0.74	-0.0	-0.0	-38.72					0.07	0.07	0.78	0.02	0.02	0.17	0.78	-0.0	-0.0	-38.72					-0.07000000000000028	-0.07000000000000028	0.81	-0.019830028328611915	-0.019635974516858935	0.22500000000000053	0.81	0.002165315279699098	0.00215488758872473	92.86856359961307				
2021-09-09 07:00:00	10000	3.56	3.5	3.55	3.56	3.3	CFV.MI	2.95	2.96	2.91	2.96	3.71	2.85	-1.0	-1.0	-1.0	-1	-1.0	-1.0	1.0	-1.0	-1.0	1.0		3.5							-1.0			3.97		2.91								-1.0			4.63	0.04	0.04	0.14	0.01	0.01	0.06	3.74	0.14	0.0	0.0	111.76					1	0.04	0.04	-1.36	0.01	0.01	-0.29	-1.36	0.0	0.0	132.67					-0.04	-0.04	0.7	-0.01	-0.01	0.2	0.7	-0.0	-0.0	-55.52					-0.04	-0.04	0.74	-0.01	-0.01	0.16	0.74	-0.0	-0.0	-55.52					0.040000000000000036	0.040000000000000036	0.8500000000000001	0.011111111111111072	0.011173300598125189	0.23876404494382064	0.8500000000000001	0.0024487688020470647	0.0024389950173282493	111.762373755499				
2021-09-10 07:00:00	7000	3.58	3.53	3.58	3.53	3.27	CFV.MI	3.01	3.01	2.96	2.96	3.71	2.85	-1.0	-1.0	-1.0	-1	-1.0	-1.0	1.0	-1.0	-1.0	1.0	3.58								-1.0			3.97	3.01									-1.0			4.63	0.03	0.03	0.17	0.01	0.01	0.07	3.74	0.17	0.0	0.0	111.36					1	0.03	0.03	-1.33	0.01	0.01	-0.28	-1.33	0.0	0.0	135.71					-0.03	-0.03	0.67	-0.01	-0.01	0.19	0.67	-0.0	-0.0	-54.96					-0.03	-0.03	0.71	-0.01	-0.01	0.15	0.71	-0.0	-0.0	-54.96					0.03000000000000025	0.03000000000000025	0.8800000000000003	0.008426966292134908	0.008462673918733767	0.24929178470254998	0.8800000000000003	0.0024234881385077327	0.0024137907140791004	111.36379967791206				
2021-09-13 07:00:00	7000	3.53	3.5	3.53	3.51	3.25	CFV.MI	2.94	2.94	2.91	2.92	3.71	2.85	-1.0	-1.0	-1.0	-1	-1.0	-1.0	1.0	-1.0	-1.0	1.0		3.5							-1.0			3.97		2.91								-1.0			4.63	0.02	0.02	0.19	0.01	0.01	0.08	3.74	0.19	0.0	0.0	111.71					1	0.02	0.02	-1.31	0.01	0.01	-0.28	-1.31	0.0	0.0	137.64					-0.02	-0.02	0.65	-0.01	-0.01	0.18	0.65	-0.0	-0.0	-55.45					-0.02	-0.02	0.69	-0.01	-0.01	0.14	0.69	-0.0	-0.0	-55.45					0.020000000000000018	0.020000000000000018	0.9000000000000004	0.005665722379603388	0.005681833467430946	0.25641025641025683	0.9000000000000004	0.0024454374811476087	0.0024356737757489366	111.71016179209242				
2021-09-14 07:00:00	2000	3.54	3.54	3.54	3.54	3.28	CFV.MI	2.93	2.93	2.93	2.93	3.71	2.85	-1.0	-1.0	-1.0	-1	-1.0	-1.0	1.0	-1.0	-1.0	1.0	3.54								-1.0			3.97										-1.0			4.63	-0.03	-0.03	0.16	-0.01	-0.01	0.07	3.74	0.16	0.0	0.0	112.25					1	-0.03	-0.03	-1.34	-0.01	-0.01	-0.28	-1.34	0.0	0.0	124.7					0.03	0.03	0.68	0.01	0.01	0.19	0.68	-0.0	-0.0	-55.89					0.03	0.03	0.72	0.01	0.01	0.15	0.72	-0.0	-0.0	-55.89					-0.03000000000000025	-0.03000000000000025	0.8700000000000001	-0.008547008547008517	-0.00851068966790861	0.24576271186440724	0.8700000000000001	0.002449499367181948	0.0024397618769620433	112.25221209174877				
2021-09-15 07:00:00	18000	3.59	3.5	3.56	3.5	3.24	CFV.MI	2.98	3.01	2.93	2.93	3.71	2.85	-1.0	-1.0	-1.0	-1	-1.0	-1.0	1.0	-1.0	-1.0	1.0									-1.0			3.97	3.01									-1.0			4.63	0.04	0.04	0.2	0.01	0.01	0.08	3.74	0.2	0.0	0.0	113.19					1	0.04	0.04	-1.3	0.01	0.01	-0.27	-1.3	0.0	0.0	128.49					-0.04	-0.04	0.64	-0.01	-0.01	0.18	0.64	-0.0	-0.0	-57.21					-0.04	-0.04	0.68	-0.01	-0.01	0.14	0.68	-0.0	-0.0	-57.21					0.040000000000000036	0.040000000000000036	0.9100000000000001	0.011299435028248594	0.011363758650315095	0.26000000000000045	0.9100000000000001	0.002510207753378498	0.0025002860166807306	113.18927459517005				
2021-09-16 07:00:00	5000	3.54	3.49	3.5	3.51	3.25	CFV.MI	2.91	2.94	2.9	2.92	3.71	2.85	-1.0	-1.0	-1.0	-1	-1.0	-1.0	1.0	-1.0	-1.0	1.0		3.49							-1.0			3.97		2.9								-1.0			4.63	-0.01	-0.01	0.19	-0.0	-0.0	0.08	3.74	0.19	0.0	0.0	107.69					1	-0.01	-0.01	-1.31	-0.0	-0.0	-0.28	-1.31	0.0	0.0	120.01					0.01	0.01	0.65	0.0	0.0	0.18	0.65	-0.0	-0.0	-56.22					0.01	0.01	0.69	0.0	0.0	0.14	0.69	-0.0	-0.0	-56.22					-0.009999999999999787	-0.009999999999999787	0.9000000000000004	-0.0028571428571428914	-0.0028530689824064807	0.25641025641025683	0.9000000000000004	0.002405287751997444	0.002395146266922721	107.68710660194483				
2021-09-17 07:00:00	21000	3.62	3.52	3.56	3.62	3.35	CFV.MI	2.99	3.04	2.95	3.04	3.71	2.85	-1.0	-1.0	-1.0	-1	-1.0	-1.0	1.0	-1.0	-1.0	1.0	3.62		3.62						-1.0			3.97										-1.0			4.63	-0.11	-0.11	0.08	-0.03	-0.03	0.04	3.74	0.08	0.0	0.0	100.24					1	-0.11	-0.11	-1.42	-0.03	-0.03	-0.3	-1.42	0.0	0.0	94.42					0.11	0.11	0.76	0.03	0.03	0.22	0.76	-0.0	-0.0	-50.11					0.11	0.11	0.8	0.03	0.03	0.18	0.8	-0.0	-0.0	-50.11					-0.11000000000000032	-0.11000000000000032	0.79	-0.031339031339031376	-0.030857988359905282	0.21823204419889541	0.79	0.002343456880166495	0.0023329136768770464	100.23836243694015				
2021-09-20 07:00:00	18000	3.64	3.52	3.62	3.57	3.31	CFV.MI	3.12	3.13	3.03	3.07	3.71	2.85	-1.0	-1.0	1.0	-1	-1.0	-1.0	1.0	-1.0	-1.0	1.0									-1.0			3.97	3.13		3.13							-1.0			4.63	0.05	0.05	0.13	0.01	0.01	0.06	3.74	0.13	0.0	0.0	100.68					1	0.05	0.05	-1.37	0.01	0.01	-0.29	-1.37	0.0	0.0	98.98					-0.05	-0.05	0.71	-0.01	-0.01	0.2	0.71	-0.0	-0.0	-50.72					-0.05	-0.05	0.75	-0.01	-0.01	0.16	0.75	-0.0	-0.0	-50.72					0.050000000000000266	0.050000000000000266	0.8400000000000003	0.013812154696132617	0.013908430046132	0.23529411764705932	0.8400000000000003	0.002371751813054673	0.002361117430524695	100.68476034223087				
2021-09-21 07:00:00	3000	3.59	3.55	3.59	3.55	3.29	CFV.MI	3.05	3.05	3.02	3.02	3.69	2.85	-1.0	-1.0	1.0	-1	-1.0	-1.0	1.0	-1.0	-1.0	1.0									-1.0			3.97										-1.0			4.63	0.02	0.02	0.15	0.01	0.01	0.06	3.74	0.15	0.0	0.0	106.36					1	0.02	0.02	-1.35	0.01	0.01	-0.28	-1.35	0.0	0.0	100.7					-0.02	-0.02	0.69	-0.01	-0.01	0.19	0.69	-0.0	-0.0	-56.44					-0.02	-0.02	0.73	-0.01	-0.01	0.15	0.73	-0.0	-0.0	-56.44					0.020000000000000018	0.020000000000000018	0.8600000000000003	0.0056022408963585235	0.005617992304223261	0.24225352112676113	0.8600000000000003	0.002515816748105201	0.002505282625202998	106.3567489616685				
2021-09-22 07:00:00	9000	3.52	3.49	3.52	3.49	3.23	CFV.MI	2.95	2.95	2.93	2.93	3.69	2.85	-1.0	-1.0	1.0	-1	-1.0	-1.0	1.0	-1.0	-1.0	1.0		3.49							-1.0			3.97		2.93								-1.0			4.63	0.06	0.06	0.21	0.02	0.02	0.08	3.74	0.21	0.0	0.0	107.31					1	0.06	0.06	-1.29	0.02	0.02	-0.27	-1.29	0.0	0.0	105.59					-0.06	-0.06	0.63	-0.02	-0.02	0.17	0.63	-0.0	-0.0	-57.75					-0.06	-0.06	0.67	-0.02	-0.02	0.14	0.67	-0.0	-0.0	-57.75					0.05999999999999961	0.05999999999999961	0.9199999999999999	0.016901408450704092	0.017045867272988496	0.2636103151862468	0.9199999999999999	0.0025820329310757943	0.0025712897545169255	107.31138509983745				
2021-09-23 07:00:00	15000	3.59	3.54	3.54	3.57	3.31	CFV.MI	2.93	2.97	2.93	2.95	3.69	2.85	-1.0	-1.0	1.0	-1	-1.0	-1.0	1.0	-1.0	-1.0	1.0	3.59								-1.0			3.97	2.97									-1.0			4.63	-0.08	-0.08	0.13	-0.02	-0.02	0.06	3.74	0.13	0.0	0.0	99.79					1	-0.08	-0.08	-1.37	-0.02	-0.02	-0.29	-1.37	0.0	0.0	87.22					0.08	0.08	0.71	0.02	0.02	0.2	0.71	-0.0	-0.0	-51.55					0.08	0.08	0.75	0.02	0.02	0.16	0.75	-0.0	-0.0	-51.55					-0.07999999999999963	-0.07999999999999963	0.8400000000000003	-0.022922636103151817	-0.02266385957721187	0.2352941176470591	0.8400000000000003	0.0025173229921264815	0.0025061368877419277	99.7894594086967				
2021-09-24 07:00:00	9000	3.6	3.51	3.6	3.51	3.25	CFV.MI	2.99	2.99	2.92	2.92	3.69	2.85	-1.0	-1.0	1.0	-1	-1.0	-1.0	1.0	-1.0	-1.0	1.0									-1.0			3.97										-1.0			4.63	0.06	0.06	0.19	0.02	0.02	0.08	3.74	0.19	0.0	0.0	112.62					1	0.06	0.06	-1.31	0.02	0.02	-0.28	-1.31	0.0	0.0	86.54					-0.06	-0.06	0.65	-0.02	-0.02	0.18	0.65	-0.0	-0.0	-63.72					-0.06	-0.06	0.69	-0.02	-0.02	0.14	0.69	-0.0	-0.0	-63.72					0.06000000000000005	0.06000000000000005	0.9000000000000004	0.01680672268907568	0.01694955831377332	0.25641025641025683	0.9000000000000004	0.002795581084838526	0.0027846382593945673	112.6245215954129				
2021-09-27 07:00:00	15000	3.53	3.44	3.52	3.44	3.19	CFV.MI	2.91	2.91	2.84	2.84	3.69	2.84	-1.0	-1.0	-1.0	-1	-1.0	-1.0	1.0	-1.0	-1.0	1.0									-1.0			3.97		2.84								-1.0			4.63	0.07	0.07	0.26	0.02	0.02	0.1	3.69	0.26	0.0	0.0	113.33					1	0.07	0.07	-1.24	0.02	0.02	-0.26	-1.24	0.0	0.0	103.75					-0.07	-0.07	0.58	-0.02	-0.02	0.16	0.58	-0.0	-0.0	-64.7					-0.07	-0.07	0.62	-0.02	-0.02	0.12	0.62	-0.0	-0.0	-64.7					0.06999999999999984	0.06999999999999984	0.9700000000000002	0.019943019943019946	0.020144566092467463	0.281976744186047	0.9700000000000002	0.0028515450978868597	0.002840426494512993	113.3294948973606				
2021-09-28 07:00:00	10000	3.5	3.42	3.44	3.44	3.19	CFV.MI	2.9	2.95	2.88	2.9	3.69	2.84	-1.0	-1.0	-1.0	-1	-1.0	-1.0	1.0	-1.0	-1.0	1.0		3.42							-1.0			3.97										-1.0			4.63	-0.0	-0.0	0.26	-0.0	-0.0	0.1	3.65	0.26	0.0	0.0	113.12					1	-0.0	-0.0	-1.24	-0.0	-0.0	-0.26	-1.24	0.0	0.0	110.68					0.0	0.0	0.58	0.0	0.0	0.16	0.58	-0.0	-0.0	-60.35					0.0	0.0	0.62	0.0	0.0	0.12	0.62	-0.0	-0.0	-60.35					-0.0	-0.0	0.9700000000000002	-0.0	-0.0	0.281976744186047	0.9700000000000002	0.002834817816967466	0.002823751898576754	113.1207837922801				
2021-09-29 07:00:00	1000	3.49	3.49	3.49	3.49	3.23	CFV.MI	2.92	2.92	2.92	2.92	3.66	2.84	-1.0	-1.0	-1.0	-1	-1.0	-1.0	1.0	-1.0	-1.0	1.0	3.49								-1.0			3.97										-1.0			4.63	-0.05	-0.05	0.21	-0.01	-0.01	0.08	3.65	0.21	0.0	0.0	110.34					1	-0.05	-0.05	-1.29	-0.01	-0.01	-0.27	-1.29	0.0	0.0	95.72					0.05	0.05	0.63	0.01	0.01	0.17	0.63	-0.0	-0.0	-58.09					0.05	0.05	0.67	0.01	0.01	0.14	0.67	-0.0	-0.0	-58.09					-0.050000000000000266	-0.050000000000000266	0.9199999999999999	-0.014534883720930258	-0.014430264829028837	0.2636103151862468	0.9199999999999999	0.00281257502572911	0.002801352008004576	110.34128987599098				
2021-09-30 07:00:00	1000	3.49	3.49	3.49	3.49	3.23	CFV.MI	2.93	2.93	2.93	2.93	3.6	2.84	-1.0	-1.0	-1.0	-1	-1.0	-1.0	1.0	-1.0	-1.0	1.0									-1.0			3.97	2.93									-1.0			4.63	-0.0	-0.0	0.21	-0.0	-0.0	0.08	3.65	0.21	0.0	0.0	109.71					1	-0.0	-0.0	-1.29	-0.0	-0.0	-0.27	-1.29	0.0	0.0	105.05					0.0	0.0	0.63	0.0	0.0	0.17	0.63	-0.0	-0.0	-53.15					0.0	0.0	0.67	0.0	0.0	0.14	0.67	-0.0	-0.0	-53.15					-0.0	-0.0	0.9199999999999999	-0.0	-0.0	0.2636103151862468	0.9199999999999999	0.0027625143466490235	0.002751449372680126	109.70644859295948				
2021-10-01 07:00:00	13000	3.5	3.35	3.5	3.35	3.1	CFV.MI	2.95	2.95	2.82	2.82	3.6	2.82	-1.0	-1.0	-1.0	-1	-1.0	-1.0	1.0	-1.0	-1.0	1.0		3.35							-1.0			3.97		2.82								-1.0			4.63	0.14	0.14	0.35	0.04	0.04	0.13	3.64	0.35	0.0	0.0	112.91					1	0.14	0.14	-1.15	0.04	0.04	-0.24	-1.15	0.0	0.0	120.88					-0.14	-0.14	0.49	-0.04	-0.04	0.13	0.49	-0.0	-0.0	-57.8					-0.14	-0.14	0.53	-0.04	-0.04	0.09	0.53	-0.0	-0.0	-57.8					0.14000000000000012	0.14000000000000012	1.06	0.04011461318051579	0.04094139037736076	0.3164179104477616	1.06	0.0030282420097650998	0.003016325366745898	112.90909959960476				
2021-10-04 07:00:00	4000	3.41	3.41	3.41	3.41	3.16	CFV.MI	2.89	2.89	2.89	2.89	3.6	2.82	-1.0	-1.0	-1.0	-1	-1.0	-1.0	1.0	-1.0	-1.0	1.0									-1.0			3.97	2.89									-1.0			4.63	-0.06	-0.06	0.29	-0.02	-0.02	0.11	3.64	0.29	0.0	0.0	101.78					1	-0.06	-0.06	-1.21	-0.02	-0.02	-0.26	-1.21	0.0	0.0	116.66					0.06	0.06	0.55	0.02	0.02	0.15	0.55	-0.0	-0.0	-47.63					0.06	0.06	0.59	0.02	0.02	0.11	0.59	-0.0	-0.0	-47.63					-0.06000000000000005	-0.06000000000000005	1.0	-0.017910447761193993	-0.01775194545845032	0.2932551319648098	1.0	0.0027993563974486116	0.002787048533855474	101.7759155996604				
2021-10-05 07:00:00	12000	3.47	3.34	3.38	3.47	3.22	CFV.MI	2.81	2.88	2.78	2.88	3.6	2.78	-1.0	-1.0	-1.0	-1	-1.0	-1.0	1.0	-1.0	-1.0	1.0	3.47								-1.0			3.97		2.78								-1.0			4.63	-0.06	-0.06	0.23	-0.02	-0.02	0.09	3.64	0.23	0.0	0.0	91.98					1	-0.06	-0.06	-1.27	-0.02	-0.02	-0.27	-1.27	0.0	0.0	109.21					0.06	0.06	0.61	0.02	0.02	0.17	0.61	-0.0	-0.0	-38.94					0.06	0.06	0.65	0.02	0.02	0.13	0.65	-0.0	-0.0	-38.94					-0.06000000000000005	-0.06000000000000005	0.94	-0.017595307917888547	-0.017442302663342388	0.2708933717579254	0.94	0.002618942244600624	0.0026060807152299414	91.9775145640661				
2021-10-06 07:00:00	4000	3.42	3.4	3.42	3.4	3.15	CFV.MI	2.88	2.88	2.86	2.86	3.57	2.78	-1.0	-1.0	-1.0	-1	-1.0	-1.0	1.0	-1.0	-1.0	1.0									-1.0			3.97	2.88									-1.0			4.63	0.07	0.07	0.3	0.02	0.02	0.11	3.64	0.3	0.0	0.0	93.48					1	0.07	0.07	-1.2	0.02	0.02	-0.25	-1.2	0.0	0.0	119.22					-0.07	-0.07	0.54	-0.02	-0.02	0.14	0.54	-0.0	-0.0	-41.08					-0.07	-0.07	0.58	-0.02	-0.02	0.11	0.58	-0.0	-0.0	-41.08					0.07000000000000028	0.07000000000000028	1.0100000000000002	0.02017291066282434	0.020379162336652254	0.2970588235294125	1.0100000000000002	0.002738959812538398	0.002725668629666389	93.48232476379069				
2021-10-07 07:00:00	7000	3.44	3.35	3.35	3.35	3.1	CFV.MI	2.78	2.85	2.78	2.78	3.54	2.78	-1.0	-1.0	-1.0	-1	-1.0	-1.0	1.0	-1.0	-1.0	1.0									-1.0			3.97										-1.0			4.63	0.05	0.05	0.35	0.01	0.01	0.13	3.64	0.35	0.0	0.0	94.08					1	0.05	0.05	-1.15	0.01	0.01	-0.24	-1.15	0.0	0.0	121.64					-0.05	-0.05	0.49	-0.01	-0.01	0.13	0.49	-0.0	-0.0	-41.93					-0.05	-0.05	0.53	-0.01	-0.01	0.09	0.53	-0.0	-0.0	-41.93					0.04999999999999982	0.04999999999999982	1.06	0.014705882352941124	0.014815085785140587	0.3164179104477618	1.06	0.002788406531432469	0.002774936289922536	94.07791866730503				
2021-10-08 07:00:00	39000	3.32	3.12	3.31	3.15	2.92	CFV.MI	2.74	2.75	2.58	2.61	3.51	2.58	-1.0	-1.0	-1.0	-1	-1.0	-1.0	1.0	-1.0	-1.0	1.0									-1.0			3.97										-1.0			4.63	0.2	0.2	0.55	0.06	0.06	0.2	3.64	0.55	0.0	0.0	104.57					1	0.2	0.2	-0.95	0.06	0.06	-0.19	-0.95	0.0	0.0	130.1					-0.2	-0.2	0.29	-0.06	-0.06	0.06	0.29	-0.0	-0.0	-53.82					-0.2	-0.2	0.33	-0.06	-0.06	0.02	0.33	-0.0	-0.0	-53.82					0.20000000000000018	0.20000000000000018	1.2600000000000002	0.059701492537313494	0.061557892999433435	0.4000000000000006	1.2600000000000002	0.00334119206131001	0.0033266073660236373	104.56844803890513				
2021-10-11 07:00:00	34000	3.16	3.0	3.12	3.16	2.93	CFV.MI	2.6	2.63	2.5	2.63	3.51	2.5	-1.0	-1.0	-1.0	-1	-1.0	-1.0	1.0	-1.0	-1.0	1.0									-1.0			3.97										-1.0			4.63	-0.01	-0.01	0.54	-0.0	-0.0	0.19	3.64	0.54	0.0	0.0	99.75					1	-0.01	-0.01	-0.96	-0.0	-0.0	-0.2	-0.96	0.0	0.0	123.9					0.01	0.01	0.3	0.0	0.0	0.06	0.3	-0.0	-0.0	-49.15					0.01	0.01	0.34	0.0	0.0	0.03	0.34	-0.0	-0.0	-49.15					-0.010000000000000231	-0.010000000000000231	1.25	-0.0031746031746031633	-0.0031695747612790395	0.3955696202531651	1.25	0.0031983565795511556	0.0031835195910121517	99.75321080054309				
2021-10-12 07:00:00	5000	3.09	3.09	3.09	3.09	2.86	CFV.MI	2.56	2.56	2.56	2.56	3.51	2.5	-1.0	-1.0	-1.0	-1	-1.0	-1.0	1.0	-1.0	-1.0	1.0									-1.0			3.97										-1.0			4.63	0.07	0.07	0.61	0.02	0.02	0.22	3.64	0.61	0.0	0.0	101.05					1	0.07	0.07	-0.89	0.02	0.02	-0.18	-0.89	0.0	0.0	126.56					-0.07	-0.07	0.23	-0.02	-0.02	0.04	0.23	-0.0	-0.0	-51.0					-0.07	-0.07	0.27	-0.02	-0.02	0.01	0.27	-0.0	-0.0	-51.0					0.07000000000000028	0.07000000000000028	1.3200000000000003	0.022151898734177333	0.022400936689166772	0.4271844660194184	1.3200000000000003	0.0033318381380716437	0.0033164879547833426	101.04959097042908				
2021-10-13 07:00:00	88000	3.05	2.83	3.05	2.88	2.67	CFV.MI	2.53	2.53	2.35	2.39	3.48	2.35	-1.0	-1.0	-1.0	-1	-1.0	-1.0	1.0	-1.0	-1.0	1.0									-1.0			3.97										-1.0			4.63	0.21	0.21	0.82	0.07	0.07	0.31	3.64	0.82	0.0	0.0	104.98					1	0.21	0.21	-0.68	0.07	0.07	-0.12	-0.68	0.0	0.0	133.57					-0.21	-0.21	0.02	-0.07	-0.07	-0.03	0.02	-0.0	-0.0	-56.59					-0.21	-0.21	0.06	-0.07	-0.07	-0.06	0.06	-0.0	-0.0	-56.59					0.20999999999999996	0.20999999999999996	1.5300000000000002	0.06796116504854366	0.0703807967617995	0.5312500000000009	1.5300000000000002	0.0037867435050803642	0.0037695791770102627	104.97657071236588				
2021-10-14 07:00:00	119000	2.95	2.75	2.9	2.81	2.6	CFV.MI	2.38	2.42	2.26	2.31	3.48	2.26	-1.0	-1.0	-1.0	-1	-1.0	-1.0	1.0	-1.0	-1.0	1.0		2.75							-1.0			3.97		2.26								-1.0			4.63	0.07	0.07	0.89	0.02	0.02	0.34	3.64	0.89	0.0	0.0	103.97					1	0.07	0.07	-0.61	0.02	0.02	-0.1	-0.61	0.0	0.0	135.63					-0.07	-0.07	-0.05	-0.02	-0.02	-0.06	-0.05	-0.0	-0.0	-55.16					-0.07	-0.07	-0.01	-0.02	-0.02	-0.09	-0.01	-0.0	-0.0	-55.16					0.06999999999999984	0.06999999999999984	1.6	0.02430555555555547	0.024605810802200076	0.5693950177935949	1.6	0.0036621037834358196	0.0036454465342730114	103.96936507103149				
2021-10-15 07:00:00	98000	3.0	2.7	2.84	2.88	2.67	CFV.MI	2.31	2.44	2.2	2.34	3.48	2.2	-1.0	-1.0	-1.0	-1	-1.0	-1.0	1.0	-1.0	-1.0	1.0									-1.0			3.97										-1.0			4.63	-0.07	-0.07	0.82	-0.02	-0.02	0.31	3.64	0.82	0.0	0.0	97.22					1	-0.07	-0.07	-0.68	-0.02	-0.02	-0.12	-0.68	0.0	0.0	125.71					0.07	0.07	0.02	0.02	0.02	-0.03	0.02	-0.0	-0.0	-49.82					0.07	0.07	0.06	0.02	0.02	-0.06	0.06	-0.0	-0.0	-49.82					-0.06999999999999984	-0.06999999999999984	1.5300000000000002	-0.02491103202846978	-0.024605810802200194	0.5312500000000007	1.5300000000000002	0.003589464923872812	0.0035722030621860856	97.22004630534303				
2021-10-18 07:00:00	5000	2.93	2.89	2.9	2.9	2.69	CFV.MI	2.38	2.41	2.37	2.38	3.48	2.2	-1.0	-1.0	-1.0	-1	-1.0	-1.0	1.0	-1.0	-1.0	1.0									-1.0			3.97										-1.0			4.63	-0.02	-0.02	0.8	-0.01	-0.01	0.3	3.6	0.8	0.0	0.0	91.72					1	-0.02	-0.02	-0.7	-0.01	-0.01	-0.12	-0.7	0.0	0.0	118.51					0.02	0.02	0.04	0.01	0.01	-0.03	0.04	-0.0	-0.0	-44.68					0.02	0.02	0.08	0.01	0.01	-0.06	0.08	-0.0	-0.0	-44.68					-0.020000000000000018	-0.020000000000000018	1.5100000000000002	-0.00694444444444442	-0.006920442844573757	0.5206896551724145	1.5100000000000002	0.003423810052078143	0.0034061689248008342	91.71989046548416				
2021-10-19 07:00:00	16000	3.02	2.9	2.95	2.93	2.71	CFV.MI	2.42	2.47	2.38	2.4	3.48	2.2	-1.0	-1.0	-1.0	-1	-1.0	-1.0	1.0	-1.0	-1.0	1.0									-1.0			3.97	2.47									-1.0			4.63	-0.03	-0.03	0.77	-0.01	-0.01	0.29	3.6	0.77	0.0	0.0	84.79					1	-0.03	-0.03	-0.73	-0.01	-0.01	-0.13	-0.73	0.0	0.0	109.25					0.03	0.03	0.07	0.01	0.01	-0.02	0.07	-0.0	-0.0	-38.03					0.03	0.03	0.11	0.01	0.01	-0.05	0.11	-0.0	-0.0	-38.03					-0.03000000000000025	-0.03000000000000025	1.48	-0.010344827586207028	-0.010291686036547724	0.5051194539249151	1.48	0.0031773832460410692	0.003159576301708933	84.79315771471974				
2021-10-20 07:00:00	16000	3.0	2.95	3.0	3.0	2.78	CFV.MI	2.43	2.43	2.39	2.43	3.48	2.2	-1.0	-1.0	-1.0	-1	-1.0	-1.0	1.0	-1.0	-1.0	1.0	3.0								-1.0			3.97										-1.0			4.63	-0.07	-0.07	0.7	-0.02	-0.02	0.26	3.6	0.7	0.0	0.0	74.91					1	-0.07	-0.07	-0.8	-0.02	-0.02	-0.15	-0.8	0.0	0.0	95.77					0.07	0.07	0.14	0.02	0.02	0.01	0.14	-0.0	-0.0	-29.17					0.07	0.07	0.18	0.02	0.02	-0.02	0.18	-0.0	-0.0	-29.17					-0.06999999999999984	-0.06999999999999984	1.4100000000000001	-0.023890784982935065	-0.023609865639133667	0.47000000000000064	1.4100000000000001	0.0028995028948564667	0.0028810890847450477	74.90910782802726				
2021-10-21 07:00:00	12000	3.0	2.93	2.95	2.94	2.72	CFV.MI	2.4	2.44	2.38	2.39	3.48	2.2	-1.0	-1.0	-1.0	-1	-1.0	-1.0	1.0	-1.0	-1.0	1.0		2.93							-1.0			3.97		2.38								-1.0			4.63	0.06	0.06	0.76	0.02	0.02	0.28	3.6	0.76	0.0	0.0	75.17					1	0.06	0.06	-0.74	0.02	0.02	-0.14	-0.74	0.0	0.0	96.17					-0.06	-0.06	0.08	-0.02	-0.02	-0.01	0.08	-0.0	-0.0	-29.54					-0.06	-0.06	0.12	-0.02	-0.02	-0.04	0.12	-0.0	-0.0	-29.54					0.06000000000000005	0.06000000000000005	1.4700000000000002	0.020000000000000018	0.020202707317519466	0.5000000000000007	1.4700000000000002	0.002925848940078196	0.00290731539880551	75.17449726550751				
2021-10-22 07:00:00	13000	3.0	2.96	2.99	2.96	2.74	CFV.MI	2.43	2.43	2.4	2.4	3.48	2.2	-1.0	-1.0	-1.0	-1	-1.0	-1.0	1.0	-1.0	-1.0	1.0									-1.0			3.97	2.43									-1.0			4.63	-0.02	-0.02	0.74	-0.01	-0.01	0.27	3.53	0.74	0.0	0.0	74.21					1	-0.02	-0.02	-0.76	-0.01	-0.01	-0.14	-0.76	0.0	0.0	94.8					0.02	0.02	0.1	0.01	0.01	-0.0	0.1	-0.0	-0.0	-28.79					0.02	0.02	0.14	0.01	0.01	-0.04	0.14	-0.0	-0.0	-28.79					-0.020000000000000018	-0.020000000000000018	1.4500000000000002	-0.006802721088435382	-0.006779686985378769	0.48986486486486536	1.4500000000000002	0.002911158672019826	0.0028925053034074555	74.21400780013411				
2021-10-25 07:00:00	16000	3.0	2.96	3.0	2.96	2.74	CFV.MI	2.41	2.41	2.38	2.38	3.48	2.2	-1.0	-1.0	-1.0	-1	-1.0	-1.0	1.0	-1.0	-1.0	1.0									-1.0			3.97		2.38								-1.0			4.63	-0.0	-0.0	0.74	-0.0	-0.0	0.27	3.5	0.74	0.0	0.0	74.21					1	-0.0	-0.0	-0.76	-0.0	-0.0	-0.14	-0.76	0.0	0.0	94.8					0.0	0.0	0.1	0.0	0.0	-0.0	0.1	-0.0	-0.0	-28.79					0.0	0.0	0.14	0.0	0.0	-0.04	0.14	-0.0	-0.0	-28.79					-0.0	-0.0	1.4500000000000002	-0.0	-0.0	0.48986486486486536	1.4500000000000002	0.002911158672019826	0.0028925053034074555	74.21400780013411				
2021-10-26 07:00:00	3000	3.0	3.0	3.0	3.0	2.78	CFV.MI	2.4	2.4	2.4	2.4	3.48	2.2	-1.0	-1.0	-1.0	-1	-1.0	-1.0	1.0	-1.0	-1.0	1.0	3.0								-1.0			3.97	2.4									-1.0			4.63	-0.04	-0.04	0.7	-0.01	-0.01	0.26	3.5	0.7	0.0	0.0	72.97					1	-0.04	-0.04	-0.8	-0.01	-0.01	-0.15	-0.8	0.0	0.0	93.04					0.04	0.04	0.14	0.01	0.01	0.01	0.14	-0.0	-0.0	-27.82					0.04	0.04	0.18	0.01	0.01	-0.02	0.18	-0.0	-0.0	-27.82					-0.040000000000000036	-0.040000000000000036	1.4100000000000001	-0.013513513513513598	-0.01342302033214077	0.4700000000000004	1.4100000000000001	0.002891829244129669	0.002873017614525075	72.97277998534796				
2021-10-27 07:00:00	50000	2.97	2.85	2.97	2.86	2.65	CFV.MI	2.39	2.39	2.29	2.3	3.48	2.2	-1.0	-1.0	-1.0	-1	-1.0	-1.0	1.0	-1.0	-1.0	1.0									-1.0			3.97										-1.0			4.63	0.14	0.14	0.84	0.05	0.05	0.32	3.5	0.84	0.0	0.0	80.25					1	0.14	0.14	-0.66	0.05	0.05	-0.11	-0.66	0.0	0.0	102.82					-0.14	-0.14	-0.0	-0.05	-0.05	-0.04	-0.0	-0.0	-0.0	-35.95					-0.14	-0.14	0.04	-0.05	-0.05	-0.07	0.04	-0.0	-0.0	-35.95					0.14000000000000012	0.14000000000000012	1.5500000000000003	0.046666666666666745	0.04779066383634855	0.5419580419580425	1.5500000000000003	0.0033489540292895607	0.003329128673890569	80.25062954424918				
2021-10-28 07:00:00	20000	2.86	2.78	2.86	2.8	2.59	CFV.MI	2.29	2.29	2.23	2.25	3.48	2.2	-1.0	-1.0	-1.0	-1	-1.0	-1.0	1.0	-1.0	-1.0	1.0									-1.0			3.97										-1.0			4.63	0.06	0.06	0.9	0.02	0.02	0.35	3.5	0.9	0.0	0.0	80.53					1	0.06	0.06	-0.6	0.02	0.02	-0.09	-0.6	0.0	0.0	103.22					-0.06	-0.06	-0.06	-0.02	-0.02	-0.06	-0.06	-0.0	-0.0	-36.34					-0.06	-0.06	-0.02	-0.02	-0.02	-0.09	-0.02	-0.0	-0.0	-36.34					0.06000000000000005	0.06000000000000005	1.6100000000000003	0.020979020979021046	0.02120220765060305	0.5750000000000006	1.6100000000000003	0.003382208483632923	0.003362229685086371	80.53064203505781				
2021-10-29 07:00:00	5000	2.82	2.75	2.82	2.79	2.59	CFV.MI	2.26	2.26	2.21	2.24	3.48	2.2	-1.0	-1.0	-1.0	-1	-1.0	-1.0	1.0	-1.0	-1.0	1.0									-1.0			3.97										-1.0			4.63	0.01	0.01	0.91	0.0	0.0	0.35	3.47	0.91	0.0	0.0	87.19					1	0.01	0.01	-0.59	0.0	0.0	-0.09	-0.59	0.0	0.0	112.0					-0.01	-0.01	-0.07	-0.0	-0.0	-0.06	-0.07	-0.0	-0.0	-42.37					-0.01	-0.01	-0.03	-0.0	-0.0	-0.09	-0.03	-0.0	-0.0	-42.37					0.009999999999999787	0.009999999999999787	1.62	0.0035714285714284477	0.003577821347883855	0.5806451612903232	1.62	0.0035840364717440896	0.003564622406811102	87.19289308798787				
2021-11-01 08:00:00	9000	2.8	2.71	2.8	2.72	2.52	CFV.MI	2.22	2.22	2.15	2.16	3.48	2.15	-1.0	-1.0	-1.0	-1	-1.0	-1.0	1.0	-1.0	-1.0	1.0		2.71		2.71					-1.0			3.97										-1.0			4.63	0.07	0.07	0.98	0.03	0.03	0.39	3.47	0.98	0.0	0.0	87.95					1	0.07	0.07	-0.52	0.03	0.03	-0.07	-0.52	0.0	0.0	113.06					-0.07	-0.07	-0.14	-0.03	-0.03	-0.09	-0.14	-0.0	-0.0	-43.44					-0.07	-0.07	-0.1	-0.03	-0.03	-0.12	-0.1	-0.0	-0.0	-43.44					0.06999999999999984	0.06999999999999984	1.69	0.02508960573476693	0.025409715525368214	0.6213235294117649	1.69	0.00368096243601588	0.0036611139235300794	87.94809097644443				
2021-11-02 08:00:00	5000	2.76	2.71	2.71	2.75	2.55	CFV.MI	2.15	2.19	2.15	2.18	3.48	2.15	-1.0	-1.0	-1.0	-1	-1.0	-1.0	1.0	-1.0	-1.0	1.0									-1.0			3.97		2.15								-1.0			4.63	-0.03	-0.03	0.95	-0.01	-0.01	0.37	3.44	0.95	0.0	0.0	82.09					1	-0.03	-0.03	-0.55	-0.01	-0.01	-0.08	-0.55	0.0	0.0	105.43					0.03	0.03	-0.11	0.01	0.01	-0.08	-0.11	-0.0	-0.0	-41.29					0.03	0.03	-0.07	0.01	0.01	-0.11	-0.07	-0.0	-0.0	-41.29					-0.029999999999999805	-0.029999999999999805	1.6600000000000001	-0.011029411764705843	-0.010969031370573937	0.603636363636364	1.6600000000000001	0.0035095106728152024	0.0034890544929349065	82.08648772701119				
2021-11-03 08:00:00	1000	2.79	2.79	2.79	2.79	2.59	CFV.MI	2.2	2.2	2.2	2.2	3.48	2.15	-1.0	-1.0	-1.0	-1	-1.0	-1.0	1.0	-1.0	-1.0	1.0									-1.0			3.97	2.2									-1.0			4.63	-0.04	-0.04	0.91	-0.01	-0.01	0.35	3.44	0.91	0.0	0.0	83.11					1	-0.04	-0.04	-0.59	-0.01	-0.01	-0.09	-0.59	0.0	0.0	106.89					0.04	0.04	-0.07	0.01	0.01	-0.06	-0.07	-0.0	-0.0	-42.11					0.04	0.04	-0.03	0.01	0.01	-0.09	-0.03	-0.0	-0.0	-42.11					-0.040000000000000036	-0.040000000000000036	1.62	-0.014545454545454639	-0.014440684154794428	0.5806451612903227	1.62	0.0035243907438159555	0.003504064486463454	83.11265104510541				
2021-11-04 08:00:00	1000	2.8	2.8	2.8	2.8	2.59	CFV.MI	2.19	2.19	2.19	2.19	3.48	2.15	-1.0	-1.0	-1.0	-1	-1.0	-1.0	1.0	-1.0	-1.0	1.0									-1.0			3.97										-1.0			4.63	-0.01	-0.01	0.9	-0.0	-0.0	0.35	3.32	0.9	0.0	0.0	78.97					1	-0.01	-0.01	-0.6	-0.0	-0.0	-0.09	-0.6	0.0	0.0	101.69					0.01	0.01	-0.06	0.0	0.0	-0.06	-0.06	-0.0	-0.0	-38.09					0.01	0.01	-0.02	0.0	0.0	-0.09	-0.02	-0.0	-0.0	-38.09					-0.009999999999999787	-0.009999999999999787	1.6100000000000003	-0.0035842293906809264	-0.0035778213478839024	0.5750000000000004	1.6100000000000003	0.003360825023010492	0.003340211324669884	78.96546865002162				
2021-11-05 08:00:00	4000	2.82	2.8	2.8	2.82	2.61	CFV.MI	2.17	2.19	2.17	2.19	3.48	2.15	-1.0	-1.0	-1.0	-1	-1.0	-1.0	1.0	-1.0	-1.0	1.0	2.82								-1.0			3.97										-1.0			4.63	-0.02	-0.02	0.88	-0.01	-0.01	0.34	3.16	0.88	0.0	0.0	74.19					1	-0.02	-0.02	-0.62	-0.01	-0.01	-0.1	-0.62	0.0	0.0	95.61					0.02	0.02	-0.04	0.01	0.01	-0.05	-0.04	-0.0	-0.0	-36.77					0.02	0.02	-0.0	0.01	0.01	-0.08	-0.0	-0.0	-0.0	-36.77					-0.020000000000000018	-0.020000000000000018	1.5900000000000003	-0.0071428571428571175	-0.007117467768863955	0.563829787234043	1.5900000000000003	0.0032006655992930745	0.003179588029162961	74.18771876098526				
2021-11-08 08:00:00	7000	2.82	2.74	2.81	2.75	2.55	CFV.MI	2.19	2.19	2.13	2.14	3.48	2.13	-1.0	-1.0	-1.0	-1	-1.0	-1.0	1.0	-1.0	-1.0	1.0		2.74							-1.0			3.97		2.13		2.13						-1.0			4.63	0.07	0.07	0.95	0.02	0.03	0.37	3.09	0.95	0.0	0.0	75.12					1	0.07	0.07	-0.55	0.02	0.03	-0.08	-0.55	0.0	0.0	96.92					-0.07	-0.07	-0.11	-0.02	-0.03	-0.08	-0.11	-0.0	-0.0	-38.0					-0.07	-0.07	-0.07	-0.02	-0.03	-0.11	-0.07	-0.0	-0.0	-38.0					0.06999999999999984	0.06999999999999984	1.6600000000000001	0.024822695035460973	0.025135973271542274	0.603636363636364	1.6600000000000001	0.0033086890736928757	0.0032870725006932666	75.11672603166761				
2021-11-09 08:00:00	23000	2.88	2.8	2.8	2.83	2.62	CFV.MI	2.2	2.26	2.2	2.22	3.48	2.13	-1.0	-1.0	-1.0	-1	-1.0	-1.0	1.0	-1.0	-1.0	1.0	2.88		2.88						-1.0			3.97	2.26									-1.0			4.63	-0.08	-0.08	0.87	-0.03	-0.03	0.33	3.05	0.87	0.0	0.0	65.52					1	-0.08	-0.08	-0.63	-0.03	-0.03	-0.1	-0.63	0.0	0.0	84.07					0.08	0.08	-0.03	0.03	0.03	-0.05	-0.03	-0.0	-0.0	-29.43					0.08	0.08	0.01	0.03	0.03	-0.08	0.01	-0.0	-0.0	-29.43					-0.08000000000000007	-0.08000000000000007	1.58	-0.029090909090909056	-0.028675799976666298	0.5583038869257955	1.58	0.003013536679904229	0.0029910185946295798	65.52051829287731				
2021-11-10 08:00:00	1000	2.83	2.83	2.83	2.83	2.62	CFV.MI	2.21	2.21	2.21	2.21	3.48	2.13	-1.0	-1.0	-1.0	-1	-1.0	-1.0	1.0	-1.0	-1.0	1.0									-1.0			3.97										-1.0			4.63	-0.0	-0.0	0.87	-0.0	-0.0	0.33	3.02	0.87	0.0	0.0	65.22					1	-0.0	-0.0	-0.63	-0.0	-0.0	-0.1	-0.63	0.0	0.0	83.64					0.0	0.0	-0.03	0.0	0.0	-0.05	-0.03	-0.0	-0.0	-26.02					0.0	0.0	0.01	0.0	0.0	-0.08	0.01	-0.0	-0.0	-26.02					-0.0	-0.0	1.58	-0.0	-0.0	0.5583038869257955	1.58	0.0029800230847893995	0.0029576801081430126	65.21816951086917				
2021-11-11 08:00:00	20000	2.89	2.79	2.86	2.81	2.6	CFV.MI	2.23	2.26	2.18	2.19	3.48	2.13	-1.0	-1.0	-1.0	-1	-1.0	-1.0	1.0	-1.0	-1.0	1.0									-1.0			3.97										-1.0			4.63	0.02	0.02	0.89	0.01	0.01	0.34	3.02	0.89	0.0	0.0	74.93					1	0.02	0.02	-0.61	0.01	0.01	-0.1	-0.61	0.0	0.0	96.67					-0.02	-0.02	-0.05	-0.01	-0.01	-0.06	-0.05	-0.0	-0.0	-34.57					-0.02	-0.02	-0.01	-0.01	-0.01	-0.09	-0.01	-0.0	-0.0	-34.57					0.020000000000000018	0.020000000000000018	1.6	0.007067137809187329	0.00709222830949191	0.5693950177935947	1.6	0.0032711630379884246	0.0032497695449575925	74.9346706006705				
2021-11-12 08:00:00	10000	2.85	2.8	2.8	2.83	2.62	CFV.MI	2.18	2.22	2.18	2.2	3.48	2.13	-1.0	-1.0	-1.0	-1	-1.0	-1.0	1.0	-1.0	-1.0	1.0									-1.0			3.97										-1.0			4.63	-0.02	-0.02	0.87	-0.01	-0.01	0.33	3.02	0.87	0.0	0.0	70.27					1	-0.02	-0.02	-0.63	-0.01	-0.01	-0.1	-0.63	0.0	0.0	90.74					0.02	0.02	-0.03	0.01	0.01	-0.05	-0.03	-0.0	-0.0	-33.31					0.02	0.02	0.01	0.01	0.01	-0.08	0.01	-0.0	-0.0	-33.31					-0.020000000000000018	-0.020000000000000018	1.58	-0.007117437722419906	-0.007092228309491837	0.5583038869257955	1.58	0.0031086679457158176	0.0030868182831711444	70.2663309744125				
2021-11-15 08:00:00	9000	2.84	2.78	2.83	2.78	2.58	CFV.MI	2.19	2.2	2.15	2.15	3.48	2.13	-1.0	-1.0	-1.0	-1	-1.0	-1.0	1.0	-1.0	-1.0	1.0									-1.0			3.97										-1.0			4.63	0.05	0.05	0.92	0.02	0.02	0.36	3.02	0.92	0.0	0.0	71.23					1	0.05	0.05	-0.58	0.02	0.02	-0.09	-0.58	0.0	0.0	92.1					-0.05	-0.05	-0.08	-0.02	-0.02	-0.07	-0.08	-0.0	-0.0	-37.63					-0.05	-0.05	-0.04	-0.02	-0.02	-0.1	-0.04	-0.0	-0.0	-37.63					0.050000000000000266	0.050000000000000266	1.6300000000000003	0.017667844522968323	0.017825783952600687	0.5863309352517994	1.6300000000000003	0.003219187806221942	0.003196764525707385	71.23208346737552				
2021-11-16 08:00:00	11000	2.84	2.76	2.83	2.76	2.56	CFV.MI	2.2	2.2	2.14	2.14	3.48	2.13	-1.0	-1.0	-1.0	-1	-1.0	-1.0	1.0	-1.0	-1.0	1.0		2.76							-1.0			3.97		2.14								-1.0			4.63	0.02	0.02	0.94	0.01	0.01	0.37	3.0	0.94	0.0	0.0	76.42					1	0.02	0.02	-0.56	0.01	0.01	-0.08	-0.56	0.0	0.0	98.76					-0.02	-0.02	-0.1	-0.01	-0.01	-0.07	-0.1	-0.0	-0.0	-42.62					-0.02	-0.02	-0.06	-0.01	-0.01	-0.1	-0.06	-0.0	-0.0	-42.62					0.020000000000000018	0.020000000000000018	1.6500000000000004	0.007194244604316502	0.00722024797348702	0.5978260869565224	1.6500000000000004	0.003431807619280452	0.003409643614265434	76.4201019815244				
2021-11-17 08:00:00	13000	2.87	2.76	2.76	2.8	2.59	CFV.MI	2.14	2.22	2.14	2.17	3.48	2.13	-1.0	-1.0	-1.0	-1	-1.0	-1.0	1.0	-1.0	-1.0	1.0	2.87								-1.0			3.97	2.22									-1.0			4.63	-0.04	-0.04	0.9	-0.01	-0.01	0.35	3.0	0.9	0.0	0.0	69.8					1	-0.04	-0.04	-0.6	-0.01	-0.01	-0.09	-0.6	0.0	0.0	90.66					0.04	0.04	-0.06	0.01	0.01	-0.06	-0.06	-0.0	-0.0	-36.44					0.04	0.04	-0.02	0.01	0.01	-0.09	-0.02	-0.0	-0.0	-36.44					-0.040000000000000036	-0.040000000000000036	1.6100000000000003	-0.01449275362318847	-0.01438873745209967	0.5750000000000006	1.6100000000000003	0.003190403173835067	0.0031677875369360287	69.79587276716978				
2021-11-18 08:00:00	7000	2.8	2.75	2.8	2.75	2.55	CFV.MI	2.18	2.18	2.14	2.14	3.48	2.13	-1.0	-1.0	-1.0	-1	-1.0	-1.0	1.0	-1.0	-1.0	1.0									-1.0			3.97		2.14								-1.0			4.63	0.05	0.05	0.95	0.02	0.02	0.37	3.0	0.95	0.0	0.0	70.73					1	0.05	0.05	-0.55	0.02	0.02	-0.08	-0.55	0.0	0.0	91.94					-0.05	-0.05	-0.11	-0.02	-0.02	-0.08	-0.11	-0.0	-0.0	-40.65					-0.05	-0.05	-0.07	-0.02	-0.02	-0.11	-0.07	-0.0	-0.0	-40.65					0.04999999999999982	0.04999999999999982	1.6600000000000001	0.017857142857142794	0.01801850550267825	0.603636363636364	1.6600000000000001	0.003302117907951673	0.0032789124456855667	70.73299932494393				
2021-11-19 08:00:00	18000	2.81	2.71	2.75	2.79	2.59	CFV.MI	2.17	2.22	2.14	2.2	3.48	2.13	-1.0	-1.0	-1.0	-1	-1.0	-1.0	1.0	-1.0	-1.0	1.0									-1.0			3.97	2.22									-1.0			4.63	-0.04	-0.04	0.91	-0.01	-0.01	0.35	3.0	0.91	0.0	0.0	63.65					1	-0.04	-0.04	-0.59	-0.01	-0.01	-0.09	-0.59	0.0	0.0	84.26					0.04	0.04	-0.07	0.01	0.01	-0.06	-0.07	-0.0	-0.0	-33.76					0.04	0.04	-0.03	0.01	0.01	-0.09	-0.03	-0.0	-0.0	-33.76					-0.040000000000000036	-0.040000000000000036	1.62	-0.014545454545454639	-0.014440684154794428	0.5806451612903227	1.62	0.002975580681496005	0.002952373289534238	63.64732724797221				
2021-11-22 08:00:00	8000	2.8	2.72	2.72	2.79	2.59	CFV.MI	2.14	2.21	2.14	2.2	3.48	2.13	-1.0	-1.0	-1.0	-1	-1.0	-1.0	1.0	-1.0	-1.0	1.0									-1.0			3.97		2.14								-1.0			4.63	-0.0	-0.0	0.91	-0.0	-0.0	0.35	3.0	0.91	0.0	0.0	63.35					1	-0.0	-0.0	-0.59	-0.0	-0.0	-0.09	-0.59	0.0	0.0	84.26					0.0	0.0	-0.07	0.0	0.0	-0.06	-0.07	-0.0	-0.0	-30.39					0.0	0.0	-0.03	0.0	0.0	-0.09	-0.03	-0.0	-0.0	-30.39					-0.0	-0.0	1.62	-0.0	-0.0	0.5806451612903227	1.62	0.0029426965048232594	0.0029196672490010567	63.34926082875347				
2021-11-23 08:00:00	10000	2.75	2.74	2.75	2.74	2.54	CFV.MI	2.2	2.2	2.19	2.19	3.48	2.13	-1.0	-1.0	-1.0	-1	-1.0	-1.0	1.0	-1.0	-1.0	1.0									-1.0			3.97	2.2									-1.0			4.63	0.05	0.05	0.96	0.02	0.02	0.38	2.97	0.96	0.0	0.0	64.33					1	0.05	0.05	-0.54	0.02	0.02	-0.07	-0.54	0.0	0.0	85.52					-0.05	-0.05	-0.12	-0.02	-0.02	-0.08	-0.12	-0.0	-0.0	-34.62					-0.05	-0.05	-0.08	-0.02	-0.02	-0.11	-0.08	-0.0	-0.0	-34.62					0.04999999999999982	0.04999999999999982	1.67	0.017921146953404965	0.01808367543329535	0.6094890510948907	1.67	0.003053006924966361	0.003029377416331913	64.33428955430165				
2021-11-24 08:00:00	3000	2.74	2.71	2.74	2.72	2.52	CFV.MI	2.18	2.18	2.16	2.16	3.48	2.13	-1.0	-1.0	-1.0	-1	-1.0	-1.0	1.0	-1.0	-1.0	1.0									-1.0			3.97										-1.0			4.63	0.02	0.02	0.98	0.01	0.01	0.39	2.89	0.98	0.0	0.0	70.45					1	0.02	0.02	-0.52	0.01	0.01	-0.07	-0.52	0.0	0.0	93.33					-0.02	-0.02	-0.14	-0.01	-0.01	-0.09	-0.14	-0.0	-0.0	-40.39					-0.02	-0.02	-0.1	-0.01	-0.01	-0.12	-0.1	-0.0	-0.0	-40.39					0.020000000000000018	0.020000000000000018	1.69	0.007299270072992692	0.007326040092072898	0.6213235294117649	1.69	0.0032904478897734716	0.003267250126090193	70.45319217259735				
2021-11-25 08:00:00	4000	2.7	2.7	2.7	2.7	2.5	CFV.MI	2.15	2.15	2.15	2.15	3.48	2.13	-1.0	-1.0	-1.0	-1	-1.0	-1.0	1.0	-1.0	-1.0	1.0		2.7							-1.0			3.97		2.15								-1.0			4.63	0.02	0.02	1.0	0.01	0.01	0.4	2.89	1.0	0.0	0.0	70.56					1	0.02	0.02	-0.5	0.01	0.01	-0.06	-0.5	0.0	0.0	93.8					-0.02	-0.02	-0.16	-0.01	-0.01	-0.09	-0.16	-0.0	-0.0	-40.52					-0.02	-0.02	-0.12	-0.01	-0.01	-0.12	-0.12	-0.0	-0.0	-40.52					0.020000000000000018	0.020000000000000018	1.71	0.007352941176470562	0.007380107297622534	0.6333333333333333	1.71	0.0033030493957938406	0.003279784636588623	70.55675402632586				
2021-11-26 08:00:00	27000	2.77	2.56	2.67	2.77	2.57	CFV.MI	2.23	2.31	2.14	2.31	3.48	2.13	-1.0	-1.0	1.0	-1	-1.0	-1.0	1.0	-1.0	-1.0	1.0									-1.0			3.97										-1.0			4.63	-0.07	-0.07	0.93	-0.03	-0.03	0.36	2.89	0.93	0.0	0.0	62.04					1	-0.07	-0.07	-0.57	-0.03	-0.03	-0.08	-0.57	0.0	0.0	82.67					0.07	0.07	-0.09	0.03	0.03	-0.07	-0.09	-0.0	-0.0	-32.73					0.07	0.07	-0.05	0.03	0.03	-0.1	-0.05	-0.0	-0.0	-32.73					-0.06999999999999984	-0.06999999999999984	1.6400000000000001	-0.025925925925925908	-0.025595547188963723	0.5920577617328522	1.6400000000000001	0.003013361145275836	0.002989277095538201	62.04267015003571				
2021-11-29 08:00:00	6000	2.83	2.79	2.79	2.83	2.62	CFV.MI	2.31	2.34	2.31	2.34	3.48	2.13	-1.0	-1.0	1.0	-1	-1.0	-1.0	1.0	-1.0	-1.0	1.0	2.83								-1.0			3.97										-1.0			4.63	-0.06	-0.06	0.87	-0.02	-0.02	0.33	2.89	0.87	0.0	0.0	63.05					1	-0.06	-0.06	-0.63	-0.02	-0.02	-0.1	-0.63	0.0	0.0	84.07					0.06	0.06	-0.03	0.02	0.02	-0.05	-0.03	-0.0	-0.0	-33.57					0.06	0.06	0.01	0.02	0.02	-0.08	0.01	-0.0	-0.0	-33.57					-0.06000000000000005	-0.06000000000000005	1.58	-0.02166064981949467	-0.02142939145589921	0.558303886925795	1.58	0.0030337926822182584	0.0030098862418965755	63.045810815922856				
2021-11-30 08:00:00	4000	2.81	2.8	2.8	2.83	2.62	CFV.MI	2.34	2.35	2.34	2.36	3.48	2.13	-1.0	-1.0	1.0	-1	-1.0	-1.0	1.0	-1.0	-1.0	1.0		2.8							-1.0			3.97	2.35		2.35							-1.0			4.63	-0.0	-0.0	0.87	-0.0	-0.0	0.33	2.89	0.87	0.0	0.0	72.46					1	-0.0	-0.0	-0.63	-0.0	-0.0	-0.1	-0.63	0.0	0.0	96.56					0.0	0.0	-0.03	0.0	0.0	-0.05	-0.03	-0.0	-0.0	-38.89					0.0	0.0	0.01	0.0	0.0	-0.08	0.01	-0.0	-0.0	-38.89					-0.0	-0.0	1.58	-0.0	-0.0	0.558303886925795	1.58	0.0032937706318873117	0.0032711246295555885	72.45833356394593				
2021-12-01 08:00:00	1000	2.83	2.83	2.83	2.83	2.62	CFV.MI	2.31	2.31	2.31	2.31	3.48	2.13	-1.0	-1.0	1.0	-1	-1.0	-1.0	1.0	-1.0	-1.0	1.0	2.83								-1.0			3.97										-1.0			4.63	-0.0	-0.0	0.87	-0.0	-0.0	0.33	2.89	0.87	0.0	0.0	71.78					1	-0.0	-0.0	-0.63	-0.0	-0.0	-0.1	-0.63	0.0	0.0	96.56					0.0	0.0	-0.03	0.0	0.0	-0.05	-0.03	-0.0	-0.0	-34.95					0.0	0.0	0.01	0.0	0.0	-0.08	0.01	-0.0	-0.0	-34.95					-0.0	-0.0	1.58	-0.0	-0.0	0.558303886925795	1.58	0.0032141803219710914	0.003191950192059867	71.78330155712871				
2021-12-02 08:00:00	3000	2.79	2.73	2.79	2.73	2.53	CFV.MI	2.31	2.31	2.26	2.26	3.48	2.13	-1.0	-1.0	1.0	-1	-1.0	-1.0	1.0	-1.0	-1.0	1.0									-1.0			3.97										-1.0			4.63	0.1	0.1	0.97	0.04	0.04	0.38	2.89	0.97	0.0	0.0	73.37					1	0.1	0.1	-0.53	0.04	0.04	-0.07	-0.53	0.0	0.0	98.77					-0.1	-0.1	-0.13	-0.04	-0.04	-0.08	-0.13	-0.0	-0.0	-37.04					-0.1	-0.1	-0.09	-0.04	-0.04	-0.11	-0.09	-0.0	-0.0	-37.04					0.10000000000000009	0.10000000000000009	1.6800000000000002	0.035335689045936425	0.035975102458277924	0.6153846153846154	1.6800000000000002	0.0034051015330120297	0.003381867384075088	73.36931834303425				
2021-12-03 08:00:00	2000	2.73	2.73	2.73	2.73	2.53	CFV.MI	2.27	2.27	2.27	2.27	3.48	2.13	-1.0	-1.0	1.0	-1	-1.0	-1.0	1.0	-1.0	-1.0	1.0									-1.0			3.97										-1.0			4.63	-0.0	-0.0	0.97	-0.0	-0.0	0.38	2.89	0.97	0.0	0.0	77.57					1	-0.0	-0.0	-0.53	-0.0	-0.0	-0.07	-0.53	0.0	0.0	98.77					0.0	0.0	-0.13	0.0	0.0	-0.08	-0.13	-0.0	-0.0	-37.96					0.0	0.0	-0.09	0.0	0.0	-0.11	-0.09	-0.0	-0.0	-37.96					-0.0	-0.0	1.6800000000000002	-0.0	-0.0	0.6153846153846154	1.6800000000000002	0.0035647928801489136	0.0035419740602837813	77.56745700909654				
2021-12-06 08:00:00	7000	2.75	2.64	2.75	2.65	2.46	CFV.MI	2.24	2.24	2.15	2.16	3.39	2.13	-1.0	-1.0	1.0	-1	-1.0	-1.0	1.0	-1.0	-1.0	1.0									-1.0			3.97										-1.0			4.63	0.08	0.08	1.05	0.03	0.03	0.42	2.89	1.05	0.0	0.0	77.74					1	0.08	0.08	-0.45	0.03	0.03	-0.04	-0.45	0.0	0.0	100.45					-0.08	-0.08	-0.21	-0.03	-0.03	-0.11	-0.21	-0.0	-0.0	-38.2					-0.08	-0.08	-0.17	-0.03	-0.03	-0.14	-0.17	-0.0	-0.0	-38.2					0.08000000000000007	0.08000000000000007	1.7600000000000002	0.02930402930402931	0.02974196919873753	0.6641509433962265	1.7600000000000002	0.0035872364009358016	0.003564301676109105	77.73912109955194				
2021-12-07 08:00:00	1000	2.65	2.65	2.65	2.65	2.46	CFV.MI	2.11	2.11	2.11	2.11	3.39	2.11	-1.0	-1.0	-1.0	-1	-1.0	-1.0	1.0	-1.0	-1.0	1.0									-1.0			3.97		2.11								-1.0			4.63	-0.0	-0.0	1.05	-0.0	-0.0	0.42	2.89	1.05	0.0	0.0	77.74					1	-0.0	-0.0	-0.45	-0.0	-0.0	-0.04	-0.45	0.0	0.0	100.45					0.0	0.0	-0.21	0.0	0.0	-0.11	-0.21	-0.0	-0.0	-38.2					0.0	0.0	-0.17	0.0	0.0	-0.14	-0.17	-0.0	-0.0	-38.2					-0.0	-0.0	1.7600000000000002	-0.0	-0.0	0.6641509433962265	1.7600000000000002	0.0035872364009358016	0.003564301676109105	77.73912109955194				
2021-12-08 08:00:00	9000	2.69	2.6	2.63	2.62	2.43	CFV.MI	2.12	2.17	2.1	2.11	3.37	2.1	-1.0	-1.0	-1.0	-1	-1.0	-1.0	1.0	-1.0	-1.0	1.0									-1.0			3.97	2.17									-1.0			4.63	0.03	0.03	1.08	0.01	0.01	0.44	2.89	1.08	0.0	0.0	88.36					1	0.03	0.03	-0.42	0.01	0.01	-0.03	-0.42	0.0	0.0	101.06					-0.03	-0.03	-0.24	-0.01	-0.01	-0.12	-0.24	-0.0	-0.0	-47.57					-0.03	-0.03	-0.2	-0.01	-0.01	-0.15	-0.2	-0.0	-0.0	-47.57					0.029999999999999805	0.029999999999999805	1.79	0.011320754716981019	0.011385322225125241	0.6832061068702289	1.79	0.003903997441286538	0.003881889717702869	88.35601036357258				
2021-12-09 08:00:00	9000	2.62	2.6	2.62	2.6	2.41	CFV.MI	2.11	2.11	2.09	2.09	3.35	2.09	-1.0	-1.0	-1.0	-1	-1.0	-1.0	1.0	-1.0	-1.0	1.0									-1.0			3.97										-1.0			4.63	0.02	0.02	1.1	0.01	0.01	0.45	2.87	1.1	0.0	0.0	87.75					1	0.02	0.02	-0.4	0.01	0.01	-0.02	-0.4	0.0	0.0	101.46					-0.02	-0.02	-0.26	-0.01	-0.01	-0.13	-0.26	-0.0	-0.0	-46.74					-0.02	-0.02	-0.22	-0.01	-0.01	-0.15	-0.22	-0.0	-0.0	-46.74					0.020000000000000018	0.020000000000000018	1.81	0.007633587786259555	0.007662872745569137	0.6961538461538459	1.81	0.0038197016706799916	0.003798010780279526	87.74762454623342				
2021-12-10 08:00:00	4000	2.6	2.58	2.6	2.59	2.4	CFV.MI	2.1	2.1	2.08	2.09	3.35	2.08	-1.0	-1.0	-1.0	-1	-1.0	-1.0	1.0	-1.0	-1.0	1.0		2.58							-1.0			3.97		2.08								-1.0			4.63	0.01	0.01	1.11	0.0	0.0	0.46	2.87	1.11	0.0	0.0	96.8					1	0.01	0.01	-0.39	0.0	0.0	-0.02	-0.39	0.0	0.0	101.66					-0.01	-0.01	-0.27	-0.0	-0.0	-0.13	-0.27	-0.0	-0.0	-54.72					-0.01	-0.01	-0.23	-0.0	-0.0	-0.16	-0.23	-0.0	-0.0	-54.72					0.010000000000000231	0.010000000000000231	1.8200000000000003	0.0038461538461539435	0.0038535693159900777	0.7027027027027026	1.8200000000000003	0.004054973001262122	0.004034083412470357	96.8043533431694				
2021-12-13 08:00:00	8000	2.66	2.59	2.6	2.59	2.4	CFV.MI	2.11	2.16	2.1	2.1	3.35	2.08	-1.0	-1.0	-1.0	-1	-1.0	-1.0	1.0	-1.0	-1.0	1.0	2.66								-1.0			3.97	2.16									-1.0			4.63	-0.0	-0.0	1.11	-0.0	-0.0	0.46	2.87	1.11	0.0	0.0	95.59					1	-0.0	-0.0	-0.39	-0.0	-0.0	-0.02	-0.39	0.0	0.0	101.66					0.0	0.0	-0.27	0.0	0.0	-0.13	-0.27	-0.0	-0.0	-49.78					0.0	0.0	-0.23	0.0	0.0	-0.16	-0.23	-0.0	-0.0	-49.78					-0.0	-0.0	1.8200000000000003	-0.0	-0.0	0.7027027027027026	1.8200000000000003	0.003885250565238165	0.0038651553478243894	95.58846925424999				
2021-12-14 08:00:00	9000	2.64	2.54	2.64	2.6	2.41	CFV.MI	2.14	2.14	2.06	2.11	3.35	2.06	-1.0	-1.0	-1.0	-1	-1.0	-1.0	1.0	-1.0	-1.0	1.0		2.54							-1.0			3.97										-1.0			4.63	-0.01	-0.01	1.1	-0.0	-0.0	0.45	2.87	1.1	0.0	0.0	99.09					1	-0.01	-0.01	-0.4	-0.0	-0.0	-0.02	-0.4	0.0	0.0	97.08					0.01	0.01	-0.26	0.0	0.0	-0.13	-0.26	-0.0	-0.0	-52.53					0.01	0.01	-0.22	0.0	0.0	-0.15	-0.22	-0.0	-0.0	-52.53					-0.010000000000000231	-0.010000000000000231	1.81	-0.0038610038610038533	-0.0038535693159899723	0.6961538461538461	1.81	0.0039268823220206875	0.003907146246149962	99.08918718740807				
2021-12-15 08:00:00	0	2.6	2.6	2.6	2.6	2.41	CFV.MI	2.1	2.1	2.1	2.1	3.28	2.06	-1.0	-1.0	-1.0	-1	-1.0	-1.0	1.0	-1.0	-1.0	1.0	2.6								-1.0			3.97										-1.0			4.63	-0.0	-0.0	1.1	-0.0	-0.0	0.45	2.83	1.1	0.0	0.0	98.45					1	-0.0	-0.0	-0.4	-0.0	-0.0	-0.02	-0.4	0.0	0.0	97.08					0.0	0.0	-0.26	0.0	0.0	-0.13	-0.26	-0.0	-0.0	-48.29					0.0	0.0	-0.22	0.0	0.0	-0.15	-0.22	-0.0	-0.0	-48.29					-0.0	-0.0	1.81	-0.0	-0.0	0.6961538461538461	1.81	0.0038416910632362343	0.0038223444007228213	98.45041756635516				
2021-12-16 08:00:00	3000	2.58	2.56	2.58	2.56	2.37	CFV.MI	2.08	2.08	2.06	2.06	3.21	2.06	-1.0	-1.0	-1.0	-1	-1.0	-1.0	1.0	-1.0	-1.0	1.0									-1.0			3.97										-1.0			4.63	0.04	0.04	1.14	0.02	0.02	0.47	2.83	1.14	0.0	0.0	98.69					1	0.04	0.04	-0.36	0.02	0.02	-0.01	-0.36	0.0	0.0	97.89					-0.04	-0.04	-0.3	-0.02	-0.02	-0.14	-0.3	-0.0	-0.0	-48.63					-0.04	-0.04	-0.26	-0.02	-0.02	-0.17	-0.26	-0.0	-0.0	-48.63					0.040000000000000036	0.040000000000000036	1.85	0.015384615384615441	0.015504186535965312	0.72265625	1.85	0.0038735021114919077	0.0038540104904059014	98.69125483509646				
2021-12-17 08:00:00	2000	2.56	2.56	2.56	2.56	2.37	CFV.MI	2.07	2.07	2.07	2.07	3.21	2.06	-1.0	-1.0	-1.0	-1	-1.0	-1.0	1.0	-1.0	-1.0	1.0									-1.0			3.97										-1.0			4.63	-0.0	-0.0	1.14	-0.0	-0.0	0.47	2.83	1.14	0.0	0.0	98.02					1	-0.0	-0.0	-0.36	-0.0	-0.0	-0.01	-0.36	0.0	0.0	97.89					0.0	0.0	-0.3	0.0	0.0	-0.14	-0.3	-0.0	-0.0	-44.32					0.0	0.0	-0.26	0.0	0.0	-0.17	-0.26	-0.0	-0.0	-44.32					-0.0	-0.0	1.85	-0.0	-0.0	0.72265625	1.85	0.003786252479332993	0.00376715715726772	98.02393084819059				
2021-12-20 08:00:00	6000	2.5	2.47	2.5	2.47	2.29	CFV.MI	2.06	2.06	2.03	2.03	3.21	2.03	-1.0	-1.0	-1.0	-1	-1.0	-1.0	1.0	-1.0	-1.0	1.0		2.47		2.47					-1.0			3.97		2.03		2.03						-1.0			4.63	0.09	0.09	1.23	0.04	0.04	0.53	2.83	1.23	0.0	0.0	99.63					1	0.09	0.09	-0.27	0.04	0.04	0.03	-0.27	0.0	0.0	99.63					-0.09	-0.09	-0.39	-0.04	-0.04	-0.17	-0.39	-0.0	-0.0	-46.66					-0.09	-0.09	-0.35	-0.04	-0.04	-0.2	-0.35	-0.0	-0.0	-46.66					0.08999999999999986	0.08999999999999986	1.94	0.03515624999999989	0.035789107851585164	0.7854251012145748	1.94	0.004001290329982967	0.003981210975887883	99.63127468742812				
2021-12-21 08:00:00	21000	2.58	2.43	2.45	2.55	2.36	CFV.MI	1.98	2.09	1.97	2.06	3.19	1.97	-1.0	-1.0	-1.0	-1	-1.0	-1.0	1.0	-1.0	-1.0	1.0									-1.0			3.97										-1.0			4.63	-0.08	-0.08	1.15	-0.03	-0.03	0.48	2.83	1.15	0.0	0.0	91.35					1	-0.08	-0.08	-0.35	-0.03	-0.03	-0.0	-0.35	0.0	0.0	91.35					0.08	0.08	-0.31	0.03	0.03	-0.14	-0.31	-0.0	-0.0	-40.42					0.08	0.08	-0.27	0.03	0.03	-0.17	-0.27	-0.0	-0.0	-40.42					-0.07999999999999963	-0.07999999999999963	1.8600000000000003	-0.0323886639676112	-0.03187520853044882	0.7294117647058824	1.8600000000000003	0.003899199365718497	0.003878225904926147	91.34734406060713				
2021-12-22 08:00:00	12000	2.68	2.64	2.66	2.65	2.46	CFV.MI	2.14	2.15	2.12	2.13	3.19	1.97	-1.0	-1.0	-1.0	-1	-1.0	-1.0	1.0	-1.0	-1.0	1.0	2.68								-1.0			3.97	2.15									-1.0			4.63	-0.1	-0.1	1.05	-0.04	-0.04	0.42	2.83	1.05	0.0	0.0	85.63					1	-0.1	-0.1	-0.45	-0.04	-0.04	-0.04	-0.45	0.0	0.0	85.63					0.1	0.1	-0.21	0.04	0.04	-0.11	-0.21	-0.0	-0.0	-36.11					0.1	0.1	-0.17	0.04	0.04	-0.14	-0.17	-0.0	-0.0	-36.11					-0.10000000000000009	-0.10000000000000009	1.7600000000000002	-0.03921568627450989	-0.03846628082779614	0.6641509433962265	1.7600000000000002	0.0038208688649518955	0.0037991960858592133	85.62686575133151				
2021-12-23 08:00:00	7000	2.67	2.64	2.64	2.64	2.45	CFV.MI	2.11	2.13	2.11	2.11	3.19	1.97	-1.0	-1.0	-1.0	-1	-1.0	-1.0	1.0	-1.0	-1.0	1.0		2.64							-1.0			3.97		2.11								-1.0			4.63	0.01	0.01	1.06	0.0	0.0	0.43	2.83	1.06	0.0	0.0	85.3					1	0.01	0.01	-0.44	0.0	0.0	-0.04	-0.44	0.0	0.0	85.3					-0.01	-0.01	-0.22	-0.0	-0.0	-0.11	-0.22	-0.0	-0.0	-35.63					-0.01	-0.01	-0.18	-0.0	-0.0	-0.14	-0.18	-0.0	-0.0	-35.63					0.009999999999999787	0.009999999999999787	1.77	0.0037735849056602655	0.003780722839905933	0.6704545454545452	1.77	0.0037759241841524233	0.003754467217819135	85.30115731954021				
2021-12-27 08:00:00	9000	2.8	2.69	2.69	2.8	2.59	CFV.MI	2.13	2.22	2.13	2.22	3.13	1.97	-1.0	-1.0	-1.0	-1	-1.0	-1.0	1.0	-1.0	-1.0	1.0									-1.0			3.97	2.22		2.22							-1.0			4.63	-0.16	-0.16	0.9	-0.06	-0.06	0.35	2.83	0.9	0.0	0.0	76.74					1	-0.16	-0.16	-0.6	-0.06	-0.06	-0.09	-0.6	0.0	0.0	76.74					0.16	0.16	-0.06	0.06	0.06	-0.06	-0.06	-0.0	-0.0	-29.18					0.16	0.16	-0.02	0.06	0.06	-0.09	-0.02	-0.0	-0.0	-29.18					-0.1599999999999997	-0.1599999999999997	1.6100000000000003	-0.06060606060606055	-0.058840500022933395	0.575	1.6100000000000003	0.0036444533286376537	0.0036218025505576623	76.74029035990664				
2021-12-28 08:00:00	2000	2.8	2.76	2.8	2.76	2.56	CFV.MI	2.2	2.2	2.17	2.17	3.13	1.97	-1.0	-1.0	-1.0	-1	-1.0	-1.0	1.0	-1.0	-1.0	1.0									-1.0			3.97		2.17								-1.0			4.63	0.04	0.04	0.94	0.01	0.01	0.37	2.83	0.94	0.0	0.0	76.02					1	0.04	0.04	-0.56	0.01	0.01	-0.08	-0.56	0.0	0.0	76.02					-0.04	-0.04	-0.1	-0.01	-0.01	-0.07	-0.1	-0.0	-0.0	-28.12					-0.04	-0.04	-0.06	-0.01	-0.01	-0.1	-0.06	-0.0	-0.0	-28.12					0.040000000000000036	0.040000000000000036	1.6500000000000004	0.014285714285714346	0.014388737452099669	0.5978260869565217	1.6500000000000004	0.0035470451656569248	0.003524871245526251	76.01605890521762				
2021-12-29 08:00:00	6000	2.8	2.78	2.79	2.8	2.59	CFV.MI	2.2	2.21	2.19	2.21	3.13	1.97	-1.0	-1.0	-1.0	-1	-1.0	-1.0	1.0	-1.0	-1.0	1.0	2.8								-1.0			3.97	2.21									-1.0			4.63	-0.04	-0.04	0.9	-0.01	-0.01	0.35	2.83	0.9	0.0	0.0	74.14					1	-0.04	-0.04	-0.6	-0.01	-0.01	-0.09	-0.6	0.0	0.0	74.14					0.04	0.04	-0.06	0.01	0.01	-0.06	-0.06	-0.0	-0.0	-26.71					0.04	0.04	-0.02	0.01	0.01	-0.09	-0.02	-0.0	-0.0	-26.71					-0.040000000000000036	-0.040000000000000036	1.6100000000000003	-0.01449275362318847	-0.01438873745209967	0.575	1.6100000000000003	0.003515603549558754	0.0034931423647159843	74.1382292620649				
2021-12-30 08:00:00	1000	2.77	2.77	2.77	2.77	2.57	CFV.MI	2.18	2.18	2.18	2.18	3.13	1.97	-1.0	-1.0	-1.0	-1	-1.0	-1.0	1.0	-1.0	-1.0	1.0		2.77	2.77						-1.0			3.97										-1.0			4.63	0.03	0.03	0.93	0.01	0.01	0.36	2.8	0.93	0.0	0.0	74.66					1	0.03	0.03	-0.57	0.01	0.01	-0.08	-0.57	0.0	0.0	74.66					-0.03	-0.03	-0.09	-0.01	-0.01	-0.07	-0.09	-0.0	-0.0	-30.42					-0.03	-0.03	-0.05	-0.01	-0.01	-0.1	-0.05	-0.0	-0.0	-30.42					0.029999999999999805	0.029999999999999805	1.6400000000000001	0.010714285714285676	0.01077209698191107	0.5920577617328517	1.6400000000000001	0.0035856221799411754	0.0035628165280281454	74.66138674204537				
2022-01-03 08:00:00	5000	2.8	2.71	2.78	2.8	2.59	CFV.MI	2.16	2.18	2.11	2.18	3.13	1.97	-1.0	-1.0	-1.0	0	-1.0	-1.0	1.0	-1.0	-1.0	1.0									-1.0			3.97										-1.0			4.63	-0.03	-0.03	0.9	-0.01	-0.01	0.35	2.8	0.9	0.0	0.0	69.17					1	-0.03	-0.03	-0.6	-0.01	-0.01	-0.09	-0.6	0.0	0.0	69.17					0.03	0.03	-0.06	0.01	0.01	-0.06	-0.06	-0.0	-0.0	-25.26					0.03	0.03	-0.02	0.01	0.01	-0.09	-0.02	-0.0	-0.0	-25.26					-0.029999999999999805	-0.029999999999999805	1.6100000000000003	-0.010830324909747224	-0.01077209698191104	0.575	1.6100000000000003	0.003353233607877156	0.0033300495242294392	69.16699736897098				
2022-01-04 08:00:00	0	2.8	2.8	2.8	2.8	2.59	CFV.MI	2.16	2.16	2.16	2.16	3.13	1.97	-1.0	-1.0	-1.0	0	-1.0	-1.0	1.0	-1.0	-1.0	1.0	2.8								-1.0			3.97										-1.0			4.63	-0.0	-0.0	0.9	-0.0	-0.0	0.35	2.8	0.9	0.0	0.0	73.73					1	0.0	0.0	-0.6	0.0	0.0	-0.09	-0.6	0.0	0.0	73.73					0.0	0.0	-0.06	0.0	0.0	-0.06	-0.06	-0.0	-0.0	-26.49					0.0	0.0	-0.02	0.0	0.0	-0.09	-0.02	-0.0	-0.0	-26.49					-0.0	-0.0	1.6100000000000003	-0.0	-0.0	0.575	1.6100000000000003	0.003523562467188975	0.0035009313358831395	73.7251706667268				
2022-01-05 08:00:00	6000	2.75	2.63	2.75	2.73	2.53	CFV.MI	2.11	2.11	2.01	2.09	3.13	1.97	-1.0	-1.0	-1.0	0	-1.0	-1.0	1.0	-1.0	-1.0	1.0		2.63							-1.0			3.97		2.01								-1.0			4.63	0.07	0.07	0.97	0.02	0.03	0.38	2.8	0.97	0.0	0.0	74.03					1	-0.0	-0.0	-0.6	-0.0	-0.0	-0.09	-0.6	0.0	0.0	72.77					-0.07	-0.07	-0.13	-0.02	-0.03	-0.08	-0.13	-0.0	-0.0	-26.93					-0.07	-0.07	-0.09	-0.02	-0.03	-0.11	-0.09	-0.0	-0.0	-26.93					0.06999999999999984	0.06999999999999984	1.6800000000000002	0.02499999999999991	0.025317807984289783	0.6153846153846152	1.6800000000000002	0.0035643149517773434	0.003541482897342796	74.0293645117807				
2022-01-06 08:00:00	4000	2.72	2.67	2.67	2.72	2.52	CFV.MI	2.08	2.12	2.08	2.12	3.13	1.97	-1.0	-1.0	-1.0	0	-1.0	-1.0	1.0	-1.0	-1.0	1.0									-1.0			3.97										-1.0			4.63	0.01	0.01	0.98	0.0	0.0	0.39	2.8	0.98	0.0	0.0	74.21					1	-0.0	-0.0	-0.6	-0.0	-0.0	-0.09	-0.6	0.0	0.0	72.77					-0.01	-0.01	-0.14	-0.0	-0.0	-0.09	-0.14	-0.0	-0.0	-30.13					-0.01	-0.01	-0.1	-0.0	-0.0	-0.12	-0.1	-0.0	-0.0	-30.13					0.009999999999999787	0.009999999999999787	1.69	0.003663003663003539	0.00366972888896229	0.6213235294117643	1.69	0.003588168189555598	0.00356521812146271	74.20534814191996				
2022-01-07 08:00:00	0	2.72	2.72	2.72	2.72	2.52	CFV.MI	2.12	2.12	2.12	2.12	3.13	1.97	-1.0	-1.0	-1.0	0	-1.0	-1.0	1.0	-1.0	-1.0	1.0	2.72								-1.0			3.97	2.12									-1.0			4.63	-0.0	-0.0	0.98	-0.0	-0.0	0.39	2.8	0.98	0.0	0.0	73.81					1	0.0	0.0	-0.6	0.0	0.0	-0.09	-0.6	0.0	0.0	72.35					0.0	0.0	-0.14	0.0	0.0	-0.09	-0.14	-0.0	-0.0	-26.61					0.0	0.0	-0.1	0.0	0.0	-0.12	-0.1	-0.0	-0.0	-26.61					-0.0	-0.0	1.69	-0.0	-0.0	0.6213235294117643	1.69	0.00353437477908051	0.0035116904255236836	73.80631680938981				
2022-01-10 08:00:00	3000	2.67	2.66	2.67	2.66	2.46	CFV.MI	2.11	2.11	2.1	2.1	3.13	1.97	-1.0	-1.0	-1.0	0	-1.0	-1.0	1.0	-1.0	-1.0	1.0									-1.0			3.97										-1.0			4.63	0.06	0.06	1.04	0.02	0.02	0.42	2.8	1.04	0.0	0.0	74.74					1	-0.0	-0.0	-0.6	-0.0	-0.0	-0.09	-0.6	0.0	0.0	72.2					-0.06	-0.06	-0.2	-0.02	-0.02	-0.11	-0.2	-0.0	-0.0	-27.96					-0.06	-0.06	-0.16	-0.02	-0.02	-0.13	-0.16	-0.0	-0.0	-27.96					0.06000000000000005	0.06000000000000005	1.75	0.022058823529411797	0.022305757514298277	0.6578947368421049	1.75	0.0036613316781857353	0.003638017749105771	74.73584309462952				
2022-01-11 08:00:00	4000	2.6	2.58	2.6	2.6	2.41	CFV.MI	2.04	2.04	2.02	2.04	3.13	1.97	-1.0	-1.0	-1.0	0	-1.0	-1.0	1.0	-1.0	-1.0	1.0									-1.0			3.97										-1.0			4.63	0.06	0.06	1.1	0.02	0.02	0.45	2.8	1.1	0.0	0.0	75.52					1	-0.0	-0.0	-0.6	-0.0	-0.0	-0.09	-0.6	0.0	0.0	71.91					-0.06	-0.06	-0.26	-0.02	-0.02	-0.13	-0.26	-0.0	-0.0	-29.11					-0.06	-0.06	-0.22	-0.02	-0.02	-0.15	-0.22	-0.0	-0.0	-29.11					0.06000000000000005	0.06000000000000005	1.81	0.022556390977443663	0.0228146777661714	0.6961538461538459	1.81	0.003773415290844389	0.0037495384267212106	75.52235897879979				
2022-01-12 08:00:00	4000	2.6	2.58	2.6	2.58	2.39	CFV.MI	2.02	2.02	2.01	2.01	3.13	1.97	-1.0	-1.0	-1.0	0	-1.0	-1.0	1.0	-1.0	-1.0	1.0									-1.0			3.97										-1.0			4.63	0.02	0.02	1.12	0.01	0.01	0.46	2.8	1.12	0.0	0.0	81.7					1	-0.0	-0.0	-0.6	-0.0	-0.0	-0.09	-0.6	0.0	0.0	77.85					-0.02	-0.02	-0.28	-0.01	-0.01	-0.13	-0.28	-0.0	-0.0	-34.73					-0.02	-0.02	-0.24	-0.01	-0.01	-0.16	-0.24	-0.0	-0.0	-34.73					0.020000000000000018	0.020000000000000018	1.83	0.007692307692307665	0.007722046093910278	0.709302325581395	1.83	0.00401648217873021	0.003993131504687719	81.69783654262122				
2022-01-13 08:00:00	0	2.58	2.58	2.58	2.58	2.39	CFV.MI	2.0	2.0	2.0	2.0	3.13	1.97	-1.0	-1.0	-1.0	0	-1.0	-1.0	1.0	-1.0	-1.0	1.0		2.58		2.58					-1.0			3.97		2.0		2.0						-1.0			4.63	-0.0	-0.0	1.12	-0.0	-0.0	0.46	2.8	1.12	0.0	0.0	85.24					1	0.0	0.0	-0.6	0.0	0.0	-0.09	-0.6	0.0	0.0	81.51					0.0	0.0	-0.28	0.0	0.0	-0.13	-0.28	-0.0	-0.0	-35.18					0.0	0.0	-0.24	0.0	0.0	-0.16	-0.24	-0.0	-0.0	-35.18					-0.0	-0.0	1.83	-0.0	-0.0	0.709302325581395	1.83	0.004169889709608325	0.004146969302399439	85.24390921420402				
2022-01-14 08:00:00	1000	2.58	2.58	2.58	2.58	2.39	CFV.MI	2.02	2.02	2.02	2.02	3.13	1.97	-1.0	-1.0	-1.0	0	-1.0	-1.0	1.0	-1.0	-1.0	1.0									-1.0			3.97										-1.0			4.63	-0.0	-0.0	1.12	-0.0	-0.0	0.46	2.8	1.12	0.0	0.0	85.13					1	0.0	0.0	-0.6	0.0	0.0	-0.09	-0.6	0.0	0.0	81.37					0.0	0.0	-0.28	0.0	0.0	-0.13	-0.28	-0.0	-0.0	-32.06					0.0	0.0	-0.24	0.0	0.0	-0.16	-0.24	-0.0	-0.0	-32.06					-0.0	-0.0	1.83	-0.0	-0.0	0.709302325581395	1.83	0.004151457786016662	0.004128624561372307	85.1295520162704				
2022-01-17 08:00:00	3000	2.63	2.54	2.54	2.63	2.44	CFV.MI	1.98	2.05	1.98	2.05	3.13	1.97	-1.0	-1.0	-1.0	0	-1.0	-1.0	1.0	-1.0	-1.0	1.0									-1.0			3.97										-1.0			4.63	-0.05	-0.05	1.07	-0.02	-0.02	0.43	2.8	1.07	0.0	0.0	77.99					1	0.0	0.0	-0.6	0.0	0.0	-0.09	-0.6	0.0	0.0	81.23					0.05	0.05	-0.23	0.02	0.02	-0.12	-0.23	-0.0	-0.0	-25.97					0.05	0.05	-0.19	0.02	0.02	-0.14	-0.19	-0.0	-0.0	-25.97					-0.04999999999999982	-0.04999999999999982	1.7800000000000002	-0.019379844961240345	-0.01919444725614716	0.6768060836501897	1.7800000000000002	0.003924210843171336	0.003900502296811492	77.98913111103664				
2022-01-18 08:00:00	4000	2.62	2.6	2.6	2.62	2.43	CFV.MI	2.04	2.06	2.04	2.06	3.13	1.97	-1.0	-1.0	-1.0	0	-1.0	-1.0	1.0	-1.0	-1.0	1.0									-1.0			3.97										-1.0			4.63	0.01	0.01	1.08	0.0	0.0	0.44	2.8	1.08	0.0	0.0	78.15					1	-0.0	-0.0	-0.6	-0.0	-0.0	-0.09	-0.6	0.0	0.0	81.23					-0.01	-0.01	-0.24	-0.0	-0.0	-0.12	-0.24	-0.0	-0.0	-29.1					-0.01	-0.01	-0.2	-0.0	-0.0	-0.15	-0.2	-0.0	-0.0	-29.1					0.009999999999999787	0.009999999999999787	1.79	0.0038022813688212143	0.0038095284166676188	0.6832061068702284	1.79	0.003949353730721344	0.003925521210099037	78.1531073212847				
2022-01-19 08:00:00	0	2.62	2.62	2.62	2.62	2.43	CFV.MI	2.06	2.06	2.06	2.06	3.13	1.97	-1.0	-1.0	-1.0	0	-1.0	-1.0	1.0	-1.0	-1.0	1.0									-1.0			3.97										-1.0			4.63	-0.0	-0.0	1.08	-0.0	-0.0	0.44	2.8	1.08	0.0	0.0	82.2					1	0.0	0.0	-0.6	0.0	0.0	-0.09	-0.6	0.0	0.0	85.56					0.0	0.0	-0.24	0.0	0.0	-0.12	-0.24	-0.0	-0.0	-29.95					0.0	0.0	-0.2	0.0	0.0	-0.15	-0.2	-0.0	-0.0	-29.95					-0.0	-0.0	1.79	-0.0	-0.0	0.6832061068702284	1.79	0.004113339044297416	0.004090033720843156	82.19638757987752				
2022-01-20 08:00:00	8000	2.7	2.69	2.69	2.7	2.5	CFV.MI	2.1	2.11	2.1	2.11	3.13	1.97	-1.0	-1.0	-1.0	0	-1.0	-1.0	1.0	-1.0	-1.0	1.0									-1.0			3.97										-1.0			4.63	-0.08	-0.08	1.0	-0.03	-0.03	0.4	2.8	1.0	0.0	0.0	72.97					1	0.0	0.0	-0.6	0.0	0.0	-0.09	-0.6	0.0	0.0	85.14					0.08	0.08	-0.16	0.03	0.03	-0.09	-0.16	-0.0	-0.0	-22.16					0.08	0.08	-0.12	0.03	0.03	-0.12	-0.12	-0.0	-0.0	-22.16					-0.08000000000000007	-0.08000000000000007	1.71	-0.03053435114503822	-0.030077455237277954	0.6333333333333326	1.71	0.003811202211266419	0.0037868298940648693	72.96702954408956				
2022-01-21 08:00:00	6000	2.76	2.69	2.75	2.69	2.49	CFV.MI	2.19	2.2	2.14	2.14	3.13	1.97	-1.0	-1.0	-1.0	0	-1.0	-1.0	1.0	-1.0	-1.0	1.0	2.76		2.76						-1.0			3.97										-1.0			4.63	0.01	0.01	1.01	0.0	0.0	0.4	2.8	1.01	0.0	0.0	73.13					1	-0.0	-0.0	-0.6	-0.0	-0.0	-0.09	-0.6	0.0	0.0	85.14					-0.01	-0.01	-0.17	-0.0	-0.0	-0.1	-0.17	-0.0	-0.0	-25.22					-0.01	-0.01	-0.13	-0.0	-0.0	-0.13	-0.13	-0.0	-0.0	-25.22					0.010000000000000231	0.010000000000000231	1.7200000000000002	0.0037037037037037646	0.003710579396535713	0.6394052044609659	1.7200000000000002	0.0038356920352835555	0.003811197287439283	73.12838211030595				
2022-01-24 08:00:00	3000	2.65	2.61	2.69	2.62	2.43	CFV.MI	2.23	2.2	2.17	2.18	3.13	1.97	-1.0	-1.0	-1.0	0	-1.0	-1.0	1.0	-1.0	-1.0	1.0		2.61							-1.0			3.97										-1.0			4.63	0.07	0.07	1.08	0.03	0.03	0.44	2.8	1.08	0.0	0.0	74.12					1	-0.0	-0.0	-0.6	-0.0	-0.0	-0.09	-0.6	0.0	0.0	85.0					-0.07	-0.07	-0.24	-0.03	-0.03	-0.12	-0.24	-0.0	-0.0	-26.72					-0.07	-0.07	-0.2	-0.03	-0.03	-0.15	-0.2	-0.0	-0.0	-26.72					0.06999999999999984	0.06999999999999984	1.79	0.026022304832713727	0.026366875840742224	0.6832061068702284	1.79	0.003991405498406467	0.003966125173104018	74.12351680184415				
2022-01-25 08:00:00	2000	2.7	2.65	2.7	2.65	2.46	CFV.MI	2.24	2.24	2.2	2.2	3.13	1.97	-1.0	-1.0	1.0	0	-1.0	-1.0	1.0	-1.0	-1.0	1.0	2.7								-1.0			3.97	2.24		2.24							-1.0			4.63	-0.03	-0.03	1.05	-0.01	-0.01	0.42	2.8	1.05	0.0	0.0	74.58					1	0.0	0.0	-0.6	0.0	0.0	-0.09	-0.6	0.0	0.0	91.42					0.03	0.03	-0.21	0.01	0.01	-0.11	-0.21	-0.0	-0.0	-27.05					0.03	0.03	-0.17	0.01	0.01	-0.14	-0.17	-0.0	-0.0	-27.05					-0.029999999999999805	-0.029999999999999805	1.7600000000000002	-0.011450381679389166	-0.01138532222512521	0.664150943396226	1.7600000000000002	0.003999592698090983	0.0039743937229990145	74.5789476023738				
2022-01-26 08:00:00	0	2.65	2.65	2.65	2.65	2.46	CFV.MI	2.15	2.15	2.15	2.15	3.13	1.97	-1.0	-1.0	1.0	0	-1.0	-1.0	1.0	-1.0	-1.0	1.0		2.65							-1.0			3.97		2.15								-1.0			4.63	-0.0	-0.0	1.05	-0.0	-0.0	0.42	2.8	1.05	0.0	0.0	74.12					1	0.0	0.0	-0.6	0.0	0.0	-0.09	-0.6	0.0	0.0	90.87					0.0	0.0	-0.21	0.0	0.0	-0.11	-0.21	-0.0	-0.0	-23.56					0.0	0.0	-0.17	0.0	0.0	-0.14	-0.17	-0.0	-0.0	-23.56					-0.0	-0.0	1.7600000000000002	-0.0	-0.0	0.664150943396226	1.7600000000000002	0.003926864689443554	0.0039020335655803873	74.12065991801832				
2022-01-27 08:00:00	2000	2.69	2.69	2.69	2.69	2.49	CFV.MI	2.16	2.16	2.16	2.16	3.13	1.97	-1.0	-1.0	1.0	0	-1.0	-1.0	1.0	-1.0	-1.0	1.0	2.69								-1.0			3.97										-1.0			4.63	-0.04	-0.04	1.01	-0.02	-0.01	0.4	2.8	1.01	0.0	0.0	67.58					1	0.0	0.0	-0.6	0.0	0.0	-0.09	-0.6	0.0	0.0	89.71					0.04	0.04	-0.17	0.02	0.01	-0.1	-0.17	-0.0	-0.0	-17.27					0.04	0.04	-0.13	0.02	0.01	-0.13	-0.13	-0.0	-0.0	-17.27					-0.040000000000000036	-0.040000000000000036	1.7200000000000002	-0.015094339622641506	-0.014981553615616894	0.6394052044609662	1.7200000000000002	0.0035799446409597053	0.0035550178447081304	67.58309039881352				
2022-01-28 08:00:00	0	2.69	2.69	2.69	2.69	2.49	CFV.MI	2.18	2.18	2.18	2.18	3.13	1.97	-1.0	-1.0	1.0	0	-1.0	-1.0	1.0	-1.0	-1.0	1.0									-1.0			3.97	2.18									-1.0			4.63	-0.0	-0.0	1.01	-0.0	-0.0	0.4	2.8	1.01	0.0	0.0	74.04					1	0.0	0.0	-0.6	0.0	0.0	-0.09	-0.6	0.0	0.0	98.02					0.0	0.0	-0.17	0.0	0.0	-0.1	-0.17	-0.0	-0.0	-19.88					0.0	0.0	-0.13	0.0	0.0	-0.13	-0.13	-0.0	-0.0	-19.88					-0.0	-0.0	1.7200000000000002	-0.0	-0.0	0.6394052044609662	1.7200000000000002	0.00379478437127052	0.0037708464218624282	74.04402598883786				
2022-01-31 08:00:00	35000	2.64	2.54	2.64	2.55	2.36	CFV.MI	2.12	2.12	2.04	2.05	3.13	1.97	-1.0	-1.0	1.0	-1	-1.0	-1.0	1.0	-1.0	-1.0	1.0									-1.0			3.97										-1.0			4.63	0.14	0.14	1.15	0.05	0.05	0.48	2.8	1.15	0.0	0.0	75.83					1	-0.0	-0.0	-0.6	-0.0	-0.0	-0.09	-0.6	0.0	0.0	97.43					-0.14	-0.14	-0.31	-0.05	-0.05	-0.14	-0.31	-0.0	-0.0	-22.66					-0.14	-0.14	-0.27	-0.05	-0.05	-0.17	-0.27	-0.0	-0.0	-22.66					0.14000000000000012	0.14000000000000012	1.8600000000000003	0.052044609665427566	0.05344783444341302	0.729411764705882	1.8600000000000003	0.0040737962946494205	0.004048457894300084	75.829789793194				
2022-02-01 08:00:00	20000	2.58	2.47	2.51	2.48	2.3	CFV.MI	1.99	2.04	1.96	1.96	3.13	1.96	-1.0	-1.0	-1.0	-1	-1.0	-1.0	1.0	-1.0	-1.0	1.0									-1.0			3.97										-1.0			4.63	0.07	0.07	1.22	0.03	0.03	0.52	2.76	1.22	0.0	0.0	76.59					1	0.07	0.07	-0.53	0.03	0.03	-0.07	-0.53	0.0	0.0	98.44					-0.07	-0.07	-0.38	-0.03	-0.03	-0.17	-0.38	-0.0	-0.0	-23.85					-0.07	-0.07	-0.34	-0.03	-0.03	-0.19	-0.34	-0.0	-0.0	-23.85					0.06999999999999984	0.06999999999999984	1.9300000000000002	0.027450980392156765	0.027834798993443873	0.7782258064516125	1.9300000000000002	0.004201652320142506	0.004175658958091022	76.59432237378918				
2022-02-02 08:00:00	27000	2.53	2.39	2.53	2.4	2.22	CFV.MI	1.99	1.99	1.88	1.89	3.13	1.88	-1.0	-1.0	-1.0	-1	-1.0	-1.0	1.0	-1.0	-1.0	1.0									-1.0			3.97										-1.0			4.63	0.08	0.08	1.3	0.03	0.03	0.57	2.76	1.3	0.0	0.0	77.61					1	0.08	0.08	-0.45	0.03	0.03	-0.04	-0.45	0.0	0.0	99.77					-0.08	-0.08	-0.46	-0.03	-0.03	-0.19	-0.46	-0.0	-0.0	-25.44					-0.08	-0.08	-0.42	-0.03	-0.03	-0.22	-0.42	-0.0	-0.0	-25.44					0.08000000000000007	0.08000000000000007	2.0100000000000002	0.032258064516129115	0.032789822822990956	0.8374999999999997	2.0100000000000002	0.004380565049889203	0.004353641247531348	77.61262706959782				
2022-02-03 08:00:00	5000	2.45	2.36	2.45	2.4	2.22	CFV.MI	1.95	1.95	1.88	1.91	3.13	1.88	-1.0	-1.0	-1.0	-1	-1.0	-1.0	1.0	-1.0	-1.0	1.0									-1.0			3.97										-1.0			4.63	-0.0	-0.0	1.3	-0.0	-0.0	0.57	2.76	1.3	0.0	0.0	82.05					1	-0.0	-0.0	-0.45	-0.0	-0.0	-0.04	-0.45	0.0	0.0	105.36					0.0	0.0	-0.46	0.0	0.0	-0.19	-0.46	-0.0	-0.0	-26.62					0.0	0.0	-0.42	0.0	0.0	-0.22	-0.42	-0.0	-0.0	-26.62					-0.0	-0.0	2.0100000000000002	-0.0	-0.0	0.8374999999999997	2.0100000000000002	0.004563639610122666	0.004537402175435634	82.0501903760833				
2022-02-04 08:00:00	31000	2.45	2.3	2.35	2.32	2.15	CFV.MI	1.91	1.99	1.86	1.88	3.13	1.86	-1.0	-1.0	-1.0	-1	-1.0	-1.0	1.0	-1.0	-1.0	1.0									-1.0			3.97										-1.0			4.63	0.08	0.08	1.38	0.03	0.03	0.63	2.76	1.38	0.0	0.0	82.83					1	0.08	0.08	-0.37	0.03	0.03	-0.0	-0.37	0.0	0.0	106.36					-0.08	-0.08	-0.54	-0.03	-0.03	-0.22	-0.54	-0.0	-0.0	-27.88					-0.08	-0.08	-0.5	-0.03	-0.03	-0.25	-0.5	-0.0	-0.0	-27.88					0.08000000000000007	0.08000000000000007	2.0900000000000003	0.033333333333333326	0.03390155167568134	0.9008620689655169	2.0900000000000003	0.00471464282339262	0.004687635185886885	82.83060684872835				
2022-02-07 08:00:00	40000	2.37	2.23	2.33	2.32	2.15	CFV.MI	1.91	1.94	1.83	1.9	3.13	1.83	-1.0	-1.0	-1.0	-1	-1.0	-1.0	1.0	-1.0	-1.0	1.0									-1.0			3.97										-1.0			4.63	-0.0	-0.0	1.38	-0.0	-0.0	0.63	2.76	1.38	0.0	0.0	86.17					1	-0.0	-0.0	-0.37	-0.0	-0.0	-0.0	-0.37	0.0	0.0	110.4					0.0	0.0	-0.54	0.0	0.0	-0.22	-0.54	-0.0	-0.0	-28.28					0.0	0.0	-0.5	0.0	0.0	-0.25	-0.5	-0.0	-0.0	-28.28					-0.0	-0.0	2.0900000000000003	-0.0	-0.0	0.9008620689655169	2.0900000000000003	0.004880164638801432	0.004853680468354327	86.16515514972302				
2022-02-08 08:00:00	51000	2.29	2.17	2.27	2.29	2.12	CFV.MI	1.85	1.87	1.77	1.87	3.13	1.77	-1.0	-1.0	-1.0	-1	-1.0	-1.0	1.0	-1.0	-1.0	1.0		2.17							-1.0			3.97										-1.0			4.63	0.03	0.03	1.41	0.01	0.01	0.65	2.76	1.41	0.01	0.01	96.17					1	0.03	0.03	-0.34	0.01	0.01	0.01	-0.34	0.0	0.0	123.84					-0.03	-0.03	-0.57	-0.01	-0.01	-0.23	-0.57	-0.0	-0.0	-36.48					-0.03	-0.03	-0.53	-0.01	-0.01	-0.26	-0.53	-0.0	-0.0	-36.48					0.029999999999999805	0.029999999999999805	2.12	0.012931034482758563	0.013015368112070248	0.9257641921397375	2.12	0.0052217371304572905	0.005196299556610828	96.1713023239713				
2022-02-09 08:00:00	11000	2.3	2.24	2.29	2.26	2.09	CFV.MI	1.82	1.83	1.78	1.8	3.05	1.77	-1.0	-1.0	-1.0	-1	-1.0	-1.0	1.0	-1.0	-1.0	1.0	2.3								-1.0			3.97										-1.0			4.63	0.03	0.03	1.44	0.01	0.01	0.67	2.76	1.44	0.01	0.01	96.15					1	0.03	0.03	-0.31	0.01	0.01	0.02	-0.31	0.0	0.0	123.81					-0.03	-0.03	-0.6	-0.01	-0.01	-0.24	-0.6	-0.0	-0.0	-36.45					-0.03	-0.03	-0.56	-0.01	-0.01	-0.26	-0.56	-0.0	-0.0	-36.45					0.03000000000000025	0.03000000000000025	2.1500000000000004	0.013100436681222849	0.013187004281953914	0.9513274336283184	2.1500000000000004	0.005216759292684462	0.005191345416759141	96.14894762502242				
2022-02-10 08:00:00	18000	2.22	2.16	2.22	2.21	2.05	CFV.MI	1.76	1.76	1.71	1.75	2.99	1.71	-1.0	-1.0	-1.0	-1	-1.0	-1.0	1.0	-1.0	-1.0	1.0		2.16		2.16		2.16			-1.0			3.97		1.71		1.71		1.71				-1.0			4.63	0.05	0.05	1.49	0.02	0.02	0.71	2.76	1.49	0.01	0.01	96.66					1	0.05	0.05	-0.26	0.02	0.02	0.05	-0.26	0.0	0.0	124.45					-0.05	-0.05	-0.65	-0.02	-0.02	-0.26	-0.65	-0.0	-0.0	-37.3					-0.05	-0.05	-0.61	-0.02	-0.02	-0.28	-0.61	-0.0	-0.0	-37.3					0.04999999999999982	0.04999999999999982	2.2	0.022123893805309658	0.022372297754532984	0.9954751131221715	2.2	0.005332364000291598	0.005306396935988111	96.65992276368787				
2022-02-11 08:00:00	20000	2.29	2.18	2.18	2.29	2.12	CFV.MI	1.74	1.83	1.74	1.83	2.99	1.71	-1.0	-1.0	-1.0	-1	-1.0	-1.0	1.0	-1.0	-1.0	1.0									-1.0			3.97										-1.0			4.63	-0.08	-0.08	1.41	-0.04	-0.04	0.65	2.76	1.41	0.0	0.0	85.59					1	-0.08	-0.08	-0.34	-0.04	-0.04	0.01	-0.34	0.0	0.0	109.54					0.08	0.08	-0.57	0.04	0.04	-0.23	-0.57	-0.0	-0.0	-28.26					0.08	0.08	-0.53	0.04	0.04	-0.26	-0.53	-0.0	-0.0	-28.26					-0.08000000000000007	-0.08000000000000007	2.12	-0.03619909502262453	-0.035559302036486926	0.9257641921397375	2.12	0.004946736622607821	0.004919683356142901	85.59018583316131				
2022-02-14 08:00:00	33000	2.45	2.28	2.29	2.4	2.22	CFV.MI	1.87	2.0	1.86	1.96	2.99	1.71	-1.0	-1.0	-1.0	-1	-1.0	-1.0	1.0	-1.0	-1.0	1.0	2.45								-1.0			3.97	2.0									-1.0			4.63	-0.11	-0.11	1.3	-0.05	-0.05	0.57	2.76	1.3	0.0	0.0	80.86					1	-0.11	-0.11	-0.45	-0.05	-0.05	-0.04	-0.45	0.0	0.0	102.95					0.11	0.11	-0.46	0.05	0.05	-0.19	-0.46	-0.0	-0.0	-24.99					0.11	0.11	-0.42	0.05	0.05	-0.22	-0.42	-0.0	-0.0	-24.99					-0.10999999999999988	-0.10999999999999988	2.0100000000000002	-0.048034934497816595	-0.04691691978775166	0.8374999999999995	2.0100000000000002	0.004869126829934094	0.00484123166256456	80.85585116243381				
2022-02-15 08:00:00	7000	2.39	2.32	2.34	2.38	2.21	CFV.MI	1.87	1.91	1.86	1.9	2.95	1.71	-1.0	-1.0	-1.0	-1	-1.0	-1.0	1.0	-1.0	-1.0	1.0									-1.0			3.97										-1.0			4.63	0.02	0.02	1.32	0.01	0.01	0.59	2.76	1.32	0.0	0.0	80.58					1	0.02	0.02	-0.43	0.01	0.01	-0.03	-0.43	0.0	0.0	102.6					-0.02	-0.02	-0.48	-0.01	-0.01	-0.2	-0.48	-0.0	-0.0	-24.53					-0.02	-0.02	-0.44	-0.01	-0.01	-0.23	-0.44	-0.0	-0.0	-24.53					0.020000000000000018	0.020000000000000018	2.0300000000000002	0.008333333333333304	0.00836824967051658	0.8529411764705874	2.0300000000000002	0.004810773931159948	0.0047831757703757916	80.57862762413502				
2022-02-16 08:00:00	31000	2.35	2.24	2.35	2.28	2.11	CFV.MI	1.88	1.88	1.79	1.82	2.95	1.71	-1.0	-1.0	-1.0	-1	-1.0	-1.0	1.0	-1.0	-1.0	1.0		2.24							-1.0			3.97		1.79								-1.0			4.63	0.1	0.1	1.42	0.04	0.04	0.66	2.76	1.42	0.0	0.0	81.3					1	0.1	0.1	-0.33	0.04	0.04	0.01	-0.33	0.0	0.0	103.52					-0.1	-0.1	-0.58	-0.04	-0.04	-0.23	-0.58	-0.0	-0.0	-25.73					-0.1	-0.1	-0.54	-0.04	-0.04	-0.26	-0.54	-0.0	-0.0	-25.73					0.10000000000000009	0.10000000000000009	2.1300000000000003	0.04201680672268915	0.042925044717034	0.9342105263157887	2.1300000000000003	0.004965681185807	0.0049372911061749125	81.30425473171195				
2022-02-17 08:00:00	14000	2.31	2.28	2.28	2.3	2.13	CFV.MI	1.84	1.87	1.84	1.86	2.95	1.71	-1.0	-1.0	-1.0	-1	-1.0	-1.0	1.0	-1.0	-1.0	1.0									-1.0			3.97										-1.0			4.63	-0.02	-0.02	1.4	-0.01	-0.01	0.64	2.76	1.4	0.0	0.0	77.07					1	-0.02	-0.02	-0.35	-0.01	-0.01	0.01	-0.35	0.0	0.0	98.24					0.02	0.02	-0.56	0.01	0.01	-0.23	-0.56	-0.0	-0.0	-24.62					0.02	0.02	-0.52	0.01	0.01	-0.25	-0.52	-0.0	-0.0	-24.62					-0.020000000000000018	-0.020000000000000018	2.1100000000000003	-0.00877192982456143	-0.008733679968754631	0.9173913043478252	2.1100000000000003	0.004775237761703875	0.004746078583591773	77.06884281986768				
2022-02-18 08:00:00	14000	2.44	2.29	2.35	2.29	2.12	CFV.MI	1.91	1.99	1.86	1.86	2.95	1.71	-1.0	-1.0	-1.0	-1	-1.0	-1.0	1.0	-1.0	-1.0	1.0	2.44								-1.0			3.97										-1.0			4.63	0.01	0.01	1.41	0.0	0.0	0.65	2.7	1.41	0.01	0.0	82.52					1	0.01	0.01	-0.34	0.0	0.0	0.01	-0.34	0.0	0.0	105.18					-0.01	-0.01	-0.57	-0.0	-0.0	-0.23	-0.57	-0.0	-0.0	-29.36					-0.01	-0.01	-0.53	-0.0	-0.0	-0.26	-0.53	-0.0	-0.0	-29.36					0.009999999999999787	0.009999999999999787	2.12	0.004347826086956386	0.00435730536895559	0.925764192139737	2.12	0.005013539933868776	0.004985198332216667	82.51677634040567				
2022-02-21 08:00:00	13000	2.38	2.3	2.34	2.32	2.15	CFV.MI	1.94	1.97	1.9	1.92	2.95	1.71	-1.0	-1.0	-1.0	-1	-1.0	-1.0	1.0	-1.0	-1.0	1.0		2.3							-1.0			3.97										-1.0			4.63	-0.03	-0.03	1.38	-0.01	-0.01	0.63	2.7	1.38	0.0	0.0	77.46					1	-0.03	-0.03	-0.37	-0.01	-0.01	-0.0	-0.37	0.0	0.0	98.76					0.03	0.03	-0.54	0.01	0.01	-0.22	-0.54	-0.0	-0.0	-27.64					0.03	0.03	-0.5	0.01	0.01	-0.25	-0.5	-0.0	-0.0	-27.64					-0.029999999999999805	-0.029999999999999805	2.0900000000000003	-0.013100436681222627	-0.013015368112070227	0.9008620689655165	2.0900000000000003	0.004809100866841842	0.004779836785718583	77.46251524972962				
2022-02-22 08:00:00	52000	2.58	2.35	2.35	2.41	2.23	CFV.MI	1.95	2.14	1.95	2.0	2.89	1.71	-1.0	-1.0	-1.0	-1	-1.0	-1.0	1.0	-1.0	-1.0	1.0	2.58								-1.0			3.97	2.14									-1.0			4.63	-0.09	-0.09	1.29	-0.04	-0.04	0.57	2.69	1.29	0.0	0.0	67.08					1	-0.09	-0.09	-0.46	-0.04	-0.04	-0.04	-0.46	0.0	0.0	85.21					0.09	0.09	-0.45	0.04	0.04	-0.19	-0.45	-0.0	-0.0	-18.31					0.09	0.09	-0.41	0.04	0.04	-0.22	-0.41	-0.0	-0.0	-18.31					-0.0900000000000003	-0.0900000000000003	2.0	-0.03879310344827602	-0.038059561824345195	0.829875518672198	2.0	0.004246695291080177	0.004217089466359569	67.08256898338433				
2022-02-23 08:00:00	10000	2.47	2.33	2.47	2.33	2.16	CFV.MI	2.05	2.05	1.94	1.94	2.88	1.71	-1.0	-1.0	-1.0	-1	-1.0	-1.0	1.0	-1.0	-1.0	1.0		2.33							-1.0			3.97		1.94								-1.0			4.63	0.08	0.08	1.37	0.03	0.03	0.62	2.69	1.37	0.0	0.0	73.69					1	0.08	0.08	-0.38	0.03	0.03	-0.01	-0.38	0.0	0.0	93.6					-0.08	-0.08	-0.53	-0.03	-0.03	-0.22	-0.53	-0.0	-0.0	-24.74					-0.08	-0.08	-0.49	-0.03	-0.03	-0.24	-0.49	-0.0	-0.0	-24.74					0.08000000000000007	0.08000000000000007	2.08	0.03319502074688796	0.03375847992495442	0.8927038626609429	2.08	0.004693960232803267	0.004664218061875225	73.69096512881842				
2022-02-24 08:00:00	136000	2.98	2.46	2.46	2.82	2.61	CFV.MI	2.13	2.58	2.13	2.44	2.88	1.71	-1.0	1.0	1.0	1	-1.0	-1.0	1.0	-1.0	-1.0	1.0									-1.0			3.97	2.58									-1.0			4.63	-0.49	-0.49	0.88	-0.21	-0.19	0.34	2.98	0.88	0.0	0.0	50.74					1	-0.49	-0.49	-0.87	-0.21	-0.19	-0.18	-0.87	0.0	0.0	63.09					0.49	0.49	-0.04	0.21	0.19	-0.05	-0.04	-0.0	-0.0	-8.3					0.49	0.49	-0.0	0.21	0.19	-0.08	-0.0	-0.0	-0.0	-8.3					-0.48999999999999977	-0.48999999999999977	1.5900000000000003	-0.21030042918454916	-0.19086861737241287	0.5638297872340416	1.5900000000000003	0.004121653394263334	0.0040852573936625	50.74043220461099				
2022-02-25 08:00:00	160000	3.12	2.65	2.86	2.71	2.51	CFV.MI	2.39	2.61	2.22	2.27	2.85	1.71	-1.0	1.0	1.0	1	-1.0	-1.0	1.0	-1.0	-1.0	1.0									-1.0			3.97		2.22								-1.0			4.63	0.11	0.11	0.99	0.04	0.04	0.39	3.12	0.99	0.0	0.0	51.36					1	-0.11	-0.11	-0.98	-0.04	-0.04	-0.21	-0.98	0.0	0.0	54.66					-0.11	-0.11	-0.15	-0.04	-0.04	-0.09	-0.15	-0.0	-0.0	-9.27					-0.11	-0.11	-0.11	-0.04	-0.04	-0.12	-0.11	-0.0	-0.0	-9.27					0.10999999999999988	0.10999999999999988	1.7000000000000002	0.03900709219858156	0.03978825005841269	0.6273062730627297	1.7000000000000002	0.004251694281999128	0.004214518646815213	51.35534645725977				
2022-02-28 08:00:00	114000	2.99	2.74	2.84	2.8	2.59	CFV.MI	2.41	2.54	2.33	2.38	2.75	1.71	-1.0	1.0	1.0	1	-1.0	-1.0	1.0	-1.0	-1.0	1.0	2.99		2.99		2.99				-1.0			3.97										-1.0			4.63	-0.09	-0.09	0.9	-0.03	-0.03	0.35	3.12	0.9	0.0	0.0	45.45					1	0.09	0.09	-0.89	0.03	0.03	-0.19	-0.89	0.0	0.0	55.44					0.09	0.09	-0.06	0.03	0.03	-0.06	-0.06	-0.0	-0.0	-4.02					0.09	0.09	-0.02	0.03	0.03	-0.09	-0.02	-0.0	-0.0	-4.02					-0.08999999999999986	-0.08999999999999986	1.6100000000000003	-0.03321033210332103	-0.0326707822895487	0.5749999999999993	1.6100000000000003	0.003859448156129993	0.003820972178089743	45.449597212147395				
2022-03-01 08:00:00	43000	2.93	2.75	2.84	2.76	2.56	CFV.MI	2.51	2.59	2.43	2.44	2.63	1.71	-1.0	1.0	1.0	1	-1.0	-1.0	1.0	-1.0	-1.0	1.0									-1.0			3.97	2.59		2.59		2.59					-1.0			4.63	0.04	0.04	0.94	0.01	0.01	0.37	3.12	0.94	0.0	0.0	43.82					1	-0.04	-0.04	-0.93	-0.01	-0.01	-0.2	-0.93	0.0	0.0	48.37					-0.04	-0.04	-0.1	-0.01	-0.01	-0.07	-0.1	-0.0	-0.0	-1.48					-0.04	-0.04	-0.06	-0.01	-0.01	-0.1	-0.06	-0.0	-0.0	-1.48					0.040000000000000036	0.040000000000000036	1.6500000000000004	0.014285714285714346	0.014388737452099669	0.5978260869565211	1.6500000000000004	0.003548131729517591	0.0035115833374534944	43.818766215889774				
2022-03-02 08:00:00	20000	2.78	2.61	2.7	2.64	2.45	CFV.MI	2.37	2.44	2.29	2.32	2.61	1.71	-1.0	1.0	1.0	1	-1.0	-1.0	1.0	-1.0	-1.0	1.0									-1.0			3.97										-1.0			4.63	0.12	0.12	1.06	0.04	0.04	0.43	3.12	1.06	0.0	0.0	47.85					1	-0.12	-0.12	-1.05	-0.04	-0.04	-0.23	-1.05	0.0	0.0	43.94					-0.12	-0.12	-0.22	-0.04	-0.04	-0.11	-0.22	-0.0	-0.0	-6.28					-0.12	-0.12	-0.18	-0.04	-0.04	-0.14	-0.18	-0.0	-0.0	-6.28					0.11999999999999966	0.11999999999999966	1.77	0.04347826086956508	0.04445176257083369	0.6704545454545445	1.77	0.004036872689452847	0.00399920109083296	47.84789842887712				
2022-03-03 08:00:00	51000	2.62	2.38	2.62	2.42	2.24	CFV.MI	2.36	2.36	2.14	2.18	2.61	1.71	-1.0	1.0	1.0	1	-1.0	-1.0	1.0	-1.0	-1.0	1.0									-1.0			3.97		2.14								-1.0			4.63	0.22	0.22	1.28	0.08	0.09	0.56	3.12	1.28	0.0	0.0	49.8					1	-0.22	-0.22	-1.27	-0.08	-0.09	-0.3	-1.27	0.0	0.0	32.33					-0.22	-0.22	-0.44	-0.08	-0.09	-0.19	-0.44	-0.0	-0.0	-9.36					-0.22	-0.22	-0.4	-0.08	-0.09	-0.21	-0.4	-0.0	-0.0	-9.36					0.2200000000000002	0.2200000000000002	1.9900000000000002	0.08333333333333337	0.08701137698962981	0.822314049586776	1.9900000000000002	0.0044697626394659485	0.004429419105739685	49.80180188294452				
2022-03-04 08:00:00	21000	2.4	2.29	2.35	2.32	2.15	CFV.MI	2.26	2.3	2.2	2.23	2.61	1.71	-1.0	1.0	1.0	1	-1.0	-1.0	1.0	-1.0	-1.0	1.0		2.29		2.29					-1.0			3.97										-1.0			4.63	0.1	0.1	1.38	0.04	0.04	0.63	3.12	1.38	0.0	0.0	48.98					1	-0.1	-0.1	-1.37	-0.04	-0.04	-0.33	-1.37	0.0	0.0	22.16					-0.1	-0.1	-0.54	-0.04	-0.04	-0.22	-0.54	-0.0	-0.0	-8.06					-0.1	-0.1	-0.5	-0.04	-0.04	-0.25	-0.5	-0.0	-0.0	-8.06					0.10000000000000009	0.10000000000000009	2.0900000000000003	0.04132231404958686	0.04220035449037653	0.9008620689655165	2.0900000000000003	0.004280953676247415	0.004241786694076044	48.97917792483864				
2022-03-07 08:00:00	37000	2.47	2.24	2.34	2.37	2.2	CFV.MI	2.28	2.4	2.18	2.31	2.61	1.71	-1.0	1.0	1.0	1	-1.0	-1.0	1.0	-1.0	-1.0	1.0									-1.0			3.97										-1.0			4.63	-0.05	-0.05	1.33	-0.02	-0.02	0.59	3.12	1.33	0.0	0.0	44.07					1	0.05	0.05	-1.32	0.02	0.02	-0.31	-1.32	0.0	0.0	21.92					0.05	0.05	-0.49	0.02	0.02	-0.2	-0.49	-0.0	-0.0	-3.29					0.05	0.05	-0.45	0.02	0.02	-0.23	-0.45	-0.0	-0.0	-3.29					-0.050000000000000266	-0.050000000000000266	2.04	-0.02155172413793105	-0.021322769468821244	0.8607594936708851	2.04	0.0038578321361765937	0.003818212579245639	44.070048308133394				
2022-03-08 08:00:00	24000	2.59	2.41	2.41	2.52	2.33	CFV.MI	2.33	2.5	2.33	2.43	2.61	1.71	-1.0	1.0	1.0	1	-1.0	-1.0	1.0	-1.0	-1.0	1.0									-1.0			3.97	2.5									-1.0			4.63	-0.15	-0.15	1.18	-0.06	-0.06	0.5	3.12	1.18	0.0	0.0	40.88					1	0.15	0.15	-1.17	0.06	0.06	-0.27	-1.17	0.0	0.0	30.21					0.15	0.15	-0.34	0.06	0.06	-0.15	-0.34	-0.0	-0.0	-1.02					0.15	0.15	-0.3	0.06	0.06	-0.18	-0.3	-0.0	-0.0	-1.02					-0.1499999999999999	-0.1499999999999999	1.8900000000000001	-0.06329113924050622	-0.06136894637629202	0.7499999999999993	1.8900000000000001	0.003732837475224682	0.0036916439794674183	40.882933623815546				
2022-03-09 08:00:00	29000	2.67	2.44	2.57	2.48	2.3	CFV.MI	2.32	2.41	2.2	2.24	2.61	1.71	-1.0	1.0	1.0	1	-1.0	-1.0	1.0	-1.0	-1.0	1.0	2.67								-1.0			3.97										-1.0			4.63	0.04	0.04	1.22	0.02	0.02	0.52	3.12	1.22	0.0	0.0	44.06					1	-0.04	-0.04	-1.21	-0.02	-0.02	-0.28	-1.21	0.0	0.0	29.5					-0.04	-0.04	-0.38	-0.02	-0.02	-0.17	-0.38	-0.0	-0.0	-4.32					-0.04	-0.04	-0.34	-0.02	-0.02	-0.19	-0.34	-0.0	-0.0	-4.32					0.040000000000000036	0.040000000000000036	1.9300000000000002	0.015873015873015928	0.01600034134644119	0.7782258064516125	1.9300000000000002	0.004054451005639311	0.0040134795046351535	44.064779573050174				
2022-03-10 08:00:00	14000	2.46	2.39	2.43	2.39	2.21	CFV.MI	2.29	2.32	2.25	2.25	2.61	1.71	-1.0	1.0	1.0	1	-1.0	-1.0	1.0	-1.0	-1.0	1.0									-1.0			3.97										-1.0			4.63	0.09	0.09	1.31	0.04	0.04	0.58	3.12	1.31	0.0	0.0	48.12					1	-0.09	-0.09	-1.3	-0.04	-0.04	-0.3	-1.3	0.0	0.0	27.49					-0.09	-0.09	-0.47	-0.04	-0.04	-0.2	-0.47	-0.0	-0.0	-8.74					-0.09	-0.09	-0.43	-0.04	-0.04	-0.22	-0.43	-0.0	-0.0	-8.74					0.08999999999999986	0.08999999999999986	2.02	0.03629032258064513	0.03696519423347147	0.8451882845188279	2.02	0.004531229493600436	0.004489787708584991	48.117284477913174				
2022-03-11 08:00:00	3000	2.42	2.37	2.39	2.37	2.2	CFV.MI	2.24	2.27	2.22	2.22	2.61	1.71	-1.0	1.0	1.0	1	-1.0	-1.0	1.0	-1.0	-1.0	1.0		2.37							-1.0			3.97										-1.0			4.63	0.02	0.02	1.33	0.01	0.01	0.59	3.12	1.33	0.0	0.0	52.6					1	-0.02	-0.02	-1.32	-0.01	-0.01	-0.31	-1.32	0.0	0.0	28.62					-0.02	-0.02	-0.49	-0.01	-0.01	-0.2	-0.49	-0.0	-0.0	-12.76					-0.02	-0.02	-0.45	-0.01	-0.01	-0.23	-0.45	-0.0	-0.0	-12.76					0.020000000000000018	0.020000000000000018	2.04	0.008368200836820106	0.008403410796379504	0.8607594936708856	2.04	0.004857552734253024	0.004817452217350526	52.60459622705902				
2022-03-14 08:00:00	9000	2.44	2.39	2.42	2.43	2.25	CFV.MI	2.23	2.25	2.2	2.24	2.61	1.71	-1.0	1.0	1.0	1	-1.0	-1.0	1.0	-1.0	-1.0	1.0									-1.0			3.97										-1.0			4.63	-0.06	-0.06	1.27	-0.03	-0.03	0.55	3.12	1.27	0.0	0.0	47.66					1	0.06	0.06	-1.26	0.03	0.03	-0.29	-1.26	0.0	0.0	28.9					0.06	0.06	-0.43	0.03	0.03	-0.18	-0.43	-0.0	-0.0	-8.13					0.06	0.06	-0.39	0.03	0.03	-0.21	-0.39	-0.0	-0.0	-8.13					-0.06000000000000005	-0.06000000000000005	1.98	-0.025316455696202445	-0.025001302205417186	0.8148148148148144	1.98	0.004446541680244576	0.004405538319675495	47.664830295072534				
2022-03-15 08:00:00	0	2.43	2.43	2.43	2.43	2.25	CFV.MI	2.23	2.23	2.23	2.23	2.61	1.71	-1.0	1.0	1.0	1	-1.0	-1.0	1.0	-1.0	-1.0	1.0	2.43								-1.0			3.97										-1.0			4.63	-0.0	-0.0	1.27	-0.0	-0.0	0.55	3.12	1.27	0.0	0.0	50.36					1	0.0	0.0	-1.26	0.0	0.0	-0.29	-1.26	0.0	0.0	31.82					0.0	0.0	-0.43	0.0	0.0	-0.18	-0.43	-0.0	-0.0	-8.57					0.0	0.0	-0.39	0.0	0.0	-0.21	-0.39	-0.0	-0.0	-8.57					-0.0	-0.0	1.98	-0.0	-0.0	0.8148148148148144	1.98	0.004661667046580021	0.004621640906158353	50.36095427751647				
2022-03-16 08:00:00	22000	2.47	2.32	2.47	2.38	2.21	CFV.MI	2.19	2.19	2.06	2.11	2.61	1.71	-1.0	1.0	1.0	1	-1.0	-1.0	1.0	-1.0	-1.0	1.0		2.32							-1.0			3.97		2.06								-1.0			4.63	0.05	0.05	1.32	0.02	0.02	0.59	3.12	1.32	0.0	0.0	50.92					1	-0.05	-0.05	-1.31	-0.02	-0.02	-0.31	-1.31	0.0	0.0	27.86					-0.05	-0.05	-0.48	-0.02	-0.02	-0.2	-0.48	-0.0	-0.0	-11.55					-0.05	-0.05	-0.44	-0.02	-0.02	-0.23	-0.44	-0.0	-0.0	-11.55					0.050000000000000266	0.050000000000000266	2.0300000000000002	0.020576131687242927	0.020790769669073894	0.8529411764705881	2.0300000000000002	0.004805123357296631	0.004764235847385168	50.917485906281954				
2022-03-17 08:00:00	3000	2.4	2.36	2.36	2.4	2.22	CFV.MI	2.11	2.15	2.11	2.15	2.61	1.71	-1.0	1.0	1.0	1	-1.0	-1.0	1.0	-1.0	-1.0	1.0									-1.0			3.97	2.15									-1.0			4.63	-0.02	-0.02	1.3	-0.01	-0.01	0.57	3.12	1.3	0.0	0.0	51.38					1	0.02	0.02	-1.29	0.01	0.01	-0.3	-1.29	0.0	0.0	31.71					0.02	0.02	-0.46	0.01	0.01	-0.19	-0.46	-0.0	-0.0	-11.89					0.02	0.02	-0.42	0.01	0.01	-0.22	-0.42	-0.0	-0.0	-11.89					-0.020000000000000018	-0.020000000000000018	2.0100000000000002	-0.008403361344537785	-0.00836824967051658	0.8375000000000001	2.0100000000000002	0.004820793146347666	0.004780117950558882	51.38258242284424				
2022-03-18 08:00:00	5000	2.44	2.36	2.36	2.4	2.22	CFV.MI	2.1	2.17	2.1	2.14	2.61	1.71	-1.0	1.0	1.0	1	-1.0	-1.0	1.0	-1.0	-1.0	1.0	2.44		2.44						-1.0			3.97										-1.0			4.63	-0.0	-0.0	1.3	-0.0	-0.0	0.57	3.12	1.3	0.0	0.0	50.07					1	0.0	0.0	-1.29	0.0	0.0	-0.3	-1.29	0.0	0.0	28.94					0.0	0.0	-0.46	0.0	0.0	-0.19	-0.46	-0.0	-0.0	-7.65					0.0	0.0	-0.42	0.0	0.0	-0.22	-0.42	-0.0	-0.0	-7.65					-0.0	-0.0	2.0100000000000002	-0.0	-0.0	0.8375000000000001	2.0100000000000002	0.004491037565876862	0.0044523236006650535	50.07006200247477				
2022-03-21 08:00:00	11000	2.36	2.3	2.33	2.36	2.19	CFV.MI	2.07	2.1	2.04	2.1	2.61	1.71	-1.0	1.0	1.0	1	-1.0	-1.0	1.0	-1.0	-1.0	1.0									-1.0			3.97										-1.0			4.63	0.04	0.04	1.34	0.02	0.02	0.6	3.12	1.34	0.0	0.0	49.94					1	-0.04	-0.04	-1.33	-0.02	-0.02	-0.31	-1.33	0.0	0.0	23.83					-0.04	-0.04	-0.5	-0.02	-0.02	-0.21	-0.5	-0.0	-0.0	-7.45					-0.04	-0.04	-0.46	-0.02	-0.02	-0.23	-0.46	-0.0	-0.0	-7.45					0.040000000000000036	0.040000000000000036	2.0500000000000003	0.01666666666666672	0.01680711831638129	0.8686440677966103	2.0500000000000003	0.0044607114494707315	0.0044221754366069455	49.94326584600182				
2022-03-22 08:00:00	4000	2.32	2.29	2.3	2.32	2.15	CFV.MI	2.02	2.04	2.01	2.04	2.61	1.71	-1.0	1.0	1.0	1	-1.0	-1.0	1.0	-1.0	-1.0	1.0		2.29							-1.0			3.97		2.01								-1.0			4.63	0.04	0.04	1.38	0.02	0.02	0.63	3.12	1.38	0.0	0.0	50.33					1	-0.04	-0.04	-1.37	-0.02	-0.02	-0.33	-1.37	0.0	0.0	19.89					-0.04	-0.04	-0.54	-0.02	-0.02	-0.22	-0.54	-0.0	-0.0	-8.08					-0.04	-0.04	-0.5	-0.02	-0.02	-0.25	-0.5	-0.0	-0.0	-8.08					0.040000000000000036	0.040000000000000036	2.0900000000000003	0.016949152542372947	0.017094433359300183	0.9008620689655173	2.0900000000000003	0.004553976072349504	0.0045148914893282655	50.329819171796736				
2022-03-23 08:00:00	3000	2.34	2.3	2.3	2.34	2.17	CFV.MI	2.04	2.08	2.04	2.08	2.61	1.71	-1.0	1.0	1.0	1	-1.0	-1.0	1.0	-1.0	-1.0	1.0	2.34								-1.0			3.97	2.08									-1.0			4.63	-0.02	-0.02	1.36	-0.01	-0.01	0.61	3.12	1.36	0.0	0.0	46.68					1	0.02	0.02	-1.35	0.01	0.01	-0.32	-1.35	0.0	0.0	18.67					0.02	0.02	-0.52	0.01	0.01	-0.21	-0.52	-0.0	-0.0	-4.19					0.02	0.02	-0.48	0.01	0.01	-0.24	-0.48	-0.0	-0.0	-4.19					-0.020000000000000018	-0.020000000000000018	2.0700000000000003	-0.008620689655172376	-0.008583743691391435	0.8846153846153848	2.0700000000000003	0.004162584973197485	0.0041235175210283526	46.683353960085086				
2022-03-24 08:00:00	4000	2.33	2.29	2.3	2.29	2.12	CFV.MI	2.03	2.06	2.02	2.02	2.61	1.71	-1.0	1.0	1.0	1	-1.0	-1.0	1.0	-1.0	-1.0	1.0									-1.0			3.97										-1.0			4.63	0.05	0.05	1.41	0.02	0.02	0.65	3.12	1.41	0.0	0.0	50.44					1	-0.05	-0.05	-1.4	-0.02	-0.02	-0.33	-1.4	0.0	0.0	17.94					-0.05	-0.05	-0.57	-0.02	-0.02	-0.23	-0.57	-0.0	-0.0	-8.06					-0.05	-0.05	-0.53	-0.02	-0.02	-0.26	-0.53	-0.0	-0.0	-8.06					0.04999999999999982	0.04999999999999982	2.12	0.02136752136752129	0.0215991118034617	0.9257641921397382	2.12	0.004535077298473815	0.004496245578864189	50.44322511884491				
2022-03-25 08:00:00	12000	2.33	2.24	2.29	2.33	2.16	CFV.MI	2.01	2.05	1.97	2.05	2.61	1.71	-1.0	1.0	-1.0	0	-1.0	-1.0	1.0	-1.0	-1.0	1.0									-1.0			3.97										-1.0			4.63	-0.04	-0.04	1.37	-0.02	-0.02	0.62	2.99	1.37	0.0	0.0	50.18					1	0.04	0.04	-1.36	0.02	0.02	-0.32	-1.36	0.0	0.0	22.67					0.04	0.04	-0.53	0.02	0.02	-0.22	-0.53	-0.0	-0.0	-7.87					0.04	0.04	-0.49	0.02	0.02	-0.24	-0.49	-0.0	-0.0	-7.87					-0.040000000000000036	-0.040000000000000036	2.08	-0.017467248908296984	-0.017316450011460958	0.8927038626609443	2.08	0.0045261624243181494	0.004487212753327974	50.17648708247491				
2022-03-28 07:00:00	1000	2.29	2.29	2.29	2.29	2.12	CFV.MI	2.0	2.0	2.0	2.0	2.61	1.71	-1.0	1.0	-1.0	0	-1.0	-1.0	1.0	-1.0	-1.0	1.0									-1.0			3.97										-1.0			4.63	0.04	0.04	1.41	0.02	0.02	0.65	2.93	1.41	0.0	0.0	53.1					1	-0.0	-0.0	-1.36	-0.0	-0.0	-0.32	-1.36	0.0	0.0	25.41					-0.04	-0.04	-0.57	-0.02	-0.02	-0.23	-0.57	-0.0	-0.0	-11.01					-0.04	-0.04	-0.53	-0.02	-0.02	-0.26	-0.53	-0.0	-0.0	-11.01					0.040000000000000036	0.040000000000000036	2.12	0.01716738197424894	0.01731645001146093	0.9257641921397382	2.12	0.004848916079654649	0.004810125132404641	53.09742036548509				
2022-03-29 07:00:00	3000	2.25	2.22	2.24	2.25	2.08	CFV.MI	1.91	1.92	1.89	1.92	2.61	1.71	-1.0	1.0	-1.0	0	-1.0	-1.0	1.0	-1.0	-1.0	1.0		2.22		2.22					-1.0			3.97		1.89		1.89						-1.0			4.63	0.04	0.04	1.45	0.02	0.02	0.68	2.78	1.45	0.01	0.01	56.34					1	-0.0	-0.0	-1.36	-0.0	-0.0	-0.32	-1.36	0.0	0.0	28.42					-0.04	-0.04	-0.61	-0.02	-0.02	-0.24	-0.61	-0.0	-0.0	-14.36					-0.04	-0.04	-0.57	-0.02	-0.02	-0.27	-0.57	-0.0	-0.0	-14.36					0.040000000000000036	0.040000000000000036	2.16	0.017467248908296984	0.01762160134981956	0.9600000000000002	2.16	0.005186849009847054	0.005148400507523521	56.33641482226889				
2022-03-30 07:00:00	1000	2.24	2.24	2.24	2.24	2.08	CFV.MI	1.91	1.91	1.91	1.91	2.61	1.71	-1.0	1.0	-1.0	0	-1.0	-1.0	1.0	-1.0	-1.0	1.0									-1.0			3.97										-1.0			4.63	0.01	0.01	1.46	0.0	0.0	0.68	2.67	1.46	0.01	0.01	55.81					1	-0.0	-0.0	-1.36	-0.0	-0.0	-0.32	-1.36	0.0	0.0	26.75					-0.01	-0.01	-0.62	-0.0	-0.0	-0.25	-0.62	-0.0	-0.0	-13.47					-0.01	-0.01	-0.58	-0.0	-0.0	-0.27	-0.58	-0.0	-0.0	-13.47					0.009999999999999787	0.009999999999999787	2.17	0.004444444444444362	0.004454350349380197	0.9687500000000002	2.17	0.005040009487099702	0.005002376291015187	55.81123956959897				
2022-03-31 07:00:00	2000	2.28	2.25	2.25	2.28	2.11	CFV.MI	1.94	1.97	1.94	1.97	2.61	1.71	-1.0	1.0	-1.0	0	-1.0	-1.0	1.0	-1.0	-1.0	1.0									-1.0			3.97										-1.0			4.63	-0.04	-0.04	1.42	-0.02	-0.02	0.66	2.67	1.42	0.01	0.01	56.9					1	0.0	0.0	-1.36	0.0	0.0	-0.32	-1.36	0.0	0.0	31.54					0.04	0.04	-0.58	0.02	0.02	-0.23	-0.58	-0.0	-0.0	-14.25					0.04	0.04	-0.54	0.02	0.02	-0.26	-0.54	-0.0	-0.0	-14.25					-0.03999999999999959	-0.03999999999999959	2.1300000000000003	-0.01785714285714257	-0.017699577099400638	0.9342105263157903	2.1300000000000003	0.005071840533443773	0.005034640604137497	56.89563730563384				
2022-04-01 07:00:00	1000	2.31	2.31	2.31	2.31	2.14	CFV.MI	1.98	1.98	1.98	1.98	2.61	1.71	-1.0	1.0	-1.0	0	-1.0	-1.0	1.0	-1.0	-1.0	1.0	2.31								-1.0			3.97	1.98									-1.0			4.63	-0.03	-0.03	1.39	-0.01	-0.01	0.63	2.67	1.39	0.0	0.0	53.49					1	0.0	0.0	-1.36	0.0	0.0	-0.32	-1.36	0.0	0.0	31.54					0.03	0.03	-0.55	0.01	0.01	-0.22	-0.55	-0.0	-0.0	-13.33					0.03	0.03	-0.51	0.01	0.01	-0.25	-0.51	-0.0	-0.0	-13.33					-0.03000000000000025	-0.03000000000000025	2.1	-0.013157894736842257	-0.013072081567352921	0.9090909090909096	2.1	0.004842560755884582	0.004804095967009037	53.49336574398967				
2022-04-04 07:00:00	5000	2.32	2.26	2.26	2.26	2.09	CFV.MI	1.94	1.99	1.94	1.94	2.61	1.71	-1.0	1.0	-1.0	0	-1.0	-1.0	1.0	-1.0	-1.0	1.0									-1.0			3.97										-1.0			4.63	0.05	0.05	1.44	0.02	0.02	0.67	2.67	1.44	0.0	0.0	53.88					1	-0.0	-0.0	-1.36	-0.0	-0.0	-0.32	-1.36	0.0	0.0	31.06					-0.05	-0.05	-0.6	-0.02	-0.02	-0.24	-0.6	-0.0	-0.0	-13.97					-0.05	-0.05	-0.56	-0.02	-0.02	-0.26	-0.56	-0.0	-0.0	-13.97					0.050000000000000266	0.050000000000000266	2.1500000000000004	0.0216450216450218	0.02188271124950782	0.9513274336283193	2.1500000000000004	0.004946094136464694	0.004907034974382718	53.88402921365843				
2022-04-05 07:00:00	2000	2.25	2.25	2.25	2.25	2.08	CFV.MI	1.94	1.94	1.94	1.94	2.61	1.71	-1.0	1.0	-1.0	0	-1.0	-1.0	1.0	-1.0	-1.0	1.0		2.25							-1.0			3.97		1.94								-1.0			4.63	0.01	0.01	1.45	0.0	0.0	0.68	2.67	1.45	0.01	0.01	56.79					1	-0.0	-0.0	-1.36	-0.0	-0.0	-0.32	-1.36	0.0	0.0	34.24					-0.01	-0.01	-0.61	-0.0	-0.0	-0.24	-0.61	-0.0	-0.0	-16.76					-0.01	-0.01	-0.57	-0.0	-0.0	-0.27	-0.57	-0.0	-0.0	-16.76					0.009999999999999787	0.009999999999999787	2.16	0.004424778761061843	0.004434597067865641	0.9600000000000004	2.16	0.005190997027051936	0.0051528057487724155	56.79022553635845				
2022-04-06 07:00:00	4000	2.34	2.28	2.28	2.33	2.16	CFV.MI	2.01	2.06	2.01	2.06	2.61	1.71	-1.0	1.0	-1.0	0	-1.0	-1.0	1.0	-1.0	-1.0	1.0	2.34		2.34						-1.0			3.97	2.06		2.06							-1.0			4.63	-0.08	-0.08	1.37	-0.04	-0.03	0.62	2.47	1.37	0.0	0.0	50.95					1	0.0	0.0	-1.36	0.0	0.0	-0.32	-1.36	0.0	0.0	33.03					0.08	0.08	-0.53	0.04	0.03	-0.22	-0.53	-0.0	-0.0	-11.51					0.08	0.08	-0.49	0.04	0.03	-0.24	-0.49	-0.0	-0.0	-11.51					-0.08000000000000007	-0.08000000000000007	2.08	-0.03555555555555556	-0.03493805136128044	0.8927038626609447	2.08	0.004768818359116182	0.004729162909643092	50.95050500296696				
2022-04-07 07:00:00	4000	2.3	2.26	2.3	2.26	2.09	CFV.MI	2.04	2.04	2.01	2.01	2.61	1.71	-1.0	1.0	-1.0	0	-1.0	-1.0	1.0	-1.0	-1.0	1.0									-1.0			3.97										-1.0			4.63	0.07	0.07	1.44	0.03	0.03	0.67	2.47	1.44	0.0	0.0	51.56					1	-0.0	-0.0	-1.36	-0.0	-0.0	-0.32	-1.36	0.0	0.0	32.52					-0.07	-0.07	-0.6	-0.03	-0.03	-0.24	-0.6	-0.0	-0.0	-12.5					-0.07	-0.07	-0.56	-0.03	-0.03	-0.26	-0.56	-0.0	-0.0	-12.5					0.07000000000000028	0.07000000000000028	2.1500000000000004	0.030042918454935785	0.030503454293414854	0.9513274336283193	2.1500000000000004	0.004931800803355677	0.0048911933201174485	51.55906664881735				
2022-04-08 07:00:00	3000	2.24	2.23	2.24	2.24	2.08	CFV.MI	1.95	1.95	1.94	1.95	2.61	1.71	-1.0	1.0	-1.0	0	-1.0	-1.0	1.0	-1.0	-1.0	1.0		2.23							-1.0			3.97		1.94								-1.0			4.63	0.02	0.02	1.46	0.01	0.01	0.68	2.47	1.46	0.01	0.01	55.16					1	-0.0	-0.0	-1.36	-0.0	-0.0	-0.32	-1.36	0.0	0.0	36.42					-0.02	-0.02	-0.62	-0.01	-0.01	-0.25	-0.62	-0.0	-0.0	-15.89					-0.02	-0.02	-0.58	-0.01	-0.01	-0.27	-0.58	-0.0	-0.0	-15.89					0.019999999999999574	0.019999999999999574	2.17	0.008849557522123686	0.008888947417245815	0.9687500000000002	2.17	0.005233263242185779	0.0051936731660036095	55.16403107894739				
2022-04-11 07:00:00	0	2.24	2.24	2.24	2.24	2.08	CFV.MI	1.95	1.95	1.95	1.95	2.61	1.71	-1.0	1.0	-1.0	0	-1.0	-1.0	1.0	-1.0	-1.0	1.0									-1.0			3.97										-1.0			4.63	-0.0	-0.0	1.46	-0.0	-0.0	0.68	2.47	1.46	0.01	0.01	54.72					1	0.0	0.0	-1.36	0.0	0.0	-0.32	-1.36	0.0	0.0	35.14					0.0	0.0	-0.62	0.0	0.0	-0.25	-0.62	-0.0	-0.0	-13.07					0.0	0.0	-0.58	0.0	0.0	-0.27	-0.58	-0.0	-0.0	-13.07					-0.0	-0.0	2.17	-0.0	-0.0	0.9687500000000002	2.17	0.005105331853116764	0.005066463076873751	54.71843059257945				
2022-04-12 07:00:00	4000	2.28	2.24	2.24	2.25	2.08	CFV.MI	1.96	1.99	1.96	1.97	2.61	1.71	-1.0	1.0	-1.0	0	-1.0	-1.0	1.0	-1.0	-1.0	1.0	2.28								-1.0			3.97	1.99									-1.0			4.63	-0.01	-0.01	1.45	-0.0	-0.0	0.68	2.47	1.45	0.01	0.01	55.67					1	0.0	0.0	-1.36	0.0	0.0	-0.32	-1.36	0.0	0.0	39.16					0.01	0.01	-0.61	0.0	0.0	-0.24	-0.61	-0.0	-0.0	-13.76					0.01	0.01	-0.57	0.0	0.0	-0.27	-0.57	-0.0	-0.0	-13.76					-0.009999999999999787	-0.009999999999999787	2.16	-0.004464285714285587	-0.004454350349380153	0.9600000000000004	2.16	0.005134292221152466	0.005095824219158995	55.6687060055328				
2022-04-13 07:00:00	2000	2.24	2.24	2.24	2.24	2.08	CFV.MI	1.95	1.95	1.95	1.95	2.61	1.71	-1.0	1.0	-1.0	0	-1.0	-1.0	1.0	-1.0	-1.0	1.0									-1.0			3.97										-1.0			4.63	0.01	0.01	1.46	0.0	0.0	0.68	2.44	1.46	0.01	0.01	55.78					1	-0.0	-0.0	-1.36	-0.0	-0.0	-0.32	-1.36	0.0	0.0	39.16					-0.01	-0.01	-0.62	-0.0	-0.0	-0.25	-0.62	-0.0	-0.0	-16.04					-0.01	-0.01	-0.58	-0.0	-0.0	-0.27	-0.58	-0.0	-0.0	-16.04					0.009999999999999787	0.009999999999999787	2.17	0.004444444444444362	0.004454350349380197	0.9687500000000004	2.17	0.005165918108633065	0.005127273324854853	55.78024838056933				
2022-04-14 07:00:00	2000	2.2	2.2	2.2	2.2	2.04	CFV.MI	1.91	1.91	1.91	1.91	2.61	1.71	-1.0	1.0	-1.0	0	-1.0	-1.0	1.0	-1.0	-1.0	1.0									-1.0			3.97										-1.0			4.63	0.04	0.04	1.5	0.02	0.02	0.72	2.44	1.5	0.01	0.01	55.78					1	-0.0	-0.0	-1.36	-0.0	-0.0	-0.32	-1.36	0.0	0.0	37.85					-0.04	-0.04	-0.66	-0.02	-0.02	-0.26	-0.66	-0.0	-0.0	-16.03					-0.04	-0.04	-0.62	-0.02	-0.02	-0.28	-0.62	-0.0	-0.0	-16.03					0.040000000000000036	0.040000000000000036	2.21	0.017857142857142905	0.018018505502678365	1.0045454545454553	2.21	0.0051654554021256845	0.00512681320767272	55.778623088548414				
2022-04-19 07:00:00	5000	2.2	2.16	2.2	2.16	2.0	CFV.MI	1.93	1.93	1.89	1.89	2.61	1.71	-1.0	1.0	-1.0	-1	-1.0	-1.0	1.0	-1.0	-1.0	1.0		2.16							-1.0			3.97										-1.0			4.63	0.04	0.04	1.54	0.02	0.02	0.75	2.36	1.54	0.01	0.01	56.05					1	-0.0	-0.0	-1.36	-0.0	-0.0	-0.32	-1.36	0.0	0.0	37.3					-0.04	-0.04	-0.7	-0.02	-0.02	-0.27	-0.7	-0.0	-0.0	-16.49					-0.04	-0.04	-0.66	-0.02	-0.02	-0.3	-0.66	-0.0	-0.0	-16.49					0.040000000000000036	0.040000000000000036	2.25	0.018181818181818188	0.01834913866819654	1.0416666666666674	2.25	0.005243719402016161	0.005204638015582352	56.05076599424949				
2022-04-20 07:00:00	6000	2.19	2.16	2.16	2.19	2.03	CFV.MI	1.87	1.9	1.87	1.9	2.61	1.71	-1.0	1.0	-1.0	-1	-1.0	-1.0	1.0	-1.0	-1.0	1.0									-1.0			3.97		1.87		1.87						-1.0			4.63	-0.03	-0.03	1.51	-0.01	-0.01	0.72	2.34	1.51	0.0	0.0	52.49					1	-0.03	-0.03	-1.39	-0.01	-0.01	-0.33	-1.39	0.0	0.0	32.67					0.03	0.03	-0.67	0.01	0.01	-0.26	-0.67	-0.0	-0.0	-13.16					0.03	0.03	-0.63	0.01	0.01	-0.29	-0.63	-0.0	-0.0	-13.16					-0.029999999999999805	-0.029999999999999805	2.22	-0.01388888888888884	-0.01379332213233577	1.0136986301369868	2.22	0.004955864346014034	0.004915740061626872	52.492112902991394				
2022-04-21 07:00:00	0	2.19	2.19	2.19	2.19	2.03	CFV.MI	1.9	1.9	1.9	1.9	2.61	1.71	-1.0	1.0	-1.0	-1	-1.0	-1.0	1.0	-1.0	-1.0	1.0	2.19								-1.0			3.97										-1.0			4.63	-0.0	-0.0	1.51	-0.0	-0.0	0.72	2.34	1.51	0.01	0.01	57.02					1	-0.0	-0.0	-1.39	-0.0	-0.0	-0.33	-1.39	0.0	0.0	37.81					0.0	0.0	-0.67	0.0	0.0	-0.26	-0.67	-0.0	-0.0	-14.92					0.0	0.0	-0.63	0.0	0.0	-0.29	-0.63	-0.0	-0.0	-14.92					-0.0	-0.0	2.22	-0.0	-0.0	1.0136986301369868	2.22	0.005225547092867263	0.005187232924062091	57.02113758335155				
2022-04-22 07:00:00	0	2.19	2.19	2.19	2.19	2.03	CFV.MI	1.95	1.95	1.95	1.95	2.61	1.71	-1.0	1.0	-1.0	-1	-1.0	-1.0	1.0	-1.0	-1.0	1.0									-1.0			3.97										-1.0			4.63	-0.0	-0.0	1.51	-0.0	-0.0	0.72	2.34	1.51	0.01	0.01	61.33					1	-0.0	-0.0	-1.39	-0.0	-0.0	-0.33	-1.39	0.0	0.0	42.74					0.0	0.0	-0.67	0.0	0.0	-0.26	-0.67	-0.0	-0.0	-16.49					0.0	0.0	-0.63	0.0	0.0	-0.29	-0.63	-0.0	-0.0	-16.49					-0.0	-0.0	2.22	-0.0	-0.0	1.0136986301369868	2.22	0.005478445494230117	0.005441762522983895	61.33248228936241				
2022-04-25 07:00:00	1000	2.18	2.18	2.18	2.18	2.02	CFV.MI	1.97	1.97	1.97	1.97	2.61	1.71	-1.0	1.0	-1.0	-1	-1.0	-1.0	1.0	-1.0	-1.0	1.0									-1.0			3.97										-1.0			4.63	0.01	0.01	1.52	0.0	0.0	0.73	2.34	1.52	0.01	0.01	61.44					1	0.01	0.01	-1.38	0.0	0.0	-0.33	-1.38	0.0	0.0	43.08					-0.01	-0.01	-0.68	-0.0	-0.0	-0.27	-0.68	-0.0	-0.0	-18.81					-0.01	-0.01	-0.64	-0.0	-0.0	-0.29	-0.64	-0.0	-0.0	-18.81					0.009999999999999787	0.009999999999999787	2.23	0.004566210045662045	0.004576667027411755	1.0229357798165144	2.23	0.005511397496827483	0.005474539006266932	61.441489953006865				
2022-04-26 07:00:00	2000	2.2	2.12	2.12	2.2	2.04	CFV.MI	1.93	2.0	1.93	2.0	2.61	1.71	-1.0	1.0	-1.0	-1	-1.0	-1.0	1.0	-1.0	-1.0	1.0									-1.0			3.97	2.0		2.0							-1.0			4.63	-0.02	-0.02	1.5	-0.01	-0.01	0.72	2.34	1.5	0.01	0.01	58.37					1	-0.02	-0.02	-1.4	-0.01	-0.01	-0.33	-1.4	0.0	0.0	39.33					0.02	0.02	-0.66	0.01	0.01	-0.26	-0.66	-0.0	-0.0	-18.12					0.02	0.02	-0.62	0.01	0.01	-0.28	-0.62	-0.0	-0.0	-18.12					-0.020000000000000018	-0.020000000000000018	2.21	-0.00917431192660545	-0.009132483563272472	1.0045454545454553	2.21	0.005293702461650504	0.005255697786552993	58.36893597483295				
2022-04-27 07:00:00	1000	2.14	2.14	2.14	2.14	1.98	CFV.MI	1.94	1.94	1.94	1.94	2.61	1.71	-1.0	1.0	-1.0	-1	-1.0	-1.0	1.0	-1.0	-1.0	1.0		2.14							-1.0			3.97										-1.0			4.63	0.06	0.06	1.56	0.03	0.03	0.76	2.34	1.56	0.01	0.01	58.16					1	0.06	0.06	-1.34	0.03	0.03	-0.32	-1.34	0.0	0.0	38.68					-0.06	-0.06	-0.72	-0.03	-0.03	-0.28	-0.72	-0.0	-0.0	-17.78					-0.06	-0.06	-0.68	-0.03	-0.03	-0.3	-0.68	-0.0	-0.0	-17.78					0.06000000000000005	0.06000000000000005	2.27	0.027272727272727337	0.027651531330510123	1.0607476635514028	2.27	0.005234605106643353	0.005196927679278929	58.162890069495546				
2022-04-28 07:00:00	2000	2.16	2.14	2.16	2.14	1.98	CFV.MI	1.94	1.94	1.92	1.92	2.61	1.71	-1.0	1.0	-1.0	-1	-1.0	-1.0	1.0	1.0	-1.0	-1.0	2.16								-1.0			3.97										-1.0			4.63	-0.0	-0.0	1.56	-0.0	-0.0	0.76	2.34	1.56	0.01	0.01	58.16					1	-0.0	-0.0	-1.34	-0.0	-0.0	-0.32	-1.34	0.0	0.0	38.68					0.0	0.0	-0.72	0.0	0.0	-0.28	-0.72	-0.0	-0.0	-17.78					0.0	0.0	-0.68	0.0	0.0	-0.3	-0.68	-0.0	-0.0	-17.78					-0.0	-0.0	2.27	-0.0	-0.0	1.0607476635514028	2.27	0.005234605106643353	0.005196927679278929	58.162890069495546				
2022-04-29 07:00:00	1000	2.14	2.14	2.14	2.14	1.98	CFV.MI	1.9	1.9	1.9	1.9	2.61	1.71	-1.0	1.0	-1.0	-1	-1.0	-1.0	1.0	1.0	-1.0	-1.0									-1.0			3.97		1.9								-1.0			4.63	-0.0	-0.0	1.56	-0.0	-0.0	0.76	2.34	1.56	0.01	0.0	57.4					1	-0.0	-0.0	-1.34	-0.0	-0.0	-0.32	-1.34	0.0	0.0	36.19					0.0	0.0	-0.72	0.0	0.0	-0.28	-0.72	-0.0	-0.0	-14.36					-0.0	-0.0	-0.68	-0.0	-0.0	-0.3	-0.68	-0.0	-0.0	-14.36					-0.0	-0.0	2.27	-0.0	-0.0	1.0607476635514028	2.27	0.005023437125332316	0.004986917558411186	57.39991206134651				
2022-05-02 07:00:00	0	2.14	2.14	2.14	2.14	1.98	CFV.MI	1.93	1.93	1.93	1.93	2.61	1.71	-1.0	1.0	-1.0	-1	-1.0	-1.0	1.0	1.0	-1.0	-1.0									-1.0			3.97	1.93									-1.0			4.63	-0.0	-0.0	1.56	-0.0	-0.0	0.76	2.34	1.56	0.01	0.0	57.4					1	-0.0	-0.0	-1.34	-0.0	-0.0	-0.32	-1.34	0.0	0.0	36.19					0.0	0.0	-0.72	0.0	0.0	-0.28	-0.72	-0.0	-0.0	-14.36					-0.0	-0.0	-0.68	-0.0	-0.0	-0.3	-0.68	-0.0	-0.0	-14.36					-0.0	-0.0	2.27	-0.0	-0.0	1.0607476635514028	2.27	0.005023437125332316	0.004986917558411186	57.39991206134651				
2022-05-03 07:00:00	0	2.14	2.14	2.14	2.14	1.98	CFV.MI	1.9	1.9	1.9	1.9	2.61	1.71	-1.0	1.0	-1.0	-1	-1.0	-1.0	1.0	1.0	-1.0	-1.0									-1.0			3.97										-1.0			4.63	-0.0	-0.0	1.56	-0.0	-0.0	0.76	2.34	1.56	0.0	0.0	57.1					1	-0.0	-0.0	-1.34	-0.0	-0.0	-0.32	-1.34	0.0	0.0	35.16					0.0	0.0	-0.72	0.0	0.0	-0.28	-0.72	-0.0	-0.0	-11.69					-0.0	-0.0	-0.68	-0.0	-0.0	-0.3	-0.68	-0.0	-0.0	-11.69					-0.0	-0.0	2.27	-0.0	-0.0	1.0607476635514028	2.27	0.0049426013375339275	0.004906520259079894	57.09625901324388				
2022-05-04 07:00:00	4000	2.12	2.05	2.09	2.12	1.96	CFV.MI	1.89	1.91	1.85	1.91	2.61	1.71	-1.0	-1.0	-1.0	-1	-1.0	-1.0	1.0	1.0	-1.0	-1.0									-1.0			3.97		1.85								-1.0			4.63	0.02	0.02	1.58	0.01	0.01	0.78	2.34	1.58	0.0	0.0	57.14					1	0.02	0.02	-1.32	0.01	0.01	-0.31	-1.32	0.0	0.0	35.32					-0.02	-0.02	-0.74	-0.01	-0.01	-0.29	-0.74	-0.0	-0.0	-11.77					0.02	0.02	-0.66	0.01	0.01	-0.3	-0.66	-0.0	-0.0	-8.51					0.020000000000000018	0.020000000000000018	2.29	0.009345794392523366	0.009389740349839032	1.0801886792452842	2.29	0.004954862097524242	0.004918714680393954	57.14274377640338				
2022-05-05 07:00:00	2000	2.12	2.09	2.12	2.09	1.94	CFV.MI	1.92	1.92	1.9	1.9	2.61	1.71	-1.0	-1.0	-1.0	-1	-1.0	-1.0	1.0	1.0	-1.0	-1.0									-1.0			3.97										-1.0			4.63	0.03	0.03	1.61	0.01	0.01	0.81	2.34	1.61	0.01	0.0	57.42					1	0.03	0.03	-1.29	0.01	0.01	-0.3	-1.29	0.0	0.0	36.25					-0.03	-0.03	-0.77	-0.01	-0.01	-0.3	-0.77	-0.0	-0.0	-12.25					0.03	0.03	-0.63	0.01	0.01	-0.29	-0.63	-0.0	-0.0	-5.22					0.03000000000000025	0.03000000000000025	2.3200000000000003	0.014150943396226578	0.014252022707201615	1.1100478468899535	2.3200000000000003	0.0050286911166018446	0.0049921429588246635	57.419420166478886				
2022-05-06 07:00:00	0	2.09	2.09	2.09	2.09	1.94	CFV.MI	1.92	1.92	1.92	1.92	2.61	1.71	-1.0	-1.0	-1.0	-1	-1.0	-1.0	1.0	1.0	-1.0	-1.0									-1.0			3.97	1.92									-1.0			4.63	-0.0	-0.0	1.61	-0.0	-0.0	0.81	2.3	1.61	0.01	0.0	57.42					1	-0.0	-0.0	-1.29	-0.0	-0.0	-0.3	-1.29	0.0	0.0	36.25					0.0	0.0	-0.77	0.0	0.0	-0.3	-0.77	-0.0	-0.0	-12.25					-0.0	-0.0	-0.63	-0.0	-0.0	-0.29	-0.63	-0.0	-0.0	-5.22					-0.0	-0.0	2.3200000000000003	-0.0	-0.0	1.1100478468899535	2.3200000000000003	0.0050286911166018446	0.0049921429588246635	57.419420166478886				
2022-05-09 07:00:00	13000	2.05	1.96	2.04	1.99	1.84	CFV.MI	1.93	1.94	1.85	1.88	2.61	1.71	-1.0	-1.0	-1.0	-1	-1.0	-1.0	1.0	1.0	-1.0	-1.0									-1.0			3.97										-1.0			4.63	0.1	0.1	1.71	0.05	0.05	0.9	2.28	1.71	0.01	0.01	61.16					1	0.1	0.1	-1.19	0.05	0.05	-0.26	-1.19	0.0	0.0	43.41					-0.1	-0.1	-0.87	-0.05	-0.05	-0.33	-0.87	-0.0	-0.0	-16.77					0.1	0.1	-0.53	0.05	0.05	-0.25	-0.53	-0.0	-0.0	-2.42					0.09999999999999987	0.09999999999999987	2.42	0.04784688995215303	0.04902942724031852	1.2160804020100517	2.42	0.005580884513861112	0.005543369105674989	61.16201662209937				
2022-05-10 07:00:00	35000	1.92	1.77	1.92	1.77	1.64	CFV.MI	1.79	1.79	1.65	1.65	2.61	1.65	-1.0	-1.0	-1.0	-1	-1.0	-1.0	1.0	-1.0	-1.0	1.0									-1.0			3.97										-1.0			4.63	0.22	0.22	1.93	0.11	0.12	1.13	2.28	1.93	0.01	0.01	63.62					1	0.22	0.22	-0.97	0.11	0.12	-0.17	-0.97	0.0	0.0	50.38					-0.22	-0.22	-1.09	-0.11	-0.12	-0.4	-1.09	-0.0	-0.0	-23.09					0.22	0.22	-0.31	0.11	0.12	-0.16	-0.31	0.0	0.0	3.68					0.21999999999999997	0.21999999999999997	2.6399999999999997	0.11055276381909551	0.11715509215066329	1.4915254237288154	2.6399999999999997	0.006424401177345887	0.006382211700191487	63.61960422028065				
2022-05-11 07:00:00	25000	1.85	1.64	1.73	1.84	1.7	CFV.MI	1.57	1.68	1.49	1.67	2.61	1.49	-1.0	-1.0	-1.0	-1	-1.0	-1.0	1.0	-1.0	-1.0	1.0		1.64		1.64		1.64			-1.0	1.64		3.97		1.49		1.49		1.49				-1.0			4.63	-0.07	-0.07	1.86	-0.04	-0.04	1.05	2.28	1.86	0.01	0.01	57.47					1	-0.07	-0.07	-1.04	-0.04	-0.04	-0.2	-1.04	0.0	0.0	43.43					0.07	0.07	-1.02	0.04	0.04	-0.38	-1.02	-0.0	-0.0	-17.81					0.07	0.07	-0.24	0.04	0.04	-0.13	-0.24	0.0	0.0	8.11					-0.07000000000000006	-0.07000000000000006	2.5699999999999994	-0.039548022598870025	-0.03878602503515645	1.396739130434784	2.5699999999999994	0.0059972173582868785	0.005953132198769584	57.473694171978366				
2022-05-12 07:00:00	4000	1.89	1.85	1.88	1.89	1.76	CFV.MI	1.72	1.73	1.69	1.73	2.61	1.49	-1.0	-1.0	-1.0	-1	-1.0	-1.0	1.0	-1.0	-1.0	1.0	1.89								-1.0			3.97	1.73									-1.0			4.63	-0.05	-0.05	1.81	-0.03	-0.03	1.0	2.24	1.81	0.01	0.01	53.08					1	-0.05	-0.05	-1.09	-0.03	-0.03	-0.23	-1.09	0.0	0.0	38.63					0.05	0.05	-0.97	0.03	0.03	-0.36	-0.97	-0.0	-0.0	-16.05					0.05	0.05	-0.19	0.03	0.03	-0.1	-0.19	0.0	0.0	9.21					-0.04999999999999982	-0.04999999999999982	2.5199999999999996	-0.02717391304347827	-0.02681125745065677	1.3333333333333348	2.5199999999999996	0.005709830780033289	0.005663691350151545	53.08299704579753				
2022-05-13 07:00:00	7000	1.87	1.87	1.87	1.87	1.73	CFV.MI	1.68	1.68	1.68	1.68	2.61	1.49	-1.0	-1.0	-1.0	-1	-1.0	-1.0	1.0	-1.0	-1.0	1.0		1.87							-1.0			3.97		1.68								-1.0			4.63	0.02	0.02	1.83	0.01	0.01	1.02	2.2	1.83	0.01	0.01	52.55					1	0.02	0.02	-1.07	0.01	0.01	-0.22	-1.07	0.0	0.0	37.16					-0.02	-0.02	-0.99	-0.01	-0.01	-0.37	-0.99	-0.0	-0.0	-15.18					-0.02	-0.02	-0.21	-0.01	-0.01	-0.11	-0.21	0.0	0.0	10.55					0.019999999999999796	0.019999999999999796	2.539999999999999	0.01058201058201047	0.010638398205055643	1.358288770053477	2.539999999999999	0.005533775812507583	0.005488731971750704	52.54770311285429				
2022-05-16 07:00:00	5000	1.91	1.88	1.88	1.91	1.77	CFV.MI	1.69	1.71	1.69	1.71	2.61	1.49	-1.0	-1.0	-1.0	-1	-1.0	-1.0	1.0	-1.0	-1.0	1.0									-1.0			3.97										-1.0			4.63	-0.04	-0.04	1.79	-0.02	-0.02	0.98	2.2	1.79	0.01	0.01	53.49					1	-0.04	-0.04	-1.11	-0.02	-0.02	-0.23	-1.11	0.0	0.0	38.05					0.04	0.04	-0.95	0.02	0.02	-0.36	-0.95	-0.0	-0.0	-15.87					0.04	0.04	-0.17	0.02	0.02	-0.09	-0.17	0.0	0.0	10.11					-0.039999999999999813	-0.039999999999999813	2.499999999999999	-0.021390374331550666	-0.021164811192043116	1.3089005235602107	2.499999999999999	0.005565907004522801	0.00552133053253967	53.491909984442586				
2022-05-17 07:00:00	8000	1.95	1.91	1.92	1.95	1.81	CFV.MI	1.7	1.73	1.7	1.73	2.61	1.49	-1.0	-1.0	-1.0	-1	-1.0	-1.0	1.0	-1.0	-1.0	1.0	1.95		1.95						-1.0			3.97	1.73									-1.0			4.63	-0.04	-0.04	1.75	-0.02	-0.02	0.94	2.2	1.75	0.01	0.01	55.11					1	-0.04	-0.04	-1.15	-0.02	-0.02	-0.25	-1.15	0.0	0.0	39.58					0.04	0.04	-0.91	0.02	0.02	-0.34	-0.91	-0.0	-0.0	-17.04					0.04	0.04	-0.13	0.02	0.02	-0.07	-0.13	0.0	0.0	9.38					-0.040000000000000036	-0.040000000000000036	2.459999999999999	-0.020942408376963373	-0.020726130517116952	1.2615384615384628	2.459999999999999	0.005619127455454839	0.005575319684789193	55.10710668606481				
2022-05-18 07:00:00	1000	1.9	1.9	1.9	1.9	1.76	CFV.MI	1.7	1.7	1.7	1.7	2.61	1.49	-1.0	-1.0	-1.0	-1	-1.0	-1.0	1.0	-1.0	-1.0	1.0									-1.0			3.97										-1.0			4.63	0.05	0.05	1.8	0.03	0.03	0.99	2.2	1.8	0.01	0.01	55.58					1	0.05	0.05	-1.1	0.03	0.03	-0.23	-1.1	0.0	0.0	40.87					-0.05	-0.05	-0.96	-0.03	-0.03	-0.36	-0.96	-0.0	-0.0	-17.82					-0.05	-0.05	-0.18	-0.03	-0.03	-0.1	-0.18	0.0	0.0	8.2					0.050000000000000044	0.050000000000000044	2.509999999999999	0.02564102564102566	0.025975486403260677	1.3210526315789486	2.509999999999999	0.005774490800398321	0.005729730176908365	55.58065447779641				
2022-05-19 07:00:00	0	1.9	1.9	1.9	1.9	1.76	CFV.MI	1.7	1.7	1.7	1.7	2.61	1.49	-1.0	-1.0	-1.0	-1	-1.0	-1.0	1.0	-1.0	-1.0	1.0									-1.0			3.97										-1.0			4.63	-0.0	-0.0	1.8	-0.0	-0.0	0.99	2.2	1.8	0.01	0.01	63.52					1	-0.0	-0.0	-1.1	-0.0	-0.0	-0.23	-1.1	0.0	0.0	49.0					0.0	0.0	-0.96	0.0	0.0	-0.36	-0.96	-0.0	-0.0	-22.09					0.0	0.0	-0.18	0.0	0.0	-0.1	-0.18	0.0	0.0	5.58					-0.0	-0.0	2.509999999999999	-0.0	-0.0	1.3210526315789486	2.509999999999999	0.006151621532738287	0.006110211385618625	63.51627452906688				
2022-05-20 07:00:00	1000	1.9	1.9	1.9	1.9	1.76	CFV.MI	1.7	1.7	1.7	1.7	2.61	1.49	-1.0	-1.0	-1.0	-1	-1.0	-1.0	1.0	-1.0	-1.0	1.0									-1.0			3.97										-1.0			4.63	-0.0	-0.0	1.8	-0.0	-0.0	0.99	2.2	1.8	0.01	0.01	63.22					1	-0.0	-0.0	-1.1	-0.0	-0.0	-0.23	-1.1	0.0	0.0	48.2					0.0	0.0	-0.96	0.0	0.0	-0.36	-0.96	-0.0	-0.0	-19.51					0.0	0.0	-0.18	0.0	0.0	-0.1	-0.18	0.0	0.0	8.35					-0.0	-0.0	2.509999999999999	-0.0	-0.0	1.3210526315789486	2.509999999999999	0.0060494614968283796	0.006008640739516347	63.22146846423812				
2022-05-23 07:00:00	10000	1.89	1.85	1.89	1.85	1.71	CFV.MI	1.69	1.69	1.65	1.65	2.61	1.49	-1.0	-1.0	-1.0	-1	-1.0	-1.0	1.0	-1.0	-1.0	1.0		1.85							-1.0			3.97		1.65								-1.0			4.63	0.05	0.05	1.85	0.03	0.03	1.04	2.2	1.85	0.01	0.01	67.44					1	0.05	0.05	-1.05	0.03	0.03	-0.21	-1.05	0.0	0.0	53.75					-0.05	-0.05	-1.01	-0.03	-0.03	-0.38	-1.01	-0.0	-0.0	-23.65					-0.05	-0.05	-0.23	-0.03	-0.03	-0.12	-0.23	0.0	0.0	4.26					0.04999999999999982	0.04999999999999982	2.5599999999999987	0.02631578947368407	0.02666824708216118	1.3837837837837847	2.5599999999999987	0.006480931699211772	0.006440474327876977	67.43607189054502				
2022-05-24 07:00:00	14000	1.91	1.85	1.88	1.91	1.77	CFV.MI	1.7	1.73	1.67	1.73	2.61	1.49	-1.0	-1.0	-1.0	-1	-1.0	-1.0	1.0	-1.0	-1.0	1.0									-1.0			3.97										-1.0			4.63	-0.06	-0.06	1.79	-0.03	-0.03	0.98	2.16	1.79	0.01	0.01	61.69					1	-0.06	-0.06	-1.11	-0.03	-0.03	-0.23	-1.11	0.0	0.0	47.34					0.06	0.06	-0.95	0.03	0.03	-0.36	-0.95	-0.0	-0.0	-18.76					0.06	0.06	-0.17	0.03	0.03	-0.09	-0.17	0.0	0.0	8.29					-0.05999999999999983	-0.05999999999999983	2.499999999999999	-0.03243243243243232	-0.031917602968304946	1.3089005235602107	2.499999999999999	0.00611149045254316	0.006069286714438071	61.68623953895401				
2022-05-25 07:00:00	1000	1.93	1.93	1.93	1.93	1.79	CFV.MI	1.72	1.72	1.72	1.72	2.61	1.49	-1.0	-1.0	-1.0	-1	-1.0	-1.0	1.0	-1.0	-1.0	1.0	1.93								-1.0			3.97	1.72									-1.0			4.63	-0.02	-0.02	1.77	-0.01	-0.01	0.96	2.16	1.77	0.01	0.01	61.72					1	-0.02	-0.02	-1.13	-0.01	-0.01	-0.24	-1.13	0.0	0.0	47.37					0.02	0.02	-0.93	0.01	0.01	-0.35	-0.93	-0.0	-0.0	-18.79					0.02	0.02	-0.15	0.01	0.01	-0.08	-0.15	0.0	0.0	8.27					-0.020000000000000018	-0.020000000000000018	2.479999999999999	-0.010471204188481575	-0.01041676085825558	1.2849740932642502	2.479999999999999	0.006112520927301761	0.006070332084114893	61.723171015975566				
2022-05-26 07:00:00	2000	1.91	1.91	1.91	1.91	1.77	CFV.MI	1.68	1.68	1.68	1.68	2.61	1.49	-1.0	-1.0	-1.0	-1	-1.0	-1.0	1.0	-1.0	-1.0	1.0									-1.0			3.97										-1.0			4.63	0.02	0.02	1.79	0.01	0.01	0.98	2.14	1.79	0.01	0.01	61.93					1	0.02	0.02	-1.11	0.01	0.01	-0.23	-1.11	0.0	0.0	47.93					-0.02	-0.02	-0.95	-0.01	-0.01	-0.36	-0.95	-0.0	-0.0	-21.18					-0.02	-0.02	-0.17	-0.01	-0.01	-0.09	-0.17	0.0	0.0	5.76					0.020000000000000018	0.020000000000000018	2.499999999999999	0.010362694300518172	0.010416760858255715	1.3089005235602111	2.499999999999999	0.006186479929395377	0.006143857772817896	61.93168836447285				
2022-05-27 07:00:00	10000	1.9	1.9	1.9	1.9	1.76	CFV.MI	1.66	1.66	1.66	1.66	2.61	1.49	-1.0	-1.0	-1.0	-1	-1.0	-1.0	1.0	-1.0	-1.0	1.0									-1.0			3.97										-1.0			4.63	0.01	0.01	1.8	0.01	0.01	0.99	2.14	1.8	0.01	0.01	61.53					1	0.01	0.01	-1.1	0.01	0.01	-0.23	-1.1	0.0	0.0	48.2					-0.01	-0.01	-0.96	-0.01	-0.01	-0.36	-0.96	-0.0	-0.0	-20.5					-0.01	-0.01	-0.18	-0.01	-0.01	-0.1	-0.18	0.0	0.0	6.8					0.010000000000000009	0.010000000000000009	2.509999999999999	0.005235602094240788	0.005249355886143678	1.321052631578949	2.509999999999999	0.006043993919498539	0.006002204605610295	61.52670688991516				
2022-05-30 07:00:00	1000	1.88	1.88	1.88	1.88	1.74	CFV.MI	1.63	1.63	1.63	1.63	2.61	1.49	-1.0	-1.0	-1.0	-1	-1.0	-1.0	1.0	-1.0	-1.0	1.0		1.88							-1.0			3.97		1.63								-1.0			4.63	0.02	0.02	1.82	0.01	0.01	1.01	2.14	1.82	0.01	0.01	61.67					1	0.02	0.02	-1.08	0.01	0.01	-0.22	-1.08	0.0	0.0	48.75					-0.02	-0.02	-0.98	-0.01	-0.01	-0.37	-0.98	-0.0	-0.0	-20.74					-0.02	-0.02	-0.2	-0.01	-0.01	-0.11	-0.2	0.0	0.0	6.44					0.020000000000000018	0.020000000000000018	2.529999999999999	0.010526315789473717	0.010582109330536972	1.3457446808510656	2.529999999999999	0.006093071820633719	0.00605099656203234	61.66773357332127				
2022-05-31 07:00:00	2000	1.92	1.88	1.88	1.92	1.78	CFV.MI	1.65	1.69	1.65	1.69	2.61	1.49	-1.0	-1.0	-1.0	-1	-1.0	-1.0	1.0	-1.0	-1.0	1.0									-1.0			3.97										-1.0			4.63	-0.04	-0.04	1.78	-0.02	-0.02	0.97	2.12	1.78	0.01	0.01	57.52					1	-0.04	-0.04	-1.12	-0.02	-0.02	-0.24	-1.12	0.0	0.0	44.23					0.04	0.04	-0.94	0.02	0.02	-0.35	-0.94	-0.0	-0.0	-19.2					0.04	0.04	-0.16	0.02	0.02	-0.09	-0.16	0.0	0.0	7.38					-0.040000000000000036	-0.040000000000000036	2.489999999999999	-0.02127659574468077	-0.021053409197832263	1.2968750000000018	2.489999999999999	0.005827708197644818	0.005783894540015044	57.51659156073153				
2022-06-01 07:00:00	0	1.92	1.92	1.92	1.92	1.78	CFV.MI	1.71	1.71	1.71	1.71	2.61	1.49	-1.0	-1.0	-1.0	-1	-1.0	-1.0	1.0	-1.0	-1.0	1.0									-1.0			3.97	1.71									-1.0			4.63	-0.0	-0.0	1.78	-0.0	-0.0	0.97	2.12	1.78	0.01	0.01	57.04					1	-0.0	-0.0	-1.12	-0.0	-0.0	-0.24	-1.12	0.0	0.0	44.23					0.0	0.0	-0.94	0.0	0.0	-0.35	-0.94	-0.0	-0.0	-16.39					0.0	0.0	-0.16	0.0	0.0	-0.09	-0.16	0.0	0.0	10.55					-0.0	-0.0	2.489999999999999	-0.0	-0.0	1.2968750000000018	2.489999999999999	0.005671567895044732	0.005628701583076712	57.03964005062571				
2022-06-02 07:00:00	0	1.92	1.92	1.92	1.92	1.78	CFV.MI	1.7	1.7	1.7	1.7	2.61	1.49	-1.0	-1.0	-1.0	-1	-1.0	-1.0	1.0	-1.0	-1.0	1.0	1.92								-1.0			3.97		1.7								-1.0			4.63	-0.0	-0.0	1.78	-0.0	-0.0	0.97	2.09	1.78	0.01	0.01	56.53					1	-0.0	-0.0	-1.12	-0.0	-0.0	-0.24	-1.12	0.0	0.0	44.23					0.0	0.0	-0.94	0.0	0.0	-0.35	-0.94	-0.0	-0.0	-13.5					0.0	0.0	-0.16	0.0	0.0	-0.09	-0.16	0.0	0.0	13.86					-0.0	-0.0	2.489999999999999	-0.0	-0.0	1.2968750000000018	2.489999999999999	0.005511865150681529	0.0054699571796956725	56.53267595119943				
2022-06-03 07:00:00	0	1.92	1.92	1.92	1.92	1.78	CFV.MI	1.71	1.71	1.71	1.71	2.61	1.49	-1.0	-1.0	-1.0	-1	-1.0	-1.0	1.0	-1.0	-1.0	1.0									-1.0			3.97	1.71									-1.0			4.63	-0.0	-0.0	1.78	-0.0	-0.0	0.97	2.05	1.78	0.01	0.01	56.36					1	-0.0	-0.0	-1.12	-0.0	-0.0	-0.24	-1.12	0.0	0.0	44.23					0.0	0.0	-0.94	0.0	0.0	-0.35	-0.94	-0.0	-0.0	-11.14					0.0	0.0	-0.16	0.0	0.0	-0.09	-0.16	0.0	0.0	16.34					-0.0	-0.0	2.489999999999999	-0.0	-0.0	1.2968750000000018	2.489999999999999	0.005457810828024158	0.0054162247920837014	56.356499787456535				
2022-06-06 07:00:00	3000	1.9	1.9	1.9	1.9	1.76	CFV.MI	1.67	1.67	1.67	1.67	2.61	1.49	-1.0	-1.0	-1.0	-1	-1.0	-1.0	1.0	-1.0	-1.0	1.0									-1.0			3.97		1.67								-1.0			4.63	0.02	0.02	1.8	0.01	0.01	0.99	1.95	1.8	0.01	0.01	56.59					1	0.02	0.02	-1.1	0.01	0.01	-0.23	-1.1	0.0	0.0	44.77					-0.02	-0.02	-0.96	-0.01	-0.01	-0.36	-0.96	-0.0	-0.0	-13.6					-0.02	-0.02	-0.18	-0.01	-0.01	-0.1	-0.18	0.0	0.0	13.7					0.020000000000000018	0.020000000000000018	2.509999999999999	0.01041666666666663	0.010471299867295366	1.321052631578949	2.509999999999999	0.005531109927095225	0.005489087041609997	56.59482987122283				
2022-06-07 07:00:00	12000	1.9	1.87	1.9	1.88	1.74	CFV.MI	1.68	1.68	1.66	1.66	2.61	1.49	-1.0	-1.0	-1.0	-1	-1.0	-1.0	1.0	-1.0	-1.0	1.0		1.87							-1.0			3.97										-1.0			4.63	0.02	0.02	1.82	0.01	0.01	1.01	1.95	1.82	0.01	0.01	56.83					1	0.02	0.02	-1.08	0.01	0.01	-0.22	-1.08	0.0	0.0	45.3					-0.02	-0.02	-0.98	-0.01	-0.01	-0.37	-0.98	-0.0	-0.0	-16.05					-0.02	-0.02	-0.2	-0.01	-0.01	-0.11	-0.2	0.0	0.0	11.09					0.020000000000000018	0.020000000000000018	2.529999999999999	0.010526315789473717	0.010582109330536972	1.3457446808510656	2.529999999999999	0.0056051846924089835	0.005562718035749148	56.8313253468672				
2022-06-08 07:00:00	3000	1.9	1.88	1.88	1.9	1.76	CFV.MI	1.67	1.69	1.67	1.69	2.61	1.49	-1.0	-1.0	-1.0	-1	-1.0	-1.0	1.0	-1.0	-1.0	1.0	1.9								-1.0			3.97										-1.0			4.63	-0.02	-0.02	1.8	-0.01	-0.01	0.99	1.95	1.8	0.01	0.01	57.68					1	-0.02	-0.02	-1.1	-0.01	-0.01	-0.23	-1.1	0.0	0.0	41.88					0.02	0.02	-0.96	0.01	0.01	-0.36	-0.96	-0.0	-0.0	-16.65					0.02	0.02	-0.18	0.01	0.01	-0.1	-0.18	0.0	0.0	10.72					-0.020000000000000018	-0.020000000000000018	2.509999999999999	-0.010638297872340496	-0.010582109330537008	1.3210526315789486	2.509999999999999	0.005631021706185815	0.0055889200168071085	57.679506400029794				
2022-06-09 07:00:00	5000	1.89	1.88	1.89	1.89	1.75	CFV.MI	1.71	1.71	1.71	1.71	2.61	1.49	-1.0	-1.0	-1.0	-1	-1.0	-1.0	1.0	-1.0	-1.0	1.0									-1.0			3.97										-1.0			4.63	0.01	0.01	1.81	0.01	0.01	1.0	1.95	1.81	0.01	0.01	57.71					1	0.01	0.01	-1.09	0.01	0.01	-0.23	-1.09	0.0	0.0	42.15					-0.01	-0.01	-0.97	-0.01	-0.01	-0.36	-0.97	-0.0	-0.0	-16.71					-0.01	-0.01	-0.19	-0.01	-0.01	-0.1	-0.19	0.0	0.0	10.63					0.010000000000000009	0.010000000000000009	2.5199999999999987	0.0052631578947368585	0.005277057100843781	1.3333333333333348	2.5199999999999987	0.005641294406975051	0.005599131258961609	57.71196451829232				
2022-06-10 07:00:00	1000	1.86	1.86	1.86	1.86	1.72	CFV.MI	1.78	1.78	1.78	1.78	2.61	1.49	-1.0	-1.0	1.0	-1	-1.0	-1.0	1.0	-1.0	-1.0	1.0									-1.0			3.97										-1.0			4.63	0.03	0.03	1.84	0.02	0.02	1.03	1.95	1.84	0.01	0.01	58.06					1	0.03	0.03	-1.06	0.02	0.02	-0.21	-1.06	0.0	0.0	42.94					-0.03	-0.03	-1.0	-0.02	-0.02	-0.37	-1.0	-0.0	-0.0	-19.33					-0.03	-0.03	-0.22	-0.02	-0.02	-0.12	-0.22	0.0	0.0	7.76					0.029999999999999805	0.029999999999999805	2.5499999999999985	0.015873015873015817	0.016000341346441075	1.3709677419354853	2.5499999999999985	0.005753296796400138	0.005710460686763508	58.06062003752402				
2022-06-13 07:00:00	3000	1.84	1.82	1.84	1.82	1.69	CFV.MI	1.81	1.81	1.79	1.79	2.61	1.49	-1.0	-1.0	1.0	-1	-1.0	-1.0	1.0	-1.0	-1.0	1.0									-1.0			3.97	1.81		1.81							-1.0			4.63	0.04	0.04	1.88	0.02	0.02	1.07	1.95	1.88	0.01	0.01	63.69					1	0.04	0.04	-1.02	0.02	0.02	-0.2	-1.02	0.0	0.0	43.96					-0.04	-0.04	-1.04	-0.02	-0.02	-0.39	-1.04	-0.0	-0.0	-24.4					-0.04	-0.04	-0.26	-0.02	-0.02	-0.13	-0.26	0.0	0.0	3.25					0.040000000000000036	0.040000000000000036	2.5899999999999985	0.021505376344086002	0.021739986636405875	1.4230769230769247	2.5899999999999985	0.006196890704014758	0.006155245117958064	63.69108798695348				
2022-06-14 07:00:00	10000	1.77	1.7	1.77	1.77	1.64	CFV.MI	1.75	1.75	1.68	1.75	2.61	1.49	-1.0	-1.0	1.0	-1	-1.0	-1.0	1.0	-1.0	-1.0	1.0		1.7							-1.0			3.97										-1.0			4.63	0.05	0.05	1.93	0.03	0.03	1.13	1.93	1.93	0.01	0.01	64.17					1	0.05	0.05	-0.97	0.03	0.03	-0.17	-0.97	0.0	0.0	45.19					-0.05	-0.05	-1.09	-0.03	-0.03	-0.4	-1.09	-0.0	-0.0	-25.19					-0.05	-0.05	-0.31	-0.03	-0.03	-0.16	-0.31	0.0	0.0	2.05					0.050000000000000044	0.050000000000000044	2.639999999999999	0.027472527472527486	0.027856954502966224	1.491525423728815	2.639999999999999	0.006368329967270414	0.006325683098594714	64.16533559811678				
2022-06-15 07:00:00	0	1.77	1.77	1.77	1.77	1.64	CFV.MI	1.7	1.7	1.7	1.7	2.61	1.49	-1.0	-1.0	1.0	-1	-1.0	-1.0	1.0	-1.0	-1.0	1.0									-1.0			3.97		1.7								-1.0			4.63	-0.0	-0.0	1.93	-0.0	-0.0	1.13	1.93	1.93	0.01	0.01	63.65					1	-0.0	-0.0	-0.97	-0.0	-0.0	-0.17	-0.97	0.0	0.0	45.19					0.0	0.0	-1.09	0.0	0.0	-0.4	-1.09	-0.0	-0.0	-22.26					0.0	0.0	-0.31	0.0	0.0	-0.16	-0.31	0.0	0.0	5.35					-0.0	-0.0	2.639999999999999	-0.0	-0.0	1.491525423728815	2.639999999999999	0.006181125148801144	0.006139571048627834	63.64651863346049				
2022-06-16 07:00:00	0	1.77	1.77	1.77	1.77	1.64	CFV.MI	1.76	1.76	1.76	1.76	2.61	1.49	-1.0	-1.0	1.0	-1	-1.0	-1.0	1.0	-1.0	-1.0	1.0	1.77			1.77					-1.0			3.97	1.76									-1.0			4.63	-0.0	-0.0	1.93	-0.0	-0.0	1.13	1.93	1.93	0.01	0.01	66.99					1	-0.0	-0.0	-0.97	-0.0	-0.0	-0.17	-0.97	0.0	0.0	45.19					0.0	0.0	-1.09	0.0	0.0	-0.4	-1.09	-0.0	-0.0	-23.16					0.0	0.0	-0.31	0.0	0.0	-0.16	-0.31	0.0	0.0	4.81					-0.0	-0.0	2.639999999999999	-0.0	-0.0	1.491525423728815	2.639999999999999	0.006413963636406011	0.006373737001960311	66.98711744270102				
2022-06-17 07:00:00	0	1.77	1.77	1.77	1.77	1.64	CFV.MI	1.75	1.75	1.75	1.75	2.61	1.49	-1.0	-1.0	1.0	-1	-1.0	-1.0	1.0	-1.0	-1.0	1.0									-1.0			3.97										-1.0			4.63	-0.0	-0.0	1.93	-0.0	-0.0	1.13	1.93	1.93	0.01	0.01	66.99					1	-0.0	-0.0	-0.97	-0.0	-0.0	-0.17	-0.97	0.0	0.0	45.19					0.0	0.0	-1.09	0.0	0.0	-0.4	-1.09	-0.0	-0.0	-23.16					0.0	0.0	-0.31	0.0	0.0	-0.16	-0.31	0.0	0.0	4.81					-0.0	-0.0	2.639999999999999	-0.0	-0.0	1.491525423728815	2.639999999999999	0.006413963636406011	0.006373737001960311	66.98711744270102				
2022-06-20 07:00:00	5000	1.76	1.7	1.73	1.76	1.64	CFV.MI	1.7	1.73	1.67	1.73	2.61	1.49	-1.0	-1.0	1.0	-1	-1.0	-1.0	1.0	-1.0	-1.0	1.0		1.7							-1.0			3.97		1.67		1.67						-1.0			4.63	0.01	0.01	1.94	0.01	0.01	1.14	1.93	1.94	0.01	0.01	70.93					1	0.01	0.01	-0.96	0.01	0.01	-0.17	-0.96	0.0	0.0	45.43					-0.01	-0.01	-1.1	-0.01	-0.01	-0.41	-1.1	-0.0	-0.0	-26.69					-0.01	-0.01	-0.32	-0.01	-0.01	-0.16	-0.32	0.0	0.0	1.77					0.010000000000000009	0.010000000000000009	2.6499999999999986	0.005649717514124353	0.00566573753567742	1.5056818181818197	2.6499999999999986	0.006695594768330621	0.006656633617565744	70.93292040741815				
2022-06-21 07:00:00	5000	1.81	1.76	1.76	1.81	1.68	CFV.MI	1.72	1.77	1.72	1.77	2.61	1.49	-1.0	-1.0	1.0	-1	-1.0	-1.0	1.0	-1.0	-1.0	1.0									-1.0			3.97										-1.0			4.63	-0.05	-0.05	1.89	-0.03	-0.03	1.08	1.93	1.89	0.01	0.01	65.64					1	-0.05	-0.05	-1.01	-0.03	-0.03	-0.19	-1.01	0.0	0.0	40.73					0.05	0.05	-1.05	0.03	0.03	-0.39	-1.05	-0.0	-0.0	-24.39					0.05	0.05	-0.27	0.03	0.03	-0.14	-0.27	0.0	0.0	3.15					-0.050000000000000044	-0.050000000000000044	2.5999999999999988	-0.02840909090909083	-0.028013036227673888	1.4364640883977917	2.5999999999999988	0.006418268795349127	0.006377283750033769	65.64440724993615				
2022-06-22 07:00:00	2000	1.83	1.8	1.8	1.83	1.7	CFV.MI	1.78	1.81	1.78	1.81	2.61	1.49	-1.0	-1.0	1.0	-1	-1.0	-1.0	1.0	-1.0	-1.0	1.0	1.83								-1.0			3.97										-1.0			4.63	-0.02	-0.02	1.87	-0.01	-0.01	1.06	1.92	1.87	0.01	0.01	61.3					1	-0.02	-0.02	-1.03	-0.01	-0.01	-0.2	-1.03	0.0	0.0	37.56					0.02	0.02	-1.03	0.01	0.01	-0.38	-1.03	-0.0	-0.0	-19.6					0.02	0.02	-0.25	0.01	0.01	-0.13	-0.25	0.0	0.0	8.54					-0.020000000000000018	-0.020000000000000018	2.5799999999999987	-0.011049723756906049	-0.010989121575595165	1.409836065573772	2.5799999999999987	0.005805229943064894	0.005765105558690031	61.29523462873907				
2022-06-23 07:00:00	8000	1.83	1.78	1.78	1.83	1.7	CFV.MI	1.78	1.83	1.78	1.83	2.61	1.49	-1.0	-1.0	1.0	-1	-1.0	-1.0	1.0	-1.0	-1.0	1.0		1.78							-1.0			3.97										-1.0			4.63	-0.0	-0.0	1.87	-0.0	-0.0	1.06	1.92	1.87	0.01	0.01	60.67					1	-0.0	-0.0	-1.03	-0.0	-0.0	-0.2	-1.03	0.0	0.0	36.26					0.0	0.0	-1.03	0.0	0.0	-0.38	-1.03	-0.0	-0.0	-16.44					0.0	0.0	-0.25	0.0	0.0	-0.13	-0.25	0.0	0.0	12.23					-0.0	-0.0	2.5799999999999987	-0.0	-0.0	1.409836065573772	2.5799999999999987	0.0056076028702114426	0.005568597177226353	60.67314329847503				
2022-06-24 07:00:00	23000	1.98	1.83	1.83	1.94	1.8	CFV.MI	1.78	1.93	1.78	1.89	2.61	1.49	-1.0	-1.0	1.0	0	-1.0	-1.0	1.0	-1.0	-1.0	1.0									-1.0			3.97										-1.0			4.63	-0.11	-0.11	1.76	-0.06	-0.06	0.95	1.98	1.76	0.01	0.0	52.11					1	-0.11	-0.11	-1.14	-0.06	-0.06	-0.25	-1.14	0.0	0.0	27.95					0.11	0.11	-0.92	0.06	0.06	-0.35	-0.92	-0.0	-0.0	-9.02					0.11	0.11	-0.14	0.06	0.06	-0.08	-0.14	0.0	0.0	18.86					-0.10999999999999988	-0.10999999999999988	2.469999999999999	-0.060109289617486183	-0.058372006221907045	1.2731958762886615	2.469999999999999	0.0050082966678041355	0.004967445077030952	52.111632427809795				
2022-06-27 07:00:00	43000	2.33	1.99	1.99	2.33	2.16	CFV.MI	1.96	2.29	1.96	2.29	2.61	1.49	-1.0	1.0	1.0	1	-1.0	-1.0	1.0	-1.0	-1.0	1.0									-1.0			3.97										-1.0			4.63	-0.39	-0.39	1.37	-0.2	-0.18	0.62	2.33	1.37	0.0	0.0	36.54					1	0.0	0.0	-1.14	0.0	0.0	-0.25	-1.14	0.0	0.0	27.95					0.39	0.39	-0.53	0.2	0.18	-0.22	-0.53	0.0	0.0	0.58					0.39	0.39	0.25	0.2	0.18	0.11	0.25	0.0	0.0	25.01					-0.3900000000000001	-0.3900000000000001	2.0799999999999987	-0.20103092783505172	-0.18318029450237258	0.8927038626609454	2.0799999999999987	0.004243218112526238	0.004193470931412424	36.54188026981072				
2022-06-28 07:00:00	81000	2.7	2.21	2.7	2.24	2.08	CFV.MI	2.63	2.63	2.16	2.19	2.63	1.49	1.0	1.0	1.0	1	-1.0	-1.0	1.0	-1.0	-1.0	1.0	2.7		2.7		2.7				-1.0		2.7	3.97	2.63		2.63		2.63		2.63			-1.0			4.63	0.09	0.09	1.46	0.04	0.04	0.68	2.7	1.46	0.0	0.0	36.68					1	-0.09	-0.09	-1.23	-0.04	-0.04	-0.27	-1.23	0.0	0.0	21.06					-0.09	-0.09	-0.62	-0.04	-0.04	-0.25	-0.62	0.0	-0.0	0.35					-0.09	-0.09	0.16	-0.04	-0.04	0.07	0.16	0.0	0.0	24.64					0.08999999999999986	0.08999999999999986	2.1699999999999986	0.03862660944205998	0.0393924017106606	0.9687500000000011	2.1699999999999986	0.0042811049777675934	0.004231105203696295	36.68378280535433				
2022-06-29 07:00:00	23000	2.32	2.18	2.24	2.23	2.07	CFV.MI	2.21	2.29	2.15	2.2	2.63	1.49	1.0	1.0	1.0	1	-1.0	-1.0	1.0	-1.0	-1.0	1.0									-1.0			3.97										-1.0			4.63	-0.01	-0.01	1.45	-0.0	-0.0	0.68	2.7	1.45	0.0	0.0	34.56					1	-0.01	-0.01	-1.24	-0.0	-0.0	-0.28	-1.24	0.0	0.0	18.44					-0.01	-0.01	-0.63	-0.0	-0.0	-0.25	-0.63	-0.0	-0.0	-1.69					-0.01	-0.01	0.15	-0.0	-0.0	0.06	0.15	0.0	0.0	22.45					0.010000000000000231	0.010000000000000231	2.179999999999999	0.0044642857142858094	0.004474280394921189	0.9775784753363241	2.179999999999999	0.004311977512492552	0.004261771441702145	36.79836847644632				
2022-06-30 07:00:00	18000	2.15	2.03	2.15	2.11	1.95	CFV.MI	2.18	2.18	2.06	2.14	2.63	1.49	1.0	1.0	1.0	1	-1.0	-1.0	1.0	-1.0	-1.0	1.0		2.03							-1.0			3.97		2.06								-1.0			4.63	-0.12	-0.12	1.33	-0.05	-0.06	0.59	2.7	1.33	0.0	0.0	29.26					1	-0.12	-0.12	-1.36	-0.05	-0.06	-0.32	-1.36	0.0	0.0	12.05					-0.12	-0.12	-0.75	-0.05	-0.06	-0.29	-0.75	-0.0	-0.0	-3.36					-0.12	-0.12	0.03	-0.05	-0.06	0.0	0.03	0.0	0.0	19.83					0.1200000000000001	0.1200000000000001	2.299999999999999	0.053811659192825156	0.05531363798405231	1.0900473933649302	2.299999999999999	0.004603835574609225	0.004551658462490504	37.8373612334523				
2022-07-01 07:00:00	12000	2.24	2.12	2.15	2.16	2.0	CFV.MI	2.17	2.26	2.14	2.18	2.63	1.49	1.0	1.0	1.0	1	-1.0	-1.0	1.0	-1.0	-1.0	1.0									-1.0			3.97										-1.0			4.63	0.05	0.05	1.38	0.02	0.02	0.62	2.7	1.38	0.0	0.0	29.55					1	0.05	0.05	-1.31	0.02	0.02	-0.3	-1.31	0.0	0.0	12.74					0.05	0.05	-0.7	0.02	0.02	-0.27	-0.7	-0.0	-0.0	-0.04					0.05	0.05	0.08	0.02	0.02	0.03	0.08	0.0	0.0	23.14					-0.050000000000000266	-0.050000000000000266	2.2499999999999987	-0.02369668246445511	-0.023420274208098637	1.0416666666666679	2.2499999999999987	0.004218455056225062	0.004164875947121338	34.31790655384458				
2022-07-04 07:00:00	45000	2.31	2.13	2.16	2.18	2.02	CFV.MI	2.18	2.33	2.15	2.2	2.63	1.49	1.0	1.0	1.0	1	-1.0	-1.0	1.0	-1.0	-1.0	1.0	2.31								-1.0			3.97										-1.0			4.63	0.02	0.02	1.4	0.01	0.01	0.64	2.7	1.4	0.0	0.0	29.18					1	0.02	0.02	-1.29	0.01	0.01	-0.29	-1.29	0.0	0.0	11.85					0.02	0.02	-0.68	0.01	0.01	-0.27	-0.68	0.0	0.0	3.07					0.02	0.02	0.1	0.01	0.01	0.04	0.1	0.0	0.0	26.68					-0.020000000000000018	-0.020000000000000018	2.2299999999999986	-0.0092592592592593	-0.009216655104924048	1.0229357798165144	2.2299999999999986	0.0038163583606298586	0.00376255728101782	31.406521326911687				
2022-07-05 07:00:00	10000	2.21	2.12	2.21	2.12	1.96	CFV.MI	2.3	2.3	2.21	2.21	2.63	1.49	1.0	1.0	1.0	1	-1.0	-1.0	1.0	-1.0	-1.0	1.0		2.12							-1.0			3.97										-1.0			4.63	-0.06	-0.06	1.34	-0.03	-0.03	0.59	2.7	1.34	0.0	0.0	29.59					1	-0.06	-0.06	-1.35	-0.03	-0.03	-0.31	-1.35	0.0	0.0	12.27					-0.06	-0.06	-0.74	-0.03	-0.03	-0.29	-0.74	-0.0	-0.0	-1.38					-0.06	-0.06	0.04	-0.03	-0.03	0.01	0.04	0.0	0.0	22.06					0.06000000000000005	0.06000000000000005	2.2899999999999987	0.02752293577981657	0.027908788117076616	1.0801886792452842	2.2899999999999987	0.004340399660871359	0.0042878301774966765	36.01128868401803				
2022-07-06 07:00:00	12000	2.23	2.17	2.17	2.19	2.03	CFV.MI	2.24	2.3	2.24	2.26	2.63	1.49	1.0	1.0	1.0	1	-1.0	-1.0	1.0	-1.0	-1.0	1.0	2.23								-1.0			3.97	2.3									-1.0			4.63	0.07	0.07	1.41	0.03	0.03	0.65	2.7	1.41	0.0	0.0	34.95					1	0.07	0.07	-1.28	0.03	0.03	-0.29	-1.28	0.0	0.0	19.42					0.07	0.07	-0.67	0.03	0.03	-0.26	-0.67	-0.0	-0.0	-2.02					0.07	0.07	0.11	0.03	0.03	0.04	0.11	0.0	0.0	21.63					-0.06999999999999984	-0.06999999999999984	2.219999999999999	-0.03301886792452824	-0.03248545514448831	1.0136986301369872	2.219999999999999	0.004386580347729802	0.004334703419757835	36.89678999829084				
2022-07-07 07:00:00	9000	2.21	2.14	2.17	2.17	2.01	CFV.MI	2.17	2.21	2.14	2.17	2.63	1.49	1.0	1.0	1.0	1	-1.0	-1.0	1.0	-1.0	-1.0	1.0									-1.0			3.97										-1.0			4.63	-0.02	-0.02	1.39	-0.01	-0.01	0.63	2.7	1.39	0.0	0.0	32.36					1	-0.02	-0.02	-1.3	-0.01	-0.01	-0.3	-1.3	0.0	0.0	16.03					-0.02	-0.02	-0.69	-0.01	-0.01	-0.27	-0.69	-0.0	-0.0	-2.05					-0.02	-0.02	0.09	-0.01	-0.01	0.03	0.09	0.0	0.0	21.59					0.020000000000000018	0.020000000000000018	2.239999999999999	0.0091324200913242	0.00917437627604127	1.03225806451613	2.239999999999999	0.00439206200864737	0.004340146936716582	36.91672641064419				
2022-07-08 07:00:00	13000	2.16	2.05	2.12	2.11	1.95	CFV.MI	2.1	2.14	2.03	2.09	2.63	1.49	1.0	1.0	1.0	1	-1.0	-1.0	1.0	-1.0	-1.0	1.0		2.05							-1.0			3.97		2.03		2.03						-1.0			4.63	-0.06	-0.06	1.33	-0.03	-0.03	0.59	2.7	1.33	0.0	0.0	27.73					1	-0.06	-0.06	-1.36	-0.03	-0.03	-0.32	-1.36	0.0	0.0	9.12					-0.06	-0.06	-0.75	-0.03	-0.03	-0.29	-0.75	-0.0	-0.0	-1.45					-0.06	-0.06	0.03	-0.03	-0.03	0.0	0.03	0.0	0.0	22.51					0.06000000000000005	0.06000000000000005	2.299999999999999	0.027649769585253448	0.028039220064393047	1.0900473933649302	2.299999999999999	0.0042908384010094105	0.004239625451128104	36.543967789382634				
2022-07-11 07:00:00	4000	2.15	2.1	2.11	2.1	1.95	CFV.MI	2.11	2.15	2.1	2.1	2.63	1.49	1.0	1.0	1.0	1	-1.0	-1.0	1.0	-1.0	-1.0	1.0									-1.0			3.97										-1.0			4.63	-0.01	-0.01	1.32	-0.0	-0.0	0.58	2.7	1.32	0.0	0.0	27.95					1	-0.01	-0.01	-1.37	-0.0	-0.0	-0.32	-1.37	0.0	0.0	9.34					-0.01	-0.01	-0.76	-0.0	-0.0	-0.29	-0.76	-0.0	-0.0	-3.89					-0.01	-0.01	0.02	-0.0	-0.0	-0.0	0.02	0.0	0.0	20.07					0.009999999999999787	0.009999999999999787	2.3099999999999987	0.004739336492890933	0.004750602758597753	1.100000000000001	2.3099999999999987	0.004567547574814514	0.004517390084836537	39.06307081352327				
2022-07-12 07:00:00	11000	2.19	2.1	2.15	2.11	1.95	CFV.MI	2.16	2.2	2.11	2.12	2.63	1.49	1.0	1.0	1.0	1	-1.0	-1.0	1.0	-1.0	-1.0	1.0	2.19								-1.0			3.97	2.2									-1.0			4.63	0.01	0.01	1.33	0.0	0.0	0.59	2.7	1.33	0.0	0.0	27.96					1	0.01	0.01	-1.36	0.0	0.0	-0.32	-1.36	0.0	0.0	9.37					0.01	0.01	-0.75	0.0	0.0	-0.29	-0.75	-0.0	-0.0	-1.65					0.01	0.01	0.03	0.0	0.0	0.0	0.03	0.0	0.0	22.37					-0.009999999999999787	-0.009999999999999787	2.299999999999999	-0.004761904761904745	-0.004750602758597799	1.0900473933649297	2.299999999999999	0.00430625867033148	0.004255216366610082	36.80266233889552				
2022-07-13 07:00:00	6000	2.1	2.06	2.09	2.1	1.95	CFV.MI	2.12	2.13	2.09	2.13	2.63	1.49	1.0	1.0	1.0	1	-1.0	-1.0	1.0	-1.0	-1.0	1.0									-1.0			3.97		2.09								-1.0			4.63	-0.01	-0.01	1.32	-0.0	-0.0	0.58	2.7	1.32	0.0	0.0	28.41					1	-0.01	-0.01	-1.37	-0.0	-0.0	-0.32	-1.37	0.0	0.0	9.83					-0.01	-0.01	-0.76	-0.0	-0.0	-0.29	-0.76	-0.0	-0.0	-4.29					-0.01	-0.01	0.02	-0.0	-0.0	-0.0	0.02	0.0	0.0	19.79					0.009999999999999787	0.009999999999999787	2.3099999999999987	0.004739336492890933	0.004750602758597753	1.1000000000000005	2.3099999999999987	0.004595882099398809	0.004546091157923593	39.607420951712086				
2022-07-14 07:00:00	13000	2.09	2.01	2.09	2.05	1.9	CFV.MI	2.19	2.19	2.11	2.15	2.63	1.49	1.0	1.0	1.0	1	-1.0	-1.0	1.0	-1.0	-1.0	1.0		2.01		2.01					-1.0			3.97	2.19									-1.0			4.63	-0.05	-0.05	1.27	-0.02	-0.02	0.54	2.7	1.27	0.0	0.0	29.2					1	-0.05	-0.05	-1.42	-0.02	-0.02	-0.34	-1.42	0.0	0.0	10.64					-0.05	-0.05	-0.81	-0.02	-0.02	-0.31	-0.81	-0.0	-0.0	-8.97					-0.05	-0.05	-0.03	-0.02	-0.02	-0.03	-0.03	0.0	0.0	15.25					0.050000000000000266	0.050000000000000266	2.359999999999999	0.023809523809523947	0.02409755157906064	1.151219512195123	2.359999999999999	0.005094413798275512	0.005046173559098754	44.637353109948975				
2022-07-15 07:00:00	1000	2.08	2.08	2.08	2.08	1.93	CFV.MI	2.14	2.14	2.14	2.14	2.63	1.49	1.0	1.0	1.0	1	-1.0	-1.0	1.0	-1.0	-1.0	1.0									-1.0			3.97										-1.0			4.63	0.03	0.03	1.3	0.01	0.01	0.56	2.7	1.3	0.0	0.0	28.61					1	0.03	0.03	-1.39	0.01	0.01	-0.33	-1.39	0.0	0.0	9.17					0.03	0.03	-0.78	0.01	0.01	-0.3	-0.78	-0.0	-0.0	-5.05					0.03	0.03	0.0	0.01	0.01	-0.01	0.0	0.0	0.0	19.65					-0.03000000000000025	-0.03000000000000025	2.3299999999999987	-0.014634146341463428	-0.014528100562909808	1.1201923076923088	2.3299999999999987	0.004602169223722592	0.0045539034967811975	40.940844338216046				
2022-07-18 07:00:00	3000	2.09	2.08	2.08	2.09	1.94	CFV.MI	2.12	2.13	2.12	2.13	2.63	1.49	1.0	1.0	1.0	1	-1.0	-1.0	1.0	-1.0	-1.0	1.0									-1.0			3.97										-1.0			4.63	0.01	0.01	1.31	0.0	0.0	0.57	2.7	1.31	0.0	0.0	43.98					1	0.01	0.01	-1.38	0.0	0.0	-0.32	-1.38	0.0	0.0	25.77					0.01	0.01	-0.77	0.0	0.0	-0.3	-0.77	-0.0	-0.0	-16.35					0.01	0.01	0.01	0.0	0.0	-0.01	0.01	0.0	0.0	12.55					-0.009999999999999787	-0.009999999999999787	2.319999999999999	-0.004807692307692291	-0.0047961722634930135	1.1100478468899535	2.319999999999999	0.005178993803560244	0.005138858344159392	56.5405137074189				
2022-07-19 07:00:00	1000	2.12	2.12	2.12	2.12	1.96	CFV.MI	2.11	2.11	2.11	2.11	2.63	1.49	1.0	1.0	1.0	1	-1.0	-1.0	1.0	-1.0	-1.0	1.0	2.12								-1.0			3.97		2.11								-1.0			4.63	0.03	0.03	1.34	0.01	0.01	0.59	2.7	1.34	0.0	0.0	43.19					1	0.03	0.03	-1.35	0.01	0.01	-0.31	-1.35	0.0	0.0	33.16					0.03	0.03	-0.74	0.01	0.01	-0.29	-0.74	-0.0	-0.0	-11.53					0.03	0.03	0.04	0.01	0.01	0.01	0.04	0.0	0.0	17.89					-0.03000000000000025	-0.03000000000000025	2.2899999999999987	-0.014354066985646119	-0.014252022707201632	1.0801886792452837	2.2899999999999987	0.004669083561621379	0.004629315515742194	51.94974545086957				
2022-07-20 07:00:00	3000	2.1	2.07	2.1	2.09	1.94	CFV.MI	2.12	2.12	2.09	2.11	2.63	1.49	1.0	1.0	1.0	1	-1.0	-1.0	1.0	-1.0	-1.0	1.0		2.07							-1.0			3.97										-1.0			4.63	-0.03	-0.03	1.31	-0.01	-0.01	0.57	2.7	1.31	0.0	0.0	44.79					1	-0.03	-0.03	-1.38	-0.01	-0.01	-0.32	-1.38	0.0	0.0	26.67					-0.03	-0.03	-0.77	-0.01	-0.01	-0.3	-0.77	-0.0	-0.0	-16.71					-0.03	-0.03	0.01	-0.01	-0.01	-0.01	0.01	0.0	0.0	13.34					0.03000000000000025	0.03000000000000025	2.319999999999999	0.014150943396226578	0.014252022707201615	1.1100478468899535	2.319999999999999	0.005059891989542165	0.0050215567359863655	57.83158644200327				
2022-07-21 07:00:00	2000	2.12	2.04	2.04	2.12	1.96	CFV.MI	2.08	2.16	2.08	2.16	2.63	1.49	1.0	1.0	1.0	1	-1.0	-1.0	1.0	-1.0	-1.0	1.0									-1.0			3.97										-1.0			4.63	0.03	0.03	1.34	0.01	0.01	0.59	2.7	1.34	0.0	0.0	44.79					1	0.03	0.03	-1.35	0.01	0.01	-0.31	-1.35	0.0	0.0	31.85					0.03	0.03	-0.74	0.01	0.01	-0.29	-0.74	-0.0	-0.0	-12.86					0.03	0.03	0.04	0.01	0.01	0.01	0.04	0.0	0.0	17.09					-0.03000000000000025	-0.03000000000000025	2.2899999999999987	-0.014354066985646119	-0.014252022707201632	1.0801886792452837	2.2899999999999987	0.004727093932019583	0.0046880980736303535	53.79098339196281				
2022-07-22 07:00:00	2000	2.14	2.1	2.1	2.14	1.98	CFV.MI	2.14	2.18	2.14	2.18	2.63	1.49	1.0	1.0	1.0	1	1.0	-1.0	-1.0	-1.0	-1.0	1.0									-1.0			3.97	2.18									-1.0			4.63	0.02	0.02	1.36	0.01	0.01	0.61	2.7	1.36	0.0	0.0	43.64					1	0.02	0.02	-1.33	0.01	0.01	-0.31	-1.33	0.0	0.0	39.91					0.02	0.02	-0.72	0.01	0.01	-0.28	-0.72	-0.0	-0.0	-7.96					0.02	0.02	0.06	0.01	0.01	0.02	0.06	0.0	0.0	22.93					-0.020000000000000018	-0.020000000000000018	2.2699999999999987	-0.009433962264151052	-0.009389740349839137	1.0607476635514024	2.2699999999999987	0.004208946480929754	0.004170770249328104	49.38445096666979				
2022-07-25 07:00:00	1000	2.13	2.13	2.13	2.13	1.97	CFV.MI	2.15	2.15	2.15	2.15	2.63	1.49	1.0	1.0	1.0	1	1.0	-1.0	-1.0	-1.0	-1.0	1.0									-1.0			3.97		2.15								-1.0			4.63	-0.01	-0.01	1.35	-0.0	-0.0	0.6	2.7	1.35	0.0	0.0	37.75					1	-0.01	-0.01	-1.34	-0.0	-0.0	-0.31	-1.34	0.0	0.0	50.18					0.01	0.01	-0.71	0.0	0.0	-0.28	-0.71	-0.0	-0.0	-0.75					-0.01	-0.01	0.05	-0.0	-0.0	0.01	0.05	0.0	0.0	30.1					0.010000000000000231	0.010000000000000231	2.279999999999999	0.004672897196261738	0.004683849312426426	1.0704225352112684	2.279999999999999	0.003657352045492492	0.0036224708597674127	46.62426224457072				
2022-07-26 07:00:00	16000	2.34	2.17	2.17	2.23	2.07	CFV.MI	2.21	2.39	2.21	2.27	2.63	1.49	1.0	1.0	1.0	1	1.0	-1.0	-1.0	-1.0	-1.0	1.0									-1.0			3.97										-1.0			4.63	0.1	0.1	1.45	0.05	0.05	0.68	2.34	1.45	0.0	0.0	37.91					1	0.1	0.1	-1.24	0.05	0.05	-0.28	-1.24	0.0	0.0	62.33					-0.1	-0.1	-0.81	-0.05	-0.05	-0.31	-0.81	-0.0	-0.0	-0.96					0.1	0.1	0.15	0.05	0.05	0.06	0.15	0.0	0.0	38.62					-0.10000000000000009	-0.10000000000000009	2.179999999999999	-0.04694835680751175	-0.04587960575069366	0.9775784753363237	2.179999999999999	0.0030452435025826955	0.003009681230556671	38.479995122836364				
2022-07-27 07:00:00	21000	2.47	2.24	2.27	2.47	2.29	CFV.MI	2.28	2.48	2.25	2.48	2.63	1.49	1.0	1.0	1.0	1	1.0	-1.0	-1.0	-1.0	-1.0	1.0									-1.0			3.97	2.48		2.48							-1.0			4.63	0.24	0.24	1.69	0.11	0.1	0.86	2.47	1.69	0.0	0.0	45.77					1	0.24	0.24	-1.0	0.11	0.1	-0.2	-1.0	0.0	0.0	66.63					-0.24	-0.24	-1.05	-0.11	-0.1	-0.38	-1.05	-0.0	-0.0	-10.06					0.24	0.24	0.39	0.11	0.1	0.17	0.39	0.0	0.0	41.5					-0.2400000000000002	-0.2400000000000002	1.9399999999999986	-0.10762331838565031	-0.10221656516785851	0.7854251012145754	1.9399999999999986	0.0027702045972059683	0.002731318370325031	32.026799025038734				
2022-07-28 07:00:00	10000	2.5	2.35	2.5	2.35	2.18	CFV.MI	2.46	2.46	2.31	2.31	2.63	1.49	1.0	1.0	1.0	1	1.0	-1.0	-1.0	-1.0	-1.0	1.0	2.5		2.5						-1.0			3.97										-1.0			4.63	-0.12	-0.12	1.57	-0.05	-0.05	0.77	2.5	1.57	0.0	0.0	46.85					1	-0.12	-0.12	-1.12	-0.05	-0.05	-0.24	-1.12	0.0	0.0	53.28					0.12	0.12	-0.93	0.05	0.05	-0.34	-0.93	-0.0	-0.0	-10.92					-0.12	-0.12	0.27	-0.05	-0.05	0.12	0.27	0.0	0.0	32.0					0.1200000000000001	0.1200000000000001	2.0599999999999987	0.04858299595141702	0.04980282248381825	0.8765957446808519	2.0599999999999987	0.0034924538793062016	0.0034546333567024856	40.9217947191466				
2022-07-29 07:00:00	1000	2.36	2.36	2.36	2.36	2.19	CFV.MI	2.27	2.27	2.27	2.27	2.63	1.49	1.0	1.0	1.0	1	1.0	-1.0	-1.0	1.0	-1.0	-1.0									-1.0			3.97										-1.0			4.63	0.01	0.01	1.58	0.0	0.0	0.77	2.5	1.58	0.0	0.0	46.46					1	0.01	0.01	-1.11	0.0	0.0	-0.24	-1.11	0.0	0.0	58.54					-0.01	-0.01	-0.94	-0.0	-0.0	-0.35	-0.94	-0.0	-0.0	-10.37					0.01	0.01	0.28	0.0	0.0	0.12	0.28	0.0	0.0	35.96					-0.009999999999999787	-0.009999999999999787	2.049999999999999	-0.004255319148936065	-0.004246290881451004	0.8686440677966112	2.049999999999999	0.0031875180013951165	0.0031496182219943325	37.80179766858774				
2022-08-01 07:00:00	0	2.36	2.36	2.36	2.36	2.19	CFV.MI	2.27	2.27	2.27	2.27	2.63	1.49	1.0	1.0	1.0	1	1.0	-1.0	-1.0	1.0	-1.0	-1.0									-1.0			3.97										-1.0			4.63	0.0	0.0	1.58	0.0	0.0	0.77	2.5	1.58	0.0	0.0	45.18					1	0.0	0.0	-1.11	0.0	0.0	-0.24	-1.11	0.0	0.0	67.07					-0.0	-0.0	-0.94	-0.0	-0.0	-0.35	-0.94	-0.0	-0.0	-6.28					-0.0	-0.0	0.28	-0.0	-0.0	0.12	0.28	0.0	0.0	42.18					-0.0	-0.0	2.049999999999999	-0.0	-0.0	0.8686440677966112	2.049999999999999	0.0029435477194542045	0.0029071517237777567	36.33206956841554				
2022-08-02 07:00:00	3000	2.3	2.29	2.29	2.3	2.13	CFV.MI	2.21	2.22	2.21	2.22	2.63	1.49	1.0	1.0	1.0	1	1.0	-1.0	-1.0	1.0	-1.0	-1.0									-1.0			3.97										-1.0			4.63	-0.06	-0.06	1.52	-0.03	-0.03	0.73	2.5	1.52	0.0	0.0	40.31					1	-0.06	-0.06	-1.17	-0.03	-0.03	-0.26	-1.17	0.0	0.0	64.3					0.06	0.06	-0.88	0.03	0.03	-0.33	-0.88	-0.0	-0.0	-1.76					0.06	0.06	0.34	0.03	0.03	0.15	0.34	0.0	0.0	46.35					0.06000000000000005	0.06000000000000005	2.109999999999999	0.025423728813559365	0.02575249610241474	0.917391304347827	2.109999999999999	0.003058051682474038	0.0030209536675240845	37.03651287846576				
2022-08-03 07:00:00	0	2.3	2.3	2.3	2.3	2.13	CFV.MI	2.2	2.2	2.2	2.2	2.63	1.49	1.0	1.0	1.0	1	1.0	-1.0	-1.0	1.0	-1.0	-1.0									-1.0			3.97										-1.0			4.63	0.0	0.0	1.52	0.0	0.0	0.73	2.5	1.52	0.0	0.0	44.81					1	0.0	0.0	-1.17	0.0	0.0	-0.26	-1.17	0.0	0.0	62.91					-0.0	-0.0	-0.88	-0.0	-0.0	-0.33	-0.88	-0.0	-0.0	-3.52					-0.0	-0.0	0.34	-0.0	-0.0	0.15	0.34	0.0	0.0	45.5					-0.0	-0.0	2.109999999999999	-0.0	-0.0	0.917391304347827	2.109999999999999	0.003322315199840312	0.0032867642162091038	41.39493560203114				
2022-08-04 07:00:00	1000	2.25	2.25	2.25	2.25	2.08	CFV.MI	2.14	2.14	2.14	2.14	2.63	1.49	1.0	1.0	1.0	1	1.0	-1.0	-1.0	1.0	-1.0	-1.0									-1.0			3.97		2.14								-1.0			4.63	-0.05	-0.05	1.47	-0.02	-0.02	0.69	2.5	1.47	0.0	0.0	40.58					1	-0.05	-0.05	-1.22	-0.02	-0.02	-0.27	-1.22	0.0	0.0	56.77					0.05	0.05	-0.83	0.02	0.02	-0.32	-0.83	-0.0	-0.0	-1.97					0.05	0.05	0.39	0.02	0.02	0.18	0.39	0.0	0.0	46.25					0.04999999999999982	0.04999999999999982	2.159999999999999	0.021739130434782483	0.021978906718775115	0.9600000000000006	2.159999999999999	0.003469573874856106	0.0034331493017241144	42.225101662593424				
2022-08-05 07:00:00	0	2.25	2.25	2.25	2.25	2.08	CFV.MI	2.15	2.15	2.15	2.15	2.63	1.49	1.0	1.0	1.0	1	1.0	-1.0	-1.0	1.0	-1.0	-1.0									-1.0			3.97	2.15									-1.0			4.63	0.0	0.0	1.47	0.0	0.0	0.69	2.5	1.47	0.0	0.0	39.78					1	0.0	0.0	-1.22	0.0	0.0	-0.27	-1.22	0.0	0.0	62.72					-0.0	-0.0	-0.83	-0.0	-0.0	-0.32	-0.83	0.0	0.0	1.44					-0.0	-0.0	0.39	-0.0	-0.0	0.18	0.39	0.0	0.0	51.13					-0.0	-0.0	2.159999999999999	-0.0	-0.0	0.9600000000000006	2.159999999999999	0.0033302757180733115	0.0032946777788500636	41.44082147804274				
2022-08-08 07:00:00	1000	2.2	2.2	2.2	2.2	2.04	CFV.MI	2.09	2.09	2.09	2.09	2.63	1.49	1.0	1.0	1.0	1	1.0	-1.0	-1.0	1.0	-1.0	-1.0		2.2							-1.0			3.97		2.09								-1.0			4.63	-0.05	-0.05	1.42	-0.02	-0.02	0.65	2.5	1.42	0.0	0.0	38.55					1	-0.05	-0.05	-1.27	-0.02	-0.02	-0.29	-1.27	0.0	0.0	56.02					0.05	0.05	-0.78	0.02	0.02	-0.3	-0.78	0.0	0.0	2.37					0.05	0.05	0.44	0.02	0.02	0.2	0.44	0.0	0.0	51.58					0.04999999999999982	0.04999999999999982	2.2099999999999986	0.022222222222222143	0.022472855852058514	1.0045454545454553	2.2099999999999986	0.003689247440385788	0.0036536629430872214	45.25473088492277				
2022-08-09 07:00:00	0	2.2	2.2	2.2	2.2	2.04	CFV.MI	2.11	2.11	2.11	2.11	2.63	1.49	1.0	1.0	1.0	1	1.0	-1.0	-1.0	1.0	-1.0	-1.0									-1.0			3.97										-1.0			4.63	0.0	0.0	1.42	0.0	0.0	0.65	2.5	1.42	0.0	0.0	38.55					1	0.0	0.0	-1.27	0.0	0.0	-0.29	-1.27	0.0	0.0	56.02					-0.0	-0.0	-0.78	-0.0	-0.0	-0.3	-0.78	0.0	0.0	2.37					-0.0	-0.0	0.44	-0.0	-0.0	0.2	0.44	0.0	0.0	51.58					-0.0	-0.0	2.2099999999999986	-0.0	-0.0	1.0045454545454553	2.2099999999999986	0.003689247440385788	0.0036536629430872214	45.25473088492277				
2022-08-10 07:00:00	7000	2.26	2.21	2.24	2.26	2.09	CFV.MI	2.13	2.15	2.1	2.15	2.63	1.49	1.0	1.0	1.0	1	1.0	-1.0	-1.0	1.0	-1.0	-1.0									-1.0			3.97										-1.0			4.63	0.06	0.06	1.48	0.03	0.03	0.7	2.5	1.48	0.0	0.0	38.94					1	0.06	0.06	-1.21	0.03	0.03	-0.27	-1.21	0.0	0.0	62.89					-0.06	-0.06	-0.84	-0.03	-0.03	-0.32	-0.84	0.0	0.0	1.79					-0.06	-0.06	0.38	-0.03	-0.03	0.17	0.38	0.0	0.0	50.32					-0.05999999999999961	-0.05999999999999961	2.149999999999999	-0.027272727272727115	-0.026907452919924187	0.9513274336283195	2.149999999999999	0.003307056788839303	0.0032704887857819553	40.046811258830026				
2022-08-11 07:00:00	2000	2.31	2.26	2.31	2.26	2.09	CFV.MI	2.18	2.18	2.13	2.13	2.63	1.49	1.0	1.0	1.0	1	1.0	-1.0	-1.0	1.0	-1.0	-1.0	2.31								-1.0			3.97	2.18									-1.0			4.63	0.0	0.0	1.48	0.0	0.0	0.7	2.5	1.48	0.0	0.0	38.27					1	0.0	0.0	-1.21	0.0	0.0	-0.27	-1.21	0.0	0.0	68.43					-0.0	-0.0	-0.84	-0.0	-0.0	-0.32	-0.84	0.0	0.0	5.01					-0.0	-0.0	0.38	-0.0	-0.0	0.17	0.38	0.0	0.0	54.84					-0.0	-0.0	2.149999999999999	-0.0	-0.0	0.9513274336283195	2.149999999999999	0.003192524085331991	0.003156637835867837	39.3832876937247				
2022-08-12 07:00:00	0	2.26	2.26	2.26	2.26	2.09	CFV.MI	2.12	2.12	2.12	2.12	2.63	1.49	1.0	1.0	1.0	1	1.0	-1.0	-1.0	1.0	-1.0	-1.0		2.26							-1.0			3.97		2.12								-1.0			4.63	0.0	0.0	1.48	0.0	0.0	0.7	2.5	1.48	0.0	0.0	41.25					1	0.0	0.0	-1.21	0.0	0.0	-0.27	-1.21	0.0	0.0	67.97					-0.0	-0.0	-0.84	-0.0	-0.0	-0.32	-0.84	0.0	0.0	4.46					-0.0	-0.0	0.38	-0.0	-0.0	0.17	0.38	0.0	0.0	54.57					-0.0	-0.0	2.149999999999999	-0.0	-0.0	0.9513274336283195	2.149999999999999	0.0034000810194598475	0.003365098314256798	42.35343741968484				
2022-08-16 07:00:00	8000	2.36	2.31	2.31	2.34	2.17	CFV.MI	2.17	2.21	2.17	2.19	2.63	1.49	1.0	1.0	1.0	1	1.0	-1.0	-1.0	1.0	-1.0	-1.0	2.36								-1.0			3.97	2.21									-1.0			4.63	0.08	0.08	1.56	0.04	0.03	0.76	2.5	1.56	0.0	0.0	41.75					1	0.08	0.08	-1.13	0.04	0.03	-0.24	-1.13	0.0	0.0	76.27					-0.08	-0.08	-0.92	-0.04	-0.03	-0.34	-0.92	0.0	0.0	3.68					-0.08	-0.08	0.3	-0.04	-0.03	0.13	0.3	0.0	0.0	52.87					-0.08000000000000007	-0.08000000000000007	2.069999999999999	-0.03539823008849563	-0.034786116085415604	0.8846153846153855	2.069999999999999	0.002961342207348519	0.00292526353646827	36.34287012988649				
2022-08-17 07:00:00	3000	2.3	2.3	2.3	2.3	2.13	CFV.MI	2.18	2.18	2.18	2.18	2.63	1.49	1.0	1.0	1.0	1	1.0	-1.0	-1.0	1.0	-1.0	-1.0									-1.0			3.97										-1.0			4.63	-0.04	-0.04	1.52	-0.02	-0.02	0.73	2.5	1.52	0.0	0.0	41.76					1	-0.04	-0.04	-1.17	-0.02	-0.02	-0.26	-1.17	0.0	0.0	69.61					0.04	0.04	-0.88	0.02	0.02	-0.33	-0.88	0.0	0.0	3.68					0.04	0.04	0.34	0.02	0.02	0.15	0.34	0.0	0.0	52.87					0.040000000000000036	0.040000000000000036	2.109999999999999	0.017094017094017144	0.017241806434506103	0.917391304347827	2.109999999999999	0.0033145484115142962	0.003279047804912061	40.67720660330487				
2022-08-18 07:00:00	7000	2.26	2.2	2.26	2.24	2.08	CFV.MI	2.12	2.12	2.06	2.1	2.63	1.49	1.0	1.0	-1.0	1	1.0	-1.0	-1.0	1.0	-1.0	-1.0		2.2							-1.0			3.97		2.06		2.06						-1.0			4.63	-0.06	-0.06	1.46	-0.03	-0.03	0.68	2.5	1.46	0.0	0.0	36.62					1	-0.06	-0.06	-1.23	-0.03	-0.03	-0.27	-1.23	0.0	0.0	62.61					0.06	0.06	-0.82	0.03	0.03	-0.31	-0.82	0.0	0.0	8.58					0.06	0.06	0.4	0.03	0.03	0.18	0.4	0.0	0.0	58.29					0.05999999999999961	0.05999999999999961	2.1699999999999986	0.02608695652173898	0.02643325706815537	0.9687500000000007	2.1699999999999986	0.003376542699499817	0.0033406840859993014	41.02662966851509				
2022-08-19 07:00:00	0	2.24	2.24	2.24	2.24	2.08	CFV.MI	2.14	2.14	2.14	2.14	2.63	1.49	1.0	1.0	-1.0	1	1.0	-1.0	-1.0	1.0	-1.0	-1.0									-1.0			3.97										-1.0			4.63	0.0	0.0	1.46	0.0	0.0	0.68	2.5	1.46	0.0	0.0	35.89					1	0.0	0.0	-1.23	0.0	0.0	-0.27	-1.23	0.0	0.0	62.61					-0.0	-0.0	-0.82	-0.0	-0.0	-0.31	-0.82	0.0	0.0	11.91					-0.0	-0.0	0.4	-0.0	-0.0	0.18	0.4	0.0	0.0	63.14					-0.0	-0.0	2.1699999999999986	-0.0	-0.0	0.9687500000000007	2.1699999999999986	0.003256715810321045	0.003221547570994021	40.34486293748				
2022-08-22 07:00:00	2000	2.27	2.27	2.27	2.27	2.1	CFV.MI	2.21	2.21	2.21	2.21	2.63	1.49	1.0	1.0	-1.0	1	1.0	-1.0	-1.0	1.0	-1.0	-1.0									-1.0			3.97	2.21									-1.0			4.63	0.03	0.03	1.49	0.01	0.01	0.71	2.5	1.49	0.0	0.0	36.26					1	0.03	0.03	-1.2	0.01	0.01	-0.26	-1.2	0.0	0.0	63.31					-0.03	-0.03	-0.85	-0.01	-0.01	-0.32	-0.85	0.0	0.0	11.34					-0.03	-0.03	0.37	-0.01	-0.01	0.17	0.37	0.0	0.0	61.87					-0.029999999999999805	-0.029999999999999805	2.139999999999999	-0.013392857142856984	-0.013303965626362666	0.9427312775330405	2.139999999999999	0.0030032772398257486	0.002967189263155978	36.84321319919242				
2022-08-23 07:00:00	0	2.27	2.27	2.27	2.27	2.1	CFV.MI	2.19	2.19	2.19	2.19	2.63	1.49	1.0	1.0	-1.0	1	1.0	-1.0	-1.0	1.0	-1.0	-1.0	2.27								-1.0			3.97										-1.0			4.63	0.0	0.0	1.49	0.0	0.0	0.71	2.5	1.49	0.0	0.0	39.98					1	0.0	0.0	-1.2	0.0	0.0	-0.26	-1.2	0.0	0.0	63.31					-0.0	-0.0	-0.85	-0.0	-0.0	-0.32	-0.85	0.0	0.0	10.29					-0.0	-0.0	0.37	-0.0	-0.0	0.17	0.37	0.0	0.0	61.36					-0.0	-0.0	2.139999999999999	-0.0	-0.0	0.9427312775330405	2.139999999999999	0.003240492184658981	0.00320566968751268	40.542242309057315				
2022-08-24 07:00:00	0	2.27	2.27	2.27	2.27	2.1	CFV.MI	2.18	2.18	2.18	2.18	2.63	1.49	1.0	1.0	-1.0	1	1.0	-1.0	-1.0	1.0	-1.0	-1.0									-1.0			3.97										-1.0			4.63	0.0	0.0	1.49	0.0	0.0	0.71	2.5	1.49	0.0	0.0	43.39					1	0.0	0.0	-1.2	0.0	0.0	-0.26	-1.2	0.0	0.0	63.31					-0.0	-0.0	-0.85	-0.0	-0.0	-0.32	-0.85	0.0	0.0	9.49					-0.0	-0.0	0.37	-0.0	-0.0	0.17	0.37	0.0	0.0	60.97					-0.0	-0.0	2.139999999999999	-0.0	-0.0	0.9427312775330405	2.139999999999999	0.0034598219779229836	0.003426090746046828	43.93021587540074				
2022-08-25 07:00:00	6000	2.24	2.2	2.21	2.24	2.08	CFV.MI	2.12	2.15	2.11	2.15	2.63	1.49	1.0	1.0	-1.0	0	1.0	-1.0	-1.0	1.0	-1.0	-1.0									-1.0			3.97		2.11								-1.0			4.63	-0.03	-0.03	1.46	-0.01	-0.01	0.68	2.5	1.46	0.0	0.0	39.07					1	-0.03	-0.03	-1.23	-0.01	-0.01	-0.27	-1.23	0.0	0.0	58.6					0.03	0.03	-0.82	0.01	0.01	-0.31	-0.82	0.0	0.0	14.0					0.03	0.03	0.4	0.01	0.01	0.18	0.4	0.0	0.0	67.01					0.029999999999999805	0.029999999999999805	2.1699999999999986	0.013215859030836885	0.013303965626362702	0.9687500000000007	2.1699999999999986	0.0034006286331232827	0.0033672214209314877	43.59592531353287				
2022-08-26 07:00:00	5000	2.24	2.18	2.21	2.24	2.08	CFV.MI	2.18	2.21	2.15	2.21	2.63	1.49	1.0	1.0	-1.0	0	1.0	-1.0	-1.0	1.0	-1.0	-1.0		2.18		2.18					-1.0			3.97										-1.0			4.63	0.0	0.0	1.46	0.0	0.0	0.68	2.36	1.46	0.0	0.0	38.88					1	0.0	0.0	-1.23	0.0	0.0	-0.27	-1.23	0.0	0.0	58.6					-0.0	-0.0	-0.82	-0.0	-0.0	-0.31	-0.82	0.0	0.0	16.58					-0.0	-0.0	0.4	-0.0	-0.0	0.18	0.4	0.01	0.01	70.14					-0.0	-0.0	2.1699999999999986	-0.0	-0.0	0.9687500000000007	2.1699999999999986	0.00337002991335501	0.003336789587718325	43.42057493008584				
2022-08-29 07:00:00	0	2.24	2.24	2.24	2.24	2.08	CFV.MI	2.21	2.21	2.21	2.21	2.63	1.49	1.0	1.0	-1.0	0	1.0	-1.0	-1.0	1.0	-1.0	-1.0									-1.0			3.97										-1.0			4.63	0.0	0.0	1.46	0.0	0.0	0.68	2.36	1.46	0.0	0.0	44.35					1	0.0	0.0	-1.23	0.0	0.0	-0.27	-1.23	0.0	0.0	58.6					-0.0	-0.0	-0.82	-0.0	-0.0	-0.31	-0.82	0.0	0.0	14.48					-0.0	-0.0	0.4	-0.0	-0.0	0.18	0.4	0.0	0.0	69.14					-0.0	-0.0	2.1699999999999986	-0.0	-0.0	0.9687500000000007	2.1699999999999986	0.0036510418654182256	0.0036196933698484646	48.988941089872824				
2022-08-30 07:00:00	0	2.24	2.24	2.24	2.24	2.08	CFV.MI	2.21	2.21	2.21	2.21	2.63	1.49	1.0	1.0	-1.0	0	1.0	-1.0	-1.0	1.0	-1.0	-1.0									-1.0			3.97										-1.0			4.63	0.0	0.0	1.46	0.0	0.0	0.68	2.36	1.46	0.0	0.0	43.06					1	0.0	0.0	-1.23	0.0	0.0	-0.27	-1.23	0.0	0.0	58.6					-0.0	-0.0	-0.82	-0.0	-0.0	-0.31	-0.82	0.0	0.0	19.04					-0.0	-0.0	0.4	-0.0	-0.0	0.18	0.4	0.01	0.01	76.76					-0.0	-0.0	2.1699999999999986	-0.0	-0.0	0.9687500000000007	2.1699999999999986	0.003437517685364322	0.0034072627982513204	47.77387323480683				
2022-08-31 07:00:00	0	2.24	2.24	2.24	2.24	2.08	CFV.MI	2.24	2.24	2.24	2.24	2.63	1.49	1.0	1.0	1.0	0	1.0	-1.0	-1.0	1.0	-1.0	-1.0									-1.0			3.97										-1.0			4.63	0.0	0.0	1.46	0.0	0.0	0.68	2.36	1.46	0.0	0.0	42.66					1	0.0	0.0	-1.23	0.0	0.0	-0.27	-1.23	0.0	0.0	58.6					-0.0	-0.0	-0.82	-0.0	-0.0	-0.31	-0.82	0.0	0.0	22.09					-0.0	-0.0	0.4	-0.0	-0.0	0.18	0.4	0.01	0.01	80.94					-0.0	-0.0	2.1699999999999986	-0.0	-0.0	0.9687500000000007	2.1699999999999986	0.0033752950534435998	0.0033453552257509678	47.403263260425824				
2022-09-01 07:00:00	0	2.24	2.24	2.24	2.24	2.08	CFV.MI	2.27	2.27	2.27	2.27	2.63	1.49	1.0	1.0	1.0	0	1.0	-1.0	-1.0	1.0	-1.0	-1.0	2.24								-1.0			3.97	2.27		2.27							-1.0			4.63	0.0	0.0	1.46	0.0	0.0	0.68	2.36	1.46	0.0	0.0	42.66					1	0.0	0.0	-1.23	0.0	0.0	-0.27	-1.23	0.0	0.0	58.6					-0.0	-0.0	-0.82	-0.0	-0.0	-0.31	-0.82	0.0	0.0	22.09					-0.0	-0.0	0.4	-0.0	-0.0	0.18	0.4	0.01	0.01	80.94					-0.0	-0.0	2.1699999999999986	-0.0	-0.0	0.9687500000000007	2.1699999999999986	0.0033752950534435998	0.0033453552257509678	47.403263260425824				
2022-09-02 07:00:00	0	2.24	2.24	2.24	2.24	2.08	CFV.MI	2.2	2.2	2.2	2.2	2.63	1.49	1.0	1.0	1.0	0	1.0	-1.0	-1.0	1.0	-1.0	-1.0									-1.0			3.97		2.2								-1.0			4.63	0.0	0.0	1.46	0.0	0.0	0.68	2.36	1.46	0.0	0.0	45.47					1	0.0	0.0	-1.23	0.0	0.0	-0.27	-1.23	0.0	0.0	58.6					-0.0	-0.0	-0.82	-0.0	-0.0	-0.31	-0.82	0.0	0.0	21.83					-0.0	-0.0	0.4	-0.0	-0.0	0.18	0.4	0.01	0.01	80.81					-0.0	-0.0	2.1699999999999986	-0.0	-0.0	0.9687500000000007	2.1699999999999986	0.003556977422128982	0.0035277759905105732	50.21994325109416				
2022-09-05 07:00:00	0	2.24	2.24	2.24	2.24	2.08	CFV.MI	2.25	2.25	2.25	2.25	2.63	1.49	1.0	1.0	1.0	0	1.0	-1.0	-1.0	1.0	-1.0	-1.0									-1.0			3.97	2.25									-1.0			4.63	0.0	0.0	1.46	0.0	0.0	0.68	2.36	1.46	0.0	0.0	45.27					1	0.0	0.0	-1.23	0.0	0.0	-0.27	-1.23	0.0	0.0	58.6					-0.0	-0.0	-0.82	-0.0	-0.0	-0.31	-0.82	0.0	0.0	24.57					-0.0	-0.0	0.4	-0.0	-0.0	0.18	0.4	0.01	0.01	84.24					-0.0	-0.0	2.1699999999999986	-0.0	-0.0	0.9687500000000007	2.1699999999999986	0.003525351534648383	0.003496303899690023	50.03756313839325				
2022-09-06 07:00:00	0	2.24	2.24	2.24	2.24	2.08	CFV.MI	2.25	2.25	2.25	2.25	2.63	1.49	1.0	1.0	1.0	0	1.0	-1.0	-1.0	1.0	-1.0	-1.0									-1.0			3.97										-1.0			4.63	0.0	0.0	1.46	0.0	0.0	0.68	2.36	1.46	0.0	0.0	44.46					1	0.0	0.0	-1.23	0.0	0.0	-0.27	-1.23	0.0	0.0	58.6					-0.0	-0.0	-0.82	-0.0	-0.0	-0.31	-0.82	0.0	0.0	28.46					-0.0	-0.0	0.4	-0.0	-0.0	0.18	0.4	0.01	0.01	90.43					-0.0	-0.0	2.1699999999999986	-0.0	-0.0	0.9687500000000007	2.1699999999999986	0.003397420145579368	0.003368990526653848	49.27962303958454				
2022-09-07 07:00:00	2000	2.19	2.19	2.19	2.19	2.03	CFV.MI	2.2	2.2	2.2	2.2	2.63	1.49	1.0	1.0	1.0	0	1.0	-1.0	-1.0	1.0	-1.0	-1.0		2.19							-1.0			3.97										-1.0			4.63	-0.05	-0.05	1.41	-0.02	-0.02	0.65	2.36	1.41	0.0	0.0	39.04					1	-0.0	-0.0	-1.23	-0.0	-0.0	-0.27	-1.23	0.0	0.0	58.6					0.05	0.05	-0.77	0.02	0.02	-0.3	-0.77	0.0	0.0	33.71					0.05	0.05	0.45	0.02	0.02	0.21	0.45	0.01	0.01	97.6					0.050000000000000266	0.050000000000000266	2.219999999999999	0.022321428571428714	0.022574322038539176	1.0136986301369872	2.219999999999999	0.0034274189475087995	0.0033988450013620053	49.46032285599013				
2022-09-08 07:00:00	3000	2.21	2.14	2.14	2.21	2.05	CFV.MI	2.13	2.2	2.13	2.2	2.63	1.49	1.0	1.0	1.0	0	1.0	-1.0	-1.0	1.0	-1.0	-1.0									-1.0			3.97										-1.0			4.63	0.02	0.02	1.43	0.01	0.01	0.66	2.36	1.43	0.0	0.0	43.18					1	0.0	0.0	-1.23	0.0	0.0	-0.27	-1.23	0.0	0.0	63.38					-0.02	-0.02	-0.79	-0.01	-0.01	-0.3	-0.79	0.0	0.0	29.75					-0.02	-0.02	0.43	-0.01	-0.01	0.2	0.43	0.01	0.01	92.6					-0.020000000000000018	-0.020000000000000018	2.199999999999999	-0.009132420091324311	-0.009090971701252105	0.9954751131221726	2.199999999999999	0.0034410557637589417	0.003412643759244993	49.93687115568099				
2022-09-09 07:00:00	0	2.21	2.21	2.21	2.21	2.05	CFV.MI	2.16	2.16	2.16	2.16	2.63	1.49	1.0	1.0	1.0	0	1.0	-1.0	-1.0	1.0	-1.0	-1.0									-1.0			3.97										-1.0			4.63	0.0	0.0	1.43	0.0	0.0	0.66	2.36	1.43	0.0	0.0	43.18					1	0.0	0.0	-1.23	0.0	0.0	-0.27	-1.23	0.0	0.0	63.38					-0.0	-0.0	-0.79	-0.0	-0.0	-0.3	-0.79	0.0	0.0	29.75					-0.0	-0.0	0.43	-0.0	-0.0	0.2	0.43	0.01	0.01	92.6					-0.0	-0.0	2.199999999999999	-0.0	-0.0	0.9954751131221726	2.199999999999999	0.0034410557637589417	0.003412643759244993	49.93687115568099				
2022-09-12 07:00:00	3000	2.23	2.23	2.23	2.23	2.07	CFV.MI	2.13	2.13	2.13	2.13	2.63	1.49	1.0	1.0	1.0	0	1.0	-1.0	-1.0	1.0	-1.0	-1.0									-1.0			3.97		2.13								-1.0			4.63	0.02	0.02	1.45	0.01	0.01	0.68	2.36	1.45	0.0	0.0	43.6					1	0.0	0.0	-1.23	0.0	0.0	-0.27	-1.23	0.0	0.0	63.38					-0.02	-0.02	-0.81	-0.01	-0.01	-0.31	-0.81	0.0	0.0	26.58					-0.02	-0.02	0.41	-0.01	-0.01	0.19	0.41	0.01	0.01	88.07					-0.020000000000000018	-0.020000000000000018	2.179999999999999	-0.009049773755656076	-0.00900906994236591	0.9775784753363237	2.179999999999999	0.003248004238585883	0.0032187112567345633	46.63196508035218				
2022-09-13 07:00:00	1000	2.25	2.25	2.25	2.25	2.08	CFV.MI	2.18	2.18	2.18	2.18	2.63	1.49	1.0	1.0	1.0	0	1.0	-1.0	-1.0	1.0	-1.0	-1.0									-1.0			3.97	2.18									-1.0			4.63	0.02	0.02	1.47	0.01	0.01	0.69	2.3	1.47	0.0	0.0	43.8					1	0.0	0.0	-1.23	0.0	0.0	-0.27	-1.23	0.0	0.0	63.15					-0.02	-0.02	-0.83	-0.01	-0.01	-0.32	-0.83	0.0	0.0	26.21					-0.02	-0.02	0.39	-0.01	-0.01	0.18	0.39	0.01	0.01	87.2					-0.020000000000000018	-0.020000000000000018	2.159999999999999	-0.008968609865470878	-0.008928630744301398	0.9600000000000006	2.159999999999999	0.0030218212584492083	0.002991828039913491	43.16961397385309				
2022-09-14 07:00:00	0	2.25	2.25	2.25	2.25	2.08	CFV.MI	2.17	2.17	2.17	2.17	2.63	1.49	1.0	1.0	1.0	0	1.0	-1.0	-1.0	1.0	-1.0	-1.0	2.25		2.25						-1.0			3.97										-1.0			4.63	0.0	0.0	1.47	0.0	0.0	0.69	2.27	1.47	0.0	0.0	47.09					1	0.0	0.0	-1.23	0.0	0.0	-0.27	-1.23	0.0	0.0	67.35					-0.0	-0.0	-0.83	-0.0	-0.0	-0.32	-0.83	0.0	0.0	25.68					-0.0	-0.0	0.39	-0.0	-0.0	0.18	0.39	0.01	0.01	86.95					-0.0	-0.0	2.159999999999999	-0.0	-0.0	0.9600000000000006	2.159999999999999	0.003216579127850914	0.0031874531464677336	46.449449671035495				
2022-09-15 07:00:00	0	2.25	2.25	2.25	2.25	2.08	CFV.MI	2.17	2.17	2.17	2.17	2.63	1.49	1.0	1.0	1.0	0	1.0	-1.0	-1.0	1.0	-1.0	-1.0									-1.0			3.97										-1.0			4.63	0.0	0.0	1.47	0.0	0.0	0.69	2.27	1.47	0.0	0.0	45.83					1	0.0	0.0	-1.23	0.0	0.0	-0.27	-1.23	0.0	0.0	65.9					-0.0	-0.0	-0.83	-0.0	-0.0	-0.32	-0.83	0.0	0.0	30.5					-0.0	-0.0	0.39	-0.0	-0.0	0.18	0.39	0.01	0.01	95.47					-0.0	-0.0	2.159999999999999	-0.0	-0.0	0.9600000000000006	2.159999999999999	0.003023018408537342	0.0029948487530599976	45.175847128679116				
2022-09-16 07:00:00	5000	2.23	2.1	2.2	2.23	2.07	CFV.MI	2.15	2.18	2.05	2.18	2.63	1.49	1.0	1.0	-1.0	0	1.0	-1.0	-1.0	1.0	-1.0	-1.0									-1.0			3.97										-1.0			4.63	-0.02	-0.02	1.45	-0.01	-0.01	0.68	2.27	1.45	0.0	0.0	42.52					1	-0.0	-0.0	-1.23	-0.0	-0.0	-0.27	-1.23	0.0	0.0	65.9					0.02	0.02	-0.81	0.01	0.01	-0.31	-0.81	0.0	0.0	31.0					0.02	0.02	0.41	0.01	0.01	0.19	0.41	0.01	0.01	95.71					0.020000000000000018	0.020000000000000018	2.179999999999999	0.008888888888888946	0.008928630744301431	0.9775784753363237	2.179999999999999	0.0030855188237474524	0.003057042104982699	45.59668843598922				
2022-09-19 07:00:00	2000	2.19	2.16	2.16	2.19	2.03	CFV.MI	2.1	2.13	2.1	2.13	2.63	1.49	1.0	1.0	-1.0	0	1.0	-1.0	-1.0	1.0	-1.0	-1.0									-1.0			3.97		2.1								-1.0			4.63	-0.04	-0.04	1.41	-0.02	-0.02	0.65	2.27	1.41	0.0	0.0	38.41					1	-0.0	-0.0	-1.23	-0.0	-0.0	-0.27	-1.23	0.0	0.0	65.9					0.04	0.04	-0.77	0.02	0.02	-0.3	-0.77	0.0	0.0	31.99					0.04	0.04	0.45	0.02	0.02	0.21	0.45	0.01	0.01	96.17					0.040000000000000036	0.040000000000000036	2.219999999999999	0.017937219730941756	0.01810004164361799	1.0136986301369872	2.219999999999999	0.003212219115252778	0.0031831148498706607	46.42170657911569				
2022-09-20 07:00:00	5000	2.19	2.14	2.19	2.15	1.99	CFV.MI	2.17	2.17	2.12	2.13	2.63	1.49	1.0	1.0	-1.0	0	1.0	-1.0	-1.0	1.0	-1.0	-1.0									-1.0			3.97	2.17									-1.0			4.63	-0.04	-0.04	1.37	-0.02	-0.02	0.62	2.27	1.37	0.0	0.0	34.39					1	-0.0	-0.0	-1.23	-0.0	-0.0	-0.27	-1.23	0.0	0.0	65.9					0.04	0.04	-0.73	0.02	0.02	-0.28	-0.73	0.0	0.0	32.96					0.04	0.04	0.49	0.02	0.02	0.23	0.49	0.01	0.01	96.63					0.040000000000000036	0.040000000000000036	2.259999999999999	0.0182648401826484	0.01843370168883802	1.0511627906976755	2.259999999999999	0.0033412550270746446	0.003311504667974585	47.22533784823534				
2022-09-21 07:00:00	9000	2.17	2.04	2.17	2.04	1.89	CFV.MI	2.12	2.12	2.0	2.0	2.63	1.49	1.0	-1.0	-1.0	0	1.0	-1.0	-1.0	1.0	-1.0	-1.0									-1.0			3.97										-1.0			4.63	-0.11	-0.11	1.26	-0.05	-0.05	0.53	2.25	1.26	0.0	0.0	27.82					1	-0.0	-0.0	-1.23	-0.0	-0.0	-0.27	-1.23	0.0	0.0	65.9					0.11	0.11	-0.62	0.05	0.05	-0.25	-0.62	0.0	0.0	35.49					0.11	0.11	0.6	0.05	0.05	0.3	0.6	0.01	0.01	97.85					0.10999999999999988	0.10999999999999988	2.3699999999999988	0.051162790697674376	0.05251803428344636	1.1617647058823541	2.3699999999999988	0.0037088812670587686	0.003677251573165563	49.33264714697237				
2022-09-22 07:00:00	9000	2.08	1.95	2.0	2.08	1.93	CFV.MI	1.98	2.06	1.93	2.06	2.63	1.49	1.0	-1.0	-1.0	-1	1.0	-1.0	-1.0	1.0	-1.0	-1.0									-1.0			3.97		1.93		1.93						-1.0			4.63	0.04	0.04	1.3	0.02	0.02	0.56	2.25	1.3	0.0	0.0	28.35					1	0.0	0.0	-1.23	0.0	0.0	-0.27	-1.23	0.0	0.0	65.39					-0.04	-0.04	-0.66	-0.02	-0.02	-0.26	-0.66	0.0	0.0	34.6					-0.04	-0.04	0.56	-0.02	-0.02	0.27	0.56	0.01	0.01	90.86					-0.040000000000000036	-0.040000000000000036	2.3299999999999987	-0.019607843137254832	-0.019418085857101516	1.1201923076923088	2.3299999999999987	0.003410415934429335	0.0033778222531843927	44.81396775782911				
2022-09-23 07:00:00	4000	2.05	2.03	2.03	2.05	1.9	CFV.MI	2.08	2.1	2.08	2.1	2.63	1.49	1.0	-1.0	-1.0	-1	1.0	-1.0	-1.0	1.0	-1.0	-1.0									-1.0			3.97	2.1									-1.0			4.63	-0.03	-0.03	1.27	-0.01	-0.01	0.54	2.25	1.27	0.0	0.0	24.21					1	0.03	0.03	-1.2	0.01	0.01	-0.26	-1.2	0.0	0.0	65.4					0.03	0.03	-0.63	0.01	0.01	-0.25	-0.63	0.0	0.0	38.81					0.03	0.03	0.59	0.01	0.01	0.29	0.59	0.01	0.01	90.87					0.03000000000000025	0.03000000000000025	2.359999999999999	0.014423076923077094	0.014528100562909969	1.1512195121951234	2.359999999999999	0.0034123208716337235	0.00337971691436989	44.82496745365699				
2022-09-26 07:00:00	3000	2.0	2.0	2.0	2.0	1.85	CFV.MI	2.03	2.03	2.03	2.03	2.63	1.49	1.0	-1.0	-1.0	-1	1.0	-1.0	-1.0	1.0	-1.0	-1.0									-1.0			3.97		2.03								-1.0			4.63	-0.05	-0.05	1.22	-0.02	-0.02	0.5	2.25	1.22	0.0	0.0	20.19					1	0.05	0.05	-1.15	0.02	0.02	-0.25	-1.15	0.0	0.0	66.73					0.05	0.05	-0.58	0.02	0.02	-0.23	-0.58	0.0	0.0	39.84					0.05	0.05	0.64	0.02	0.02	0.32	0.64	0.01	0.01	91.43					0.04999999999999982	0.04999999999999982	2.409999999999999	0.024390243902438935	0.02469261259037141	1.2050000000000014	2.409999999999999	0.003582699898507285	0.003549170346005992	45.78170232304813				
2022-09-27 07:00:00	0	2.0	2.0	2.0	2.0	1.85	CFV.MI	2.06	2.06	2.06	2.06	2.63	1.49	1.0	-1.0	-1.0	-1	1.0	-1.0	-1.0	1.0	-1.0	-1.0		2.0							-1.0			3.97										-1.0			4.63	0.0	0.0	1.22	0.0	0.0	0.5	2.25	1.22	0.0	0.0	17.21					1	-0.0	-0.0	-1.15	-0.0	-0.0	-0.25	-1.15	0.0	0.0	64.0					-0.0	-0.0	-0.58	-0.0	-0.0	-0.23	-0.58	0.0	0.0	46.98					-0.0	-0.0	0.64	-0.0	-0.0	0.32	0.64	0.01	0.01	90.28					-0.0	-0.0	2.409999999999999	-0.0	-0.0	1.2050000000000014	2.409999999999999	0.003244396850549088	0.003212692569916298	43.8281268321173				
2022-09-28 07:00:00	8000	2.04	1.93	1.93	2.04	1.89	CFV.MI	2.0	2.11	2.0	2.11	2.63	1.49	1.0	-1.0	-1.0	-1	1.0	-1.0	-1.0	1.0	-1.0	-1.0									-1.0			3.97										-1.0			4.63	0.04	0.04	1.26	0.02	0.02	0.53	2.25	1.26	0.0	0.0	9.93					1	-0.04	-0.04	-1.19	-0.02	-0.02	-0.26	-1.19	0.0	0.0	49.43					-0.04	-0.04	-0.62	-0.02	-0.02	-0.25	-0.62	0.0	0.0	58.72					-0.04	-0.04	0.6	-0.02	-0.02	0.3	0.6	0.0	0.0	80.51					-0.040000000000000036	-0.040000000000000036	2.3699999999999988	-0.020000000000000018	-0.01980262729617973	1.1617647058823541	2.3699999999999988	0.002212296997646971	0.0021835741571778478	33.83592691987607				
2022-09-29 07:00:00	4000	2.05	2.0	2.0	2.05	1.9	CFV.MI	2.12	2.17	2.12	2.17	2.63	1.63	1.0	-1.0	-1.0	-1	1.0	-1.0	-1.0	1.0	1.0	1.0	2.05								-1.0			3.97	2.17		2.17							-1.0			4.63	0.01	0.01	1.27	0.0	0.0	0.54	2.25	1.27	0.0	0.0	15.66					1	-0.01	-0.01	-1.2	-0.0	-0.0	-0.26	-1.2	0.0	0.0	54.64					-0.01	-0.01	-0.63	-0.0	-0.0	-0.25	-0.63	0.0	0.0	53.91					-0.01	-0.01	0.59	-0.0	-0.0	0.29	0.59	0.0	0.0	75.66					-0.009999999999999787	-0.009999999999999787	2.359999999999999	-0.004901960784313708	-0.00488998529419177	1.151219512195123	2.359999999999999	0.0023207643248180586	0.0022932336505394613	36.912338106838604				
2022-09-30 07:00:00	9000	2.02	1.99	1.99	2.02	1.87	CFV.MI	2.08	2.11	2.08	2.11	2.63	1.63	1.0	-1.0	-1.0	-1	1.0	-1.0	-1.0	1.0	1.0	1.0		1.99		1.99					-1.0			3.97										-1.0			4.63	-0.03	-0.03	1.24	-0.01	-0.01	0.52	2.25	1.24	0.0	0.0	16.57					1	0.03	0.03	-1.17	0.01	0.01	-0.25	-1.17	0.0	0.0	63.69					0.03	0.03	-0.6	0.01	0.01	-0.24	-0.6	0.0	0.0	53.37					-0.03	-0.03	0.56	-0.01	-0.01	0.27	0.56	0.0	0.0	69.4					0.029999999999999805	0.029999999999999805	2.389999999999999	0.014634146341463317	0.014742281737203319	1.1831683168316842	2.389999999999999	0.0026645529353720825	0.0026379041291637595	42.90873747936344				
2022-10-03 07:00:00	0	2.02	2.02	2.02	2.02	1.87	CFV.MI	2.08	2.08	2.08	2.08	2.63	1.63	1.0	-1.0	-1.0	-1	1.0	-1.0	-1.0	1.0	1.0	1.0									-1.0			3.97										-1.0			4.63	0.0	0.0	1.24	0.0	0.0	0.52	2.25	1.24	0.0	0.0	15.68					1	-0.0	-0.0	-1.17	-0.0	-0.0	-0.25	-1.17	0.0	0.0	62.8					-0.0	-0.0	-0.6	-0.0	-0.0	-0.24	-0.6	0.0	0.0	57.4					0.0	0.0	0.56	0.0	0.0	0.27	0.56	0.0	0.0	73.96					-0.0	-0.0	2.389999999999999	-0.0	-0.0	1.1831683168316842	2.389999999999999	0.0025911479877571983	0.0025648561933715452	42.322641971415905				
2022-10-04 07:00:00	4000	2.03	1.99	1.99	2.03	1.88	CFV.MI	1.98	2.02	1.98	2.02	2.63	1.63	1.0	-1.0	-1.0	-1	1.0	-1.0	-1.0	1.0	1.0	1.0									-1.0			3.97		1.98		1.98						-1.0			4.63	0.01	0.01	1.25	0.0	0.0	0.53	2.25	1.25	0.0	0.0	20.39					1	-0.01	-0.01	-1.18	-0.0	-0.0	-0.26	-1.18	0.0	0.0	65.77					-0.01	-0.01	-0.61	-0.0	-0.0	-0.24	-0.61	0.0	0.0	53.16					0.01	0.01	0.57	0.0	0.0	0.28	0.57	0.0	0.0	73.35					-0.009999999999999787	-0.009999999999999787	2.379999999999999	-0.004950495049504955	-0.004938281640582577	1.1724137931034488	2.379999999999999	0.002641450229366726	0.002615702556473032	44.01310322608971				
2022-10-05 07:00:00	3000	2.05	2.03	2.03	2.05	1.9	CFV.MI	2.05	2.07	2.05	2.07	2.63	1.63	1.0	-1.0	-1.0	-1	1.0	-1.0	-1.0	1.0	1.0	1.0	2.05								-1.0			3.97										-1.0			4.63	0.02	0.02	1.27	0.01	0.01	0.54	2.25	1.27	0.0	0.0	25.55					1	-0.02	-0.02	-1.2	-0.01	-0.01	-0.26	-1.2	0.0	0.0	67.85					-0.02	-0.02	-0.63	-0.01	-0.01	-0.25	-0.63	0.0	0.0	48.22					0.02	0.02	0.59	0.01	0.01	0.29	0.59	0.0	0.0	72.93					-0.020000000000000018	-0.020000000000000018	2.359999999999999	-0.009852216748768461	-0.009804000096620835	1.1512195121951225	2.359999999999999	0.0026753088336702643	0.0026499241791904105	45.189823129232735				
2022-10-06 07:00:00	4000	2.06	1.98	1.98	2.06	1.91	CFV.MI	2.02	2.1	2.02	2.1	2.63	1.63	1.0	-1.0	-1.0	-1	1.0	-1.0	-1.0	1.0	1.0	1.0									-1.0			3.97										-1.0			4.63	0.01	0.01	1.28	0.0	0.0	0.55	2.25	1.28	0.0	0.0	23.88					1	-0.01	-0.01	-1.21	-0.0	-0.0	-0.27	-1.21	0.0	0.0	61.18					-0.01	-0.01	-0.64	-0.0	-0.0	-0.25	-0.64	0.0	0.0	51.04					0.01	0.01	0.6	0.0	0.0	0.3	0.6	0.0	0.0	80.82					-0.010000000000000231	-0.010000000000000231	2.3499999999999988	-0.004878048780487809	-0.004866189651172906	1.1407766990291268	2.3499999999999988	0.0023291373541630992	0.002304014591060888	40.51606824253771				
2022-10-07 07:00:00	4000	2.03	2.01	2.02	2.03	1.88	CFV.MI	2.08	2.09	2.07	2.09	2.63	1.63	1.0	-1.0	-1.0	-1	1.0	-1.0	-1.0	1.0	1.0	1.0		2.01							-1.0			3.97										-1.0			4.63	-0.03	-0.03	1.25	-0.01	-0.01	0.53	2.25	1.25	0.0	0.0	19.95					1	0.03	0.03	-1.18	0.01	0.01	-0.26	-1.18	0.0	0.0	62.55					0.03	0.03	-0.61	0.01	0.01	-0.24	-0.61	0.0	0.0	51.78					-0.03	-0.03	0.57	-0.01	-0.01	0.28	0.57	0.0	0.0	75.2					0.03000000000000025	0.03000000000000025	2.379999999999999	0.01456310679611661	0.014670189747793855	1.1724137931034493	2.379999999999999	0.0024288946444480973	0.0024032857814970665	41.40636339793232				
2022-10-10 07:00:00	1000	2.05	2.05	2.05	2.05	1.9	CFV.MI	2.11	2.11	2.11	2.11	2.63	1.63	1.0	-1.0	-1.0	-1	1.0	-1.0	-1.0	1.0	1.0	1.0	2.05								-1.0			3.97	2.11									-1.0			4.63	0.02	0.02	1.27	0.01	0.01	0.54	2.25	1.27	0.0	0.0	20.76					1	-0.02	-0.02	-1.2	-0.01	-0.01	-0.26	-1.2	0.0	0.0	57.37					-0.02	-0.02	-0.63	-0.01	-0.01	-0.25	-0.63	0.0	0.0	47.83					0.02	0.02	0.59	0.01	0.01	0.29	0.59	0.0	0.0	75.58					-0.020000000000000018	-0.020000000000000018	2.359999999999999	-0.009852216748768461	-0.009804000096620835	1.151219512195123	2.359999999999999	0.002243218989748437	0.002216864285853104	37.777933947908394				
2022-10-11 07:00:00	2000	2.01	2.01	2.01	2.01	1.86	CFV.MI	2.09	2.09	2.09	2.09	2.63	1.63	1.0	-1.0	-1.0	-1	1.0	-1.0	-1.0	1.0	1.0	1.0		2.01							-1.0			3.97		2.09								-1.0			4.63	-0.04	-0.04	1.23	-0.02	-0.02	0.51	2.25	1.23	0.0	0.0	14.2					1	0.04	0.04	-1.16	0.02	0.02	-0.25	-1.16	0.0	0.0	56.71					0.04	0.04	-0.59	0.02	0.02	-0.23	-0.59	0.0	0.0	55.13					-0.04	-0.04	0.55	-0.02	-0.02	0.27	0.55	0.0	0.0	76.9					0.040000000000000036	0.040000000000000036	2.399999999999999	0.019512195121951237	0.019705071079332444	1.1940298507462694	2.399999999999999	0.0021965657105294852	0.002170447526169683	37.34677421129771				
2022-10-12 07:00:00	0	2.01	2.01	2.01	2.01	1.86	CFV.MI	2.12	2.12	2.12	2.12	2.63	1.63	1.0	-1.0	-1.0	-1	1.0	-1.0	-1.0	1.0	1.0	1.0									-1.0			3.97										-1.0			4.63	0.0	0.0	1.23	0.0	0.0	0.51	2.25	1.23	0.0	0.0	19.5					1	-0.0	-0.0	-1.16	-0.0	-0.0	-0.25	-1.16	0.0	0.0	66.23					-0.0	-0.0	-0.59	-0.0	-0.0	-0.23	-0.59	0.0	0.0	53.56					0.0	0.0	0.55	0.0	0.0	0.27	0.55	0.0	0.0	75.66					-0.0	-0.0	2.399999999999999	-0.0	-0.0	1.1940298507462694	2.399999999999999	0.0024523085768182527	0.0024276641334310956	43.406451837485186				
2022-10-13 07:00:00	13000	2.08	2.04	2.04	2.05	1.9	CFV.MI	2.12	2.16	2.12	2.13	2.63	1.63	1.0	-1.0	-1.0	-1	1.0	-1.0	-1.0	1.0	1.0	1.0									-1.0			3.97										-1.0			4.63	0.04	0.04	1.27	0.02	0.02	0.54	2.23	1.27	0.0	0.0	24.8					1	-0.04	-0.04	-1.2	-0.02	-0.02	-0.26	-1.2	0.0	0.0	64.38					-0.04	-0.04	-0.63	-0.02	-0.02	-0.25	-0.63	0.0	0.0	47.57					0.04	0.04	0.59	0.02	0.02	0.29	0.59	0.0	0.0	76.03					-0.040000000000000036	-0.040000000000000036	2.359999999999999	-0.01990049751243772	-0.019705071079332337	1.151219512195123	2.359999999999999	0.002422585984110807	0.0023976349319474455	42.37419491814945				
2022-10-14 07:00:00	2000	2.09	2.09	2.09	2.09	1.94	CFV.MI	2.15	2.15	2.15	2.15	2.63	1.63	1.0	-1.0	-1.0	-1	1.0	-1.0	-1.0	1.0	1.0	1.0	2.09		2.09						-1.0			3.97	2.15		2.15							-1.0			4.63	0.04	0.04	1.31	0.02	0.02	0.57	2.19	1.31	0.0	0.0	25.51					1	-0.04	-0.04	-1.24	-0.02	-0.02	-0.28	-1.24	0.0	0.0	56.28					-0.04	-0.04	-0.67	-0.02	-0.02	-0.26	-0.67	0.0	0.0	46.39					0.04	0.04	0.63	0.02	0.02	0.32	0.63	0.0	0.0	81.61					-0.040000000000000036	-0.040000000000000036	2.319999999999999	-0.019512195121951237	-0.019324272826402842	1.110047846889953	2.319999999999999	0.0021376799785178965	0.002112025634076531	37.02541525177837				
2022-10-17 07:00:00	6000	2.04	2.01	2.04	2.01	1.86	CFV.MI	2.06	2.06	2.03	2.03	2.63	1.63	1.0	-1.0	-1.0	-1	1.0	-1.0	-1.0	1.0	1.0	1.0									-1.0			3.97										-1.0			4.63	-0.08	-0.08	1.23	-0.04	-0.04	0.51	2.19	1.23	0.0	0.0	19.17					1	0.08	0.08	-1.16	0.04	0.04	-0.25	-1.16	0.0	0.0	59.47					0.08	0.08	-0.59	0.04	0.04	-0.23	-0.59	0.0	0.0	51.69					-0.08	-0.08	0.55	-0.04	-0.04	0.27	0.55	0.0	0.0	75.15					0.08000000000000007	0.08000000000000007	2.399999999999999	0.03827751196172258	0.03902934390573534	1.1940298507462699	2.399999999999999	0.00236400589824916	0.0023372044119274182	39.1010882318226				
2022-10-18 07:00:00	8000	2.0	1.96	1.97	1.96	1.81	CFV.MI	1.97	2.0	1.96	1.96	2.63	1.65	1.0	-1.0	-1.0	-1	1.0	-1.0	-1.0	1.0	1.0	1.0									-1.0			3.97										-1.0			4.63	-0.05	-0.05	1.18	-0.02	-0.03	0.47	2.17	1.18	0.0	0.0	13.7					1	0.05	0.05	-1.11	0.02	0.03	-0.23	-1.11	0.0	0.0	60.74					0.05	0.05	-0.54	0.02	0.03	-0.21	-0.54	0.0	0.0	56.91					-0.05	-0.05	0.5	-0.02	-0.03	0.24	0.5	0.0	0.0	72.58					0.04999999999999982	0.04999999999999982	2.449999999999999	0.02487562189054715	0.025190248828558404	1.2500000000000009	2.449999999999999	0.0024618804328859043	0.002434575148522855	39.941900161771194				
2022-10-19 07:00:00	2000	1.94	1.94	1.94	1.94	1.8	CFV.MI	1.95	1.95	1.95	1.95	2.63	1.66	1.0	-1.0	-1.0	-1	1.0	-1.0	-1.0	1.0	1.0	1.0									-1.0			3.97										-1.0			4.63	-0.02	-0.02	1.16	-0.01	-0.01	0.46	2.09	1.16	0.0	0.0	14.5					1	0.02	0.02	-1.09	0.01	0.01	-0.22	-1.09	0.0	0.0	68.87					0.02	0.02	-0.52	0.01	0.01	-0.21	-0.52	0.0	0.0	56.43					-0.02	-0.02	0.48	-0.01	-0.01	0.22	0.48	0.0	0.0	67.39					0.020000000000000018	0.020000000000000018	2.469999999999999	0.010204081632653073	0.01025650016718911	1.2731958762886606	2.469999999999999	0.002756068714919897	0.0027295667846394256	45.30606067117551				
2022-10-20 07:00:00	7000	1.94	1.9	1.91	1.94	1.8	CFV.MI	1.9	1.93	1.89	1.93	2.63	1.66	1.0	-1.0	-1.0	-1	1.0	-1.0	-1.0	1.0	1.0	1.0		1.9		1.9					-1.0			3.97		1.89								-1.0			4.63	0.0	0.0	1.16	0.0	0.0	0.46	2.09	1.16	0.0	0.0	14.5					1	-0.0	-0.0	-1.09	-0.0	-0.0	-0.22	-1.09	0.0	0.0	68.87					-0.0	-0.0	-0.52	-0.0	-0.0	-0.21	-0.52	0.0	0.0	56.43					0.0	0.0	0.48	0.0	0.0	0.22	0.48	0.0	0.0	67.39					-0.0	-0.0	2.469999999999999	-0.0	-0.0	1.2731958762886606	2.469999999999999	0.002756068714919897	0.0027295667846394256	45.30606067117551				
2022-10-21 07:00:00	0	1.94	1.94	1.94	1.94	1.8	CFV.MI	1.94	1.94	1.94	1.94	2.63	1.66	1.0	-1.0	-1.0	-1	1.0	-1.0	-1.0	1.0	1.0	1.0									-1.0			3.97	1.94									-1.0			4.63	0.0	0.0	1.16	0.0	0.0	0.46	2.09	1.16	0.0	0.0	14.5					1	-0.0	-0.0	-1.09	-0.0	-0.0	-0.22	-1.09	0.0	0.0	68.87					-0.0	-0.0	-0.52	-0.0	-0.0	-0.21	-0.52	0.0	0.0	56.43					0.0	0.0	0.48	0.0	0.0	0.22	0.48	0.0	0.0	67.39					-0.0	-0.0	2.469999999999999	-0.0	-0.0	1.2731958762886606	2.469999999999999	0.002756068714919897	0.0027295667846394256	45.30606067117551				
2022-10-24 07:00:00	1000	1.96	1.96	1.96	1.96	1.82	CFV.MI	1.92	1.92	1.92	1.92	2.63	1.66	1.0	-1.0	-1.0	-1	1.0	-1.0	-1.0	1.0	1.0	1.0									-1.0			3.97										-1.0			4.63	0.02	0.02	1.18	0.01	0.01	0.47	2.09	1.18	0.0	0.0	15.39					1	-0.02	-0.02	-1.11	-0.01	-0.01	-0.23	-1.11	0.0	0.0	63.6					-0.02	-0.02	-0.54	-0.01	-0.01	-0.21	-0.54	0.0	0.0	52.41					0.02	0.02	0.5	0.01	0.01	0.24	0.5	0.0	0.0	67.79					-0.020000000000000018	-0.020000000000000018	2.449999999999999	-0.010309278350515427	-0.010256500167189061	1.2500000000000009	2.449999999999999	0.002566228783807194	0.0025389451688921927	41.64138094302501				
2022-10-25 07:00:00	0	1.96	1.96	1.96	1.96	1.82	CFV.MI	1.9	1.9	1.9	1.9	2.63	1.66	1.0	-1.0	-1.0	-1	-1.0	-1.0	1.0	1.0	1.0	1.0									-1.0			3.97										-1.0			4.63	0.0	0.0	1.18	0.0	0.0	0.47	2.09	1.18	0.0	0.0	14.49					1	-0.0	-0.0	-1.11	-0.0	-0.0	-0.23	-1.11	0.0	0.0	62.72					-0.0	-0.0	-0.54	-0.0	-0.0	-0.21	-0.54	0.0	0.0	56.46					0.0	0.0	0.5	0.0	0.0	0.24	0.5	0.0	0.0	72.21					-0.0	-0.0	2.449999999999999	-0.0	-0.0	1.2500000000000009	2.449999999999999	0.0024960710746963133	0.002469148898988749	41.05785448966665				
2022-10-26 07:00:00	0	1.96	1.96	1.96	1.96	1.82	CFV.MI	1.89	1.89	1.89	1.89	2.63	1.67	1.0	-1.0	-1.0	-1	-1.0	-1.0	1.0	1.0	1.0	1.0	1.96								-1.0			3.97										-1.0			4.63	0.0	0.0	1.18	0.0	0.0	0.47	2.09	1.18	0.0	0.0	13.54					1	-0.0	-0.0	-1.11	-0.0	-0.0	-0.23	-1.11	0.0	0.0	61.81					0.0	0.0	-0.54	0.0	0.0	-0.21	-0.54	0.0	0.0	60.62					0.0	0.0	0.5	0.0	0.0	0.24	0.5	0.0	0.0	76.77					-0.0	-0.0	2.449999999999999	-0.0	-0.0	1.2500000000000009	2.449999999999999	0.0024251709421817163	0.002398611598799949	40.4516813801073				
2022-10-27 07:00:00	0	1.96	1.96	1.96	1.96	1.82	CFV.MI	1.87	1.87	1.87	1.87	2.63	1.67	1.0	-1.0	-1.0	-1	-1.0	-1.0	1.0	1.0	1.0	1.0									-1.0			3.97		1.87								-1.0			4.63	0.0	0.0	1.18	0.0	0.0	0.47	2.09	1.18	0.0	0.0	17.05					1	-0.0	-0.0	-1.11	-0.0	-0.0	-0.23	-1.11	0.0	0.0	67.21					0.0	0.0	-0.54	0.0	0.0	-0.21	-0.54	0.0	0.0	60.16					0.0	0.0	0.5	0.0	0.0	0.24	0.5	0.0	0.0	76.38					-0.0	-0.0	2.449999999999999	-0.0	-0.0	1.2500000000000009	2.449999999999999	0.00261394748169735	0.0025881646620624643	44.188344638733355				
2022-10-28 07:00:00	0	1.96	1.96	1.96	1.96	1.82	CFV.MI	1.88	1.88	1.88	1.88	2.63	1.67	1.0	-1.0	-1.0	-1	-1.0	-1.0	1.0	1.0	1.0	1.0									-1.0			3.97	1.88									-1.0			4.63	0.0	0.0	1.18	0.0	0.0	0.47	2.09	1.18	0.0	0.0	16.58					1	-0.0	-0.0	-1.11	-0.0	-0.0	-0.23	-1.11	0.0	0.0	66.75					0.0	0.0	-0.54	0.0	0.0	-0.21	-0.54	0.0	0.0	63.61					0.0	0.0	0.5	0.0	0.0	0.24	0.5	0.0	0.0	80.07					-0.0	-0.0	2.449999999999999	-0.0	-0.0	1.2500000000000009	2.449999999999999	0.0025780634934116117	0.002552456641599976	43.889008974904414				
2022-10-31 08:00:00	1000	1.93	1.93	1.93	1.93	1.79	CFV.MI	1.84	1.84	1.84	1.84	2.63	1.67	1.0	-1.0	-1.0	-1	-1.0	-1.0	1.0	-1.0	1.0	-1.0		1.93							-1.0			3.97		1.84								-1.0			4.63	-0.03	-0.03	1.15	-0.02	-0.02	0.45	2.09	1.15	0.0	0.0	11.17					1	0.03	0.03	-1.08	0.02	0.02	-0.22	-1.08	0.0	0.0	66.7					-0.03	-0.03	-0.57	-0.02	-0.02	-0.23	-0.57	0.0	0.0	63.7					-0.03	-0.03	0.47	-0.02	-0.02	0.22	0.47	0.0	0.0	80.17					0.030000000000000027	0.030000000000000027	2.4799999999999986	0.015306122448979553	0.015424470325631639	1.2849740932642497	2.4799999999999986	0.002574147570470108	0.0025485598853327573	43.85608763788357				
2022-11-01 08:00:00	2000	1.97	1.92	1.92	1.97	1.83	CFV.MI	1.82	1.86	1.82	1.86	2.63	1.67	1.0	-1.0	-1.0	-1	-1.0	-1.0	1.0	-1.0	1.0	-1.0	1.97		1.97						-1.0			3.97	1.86									-1.0			4.63	0.04	0.04	1.19	0.02	0.02	0.48	2.09	1.19	0.0	0.0	11.05					1	-0.04	-0.04	-1.12	-0.02	-0.02	-0.23	-1.12	0.0	0.0	57.42					0.04	0.04	-0.53	0.02	0.02	-0.21	-0.53	0.0	0.0	70.71					-0.04	-0.04	0.43	-0.02	-0.02	0.19	0.43	0.0	0.0	80.4					-0.040000000000000036	-0.040000000000000036	2.4399999999999986	-0.020725388601036343	-0.02051353983310303	1.2385786802030467	2.4399999999999986	0.0022075246926442534	0.0021815628875292425	37.74921215738281				
2022-11-02 08:00:00	1000	1.95	1.95	1.95	1.95	1.8	CFV.MI	1.84	1.84	1.84	1.84	2.63	1.67	1.0	-1.0	-1.0	-1	-1.0	-1.0	1.0	-1.0	1.0	-1.0									-1.0			3.97										-1.0			4.63	-0.02	-0.02	1.17	-0.01	-0.01	0.47	2.09	1.17	0.0	0.0	4.62					1	0.02	0.02	-1.1	0.01	0.01	-0.23	-1.1	0.0	0.0	55.66					-0.02	-0.02	-0.55	-0.01	-0.01	-0.22	-0.55	0.0	0.0	73.74					0.02	0.02	0.45	0.01	0.01	0.2	0.45	0.0	0.0	89.06					0.020000000000000018	0.020000000000000018	2.4599999999999986	0.010152284263959421	0.010204170174241736	1.2615384615384624	2.4599999999999986	0.002089251037641799	0.00206388230863519	36.61687656815733				
2022-11-03 08:00:00	8000	1.98	1.88	1.98	1.88	1.74	CFV.MI	1.88	1.88	1.79	1.79	2.63	1.67	1.0	-1.0	-1.0	-1	-1.0	-1.0	1.0	-1.0	1.0	-1.0									-1.0			3.97										-1.0			4.63	-0.07	-0.07	1.1	-0.04	-0.04	0.41	2.09	1.1	-0.0	-0.0	-0.68					1	0.07	0.07	-1.03	0.04	0.04	-0.2	-1.03	0.0	0.0	59.19					-0.07	-0.07	-0.62	-0.04	-0.04	-0.25	-0.62	0.0	0.0	65.0					0.07	0.07	0.52	0.04	0.04	0.25	0.52	0.01	0.01	90.26					0.07000000000000006	0.07000000000000006	2.5299999999999985	0.03589743589743588	0.03655759573379758	1.3457446808510647	2.5299999999999985	0.002334186929058242	0.0023075824369032105	38.90235711751827				
2022-11-04 08:00:00	5000	1.89	1.85	1.87	1.89	1.76	CFV.MI	1.73	1.75	1.71	1.75	2.63	1.67	1.0	-1.0	-1.0	-1	-1.0	-1.0	1.0	-1.0	1.0	-1.0									-1.0			3.97										-1.0			4.63	0.01	0.01	1.11	0.01	0.01	0.42	2.09	1.11	-0.0	-0.0	-0.08					1	-0.01	-0.01	-1.04	-0.01	-0.01	-0.2	-1.04	0.0	0.0	54.91					0.01	0.01	-0.61	0.01	0.01	-0.24	-0.61	0.0	0.0	65.22					-0.01	-0.01	0.51	-0.01	-0.01	0.24	0.51	0.0	0.0	86.42					-0.010000000000000009	-0.010000000000000009	2.5199999999999987	-0.005319148936170137	-0.005305052229693098	1.3333333333333344	2.5199999999999987	0.002161111629104412	0.0021339255565957505	35.782114931057755				
2022-11-07 08:00:00	5000	1.91	1.85	1.86	1.88	1.74	CFV.MI	1.71	1.75	1.7	1.73	2.63	1.67	1.0	-1.0	-1.0	-1	-1.0	-1.0	1.0	-1.0	1.0	-1.0									-1.0			3.97										-1.0			4.63	-0.01	-0.01	1.1	-0.01	-0.01	0.41	2.09	1.1	-0.0	-0.0	-3.18					1	0.01	0.01	-1.03	0.01	0.01	-0.2	-1.03	0.0	0.0	55.41					-0.01	-0.01	-0.62	-0.01	-0.01	-0.25	-0.62	0.0	0.0	61.78					0.01	0.01	0.52	0.01	0.01	0.25	0.52	0.0	0.0	86.59					0.010000000000000009	0.010000000000000009	2.5299999999999985	0.005291005291005346	0.005305052229693229	1.3457446808510647	2.5299999999999985	0.002196124973820388	0.0021687538170478415	36.10475830021173				
2022-11-08 08:00:00	2000	1.85	1.85	1.85	1.85	1.71	CFV.MI	1.68	1.68	1.68	1.68	2.63	1.68	-1.0	-1.0	-1.0	-1	-1.0	-1.0	1.0	-1.0	1.0	-1.0									-1.0			3.97										-1.0			4.63	-0.03	-0.03	1.07	-0.02	-0.02	0.39	2.09	1.07	-0.0	-0.0	-7.6					1	0.03	0.03	-1.0	0.02	0.02	-0.18	-1.0	0.0	0.0	56.35					-0.03	-0.03	-0.65	-0.02	-0.02	-0.26	-0.65	0.0	0.0	60.24					0.03	0.03	0.55	0.02	0.02	0.27	0.55	0.01	0.01	91.0					0.029999999999999805	0.029999999999999805	2.5599999999999983	0.015957446808510523	0.01608613775162427	1.3837837837837847	2.5599999999999983	0.0022648996152456365	0.0022371630932300768	36.7254077018581				
2022-11-09 08:00:00	3000	1.85	1.85	1.85	1.85	1.71	CFV.MI	1.68	1.68	1.68	1.68	2.63	1.68	-1.0	-1.0	-1.0	-1	-1.0	-1.0	1.0	-1.0	1.0	-1.0									-1.0			3.97										-1.0			4.63	-0.0	-0.0	1.07	-0.0	-0.0	0.39	2.09	1.07	-0.0	-0.0	-3.07					1	-0.0	-0.0	-1.0	-0.0	-0.0	-0.18	-1.0	0.0	0.0	64.88					0.0	0.0	-0.65	0.0	0.0	-0.26	-0.65	0.0	0.0	59.02					-0.0	-0.0	0.55	-0.0	-0.0	0.27	0.55	0.01	0.01	90.13					-0.0	-0.0	2.5599999999999983	-0.0	-0.0	1.3837837837837847	2.5599999999999983	0.0025144838076373677	0.0024881235955263037	42.23181047597855				
2022-11-10 08:00:00	1000	1.83	1.83	1.83	1.83	1.7	CFV.MI	1.62	1.62	1.62	1.62	2.63	1.62	-1.0	-1.0	-1.0	-1	-1.0	-1.0	1.0	-1.0	1.0	-1.0		1.83		1.83					-1.0			3.97		1.62		1.62						-1.0			4.63	0.02	0.02	1.09	0.01	0.01	0.41	2.09	1.09	0.0	0.0	1.67					1	0.02	0.02	-0.98	0.01	0.01	-0.18	-0.98	0.0	0.0	71.35					-0.02	-0.02	-0.67	-0.01	-0.01	-0.27	-0.67	0.0	0.0	54.34					0.02	0.02	0.57	0.01	0.01	0.28	0.57	0.01	0.01	90.12					0.020000000000000018	0.020000000000000018	2.5799999999999983	0.010810810810810811	0.010869672236903879	1.4098360655737712	2.5799999999999983	0.0027779026371078574	0.002751965225557207	46.65390293697612				
2022-11-11 08:00:00	15000	1.92	1.85	1.85	1.92	1.78	CFV.MI	1.63	1.69	1.63	1.69	2.63	1.62	-1.0	-1.0	-1.0	-1	-1.0	-1.0	1.0	-1.0	1.0	-1.0									-1.0			3.97	1.69									-1.0			4.63	-0.09	-0.09	1.0	-0.05	-0.05	0.34	2.04	1.0	-0.0	-0.0	-4.15					1	-0.09	-0.09	-1.07	-0.05	-0.05	-0.21	-1.07	0.0	0.0	58.95					0.09	0.09	-0.58	0.05	0.05	-0.23	-0.58	0.0	0.0	56.49					-0.09	-0.09	0.48	-0.05	-0.05	0.22	0.48	0.0	0.0	78.19					-0.08999999999999986	-0.08999999999999986	2.4899999999999984	-0.04918032786885229	-0.04800921918636045	1.2968750000000009	2.4899999999999984	0.0024651442895090984	0.0024371183925613327	38.97624497186394				
2022-11-14 08:00:00	1000	1.9	1.9	1.9	1.9	1.76	CFV.MI	1.67	1.67	1.67	1.67	2.63	1.62	-1.0	-1.0	-1.0	-1	-1.0	-1.0	1.0	-1.0	1.0	-1.0	1.9								-1.0			3.97										-1.0			4.63	0.02	0.02	1.02	0.01	0.01	0.35	2.0	1.02	0.0	0.0	3.51					1	0.02	0.02	-1.05	0.01	0.01	-0.21	-1.05	0.0	0.0	74.36					-0.02	-0.02	-0.6	-0.01	-0.01	-0.24	-0.6	0.0	0.0	49.79					0.02	0.02	0.5	0.01	0.01	0.24	0.5	0.0	0.0	76.51					0.020000000000000018	0.020000000000000018	2.5099999999999985	0.01041666666666663	0.010471299867295366	1.3210526315789481	2.5099999999999985	0.0028822683947192155	0.002856330038407684	48.408703878275354				
2022-11-15 08:00:00	0	1.9	1.9	1.9	1.9	1.76	CFV.MI	1.66	1.66	1.66	1.66	2.63	1.62	-1.0	-1.0	-1.0	-1	-1.0	-1.0	1.0	-1.0	1.0	-1.0									-1.0			3.97										-1.0			4.63	-0.0	-0.0	1.02	-0.0	-0.0	0.35	1.98	1.02	0.0	0.0	22.25					1	-0.0	-0.0	-1.05	-0.0	-0.0	-0.21	-1.05	0.0	0.0	74.36					0.0	0.0	-0.6	0.0	0.0	-0.24	-0.6	0.0	0.0	38.13					-0.0	-0.0	0.5	-0.0	-0.0	0.24	0.5	0.0	0.0	68.09					-0.0	-0.0	2.5099999999999985	-0.0	-0.0	1.3210526315789481	2.5099999999999985	0.0036044660832435134	0.0035846814887126044	79.72090551021078				
2022-11-16 08:00:00	2000	1.88	1.88	1.88	1.88	1.74	CFV.MI	1.65	1.65	1.65	1.65	2.48	1.62	-1.0	-1.0	-1.0	-1	-1.0	-1.0	1.0	-1.0	1.0	-1.0									-1.0			3.97		1.65								-1.0			4.63	0.02	0.02	1.04	0.01	0.01	0.37	1.98	1.04	0.0	0.0	19.13					1	0.02	0.02	-1.03	0.01	0.01	-0.2	-1.03	0.0	0.0	87.71					-0.02	-0.02	-0.62	-0.01	-0.01	-0.25	-0.62	0.0	0.0	42.12					0.02	0.02	0.52	0.01	0.01	0.25	0.52	0.0	0.0	79.15					0.020000000000000018	0.020000000000000018	2.5299999999999985	0.010526315789473717	0.010582109330536972	1.3457446808510647	2.5299999999999985	0.00340567506582066	0.0033867173271471263	78.20499808860464				
2022-11-17 08:00:00	1000	1.88	1.88	1.88	1.88	1.74	CFV.MI	1.67	1.67	1.67	1.67	2.48	1.62	-1.0	-1.0	-1.0	-1	-1.0	-1.0	1.0	-1.0	1.0	-1.0									-1.0			3.97	1.67									-1.0			4.63	-0.0	-0.0	1.04	-0.0	-0.0	0.37	1.98	1.04	0.0	0.0	22.7					1	-0.0	-0.0	-1.03	-0.0	-0.0	-0.2	-1.03	0.0	0.0	92.33					0.0	0.0	-0.62	0.0	0.0	-0.25	-0.62	0.0	0.0	45.79					-0.0	-0.0	0.52	-0.0	-0.0	0.25	0.52	0.0	0.0	83.13					-0.0	-0.0	2.5299999999999985	-0.0	-0.0	1.3457446808510647	2.5299999999999985	0.0033748025310957044	0.0033559716301743148	77.95911115918798				
2022-11-18 08:00:00	0	1.88	1.88	1.88	1.88	1.74	CFV.MI	1.64	1.64	1.64	1.64	2.48	1.62	-1.0	-1.0	-1.0	-1	-1.0	-1.0	1.0	-1.0	1.0	-1.0		1.88							-1.0			3.97		1.64								-1.0			4.63	-0.0	-0.0	1.04	-0.0	-0.0	0.37	1.98	1.04	0.0	0.0	32.51					1	-0.0	-0.0	-1.03	-0.0	-0.0	-0.2	-1.03	0.0	0.0	112.04					0.0	0.0	-0.62	0.0	0.0	-0.25	-0.62	0.0	0.0	57.92					-0.0	-0.0	0.52	-0.0	-0.0	0.25	0.52	0.0	0.0	99.19					-0.0	-0.0	2.5299999999999985	-0.0	-0.0	1.3457446808510647	2.5299999999999985	0.0029931384290057435	0.002975840599493962	74.6572532927526				
2022-11-21 08:00:00	0	1.88	1.88	1.88	1.88	1.74	CFV.MI	1.66	1.66	1.66	1.66	2.48	1.62	-1.0	-1.0	-1.0	-1	-1.0	-1.0	1.0	-1.0	1.0	-1.0									-1.0			3.97	1.66									-1.0			4.63	-0.0	-0.0	1.04	-0.0	-0.0	0.37	1.98	1.04	0.0	0.0	29.88					1	-0.0	-0.0	-1.03	-0.0	-0.0	-0.2	-1.03	0.0	0.0	110.4					0.0	0.0	-0.62	0.0	0.0	-0.25	-0.62	0.0	0.0	56.06					-0.0	-0.0	0.52	-0.0	-0.0	0.25	0.52	0.0	0.0	97.97					-0.0	-0.0	2.5299999999999985	-0.0	-0.0	1.3457446808510647	2.5299999999999985	0.003190560176670838	0.0031741990182869717	82.94169990228025				
2022-11-22 08:00:00	0	1.88	1.88	1.88	1.88	1.74	CFV.MI	1.65	1.65	1.65	1.65	2.48	1.62	-1.0	-1.0	-1.0	-1	-1.0	-1.0	1.0	-1.0	1.0	-1.0									-1.0			3.97		1.65								-1.0			4.63	-0.0	-0.0	1.04	-0.0	-0.0	0.37	1.98	1.04	0.0	0.0	28.78					1	-0.0	-0.0	-1.03	-0.0	-0.0	-0.2	-1.03	0.0	0.0	109.71					0.0	0.0	-0.62	0.0	0.0	-0.25	-0.62	0.0	0.0	55.29					-0.0	-0.0	0.52	-0.0	-0.0	0.25	0.52	0.0	0.0	97.47					-0.0	-0.0	2.5299999999999985	-0.0	-0.0	1.3457446808510647	2.5299999999999985	0.003342107374095105	0.00332630185338445	88.34935340950594				
2022-11-23 08:00:00	7000	1.98	1.9	1.9	1.98	1.83	CFV.MI	1.67	1.74	1.67	1.74	2.48	1.62	-1.0	-1.0	-1.0	0	-1.0	-1.0	1.0	-1.0	1.0	-1.0									-1.0			3.97										-1.0			4.63	-0.1	-0.1	0.94	-0.05	-0.05	0.3	1.98	0.94	0.0	0.0	25.75					1	-0.1	-0.1	-1.13	-0.05	-0.05	-0.24	-1.13	0.0	0.0	102.25					0.1	0.1	-0.52	0.05	0.05	-0.21	-0.52	0.0	0.0	67.8					-0.1	-0.1	0.42	-0.05	-0.05	0.19	0.42	0.0	0.0	91.53					-0.10000000000000009	-0.10000000000000009	2.4299999999999984	-0.05319148936170226	-0.051825067864586155	1.2272727272727275	2.4299999999999984	0.0028673734215723147	0.002850618554609996	72.12519633736208				
2022-11-24 08:00:00	19000	2.08	2.0	2.0	2.05	1.9	CFV.MI	1.74	1.81	1.74	1.79	2.48	1.62	-1.0	-1.0	-1.0	0	-1.0	-1.0	1.0	-1.0	1.0	-1.0									-1.0			3.97										-1.0			4.63	-0.07	-0.07	0.87	-0.04	-0.03	0.26	2.08	0.87	0.0	0.0	14.17					1	0.0	0.0	-1.13	0.0	0.0	-0.24	-1.13	0.0	0.0	99.68					0.07	0.07	-0.45	0.04	0.03	-0.18	-0.45	0.0	0.0	67.96					-0.07	-0.07	0.35	-0.04	-0.03	0.14	0.35	0.0	0.0	78.7					-0.06999999999999984	-0.06999999999999984	2.3599999999999985	-0.03535353535353525	-0.03474294844387284	1.1512195121951225	2.3599999999999985	0.002860600941674161	0.002843785904596885	71.68390703565989				
2022-11-25 08:00:00	0	2.05	2.05	2.05	2.05	1.9	CFV.MI	1.79	1.79	1.79	1.79	2.48	1.62	-1.0	-1.0	-1.0	0	-1.0	-1.0	1.0	-1.0	1.0	-1.0	2.05								-1.0			3.97	1.79									-1.0			4.63	-0.0	-0.0	0.87	-0.0	-0.0	0.26	2.08	0.87	0.0	0.0	18.52					1	0.0	0.0	-1.13	0.0	0.0	-0.24	-1.13	0.0	0.0	106.27					0.0	0.0	-0.45	0.0	0.0	-0.18	-0.45	0.0	0.0	73.05					-0.0	-0.0	0.35	-0.0	-0.0	0.14	0.35	0.0	0.0	83.84					-0.0	-0.0	2.3599999999999985	-0.0	-0.0	1.1512195121951225	2.3599999999999985	0.002796380307741872	0.002779807602554474	71.05397483391585				
2022-11-28 08:00:00	9000	2.0	1.91	2.0	1.96	1.82	CFV.MI	1.76	1.76	1.69	1.73	2.48	1.62	-1.0	-1.0	-1.0	0	-1.0	-1.0	1.0	-1.0	1.0	-1.0		1.91	2.0						-1.0			3.97		1.69								-1.0			4.63	0.09	0.09	0.96	0.04	0.04	0.31	2.08	0.96	0.0	0.0	30.74					1	-0.0	-0.0	-1.13	-0.0	-0.0	-0.24	-1.13	0.0	0.0	119.51					-0.09	-0.09	-0.54	-0.04	-0.04	-0.21	-0.54	0.0	0.0	69.6					0.09	0.09	0.44	0.04	0.04	0.2	0.44	0.0	0.0	95.99					0.08999999999999986	0.08999999999999986	2.4499999999999984	0.04390243902439017	0.04489531990789088	1.2500000000000004	2.4499999999999984	0.002914373006646356	0.0028973537191083754	72.1981456693039				
2022-11-29 08:00:00	8000	2.02	1.94	1.94	2.02	1.87	CFV.MI	1.71	1.78	1.71	1.78	2.48	1.62	-1.0	-1.0	-1.0	0	-1.0	-1.0	1.0	-1.0	1.0	-1.0									-1.0			3.97	1.78									-1.0			4.63	-0.06	-0.06	0.9	-0.03	-0.03	0.27	2.08	0.9	0.0	0.0	27.66					1	0.0	0.0	-1.13	0.0	0.0	-0.24	-1.13	0.0	0.0	125.19					0.06	0.06	-0.48	0.03	0.03	-0.19	-0.48	0.0	0.0	75.63					-0.06	-0.06	0.38	-0.03	-0.03	0.16	0.38	0.0	0.0	90.09					-0.06000000000000005	-0.06000000000000005	2.3899999999999983	-0.030612244897959107	-0.030153038170687457	1.1831683168316838	2.3899999999999983	0.00266083664751197	0.0026427997610170006	63.20677716860939				
2022-11-30 08:00:00	2000	1.99	1.99	1.99	1.99	1.84	CFV.MI	1.74	1.74	1.74	1.74	2.48	1.62	-1.0	-1.0	-1.0	0	-1.0	-1.0	1.0	-1.0	1.0	-1.0									-1.0			3.97		1.74								-1.0			4.63	0.03	0.03	0.93	0.01	0.01	0.29	2.08	0.93	0.0	0.0	28.79					1	-0.0	-0.0	-1.13	-0.0	-0.0	-0.24	-1.13	0.0	0.0	124.83					-0.03	-0.03	-0.51	-0.01	-0.01	-0.2	-0.51	0.0	0.0	69.27					0.03	0.03	0.41	0.01	0.01	0.18	0.41	0.0	0.0	90.61					0.030000000000000027	0.030000000000000027	2.419999999999998	0.014851485148514865	0.014962872676712377	1.2160804020100509	2.419999999999998	0.00290965158983689	0.0028916647476509016	68.11805972260157				
2022-12-01 08:00:00	0	1.99	1.99	1.99	1.99	1.84	CFV.MI	1.74	1.74	1.74	1.74	2.48	1.62	-1.0	-1.0	-1.0	0	-1.0	-1.0	1.0	-1.0	1.0	-1.0									-1.0			3.97										-1.0			4.63	-0.0	-0.0	0.93	-0.0	-0.0	0.29	2.08	0.93	0.0	0.0	32.49					1	0.0	0.0	-1.13	0.0	0.0	-0.24	-1.13	0.0	0.0	130.61					0.0	0.0	-0.51	0.0	0.0	-0.2	-0.51	0.0	0.0	73.28					-0.0	-0.0	0.41	-0.0	-0.0	0.18	0.41	0.0	0.0	94.79					-0.0	-0.0	2.419999999999998	-0.0	-0.0	1.2160804020100509	2.419999999999998	0.0028763973705267054	0.0028585405355434634	67.81085728796828				
2022-12-02 08:00:00	3000	2.05	2.0	2.05	2.0	1.85	CFV.MI	1.8	1.8	1.75	1.75	2.48	1.62	-1.0	-1.0	-1.0	0	-1.0	-1.0	1.0	-1.0	1.0	-1.0	2.05								-1.0			3.97	1.8		1.8							-1.0			4.63	-0.01	-0.01	0.92	-0.01	-0.01	0.29	2.08	0.92	0.0	0.0	34.85					1	0.0	0.0	-1.13	0.0	0.0	-0.24	-1.13	0.0	0.0	144.46					0.01	0.01	-0.5	0.01	0.01	-0.2	-0.5	0.0	0.0	81.71					-0.01	-0.01	0.4	-0.01	-0.01	0.17	0.4	0.0	0.0	99.31					-0.010000000000000009	-0.010000000000000009	2.4099999999999984	-0.005025125628140614	-0.0050125418235441935	1.205000000000001	2.4099999999999984	0.0025642161929501093	0.002546554776675647	62.177694622803436				
2022-12-05 08:00:00	1000	1.99	1.99	1.99	1.99	1.84	CFV.MI	1.75	1.75	1.75	1.75	2.48	1.62	-1.0	-1.0	-1.0	0	-1.0	-1.0	1.0	-1.0	1.0	-1.0									-1.0			3.97										-1.0			4.63	0.01	0.01	0.93	0.01	0.01	0.29	2.08	0.93	0.0	0.0	33.83					1	-0.0	-0.0	-1.13	-0.0	-0.0	-0.24	-1.13	0.0	0.0	143.42					-0.01	-0.01	-0.51	-0.01	-0.01	-0.2	-0.51	0.0	0.0	76.59					0.01	0.01	0.41	0.01	0.01	0.18	0.41	0.0	0.0	98.85					0.010000000000000009	0.010000000000000009	2.419999999999998	0.0050000000000000044	0.005012541823544286	1.2160804020100513	2.419999999999998	0.002771348978456189	0.0027542665563891067	68.26397272353753				
2022-12-06 08:00:00	1000	1.95	1.95	1.95	1.95	1.8	CFV.MI	1.73	1.73	1.73	1.73	2.48	1.62	-1.0	-1.0	-1.0	0	-1.0	-1.0	1.0	-1.0	1.0	-1.0									-1.0			3.97										-1.0			4.63	0.04	0.04	0.97	0.02	0.02	0.32	2.08	0.97	0.0	0.0	35.47					1	-0.0	-0.0	-1.13	-0.0	-0.0	-0.24	-1.13	0.0	0.0	143.07					-0.04	-0.04	-0.55	-0.02	-0.02	-0.22	-0.55	0.0	0.0	69.03					0.04	0.04	0.45	0.02	0.02	0.2	0.45	0.0	0.0	99.6					0.040000000000000036	0.040000000000000036	2.459999999999998	0.02010050251256279	0.02030526616074557	1.2615384615384624	2.459999999999998	0.0030569344029402153	0.0030397768137091496	73.62371652806897				
2022-12-07 08:00:00	1000	1.93	1.93	1.93	1.93	1.79	CFV.MI	1.72	1.72	1.72	1.72	2.48	1.62	-1.0	-1.0	-1.0	0	-1.0	-1.0	1.0	-1.0	1.0	-1.0		1.93							-1.0			3.97		1.72								-1.0			4.63	0.02	0.02	0.99	0.01	0.01	0.33	2.08	0.99	0.0	0.0	35.06					1	-0.0	-0.0	-1.13	-0.0	-0.0	-0.24	-1.13	0.0	0.0	141.98					-0.02	-0.02	-0.57	-0.01	-0.01	-0.23	-0.57	0.0	0.0	62.99					0.02	0.02	0.47	0.01	0.01	0.22	0.47	0.0	0.0	99.41					0.020000000000000018	0.020000000000000018	2.479999999999998	0.01025641025641022	0.010309369658861213	1.2849740932642493	2.479999999999998	0.003300127572632509	0.0032834321670667244	80.16479232301387				
2022-12-08 08:00:00	0	1.93	1.93	1.93	1.93	1.79	CFV.MI	1.72	1.72	1.72	1.72	2.48	1.62	-1.0	-1.0	-1.0	0	-1.0	-1.0	1.0	-1.0	1.0	-1.0									-1.0			3.97										-1.0			4.63	-0.0	-0.0	0.99	-0.0	-0.0	0.33	2.08	0.99	0.0	0.0	40.1					1	0.0	0.0	-1.13	0.0	0.0	-0.24	-1.13	0.0	0.0	152.67					0.0	0.0	-0.57	0.0	0.0	-0.23	-0.57	0.0	0.0	68.85					-0.0	-0.0	0.47	-0.0	-0.0	0.22	0.47	0.0	0.0	106.22					-0.0	-0.0	2.479999999999998	-0.0	-0.0	1.2849740932642493	2.479999999999998	0.0031975130091406578	0.0031811844279654444	79.30963017578733				
2022-12-09 08:00:00	3000	1.96	1.94	1.96	1.94	1.8	CFV.MI	1.74	1.74	1.72	1.72	2.48	1.62	-1.0	-1.0	-1.0	0	-1.0	-1.0	1.0	-1.0	1.0	-1.0	1.96								-1.0			3.97	1.74									-1.0			4.63	-0.01	-0.01	0.98	-0.01	-0.01	0.33	2.08	0.98	0.0	0.0	34.7					1	0.0	0.0	-1.13	0.0	0.0	-0.24	-1.13	0.0	0.0	151.57					0.01	0.01	-0.56	0.01	0.01	-0.22	-0.56	0.0	0.0	68.22					-0.01	-0.01	0.46	-0.01	-0.01	0.21	0.46	0.0	0.0	100.98					-0.010000000000000009	-0.010000000000000009	2.469999999999998	-0.005181347150259086	-0.005167970158442598	1.2731958762886606	2.469999999999998	0.003222948356277183	0.003206852932267079	81.17700202260883				
2022-12-12 08:00:00	7000	1.92	1.91	1.92	1.92	1.78	CFV.MI	1.7	1.7	1.69	1.7	2.48	1.62	-1.0	-1.0	-1.0	0	-1.0	-1.0	1.0	-1.0	1.0	-1.0									-1.0			3.97										-1.0			4.63	0.02	0.02	1.0	0.01	0.01	0.34	2.08	1.0	0.0	0.0	34.81					1	-0.0	-0.0	-1.13	-0.0	-0.0	-0.24	-1.13	0.0	0.0	150.82					-0.02	-0.02	-0.58	-0.01	-0.01	-0.23	-0.58	0.0	0.0	62.37					0.02	0.02	0.48	0.01	0.01	0.22	0.48	0.0	0.0	101.03					0.020000000000000018	0.020000000000000018	2.489999999999998	0.010309278350515427	0.010362787035546547	1.2968750000000004	2.489999999999998	0.0034502811723191363	0.0034345216525355493	86.98152010512187				
2022-12-13 08:00:00	0	1.92	1.92	1.92	1.92	1.78	CFV.MI	1.68	1.68	1.68	1.68	2.48	1.62	-1.0	-1.0	-1.0	0	-1.0	-1.0	1.0	-1.0	1.0	-1.0									-1.0			3.97		1.68								-1.0			4.63	-0.0	-0.0	1.0	-0.0	-0.0	0.34	2.08	1.0	0.0	0.0	38.66					1	0.0	0.0	-1.13	0.0	0.0	-0.24	-1.13	0.0	0.0	157.48					0.0	0.0	-0.58	0.0	0.0	-0.23	-0.58	0.0	0.0	62.02					-0.0	-0.0	0.48	-0.0	-0.0	0.22	0.48	0.0	0.0	105.47					-0.0	-0.0	2.489999999999998	-0.0	-0.0	1.2968750000000004	2.489999999999998	0.0034160890723384228	0.0034004457960645773	86.7112478690627				
2022-12-14 08:00:00	1000	1.91	1.91	1.91	1.91	1.77	CFV.MI	1.68	1.68	1.68	1.68	2.48	1.62	-1.0	-1.0	-1.0	0	-1.0	-1.0	1.0	-1.0	1.0	-1.0									-1.0			3.97										-1.0			4.63	0.01	0.01	1.01	0.01	0.01	0.35	2.08	1.01	0.0	0.0	34.0					1	-0.0	-0.0	-1.13	-0.0	-0.0	-0.24	-1.13	0.0	0.0	153.53					-0.01	-0.01	-0.59	-0.01	-0.01	-0.23	-0.59	0.0	0.0	70.18					0.01	0.01	0.49	0.01	0.01	0.23	0.49	0.0	0.0	103.42					0.010000000000000009	0.010000000000000009	2.4999999999999982	0.00520833333333337	0.0052219439811517126	1.3089005235602098	2.4999999999999982	0.0036999795242259755	0.0036856826775124585	101.24077228509924				
2022-12-15 08:00:00	0	1.91	1.91	1.91	1.91	1.77	CFV.MI	1.74	1.74	1.74	1.74	2.46	1.62	-1.0	-1.0	-1.0	0	-1.0	-1.0	1.0	-1.0	1.0	-1.0									-1.0			3.97	1.74									-1.0			4.63	-0.0	-0.0	1.01	-0.0	-0.0	0.35	2.08	1.01	0.0	0.0	18.08					1	0.0	0.0	-1.13	0.0	0.0	-0.24	-1.13	0.0	0.0	141.09					0.0	0.0	-0.59	0.0	0.0	-0.23	-0.59	0.0	0.0	100.83					-0.0	-0.0	0.49	-0.0	-0.0	0.23	0.49	0.0	0.0	96.98					-0.0	-0.0	2.4999999999999982	-0.0	-0.0	1.3089005235602098	2.4999999999999982	0.004077416262443893	0.004065728752299824	138.10131348156636				
2022-12-16 08:00:00	2000	1.9	1.9	1.9	1.9	1.77	CFV.MI	1.73	1.73	1.73	1.73	2.27	1.62	-1.0	-1.0	-1.0	0	-1.0	-1.0	1.0	-1.0	1.0	-1.0									-1.0			3.97										-1.0			4.63	0.01	0.01	1.02	0.01	0.01	0.35	2.08	1.02	0.0	0.0	30.21					1	-0.0	-0.0	-1.13	-0.0	-0.0	-0.24	-1.13	0.0	0.0	174.24					-0.01	-0.01	-0.6	-0.01	-0.01	-0.24	-0.6	0.0	0.0	91.38					0.01	0.01	0.5	0.01	0.01	0.24	0.5	0.0	0.0	115.48					0.010000000000000009	0.010000000000000009	2.509999999999998	0.005235602094240788	0.005249355886143678	1.3210526315789477	2.509999999999998	0.0037432652629613345	0.0037324897292221326	135.57710712499312				
2022-12-19 08:00:00	7000	1.9	1.88	1.9	1.88	1.74	CFV.MI	1.73	1.73	1.71	1.71	2.27	1.62	-1.0	-1.0	-1.0	-1	-1.0	-1.0	1.0	-1.0	1.0	-1.0									-1.0			3.97										-1.0			4.63	0.02	0.02	1.04	0.01	0.01	0.37	2.08	1.04	0.0	0.0	31.36					1	-0.0	-0.0	-1.13	-0.0	-0.0	-0.24	-1.13	0.0	0.0	173.61					-0.02	-0.02	-0.62	-0.01	-0.01	-0.25	-0.62	0.0	0.0	89.41					0.02	0.02	0.52	0.01	0.01	0.25	0.52	0.0	0.0	115.92					0.020000000000000018	0.020000000000000018	2.529999999999998	0.010526315789473717	0.010582109330536972	1.3457446808510642	2.529999999999998	0.003941098714110617	0.003930492370070482	141.83027325769947				
2022-12-20 08:00:00	0	1.88	1.88	1.88	1.88	1.74	CFV.MI	1.71	1.71	1.71	1.71	2.27	1.62	-1.0	-1.0	-1.0	-1	-1.0	-1.0	1.0	-1.0	-1.0	1.0									-1.0			3.97										-1.0			4.63	-0.0	-0.0	1.04	-0.0	-0.0	0.37	2.08	1.04	0.0	0.0	31.36					1	-0.0	-0.0	-1.13	-0.0	-0.0	-0.24	-1.13	0.0	0.0	173.61					0.0	0.0	-0.62	0.0	0.0	-0.25	-0.62	0.0	0.0	89.41					-0.0	-0.0	0.52	-0.0	-0.0	0.25	0.52	0.0	0.0	115.92					-0.0	-0.0	2.529999999999998	-0.0	-0.0	1.3457446808510642	2.529999999999998	0.003941098714110617	0.003930492370070482	141.83027325769947				
2022-12-21 08:00:00	3000	1.86	1.85	1.86	1.86	1.72	CFV.MI	1.66	1.66	1.65	1.66	2.27	1.62	-1.0	-1.0	-1.0	-1	-1.0	-1.0	1.0	-1.0	-1.0	1.0									-1.0			3.97		1.65								-1.0			4.63	0.02	0.02	1.06	0.01	0.01	0.38	2.08	1.06	0.0	0.0	41.35					1	0.02	0.02	-1.11	0.01	0.01	-0.23	-1.11	0.0	0.0	198.68					-0.02	-0.02	-0.64	-0.01	-0.01	-0.25	-0.64	0.0	0.0	80.03					-0.02	-0.02	0.5	-0.01	-0.01	0.24	0.5	0.0	0.0	106.93					0.019999999999999796	0.019999999999999796	2.549999999999998	0.010638297872340274	0.010695289116747806	1.370967741935484	2.549999999999998	0.003826663941019547	0.003816351040387911	140.96266822353527				
2022-12-22 08:00:00	0	1.86	1.86	1.86	1.86	1.72	CFV.MI	1.68	1.68	1.68	1.68	2.27	1.62	-1.0	-1.0	-1.0	-1	-1.0	-1.0	1.0	-1.0	-1.0	1.0									-1.0			3.97	1.68									-1.0			4.63	-0.0	-0.0	1.06	-0.0	-0.0	0.38	2.05	1.06	0.0	0.0	41.35					1	-0.0	-0.0	-1.11	-0.0	-0.0	-0.23	-1.11	0.0	0.0	198.68					0.0	0.0	-0.64	0.0	0.0	-0.25	-0.64	0.0	0.0	80.03					0.0	0.0	0.5	0.0	0.0	0.24	0.5	0.0	0.0	106.93					-0.0	-0.0	2.549999999999998	-0.0	-0.0	1.370967741935484	2.549999999999998	0.003826663941019547	0.003816351040387911	140.96266822353527				
2022-12-23 08:00:00	4000	1.84	1.84	1.84	1.84	1.7	CFV.MI	1.66	1.66	1.66	1.66	2.27	1.62	-1.0	-1.0	-1.0	-1	-1.0	-1.0	1.0	-1.0	-1.0	1.0									-1.0			3.97										-1.0			4.63	0.02	0.02	1.08	0.01	0.01	0.4	2.05	1.08	0.0	0.0	50.92					1	0.02	0.02	-1.09	0.01	0.01	-0.22	-1.09	0.0	0.0	223.69					-0.02	-0.02	-0.66	-0.01	-0.01	-0.26	-0.66	0.0	0.0	70.89					-0.02	-0.02	0.48	-0.01	-0.01	0.22	0.48	0.0	0.0	98.13					0.020000000000000018	0.020000000000000018	2.569999999999998	0.010752688172043001	0.010810916104215617	1.3967391304347827	2.569999999999998	0.003741787212348896	0.003731689312507447	140.29223488292465				
2022-12-27 08:00:00	7000	1.83	1.8	1.83	1.81	1.68	CFV.MI	1.65	1.65	1.63	1.64	2.27	1.62	-1.0	-1.0	-1.0	-1	-1.0	-1.0	1.0	-1.0	-1.0	1.0									-1.0			3.97										-1.0			4.63	0.03	0.03	1.11	0.02	0.02	0.42	2.05	1.11	0.0	0.0	53.3					1	0.03	0.03	-1.06	0.02	0.02	-0.21	-1.06	0.0	0.0	225.6					-0.03	-0.03	-0.69	-0.02	-0.02	-0.27	-0.69	0.0	0.0	62.81					-0.03	-0.03	0.45	-0.02	-0.02	0.2	0.45	0.0	0.0	89.81					0.030000000000000027	0.030000000000000027	2.599999999999998	0.016304347826086918	0.016438726343159835	1.43646408839779	2.599999999999998	0.00386672153255691	0.003856306379047325	141.2709922410075				
2022-12-28 08:00:00	1000	1.78	1.78	1.78	1.78	1.65	CFV.MI	1.62	1.62	1.62	1.62	2.27	1.62	-1.0	-1.0	-1.0	-1	-1.0	-1.0	1.0	-1.0	-1.0	1.0		1.78		1.78		1.78			-1.0			1.78										-1.0			4.63	0.03	0.03	1.14	0.02	0.02	0.45	2.05	1.14	0.0	0.0	63.73					1	0.03	0.03	-1.03	0.02	0.02	-0.2	-1.03	0.0	0.0	254.46					-0.03	-0.03	-0.72	-0.02	-0.02	-0.29	-0.72	0.0	0.0	52.33					-0.03	-0.03	0.42	-0.02	-0.02	0.18	0.42	0.0	0.0	79.6					0.030000000000000027	0.030000000000000027	2.629999999999998	0.016574585635359185	0.016713480973740667	1.4775280898876404	2.629999999999998	0.003822950283481695	0.0038126468370676125	140.93382585862315				
2022-12-29 08:00:00	3000	1.78	1.78	1.78	1.78	1.65	CFV.MI	1.6	1.6	1.6	1.6	2.27	1.6	-1.0	-1.0	-1.0	-1	-1.0	-1.0	1.0	-1.0	-1.0	1.0									-1.0			1.78		1.6								-1.0			4.63	-0.0	-0.0	1.14	-0.0	-0.0	0.45	2.05	1.14	0.0	0.0	63.73					1	-0.0	-0.0	-1.03	-0.0	-0.0	-0.2	-1.03	0.0	0.0	254.46					0.0	0.0	-0.72	0.0	0.0	-0.29	-0.72	0.0	0.0	52.33					0.0	0.0	0.42	0.0	0.0	0.18	0.42	0.0	0.0	79.6					-0.0	-0.0	2.629999999999998	-0.0	-0.0	1.4775280898876404	2.629999999999998	0.003822950283481695	0.0038126468370676125	140.93382585862315				
2022-12-30 08:00:00	1000	1.83	1.83	1.83	1.83	1.69	CFV.MI	1.66	1.66	1.66	1.66	2.27	1.6	-1.0	-1.0	-1.0	-1	-1.0	-1.0	1.0	-1.0	-1.0	1.0									-1.0			1.78	1.66									-1.0			4.63	-0.05	-0.05	1.09	-0.03	-0.03	0.41	2.05	1.09	0.0	0.0	50.88					1	-0.05	-0.05	-1.08	-0.03	-0.03	-0.22	-1.08	0.0	0.0	219.95					0.05	0.05	-0.67	0.03	0.03	-0.27	-0.67	0.0	0.0	66.0					0.05	0.05	0.47	0.03	0.03	0.22	0.47	0.0	0.0	93.05					-0.050000000000000044	-0.050000000000000044	2.5799999999999983	-0.028089887640449396	-0.02770260254933575	1.4098360655737707	2.5799999999999983	0.0038210419243711073	0.003810723009114003	140.60076717392502				
2023-01-02 08:00:00	3000	1.83	1.82	1.82	1.83	1.69	CFV.MI	1.62	1.63	1.62	1.63	2.27	1.6	-1.0	-1.0	-1.0	-1	-1.0	-1.0	1.0	-1.0	-1.0	1.0									-1.0			1.78										-1.0			4.63	-0.0	-0.0	1.09	-0.0	-0.0	0.41	1.99	1.09	0.0	0.0	50.88					1	-0.0	-0.0	-1.08	-0.0	-0.0	-0.22	-1.08	0.0	0.0	219.95					0.0	0.0	-0.67	0.0	0.0	-0.27	-0.67	0.0	0.0	66.0					0.0	0.0	0.47	0.0	0.0	0.22	0.47	0.0	0.0	93.05					-0.0	-0.0	2.5799999999999983	-0.0	-0.0	1.4098360655737707	2.5799999999999983	0.0038210419243711073	0.003810723009114003	140.60076717392502				
2023-01-03 08:00:00	7000	1.86	1.83	1.84	1.83	1.7	CFV.MI	1.62	1.64	1.62	1.62	2.27	1.6	-1.0	-1.0	-1.0	-1	-1.0	-1.0	1.0	-1.0	-1.0	1.0									-1.0			1.78		1.62								-1.0			4.63	-0.0	-0.0	1.09	-0.0	-0.0	0.41	1.96	1.09	0.0	0.0	50.88					1	-0.0	-0.0	-1.08	-0.0	-0.0	-0.22	-1.08	0.0	0.0	219.95					0.0	0.0	-0.67	0.0	0.0	-0.27	-0.67	0.0	0.0	66.0					0.0	0.0	0.47	0.0	0.0	0.22	0.47	0.0	0.0	93.05					-0.0	-0.0	2.5799999999999983	-0.0	-0.0	1.4098360655737707	2.5799999999999983	0.0038210419243711073	0.003810723009114003	140.60076717392502				
2023-01-04 08:00:00	3000	1.89	1.87	1.87	1.89	1.76	CFV.MI	1.62	1.64	1.62	1.64	2.27	1.6	-1.0	-1.0	-1.0	-1	-1.0	-1.0	1.0	-1.0	-1.0	1.0									-1.0			1.78										-1.0			4.63	-0.06	-0.06	1.03	-0.03	-0.03	0.36	1.96	1.03	0.0	0.0	35.71					1	-0.06	-0.06	-1.14	-0.03	-0.03	-0.24	-1.14	0.0	0.0	185.02					0.06	0.06	-0.61	0.03	0.03	-0.24	-0.61	0.0	0.0	83.01					0.06	0.06	0.53	0.03	0.03	0.26	0.53	0.0	0.0	109.89					-0.05999999999999983	-0.05999999999999983	2.5199999999999987	-0.032786885245901454	-0.03226086221822126	1.333333333333334	2.5199999999999987	0.003827102533652374	0.003816832704351736	141.66282005232426				
2023-01-05 08:00:00	2000	1.9	1.9	1.9	1.9	1.76	CFV.MI	1.65	1.65	1.65	1.65	2.27	1.6	-1.0	-1.0	-1.0	-1	-1.0	-1.0	1.0	-1.0	-1.0	1.0	1.9								-1.0			1.78	1.65									-1.0			4.63	-0.01	-0.01	1.02	-0.01	-0.01	0.35	1.96	1.02	0.0	0.0	37.71					1	-0.01	-0.01	-1.15	-0.01	-0.01	-0.25	-1.15	0.0	0.0	193.51					0.01	0.01	-0.6	0.01	0.01	-0.24	-0.6	0.0	0.0	81.83					0.01	0.01	0.54	0.01	0.01	0.26	0.54	0.0	0.0	108.96					-0.010000000000000009	-0.010000000000000009	2.509999999999999	-0.005291005291005346	-0.005277057100843819	1.3210526315789477	2.509999999999999	0.0035784720337121573	0.0035681510647525005	134.46799112626178				
2023-01-06 08:00:00	1000	1.85	1.85	1.85	1.85	1.71	CFV.MI	1.58	1.58	1.58	1.58	2.27	1.58	-1.0	-1.0	-1.0	-1	-1.0	-1.0	1.0	-1.0	-1.0	1.0		1.85							-1.0			1.78		1.58		1.58						-1.0			4.63	0.05	0.05	1.07	0.03	0.03	0.39	1.96	1.07	0.0	0.0	50.8					1	0.05	0.05	-1.1	0.03	0.03	-0.23	-1.1	0.0	0.0	224.26					-0.05	-0.05	-0.65	-0.03	-0.03	-0.26	-0.65	0.0	0.0	67.47					-0.05	-0.05	0.49	-0.03	-0.03	0.23	0.49	0.0	0.0	94.77					0.04999999999999982	0.04999999999999982	2.5599999999999987	0.02631578947368407	0.02666824708216118	1.3837837837837839	2.5599999999999987	0.003580234458817201	0.0035699088765752673	134.48326003069576				
2023-01-09 08:00:00	9000	1.93	1.89	1.89	1.92	1.78	CFV.MI	1.61	1.64	1.61	1.63	2.27	1.58	-1.0	-1.0	-1.0	0	-1.0	-1.0	1.0	-1.0	-1.0	1.0									-1.0			1.78										-1.0			4.63	-0.07	-0.07	1.0	-0.04	-0.04	0.34	1.93	1.0	0.0	0.0	40.4					1	-0.07	-0.07	-1.17	-0.04	-0.04	-0.25	-1.17	0.0	0.0	189.6					0.07	0.07	-0.58	0.04	0.04	-0.23	-0.58	0.0	0.0	71.43					0.07	0.07	0.56	0.04	0.04	0.28	0.56	0.0	0.0	97.95					-0.06999999999999984	-0.06999999999999984	2.489999999999999	-0.03783783783783767	-0.03713954694945657	1.2968750000000009	2.489999999999999	0.0033787203037512685	0.0033673596670489303	116.80443674691683				
2023-01-10 08:00:00	6000	1.98	1.95	1.95	1.98	1.83	CFV.MI	1.66	1.68	1.66	1.68	2.27	1.58	-1.0	-1.0	-1.0	0	-1.0	-1.0	1.0	-1.0	-1.0	1.0									-1.0			1.78	1.68									-1.0			4.63	-0.06	-0.06	0.94	-0.03	-0.03	0.3	1.98	0.94	0.0	0.0	29.55					1	0.0	0.0	-1.17	0.0	0.0	-0.25	-1.17	0.0	0.0	187.82					0.06	0.06	-0.52	0.03	0.03	-0.21	-0.52	0.0	0.0	81.75					0.06	0.06	0.62	0.03	0.03	0.31	0.62	0.0	0.0	107.85					-0.06000000000000005	-0.06000000000000005	2.429999999999999	-0.03125	-0.030771658666753687	1.227272727272728	2.429999999999999	0.0033333043018462516	0.003321574299111285	111.07311956417765				
2023-01-11 08:00:00	0	1.98	1.98	1.98	1.98	1.83	CFV.MI	1.67	1.67	1.67	1.67	2.27	1.58	-1.0	-1.0	-1.0	0	-1.0	-1.0	1.0	-1.0	-1.0	1.0	1.98								-1.0			1.78										-1.0			4.63	-0.0	-0.0	0.94	-0.0	-0.0	0.3	1.98	0.94	0.0	0.0	29.55					1	0.0	0.0	-1.17	0.0	0.0	-0.25	-1.17	0.0	0.0	187.82					0.0	0.0	-0.52	0.0	0.0	-0.21	-0.52	0.0	0.0	81.75					0.0	0.0	0.62	0.0	0.0	0.31	0.62	0.0	0.0	107.85					-0.0	-0.0	2.429999999999999	-0.0	-0.0	1.227272727272728	2.429999999999999	0.0033333043018462516	0.003321574299111285	111.07311956417765				
2023-01-12 08:00:00	0	1.98	1.98	1.98	1.98	1.83	CFV.MI	1.66	1.66	1.66	1.66	2.27	1.58	-1.0	-1.0	-1.0	0	-1.0	-1.0	1.0	-1.0	-1.0	1.0									-1.0			1.78										-1.0			4.63	-0.0	-0.0	0.94	-0.0	-0.0	0.3	1.98	0.94	0.0	0.0	29.55					1	0.0	0.0	-1.17	0.0	0.0	-0.25	-1.17	0.0	0.0	187.82					0.0	0.0	-0.52	0.0	0.0	-0.21	-0.52	0.0	0.0	81.75					0.0	0.0	0.62	0.0	0.0	0.31	0.62	0.0	0.0	107.85					-0.0	-0.0	2.429999999999999	-0.0	-0.0	1.227272727272728	2.429999999999999	0.0033333043018462516	0.003321574299111285	111.07311956417765				
2023-01-13 08:00:00	12000	2.0	1.96	1.98	1.96	1.82	CFV.MI	1.66	1.67	1.64	1.64	2.27	1.58	-1.0	-1.0	-1.0	0	-1.0	-1.0	1.0	-1.0	-1.0	1.0		1.96							-1.0			1.78		1.64								-1.0			4.63	0.02	0.02	0.96	0.01	0.01	0.31	2.0	0.96	0.0	0.0	37.1					1	-0.0	-0.0	-1.17	-0.0	-0.0	-0.25	-1.17	0.0	0.0	203.17					-0.02	-0.02	-0.54	-0.01	-0.01	-0.21	-0.54	0.0	0.0	73.99					-0.02	-0.02	0.6	-0.01	-0.01	0.3	0.6	0.0	0.0	100.21					0.020000000000000018	0.020000000000000018	2.449999999999999	0.010101010101010055	0.010152371464017962	1.2500000000000004	2.449999999999999	0.0033099825050449012	0.0032983192168942743	110.85914144143354				
2023-01-16 08:00:00	14000	2.04	2.0	2.01	2.04	1.89	CFV.MI	1.67	1.7	1.67	1.7	2.27	1.58	-1.0	-1.0	-1.0	0	-1.0	-1.0	1.0	-1.0	-1.0	1.0									-1.0			1.78	1.7									-1.0			4.63	-0.08	-0.08	0.88	-0.04	-0.04	0.26	2.04	0.88	0.0	0.0	27.47					1	0.0	0.0	-1.17	0.0	0.0	-0.25	-1.17	0.0	0.0	203.17					0.08	0.08	-0.46	0.04	0.04	-0.18	-0.46	0.0	0.0	77.54					0.08	0.08	0.68	0.04	0.04	0.35	0.68	0.0	0.0	103.03					-0.08000000000000007	-0.08000000000000007	2.3699999999999988	-0.04081632653061229	-0.040005334613699206	1.1617647058823533	2.3699999999999988	0.0030918712040078184	0.0030790364172819107	95.64396799462406				
2023-01-17 08:00:00	3000	2.04	2.01	2.01	2.04	1.89	CFV.MI	1.67	1.69	1.67	1.69	2.27	1.58	-1.0	-1.0	-1.0	0	-1.0	-1.0	1.0	-1.0	-1.0	1.0									-1.0			1.78		1.67								-1.0			4.63	-0.0	-0.0	0.88	-0.0	-0.0	0.26	2.04	0.88	0.0	0.0	27.47					1	0.0	0.0	-1.17	0.0	0.0	-0.25	-1.17	0.0	0.0	203.17					0.0	0.0	-0.46	0.0	0.0	-0.18	-0.46	0.0	0.0	77.54					0.0	0.0	0.68	0.0	0.0	0.35	0.68	0.0	0.0	103.03					-0.0	-0.0	2.3699999999999988	-0.0	-0.0	1.1617647058823533	2.3699999999999988	0.0030918712040078184	0.0030790364172819107	95.64396799462406				
2023-01-18 08:00:00	0	2.04	2.04	2.04	2.04	1.89	CFV.MI	1.69	1.69	1.69	1.69	2.27	1.58	-1.0	-1.0	-1.0	0	-1.0	-1.0	1.0	-1.0	-1.0	1.0	2.04								-1.0			1.78										-1.0			4.63	-0.0	-0.0	0.88	-0.0	-0.0	0.26	2.04	0.88	0.0	0.0	27.47					1	0.0	0.0	-1.17	0.0	0.0	-0.25	-1.17	0.0	0.0	203.17					0.0	0.0	-0.46	0.0	0.0	-0.18	-0.46	0.0	0.0	77.54					0.0	0.0	0.68	0.0	0.0	0.35	0.68	0.0	0.0	103.03					-0.0	-0.0	2.3699999999999988	-0.0	-0.0	1.1617647058823533	2.3699999999999988	0.0030918712040078184	0.0030790364172819107	95.64396799462406				
2023-01-19 08:00:00	4000	2.04	1.99	1.99	2.04	1.89	CFV.MI	1.68	1.72	1.68	1.72	2.27	1.58	-1.0	-1.0	1.0	0	-1.0	-1.0	1.0	-1.0	-1.0	1.0		1.99							-1.0			1.78										-1.0			4.63	-0.0	-0.0	0.88	-0.0	-0.0	0.26	2.04	0.88	0.0	0.0	27.47					1	0.0	0.0	-1.17	0.0	0.0	-0.25	-1.17	0.0	0.0	203.17					0.0	0.0	-0.46	0.0	0.0	-0.18	-0.46	0.0	0.0	77.54					0.0	0.0	0.68	0.0	0.0	0.35	0.68	0.0	0.0	103.03					-0.0	-0.0	2.3699999999999988	-0.0	-0.0	1.1617647058823533	2.3699999999999988	0.0030918712040078184	0.0030790364172819107	95.64396799462406				
2023-01-20 08:00:00	7000	2.07	2.06	2.06	2.07	1.92	CFV.MI	1.72	1.73	1.72	1.73	2.25	1.58	-1.0	-1.0	1.0	0	-1.0	-1.0	1.0	-1.0	-1.0	1.0	2.07								-1.0			1.78	1.73		1.73							-1.0			4.63	-0.03	-0.03	0.85	-0.01	-0.01	0.24	2.07	0.85	0.0	0.0	21.79					1	0.0	0.0	-1.17	0.0	0.0	-0.25	-1.17	0.0	0.0	203.17					0.03	0.03	-0.43	0.01	0.01	-0.17	-0.43	0.0	0.0	78.73					0.03	0.03	0.71	0.01	0.01	0.37	0.71	0.0	0.0	103.98					-0.029999999999999805	-0.029999999999999805	2.339999999999999	-0.014705882352941124	-0.014598799421152631	1.1304347826086962	2.339999999999999	0.0029368971345871252	0.0029234306071512783	88.3862344234976				
2023-01-23 08:00:00	20000	2.07	2.0	2.07	2.02	1.87	CFV.MI	1.73	1.73	1.67	1.69	2.25	1.58	-1.0	-1.0	1.0	0	-1.0	-1.0	1.0	-1.0	-1.0	1.0		2.0							-1.0			1.78		1.67								-1.0			4.63	0.05	0.05	0.9	0.02	0.02	0.27	2.07	0.9	0.0	0.0	25.74					1	-0.0	-0.0	-1.17	-0.0	-0.0	-0.25	-1.17	0.0	0.0	203.17					-0.05	-0.05	-0.48	-0.02	-0.02	-0.19	-0.48	0.0	0.0	68.9					-0.05	-0.05	0.66	-0.02	-0.02	0.34	0.66	0.0	0.0	93.8					0.04999999999999982	0.04999999999999982	2.389999999999999	0.02415458937198056	0.024451095864164194	1.1831683168316833	2.389999999999999	0.0031129450248091077	0.003098904044740447	90.11470593472032				
2023-01-24 08:00:00	3000	2.05	2.04	2.04	2.05	1.9	CFV.MI	1.7	1.71	1.7	1.71	2.25	1.58	-1.0	-1.0	1.0	0	-1.0	-1.0	1.0	-1.0	-1.0	1.0	2.05								-1.0			1.78	1.71									-1.0			4.63	-0.03	-0.03	0.87	-0.01	-0.01	0.26	2.07	0.87	0.0	0.0	20.31					1	0.0	0.0	-1.17	0.0	0.0	-0.25	-1.17	0.0	0.0	203.17					0.03	0.03	-0.45	0.01	0.01	-0.18	-0.45	0.0	0.0	70.09					0.03	0.03	0.69	0.01	0.01	0.36	0.69	0.0	0.0	94.75					-0.029999999999999805	-0.029999999999999805	2.359999999999999	-0.014851485148514865	-0.014742281737203431	1.151219512195122	2.359999999999999	0.00295218998720122	0.0029374883062378565	83.18309188398112				
2023-01-25 08:00:00	9000	2.09	2.02	2.07	2.02	1.87	CFV.MI	1.73	1.74	1.68	1.68	2.2	1.58	-1.0	-1.0	1.0	1	-1.0	-1.0	1.0	-1.0	-1.0	1.0		2.02							-1.0			1.78										-1.0			4.63	0.03	0.03	0.9	0.01	0.01	0.27	2.09	0.9	0.0	0.0	22.56					1	-0.0	-0.0	-1.17	-0.0	-0.0	-0.25	-1.17	0.0	0.0	203.17					-0.03	-0.03	-0.48	-0.01	-0.01	-0.19	-0.48	0.0	0.0	63.22					-0.03	-0.03	0.66	-0.01	-0.01	0.34	0.66	0.0	0.0	87.69					0.029999999999999805	0.029999999999999805	2.389999999999999	0.014634146341463317	0.014742281737203319	1.1831683168316829	2.389999999999999	0.0030568601875353638	0.003041794410866716	84.1980132741834				
2023-01-26 08:00:00	1000	2.05	2.05	2.05	2.05	1.9	CFV.MI	1.69	1.69	1.69	1.69	2.2	1.58	-1.0	-1.0	1.0	1	-1.0	-1.0	1.0	-1.0	-1.0	1.0	2.05								-1.0			1.78										-1.0			4.63	-0.03	-0.03	0.87	-0.01	-0.01	0.26	2.09	0.87	0.0	0.0	23.53					1	0.03	0.03	-1.14	0.01	0.01	-0.24	-1.14	0.0	0.0	205.03					0.03	0.03	-0.45	0.01	0.01	-0.18	-0.45	0.0	0.0	62.58					0.03	0.03	0.69	0.01	0.01	0.36	0.69	0.0	0.0	87.17					-0.029999999999999805	-0.029999999999999805	2.359999999999999	-0.014851485148514865	-0.014742281737203431	1.151219512195122	2.359999999999999	0.002733662211136542	0.0027184926516308217	75.9528467388314				
2023-01-27 08:00:00	0	2.05	2.05	2.05	2.05	1.9	CFV.MI	1.67	1.67	1.67	1.67	2.18	1.58	-1.0	-1.0	1.0	1	-1.0	-1.0	1.0	-1.0	-1.0	1.0									-1.0			1.78										-1.0			4.63	-0.0	-0.0	0.87	-0.0	-0.0	0.26	2.09	0.87	0.0	0.0	22.16					1	0.0	0.0	-1.14	0.0	0.0	-0.24	-1.14	0.0	0.0	205.03					0.0	0.0	-0.45	0.0	0.0	-0.18	-0.45	0.0	0.0	68.1					0.0	0.0	0.69	0.0	0.0	0.36	0.69	0.0	0.0	92.8					-0.0	-0.0	2.359999999999999	-0.0	-0.0	1.151219512195122	2.359999999999999	0.0028801937019574766	0.002865544674920395	81.32620535483872				
2023-01-30 08:00:00	12000	2.04	1.96	2.04	1.97	1.83	CFV.MI	1.67	1.67	1.61	1.61	2.18	1.58	-1.0	-1.0	1.0	1	-1.0	-1.0	1.0	-1.0	-1.0	1.0									-1.0			1.78										-1.0			4.63	0.08	0.08	0.95	0.04	0.04	0.31	2.09	0.95	0.0	0.0	27.79					1	-0.08	-0.08	-1.22	-0.04	-0.04	-0.27	-1.22	0.0	0.0	172.81					-0.08	-0.08	-0.53	-0.04	-0.04	-0.21	-0.53	0.0	0.0	56.0					-0.08	-0.08	0.61	-0.04	-0.04	0.31	0.61	0.0	0.0	80.13					0.07999999999999985	0.07999999999999985	2.4399999999999986	0.03902439024390236	0.039806250400419595	1.2385786802030454	2.4399999999999986	0.003162818079800456	0.0031471774880227343	84.02953398860403				
2023-01-31 08:00:00	0	1.97	1.97	1.97	1.97	1.83	CFV.MI	1.6	1.6	1.6	1.6	2.18	1.58	-1.0	-1.0	1.0	1	-1.0	-1.0	1.0	-1.0	-1.0	1.0		1.97							-1.0			1.78		1.6								-1.0			4.63	-0.0	-0.0	0.95	-0.0	-0.0	0.31	2.09	0.95	0.0	0.0	26.6					1	0.0	0.0	-1.22	0.0	0.0	-0.27	-1.22	0.0	0.0	172.81					0.0	0.0	-0.53	0.0	0.0	-0.21	-0.53	0.0	0.0	61.17					0.0	0.0	0.61	0.0	0.0	0.31	0.61	0.0	0.0	85.41					-0.0	-0.0	2.4399999999999986	-0.0	-0.0	1.2385786802030454	2.4399999999999986	0.0033112826763963023	0.0032961919621805613	89.41572230557534				
2023-02-01 08:00:00	9000	1.99	1.94	1.95	1.99	1.84	CFV.MI	1.57	1.61	1.57	1.61	2.18	1.57	-1.0	-1.0	-1.0	1	-1.0	-1.0	1.0	-1.0	-1.0	1.0									-1.0			1.78										-1.0			4.63	-0.02	-0.02	0.93	-0.01	-0.01	0.29	2.09	0.93	0.0	0.0	20.69					1	0.02	0.02	-1.2	0.01	0.01	-0.27	-1.2	0.0	0.0	174.07					0.02	0.02	-0.51	0.01	0.01	-0.2	-0.51	0.0	0.0	67.21					0.02	0.02	0.63	0.01	0.01	0.32	0.63	0.0	0.0	91.4					-0.020000000000000018	-0.020000000000000018	2.4199999999999986	-0.010152284263959421	-0.01010109598650392	1.21608040201005	2.4199999999999986	0.003307999773718135	0.0032928800184444107	89.13695366582368				
2023-02-02 08:00:00	47000	2.14	1.99	1.99	2.01	1.86	CFV.MI	1.58	1.7	1.58	1.6	2.18	1.57	-1.0	-1.0	-1.0	1	-1.0	-1.0	1.0	-1.0	-1.0	1.0	2.14		2.14		2.14				-1.0			2.14	1.7									-1.0			4.63	-0.02	-0.02	0.91	-0.01	-0.01	0.28	2.14	0.91	0.0	0.0	16.09					1	0.02	0.02	-1.18	0.01	0.01	-0.26	-1.18	0.0	0.0	175.26					0.02	0.02	-0.49	0.01	0.01	-0.19	-0.49	0.0	0.0	67.96					0.02	0.02	0.65	0.01	0.01	0.33	0.65	0.0	0.0	92.0					-0.019999999999999796	-0.019999999999999796	2.3999999999999986	-0.010050251256281229	-0.010000083334583179	1.194029850746269	2.3999999999999986	0.003156543991760639	0.0031408482431667384	83.5393608619822				
2023-02-03 08:00:00	10000	2.07	2.0	2.06	2.0	1.85	CFV.MI	1.65	1.66	1.6	1.6	2.18	1.57	-1.0	-1.0	-1.0	1	-1.0	-1.0	1.0	-1.0	-1.0	1.0									-1.0			1.78										-1.0			4.63	0.01	0.01	0.92	0.0	0.0	0.29	2.14	0.92	0.0	0.0	16.82					1	-0.01	-0.01	-1.19	-0.0	-0.0	-0.26	-1.19	0.0	0.0	167.14					-0.01	-0.01	-0.5	-0.0	-0.0	-0.2	-0.5	0.0	0.0	63.58					-0.01	-0.01	0.64	-0.0	-0.0	0.33	0.64	0.0	0.0	87.56					0.009999999999999787	0.009999999999999787	2.4099999999999984	0.004975124378109319	0.004987541511038939	1.205	2.4099999999999984	0.0031919555364890158	0.003176133049914709	83.8557194156449				
2023-02-06 08:00:00	16000	2.04	1.95	2.04	1.99	1.84	CFV.MI	1.63	1.63	1.56	1.59	2.17	1.56	-1.0	-1.0	-1.0	1	-1.0	-1.0	1.0	-1.0	-1.0	1.0									-1.0			1.78										-1.0			4.63	0.01	0.01	0.93	0.01	0.01	0.29	2.14	0.93	0.0	0.0	21.98					1	-0.01	-0.01	-1.2	-0.01	-0.01	-0.27	-1.2	0.0	0.0	159.15					-0.01	-0.01	-0.51	-0.01	-0.01	-0.2	-0.51	0.0	0.0	58.54					-0.01	-0.01	0.63	-0.01	-0.01	0.32	0.63	0.0	0.0	82.61					0.010000000000000009	0.010000000000000009	2.419999999999998	0.0050000000000000044	0.005012541823544286	1.2160804020100504	2.419999999999998	0.00316415130515164	0.003148428372723222	83.60771727804158				
2023-02-07 08:00:00	5000	1.99	1.95	1.96	1.99	1.84	CFV.MI	1.56	1.58	1.55	1.58	2.17	1.55	-1.0	-1.0	-1.0	1	-1.0	-1.0	1.0	-1.0	-1.0	1.0		1.95							-1.0			1.78										-1.0			4.63	-0.0	-0.0	0.93	-0.0	-0.0	0.29	2.14	0.93	0.0	0.0	27.62					1	0.0	0.0	-1.2	0.0	0.0	-0.27	-1.2	0.0	0.0	159.15					0.0	0.0	-0.51	0.0	0.0	-0.2	-0.51	0.0	0.0	57.06					0.0	0.0	0.63	0.0	0.0	0.32	0.63	0.0	0.0	81.41					-0.0	-0.0	2.419999999999998	-0.0	-0.0	1.2160804020100504	2.419999999999998	0.0030356410094819525	0.003020374152565397	82.42302721024126				
2023-02-08 08:00:00	1000	1.98	1.98	1.98	1.98	1.83	CFV.MI	1.57	1.57	1.57	1.57	2.17	1.55	-1.0	-1.0	-1.0	1	-1.0	-1.0	1.0	-1.0	-1.0	1.0									-1.0			1.78		1.57								-1.0			4.63	0.01	0.01	0.94	0.01	0.01	0.3	2.14	0.94	0.0	0.0	34.14					1	-0.01	-0.01	-1.21	-0.01	-0.01	-0.27	-1.21	0.0	0.0	151.29					-0.01	-0.01	-0.52	-0.01	-0.01	-0.21	-0.52	0.0	0.0	51.08					-0.01	-0.01	0.62	-0.01	-0.01	0.31	0.62	0.0	0.0	75.68					0.010000000000000009	0.010000000000000009	2.429999999999998	0.005025125628140725	0.005037794029957181	1.2272727272727275	2.429999999999998	0.0029405300651038986	0.002925596451348822	81.50330266186828				
2023-02-09 08:00:00	1000	2.0	2.0	2.0	2.0	1.85	CFV.MI	1.57	1.57	1.57	1.57	2.17	1.55	-1.0	-1.0	-1.0	1	-1.0	-1.0	1.0	-1.0	-1.0	1.0									-1.0			1.78										-1.0			4.63	-0.02	-0.02	0.92	-0.01	-0.01	0.29	2.14	0.92	0.0	0.0	40.3					1	0.02	0.02	-1.19	0.01	0.01	-0.26	-1.19	0.0	0.0	152.61					0.02	0.02	-0.5	0.01	0.01	-0.2	-0.5	0.0	0.0	46.93					0.02	0.02	0.64	0.01	0.01	0.33	0.64	0.0	0.0	72.29					-0.020000000000000018	-0.020000000000000018	2.409999999999998	-0.010101010101010166	-0.010050335853501506	1.205	2.409999999999998	0.002422339718609828	0.0024081606773851405	71.82253529433179				
2023-02-10 08:00:00	1000	2.01	2.01	2.01	2.01	1.86	CFV.MI	1.59	1.59	1.59	1.59	2.17	1.55	-1.0	-1.0	-1.0	1	-1.0	-1.0	1.0	-1.0	-1.0	1.0									-1.0			1.78										-1.0			4.63	-0.01	-0.01	0.91	-0.0	-0.0	0.28	2.14	0.91	0.0	0.0	33.36					1	0.01	0.01	-1.18	0.0	0.0	-0.26	-1.18	0.0	0.0	153.24					0.01	0.01	-0.49	0.0	0.0	-0.19	-0.49	0.0	0.0	55.0					0.01	0.01	0.65	0.0	0.0	0.33	0.65	0.0	0.0	80.55					-0.009999999999999787	-0.009999999999999787	2.399999999999998	-0.004999999999999893	-0.004987541511038968	1.194029850746269	2.399999999999998	0.0024656313516480156	0.002451803529717189	75.00184352592063				
2023-02-13 08:00:00	2000	2.03	2.01	2.01	2.03	1.88	CFV.MI	1.58	1.6	1.58	1.6	2.17	1.55	-1.0	-1.0	-1.0	1	-1.0	-1.0	1.0	-1.0	-1.0	1.0									-1.0			1.78	1.6									-1.0			4.63	-0.02	-0.02	0.89	-0.01	-0.01	0.27	2.14	0.89	0.0	0.0	34.06					1	0.02	0.02	-1.16	0.01	0.01	-0.25	-1.16	0.0	0.0	152.66					0.02	0.02	-0.47	0.01	0.01	-0.19	-0.47	0.0	0.0	54.53					0.02	0.02	0.67	0.01	0.01	0.35	0.67	0.0	0.0	80.17					-0.020000000000000018	-0.020000000000000018	2.379999999999998	-0.00995024875621886	-0.009901070982711537	1.1724137931034488	2.379999999999998	0.002219970863045691	0.002205998490681038	68.02153927655564				
2023-02-14 08:00:00	0	2.03	2.03	2.03	2.03	1.88	CFV.MI	1.59	1.59	1.59	1.59	2.17	1.55	-1.0	-1.0	-1.0	1	-1.0	-1.0	1.0	-1.0	-1.0	1.0	2.03								-1.0			1.78										-1.0			4.63	-0.0	-0.0	0.89	-0.0	-0.0	0.27	2.14	0.89	0.0	0.0	41.62					1	0.0	0.0	-1.16	0.0	0.0	-0.25	-1.16	0.0	0.0	149.29					0.0	0.0	-0.47	0.0	0.0	-0.19	-0.47	0.0	0.0	51.91					0.0	0.0	0.67	0.0	0.0	0.35	0.67	0.0	0.0	78.04					-0.0	-0.0	2.379999999999998	-0.0	-0.0	1.1724137931034488	2.379999999999998	0.0020495918361721275	0.002036215407654085	65.61276191774253				
2023-02-15 08:00:00	3000	2.01	1.95	1.97	2.01	1.86	CFV.MI	1.54	1.57	1.53	1.57	2.17	1.53	-1.0	-1.0	-1.0	1	-1.0	-1.0	1.0	-1.0	-1.0	1.0		1.95							-1.0			1.78										-1.0			4.63	0.02	0.02	0.91	0.01	0.01	0.28	2.14	0.91	0.0	0.0	42.96					1	-0.02	-0.02	-1.18	-0.01	-0.01	-0.26	-1.18	0.0	0.0	139.02					-0.02	-0.02	-0.49	-0.01	-0.01	-0.19	-0.49	0.0	0.0	46.23					-0.02	-0.02	0.65	-0.01	-0.01	0.33	0.65	0.0	0.0	72.21					0.020000000000000018	0.020000000000000018	2.399999999999998	0.009852216748768461	0.00990107098271157	1.194029850746269	2.399999999999998	0.0021179092259528375	0.00210429539213397	66.60406395254829				
2023-02-16 08:00:00	13000	2.01	1.97	1.97	2.01	1.86	CFV.MI	1.53	1.56	1.53	1.56	2.17	1.53	-1.0	-1.0	-1.0	1	-1.0	-1.0	1.0	-1.0	-1.0	1.0	2.01								-1.0			1.78										-1.0			4.63	-0.0	-0.0	0.91	-0.0	-0.0	0.28	2.14	0.91	0.0	0.0	40.22					1	0.0	0.0	-1.18	0.0	0.0	-0.26	-1.18	0.0	0.0	154.67					0.0	0.0	-0.49	0.0	0.0	-0.19	-0.49	0.0	0.0	54.13					0.0	0.0	0.65	0.0	0.0	0.33	0.65	0.0	0.0	80.41					-0.0	-0.0	2.399999999999998	-0.0	-0.0	1.194029850746269	2.399999999999998	0.002290098525394431	0.002277199114527839	74.62824609602853				
2023-02-17 08:00:00	2000	1.98	1.98	1.98	1.98	1.83	CFV.MI	1.54	1.54	1.54	1.54	2.16	1.53	-1.0	-1.0	-1.0	1	-1.0	-1.0	1.0	-1.0	-1.0	1.0		1.98							-1.0			1.78		1.54								-1.0			4.63	0.03	0.03	0.94	0.01	0.02	0.3	2.14	0.94	0.0	0.0	41.65					1	-0.03	-0.03	-1.21	-0.01	-0.02	-0.27	-1.21	0.0	0.0	149.16					-0.03	-0.03	-0.52	-0.01	-0.02	-0.21	-0.52	0.0	0.0	51.86					-0.03	-0.03	0.62	-0.01	-0.02	0.31	0.62	0.0	0.0	77.98					0.029999999999999805	0.029999999999999805	2.429999999999998	0.01492537313432829	0.015037877364540446	1.2272727272727275	2.429999999999998	0.0025218495668592614	0.0025089699864675463	80.75904723423719				
2023-02-20 08:00:00	6000	2.0	1.97	1.97	2.0	1.85	CFV.MI	1.54	1.56	1.54	1.56	2.16	1.53	-1.0	-1.0	-1.0	1	-1.0	-1.0	1.0	-1.0	-1.0	1.0	2.0								-1.0			1.78										-1.0			4.63	-0.02	-0.02	0.92	-0.01	-0.01	0.29	2.14	0.92	0.0	0.0	42.44					1	0.02	0.02	-1.19	0.01	0.01	-0.26	-1.19	0.0	0.0	148.47					0.02	0.02	-0.5	0.01	0.01	-0.2	-0.5	0.0	0.0	51.34					0.02	0.02	0.64	0.01	0.01	0.33	0.64	0.0	0.0	86.02					-0.020000000000000018	-0.020000000000000018	2.409999999999998	-0.010101010101010166	-0.010050335853501506	1.205	2.409999999999998	0.002276686643107863	0.0022636595183396224	73.45863398216012				
2023-02-21 08:00:00	7000	2.0	1.98	2.0	1.98	1.83	CFV.MI	1.57	1.57	1.56	1.56	2.16	1.53	-1.0	-1.0	-1.0	1	-1.0	-1.0	1.0	-1.0	-1.0	1.0									-1.0			1.78	1.57									-1.0			4.63	0.02	0.02	0.94	0.01	0.01	0.3	2.14	0.94	0.0	0.0	43.8					1	-0.02	-0.02	-1.21	-0.01	-0.01	-0.27	-1.21	0.0	0.0	138.1					-0.02	-0.02	-0.52	-0.01	-0.01	-0.21	-0.52	0.0	0.0	45.61					-0.02	-0.02	0.62	-0.01	-0.01	0.31	0.62	0.0	0.0	79.98					0.020000000000000018	0.020000000000000018	2.429999999999998	0.010000000000000009	0.01005033585350145	1.2272727272727275	2.429999999999998	0.002347038994082373	0.002333776214337835	74.39744313799818				
2023-02-22 08:00:00	5000	1.97	1.94	1.95	1.97	1.82	CFV.MI	1.55	1.57	1.54	1.57	2.16	1.53	-1.0	-1.0	-1.0	0	-1.0	-1.0	1.0	-1.0	-1.0	1.0									-1.0			1.78										-1.0			4.63	0.01	0.01	0.95	0.01	0.01	0.31	2.14	0.95	0.0	0.0	43.81					1	-0.01	-0.01	-1.22	-0.01	-0.01	-0.27	-1.22	0.0	0.0	138.04					-0.01	-0.01	-0.53	-0.01	-0.01	-0.21	-0.53	0.0	0.0	45.58					-0.01	-0.01	0.61	-0.01	-0.01	0.31	0.61	0.0	0.0	74.79					0.010000000000000009	0.010000000000000009	2.4399999999999977	0.005050505050505083	0.005063301956546762	1.2385786802030458	2.4399999999999977	0.0025096612377589955	0.002496654666279241	79.566131564935				
2023-02-23 08:00:00	2000	1.96	1.94	1.94	1.96	1.82	CFV.MI	1.53	1.55	1.53	1.55	2.16	1.53	-1.0	-1.0	-1.0	0	-1.0	-1.0	1.0	-1.0	-1.0	1.0		1.94							-1.0			1.78		1.53								-1.0			4.63	0.01	0.01	0.96	0.01	0.01	0.31	2.14	0.96	0.0	0.0	43.18					1	-0.0	-0.0	-1.22	-0.0	-0.0	-0.27	-1.22	0.0	0.0	148.27					-0.01	-0.01	-0.54	-0.01	-0.01	-0.21	-0.54	0.0	0.0	46.57					-0.01	-0.01	0.6	-0.01	-0.01	0.3	0.6	0.0	0.0	69.14					0.010000000000000009	0.010000000000000009	2.4499999999999975	0.005076142131979711	0.005089069507471293	1.2500000000000004	2.4499999999999975	0.002686118023542375	0.0026734902429357277	85.95687009662782				
2023-02-24 08:00:00	0	1.96	1.96	1.96	1.96	1.82	CFV.MI	1.57	1.57	1.57	1.57	2.16	1.53	-1.0	-1.0	-1.0	0	-1.0	-1.0	1.0	-1.0	-1.0	1.0									-1.0			1.78	1.57									-1.0			4.63	-0.0	-0.0	0.96	-0.0	-0.0	0.31	2.14	0.96	0.0	0.0	42.52					1	0.0	0.0	-1.22	0.0	0.0	-0.27	-1.22	0.0	0.0	156.15					0.0	0.0	-0.54	0.0	0.0	-0.21	-0.54	0.0	0.0	51.21					0.0	0.0	0.6	0.0	0.0	0.3	0.6	0.0	0.0	68.66					-0.0	-0.0	2.4499999999999975	-0.0	-0.0	1.2500000000000004	2.4499999999999975	0.002811149527600674	0.0027989106556058907	90.7805397602144				
2023-02-27 08:00:00	0	1.96	1.96	1.96	1.96	1.82	CFV.MI	1.54	1.54	1.54	1.54	2.16	1.53	-1.0	-1.0	-1.0	0	-1.0	-1.0	1.0	-1.0	-1.0	1.0									-1.0			1.78		1.54								-1.0			4.63	-0.0	-0.0	0.96	-0.0	-0.0	0.31	2.14	0.96	0.0	0.0	48.76					1	0.0	0.0	-1.22	0.0	0.0	-0.27	-1.22	0.0	0.0	153.99					0.0	0.0	-0.54	0.0	0.0	-0.21	-0.54	0.0	0.0	49.52					0.0	0.0	0.6	0.0	0.0	0.3	0.6	0.0	0.0	75.67					-0.0	-0.0	2.4499999999999975	-0.0	-0.0	1.2500000000000004	2.4499999999999975	0.002704057142441779	0.002692137737744682	89.58055833812466				
2023-02-28 08:00:00	3000	1.99	1.95	1.95	1.99	1.84	CFV.MI	1.53	1.56	1.53	1.56	2.16	1.53	-1.0	-1.0	-1.0	0	-1.0	-1.0	1.0	-1.0	-1.0	1.0									-1.0			1.78										-1.0			4.63	-0.03	-0.03	0.93	-0.02	-0.02	0.29	2.14	0.93	0.0	0.0	41.05					1	0.0	0.0	-1.22	0.0	0.0	-0.27	-1.22	0.0	0.0	164.96					0.03	0.03	-0.51	0.02	0.02	-0.2	-0.51	0.0	0.0	57.08					0.03	0.03	0.63	0.02	0.02	0.32	0.63	0.0	0.0	76.18					-0.030000000000000027	-0.030000000000000027	2.4199999999999973	-0.015306122448979664	-0.015190165493975238	1.2160804020100504	2.4199999999999973	0.0026895144958689224	0.0026774776384157484	88.20600812030403				
2023-03-01 08:00:00	0	1.99	1.99	1.99	1.99	1.84	CFV.MI	1.57	1.57	1.57	1.57	2.16	1.53	-1.0	-1.0	-1.0	0	-1.0	-1.0	1.0	-1.0	-1.0	1.0									-1.0			1.78	1.57									-1.0			4.63	-0.0	-0.0	0.93	-0.0	-0.0	0.29	2.14	0.93	0.0	0.0	48.24					1	0.0	0.0	-1.22	0.0	0.0	-0.27	-1.22	0.0	0.0	161.92					0.0	0.0	-0.51	0.0	0.0	-0.2	-0.51	0.0	0.0	54.86					0.0	0.0	0.63	0.0	0.0	0.32	0.63	0.0	0.0	84.76					-0.0	-0.0	2.4199999999999973	-0.0	-0.0	1.2160804020100504	2.4199999999999973	0.002545667476989795	0.0025340552082870893	86.49299431574138				
2023-03-02 08:00:00	0	1.99	1.99	1.99	1.99	1.84	CFV.MI	1.57	1.57	1.57	1.57	2.16	1.53	-1.0	-1.0	-1.0	0	-1.0	-1.0	1.0	-1.0	-1.0	1.0	1.99								-1.0			1.78										-1.0			4.63	-0.0	-0.0	0.93	-0.0	-0.0	0.29	2.07	0.93	0.0	0.0	48.24					1	0.0	0.0	-1.22	0.0	0.0	-0.27	-1.22	0.0	0.0	161.92					0.0	0.0	-0.51	0.0	0.0	-0.2	-0.51	0.0	0.0	54.86					0.0	0.0	0.63	0.0	0.0	0.32	0.63	0.0	0.0	84.76					-0.0	-0.0	2.4199999999999973	-0.0	-0.0	1.2160804020100504	2.4199999999999973	0.002545667476989795	0.0025340552082870893	86.49299431574138				
2023-03-03 08:00:00	0	1.99	1.99	1.99	1.99	1.84	CFV.MI	1.54	1.54	1.54	1.54	2.15	1.53	-1.0	-1.0	-1.0	0	-1.0	-1.0	1.0	-1.0	-1.0	1.0									-1.0			1.78										-1.0			4.63	-0.0	-0.0	0.93	-0.0	-0.0	0.29	2.04	0.93	0.0	0.0	45.38					1	0.0	0.0	-1.22	0.0	0.0	-0.27	-1.22	0.0	0.0	179.85					0.0	0.0	-0.51	0.0	0.0	-0.2	-0.51	0.0	0.0	63.35					0.0	0.0	0.63	0.0	0.0	0.32	0.63	0.0	0.0	82.9					-0.0	-0.0	2.4199999999999973	-0.0	-0.0	1.2160804020100504	2.4199999999999973	0.002705407925288098	0.0026944813826019764	95.41827840893552				
2023-03-06 08:00:00	7000	1.95	1.93	1.95	1.93	1.79	CFV.MI	1.5	1.5	1.49	1.49	2.06	1.49	-1.0	-1.0	-1.0	0	-1.0	-1.0	1.0	-1.0	-1.0	1.0									-1.0			1.78										-1.0			4.63	0.06	0.06	0.99	0.03	0.03	0.33	2.03	0.99	0.0	0.0	47.05					1	-0.0	-0.0	-1.22	-0.0	-0.0	-0.27	-1.22	0.0	0.0	199.28					-0.06	-0.06	-0.57	-0.03	-0.03	-0.23	-0.57	0.0	0.0	60.56					-0.06	-0.06	0.57	-0.03	-0.03	0.28	0.57	0.0	0.0	69.66					0.06000000000000005	0.06000000000000005	2.4799999999999973	0.03015075376884424	0.030614635819606863	1.2849740932642493	2.4799999999999973	0.0030898651323852614	0.003078992202550257	107.20796305994648				
2023-03-07 08:00:00	1000	1.92	1.92	1.92	1.92	1.78	CFV.MI	1.49	1.49	1.49	1.49	2.0	1.49	-1.0	-1.0	-1.0	0	-1.0	-1.0	1.0	-1.0	-1.0	1.0									-1.0			1.78										-1.0			4.63	0.01	0.01	1.0	0.01	0.01	0.34	2.03	1.0	0.0	0.0	59.25					1	-0.0	-0.0	-1.22	-0.0	-0.0	-0.27	-1.22	0.0	0.0	192.84					-0.01	-0.01	-0.58	-0.01	-0.01	-0.23	-0.58	0.0	0.0	50.71					-0.01	-0.01	0.56	-0.01	-0.01	0.28	0.56	0.0	0.0	77.95					0.010000000000000009	0.010000000000000009	2.4899999999999975	0.005181347150259086	0.005194816877104023	1.2968750000000004	2.4899999999999975	0.0028361061796705273	0.0028259044524134858	104.52009858462966				
2023-03-08 08:00:00	2000	1.93	1.88	1.88	1.93	1.79	CFV.MI	1.45	1.49	1.45	1.49	1.95	1.45	-1.0	-1.0	-1.0	0	-1.0	-1.0	1.0	-1.0	-1.0	1.0									-1.0			1.78										-1.0			4.63	-0.01	-0.01	0.99	-0.01	-0.01	0.33	2.03	0.99	0.0	0.0	63.6					1	0.0	0.0	-1.22	0.0	0.0	-0.27	-1.22	0.0	0.0	187.72					0.01	0.01	-0.57	0.01	0.01	-0.23	-0.57	0.0	0.0	47.9					0.01	0.01	0.57	0.01	0.01	0.28	0.57	0.0	0.0	89.33					-0.010000000000000009	-0.010000000000000009	2.4799999999999978	-0.005208333333333259	-0.00519481687710393	1.2849740932642493	2.4799999999999978	0.0025319094744781626	0.00252183772248582	96.82817608043354				
2023-03-09 08:00:00	7000	1.9	1.84	1.89	1.9	1.76	CFV.MI	1.47	1.48	1.43	1.48	1.94	1.43	-1.0	-1.0	-1.0	0	-1.0	-1.0	1.0	-1.0	-1.0	1.0		1.84		1.84					-1.0			1.78		1.43		1.43		1.43				-1.0			4.63	0.03	0.03	1.02	0.02	0.02	0.35	2.03	1.02	0.0	0.0	71.93					1	-0.0	-0.0	-1.22	-0.0	-0.0	-0.27	-1.22	0.0	0.0	185.36					-0.03	-0.03	-0.6	-0.02	-0.02	-0.24	-0.6	0.0	0.0	38.92					-0.03	-0.03	0.54	-0.02	-0.02	0.26	0.54	0.0	0.0	87.77					0.030000000000000027	0.030000000000000027	2.509999999999998	0.015544041450777257	0.015666116744399463	1.3210526315789481	2.509999999999998	0.0025719406371495185	0.002561762297551118	97.34470150603495				
2023-03-10 08:00:00	0	1.9	1.9	1.9	1.9	1.76	CFV.MI	1.5	1.5	1.5	1.5	1.94	1.43	-1.0	-1.0	-1.0	0	-1.0	-1.0	1.0	-1.0	-1.0	1.0									-1.0			1.78										-1.0			4.63	-0.0	-0.0	1.02	-0.0	-0.0	0.35	2.03	1.02	0.0	0.0	71.93					1	0.0	0.0	-1.22	0.0	0.0	-0.27	-1.22	0.0	0.0	185.36					0.0	0.0	-0.6	0.0	0.0	-0.24	-0.6	0.0	0.0	38.92					0.0	0.0	0.54	0.0	0.0	0.26	0.54	0.0	0.0	87.77					-0.0	-0.0	2.509999999999998	-0.0	-0.0	1.3210526315789481	2.509999999999998	0.0025719406371495185	0.002561762297551118	97.34470150603495				
2023-03-13 08:00:00	5000	1.93	1.89	1.89	1.93	1.79	CFV.MI	1.56	1.59	1.56	1.59	1.92	1.43	-1.0	-1.0	-1.0	0	-1.0	-1.0	1.0	-1.0	-1.0	1.0									-1.0			1.78										-1.0			4.63	-0.03	-0.03	0.99	-0.02	-0.02	0.33	2.03	0.99	0.0	0.0	64.46					1	0.0	0.0	-1.22	0.0	0.0	-0.27	-1.22	0.0	0.0	185.36					0.03	0.03	-0.57	0.02	0.02	-0.23	-0.57	0.0	0.0	41.29					0.03	0.03	0.57	0.02	0.02	0.28	0.57	0.0	0.0	89.34					-0.030000000000000027	-0.030000000000000027	2.4799999999999978	-0.015789473684210575	-0.015666116744399456	1.2849740932642493	2.4799999999999978	0.002426818363496502	0.00241607063022653	89.08139988275312				
2023-03-14 08:00:00	3000	1.96	1.95	1.95	1.96	1.81	CFV.MI	1.57	1.58	1.57	1.58	1.9	1.43	-1.0	-1.0	-1.0	0	-1.0	-1.0	1.0	-1.0	-1.0	1.0									-1.0			1.78										-1.0			4.63	-0.03	-0.03	0.96	-0.02	-0.02	0.31	2.01	0.96	0.0	0.0	55.94					1	0.0	0.0	-1.22	0.0	0.0	-0.27	-1.22	0.0	0.0	200.12					0.03	0.03	-0.54	0.02	0.02	-0.21	-0.54	0.0	0.0	49.57					0.03	0.03	0.6	0.02	0.02	0.3	0.6	0.0	0.0	89.84					-0.030000000000000027	-0.030000000000000027	2.4499999999999975	-0.015544041450777257	-0.01542447032563173	1.2500000000000004	2.4499999999999975	0.0024128648440687067	0.0024020101070434396	87.69658214389997				
2023-03-15 08:00:00	3000	2.0	1.97	1.97	2.0	1.85	CFV.MI	1.66	1.69	1.66	1.69	1.89	1.43	-1.0	-1.0	1.0	0	-1.0	-1.0	1.0	-1.0	-1.0	1.0									-1.0			1.78	1.69									-1.0			4.63	-0.04	-0.04	0.92	-0.02	-0.02	0.29	2.01	0.92	0.0	0.0	48.11					1	0.0	0.0	-1.22	0.0	0.0	-0.27	-1.22	0.0	0.0	200.12					0.04	0.04	-0.5	0.02	0.02	-0.2	-0.5	0.0	0.0	52.18					0.04	0.04	0.64	0.02	0.02	0.33	0.64	0.0	0.0	91.7					-0.040000000000000036	-0.040000000000000036	2.4099999999999975	-0.020408163265306145	-0.02020270731751947	1.2050000000000005	2.4099999999999975	0.00225139009644623	0.002239854860591972	78.79297208512246				
2023-03-16 08:00:00	0	2.0	2.0	2.0	2.0	1.85	CFV.MI	1.66	1.66	1.66	1.66	1.88	1.43	-1.0	-1.0	1.0	1	-1.0	-1.0	1.0	-1.0	-1.0	1.0									-1.0			1.78		1.66								-1.0			4.63	-0.0	-0.0	0.92	-0.0	-0.0	0.29	2.0	0.92	0.0	0.0	48.11					1	0.0	0.0	-1.22	0.0	0.0	-0.27	-1.22	0.0	0.0	200.12					0.0	0.0	-0.5	0.0	0.0	-0.2	-0.5	0.0	0.0	52.18					0.0	0.0	0.64	0.0	0.0	0.33	0.64	0.0	0.0	91.7					-0.0	-0.0	2.4099999999999975	-0.0	-0.0	1.2050000000000005	2.4099999999999975	0.00225139009644623	0.002239854860591972	78.79297208512246				
2023-03-17 08:00:00	0	2.0	2.0	2.0	2.0	1.85	CFV.MI	1.69	1.69	1.69	1.69	1.88	1.43	-1.0	-1.0	1.0	1	-1.0	-1.0	1.0	-1.0	-1.0	1.0									-1.0			1.78										-1.0			4.63	-0.0	-0.0	0.92	-0.0	-0.0	0.29	2.0	0.92	0.0	0.0	48.11					1	0.0	0.0	-1.22	0.0	0.0	-0.27	-1.22	0.0	0.0	200.12					0.0	0.0	-0.5	0.0	0.0	-0.2	-0.5	0.0	0.0	52.18					0.0	0.0	0.64	0.0	0.0	0.33	0.64	0.0	0.0	91.7					-0.0	-0.0	2.4099999999999975	-0.0	-0.0	1.2050000000000005	2.4099999999999975	0.00225139009644623	0.002239854860591972	78.79297208512246				
2023-03-20 08:00:00	29000	2.12	2.02	2.02	2.03	1.88	CFV.MI	1.68	1.77	1.68	1.69	1.88	1.43	-1.0	1.0	1.0	1	-1.0	-1.0	1.0	-1.0	-1.0	1.0	2.12		2.12						-1.0			1.78	1.77		1.77		1.77					-1.0			4.63	-0.03	-0.03	0.89	-0.01	-0.01	0.27	2.12	0.89	0.0	0.0	41.59					1	0.03	0.03	-1.19	0.01	0.01	-0.26	-1.19	0.0	0.0	203.29					0.03	0.03	-0.47	0.01	0.01	-0.19	-0.47	0.0	0.0	53.99					0.03	0.03	0.67	0.01	0.01	0.35	0.67	0.0	0.0	92.99					-0.029999999999999805	-0.029999999999999805	2.3799999999999977	-0.014999999999999902	-0.014888612493750559	1.1724137931034488	2.3799999999999977	0.0021012856823491794	0.002089173438073466	71.58320796654314				
2023-03-21 08:00:00	3000	2.0	1.99	2.0	1.99	1.84	CFV.MI	1.62	1.62	1.62	1.62	1.88	1.43	-1.0	1.0	1.0	1	-1.0	-1.0	1.0	-1.0	-1.0	1.0		1.99							-1.0			1.78		1.62								-1.0			4.63	0.04	0.04	0.93	0.02	0.02	0.29	2.12	0.93	0.0	0.0	50.93					1	-0.04	-0.04	-1.23	-0.02	-0.02	-0.28	-1.23	0.0	0.0	178.22					-0.04	-0.04	-0.51	-0.02	-0.02	-0.2	-0.51	0.0	0.0	52.97					-0.04	-0.04	0.63	-0.02	-0.02	0.32	0.63	0.0	0.0	91.72					0.039999999999999813	0.039999999999999813	2.4199999999999973	0.01970443349753681	0.0199011543172948	1.2160804020100504	2.4199999999999973	0.0021330701386899882	0.0021208578956546376	72.05106517192777				
2023-03-22 08:00:00	0	1.99	1.99	1.99	1.99	1.84	CFV.MI	1.62	1.62	1.62	1.62	1.88	1.43	-1.0	1.0	1.0	1	-1.0	-1.0	1.0	-1.0	-1.0	1.0									-1.0			1.78										-1.0			4.63	-0.0	-0.0	0.93	-0.0	-0.0	0.29	2.12	0.93	0.0	0.0	48.13					1	0.0	0.0	-1.23	0.0	0.0	-0.28	-1.23	0.0	0.0	200.49					0.0	0.0	-0.51	0.0	0.0	-0.2	-0.51	0.0	0.0	50.46					0.0	0.0	0.63	0.0	0.0	0.32	0.63	0.0	0.0	101.51					-0.0	-0.0	2.4199999999999973	-0.0	-0.0	1.2160804020100504	2.4199999999999973	0.002299372017736392	0.002287862134610741	80.62374944413531				
2023-03-23 08:00:00	2000	2.03	2.02	2.02	2.03	1.88	CFV.MI	1.65	1.65	1.65	1.65	1.88	1.43	-1.0	1.0	1.0	1	-1.0	-1.0	1.0	-1.0	-1.0	1.0	2.03								-1.0			1.78										-1.0			4.63	-0.04	-0.04	0.89	-0.02	-0.02	0.27	2.12	0.89	0.0	0.0	46.31					1	0.04	0.04	-1.19	0.02	0.02	-0.26	-1.19	0.0	0.0	202.6					0.04	0.04	-0.47	0.02	0.02	-0.19	-0.47	0.0	0.0	58.96					0.04	0.04	0.67	0.02	0.02	0.35	0.67	0.0	0.0	102.29					-0.039999999999999813	-0.039999999999999813	2.3799999999999972	-0.02010050251256268	-0.019901154317294806	1.1724137931034488	2.3799999999999972	0.0020623964484487154	0.00205042519551335	71.11183943621884				
2023-03-24 08:00:00	3000	2.03	1.99	1.99	2.03	1.88	CFV.MI	1.66	1.69	1.66	1.69	1.81	1.43	-1.0	1.0	1.0	1	-1.0	-1.0	1.0	-1.0	-1.0	1.0		1.99							-1.0			1.78										-1.0			4.63	-0.0	-0.0	0.89	-0.0	-0.0	0.27	2.12	0.89	0.0	0.0	57.36					1	0.0	0.0	-1.19	0.0	0.0	-0.26	-1.19	0.0	0.0	193.74					0.0	0.0	-0.47	0.0	0.0	-0.19	-0.47	0.0	0.0	72.17					0.0	0.0	0.67	0.0	0.0	0.35	0.67	0.0	0.0	99.21					-0.0	-0.0	2.3799999999999972	-0.0	-0.0	1.1724137931034488	2.3799999999999972	0.0018028375187387532	0.0017916628224006192	66.87447563763925				
2023-03-27 07:00:00	5000	2.05	2.05	2.05	2.05	1.9	CFV.MI	1.69	1.69	1.69	1.69	1.81	1.43	-1.0	1.0	1.0	1	-1.0	-1.0	1.0	-1.0	-1.0	1.0	2.05								-1.0			1.78	1.69									-1.0			4.63	-0.02	-0.02	0.87	-0.01	-0.01	0.26	2.12	0.87	0.0	0.0	50.7					1	0.02	0.02	-1.17	0.01	0.01	-0.25	-1.17	0.0	0.0	207.9					0.02	0.02	-0.45	0.01	0.01	-0.18	-0.45	0.0	0.0	72.67					0.02	0.02	0.69	0.01	0.01	0.36	0.69	0.0	0.0	105.59					-0.020000000000000018	-0.020000000000000018	2.359999999999997	-0.009852216748768461	-0.009804000096620835	1.1512195121951225	2.359999999999997	0.0017897905699246627	0.001778518810959584	65.8604672813679				
2023-03-28 07:00:00	0	2.05	2.05	2.05	2.05	1.9	CFV.MI	1.68	1.68	1.68	1.68	1.81	1.43	-1.0	1.0	1.0	1	-1.0	-1.0	1.0	-1.0	-1.0	1.0									-1.0			1.78										-1.0			4.63	-0.0	-0.0	0.87	-0.0	-0.0	0.26	2.12	0.87	0.0	0.0	55.68					1	0.0	0.0	-1.17	0.0	0.0	-0.25	-1.17	0.0	0.0	206.59					0.0	0.0	-0.45	0.0	0.0	-0.18	-0.45	0.0	0.0	78.04					0.0	0.0	0.69	0.0	0.0	0.36	0.69	0.0	0.0	105.14					-0.0	-0.0	2.359999999999997	-0.0	-0.0	1.1512195121951225	2.359999999999997	0.0017521246990938402	0.0017409667568657472	65.19159098186557				
2023-03-29 07:00:00	3000	2.0	2.0	2.0	2.0	1.85	CFV.MI	1.61	1.61	1.61	1.61	1.81	1.43	-1.0	1.0	1.0	1	-1.0	-1.0	1.0	-1.0	-1.0	1.0		2.0							-1.0			1.78		1.61								-1.0			4.63	0.05	0.05	0.92	0.02	0.02	0.29	2.12	0.92	0.0	0.0	66.27					1	-0.05	-0.05	-1.22	-0.02	-0.02	-0.27	-1.22	0.0	0.0	175.55					-0.05	-0.05	-0.5	-0.02	-0.02	-0.2	-0.5	0.0	0.0	75.59					-0.05	-0.05	0.64	-0.02	-0.02	0.33	0.64	0.0	0.0	92.38					0.04999999999999982	0.04999999999999982	2.409999999999997	0.024390243902438935	0.02469261259037141	1.2050000000000005	2.409999999999997	0.0018132306704489452	0.0018018877911925024	66.26934203819525				
2023-03-30 07:00:00	6000	2.07	2.03	2.04	2.03	1.88	CFV.MI	1.63	1.65	1.62	1.62	1.81	1.43	-1.0	1.0	1.0	1	-1.0	-1.0	1.0	-1.0	-1.0	1.0	2.07								-1.0			1.78	1.65									-1.0			4.63	-0.03	-0.03	0.89	-0.01	-0.01	0.27	2.12	0.89	0.0	0.0	59.24					1	0.03	0.03	-1.19	0.01	0.01	-0.26	-1.19	0.0	0.0	179.86					0.03	0.03	-0.47	0.01	0.01	-0.19	-0.47	0.0	0.0	77.15					0.03	0.03	0.67	0.01	0.01	0.35	0.67	0.0	0.0	93.74					-0.029999999999999805	-0.029999999999999805	2.3799999999999972	-0.014999999999999902	-0.014888612493750559	1.1724137931034488	2.3799999999999972	0.001663658243548765	0.001651758203946585	59.237698531884114				
2023-03-31 07:00:00	0	2.03	2.03	2.03	2.03	1.88	CFV.MI	1.61	1.61	1.61	1.61	1.81	1.43	-1.0	1.0	1.0	1	-1.0	-1.0	1.0	-1.0	-1.0	1.0									-1.0			1.78										-1.0			4.63	-0.0	-0.0	0.89	-0.0	-0.0	0.27	2.12	0.89	0.0	0.0	57.82					1	0.0	0.0	-1.19	0.0	0.0	-0.26	-1.19	0.0	0.0	176.77					0.0	0.0	-0.47	0.0	0.0	-0.19	-0.47	0.0	0.0	84.09					0.0	0.0	0.67	0.0	0.0	0.35	0.67	0.0	0.0	92.75					-0.0	-0.0	2.3799999999999972	-0.0	-0.0	1.1724137931034488	2.3799999999999972	0.0015875705378904379	0.0015759118567106878	57.82288705708358				
2023-04-03 07:00:00	1000	2.02	2.02	2.02	2.02	1.87	CFV.MI	1.6	1.6	1.6	1.6	1.81	1.43	-1.0	1.0	1.0	1	-1.0	-1.0	1.0	-1.0	-1.0	1.0		2.02							-1.0			1.78		1.6								-1.0			4.63	0.01	0.01	0.9	0.0	0.0	0.27	2.12	0.9	0.0	0.0	73.4					1	-0.01	-0.01	-1.2	-0.0	-0.0	-0.27	-1.2	0.0	0.0	212.22					-0.01	-0.01	-0.48	-0.0	-0.0	-0.19	-0.48	0.0	0.0	73.51					-0.01	-0.01	0.66	-0.0	-0.0	0.34	0.66	0.0	0.0	106.24					0.009999999999999787	0.009999999999999787	2.389999999999997	0.004926108374384119	0.004938281640582454	1.1831683168316833	2.389999999999997	0.0018671675566236312	0.0018566551713357082	73.3985400578362				
2023-04-04 07:00:00	3000	2.04	2.04	2.04	2.04	1.89	CFV.MI	1.63	1.63	1.63	1.63	1.81	1.43	-1.0	1.0	1.0	1	-1.0	-1.0	1.0	-1.0	-1.0	1.0	2.04								-1.0			1.78	1.63									-1.0			4.63	-0.02	-0.02	0.88	-0.01	-0.01	0.26	2.12	0.88	0.0	0.0	65.63					1	0.02	0.02	-1.18	0.01	0.01	-0.26	-1.18	0.0	0.0	212.04					0.02	0.02	-0.46	0.01	0.01	-0.18	-0.46	0.0	0.0	81.73					0.02	0.02	0.68	0.01	0.01	0.35	0.68	0.0	0.0	106.18					-0.020000000000000018	-0.020000000000000018	2.369999999999997	-0.00990099009900991	-0.00985229644301164	1.1617647058823533	2.369999999999997	0.0016633101785334934	0.0016526008784343293	65.62524180253342				
2023-04-05 07:00:00	6000	2.06	2.02	2.06	2.02	1.87	CFV.MI	1.65	1.65	1.62	1.62	1.81	1.43	-1.0	1.0	1.0	1	-1.0	-1.0	1.0	-1.0	-1.0	1.0									-1.0			1.78										-1.0			4.63	0.02	0.02	0.9	0.01	0.01	0.27	2.12	0.9	0.0	0.0	66.94					1	-0.02	-0.02	-1.2	-0.01	-0.01	-0.27	-1.2	0.0	0.0	195.49					-0.02	-0.02	-0.48	-0.01	-0.01	-0.19	-0.48	0.0	0.0	74.85					-0.02	-0.02	0.66	-0.01	-0.01	0.34	0.66	0.0	0.0	98.93					0.020000000000000018	0.020000000000000018	2.389999999999997	0.009803921568627416	0.009852296443011594	1.1831683168316833	2.389999999999997	0.0017322762536345743	0.0017213573402592441	66.94049798313185				
2023-04-06 07:00:00	2000	2.0	1.98	2.0	1.98	1.83	CFV.MI	1.58	1.58	1.57	1.57	1.81	1.43	-1.0	1.0	1.0	1	-1.0	-1.0	1.0	-1.0	-1.0	1.0		1.98		1.98					-1.0			1.78		1.57								-1.0			4.63	0.04	0.04	0.94	0.02	0.02	0.3	2.12	0.94	0.0	0.0	68.15					1	-0.04	-0.04	-1.24	-0.02	-0.02	-0.28	-1.24	0.0	0.0	167.99					-0.04	-0.04	-0.52	-0.02	-0.02	-0.21	-0.52	0.0	0.0	72.2					-0.04	-0.04	0.62	-0.02	-0.02	0.31	0.62	0.0	0.0	87.79					0.040000000000000036	0.040000000000000036	2.429999999999997	0.01980198019801982	0.020000666706669543	1.2272727272727275	2.429999999999997	0.0017982061552675025	0.0017870849657501964	68.1482416580739				
2023-04-11 07:00:00	2000	2.02	2.0	2.0	2.02	1.87	CFV.MI	1.57	1.58	1.57	1.58	1.81	1.43	-1.0	1.0	1.0	1	-1.0	-1.0	1.0	-1.0	-1.0	1.0									-1.0			1.78										-1.0			4.63	-0.04	-0.04	0.9	-0.02	-0.02	0.27	2.12	0.9	0.0	0.0	59.69					1	0.04	0.04	-1.2	0.02	0.02	-0.27	-1.2	0.0	0.0	174.78					0.04	0.04	-0.48	0.02	0.02	-0.19	-0.48	0.0	0.0	74.44					0.04	0.04	0.66	0.02	0.02	0.34	0.66	0.0	0.0	89.77					-0.040000000000000036	-0.040000000000000036	2.389999999999997	-0.02020202020202011	-0.020000666706669435	1.1831683168316833	2.389999999999997	0.0016333375137473054	0.0016215640816743537	59.69024664554904				
2023-04-12 07:00:00	0	2.02	2.02	2.02	2.02	1.87	CFV.MI	1.58	1.58	1.58	1.58	1.81	1.43	-1.0	1.0	1.0	1	-1.0	-1.0	1.0	-1.0	-1.0	1.0									-1.0			1.78										-1.0			4.63	-0.0	-0.0	0.9	-0.0	-0.0	0.27	2.12	0.9	0.0	0.0	59.69					1	0.0	0.0	-1.2	0.0	0.0	-0.27	-1.2	0.0	0.0	174.78					0.0	0.0	-0.48	0.0	0.0	-0.19	-0.48	0.0	0.0	74.44					0.0	0.0	0.66	0.0	0.0	0.34	0.66	0.0	0.0	89.77					-0.0	-0.0	2.389999999999997	-0.0	-0.0	1.1831683168316833	2.389999999999997	0.0016333375137473054	0.0016215640816743537	59.69024664554904				
2023-04-13 07:00:00	1000	2.06	2.06	2.06	2.06	1.91	CFV.MI	1.61	1.61	1.61	1.61	1.81	1.43	-1.0	1.0	1.0	1	-1.0	-1.0	1.0	-1.0	-1.0	1.0	2.06								-1.0			1.78	1.61									-1.0			4.63	-0.04	-0.04	0.86	-0.02	-0.02	0.25	2.12	0.86	0.0	0.0	51.75					1	0.04	0.04	-1.16	0.02	0.02	-0.25	-1.16	0.0	0.0	180.43					0.04	0.04	-0.44	0.02	0.02	-0.17	-0.44	0.0	0.0	76.49					0.04	0.04	0.7	0.02	0.02	0.37	0.7	0.0	0.0	91.58					-0.040000000000000036	-0.040000000000000036	2.349999999999997	-0.01980198019801982	-0.019608471388376337	1.1407766990291268	2.349999999999997	0.0014657237639043137	0.0014532936483229175	51.75345185732368				
2023-04-14 07:00:00	0	2.06	2.06	2.06	2.06	1.91	CFV.MI	1.59	1.59	1.59	1.59	1.81	1.43	-1.0	1.0	1.0	1	-1.0	-1.0	1.0	-1.0	-1.0	1.0									-1.0			1.78										-1.0			4.63	-0.0	-0.0	0.86	-0.0	-0.0	0.25	2.12	0.86	0.0	0.0	51.75					1	0.0	0.0	-1.16	0.0	0.0	-0.25	-1.16	0.0	0.0	180.43					0.0	0.0	-0.44	0.0	0.0	-0.17	-0.44	0.0	0.0	76.49					0.0	0.0	0.7	0.0	0.0	0.37	0.7	0.0	0.0	91.58					-0.0	-0.0	2.349999999999997	-0.0	-0.0	1.1407766990291268	2.349999999999997	0.0014657237639043137	0.0014532936483229175	51.75345185732368				
2023-04-17 07:00:00	2000	2.02	2.0	2.0	2.02	1.87	CFV.MI	1.56	1.57	1.56	1.57	1.81	1.43	-1.0	1.0	-1.0	1	-1.0	-1.0	1.0	-1.0	-1.0	1.0		2.0	2.02						-1.0			1.78										-1.0			4.63	0.04	0.04	0.9	0.02	0.02	0.27	2.12	0.9	0.0	0.0	69.65					1	-0.04	-0.04	-1.2	-0.02	-0.02	-0.27	-1.2	0.0	0.0	207.57					-0.04	-0.04	-0.48	-0.02	-0.02	-0.19	-0.48	0.0	0.0	61.66					-0.04	-0.04	0.66	-0.02	-0.02	0.34	0.66	0.0	0.0	101.7					0.040000000000000036	0.040000000000000036	2.389999999999997	0.01941747572815533	0.019608471388376313	1.1831683168316833	2.389999999999997	0.0018685074154033518	0.0018570184594581818	69.65436142677865				
2023-04-18 07:00:00	0	2.02	2.02	2.02	2.02	1.87	CFV.MI	1.56	1.56	1.56	1.56	1.8	1.43	-1.0	1.0	-1.0	1	-1.0	-1.0	1.0	-1.0	-1.0	1.0									-1.0			1.78		1.56								-1.0			4.63	-0.0	-0.0	0.9	-0.0	-0.0	0.27	2.12	0.9	0.0	0.0	82.85					1	0.0	0.0	-1.2	0.0	0.0	-0.27	-1.2	0.0	0.0	207.57					0.0	0.0	-0.48	0.0	0.0	-0.19	-0.48	0.0	0.0	56.99					0.0	0.0	0.66	0.0	0.0	0.34	0.66	0.0	0.0	118.45					-0.0	-0.0	2.389999999999997	-0.0	-0.0	1.1831683168316833	2.389999999999997	0.002076342089626376	0.002065808129064539	82.85358586257442				
2023-04-19 07:00:00	12000	2.06	1.99	2.0	2.02	1.87	CFV.MI	1.54	1.59	1.54	1.56	1.8	1.43	-1.0	1.0	-1.0	1	-1.0	-1.0	1.0	-1.0	-1.0	1.0	2.06								-1.0			1.78										-1.0			4.63	-0.0	-0.0	0.9	-0.0	-0.0	0.27	2.07	0.9	0.0	0.0	82.85					1	0.0	0.0	-1.2	0.0	0.0	-0.27	-1.2	0.0	0.0	207.57					0.0	0.0	-0.48	0.0	0.0	-0.19	-0.48	0.0	0.0	56.99					0.0	0.0	0.66	0.0	0.0	0.34	0.66	0.0	0.0	118.45					-0.0	-0.0	2.389999999999997	-0.0	-0.0	1.1831683168316833	2.389999999999997	0.002076342089626376	0.002065808129064539	82.85358586257442				
2023-04-20 07:00:00	1000	2.02	2.02	2.02	2.02	1.87	CFV.MI	1.58	1.58	1.58	1.58	1.8	1.43	-1.0	1.0	-1.0	1	-1.0	-1.0	1.0	-1.0	-1.0	1.0									-1.0			1.78	1.58									-1.0			4.63	-0.0	-0.0	0.9	-0.0	-0.0	0.27	2.07	0.9	0.0	0.0	77.13					1	0.0	0.0	-1.2	0.0	0.0	-0.27	-1.2	0.0	0.0	207.57					0.0	0.0	-0.48	0.0	0.0	-0.19	-0.48	0.0	0.0	73.58					0.0	0.0	0.66	0.0	0.0	0.34	0.66	0.0	0.0	114.25					-0.0	-0.0	2.389999999999997	-0.0	-0.0	1.1831683168316833	2.389999999999997	0.00176207485027114	0.001752462455886894	77.1292145724376				
2023-04-21 07:00:00	2000	1.99	1.98	1.99	1.98	1.83	CFV.MI	1.55	1.55	1.54	1.54	1.8	1.43	-1.0	1.0	-1.0	0	-1.0	-1.0	1.0	-1.0	-1.0	1.0		1.98							-1.0			1.78		1.54		1.54						-1.0			4.63	0.04	0.04	0.94	0.02	0.02	0.3	2.07	0.94	0.0	0.0	93.28					1	-0.04	-0.04	-1.24	-0.02	-0.02	-0.28	-1.24	0.0	0.0	183.06					-0.04	-0.04	-0.52	-0.02	-0.02	-0.21	-0.52	0.0	0.0	58.97					-0.04	-0.04	0.62	-0.02	-0.02	0.31	0.62	0.0	0.0	118.41					0.040000000000000036	0.040000000000000036	2.429999999999997	0.01980198019801982	0.020000666706669543	1.2272727272727275	2.429999999999997	0.002087165396639716	0.002077941784554449	93.27879660727942				
2023-04-24 07:00:00	1000	1.98	1.98	1.98	1.98	1.83	CFV.MI	1.55	1.55	1.55	1.55	1.8	1.43	-1.0	1.0	-1.0	0	-1.0	-1.0	1.0	-1.0	-1.0	1.0									-1.0			1.78										-1.0			4.63	-0.0	-0.0	0.94	-0.0	-0.0	0.3	2.07	0.94	0.0	0.0	91.36					1	0.0	0.0	-1.24	0.0	0.0	-0.28	-1.24	0.0	0.0	183.06					0.0	0.0	-0.52	0.0	0.0	-0.21	-0.52	0.0	0.0	67.56					0.0	0.0	0.62	0.0	0.0	0.31	0.62	0.0	0.0	116.85					-0.0	-0.0	2.429999999999997	-0.0	-0.0	1.2272727272727275	2.429999999999997	0.001980929000635058	0.0019719942056926065	91.36039088298247				
2023-04-25 07:00:00	2000	1.99	1.99	1.99	1.99	1.84	CFV.MI	1.57	1.57	1.57	1.57	1.8	1.43	-1.0	1.0	-1.0	0	-1.0	-1.0	1.0	-1.0	-1.0	1.0	1.99								-1.0			1.78										-1.0			4.63	-0.01	-0.01	0.93	-0.01	-0.01	0.29	2.07	0.93	0.0	0.0	85.44					1	0.0	0.0	-1.24	0.0	0.0	-0.28	-1.24	0.0	0.0	183.06					0.01	0.01	-0.51	0.01	0.01	-0.2	-0.51	0.0	0.0	68.35					0.01	0.01	0.63	0.01	0.01	0.32	0.63	0.0	0.0	117.39					-0.010000000000000009	-0.010000000000000009	2.4199999999999973	-0.005050505050504972	-0.005037794029957081	1.2160804020100509	2.4199999999999973	0.0018726851409030314	0.0018634735984148776	85.4388153701299				
2023-04-26 07:00:00	5000	1.99	1.98	1.99	1.98	1.83	CFV.MI	1.58	1.58	1.58	1.58	1.77	1.43	-1.0	1.0	-1.0	0	-1.0	-1.0	1.0	-1.0	-1.0	1.0		1.98							-1.0			1.78										-1.0			4.63	0.01	0.01	0.94	0.01	0.01	0.3	2.07	0.94	0.0	0.0	92.01					1	-0.0	-0.0	-1.24	-0.0	-0.0	-0.28	-1.24	0.0	0.0	183.06					-0.01	-0.01	-0.52	-0.01	-0.01	-0.21	-0.52	0.0	0.0	61.79					-0.01	-0.01	0.62	-0.01	-0.01	0.31	0.62	0.0	0.0	117.37					0.010000000000000009	0.010000000000000009	2.429999999999997	0.005025125628140725	0.005037794029957181	1.227272727272728	2.429999999999997	0.002016624106849157	0.002007592093614452	92.01148052451433				
2023-04-27 07:00:00	2000	2.02	1.98	1.98	2.02	1.87	CFV.MI	1.57	1.6	1.57	1.6	1.77	1.43	-1.0	1.0	-1.0	0	-1.0	-1.0	1.0	-1.0	-1.0	1.0	2.02								-1.0			1.78	1.6									-1.0			4.63	-0.04	-0.04	0.9	-0.02	-0.02	0.27	2.07	0.9	0.0	0.0	80.8					1	0.0	0.0	-1.24	0.0	0.0	-0.28	-1.24	0.0	0.0	183.06					0.04	0.04	-0.48	0.02	0.02	-0.19	-0.48	0.0	0.0	70.6					0.04	0.04	0.66	0.02	0.02	0.34	0.66	0.0	0.0	118.91					-0.040000000000000036	-0.040000000000000036	2.389999999999997	-0.02020202020202011	-0.020000666706669435	1.1831683168316842	2.389999999999997	0.001827897531698546	0.001818387415225109	80.8040644753628				
2023-04-28 07:00:00	1000	1.97	1.97	1.97	1.97	1.83	CFV.MI	1.57	1.57	1.57	1.57	1.77	1.43	-1.0	1.0	-1.0	0	-1.0	-1.0	1.0	-1.0	-1.0	1.0		1.97							-1.0			1.78		1.57								-1.0			4.63	0.05	0.05	0.95	0.02	0.03	0.31	2.07	0.95	0.0	0.0	81.45					1	-0.0	-0.0	-1.24	-0.0	-0.0	-0.28	-1.24	0.0	0.0	183.06					-0.05	-0.05	-0.53	-0.02	-0.03	-0.21	-0.53	0.0	0.0	69.18					-0.05	-0.05	0.61	-0.02	-0.03	0.31	0.61	0.0	0.0	102.68					0.050000000000000044	0.050000000000000044	2.439999999999997	0.024752475247524774	0.025063968663216276	1.2385786802030467	2.439999999999997	0.0018612084492158408	0.0018516031528696963	81.44877026575242				
2023-05-02 07:00:00	2000	2.02	2.02	2.02	2.02	1.87	CFV.MI	1.64	1.64	1.64	1.64	1.77	1.43	-1.0	1.0	-1.0	0	-1.0	-1.0	1.0	-1.0	-1.0	1.0	2.02								-1.0			1.78	1.64		1.64							-1.0			4.63	-0.05	-0.05	0.9	-0.03	-0.03	0.27	2.06	0.9	0.0	0.0	68.76					1	0.0	0.0	-1.24	0.0	0.0	-0.28	-1.24	0.0	0.0	183.06					0.05	0.05	-0.48	0.03	0.03	-0.19	-0.48	0.0	0.0	79.89					0.05	0.05	0.66	0.03	0.03	0.34	0.66	0.0	0.0	104.27					-0.050000000000000044	-0.050000000000000044	2.389999999999997	-0.025380710659898442	-0.02506396866321622	1.1831683168316842	2.389999999999997	0.0016167640307093755	0.0016066745000140603	68.76117819580502				
2023-05-03 07:00:00	1000	1.98	1.98	1.98	1.98	1.83	CFV.MI	1.59	1.59	1.59	1.59	1.77	1.43	-1.0	1.0	-1.0	0	-1.0	-1.0	1.0	-1.0	-1.0	1.0									-1.0			1.78										-1.0			4.63	0.04	0.04	0.94	0.02	0.02	0.3	2.06	0.94	0.0	0.0	71.54					1	-0.0	-0.0	-1.24	-0.0	-0.0	-0.28	-1.24	0.0	0.0	183.06					-0.04	-0.04	-0.52	-0.02	-0.02	-0.21	-0.52	0.0	0.0	69.85					-0.04	-0.04	0.62	-0.02	-0.02	0.31	0.62	0.0	0.0	93.18					0.040000000000000036	0.040000000000000036	2.429999999999997	0.01980198019801982	0.020000666706669543	1.2272727272727284	2.429999999999997	0.001754768630985395	0.0017442600299353295	71.53787386104894				
2023-05-04 07:00:00	14000	1.97	1.88	1.97	1.94	1.8	CFV.MI	1.59	1.59	1.52	1.57	1.77	1.43	-1.0	1.0	-1.0	0	-1.0	-1.0	1.0	-1.0	-1.0	1.0									-1.0			1.78										-1.0			4.63	0.04	0.04	0.98	0.02	0.02	0.33	2.06	0.98	0.0	0.0	79.51					1	-0.0	-0.0	-1.24	-0.0	-0.0	-0.28	-1.24	0.0	0.0	183.06					-0.04	-0.04	-0.56	-0.02	-0.02	-0.22	-0.56	0.0	0.0	59.64					-0.04	-0.04	0.58	-0.02	-0.02	0.29	0.58	0.0	0.0	88.3					0.040000000000000036	0.040000000000000036	2.469999999999997	0.02020202020202022	0.020408871631207123	1.2731958762886606	2.469999999999997	0.0020122216344546284	0.0020015857151562955	79.5141038444131				
2023-05-05 07:00:00	2000	1.92	1.89	1.92	1.89	1.75	CFV.MI	1.51	1.51	1.49	1.49	1.77	1.43	-1.0	1.0	-1.0	0	-1.0	-1.0	1.0	-1.0	-1.0	1.0		1.89							-1.0			1.78										-1.0			4.63	0.05	0.05	1.03	0.03	0.03	0.36	2.06	1.03	0.0	0.0	81.32					1	-0.0	-0.0	-1.24	-0.0	-0.0	-0.28	-1.24	0.0	0.0	183.06					-0.05	-0.05	-0.61	-0.03	-0.03	-0.24	-0.61	0.0	0.0	55.71					-0.05	-0.05	0.53	-0.03	-0.03	0.26	0.53	0.0	0.0	75.56					0.050000000000000044	0.050000000000000044	2.519999999999997	0.02577319587628868	0.026111144003685773	1.3333333333333344	2.519999999999997	0.0021224601332316033	0.0021114893932523415	81.32434970385563				
2023-05-08 07:00:00	7000	1.92	1.89	1.92	1.89	1.75	CFV.MI	1.51	1.51	1.49	1.49	1.77	1.43	-1.0	1.0	-1.0	0	-1.0	-1.0	1.0	-1.0	-1.0	1.0									-1.0			1.78										-1.0			4.63	-0.0	-0.0	1.03	-0.0	-0.0	0.36	2.06	1.03	0.0	0.0	81.32					1	0.0	0.0	-1.24	0.0	0.0	-0.28	-1.24	0.0	0.0	183.06					0.0	0.0	-0.61	0.0	0.0	-0.24	-0.61	0.0	0.0	55.71					0.0	0.0	0.53	0.0	0.0	0.26	0.53	0.0	0.0	75.56					-0.0	-0.0	2.519999999999997	-0.0	-0.0	1.3333333333333344	2.519999999999997	0.0021224601332316033	0.0021114893932523415	81.32434970385563				
2023-05-09 07:00:00	6000	1.94	1.89	1.94	1.89	1.75	CFV.MI	1.53	1.53	1.49	1.49	1.77	1.43	-1.0	1.0	-1.0	0	-1.0	-1.0	1.0	-1.0	-1.0	1.0	1.94								-1.0			1.78		1.49								-1.0			4.63	-0.0	-0.0	1.03	-0.0	-0.0	0.36	2.06	1.03	0.0	0.0	80.74					1	0.0	0.0	-1.24	0.0	0.0	-0.28	-1.24	0.0	0.0	183.06					0.0	0.0	-0.61	0.0	0.0	-0.24	-0.61	0.0	0.0	60.92					0.0	0.0	0.53	0.0	0.0	0.26	0.53	0.0	0.0	74.94					-0.0	-0.0	2.519999999999997	-0.0	-0.0	1.3333333333333344	2.519999999999997	0.00208590652536354	0.0020750473799149294	80.73639929007533				
2023-05-10 07:00:00	0	1.89	1.89	1.89	1.89	1.75	CFV.MI	1.5	1.5	1.5	1.5	1.77	1.43	-1.0	1.0	-1.0	0	-1.0	-1.0	1.0	-1.0	-1.0	1.0		1.89							-1.0			1.78										-1.0			4.63	-0.0	-0.0	1.03	-0.0	-0.0	0.36	2.06	1.03	0.0	0.0	80.74					1	0.0	0.0	-1.24	0.0	0.0	-0.28	-1.24	0.0	0.0	183.06					0.0	0.0	-0.61	0.0	0.0	-0.24	-0.61	0.0	0.0	60.92					0.0	0.0	0.53	0.0	0.0	0.26	0.53	0.0	0.0	74.94					-0.0	-0.0	2.519999999999997	-0.0	-0.0	1.3333333333333344	2.519999999999997	0.00208590652536354	0.0020750473799149294	80.73639929007533				
2023-05-11 07:00:00	2000	1.9	1.89	1.9	1.89	1.75	CFV.MI	1.51	1.51	1.5	1.5	1.77	1.43	-1.0	1.0	-1.0	0	-1.0	-1.0	1.0	-1.0	-1.0	1.0									-1.0			1.78										-1.0			4.63	-0.0	-0.0	1.03	-0.0	-0.0	0.36	2.06	1.03	0.0	0.0	80.13					1	0.0	0.0	-1.24	0.0	0.0	-0.28	-1.24	0.0	0.0	183.06					0.0	0.0	-0.61	0.0	0.0	-0.24	-0.61	0.0	0.0	66.2					0.0	0.0	0.53	0.0	0.0	0.26	0.53	0.0	0.0	74.31					-0.0	-0.0	2.519999999999997	-0.0	-0.0	1.3333333333333344	2.519999999999997	0.0020491610341605345	0.002038413496581404	80.13318755627029				
2023-05-12 07:00:00	29000	1.99	1.88	1.92	1.94	1.8	CFV.MI	1.51	1.57	1.48	1.53	1.77	1.43	-1.0	1.0	-1.0	0	-1.0	-1.0	1.0	-1.0	-1.0	1.0	1.99		1.99						-1.0			1.78	1.57									-1.0			4.63	-0.05	-0.05	0.98	-0.03	-0.03	0.33	2.06	0.98	0.0	0.0	68.11					1	0.0	0.0	-1.24	0.0	0.0	-0.28	-1.24	0.0	0.0	183.06					0.05	0.05	-0.56	0.03	0.03	-0.22	-0.56	0.0	0.0	76.14					0.05	0.05	0.58	0.03	0.03	0.29	0.58	0.0	0.0	76.14					-0.050000000000000044	-0.050000000000000044	2.469999999999997	-0.02645502645502651	-0.026111144003685804	1.2731958762886606	2.469999999999997	0.0017940611459355878	0.001782773456909581	68.11351230739317				
2023-05-15 07:00:00	9000	1.89	1.84	1.88	1.89	1.85	CFV.MI	1.49	1.5	1.46	1.5	1.77	1.43	-1.0	1.0	-1.0	-1	-1.0	-1.0	1.0	-1.0	-1.0	1.0									-1.0			1.78										-1.0			4.63	0.05	0.05	1.03	0.03	0.03	0.36	2.06	1.03	0.0	0.0	71.22					1	-0.0	-0.0	-1.24	-0.0	-0.0	-0.28	-1.24	0.0	0.0	183.06					-0.05	-0.05	-0.61	-0.03	-0.03	-0.24	-0.61	0.0	0.0	65.53					-0.05	-0.05	0.53	-0.03	-0.03	0.26	0.53	0.0	0.0	65.53					0.050000000000000044	0.050000000000000044	2.519999999999997	0.02577319587628868	0.026111144003685773	1.3333333333333344	2.519999999999997	0.0019742280395610196	0.001962360384957007	71.21778262041197				
2023-05-16 07:00:00	18000	1.87	1.81	1.85	1.86	1.82	CFV.MI	1.47	1.48	1.44	1.47	1.77	1.43	-1.0	1.0	-1.0	-1	-1.0	-1.0	1.0	-1.0	-1.0	1.0		1.81		1.81					-1.0			1.78		1.44		1.44						-1.0			4.63	0.03	0.03	1.06	0.02	0.02	0.38	2.06	1.06	0.0	0.0	71.81					1	0.03	0.03	-1.21	0.02	0.02	-0.27	-1.21	0.0	0.0	184.52					-0.03	-0.03	-0.64	-0.02	-0.02	-0.25	-0.64	0.0	0.0	64.25					-0.03	-0.03	0.5	-0.02	-0.02	0.24	0.5	0.0	0.0	64.25					0.029999999999999805	0.029999999999999805	2.5499999999999967	0.015873015873015817	0.016000341346441075	1.3709677419354849	2.5499999999999967	0.0020108328999459035	0.0019988456450312775	71.81103909921345				
2023-05-17 07:00:00	13000	1.91	1.83	1.85	1.86	1.82	CFV.MI	1.47	1.51	1.45	1.48	1.77	1.43	-1.0	1.0	-1.0	-1	-1.0	-1.0	1.0	-1.0	-1.0	1.0									-1.0			1.78	1.51									-1.0			4.63	-0.0	-0.0	1.06	-0.0	-0.0	0.38	2.06	1.06	0.0	0.0	71.81					1	-0.0	-0.0	-1.21	-0.0	-0.0	-0.27	-1.21	0.0	0.0	184.52					0.0	0.0	-0.64	0.0	0.0	-0.25	-0.64	0.0	0.0	64.25					0.0	0.0	0.5	0.0	0.0	0.24	0.5	0.0	0.0	64.25					-0.0	-0.0	2.5499999999999967	-0.0	-0.0	1.3709677419354849	2.5499999999999967	0.0020108328999459035	0.0019988456450312775	71.81103909921345				
2023-05-18 07:00:00	2000	1.88	1.85	1.85	1.88	1.84	CFV.MI	1.46	1.49	1.46	1.49	1.77	1.43	-1.0	1.0	-1.0	-1	-1.0	-1.0	1.0	-1.0	-1.0	1.0									-1.0			1.78										-1.0			4.63	-0.02	-0.02	1.04	-0.01	-0.01	0.37	2.02	1.04	0.0	0.0	64.22					1	-0.02	-0.02	-1.23	-0.01	-0.01	-0.28	-1.23	0.0	0.0	166.12					0.02	0.02	-0.62	0.01	0.01	-0.25	-0.62	0.0	0.0	71.91					0.02	0.02	0.52	0.01	0.01	0.25	0.52	0.0	0.0	71.91					-0.019999999999999796	-0.019999999999999796	2.5299999999999967	-0.010752688172043001	-0.01069528911674795	1.3457446808510647	2.5299999999999967	0.0017972604347401752	0.0017850676102733054	64.22447405915369				
2023-05-19 07:00:00	0	1.88	1.88	1.88	1.88	1.84	CFV.MI	1.47	1.47	1.47	1.47	1.77	1.43	-1.0	1.0	-1.0	-1	-1.0	-1.0	1.0	-1.0	-1.0	1.0	1.88								-1.0			1.78										-1.0			4.63	-0.0	-0.0	1.04	-0.0	-0.0	0.37	2.02	1.04	0.0	0.0	62.2					1	-0.0	-0.0	-1.23	-0.0	-0.0	-0.28	-1.23	0.0	0.0	160.7					0.0	0.0	-0.62	0.0	0.0	-0.25	-0.62	0.0	0.0	80.05					0.0	0.0	0.52	0.0	0.0	0.25	0.52	0.0	0.0	80.05					-0.0	-0.0	2.5299999999999967	-0.0	-0.0	1.3457446808510647	2.5299999999999967	0.001685477095606689	0.0016736592912314219	62.20257955889801				
2023-05-22 07:00:00	3000	1.86	1.84	1.86	1.84	1.8	CFV.MI	1.47	1.47	1.45	1.45	1.77	1.43	-1.0	1.0	-1.0	-1	-1.0	-1.0	1.0	-1.0	-1.0	1.0									-1.0			1.78		1.45								-1.0			4.63	0.04	0.04	1.08	0.02	0.02	0.4	2.02	1.08	0.0	0.0	62.81					1	0.04	0.04	-1.19	0.02	0.02	-0.26	-1.19	0.0	0.0	162.35					-0.04	-0.04	-0.66	-0.02	-0.02	-0.26	-0.66	0.0	0.0	78.75					-0.04	-0.04	0.48	-0.02	-0.02	0.22	0.48	0.0	0.0	78.75					0.039999999999999813	0.039999999999999813	2.5699999999999967	0.02127659574468077	0.021506205220963505	1.3967391304347831	2.5699999999999967	0.0017180676204878044	0.0017061410808736355	62.80561304768187				
2023-05-23 07:00:00	0	1.84	1.84	1.84	1.84	1.8	CFV.MI	1.46	1.46	1.46	1.46	1.77	1.43	-1.0	1.0	-1.0	-1	-1.0	-1.0	1.0	-1.0	-1.0	1.0									-1.0			1.78										-1.0			4.63	-0.0	-0.0	1.08	-0.0	-0.0	0.4	2.02	1.08	0.0	0.0	62.81					1	-0.0	-0.0	-1.19	-0.0	-0.0	-0.26	-1.19	0.0	0.0	162.35					0.0	0.0	-0.66	0.0	0.0	-0.26	-0.66	0.0	0.0	78.75					0.0	0.0	0.48	0.0	0.0	0.22	0.48	0.0	0.0	78.75					-0.0	-0.0	2.5699999999999967	-0.0	-0.0	1.3967391304347831	2.5699999999999967	0.0017180676204878044	0.0017061410808736355	62.80561304768187				
2023-05-24 07:00:00	3000	1.85	1.84	1.85	1.84	1.8	CFV.MI	1.5	1.5	1.5	1.5	1.77	1.43	-1.0	1.0	-1.0	-1	-1.0	-1.0	1.0	-1.0	-1.0	1.0									-1.0			1.78	1.5									-1.0			4.63	-0.0	-0.0	1.08	-0.0	-0.0	0.4	2.02	1.08	0.0	0.0	73.54					1	-0.0	-0.0	-1.19	-0.0	-0.0	-0.26	-1.19	0.0	0.0	192.46					0.0	0.0	-0.66	0.0	0.0	-0.26	-0.66	0.0	0.0	75.64					0.0	0.0	0.48	0.0	0.0	0.22	0.48	0.0	0.0	75.64					-0.0	-0.0	2.5699999999999967	-0.0	-0.0	1.3967391304347831	2.5699999999999967	0.0019086028360058723	0.0018974928802775182	73.54470177792767				
2023-05-25 07:00:00	0	1.84	1.84	1.84	1.84	1.8	CFV.MI	1.5	1.5	1.5	1.5	1.77	1.43	-1.0	1.0	-1.0	-1	-1.0	-1.0	1.0	-1.0	-1.0	1.0		1.84							-1.0			1.78										-1.0			4.63	-0.0	-0.0	1.08	-0.0	-0.0	0.4	2.02	1.08	0.0	0.0	73.54					1	-0.0	-0.0	-1.19	-0.0	-0.0	-0.26	-1.19	0.0	0.0	192.46					0.0	0.0	-0.66	0.0	0.0	-0.26	-0.66	0.0	0.0	75.64					0.0	0.0	0.48	0.0	0.0	0.22	0.48	0.0	0.0	75.64					-0.0	-0.0	2.5699999999999967	-0.0	-0.0	1.3967391304347831	2.5699999999999967	0.0019086028360058723	0.0018974928802775182	73.54470177792767				
2023-05-26 07:00:00	0	1.84	1.84	1.84	1.84	1.8	CFV.MI	1.49	1.49	1.49	1.49	1.77	1.43	-1.0	1.0	-1.0	-1	-1.0	-1.0	1.0	-1.0	-1.0	1.0									-1.0			1.78										-1.0			4.63	-0.0	-0.0	1.08	-0.0	-0.0	0.4	2.02	1.08	0.0	0.0	73.54					1	-0.0	-0.0	-1.19	-0.0	-0.0	-0.26	-1.19	0.0	0.0	192.46					0.0	0.0	-0.66	0.0	0.0	-0.26	-0.66	0.0	0.0	75.64					0.0	0.0	0.48	0.0	0.0	0.22	0.48	0.0	0.0	75.64					-0.0	-0.0	2.5699999999999967	-0.0	-0.0	1.3967391304347831	2.5699999999999967	0.0019086028360058723	0.0018974928802775182	73.54470177792767				
2023-05-29 07:00:00	0	1.84	1.84	1.84	1.84	1.8	CFV.MI	1.49	1.49	1.49	1.49	1.77	1.43	-1.0	1.0	-1.0	-1	-1.0	-1.0	1.0	-1.0	-1.0	1.0									-1.0			1.78		1.49								-1.0			4.63	-0.0	-0.0	1.08	-0.0	-0.0	0.4	2.02	1.08	0.0	0.0	86.66					1	-0.0	-0.0	-1.19	-0.0	-0.0	-0.26	-1.19	0.0	0.0	233.02					0.0	0.0	-0.66	0.0	0.0	-0.26	-0.66	0.0	0.0	71.58					0.0	0.0	0.48	0.0	0.0	0.22	0.48	0.0	0.0	71.58					-0.0	-0.0	2.5699999999999967	-0.0	-0.0	1.3967391304347831	2.5699999999999967	0.0021072723100207303	0.002097046242337086	86.65870951851409				
2023-05-30 07:00:00	2000	1.84	1.84	1.84	1.84	1.8	CFV.MI	1.49	1.49	1.49	1.49	1.77	1.43	-1.0	1.0	-1.0	-1	-1.0	-1.0	1.0	-1.0	-1.0	1.0									-1.0			1.78										-1.0			4.63	-0.0	-0.0	1.08	-0.0	-0.0	0.4	1.99	1.08	0.0	0.0	92.36					1	-0.0	-0.0	-1.19	-0.0	-0.0	-0.26	-1.19	0.0	0.0	247.15					0.0	0.0	-0.66	0.0	0.0	-0.26	-0.66	0.0	0.0	70.86					0.0	0.0	0.48	0.0	0.0	0.22	0.48	0.0	0.0	70.86					-0.0	-0.0	2.5699999999999967	-0.0	-0.0	1.3967391304347831	2.5699999999999967	0.00222123657675155	0.0022113171032158707	92.36095433663422				
2023-05-31 07:00:00	1000	1.87	1.87	1.87	1.87	1.83	CFV.MI	1.55	1.55	1.55	1.55	1.77	1.43	-1.0	1.0	-1.0	-1	-1.0	-1.0	1.0	-1.0	-1.0	1.0	1.87								-1.0			1.78	1.55		1.55							-1.0			4.63	-0.03	-0.03	1.05	-0.02	-0.02	0.38	1.99	1.05	0.0	0.0	80.13					1	-0.03	-0.03	-1.22	-0.02	-0.02	-0.27	-1.22	0.0	0.0	211.85					0.03	0.03	-0.63	0.02	0.02	-0.25	-0.63	0.0	0.0	84.7					0.03	0.03	0.51	0.02	0.02	0.24	0.51	0.0	0.0	84.7					-0.030000000000000027	-0.030000000000000027	2.5399999999999965	-0.016304347826086918	-0.016172859245600968	1.3582887700534765	2.5399999999999965	0.001887907174011331	0.0018780036966639102	80.13136693417405				
2023-06-01 07:00:00	1000	1.84	1.84	1.84	1.84	1.8	CFV.MI	1.49	1.49	1.49	1.49	1.77	1.43	-1.0	1.0	-1.0	-1	-1.0	-1.0	1.0	-1.0	-1.0	1.0		1.84							-1.0			1.78										-1.0			4.63	0.03	0.03	1.08	0.02	0.02	0.4	1.99	1.08	0.0	0.0	98.06					1	0.03	0.03	-1.19	0.02	0.02	-0.26	-1.19	0.0	0.0	271.61					-0.03	-0.03	-0.66	-0.02	-0.02	-0.26	-0.66	0.0	0.0	70.72					-0.03	-0.03	0.48	-0.02	-0.02	0.22	0.48	0.0	0.0	70.72					0.030000000000000027	0.030000000000000027	2.5699999999999967	0.016042780748663166	0.016172859245601072	1.3967391304347836	2.5699999999999967	0.0022075227174531546	0.002198229791775086	98.06422555156085				
2023-06-02 07:00:00	0	1.84	1.84	1.84	1.84	1.8	CFV.MI	1.47	1.47	1.47	1.47	1.77	1.43	-1.0	1.0	-1.0	-1	-1.0	-1.0	1.0	-1.0	-1.0	1.0									-1.0			1.78		1.47								-1.0			4.63	-0.0	-0.0	1.08	-0.0	-0.0	0.4	1.99	1.08	0.0	0.0	113.83					1	-0.0	-0.0	-1.19	-0.0	-0.0	-0.26	-1.19	0.0	0.0	271.61					0.0	0.0	-0.66	0.0	0.0	-0.26	-0.66	0.0	0.0	65.75					0.0	0.0	0.48	0.0	0.0	0.22	0.48	0.0	0.0	65.75					-0.0	-0.0	2.5699999999999967	-0.0	-0.0	1.3967391304347836	2.5699999999999967	0.0023886702495943112	0.0023801526115452276	113.83263055359294				
2023-06-05 07:00:00	3000	1.87	1.87	1.87	1.87	1.83	CFV.MI	1.5	1.5	1.5	1.5	1.77	1.43	-1.0	1.0	-1.0	-1	-1.0	-1.0	1.0	-1.0	-1.0	1.0									-1.0			1.78	1.5									-1.0			4.63	-0.03	-0.03	1.05	-0.02	-0.02	0.38	1.99	1.05	0.0	0.0	103.27					1	-0.03	-0.03	-1.22	-0.02	-0.02	-0.27	-1.22	0.0	0.0	241.72					0.03	0.03	-0.63	0.02	0.02	-0.25	-0.63	0.0	0.0	68.45					0.03	0.03	0.51	0.02	0.02	0.24	0.51	0.0	0.0	68.45					-0.030000000000000027	-0.030000000000000027	2.5399999999999965	-0.016304347826086918	-0.016172859245600968	1.358288770053477	2.5399999999999965	0.002249859235774497	0.0022408505176083615	103.26814289299246				
2023-06-06 07:00:00	0	1.87	1.87	1.87	1.87	1.83	CFV.MI	1.49	1.49	1.49	1.49	1.77	1.43	-1.0	1.0	-1.0	-1	-1.0	-1.0	1.0	-1.0	-1.0	1.0	1.87								-1.0			1.78										-1.0			4.63	-0.0	-0.0	1.05	-0.0	-0.0	0.38	1.99	1.05	0.0	0.0	103.27					1	-0.0	-0.0	-1.22	-0.0	-0.0	-0.27	-1.22	0.0	0.0	241.72					0.0	0.0	-0.63	0.0	0.0	-0.25	-0.63	0.0	0.0	68.45					0.0	0.0	0.51	0.0	0.0	0.24	0.51	0.0	0.0	68.45					-0.0	-0.0	2.5399999999999965	-0.0	-0.0	1.358288770053477	2.5399999999999965	0.002249859235774497	0.0022408505176083615	103.26814289299246				
2023-06-07 07:00:00	1000	1.87	1.87	1.87	1.87	1.83	CFV.MI	1.49	1.49	1.49	1.49	1.77	1.43	-1.0	1.0	-1.0	-1	-1.0	-1.0	1.0	-1.0	-1.0	1.0									-1.0			1.78										-1.0			4.63	-0.0	-0.0	1.05	-0.0	-0.0	0.38	1.99	1.05	0.0	0.0	102.05					1	-0.0	-0.0	-1.22	-0.0	-0.0	-0.27	-1.22	0.0	0.0	241.72					0.0	0.0	-0.63	0.0	0.0	-0.25	-0.63	0.0	0.0	75.69					0.0	0.0	0.51	0.0	0.0	0.24	0.51	0.0	0.0	75.69					-0.0	-0.0	2.5399999999999965	-0.0	-0.0	1.358288770053477	2.5399999999999965	0.00217777739837997	0.002168962814331543	102.0474547933149				
2023-06-08 07:00:00	5000	1.85	1.84	1.85	1.85	1.81	CFV.MI	1.46	1.46	1.45	1.46	1.77	1.43	-1.0	1.0	-1.0	-1	-1.0	-1.0	1.0	-1.0	-1.0	1.0									-1.0			1.78		1.45								-1.0			4.63	0.02	0.02	1.07	0.01	0.01	0.39	1.99	1.07	0.0	0.0	124.07					1	0.02	0.02	-1.2	0.01	0.01	-0.26	-1.2	0.0	0.0	245.14					-0.02	-0.02	-0.65	-0.01	-0.01	-0.26	-0.65	0.0	0.0	61.2					-0.02	-0.02	0.49	-0.01	-0.01	0.23	0.49	0.0	0.0	61.2					0.020000000000000018	0.020000000000000018	2.5599999999999965	0.010695187165775444	0.01075279177626185	1.3837837837837847	2.5599999999999965	0.0024597242068731427	0.002451632856746988	124.06924784250143				
2023-06-09 07:00:00	0	1.85	1.85	1.85	1.85	1.81	CFV.MI	1.47	1.47	1.47	1.47	1.77	1.43	-1.0	1.0	-1.0	-1	-1.0	-1.0	1.0	-1.0	-1.0	1.0									-1.0			1.78	1.47									-1.0			4.63	-0.0	-0.0	1.07	-0.0	-0.0	0.39	1.91	1.07	0.0	0.0	124.07					1	-0.0	-0.0	-1.2	-0.0	-0.0	-0.26	-1.2	0.0	0.0	245.14					0.0	0.0	-0.65	0.0	0.0	-0.26	-0.65	0.0	0.0	61.2					0.0	0.0	0.49	0.0	0.0	0.23	0.49	0.0	0.0	61.2					-0.0	-0.0	2.5599999999999965	-0.0	-0.0	1.3837837837837847	2.5599999999999965	0.0024597242068731427	0.002451632856746988	124.06924784250143				
2023-06-12 07:00:00	6000	1.85	1.84	1.85	1.84	1.8	CFV.MI	1.46	1.46	1.45	1.45	1.77	1.43	-1.0	1.0	-1.0	-1	-1.0	-1.0	1.0	-1.0	-1.0	1.0		1.84							-1.0			1.78										-1.0			4.63	0.01	0.01	1.08	0.01	0.01	0.4	1.91	1.08	0.0	0.0	124.68					1	0.01	0.01	-1.19	0.01	0.01	-0.26	-1.19	0.0	0.0	246.75					-0.01	-0.01	-0.66	-0.01	-0.01	-0.26	-0.66	0.0	0.0	55.2					-0.01	-0.01	0.48	-0.01	-0.01	0.22	0.48	0.0	0.0	55.2					0.010000000000000009	0.010000000000000009	2.5699999999999967	0.005405405405405461	0.005420067469339256	1.3967391304347836	2.5699999999999967	0.0024987486926523854	0.0024905593284438865	124.67746906591361				
2023-06-13 07:00:00	13000	1.85	1.84	1.85	1.84	1.8	CFV.MI	1.45	1.45	1.44	1.44	1.77	1.43	-1.0	1.0	-1.0	-1	-1.0	-1.0	1.0	-1.0	-1.0	1.0									-1.0			1.78										-1.0			4.63	-0.0	-0.0	1.08	-0.0	-0.0	0.4	1.91	1.08	0.0	0.0	124.68					1	-0.0	-0.0	-1.19	-0.0	-0.0	-0.26	-1.19	0.0	0.0	246.75					0.0	0.0	-0.66	0.0	0.0	-0.26	-0.66	0.0	0.0	55.2					0.0	0.0	0.48	0.0	0.0	0.22	0.48	0.0	0.0	55.2					-0.0	-0.0	2.5699999999999967	-0.0	-0.0	1.3967391304347836	2.5699999999999967	0.0024987486926523854	0.0024905593284438865	124.67746906591361				
2023-06-14 07:00:00	3000	1.86	1.85	1.86	1.85	1.81	CFV.MI	1.44	1.44	1.43	1.43	1.77	1.43	-1.0	-1.0	-1.0	-1	-1.0	-1.0	1.0	-1.0	-1.0	1.0									-1.0			1.78		1.43		1.43						-1.0			4.63	-0.01	-0.01	1.07	-0.01	-0.01	0.39	1.88	1.07	0.0	0.0	128.93					1	-0.01	-0.01	-1.2	-0.01	-0.01	-0.26	-1.2	0.0	0.0	232.33					0.01	0.01	-0.65	0.01	0.01	-0.26	-0.65	0.0	0.0	53.32					0.01	0.01	0.49	0.01	0.01	0.23	0.49	0.0	0.0	53.32					-0.010000000000000009	-0.010000000000000009	2.559999999999997	-0.005434782608695565	-0.005420067469339113	1.3837837837837852	2.559999999999997	0.0025244491421174634	0.0025164261533849874	128.92528354518865				
2023-06-15 07:00:00	3000	1.86	1.86	1.86	1.86	1.82	CFV.MI	1.45	1.45	1.45	1.45	1.77	1.43	-1.0	-1.0	-1.0	-1	-1.0	-1.0	1.0	-1.0	-1.0	1.0									-1.0			1.78	1.45									-1.0			4.63	-0.01	-0.01	1.06	-0.01	-0.01	0.38	1.88	1.06	0.0	0.0	118.93					1	-0.01	-0.01	-1.21	-0.01	-0.01	-0.27	-1.21	0.0	0.0	218.35					0.01	0.01	-0.64	0.01	0.01	-0.25	-0.64	0.0	0.0	65.99					0.01	0.01	0.5	0.01	0.01	0.24	0.5	0.0	0.0	65.99					-0.010000000000000009	-0.010000000000000009	2.549999999999997	-0.00540540540540535	-0.005390848634876373	1.3709677419354853	2.549999999999997	0.002246002250387018	0.002238153706107804	118.930480714358				
2023-06-16 07:00:00	0	1.86	1.86	1.86	1.86	1.82	CFV.MI	1.44	1.44	1.44	1.44	1.77	1.43	-1.0	-1.0	-1.0	-1	-1.0	-1.0	1.0	-1.0	-1.0	1.0	1.86								-1.0			1.78		1.44								-1.0			4.63	-0.0	-0.0	1.06	-0.0	-0.0	0.38	1.87	1.06	0.0	0.0	130.61					1	-0.0	-0.0	-1.21	-0.0	-0.0	-0.27	-1.21	0.0	0.0	218.35					0.0	0.0	-0.64	0.0	0.0	-0.25	-0.64	0.0	0.0	62.95					0.0	0.0	0.5	0.0	0.0	0.24	0.5	0.0	0.0	62.95					-0.0	-0.0	2.549999999999997	-0.0	-0.0	1.3709677419354853	2.549999999999997	0.002374585264581997	0.0023671583763660298	130.61066083941768				
2023-06-19 07:00:00	0	1.86	1.86	1.86	1.86	1.82	CFV.MI	1.45	1.45	1.45	1.45	1.77	1.43	-1.0	-1.0	-1.0	-1	-1.0	-1.0	1.0	-1.0	-1.0	1.0									-1.0			1.78										-1.0			4.63	-0.0	-0.0	1.06	-0.0	-0.0	0.38	1.87	1.06	0.0	0.0	128.74					1	-0.0	-0.0	-1.21	-0.0	-0.0	-0.27	-1.21	0.0	0.0	218.35					0.0	0.0	-0.64	0.0	0.0	-0.25	-0.64	0.0	0.0	72.33					0.0	0.0	0.5	0.0	0.0	0.24	0.5	0.0	0.0	72.33					-0.0	-0.0	2.549999999999997	-0.0	-0.0	1.3709677419354853	2.549999999999997	0.0022684408360741327	0.0022612664359347168	128.74483251087105				
2023-06-20 07:00:00	2000	1.86	1.85	1.86	1.85	1.81	CFV.MI	1.45	1.45	1.45	1.45	1.77	1.43	-1.0	-1.0	-1.0	-1	-1.0	-1.0	1.0	-1.0	-1.0	1.0									-1.0			1.78										-1.0			4.63	0.01	0.01	1.07	0.01	0.01	0.39	1.87	1.07	0.0	0.0	141.94					1	0.01	0.01	-1.2	0.01	0.01	-0.26	-1.2	0.0	0.0	215.21					-0.01	-0.01	-0.65	-0.01	-0.01	-0.26	-0.65	0.0	0.0	62.55					-0.01	-0.01	0.49	-0.01	-0.01	0.23	0.49	0.0	0.0	62.55					0.010000000000000009	0.010000000000000009	2.559999999999997	0.005376344086021501	0.005390848634876423	1.3837837837837852	2.559999999999997	0.002431954360782549	0.0024250953043836176	141.93550025839022				
2023-06-21 07:00:00	0	1.85	1.85	1.85	1.85	1.81	CFV.MI	1.45	1.45	1.45	1.45	1.77	1.43	-1.0	-1.0	-1.0	-1	-1.0	-1.0	1.0	-1.0	-1.0	1.0		1.85							-1.0			1.78										-1.0			4.63	-0.0	-0.0	1.07	-0.0	-0.0	0.39	1.87	1.07	0.0	0.0	141.94					1	-0.0	-0.0	-1.2	-0.0	-0.0	-0.26	-1.2	0.0	0.0	215.21					0.0	0.0	-0.65	0.0	0.0	-0.26	-0.65	0.0	0.0	62.55					0.0	0.0	0.49	0.0	0.0	0.23	0.49	0.0	0.0	62.55					-0.0	-0.0	2.559999999999997	-0.0	-0.0	1.3837837837837852	2.559999999999997	0.002431954360782549	0.0024250953043836176	141.93550025839022				
2023-06-22 07:00:00	0	1.85	1.85	1.85	1.85	1.81	CFV.MI	1.46	1.46	1.46	1.46	1.77	1.43	-1.0	-1.0	-1.0	-1	-1.0	-1.0	1.0	-1.0	-1.0	1.0									-1.0			1.78										-1.0			4.63	-0.0	-0.0	1.07	-0.0	-0.0	0.39	1.87	1.07	0.0	0.0	136.58					1	-0.0	-0.0	-1.2	-0.0	-0.0	-0.26	-1.2	0.0	0.0	275.96					0.0	0.0	-0.65	0.0	0.0	-0.26	-0.65	0.0	0.0	81.3					0.0	0.0	0.49	0.0	0.0	0.23	0.49	0.0	0.0	81.3					-0.0	-0.0	2.559999999999997	-0.0	-0.0	1.3837837837837852	2.559999999999997	0.002141368732859486	0.0021351476039097594	136.5825917167969				
2023-06-23 07:00:00	3000	1.88	1.86	1.86	1.88	1.84	CFV.MI	1.47	1.49	1.47	1.49	1.77	1.43	-1.0	-1.0	-1.0	0	-1.0	-1.0	1.0	-1.0	-1.0	1.0									-1.0			1.78										-1.0			4.63	-0.03	-0.03	1.04	-0.02	-0.02	0.37	1.88	1.04	0.0	0.0	123.22					1	-0.03	-0.03	-1.23	-0.02	-0.02	-0.28	-1.23	0.0	0.0	244.25					0.03	0.03	-0.62	0.02	0.02	-0.25	-0.62	0.0	0.0	84.75					0.03	0.03	0.52	0.02	0.02	0.25	0.52	0.0	0.0	84.75					-0.029999999999999805	-0.029999999999999805	2.529999999999997	-0.01621621621621605	-0.016086137751624225	1.3457446808510656	2.529999999999997	0.0020168871465218443	0.0020102632373817375	123.22368721124592				
2023-06-26 07:00:00	0	1.88	1.88	1.88	1.88	1.84	CFV.MI	1.49	1.49	1.49	1.49	1.77	1.43	-1.0	-1.0	-1.0	0	-1.0	-1.0	1.0	-1.0	-1.0	1.0	1.88		1.88						-1.0			1.78	1.49		1.49							-1.0			4.63	-0.0	-0.0	1.04	-0.0	-0.0	0.37	1.88	1.04	0.0	0.0	133.37					1	0.0	0.0	-1.23	0.0	0.0	-0.28	-1.23	0.0	0.0	240.57					0.0	0.0	-0.62	0.0	0.0	-0.25	-0.62	0.0	0.0	82.62					0.0	0.0	0.52	0.0	0.0	0.25	0.52	0.0	0.0	82.62					-0.0	-0.0	2.529999999999997	-0.0	-0.0	1.3457446808510656	2.529999999999997	0.0021252091200936614	0.0021188936796199265	133.3696257100151				
2023-06-27 07:00:00	7000	1.85	1.82	1.85	1.84	1.8	CFV.MI	1.46	1.46	1.43	1.45	1.77	1.43	-1.0	-1.0	-1.0	-1	-1.0	-1.0	1.0	-1.0	-1.0	1.0									-1.0			1.78										-1.0			4.63	0.04	0.04	1.08	0.02	0.02	0.4	1.88	1.08	0.0	0.0	146.79					1	-0.0	-0.0	-1.23	-0.0	-0.0	-0.28	-1.23	0.0	0.0	236.59					-0.04	-0.04	-0.66	-0.02	-0.02	-0.26	-0.66	0.0	0.0	67.6					-0.04	-0.04	0.48	-0.02	-0.02	0.22	0.48	0.0	0.0	67.6					0.039999999999999813	0.039999999999999813	2.5699999999999967	0.02127659574468077	0.021506205220963505	1.396739130434784	2.5699999999999967	0.0023903941602083133	0.0023840515659467876	146.79299052826877				
2023-06-28 07:00:00	0	1.84	1.84	1.84	1.84	1.8	CFV.MI	1.44	1.44	1.44	1.44	1.77	1.43	-1.0	-1.0	-1.0	-1	-1.0	-1.0	1.0	-1.0	-1.0	1.0									-1.0			1.78										-1.0			4.63	-0.0	-0.0	1.08	-0.0	-0.0	0.4	1.88	1.08	0.0	0.0	146.15					1	-0.0	-0.0	-1.23	-0.0	-0.0	-0.28	-1.23	0.0	0.0	252.17					0.0	0.0	-0.66	0.0	0.0	-0.26	-0.66	0.0	0.0	74.33					0.0	0.0	0.48	0.0	0.0	0.22	0.48	0.0	0.0	74.33					-0.0	-0.0	2.5699999999999967	-0.0	-0.0	1.396739130434784	2.5699999999999967	0.0023534863530266254	0.002347221314651593	146.14582004561206				
2023-06-29 07:00:00	2000	1.83	1.81	1.81	1.83	1.79	CFV.MI	1.4	1.41	1.4	1.41	1.77	1.4	-1.0	-1.0	-1.0	-1	-1.0	-1.0	1.0	-1.0	-1.0	1.0		1.81							-1.0			1.78										-1.0			4.63	0.01	0.01	1.09	0.01	0.01	0.41	1.88	1.09	0.0	0.0	146.2					1	0.01	0.01	-1.22	0.01	0.01	-0.27	-1.22	0.0	0.0	270.26					-0.01	-0.01	-0.67	-0.01	-0.01	-0.27	-0.67	0.0	0.0	74.17					-0.01	-0.01	0.47	-0.01	-0.01	0.22	0.47	0.0	0.0	74.17					0.010000000000000009	0.010000000000000009	2.5799999999999965	0.005434782608695676	0.005449604767564703	1.409836065573772	2.5799999999999965	0.0023567206188123764	0.0023504488031498294	146.20311137225636				
2023-06-30 07:00:00	0	1.83	1.83	1.83	1.83	1.79	CFV.MI	1.4	1.4	1.4	1.4	1.77	1.4	-1.0	-1.0	-1.0	-1	-1.0	-1.0	1.0	-1.0	-1.0	1.0	1.83								-1.0			1.78										-1.0			4.63	-0.0	-0.0	1.09	-0.0	-0.0	0.41	1.88	1.09	0.0	0.0	146.2					1	-0.0	-0.0	-1.22	-0.0	-0.0	-0.27	-1.22	0.0	0.0	270.26					0.0	0.0	-0.67	0.0	0.0	-0.27	-0.67	0.0	0.0	74.17					0.0	0.0	0.47	0.0	0.0	0.22	0.47	0.0	0.0	74.17					-0.0	-0.0	2.5799999999999965	-0.0	-0.0	1.409836065573772	2.5799999999999965	0.0023567206188123764	0.0023504488031498294	146.20311137225636				
2023-07-03 07:00:00	8000	1.87	1.81	1.83	1.82	1.78	CFV.MI	1.39	1.42	1.37	1.38	1.77	1.37	-1.0	-1.0	-1.0	-1	-1.0	-1.0	1.0	-1.0	-1.0	1.0									-1.0			1.78										-1.0			4.63	0.01	0.01	1.1	0.01	0.01	0.41	1.88	1.1	0.0	0.0	146.26					1	0.01	0.01	-1.21	0.01	0.01	-0.27	-1.21	0.0	0.0	288.59					-0.01	-0.01	-0.68	-0.01	-0.01	-0.27	-0.68	0.0	0.0	74.02					-0.01	-0.01	0.46	-0.01	-0.01	0.21	0.46	0.0	0.0	74.02					0.010000000000000009	0.010000000000000009	2.5899999999999963	0.005464480874316946	0.005479465764625596	1.4230769230769247	2.5899999999999963	0.002359988989648923	0.002353710321523428	146.26089276797876				
2023-07-04 07:00:00	2000	1.83	1.81	1.83	1.81	1.77	CFV.MI	1.39	1.39	1.38	1.38	1.77	1.37	-1.0	-1.0	-1.0	-1	-1.0	-1.0	1.0	-1.0	-1.0	1.0									-1.0			1.78		1.38								-1.0			4.63	0.01	0.01	1.11	0.01	0.01	0.42	1.88	1.11	0.0	0.0	157.88					1	0.01	0.01	-1.2	0.01	0.01	-0.26	-1.2	0.0	0.0	287.1					-0.01	-0.01	-0.69	-0.01	-0.01	-0.27	-0.69	0.0	0.0	64.67					-0.01	-0.01	0.45	-0.01	-0.01	0.2	0.45	0.0	0.0	64.67					0.010000000000000009	0.010000000000000009	2.599999999999996	0.005494505494505475	0.0055096558109695845	1.4364640883977917	2.599999999999996	0.002507215884179958	0.0025011660463587493	157.87530676489632				
2023-07-05 07:00:00	0	1.81	1.81	1.81	1.81	1.77	CFV.MI	1.38	1.38	1.38	1.38	1.77	1.37	-1.0	-1.0	-1.0	-1	-1.0	-1.0	1.0	-1.0	-1.0	1.0		1.81							-1.0			1.78										-1.0			4.63	-0.0	-0.0	1.11	-0.0	-0.0	0.42	1.88	1.11	0.0	0.0	166.04					1	-0.0	-0.0	-1.2	-0.0	-0.0	-0.26	-1.2	0.0	0.0	285.4					0.0	0.0	-0.69	0.0	0.0	-0.27	-0.69	0.0	0.0	63.4					0.0	0.0	0.45	0.0	0.0	0.2	0.45	0.0	0.0	63.4					-0.0	-0.0	2.599999999999996	-0.0	-0.0	1.4364640883977917	2.599999999999996	0.0025995105521172076	0.0025936981439687035	166.0415417279824				
2023-07-06 07:00:00	4000	1.82	1.8	1.81	1.82	1.78	CFV.MI	1.42	1.43	1.41	1.43	1.77	1.37	-1.0	-1.0	-1.0	-1	-1.0	-1.0	1.0	-1.0	-1.0	1.0									-1.0			1.78										-1.0			4.63	-0.01	-0.01	1.1	-0.01	-0.01	0.41	1.88	1.1	0.0	0.0	168.85					1	-0.01	-0.01	-1.21	-0.01	-0.01	-0.27	-1.21	0.0	0.0	264.25					0.01	0.01	-0.68	0.01	0.01	-0.27	-0.68	0.0	0.0	62.26					0.01	0.01	0.46	0.01	0.01	0.21	0.46	0.0	0.0	62.26					-0.010000000000000009	-0.010000000000000009	2.5899999999999963	-0.005524861878453136	-0.0055096558109697	1.4230769230769242	2.5899999999999963	0.002610049948529388	0.0026043014638288398	168.85333308522692				
2023-07-07 07:00:00	1000	1.84	1.84	1.84	1.84	1.8	CFV.MI	1.43	1.43	1.43	1.43	1.77	1.37	-1.0	-1.0	-1.0	-1	-1.0	-1.0	1.0	-1.0	-1.0	1.0	1.84								-1.0			1.78	1.43									-1.0			4.63	-0.02	-0.02	1.08	-0.01	-0.01	0.4	1.88	1.08	0.0	0.0	156.94					1	-0.02	-0.02	-1.23	-0.01	-0.01	-0.28	-1.23	0.0	0.0	239.86					0.02	0.02	-0.66	0.01	0.01	-0.26	-0.66	0.0	0.0	65.06					0.02	0.02	0.48	0.01	0.01	0.22	0.48	0.0	0.0	65.06					-0.020000000000000018	-0.020000000000000018	2.5699999999999963	-0.01098901098901095	-0.01092907053219023	1.3967391304347836	2.5699999999999963	0.0025033405995564346	0.002497267334076847	156.93960176592384				
2023-07-10 07:00:00	3000	1.85	1.8	1.8	1.85	1.81	CFV.MI	1.39	1.43	1.39	1.43	1.77	1.37	-1.0	-1.0	-1.0	-1	-1.0	-1.0	1.0	-1.0	-1.0	1.0									-1.0			1.78										-1.0			4.63	-0.01	-0.01	1.07	-0.01	-0.01	0.39	1.88	1.07	0.0	0.0	147.44					1	-0.01	-0.01	-1.24	-0.01	-0.01	-0.28	-1.24	0.0	0.0	245.99					0.01	0.01	-0.65	0.01	0.01	-0.26	-0.65	0.0	0.0	74.86					0.01	0.01	0.49	0.01	0.01	0.23	0.49	0.0	0.0	74.86					-0.010000000000000009	-0.010000000000000009	2.559999999999996	-0.005434782608695565	-0.005420067469339113	1.3837837837837852	2.559999999999996	0.00233550091916839	0.002329337859071634	147.43783699502268				
2023-07-11 07:00:00	1000	1.82	1.82	1.82	1.82	1.78	CFV.MI	1.4	1.4	1.4	1.4	1.77	1.37	-1.0	-1.0	-1.0	-1	-1.0	-1.0	1.0	-1.0	-1.0	1.0									-1.0			1.78										-1.0			4.63	0.03	0.03	1.1	0.02	0.02	0.41	1.88	1.1	0.0	0.0	149.54					1	0.03	0.03	-1.21	0.02	0.02	-0.27	-1.21	0.0	0.0	252.49					-0.03	-0.03	-0.68	-0.02	-0.02	-0.27	-0.68	0.0	0.0	64.23					-0.03	-0.03	0.46	-0.02	-0.02	0.21	0.46	0.0	0.0	64.23					0.030000000000000027	0.030000000000000027	2.5899999999999963	0.016216216216216273	0.016349138001529526	1.4230769230769247	2.5899999999999963	0.002456484540379709	0.0024500675453058562	149.5394860696397				
2023-07-12 07:00:00	1000	1.82	1.82	1.82	1.82	1.78	CFV.MI	1.37	1.37	1.37	1.37	1.77	1.37	-1.0	-1.0	-1.0	-1	-1.0	-1.0	1.0	-1.0	-1.0	1.0									-1.0			1.78										-1.0			4.63	-0.0	-0.0	1.1	-0.0	-0.0	0.41	1.88	1.1	0.0	0.0	147.61					1	-0.0	-0.0	-1.21	-0.0	-0.0	-0.27	-1.21	0.0	0.0	283.7					0.0	0.0	-0.68	0.0	0.0	-0.27	-0.68	0.0	0.0	74.39					0.0	0.0	0.46	0.0	0.0	0.21	0.46	0.0	0.0	74.39					-0.0	-0.0	2.5899999999999963	-0.0	-0.0	1.4230769230769247	2.5899999999999963	0.002345204247882109	0.0023390210097240516	147.61211952712216				
2023-07-13 07:00:00	14000	1.81	1.7	1.79	1.81	1.77	CFV.MI	1.34	1.36	1.27	1.36	1.77	1.27	-1.0	-1.0	-1.0	-1	-1.0	-1.0	1.0	-1.0	-1.0	1.0		1.7		1.7					-1.0			1.78		1.27		1.27						-1.0			4.63	0.01	0.01	1.11	0.01	0.01	0.42	1.88	1.11	0.0	0.0	159.38					1	0.01	0.01	-1.2	0.01	0.01	-0.26	-1.2	0.0	0.0	282.08					-0.01	-0.01	-0.69	-0.01	-0.01	-0.27	-0.69	0.0	0.0	64.94					-0.01	-0.01	0.45	-0.01	-0.01	0.2	0.45	0.0	0.0	64.94					0.010000000000000009	0.010000000000000009	2.599999999999996	0.005494505494505475	0.0055096558109695845	1.4364640883977917	2.599999999999996	0.0024918151115061933	0.0024858577444872854	159.3790111779892				
2023-07-14 07:00:00	0	1.81	1.81	1.81	1.81	1.77	CFV.MI	1.36	1.36	1.36	1.36	1.77	1.27	-1.0	-1.0	-1.0	-1	-1.0	-1.0	1.0	-1.0	-1.0	1.0									-1.0			1.78										-1.0			4.63	-0.0	-0.0	1.11	-0.0	-0.0	0.42	1.88	1.11	0.0	0.0	158.1					1	-0.0	-0.0	-1.2	-0.0	-0.0	-0.26	-1.2	0.0	0.0	308.11					0.0	0.0	-0.69	0.0	0.0	-0.27	-0.69	0.0	0.0	73.62					0.0	0.0	0.45	0.0	0.0	0.2	0.45	0.0	0.0	73.62					-0.0	-0.0	2.599999999999996	-0.0	-0.0	1.4364640883977917	2.599999999999996	0.0024164375926049326	0.002410629266935027	158.10101148359576				
2023-07-17 07:00:00	0	1.81	1.81	1.81	1.81	1.77	CFV.MI	1.36	1.36	1.36	1.36	1.77	1.27	-1.0	-1.0	-1.0	-1	-1.0	-1.0	1.0	-1.0	-1.0	1.0	1.81								-1.0			1.78	1.36									-1.0			4.63	-0.0	-0.0	1.11	-0.0	-0.0	0.42	1.88	1.11	0.0	0.0	157.43					1	-0.0	-0.0	-1.2	-0.0	-0.0	-0.26	-1.2	0.0	0.0	326.58					0.0	0.0	-0.69	0.0	0.0	-0.27	-0.69	0.0	0.0	80.66					0.0	0.0	0.45	0.0	0.0	0.2	0.45	0.0	0.0	80.66					-0.0	-0.0	2.599999999999996	-0.0	-0.0	1.4364640883977917	2.599999999999996	0.0023784628279308316	0.002372728875572383	157.4347068986267				
2023-07-18 07:00:00	0	1.81	1.81	1.81	1.81	1.77	CFV.MI	1.36	1.36	1.36	1.36	1.77	1.27	-1.0	-1.0	-1.0	-1	-1.0	-1.0	1.0	-1.0	-1.0	1.0									-1.0			1.78										-1.0			4.63	-0.0	-0.0	1.11	-0.0	-0.0	0.42	1.88	1.11	0.0	0.0	156.75					1	-0.0	-0.0	-1.2	-0.0	-0.0	-0.26	-1.2	0.0	0.0	326.58					0.0	0.0	-0.69	0.0	0.0	-0.27	-0.69	0.0	0.0	87.81					0.0	0.0	0.45	0.0	0.0	0.2	0.45	0.0	0.0	87.81					-0.0	-0.0	2.599999999999996	-0.0	-0.0	1.4364640883977917	2.599999999999996	0.0023402948066247975	0.002334635124731088	156.74913520774135				
2023-07-19 07:00:00	3000	1.81	1.78	1.78	1.81	1.77	CFV.MI	1.34	1.36	1.34	1.36	1.77	1.27	-1.0	-1.0	-1.0	-1	-1.0	-1.0	1.0	-1.0	-1.0	1.0		1.78							-1.0			1.78										-1.0			4.63	-0.0	-0.0	1.11	-0.0	-0.0	0.42	1.88	1.11	0.0	0.0	156.75					1	-0.0	-0.0	-1.2	-0.0	-0.0	-0.26	-1.2	0.0	0.0	326.58					0.0	0.0	-0.69	0.0	0.0	-0.27	-0.69	0.0	0.0	87.81					0.0	0.0	0.45	0.0	0.0	0.2	0.45	0.0	0.0	87.81					-0.0	-0.0	2.599999999999996	-0.0	-0.0	1.4364640883977917	2.599999999999996	0.0023402948066247975	0.002334635124731088	156.74913520774135				
2023-07-20 07:00:00	4000	1.81	1.8	1.8	1.81	1.77	CFV.MI	1.35	1.35	1.35	1.35	1.77	1.27	-1.0	-1.0	-1.0	-1	-1.0	-1.0	1.0	-1.0	-1.0	1.0	1.81								-1.0			1.78										-1.0			4.63	-0.0	-0.0	1.11	-0.0	-0.0	0.42	1.88	1.11	0.0	0.0	156.75					1	-0.0	-0.0	-1.2	-0.0	-0.0	-0.26	-1.2	0.0	0.0	326.58					0.0	0.0	-0.69	0.0	0.0	-0.27	-0.69	0.0	0.0	87.81					0.0	0.0	0.45	0.0	0.0	0.2	0.45	0.0	0.0	87.81					-0.0	-0.0	2.599999999999996	-0.0	-0.0	1.4364640883977917	2.599999999999996	0.0023402948066247975	0.002334635124731088	156.74913520774135				
2023-07-21 07:00:00	0	1.81	1.81	1.81	1.81	1.77	CFV.MI	1.35	1.35	1.35	1.35	1.77	1.27	-1.0	-1.0	-1.0	-1	-1.0	-1.0	1.0	-1.0	-1.0	1.0									-1.0			1.78										-1.0			4.63	-0.0	-0.0	1.11	-0.0	-0.0	0.42	1.88	1.11	0.0	0.0	171.88					1	-0.0	-0.0	-1.2	-0.0	-0.0	-0.26	-1.2	0.0	0.0	326.58					0.0	0.0	-0.69	0.0	0.0	-0.27	-0.69	0.0	0.0	84.15					0.0	0.0	0.45	0.0	0.0	0.2	0.45	0.0	0.0	84.15					-0.0	-0.0	2.599999999999996	-0.0	-0.0	1.4364640883977917	2.599999999999996	0.0024544394704823914	0.0024491472667713676	171.8834420824432				
2023-07-24 07:00:00	3000	1.8	1.77	1.78	1.8	1.76	CFV.MI	1.33	1.34	1.32	1.34	1.77	1.27	-1.0	-1.0	-1.0	-1	-1.0	-1.0	1.0	-1.0	-1.0	1.0									-1.0			1.78										-1.0			4.63	0.01	0.01	1.12	0.01	0.01	0.43	1.87	1.12	0.0	0.0	172.6					1	0.01	0.01	-1.19	0.01	0.01	-0.26	-1.19	0.0	0.0	328.33					-0.01	-0.01	-0.7	-0.01	-0.01	-0.28	-0.7	0.0	0.0	76.7					-0.01	-0.01	0.44	-0.01	-0.01	0.2	0.44	0.0	0.0	76.7					0.010000000000000009	0.010000000000000009	2.609999999999996	0.0055248618784530246	0.005540180375615356	1.4500000000000015	2.609999999999996	0.002496544841337068	0.002491175494524267	172.59918615646654				
2023-07-25 07:00:00	3000	1.8	1.77	1.77	1.8	1.76	CFV.MI	1.32	1.34	1.32	1.34	1.77	1.27	-1.0	-1.0	-1.0	-1	-1.0	-1.0	1.0	-1.0	-1.0	1.0									-1.0			1.78										-1.0			4.63	-0.0	-0.0	1.12	-0.0	-0.0	0.43	1.87	1.12	0.0	0.0	172.6					1	-0.0	-0.0	-1.19	-0.0	-0.0	-0.26	-1.19	0.0	0.0	328.33					0.0	0.0	-0.7	0.0	0.0	-0.28	-0.7	0.0	0.0	76.7					0.0	0.0	0.44	0.0	0.0	0.2	0.44	0.0	0.0	76.7					-0.0	-0.0	2.609999999999996	-0.0	-0.0	1.4500000000000015	2.609999999999996	0.002496544841337068	0.002491175494524267	172.59918615646654				
2023-07-26 07:00:00	1000	1.79	1.79	1.79	1.79	1.75	CFV.MI	1.33	1.33	1.33	1.33	1.77	1.27	-1.0	-1.0	-1.0	-1	-1.0	-1.0	1.0	-1.0	-1.0	1.0									-1.0			1.78										-1.0			4.63	0.01	0.01	1.13	0.01	0.01	0.44	1.87	1.13	0.0	0.0	173.3					1	0.01	0.01	-1.18	0.01	0.01	-0.26	-1.18	0.0	0.0	330.0					-0.01	-0.01	-0.71	-0.01	-0.01	-0.28	-0.71	0.0	0.0	69.35					-0.01	-0.01	0.43	-0.01	-0.01	0.19	0.43	0.0	0.0	69.35					0.010000000000000009	0.010000000000000009	2.6199999999999957	0.005555555555555536	0.00557104504945536	1.4636871508379903	2.6199999999999957	0.0025388847837129287	0.002533437302963515	173.30071603935147				
2023-07-27 07:00:00	0	1.79	1.79	1.79	1.79	1.75	CFV.MI	1.3	1.3	1.3	1.3	1.77	1.27	-1.0	-1.0	-1.0	-1	-1.0	-1.0	1.0	-1.0	-1.0	1.0									-1.0			1.78										-1.0			4.63	-0.0	-0.0	1.13	-0.0	-0.0	0.44	1.87	1.13	0.0	0.0	169.21					1	-0.0	-0.0	-1.18	-0.0	-0.0	-0.26	-1.18	0.0	0.0	330.0					0.0	0.0	-0.71	0.0	0.0	-0.28	-0.71	0.0	0.0	86.73					0.0	0.0	0.43	0.0	0.0	0.19	0.43	0.0	0.0	86.73					-0.0	-0.0	2.6199999999999957	-0.0	-0.0	1.4636871508379903	2.6199999999999957	0.002306213551483916	0.002301188491304229	169.20938926369348				
2023-07-28 07:00:00	1000	1.78	1.78	1.78	1.78	1.74	CFV.MI	1.3	1.3	1.3	1.3	1.77	1.27	-1.0	-1.0	-1.0	-1	-1.0	-1.0	1.0	-1.0	-1.0	1.0		1.78							-1.0			1.78										-1.0			4.63	0.01	0.01	1.14	0.01	0.01	0.45	1.87	1.14	0.0	0.0	169.27					1	0.01	0.01	-1.17	0.01	0.01	-0.25	-1.17	0.0	0.0	331.61					-0.01	-0.01	-0.72	-0.01	-0.01	-0.29	-0.72	0.0	0.0	86.56					-0.01	-0.01	0.42	-0.01	-0.01	0.18	0.42	0.0	0.0	86.56					0.010000000000000009	0.010000000000000009	2.6299999999999955	0.005586592178770999	0.005602255548669898	1.4775280898876417	2.6299999999999955	0.0023093100853878172	0.0023042795149466055	169.26785914368844				
2023-07-31 07:00:00	5000	1.79	1.76	1.78	1.79	1.75	CFV.MI	1.29	1.3	1.28	1.3	1.77	1.27	-1.0	-1.0	-1.0	-1	-1.0	-1.0	1.0	-1.0	-1.0	1.0									-1.0			1.78		1.28								-1.0			4.63	-0.01	-0.01	1.13	-0.01	-0.01	0.44	1.85	1.13	0.0	0.0	168.99					1	-0.01	-0.01	-1.18	-0.01	-0.01	-0.26	-1.18	0.0	0.0	312.49					0.01	0.01	-0.71	0.01	0.01	-0.28	-0.71	0.0	0.0	86.66					0.01	0.01	0.43	0.01	0.01	0.19	0.43	0.0	0.0	86.66					-0.010000000000000009	-0.010000000000000009	2.6199999999999957	-0.00561797752808979	-0.0056022555486697516	1.4636871508379903	2.6199999999999957	0.0023083322325760593	0.0023032961283386832	168.98969319481927				
2023-08-01 07:00:00	1000	1.79	1.79	1.79	1.79	1.75	CFV.MI	1.32	1.32	1.32	1.32	1.77	1.27	-1.0	-1.0	-1.0	-1	-1.0	-1.0	1.0	-1.0	-1.0	1.0	1.79								-1.0			1.78										-1.0			4.63	-0.0	-0.0	1.13	-0.0	-0.0	0.44	1.85	1.13	0.0	0.0	166.65					1	-0.0	-0.0	-1.18	-0.0	-0.0	-0.26	-1.18	0.0	0.0	312.49					0.0	0.0	-0.71	0.0	0.0	-0.28	-0.71	0.0	0.0	99.11					0.0	0.0	0.43	0.0	0.0	0.19	0.43	0.0	0.0	99.11					-0.0	-0.0	2.6199999999999957	-0.0	-0.0	1.4636871508379903	2.6199999999999957	0.0021892697453186234	0.00218444346111224	166.65433202357138				
2023-08-02 07:00:00	0	1.79	1.79	1.79	1.79	1.75	CFV.MI	1.33	1.33	1.33	1.33	1.77	1.27	-1.0	-1.0	-1.0	-1	-1.0	-1.0	1.0	-1.0	-1.0	1.0									-1.0			1.78	1.33									-1.0			4.63	-0.0	-0.0	1.13	-0.0	-0.0	0.44	1.85	1.13	0.0	0.0	166.65					1	-0.0	-0.0	-1.18	-0.0	-0.0	-0.26	-1.18	0.0	0.0	312.49					0.0	0.0	-0.71	0.0	0.0	-0.28	-0.71	0.0	0.0	99.11					0.0	0.0	0.43	0.0	0.0	0.19	0.43	0.0	0.0	99.11					-0.0	-0.0	2.6199999999999957	-0.0	-0.0	1.4636871508379903	2.6199999999999957	0.0021892697453186234	0.00218444346111224	166.65433202357138				
2023-08-03 07:00:00	1000	1.76	1.76	1.76	1.76	1.72	CFV.MI	1.32	1.32	1.32	1.32	1.77	1.27	-1.0	-1.0	-1.0	-1	-1.0	-1.0	1.0	-1.0	-1.0	1.0									-1.0			1.78		1.32								-1.0			4.63	0.03	0.03	1.16	0.02	0.02	0.46	1.85	1.16	0.0	0.0	185.95					1	0.03	0.03	-1.15	0.02	0.02	-0.24	-1.15	0.0	0.0	317.18					-0.03	-0.03	-0.74	-0.02	-0.02	-0.29	-0.74	0.0	0.0	81.86					-0.03	-0.03	0.4	-0.02	-0.02	0.17	0.4	0.0	0.0	81.86					0.030000000000000027	0.030000000000000027	2.649999999999996	0.016759776536312887	0.016901810802603254	1.5056818181818197	2.649999999999996	0.002428179542153863	0.0024234782059002757	185.95431876034027				
2023-08-04 07:00:00	2000	1.76	1.76	1.76	1.76	1.72	CFV.MI	1.33	1.33	1.33	1.33	1.77	1.27	-1.0	-1.0	-1.0	-1	-1.0	-1.0	1.0	-1.0	-1.0	1.0									-1.0			1.78	1.33									-1.0			4.63	-0.0	-0.0	1.16	-0.0	-0.0	0.46	1.85	1.16	0.0	0.0	204.02					1	-0.0	-0.0	-1.15	-0.0	-0.0	-0.24	-1.15	0.0	0.0	317.18					0.0	0.0	-0.74	0.0	0.0	-0.29	-0.74	0.0	0.0	77.22					0.0	0.0	0.4	0.0	0.0	0.17	0.4	0.0	0.0	77.22					-0.0	-0.0	2.649999999999996	-0.0	-0.0	1.5056818181818197	2.649999999999996	0.0025349707314191484	0.002530606531650381	204.02292080373294				
2023-08-07 07:00:00	14000	1.76	1.74	1.76	1.74	1.7	CFV.MI	1.33	1.33	1.31	1.31	1.77	1.27	-1.0	-1.0	-1.0	-1	-1.0	-1.0	1.0	-1.0	-1.0	1.0		1.74							-1.0			1.78		1.31								-1.0			4.63	0.02	0.02	1.18	0.01	0.01	0.48	1.82	1.18	0.0	0.0	229.81					1	0.02	0.02	-1.13	0.01	0.01	-0.23	-1.13	0.0	0.0	320.02					-0.02	-0.02	-0.76	-0.01	-0.01	-0.3	-0.76	0.0	0.0	59.77					-0.02	-0.02	0.38	-0.01	-0.01	0.16	0.38	0.0	0.0	59.77					0.020000000000000018	0.020000000000000018	2.669999999999996	0.011363636363636354	0.011428695823622744	1.5344827586206913	2.669999999999996	0.0027389980213088916	0.002734882556078233	229.80566401698957				
2023-08-08 07:00:00	5000	1.78	1.73	1.78	1.78	1.74	CFV.MI	1.37	1.37	1.34	1.37	1.77	1.27	-1.0	-1.0	-1.0	-1	-1.0	-1.0	1.0	-1.0	-1.0	1.0									-1.0			1.78										-1.0			4.63	-0.04	-0.04	1.14	-0.02	-0.02	0.45	1.82	1.14	0.0	0.0	203.34					1	-0.04	-0.04	-1.17	-0.02	-0.02	-0.25	-1.17	0.0	0.0	275.64					0.04	0.04	-0.72	0.02	0.02	-0.29	-0.72	0.0	0.0	67.68					0.04	0.04	0.42	0.02	0.02	0.18	0.42	0.0	0.0	67.68					-0.040000000000000036	-0.040000000000000036	2.629999999999996	-0.02298850574712641	-0.02272825107755609	1.4775280898876422	2.629999999999996	0.0026185583625713245	0.0026140218449868247	203.34404487588435				
2023-08-09 07:00:00	6000	1.83	1.79	1.79	1.8	1.76	CFV.MI	1.36	1.39	1.36	1.37	1.77	1.27	-1.0	-1.0	1.0	0	-1.0	-1.0	1.0	-1.0	-1.0	1.0	1.83								-1.0			1.78	1.39									-1.0			4.63	-0.02	-0.02	1.12	-0.01	-0.01	0.43	1.83	1.12	0.0	0.0	188.79					1	-0.02	-0.02	-1.19	-0.01	-0.01	-0.26	-1.19	0.0	0.0	252.6					0.02	0.02	-0.7	0.01	0.01	-0.28	-0.7	0.0	0.0	71.15					0.02	0.02	0.44	0.01	0.01	0.2	0.44	0.0	0.0	71.15					-0.020000000000000018	-0.020000000000000018	2.609999999999996	-0.011235955056179803	-0.011173300598125255	1.4500000000000015	2.609999999999996	0.002520149439720938	0.0025153223207259323	188.79237784690787				
2023-08-10 07:00:00	2000	1.8	1.8	1.8	1.8	1.76	CFV.MI	1.36	1.36	1.36	1.36	1.69	1.27	-1.0	-1.0	1.0	0	-1.0	-1.0	1.0	-1.0	-1.0	1.0		1.8							-1.0			1.78		1.36								-1.0			4.63	-0.0	-0.0	1.12	-0.0	-0.0	0.43	1.83	1.12	0.0	0.0	206.49					1	0.0	0.0	-1.19	0.0	0.0	-0.26	-1.19	0.0	0.0	248.41					0.0	0.0	-0.7	0.0	0.0	-0.28	-0.7	0.0	0.0	66.47					0.0	0.0	0.44	0.0	0.0	0.2	0.44	0.0	0.0	66.47					-0.0	-0.0	2.609999999999996	-0.0	-0.0	1.4500000000000015	2.609999999999996	0.0026267320487417005	0.0026222418727375185	206.49177467704308				
2023-08-11 07:00:00	0	1.8	1.8	1.8	1.8	1.76	CFV.MI	1.37	1.37	1.37	1.37	1.69	1.27	-1.0	-1.0	1.0	0	-1.0	-1.0	1.0	-1.0	-1.0	1.0									-1.0			1.78										-1.0			4.63	-0.0	-0.0	1.12	-0.0	-0.0	0.43	1.83	1.12	0.0	0.0	203.91					1	0.0	0.0	-1.19	0.0	0.0	-0.26	-1.19	0.0	0.0	284.66					0.0	0.0	-0.7	0.0	0.0	-0.28	-0.7	0.0	0.0	80.49					0.0	0.0	0.44	0.0	0.0	0.2	0.44	0.0	0.0	80.49					-0.0	-0.0	2.609999999999996	-0.0	-0.0	1.4500000000000015	2.609999999999996	0.0024715030450668017	0.002467256186435174	203.90928593269297				
2023-08-14 07:00:00	4000	1.84	1.83	1.83	1.84	1.8	CFV.MI	1.39	1.4	1.39	1.4	1.69	1.27	-1.0	-1.0	1.0	0	-1.0	-1.0	1.0	-1.0	-1.0	1.0									-1.0			1.78										-1.0			4.63	-0.04	-0.04	1.08	-0.02	-0.02	0.4	1.84	1.08	0.0	0.0	180.76					1	0.0	0.0	-1.19	0.0	0.0	-0.26	-1.19	0.0	0.0	284.66					0.04	0.04	-0.66	0.02	0.02	-0.26	-0.66	0.0	0.0	87.02					0.04	0.04	0.48	0.02	0.02	0.22	0.48	0.0	0.0	87.02					-0.040000000000000036	-0.040000000000000036	2.569999999999996	-0.022222222222222143	-0.021978906718775167	1.3967391304347845	2.569999999999996	0.0023506028747602116	0.002345941251422179	180.7603864547291				
2023-08-16 07:00:00	0	1.84	1.84	1.84	1.84	1.8	CFV.MI	1.41	1.41	1.41	1.41	1.69	1.27	-1.0	-1.0	1.0	0	-1.0	-1.0	1.0	-1.0	-1.0	1.0	1.84		1.84						-1.0			1.78										-1.0			4.63	-0.0	-0.0	1.08	-0.0	-0.0	0.4	1.84	1.08	0.0	0.0	202.14					1	0.0	0.0	-1.19	0.0	0.0	-0.26	-1.19	0.0	0.0	278.57					0.0	0.0	-0.66	0.0	0.0	-0.26	-0.66	0.0	0.0	81.15					0.0	0.0	0.48	0.0	0.0	0.22	0.48	0.0	0.0	81.15					-0.0	-0.0	2.569999999999996	-0.0	-0.0	1.3967391304347845	2.569999999999996	0.0024669319897835445	0.002462659955114077	202.13945490832214				
2023-08-17 07:00:00	0	1.84	1.84	1.84	1.84	1.8	CFV.MI	1.42	1.42	1.42	1.42	1.69	1.27	-1.0	-1.0	1.0	0	-1.0	-1.0	1.0	-1.0	-1.0	1.0									-1.0			1.78										-1.0			4.63	-0.0	-0.0	1.08	-0.0	-0.0	0.4	1.84	1.08	0.0	0.0	202.14					1	0.0	0.0	-1.19	0.0	0.0	-0.26	-1.19	0.0	0.0	278.57					0.0	0.0	-0.66	0.0	0.0	-0.26	-0.66	0.0	0.0	81.15					0.0	0.0	0.48	0.0	0.0	0.22	0.48	0.0	0.0	81.15					-0.0	-0.0	2.569999999999996	-0.0	-0.0	1.3967391304347845	2.569999999999996	0.0024669319897835445	0.002462659955114077	202.13945490832214				
2023-08-18 07:00:00	0	1.84	1.84	1.84	1.84	1.8	CFV.MI	1.43	1.43	1.43	1.43	1.68	1.27	-1.0	-1.0	1.0	0	-1.0	-1.0	1.0	-1.0	-1.0	1.0									-1.0			1.78	1.43		1.43							-1.0			4.63	-0.0	-0.0	1.08	-0.0	-0.0	0.4	1.84	1.08	0.0	0.0	216.6					1	0.0	0.0	-1.19	0.0	0.0	-0.26	-1.19	0.0	0.0	275.17					0.0	0.0	-0.66	0.0	0.0	-0.26	-0.66	0.0	0.0	77.96					0.0	0.0	0.48	0.0	0.0	0.22	0.48	0.0	0.0	77.96					-0.0	-0.0	2.569999999999996	-0.0	-0.0	1.3967391304347845	2.569999999999996	0.002558076850080003	0.002554060840542549	216.60133922195237				
2023-08-21 07:00:00	5000	1.8	1.76	1.8	1.8	1.76	CFV.MI	1.39	1.39	1.36	1.39	1.65	1.27	-1.0	-1.0	1.0	0	-1.0	-1.0	1.0	-1.0	-1.0	1.0									-1.0			1.78										-1.0			4.63	0.04	0.04	1.12	0.02	0.02	0.43	1.84	1.12	0.0	0.0	219.31					1	-0.0	-0.0	-1.19	-0.0	-0.0	-0.26	-1.19	0.0	0.0	275.17					-0.04	-0.04	-0.7	-0.02	-0.02	-0.28	-0.7	0.0	0.0	63.04					-0.04	-0.04	0.44	-0.02	-0.02	0.2	0.44	0.0	0.0	63.04					0.040000000000000036	0.040000000000000036	2.609999999999996	0.021739130434782594	0.02197890671877523	1.450000000000002	2.609999999999996	0.002731710213158328	0.0027274368445626695	219.31046342362882				
2023-08-22 07:00:00	5000	1.78	1.76	1.76	1.76	1.72	CFV.MI	1.35	1.36	1.35	1.35	1.65	1.27	-1.0	-1.0	1.0	0	-1.0	-1.0	1.0	-1.0	-1.0	1.0									-1.0			1.78										-1.0			4.63	0.04	0.04	1.16	0.02	0.02	0.46	1.84	1.16	0.0	0.0	219.05					1	-0.0	-0.0	-1.19	-0.0	-0.0	-0.26	-1.19	0.0	0.0	327.24					-0.04	-0.04	-0.74	-0.02	-0.02	-0.29	-0.74	0.0	0.0	63.91					-0.04	-0.04	0.4	-0.02	-0.02	0.17	0.4	0.0	0.0	63.91					0.040000000000000036	0.040000000000000036	2.649999999999996	0.022222222222222254	0.02247285585205863	1.5056818181818201	2.649999999999996	0.0027141741349256563	0.0027099271200505815	219.0496766435934				
2023-08-23 07:00:00	0	1.76	1.76	1.76	1.76	1.72	CFV.MI	1.34	1.34	1.34	1.34	1.65	1.27	-1.0	-1.0	1.0	0	-1.0	-1.0	1.0	-1.0	-1.0	1.0		1.76							-1.0			1.78		1.34								-1.0			4.63	-0.0	-0.0	1.16	-0.0	-0.0	0.46	1.84	1.16	0.0	0.0	239.36					1	0.0	0.0	-1.19	0.0	0.0	-0.26	-1.19	0.0	0.0	321.79					0.0	0.0	-0.74	0.0	0.0	-0.29	-0.74	0.0	0.0	58.46					0.0	0.0	0.4	0.0	0.0	0.17	0.4	0.0	0.0	58.46					-0.0	-0.0	2.649999999999996	-0.0	-0.0	1.5056818181818201	2.649999999999996	0.0028155033349950968	0.0028115763024676443	239.35532445284483				
2023-08-24 07:00:00	1000	1.79	1.79	1.79	1.79	1.75	CFV.MI	1.38	1.38	1.38	1.38	1.65	1.27	-1.0	-1.0	1.0	0	-1.0	-1.0	1.0	-1.0	-1.0	1.0									-1.0			1.78	1.38									-1.0			4.63	-0.03	-0.03	1.13	-0.02	-0.02	0.44	1.84	1.13	0.0	0.0	217.22					1	0.0	0.0	-1.19	0.0	0.0	-0.26	-1.19	0.0	0.0	321.79					0.03	0.03	-0.71	0.02	0.02	-0.28	-0.71	0.0	0.0	64.6					0.03	0.03	0.43	0.02	0.02	0.19	0.43	0.0	0.0	64.6					-0.030000000000000027	-0.030000000000000027	2.6199999999999957	-0.017045454545454586	-0.016901810802603254	1.4636871508379907	2.6199999999999957	0.002709946418477066	0.0027056754196563837	217.2202412886627				
2023-08-25 07:00:00	5000	1.82	1.79	1.79	1.82	1.78	CFV.MI	1.37	1.39	1.37	1.39	1.65	1.27	-1.0	-1.0	1.0	0	-1.0	-1.0	1.0	-1.0	-1.0	1.0	1.82								-1.0			1.78										-1.0			4.63	-0.03	-0.03	1.1	-0.02	-0.02	0.41	1.84	1.1	0.0	0.0	196.83					1	0.0	0.0	-1.19	0.0	0.0	-0.26	-1.19	0.0	0.0	341.5					0.03	0.03	-0.68	0.02	0.02	-0.27	-0.68	0.0	0.0	77.56					0.03	0.03	0.46	0.02	0.02	0.21	0.46	0.0	0.0	77.56					-0.030000000000000027	-0.030000000000000027	2.5899999999999954	-0.016759776536312776	-0.01662088123604028	1.4230769230769251	2.5899999999999954	0.0025631085880484105	0.0025585453859009455	196.8272300874301				
2023-08-28 07:00:00	5000	1.79	1.78	1.79	1.78	1.74	CFV.MI	1.35	1.35	1.34	1.34	1.65	1.27	-1.0	-1.0	1.0	0	-1.0	-1.0	1.0	-1.0	-1.0	1.0									-1.0			1.78										-1.0			4.63	0.04	0.04	1.14	0.02	0.02	0.45	1.84	1.14	0.0	0.0	213.21					1	-0.0	-0.0	-1.19	-0.0	-0.0	-0.26	-1.19	0.0	0.0	337.68					-0.04	-0.04	-0.72	-0.02	-0.02	-0.29	-0.72	0.0	0.0	60.33					-0.04	-0.04	0.42	-0.02	-0.02	0.18	0.42	0.0	0.0	60.33					0.040000000000000036	0.040000000000000036	2.6299999999999955	0.02197802197802201	0.022223136784710235	1.4775280898876426	2.6299999999999955	0.002832282746050316	0.0028277207321116826	213.20898118190155				
2023-08-29 07:00:00	3000	1.78	1.76	1.78	1.76	1.72	CFV.MI	1.33	1.33	1.31	1.31	1.64	1.27	-1.0	-1.0	-1.0	0	-1.0	-1.0	1.0	-1.0	-1.0	1.0		1.76							-1.0			1.78		1.31								-1.0			4.63	0.02	0.02	1.16	0.01	0.01	0.46	1.84	1.16	0.0	0.0	213.37					1	-0.0	-0.0	-1.19	-0.0	-0.0	-0.26	-1.19	0.0	0.0	369.55					-0.02	-0.02	-0.74	-0.01	-0.01	-0.29	-0.74	0.0	0.0	59.81					-0.02	-0.02	0.4	-0.01	-0.01	0.17	0.4	0.0	0.0	59.81					0.020000000000000018	0.020000000000000018	2.6499999999999955	0.011235955056179803	0.011299555253933394	1.5056818181818206	2.6499999999999955	0.0028437160906565973	0.0028391362798263486	213.3661923097778				
2023-08-30 07:00:00	2000	1.79	1.79	1.79	1.79	1.75	CFV.MI	1.34	1.34	1.34	1.34	1.64	1.27	-1.0	-1.0	-1.0	0	-1.0	-1.0	1.0	-1.0	-1.0	1.0									-1.0			1.78										-1.0			4.63	-0.03	-0.03	1.13	-0.02	-0.02	0.44	1.84	1.13	0.0	0.0	191.78					1	0.0	0.0	-1.19	0.0	0.0	-0.26	-1.19	0.0	0.0	432.55					0.03	0.03	-0.71	0.02	0.02	-0.28	-0.71	0.0	0.0	78.12					0.03	0.03	0.43	0.02	0.02	0.19	0.43	0.0	0.0	78.12					-0.030000000000000027	-0.030000000000000027	2.6199999999999957	-0.017045454545454586	-0.016901810802603254	1.4636871508379912	2.6199999999999957	0.002576223541791216	0.0025715250714268834	191.78087530817075				
2023-08-31 07:00:00	0	1.79	1.79	1.79	1.79	1.75	CFV.MI	1.34	1.34	1.34	1.34	1.64	1.27	-1.0	-1.0	-1.0	0	-1.0	-1.0	1.0	-1.0	-1.0	1.0									-1.0			1.78										-1.0			4.63	-0.0	-0.0	1.13	-0.0	-0.0	0.44	1.84	1.13	0.0	0.0	213.8					1	0.0	0.0	-1.19	0.0	0.0	-0.26	-1.19	0.0	0.0	424.62					0.0	0.0	-0.71	0.0	0.0	-0.28	-0.71	0.0	0.0	72.06					0.0	0.0	0.43	0.0	0.0	0.19	0.43	0.0	0.0	72.06					-0.0	-0.0	2.6199999999999957	-0.0	-0.0	1.4636871508379912	2.6199999999999957	0.0026922184210724474	0.002687918672952483	213.79848082050262				
2023-09-01 07:00:00	1000	1.81	1.81	1.81	1.81	1.77	CFV.MI	1.36	1.36	1.36	1.36	1.64	1.27	-1.0	-1.0	-1.0	0	-1.0	-1.0	1.0	-1.0	-1.0	1.0									-1.0			1.78										-1.0			4.63	-0.02	-0.02	1.11	-0.01	-0.01	0.42	1.84	1.11	0.0	0.0	198.77					1	0.0	0.0	-1.19	0.0	0.0	-0.26	-1.19	0.0	0.0	424.62					0.02	0.02	-0.69	0.01	0.01	-0.27	-0.69	0.0	0.0	75.53					0.02	0.02	0.45	0.01	0.01	0.2	0.45	0.0	0.0	75.53					-0.020000000000000018	-0.020000000000000018	2.5999999999999956	-0.011173184357541999	-0.011111225425070849	1.4364640883977922	2.5999999999999956	0.0025957803126107327	0.0025911942995282544	198.76654647937895				
2023-09-04 07:00:00	4000	1.84	1.82	1.82	1.84	1.8	CFV.MI	1.37	1.39	1.37	1.39	1.64	1.27	-1.0	-1.0	-1.0	0	-1.0	-1.0	1.0	-1.0	-1.0	1.0									-1.0			1.78										-1.0			4.63	-0.03	-0.03	1.08	-0.02	-0.02	0.4	1.84	1.08	0.0	0.0	201.36					1	0.0	0.0	-1.19	0.0	0.0	-0.26	-1.19	0.0	0.0	414.91					0.03	0.03	-0.66	0.02	0.02	-0.26	-0.66	0.0	0.0	74.56					0.03	0.03	0.48	0.02	0.02	0.22	0.48	0.0	0.0	74.56					-0.030000000000000027	-0.030000000000000027	2.569999999999996	-0.016574585635359185	-0.01643872634315994	1.3967391304347845	2.569999999999996	0.002602753751710209	0.0025982075071082633	201.35515227094123				
2023-09-05 07:00:00	0	1.84	1.84	1.84	1.84	1.8	CFV.MI	1.39	1.39	1.39	1.39	1.64	1.27	-1.0	-1.0	-1.0	0	-1.0	-1.0	1.0	-1.0	-1.0	1.0	1.84		1.84						-1.0			1.78										-1.0			4.63	-0.0	-0.0	1.08	-0.0	-0.0	0.4	1.84	1.08	0.0	0.0	201.36					1	0.0	0.0	-1.19	0.0	0.0	-0.26	-1.19	0.0	0.0	414.91					0.0	0.0	-0.66	0.0	0.0	-0.26	-0.66	0.0	0.0	74.56					0.0	0.0	0.48	0.0	0.0	0.22	0.48	0.0	0.0	74.56					-0.0	-0.0	2.569999999999996	-0.0	-0.0	1.3967391304347845	2.569999999999996	0.002602753751710209	0.0025982075071082633	201.35515227094123				
2023-09-06 07:00:00	0	1.84	1.84	1.84	1.84	1.8	CFV.MI	1.41	1.41	1.41	1.41	1.64	1.27	-1.0	-1.0	-1.0	0	-1.0	-1.0	1.0	-1.0	-1.0	1.0									-1.0			1.78	1.41									-1.0			4.63	-0.0	-0.0	1.08	-0.0	-0.0	0.4	1.84	1.08	0.0	0.0	198.79					1	0.0	0.0	-1.19	0.0	0.0	-0.26	-1.19	0.0	0.0	493.04					0.0	0.0	-0.66	0.0	0.0	-0.26	-0.66	0.0	0.0	88.57					0.0	0.0	0.48	0.0	0.0	0.22	0.48	0.0	0.0	88.57					-0.0	-0.0	2.569999999999996	-0.0	-0.0	1.3967391304347845	2.569999999999996	0.002449807674880874	0.002445502733801286	198.79498566729984				
2023-09-07 07:00:00	3000	1.8	1.79	1.8	1.79	1.75	CFV.MI	1.38	1.38	1.37	1.37	1.64	1.27	-1.0	-1.0	-1.0	0	-1.0	-1.0	1.0	-1.0	-1.0	1.0									-1.0			1.78										-1.0			4.63	0.05	0.05	1.13	0.03	0.03	0.44	1.84	1.13	0.0	0.0	202.33					1	-0.0	-0.0	-1.19	-0.0	-0.0	-0.26	-1.19	0.0	0.0	493.04					-0.05	-0.05	-0.71	-0.03	-0.03	-0.28	-0.71	0.0	0.0	71.43					-0.05	-0.05	0.43	-0.03	-0.03	0.19	0.43	0.0	0.0	71.43					0.050000000000000044	0.050000000000000044	2.6199999999999957	0.02717391304347827	0.02754995176823063	1.4636871508379907	2.6199999999999957	0.002664697298673073	0.002660051459099755	202.32533807305296				
2023-09-08 07:00:00	3000	1.78	1.76	1.78	1.76	1.72	CFV.MI	1.36	1.36	1.34	1.34	1.64	1.27	-1.0	-1.0	-1.0	-1	-1.0	-1.0	1.0	-1.0	-1.0	1.0									-1.0			1.78										-1.0			4.63	0.03	0.03	1.16	0.02	0.02	0.46	1.84	1.16	0.0	0.0	204.27					1	-0.0	-0.0	-1.19	-0.0	-0.0	-0.26	-1.19	0.0	0.0	493.04					-0.03	-0.03	-0.74	-0.02	-0.02	-0.29	-0.74	0.0	0.0	59.64					-0.03	-0.03	0.4	-0.02	-0.02	0.17	0.4	0.0	0.0	59.64					0.030000000000000027	0.030000000000000027	2.649999999999996	0.016759776536312887	0.016901810802603254	1.5056818181818201	2.649999999999996	0.002796531422933378	0.0027916700344905454	204.27496928121786				
2023-09-11 07:00:00	0	1.76	1.76	1.76	1.76	1.72	CFV.MI	1.33	1.33	1.33	1.33	1.64	1.27	-1.0	-1.0	-1.0	-1	-1.0	-1.0	1.0	-1.0	-1.0	1.0									-1.0			1.78										-1.0			4.63	-0.0	-0.0	1.16	-0.0	-0.0	0.46	1.84	1.16	0.0	0.0	204.27					1	-0.0	-0.0	-1.19	-0.0	-0.0	-0.26	-1.19	0.0	0.0	493.04					0.0	0.0	-0.74	0.0	0.0	-0.29	-0.74	0.0	0.0	59.64					0.0	0.0	0.4	0.0	0.0	0.17	0.4	0.0	0.0	59.64					-0.0	-0.0	2.649999999999996	-0.0	-0.0	1.5056818181818201	2.649999999999996	0.002796531422933378	0.0027916700344905454	204.27496928121786				
2023-09-12 07:00:00	7000	1.75	1.73	1.74	1.75	1.71	CFV.MI	1.31	1.32	1.31	1.32	1.64	1.27	-1.0	-1.0	-1.0	-1	-1.0	-1.0	1.0	-1.0	-1.0	1.0									-1.0			1.78										-1.0			4.63	0.01	0.01	1.17	0.01	0.01	0.47	1.84	1.17	0.0	0.0	202.64					1	0.01	0.01	-1.18	0.01	0.01	-0.26	-1.18	0.0	0.0	597.17					-0.01	-0.01	-0.75	-0.01	-0.01	-0.3	-0.75	0.0	0.0	64.86					-0.01	-0.01	0.39	-0.01	-0.01	0.16	0.39	0.0	0.0	64.86					0.010000000000000009	0.010000000000000009	2.6599999999999957	0.005681818181818232	0.005698021114637779	1.5200000000000022	2.6599999999999957	0.0026849707873155305	0.0026802921176385386	202.6351033861359				
2023-09-13 07:00:00	3000	1.75	1.74	1.75	1.74	1.7	CFV.MI	1.33	1.33	1.32	1.32	1.64	1.27	-1.0	-1.0	-1.0	-1	-1.0	-1.0	1.0	-1.0	-1.0	1.0									-1.0			1.78										-1.0			4.63	0.01	0.01	1.18	0.01	0.01	0.48	1.84	1.18	0.0	0.0	203.31					1	0.01	0.01	-1.17	0.01	0.01	-0.25	-1.17	0.0	0.0	599.63					-0.01	-0.01	-0.76	-0.01	-0.01	-0.3	-0.76	0.0	0.0	57.19					-0.01	-0.01	0.38	-0.01	-0.01	0.16	0.38	0.0	0.0	57.19					0.010000000000000009	0.010000000000000009	2.6699999999999955	0.005714285714285672	0.005730674708984983	1.5344827586206917	2.6699999999999955	0.002729670050045613	0.0027249185889639538	203.30505012195945				
2023-09-14 07:00:00	0	1.74	1.74	1.74	1.74	1.7	CFV.MI	1.3	1.3	1.3	1.3	1.64	1.27	-1.0	-1.0	-1.0	-1	-1.0	-1.0	1.0	-1.0	-1.0	1.0									-1.0			1.78										-1.0			4.63	-0.0	-0.0	1.18	-0.0	-0.0	0.48	1.84	1.18	0.0	0.0	213.13					1	-0.0	-0.0	-1.17	-0.0	-0.0	-0.25	-1.17	0.0	0.0	599.63					0.0	0.0	-0.76	0.0	0.0	-0.3	-0.76	0.0	0.0	55.51					0.0	0.0	0.38	0.0	0.0	0.16	0.38	0.0	0.0	55.51					-0.0	-0.0	2.6699999999999955	-0.0	-0.0	1.5344827586206917	2.6699999999999955	0.002814664110103008	0.0028101324875875466	213.12743321226327				
2023-09-15 07:00:00	0	1.74	1.74	1.74	1.74	1.7	CFV.MI	1.3	1.3	1.3	1.3	1.64	1.27	-1.0	-1.0	-1.0	-1	-1.0	-1.0	1.0	-1.0	-1.0	1.0									-1.0			1.78		1.3								-1.0			4.63	-0.0	-0.0	1.18	-0.0	-0.0	0.48	1.84	1.18	0.0	0.0	212.57					1	-0.0	-0.0	-1.17	-0.0	-0.0	-0.25	-1.17	0.0	0.0	599.63					0.0	0.0	-0.76	0.0	0.0	-0.3	-0.76	0.0	0.0	62.98					0.0	0.0	0.38	0.0	0.0	0.16	0.38	0.0	0.0	62.98					-0.0	-0.0	2.6699999999999955	-0.0	-0.0	1.5344827586206917	2.6699999999999955	0.0027748655372663465	0.0027703953889839372	212.56616061402306				
2023-09-18 07:00:00	2000	1.72	1.72	1.72	1.72	1.68	CFV.MI	1.3	1.3	1.3	1.3	1.64	1.27	-1.0	-1.0	-1.0	-1	-1.0	-1.0	1.0	-1.0	-1.0	1.0		1.72							-1.0			1.78										-1.0			4.63	0.02	0.02	1.2	0.01	0.01	0.5	1.84	1.2	0.0	0.0	238.13					1	0.02	0.02	-1.15	0.01	0.01	-0.24	-1.15	0.0	0.0	604.13					-0.02	-0.02	-0.78	-0.01	-0.01	-0.31	-0.78	0.0	0.0	45.92					-0.02	-0.02	0.36	-0.01	-0.01	0.14	0.36	0.0	0.0	45.92					0.020000000000000018	0.020000000000000018	2.6899999999999955	0.011494252873563204	0.011560822401075971	1.563953488372095	2.6899999999999955	0.0029807605836767864	0.0029765485713881823	238.1307802796258				
2023-09-19 07:00:00	3000	1.75	1.73	1.73	1.75	1.71	CFV.MI	1.3	1.31	1.3	1.31	1.64	1.27	-1.0	-1.0	-1.0	-1	-1.0	-1.0	1.0	-1.0	-1.0	1.0									-1.0			1.78	1.31									-1.0			4.63	-0.03	-0.03	1.17	-0.02	-0.02	0.47	1.84	1.17	0.0	0.0	213.36					1	-0.03	-0.03	-1.18	-0.02	-0.02	-0.26	-1.18	0.0	0.0	513.9					0.03	0.03	-0.75	0.02	0.02	-0.3	-0.75	0.0	0.0	67.32					0.03	0.03	0.39	0.02	0.02	0.16	0.39	0.0	0.0	67.32					-0.030000000000000027	-0.030000000000000027	2.6599999999999957	-0.01744186046511631	-0.017291497110061043	1.5200000000000018	2.6599999999999957	0.0026738799379483155	0.002669604896853972	213.35617640260054				
2023-09-20 07:00:00	3000	1.75	1.75	1.75	1.75	1.71	CFV.MI	1.29	1.29	1.29	1.29	1.59	1.27	-1.0	-1.0	-1.0	-1	-1.0	-1.0	1.0	-1.0	-1.0	1.0									-1.0			1.78		1.29		1.29						-1.0			4.63	-0.0	-0.0	1.17	-0.0	-0.0	0.47	1.84	1.17	0.0	0.0	243.44					1	-0.0	-0.0	-1.18	-0.0	-0.0	-0.26	-1.18	0.0	0.0	513.9					0.0	0.0	-0.75	0.0	0.0	-0.3	-0.75	0.0	0.0	58.18					0.0	0.0	0.39	0.0	0.0	0.16	0.39	0.0	0.0	58.18					-0.0	-0.0	2.6599999999999957	-0.0	-0.0	1.5200000000000018	2.6599999999999957	0.0027957937774773668	0.002791954141045938	243.44168794852348				
2023-09-21 07:00:00	0	1.75	1.75	1.75	1.75	1.71	CFV.MI	1.31	1.31	1.31	1.31	1.59	1.27	-1.0	-1.0	-1.0	-1	-1.0	-1.0	1.0	-1.0	-1.0	1.0									-1.0			1.78										-1.0			4.63	-0.0	-0.0	1.17	-0.0	-0.0	0.47	1.84	1.17	0.0	0.0	241.04					1	-0.0	-0.0	-1.18	-0.0	-0.0	-0.26	-1.18	0.0	0.0	513.9					0.0	0.0	-0.75	0.0	0.0	-0.3	-0.75	0.0	0.0	72.74					0.0	0.0	0.39	0.0	0.0	0.16	0.39	0.0	0.0	72.74					-0.0	-0.0	2.6599999999999957	-0.0	-0.0	1.5200000000000018	2.6599999999999957	0.0026357884438240105	0.0026321670151117083	241.03886871047348				
2023-09-22 07:00:00	0	1.75	1.75	1.75	1.75	1.71	CFV.MI	1.32	1.32	1.32	1.32	1.57	1.27	-1.0	-1.0	-1.0	-1	-1.0	-1.0	1.0	-1.0	-1.0	1.0									-1.0			1.78										-1.0			4.63	-0.0	-0.0	1.17	-0.0	-0.0	0.47	1.84	1.17	0.0	0.0	238.32					1	-0.0	-0.0	-1.18	-0.0	-0.0	-0.26	-1.18	0.0	0.0	513.9					0.0	0.0	-0.75	0.0	0.0	-0.3	-0.75	0.0	0.0	88.67					0.0	0.0	0.39	0.0	0.0	0.16	0.39	0.0	0.0	88.67					-0.0	-0.0	2.6599999999999957	-0.0	-0.0	1.5200000000000018	2.6599999999999957	0.0024725174707743536	0.002469112140585983	238.32470833264085				
2023-09-25 07:00:00	12000	1.8	1.76	1.77	1.76	1.72	CFV.MI	1.34	1.37	1.34	1.34	1.57	1.27	-1.0	-1.0	-1.0	-1	-1.0	-1.0	1.0	-1.0	-1.0	1.0	1.8								-1.0			1.78	1.37		1.37							-1.0			4.63	-0.01	-0.01	1.16	-0.01	-0.01	0.46	1.84	1.16	0.0	0.0	222.06					1	-0.01	-0.01	-1.19	-0.01	-0.01	-0.26	-1.19	0.0	0.0	480.29					0.01	0.01	-0.74	0.01	0.01	-0.29	-0.74	0.0	0.0	111.31					0.01	0.01	0.4	0.01	0.01	0.17	0.4	0.0	0.0	111.31					-0.010000000000000009	-0.010000000000000009	2.649999999999996	-0.005714285714285783	-0.005698021114637796	1.5056818181818197	2.649999999999996	0.002189035037301987	0.0021857212530584924	222.06195396730828				
2023-09-26 07:00:00	2000	1.75	1.74	1.75	1.74	1.7	CFV.MI	1.34	1.34	1.34	1.34	1.57	1.27	-1.0	-1.0	-1.0	-1	-1.0	-1.0	1.0	-1.0	-1.0	1.0									-1.0			1.78										-1.0			4.63	0.02	0.02	1.18	0.01	0.01	0.48	1.84	1.18	0.0	0.0	223.94					1	0.02	0.02	-1.17	0.01	0.01	-0.25	-1.17	0.0	0.0	484.85					-0.02	-0.02	-0.76	-0.01	-0.01	-0.3	-0.76	0.0	0.0	98.45					-0.02	-0.02	0.38	-0.01	-0.01	0.16	0.38	0.0	0.0	98.45					0.020000000000000018	0.020000000000000018	2.669999999999996	0.011363636363636354	0.011428695823622744	1.5344827586206913	2.669999999999996	0.002279321734308607	0.0022758871703216776	223.94206325833193				
2023-09-27 07:00:00	2000	1.74	1.74	1.74	1.74	1.7	CFV.MI	1.34	1.34	1.34	1.34	1.57	1.27	-1.0	-1.0	-1.0	-1	-1.0	-1.0	1.0	-1.0	-1.0	1.0									-1.0			1.78										-1.0			4.63	-0.0	-0.0	1.18	-0.0	-0.0	0.48	1.84	1.18	0.0	0.0	223.94					1	-0.0	-0.0	-1.17	-0.0	-0.0	-0.25	-1.17	0.0	0.0	484.85					0.0	0.0	-0.76	0.0	0.0	-0.3	-0.76	0.0	0.0	98.45					0.0	0.0	0.38	0.0	0.0	0.16	0.38	0.0	0.0	98.45					-0.0	-0.0	2.669999999999996	-0.0	-0.0	1.5344827586206913	2.669999999999996	0.002279321734308607	0.0022758871703216776	223.94206325833193				
2023-09-28 07:00:00	4000	1.74	1.7	1.74	1.7	1.66	CFV.MI	1.33	1.33	1.3	1.3	1.57	1.27	-1.0	-1.0	-1.0	-1	-1.0	-1.0	1.0	-1.0	-1.0	1.0		1.7							-1.0			1.78		1.3								-1.0			4.63	0.04	0.04	1.22	0.02	0.02	0.51	1.84	1.22	0.0	0.0	227.42					1	0.04	0.04	-1.13	0.02	0.02	-0.23	-1.13	0.0	0.0	492.65					-0.04	-0.04	-0.8	-0.02	-0.02	-0.32	-0.8	0.0	0.0	80.35					-0.04	-0.04	0.34	-0.02	-0.02	0.13	0.34	0.0	0.0	80.35					0.040000000000000036	0.040000000000000036	2.709999999999996	0.02298850574712641	0.023256862164267235	1.594117647058825	2.709999999999996	0.002463050945406318	0.0024593639424153046	227.42447324084614				
2023-09-29 07:00:00	3000	1.74	1.68	1.69	1.74	1.7	CFV.MI	1.29	1.33	1.28	1.33	1.57	1.27	-1.0	-1.0	-1.0	-1	-1.0	-1.0	1.0	-1.0	-1.0	1.0	1.74								-1.0			1.78										-1.0			4.63	-0.04	-0.04	1.18	-0.02	-0.02	0.48	1.84	1.18	0.0	0.0	199.96					1	-0.04	-0.04	-1.17	-0.02	-0.02	-0.25	-1.17	0.0	0.0	409.39					0.04	0.04	-0.76	0.02	0.02	-0.3	-0.76	0.0	0.0	88.28					0.04	0.04	0.38	0.02	0.02	0.16	0.38	0.0	0.0	88.28					-0.040000000000000036	-0.040000000000000036	2.669999999999996	-0.0235294117647058	-0.023256862164267183	1.5344827586206917	2.669999999999996	0.0023452200536325366	0.0023411351710915795	199.95714854903932				
2023-10-02 07:00:00	6000	1.74	1.7	1.73	1.7	1.66	CFV.MI	1.34	1.35	1.32	1.32	1.55	1.27	-1.0	-1.0	-1.0	-1	-1.0	-1.0	1.0	-1.0	-1.0	1.0									-1.0			1.78	1.35									-1.0			4.63	0.04	0.04	1.22	0.02	0.02	0.51	1.84	1.22	0.0	0.0	233.41					1	0.04	0.04	-1.13	0.02	0.02	-0.23	-1.13	0.0	0.0	416.12					-0.04	-0.04	-0.8	-0.02	-0.02	-0.32	-0.8	0.0	0.0	62.81					-0.04	-0.04	0.34	-0.02	-0.02	0.13	0.34	0.0	0.0	62.81					0.040000000000000036	0.040000000000000036	2.709999999999996	0.02298850574712641	0.023256862164267235	1.5941176470588254	2.709999999999996	0.002652774148366808	0.0026488584493669087	233.40974727614667				
2023-10-03 07:00:00	1000	1.68	1.68	1.68	1.68	1.64	CFV.MI	1.32	1.32	1.32	1.32	1.55	1.27	-1.0	-1.0	-1.0	-1	-1.0	-1.0	1.0	-1.0	-1.0	1.0		1.68							-1.0			1.78		1.32								-1.0			4.63	0.02	0.02	1.24	0.01	0.01	0.53	1.84	1.24	0.0	0.0	231.56					1	0.02	0.02	-1.11	0.01	0.01	-0.22	-1.11	0.0	0.0	419.07					-0.02	-0.02	-0.82	-0.01	-0.01	-0.33	-0.82	0.0	0.0	68.98					-0.02	-0.02	0.32	-0.01	-0.01	0.12	0.32	0.0	0.0	68.98					0.020000000000000018	0.020000000000000018	2.729999999999996	0.0117647058823529	0.011834457647002796	1.6250000000000018	2.729999999999996	0.0025399883261490123	0.002536233452172576	231.55783493881873				
2023-10-04 07:00:00	5000	1.71	1.65	1.66	1.71	1.67	CFV.MI	1.3	1.34	1.3	1.34	1.55	1.27	-1.0	-1.0	-1.0	-1	-1.0	-1.0	1.0	-1.0	-1.0	1.0									-1.0			1.78										-1.0			4.63	-0.03	-0.03	1.21	-0.02	-0.02	0.51	1.8	1.21	0.0	0.0	206.22					1	-0.03	-0.03	-1.14	-0.02	-0.02	-0.24	-1.14	0.0	0.0	362.24					0.03	0.03	-0.79	0.02	0.02	-0.31	-0.79	0.0	0.0	88.96					0.03	0.03	0.35	0.02	0.02	0.14	0.35	0.0	0.0	88.96					-0.030000000000000027	-0.030000000000000027	2.6999999999999957	-0.017857142857142794	-0.017699577099400857	1.5789473684210544	2.6999999999999957	0.00230896820961888	0.002305064105246002	206.22349249275734				
2023-10-05 07:00:00	11000	1.74	1.68	1.68	1.74	1.7	CFV.MI	1.32	1.37	1.32	1.37	1.55	1.27	-1.0	-1.0	-1.0	-1	-1.0	-1.0	1.0	-1.0	-1.0	1.0									-1.0			1.78	1.37		1.37							-1.0			4.63	-0.03	-0.03	1.18	-0.02	-0.02	0.48	1.8	1.18	0.0	0.0	185.69					1	-0.03	-0.03	-1.17	-0.02	-0.02	-0.25	-1.17	0.0	0.0	318.1					0.03	0.03	-0.76	0.02	0.02	-0.3	-0.76	0.0	0.0	94.42					0.03	0.03	0.38	0.02	0.02	0.16	0.38	0.0	0.0	94.42					-0.030000000000000027	-0.030000000000000027	2.6699999999999955	-0.01754385964912286	-0.01739174271186924	1.5344827586206913	2.6699999999999955	0.002201518893397075	0.0021972788480055794	185.6869791299522				
2023-10-06 07:00:00	2000	1.74	1.74	1.74	1.74	1.7	CFV.MI	1.35	1.35	1.35	1.35	1.55	1.27	-1.0	-1.0	-1.0	-1	-1.0	-1.0	1.0	-1.0	-1.0	1.0	1.74								-1.0			1.78										-1.0			4.63	-0.0	-0.0	1.18	-0.0	-0.0	0.48	1.8	1.18	0.0	0.0	200.36					1	-0.0	-0.0	-1.17	-0.0	-0.0	-0.25	-1.17	0.0	0.0	347.98					0.0	0.0	-0.76	0.0	0.0	-0.3	-0.76	0.0	0.0	91.14					0.0	0.0	0.38	0.0	0.0	0.16	0.38	0.0	0.0	91.14					-0.0	-0.0	2.6699999999999955	-0.0	-0.0	1.5344827586206913	2.6699999999999955	0.0022942360117096136	0.0022902538419891094	200.36258109263534				
2023-10-09 07:00:00	10000	1.75	1.7	1.75	1.7	1.66	CFV.MI	1.36	1.36	1.32	1.32	1.55	1.27	-1.0	-1.0	-1.0	-1	-1.0	-1.0	1.0	-1.0	-1.0	1.0									-1.0			1.78										-1.0			4.63	0.04	0.04	1.22	0.02	0.02	0.51	1.8	1.22	0.0	0.0	203.71					1	0.04	0.04	-1.13	0.02	0.02	-0.23	-1.13	0.0	0.0	354.09					-0.04	-0.04	-0.8	-0.02	-0.02	-0.32	-0.8	0.0	0.0	74.52					-0.04	-0.04	0.34	-0.02	-0.02	0.13	0.34	0.0	0.0	74.52					0.040000000000000036	0.040000000000000036	2.7099999999999955	0.02298850574712641	0.023256862164267235	1.594117647058825	2.7099999999999955	0.0024756395365908975	0.002471381208122292	203.71378851827575				
2023-10-10 07:00:00	12000	1.7	1.66	1.68	1.7	1.66	CFV.MI	1.28	1.29	1.26	1.29	1.55	1.26	-1.0	-1.0	-1.0	-1	-1.0	-1.0	1.0	-1.0	-1.0	1.0		1.66							-1.0			1.78		1.26		1.26						-1.0			4.63	-0.0	-0.0	1.22	-0.0	-0.0	0.51	1.8	1.22	0.0	0.0	200.63					1	-0.0	-0.0	-1.13	-0.0	-0.0	-0.23	-1.13	0.0	0.0	348.48					0.0	0.0	-0.8	0.0	0.0	-0.32	-0.8	0.0	0.0	90.28					0.0	0.0	0.34	0.0	0.0	0.13	0.34	0.0	0.0	90.28					-0.0	-0.0	2.7099999999999955	-0.0	-0.0	1.594117647058825	2.7099999999999955	0.0023078911358673823	0.0023038884996389175	200.62908083282005				
2023-10-11 07:00:00	3000	1.69	1.69	1.69	1.69	1.65	CFV.MI	1.28	1.28	1.28	1.28	1.55	1.26	-1.0	-1.0	-1.0	-1	-1.0	-1.0	1.0	-1.0	-1.0	1.0									-1.0			1.78										-1.0			4.63	0.01	0.01	1.23	0.01	0.01	0.52	1.8	1.23	0.0	0.0	201.51					1	0.01	0.01	-1.12	0.01	0.01	-0.23	-1.12	0.0	0.0	350.12					-0.01	-0.01	-0.81	-0.01	-0.01	-0.32	-0.81	0.0	0.0	81.54					-0.01	-0.01	0.33	-0.01	-0.01	0.12	0.33	0.0	0.0	81.54					0.010000000000000009	0.010000000000000009	2.7199999999999953	0.00588235294117645	0.005899722127188271	1.6094674556213033	2.7199999999999953	0.0023539089684594516	0.002349836974799402	201.509429031963				
2023-10-12 07:00:00	1000	1.72	1.72	1.72	1.72	1.68	CFV.MI	1.3	1.3	1.3	1.3	1.55	1.26	-1.0	-1.0	-1.0	-1	-1.0	-1.0	1.0	-1.0	-1.0	1.0									-1.0			1.78										-1.0			4.63	-0.03	-0.03	1.2	-0.02	-0.02	0.5	1.8	1.2	0.0	0.0	181.57					1	-0.03	-0.03	-1.15	-0.02	-0.02	-0.24	-1.15	0.0	0.0	308.11					0.03	0.03	-0.78	0.02	0.02	-0.31	-0.78	0.0	0.0	87.01					0.03	0.03	0.36	0.02	0.02	0.14	0.36	0.0	0.0	87.01					-0.030000000000000027	-0.030000000000000027	2.689999999999995	-0.01775147928994092	-0.01759576189037966	1.563953488372094	2.689999999999995	0.0022445557248605102	0.0022401354170198395	181.56570896886075				
2023-10-13 07:00:00	0	1.72	1.72	1.72	1.72	1.68	CFV.MI	1.31	1.31	1.31	1.31	1.55	1.26	-1.0	-1.0	-1.0	-1	-1.0	-1.0	1.0	-1.0	-1.0	1.0	1.72								-1.0			1.78	1.31									-1.0			4.63	-0.0	-0.0	1.2	-0.0	-0.0	0.5	1.8	1.2	0.0	0.0	181.57					1	-0.0	-0.0	-1.15	-0.0	-0.0	-0.24	-1.15	0.0	0.0	308.11					0.0	0.0	-0.78	0.0	0.0	-0.31	-0.78	0.0	0.0	87.01					0.0	0.0	0.36	0.0	0.0	0.14	0.36	0.0	0.0	87.01					-0.0	-0.0	2.689999999999995	-0.0	-0.0	1.563953488372094	2.689999999999995	0.0022445557248605102	0.0022401354170198395	181.56570896886075				
2023-10-16 07:00:00	0	1.72	1.72	1.72	1.72	1.68	CFV.MI	1.31	1.31	1.31	1.31	1.55	1.26	-1.0	-1.0	-1.0	-1	-1.0	-1.0	1.0	-1.0	-1.0	1.0									-1.0			1.78										-1.0			4.63	-0.0	-0.0	1.2	-0.0	-0.0	0.5	1.8	1.2	0.0	0.0	181.57					1	-0.0	-0.0	-1.15	-0.0	-0.0	-0.24	-1.15	0.0	0.0	308.11					0.0	0.0	-0.78	0.0	0.0	-0.31	-0.78	0.0	0.0	87.01					0.0	0.0	0.36	0.0	0.0	0.14	0.36	0.0	0.0	87.01					-0.0	-0.0	2.689999999999995	-0.0	-0.0	1.563953488372094	2.689999999999995	0.0022445557248605102	0.0022401354170198395	181.56570896886075				
2023-10-17 07:00:00	1000	1.68	1.68	1.68	1.68	1.64	CFV.MI	1.28	1.28	1.28	1.28	1.55	1.26	-1.0	-1.0	-1.0	-1	-1.0	-1.0	1.0	-1.0	-1.0	1.0									-1.0			1.78		1.28								-1.0			4.63	0.04	0.04	1.24	0.02	0.02	0.53	1.8	1.24	0.0	0.0	184.97					1	0.04	0.04	-1.11	0.02	0.02	-0.22	-1.11	0.0	0.0	314.28					-0.04	-0.04	-0.82	-0.02	-0.02	-0.33	-0.82	0.0	0.0	71.07					-0.04	-0.04	0.32	-0.02	-0.02	0.12	0.32	0.0	0.0	71.07					0.040000000000000036	0.040000000000000036	2.729999999999995	0.023255813953488413	0.02353049741019416	1.6250000000000013	2.729999999999995	0.002425740554919005	0.0024210213230593247	184.9733009735167				
2023-10-18 07:00:00	2000	1.68	1.68	1.68	1.68	1.64	CFV.MI	1.29	1.29	1.29	1.29	1.55	1.26	-1.0	-1.0	-1.0	-1	-1.0	-1.0	1.0	-1.0	-1.0	1.0									-1.0			1.78										-1.0			4.63	-0.0	-0.0	1.24	-0.0	-0.0	0.53	1.8	1.24	0.0	0.0	184.97					1	-0.0	-0.0	-1.11	-0.0	-0.0	-0.22	-1.11	0.0	0.0	314.28					0.0	0.0	-0.82	0.0	0.0	-0.33	-0.82	0.0	0.0	71.07					0.0	0.0	0.32	0.0	0.0	0.12	0.32	0.0	0.0	71.07					-0.0	-0.0	2.729999999999995	-0.0	-0.0	1.6250000000000013	2.729999999999995	0.0024257405549190057	0.0024210213230593247	184.97330097351673				
2023-10-19 07:00:00	0	1.68	1.68	1.68	1.68	1.64	CFV.MI	1.31	1.31	1.31	1.31	1.5	1.26	-1.0	-1.0	-1.0	-1	-1.0	-1.0	1.0	-1.0	-1.0	1.0									-1.0			1.78										-1.0			4.63	-0.0	-0.0	1.24	-0.0	-0.0	0.53	1.8	1.24	0.0	0.0	203.56					1	-0.0	-0.0	-1.11	-0.0	-0.0	-0.22	-1.11	0.0	0.0	353.02					0.0	0.0	-0.82	0.0	0.0	-0.33	-0.82	0.0	0.0	65.9					0.0	0.0	0.32	0.0	0.0	0.12	0.32	0.0	0.0	65.9					-0.0	-0.0	2.729999999999995	-0.0	-0.0	1.6250000000000013	2.729999999999995	0.0025343164624404523	0.0025299444834008256	203.55683950519506				
2023-10-20 07:00:00	5000	1.71	1.67	1.68	1.67	1.63	CFV.MI	1.32	1.35	1.32	1.32	1.5	1.26	-1.0	-1.0	-1.0	-1	-1.0	-1.0	1.0	-1.0	-1.0	1.0									-1.0			1.78	1.35		1.35							-1.0			4.63	0.01	0.01	1.25	0.01	0.01	0.54	1.8	1.25	0.0	0.0	202.19					1	0.01	0.01	-1.1	0.01	0.01	-0.22	-1.1	0.0	0.0	350.63					-0.01	-0.01	-0.83	-0.01	-0.01	-0.33	-0.83	0.0	0.0	70.18					-0.01	-0.01	0.31	-0.01	-0.01	0.11	0.31	0.0	0.0	70.18					0.010000000000000009	0.010000000000000009	2.739999999999995	0.005952380952380931	0.005970166986503796	1.6407185628742527	2.739999999999995	0.0024547354628194932	0.002450487399204393	202.1906251675457				
2023-10-23 07:00:00	3000	1.67	1.65	1.67	1.65	1.61	CFV.MI	1.31	1.31	1.29	1.29	1.5	1.26	-1.0	-1.0	-1.0	-1	-1.0	-1.0	1.0	-1.0	-1.0	1.0									-1.0			1.78										-1.0			4.63	0.02	0.02	1.27	0.01	0.01	0.56	1.75	1.27	0.0	0.0	203.8					1	0.02	0.02	-1.08	0.01	0.01	-0.21	-1.08	0.0	0.0	353.43					-0.02	-0.02	-0.85	-0.01	-0.01	-0.34	-0.85	0.0	0.0	59.43					-0.02	-0.02	0.29	-0.01	-0.01	0.1	0.29	0.0	0.0	59.43					0.020000000000000018	0.020000000000000018	2.759999999999995	0.0119760479041916	0.01204833851617448	1.6727272727272742	2.759999999999995	0.002548712503245654	0.002544317918436345	203.7967629184687				
2023-10-24 07:00:00	2000	1.66	1.65	1.66	1.65	1.61	CFV.MI	1.3	1.3	1.29	1.29	1.49	1.26	-1.0	-1.0	-1.0	-1	-1.0	-1.0	1.0	-1.0	-1.0	1.0									-1.0			1.78		1.29								-1.0			4.63	-0.0	-0.0	1.27	-0.0	-0.0	0.56	1.75	1.27	0.0	0.0	224.19					1	-0.0	-0.0	-1.08	-0.0	-0.0	-0.21	-1.08	0.0	0.0	398.19					0.0	0.0	-0.85	0.0	0.0	-0.34	-0.85	0.0	0.0	53.48					0.0	0.0	0.29	0.0	0.0	0.1	0.29	0.0	0.0	53.48					-0.0	-0.0	2.759999999999995	-0.0	-0.0	1.6727272727272742	2.759999999999995	0.0026542384035436887	0.002650179951223075	224.1883110143079				
2023-10-25 07:00:00	0	1.65	1.65	1.65	1.65	1.61	CFV.MI	1.3	1.3	1.3	1.3	1.49	1.26	-1.0	-1.0	-1.0	-1	-1.0	-1.0	1.0	-1.0	-1.0	1.0									-1.0			1.78	1.3									-1.0			4.63	-0.0	-0.0	1.27	-0.0	-0.0	0.56	1.75	1.27	0.0	0.0	224.19					1	-0.0	-0.0	-1.08	-0.0	-0.0	-0.21	-1.08	0.0	0.0	398.19					0.0	0.0	-0.85	0.0	0.0	-0.34	-0.85	0.0	0.0	53.48					0.0	0.0	0.29	0.0	0.0	0.1	0.29	0.0	0.0	53.48					-0.0	-0.0	2.759999999999995	-0.0	-0.0	1.6727272727272742	2.759999999999995	0.0026542384035436887	0.002650179951223075	224.1883110143079				
2023-10-26 07:00:00	0	1.65	1.65	1.65	1.65	1.61	CFV.MI	1.29	1.29	1.29	1.29	1.49	1.26	-1.0	-1.0	-1.0	-1	-1.0	-1.0	1.0	-1.0	-1.0	1.0									-1.0			1.78		1.29								-1.0			4.63	-0.0	-0.0	1.27	-0.0	-0.0	0.56	1.75	1.27	0.0	0.0	224.19					1	-0.0	-0.0	-1.08	-0.0	-0.0	-0.21	-1.08	0.0	0.0	398.19					0.0	0.0	-0.85	0.0	0.0	-0.34	-0.85	0.0	0.0	53.48					0.0	0.0	0.29	0.0	0.0	0.1	0.29	0.0	0.0	53.48					-0.0	-0.0	2.759999999999995	-0.0	-0.0	1.6727272727272742	2.759999999999995	0.0026542384035436887	0.002650179951223075	224.1883110143079				
2023-10-27 07:00:00	3000	1.65	1.64	1.65	1.64	1.6	CFV.MI	1.3	1.3	1.3	1.3	1.49	1.26	-1.0	-1.0	-1.0	-1	-1.0	-1.0	1.0	-1.0	-1.0	1.0									-1.0			1.78	1.3									-1.0			4.63	0.01	0.01	1.28	0.01	0.01	0.57	1.75	1.28	0.0	0.0	223.6					1	0.01	0.01	-1.07	0.01	0.01	-0.21	-1.07	0.0	0.0	397.19					-0.01	-0.01	-0.86	-0.01	-0.01	-0.34	-0.86	0.0	0.0	55.37					-0.01	-0.01	0.28	-0.01	-0.01	0.09	0.28	0.0	0.0	55.37					0.010000000000000009	0.010000000000000009	2.769999999999995	0.0060606060606061	0.006079046076382226	1.6890243902439037	2.769999999999995	0.00261731581251464	0.002613311340579738	223.6043437460059				
2023-10-30 08:00:00	0	1.64	1.64	1.64	1.64	1.6	CFV.MI	1.29	1.29	1.29	1.29	1.49	1.26	-1.0	-1.0	-1.0	-1	-1.0	-1.0	1.0	-1.0	-1.0	1.0		1.64							-1.0			1.78										-1.0			4.63	-0.0	-0.0	1.28	-0.0	-0.0	0.57	1.75	1.28	0.0	0.0	223.6					1	-0.0	-0.0	-1.07	-0.0	-0.0	-0.21	-1.07	0.0	0.0	397.19					0.0	0.0	-0.86	0.0	0.0	-0.34	-0.86	0.0	0.0	55.37					0.0	0.0	0.28	0.0	0.0	0.09	0.28	0.0	0.0	55.37					-0.0	-0.0	2.769999999999995	-0.0	-0.0	1.6890243902439037	2.769999999999995	0.00261731581251464	0.002613311340579738	223.6043437460059				
2023-10-31 08:00:00	1000	1.64	1.64	1.64	1.64	1.6	CFV.MI	1.27	1.27	1.27	1.27	1.49	1.26	-1.0	-1.0	-1.0	-1	-1.0	-1.0	1.0	-1.0	-1.0	1.0									-1.0			1.78		1.27								-1.0			4.63	-0.0	-0.0	1.28	-0.0	-0.0	0.57	1.75	1.28	0.0	0.0	222.91					1	-0.0	-0.0	-1.07	-0.0	-0.0	-0.21	-1.07	0.0	0.0	396.0					0.0	0.0	-0.86	0.0	0.0	-0.34	-0.86	0.0	0.0	63.59					0.0	0.0	0.28	0.0	0.0	0.09	0.28	0.0	0.0	63.59					-0.0	-0.0	2.769999999999995	-0.0	-0.0	1.6890243902439037	2.769999999999995	0.0025744972795068597	0.0025705549564412067	222.91013120784731				
2023-11-01 08:00:00	6000	1.7	1.68	1.68	1.7	1.66	CFV.MI	1.29	1.31	1.29	1.31	1.49	1.26	-1.0	-1.0	-1.0	-1	-1.0	-1.0	1.0	-1.0	-1.0	1.0	1.7								-1.0			1.78	1.31									-1.0			4.63	-0.06	-0.06	1.22	-0.04	-0.04	0.51	1.75	1.22	0.0	0.0	186.73					1	-0.06	-0.06	-1.13	-0.04	-0.04	-0.23	-1.13	0.0	0.0	314.52					0.06	0.06	-0.8	0.04	0.04	-0.32	-0.8	0.0	0.0	75.6					0.06	0.06	0.34	0.04	0.04	0.13	0.34	0.0	0.0	75.6					-0.06000000000000005	-0.06000000000000005	2.709999999999995	-0.03658536585365857	-0.03593200922606337	1.594117647058825	2.709999999999995	0.00242651063056873	0.002421995821859202	186.7303975111405				
2023-11-02 08:00:00	3000	1.67	1.67	1.67	1.67	1.63	CFV.MI	1.26	1.26	1.26	1.26	1.49	1.26	-1.0	-1.0	-1.0	-1	-1.0	-1.0	1.0	-1.0	-1.0	1.0									-1.0			1.78										-1.0			4.63	0.03	0.03	1.25	0.02	0.02	0.54	1.75	1.25	0.0	0.0	198.7					1	0.03	0.03	-1.1	0.02	0.02	-0.22	-1.1	0.0	0.0	336.11					-0.03	-0.03	-0.83	-0.02	-0.02	-0.33	-0.83	0.0	0.0	61.16					-0.03	-0.03	0.31	-0.02	-0.02	0.11	0.31	0.0	0.0	61.16					0.030000000000000027	0.030000000000000027	2.739999999999995	0.01764705882352946	0.017804624633506707	1.640718562874253	2.739999999999995	0.0026510787364224415	0.00264656392201168	198.69724101542744				
2023-11-03 08:00:00	11000	1.68	1.62	1.64	1.62	1.58	CFV.MI	1.23	1.26	1.22	1.22	1.49	1.22	-1.0	-1.0	-1.0	-1	-1.0	-1.0	1.0	-1.0	-1.0	1.0		1.62							-1.0			1.78		1.22								-1.0			4.63	0.05	0.05	1.3	0.03	0.03	0.59	1.75	1.3	0.0	0.0	211.79					1	0.05	0.05	-1.05	0.03	0.03	-0.2	-1.05	0.0	0.0	359.38					-0.05	-0.05	-0.88	-0.03	-0.03	-0.35	-0.88	0.0	0.0	43.07					-0.05	-0.05	0.26	-0.03	-0.03	0.08	0.26	0.0	0.0	43.07					0.04999999999999982	0.04999999999999982	2.7899999999999947	0.029940119760478945	0.03039747718437093	1.7222222222222237	2.7899999999999947	0.0029788081364469756	0.002974154272295415	211.78733951801968				
2023-11-06 08:00:00	4000	1.68	1.65	1.65	1.68	1.64	CFV.MI	1.24	1.27	1.24	1.27	1.49	1.22	-1.0	-1.0	-1.0	-1	-1.0	-1.0	1.0	-1.0	-1.0	1.0									-1.0			1.78										-1.0			4.63	-0.06	-0.06	1.24	-0.04	-0.04	0.53	1.72	1.24	0.0	0.0	179.97					1	-0.06	-0.06	-1.11	-0.04	-0.04	-0.22	-1.11	0.0	0.0	292.86					0.06	0.06	-0.82	0.04	0.04	-0.33	-0.82	0.0	0.0	54.1					0.06	0.06	0.32	0.04	0.04	0.12	0.32	0.0	0.0	54.1					-0.05999999999999983	-0.05999999999999983	2.729999999999995	-0.03703703703703698	-0.03636764417087479	1.6250000000000013	2.729999999999995	0.002826167535553376	0.0028208698787346442	179.97450977917663				
2023-11-07 08:00:00	0	1.68	1.68	1.68	1.68	1.64	CFV.MI	1.28	1.28	1.28	1.28	1.49	1.22	-1.0	-1.0	-1.0	-1	-1.0	-1.0	1.0	-1.0	-1.0	1.0	1.68								-1.0			1.78	1.28									-1.0			4.63	-0.0	-0.0	1.24	-0.0	-0.0	0.53	1.72	1.24	0.0	0.0	179.97					1	-0.0	-0.0	-1.11	-0.0	-0.0	-0.22	-1.11	0.0	0.0	292.86					0.0	0.0	-0.82	0.0	0.0	-0.33	-0.82	0.0	0.0	54.1					0.0	0.0	0.32	0.0	0.0	0.12	0.32	0.0	0.0	54.1					-0.0	-0.0	2.729999999999995	-0.0	-0.0	1.6250000000000013	2.729999999999995	0.002826167535553376	0.0028208698787346442	179.97450977917663				
2023-11-08 08:00:00	1000	1.68	1.68	1.68	1.68	1.64	CFV.MI	1.27	1.27	1.27	1.27	1.49	1.22	-1.0	-1.0	-1.0	-1	-1.0	-1.0	1.0	-1.0	-1.0	1.0									-1.0			1.78										-1.0			4.63	-0.0	-0.0	1.24	-0.0	-0.0	0.53	1.72	1.24	0.0	0.0	179.41					1	-0.0	-0.0	-1.11	-0.0	-0.0	-0.22	-1.11	0.0	0.0	291.98					0.0	0.0	-0.82	0.0	0.0	-0.33	-0.82	0.0	0.0	61.01					0.0	0.0	0.32	0.0	0.0	0.12	0.32	0.0	0.0	61.01					-0.0	-0.0	2.729999999999995	-0.0	-0.0	1.6250000000000013	2.729999999999995	0.0027835798313378514	0.002778353301760239	179.40973621372214				
2023-11-09 08:00:00	12000	1.66	1.6	1.66	1.6	1.56	CFV.MI	1.25	1.25	1.2	1.2	1.49	1.2	-1.0	-1.0	-1.0	-1	-1.0	-1.0	1.0	-1.0	-1.0	1.0									-1.0			1.78										-1.0			4.63	0.08	0.08	1.32	0.05	0.05	0.61	1.72	1.32	0.0	0.0	184.07					1	0.08	0.08	-1.03	0.05	0.05	-0.19	-1.03	0.0	0.0	298.93					-0.08	-0.08	-0.9	-0.05	-0.05	-0.36	-0.9	0.0	0.0	41.02					-0.08	-0.08	0.24	-0.05	-0.05	0.06	0.24	0.0	0.0	41.02					0.07999999999999985	0.07999999999999985	2.809999999999995	0.04761904761904756	0.048790164169431945	1.7562500000000014	2.809999999999995	0.003169022128276364	0.003163134404190693	184.07202229585107				
2023-11-10 08:00:00	5000	1.61	1.59	1.61	1.59	1.55	CFV.MI	1.22	1.22	1.2	1.2	1.49	1.2	-1.0	-1.0	-1.0	-1	-1.0	-1.0	1.0	-1.0	-1.0	1.0									-1.0			1.78										-1.0			4.63	0.01	0.01	1.33	0.01	0.01	0.62	1.72	1.33	0.0	0.0	184.61					1	0.01	0.01	-1.02	0.01	0.01	-0.18	-1.02	0.0	0.0	299.69					-0.01	-0.01	-0.91	-0.01	-0.01	-0.36	-0.91	0.0	0.0	34.45					-0.01	-0.01	0.23	-0.01	-0.01	0.06	0.23	0.0	0.0	34.45					0.010000000000000009	0.010000000000000009	2.819999999999995	0.006249999999999978	0.006269613013595374	1.7735849056603787	2.819999999999995	0.0032185520710837677	0.0032125765376163073	184.60517101502478				
2023-11-13 08:00:00	20000	1.59	1.46	1.59	1.47	1.44	CFV.MI	1.19	1.19	1.09	1.1	1.49	1.09	-1.0	-1.0	-1.0	-1	-1.0	-1.0	1.0	-1.0	-1.0	1.0		1.46		1.46					-1.0			1.78		1.09		1.09						-1.0			4.63	0.12	0.12	1.45	0.08	0.08	0.75	1.71	1.45	0.0	0.0	206.0					1	0.12	0.12	-0.9	0.08	0.08	-0.11	-0.9	0.0	0.0	337.53					-0.12	-0.12	-1.03	-0.08	-0.08	-0.41	-1.03	0.0	0.0	7.1					-0.12	-0.12	0.11	-0.08	-0.08	-0.02	0.11	0.0	0.0	7.1					0.1200000000000001	0.1200000000000001	2.939999999999995	0.07547169811320764	0.07847161544149532	2.0000000000000018	2.939999999999995	0.003963369475525644	0.003956730624409488	205.9973191522622				
2023-11-14 08:00:00	11000	1.55	1.52	1.55	1.54	1.5	CFV.MI	1.14	1.14	1.12	1.13	1.46	1.09	-1.0	-1.0	-1.0	-1	-1.0	-1.0	1.0	-1.0	-1.0	1.0									-1.0			1.78										-1.0			4.63	-0.07	-0.07	1.38	-0.05	-0.05	0.67	1.71	1.38	0.0	0.0	172.11					1	-0.07	-0.07	-0.97	-0.05	-0.05	-0.15	-0.97	0.0	0.0	270.02					0.07	0.07	-0.96	0.05	0.05	-0.38	-0.96	0.0	0.0	20.02					0.07	0.07	0.18	0.05	0.05	0.02	0.18	0.0	0.0	20.02					-0.07000000000000006	-0.07000000000000006	2.8699999999999948	-0.04761904761904767	-0.04652001563489291	1.863636363636365	2.8699999999999948	0.003774566689516716	0.0037669602592103058	172.10816823085094				
2023-11-15 08:00:00	11000	1.59	1.55	1.55	1.59	1.55	CFV.MI	1.13	1.16	1.13	1.16	1.44	1.09	-1.0	-1.0	-1.0	-1	-1.0	-1.0	1.0	-1.0	-1.0	1.0									-1.0			1.78										-1.0			4.63	-0.05	-0.05	1.33	-0.03	-0.03	0.62	1.71	1.33	0.0	0.0	150.28					1	-0.05	-0.05	-1.02	-0.03	-0.03	-0.18	-1.02	0.0	0.0	233.22					0.05	0.05	-0.91	0.03	0.03	-0.36	-0.91	0.0	0.0	35.76					0.05	0.05	0.23	0.03	0.03	0.06	0.23	0.0	0.0	35.76					-0.050000000000000044	-0.050000000000000044	2.819999999999995	-0.032467532467532534	-0.03195159980660243	1.7735849056603787	2.819999999999995	0.003440762014479533	0.0034327196970906915	150.27786480688303				
2023-11-16 08:00:00	2000	1.59	1.58	1.59	1.58	1.54	CFV.MI	1.17	1.17	1.16	1.16	1.43	1.09	-1.0	-1.0	-1.0	-1	-1.0	-1.0	1.0	-1.0	-1.0	1.0									-1.0			1.78										-1.0			4.63	0.01	0.01	1.34	0.01	0.01	0.63	1.71	1.34	0.0	0.0	150.72					1	0.01	0.01	-1.01	0.01	0.01	-0.18	-1.01	0.0	0.0	233.75					-0.01	-0.01	-0.92	-0.01	-0.01	-0.37	-0.92	0.0	0.0	30.22					-0.01	-0.01	0.22	-0.01	-0.01	0.05	0.22	0.0	0.0	30.22					0.010000000000000009	0.010000000000000009	2.8299999999999947	0.0062893081761006275	0.006309169193264721	1.7911392405063302	2.8299999999999947	0.003489973534186999	0.003481826256162446	150.72015959562376				
2023-11-17 08:00:00	0	1.58	1.58	1.58	1.58	1.54	CFV.MI	1.16	1.16	1.16	1.16	1.43	1.09	-1.0	-1.0	-1.0	-1	-1.0	-1.0	1.0	-1.0	-1.0	1.0									-1.0			1.78										-1.0			4.63	-0.0	-0.0	1.34	-0.0	-0.0	0.63	1.7	1.34	0.0	0.0	150.34					1	-0.0	-0.0	-1.01	-0.0	-0.0	-0.18	-1.01	0.0	0.0	233.3					0.0	0.0	-0.92	0.0	0.0	-0.37	-0.92	0.0	0.0	35.58					0.0	0.0	0.22	0.0	0.0	0.05	0.22	0.0	0.0	35.58					-0.0	-0.0	2.8299999999999947	-0.0	-0.0	1.7911392405063302	2.8299999999999947	0.0034474666169999934	0.00343941003960313	150.33871187057446				
2023-11-20 08:00:00	2000	1.6	1.6	1.6	1.6	1.56	CFV.MI	1.17	1.17	1.17	1.17	1.43	1.09	-1.0	-1.0	-1.0	-1	-1.0	-1.0	1.0	-1.0	-1.0	1.0									-1.0			1.78										-1.0			4.63	-0.02	-0.02	1.32	-0.01	-0.01	0.61	1.7	1.32	0.0	0.0	140.55					1	-0.02	-0.02	-1.03	-0.01	-0.01	-0.19	-1.03	0.0	0.0	217.42					0.02	0.02	-0.9	0.01	0.01	-0.36	-0.9	0.0	0.0	38.03					0.02	0.02	0.24	0.01	0.01	0.06	0.24	0.0	0.0	38.03					-0.020000000000000018	-0.020000000000000018	2.8099999999999947	-0.012658227848101333	-0.012578782206860185	1.756250000000001	2.8099999999999947	0.003321642167283939	0.003313109718591445	140.55033149399375				
2023-11-21 08:00:00	2000	1.61	1.61	1.61	1.61	1.57	CFV.MI	1.19	1.19	1.19	1.19	1.43	1.09	-1.0	-1.0	-1.0	-1	-1.0	-1.0	1.0	-1.0	-1.0	1.0									-1.0			1.78										-1.0			4.63	-0.01	-0.01	1.31	-0.01	-0.01	0.6	1.7	1.31	0.0	0.0	133.37					1	-0.01	-0.01	-1.04	-0.01	-0.01	-0.19	-1.04	0.0	0.0	206.72					0.01	0.01	-0.89	0.01	0.01	-0.35	-0.89	0.0	0.0	44.51					0.01	0.01	0.25	0.01	0.01	0.07	0.25	0.0	0.0	44.51					-0.010000000000000009	-0.010000000000000009	2.7999999999999945	-0.006250000000000089	-0.006230549750636163	1.7391304347826098	2.7999999999999945	0.0031668937792102957	0.003158092295471482	133.36984520627075				
2023-11-22 08:00:00	3000	1.63	1.62	1.62	1.63	1.59	CFV.MI	1.2	1.21	1.2	1.21	1.43	1.09	-1.0	-1.0	-1.0	-1	-1.0	-1.0	1.0	-1.0	-1.0	1.0	1.63								-1.0			1.78	1.21									-1.0			4.63	-0.02	-0.02	1.29	-0.01	-0.01	0.58	1.7	1.29	0.0	0.0	123.91					1	-0.02	-0.02	-1.06	-0.01	-0.01	-0.2	-1.06	0.0	0.0	191.93					0.02	0.02	-0.87	0.01	0.01	-0.35	-0.87	0.0	0.0	51.96					0.02	0.02	0.27	0.01	0.01	0.08	0.27	0.0	0.0	51.96					-0.019999999999999796	-0.019999999999999796	2.779999999999995	-0.012422360248447006	-0.012345835822299141	1.7055214723926397	2.779999999999995	0.002996480533812713	0.002987306010213242	123.9054724799089				
2023-11-23 08:00:00	2000	1.61	1.61	1.61	1.61	1.57	CFV.MI	1.19	1.19	1.19	1.19	1.43	1.09	-1.0	-1.0	-1.0	-1	-1.0	-1.0	1.0	-1.0	-1.0	1.0									-1.0			1.78										-1.0			4.63	0.02	0.02	1.31	0.01	0.01	0.6	1.7	1.31	0.0	0.0	124.91					1	0.02	0.02	-1.04	0.01	0.01	-0.19	-1.04	0.0	0.0	193.19					-0.02	-0.02	-0.89	-0.01	-0.01	-0.35	-0.89	0.0	0.0	45.17					-0.02	-0.02	0.25	-0.01	-0.01	0.07	0.25	0.0	0.0	45.17					0.019999999999999796	0.019999999999999796	2.7999999999999945	0.012269938650306678	0.012345835822299266	1.7391304347826102	2.7999999999999945	0.0030890743024799576	0.0030796698009376566	124.91452595719221				
2023-11-24 08:00:00	14000	1.61	1.58	1.61	1.6	1.56	CFV.MI	1.18	1.18	1.16	1.17	1.43	1.09	-1.0	-1.0	-1.0	-1	-1.0	-1.0	1.0	-1.0	-1.0	1.0		1.58							-1.0			1.78		1.16								-1.0			4.63	0.01	0.01	1.32	0.01	0.01	0.61	1.7	1.32	0.0	0.0	131.61					1	0.01	0.01	-1.03	0.01	0.01	-0.19	-1.03	0.0	0.0	202.91					-0.01	-0.01	-0.9	-0.01	-0.01	-0.36	-0.9	0.0	0.0	38.85					-0.01	-0.01	0.24	-0.01	-0.01	0.06	0.24	0.0	0.0	38.85					0.010000000000000009	0.010000000000000009	2.8099999999999943	0.006211180124223614	0.006230549750636086	1.7562500000000014	2.8099999999999943	0.0032497940933740453	0.0032406324444294032	131.60559786739674				
2023-11-27 08:00:00	3000	1.6	1.6	1.6	1.6	1.56	CFV.MI	1.18	1.18	1.18	1.18	1.43	1.09	-1.0	-1.0	-1.0	-1	-1.0	-1.0	1.0	-1.0	-1.0	1.0									-1.0			1.78										-1.0			4.63	-0.0	-0.0	1.32	-0.0	-0.0	0.61	1.7	1.32	0.0	0.0	140.19					1	-0.0	-0.0	-1.03	-0.0	-0.0	-0.19	-1.03	0.0	0.0	216.4					0.0	0.0	-0.9	0.0	0.0	-0.36	-0.9	0.0	0.0	36.85					0.0	0.0	0.24	0.0	0.0	0.06	0.24	0.0	0.0	36.85					-0.0	-0.0	2.8099999999999943	-0.0	-0.0	1.7562500000000014	2.8099999999999943	0.003375147483834976	0.0033664452765806985	140.19073783777134				
2023-11-28 08:00:00	3000	1.62	1.62	1.62	1.62	1.58	CFV.MI	1.19	1.19	1.19	1.19	1.43	1.09	-1.0	-1.0	-1.0	-1	-1.0	-1.0	1.0	-1.0	-1.0	1.0	1.62								-1.0			1.78	1.19									-1.0			4.63	-0.02	-0.02	1.3	-0.01	-0.01	0.59	1.7	1.3	0.0	0.0	137.26					1	-0.02	-0.02	-1.05	-0.01	-0.01	-0.2	-1.05	0.0	0.0	211.04					0.02	0.02	-0.88	0.01	0.01	-0.35	-0.88	0.0	0.0	38.14					0.02	0.02	0.26	0.01	0.01	0.08	0.26	0.0	0.0	38.14					-0.020000000000000018	-0.020000000000000018	2.7899999999999943	-0.012499999999999956	-0.01242251999855711	1.722222222222224	2.7899999999999943	0.0033590418430177746	0.003350215884916352	137.26407468983192				
2023-11-29 08:00:00	15000	1.63	1.58	1.61	1.61	1.57	CFV.MI	1.17	1.18	1.15	1.17	1.43	1.09	-1.0	-1.0	-1.0	-1	-1.0	-1.0	1.0	-1.0	-1.0	1.0									-1.0			1.78										-1.0			4.63	0.01	0.01	1.31	0.01	0.01	0.6	1.68	1.31	0.0	0.0	136.52					1	0.01	0.01	-1.04	0.01	0.01	-0.19	-1.04	0.0	0.0	210.14					-0.01	-0.01	-0.89	-0.01	-0.01	-0.35	-0.89	0.0	0.0	40.28					-0.01	-0.01	0.25	-0.01	-0.01	0.07	0.25	0.0	0.0	40.28					0.010000000000000009	0.010000000000000009	2.7999999999999945	0.006172839506172867	0.006191970247921107	1.7391304347826106	2.7999999999999945	0.0032808316513149895	0.003272184030108649	136.52018573289584				
2023-11-30 08:00:00	6000	1.62	1.57	1.57	1.6	1.56	CFV.MI	1.14	1.17	1.14	1.16	1.43	1.09	-1.0	-1.0	-1.0	-1	-1.0	-1.0	1.0	-1.0	-1.0	1.0									-1.0			1.78										-1.0			4.63	0.01	0.01	1.32	0.01	0.01	0.61	1.68	1.32	0.0	0.0	136.98					1	0.01	0.01	-1.03	0.01	0.01	-0.19	-1.03	0.0	0.0	210.7					-0.01	-0.01	-0.9	-0.01	-0.01	-0.36	-0.9	0.0	0.0	34.87					-0.01	-0.01	0.24	-0.01	-0.01	0.06	0.24	0.0	0.0	34.87					0.010000000000000009	0.010000000000000009	2.8099999999999943	0.006211180124223614	0.006230549750636086	1.7562500000000023	2.8099999999999943	0.0033288068843948873	0.0033200500837633484	136.97968831303257				
2023-12-01 08:00:00	0	1.6	1.6	1.6	1.6	1.56	CFV.MI	1.15	1.15	1.15	1.15	1.43	1.09	-1.0	-1.0	-1.0	-1	-1.0	-1.0	1.0	-1.0	-1.0	1.0									-1.0			1.78										-1.0			4.63	-0.0	-0.0	1.32	-0.0	-0.0	0.61	1.68	1.32	0.0	0.0	136.57					1	-0.0	-0.0	-1.03	-0.0	-0.0	-0.19	-1.03	0.0	0.0	210.21					0.0	0.0	-0.9	0.0	0.0	-0.36	-0.9	0.0	0.0	40.12					0.0	0.0	0.24	0.0	0.0	0.06	0.24	0.0	0.0	40.12					-0.0	-0.0	2.8099999999999943	-0.0	-0.0	1.7562500000000023	2.8099999999999943	0.003286382534650421	0.0032777223159421442	136.57387839248764				
2023-12-04 08:00:00	13000	1.62	1.58	1.61	1.58	1.54	CFV.MI	1.16	1.17	1.14	1.14	1.43	1.09	-1.0	-1.0	-1.0	-1	-1.0	-1.0	1.0	-1.0	-1.0	1.0									-1.0			1.78										-1.0			4.63	0.02	0.02	1.34	0.01	0.01	0.63	1.68	1.34	0.0	0.0	137.49					1	0.02	0.02	-1.01	0.01	0.01	-0.18	-1.01	0.0	0.0	211.31					-0.02	-0.02	-0.92	-0.01	-0.01	-0.37	-0.92	0.0	0.0	33.43					-0.02	-0.02	0.22	-0.01	-0.01	0.05	0.22	0.0	0.0	33.43					0.020000000000000018	0.020000000000000018	2.8299999999999943	0.012499999999999956	0.012578782206860073	1.7911392405063316	2.8299999999999943	0.0033832391576432445	0.00337435765702665	137.48884231902497				
2023-12-05 08:00:00	2000	1.59	1.58	1.59	1.58	1.54	CFV.MI	1.14	1.14	1.13	1.13	1.43	1.09	-1.0	-1.0	-1.0	-1	-1.0	-1.0	1.0	-1.0	-1.0	1.0		1.58							-1.0			1.78										-1.0			4.63	-0.0	-0.0	1.34	-0.0	-0.0	0.63	1.68	1.34	0.0	0.0	137.49					1	-0.0	-0.0	-1.01	-0.0	-0.0	-0.18	-1.01	0.0	0.0	211.31					0.0	0.0	-0.92	0.0	0.0	-0.37	-0.92	0.0	0.0	33.43					0.0	0.0	0.22	0.0	0.0	0.05	0.22	0.0	0.0	33.43					-0.0	-0.0	2.8299999999999943	-0.0	-0.0	1.7911392405063316	2.8299999999999943	0.0033832391576432445	0.00337435765702665	137.48884231902497				
2023-12-06 08:00:00	0	1.58	1.58	1.58	1.58	1.54	CFV.MI	1.12	1.12	1.12	1.12	1.43	1.09	-1.0	-1.0	-1.0	-1	-1.0	-1.0	1.0	-1.0	-1.0	1.0									-1.0			1.78		1.12								-1.0			4.63	-0.0	-0.0	1.34	-0.0	-0.0	0.63	1.66	1.34	0.0	0.0	137.49					1	-0.0	-0.0	-1.01	-0.0	-0.0	-0.18	-1.01	0.0	0.0	211.31					0.0	0.0	-0.92	0.0	0.0	-0.37	-0.92	0.0	0.0	33.43					0.0	0.0	0.22	0.0	0.0	0.05	0.22	0.0	0.0	33.43					-0.0	-0.0	2.8299999999999943	-0.0	-0.0	1.7911392405063316	2.8299999999999943	0.0033832391576432445	0.00337435765702665	137.48884231902497				
2023-12-07 08:00:00	3000	1.62	1.58	1.58	1.59	1.55	CFV.MI	1.13	1.16	1.13	1.14	1.43	1.09	-1.0	-1.0	-1.0	-1	-1.0	-1.0	1.0	-1.0	-1.0	1.0	1.62								-1.0			1.78	1.16									-1.0			4.63	-0.01	-0.01	1.33	-0.01	-0.01	0.62	1.63	1.33	0.0	0.0	130.9					1	-0.01	-0.01	-1.02	-0.01	-0.01	-0.18	-1.02	0.0	0.0	201.48					0.01	0.01	-0.91	0.01	0.01	-0.36	-0.91	0.0	0.0	34.59					0.01	0.01	0.23	0.01	0.01	0.06	0.23	0.0	0.0	34.59					-0.010000000000000009	-0.010000000000000009	2.819999999999994	-0.006329113924050667	-0.006309169193264756	1.7735849056603792	2.819999999999994	0.003267959034303522	0.003258696078533685	130.89565640725306				
2023-12-08 08:00:00	0	1.59	1.59	1.59	1.59	1.55	CFV.MI	1.13	1.13	1.13	1.13	1.43	1.09	-1.0	-1.0	-1.0	-1	-1.0	-1.0	1.0	-1.0	-1.0	1.0									-1.0			1.78										-1.0			4.63	-0.0	-0.0	1.33	-0.0	-0.0	0.62	1.63	1.33	0.0	0.0	130.9					1	-0.0	-0.0	-1.02	-0.0	-0.0	-0.18	-1.02	0.0	0.0	201.48					0.0	0.0	-0.91	0.0	0.0	-0.36	-0.91	0.0	0.0	34.59					0.0	0.0	0.23	0.0	0.0	0.06	0.23	0.0	0.0	34.59					-0.0	-0.0	2.819999999999994	-0.0	-0.0	1.7735849056603792	2.819999999999994	0.003267959034303522	0.003258696078533685	130.89565640725306				
2023-12-11 08:00:00	12000	1.59	1.57	1.59	1.57	1.53	CFV.MI	1.13	1.13	1.11	1.11	1.43	1.09	-1.0	-1.0	-1.0	-1	-1.0	-1.0	1.0	-1.0	-1.0	1.0									-1.0			1.78										-1.0			4.63	0.02	0.02	1.35	0.01	0.01	0.64	1.63	1.35	0.0	0.0	131.81					1	0.02	0.02	-1.0	0.01	0.01	-0.17	-1.0	0.0	0.0	202.59					-0.02	-0.02	-0.93	-0.01	-0.01	-0.37	-0.93	0.0	0.0	28.1					-0.02	-0.02	0.21	-0.01	-0.01	0.04	0.21	0.0	0.0	28.1					0.020000000000000018	0.020000000000000018	2.839999999999994	0.012578616352201255	0.012658396871923465	1.8089171974522311	2.839999999999994	0.0033641628505301398	0.003354666209942403	131.81473155483465				
2023-12-12 08:00:00	1000	1.58	1.58	1.58	1.58	1.54	CFV.MI	1.12	1.12	1.12	1.12	1.43	1.09	-1.0	-1.0	-1.0	-1	-1.0	-1.0	1.0	-1.0	-1.0	1.0									-1.0			1.78										-1.0			4.63	-0.01	-0.01	1.34	-0.01	-0.01	0.63	1.63	1.34	0.0	0.0	124.97					1	-0.01	-0.01	-1.01	-0.01	-0.01	-0.18	-1.01	0.0	0.0	192.57					0.01	0.01	-0.92	0.01	0.01	-0.37	-0.92	0.0	0.0	34.31					0.01	0.01	0.22	0.01	0.01	0.05	0.22	0.0	0.0	34.31					-0.010000000000000009	-0.010000000000000009	2.829999999999994	-0.006369426751592355	-0.0063492276786587445	1.7911392405063307	2.829999999999994	0.0032047035546339713	0.0031949256401540005	124.96784325671507				
2023-12-13 08:00:00	23000	1.58	1.54	1.57	1.54	1.5	CFV.MI	1.12	1.12	1.1	1.1	1.43	1.09	-1.0	-1.0	-1.0	-1	-1.0	-1.0	1.0	-1.0	-1.0	1.0		1.54							-1.0			1.78		1.1								-1.0			4.63	0.04	0.04	1.38	0.03	0.03	0.67	1.63	1.38	0.0	0.0	126.82					1	0.04	0.04	-0.97	0.03	0.03	-0.15	-0.97	0.0	0.0	194.81					-0.04	-0.04	-0.96	-0.03	-0.03	-0.38	-0.96	0.0	0.0	25.59					-0.04	-0.04	0.18	-0.03	-0.03	0.02	0.18	0.0	0.0	25.59					0.040000000000000036	0.040000000000000036	2.869999999999994	0.025316455696202556	0.02564243061333767	1.863636363636365	2.869999999999994	0.003397021784234004	0.003386747729690498	126.81921154856518				
2023-12-14 08:00:00	11000	1.59	1.57	1.58	1.57	1.53	CFV.MI	1.12	1.13	1.12	1.12	1.43	1.09	-1.0	-1.0	-1.0	-1	-1.0	-1.0	1.0	-1.0	-1.0	1.0									-1.0			1.78										-1.0			4.63	-0.03	-0.03	1.35	-0.02	-0.02	0.64	1.63	1.35	0.0	0.0	115.61					1	-0.03	-0.03	-1.0	-0.02	-0.02	-0.17	-1.0	0.0	0.0	177.09					0.03	0.03	-0.93	0.02	0.02	-0.37	-0.93	0.0	0.0	33.77					0.03	0.03	0.21	0.02	0.02	0.04	0.21	0.0	0.0	33.77					-0.030000000000000027	-0.030000000000000027	2.8399999999999936	-0.01948051948051943	-0.01929320293467885	1.8089171974522311	2.8399999999999936	0.003200953701563826	0.0031901318537694845	115.60902132941293				
2023-12-15 08:00:00	51000	1.66	1.56	1.58	1.64	1.6	CFV.MI	1.12	1.18	1.11	1.16	1.43	1.09	-1.0	-1.0	-1.0	0	-1.0	-1.0	1.0	-1.0	-1.0	1.0									-1.0			1.78										-1.0			4.63	-0.07	-0.07	1.28	-0.04	-0.04	0.57	1.66	1.28	0.0	0.0	98.3					1	-0.07	-0.07	-1.07	-0.04	-0.04	-0.21	-1.07	0.0	0.0	149.1					0.07	0.07	-0.86	0.04	0.04	-0.34	-0.86	0.0	0.0	40.24					0.07	0.07	0.28	0.04	0.04	0.09	0.28	0.0	0.0	40.24					-0.06999999999999984	-0.06999999999999984	2.769999999999994	-0.04458598726114649	-0.04362062247589035	1.6890243902439042	2.769999999999994	0.002977125783416356	0.0029651062355873226	98.29778969963496				
2023-12-18 08:00:00	4000	1.66	1.65	1.66	1.65	1.61	CFV.MI	1.18	1.18	1.18	1.18	1.43	1.09	-1.0	-1.0	-1.0	0	-1.0	-1.0	1.0	-1.0	-1.0	1.0									-1.0			1.78	1.18		1.18							-1.0			4.63	-0.01	-0.01	1.27	-0.01	-0.01	0.56	1.66	1.27	0.0	0.0	92.53					1	0.0	0.0	-1.07	0.0	0.0	-0.21	-1.07	0.0	0.0	148.57					0.01	0.01	-0.85	0.01	0.01	-0.34	-0.85	0.0	0.0	45.72					0.01	0.01	0.29	0.01	0.01	0.1	0.29	0.0	0.0	45.72					-0.010000000000000009	-0.010000000000000009	2.7599999999999936	-0.0060975609756097615	-0.0060790460763821925	1.6727272727272742	2.7599999999999936	0.0028093539147419056	0.0027970490576771923	92.53216430724055				
2023-12-19 08:00:00	32000	1.69	1.63	1.66	1.67	1.63	CFV.MI	1.18	1.2	1.16	1.19	1.43	1.09	-1.0	-1.0	-1.0	0	-1.0	-1.0	1.0	-1.0	-1.0	1.0	1.69		1.69						-1.0			1.78										-1.0			4.63	-0.02	-0.02	1.25	-0.01	-0.01	0.54	1.69	1.25	0.0	0.0	90.8					1	0.0	0.0	-1.07	0.0	0.0	-0.21	-1.07	0.0	0.0	155.88					0.02	0.02	-0.83	0.01	0.01	-0.33	-0.83	0.0	0.0	46.54					0.02	0.02	0.31	0.01	0.01	0.11	0.31	0.0	0.0	46.54					-0.020000000000000018	-0.020000000000000018	2.7399999999999936	-0.0121212121212122	-0.012048338516174574	1.6407185628742527	2.7399999999999936	0.0027913048824328925	0.002778855533310809	90.79982336178836				
2023-12-20 08:00:00	20000	1.68	1.61	1.68	1.64	1.6	CFV.MI	1.19	1.19	1.14	1.16	1.43	1.09	-1.0	-1.0	-1.0	0	-1.0	-1.0	1.0	-1.0	-1.0	1.0									-1.0			1.78		1.14								-1.0			4.63	0.03	0.03	1.28	0.02	0.02	0.57	1.69	1.28	0.0	0.0	92.21					1	-0.0	-0.0	-1.07	-0.0	-0.0	-0.21	-1.07	0.0	0.0	155.88					-0.03	-0.03	-0.86	-0.02	-0.02	-0.34	-0.86	0.0	0.0	39.65					-0.03	-0.03	0.28	-0.02	-0.02	0.09	0.28	0.0	0.0	39.65					0.030000000000000027	0.030000000000000027	2.7699999999999934	0.017964071856287456	0.018127384592556715	1.6890243902439037	2.7699999999999934	0.002921822051499301	0.002908964150264426	92.213384719582				
2023-12-21 08:00:00	17000	1.64	1.58	1.61	1.64	1.6	CFV.MI	1.15	1.17	1.13	1.17	1.43	1.09	-1.0	-1.0	-1.0	0	-1.0	-1.0	1.0	-1.0	-1.0	1.0		1.58							-1.0			1.78										-1.0			4.63	-0.0	-0.0	1.28	-0.0	-0.0	0.57	1.69	1.28	0.0	0.0	92.21					1	0.0	0.0	-1.07	0.0	0.0	-0.21	-1.07	0.0	0.0	155.88					0.0	0.0	-0.86	0.0	0.0	-0.34	-0.86	0.0	0.0	39.65					0.0	0.0	0.28	0.0	0.0	0.09	0.28	0.0	0.0	39.65					-0.0	-0.0	2.7699999999999934	-0.0	-0.0	1.6890243902439037	2.7699999999999934	0.002921822051499301	0.002908964150264426	92.213384719582				
2023-12-22 08:00:00	0	1.64	1.64	1.64	1.64	1.6	CFV.MI	1.17	1.17	1.17	1.17	1.43	1.09	-1.0	-1.0	-1.0	0	-1.0	-1.0	1.0	-1.0	-1.0	1.0	1.64								-1.0			1.78	1.17									-1.0			4.63	-0.0	-0.0	1.28	-0.0	-0.0	0.57	1.69	1.28	0.0	0.0	90.9					1	0.0	0.0	-1.07	0.0	0.0	-0.21	-1.07	0.0	0.0	154.28					0.0	0.0	-0.86	0.0	0.0	-0.34	-0.86	0.0	0.0	46.31					0.0	0.0	0.28	0.0	0.0	0.09	0.28	0.0	0.0	46.31					-0.0	-0.0	2.7699999999999934	-0.0	-0.0	1.6890243902439037	2.7699999999999934	0.0028001290137205583	0.0027876522497256584	90.89812384602463				
2023-12-27 08:00:00	33000	1.62	1.57	1.62	1.59	1.55	CFV.MI	1.15	1.15	1.11	1.13	1.43	1.09	-1.0	-1.0	-1.0	0	-1.0	-1.0	1.0	-1.0	-1.0	1.0		1.57							-1.0			1.78		1.11								-1.0			4.63	0.05	0.05	1.33	0.03	0.03	0.62	1.69	1.33	0.0	0.0	93.25					1	-0.0	-0.0	-1.07	-0.0	-0.0	-0.21	-1.07	0.0	0.0	154.28					-0.05	-0.05	-0.91	-0.03	-0.03	-0.36	-0.91	0.0	0.0	37.23					-0.05	-0.05	0.23	-0.03	-0.03	0.06	0.23	0.0	0.0	37.23					0.04999999999999982	0.04999999999999982	2.819999999999993	0.030487804878048697	0.03096222560396681	1.7735849056603787	2.819999999999993	0.0030230570380691186	0.0030098777253109166	93.25310588330927				
2023-12-28 08:00:00	19000	1.61	1.55	1.57	1.61	1.57	CFV.MI	1.12	1.14	1.1	1.14	1.43	1.09	-1.0	-1.0	-1.0	0	-1.0	-1.0	1.0	-1.0	-1.0	1.0									-1.0			1.78										-1.0			4.63	-0.02	-0.02	1.31	-0.01	-0.01	0.6	1.69	1.31	0.0	0.0	85.66					1	0.0	0.0	-1.07	0.0	0.0	-0.21	-1.07	0.0	0.0	153.12					0.02	0.02	-0.89	0.01	0.01	-0.35	-0.89	0.0	0.0	44.27					0.02	0.02	0.25	0.01	0.01	0.07	0.25	0.0	0.0	44.27					-0.020000000000000018	-0.020000000000000018	2.799999999999993	-0.012578616352201255	-0.012500162764231468	1.7391304347826102	2.799999999999993	0.0027913374587060563	0.0027778506867441877	85.65995492355208				
2023-12-29 08:00:00	6000	1.62	1.6	1.61	1.6	1.56	CFV.MI	1.14	1.15	1.14	1.14	1.43	1.09	-1.0	-1.0	-1.0	0	-1.0	-1.0	1.0	-1.0	-1.0	1.0	1.62								-1.0			1.78										-1.0			4.63	0.01	0.01	1.32	0.01	0.01	0.61	1.69	1.32	0.0	0.0	95.64					1	-0.0	-0.0	-1.07	-0.0	-0.0	-0.21	-1.07	0.0	0.0	169.91					-0.01	-0.01	-0.9	-0.01	-0.01	-0.36	-0.9	0.0	0.0	36.77					-0.01	-0.01	0.24	-0.01	-0.01	0.06	0.24	0.0	0.0	36.77					0.010000000000000009	0.010000000000000009	2.8099999999999934	0.006211180124223614	0.006230549750636086	1.7562500000000014	2.8099999999999934	0.003014269033620923	0.003001443456026598	95.6433279282308				
2024-01-02 08:00:00	6000	1.62	1.6	1.6	1.62	1.58	CFV.MI	1.13	1.14	1.13	1.14	1.43	1.09	-1.0	-1.0	-1.0	0	-1.0	-1.0	1.0	-1.0	-1.0	1.0									-1.0			1.78										-1.0			4.63	-0.02	-0.02	1.3	-0.01	-0.01	0.59	1.69	1.3	0.0	0.0	95.3					1	0.0	0.0	-1.07	0.0	0.0	-0.21	-1.07	0.0	0.0	181.35					0.02	0.02	-0.88	0.01	0.01	-0.35	-0.88	0.0	0.0	36.93					0.02	0.02	0.26	0.01	0.01	0.08	0.26	0.0	0.0	36.93					-0.020000000000000018	-0.020000000000000018	2.7899999999999934	-0.012499999999999956	-0.01242251999855711	1.722222222222224	2.7899999999999934	0.0030107712192997136	0.0029979171215790412	95.29918937858406				
2024-01-03 08:00:00	3000	1.6	1.6	1.6	1.6	1.56	CFV.MI	1.15	1.15	1.15	1.15	1.43	1.09	-1.0	-1.0	-1.0	0	-1.0	-1.0	1.0	-1.0	-1.0	1.0		1.6							-1.0			1.78										-1.0			4.63	0.02	0.02	1.32	0.01	0.01	0.61	1.69	1.32	0.0	0.0	96.19					1	-0.0	-0.0	-1.07	-0.0	-0.0	-0.21	-1.07	0.0	0.0	181.35					-0.02	-0.02	-0.9	-0.01	-0.01	-0.36	-0.9	0.0	0.0	31.31					-0.02	-0.02	0.24	-0.01	-0.01	0.06	0.24	0.0	0.0	31.31					0.020000000000000018	0.020000000000000018	2.8099999999999934	0.012345679012345734	0.012422519998557209	1.7562500000000023	2.8099999999999934	0.003100213363289326	0.003087075552749674	96.19421541350647				
2024-01-04 08:00:00	1000	1.62	1.62	1.62	1.62	1.58	CFV.MI	1.15	1.15	1.15	1.15	1.43	1.09	-1.0	-1.0	-1.0	0	-1.0	-1.0	1.0	-1.0	-1.0	1.0	1.62								-1.0			1.78	1.15									-1.0			4.63	-0.02	-0.02	1.3	-0.01	-0.01	0.59	1.69	1.3	0.0	0.0	89.37					1	0.0	0.0	-1.07	0.0	0.0	-0.21	-1.07	0.0	0.0	181.35					0.02	0.02	-0.88	0.01	0.01	-0.35	-0.88	0.0	0.0	32.98					0.02	0.02	0.26	0.01	0.01	0.08	0.26	0.0	0.0	32.98					-0.020000000000000018	-0.020000000000000018	2.7899999999999934	-0.012499999999999956	-0.01242251999855711	1.7222222222222245	2.7899999999999934	0.0029500381377931743	0.002936326017948243	89.36568294705154				
2024-01-05 08:00:00	0	1.62	1.62	1.62	1.62	1.58	CFV.MI	1.15	1.15	1.15	1.15	1.43	1.09	-1.0	-1.0	-1.0	0	-1.0	-1.0	1.0	-1.0	-1.0	1.0									-1.0			1.78										-1.0			4.63	-0.0	-0.0	1.3	-0.0	-0.0	0.59	1.69	1.3	0.0	0.0	98.87					1	0.0	0.0	-1.07	0.0	0.0	-0.21	-1.07	0.0	0.0	181.35					0.0	0.0	-0.88	0.0	0.0	-0.35	-0.88	0.0	0.0	29.98					0.0	0.0	0.26	0.0	0.0	0.08	0.26	0.0	0.0	29.98					-0.0	-0.0	2.7899999999999934	-0.0	-0.0	1.7222222222222245	2.7899999999999934	0.003126971246105936	0.0031140531983351316	98.87037510329682				
2024-01-08 08:00:00	5000	1.62	1.59	1.62	1.6	1.56	CFV.MI	1.14	1.14	1.12	1.13	1.43	1.09	-1.0	-1.0	-1.0	0	-1.0	-1.0	1.0	-1.0	-1.0	1.0									-1.0			1.78										-1.0			4.63	0.02	0.02	1.32	0.01	0.01	0.61	1.69	1.32	0.0	0.0	99.73					1	-0.0	-0.0	-1.07	-0.0	-0.0	-0.21	-1.07	0.0	0.0	181.35					-0.02	-0.02	-0.9	-0.01	-0.01	-0.36	-0.9	0.0	0.0	24.46					-0.02	-0.02	0.24	-0.01	-0.01	0.06	0.24	0.0	0.0	24.46					0.020000000000000018	0.020000000000000018	2.8099999999999934	0.012345679012345734	0.012422519998557209	1.7562500000000028	2.8099999999999934	0.0032164133900955483	0.0032032109455597535	99.73076756491136				
2024-01-09 08:00:00	4000	1.58	1.58	1.58	1.58	1.54	CFV.MI	1.12	1.12	1.12	1.12	1.43	1.09	-1.0	-1.0	-1.0	0	-1.0	-1.0	1.0	-1.0	-1.0	1.0									-1.0			1.78										-1.0			4.63	0.02	0.02	1.34	0.01	0.01	0.63	1.69	1.34	0.0	0.0	100.57					1	-0.0	-0.0	-1.07	-0.0	-0.0	-0.21	-1.07	0.0	0.0	181.35					-0.02	-0.02	-0.92	-0.01	-0.01	-0.37	-0.92	0.0	0.0	19.06					-0.02	-0.02	0.22	-0.01	-0.01	0.05	0.22	0.0	0.0	19.06					0.020000000000000018	0.020000000000000018	2.8299999999999934	0.012499999999999956	0.012578782206860073	1.791139240506332	2.8299999999999934	0.0033069806219849403	0.003293487063549483	100.5687104679042				
2024-01-10 08:00:00	0	1.58	1.58	1.58	1.58	1.54	CFV.MI	1.12	1.12	1.12	1.12	1.41	1.09	-1.0	-1.0	-1.0	0	-1.0	-1.0	1.0	-1.0	-1.0	1.0									-1.0			1.78										-1.0			4.63	-0.0	-0.0	1.34	-0.0	-0.0	0.63	1.69	1.34	0.0	0.0	100.57					1	0.0	0.0	-1.07	0.0	0.0	-0.21	-1.07	0.0	0.0	181.35					0.0	0.0	-0.92	0.0	0.0	-0.37	-0.92	0.0	0.0	19.06					0.0	0.0	0.22	0.0	0.0	0.05	0.22	0.0	0.0	19.06					-0.0	-0.0	2.8299999999999934	-0.0	-0.0	1.791139240506332	2.8299999999999934	0.0033069806219849403	0.003293487063549483	100.5687104679042				
2024-01-11 08:00:00	4000	1.58	1.56	1.57	1.56	1.52	CFV.MI	1.12	1.13	1.11	1.11	1.41	1.09	-1.0	-1.0	-1.0	0	-1.0	-1.0	1.0	-1.0	-1.0	1.0									-1.0			1.78										-1.0			4.63	0.02	0.02	1.36	0.01	0.01	0.65	1.69	1.36	0.0	0.0	99.96					1	-0.0	-0.0	-1.07	-0.0	-0.0	-0.21	-1.07	0.0	0.0	181.35					-0.02	-0.02	-0.94	-0.01	-0.01	-0.37	-0.94	0.0	0.0	20.41					-0.02	-0.02	0.2	-0.01	-0.01	0.04	0.2	0.0	0.0	20.41					0.020000000000000018	0.020000000000000018	2.8499999999999934	0.012658227848101222	0.012739025777429714	1.8269230769230802	2.8499999999999934	0.0032404534792072528	0.0032271740696310225	99.95637472577852				
2024-01-12 08:00:00	15000	1.6	1.54	1.58	1.57	1.53	CFV.MI	1.12	1.13	1.09	1.11	1.41	1.09	-1.0	-1.0	-1.0	-1	-1.0	-1.0	1.0	-1.0	-1.0	1.0									-1.0			1.78										-1.0			4.63	-0.01	-0.01	1.35	-0.01	-0.01	0.64	1.69	1.35	0.0	0.0	93.02					1	0.0	0.0	-1.07	0.0	0.0	-0.21	-1.07	0.0	0.0	181.35					0.01	0.01	-0.93	0.01	0.01	-0.37	-0.93	0.0	0.0	28.4					0.01	0.01	0.21	0.01	0.01	0.04	0.21	0.0	0.0	28.4					-0.010000000000000009	-0.010000000000000009	2.8399999999999936	-0.0064102564102563875	-0.006389798098770988	1.8089171974522325	2.8399999999999936	0.0029475953672164785	0.0029344089189147216	93.01958195193437				
2024-01-15 08:00:00	21000	1.55	1.5	1.54	1.53	1.49	CFV.MI	1.1	1.1	1.07	1.09	1.41	1.07	-1.0	-1.0	-1.0	-1	-1.0	-1.0	1.0	-1.0	-1.0	1.0									-1.0			1.78										-1.0			4.63	0.04	0.04	1.39	0.03	0.03	0.68	1.69	1.39	0.0	0.0	94.87					1	0.04	0.04	-1.03	0.03	0.03	-0.18	-1.03	0.0	0.0	183.62					-0.04	-0.04	-0.97	-0.03	-0.03	-0.39	-0.97	0.0	0.0	20.87					-0.04	-0.04	0.17	-0.03	-0.03	0.02	0.17	0.0	0.0	20.87					0.040000000000000036	0.040000000000000036	2.8799999999999937	0.02547770700636942	0.02580788395587259	1.8823529411764737	2.8799999999999937	0.0031308313433031747	0.003117038099186953	94.87158773487073				
2024-01-16 08:00:00	9000	1.54	1.47	1.52	1.5	1.47	CFV.MI	1.08	1.09	1.05	1.07	1.41	1.05	-1.0	-1.0	-1.0	-1	-1.0	-1.0	1.0	-1.0	-1.0	1.0									-1.0			1.78										-1.0			4.63	0.03	0.03	1.42	0.02	0.02	0.72	1.69	1.42	0.0	0.0	104.52					1	0.03	0.03	-1.0	0.02	0.02	-0.17	-1.0	0.0	0.0	185.2					-0.03	-0.03	-1.0	-0.02	-0.02	-0.4	-1.0	0.0	0.0	11.94					-0.03	-0.03	0.14	-0.02	-0.02	-0.0	0.14	0.0	0.0	11.94					0.030000000000000027	0.030000000000000027	2.909999999999994	0.019607843137254943	0.019802627296179754	1.9400000000000035	2.909999999999994	0.003436478233657939	0.003422907204833292	104.52175176677662				
2024-01-17 08:00:00	9000	1.5	1.46	1.47	1.48	1.45	CFV.MI	1.05	1.07	1.05	1.06	1.41	1.05	-1.0	-1.0	-1.0	-1	-1.0	-1.0	1.0	-1.0	-1.0	1.0									-1.0			1.78										-1.0			4.63	0.02	0.02	1.44	0.01	0.01	0.74	1.69	1.44	0.0	0.0	114.04					1	0.02	0.02	-0.98	0.01	0.01	-0.16	-0.98	0.0	0.0	186.2					-0.02	-0.02	-1.02	-0.01	-0.01	-0.41	-1.02	0.0	0.0	3.8					-0.02	-0.02	0.12	-0.01	-0.01	-0.02	0.12	0.0	0.0	3.8					0.020000000000000018	0.020000000000000018	2.929999999999994	0.013333333333333308	0.013423020332140661	1.979729729729733	2.929999999999994	0.003695375646644213	0.003682182080173124	114.03803996458088				
2024-01-18 08:00:00	13000	1.47	1.45	1.46	1.46	1.43	CFV.MI	1.04	1.04	1.03	1.04	1.41	1.03	-1.0	-1.0	-1.0	-1	-1.0	-1.0	1.0	-1.0	-1.0	1.0									-1.0			1.78										-1.0			4.63	0.02	0.02	1.46	0.01	0.01	0.76	1.69	1.46	0.0	0.0	113.53					1	0.02	0.02	-0.96	0.01	0.01	-0.15	-0.96	0.0	0.0	187.16					-0.02	-0.02	-1.04	-0.01	-0.01	-0.41	-1.04	0.0	0.0	4.93					-0.02	-0.02	0.1	-0.01	-0.01	-0.03	0.1	0.0	0.0	4.93					0.020000000000000018	0.020000000000000018	2.949999999999994	0.013513513513513487	0.013605652055778598	2.0205479452054824	2.949999999999994	0.0036324680081230116	0.0036194697497011763	113.53134656992401				
2024-01-19 08:00:00	1000	1.46	1.46	1.46	1.46	1.43	CFV.MI	1.04	1.04	1.04	1.04	1.41	1.03	-1.0	-1.0	-1.0	-1	-1.0	-1.0	1.0	-1.0	-1.0	1.0									-1.0			1.78										-1.0			4.63	-0.0	-0.0	1.46	-0.0	-0.0	0.76	1.68	1.46	0.0	0.0	112.85					1	-0.0	-0.0	-0.96	-0.0	-0.0	-0.15	-0.96	0.0	0.0	187.16					0.0	0.0	-1.04	0.0	0.0	-0.41	-1.04	0.0	0.0	10.06					0.0	0.0	0.1	0.0	0.0	-0.03	0.1	0.0	0.0	10.06					-0.0	-0.0	2.949999999999994	-0.0	-0.0	2.0205479452054824	2.949999999999994	0.0035499812547692983	0.0035372368949913024	112.84696431641576				
2024-01-22 08:00:00	5000	1.46	1.43	1.44	1.43	1.4	CFV.MI	1.03	1.04	1.02	1.02	1.41	1.02	-1.0	-1.0	-1.0	-1	-1.0	-1.0	1.0	-1.0	-1.0	1.0									-1.0			1.78										-1.0			4.63	0.03	0.03	1.49	0.02	0.02	0.8	1.64	1.49	0.0	0.0	123.4					1	0.03	0.03	-0.93	0.02	0.02	-0.13	-0.93	0.0	0.0	188.53					-0.03	-0.03	-1.07	-0.02	-0.02	-0.43	-1.07	0.0	0.0	0.59					-0.03	-0.03	0.07	-0.02	-0.02	-0.05	0.07	0.0	0.0	0.59					0.030000000000000027	0.030000000000000027	2.979999999999994	0.020547945205479423	0.020761991448429128	2.083916083916087	2.979999999999994	0.0038612861947101033	0.0038487629788084288	123.39987781429929				
2024-01-23 08:00:00	0	1.43	1.43	1.43	1.43	1.4	CFV.MI	1.03	1.03	1.03	1.03	1.41	1.02	-1.0	-1.0	-1.0	-1	-1.0	-1.0	1.0	-1.0	-1.0	1.0		1.43							-1.0			1.78										-1.0			4.63	-0.0	-0.0	1.49	-0.0	-0.0	0.8	1.64	1.49	0.0	0.0	123.4					1	-0.0	-0.0	-0.93	-0.0	-0.0	-0.13	-0.93	0.0	0.0	188.53					0.0	0.0	-1.07	0.0	0.0	-0.43	-1.07	0.0	0.0	0.59					0.0	0.0	0.07	0.0	0.0	-0.05	0.07	0.0	0.0	0.59					-0.0	-0.0	2.979999999999994	-0.0	-0.0	2.083916083916087	2.979999999999994	0.0038612861947101033	0.0038487629788084288	123.39987781429929				
2024-01-24 08:00:00	2000	1.45	1.42	1.45	1.42	1.39	CFV.MI	1.03	1.03	1.01	1.01	1.41	1.01	-1.0	-1.0	-1.0	-1	-1.0	-1.0	1.0	-1.0	-1.0	1.0									-1.0			1.78		1.01								-1.0			4.63	0.01	0.01	1.5	0.01	0.01	0.81	1.62	1.5	0.0	0.0	131.49					1	0.01	0.01	-0.92	0.01	0.01	-0.12	-0.92	0.0	0.0	188.97					-0.01	-0.01	-1.08	-0.01	-0.01	-0.43	-1.08	-0.0	-0.0	-6.16					-0.01	-0.01	0.06	-0.01	-0.01	-0.06	0.06	-0.0	-0.0	-6.16					0.010000000000000009	0.010000000000000009	2.989999999999994	0.006993006993006978	0.007017572658646535	2.1056338028169046	2.989999999999994	0.004055803566412875	0.004043687378070704	131.48575466628463				
2024-01-25 08:00:00	2000	1.47	1.46	1.46	1.47	1.44	CFV.MI	1.04	1.05	1.04	1.05	1.41	1.01	-1.0	-1.0	-1.0	-1	-1.0	-1.0	1.0	-1.0	-1.0	1.0	1.47								-1.0			1.78	1.05									-1.0			4.63	-0.05	-0.05	1.45	-0.04	-0.03	0.75	1.62	1.45	0.0	0.0	124.94					1	-0.05	-0.05	-0.97	-0.04	-0.03	-0.15	-0.97	0.0	0.0	165.57					0.05	0.05	-1.03	0.04	0.03	-0.41	-1.03	-0.0	-0.0	-2.58					0.05	0.05	0.11	0.04	0.03	-0.02	0.11	-0.0	-0.0	-2.58					-0.050000000000000044	-0.050000000000000044	2.939999999999994	-0.035211267605633756	-0.03460552917747552	2.000000000000003	2.939999999999994	0.004010386559327086	0.003997878762091123	124.93748073034692				
2024-01-26 08:00:00	7000	1.48	1.45	1.47	1.46	1.43	CFV.MI	1.04	1.05	1.03	1.04	1.41	1.01	-1.0	-1.0	-1.0	-1	-1.0	-1.0	1.0	-1.0	-1.0	1.0									-1.0			1.78										-1.0			4.63	0.01	0.01	1.46	0.01	0.01	0.76	1.62	1.46	0.0	0.0	125.29					1	0.01	0.01	-0.96	0.01	0.01	-0.15	-0.96	0.0	0.0	166.01					-0.01	-0.01	-1.04	-0.01	-0.01	-0.41	-1.04	-0.0	-0.0	-7.0					-0.01	-0.01	0.1	-0.01	-0.01	-0.03	0.1	-0.0	-0.0	-7.0					0.010000000000000009	0.010000000000000009	2.949999999999994	0.006802721088435382	0.006825965070399871	2.0205479452054824	2.949999999999994	0.004061581297355085	0.004048925600703468	125.29257935265088				
2024-01-29 08:00:00	1000	1.43	1.43	1.43	1.43	1.4	CFV.MI	1.02	1.02	1.02	1.02	1.38	1.01	-1.0	-1.0	-1.0	-1	-1.0	-1.0	1.0	-1.0	-1.0	1.0		1.43							-1.0			1.78		1.02								-1.0			4.63	0.03	0.03	1.49	0.02	0.02	0.8	1.62	1.49	0.0	0.0	126.33					1	0.03	0.03	-0.93	0.02	0.02	-0.13	-0.93	0.0	0.0	167.28					-0.03	-0.03	-1.07	-0.02	-0.02	-0.43	-1.07	-0.0	-0.0	-12.96					-0.03	-0.03	0.07	-0.02	-0.02	-0.05	0.07	-0.0	-0.0	-12.96					0.030000000000000027	0.030000000000000027	2.979999999999994	0.020547945205479423	0.020761991448429128	2.083916083916087	2.979999999999994	0.004217296233218303	0.004204185365841662	126.33112039690516				
2024-01-30 08:00:00	11000	1.49	1.42	1.49	1.46	1.43	CFV.MI	1.05	1.05	1.0	1.03	1.37	1.0	-1.0	-1.0	-1.0	-1	-1.0	-1.0	1.0	-1.0	-1.0	1.0									-1.0			1.78										-1.0			4.63	-0.03	-0.03	1.46	-0.02	-0.02	0.76	1.62	1.46	0.0	0.0	114.55					1	-0.03	-0.03	-0.96	-0.02	-0.02	-0.15	-0.96	0.0	0.0	153.34					0.03	0.03	-1.04	0.02	0.02	-0.41	-1.04	-0.0	-0.0	-2.33					0.03	0.03	0.1	0.02	0.02	-0.03	0.1	-0.0	-0.0	-2.33					-0.030000000000000027	-0.030000000000000027	2.949999999999994	-0.020979020979021046	-0.020761991448429225	2.0205479452054824	2.949999999999994	0.003841171788508563	0.00382786965709081	114.54828798974779				
2024-01-31 08:00:00	9000	1.48	1.44	1.45	1.47	1.44	CFV.MI	1.02	1.04	1.01	1.03	1.37	1.0	-1.0	-1.0	-1.0	-1	-1.0	-1.0	1.0	-1.0	-1.0	1.0	1.48								-1.0			1.78	1.04									-1.0			4.63	-0.01	-0.01	1.45	-0.01	-0.01	0.75	1.62	1.45	0.0	0.0	107.98					1	-0.01	-0.01	-0.97	-0.01	-0.01	-0.15	-0.97	0.0	0.0	146.27					0.01	0.01	-1.03	0.01	0.01	-0.41	-1.03	0.0	0.0	4.49					0.01	0.01	0.11	0.01	0.01	-0.02	0.11	0.0	0.0	4.49					-0.010000000000000009	-0.010000000000000009	2.939999999999994	-0.006849315068493178	-0.006825965070399891	2.000000000000003	2.939999999999994	0.003581763636132544	0.003568368118304077	107.97876409940105				
2024-02-01 08:00:00	5000	1.49	1.45	1.49	1.45	1.42	CFV.MI	1.05	1.05	1.02	1.02	1.37	1.0	-1.0	-1.0	-1.0	-1	-1.0	-1.0	1.0	-1.0	-1.0	1.0									-1.0			1.78										-1.0			4.63	0.02	0.02	1.47	0.01	0.01	0.78	1.62	1.47	0.0	0.0	108.78					1	0.02	0.02	-0.95	0.01	0.01	-0.14	-0.95	0.0	0.0	147.14					-0.02	-0.02	-1.05	-0.01	-0.01	-0.42	-1.05	-0.0	-0.0	-0.74					-0.02	-0.02	0.09	-0.01	-0.01	-0.04	0.09	-0.0	-0.0	-0.74					0.020000000000000018	0.020000000000000018	2.959999999999994	0.013605442176870763	0.013698844358161915	2.0413793103448303	2.959999999999994	0.0036817651999471257	0.003668053834143592	108.77917864510914				
2024-02-02 08:00:00	2000	1.46	1.46	1.46	1.46	1.43	CFV.MI	1.03	1.03	1.03	1.03	1.37	1.0	-1.0	-1.0	-1.0	-1	-1.0	-1.0	1.0	-1.0	-1.0	1.0									-1.0			1.78										-1.0			4.63	-0.01	-0.01	1.46	-0.01	-0.01	0.76	1.62	1.46	0.0	0.0	102.94					1	-0.01	-0.01	-0.96	-0.01	-0.01	-0.15	-0.96	0.0	0.0	139.89					0.01	0.01	-1.04	0.01	0.01	-0.41	-1.04	0.0	0.0	4.61					0.01	0.01	0.1	0.01	0.01	-0.03	0.1	0.0	0.0	4.61					-0.010000000000000009	-0.010000000000000009	2.949999999999994	-0.006896551724137945	-0.0068728792877620504	2.020547945205482	2.949999999999994	0.0035035382582264676	0.003489485553565874	102.94415492242234				
2024-02-05 08:00:00	1000	1.44	1.44	1.44	1.44	1.41	CFV.MI	1.0	1.0	1.0	1.0	1.37	1.0	-1.0	-1.0	-1.0	-1	-1.0	-1.0	1.0	-1.0	-1.0	1.0									-1.0			1.78										-1.0			4.63	0.02	0.02	1.48	0.01	0.01	0.79	1.6	1.48	0.0	0.0	103.43					1	0.02	0.02	-0.94	0.01	0.01	-0.13	-0.94	0.0	0.0	140.41					-0.02	-0.02	-1.06	-0.01	-0.01	-0.42	-1.06	0.0	0.0	3.59					-0.02	-0.02	0.08	-0.01	-0.01	-0.04	0.08	0.0	0.0	3.59					0.020000000000000018	0.020000000000000018	2.969999999999994	0.013698630136986356	0.013793322132335873	2.0625000000000027	2.969999999999994	0.0035615893196745936	0.0035473445321858588	103.42530119093846				
2024-02-06 08:00:00	2000	1.44	1.43	1.43	1.44	1.41	CFV.MI	0.99	1.0	0.99	1.0	1.37	0.99	-1.0	-1.0	-1.0	-1	-1.0	-1.0	1.0	-1.0	-1.0	1.0									-1.0			1.78										-1.0			4.63	-0.0	-0.0	1.48	-0.0	-0.0	0.79	1.6	1.48	0.0	0.0	103.43					1	-0.0	-0.0	-0.94	-0.0	-0.0	-0.13	-0.94	0.0	0.0	140.41					0.0	0.0	-1.06	0.0	0.0	-0.42	-1.06	0.0	0.0	3.59					0.0	0.0	0.08	0.0	0.0	-0.04	0.08	0.0	0.0	3.59					-0.0	-0.0	2.969999999999994	-0.0	-0.0	2.0625000000000027	2.969999999999994	0.0035615893196745936	0.0035473445321858588	103.42530119093846				
2024-02-07 08:00:00	0	1.44	1.44	1.44	1.44	1.41	CFV.MI	1.0	1.0	1.0	1.0	1.37	0.99	-1.0	-1.0	-1.0	-1	-1.0	-1.0	1.0	-1.0	-1.0	1.0									-1.0			1.78										-1.0			4.63	-0.0	-0.0	1.48	-0.0	-0.0	0.79	1.6	1.48	0.0	0.0	103.43					1	-0.0	-0.0	-0.94	-0.0	-0.0	-0.13	-0.94	0.0	0.0	140.41					0.0	0.0	-1.06	0.0	0.0	-0.42	-1.06	0.0	0.0	3.59					0.0	0.0	0.08	0.0	0.0	-0.04	0.08	0.0	0.0	3.59					-0.0	-0.0	2.969999999999994	-0.0	-0.0	2.0625000000000027	2.969999999999994	0.0035615893196745936	0.0035473445321858588	103.42530119093846				
2024-02-08 08:00:00	6000	1.42	1.41	1.42	1.41	1.38	CFV.MI	0.99	0.99	0.98	0.98	1.37	0.98	-1.0	-1.0	-1.0	-1	-1.0	-1.0	1.0	-1.0	-1.0	1.0		1.41		1.41					-1.0			1.78										-1.0			4.63	0.03	0.03	1.51	0.02	0.02	0.83	1.6	1.51	0.0	0.0	103.98					1	0.03	0.03	-0.91	0.02	0.02	-0.12	-0.91	0.0	0.0	141.02					-0.03	-0.03	-1.09	-0.02	-0.02	-0.43	-1.09	0.0	0.0	2.43					-0.03	-0.03	0.05	-0.02	-0.02	-0.06	0.05	0.0	0.0	2.43					0.030000000000000027	0.030000000000000027	2.999999999999994	0.02083333333333337	0.02105340919783238	2.1276595744680873	2.999999999999994	0.0036299359446112407	0.0036154633449838602	103.9775436495048				
2024-02-09 08:00:00	10000	1.42	1.38	1.39	1.42	1.39	CFV.MI	0.96	0.98	0.96	0.98	1.37	0.96	-1.0	-1.0	-1.0	-1	-1.0	-1.0	1.0	-1.0	-1.0	1.0									-1.0			1.78		0.96		0.96						-1.0			4.63	-0.01	-0.01	1.5	-0.01	-0.01	0.81	1.55	1.5	0.0	0.0	106.99					1	-0.01	-0.01	-0.92	-0.01	-0.01	-0.12	-0.92	0.0	0.0	145.27					0.01	0.01	-1.08	0.01	0.01	-0.43	-1.08	0.0	0.0	0.72					0.01	0.01	0.06	0.01	0.01	-0.06	0.06	0.0	0.0	0.72					-0.010000000000000009	-0.010000000000000009	2.989999999999994	-0.007092198581560183	-0.007067167223092353	2.1056338028169037	2.989999999999994	0.003658564068294753	0.003644338221645782	106.98625439147638				
2024-02-12 08:00:00	0	1.42	1.42	1.42	1.42	1.39	CFV.MI	0.97	0.97	0.97	0.97	1.37	0.96	-1.0	-1.0	-1.0	-1	-1.0	-1.0	1.0	-1.0	-1.0	1.0									-1.0			1.78										-1.0			4.63	-0.0	-0.0	1.5	-0.0	-0.0	0.81	1.54	1.5	0.0	0.0	106.99					1	-0.0	-0.0	-0.92	-0.0	-0.0	-0.12	-0.92	0.0	0.0	145.27					0.0	0.0	-1.08	0.0	0.0	-0.43	-1.08	0.0	0.0	0.72					0.0	0.0	0.06	0.0	0.0	-0.06	0.06	0.0	0.0	0.72					-0.0	-0.0	2.989999999999994	-0.0	-0.0	2.1056338028169037	2.989999999999994	0.003658564068294753	0.003644338221645782	106.98625439147638				
2024-02-13 08:00:00	28000	1.52	1.46	1.46	1.49	1.46	CFV.MI	1.01	1.05	1.01	1.03	1.37	0.96	-1.0	-1.0	-1.0	0	-1.0	-1.0	1.0	-1.0	-1.0	1.0									-1.0			1.78										-1.0			4.63	-0.07	-0.07	1.43	-0.05	-0.05	0.73	1.52	1.43	0.0	0.0	90.53					1	-0.07	-0.07	-0.99	-0.05	-0.05	-0.16	-0.99	0.0	0.0	123.04					0.07	0.07	-1.01	0.05	0.05	-0.4	-1.01	0.0	0.0	8.21					0.07	0.07	0.13	0.05	0.05	-0.01	0.13	0.0	0.0	8.21					-0.07000000000000006	-0.07000000000000006	2.9199999999999937	-0.04929577464788748	-0.04811924834419856	1.9597315436241631	2.9199999999999937	0.0034002105441564186	0.0033844768088819865	90.53274830096308				
2024-02-14 08:00:00	19000	1.55	1.5	1.51	1.5	1.47	CFV.MI	1.04	1.07	1.03	1.03	1.37	0.96	-1.0	-1.0	1.0	0	-1.0	-1.0	1.0	-1.0	-1.0	1.0	1.55		1.55						-1.0			1.78	1.07		1.07							-1.0			4.63	-0.01	-0.01	1.42	-0.01	-0.01	0.72	1.55	1.42	0.0	0.0	85.64					1	0.0	0.0	-0.99	0.0	0.0	-0.16	-0.99	0.0	0.0	123.04					0.01	0.01	-1.0	0.01	0.01	-0.4	-1.0	0.0	0.0	9.15					0.01	0.01	0.14	0.01	0.01	-0.0	0.14	0.0	0.0	9.15					-0.010000000000000009	-0.010000000000000009	2.909999999999994	-0.006711409395973256	-0.00668898815079671	1.9400000000000013	2.909999999999994	0.0032565239509294496	0.0032403028390222133	85.64157798360685				
2024-02-15 08:00:00	6000	1.5	1.46	1.5	1.46	1.43	CFV.MI	1.02	1.02	0.99	0.99	1.37	0.96	-1.0	-1.0	1.0	0	-1.0	-1.0	1.0	-1.0	-1.0	1.0									-1.0			1.78										-1.0			4.63	0.04	0.04	1.46	0.03	0.03	0.76	1.55	1.46	0.0	0.0	91.84					1	-0.0	-0.0	-0.99	-0.0	-0.0	-0.16	-0.99	0.0	0.0	128.82					-0.04	-0.04	-1.04	-0.03	-0.03	-0.41	-1.04	0.0	0.0	1.97					-0.04	-0.04	0.1	-0.03	-0.03	-0.03	0.1	0.0	0.0	1.97					0.040000000000000036	0.040000000000000036	2.949999999999994	0.026666666666666727	0.027028672387919374	2.020547945205481	2.949999999999994	0.003589240313705785	0.003572787065605265	91.83642928069733				
2024-02-16 08:00:00	5000	1.46	1.43	1.46	1.45	1.42	CFV.MI	0.99	0.99	0.97	0.99	1.37	0.96	-1.0	-1.0	1.0	0	-1.0	-1.0	1.0	-1.0	-1.0	1.0		1.43							-1.0			1.78		0.97								-1.0			4.63	0.01	0.01	1.47	0.01	0.01	0.78	1.55	1.47	0.0	0.0	91.58					1	-0.0	-0.0	-0.99	-0.0	-0.0	-0.16	-0.99	0.0	0.0	128.09					-0.01	-0.01	-1.05	-0.01	-0.01	-0.42	-1.05	0.0	0.0	2.47					-0.01	-0.01	0.09	-0.01	-0.01	-0.04	0.09	0.0	0.0	2.47					0.010000000000000009	0.010000000000000009	2.9599999999999937	0.006849315068493178	0.006872879287762064	2.0413793103448294	2.9599999999999937	0.0035568940163011745	0.003540558819824957	91.58386662254102				
2024-02-19 08:00:00	5000	1.5	1.48	1.48	1.5	1.47	CFV.MI	1.01	1.02	1.01	1.02	1.37	0.96	-1.0	-1.0	1.0	0	-1.0	-1.0	1.0	-1.0	-1.0	1.0	1.5								-1.0			1.78	1.02									-1.0			4.63	-0.05	-0.05	1.42	-0.03	-0.03	0.72	1.55	1.42	0.0	0.0	80.65					1	0.0	0.0	-0.99	0.0	0.0	-0.16	-0.99	0.0	0.0	128.09					0.05	0.05	-1.0	0.03	0.03	-0.4	-1.0	0.0	0.0	7.09					0.05	0.05	0.14	0.03	0.03	-0.0	0.14	0.0	0.0	7.09					-0.050000000000000044	-0.050000000000000044	2.909999999999994	-0.034482758620689724	-0.033901551675681416	1.9400000000000022	2.909999999999994	0.0033292233502107294	0.0033116513877220477	80.6462115759469				
2024-02-20 08:00:00	8000	1.49	1.46	1.48	1.49	1.46	CFV.MI	1.01	1.01	0.99	1.01	1.37	0.96	-1.0	-1.0	1.0	0	-1.0	-1.0	1.0	-1.0	-1.0	1.0									-1.0			1.78										-1.0			4.63	0.01	0.01	1.43	0.01	0.01	0.73	1.55	1.43	0.0	0.0	79.67					1	-0.0	-0.0	-0.99	-0.0	-0.0	-0.16	-0.99	0.0	0.0	126.51					-0.01	-0.01	-1.01	-0.01	-0.01	-0.4	-1.01	0.0	0.0	8.98					-0.01	-0.01	0.13	-0.01	-0.01	-0.01	0.13	0.0	0.0	8.98					0.010000000000000009	0.010000000000000009	2.9199999999999937	0.00666666666666671	0.006688988150796652	1.9597315436241631	2.9199999999999937	0.0032132482321164356	0.0031961222834775427	79.66756745385499				
2024-02-21 08:00:00	6000	1.47	1.46	1.46	1.47	1.44	CFV.MI	0.98	0.99	0.98	0.99	1.37	0.96	-1.0	-1.0	1.0	0	-1.0	-1.0	1.0	-1.0	-1.0	1.0									-1.0			1.78										-1.0			4.63	0.02	0.02	1.45	0.01	0.01	0.75	1.55	1.45	0.0	0.0	88.86					1	-0.0	-0.0	-0.99	-0.0	-0.0	-0.16	-0.99	0.0	0.0	139.18					-0.02	-0.02	-1.03	-0.01	-0.01	-0.41	-1.03	0.0	0.0	1.11					-0.02	-0.02	0.11	-0.01	-0.01	-0.02	0.11	0.0	0.0	1.11					0.020000000000000018	0.020000000000000018	2.9399999999999937	0.01342281879194629	0.01351371916672282	2.0000000000000018	2.9399999999999937	0.0035043399173061646	0.003487806038235508	88.8585951451351				
2024-02-22 08:00:00	11000	1.44	1.43	1.44	1.44	1.41	CFV.MI	0.96	0.96	0.95	0.96	1.37	0.95	-1.0	-1.0	-1.0	0	-1.0	-1.0	1.0	-1.0	-1.0	1.0		1.43							-1.0			1.78										-1.0			4.63	0.03	0.03	1.48	0.02	0.02	0.79	1.55	1.48	0.0	0.0	88.71					1	-0.0	-0.0	-0.99	-0.0	-0.0	-0.16	-0.99	0.0	0.0	137.54					-0.03	-0.03	-1.06	-0.02	-0.02	-0.42	-1.06	0.0	0.0	1.41					-0.03	-0.03	0.08	-0.02	-0.02	-0.04	0.08	0.0	0.0	1.41					0.030000000000000027	0.030000000000000027	2.9699999999999935	0.020408163265306145	0.020619287202735703	2.0625000000000018	2.9699999999999935	0.00348561313507929	0.0034691478234334383	88.7096490964139				
2024-02-23 08:00:00	8000	1.46	1.42	1.45	1.45	1.42	CFV.MI	0.96	0.96	0.94	0.96	1.37	0.94	-1.0	-1.0	-1.0	0	-1.0	-1.0	1.0	-1.0	-1.0	1.0									-1.0			1.78		0.94								-1.0			4.63	-0.01	-0.01	1.47	-0.01	-0.01	0.78	1.55	1.47	0.0	0.0	83.2					1	0.0	0.0	-0.99	0.0	0.0	-0.16	-0.99	0.0	0.0	136.66					0.01	0.01	-1.05	0.01	0.01	-0.42	-1.05	0.0	0.0	6.94					0.01	0.01	0.09	0.01	0.01	-0.04	0.09	0.0	0.0	6.94					-0.010000000000000009	-0.010000000000000009	2.9599999999999937	-0.00694444444444442	-0.006920442844573757	2.0413793103448294	2.9599999999999937	0.0032555492959828363	0.0032388855686191764	83.20015750135495				
2024-02-26 08:00:00	8000	1.49	1.46	1.46	1.49	1.46	CFV.MI	0.97	0.99	0.97	0.99	1.37	0.94	-1.0	-1.0	-1.0	0	-1.0	-1.0	1.0	-1.0	-1.0	1.0	1.49								-1.0			1.78	0.99									-1.0			4.63	-0.04	-0.04	1.43	-0.03	-0.03	0.73	1.55	1.43	0.0	0.0	81.08					1	0.0	0.0	-0.99	0.0	0.0	-0.16	-0.99	0.0	0.0	148.19					0.04	0.04	-1.01	0.03	0.03	-0.4	-1.01	0.0	0.0	8.21					0.04	0.04	0.13	0.03	0.03	-0.01	0.13	0.0	0.0	8.21					-0.040000000000000036	-0.040000000000000036	2.9199999999999937	-0.02758620689655178	-0.027212563524884794	1.9597315436241631	2.9199999999999937	0.0032270103367063848	0.003210093062413044	81.0840657109671				
2024-02-27 08:00:00	16000	1.47	1.43	1.47	1.46	1.43	CFV.MI	0.97	0.97	0.94	0.96	1.36	0.94	-1.0	-1.0	-1.0	0	-1.0	-1.0	1.0	-1.0	-1.0	1.0		1.43							-1.0			1.78		0.94								-1.0			4.63	0.03	0.03	1.46	0.02	0.02	0.76	1.55	1.46	0.0	0.0	89.41					1	-0.0	-0.0	-0.99	-0.0	-0.0	-0.16	-0.99	0.0	0.0	160.4					-0.03	-0.03	-1.04	-0.02	-0.02	-0.41	-1.04	0.0	-0.0	0.33					-0.03	-0.03	0.1	-0.02	-0.02	-0.03	0.1	0.0	-0.0	0.33					0.030000000000000027	0.030000000000000027	2.949999999999994	0.020134228187919434	0.020339684237122672	2.020547945205481	2.949999999999994	0.003548779352850395	0.0035321176310694202	89.41193538509461				
2024-02-28 08:00:00	4000	1.49	1.47	1.47	1.49	1.46	CFV.MI	0.97	0.99	0.97	0.99	1.36	0.94	-1.0	-1.0	-1.0	0	-1.0	-1.0	1.0	-1.0	-1.0	1.0	1.49								-1.0			1.78	0.99									-1.0			4.63	-0.03	-0.03	1.43	-0.02	-0.02	0.73	1.55	1.43	0.0	0.0	81.64					1	0.0	0.0	-0.99	0.0	0.0	-0.16	-0.99	0.0	0.0	160.4					0.03	0.03	-1.01	0.02	0.02	-0.4	-1.01	0.0	0.0	3.14					0.03	0.03	0.13	0.02	0.02	-0.01	0.13	0.0	0.0	3.14					-0.030000000000000027	-0.030000000000000027	2.9199999999999937	-0.020547945205479534	-0.020339684237122783	1.9597315436241622	2.9199999999999937	0.003360544301790482	0.0033430017795978983	81.6410873756713				
2024-02-29 08:00:00	6000	1.5	1.46	1.46	1.47	1.44	CFV.MI	0.97	0.99	0.97	0.97	1.35	0.94	-1.0	-1.0	-1.0	0	-1.0	-1.0	1.0	-1.0	-1.0	1.0									-1.0			1.78										-1.0			4.63	0.02	0.02	1.45	0.01	0.01	0.75	1.55	1.45	0.0	0.0	81.08					1	-0.0	-0.0	-0.99	-0.0	-0.0	-0.16	-0.99	0.0	0.0	158.71					-0.02	-0.02	-1.03	-0.01	-0.01	-0.41	-1.03	0.0	0.0	4.21					-0.02	-0.02	0.11	-0.01	-0.01	-0.02	0.11	0.0	0.0	4.21					0.020000000000000018	0.020000000000000018	2.9399999999999937	0.01342281879194629	0.01351371916672282	2.000000000000001	2.9399999999999937	0.003292342300807671	0.0032750625334703187	81.075546856257				
2024-03-01 08:00:00	2000	1.44	1.44	1.44	1.44	1.41	CFV.MI	0.94	0.94	0.94	0.94	1.35	0.94	-1.0	-1.0	-1.0	0	-1.0	-1.0	1.0	-1.0	-1.0	1.0		1.44							-1.0			1.78		0.94								-1.0			4.63	0.03	0.03	1.48	0.02	0.02	0.79	1.55	1.48	0.0	0.0	82.25					1	-0.0	-0.0	-0.99	-0.0	-0.0	-0.16	-0.99	0.0	0.0	158.71					-0.03	-0.03	-1.06	-0.02	-0.02	-0.42	-1.06	-0.0	-0.0	-1.15					-0.03	-0.03	0.08	-0.02	-0.02	-0.04	0.08	-0.0	-0.0	-1.15					0.030000000000000027	0.030000000000000027	2.9699999999999935	0.020408163265306145	0.020619287202735703	2.0625000000000013	2.9699999999999935	0.0034366773112268208	0.0034188391504565985	82.25467492264974				
2024-03-04 08:00:00	7000	1.48	1.44	1.45	1.44	1.41	CFV.MI	0.95	0.97	0.94	0.94	1.35	0.94	-1.0	-1.0	-1.0	0	-1.0	-1.0	1.0	-1.0	-1.0	1.0	1.48								-1.0			1.78	0.97									-1.0			4.63	-0.0	-0.0	1.48	-0.0	-0.0	0.79	1.55	1.48	0.0	0.0	81.92					1	0.0	0.0	-0.99	0.0	0.0	-0.16	-0.99	0.0	0.0	158.26					0.0	0.0	-1.06	0.0	0.0	-0.42	-1.06	0.0	0.0	2.6					0.0	0.0	0.08	0.0	0.0	-0.04	0.08	0.0	0.0	2.6					-0.0	-0.0	2.9699999999999935	-0.0	-0.0	2.0625000000000013	2.9699999999999935	0.0033953792563365024	0.0033777017684184507	81.92410950334803				
2024-03-05 08:00:00	8000	1.45	1.42	1.42	1.45	1.42	CFV.MI	0.92	0.94	0.92	0.94	1.35	0.92	-1.0	-1.0	-1.0	0	-1.0	-1.0	1.0	-1.0	-1.0	1.0		1.42							-1.0			1.78		0.92								-1.0			4.63	-0.01	-0.01	1.47	-0.01	-0.01	0.78	1.55	1.47	0.0	0.0	84.28					1	0.0	0.0	-0.99	0.0	0.0	-0.16	-0.99	0.0	0.0	171.6					0.01	0.01	-1.05	0.01	0.01	-0.42	-1.05	0.0	0.0	1.15					0.01	0.01	0.09	0.01	0.01	-0.04	0.09	0.0	0.0	1.15					-0.010000000000000009	-0.010000000000000009	2.9599999999999937	-0.00694444444444442	-0.006920442844573757	2.041379310344829	2.9599999999999937	0.0034274052134739205	0.0034100184758554253	84.2788847235242				
2024-03-06 08:00:00	4000	1.46	1.45	1.45	1.46	1.43	CFV.MI	0.94	0.94	0.94	0.94	1.35	0.92	-1.0	-1.0	-1.0	0	-1.0	-1.0	1.0	-1.0	-1.0	1.0	1.46								-1.0			1.78										-1.0			4.63	-0.01	-0.01	1.46	-0.01	-0.01	0.76	1.55	1.46	0.0	0.0	79.61					1	0.0	0.0	-0.99	0.0	0.0	-0.16	-0.99	0.0	0.0	171.6					0.01	0.01	-1.04	0.01	0.01	-0.41	-1.04	0.0	0.0	2.09					0.01	0.01	0.1	0.01	0.01	-0.03	0.1	0.0	0.0	2.09					-0.010000000000000009	-0.010000000000000009	2.949999999999994	-0.006896551724137945	-0.0068728792877620504	2.0205479452054806	2.949999999999994	0.0032774192106063815	0.0032595199672904585	79.6102497757864				
2024-03-07 08:00:00	4000	1.47	1.44	1.47	1.44	1.41	CFV.MI	0.95	0.95	0.93	0.93	1.35	0.92	-1.0	-1.0	-1.0	0	-1.0	-1.0	1.0	-1.0	-1.0	1.0		1.44							-1.0			1.78										-1.0			4.63	0.02	0.02	1.48	0.01	0.01	0.79	1.55	1.48	0.0	0.0	80.4					1	-0.0	-0.0	-0.99	-0.0	-0.0	-0.16	-0.99	0.0	0.0	171.6					-0.02	-0.02	-1.06	-0.01	-0.01	-0.42	-1.06	-0.0	-0.0	-2.48					-0.02	-0.02	0.08	-0.01	-0.01	-0.04	0.08	-0.0	-0.0	-2.48					0.020000000000000018	0.020000000000000018	2.969999999999994	0.013698630136986356	0.013793322132335873	2.0625000000000013	2.969999999999994	0.003372593133319499	0.0033543112640523898	80.40037130539582				
2024-03-08 08:00:00	21000	1.5	1.44	1.47	1.45	1.42	CFV.MI	0.95	0.97	0.93	0.94	1.35	0.92	-1.0	-1.0	-1.0	0	-1.0	-1.0	1.0	-1.0	-1.0	1.0	1.5								-1.0			1.78	0.97									-1.0			4.63	-0.01	-0.01	1.47	-0.01	-0.01	0.78	1.55	1.47	0.0	0.0	74.42					1	0.0	0.0	-0.99	0.0	0.0	-0.16	-0.99	0.0	0.0	169.78					0.01	0.01	-1.05	0.01	0.01	-0.42	-1.05	0.0	0.0	4.07					0.01	0.01	0.09	0.01	0.01	-0.04	0.09	0.0	0.0	4.07					-0.010000000000000009	-0.010000000000000009	2.9599999999999937	-0.00694444444444442	-0.006920442844573757	2.041379310344829	2.9599999999999937	0.0030596936366100586	0.0030415632850742114	74.41636438549978				
2024-03-11 08:00:00	2000	1.44	1.44	1.44	1.44	1.41	CFV.MI	0.93	0.93	0.93	0.93	1.35	0.92	-1.0	-1.0	-1.0	0	-1.0	-1.0	1.0	-1.0	-1.0	1.0		1.44							-1.0			1.78										-1.0			4.63	0.01	0.01	1.48	0.01	0.01	0.79	1.55	1.48	0.0	0.0	74.84					1	-0.0	-0.0	-0.99	-0.0	-0.0	-0.16	-0.99	0.0	0.0	169.78					-0.01	-0.01	-1.06	-0.01	-0.01	-0.42	-1.06	0.0	-0.0	0.19					-0.01	-0.01	0.08	-0.01	-0.01	-0.04	0.08	0.0	-0.0	0.19					0.010000000000000009	0.010000000000000009	2.9699999999999935	0.006896551724137945	0.006920442844573795	2.0625000000000013	2.9699999999999935	0.00310675264795316	0.003088427933227278	74.84060628259985				
2024-03-12 08:00:00	2000	1.45	1.44	1.44	1.45	1.42	CFV.MI	0.92	0.93	0.92	0.93	1.35	0.92	-1.0	-1.0	-1.0	0	-1.0	-1.0	1.0	-1.0	-1.0	1.0									-1.0			1.78										-1.0			4.63	-0.01	-0.01	1.47	-0.01	-0.01	0.78	1.55	1.47	0.0	0.0	70.31					1	0.0	0.0	-0.99	0.0	0.0	-0.16	-0.99	0.0	0.0	169.78					0.01	0.01	-1.05	0.01	0.01	-0.42	-1.05	0.0	0.0	1.11					0.01	0.01	0.09	0.01	0.01	-0.04	0.09	0.0	0.0	1.11					-0.010000000000000009	-0.010000000000000009	2.9599999999999937	-0.00694444444444442	-0.006920442844573757	2.041379310344829	2.9599999999999937	0.0029541374505206845	0.002935318970263001	70.31318433965376				
2024-03-13 08:00:00	2000	1.46	1.43	1.43	1.46	1.43	CFV.MI	0.91	0.93	0.91	0.93	1.31	0.91	-1.0	-1.0	-1.0	0	-1.0	-1.0	1.0	-1.0	-1.0	1.0									-1.0			1.78		0.91								-1.0			4.63	-0.01	-0.01	1.46	-0.01	-0.01	0.76	1.5	1.46	0.0	0.0	65.48					1	0.0	0.0	-0.99	0.0	0.0	-0.16	-0.99	0.0	0.0	169.29					0.01	0.01	-1.04	0.01	0.01	-0.41	-1.04	0.0	0.0	5.74					0.01	0.01	0.1	0.01	0.01	-0.03	0.1	0.0	0.0	5.74					-0.010000000000000009	-0.010000000000000009	2.949999999999994	-0.006896551724137945	-0.0068728792877620504	2.0205479452054806	2.949999999999994	0.00276089677850153	0.0027417705806158654	65.481010413917				
2024-03-14 08:00:00	0	1.46	1.46	1.46	1.46	1.43	CFV.MI	0.93	0.93	0.93	0.93	1.31	0.91	-1.0	-1.0	-1.0	0	-1.0	-1.0	1.0	-1.0	-1.0	1.0									-1.0			1.78										-1.0			4.63	-0.0	-0.0	1.46	-0.0	-0.0	0.76	1.5	1.46	0.0	0.0	64.68					1	0.0	0.0	-0.99	0.0	0.0	-0.16	-0.99	0.0	0.0	168.26					0.0	0.0	-1.04	0.0	0.0	-0.41	-1.04	0.0	0.0	10.21					0.0	0.0	0.1	0.0	0.0	-0.03	0.1	0.0	0.0	10.21					-0.0	-0.0	2.949999999999994	-0.0	-0.0	2.0205479452054806	2.949999999999994	0.0026813777442947786	0.00266260191141221	64.67734097272427				
2024-03-15 08:00:00	1000	1.46	1.46	1.46	1.46	1.43	CFV.MI	0.93	0.93	0.93	0.93	1.31	0.91	-1.0	-1.0	-1.0	0	-1.0	-1.0	1.0	-1.0	-1.0	1.0									-1.0			1.78										-1.0			4.63	-0.0	-0.0	1.46	-0.0	-0.0	0.76	1.5	1.46	0.0	0.0	64.68					1	0.0	0.0	-0.99	0.0	0.0	-0.16	-0.99	0.0	0.0	168.26					0.0	0.0	-1.04	0.0	0.0	-0.41	-1.04	0.0	0.0	10.21					0.0	0.0	0.1	0.0	0.0	-0.03	0.1	0.0	0.0	10.21					-0.0	-0.0	2.949999999999994	-0.0	-0.0	2.0205479452054806	2.949999999999994	0.0026813777442947786	0.00266260191141221	64.67734097272427				
2024-03-18 08:00:00	10000	1.5	1.47	1.47	1.5	1.47	CFV.MI	0.93	0.95	0.93	0.95	1.31	0.91	-1.0	-1.0	-1.0	0	-1.0	-1.0	1.0	-1.0	-1.0	1.0	1.5								-1.0			1.78	0.95									-1.0			4.63	-0.04	-0.04	1.42	-0.03	-0.03	0.72	1.5	1.42	0.0	0.0	56.66					1	0.0	0.0	-0.99	0.0	0.0	-0.16	-0.99	0.0	0.0	168.26					0.04	0.04	-1.0	0.03	0.03	-0.4	-1.0	0.0	0.0	13.37					0.04	0.04	0.14	0.03	0.03	-0.0	0.14	0.0	0.0	13.37					-0.040000000000000036	-0.040000000000000036	2.909999999999994	-0.027397260273972712	-0.02702867238791942	1.9400000000000008	2.909999999999994	0.002457422173228713	0.002437581066859984	56.66017299244024				
2024-03-19 08:00:00	8000	1.5	1.45	1.5	1.45	1.42	CFV.MI	0.94	0.94	0.91	0.91	1.31	0.91	-1.0	-1.0	-1.0	0	-1.0	-1.0	1.0	-1.0	-1.0	1.0									-1.0			1.78										-1.0			4.63	0.05	0.05	1.47	0.03	0.03	0.78	1.5	1.47	0.0	0.0	58.92					1	-0.0	-0.0	-0.99	-0.0	-0.0	-0.16	-0.99	0.0	0.0	168.26					-0.05	-0.05	-1.05	-0.03	-0.03	-0.42	-1.05	0.0	0.0	6.65					-0.05	-0.05	0.09	-0.03	-0.03	-0.04	0.09	0.0	0.0	6.65					0.050000000000000044	0.050000000000000044	2.9599999999999937	0.033333333333333326	0.03390155167568134	2.041379310344828	2.9599999999999937	0.0026777822591206413	0.00265691253976974	58.91947039271207				
2024-03-20 08:00:00	34000	1.41	1.31	1.41	1.39	1.36	CFV.MI	0.89	0.89	0.82	0.87	1.31	0.82	-1.0	-1.0	-1.0	-1	-1.0	-1.0	1.0	-1.0	-1.0	1.0									-1.0	1.31		1.78										-1.0			4.63	0.06	0.06	1.53	0.04	0.04	0.85	1.5	1.53	0.0	0.0	61.11					1	-0.0	-0.0	-0.99	-0.0	-0.0	-0.16	-0.99	0.0	0.0	167.71					-0.06	-0.06	-1.11	-0.04	-0.04	-0.44	-1.11	0.0	0.0	3.07					-0.06	-0.06	0.03	-0.04	-0.04	-0.08	0.03	0.0	0.0	3.07					0.06000000000000005	0.06000000000000005	3.019999999999994	0.04137931034482767	0.04225980928988273	2.1726618705035983	3.019999999999994	0.0029129572200083946	0.0028909612389091954	61.11346852186828				
2024-03-21 08:00:00	10000	1.39	1.34	1.35	1.39	1.36	CFV.MI	0.85	0.87	0.84	0.87	1.31	0.82	-1.0	-1.0	-1.0	-1	-1.0	-1.0	1.0	-1.0	-1.0	1.0									-1.0			1.78										-1.0			4.63	-0.0	-0.0	1.53	-0.0	-0.0	0.85	1.5	1.53	0.0	0.0	61.11					1	-0.0	-0.0	-0.99	-0.0	-0.0	-0.16	-0.99	0.0	0.0	167.71					0.0	0.0	-1.11	0.0	0.0	-0.44	-1.11	0.0	0.0	3.07					0.0	0.0	0.03	0.0	0.0	-0.08	0.03	0.0	0.0	3.07					-0.0	-0.0	3.019999999999994	-0.0	-0.0	2.1726618705035983	3.019999999999994	0.0029129572200083946	0.0028909612389091954	61.11346852186828				
2024-03-22 08:00:00	9000	1.36	1.33	1.36	1.35	1.32	CFV.MI	0.85	0.85	0.84	0.85	1.31	0.82	-1.0	-1.0	-1.0	-1	-1.0	-1.0	1.0	-1.0	-1.0	1.0									-1.0			1.78										-1.0			4.63	0.04	0.04	1.57	0.03	0.03	0.91	1.5	1.57	0.0	0.0	62.74					1	0.04	0.04	-0.95	0.03	0.03	-0.14	-0.95	0.0	0.0	170.19					-0.04	-0.04	-1.15	-0.03	-0.03	-0.46	-1.15	-0.0	-0.0	-2.45					-0.04	-0.04	-0.01	-0.03	-0.03	-0.1	-0.01	-0.0	-0.0	-2.45					0.039999999999999813	0.039999999999999813	3.0599999999999934	0.028776978417266008	0.029199154692262124	2.266666666666667	3.0599999999999934	0.0031027517255080984	0.003079825367577893	62.74069319380886				
2024-03-25 08:00:00	16000	1.36	1.31	1.33	1.36	1.33	CFV.MI	0.83	0.85	0.82	0.85	1.28	0.82	-1.0	-1.0	-1.0	-1	-1.0	-1.0	1.0	-1.0	-1.0	1.0		1.31		1.31		1.31		1.31	-1.0			1.78										-1.0			4.63	-0.01	-0.01	1.56	-0.01	-0.01	0.89	1.5	1.56	0.0	0.0	67.93					1	-0.01	-0.01	-0.96	-0.01	-0.01	-0.14	-0.96	0.0	0.0	186.43					0.01	0.01	-1.14	0.01	0.01	-0.45	-1.14	-0.0	-0.0	-5.96					0.01	0.01	0.0	0.01	0.01	-0.1	0.0	-0.0	-0.0	-5.96					-0.010000000000000009	-0.010000000000000009	3.0499999999999936	-0.007407407407407307	-0.00738010729762246	2.24264705882353	3.0499999999999936	0.0032026833822576413	0.0031806732688131056	67.92715841481208				
2024-03-26 08:00:00	15000	1.35	1.31	1.33	1.35	1.32	CFV.MI	0.83	0.84	0.81	0.84	1.28	0.81	-1.0	-1.0	-1.0	-1	-1.0	-1.0	1.0	-1.0	-1.0	1.0									-1.0			1.78		0.81		0.81		0.81		0.81		-1.0	0.81		4.63	0.01	0.01	1.57	0.01	0.01	0.91	1.5	1.57	0.0	0.0	67.36					1	0.01	0.01	-0.95	0.01	0.01	-0.14	-0.95	0.0	0.0	185.59					-0.01	-0.01	-1.15	-0.01	-0.01	-0.46	-1.15	-0.0	-0.0	-5.05					-0.01	-0.01	-0.01	-0.01	-0.01	-0.1	-0.01	-0.0	-0.0	-5.05					0.010000000000000009	0.010000000000000009	3.0599999999999934	0.007352941176470562	0.007380107297622534	2.266666666666667	3.0599999999999934	0.0031349240195743945	0.0031132414831198663	67.35990429455025				
2024-03-27 08:00:00	1000	1.35	1.35	1.35	1.35	1.32	CFV.MI	0.84	0.84	0.84	0.84	1.28	0.81	-1.0	-1.0	-1.0	-1	-1.0	-1.0	1.0	-1.0	-1.0	1.0									-1.0			1.78										-1.0			4.63	-0.0	-0.0	1.57	-0.0	-0.0	0.91	1.5	1.57	0.0	0.0	65.62					1	-0.0	-0.0	-0.95	-0.0	-0.0	-0.14	-0.95	0.0	0.0	182.88					0.0	0.0	-1.15	0.0	0.0	-0.46	-1.15	0.0	0.0	0.75					0.0	0.0	-0.01	0.0	0.0	-0.1	-0.01	0.0	0.0	0.75					-0.0	-0.0	3.0599999999999934	-0.0	-0.0	2.266666666666667	3.0599999999999934	0.0029373404178759835	0.002916599145580623	65.61770998069102				
2024-03-28 08:00:00	7000	1.38	1.36	1.36	1.38	1.35	CFV.MI	0.84	0.86	0.84	0.86	1.28	0.81	-1.0	-1.0	-1.0	-1	-1.0	-1.0	1.0	-1.0	-1.0	1.0									-1.0			1.78										-1.0			4.63	-0.03	-0.03	1.54	-0.02	-0.02	0.87	1.5	1.54	0.0	0.0	68.43					1	-0.03	-0.03	-0.98	-0.02	-0.02	-0.16	-0.98	0.0	0.0	192.07					0.03	0.03	-1.12	0.02	0.02	-0.45	-1.12	-0.0	-0.0	-1.11					0.03	0.03	0.02	0.02	0.02	-0.08	0.02	-0.0	-0.0	-1.11					-0.029999999999999805	-0.029999999999999805	3.0299999999999936	-0.022222222222222143	-0.021978906718775167	2.195652173913044	3.0299999999999936	0.0029877009989583325	0.002967400957670785	68.42843902355398				
2024-04-02 07:00:00	41000	1.51	1.4	1.4	1.46	1.43	CFV.MI	0.88	0.95	0.88	0.92	1.27	0.81	-1.0	-1.0	-1.0	0	-1.0	-1.0	1.0	-1.0	-1.0	1.0									-1.0			1.78										-1.0			4.63	-0.08	-0.08	1.46	-0.06	-0.06	0.76	1.51	1.46	0.0	0.0	55.26					1	-0.08	-0.08	-1.06	-0.06	-0.06	-0.2	-1.06	0.0	0.0	155.04					0.08	0.08	-1.04	0.06	0.06	-0.41	-1.04	0.0	0.0	5.69					0.08	0.08	0.1	0.06	0.06	-0.03	0.1	0.0	0.0	5.69					-0.08000000000000007	-0.08000000000000007	2.9499999999999935	-0.05797101449275366	-0.05635293655113178	2.0205479452054798	2.9499999999999935	0.0026512204588590538	0.0026288849436215678	55.25608889535977				
2024-04-03 07:00:00	75000	1.69	1.53	1.54	1.69	1.65	CFV.MI	0.96	1.06	0.96	1.06	1.25	0.81	-1.0	-1.0	1.0	1	-1.0	-1.0	1.0	-1.0	-1.0	1.0	1.69								-1.0			1.78	1.06									-1.0			4.63	-0.23	-0.23	1.23	-0.16	-0.15	0.52	1.69	1.23	0.0	0.0	33.29					1	0.0	0.0	-1.06	0.0	0.0	-0.2	-1.06	0.0	0.0	155.04					0.23	0.23	-0.81	0.16	0.15	-0.32	-0.81	0.0	0.0	18.7					0.23	0.23	0.33	0.16	0.15	0.12	0.33	0.0	0.0	18.7					-0.22999999999999998	-0.22999999999999998	2.7199999999999935	-0.15753424657534243	-0.146292093214737	1.609467455621302	2.7199999999999935	0.0019706944517942086	0.0019430788579912761	33.292974414603314				
2024-04-04 07:00:00	77000	1.72	1.55	1.7	1.59	1.55	CFV.MI	1.06	1.08	0.97	1.0	1.22	0.81	-1.0	1.0	1.0	1	-1.0	-1.0	1.0	-1.0	-1.0	1.0									-1.0			1.78										-1.0			4.63	0.1	0.1	1.33	0.06	0.06	0.62	1.72	1.33	0.0	0.0	34.05					1	-0.1	-0.1	-1.16	-0.06	-0.06	-0.25	-1.16	0.0	0.0	118.92					-0.1	-0.1	-0.91	-0.06	-0.06	-0.36	-0.91	0.0	0.0	17.53					-0.1	-0.1	0.23	-0.06	-0.06	0.06	0.23	0.0	0.0	17.53					0.09999999999999987	0.09999999999999987	2.819999999999993	0.059171597633136064	0.06099451270284191	1.7735849056603774	2.819999999999993	0.0020475818475546915	0.002019528015848593	34.0496999584841				
2024-04-05 07:00:00	19000	1.61	1.58	1.58	1.58	1.54	CFV.MI	1.0	1.02	1.0	1.0	1.21	0.81	-1.0	1.0	1.0	1	-1.0	-1.0	1.0	-1.0	-1.0	1.0		1.58							-1.0			1.78		1.0								-1.0			4.63	0.01	0.01	1.34	0.01	0.01	0.63	1.72	1.34	0.0	0.0	34.05					1	-0.01	-0.01	-1.17	-0.01	-0.01	-0.25	-1.17	0.0	0.0	111.06					-0.01	-0.01	-0.92	-0.01	-0.01	-0.37	-0.92	0.0	0.0	17.53					-0.01	-0.01	0.22	-0.01	-0.01	0.05	0.22	0.0	0.0	17.53					0.010000000000000009	0.010000000000000009	2.829999999999993	0.0062893081761006275	0.006309169193264721	1.791139240506329	2.829999999999993	0.0020478310514866088	0.0020197757938142935	34.05211405586854				
2024-04-08 07:00:00	95000	1.77	1.61	1.61	1.67	1.63	CFV.MI	1.01	1.11	1.01	1.05	1.21	0.81	-1.0	1.0	1.0	1	-1.0	-1.0	1.0	-1.0	-1.0	1.0	1.77								-1.0			1.78	1.11									-1.0			4.63	-0.09	-0.09	1.25	-0.06	-0.06	0.54	1.77	1.25	0.0	0.0	20.63					1	0.09	0.09	-1.08	0.06	0.06	-0.21	-1.08	0.0	0.0	107.48					0.09	0.09	-0.83	0.06	0.06	-0.33	-0.83	0.0	0.0	32.1					0.09	0.09	0.31	0.06	0.06	0.11	0.31	0.0	0.0	32.1					-0.08999999999999986	-0.08999999999999986	2.739999999999993	-0.056962025316455556	-0.05539877938978817	1.6407185628742518	2.739999999999993	0.0011956928121050446	0.001168157297663619	20.630912957116912				
2024-04-09 07:00:00	17000	1.65	1.62	1.65	1.63	1.59	CFV.MI	1.05	1.05	1.03	1.04	1.21	0.81	-1.0	1.0	1.0	1	-1.0	-1.0	1.0	-1.0	-1.0	1.0									-1.0			1.78										-1.0			4.63	0.04	0.04	1.29	0.02	0.02	0.58	1.77	1.29	0.0	0.0	29.57					1	-0.04	-0.04	-1.12	-0.02	-0.02	-0.23	-1.12	0.0	0.0	115.67					-0.04	-0.04	-0.87	-0.02	-0.02	-0.35	-0.87	0.0	0.0	23.64					-0.04	-0.04	0.27	-0.02	-0.02	0.08	0.27	0.0	0.0	23.64					0.040000000000000036	0.040000000000000036	2.779999999999993	0.02395209580838331	0.024243611609992853	1.7055214723926384	2.779999999999993	0.001673343201455031	0.001646896762555583	29.567972431512636				
2024-04-10 07:00:00	16000	1.64	1.6	1.63	1.6	1.56	CFV.MI	1.03	1.04	1.01	1.01	1.21	0.81	-1.0	1.0	1.0	1	-1.0	-1.0	1.0	-1.0	-1.0	1.0		1.6							-1.0			1.78		1.01								-1.0			4.63	0.03	0.03	1.32	0.02	0.02	0.61	1.77	1.32	0.0	0.0	36.96					1	-0.03	-0.03	-1.15	-0.02	-0.02	-0.25	-1.15	0.0	0.0	120.99					-0.03	-0.03	-0.9	-0.02	-0.02	-0.36	-0.9	0.0	0.0	16.65					-0.03	-0.03	0.24	-0.02	-0.02	0.06	0.24	0.0	0.0	16.65					0.029999999999999805	0.029999999999999805	2.809999999999993	0.018404907975460016	0.018576385572935304	1.7562500000000005	2.809999999999993	0.0020578217663810242	0.002032149390414295	36.96442831409057				
2024-04-11 07:00:00	19000	1.68	1.6	1.6	1.65	1.61	CFV.MI	1.02	1.07	1.02	1.06	1.21	0.81	-1.0	1.0	1.0	1	-1.0	-1.0	1.0	-1.0	-1.0	1.0									-1.0			1.78										-1.0			4.63	-0.05	-0.05	1.27	-0.03	-0.03	0.56	1.77	1.27	0.0	0.0	30.54					1	0.05	0.05	-1.1	0.03	0.03	-0.22	-1.1	0.0	0.0	124.76					0.05	0.05	-0.85	0.03	0.03	-0.34	-0.85	0.0	0.0	22.25					0.05	0.05	0.29	0.03	0.03	0.1	0.29	0.0	0.0	22.25					-0.04999999999999982	-0.04999999999999982	2.759999999999993	-0.031249999999999778	-0.030771658666753472	1.6727272727272737	2.759999999999993	0.001754992446864397	0.001728156751041876	30.540456748719173				
2024-04-12 07:00:00	91000	1.86	1.7	1.7	1.75	1.71	CFV.MI	1.09	1.19	1.09	1.12	1.21	0.81	-1.0	1.0	1.0	1	-1.0	-1.0	1.0	-1.0	-1.0	1.0									-1.0			1.78										-1.0			4.63	-0.1	-0.1	1.17	-0.06	-0.06	0.47	1.86	1.17	0.0	0.0	22.33					1	0.1	0.1	-1.0	0.06	0.06	-0.17	-1.0	0.0	0.0	132.13					0.1	0.1	-0.75	0.06	0.06	-0.3	-0.75	0.0	0.0	26.11					0.1	0.1	0.39	0.06	0.06	0.16	0.39	0.0	0.0	26.11					-0.10000000000000009	-0.10000000000000009	2.659999999999993	-0.06060606060606055	-0.058840500022933395	1.520000000000001	2.659999999999993	0.001379725881297829	0.0013504492079776664	22.325942652743947				
2024-04-15 07:00:00	60000	1.88	1.76	1.76	1.83	1.79	CFV.MI	1.12	1.19	1.12	1.16	1.21	0.81	-1.0	1.0	1.0	1	-1.0	-1.0	1.0	-1.0	-1.0	1.0									-1.0			1.78										-1.0			4.63	-0.08	-0.08	1.09	-0.05	-0.04	0.41	1.88	1.09	0.0	0.0	19.6					1	0.08	0.08	-0.92	0.05	0.04	-0.14	-0.92	0.0	0.0	146.24					0.08	0.08	-0.67	0.05	0.04	-0.27	-0.67	0.0	0.0	28.0					0.08	0.08	0.47	0.05	0.04	0.22	0.47	0.0	0.0	28.0					-0.08000000000000007	-0.08000000000000007	2.579999999999993	-0.04571428571428582	-0.04470017891790699	1.4098360655737712	2.579999999999993	0.001257664573795851	0.0012271766795259875	19.600303327828712				
2024-04-16 07:00:00	89000	2.04	1.8	1.84	2.04	1.99	CFV.MI	1.19	1.32	1.16	1.32	1.32	0.81	1.0	1.0	1.0	1	-1.0	-1.0	1.0	-1.0	-1.0	1.0									-1.0			1.78										-1.0			4.63	-0.21	-0.21	0.88	-0.11	-0.11	0.26	2.04	0.88	0.0	0.0	12.11					1	0.21	0.21	-0.71	0.11	0.11	-0.04	-0.71	0.0	0.0	160.64					0.21	0.21	-0.46	0.11	0.11	-0.18	-0.46	0.0	0.0	33.2					0.21	0.21	0.68	0.11	0.11	0.35	0.68	0.0	0.0	33.2					-0.20999999999999996	-0.20999999999999996	2.369999999999993	-0.11475409836065564	-0.10863384100279537	1.1617647058823537	2.369999999999993	0.0008685320670376458	0.0008340173810239548	12.111813929766129				
2024-04-17 07:00:00	148000	2.34	1.95	1.95	2.04	1.99	CFV.MI	1.25	1.5	1.25	1.31	1.5	0.81	1.0	1.0	1.0	1	-1.0	-1.0	1.0	-1.0	-1.0	1.0	2.34		2.34		2.34		2.34		-1.0		2.34	2.34	1.5		1.5		1.5					-1.0		1.5	4.63	0.0	0.0	0.88	0.0	0.0	0.26	2.34	0.88	0.0	0.0	15.33					1	0.0	0.0	-0.71	0.0	0.0	-0.04	-0.71	0.0	0.0	170.6					0.0	0.0	-0.46	0.0	0.0	-0.18	-0.46	0.0	0.0	32.63					0.0	0.0	0.68	0.0	0.0	0.35	0.68	0.0	0.0	32.63					-0.0	-0.0	2.369999999999993	-0.0	-0.0	1.1617647058823537	2.369999999999993	0.0010852208438581878	0.0010515640322541486	15.32797964370382				
2024-04-18 07:00:00	61000	2.16	1.99	2.06	2.0	1.95	CFV.MI	1.31	1.37	1.27	1.27	1.5	0.81	1.0	1.0	1.0	1	-1.0	-1.0	1.0	-1.0	-1.0	1.0									-1.0			2.34										-1.0			4.63	-0.04	-0.04	0.84	-0.02	-0.02	0.24	2.34	0.84	0.0	0.0	10.75					1	-0.04	-0.04	-0.75	-0.02	-0.02	-0.06	-0.75	0.0	0.0	156.6					-0.04	-0.04	-0.5	-0.02	-0.02	-0.2	-0.5	0.0	0.0	31.86					-0.04	-0.04	0.64	-0.02	-0.02	0.33	0.64	0.0	0.0	31.86					0.040000000000000036	0.040000000000000036	2.409999999999993	0.019607843137254943	0.019802627296179754	1.205000000000001	2.409999999999993	0.0011321986301436335	0.0010982466692779358	15.831262984481143				
2024-04-19 07:00:00	24000	2.0	1.92	1.99	1.92	1.88	CFV.MI	1.27	1.27	1.22	1.22	1.5	0.81	1.0	1.0	1.0	1	-1.0	-1.0	1.0	-1.0	-1.0	1.0									-1.0			2.34										-1.0			4.63	-0.08	-0.08	0.76	-0.04	-0.04	0.19	2.34	0.76	0.0	0.0	5.4					1	-0.08	-0.08	-0.83	-0.04	-0.04	-0.09	-0.83	0.0	0.0	135.89					-0.08	-0.08	-0.58	-0.04	-0.04	-0.23	-0.58	0.0	0.0	28.45					-0.08	-0.08	0.56	-0.04	-0.04	0.28	0.56	0.0	0.0	28.45					0.08000000000000007	0.08000000000000007	2.489999999999993	0.040000000000000036	0.040821994520255166	1.2968750000000009	2.489999999999993	0.001350124732192235	0.00131478687899933	18.039890474058332				
2024-04-22 07:00:00	15000	1.94	1.88	1.93	1.88	1.84	CFV.MI	1.23	1.24	1.2	1.2	1.5	0.81	1.0	1.0	1.0	1	-1.0	-1.0	1.0	-1.0	-1.0	1.0									-1.0			2.34										-1.0			4.63	-0.04	-0.04	0.72	-0.02	-0.02	0.16	2.34	0.72	0.0	0.0	1.84					1	-0.04	-0.04	-0.87	-0.02	-0.02	-0.11	-0.87	0.0	0.0	124.77					-0.04	-0.04	-0.62	-0.02	-0.02	-0.25	-0.62	0.0	0.0	24.24					-0.04	-0.04	0.52	-0.02	-0.02	0.25	0.52	0.0	0.0	24.24					0.040000000000000036	0.040000000000000036	2.529999999999993	0.02083333333333337	0.02105340919783238	1.3457446808510647	2.529999999999993	0.0014827612101385784	0.0014465663982732302	19.290604087313582				
2024-04-23 07:00:00	72000	1.87	1.73	1.87	1.78	1.74	CFV.MI	1.17	1.17	1.09	1.12	1.5	0.81	1.0	1.0	1.0	1	-1.0	-1.0	1.0	-1.0	-1.0	1.0									-1.0			2.34										-1.0			4.63	-0.1	-0.1	0.62	-0.05	-0.05	0.1	2.34	0.62	-0.0	-0.0	-0.4					1	-0.1	-0.1	-0.97	-0.05	-0.05	-0.16	-0.97	0.0	0.0	111.96					-0.1	-0.1	-0.72	-0.05	-0.05	-0.29	-0.72	0.0	0.0	16.93					-0.1	-0.1	0.42	-0.05	-0.05	0.18	0.42	0.0	0.0	16.93					0.09999999999999987	0.09999999999999987	2.629999999999993	0.05319148936170204	0.054658412537863965	1.4775280898876413	2.629999999999993	0.0020533808876156516	0.002015878123717174	25.332874759724938				
2024-04-24 07:00:00	18000	1.79	1.73	1.78	1.79	1.75	CFV.MI	1.12	1.13	1.09	1.13	1.5	0.81	1.0	1.0	1.0	1	-1.0	-1.0	1.0	-1.0	-1.0	1.0									-1.0			2.34										-1.0			4.63	0.01	0.01	0.63	0.01	0.01	0.11	2.34	0.63	-0.0	-0.0	-0.45					1	0.01	0.01	-0.96	0.01	0.01	-0.16	-0.96	0.0	0.0	111.92					0.01	0.01	-0.71	0.01	0.01	-0.28	-0.71	0.0	0.0	19.91					0.01	0.01	0.43	0.01	0.01	0.19	0.43	0.0	0.0	19.91					-0.010000000000000009	-0.010000000000000009	2.619999999999993	-0.00561797752808979	-0.0056022555486697516	1.4636871508379898	2.619999999999993	0.0018133347750298023	0.0017754173924746652	22.40239286240481				
2024-04-25 07:00:00	8000	1.76	1.71	1.76	1.71	1.67	CFV.MI	1.12	1.12	1.09	1.09	1.5	0.81	1.0	1.0	1.0	1	-1.0	-1.0	1.0	-1.0	-1.0	1.0		1.71							-1.0			2.34		1.09								-1.0			4.63	-0.08	-0.08	0.55	-0.04	-0.05	0.06	2.34	0.55	-0.0	-0.0	-5.46					1	-0.08	-0.08	-1.04	-0.04	-0.05	-0.19	-1.04	0.0	0.0	96.28					-0.08	-0.08	-0.79	-0.04	-0.05	-0.31	-0.79	0.0	0.0	16.97					-0.08	-0.08	0.35	-0.04	-0.05	0.14	0.35	0.0	0.0	16.97					0.08000000000000007	0.08000000000000007	2.699999999999993	0.04469273743016766	0.04572224933809522	1.578947368421054	2.699999999999993	0.0020621324824307953	0.002022542512559733	24.342791039682346				
2024-04-26 07:00:00	4000	1.76	1.74	1.74	1.76	1.72	CFV.MI	1.1	1.11	1.1	1.11	1.5	0.81	1.0	1.0	1.0	1	-1.0	-1.0	1.0	-1.0	-1.0	1.0	1.76								-1.0			2.34	1.11									-1.0			4.63	0.05	0.05	0.6	0.03	0.03	0.09	2.34	0.6	-0.0	-0.0	-3.22					1	0.05	0.05	-0.99	0.03	0.03	-0.17	-0.99	0.0	0.0	98.15					0.05	0.05	-0.74	0.03	0.03	-0.29	-0.74	0.0	0.0	18.32					0.05	0.05	0.4	0.03	0.03	0.17	0.4	0.0	0.0	18.32					-0.050000000000000044	-0.050000000000000044	2.6499999999999932	-0.029239766081871288	-0.028820438535491884	1.5056818181818197	2.6499999999999932	0.0017684162630132367	0.0017271358035289008	20.263556648371065				
2024-04-29 07:00:00	10000	1.73	1.7	1.73	1.7	1.66	CFV.MI	1.09	1.09	1.07	1.07	1.5	0.81	1.0	1.0	1.0	1	-1.0	-1.0	1.0	-1.0	-1.0	1.0									-1.0			2.34										-1.0			4.63	-0.06	-0.06	0.54	-0.03	-0.03	0.05	2.34	0.54	-0.0	-0.0	-7.96					1	-0.06	-0.06	-1.05	-0.03	-0.03	-0.2	-1.05	0.0	0.0	86.36					-0.06	-0.06	-0.8	-0.03	-0.03	-0.32	-0.8	0.0	0.0	16.79					-0.06	-0.06	0.34	-0.03	-0.03	0.13	0.34	0.0	0.0	16.79					0.06000000000000005	0.06000000000000005	2.7099999999999933	0.03409090909090917	0.0346855579878901	1.594117647058825	2.7099999999999933	0.0019054782728556217	0.0018632207313744598	21.303590137059047				
2024-04-30 07:00:00	19000	1.7	1.66	1.7	1.68	1.64	CFV.MI	1.09	1.09	1.06	1.07	1.5	0.81	1.0	1.0	1.0	1	-1.0	-1.0	1.0	-1.0	-1.0	1.0									-1.0			2.34										-1.0			4.63	-0.02	-0.02	0.52	-0.01	-0.01	0.04	2.34	0.52	-0.0	-0.0	-10.68					1	-0.02	-0.02	-1.07	-0.01	-0.01	-0.21	-1.07	0.0	0.0	80.67					-0.02	-0.02	-0.82	-0.01	-0.01	-0.33	-0.82	0.0	0.0	13.9					-0.02	-0.02	0.32	-0.01	-0.01	0.12	0.32	0.0	0.0	13.9					0.020000000000000018	0.020000000000000018	2.7299999999999933	0.0117647058823529	0.011834457647002796	1.6250000000000013	2.7299999999999933	0.0019788519102670386	0.0019360666501515578	21.83985021041024				
2024-05-02 07:00:00	36000	1.66	1.56	1.66	1.6	1.56	CFV.MI	1.06	1.06	1.0	1.02	1.5	0.81	1.0	1.0	1.0	1	-1.0	-1.0	1.0	-1.0	-1.0	1.0									-1.0			2.34		1.0								-1.0			4.63	-0.08	-0.08	0.44	-0.05	-0.05	-0.01	2.34	0.44	-0.0	-0.0	-14.8					1	-0.08	-0.08	-1.15	-0.05	-0.05	-0.25	-1.15	0.0	0.0	68.64					-0.08	-0.08	-0.9	-0.05	-0.05	-0.36	-0.9	0.0	0.0	8.85					-0.08	-0.08	0.24	-0.05	-0.05	0.06	0.24	0.0	0.0	8.85					0.07999999999999985	0.07999999999999985	2.8099999999999934	0.04761904761904756	0.048790164169431945	1.7562500000000014	2.8099999999999934	0.002281350928117517	0.0022363557606175366	23.912591690424676				
2024-05-03 07:00:00	3000	1.63	1.6	1.63	1.6	1.56	CFV.MI	1.05	1.05	1.03	1.03	1.5	0.81	1.0	1.0	1.0	1	-1.0	-1.0	1.0	-1.0	-1.0	1.0									-1.0			2.34	1.05									-1.0			4.63	0.0	0.0	0.44	0.0	0.0	-0.01	2.34	0.44	-0.0	-0.0	-12.37					1	0.0	0.0	-1.15	0.0	0.0	-0.25	-1.15	0.0	0.0	72.91					0.0	0.0	-0.9	0.0	0.0	-0.36	-0.9	0.0	0.0	8.55					0.0	0.0	0.24	0.0	0.0	0.06	0.24	0.0	0.0	8.55					-0.0	-0.0	2.8099999999999934	-0.0	-0.0	1.7562500000000014	2.8099999999999934	0.0025000485907285814	0.0024558166045527408	26.37419688246063				
2024-05-06 07:00:00	11000	1.6	1.56	1.59	1.6	1.56	CFV.MI	1.01	1.02	0.99	1.02	1.5	0.81	1.0	1.0	-1.0	0	-1.0	-1.0	1.0	-1.0	-1.0	1.0		1.56							-1.0			2.34										-1.0			4.63	0.0	0.0	0.44	0.0	0.0	-0.01	2.34	0.44	-0.0	-0.0	-12.37					1	0.0	0.0	-1.15	0.0	0.0	-0.25	-1.15	0.0	0.0	72.91					0.0	0.0	-0.9	0.0	0.0	-0.36	-0.9	0.0	0.0	8.55					0.0	0.0	0.24	0.0	0.0	0.06	0.24	0.0	0.0	8.55					-0.0	-0.0	2.8099999999999934	-0.0	-0.0	1.7562500000000014	2.8099999999999934	0.0025000485907285814	0.0024558166045527408	26.37419688246063				
2024-05-07 07:00:00	1000	1.6	1.6	1.6	1.6	1.56	CFV.MI	1.01	1.01	1.01	1.01	1.5	0.81	1.0	1.0	-1.0	0	-1.0	-1.0	1.0	-1.0	-1.0	1.0	1.6								-1.0			2.34										-1.0			4.63	0.0	0.0	0.44	0.0	0.0	-0.01	2.34	0.44	-0.0	-0.0	-13.42					1	0.0	0.0	-1.15	0.0	0.0	-0.25	-1.15	0.0	0.0	72.0					0.0	0.0	-0.9	0.0	0.0	-0.36	-0.9	0.0	0.0	11.35					0.0	0.0	0.24	0.0	0.0	0.06	0.24	0.0	0.0	11.35					-0.0	-0.0	2.8099999999999934	-0.0	-0.0	1.7562500000000014	2.8099999999999934	0.0024203006904354647	0.0023766394021573767	25.87033691767212				
2024-05-08 07:00:00	7000	1.59	1.55	1.59	1.56	1.52	CFV.MI	1.0	1.0	0.98	0.99	1.5	0.81	1.0	1.0	-1.0	0	-1.0	-1.0	1.0	-1.0	-1.0	1.0		1.55		1.55					-1.0			2.34		0.98		0.98						-1.0			4.63	-0.04	-0.04	0.4	-0.03	-0.03	-0.04	2.34	0.4	-0.0	-0.0	-14.13					1	-0.0	-0.0	-1.15	-0.0	-0.0	-0.25	-1.15	0.0	0.0	76.36					-0.04	-0.04	-0.94	-0.03	-0.03	-0.37	-0.94	0.0	0.0	7.52					-0.04	-0.04	0.2	-0.03	-0.03	0.04	0.2	0.0	0.0	7.52					0.040000000000000036	0.040000000000000036	2.8499999999999934	0.025000000000000022	0.025317807984289897	1.8269230769230789	2.8499999999999934	0.0027986488611675578	0.0027546465920513796	29.334789457815518				
2024-05-09 07:00:00	4000	1.6	1.56	1.56	1.6	1.56	CFV.MI	0.98	1.0	0.98	1.0	1.5	0.81	1.0	1.0	-1.0	0	-1.0	-1.0	1.0	-1.0	-1.0	1.0									-1.0			2.34										-1.0			4.63	0.04	0.04	0.44	0.03	0.03	-0.01	2.34	0.44	-0.0	-0.0	-14.16					1	0.0	0.0	-1.15	0.0	0.0	-0.25	-1.15	0.0	0.0	74.47					0.04	0.04	-0.9	0.03	0.03	-0.36	-0.9	0.0	0.0	12.25					0.04	0.04	0.24	0.03	0.03	0.06	0.24	0.0	0.0	12.25					-0.040000000000000036	-0.040000000000000036	2.8099999999999934	-0.025641025641025772	-0.02531780798429	1.7562500000000014	2.8099999999999934	0.0023480718207416285	0.002303560248656522	24.628510729530717				
2024-05-10 07:00:00	68000	1.83	1.61	1.61	1.83	1.79	CFV.MI	1.0	1.14	1.0	1.14	1.5	0.81	1.0	1.0	-1.0	0	-1.0	-1.0	1.0	-1.0	-1.0	1.0									-1.0			2.34										-1.0			4.63	0.23	0.23	0.67	0.14	0.13	0.13	2.34	0.67	-0.0	-0.0	-1.91					1	0.0	0.0	-1.15	0.0	0.0	-0.25	-1.15	0.0	0.0	81.37					0.23	0.23	-0.67	0.14	0.13	-0.27	-0.67	0.0	0.0	16.93					0.23	0.23	0.47	0.14	0.13	0.22	0.47	0.0	0.0	16.93					-0.22999999999999998	-0.22999999999999998	2.5799999999999934	-0.14375000000000004	-0.13431233760759406	1.4098360655737716	2.5799999999999934	0.0019225010224518417	0.0018725613946828368	18.076668642959547				
2024-05-13 07:00:00	40000	1.88	1.75	1.83	1.75	1.71	CFV.MI	1.13	1.16	1.08	1.08	1.5	0.81	1.0	1.0	-1.0	0	-1.0	-1.0	1.0	-1.0	-1.0	1.0	1.88		1.88						-1.0			2.34	1.16									-1.0			4.63	-0.08	-0.08	0.59	-0.04	-0.04	0.08	2.34	0.59	-0.0	-0.0	-1.95					1	-0.0	-0.0	-1.15	-0.0	-0.0	-0.25	-1.15	0.0	0.0	93.76					-0.08	-0.08	-0.75	-0.04	-0.04	-0.3	-0.75	0.0	0.0	10.77					-0.08	-0.08	0.39	-0.04	-0.04	0.16	0.39	0.0	0.0	10.77					0.08000000000000007	0.08000000000000007	2.6599999999999935	0.04371584699453557	0.04470017891790694	1.5200000000000014	2.6599999999999935	0.0025724396976640677	0.0025230453920050966	24.053634738010352				
2024-05-14 07:00:00	8000	1.8	1.76	1.76	1.8	1.76	CFV.MI	1.08	1.1	1.08	1.1	1.5	0.81	1.0	1.0	-1.0	0	-1.0	-1.0	1.0	-1.0	-1.0	1.0									-1.0			2.34										-1.0			4.63	0.05	0.05	0.64	0.03	0.03	0.11	2.34	0.64	0.0	0.0	1.84					1	0.0	0.0	-1.15	0.0	0.0	-0.25	-1.15	0.0	0.0	93.76					0.05	0.05	-0.7	0.03	0.03	-0.28	-0.7	0.0	0.0	11.65					0.05	0.05	0.44	0.03	0.03	0.2	0.44	0.0	0.0	11.65					-0.050000000000000044	-0.050000000000000044	2.609999999999993	-0.028571428571428692	-0.02817087696669644	1.450000000000001	2.609999999999993	0.002492909106458936	0.0024424483798966	22.83719863982914				
2024-05-15 07:00:00	10000	1.8	1.75	1.8	1.79	1.75	CFV.MI	1.1	1.1	1.07	1.09	1.5	0.81	1.0	1.0	-1.0	0	-1.0	-1.0	1.0	-1.0	-1.0	1.0									-1.0			2.34										-1.0			4.63	-0.01	-0.01	0.63	-0.01	-0.01	0.11	2.34	0.63	0.0	0.0	2.1					1	-0.0	-0.0	-1.15	-0.0	-0.0	-0.25	-1.15	0.0	0.0	93.76					-0.01	-0.01	-0.71	-0.01	-0.01	-0.28	-0.71	0.0	0.0	8.96					-0.01	-0.01	0.43	-0.01	-0.01	0.19	0.43	0.0	0.0	8.96					0.010000000000000009	0.010000000000000009	2.619999999999993	0.005555555555555536	0.00557104504945536	1.4636871508379898	2.619999999999993	0.002780430512044655	0.0027309141591527197	25.61366274841641				
2024-05-16 07:00:00	11000	1.82	1.75	1.8	1.78	1.74	CFV.MI	1.1	1.11	1.07	1.08	1.5	0.81	1.0	1.0	-1.0	0	-1.0	-1.0	1.0	-1.0	-1.0	1.0									-1.0			2.34										-1.0			4.63	-0.01	-0.01	0.62	-0.01	-0.01	0.1	2.16	0.62	-0.0	-0.0	-1.1					1	-0.0	-0.0	-1.15	-0.0	-0.0	-0.25	-1.15	0.0	0.0	93.76					-0.01	-0.01	-0.72	-0.01	-0.01	-0.29	-0.72	0.0	0.0	9.62					-0.01	-0.01	0.42	-0.01	-0.01	0.18	0.42	0.0	0.0	9.62					0.010000000000000009	0.010000000000000009	2.629999999999993	0.005586592178770999	0.005602255548669898	1.4775280898876417	2.629999999999993	0.0026990171732593914	0.00265009122318971	25.176582631184154				
2024-05-17 07:00:00	12000	1.78	1.71	1.74	1.77	1.73	CFV.MI	1.06	1.08	1.04	1.08	1.5	0.81	1.0	1.0	-1.0	0	-1.0	-1.0	1.0	-1.0	-1.0	1.0		1.71							-1.0			2.34		1.04								-1.0			4.63	-0.01	-0.01	0.61	-0.01	-0.01	0.09	2.0	0.61	-0.0	-0.0	-3.31					1	-0.0	-0.0	-1.15	-0.0	-0.0	-0.25	-1.15	0.0	0.0	93.76					-0.01	-0.01	-0.73	-0.01	-0.01	-0.29	-0.73	0.0	0.0	7.39					-0.01	-0.01	0.41	-0.01	-0.01	0.18	0.41	0.0	0.0	7.39					0.010000000000000009	0.010000000000000009	2.6399999999999926	0.005617977528089901	0.00563381771825602	1.491525423728815	2.6399999999999926	0.0027356369884280565	0.0026864459085558234	25.37453541989572				
2024-05-20 07:00:00	58000	1.92	1.8	1.8	1.84	1.8	CFV.MI	1.11	1.19	1.11	1.14	1.5	0.81	1.0	1.0	-1.0	0	-1.0	-1.0	1.0	-1.0	-1.0	1.0									-1.0			2.34										-1.0			4.63	0.07	0.07	0.68	0.04	0.04	0.14	1.94	0.68	-0.0	-0.0	-1.15					1	0.0	0.0	-1.15	0.0	0.0	-0.25	-1.15	0.0	0.0	93.76					0.07	0.07	-0.66	0.04	0.04	-0.26	-0.66	0.0	0.0	8.94					0.07	0.07	0.48	0.04	0.04	0.22	0.48	0.0	0.0	8.94					-0.07000000000000006	-0.07000000000000006	2.5699999999999923	-0.039548022598870025	-0.03878602503515645	1.3967391304347836	2.5699999999999923	0.0023882037308230793	0.0023365011120102253	21.381985255245098				
2024-05-21 07:00:00	8000	1.87	1.84	1.84	1.87	1.83	CFV.MI	1.15	1.17	1.15	1.17	1.5	0.81	1.0	1.0	-1.0	0	-1.0	-1.0	1.0	1.0	-1.0	-1.0	1.87								-1.0			2.34	1.17		1.17							-1.0			4.63	0.03	0.03	0.71	0.02	0.02	0.16	1.92	0.71	-0.0	-0.0	-1.95					1	0.0	0.0	-1.15	0.0	0.0	-0.25	-1.15	0.0	0.0	93.76					0.03	0.03	-0.63	0.02	0.02	-0.25	-0.63	0.0	0.0	13.13					0.03	0.03	0.51	0.02	0.02	0.24	0.51	0.0	0.0	13.13					-0.030000000000000027	-0.030000000000000027	2.539999999999992	-0.016304347826086918	-0.016172859245600968	1.358288770053477	2.539999999999992	0.0019216199603274342	0.0018700316319471	17.50017744616339				
2024-05-22 07:00:00	9000	1.85	1.81	1.85	1.81	1.77	CFV.MI	1.16	1.16	1.13	1.13	1.5	0.81	1.0	1.0	-1.0	0	-1.0	-1.0	1.0	1.0	-1.0	-1.0									-1.0			2.34										-1.0			4.63	-0.06	-0.06	0.65	-0.03	-0.03	0.12	1.92	0.65	-0.0	-0.0	-2.71					1	-0.0	-0.0	-1.15	-0.0	-0.0	-0.25	-1.15	0.0	0.0	93.76					-0.06	-0.06	-0.69	-0.03	-0.03	-0.27	-0.69	0.0	0.0	9.0					0.06	0.06	0.57	0.03	0.03	0.28	0.57	0.0	0.0	13.85					0.06000000000000005	0.06000000000000005	2.599999999999992	0.03208556149732622	0.03261158558876089	1.4364640883977913	2.599999999999992	0.002385537927392831	0.0023335743399865994	21.253033378275568				
2024-05-23 07:00:00	14000	1.8	1.76	1.8	1.78	1.74	CFV.MI	1.13	1.13	1.1	1.11	1.5	0.81	1.0	1.0	-1.0	0	-1.0	-1.0	1.0	1.0	-1.0	-1.0									-1.0			2.34										-1.0			4.63	-0.03	-0.03	0.62	-0.02	-0.02	0.1	1.92	0.62	-0.0	-0.0	-5.6					1	-0.0	-0.0	-1.15	-0.0	-0.0	-0.25	-1.15	0.0	0.0	93.76					-0.03	-0.03	-0.72	-0.02	-0.02	-0.29	-0.72	0.0	0.0	8.46					0.03	0.03	0.6	0.02	0.02	0.3	0.6	0.0	0.0	16.68					0.030000000000000027	0.030000000000000027	2.629999999999992	0.016574585635359185	0.016713480973740667	1.4775280898876417	2.629999999999992	0.0024526286872207015	0.002400152937389377	21.624634238274147				
2024-05-24 07:00:00	7000	1.77	1.74	1.77	1.76	1.72	CFV.MI	1.11	1.11	1.09	1.1	1.5	0.81	1.0	1.0	-1.0	0	-1.0	-1.0	1.0	1.0	-1.0	-1.0									-1.0			2.34										-1.0			4.63	-0.02	-0.02	0.6	-0.01	-0.01	0.09	1.92	0.6	-0.0	-0.0	-5.56					1	-0.0	-0.0	-1.15	-0.0	-0.0	-0.25	-1.15	0.0	0.0	93.76					-0.02	-0.02	-0.74	-0.01	-0.01	-0.29	-0.74	0.0	0.0	5.53					0.02	0.02	0.62	0.01	0.01	0.32	0.62	0.0	0.0	16.65					0.020000000000000018	0.020000000000000018	2.649999999999992	0.011235955056179803	0.011299555253933394	1.5056818181818197	2.649999999999992	0.0027828172851170722	0.0027310590873081964	24.537466927050993				
2024-05-27 07:00:00	8000	1.79	1.75	1.78	1.75	1.71	CFV.MI	1.1	1.11	1.09	1.09	1.5	0.81	1.0	1.0	-1.0	0	-1.0	-1.0	1.0	1.0	-1.0	-1.0									-1.0			2.34										-1.0			4.63	-0.01	-0.01	0.59	-0.01	-0.01	0.08	1.92	0.59	-0.0	-0.0	-8.44					1	-0.0	-0.0	-1.15	-0.0	-0.0	-0.25	-1.15	0.0	0.0	93.76					-0.01	-0.01	-0.75	-0.01	-0.01	-0.3	-0.75	0.0	0.0	5.86					0.01	0.01	0.63	0.01	0.01	0.33	0.63	0.0	0.0	19.47					0.010000000000000009	0.010000000000000009	2.659999999999992	0.005681818181818232	0.005698021114637779	1.5200000000000018	2.659999999999992	0.0027391080423715963	0.0026876743547823434	24.31166516742364				
2024-05-28 07:00:00	0	1.75	1.75	1.75	1.75	1.71	CFV.MI	1.09	1.09	1.09	1.09	1.5	0.81	1.0	1.0	-1.0	0	-1.0	-1.0	1.0	1.0	-1.0	-1.0									-1.0			2.34		1.09								-1.0			4.63	0.0	0.0	0.59	0.0	0.0	0.08	1.92	0.59	-0.0	-0.0	-6.04					1	0.0	0.0	-1.15	0.0	0.0	-0.25	-1.15	0.0	0.0	93.76					0.0	0.0	-0.75	0.0	0.0	-0.3	-0.75	0.0	0.0	5.36					-0.0	-0.0	0.63	-0.0	-0.0	0.33	0.63	0.0	0.0	19.06					-0.0	-0.0	2.659999999999992	-0.0	-0.0	1.5200000000000018	2.659999999999992	0.002993822532754693	0.002943681098123818	26.87397052738318				
2024-05-29 07:00:00	0	1.75	1.75	1.75	1.75	1.71	CFV.MI	1.11	1.11	1.11	1.11	1.5	0.81	1.0	1.0	-1.0	0	-1.0	-1.0	1.0	1.0	-1.0	-1.0									-1.0			2.34	1.11									-1.0			4.63	0.0	0.0	0.59	0.0	0.0	0.08	1.92	0.59	-0.0	-0.0	-6.04					1	0.0	0.0	-1.15	0.0	0.0	-0.25	-1.15	0.0	0.0	93.76					0.0	0.0	-0.75	0.0	0.0	-0.3	-0.75	0.0	0.0	5.36					-0.0	-0.0	0.63	-0.0	-0.0	0.33	0.63	0.0	0.0	19.06					-0.0	-0.0	2.659999999999992	-0.0	-0.0	1.5200000000000018	2.659999999999992	0.002993822532754693	0.002943681098123818	26.87397052738318				
2024-05-30 07:00:00	8000	1.73	1.7	1.73	1.73	1.69	CFV.MI	1.08	1.08	1.06	1.08	1.5	0.81	1.0	1.0	-1.0	0	-1.0	-1.0	1.0	1.0	-1.0	-1.0		1.7		1.7					-1.0			2.34		1.06								-1.0			4.63	-0.02	-0.02	0.57	-0.01	-0.01	0.07	1.92	0.57	-0.0	-0.0	-9.16					1	-0.0	-0.0	-1.15	-0.0	-0.0	-0.25	-1.15	0.0	0.0	93.76					-0.02	-0.02	-0.77	-0.01	-0.01	-0.31	-0.77	0.0	0.0	5.41					0.02	0.02	0.65	0.01	0.01	0.34	0.65	0.0	0.0	22.12					0.020000000000000018	0.020000000000000018	2.679999999999992	0.011428571428571455	0.011494379425735134	1.5491329479768807	2.679999999999992	0.002987696804974067	0.0029375992167808285	26.84346708618785				
2024-05-31 07:00:00	0	1.73	1.73	1.73	1.73	1.69	CFV.MI	1.08	1.08	1.08	1.08	1.5	0.81	1.0	1.0	-1.0	0	-1.0	-1.0	1.0	1.0	-1.0	-1.0	1.73								-1.0			2.34	1.08			1.08						-1.0			4.63	0.0	0.0	0.57	0.0	0.0	0.07	1.92	0.57	-0.0	-0.0	-9.95					1	0.0	0.0	-1.15	0.0	0.0	-0.25	-1.15	0.0	0.0	93.76					0.0	0.0	-0.77	0.0	0.0	-0.31	-0.77	0.0	0.0	7.94					-0.0	-0.0	0.65	-0.0	-0.0	0.34	0.65	0.0	0.0	24.87					-0.0	-0.0	2.679999999999992	-0.0	-0.0	1.5491329479768807	2.679999999999992	0.0029046768424087913	0.0028551716167914964	26.42450290398508				
2024-06-03 07:00:00	3000	1.72	1.71	1.72	1.71	1.67	CFV.MI	1.07	1.07	1.06	1.06	1.5	0.81	1.0	1.0	-1.0	0	-1.0	-1.0	1.0	1.0	-1.0	-1.0									-1.0			2.34		1.06								-1.0			4.63	-0.02	-0.02	0.55	-0.01	-0.01	0.06	1.92	0.55	-0.0	-0.0	-12.33					1	-0.0	-0.0	-1.15	-0.0	-0.0	-0.25	-1.15	0.0	0.0	93.76					-0.02	-0.02	-0.79	-0.01	-0.01	-0.31	-0.79	0.0	0.0	5.45					0.02	0.02	0.67	0.01	0.01	0.36	0.67	0.0	0.0	25.23					0.020000000000000018	0.020000000000000018	2.699999999999992	0.011560693641618491	0.011628037995119099	1.5789473684210549	2.699999999999992	0.0029814218931765767	0.002931369199544065	26.81216297344875				
2024-06-04 07:00:00	1000	1.71	1.71	1.71	1.71	1.67	CFV.MI	1.08	1.08	1.08	1.08	1.5	0.81	1.0	1.0	-1.0	0	-1.0	-1.0	1.0	1.0	-1.0	-1.0		1.71							-1.0			2.34	1.08									-1.0			4.63	0.0	0.0	0.55	0.0	0.0	0.06	1.92	0.55	-0.0	-0.0	-13.18					1	0.0	0.0	-1.15	0.0	0.0	-0.25	-1.15	0.0	0.0	93.76					0.0	0.0	-0.79	0.0	0.0	-0.31	-0.79	0.0	0.0	8.0					-0.0	-0.0	0.67	-0.0	-0.0	0.36	0.67	0.0	0.0	28.02					-0.0	-0.0	2.699999999999992	-0.0	-0.0	1.5789473684210549	2.699999999999992	0.0028973443230455396	0.0028478912485514485	26.386993919821165				
2024-06-05 07:00:00	0	1.71	1.71	1.71	1.71	1.67	CFV.MI	1.07	1.07	1.07	1.07	1.5	0.81	1.0	1.0	-1.0	0	-1.0	-1.0	1.0	1.0	-1.0	-1.0									-1.0			2.34		1.07								-1.0			4.63	0.0	0.0	0.55	0.0	0.0	0.06	1.92	0.55	-0.0	-0.0	-10.96					1	0.0	0.0	-1.15	0.0	0.0	-0.25	-1.15	0.0	0.0	93.76					0.0	0.0	-0.79	0.0	0.0	-0.31	-0.79	0.0	0.0	7.74					-0.0	-0.0	0.67	-0.0	-0.0	0.36	0.67	0.0	0.0	27.83					-0.0	-0.0	2.699999999999992	-0.0	-0.0	1.5789473684210549	2.699999999999992	0.003128204536103431	0.003079773445794798	28.65676719787328				
2024-06-06 07:00:00	19000	1.81	1.72	1.72	1.76	1.72	CFV.MI	1.06	1.12	1.06	1.09	1.5	0.81	1.0	1.0	-1.0	0	-1.0	-1.0	1.0	1.0	-1.0	-1.0	1.81		1.81						-1.0			2.34	1.12		1.12							-1.0			4.63	0.05	0.05	0.6	0.03	0.03	0.09	1.92	0.6	-0.0	-0.0	-10.76					1	0.0	0.0	-1.15	0.0	0.0	-0.25	-1.15	0.0	0.0	91.85					0.05	0.05	-0.74	0.03	0.03	-0.29	-0.74	0.0	0.0	12.17					-0.05	-0.05	0.62	-0.03	-0.03	0.32	0.62	0.0	0.0	27.62					-0.050000000000000044	-0.050000000000000044	2.6499999999999924	-0.029239766081871288	-0.028820438535491884	1.5056818181818206	2.6499999999999924	0.0026507481114519302	0.0026014423238551743	24.281268778279745				
2024-06-07 07:00:00	18000	1.75	1.68	1.75	1.69	1.65	CFV.MI	1.09	1.09	1.05	1.05	1.5	0.81	1.0	1.0	-1.0	0	-1.0	-1.0	1.0	1.0	-1.0	-1.0									-1.0			2.34		1.05								-1.0			4.63	-0.07	-0.07	0.53	-0.04	-0.04	0.05	1.92	0.53	-0.0	-0.0	-15.44					1	-0.0	-0.0	-1.15	-0.0	-0.0	-0.25	-1.15	0.0	0.0	90.25					-0.07	-0.07	-0.81	-0.04	-0.04	-0.32	-0.81	0.0	0.0	11.04					0.07	0.07	0.69	0.04	0.04	0.37	0.69	0.0	0.0	32.14					0.07000000000000006	0.07000000000000006	2.7199999999999926	0.03977272727272729	0.04058528011507833	1.6094674556213042	2.7199999999999926	0.0027879136200566605	0.0027376290898235567	25.005889290058526				
2024-06-10 07:00:00	1000	1.69	1.69	1.69	1.69	1.65	CFV.MI	1.06	1.06	1.06	1.06	1.5	0.81	1.0	1.0	-1.0	0	-1.0	-1.0	1.0	1.0	-1.0	-1.0									-1.0			2.34										-1.0			4.63	0.0	0.0	0.53	0.0	0.0	0.05	1.92	0.53	-0.0	-0.0	-16.4					1	0.0	0.0	-1.15	0.0	0.0	-0.25	-1.15	0.0	0.0	89.09					0.0	0.0	-0.81	0.0	0.0	-0.32	-0.81	0.0	0.0	13.67					-0.0	-0.0	0.69	-0.0	-0.0	0.37	0.69	0.0	0.0	35.1					-0.0	-0.0	2.7199999999999926	-0.0	-0.0	1.6094674556213042	2.7199999999999926	0.0026993216858645325	0.002649670391933645	24.541372751419097				
2024-06-11 07:00:00	4000	1.7	1.67	1.67	1.7	1.66	CFV.MI	1.06	1.08	1.06	1.08	1.5	0.81	1.0	1.0	-1.0	0	-1.0	-1.0	1.0	1.0	-1.0	-1.0									-1.0			2.34	1.08									-1.0			4.63	0.01	0.01	0.54	0.01	0.01	0.05	1.92	0.54	-0.0	-0.0	-16.97					1	0.0	0.0	-1.15	0.0	0.0	-0.25	-1.15	0.0	0.0	87.85					0.01	0.01	-0.8	0.01	0.01	-0.32	-0.8	0.0	0.0	16.58					-0.01	-0.01	0.68	-0.01	-0.01	0.37	0.68	0.0	0.0	35.69					-0.010000000000000009	-0.010000000000000009	2.709999999999993	-0.00591715976331364	-0.005899722127188322	1.5941176470588259	2.709999999999993	0.0023800638018281065	0.002330093864626459	21.826749420864935				
2024-06-12 07:00:00	8000	1.71	1.66	1.71	1.66	1.62	CFV.MI	1.07	1.07	1.04	1.04	1.5	0.81	1.0	1.0	-1.0	0	-1.0	-1.0	1.0	1.0	-1.0	-1.0									-1.0			2.34		1.04								-1.0			4.63	-0.04	-0.04	0.5	-0.02	-0.02	0.03	1.92	0.5	-0.0	-0.0	-19.73					1	-0.0	-0.0	-1.15	-0.0	-0.0	-0.25	-1.15	0.0	0.0	87.85					-0.04	-0.04	-0.84	-0.02	-0.02	-0.33	-0.84	0.0	0.0	13.33					0.04	0.04	0.72	0.02	0.02	0.4	0.72	0.0	0.0	36.32					0.040000000000000036	0.040000000000000036	2.749999999999993	0.02352941176470591	0.02381064869371856	1.6566265060240988	2.749999999999993	0.0025348330183372764	0.002483725677450588	22.689643810593928				
2024-06-13 07:00:00	2000	1.66	1.66	1.66	1.66	1.62	CFV.MI	1.07	1.07	1.07	1.07	1.5	0.81	1.0	1.0	-1.0	0	-1.0	-1.0	1.0	1.0	-1.0	-1.0		1.66							-1.0			2.34										-1.0			4.63	0.0	0.0	0.5	0.0	0.0	0.03	1.92	0.5	-0.0	-0.0	-21.34					1	0.0	0.0	-1.15	0.0	0.0	-0.25	-1.15	0.0	0.0	85.82					0.0	0.0	-0.84	0.0	0.0	-0.33	-0.84	0.0	0.0	16.4					-0.0	-0.0	0.72	-0.0	-0.0	0.4	0.72	0.0	0.0	39.96					-0.0	-0.0	2.749999999999993	-0.0	-0.0	1.6566265060240988	2.749999999999993	0.002399880073922487	0.002349765214108901	21.93958748146415				
2024-06-14 07:00:00	2000	1.67	1.66	1.66	1.67	1.63	CFV.MI	1.1	1.1	1.1	1.1	1.5	0.81	1.0	1.0	-1.0	0	-1.0	-1.0	1.0	1.0	-1.0	-1.0									-1.0			2.34	1.1									-1.0			4.63	0.01	0.01	0.51	0.01	0.01	0.03	1.92	0.51	-0.0	-0.0	-20.86					1	0.0	0.0	-1.15	0.0	0.0	-0.25	-1.15	0.0	0.0	85.82					0.01	0.01	-0.83	0.01	0.01	-0.33	-0.83	0.0	0.0	16.62					-0.01	-0.01	0.71	-0.01	-0.01	0.39	0.71	0.0	0.0	37.5					-0.010000000000000009	-0.010000000000000009	2.739999999999993	-0.006024096385542244	-0.006006024060211949	1.6407185628742535	2.739999999999993	0.002168551996345346	0.0021175090604574898	19.719344197775044				
2024-06-17 07:00:00	0	1.67	1.67	1.67	1.67	1.63	CFV.MI	1.09	1.09	1.09	1.09	1.5	0.81	1.0	1.0	-1.0	0	-1.0	-1.0	1.0	1.0	-1.0	-1.0	1.67								-1.0			2.34										-1.0			4.63	0.0	0.0	0.51	0.0	0.0	0.03	1.87	0.51	-0.0	-0.0	-21.42					1	0.0	0.0	-1.15	0.0	0.0	-0.25	-1.15	0.0	0.0	85.09					0.0	0.0	-0.83	0.0	0.0	-0.33	-0.83	0.0	0.0	18.95					-0.0	-0.0	0.71	-0.0	-0.0	0.39	0.71	0.0	0.0	40.05					-0.0	-0.0	2.739999999999993	-0.0	-0.0	1.6407185628742535	2.739999999999993	0.002123639531330007	0.0020729350629113963	19.451089494692553				
2024-06-18 07:00:00	0	1.67	1.67	1.67	1.67	1.63	CFV.MI	1.08	1.08	1.08	1.08	1.5	0.81	1.0	1.0	-1.0	0	-1.0	-1.0	1.0	1.0	-1.0	-1.0									-1.0			2.34										-1.0			4.63	0.0	0.0	0.51	0.0	0.0	0.03	1.85	0.51	-0.0	-0.0	-18.28					1	0.0	0.0	-1.15	0.0	0.0	-0.25	-1.15	0.0	0.0	97.24					0.0	0.0	-0.83	0.0	0.0	-0.33	-0.83	0.0	0.0	17.71					-0.0	-0.0	0.71	-0.0	-0.0	0.39	0.71	0.0	0.0	39.15					-0.0	-0.0	2.739999999999993	-0.0	-0.0	1.6407185628742535	2.739999999999993	0.0024543641195517063	0.002405943274060185	23.1910730311126				
2024-06-19 07:00:00	13000	1.63	1.61	1.63	1.62	1.58	CFV.MI	1.06	1.06	1.05	1.05	1.5	0.81	1.0	1.0	-1.0	0	-1.0	-1.0	1.0	1.0	-1.0	-1.0									-1.0			2.34										-1.0			4.63	-0.05	-0.05	0.46	-0.03	-0.03	0.0	1.81	0.46	-0.0	-0.0	-21.84					1	-0.0	-0.0	-1.15	-0.0	-0.0	-0.25	-1.15	0.0	0.0	96.54					-0.05	-0.05	-0.88	-0.03	-0.03	-0.35	-0.88	0.0	0.0	16.34					0.05	0.05	0.76	0.03	0.03	0.43	0.76	0.0	0.0	42.51					0.04999999999999982	0.04999999999999982	2.789999999999993	0.029940119760478945	0.03039747718437093	1.722222222222224	2.789999999999993	0.002607578948292518	0.002558049673100582	24.052451369304286				
2024-06-20 07:00:00	0	1.62	1.62	1.62	1.62	1.58	CFV.MI	1.04	1.04	1.04	1.04	1.5	0.81	1.0	1.0	-1.0	0	-1.0	-1.0	1.0	1.0	-1.0	-1.0		1.62							-1.0			2.34		1.04								-1.0			4.63	0.0	0.0	0.46	0.0	0.0	0.0	1.81	0.46	-0.0	-0.0	-23.58					1	0.0	0.0	-1.15	0.0	0.0	-0.25	-1.15	0.0	0.0	94.27					0.0	0.0	-0.88	0.0	0.0	-0.35	-0.88	0.0	0.0	19.49					-0.0	-0.0	0.76	-0.0	-0.0	0.43	0.76	0.0	0.0	46.36					-0.0	-0.0	2.789999999999993	-0.0	-0.0	1.722222222222224	2.789999999999993	0.0024726260038777296	0.00242407369549813	23.295939986916245				
2024-06-21 07:00:00	3000	1.63	1.62	1.63	1.62	1.58	CFV.MI	1.06	1.06	1.05	1.05	1.5	0.81	1.0	1.0	-1.0	0	-1.0	-1.0	1.0	1.0	-1.0	-1.0									-1.0			2.34	1.06									-1.0			4.63	0.0	0.0	0.46	0.0	0.0	0.0	1.81	0.46	-0.0	-0.0	-20.82					1	0.0	0.0	-1.15	0.0	0.0	-0.25	-1.15	0.0	0.0	103.96					0.0	0.0	-0.88	0.0	0.0	-0.35	-0.88	0.0	0.0	18.73					-0.0	-0.0	0.76	-0.0	-0.0	0.43	0.76	0.0	0.0	45.85					-0.0	-0.0	2.789999999999993	-0.0	-0.0	1.722222222222224	2.789999999999993	0.00274964241005173	0.002702712397253837	26.406779104190143				
2024-06-24 07:00:00	1000	1.63	1.63	1.63	1.63	1.59	CFV.MI	1.04	1.04	1.04	1.04	1.5	0.81	1.0	1.0	-1.0	0	-1.0	-1.0	1.0	1.0	-1.0	-1.0									-1.0			2.34		1.04								-1.0			4.63	0.01	0.01	0.47	0.01	0.01	0.01	1.81	0.47	-0.0	-0.0	-17.98					1	0.0	0.0	-1.15	0.0	0.0	-0.25	-1.15	0.0	0.0	110.12					0.01	0.01	-0.87	0.01	0.01	-0.35	-0.87	0.0	0.0	18.71					-0.01	-0.01	0.75	-0.01	-0.01	0.42	0.75	0.0	0.0	43.09					-0.009999999999999787	-0.009999999999999787	2.779999999999993	-0.006172839506172645	-0.006153865574378066	1.7055214723926406	2.779999999999993	0.002751927548338204	0.002705028576262203	26.445278110563578				
2024-06-25 07:00:00	0	1.63	1.63	1.63	1.63	1.59	CFV.MI	1.04	1.04	1.04	1.04	1.5	0.81	1.0	1.0	-1.0	0	-1.0	-1.0	1.0	1.0	-1.0	-1.0									-1.0			2.34										-1.0			4.63	0.0	0.0	0.47	0.0	0.0	0.01	1.81	0.47	-0.0	-0.0	-19.11					1	0.0	0.0	-1.15	0.0	0.0	-0.25	-1.15	0.0	0.0	108.66					0.0	0.0	-0.87	0.0	0.0	-0.35	-0.87	0.0	0.0	21.53					-0.0	-0.0	0.75	-0.0	-0.0	0.42	0.75	0.0	0.0	46.38					-0.0	-0.0	2.779999999999993	-0.0	-0.0	1.7055214723926406	2.779999999999993	0.0026615151755743343	0.0026152402685750697	25.942912579831102				
2024-06-26 07:00:00	3000	1.64	1.61	1.61	1.64	1.6	CFV.MI	1.04	1.05	1.04	1.05	1.5	0.81	1.0	1.0	-1.0	0	-1.0	-1.0	1.0	1.0	-1.0	-1.0									-1.0			2.34										-1.0			4.63	0.01	0.01	0.48	0.01	0.01	0.01	1.81	0.48	-0.0	-0.0	-16.24					1	0.0	0.0	-1.15	0.0	0.0	-0.25	-1.15	0.0	0.0	115.02					0.01	0.01	-0.86	0.01	0.01	-0.34	-0.86	0.0	0.0	21.5					-0.01	-0.01	0.74	-0.01	-0.01	0.42	0.74	0.0	0.0	43.6					-0.010000000000000009	-0.010000000000000009	2.7699999999999934	-0.006134969325153339	-0.006116227017436054	1.689024390243905	2.7699999999999934	0.002664087793293442	0.0026178475861384776	25.986312662831907				
2024-06-27 07:00:00	0	1.64	1.64	1.64	1.64	1.6	CFV.MI	1.07	1.07	1.07	1.07	1.5	0.81	1.0	1.0	-1.0	0	-1.0	-1.0	1.0	1.0	-1.0	-1.0	1.64								-1.0			2.34	1.07									-1.0			4.63	0.0	0.0	0.48	0.0	0.0	0.01	1.81	0.48	-0.0	-0.0	-17.38					1	0.0	0.0	-1.15	0.0	0.0	-0.25	-1.15	0.0	0.0	113.54					0.0	0.0	-0.86	0.0	0.0	-0.34	-0.86	0.0	0.0	24.38					-0.0	-0.0	0.74	-0.0	-0.0	0.42	0.74	0.0	0.0	46.94					-0.0	-0.0	2.7699999999999934	-0.0	-0.0	1.689024390243905	2.7699999999999934	0.0025730518672200256	0.002527435608623785	25.465723909006705				
2024-06-28 07:00:00	0	1.64	1.64	1.64	1.64	1.6	CFV.MI	1.07	1.07	1.07	1.07	1.5	0.81	1.0	1.0	-1.0	0	-1.0	-1.0	1.0	1.0	-1.0	-1.0									-1.0			2.34										-1.0			4.63	0.0	0.0	0.48	0.0	0.0	0.01	1.81	0.48	-0.0	-0.0	-17.38					1	0.0	0.0	-1.15	0.0	0.0	-0.25	-1.15	0.0	0.0	113.54					0.0	0.0	-0.86	0.0	0.0	-0.34	-0.86	0.0	0.0	24.38					-0.0	-0.0	0.74	-0.0	-0.0	0.42	0.74	0.0	0.0	46.94					-0.0	-0.0	2.7699999999999934	-0.0	-0.0	1.689024390243905	2.7699999999999934	0.0025730518672200256	0.002527435608623785	25.465723909006705				
2024-07-01 07:00:00	4000	1.62	1.59	1.62	1.6	1.56	CFV.MI	1.04	1.04	1.02	1.02	1.5	0.81	1.0	1.0	-1.0	0	-1.0	-1.0	1.0	1.0	-1.0	-1.0		1.59		1.59		1.59			-1.0			1.59		1.02		1.02		1.02				-1.0			1.02	-0.04	-0.04	0.44	-0.02	-0.02	-0.01	1.81	0.44	-0.0	-0.0	-20.34					1	-0.0	-0.0	-1.15	-0.0	-0.0	-0.25	-1.15	0.0	0.0	113.54					-0.04	-0.04	-0.9	-0.02	-0.02	-0.36	-0.9	0.0	0.0	20.81					0.04	0.04	0.78	0.02	0.02	0.45	0.78	0.0	0.0	47.56					0.039999999999999813	0.039999999999999813	2.8099999999999934	0.024390243902438935	0.02469261259037141	1.7562500000000023	2.8099999999999934	0.002736023110316478	0.002689286897193499	26.387169868974397				
2024-07-02 07:00:00	0	1.6	1.6	1.6	1.6	1.56	CFV.MI	1.03	1.03	1.03	1.03	1.5	0.81	1.0	1.0	-1.0	0	-1.0	-1.0	1.0	1.0	-1.0	-1.0									-1.0			1.59										-1.0			1.02	0.0	0.0	0.44	0.0	0.0	-0.01	1.81	0.44	-0.0	-0.0	-22.2					1	0.0	0.0	-1.15	0.0	0.0	-0.25	-1.15	0.0	0.0	111.05					0.0	0.0	-0.9	0.0	0.0	-0.36	-0.9	0.0	0.0	24.14					-0.0	-0.0	0.78	-0.0	-0.0	0.45	0.78	0.01	0.0	51.71					-0.0	-0.0	2.8099999999999934	-0.0	-0.0	1.7562500000000023	2.8099999999999934	0.0025970706096107837	0.002551290137539519	25.604549485650764				
2024-07-03 07:00:00	5000	1.64	1.58	1.58	1.64	1.6	CFV.MI	1.01	1.05	1.01	1.05	1.5	0.81	1.0	1.0	-1.0	0	-1.0	-1.0	1.0	1.0	-1.0	-1.0									-1.0			1.59	1.05									-1.0			1.02	0.04	0.04	0.48	0.02	0.02	0.01	1.81	0.48	-0.0	-0.0	-17.66					1	0.0	0.0	-1.15	0.0	0.0	-0.25	-1.15	0.0	0.0	117.81					0.04	0.04	-0.86	0.02	0.02	-0.34	-0.86	0.0	0.0	24.76					-0.04	-0.04	0.74	-0.02	-0.02	0.42	0.74	0.0	0.0	47.03					-0.039999999999999813	-0.039999999999999813	2.7699999999999934	-0.02499999999999991	-0.024692612590371414	1.689024390243905	2.7699999999999934	0.0025371440953620354	0.002490555939812289	24.60923514143567				
2024-07-04 07:00:00	6000	1.66	1.61	1.65	1.66	1.62	CFV.MI	1.04	1.05	1.02	1.05	1.5	0.81	1.0	1.0	-1.0	0	-1.0	-1.0	1.0	1.0	-1.0	-1.0	1.66								-1.0			1.59										-1.0			1.02	0.02	0.02	0.5	0.01	0.01	0.03	1.75	0.5	-0.0	-0.0	-16.67					1	0.0	0.0	-1.15	0.0	0.0	-0.25	-1.15	0.0	0.0	117.81					0.02	0.02	-0.84	0.01	0.01	-0.33	-0.84	0.0	0.0	25.17					-0.02	-0.02	0.72	-0.01	-0.01	0.4	0.72	0.0	0.0	43.87					-0.020000000000000018	-0.020000000000000018	2.7499999999999933	-0.012195121951219523	-0.01212136053234482	1.6566265060240988	2.7499999999999933	0.0022911355243440336	0.0022433397028132074	21.97862765231843				
2024-07-05 07:00:00	2000	1.62	1.62	1.62	1.62	1.58	CFV.MI	1.03	1.03	1.03	1.03	1.5	0.81	1.0	1.0	-1.0	0	-1.0	-1.0	1.0	1.0	-1.0	-1.0		1.62							-1.0			1.59		1.03								-1.0			1.02	-0.04	-0.04	0.46	-0.02	-0.02	0.0	1.71	0.46	-0.0	-0.0	-15.88					1	-0.0	-0.0	-1.15	-0.0	-0.0	-0.25	-1.15	0.0	0.0	139.01					-0.04	-0.04	-0.88	-0.02	-0.02	-0.35	-0.88	0.0	0.0	19.93					0.04	0.04	0.76	0.02	0.02	0.43	0.76	0.0	0.0	43.26					0.039999999999999813	0.039999999999999813	2.789999999999993	0.02409638554216853	0.02439145312415901	1.722222222222224	2.789999999999993	0.0028205205045417877	0.0027744762662587075	27.58106975484995				
2024-07-08 07:00:00	4000	1.67	1.59	1.59	1.67	1.63	CFV.MI	1.01	1.06	1.01	1.06	1.5	0.81	1.0	1.0	-1.0	0	-1.0	-1.0	1.0	1.0	-1.0	-1.0									-1.0			1.59										-1.0			1.02	0.05	0.05	0.51	0.03	0.03	0.03	1.71	0.51	-0.0	-0.0	-11.22					1	0.0	0.0	-1.15	0.0	0.0	-0.25	-1.15	0.0	0.0	139.01					0.05	0.05	-0.83	0.03	0.03	-0.33	-0.83	0.0	0.0	20.8					-0.05	-0.05	0.71	-0.03	-0.03	0.39	0.71	0.0	0.0	38.41					-0.04999999999999982	-0.04999999999999982	2.739999999999993	-0.030864197530864113	-0.030397477184370948	1.6407185628742535	2.739999999999993	0.002739911641827636	0.0026927762944102263	26.203371483930717				
2024-07-09 07:00:00	1000	1.66	1.66	1.66	1.66	1.62	CFV.MI	1.06	1.06	1.06	1.06	1.5	0.81	1.0	1.0	-1.0	0	-1.0	-1.0	1.0	1.0	-1.0	-1.0	1.66								-1.0			1.59	1.06									-1.0			1.02	-0.01	-0.01	0.5	-0.01	-0.01	0.03	1.71	0.5	-0.0	-0.0	-15.59					1	-0.0	-0.0	-1.15	-0.0	-0.0	-0.25	-1.15	0.0	0.0	139.01					-0.01	-0.01	-0.84	-0.01	-0.01	-0.33	-0.84	0.0	0.0	22.13					0.01	0.01	0.72	0.01	0.01	0.4	0.72	0.0	0.0	42.93					0.010000000000000009	0.010000000000000009	2.749999999999993	0.005988023952095856	0.006006024060211922	1.6566265060240988	2.749999999999993	0.002601162162864766	0.002554985243321095	25.427346852835875				
2024-07-10 07:00:00	0	1.66	1.66	1.66	1.66	1.62	CFV.MI	1.04	1.04	1.04	1.04	1.5	0.81	1.0	1.0	-1.0	0	-1.0	-1.0	1.0	1.0	-1.0	-1.0									-1.0			1.59										-1.0			1.02	0.0	0.0	0.5	0.0	0.0	0.03	1.67	0.5	-0.0	-0.0	-16.14					1	0.0	0.0	-1.15	0.0	0.0	-0.25	-1.15	0.0	0.0	139.01					0.0	0.0	-0.84	0.0	0.0	-0.33	-0.84	0.0	0.0	24.56					-0.0	-0.0	0.72	-0.0	-0.0	0.4	0.72	0.0	0.0	45.61					-0.0	-0.0	2.749999999999993	-0.0	-0.0	1.6566265060240988	2.749999999999993	0.0025558011595655365	0.0025099354602107216	25.16613335696399				
2024-07-11 07:00:00	4000	1.69	1.63	1.63	1.64	1.6	CFV.MI	1.02	1.06	1.02	1.03	1.5	0.81	1.0	1.0	-1.0	1	-1.0	-1.0	1.0	1.0	-1.0	-1.0									-1.0			1.59										-1.0			1.02	-0.02	-0.02	0.48	-0.01	-0.01	0.01	1.69	0.48	-0.0	-0.0	-15.39					1	-0.0	-0.0	-1.15	-0.0	-0.0	-0.25	-1.15	0.0	0.0	139.01					-0.02	-0.02	-0.86	-0.01	-0.01	-0.34	-0.86	0.0	0.0	20.52					0.02	0.02	0.74	0.01	0.01	0.42	0.74	0.0	0.0	45.03					0.020000000000000018	0.020000000000000018	2.769999999999993	0.012048192771084376	0.01212136053234485	1.6890243902439046	2.769999999999993	0.002950893857489831	0.0029066796888892465	29.619281316008895				
2024-07-12 07:00:00	5000	1.66	1.6	1.62	1.66	1.62	CFV.MI	1.01	1.04	1.0	1.04	1.5	0.81	1.0	1.0	-1.0	1	-1.0	-1.0	1.0	1.0	-1.0	-1.0		1.6							-1.0			1.59		1.0								-1.0			1.02	0.02	0.02	0.5	0.01	0.01	0.03	1.69	0.5	-0.0	-0.0	-14.95					1	0.02	0.02	-1.13	0.01	0.01	-0.24	-1.13	0.0	0.0	140.3					0.02	0.02	-0.84	0.01	0.01	-0.33	-0.84	0.0	0.0	23.42					-0.02	-0.02	0.72	-0.01	-0.01	0.4	0.72	0.0	0.0	44.53					-0.020000000000000018	-0.020000000000000018	2.749999999999993	-0.012195121951219523	-0.01212136053234482	1.6566265060240988	2.749999999999993	0.0026657074671710985	0.002620587690554732	26.63624577696254				
2024-07-15 07:00:00	0	1.66	1.66	1.66	1.66	1.62	CFV.MI	1.04	1.04	1.04	1.04	1.5	0.81	1.0	1.0	-1.0	1	-1.0	-1.0	1.0	1.0	-1.0	-1.0									-1.0			1.59										-1.0			1.02	0.0	0.0	0.5	0.0	0.0	0.03	1.69	0.5	-0.0	-0.0	-16.05					1	0.0	0.0	-1.13	0.0	0.0	-0.24	-1.13	0.0	0.0	140.3					0.0	0.0	-0.84	0.0	0.0	-0.33	-0.84	0.0	0.0	26.33					-0.0	-0.0	0.72	-0.0	-0.0	0.4	0.72	0.0	0.0	47.87					-0.0	-0.0	2.749999999999993	-0.0	-0.0	1.6566265060240988	2.749999999999993	0.002576516920670728	0.002532001026107844	26.117407987287187				
2024-07-16 07:00:00	4000	1.69	1.66	1.66	1.68	1.64	CFV.MI	1.04	1.06	1.04	1.05	1.5	0.81	1.0	1.0	-1.0	1	-1.0	-1.0	1.0	1.0	-1.0	-1.0	1.69								-1.0			1.59	1.06									-1.0			1.02	0.02	0.02	0.52	0.01	0.01	0.04	1.69	0.52	-0.0	-0.0	-16.78					1	0.02	0.02	-1.11	0.01	0.01	-0.23	-1.11	0.0	0.0	141.5					0.02	0.02	-0.82	0.01	0.01	-0.33	-0.82	0.0	0.0	30.24					-0.02	-0.02	0.7	-0.01	-0.01	0.38	0.7	0.0	0.0	48.71					-0.020000000000000018	-0.020000000000000018	2.729999999999993	-0.012048192771084265	-0.01197619104671562	1.6250000000000022	2.729999999999993	0.0022015565771544548	0.002156812726107127	22.564224613303224				
2024-07-17 07:00:00	1000	1.65	1.65	1.65	1.65	1.61	CFV.MI	1.04	1.04	1.04	1.04	1.5	0.81	1.0	1.0	-1.0	1	-1.0	-1.0	1.0	1.0	-1.0	-1.0									-1.0			1.59										-1.0			1.02	-0.03	-0.03	0.49	-0.02	-0.02	0.02	1.69	0.49	-0.0	-0.0	-17.16					1	-0.03	-0.03	-1.14	-0.02	-0.02	-0.24	-1.14	0.0	0.0	130.34					-0.03	-0.03	-0.85	-0.02	-0.02	-0.34	-0.85	0.0	0.0	26.69					0.03	0.03	0.73	0.02	0.02	0.41	0.73	0.0	0.0	49.0					0.030000000000000027	0.030000000000000027	2.7599999999999927	0.017857142857142905	0.018018505502678365	1.672727272727275	2.7599999999999927	0.0025421622175630662	0.0024975346585311975	25.717952693538315				
2024-07-18 07:00:00	3000	1.66	1.64	1.66	1.64	1.6	CFV.MI	1.04	1.04	1.02	1.02	1.5	0.81	1.0	1.0	-1.0	1	-1.0	-1.0	1.0	1.0	-1.0	-1.0									-1.0			1.59		1.02								-1.0			1.02	-0.01	-0.01	0.48	-0.01	-0.01	0.01	1.69	0.48	-0.0	-0.0	-16.42					1	-0.01	-0.01	-1.15	-0.01	-0.01	-0.25	-1.15	0.0	0.0	123.69					-0.01	-0.01	-0.86	-0.01	-0.01	-0.34	-0.86	0.0	0.0	23.25					0.01	0.01	0.74	0.01	0.01	0.42	0.74	0.0	0.0	48.45					0.010000000000000009	0.010000000000000009	2.7699999999999925	0.0060606060606061	0.006079046076382226	1.689024390243905	2.7699999999999925	0.0028719570905921415	0.002828918427328464	29.625905572156597				
2024-07-19 07:00:00	2000	1.64	1.64	1.64	1.64	1.6	CFV.MI	1.03	1.03	1.03	1.03	1.5	0.81	1.0	1.0	-1.0	1	-1.0	-1.0	1.0	1.0	-1.0	-1.0		1.64							-1.0			1.59										-1.0			1.02	0.0	0.0	0.48	0.0	0.0	0.01	1.69	0.48	-0.0	-0.0	-18.2					1	0.0	0.0	-1.15	0.0	0.0	-0.25	-1.15	0.0	0.0	123.69					0.0	0.0	-0.86	0.0	0.0	-0.34	-0.86	0.0	0.0	26.7					-0.0	-0.0	0.74	-0.0	-0.0	0.42	0.74	0.0	0.0	52.63					-0.0	-0.0	2.7699999999999925	-0.0	-0.0	1.689024390243905	2.7699999999999925	0.0027356812062034204	0.002693522220435174	28.845773862743208				
2024-07-22 07:00:00	2000	1.69	1.67	1.69	1.67	1.63	CFV.MI	1.05	1.05	1.04	1.04	1.5	0.81	1.0	1.0	-1.0	1	-1.0	-1.0	1.0	1.0	-1.0	-1.0	1.69								-1.0			1.59	1.05									-1.0			1.02	0.03	0.03	0.51	0.02	0.02	0.03	1.69	0.51	-0.0	-0.0	-13.66					1	0.03	0.03	-1.12	0.02	0.02	-0.23	-1.12	0.0	0.0	125.6					0.03	0.03	-0.83	0.02	0.02	-0.33	-0.83	0.0	0.0	26.62					-0.03	-0.03	0.71	-0.02	-0.02	0.39	0.71	0.0	0.0	48.12					-0.030000000000000027	-0.030000000000000027	2.739999999999992	-0.018292682926829285	-0.0181273845925567	1.640718562874254	2.739999999999992	0.0027429817950304883	0.0027009188789128835	28.984785069773856				
2024-07-23 07:00:00	3000	1.67	1.63	1.63	1.67	1.63	CFV.MI	1.01	1.04	1.01	1.04	1.5	0.81	1.0	1.0	-1.0	1	-1.0	-1.0	1.0	1.0	-1.0	-1.0		1.63							-1.0			1.59		1.01								-1.0			1.02	0.0	0.0	0.51	0.0	0.0	0.03	1.69	0.51	-0.0	-0.0	-14.82					1	0.0	0.0	-1.12	0.0	0.0	-0.23	-1.12	0.0	0.0	125.6					0.0	0.0	-0.83	0.0	0.0	-0.33	-0.83	0.0	0.0	29.67					-0.0	-0.0	0.71	-0.0	-0.0	0.39	0.71	0.0	0.0	51.61					-0.0	-0.0	2.739999999999992	-0.0	-0.0	1.640718562874254	2.739999999999992	0.002652439876613444	0.0026109557768265734	28.447052671577396				
2024-07-24 07:00:00	1000	1.69	1.69	1.69	1.69	1.65	CFV.MI	1.06	1.06	1.06	1.06	1.5	0.81	1.0	1.0	-1.0	1	-1.0	-1.0	1.0	1.0	-1.0	-1.0									-1.0			1.59										-1.0			1.02	0.02	0.02	0.53	0.01	0.01	0.05	1.69	0.53	-0.0	-0.0	-15.58					1	0.02	0.02	-1.1	0.01	0.01	-0.22	-1.1	0.0	0.0	126.76					0.02	0.02	-0.81	0.01	0.01	-0.32	-0.81	0.0	0.0	33.77					-0.02	-0.02	0.69	-0.01	-0.01	0.37	0.69	0.0	0.0	52.53					-0.020000000000000018	-0.020000000000000018	2.719999999999992	-0.011976047904191711	-0.011904902506318458	1.6094674556213038	2.719999999999992	0.002282332029918404	0.0022406031542514526	24.763277072563014				
2024-07-25 07:00:00	0	1.69	1.69	1.69	1.69	1.65	CFV.MI	1.08	1.08	1.08	1.08	1.5	0.81	1.0	1.0	1.0	1	-1.0	-1.0	1.0	1.0	-1.0	-1.0									-1.0			1.59	1.08									-1.0			1.02	0.0	0.0	0.53	0.0	0.0	0.05	1.69	0.53	-0.0	-0.0	-15.58					1	0.0	0.0	-1.1	0.0	0.0	-0.22	-1.1	0.0	0.0	126.76					0.0	0.0	-0.81	0.0	0.0	-0.32	-0.81	0.0	0.0	33.77					-0.0	-0.0	0.69	-0.0	-0.0	0.37	0.69	0.0	0.0	52.53					-0.0	-0.0	2.719999999999992	-0.0	-0.0	1.6094674556213038	2.719999999999992	0.002282332029918404	0.0022406031542514526	24.763277072563014				
2024-07-26 07:00:00	1000	1.7	1.7	1.7	1.7	1.66	CFV.MI	1.08	1.08	1.08	1.08	1.5	0.81	1.0	1.0	1.0	1	-1.0	-1.0	1.0	1.0	1.0	1.0	1.7		1.7						-1.0			1.59										-1.0			1.02	0.01	0.01	0.54	0.01	0.01	0.05	1.7	0.54	-0.0	-0.0	-12.56					1	0.01	0.01	-1.09	0.01	0.01	-0.22	-1.09	0.0	0.0	127.31					0.01	0.01	-0.8	0.01	0.01	-0.32	-0.8	0.0	0.0	33.73					-0.01	-0.01	0.68	-0.01	-0.01	0.37	0.68	0.0	0.0	49.57					-0.010000000000000009	-0.010000000000000009	2.709999999999992	-0.00591715976331364	-0.005899722127188322	1.5941176470588254	2.709999999999992	0.0022858024803575146	0.00224411804327862	24.82521692384428				
2024-07-29 07:00:00	12000	1.7	1.6	1.7	1.67	1.63	CFV.MI	1.09	1.09	1.03	1.07	1.5	0.81	1.0	1.0	1.0	1	-1.0	-1.0	1.0	1.0	1.0	1.0		1.6		1.6					-1.0			1.59		1.03								-1.0			1.02	-0.03	-0.03	0.51	-0.02	-0.02	0.03	1.7	0.51	-0.0	-0.0	-12.98					1	-0.03	-0.03	-1.12	-0.02	-0.02	-0.23	-1.12	0.0	0.0	117.27					-0.03	-0.03	-0.83	-0.02	-0.02	-0.33	-0.83	0.0	0.0	30.03					-0.03	-0.03	0.65	-0.02	-0.02	0.34	0.65	0.0	0.0	45.46					0.030000000000000027	0.030000000000000027	2.739999999999992	0.01764705882352946	0.017804624633506707	1.6407185628742535	2.739999999999992	0.0026203443391457464	0.0025788074764776514	28.081408564218485				
2024-07-30 07:00:00	0	1.67	1.67	1.67	1.67	1.63	CFV.MI	1.06	1.06	1.06	1.06	1.5	0.81	1.0	1.0	1.0	1	-1.0	-1.0	1.0	1.0	1.0	1.0									-1.0			1.59										-1.0			1.02	0.0	0.0	0.51	0.0	0.0	0.03	1.7	0.51	-0.0	-0.0	-14.18					1	0.0	0.0	-1.12	0.0	0.0	-0.23	-1.12	0.0	0.0	117.27					0.0	0.0	-0.83	0.0	0.0	-0.33	-0.83	0.0	0.0	33.18					0.0	0.0	0.65	0.0	0.0	0.34	0.65	0.0	0.0	48.97					-0.0	-0.0	2.739999999999992	-0.0	-0.0	1.6407185628742535	2.739999999999992	0.0025279290808590963	0.002486979292963376	27.51214599091992				
2024-07-31 07:00:00	0	1.67	1.67	1.67	1.67	1.63	CFV.MI	1.07	1.07	1.07	1.07	1.5	0.81	1.0	1.0	1.0	1	-1.0	-1.0	1.0	1.0	1.0	1.0	1.67								-1.0			1.59										-1.0			1.02	0.0	0.0	0.51	0.0	0.0	0.03	1.7	0.51	-0.0	-0.0	-11.64					1	0.0	0.0	-1.12	0.0	0.0	-0.23	-1.12	0.0	0.0	117.27					0.0	0.0	-0.83	0.0	0.0	-0.33	-0.83	0.0	0.0	32.93					0.0	0.0	0.65	0.0	0.0	0.34	0.65	0.0	0.0	48.77					-0.0	-0.0	2.739999999999992	-0.0	-0.0	1.6407185628742535	2.739999999999992	0.002742358712377194	0.0027023457235955117	30.04664776956777				
2024-08-01 07:00:00	0	1.67	1.67	1.67	1.67	1.63	CFV.MI	1.1	1.1	1.1	1.1	1.5	0.81	1.0	1.0	1.0	1	-1.0	-1.0	1.0	1.0	1.0	1.0									-1.0			1.59	1.1									-1.0			1.02	0.0	0.0	0.51	0.0	0.0	0.03	1.7	0.51	-0.0	-0.0	-12.25					1	0.0	0.0	-1.12	0.0	0.0	-0.23	-1.12	0.0	0.0	117.27					0.0	0.0	-0.83	0.0	0.0	-0.33	-0.83	0.0	0.0	35.59					0.0	0.0	0.65	0.0	0.0	0.34	0.65	0.0	0.0	51.65					-0.0	-0.0	2.739999999999992	-0.0	-0.0	1.6407185628742535	2.739999999999992	0.0026952997010340927	0.0026555740441598363	29.76317382326426				
2024-08-02 07:00:00	1000	1.62	1.62	1.62	1.62	1.58	CFV.MI	1.09	1.09	1.09	1.09	1.5	0.81	1.0	1.0	1.0	1	-1.0	-1.0	1.0	1.0	1.0	1.0		1.62							-1.0			1.59		1.09								-1.0			1.02	-0.05	-0.05	0.46	-0.03	-0.03	0.0	1.7	0.46	-0.0	-0.0	-13.15					1	-0.05	-0.05	-1.17	-0.03	-0.03	-0.25	-1.17	0.0	0.0	104.24					-0.05	-0.05	-0.88	-0.03	-0.03	-0.35	-0.88	0.0	0.0	30.88					-0.05	-0.05	0.6	-0.03	-0.03	0.3	0.6	0.0	0.0	46.25					0.04999999999999982	0.04999999999999982	2.789999999999992	0.029940119760478945	0.03039747718437093	1.722222222222224	2.789999999999992	0.0031173957922709765	0.003077383540366352	33.50073616194057				
2024-08-05 07:00:00	9000	1.69	1.66	1.68	1.66	1.62	CFV.MI	1.16	1.16	1.14	1.14	1.5	0.81	1.0	1.0	1.0	1	-1.0	-1.0	1.0	1.0	1.0	1.0									-1.0			1.59										-1.0			1.02	0.04	0.04	0.5	0.02	0.02	0.03	1.7	0.5	-0.0	-0.0	-8.58					1	0.04	0.04	-1.13	0.02	0.02	-0.24	-1.13	0.0	0.0	106.61					0.04	0.04	-0.84	0.02	0.02	-0.33	-0.84	0.0	0.0	31.5					0.04	0.04	0.64	0.02	0.02	0.33	0.64	0.0	0.0	46.75					-0.039999999999999813	-0.039999999999999813	2.749999999999992	-0.024691358024691246	-0.024391453124159048	1.6566265060240988	2.749999999999992	0.003063088213378146	0.0030223431783968913	32.362211450288065				
2024-08-06 07:00:00	3000	1.69	1.68	1.68	1.68	1.64	CFV.MI	1.16	1.17	1.16	1.16	1.5	0.81	1.0	1.0	1.0	1	-1.0	-1.0	1.0	1.0	1.0	1.0									-1.0			1.59	1.17		1.17							-1.0			1.02	0.02	0.02	0.52	0.01	0.01	0.04	1.7	0.52	-0.0	-0.0	-7.63					1	0.02	0.02	-1.11	0.01	0.01	-0.23	-1.11	0.0	0.0	107.69					0.02	0.02	-0.82	0.01	0.01	-0.33	-0.82	0.0	0.0	31.92					0.02	0.02	0.66	0.01	0.01	0.35	0.66	0.0	0.0	47.08					-0.020000000000000018	-0.020000000000000018	2.729999999999992	-0.012048192771084265	-0.01197619104671562	1.6250000000000022	2.729999999999992	0.0028297647153644905	0.002787804076154865	29.556471373525312				
2024-08-07 07:00:00	5000	1.71	1.65	1.69	1.71	1.67	CFV.MI	1.15	1.16	1.12	1.16	1.5	0.81	1.0	1.0	1.0	1	1.0	-1.0	-1.0	1.0	1.0	1.0	1.71								-1.0			1.59										-1.0			1.02	0.03	0.03	0.55	0.02	0.02	0.06	1.71	0.55	-0.0	-0.0	-6.29					1	0.03	0.03	-1.08	0.02	0.02	-0.21	-1.08	0.0	0.0	109.19					0.03	0.03	-0.79	0.02	0.02	-0.31	-0.79	0.0	0.0	32.52					0.03	0.03	0.69	0.02	0.02	0.37	0.69	0.0	0.0	47.56					-0.030000000000000027	-0.030000000000000027	2.699999999999992	-0.017857142857142794	-0.017699577099400857	1.5789473684210549	2.699999999999992	0.0025751588051676293	0.0025317490588419034	26.451754443685132				
2024-08-08 07:00:00	2000	1.69	1.66	1.66	1.69	1.65	CFV.MI	1.13	1.15	1.13	1.15	1.5	0.81	1.0	1.0	1.0	1	1.0	-1.0	-1.0	1.0	1.0	1.0		1.66							-1.0			1.59		1.13								-1.0			1.02	-0.02	-0.02	0.53	-0.01	-0.01	0.05	1.71	0.53	-0.0	-0.0	-5.69					1	-0.02	-0.02	-1.1	-0.01	-0.01	-0.22	-1.1	0.0	0.0	102.19					0.02	0.02	-0.77	0.01	0.01	-0.31	-0.77	0.0	0.0	32.0					-0.02	-0.02	0.67	-0.01	-0.01	0.36	0.67	0.0	0.0	43.62					0.020000000000000018	0.020000000000000018	2.719999999999992	0.011695906432748537	0.01176484157958637	1.6094674556213042	2.719999999999992	0.0029396187430289385	0.002897558233329267	30.583769055475337				
2024-08-09 07:00:00	4000	1.74	1.65	1.69	1.74	1.7	CFV.MI	1.15	1.18	1.12	1.18	1.5	0.81	1.0	1.0	1.0	1	1.0	-1.0	-1.0	1.0	1.0	1.0									-1.0			1.59										-1.0			1.02	0.05	0.05	0.58	0.03	0.03	0.08	1.74	0.58	-0.0	-0.0	-6.05					1	0.05	0.05	-1.05	0.03	0.03	-0.2	-1.05	0.0	0.0	104.54					-0.05	-0.05	-0.82	-0.03	-0.03	-0.33	-0.82	0.0	0.0	32.36					0.05	0.05	0.72	0.03	0.03	0.4	0.72	0.0	0.0	49.8					-0.050000000000000044	-0.050000000000000044	2.669999999999992	-0.029585798816567976	-0.029156584291455487	1.5344827586206922	2.669999999999992	0.002419820738242124	0.0023772793855281193	25.424686622510663				
2024-08-12 07:00:00	3000	1.72	1.7	1.7	1.72	1.68	CFV.MI	1.15	1.16	1.15	1.16	1.5	0.81	1.0	1.0	1.0	1	1.0	-1.0	-1.0	1.0	1.0	1.0									-1.0			1.59	1.16									-1.0			1.02	-0.02	-0.02	0.56	-0.01	-0.01	0.06	1.74	0.56	-0.0	-0.0	-12.13					1	-0.02	-0.02	-1.07	-0.01	-0.01	-0.21	-1.07	0.0	0.0	97.91					0.02	0.02	-0.8	0.01	0.01	-0.32	-0.8	0.0	0.0	38.2					-0.02	-0.02	0.7	-0.01	-0.01	0.38	0.7	0.0	0.0	53.05					0.020000000000000018	0.020000000000000018	2.689999999999992	0.011494252873563204	0.011560822401075971	1.5639534883720954	2.689999999999992	0.002214137526087119	0.0021729129992924534	24.095996475383984				
2024-08-13 07:00:00	0	1.72	1.72	1.72	1.72	1.68	CFV.MI	1.16	1.16	1.16	1.16	1.5	0.81	1.0	1.0	1.0	1	1.0	-1.0	-1.0	1.0	1.0	1.0	1.72								-1.0			1.59										-1.0			1.02	0.0	0.0	0.56	0.0	0.0	0.06	1.74	0.56	-0.0	-0.0	-12.13					1	0.0	0.0	-1.07	0.0	0.0	-0.21	-1.07	0.0	0.0	97.91					-0.0	-0.0	-0.8	-0.0	-0.0	-0.32	-0.8	0.0	0.0	38.2					0.0	0.0	0.7	0.0	0.0	0.38	0.7	0.0	0.0	53.05					-0.0	-0.0	2.689999999999992	-0.0	-0.0	1.5639534883720954	2.689999999999992	0.002214137526087119	0.0021729129992924534	24.095996475383984				
2024-08-14 07:00:00	4000	1.68	1.65	1.68	1.65	1.61	CFV.MI	1.12	1.12	1.1	1.1	1.5	0.81	1.0	1.0	1.0	1	1.0	-1.0	-1.0	-1.0	1.0	-1.0		1.65							-1.0			1.59										-1.0			1.02	-0.07	-0.07	0.49	-0.04	-0.04	0.02	1.74	0.49	-0.0	-0.0	-18.61					1	-0.07	-0.07	-1.14	-0.04	-0.04	-0.24	-1.14	0.0	0.0	82.28					0.07	0.07	-0.73	0.04	0.04	-0.29	-0.73	0.0	0.0	44.15					-0.07	-0.07	0.63	-0.04	-0.04	0.33	0.63	0.0	0.0	51.71					0.07000000000000006	0.07000000000000006	2.759999999999992	0.04069767441860472	0.04154900291287251	1.6727272727272755	2.759999999999992	0.002296881509165209	0.0022551297061041975	24.64178249300226				
2024-08-16 07:00:00	6000	1.72	1.67	1.67	1.72	1.68	CFV.MI	1.09	1.12	1.09	1.12	1.5	0.81	1.0	1.0	1.0	1	1.0	-1.0	-1.0	-1.0	1.0	-1.0									-1.0			1.59										-1.0			1.02	0.07	0.07	0.56	0.04	0.04	0.06	1.74	0.56	-0.0	-0.0	-12.35					1	0.07	0.07	-1.07	0.04	0.04	-0.21	-1.07	0.0	0.0	91.01					-0.07	-0.07	-0.8	-0.04	-0.04	-0.32	-0.8	0.0	0.0	38.25					-0.07	-0.07	0.56	-0.04	-0.04	0.27	0.56	0.0	0.0	45.23					-0.07000000000000006	-0.07000000000000006	2.6899999999999915	-0.042424242424242475	-0.04154900291287248	1.5639534883720958	2.6899999999999915	0.0021841241536348843	0.0021408813985566155	22.707617796759912				
2024-08-19 07:00:00	2000	1.7	1.7	1.7	1.7	1.66	CFV.MI	1.1	1.1	1.1	1.1	1.5	0.84	1.0	1.0	1.0	1	1.0	-1.0	-1.0	-1.0	1.0	-1.0									-1.0			1.59		1.1		1.1						-1.0			1.02	-0.02	-0.02	0.54	-0.01	-0.01	0.05	1.74	0.54	-0.0	-0.0	-15.62					1	-0.02	-0.02	-1.09	-0.01	-0.01	-0.22	-1.09	0.0	0.0	84.39					0.02	0.02	-0.78	0.01	0.01	-0.31	-0.78	0.0	0.0	41.26					0.02	0.02	0.58	0.01	0.01	0.29	0.58	0.0	0.0	48.34					0.020000000000000018	0.020000000000000018	2.7099999999999915	0.011627906976744207	0.011696039763191298	1.5941176470588263	2.7099999999999915	0.002213040901154194	0.002169609819057561	22.894720606231672				
2024-08-20 07:00:00	205000	2.1	1.76	1.83	2.1	2.05	CFV.MI	1.19	1.37	1.15	1.37	1.5	0.84	1.0	1.0	1.0	1	1.0	-1.0	-1.0	-1.0	1.0	-1.0									-1.0			1.59										-1.0			1.02	0.4	0.4	0.94	0.24	0.21	0.3	2.1	0.94	-0.0	-0.0	-1.43					1	0.4	0.4	-0.69	0.24	0.21	-0.03	-0.69	0.0	0.0	96.71					-0.4	-0.4	-1.18	-0.24	-0.21	-0.44	-1.18	0.0	0.0	25.03					-0.4	-0.4	0.18	-0.24	-0.21	0.04	0.18	0.0	0.0	30.13					-0.40000000000000013	-0.40000000000000013	2.3099999999999916	-0.23529411764705888	-0.21130909366720696	1.1000000000000023	2.3099999999999916	0.0012966100300849052	0.001242559114609465	11.26081632260081				
2024-08-21 07:00:00	178000	2.2	1.97	2.04	2.02	1.97	CFV.MI	1.32	1.42	1.28	1.31	1.5	0.88	1.0	1.0	1.0	1	1.0	-1.0	-1.0	-1.0	1.0	-1.0	2.2		2.2		2.2				-1.0			2.2	1.42		1.42		1.42					-1.0			1.02	-0.08	-0.08	0.86	-0.04	-0.04	0.25	2.2	0.86	-0.0	-0.0	-2.01					1	-0.08	-0.08	-0.77	-0.04	-0.04	-0.07	-0.77	0.0	0.0	93.32					0.08	0.08	-1.1	0.04	0.04	-0.42	-1.1	0.0	0.0	25.52					0.08	0.08	0.26	0.04	0.04	0.08	0.26	0.0	0.0	30.58					0.08000000000000007	0.08000000000000007	2.3899999999999917	0.03809523809523818	0.03883983331626401	1.1831683168316856	2.3899999999999917	0.0018484781674433385	0.001794411332234569	15.63209001071909				
2024-08-22 07:00:00	56000	1.98	1.86	1.98	1.86	1.82	CFV.MI	1.28	1.28	1.2	1.2	1.5	0.96	1.0	1.0	1.0	1	1.0	-1.0	-1.0	-1.0	1.0	-1.0		1.86							-1.0			1.59		1.2								-1.0			1.02	-0.16	-0.16	0.7	-0.08	-0.08	0.15	2.2	0.7	-0.0	-0.0	-2.89					1	-0.16	-0.16	-0.93	-0.08	-0.08	-0.14	-0.93	0.0	0.0	88.41					0.16	0.16	-0.94	0.08	0.08	-0.37	-0.94	0.0	0.0	26.27					0.16	0.16	0.42	0.08	0.08	0.18	0.42	0.0	0.0	31.25					0.15999999999999992	0.15999999999999992	2.549999999999992	0.07920792079207917	0.08252102368800347	1.3709677419354867	2.549999999999992	0.002810747480112637	0.002756300783940846	22.792589584086784				
2024-08-23 07:00:00	138000	2.06	1.89	1.89	2.02	1.97	CFV.MI	1.21	1.32	1.21	1.29	1.5	0.97	1.0	1.0	1.0	1	1.0	-1.0	-1.0	-1.0	1.0	-1.0	2.06								-1.0			1.59	1.32									-1.0			1.02	0.16	0.16	0.86	0.09	0.08	0.25	2.2	0.86	0.0	0.0	8.25					1	0.16	0.16	-0.77	0.09	0.08	-0.07	-0.77	0.0	0.0	91.48					-0.16	-0.16	-1.1	-0.09	-0.08	-0.42	-1.1	0.0	0.0	15.62					-0.16	-0.16	0.26	-0.09	-0.08	0.08	0.26	0.0	0.0	20.61					-0.15999999999999992	-0.15999999999999992	2.3899999999999917	-0.08602150537634401	-0.08252102368800344	1.183168316831686	2.3899999999999917	0.0030148149025981843	0.0029634505714266623	25.774943226926638				
2024-08-26 07:00:00	63000	2.04	1.91	2.0	1.93	1.89	CFV.MI	1.28	1.31	1.23	1.24	1.5	0.98	1.0	1.0	1.0	1	1.0	-1.0	-1.0	-1.0	1.0	-1.0									-1.0			1.59										-1.0			1.02	-0.09	-0.09	0.77	-0.04	-0.05	0.19	2.2	0.77	0.0	0.0	1.76					1	-0.09	-0.09	-0.86	-0.04	-0.05	-0.11	-0.86	0.0	0.0	94.32					0.09	0.09	-1.01	0.04	0.05	-0.39	-1.01	0.0	0.0	22.06					0.09	0.09	0.35	0.04	0.05	0.13	0.35	0.0	0.0	27.21					0.09000000000000008	0.09000000000000008	2.4799999999999915	0.044554455445544594	0.04557750849631925	1.2849740932642515	2.4799999999999915	0.0029099792739938307	0.0028593386528092957	25.269808372722878				
2024-08-27 07:00:00	47000	1.97	1.91	1.97	1.91	1.87	CFV.MI	1.26	1.26	1.22	1.22	1.5	0.98	1.0	1.0	1.0	1	1.0	-1.0	-1.0	-1.0	1.0	-1.0									-1.0			1.59										-1.0			1.02	-0.02	-0.02	0.75	-0.01	-0.01	0.18	2.2	0.75	-0.0	-0.0	-0.84					1	-0.02	-0.02	-0.88	-0.01	-0.01	-0.12	-0.88	0.0	0.0	93.55					0.02	0.02	-0.99	0.01	0.01	-0.39	-0.99	0.0	0.0	24.59					0.02	0.02	0.37	0.01	0.01	0.15	0.37	0.0	0.0	29.75					0.020000000000000018	0.020000000000000018	2.4999999999999916	0.010362694300518172	0.010416760858255715	1.3089005235602125	2.4999999999999916	0.002937910897315769	0.002887077953268591	25.405938473715977				
2024-08-28 07:00:00	50000	1.93	1.81	1.89	1.84	1.8	CFV.MI	1.2	1.23	1.15	1.17	1.5	0.98	1.0	1.0	1.0	1	1.0	-1.0	-1.0	1.0	1.0	1.0									-1.0			1.59										-1.0			1.02	-0.07	-0.07	0.68	-0.04	-0.04	0.14	2.2	0.68	-0.0	-0.0	-0.16					1	-0.07	-0.07	-0.95	-0.04	-0.04	-0.15	-0.95	0.0	0.0	82.19					0.07	0.07	-0.92	0.04	0.04	-0.36	-0.92	0.0	0.0	24.0					0.07	0.07	0.44	0.04	0.04	0.19	0.44	0.0	0.0	29.22					0.06999999999999984	0.06999999999999984	2.5699999999999914	0.036649214659685736	0.03733767043764412	1.3967391304347854	2.5699999999999914	0.0035831827545779707	0.003534066535936242	31.332028783872037				
2024-08-29 07:00:00	15000	1.89	1.83	1.86	1.83	1.79	CFV.MI	1.17	1.19	1.15	1.15	1.5	0.98	1.0	1.0	1.0	1	1.0	-1.0	-1.0	1.0	1.0	1.0									-1.0			1.59										-1.0			1.02	-0.01	-0.01	0.67	-0.01	-0.01	0.13	2.2	0.67	-0.0	-0.0	-3.57					1	-0.01	-0.01	-0.96	-0.01	-0.01	-0.16	-0.96	0.0	0.0	85.37					0.01	0.01	-0.91	0.01	0.01	-0.36	-0.91	0.0	0.0	27.39					-0.01	-0.01	0.43	-0.01	-0.01	0.18	0.43	0.0	0.0	30.36					0.010000000000000009	0.010000000000000009	2.579999999999991	0.005434782608695676	0.005449604767564703	1.4098360655737734	2.579999999999991	0.0034535041073652183	0.0034052424597263986	30.763808337044757				
2024-08-30 07:00:00	2000	1.84	1.84	1.84	1.84	1.8	CFV.MI	1.15	1.15	1.15	1.15	1.5	0.98	1.0	1.0	1.0	1	1.0	-1.0	-1.0	1.0	1.0	1.0									-1.0			1.59		1.15		1.15						-1.0			1.02	0.01	0.01	0.68	0.01	0.01	0.14	2.2	0.68	-0.0	-0.0	-4.3					1	0.01	0.01	-0.95	0.01	0.01	-0.15	-0.95	0.0	0.0	91.78					-0.01	-0.01	-0.92	-0.01	-0.01	-0.36	-0.92	0.0	0.0	28.14					0.01	0.01	0.44	0.01	0.01	0.19	0.44	0.0	0.0	33.6					-0.010000000000000009	-0.010000000000000009	2.5699999999999914	-0.005464480874316946	-0.005449604767564685	1.3967391304347854	2.5699999999999914	0.0030975257466583942	0.0030490327651091498	27.977060589931476				
2024-09-02 07:00:00	3000	1.85	1.83	1.83	1.85	1.81	CFV.MI	1.15	1.16	1.15	1.16	1.5	0.98	1.0	1.0	1.0	1	1.0	-1.0	-1.0	1.0	1.0	1.0									-1.0			1.59										-1.0			1.02	0.01	0.01	0.69	0.01	0.01	0.14	2.2	0.69	-0.0	-0.0	-0.86					1	0.01	0.01	-0.94	0.01	0.01	-0.15	-0.94	0.0	0.0	90.78					-0.01	-0.01	-0.93	-0.01	-0.01	-0.37	-0.93	0.0	0.0	24.91					0.01	0.01	0.45	0.01	0.01	0.2	0.45	0.0	0.0	32.86					-0.010000000000000009	-0.010000000000000009	2.5599999999999916	-0.005434782608695565	-0.005420067469339113	1.383783783783787	2.5599999999999916	0.0031786508384901205	0.003131323408628761	29.372021199253304				
2024-09-03 07:00:00	17000	1.86	1.76	1.85	1.86	1.82	CFV.MI	1.18	1.18	1.12	1.18	1.5	0.98	1.0	1.0	1.0	1	1.0	-1.0	-1.0	1.0	1.0	1.0		1.76		1.76					-1.0			1.59										-1.0			1.02	0.01	0.01	0.7	0.01	0.01	0.15	2.2	0.7	0.0	0.0	3.9					1	0.01	0.01	-0.93	0.01	0.01	-0.14	-0.93	0.0	0.0	88.44					-0.01	-0.01	-0.94	-0.01	-0.01	-0.37	-0.94	0.0	0.0	20.47					0.01	0.01	0.46	0.01	0.01	0.2	0.46	0.0	0.0	31.19					-0.010000000000000009	-0.010000000000000009	2.549999999999992	-0.00540540540540535	-0.005390848634876373	1.370967741935487	2.549999999999992	0.0033496897229319026	0.003304772677842349	32.53471272720364				
2024-09-04 07:00:00	0	1.86	1.86	1.86	1.86	1.82	CFV.MI	1.19	1.19	1.19	1.19	1.5	0.98	1.0	1.0	1.0	1	1.0	-1.0	-1.0	1.0	1.0	1.0	1.86								-1.0			1.59	1.19									-1.0			1.02	0.0	0.0	0.7	0.0	0.0	0.15	2.2	0.7	0.0	0.0	8.02					1	0.0	0.0	-0.93	0.0	0.0	-0.14	-0.93	0.0	0.0	86.19					-0.0	-0.0	-0.94	-0.0	-0.0	-0.37	-0.94	0.0	0.0	18.59					0.0	0.0	0.46	0.0	0.0	0.2	0.46	0.0	0.0	29.66					-0.0	-0.0	2.549999999999992	-0.0	-0.0	1.370967741935487	2.549999999999992	0.003691287678792987	0.0036490650513243406	37.45371743125028				
2024-09-05 07:00:00	3000	1.84	1.81	1.82	1.84	1.8	CFV.MI	1.17	1.18	1.16	1.18	1.5	0.98	1.0	1.0	1.0	1	1.0	-1.0	-1.0	1.0	1.0	1.0		1.81							-1.0			1.59		1.16								-1.0			1.02	-0.02	-0.02	0.68	-0.01	-0.01	0.14	2.2	0.68	0.0	0.0	13.32					1	-0.02	-0.02	-0.95	-0.01	-0.01	-0.15	-0.95	0.0	0.0	73.71					0.02	0.02	-0.92	0.01	0.01	-0.36	-0.92	0.0	0.0	13.77					-0.02	-0.02	0.44	-0.01	-0.01	0.19	0.44	0.0	0.0	22.45					0.020000000000000018	0.020000000000000018	2.569999999999992	0.010752688172043001	0.010810916104215617	1.3967391304347858	2.569999999999992	0.004291422997854665	0.004253976535214976	48.31382530485793				
2024-09-06 07:00:00	1000	1.84	1.84	1.84	1.84	1.8	CFV.MI	1.19	1.19	1.19	1.19	1.42	0.98	1.0	1.0	1.0	1	1.0	-1.0	-1.0	1.0	1.0	1.0	1.84								-1.0			1.59	1.19									-1.0			1.02	0.0	0.0	0.68	0.0	0.0	0.14	2.2	0.68	0.0	0.0	13.32					1	0.0	0.0	-0.95	0.0	0.0	-0.15	-0.95	0.0	0.0	73.71					-0.0	-0.0	-0.92	-0.0	-0.0	-0.36	-0.92	0.0	0.0	13.77					0.0	0.0	0.44	0.0	0.0	0.19	0.44	0.0	0.0	22.45					-0.0	-0.0	2.569999999999992	-0.0	-0.0	1.3967391304347858	2.569999999999992	0.004291422997854665	0.004253976535214976	48.31382530485793				
2024-09-09 07:00:00	2000	1.84	1.84	1.84	1.84	1.8	CFV.MI	1.18	1.18	1.18	1.18	1.42	0.98	1.0	1.0	1.0	1	1.0	-1.0	-1.0	1.0	1.0	1.0									-1.0			1.59		1.18								-1.0			1.02	0.0	0.0	0.68	0.0	0.0	0.14	2.2	0.68	0.0	0.0	16.67					1	0.0	0.0	-0.95	0.0	0.0	-0.15	-0.95	0.0	0.0	80.81					-0.0	-0.0	-0.92	-0.0	-0.0	-0.36	-0.92	0.0	0.0	17.06					0.0	0.0	0.44	0.0	0.0	0.19	0.44	0.0	0.0	25.86					-0.0	-0.0	2.569999999999992	-0.0	-0.0	1.3967391304347858	2.569999999999992	0.004152804606781406	0.0041161365227651014	47.702156615806544				
2024-09-10 07:00:00	8000	1.86	1.8	1.85	1.84	1.8	CFV.MI	1.2	1.21	1.17	1.19	1.42	0.98	1.0	1.0	1.0	1	1.0	-1.0	-1.0	1.0	1.0	1.0		1.8							-1.0			1.59										-1.0			1.02	0.0	0.0	0.68	0.0	0.0	0.14	2.2	0.68	0.0	0.0	21.54					1	0.0	0.0	-0.95	0.0	0.0	-0.15	-0.95	0.0	0.0	92.75					-0.0	-0.0	-0.92	-0.0	-0.0	-0.36	-0.92	0.0	0.0	21.74					0.0	0.0	0.44	0.0	0.0	0.19	0.44	0.0	0.0	30.88					-0.0	-0.0	2.569999999999992	-0.0	-0.0	1.3967391304347858	2.569999999999992	0.0038670506451396205	0.003831961551505225	46.3594654978623				
2024-09-11 07:00:00	4000	1.86	1.83	1.86	1.85	1.81	CFV.MI	1.21	1.21	1.19	1.2	1.42	0.98	1.0	1.0	1.0	1	1.0	-1.0	-1.0	1.0	1.0	1.0	1.86								-1.0			1.59	1.21									-1.0			1.02	0.01	0.01	0.69	0.01	0.01	0.14	2.2	0.69	0.0	0.0	25.52					1	0.01	0.01	-0.94	0.01	0.01	-0.15	-0.94	0.0	0.0	101.6					-0.01	-0.01	-0.93	-0.01	-0.01	-0.37	-0.93	0.0	0.0	22.76					0.01	0.01	0.45	0.01	0.01	0.2	0.45	0.0	0.0	34.91					-0.010000000000000009	-0.010000000000000009	2.5599999999999916	-0.005434782608695565	-0.005420067469339113	1.3837837837837874	2.5599999999999916	0.0035222672838673436	0.003487133378149876	42.93814261096934				
2024-09-12 07:00:00	3000	1.85	1.81	1.81	1.85	1.81	CFV.MI	1.17	1.19	1.17	1.19	1.42	0.98	1.0	1.0	1.0	1	1.0	-1.0	-1.0	1.0	1.0	1.0		1.81							-1.0			1.59		1.17								-1.0			1.02	0.0	0.0	0.69	0.0	0.0	0.14	2.2	0.69	0.0	0.0	32.11					1	0.0	0.0	-0.94	0.0	0.0	-0.15	-0.94	0.0	0.0	119.98					-0.0	-0.0	-0.93	-0.0	-0.0	-0.37	-0.93	0.0	0.0	28.86					0.0	0.0	0.45	0.0	0.0	0.2	0.45	0.0	0.0	41.71					-0.0	-0.0	2.5599999999999916	-0.0	-0.0	1.3837837837837874	2.5599999999999916	0.003145124237356082	0.003112070686816848	40.77983635314615				
2024-09-13 07:00:00	32000	1.93	1.86	1.87	1.93	1.89	CFV.MI	1.2	1.24	1.2	1.24	1.42	0.98	1.0	1.0	1.0	1	1.0	1.0	1.0	1.0	1.0	1.0									-1.0			1.59										-1.0			1.02	0.08	0.08	0.77	0.04	0.04	0.19	2.2	0.77	0.0	0.0	33.73					1	0.08	0.08	-0.86	0.04	0.04	-0.11	-0.86	0.0	0.0	122.27					-0.08	-0.08	-1.01	-0.04	-0.04	-0.39	-1.01	0.0	0.0	23.29					0.08	0.08	0.53	0.04	0.04	0.25	0.53	0.0	0.0	43.16					-0.07999999999999985	-0.07999999999999985	2.4799999999999915	-0.043243243243243246	-0.042334363826560736	1.284974093264252	2.4799999999999915	0.0030312547016946197	0.002996797359242409	37.75840494078332				
2024-09-16 07:00:00	27000	1.96	1.87	1.93	1.93	1.89	CFV.MI	1.24	1.26	1.2	1.24	1.42	0.98	1.0	1.0	1.0	1	1.0	1.0	1.0	1.0	1.0	1.0									-1.0			1.59										-1.0			1.02	0.0	0.0	0.77	0.0	0.0	0.19	2.2	0.77	0.0	0.0	40.16					1	0.0	0.0	-0.86	0.0	0.0	-0.11	-0.86	0.0	0.0	141.09					0.0	0.0	-1.01	0.0	0.0	-0.39	-1.01	0.0	0.0	28.83					0.0	0.0	0.53	0.0	0.0	0.25	0.53	0.0	0.0	49.76					-0.0	-0.0	2.4799999999999915	-0.0	-0.0	1.284974093264252	2.4799999999999915	0.002715771181261763	0.0026830417323475686	35.73015758949163				
2024-09-17 07:00:00	55000	2.0	1.93	1.93	1.93	1.89	CFV.MI	1.23	1.28	1.23	1.23	1.42	0.98	1.0	1.0	1.0	1	1.0	1.0	1.0	1.0	1.0	1.0									-1.0			1.59										-1.0			1.02	0.0	0.0	0.77	0.0	0.0	0.19	2.2	0.77	0.0	0.0	38.93					1	0.0	0.0	-0.86	0.0	0.0	-0.11	-0.86	0.0	0.0	139.41					0.0	0.0	-1.01	0.0	0.0	-0.39	-1.01	0.0	0.0	27.3					0.0	0.0	0.53	0.0	0.0	0.25	0.53	0.0	0.0	48.67					-0.0	-0.0	2.4799999999999915	-0.0	-0.0	1.284974093264252	2.4799999999999915	0.0029770169359878643	0.002945938472080245	40.41371309004609				
2024-09-18 07:00:00	14000	1.99	1.93	1.97	1.97	1.92	CFV.MI	1.26	1.28	1.24	1.26	1.42	0.98	1.0	1.0	1.0	1	1.0	1.0	1.0	1.0	1.0	1.0									-1.0			1.59	1.28		1.28							-1.0			1.02	0.04	0.04	0.81	0.02	0.02	0.22	2.06	0.81	0.0	0.0	45.68					1	0.04	0.04	-0.82	0.02	0.02	-0.09	-0.82	0.0	0.0	158.26					0.04	0.04	-0.97	0.02	0.02	-0.38	-0.97	0.0	0.0	33.48					0.04	0.04	0.57	0.02	0.02	0.27	0.57	0.0	0.0	55.46					-0.040000000000000036	-0.040000000000000036	2.4399999999999915	-0.020725388601036343	-0.02051353983310303	1.238578680203049	2.4399999999999915	0.002502192217122727	0.0024710498488693666	34.69494357772372				
2024-09-19 07:00:00	17000	2.0	1.93	1.98	1.97	1.92	CFV.MI	1.25	1.27	1.22	1.25	1.42	0.98	1.0	1.0	1.0	1	1.0	1.0	1.0	1.0	1.0	1.0	2.0		2.0						-1.0			1.59										-1.0			1.02	0.0	0.0	0.81	0.0	0.0	0.22	2.06	0.81	0.0	0.0	49.35					1	0.0	0.0	-0.82	0.0	0.0	-0.09	-0.82	0.0	0.0	167.57					0.0	0.0	-0.97	0.0	0.0	-0.38	-0.97	0.0	0.0	36.84					0.0	0.0	0.57	0.0	0.0	0.27	0.57	0.0	0.0	59.18					-0.0	-0.0	2.4399999999999915	-0.0	-0.0	1.238578680203049	2.4399999999999915	0.002420534459358408	0.0023898213657997935	34.08062387978456				
2024-09-20 07:00:00	46000	1.99	1.82	1.98	1.82	1.78	CFV.MI	1.26	1.27	1.16	1.16	1.42	0.98	1.0	1.0	1.0	1	1.0	1.0	1.0	1.0	1.0	1.0									-1.0			1.59										-1.0			1.02	-0.15	-0.15	0.66	-0.08	-0.08	0.13	2.04	0.66	0.0	0.0	46.07					1	-0.15	-0.15	-0.97	-0.08	-0.08	-0.16	-0.97	0.0	0.0	154.59					-0.15	-0.15	-1.12	-0.08	-0.08	-0.43	-1.12	0.0	0.0	34.3					-0.15	-0.15	0.42	-0.08	-0.08	0.18	0.42	0.0	0.0	55.77					0.1499999999999999	0.1499999999999999	2.5899999999999914	0.07614213197969544	0.07919704166119317	1.4230769230769265	2.5899999999999914	0.002630341914051561	0.002598519901735985	35.62225916720411				
2024-09-23 07:00:00	56000	1.94	1.8	1.84	1.89	1.85	CFV.MI	1.18	1.24	1.15	1.21	1.42	0.98	1.0	1.0	1.0	1	1.0	1.0	1.0	1.0	1.0	1.0		1.8		1.8					-1.0			1.59		1.15								-1.0			1.02	0.07	0.07	0.73	0.04	0.04	0.17	2.0	0.73	0.0	0.0	47.51					1	0.07	0.07	-0.9	0.04	0.04	-0.13	-0.9	0.0	0.0	156.37					0.07	0.07	-1.05	0.04	0.04	-0.41	-1.05	0.0	0.0	36.08					0.07	0.07	0.49	0.04	0.04	0.22	0.49	0.0	0.0	57.03					-0.06999999999999984	-0.06999999999999984	2.5199999999999916	-0.038461538461538325	-0.0377403279828469	1.333333333333337	2.5199999999999916	0.0023372304290713787	0.002303419386921579	30.41333890243415				
2024-09-24 07:00:00	13000	1.9	1.85	1.89	1.9	1.86	CFV.MI	1.2	1.21	1.18	1.21	1.42	0.98	1.0	1.0	1.0	1	1.0	1.0	1.0	1.0	1.0	1.0									-1.0			1.59										-1.0			1.02	0.01	0.01	0.74	0.01	0.01	0.18	2.0	0.74	0.0	0.0	47.7					1	0.01	0.01	-0.89	0.01	0.01	-0.13	-0.89	0.0	0.0	156.6					0.01	0.01	-1.04	0.01	0.01	-0.4	-1.04	0.0	0.0	36.32					0.01	0.01	0.5	0.01	0.01	0.23	0.5	0.0	0.0	57.2					-0.010000000000000009	-0.010000000000000009	2.509999999999992	-0.005291005291005346	-0.005277057100843819	1.3210526315789508	2.509999999999992	0.0021436996724052354	0.002109139618524658	27.743119366571314				
2024-09-25 07:00:00	20000	1.98	1.9	1.9	1.94	1.9	CFV.MI	1.21	1.26	1.21	1.24	1.42	0.98	1.0	1.0	1.0	1	1.0	1.0	1.0	1.0	1.0	1.0									-1.0			1.59	1.26									-1.0			1.02	0.04	0.04	0.78	0.02	0.02	0.2	2.0	0.78	0.0	0.0	48.44					1	0.04	0.04	-0.85	0.02	0.02	-0.11	-0.85	0.0	0.0	157.48					0.04	0.04	-1.0	0.02	0.02	-0.39	-1.0	0.0	0.0	37.22					0.04	0.04	0.54	0.02	0.02	0.25	0.54	0.0	0.0	57.84					-0.040000000000000036	-0.040000000000000036	2.4699999999999918	-0.021052631578947434	-0.020834086902842053	1.2731958762886628	2.4699999999999918	0.00189621960299213	0.0018603094048719182	24.023856742502097				
2024-09-26 07:00:00	27000	1.98	1.92	1.98	1.97	1.92	CFV.MI	1.24	1.24	1.2	1.23	1.42	0.98	1.0	1.0	1.0	1	1.0	1.0	1.0	1.0	1.0	1.0	1.98								-1.0			1.59										-1.0			1.02	0.03	0.03	0.81	0.02	0.02	0.22	2.0	0.81	0.0	0.0	53.96					1	0.03	0.03	-0.82	0.02	0.02	-0.09	-0.82	0.0	0.0	158.09					0.03	0.03	-0.97	0.02	0.02	-0.38	-0.97	0.0	0.0	42.21					0.03	0.03	0.57	0.02	0.02	0.27	0.57	0.0	0.0	63.41					-0.030000000000000027	-0.030000000000000027	2.4399999999999915	-0.015463917525773141	-0.01534556967466032	1.238578680203049	2.4399999999999915	0.001499216774599207	0.0014632106216914131	19.31758274179652				
2024-09-27 07:00:00	14000	1.98	1.91	1.98	1.96	1.91	CFV.MI	1.23	1.23	1.19	1.22	1.42	1.0	1.0	1.0	1.0	1	1.0	1.0	1.0	1.0	1.0	1.0		1.91							-1.0			1.59		1.19								-1.0			1.02	-0.01	-0.01	0.8	-0.01	-0.01	0.21	2.0	0.8	0.0	0.0	50.24					1	-0.01	-0.01	-0.83	-0.01	-0.01	-0.1	-0.83	0.0	0.0	152.37					-0.01	-0.01	-0.98	-0.01	-0.01	-0.38	-0.98	0.0	0.0	38.46					-0.01	-0.01	0.56	-0.01	-0.01	0.27	0.56	0.0	0.0	59.78					0.010000000000000009	0.010000000000000009	2.4499999999999913	0.005076142131979711	0.005089069507471293	1.2500000000000036	2.4499999999999913	0.0017966155392978669	0.0017619074919079658	23.592128827935753				
2024-09-30 07:00:00	26000	2.0	1.93	1.94	2.0	1.95	CFV.MI	1.23	1.26	1.22	1.26	1.42	1.0	1.0	1.0	1.0	1	1.0	1.0	1.0	1.0	1.0	1.0	2.0		2.0						-1.0			1.59	1.26									-1.0			1.02	0.04	0.04	0.84	0.02	0.02	0.24	2.0	0.84	0.0	0.0	45.67					1	0.04	0.04	-0.79	0.02	0.02	-0.08	-0.79	0.0	0.0	153.18					0.04	0.04	-0.94	0.02	0.02	-0.37	-0.94	0.0	0.0	32.76					0.04	0.04	0.6	0.02	0.02	0.29	0.6	0.0	0.0	55.76					-0.040000000000000036	-0.040000000000000036	2.4099999999999913	-0.020408163265306145	-0.02020270731751947	1.2050000000000032	2.4099999999999913	0.002184588282284121	0.0021542611966638425	32.467158948622895				
2024-10-01 07:00:00	40000	1.96	1.85	1.96	1.91	1.87	CFV.MI	1.25	1.25	1.18	1.22	1.42	1.0	1.0	1.0	1.0	1	1.0	1.0	1.0	1.0	1.0	1.0									-1.0			1.59										-1.0			1.02	-0.09	-0.09	0.75	-0.05	-0.05	0.18	2.0	0.75	0.0	0.0	45.52					1	-0.09	-0.09	-0.88	-0.05	-0.05	-0.12	-0.88	0.0	0.0	133.57					-0.09	-0.09	-1.03	-0.05	-0.05	-0.4	-1.03	0.0	0.0	32.64					-0.09	-0.09	0.51	-0.05	-0.05	0.23	0.51	0.0	0.0	55.61					0.09000000000000008	0.09000000000000008	2.499999999999991	0.04500000000000004	0.046043938501406846	1.308900523560213	2.499999999999991	0.0021934570955352214	0.0021630805631218664	32.54269133259007				
2024-10-02 07:00:00	4000	1.88	1.86	1.88	1.86	1.82	CFV.MI	1.2	1.2	1.19	1.19	1.42	1.0	1.0	1.0	1.0	1	1.0	1.0	1.0	1.0	1.0	1.0									-1.0			1.59		1.19								-1.0			1.02	-0.05	-0.05	0.7	-0.03	-0.03	0.15	2.0	0.7	0.0	0.0	38.97					1	-0.05	-0.05	-0.93	-0.03	-0.03	-0.14	-0.93	0.0	0.0	122.25					-0.05	-0.05	-1.08	-0.03	-0.03	-0.41	-1.08	0.0	0.0	26.31					-0.05	-0.05	0.46	-0.03	-0.03	0.2	0.46	0.0	0.0	49.1					0.04999999999999982	0.04999999999999982	2.549999999999991	0.02617801047120405	0.026526754333428482	1.370967741935487	2.549999999999991	0.0026285811414437153	0.0025987177145776474	38.98131891532763				
2024-10-03 07:00:00	3000	1.86	1.86	1.86	1.86	1.82	CFV.MI	1.21	1.21	1.21	1.21	1.42	1.0	1.0	1.0	1.0	1	1.0	1.0	1.0	1.0	1.0	1.0		1.86							-1.0			1.59	1.21									-1.0			1.02	0.0	0.0	0.7	0.0	0.0	0.15	2.0	0.7	0.0	0.0	41.98					1	0.0	0.0	-0.93	0.0	0.0	-0.14	-0.93	0.0	0.0	122.25					0.0	0.0	-1.08	0.0	0.0	-0.41	-1.08	0.0	0.0	29.23					0.0	0.0	0.46	0.0	0.0	0.2	0.46	0.0	0.0	52.13					-0.0	-0.0	2.549999999999991	-0.0	-0.0	1.370967741935487	2.549999999999991	0.0025912551396123644	0.002561593200880674	38.69559768453396				
2024-10-04 07:00:00	1000	1.89	1.89	1.89	1.89	1.85	CFV.MI	1.21	1.21	1.21	1.21	1.42	1.0	1.0	1.0	1.0	1	1.0	1.0	1.0	1.0	1.0	1.0	1.89								-1.0			1.59										-1.0			1.02	0.03	0.03	0.73	0.02	0.02	0.17	2.0	0.73	0.0	0.0	45.75					1	0.03	0.03	-0.9	0.02	0.02	-0.13	-0.9	0.0	0.0	122.93					0.03	0.03	-1.05	0.02	0.02	-0.41	-1.05	0.0	0.0	33.12					0.03	0.03	0.49	0.02	0.02	0.22	0.49	0.0	0.0	55.84					-0.029999999999999805	-0.029999999999999805	2.519999999999991	-0.016129032258064502	-0.01600034134644112	1.3333333333333366	2.519999999999991	0.0023361697112970893	0.002305679612178979	34.47414543848278				
2024-10-07 07:00:00	3000	1.88	1.85	1.85	1.86	1.82	CFV.MI	1.18	1.2	1.18	1.19	1.42	1.0	1.0	1.0	1.0	1	1.0	1.0	1.0	1.0	1.0	1.0									-1.0			1.59										-1.0			1.02	-0.03	-0.03	0.7	-0.02	-0.02	0.15	2.0	0.7	0.0	0.0	44.67					1	-0.03	-0.03	-0.93	-0.02	-0.02	-0.14	-0.93	0.0	0.0	115.27					-0.03	-0.03	-1.08	-0.02	-0.02	-0.41	-1.08	0.0	0.0	32.27					-0.03	-0.03	0.46	-0.02	-0.02	0.2	0.46	0.0	0.0	54.71					0.029999999999999805	0.029999999999999805	2.549999999999991	0.015873015873015817	0.016000341346441075	1.370967741935487	2.549999999999991	0.0024045887672431115	0.0023737151795961697	35.02634222907104				
2024-10-08 07:00:00	6000	1.86	1.85	1.86	1.85	1.81	CFV.MI	1.19	1.19	1.18	1.18	1.42	1.0	1.0	1.0	1.0	1	1.0	1.0	1.0	1.0	1.0	1.0		1.85							-1.0			1.59		1.18								-1.0			1.02	-0.01	-0.01	0.69	-0.01	-0.01	0.14	2.0	0.69	0.0	0.0	39.81					1	-0.01	-0.01	-0.94	-0.01	-0.01	-0.15	-0.94	0.0	0.0	110.61					-0.01	-0.01	-1.09	-0.01	-0.01	-0.42	-1.09	0.0	0.0	26.96					-0.01	-0.01	0.45	-0.01	-0.01	0.2	0.45	0.0	0.0	50.06					0.010000000000000009	0.010000000000000009	2.5599999999999907	0.005376344086021501	0.005390848634876423	1.383783783783787	2.5599999999999907	0.0027344871777715478	0.002705286202937529	41.449656789458075				
2024-10-09 07:00:00	11000	1.9	1.85	1.88	1.86	1.82	CFV.MI	1.19	1.21	1.18	1.18	1.42	1.0	1.0	1.0	1.0	1	1.0	1.0	1.0	1.0	1.0	1.0	1.9								-1.0			1.59	1.21									-1.0			1.02	0.01	0.01	0.7	0.01	0.01	0.15	2.0	0.7	0.0	0.0	39.25					1	0.01	0.01	-0.93	0.01	0.01	-0.14	-0.93	0.0	0.0	110.85					0.01	0.01	-1.08	0.01	0.01	-0.41	-1.08	0.0	0.0	26.23					0.01	0.01	0.46	0.01	0.01	0.2	0.46	0.0	0.0	49.56					-0.010000000000000009	-0.010000000000000009	2.549999999999991	-0.00540540540540535	-0.005390848634876373	1.370967741935487	2.549999999999991	0.002770067812786939	0.0027412549186520696	42.5519719104953				
2024-10-10 07:00:00	7000	1.89	1.86	1.86	1.86	1.82	CFV.MI	1.18	1.2	1.18	1.18	1.42	1.0	1.0	1.0	1.0	1	1.0	1.0	1.0	1.0	1.0	1.0									-1.0			1.59										-1.0			1.02	0.0	0.0	0.7	0.0	0.0	0.15	2.0	0.7	0.0	0.0	45.2					1	0.0	0.0	-0.93	0.0	0.0	-0.14	-0.93	0.0	0.0	110.85					0.0	0.0	-1.08	0.0	0.0	-0.41	-1.08	0.0	0.0	31.46					0.0	0.0	0.46	0.0	0.0	0.2	0.46	0.0	0.0	47.98					-0.0	-0.0	2.549999999999991	-0.0	-0.0	1.370967741935487	2.549999999999991	0.0025515701893422406	0.0025239061265169838	40.840827327783686				
2024-10-11 07:00:00	8000	1.86	1.83	1.86	1.83	1.79	CFV.MI	1.17	1.17	1.15	1.15	1.42	1.0	1.0	1.0	-1.0	1	1.0	1.0	1.0	1.0	1.0	1.0									-1.0			1.59										-1.0			1.02	-0.03	-0.03	0.67	-0.02	-0.02	0.13	2.0	0.67	0.0	0.0	45.25					1	-0.03	-0.03	-0.96	-0.02	-0.02	-0.16	-0.96	0.0	0.0	103.64					-0.03	-0.03	-1.11	-0.02	-0.02	-0.42	-1.11	0.0	0.0	31.5					-0.03	-0.03	0.43	-0.02	-0.02	0.18	0.43	0.0	0.0	42.91					0.030000000000000027	0.030000000000000027	2.579999999999991	0.016129032258064502	0.01626052087178029	1.4098360655737738	2.579999999999991	0.0025485353566591065	0.0025208870871633593	40.81604821552905				
2024-10-14 07:00:00	1000	1.84	1.84	1.84	1.84	1.8	CFV.MI	1.14	1.14	1.14	1.14	1.42	1.0	1.0	1.0	-1.0	1	1.0	1.0	1.0	1.0	1.0	1.0									-1.0			1.59		1.14								-1.0			1.02	0.01	0.01	0.68	0.01	0.01	0.14	2.0	0.68	0.0	0.0	49.35					1	0.01	0.01	-0.95	0.01	0.01	-0.15	-0.95	0.0	0.0	103.9					0.01	0.01	-1.1	0.01	0.01	-0.42	-1.1	0.0	0.0	35.42					0.01	0.01	0.44	0.01	0.01	0.19	0.44	0.0	0.0	42.59					-0.010000000000000009	-0.010000000000000009	2.5699999999999914	-0.005464480874316946	-0.005449604767564685	1.3967391304347858	2.5699999999999914	0.0022973679669848505	0.0022695135859931437	37.085510992438415				
2024-10-15 07:00:00	25000	1.89	1.81	1.83	1.81	1.77	CFV.MI	1.14	1.18	1.13	1.13	1.42	1.0	1.0	1.0	-1.0	1	1.0	1.0	1.0	1.0	1.0	1.0									-1.0			1.59	1.18									-1.0			1.02	-0.03	-0.03	0.65	-0.02	-0.02	0.12	2.0	0.65	0.0	0.0	48.12					1	-0.03	-0.03	-0.98	-0.02	-0.02	-0.17	-0.98	0.0	0.0	96.98					-0.03	-0.03	-1.13	-0.02	-0.02	-0.43	-1.13	0.0	0.0	34.48					-0.03	-0.03	0.41	-0.02	-0.02	0.17	0.41	0.0	0.0	38.13					0.030000000000000027	0.030000000000000027	2.5999999999999917	0.016304347826086918	0.016438726343159835	1.436464088397793	2.5999999999999917	0.0023682566214930966	0.0023400223329141934	37.700625743917854				
2024-10-16 07:00:00	19000	1.86	1.8	1.82	1.8	1.76	CFV.MI	1.13	1.16	1.12	1.12	1.42	1.0	1.0	1.0	-1.0	0	1.0	1.0	1.0	1.0	1.0	1.0									-1.0			1.59										-1.0			1.02	-0.01	-0.01	0.64	-0.01	-0.01	0.11	2.0	0.64	0.0	0.0	44.98					1	-0.01	-0.01	-0.99	-0.01	-0.01	-0.17	-0.99	0.0	0.0	92.64					-0.01	-0.01	-1.14	-0.01	-0.01	-0.43	-1.14	0.0	0.0	31.44					-0.01	-0.01	0.4	-0.01	-0.01	0.16	0.4	0.0	0.0	35.08					0.010000000000000009	0.010000000000000009	2.6099999999999914	0.0055248618784530246	0.005540180375615356	1.4500000000000028	2.6099999999999914	0.0024048218119721576	0.002376390563787467	38.01129862695902				
2024-10-17 07:00:00	7000	1.83	1.8	1.8	1.82	1.78	CFV.MI	1.11	1.13	1.11	1.12	1.42	1.0	1.0	1.0	-1.0	0	1.0	1.0	1.0	1.0	1.0	1.0									-1.0			1.59										-1.0			1.02	0.02	0.02	0.66	0.01	0.01	0.13	2.0	0.66	0.0	0.0	45.53					1	0.0	0.0	-0.99	0.0	0.0	-0.17	-0.99	0.0	0.0	92.64					0.02	0.02	-1.12	0.01	0.01	-0.43	-1.12	0.0	0.0	32.15					0.02	0.02	0.42	0.01	0.01	0.18	0.42	0.0	0.0	35.73					-0.020000000000000018	-0.020000000000000018	2.5899999999999914	-0.011111111111111072	-0.011049836186584935	1.423076923076926	2.5899999999999914	0.002207042623018758	0.0021778166183568093	34.415430340200224				
2024-10-18 07:00:00	15000	1.84	1.79	1.84	1.8	1.76	CFV.MI	1.13	1.13	1.1	1.1	1.42	1.0	1.0	1.0	-1.0	0	1.0	1.0	1.0	1.0	1.0	1.0									-1.0			1.59										-1.0			1.02	-0.02	-0.02	0.64	-0.01	-0.01	0.11	2.0	0.64	0.0	0.0	45.58					1	-0.0	-0.0	-0.99	-0.0	-0.0	-0.17	-0.99	0.0	0.0	92.64					-0.02	-0.02	-1.14	-0.01	-0.01	-0.43	-1.14	0.0	0.0	32.19					-0.02	-0.02	0.4	-0.01	-0.01	0.16	0.4	0.0	0.0	31.53					0.020000000000000018	0.020000000000000018	2.6099999999999914	0.01098901098901095	0.011049836186584935	1.4500000000000028	2.6099999999999914	0.0022041530919642816	0.0021749432458337825	34.38993623828994				
2024-10-21 07:00:00	18000	1.82	1.76	1.82	1.77	1.73	CFV.MI	1.12	1.12	1.09	1.09	1.42	1.0	1.0	-1.0	-1.0	0	1.0	1.0	1.0	1.0	1.0	1.0									-1.0			1.59										-1.0			1.02	-0.03	-0.03	0.61	-0.02	-0.02	0.09	2.0	0.61	0.0	0.0	41.3					1	-0.0	-0.0	-0.99	-0.0	-0.0	-0.17	-0.99	0.0	0.0	92.64					-0.03	-0.03	-1.17	-0.02	-0.02	-0.44	-1.17	0.0	0.0	28.27					-0.03	-0.03	0.37	-0.02	-0.02	0.14	0.37	0.0	0.0	27.59					0.030000000000000027	0.030000000000000027	2.6399999999999917	0.01666666666666672	0.01680711831638129	1.4915254237288167	2.6399999999999917	0.0023133993610207596	0.002283575513025937	35.33403874529169				
2024-10-22 07:00:00	2000	1.76	1.76	1.76	1.76	1.72	CFV.MI	1.09	1.09	1.09	1.09	1.42	1.0	1.0	-1.0	-1.0	0	1.0	1.0	1.0	1.0	1.0	1.0		1.76		1.76					-1.0			1.59		1.09		1.09						-1.0			1.02	-0.01	-0.01	0.6	-0.01	-0.01	0.09	2.0	0.6	0.0	0.0	41.92					1	-0.0	-0.0	-0.99	-0.0	-0.0	-0.17	-0.99	0.0	0.0	92.64					-0.01	-0.01	-1.18	-0.01	-0.01	-0.45	-1.18	0.0	0.0	28.75					-0.01	-0.01	0.36	-0.01	-0.01	0.14	0.36	0.0	0.0	23.85					0.010000000000000009	0.010000000000000009	2.6499999999999915	0.005649717514124353	0.00566573753567742	1.5056818181818215	2.6499999999999915	0.002274644408034389	0.0022450391019346316	35.003706735819634				
2024-10-23 07:00:00	8000	1.83	1.77	1.78	1.83	1.79	CFV.MI	1.11	1.14	1.1	1.14	1.42	1.0	1.0	-1.0	-1.0	0	1.0	1.0	1.0	1.0	1.0	1.0									-1.0			1.59										-1.0			1.02	0.07	0.07	0.67	0.04	0.04	0.13	2.0	0.67	0.0	0.0	43.8					1	0.0	0.0	-0.99	0.0	0.0	-0.17	-0.99	0.0	0.0	92.64					0.07	0.07	-1.11	0.04	0.04	-0.42	-1.11	0.0	0.0	31.17					0.07	0.07	0.43	0.04	0.04	0.18	0.43	0.0	0.0	26.37					-0.07000000000000006	-0.07000000000000006	2.579999999999991	-0.03977272727272729	-0.039002157803269176	1.4098360655737734	2.579999999999991	0.001972986866561831	0.001941531179025402	28.984122173061245				
2024-10-24 07:00:00	2000	1.83	1.83	1.83	1.83	1.79	CFV.MI	1.14	1.14	1.14	1.14	1.42	1.0	1.0	-1.0	-1.0	0	1.0	1.0	1.0	1.0	1.0	1.0	1.83								-1.0			1.59	1.14									-1.0			1.02	0.0	0.0	0.67	0.0	0.0	0.13	2.0	0.67	0.0	0.0	43.8					1	0.0	0.0	-0.99	0.0	0.0	-0.17	-0.99	0.0	0.0	92.64					0.0	0.0	-1.11	0.0	0.0	-0.42	-1.11	0.0	0.0	31.17					0.0	0.0	0.43	0.0	0.0	0.18	0.43	0.0	0.0	26.37					-0.0	-0.0	2.579999999999991	-0.0	-0.0	1.4098360655737734	2.579999999999991	0.001972986866561831	0.001941531179025402	28.984122173061245				
2024-10-25 07:00:00	5000	1.8	1.8	1.8	1.8	1.76	CFV.MI	1.12	1.12	1.12	1.12	1.42	1.0	1.0	-1.0	-1.0	0	1.0	1.0	1.0	1.0	1.0	1.0		1.8							-1.0			1.59										-1.0			1.02	-0.03	-0.03	0.64	-0.02	-0.02	0.11	2.0	0.64	0.0	0.0	38.28					1	-0.0	-0.0	-0.99	-0.0	-0.0	-0.17	-0.99	0.0	0.0	92.64					-0.03	-0.03	-1.14	-0.02	-0.02	-0.43	-1.14	0.0	0.0	25.6					-0.03	-0.03	0.4	-0.02	-0.02	0.16	0.4	0.0	0.0	27.38					0.030000000000000027	0.030000000000000027	2.6099999999999914	0.016393442622950838	0.016529301951210582	1.4500000000000033	2.6099999999999914	0.002346448853280038	0.0023158551463369204	34.9368856077585				
2024-10-28 08:00:00	0	1.8	1.8	1.8	1.8	1.76	CFV.MI	1.11	1.11	1.11	1.11	1.42	1.0	1.0	-1.0	-1.0	0	1.0	1.0	1.0	1.0	1.0	1.0									-1.0			1.59		1.11								-1.0			1.02	0.0	0.0	0.64	0.0	0.0	0.11	1.96	0.64	0.0	0.0	45.04					1	0.0	0.0	-0.99	0.0	0.0	-0.17	-0.99	0.0	0.0	92.64					0.0	0.0	-1.14	0.0	0.0	-0.43	-1.14	0.0	0.0	31.42					0.0	0.0	0.4	0.0	0.0	0.16	0.4	0.0	0.0	24.75					-0.0	-0.0	2.6099999999999914	-0.0	-0.0	1.4500000000000033	2.6099999999999914	0.0020826445325320287	0.0020535417180023163	32.64818386112778				
2024-10-29 08:00:00	5000	1.83	1.8	1.8	1.8	1.76	CFV.MI	1.11	1.13	1.11	1.11	1.42	1.0	1.0	-1.0	-1.0	0	1.0	1.0	1.0	1.0	1.0	1.0									-1.0			1.59										-1.0			1.02	0.0	0.0	0.64	0.0	0.0	0.11	1.9	0.64	0.0	0.0	45.04					1	0.0	0.0	-0.99	0.0	0.0	-0.17	-0.99	0.0	0.0	92.64					0.0	0.0	-1.14	0.0	0.0	-0.43	-1.14	0.0	0.0	31.42					0.0	0.0	0.4	0.0	0.0	0.16	0.4	0.0	0.0	24.75					-0.0	-0.0	2.6099999999999914	-0.0	-0.0	1.4500000000000033	2.6099999999999914	0.0020826445325320287	0.0020535417180023163	32.64818386112778				
2024-10-30 08:00:00	16000	1.85	1.83	1.83	1.85	1.81	CFV.MI	1.14	1.16	1.14	1.16	1.42	1.0	1.0	-1.0	-1.0	0	1.0	1.0	1.0	1.0	1.0	1.0	1.85								-1.0			1.59	1.16									-1.0			1.02	0.05	0.05	0.69	0.03	0.03	0.14	1.9	0.69	0.0	0.0	46.07					1	0.0	0.0	-0.99	0.0	0.0	-0.17	-0.99	0.0	0.0	92.64					0.05	0.05	-1.09	0.03	0.03	-0.42	-1.09	0.0	0.0	32.75					0.05	0.05	0.45	0.03	0.03	0.2	0.45	0.0	0.0	29.54					-0.050000000000000044	-0.050000000000000044	2.5599999999999916	-0.0277777777777779	-0.02739897418811456	1.3837837837837865	2.5599999999999916	0.0020073971503187867	0.001977502735961423	30.674825361795				
2024-10-31 08:00:00	4000	1.83	1.81	1.82	1.83	1.79	CFV.MI	1.15	1.15	1.14	1.15	1.42	1.0	1.0	-1.0	-1.0	0	1.0	1.0	1.0	1.0	1.0	1.0		1.81	1.83						-1.0			1.59										-1.0			1.02	-0.02	-0.02	0.67	-0.01	-0.01	0.13	1.9	0.67	0.0	0.0	47.55					1	-0.0	-0.0	-0.99	-0.0	-0.0	-0.17	-0.99	0.0	0.0	92.64					-0.02	-0.02	-1.11	-0.01	-0.01	-0.42	-1.11	0.0	0.0	33.88					-0.02	-0.02	0.43	-0.01	-0.01	0.18	0.43	0.0	0.0	24.59					0.020000000000000018	0.020000000000000018	2.5799999999999916	0.010810810810810811	0.010869672236903879	1.4098360655737734	2.5799999999999916	0.001923280803349491	0.001893860346167342	29.893303904340982				
2024-11-01 08:00:00	0	1.83	1.83	1.83	1.83	1.79	CFV.MI	1.14	1.14	1.14	1.14	1.42	1.0	1.0	-1.0	-1.0	0	1.0	1.0	1.0	1.0	1.0	1.0									-1.0			1.59		1.14								-1.0			1.02	0.0	0.0	0.67	0.0	0.0	0.13	1.9	0.67	0.0	0.0	47.55					1	0.0	0.0	-0.99	0.0	0.0	-0.17	-0.99	0.0	0.0	92.64					0.0	0.0	-1.11	0.0	0.0	-0.42	-1.11	0.0	0.0	33.88					0.0	0.0	0.43	0.0	0.0	0.18	0.43	0.0	0.0	24.59					-0.0	-0.0	2.5799999999999916	-0.0	-0.0	1.4098360655737734	2.5799999999999916	0.001923280803349491	0.001893860346167342	29.893303904340982				
2024-11-04 08:00:00	14000	1.85	1.81	1.81	1.85	1.81	CFV.MI	1.13	1.16	1.13	1.16	1.42	1.0	1.0	-1.0	-1.0	0	1.0	1.0	1.0	1.0	1.0	1.0	1.85								-1.0			1.59	1.16		1.16							-1.0			1.02	0.02	0.02	0.69	0.01	0.01	0.14	1.9	0.69	0.0	0.0	47.77					1	0.0	0.0	-0.99	0.0	0.0	-0.17	-0.99	0.0	0.0	92.64					0.02	0.02	-1.09	0.01	0.01	-0.42	-1.09	0.0	0.0	34.17					0.02	0.02	0.45	0.01	0.01	0.2	0.45	0.0	0.0	28.31					-0.020000000000000018	-0.020000000000000018	2.5599999999999916	-0.010928961748633892	-0.010869672236903891	1.3837837837837865	2.5599999999999916	0.0019062580347310692	0.0018766584482248216	29.460612199868976				
2024-11-05 08:00:00	7000	1.84	1.8	1.82	1.84	1.8	CFV.MI	1.14	1.15	1.13	1.15	1.42	1.0	1.0	-1.0	-1.0	0	1.0	1.0	1.0	1.0	1.0	1.0									-1.0			1.59		1.13								-1.0			1.02	-0.01	-0.01	0.68	-0.01	-0.01	0.14	1.9	0.68	0.0	0.0	44.67					1	-0.0	-0.0	-0.99	-0.0	-0.0	-0.17	-0.99	0.0	0.0	92.64					-0.01	-0.01	-1.1	-0.01	-0.01	-0.42	-1.1	0.0	0.0	31.2					-0.01	-0.01	0.44	-0.01	-0.01	0.19	0.44	0.0	0.0	25.36					0.010000000000000009	0.010000000000000009	2.5699999999999914	0.005405405405405461	0.005420067469339256	1.3967391304347854	2.5699999999999914	0.0019414884732817735	0.001911690235464114	29.79117479553686				
2024-11-06 08:00:00	3000	1.82	1.8	1.82	1.8	1.76	CFV.MI	1.16	1.16	1.14	1.14	1.42	1.0	1.0	-1.0	-1.0	0	1.0	1.0	1.0	1.0	1.0	1.0									-1.0			1.59										-1.0			1.02	-0.04	-0.04	0.64	-0.02	-0.02	0.11	1.89	0.64	0.0	0.0	39.82					1	-0.0	-0.0	-0.99	-0.0	-0.0	-0.17	-0.99	0.0	0.0	92.64					-0.04	-0.04	-1.14	-0.02	-0.02	-0.43	-1.14	0.0	0.0	26.88					-0.04	-0.04	0.4	-0.02	-0.02	0.16	0.4	0.0	0.0	21.12					0.040000000000000036	0.040000000000000036	2.6099999999999914	0.021739130434782594	0.02197890671877523	1.4500000000000028	2.6099999999999914	0.002084351366953813	0.0020537408190905992	31.08468718513455				
2024-11-07 08:00:00	22000	1.82	1.76	1.79	1.82	1.78	CFV.MI	1.14	1.16	1.12	1.16	1.42	1.0	1.0	-1.0	-1.0	-1	1.0	1.0	1.0	1.0	1.0	1.0		1.76							-1.0			1.59										-1.0			1.02	0.02	0.02	0.66	0.01	0.01	0.13	1.89	0.66	0.0	0.0	46.14					1	0.0	0.0	-0.99	0.0	0.0	-0.17	-0.99	0.0	0.0	92.64					0.02	0.02	-1.12	0.01	0.01	-0.43	-1.12	0.0	0.0	32.6					0.02	0.02	0.42	0.01	0.01	0.18	0.42	0.0	0.0	19.78					-0.020000000000000018	-0.020000000000000018	2.5899999999999914	-0.011111111111111072	-0.011049836186584935	1.423076923076926	2.5899999999999914	0.0016860836654140608	0.00165580595957171	25.828862900332055				
2024-11-08 08:00:00	0	1.82	1.82	1.82	1.82	1.78	CFV.MI	1.16	1.16	1.16	1.16	1.42	1.0	1.0	-1.0	-1.0	-1	1.0	1.0	1.0	1.0	1.0	1.0	1.82								-1.0			1.59	1.16									-1.0			1.02	0.0	0.0	0.66	0.0	0.0	0.13	1.89	0.66	0.0	0.0	46.14					1	-0.0	-0.0	-0.99	-0.0	-0.0	-0.17	-0.99	0.0	0.0	92.64					0.0	0.0	-1.12	0.0	0.0	-0.43	-1.12	0.0	0.0	32.6					0.0	0.0	0.42	0.0	0.0	0.18	0.42	0.0	0.0	19.78					-0.0	-0.0	2.5899999999999914	-0.0	-0.0	1.423076923076926	2.5899999999999914	0.0016860836654140608	0.00165580595957171	25.828862900332055				
2024-11-11 08:00:00	9000	1.8	1.78	1.79	1.78	1.74	CFV.MI	1.12	1.13	1.12	1.12	1.42	1.0	1.0	-1.0	-1.0	-1	1.0	1.0	1.0	1.0	1.0	1.0									-1.0			1.59		1.12								-1.0			1.02	-0.04	-0.04	0.62	-0.02	-0.02	0.1	1.89	0.62	0.0	0.0	41.22					1	0.04	0.04	-0.95	0.02	0.02	-0.15	-0.95	0.0	0.0	93.72					-0.04	-0.04	-1.16	-0.02	-0.02	-0.44	-1.16	0.0	0.0	28.23					-0.04	-0.04	0.38	-0.02	-0.02	0.15	0.38	0.0	0.0	15.62					0.040000000000000036	0.040000000000000036	2.6299999999999915	0.02197802197802201	0.022223136784710235	1.4775280898876435	2.6299999999999915	0.001828311740836207	0.0017972008138200657	27.20354543331422				
2024-11-12 08:00:00	4000	1.78	1.78	1.78	1.78	1.74	CFV.MI	1.14	1.14	1.14	1.14	1.42	1.0	1.0	-1.0	-1.0	-1	1.0	1.0	1.0	1.0	1.0	1.0									-1.0			1.59	1.14									-1.0			1.02	0.0	0.0	0.62	0.0	0.0	0.1	1.86	0.62	0.0	0.0	40.92					1	-0.0	-0.0	-0.95	-0.0	-0.0	-0.15	-0.95	0.0	0.0	93.72					0.0	0.0	-1.16	0.0	0.0	-0.44	-1.16	0.0	0.0	27.86					0.0	0.0	0.38	0.0	0.0	0.15	0.38	0.0	0.0	18.55					-0.0	-0.0	2.6299999999999915	-0.0	-0.0	1.4775280898876435	2.6299999999999915	0.0020140822572132953	0.001983592066797657	30.181550464902394				
2024-11-13 08:00:00	0	1.78	1.78	1.78	1.78	1.74	CFV.MI	1.14	1.14	1.14	1.14	1.42	1.0	1.0	-1.0	-1.0	-1	1.0	1.0	1.0	1.0	1.0	1.0									-1.0			1.59										-1.0			1.02	0.0	0.0	0.62	0.0	0.0	0.1	1.85	0.62	0.0	0.0	40.92					1	-0.0	-0.0	-0.95	-0.0	-0.0	-0.15	-0.95	0.0	0.0	93.72					0.0	0.0	-1.16	0.0	0.0	-0.44	-1.16	0.0	0.0	27.86					0.0	0.0	0.38	0.0	0.0	0.15	0.38	0.0	0.0	18.55					-0.0	-0.0	2.6299999999999915	-0.0	-0.0	1.4775280898876435	2.6299999999999915	0.0020140822572132953	0.001983592066797657	30.181550464902394				
2024-11-14 08:00:00	2000	1.76	1.75	1.76	1.75	1.71	CFV.MI	1.1	1.1	1.1	1.1	1.42	1.0	1.0	-1.0	-1.0	-1	1.0	1.0	1.0	1.0	1.0	1.0									-1.0			1.59		1.1								-1.0			1.02	-0.03	-0.03	0.59	-0.02	-0.02	0.08	1.85	0.59	0.0	0.0	36.41					1	0.03	0.03	-0.92	0.02	0.02	-0.14	-0.92	0.0	0.0	94.51					-0.03	-0.03	-1.19	-0.02	-0.02	-0.45	-1.19	0.0	0.0	23.64					-0.03	-0.03	0.35	-0.02	-0.02	0.13	0.35	0.0	0.0	17.75					0.030000000000000027	0.030000000000000027	2.6599999999999913	0.016853932584269704	0.016997576368571136	1.5200000000000031	2.6599999999999913	0.0023106780334144743	0.0022802036378548607	34.12420170790426				
2024-11-15 08:00:00	2000	1.75	1.75	1.75	1.75	1.71	CFV.MI	1.1	1.1	1.1	1.1	1.42	1.0	1.0	-1.0	-1.0	-1	1.0	1.0	1.0	1.0	1.0	1.0									-1.0			1.59										-1.0			1.02	0.0	0.0	0.59	0.0	0.0	0.08	1.85	0.59	0.0	0.0	36.41					1	-0.0	-0.0	-0.92	-0.0	-0.0	-0.14	-0.92	0.0	0.0	94.51					0.0	0.0	-1.19	0.0	0.0	-0.45	-1.19	0.0	0.0	23.64					0.0	0.0	0.35	0.0	0.0	0.13	0.35	0.0	0.0	17.75					-0.0	-0.0	2.6599999999999913	-0.0	-0.0	1.5200000000000031	2.6599999999999913	0.0023106780334144743	0.0022802036378548607	34.12420170790426				
2024-11-18 08:00:00	6000	1.75	1.75	1.75	1.75	1.71	CFV.MI	1.12	1.12	1.12	1.12	1.42	1.0	1.0	-1.0	-1.0	-1	1.0	1.0	1.0	1.0	1.0	1.0									-1.0			1.59										-1.0			1.02	0.0	0.0	0.59	0.0	0.0	0.08	1.85	0.59	0.0	0.0	36.41					1	-0.0	-0.0	-0.92	-0.0	-0.0	-0.14	-0.92	0.0	0.0	94.51					0.0	0.0	-1.19	0.0	0.0	-0.45	-1.19	0.0	0.0	23.64					0.0	0.0	0.35	0.0	0.0	0.13	0.35	0.0	0.0	17.75					-0.0	-0.0	2.6599999999999913	-0.0	-0.0	1.5200000000000031	2.6599999999999913	0.0023106780334144743	0.0022802036378548607	34.12420170790426				
2024-11-19 08:00:00	5000	1.76	1.72	1.74	1.76	1.72	CFV.MI	1.13	1.14	1.11	1.14	1.42	1.0	1.0	-1.0	-1.0	-1	1.0	1.0	1.0	1.0	1.0	1.0									-1.0			1.59										-1.0			1.02	0.01	0.01	0.6	0.01	0.01	0.09	1.85	0.6	0.0	0.0	41.73					1	-0.01	-0.01	-0.93	-0.01	-0.01	-0.14	-0.93	0.0	0.0	90.27					0.01	0.01	-1.18	0.01	0.01	-0.45	-1.18	0.0	0.0	28.47					0.01	0.01	0.36	0.01	0.01	0.14	0.36	0.0	0.0	16.36					-0.010000000000000009	-0.010000000000000009	2.6499999999999915	-0.005714285714285783	-0.005698021114637796	1.505681818181821	2.6499999999999915	0.0019655282424313864	0.0019353387129281696	29.764137866101898				
2024-11-20 08:00:00	1000	1.75	1.75	1.75	1.75	1.71	CFV.MI	1.14	1.14	1.14	1.14	1.42	1.0	1.0	-1.0	-1.0	-1	1.0	1.0	1.0	1.0	1.0	1.0									-1.0			1.59	1.14									-1.0			1.02	-0.01	-0.01	0.59	-0.01	-0.01	0.08	1.85	0.59	0.0	0.0	38.66					1	0.01	0.01	-0.92	0.01	0.01	-0.14	-0.92	0.0	0.0	90.54					-0.01	-0.01	-1.19	-0.01	-0.01	-0.45	-1.19	0.0	0.0	25.53					-0.01	-0.01	0.35	-0.01	-0.01	0.13	0.35	0.0	0.0	13.44					0.010000000000000009	0.010000000000000009	2.6599999999999913	0.005681818181818232	0.005698021114637779	1.5200000000000031	2.6599999999999913	0.0020025653796765315	0.001972164936763665	30.101189612026005				
2024-11-21 08:00:00	8000	1.79	1.73	1.79	1.74	1.7	CFV.MI	1.16	1.16	1.12	1.13	1.42	1.0	1.0	-1.0	-1.0	-1	1.0	1.0	1.0	1.0	1.0	1.0									-1.0			1.59										-1.0			1.02	-0.01	-0.01	0.58	-0.01	-0.01	0.08	1.85	0.58	0.0	0.0	34.31					1	0.01	0.01	-0.91	0.01	0.01	-0.13	-0.91	0.0	0.0	90.8					-0.01	-0.01	-1.2	-0.01	-0.01	-0.45	-1.2	0.0	0.0	20.92					-0.01	-0.01	0.34	-0.01	-0.01	0.12	0.34	0.0	0.0	14.81					0.010000000000000009	0.010000000000000009	2.669999999999991	0.005714285714285672	0.005730674708984983	1.5344827586206926	2.669999999999991	0.002287717793771427	0.002258426794505608	35.14105877196874				
2024-11-22 08:00:00	12000	1.72	1.7	1.7	1.71	1.67	CFV.MI	1.09	1.11	1.09	1.1	1.42	1.0	1.0	-1.0	-1.0	-1	1.0	1.0	1.0	1.0	1.0	1.0									-1.0			1.59		1.09								-1.0			1.02	-0.03	-0.03	0.55	-0.02	-0.02	0.06	1.85	0.55	0.0	0.0	29.43					1	0.03	0.03	-0.88	0.02	0.02	-0.12	-0.88	0.0	0.0	91.58					-0.03	-0.03	-1.23	-0.02	-0.02	-0.46	-1.23	0.0	0.0	16.19					-0.03	-0.03	0.31	-0.02	-0.02	0.1	0.31	0.0	0.0	14.43					0.030000000000000027	0.030000000000000027	2.6999999999999913	0.017241379310344862	0.01739174271186922	1.5789473684210558	2.6999999999999913	0.002605721844117882	0.0025766755348415327	39.725741135885684				
2024-11-25 08:00:00	3000	1.71	1.7	1.71	1.7	1.66	CFV.MI	1.1	1.1	1.1	1.1	1.42	1.0	1.0	-1.0	-1.0	-1	1.0	1.0	1.0	1.0	1.0	1.0		1.7							-1.0			1.59										-1.0			1.02	-0.01	-0.01	0.54	-0.01	-0.01	0.05	1.85	0.54	0.0	0.0	31.26					1	0.01	0.01	-0.87	0.01	0.01	-0.11	-0.87	0.0	0.0	91.83					-0.01	-0.01	-1.24	-0.01	-0.01	-0.47	-1.24	0.0	0.0	17.61					-0.01	-0.01	0.3	-0.01	-0.01	0.1	0.3	0.0	0.0	9.48					0.010000000000000009	0.010000000000000009	2.709999999999991	0.005847953216374324	0.005865119452398134	1.5941176470588267	2.709999999999991	0.002481595408517083	0.002453207300453064	38.73582680423878				
2024-11-26 08:00:00	2000	1.72	1.68	1.68	1.72	1.68	CFV.MI	1.09	1.12	1.09	1.12	1.42	1.0	1.0	-1.0	-1.0	-1	1.0	1.0	1.0	1.0	1.0	1.0	1.72								-1.0			1.59	1.12									-1.0			1.02	0.02	0.02	0.56	0.01	0.01	0.06	1.85	0.56	0.0	0.0	30.16					1	-0.02	-0.02	-0.89	-0.01	-0.01	-0.12	-0.89	0.0	0.0	86.52					0.02	0.02	-1.22	0.01	0.01	-0.46	-1.22	0.0	0.0	16.18					0.02	0.02	0.32	0.01	0.01	0.11	0.32	0.0	0.0	15.27					-0.020000000000000018	-0.020000000000000018	2.689999999999991	-0.0117647058823529	-0.011696039763191236	1.5639534883720962	2.689999999999991	0.002543310152006976	0.0025155840608956925	40.62008793652542				
2024-11-27 08:00:00	5000	1.7	1.68	1.68	1.68	1.64	CFV.MI	1.09	1.11	1.09	1.09	1.42	1.0	1.0	-1.0	-1.0	-1	1.0	1.0	1.0	1.0	1.0	1.0		1.68		1.68					-1.0			1.59		1.09								-1.0			1.02	-0.04	-0.04	0.52	-0.02	-0.02	0.04	1.85	0.52	0.0	0.0	28.43					1	0.04	0.04	-0.85	0.02	0.02	-0.1	-0.85	0.0	0.0	87.54					-0.04	-0.04	-1.26	-0.02	-0.02	-0.47	-1.26	0.0	0.0	14.83					-0.04	-0.04	0.28	-0.02	-0.02	0.09	0.28	0.0	0.0	10.45					0.040000000000000036	0.040000000000000036	2.729999999999991	0.023255813953488413	0.02353049741019416	1.6250000000000036	2.729999999999991	0.0026607241234518574	0.0026323828838961116	41.55765127564712				
2024-11-28 08:00:00	5000	1.73	1.69	1.69	1.73	1.69	CFV.MI	1.1	1.12	1.1	1.12	1.42	1.0	1.0	-1.0	-1.0	-1	1.0	1.0	1.0	1.0	1.0	1.0									-1.0			1.59										-1.0			1.02	0.05	0.05	0.57	0.03	0.03	0.07	1.85	0.57	0.0	0.0	30.13					1	-0.05	-0.05	-0.9	-0.03	-0.03	-0.13	-0.9	0.0	0.0	79.21					0.05	0.05	-1.21	0.03	0.03	-0.46	-1.21	0.0	0.0	17.05					0.05	0.05	0.33	0.03	0.03	0.12	0.33	0.0	0.0	12.81					-0.050000000000000044	-0.050000000000000044	2.679999999999991	-0.029761904761904878	-0.029327615094520136	1.549132947976882	2.679999999999991	0.00240097463926664	0.002371143216317817	36.18429069092181				
2024-11-29 08:00:00	0	1.73	1.73	1.73	1.73	1.69	CFV.MI	1.12	1.12	1.12	1.12	1.42	1.0	1.0	-1.0	-1.0	-1	1.0	1.0	1.0	-1.0	1.0	-1.0	1.73								-1.0			1.59	1.12									-1.0			1.02	0.0	0.0	0.57	0.0	0.0	0.07	1.85	0.57	0.0	0.0	33.79					1	-0.0	-0.0	-0.9	-0.0	-0.0	-0.13	-0.9	0.0	0.0	79.21					0.0	0.0	-1.21	0.0	0.0	-0.46	-1.21	0.0	0.0	20.48					0.0	0.0	0.33	0.0	0.0	0.12	0.33	0.0	0.0	11.86					-0.0	-0.0	2.679999999999991	-0.0	-0.0	1.549132947976882	2.679999999999991	0.002320973659753164	0.002291582764569533	35.520759802298045				
2024-12-02 08:00:00	5000	1.71	1.69	1.69	1.71	1.71	CFV.MI	1.09	1.1	1.09	1.1	1.42	1.01	1.0	-1.0	-1.0	-1	1.0	1.0	1.0	-1.0	1.0	-1.0		1.69							-1.0			1.59										-1.0			1.02	-0.02	-0.02	0.55	-0.01	-0.01	0.06	1.84	0.55	0.0	0.0	29.49					1	0.02	0.02	-0.88	0.01	0.01	-0.12	-0.88	0.0	0.0	79.19					-0.02	-0.02	-1.23	-0.01	-0.01	-0.46	-1.23	0.0	0.0	16.19					0.02	0.02	0.35	0.01	0.01	0.13	0.35	0.0	0.0	16.17					0.020000000000000018	0.020000000000000018	2.699999999999991	0.011560693641618491	0.011628037995119099	1.5789473684210562	2.699999999999991	0.002600638222397266	0.0025716990945006124	39.7950624722595				
2024-12-03 08:00:00	4000	1.73	1.69	1.69	1.73	1.73	CFV.MI	1.08	1.1	1.08	1.1	1.42	1.01	1.0	-1.0	-1.0	-1	-1.0	1.0	-1.0	-1.0	1.0	-1.0	1.73								-1.0			1.59										-1.0			1.02	0.02	0.02	0.57	0.01	0.01	0.07	1.82	0.57	0.0	0.0	30.15					1	-0.02	-0.02	-0.9	-0.01	-0.01	-0.13	-0.9	0.0	0.0	74.37					0.02	0.02	-1.21	0.01	0.01	-0.46	-1.21	0.0	0.0	17.05					-0.02	-0.02	0.33	-0.01	-0.01	0.12	0.33	0.0	0.0	12.8					-0.020000000000000018	-0.020000000000000018	2.679999999999991	-0.011695906432748648	-0.011628037995119214	1.5491329479768816	2.679999999999991	0.0023993960071475163	0.002369600710708797	36.204352319365576				
2024-12-04 08:00:00	10000	1.73	1.67	1.73	1.69	1.69	CFV.MI	1.09	1.09	1.06	1.07	1.42	1.01	1.0	-1.0	-1.0	-1	-1.0	1.0	-1.0	-1.0	1.0	-1.0									-1.0			1.59										-1.0			1.02	-0.04	-0.04	0.53	-0.02	-0.02	0.05	1.82	0.53	0.0	0.0	24.83					1	0.04	0.04	-0.86	0.02	0.02	-0.11	-0.86	0.0	0.0	74.88					0.04	0.04	-1.17	0.02	0.02	-0.44	-1.17	0.0	0.0	17.87					0.04	0.04	0.37	0.02	0.02	0.14	0.37	0.0	0.0	17.9					0.040000000000000036	0.040000000000000036	2.719999999999991	0.023121387283236983	0.023392879574705462	1.609467455621305	2.719999999999991	0.002758519420618061	0.0027287527312447324	41.01983137460444				
2024-12-05 08:00:00	2000	1.69	1.69	1.69	1.69	1.69	CFV.MI	1.05	1.05	1.05	1.05	1.42	1.01	1.0	-1.0	-1.0	-1	-1.0	1.0	-1.0	-1.0	1.0	-1.0									-1.0			1.59										-1.0			1.02	0.0	0.0	0.53	0.0	0.0	0.05	1.82	0.53	0.0	0.0	28.95					1	-0.0	-0.0	-0.86	-0.0	-0.0	-0.11	-0.86	0.0	0.0	80.82					-0.0	-0.0	-1.17	-0.0	-0.0	-0.44	-1.17	0.0	0.0	21.74					-0.0	-0.0	0.37	-0.0	-0.0	0.14	0.37	0.0	0.0	16.6					-0.0	-0.0	2.719999999999991	-0.0	-0.0	1.609467455621305	2.719999999999991	0.002637795433750117	0.002608676875491156	40.10912622939663				
2024-12-06 08:00:00	4000	1.69	1.68	1.69	1.68	1.68	CFV.MI	1.05	1.05	1.04	1.04	1.42	1.01	1.0	-1.0	-1.0	-1	-1.0	1.0	-1.0	-1.0	1.0	-1.0		1.68		1.68					-1.0			1.59		1.04								-1.0			1.02	-0.01	-0.01	0.52	-0.01	-0.01	0.04	1.8	0.52	0.0	0.0	28.97					1	0.01	0.01	-0.85	0.01	0.01	-0.1	-0.85	0.0	0.0	85.0					0.01	0.01	-1.16	0.01	0.01	-0.44	-1.16	0.0	0.0	25.12					0.01	0.01	0.38	0.01	0.01	0.15	0.38	0.0	0.0	16.59					0.010000000000000009	0.010000000000000009	2.7299999999999907	0.00591715976331364	0.005934735519814578	1.6250000000000036	2.7299999999999907	0.0026368285530211136	0.0026077151570660373	40.10166655573255				
2024-12-09 08:00:00	4000	1.71	1.7	1.7	1.71	1.71	CFV.MI	1.06	1.07	1.06	1.07	1.42	1.01	1.0	-1.0	-1.0	-1	-1.0	-1.0	1.0	-1.0	1.0	-1.0									-1.0			1.59										-1.0			1.02	0.03	0.03	0.55	0.02	0.02	0.06	1.79	0.55	0.0	0.0	29.96					1	-0.03	-0.03	-0.88	-0.02	-0.02	-0.12	-0.88	0.0	0.0	79.01					-0.03	-0.03	-1.19	-0.02	-0.02	-0.45	-1.19	0.0	0.0	21.23					-0.03	-0.03	0.35	-0.02	-0.02	0.13	0.35	0.0	0.0	12.79					-0.030000000000000027	-0.030000000000000027	2.6999999999999904	-0.017857142857142794	-0.017699577099400857	1.5789473684210562	2.6999999999999904	0.00241445491377042	0.002384257248170485	35.94668975460856				
2024-12-10 08:00:00	25000	1.8	1.73	1.73	1.76	1.76	CFV.MI	1.08	1.12	1.08	1.1	1.42	1.01	1.0	-1.0	-1.0	0	-1.0	-1.0	1.0	-1.0	1.0	-1.0	1.8		1.8						-1.0			1.59	1.12									-1.0			1.02	0.05	0.05	0.6	0.03	0.03	0.09	1.8	0.6	0.0	0.0	30.55					1	-0.05	-0.05	-0.93	-0.03	-0.03	-0.14	-0.93	0.0	0.0	70.7					0.05	0.05	-1.14	0.03	0.03	-0.43	-1.14	0.0	0.0	21.94					-0.05	-0.05	0.3	-0.03	-0.03	0.1	0.3	0.0	0.0	12.04					-0.050000000000000044	-0.050000000000000044	2.6499999999999906	-0.029239766081871288	-0.028820438535491884	1.505681818181822	2.6499999999999906	0.0023780985303644407	0.0023475038906424217	34.960750469536954				
2024-12-11 08:00:00	3000	1.77	1.75	1.76	1.77	1.77	CFV.MI	1.09	1.1	1.09	1.1	1.42	1.03	1.0	-1.0	-1.0	0	-1.0	-1.0	1.0	-1.0	1.0	-1.0									-1.0			1.59										-1.0			1.02	0.01	0.01	0.61	0.01	0.01	0.09	1.8	0.61	0.0	0.0	30.85					1	0.0	0.0	-0.93	0.0	0.0	-0.14	-0.93	0.0	0.0	70.7					0.01	0.01	-1.13	0.01	0.01	-0.43	-1.13	0.0	0.0	22.31					-0.01	-0.01	0.29	-0.01	-0.01	0.09	0.29	0.0	0.0	9.18					-0.010000000000000009	-0.010000000000000009	2.639999999999991	-0.005681818181818121	-0.0056657375356773	1.4915254237288171	2.639999999999991	0.0021932341087726056	0.0021620042227683545	32.029891096299345				
2024-12-12 08:00:00	6000	1.75	1.74	1.75	1.75	1.75	CFV.MI	1.08	1.08	1.08	1.08	1.42	1.03	1.0	-1.0	-1.0	0	-1.0	-1.0	1.0	-1.0	1.0	-1.0									-1.0			1.59										-1.0			1.02	-0.02	-0.02	0.59	-0.01	-0.01	0.08	1.8	0.59	0.0	0.0	26.72					1	-0.0	-0.0	-0.93	-0.0	-0.0	-0.14	-0.93	0.0	0.0	70.15					-0.02	-0.02	-1.15	-0.01	-0.01	-0.44	-1.15	0.0	0.0	18.21					0.02	0.02	0.31	0.01	0.01	0.11	0.31	0.0	0.0	13.33					0.020000000000000018	0.020000000000000018	2.659999999999991	0.011299435028248594	0.011363758650315095	1.520000000000004	2.659999999999991	0.0024743124983567007	0.00244353018566823	36.12982681448652				
2024-12-13 08:00:00	1000	1.74	1.74	1.74	1.74	1.74	CFV.MI	1.08	1.08	1.08	1.08	1.42	1.03	1.0	-1.0	-1.0	0	-1.0	-1.0	1.0	-1.0	1.0	-1.0		1.74							-1.0			1.59		1.08								-1.0			1.02	-0.01	-0.01	0.58	-0.01	-0.01	0.08	1.8	0.58	0.0	0.0	23.79					1	-0.0	-0.0	-0.93	-0.0	-0.0	-0.14	-0.93	0.0	0.0	70.15					-0.01	-0.01	-1.16	-0.01	-0.01	-0.44	-1.16	0.0	0.0	15.35					0.01	0.01	0.32	0.01	0.01	0.11	0.32	0.0	0.0	13.74					0.010000000000000009	0.010000000000000009	2.669999999999991	0.005714285714285672	0.005730674708984983	1.5344827586206935	2.669999999999991	0.0025121349514360004	0.002481139944406685	36.42450137152311				
2024-12-16 08:00:00	0	1.74	1.74	1.74	1.74	1.74	CFV.MI	1.08	1.08	1.08	1.08	1.42	1.03	1.0	-1.0	-1.0	0	-1.0	-1.0	1.0	-1.0	1.0	-1.0									-1.0			1.59										-1.0			1.02	0.0	0.0	0.58	0.0	0.0	0.08	1.8	0.58	0.0	0.0	23.45					1	0.0	0.0	-0.93	0.0	0.0	-0.14	-0.93	0.0	0.0	69.87					0.0	0.0	-1.16	0.0	0.0	-0.44	-1.16	0.0	0.0	14.93					-0.0	-0.0	0.32	-0.0	-0.0	0.11	0.32	0.0	0.0	16.62					-0.0	-0.0	2.669999999999991	-0.0	-0.0	1.5344827586206935	2.669999999999991	0.002697723901511551	0.0026674005577194126	39.390396409123824				
2024-12-17 08:00:00	1000	1.75	1.75	1.75	1.75	1.75	CFV.MI	1.1	1.1	1.1	1.1	1.42	1.04	1.0	-1.0	-1.0	0	-1.0	-1.0	1.0	-1.0	1.0	-1.0	1.75								-1.0			1.59	1.1									-1.0			1.02	0.01	0.01	0.59	0.01	0.01	0.08	1.8	0.59	0.0	0.0	27.83					1	0.0	0.0	-0.93	0.0	0.0	-0.14	-0.93	0.0	0.0	75.56					0.01	0.01	-1.15	0.01	0.01	-0.44	-1.15	0.0	0.0	19.11					-0.01	-0.01	0.31	-0.01	-0.01	0.11	0.31	0.0	0.0	17.51					-0.010000000000000009	-0.010000000000000009	2.6599999999999913	-0.005747126436781658	-0.0057306747089850745	1.520000000000004	2.6599999999999913	0.002395199190076748	0.0023648688928565864	35.51075131337817				
2024-12-18 08:00:00	1000	1.73	1.73	1.73	1.73	1.73	CFV.MI	1.08	1.08	1.08	1.08	1.42	1.04	1.0	-1.0	-1.0	0	-1.0	-1.0	1.0	-1.0	1.0	-1.0									-1.0			1.59		1.08								-1.0			1.02	-0.02	-0.02	0.57	-0.01	-0.01	0.07	1.8	0.57	0.0	0.0	24.35					1	-0.0	-0.0	-0.93	-0.0	-0.0	-0.14	-0.93	0.0	0.0	75.56					-0.02	-0.02	-1.17	-0.01	-0.01	-0.44	-1.17	0.0	0.0	15.8					0.02	0.02	0.33	0.01	0.01	0.12	0.33	0.0	0.0	18.3					0.020000000000000018	0.020000000000000018	2.6799999999999913	0.011428571428571455	0.011494379425735134	1.5491329479768825	2.6799999999999913	0.0024710620942866002	0.0024403075649632733	36.11541495959455				
2024-12-19 08:00:00	0	1.73	1.73	1.73	1.73	1.73	CFV.MI	1.1	1.1	1.1	1.1	1.42	1.04	1.0	-1.0	-1.0	0	-1.0	-1.0	1.0	-1.0	1.0	-1.0									-1.0			1.59	1.1									-1.0			1.02	0.0	0.0	0.57	0.0	0.0	0.07	1.8	0.57	0.0	0.0	24.35					1	0.0	0.0	-0.93	0.0	0.0	-0.14	-0.93	0.0	0.0	75.56					0.0	0.0	-1.17	0.0	0.0	-0.44	-1.17	0.0	0.0	15.8					-0.0	-0.0	0.33	-0.0	-0.0	0.12	0.33	0.0	0.0	18.3					-0.0	-0.0	2.6799999999999913	-0.0	-0.0	1.5491329479768825	2.6799999999999913	0.0024710620942866002	0.0024403075649632733	36.11541495959455				
2024-12-20 08:00:00	1000	1.71	1.71	1.71	1.71	1.71	CFV.MI	1.09	1.09	1.09	1.09	1.42	1.04	1.0	-1.0	-1.0	0	-1.0	-1.0	1.0	-1.0	1.0	-1.0									-1.0			1.59										-1.0			1.02	-0.02	-0.02	0.55	-0.01	-0.01	0.06	1.8	0.55	0.0	0.0	20.91					1	-0.0	-0.0	-0.93	-0.0	-0.0	-0.14	-0.93	0.0	0.0	75.56					-0.02	-0.02	-1.19	-0.01	-0.01	-0.45	-1.19	0.0	0.0	12.52					0.02	0.02	0.35	0.01	0.01	0.13	0.35	0.0	0.0	19.09					0.020000000000000018	0.020000000000000018	2.6999999999999913	0.011560693641618491	0.011628037995119099	1.5789473684210567	2.6999999999999913	0.0025478071450543856	0.002516620474907194	36.709889240201434				
2024-12-23 08:00:00	17000	1.71	1.66	1.71	1.67	1.67	CFV.MI	1.09	1.09	1.06	1.07	1.42	1.04	1.0	-1.0	-1.0	-1	-1.0	-1.0	1.0	-1.0	1.0	-1.0									-1.0			1.59										-1.0			1.02	-0.04	-0.04	0.51	-0.02	-0.02	0.03	1.8	0.51	0.0	0.0	21.5					1	-0.0	-0.0	-0.93	-0.0	-0.0	-0.14	-0.93	0.0	0.0	83.8					-0.04	-0.04	-1.23	-0.02	-0.02	-0.46	-1.23	0.0	0.0	13.0					0.04	0.04	0.39	0.02	0.02	0.16	0.39	0.0	0.0	25.37					0.040000000000000036	0.040000000000000036	2.7399999999999913	0.023391812865497075	0.023669744085904734	1.6407185628742558	2.7399999999999913	0.0025034041066045094	0.0024724678287022517	36.368008222951275				
2024-12-27 08:00:00	17000	1.67	1.62	1.65	1.67	1.67	CFV.MI	1.04	1.05	1.02	1.05	1.42	1.02	-1.0	-1.0	-1.0	-1	-1.0	-1.0	1.0	-1.0	1.0	-1.0		1.62		1.62					-1.0			1.59		1.02		1.02						-1.0			1.02	0.0	0.0	0.51	0.0	0.0	0.03	1.8	0.51	0.0	0.0	20.02					1	-0.0	-0.0	-0.93	-0.0	-0.0	-0.14	-0.93	0.0	0.0	82.69					0.0	0.0	-1.23	0.0	0.0	-0.46	-1.23	0.0	0.0	11.18					-0.0	-0.0	0.39	-0.0	-0.0	0.16	0.39	0.0	0.0	23.85					-0.0	-0.0	2.7399999999999913	-0.0	-0.0	1.6407185628742558	2.7399999999999913	0.0027498578701971314	0.002720268321383612	41.135742956189254				
2024-12-30 08:00:00	1000	1.74	1.74	1.74	1.74	1.74	CFV.MI	1.1	1.1	1.1	1.1	1.42	1.02	-1.0	-1.0	-1.0	-1	-1.0	-1.0	1.0	-1.0	1.0	-1.0	1.74								-1.0			1.59	1.1									-1.0			1.02	-0.07	-0.07	0.44	-0.04	-0.04	-0.01	1.8	0.44	0.0	0.0	13.44					1	-0.07	-0.07	-1.0	-0.04	-0.04	-0.18	-1.0	0.0	0.0	72.05					0.07	0.07	-1.16	0.04	0.04	-0.44	-1.16	0.0	0.0	13.34					-0.07	-0.07	0.32	-0.04	-0.04	0.11	0.32	0.0	0.0	17.44					-0.07000000000000006	-0.07000000000000006	2.669999999999991	-0.041916167664670656	-0.04106148679777392	1.534482758620694	2.669999999999991	0.002653876394218639	0.0026232198974485144	38.341006541731424				
2025-01-02 08:00:00	14000	1.7	1.64	1.69	1.69	1.69	CFV.MI	1.06	1.07	1.03	1.06	1.42	1.02	-1.0	-1.0	-1.0	-1	-1.0	-1.0	1.0	-1.0	1.0	-1.0		1.64							-1.0			1.59		1.03								-1.0			1.02	0.05	0.05	0.49	0.03	0.03	0.02	1.8	0.49	0.0	0.0	14.18					1	0.05	0.05	-0.95	0.03	0.03	-0.15	-0.95	0.0	0.0	72.62					-0.05	-0.05	-1.21	-0.03	-0.03	-0.46	-1.21	0.0	0.0	7.59					0.05	0.05	0.37	0.03	0.03	0.14	0.37	0.0	0.0	18.22					0.050000000000000044	0.050000000000000044	2.719999999999991	0.028735632183908066	0.029156584291455578	1.609467455621306	2.719999999999991	0.0030752111666642067	0.003044628395891813	43.805358783071675				
2025-01-03 08:00:00	3000	1.72	1.68	1.7	1.72	1.72	CFV.MI	1.07	1.09	1.06	1.09	1.42	1.02	-1.0	-1.0	-1.0	-1	-1.0	-1.0	1.0	-1.0	1.0	-1.0	1.72								-1.0			1.59	1.09									-1.0			1.02	-0.03	-0.03	0.46	-0.02	-0.02	0.0	1.8	0.46	0.0	0.0	13.73					1	-0.03	-0.03	-0.98	-0.02	-0.02	-0.17	-0.98	0.0	0.0	71.68					0.03	0.03	-1.18	0.02	0.02	-0.45	-1.18	0.0	0.0	8.04					-0.03	-0.03	0.34	-0.02	-0.02	0.12	0.34	0.0	0.0	17.79					-0.030000000000000027	-0.030000000000000027	2.6899999999999906	-0.01775147928994092	-0.01759576189037966	1.5639534883720971	2.6899999999999906	0.0027707436605779318	0.0027394493946617526	39.197443676245015				
2025-01-06 08:00:00	6000	1.69	1.67	1.68	1.68	1.68	CFV.MI	1.04	1.05	1.04	1.04	1.42	1.02	-1.0	-1.0	-1.0	-1	-1.0	-1.0	1.0	-1.0	1.0	-1.0		1.67							-1.0			1.59		1.04								-1.0			1.02	0.04	0.04	0.5	0.02	0.02	0.03	1.8	0.5	0.0	0.0	13.37					1	0.04	0.04	-0.94	0.02	0.02	-0.15	-0.94	0.0	0.0	71.4					-0.04	-0.04	-1.22	-0.02	-0.02	-0.46	-1.22	0.0	0.0	8.41					0.04	0.04	0.38	0.02	0.02	0.15	0.38	0.0	0.0	17.42					0.040000000000000036	0.040000000000000036	2.7299999999999907	0.023255813953488413	0.02353049741019416	1.6250000000000044	2.7299999999999907	0.0031922122579957826	0.0031616255773661006	45.47858292528289				
2025-01-07 08:00:00	1000	1.72	1.72	1.72	1.72	1.72	CFV.MI	1.06	1.06	1.06	1.06	1.42	1.02	-1.0	-1.0	-1.0	-1	-1.0	-1.0	1.0	-1.0	1.0	-1.0	1.72								-1.0			1.59	1.06									-1.0			1.02	-0.04	-0.04	0.46	-0.02	-0.02	0.0	1.8	0.46	0.0	0.0	12.46					1	-0.04	-0.04	-0.98	-0.02	-0.02	-0.17	-0.98	0.0	0.0	69.52					0.04	0.04	-1.18	0.02	0.02	-0.45	-1.18	0.0	0.0	9.3					-0.04	-0.04	0.34	-0.02	-0.02	0.12	0.34	0.0	0.0	16.57					-0.040000000000000036	-0.040000000000000036	2.6899999999999906	-0.023809523809523725	-0.023530497410194036	1.5639534883720971	2.6899999999999906	0.0028695065698471868	0.0028379784119665352	40.28567183456784				
2025-01-08 08:00:00	3000	1.72	1.71	1.72	1.71	1.71	CFV.MI	1.06	1.06	1.05	1.05	1.42	1.02	-1.0	-1.0	-1.0	-1	-1.0	-1.0	1.0	-1.0	1.0	-1.0		1.71							-1.0			1.59										-1.0			1.02	0.01	0.01	0.47	0.01	0.01	0.01	1.8	0.47	0.0	0.0	12.84					1	0.01	0.01	-0.97	0.01	0.01	-0.16	-0.97	0.0	0.0	69.81					-0.01	-0.01	-1.19	-0.01	-0.01	-0.45	-1.19	0.0	0.0	6.51					0.01	0.01	0.35	0.01	0.01	0.13	0.35	0.0	0.0	16.96					0.010000000000000009	0.010000000000000009	2.6999999999999904	0.005813953488372103	0.00583092031079321	1.578947368421057	2.6999999999999904	0.0029085737359295016	0.0028768281945650287	40.5539616918164				
2025-01-09 08:00:00	1000	1.72	1.72	1.72	1.72	1.72	CFV.MI	1.05	1.05	1.05	1.05	1.42	1.02	-1.0	-1.0	-1.0	-1	-1.0	-1.0	1.0	-1.0	1.0	-1.0	1.72								-1.0			1.59										-1.0			1.02	-0.01	-0.01	0.46	-0.01	-0.01	0.0	1.8	0.46	0.0	0.0	15.62					1	-0.01	-0.01	-0.98	-0.01	-0.01	-0.17	-0.98	0.0	0.0	75.62					0.01	0.01	-1.18	0.01	0.01	-0.45	-1.18	0.0	0.0	3.7					-0.01	-0.01	0.34	-0.01	-0.01	0.12	0.34	0.0	0.0	19.56					-0.010000000000000009	-0.010000000000000009	2.6899999999999906	-0.005847953216374213	-0.005830920310793144	1.5639534883720976	2.6899999999999906	0.0024451475915081085	0.0024142678151930497	35.59905713752778				
2025-01-10 08:00:00	1000	1.7	1.7	1.7	1.7	1.7	CFV.MI	1.04	1.04	1.04	1.04	1.42	1.02	-1.0	-1.0	-1.0	-1	-1.0	-1.0	1.0	-1.0	1.0	-1.0									-1.0			1.59		1.04								-1.0			1.02	0.02	0.02	0.48	0.01	0.01	0.01	1.8	0.48	0.0	0.0	13.64					1	0.02	0.02	-0.96	0.01	0.01	-0.16	-0.96	0.0	0.0	74.1					-0.02	-0.02	-1.2	-0.01	-0.01	-0.45	-1.2	0.0	0.0	5.7					0.02	0.02	0.36	0.01	0.01	0.14	0.36	0.0	0.0	26.1					0.020000000000000018	0.020000000000000018	2.7099999999999906	0.011627906976744207	0.011696039763191298	1.5941176470588285	2.7099999999999906	0.0028264285554134984	0.0027970953551748057	42.648355633325075				
2025-01-13 08:00:00	2000	1.7	1.69	1.69	1.7	1.7	CFV.MI	1.05	1.05	1.05	1.05	1.42	1.02	-1.0	-1.0	-1.0	-1	-1.0	-1.0	1.0	-1.0	1.0	-1.0									-1.0			1.59	1.05									-1.0			1.02	-0.0	-0.0	0.48	-0.0	-0.0	0.01	1.8	0.48	0.0	0.0	17.08					1	-0.0	-0.0	-0.96	-0.0	-0.0	-0.16	-0.96	0.0	0.0	79.11					0.0	0.0	-1.2	0.0	0.0	-0.45	-1.2	0.0	0.0	4.72					-0.0	-0.0	0.36	-0.0	-0.0	0.14	0.36	0.0	0.0	25.35					-0.0	-0.0	2.7099999999999906	-0.0	-0.0	1.5941176470588285	2.7099999999999906	0.002748065089000117	0.002719150305214857	42.06596141507742				
2025-01-14 08:00:00	2000	1.69	1.68	1.69	1.68	1.68	CFV.MI	1.04	1.04	1.03	1.03	1.42	1.02	-1.0	-1.0	-1.0	-1	-1.0	-1.0	1.0	-1.0	1.0	-1.0									-1.0			1.59										-1.0			1.02	0.02	0.02	0.5	0.01	0.01	0.03	1.77	0.5	-0.0	-0.0	-0.86					1	0.02	0.02	-0.94	0.01	0.01	-0.15	-0.94	0.0	0.0	64.96					-0.02	-0.02	-1.22	-0.01	-0.01	-0.46	-1.22	0.0	0.0	22.32					0.02	0.02	0.38	0.01	0.01	0.15	0.38	0.0	0.0	52.55					0.020000000000000018	0.020000000000000018	2.7299999999999907	0.0117647058823529	0.011834457647002796	1.6250000000000044	2.7299999999999907	0.0036663793883230412	0.0036445380291529883	74.89311630592935				
2025-01-15 08:00:00	2000	1.7	1.67	1.7	1.67	1.67	CFV.MI	1.03	1.03	1.01	1.01	1.32	1.01	-1.0	-1.0	-1.0	-1	-1.0	-1.0	1.0	-1.0	1.0	-1.0									-1.0			1.59										-1.0			1.02	0.01	0.01	0.51	0.01	0.01	0.03	1.75	0.51	0.0	0.0	6.26					1	0.01	0.01	-0.93	0.01	0.01	-0.14	-0.93	0.0	0.0	76.59					-0.01	-0.01	-1.23	-0.01	-0.01	-0.46	-1.23	0.0	0.0	15.25					0.01	0.01	0.39	0.01	0.01	0.16	0.39	0.0	0.0	50.46					0.010000000000000009	0.010000000000000009	2.7399999999999904	0.005952380952380931	0.005970166986503796	1.6407185628742558	2.7399999999999904	0.0034428656572806715	0.003422022812927139	73.26386285928089				
2025-01-16 08:00:00	0	1.67	1.67	1.67	1.67	1.67	CFV.MI	1.01	1.01	1.01	1.01	1.32	1.01	-1.0	-1.0	-1.0	-1	-1.0	-1.0	1.0	-1.0	1.0	-1.0		1.67							-1.0			1.59		1.01								-1.0			1.02	-0.0	-0.0	0.51	-0.0	-0.0	0.03	1.75	0.51	0.0	0.0	18.14					1	-0.0	-0.0	-0.93	-0.0	-0.0	-0.14	-0.93	0.0	0.0	100.26					0.0	0.0	-1.23	0.0	0.0	-0.46	-1.23	0.0	0.0	5.98					-0.0	-0.0	0.39	-0.0	-0.0	0.16	0.39	0.0	0.0	44.27					-0.0	-0.0	2.7399999999999904	-0.0	-0.0	1.6407185628742558	2.7399999999999904	0.0028817226962022467	0.0028632843155311782	68.50376670540845				
2025-01-17 08:00:00	8000	1.73	1.7	1.7	1.73	1.73	CFV.MI	1.01	1.03	1.01	1.03	1.31	1.01	-1.0	-1.0	-1.0	-1	-1.0	-1.0	1.0	-1.0	1.0	-1.0	1.73								-1.0			1.59	1.03									-1.0			1.02	-0.06	-0.06	0.45	-0.04	-0.04	-0.0	1.75	0.45	0.0	-0.0	0.03					1	-0.06	-0.06	-0.99	-0.04	-0.04	-0.17	-0.99	0.0	0.0	78.13					0.06	0.06	-1.17	0.04	0.04	-0.44	-1.17	0.0	0.0	23.57					-0.06	-0.06	0.33	-0.04	-0.04	0.12	0.33	0.0	0.0	51.89					-0.06000000000000005	-0.06000000000000005	2.6799999999999904	-0.03592814371257491	-0.035297782081023896	1.549132947976883	2.6799999999999904	0.0030328370693445813	0.003015716839080973	78.28935500127909				
2025-01-20 08:00:00	2000	1.71	1.71	1.71	1.71	1.71	CFV.MI	1.02	1.02	1.02	1.02	1.28	1.01	-1.0	-1.0	-1.0	-1	-1.0	-1.0	1.0	-1.0	1.0	-1.0									-1.0			1.59										-1.0			1.02	0.02	0.02	0.47	0.01	0.01	0.01	1.75	0.47	0.0	0.0	10.37					1	0.02	0.02	-0.97	0.01	0.01	-0.16	-0.97	0.0	0.0	95.93					-0.02	-0.02	-1.19	-0.01	-0.01	-0.45	-1.19	0.0	0.0	13.18					0.02	0.02	0.35	0.01	0.01	0.13	0.35	0.0	0.0	48.86					0.020000000000000018	0.020000000000000018	2.6999999999999904	0.011560693641618491	0.011628037995119099	1.578947368421057	2.6999999999999904	0.0028019806699364205	0.002785772166544076	75.9909849420253				
2025-01-21 08:00:00	7000	1.7	1.67	1.69	1.7	1.7	CFV.MI	1.01	1.02	1.0	1.02	1.28	1.0	-1.0	-1.0	-1.0	-1	-1.0	-1.0	1.0	-1.0	1.0	-1.0									-1.0			1.59		1.0								-1.0			1.02	0.01	0.01	0.48	0.01	0.01	0.01	1.74	0.48	0.0	0.0	15.86					1	0.01	0.01	-0.96	0.01	0.01	-0.16	-0.96	0.0	0.0	103.95					-0.01	-0.01	-1.2	-0.01	-0.01	-0.45	-1.2	0.0	0.0	7.67					0.01	0.01	0.36	0.01	0.01	0.14	0.36	0.0	0.0	48.43					0.010000000000000009	0.010000000000000009	2.70999999999999	0.005847953216374324	0.005865119452398134	1.594117647058828	2.70999999999999	0.0027710295083765886	0.002754941354847107	75.66503161236635				
2025-01-22 08:00:00	1000	1.69	1.69	1.69	1.69	1.69	CFV.MI	1.02	1.02	1.02	1.02	1.28	1.0	-1.0	-1.0	-1.0	-1	-1.0	-1.0	1.0	-1.0	1.0	-1.0									-1.0			1.59	1.02									-1.0			1.02	0.01	0.01	0.49	0.01	0.01	0.02	1.74	0.49	0.0	0.0	25.22					1	0.01	0.01	-0.95	0.01	0.01	-0.15	-0.95	0.0	0.0	121.45					-0.01	-0.01	-1.21	-0.01	-0.01	-0.46	-1.21	-0.0	-0.0	-2.2					0.01	0.01	0.37	0.01	0.01	0.14	0.37	0.0	0.0	45.25					0.010000000000000009	0.010000000000000009	2.71999999999999	0.00588235294117645	0.005899722127188271	1.609467455621306	2.71999999999999	0.0025572514598654894	0.002541982373964524	73.28604239607213				
2025-01-23 08:00:00	1000	1.69	1.69	1.69	1.69	1.69	CFV.MI	1.01	1.01	1.01	1.01	1.28	1.0	-1.0	-1.0	-1.0	-1	-1.0	-1.0	1.0	-1.0	1.0	-1.0									-1.0			1.59										-1.0			1.02	-0.0	-0.0	0.49	-0.0	-0.0	0.02	1.74	0.49	0.0	0.0	29.45					1	-0.0	-0.0	-0.95	-0.0	-0.0	-0.15	-0.95	0.0	0.0	127.85					0.0	0.0	-1.21	0.0	0.0	-0.46	-1.21	-0.0	-0.0	-3.12					-0.0	-0.0	0.37	-0.0	-0.0	0.14	0.37	0.0	0.0	49.6					-0.0	-0.0	2.71999999999999	-0.0	-0.0	1.609467455621306	2.71999999999999	0.002520194147446049	0.002505064877791119	72.84948464658322				
2025-01-24 08:00:00	1000	1.68	1.68	1.68	1.68	1.68	CFV.MI	1.0	1.0	1.0	1.0	1.28	1.0	-1.0	-1.0	-1.0	-1	-1.0	-1.0	1.0	-1.0	1.0	-1.0									-1.0			1.59		1.0								-1.0			1.02	0.01	0.01	0.5	0.01	0.01	0.03	1.74	0.5	0.0	0.0	29.52					1	0.01	0.01	-0.94	0.01	0.01	-0.15	-0.94	0.0	0.0	127.89					-0.01	-0.01	-1.22	-0.01	-0.01	-0.46	-1.22	-0.0	-0.0	-3.18					0.01	0.01	0.38	0.01	0.01	0.15	0.38	0.0	0.0	49.65					0.010000000000000009	0.010000000000000009	2.7299999999999898	0.00591715976331364	0.005934735519814578	1.6250000000000044	2.7299999999999898	0.002695940761637458	0.0026810567619188763	77.97460702188746				
2025-01-27 08:00:00	0	1.68	1.68	1.68	1.68	1.68	CFV.MI	1.0	1.0	1.0	1.0	1.28	1.0	-1.0	-1.0	-1.0	-1	-1.0	-1.0	1.0	-1.0	1.0	-1.0									-1.0			1.59										-1.0			1.02	-0.0	-0.0	0.5	-0.0	-0.0	0.03	1.74	0.5	0.0	0.0	28.82					1	-0.0	-0.0	-0.94	-0.0	-0.0	-0.15	-0.94	0.0	0.0	127.35					0.0	0.0	-1.22	0.0	0.0	-0.46	-1.22	0.0	0.0	0.97					-0.0	-0.0	0.38	-0.0	-0.0	0.15	0.38	0.0	0.0	49.09					-0.0	-0.0	2.7299999999999898	-0.0	-0.0	1.6250000000000044	2.7299999999999898	0.0028301526414459405	0.00281567388185322	82.67976867142772				
2025-01-28 08:00:00	4000	1.71	1.67	1.71	1.67	1.67	CFV.MI	1.02	1.02	1.0	1.0	1.28	1.0	-1.0	-1.0	-1.0	-1	-1.0	-1.0	1.0	-1.0	1.0	-1.0									-1.0			1.59	1.02									-1.0			1.02	0.01	0.01	0.51	0.01	0.01	0.03	1.74	0.51	0.0	0.0	28.89					1	0.01	0.01	-0.93	0.01	0.01	-0.14	-0.93	0.0	0.0	127.41					-0.01	-0.01	-1.23	-0.01	-0.01	-0.46	-1.23	0.0	0.0	0.9					0.01	0.01	0.39	0.01	0.01	0.16	0.39	0.0	0.0	49.15					0.010000000000000009	0.010000000000000009	2.7399999999999896	0.005952380952380931	0.005970166986503796	1.6407185628742558	2.7399999999999896	0.0030055839587447898	0.002991374112579992	87.8663163467022				
2025-01-29 08:00:00	0	1.67	1.67	1.67	1.67	1.67	CFV.MI	0.99	0.99	0.99	0.99	1.28	0.99	-1.0	-1.0	-1.0	-1	-1.0	-1.0	1.0	-1.0	1.0	-1.0									-1.0			1.59										-1.0			1.02	-0.0	-0.0	0.51	-0.0	-0.0	0.03	1.73	0.51	0.0	0.0	28.89					1	-0.0	-0.0	-0.93	-0.0	-0.0	-0.14	-0.93	0.0	0.0	127.41					0.0	0.0	-1.23	0.0	0.0	-0.46	-1.23	0.0	0.0	0.9					-0.0	-0.0	0.39	-0.0	-0.0	0.16	0.39	0.0	0.0	49.15					-0.0	-0.0	2.7399999999999896	-0.0	-0.0	1.6407185628742558	2.7399999999999896	0.0030055839587447898	0.002991374112579992	87.8663163467022				
2025-01-30 08:00:00	1000	1.66	1.66	1.66	1.66	1.66	CFV.MI	0.98	0.98	0.98	0.98	1.28	0.98	-1.0	-1.0	-1.0	-1	-1.0	-1.0	1.0	-1.0	1.0	-1.0									-1.0			1.59		0.98								-1.0			1.02	0.01	0.01	0.52	0.01	0.01	0.04	1.73	0.52	0.0	0.0	34.79					1	0.01	0.01	-0.92	0.01	0.01	-0.14	-0.92	0.0	0.0	136.64					-0.01	-0.01	-1.24	-0.01	-0.01	-0.47	-1.24	-0.0	-0.0	-5.2					0.01	0.01	0.4	0.01	0.01	0.17	0.4	0.0	0.0	55.17					0.010000000000000009	0.010000000000000009	2.7499999999999893	0.005988023952095856	0.006006024060211922	1.656626506024101	2.7499999999999893	0.0029714692252323636	0.0029573750988460823	87.5248549224737				
2025-01-31 08:00:00	1000	1.66	1.66	1.66	1.66	1.66	CFV.MI	0.98	0.98	0.98	0.98	1.28	0.98	-1.0	-1.0	-1.0	-1	-1.0	-1.0	1.0	-1.0	1.0	-1.0		1.66							-1.0			1.59										-1.0			1.02	-0.0	-0.0	0.52	-0.0	-0.0	0.04	1.73	0.52	0.0	0.0	34.79					1	-0.0	-0.0	-0.92	-0.0	-0.0	-0.14	-0.92	0.0	0.0	136.64					0.0	0.0	-1.24	0.0	0.0	-0.47	-1.24	-0.0	-0.0	-5.2					-0.0	-0.0	0.4	-0.0	-0.0	0.17	0.4	0.0	0.0	55.17					-0.0	-0.0	2.7499999999999893	-0.0	-0.0	1.656626506024101	2.7499999999999893	0.0029714692252323636	0.0029573750988460823	87.5248549224737				
2025-02-03 08:00:00	1000	1.66	1.66	1.66	1.66	1.66	CFV.MI	0.99	0.99	0.99	0.99	1.28	0.98	-1.0	-1.0	-1.0	-1	-1.0	-1.0	1.0	-1.0	-1.0	1.0									-1.0			1.59	0.99									-1.0			1.02	-0.0	-0.0	0.52	-0.0	-0.0	0.04	1.73	0.52	0.0	0.0	34.79					1	-0.0	-0.0	-0.92	-0.0	-0.0	-0.14	-0.92	0.0	0.0	136.64					0.0	0.0	-1.24	0.0	0.0	-0.47	-1.24	-0.0	-0.0	-5.2					-0.0	-0.0	0.4	-0.0	-0.0	0.17	0.4	0.0	0.0	55.17					-0.0	-0.0	2.7499999999999893	-0.0	-0.0	1.656626506024101	2.7499999999999893	0.0029714692252323636	0.0029573750988460823	87.5248549224737				
2025-02-04 08:00:00	0	1.66	1.66	1.66	1.66	1.66	CFV.MI	0.98	0.98	0.98	0.98	1.28	0.98	-1.0	-1.0	-1.0	-1	-1.0	-1.0	1.0	-1.0	-1.0	1.0									-1.0			1.59		0.98								-1.0			1.02	-0.0	-0.0	0.52	-0.0	-0.0	0.04	1.73	0.52	0.0	0.0	34.79					1	-0.0	-0.0	-0.92	-0.0	-0.0	-0.14	-0.92	0.0	0.0	136.64					0.0	0.0	-1.24	0.0	0.0	-0.47	-1.24	-0.0	-0.0	-5.2					0.0	0.0	0.4	0.0	0.0	0.17	0.4	0.0	0.0	55.17					-0.0	-0.0	2.7499999999999893	-0.0	-0.0	1.656626506024101	2.7499999999999893	0.0029714692252323636	0.0029573750988460823	87.5248549224737				
2025-02-05 08:00:00	28000	1.75	1.67	1.67	1.75	1.75	CFV.MI	0.98	1.03	0.98	1.03	1.28	0.98	-1.0	-1.0	-1.0	0	-1.0	-1.0	1.0	-1.0	-1.0	1.0	1.75		1.75						-1.0			1.59	1.03		1.03							-1.0			1.02	-0.09	-0.09	0.43	-0.05	-0.05	-0.01	1.75	0.43	0.0	0.0	22.93					1	-0.09	-0.09	-1.01	-0.05	-0.05	-0.18	-1.01	0.0	0.0	112.83					0.09	0.09	-1.15	0.05	0.05	-0.44	-1.15	0.0	0.0	7.28					0.09	0.09	0.49	0.05	0.05	0.23	0.49	0.0	0.0	59.54					-0.09000000000000008	-0.09000000000000008	2.6599999999999895	-0.054216867469879526	-0.05279818556697083	1.5200000000000045	2.6599999999999895	0.0028340726827492313	0.00281880972217996	76.6686829556809				
2025-02-06 08:00:00	23000	1.76	1.7	1.72	1.7	1.7	CFV.MI	1.0	1.02	0.99	0.99	1.28	0.98	-1.0	-1.0	-1.0	0	-1.0	-1.0	1.0	-1.0	-1.0	1.0									-1.0			1.59										-1.0			1.02	0.05	0.05	0.48	0.03	0.03	0.01	1.76	0.48	0.0	0.0	26.5					1	-0.0	-0.0	-1.01	-0.0	-0.0	-0.18	-1.01	0.0	0.0	112.83					-0.05	-0.05	-1.2	-0.03	-0.03	-0.45	-1.2	0.0	-0.0	0.47					-0.05	-0.05	0.44	-0.03	-0.03	0.19	0.44	0.0	0.0	51.1					0.050000000000000044	0.050000000000000044	2.7099999999999893	0.02857142857142858	0.028987536873252298	1.594117647058828	2.7099999999999893	0.0030398841945493225	0.003023887623010424	78.65382563869119				
2025-02-07 08:00:00	11000	1.68	1.62	1.68	1.68	1.68	CFV.MI	0.98	0.98	0.94	0.98	1.28	0.94	-1.0	-1.0	-1.0	-1	-1.0	-1.0	1.0	-1.0	-1.0	1.0		1.62		1.62					-1.0			1.59		0.94								-1.0			1.02	0.02	0.02	0.5	0.01	0.01	0.03	1.76	0.5	0.0	0.0	22.73					1	-0.0	-0.0	-1.01	-0.0	-0.0	-0.18	-1.01	0.0	0.0	108.14					-0.02	-0.02	-1.22	-0.01	-0.01	-0.46	-1.22	0.0	0.0	4.15					-0.02	-0.02	0.42	-0.01	-0.01	0.18	0.42	0.0	0.0	41.85					0.020000000000000018	0.020000000000000018	2.7299999999999893	0.0117647058823529	0.011834457647002796	1.6250000000000044	2.7299999999999893	0.003368252187103494	0.0033533507003884466	92.35861463377				
2025-02-10 08:00:00	8000	1.71	1.66	1.66	1.71	1.71	CFV.MI	0.96	0.99	0.96	0.99	1.28	0.94	-1.0	-1.0	-1.0	-1	-1.0	-1.0	1.0	-1.0	-1.0	1.0									-1.0			1.59	0.99									-1.0			1.02	-0.03	-0.03	0.47	-0.02	-0.02	0.01	1.76	0.47	0.0	0.0	17.1					1	-0.03	-0.03	-1.04	-0.02	-0.02	-0.2	-1.04	0.0	0.0	98.33					0.03	0.03	-1.19	0.02	0.02	-0.45	-1.19	0.0	0.0	6.65					0.03	0.03	0.45	0.02	0.02	0.2	0.45	0.0	0.0	43.64					-0.030000000000000027	-0.030000000000000027	2.6999999999999895	-0.017857142857142794	-0.017699577099400857	1.578947368421057	2.6999999999999895	0.0031953497253518065	0.0031796830753045846	84.82940046140195				
2025-02-11 08:00:00	0	1.71	1.71	1.71	1.71	1.71	CFV.MI	0.98	0.98	0.98	0.98	1.28	0.94	-1.0	-1.0	-1.0	-1	-1.0	-1.0	1.0	-1.0	-1.0	1.0	1.71								-1.0			1.59										-1.0			1.02	-0.0	-0.0	0.47	-0.0	-0.0	0.01	1.76	0.47	0.0	0.0	17.1					1	-0.0	-0.0	-1.04	-0.0	-0.0	-0.2	-1.04	0.0	0.0	98.33					0.0	0.0	-1.19	0.0	0.0	-0.45	-1.19	0.0	0.0	6.65					0.0	0.0	0.45	0.0	0.0	0.2	0.45	0.0	0.0	43.64					-0.0	-0.0	2.6999999999999895	-0.0	-0.0	1.578947368421057	2.6999999999999895	0.0031953497253518065	0.0031796830753045846	84.82940046140195				
2025-02-12 08:00:00	9000	1.71	1.67	1.67	1.71	1.71	CFV.MI	0.96	0.98	0.96	0.98	1.27	0.94	-1.0	-1.0	-1.0	-1	-1.0	-1.0	1.0	-1.0	-1.0	1.0									-1.0			1.59										-1.0			1.02	-0.0	-0.0	0.47	-0.0	-0.0	0.01	1.76	0.47	0.0	0.0	14.24					1	-0.0	-0.0	-1.04	-0.0	-0.0	-0.2	-1.04	0.0	0.0	95.56					0.0	0.0	-1.19	0.0	0.0	-0.45	-1.19	0.0	0.0	3.74					0.0	0.0	0.45	0.0	0.0	0.2	0.45	0.0	0.0	41.55					-0.0	-0.0	2.6999999999999895	-0.0	-0.0	1.578947368421057	2.6999999999999895	0.00337613128275786	0.0033612989385833902	93.0609526463306				
2025-02-13 08:00:00	3000	1.68	1.68	1.68	1.68	1.68	CFV.MI	0.96	0.96	0.96	0.96	1.27	0.94	-1.0	-1.0	-1.0	-1	-1.0	-1.0	1.0	-1.0	-1.0	1.0									-1.0			1.59										-1.0			1.02	0.03	0.03	0.5	0.02	0.02	0.03	1.76	0.5	0.0	0.0	16.72					1	0.03	0.03	-1.01	0.02	0.02	-0.18	-1.01	0.0	0.0	97.96					-0.03	-0.03	-1.22	-0.02	-0.02	-0.46	-1.22	-0.0	-0.0	-1.73					-0.03	-0.03	0.42	-0.02	-0.02	0.18	0.42	0.0	0.0	35.52					0.030000000000000027	0.030000000000000027	2.7299999999999898	0.01754385964912286	0.017699577099400975	1.6250000000000044	2.7299999999999898	0.003503568237873548	0.0034883010024835404	94.1139856420844				
2025-02-14 08:00:00	4000	1.68	1.66	1.68	1.67	1.67	CFV.MI	0.95	0.95	0.94	0.95	1.26	0.94	-1.0	-1.0	-1.0	-1	-1.0	-1.0	1.0	-1.0	-1.0	1.0		1.66							-1.0			1.59										-1.0			1.02	0.01	0.01	0.51	0.01	0.01	0.03	1.76	0.51	0.0	0.0	32.26					1	0.01	0.01	-1.0	0.01	0.01	-0.18	-1.0	0.0	0.0	130.92					-0.01	-0.01	-1.23	-0.01	-0.01	-0.46	-1.23	0.0	0.0	7.93					-0.01	-0.01	0.41	-0.01	-0.01	0.17	0.41	0.0	0.0	47.88					0.010000000000000009	0.010000000000000009	2.7399999999999896	0.005952380952380931	0.005970166986503796	1.6407185628742558	2.7399999999999896	0.002976334740215784	0.0029628261622274277	89.36825665752131				
2025-02-17 08:00:00	17000	1.71	1.66	1.66	1.7	1.7	CFV.MI	0.93	0.96	0.93	0.96	1.26	0.93	-1.0	-1.0	-1.0	-1	-1.0	-1.0	1.0	-1.0	-1.0	1.0	1.71								-1.0			1.59										-1.0			1.02	-0.03	-0.03	0.48	-0.02	-0.02	0.01	1.76	0.48	0.0	0.0	20.64					1	-0.03	-0.03	-1.03	-0.02	-0.02	-0.19	-1.03	0.0	0.0	113.98					0.03	0.03	-1.2	0.02	0.02	-0.45	-1.2	0.0	0.0	4.83					0.03	0.03	0.44	0.02	0.02	0.19	0.44	0.0	0.0	45.64					-0.030000000000000027	-0.030000000000000027	2.7099999999999893	-0.017964071856287456	-0.017804624633506686	1.5941176470588276	2.7099999999999893	0.0030321547095939366	0.003019108979505525	94.56349402779047				
2025-02-18 08:00:00	2000	1.67	1.67	1.67	1.67	1.67	CFV.MI	0.93	0.93	0.93	0.93	1.26	0.93	-1.0	-1.0	-1.0	-1	-1.0	-1.0	1.0	-1.0	-1.0	1.0		1.67							-1.0			1.59		0.93								-1.0			1.02	0.03	0.03	0.51	0.02	0.02	0.03	1.76	0.51	0.0	0.0	22.51					1	0.03	0.03	-1.0	0.02	0.02	-0.18	-1.0	0.0	0.0	115.83					-0.03	-0.03	-1.23	-0.02	-0.02	-0.46	-1.23	-0.0	-0.0	-2.1					-0.03	-0.03	0.41	-0.02	-0.02	0.17	0.41	0.0	0.0	38.26					0.030000000000000027	0.030000000000000027	2.7399999999999896	0.01764705882352946	0.017804624633506707	1.6407185628742558	2.7399999999999896	0.003290122515388406	0.0032770863732558553	100.78315375726885				
2025-02-19 08:00:00	2000	1.68	1.68	1.68	1.68	1.68	CFV.MI	0.94	0.94	0.94	0.94	1.26	0.93	-1.0	-1.0	-1.0	-1	-1.0	-1.0	1.0	-1.0	-1.0	1.0									-1.0			1.59										-1.0			1.02	-0.01	-0.01	0.5	-0.01	-0.01	0.03	1.76	0.5	0.0	0.0	14.85					1	-0.01	-0.01	-1.01	-0.01	-0.01	-0.18	-1.01	0.0	0.0	105.58					0.01	0.01	-1.22	0.01	0.01	-0.46	-1.22	-0.0	-0.0	-4.68					0.01	0.01	0.42	0.01	0.01	0.18	0.42	0.0	0.0	36.4					-0.010000000000000009	-0.010000000000000009	2.7299999999999898	-0.0059880239520957446	-0.005970166986503754	1.6250000000000044	2.7299999999999898	0.003330255099162519	0.003317554862475758	105.07194090152981				
2025-02-20 08:00:00	1000	1.7	1.7	1.7	1.7	1.7	CFV.MI	0.96	0.96	0.96	0.96	1.26	0.93	-1.0	-1.0	-1.0	-1	-1.0	-1.0	1.0	-1.0	-1.0	1.0	1.7								-1.0			1.59	0.96									-1.0			1.02	-0.02	-0.02	0.48	-0.01	-0.01	0.01	1.76	0.48	0.0	0.0	6.95					1	-0.02	-0.02	-1.03	-0.01	-0.01	-0.19	-1.03	0.0	0.0	93.79					0.02	0.02	-1.2	0.01	0.01	-0.45	-1.2	-0.0	-0.0	-5.31					0.02	0.02	0.44	0.01	0.01	0.19	0.44	0.0	0.0	35.95					-0.020000000000000018	-0.020000000000000018	2.7099999999999898	-0.011904761904761862	-0.011834457647002798	1.5941176470588285	2.7099999999999898	0.0033397351016371947	0.0033271135672248153	106.12285410480834				
2025-02-21 08:00:00	6000	1.72	1.67	1.71	1.67	1.67	CFV.MI	0.96	0.97	0.94	0.94	1.26	0.93	-1.0	-1.0	-1.0	-1	-1.0	-1.0	1.0	-1.0	-1.0	1.0									-1.0			1.59										-1.0			1.02	0.03	0.03	0.51	0.02	0.02	0.03	1.76	0.51	0.0	0.0	14.27					1	0.03	0.03	-1.0	0.02	0.02	-0.18	-1.0	0.0	0.0	103.57					-0.03	-0.03	-1.23	-0.02	-0.02	-0.46	-1.23	-0.0	-0.0	-7.02					-0.03	-0.03	0.41	-0.02	-0.02	0.17	0.41	0.0	0.0	33.76					0.030000000000000027	0.030000000000000027	2.7399999999999896	0.01764705882352946	0.017804624633506707	1.6407185628742567	2.7399999999999896	0.0034325586540572546	0.003419652570542109	106.94595951158391				
2025-02-24 08:00:00	2000	1.67	1.67	1.67	1.67	1.67	CFV.MI	0.94	0.94	0.94	0.94	1.25	0.93	-1.0	-1.0	-1.0	-1	-1.0	-1.0	1.0	-1.0	-1.0	1.0		1.67							-1.0			1.59										-1.0			1.02	-0.0	-0.0	0.51	-0.0	-0.0	0.03	1.76	0.51	0.0	0.0	10.88					1	-0.0	-0.0	-1.0	-0.0	-0.0	-0.18	-1.0	0.0	0.0	100.06					0.0	0.0	-1.23	0.0	0.0	-0.46	-1.23	-0.0	-0.0	-10.84					0.0	0.0	0.41	0.0	0.0	0.17	0.41	0.0	0.0	31.03					-0.0	-0.0	2.7399999999999896	-0.0	-0.0	1.6407185628742567	2.7399999999999896	0.0035995184939518685	0.0035873620416309038	116.94901478315938				
2025-02-25 08:00:00	0	1.67	1.67	1.67	1.67	1.67	CFV.MI	0.93	0.93	0.93	0.93	1.21	0.93	-1.0	-1.0	-1.0	-1	-1.0	-1.0	1.0	-1.0	-1.0	1.0									-1.0			1.59		0.93								-1.0			1.02	-0.0	-0.0	0.51	-0.0	-0.0	0.03	1.76	0.51	0.0	0.0	21.75					1	-0.0	-0.0	-1.0	-0.0	-0.0	-0.18	-1.0	0.0	0.0	123.34					0.0	0.0	-1.23	0.0	0.0	-0.46	-1.23	-0.0	-0.0	-0.56					0.0	0.0	0.41	0.0	0.0	0.17	0.41	0.0	0.0	43.15					-0.0	-0.0	2.7399999999999896	-0.0	-0.0	1.6407185628742567	2.7399999999999896	0.0032587933490414566	0.0032476101975247307	113.92107803433787				
2025-02-26 08:00:00	1000	1.69	1.69	1.69	1.69	1.69	CFV.MI	0.93	0.93	0.93	0.93	1.21	0.93	-1.0	-1.0	-1.0	-1	-1.0	-1.0	1.0	-1.0	-1.0	1.0									-1.0			1.59										-1.0			1.02	-0.02	-0.02	0.49	-0.01	-0.01	0.02	1.76	0.49	0.0	0.0	24.28					1	-0.02	-0.02	-1.02	-0.01	-0.01	-0.19	-1.02	0.0	0.0	130.02					0.02	0.02	-1.21	0.01	0.01	-0.46	-1.21	0.0	0.0	9.78					0.02	0.02	0.43	0.01	0.01	0.19	0.43	0.0	0.0	54.09					-0.020000000000000018	-0.020000000000000018	2.7199999999999895	-0.011976047904191711	-0.011904902506318458	1.6094674556213064	2.7199999999999895	0.0029251966693531984	0.0029140473712478965	104.30746304451608				
2025-02-27 08:00:00	0	1.69	1.69	1.69	1.69	1.69	CFV.MI	0.94	0.94	0.94	0.94	1.21	0.93	-1.0	-1.0	-1.0	-1	-1.0	-1.0	1.0	-1.0	-1.0	1.0	1.69								-1.0			1.59	0.94									-1.0			1.02	-0.0	-0.0	0.49	-0.0	-0.0	0.02	1.76	0.49	0.0	0.0	24.28					1	-0.0	-0.0	-1.02	-0.0	-0.0	-0.19	-1.02	0.0	0.0	130.02					0.0	0.0	-1.21	0.0	0.0	-0.46	-1.21	0.0	0.0	9.78					0.0	0.0	0.43	0.0	0.0	0.19	0.43	0.0	0.0	54.09					-0.0	-0.0	2.7199999999999895	-0.0	-0.0	1.6094674556213064	2.7199999999999895	0.0029251966693531984	0.0029140473712478965	104.30746304451608				
2025-02-28 08:00:00	0	1.69	1.69	1.69	1.69	1.69	CFV.MI	0.94	0.94	0.94	0.94	1.21	0.93	-1.0	-1.0	-1.0	-1	-1.0	-1.0	1.0	-1.0	-1.0	1.0									-1.0			1.59										-1.0			1.02	-0.0	-0.0	0.49	-0.0	-0.0	0.02	1.76	0.49	0.0	0.0	21.46					1	-0.0	-0.0	-1.02	-0.0	-0.0	-0.19	-1.02	0.0	0.0	127.08					0.0	0.0	-1.21	0.0	0.0	-0.46	-1.21	0.0	0.0	6.81					0.0	0.0	0.43	0.0	0.0	0.19	0.43	0.0	0.0	51.99					-0.0	-0.0	2.7199999999999895	-0.0	-0.0	1.6094674556213064	2.7199999999999895	0.003073143507958404	0.0030625857124590983	113.33105709916552				
2025-03-03 08:00:00	2000	1.66	1.66	1.66	1.66	1.66	CFV.MI	0.92	0.92	0.92	0.92	1.21	0.92	-1.0	-1.0	-1.0	-1	-1.0	-1.0	1.0	-1.0	-1.0	1.0									-1.0			1.59		0.92								-1.0			1.02	0.03	0.03	0.52	0.02	0.02	0.04	1.76	0.52	0.0	0.0	31.37					1	0.03	0.03	-0.99	0.02	0.02	-0.17	-0.99	0.0	0.0	143.62					-0.03	-0.03	-1.24	-0.02	-0.02	-0.47	-1.24	0.0	0.0	6.48					-0.03	-0.03	0.4	-0.02	-0.02	0.17	0.4	0.0	0.0	51.56					0.030000000000000027	0.030000000000000027	2.7499999999999893	0.017751479289940808	0.01791092656653022	1.6566265060241014	2.7499999999999893	0.0030872818385870643	0.0030766855775221646	113.47841498065893				
2025-03-04 08:00:00	0	1.66	1.66	1.66	1.66	1.66	CFV.MI	0.95	0.95	0.95	0.95	1.21	0.92	-1.0	-1.0	-1.0	-1	-1.0	-1.0	1.0	-1.0	-1.0	1.0									-1.0			1.59	0.95									-1.0			1.02	-0.0	-0.0	0.52	-0.0	-0.0	0.04	1.76	0.52	0.0	0.0	36.27					1	-0.0	-0.0	-0.99	-0.0	-0.0	-0.17	-0.99	0.0	0.0	151.88					0.0	0.0	-1.24	0.0	0.0	-0.47	-1.24	0.0	0.0	11.28					0.0	0.0	0.4	0.0	0.0	0.17	0.4	0.0	0.0	56.61					-0.0	-0.0	2.7499999999999893	-0.0	-0.0	1.6566265060241014	2.7499999999999893	0.003047389558688979	0.003036901651924051	113.06012306275888				
2025-03-05 08:00:00	0	1.66	1.66	1.66	1.66	1.66	CFV.MI	0.93	0.93	0.93	0.93	1.2	0.92	-1.0	-1.0	-1.0	-1	-1.0	-1.0	1.0	-1.0	-1.0	1.0									-1.0			1.59										-1.0			1.02	-0.0	-0.0	0.52	-0.0	-0.0	0.04	1.76	0.52	0.0	0.0	35.39					1	-0.0	-0.0	-0.99	-0.0	-0.0	-0.17	-0.99	0.0	0.0	151.01					0.0	0.0	-1.24	0.0	0.0	-0.47	-1.24	0.0	0.0	10.26					0.0	0.0	0.4	0.0	0.0	0.17	0.4	0.0	0.0	55.9					-0.0	-0.0	2.7499999999999893	-0.0	-0.0	1.6566265060241014	2.7499999999999893	0.003165264570904507	0.003155149017574743	118.80240529471817				
2025-03-06 08:00:00	2000	1.65	1.64	1.65	1.64	1.64	CFV.MI	0.92	0.92	0.91	0.91	1.18	0.91	-1.0	-1.0	-1.0	-1	-1.0	-1.0	1.0	-1.0	-1.0	1.0									-1.0			1.59		0.91		0.91						-1.0			1.02	0.02	0.02	0.54	0.01	0.01	0.05	1.72	0.54	0.0	0.0	37.33					1	0.02	0.02	-0.97	0.01	0.01	-0.16	-0.97	0.0	0.0	152.92					-0.02	-0.02	-1.26	-0.01	-0.01	-0.47	-1.26	0.0	0.0	4.29					-0.02	-0.02	0.38	-0.01	-0.01	0.15	0.38	0.0	0.0	49.35					0.020000000000000018	0.020000000000000018	2.7699999999999894	0.012048192771084376	0.01212136053234485	1.6890243902439073	2.7699999999999894	0.0032561747748970932	0.003245822247903707	119.6964167547352				
2025-03-07 08:00:00	9000	1.64	1.62	1.64	1.62	1.62	CFV.MI	0.92	0.92	0.91	0.91	1.18	0.91	-1.0	-1.0	-1.0	-1	-1.0	-1.0	1.0	-1.0	-1.0	1.0		1.62		1.62					-1.0			1.59										-1.0			1.02	0.02	0.02	0.56	0.01	0.01	0.06	1.72	0.56	0.0	0.0	46.33					1	0.02	0.02	-0.95	0.01	0.01	-0.15	-0.95	0.0	0.0	169.3					-0.02	-0.02	-1.28	-0.01	-0.01	-0.48	-1.28	0.0	0.0	4.97					-0.02	-0.02	0.36	-0.01	-0.01	0.14	0.36	0.0	0.0	50.22					0.019999999999999796	0.019999999999999796	2.7899999999999894	0.012195121951219412	0.012270092591814247	1.7222222222222272	2.7899999999999894	0.0032262465627973472	0.003215972350656182	119.40619809942169				
2025-03-10 08:00:00	1000	1.68	1.68	1.68	1.68	1.68	CFV.MI	0.95	0.95	0.95	0.95	1.18	0.91	-1.0	-1.0	-1.0	-1	-1.0	-1.0	1.0	-1.0	-1.0	1.0	1.68								-1.0			1.59										-1.0			1.02	-0.06	-0.06	0.5	-0.04	-0.04	0.03	1.72	0.5	0.0	0.0	34.56					1	-0.06	-0.06	-1.01	-0.04	-0.04	-0.18	-1.01	0.0	0.0	143.6					0.06	0.06	-1.22	0.04	0.04	-0.46	-1.22	0.0	0.0	10.65					0.06	0.06	0.42	0.04	0.04	0.18	0.42	0.0	0.0	54.24					-0.05999999999999983	-0.05999999999999983	2.7299999999999898	-0.03703703703703698	-0.03636764417087479	1.6250000000000049	2.7299999999999898	0.003148951464289072	0.0031380593581833427	109.24132766400623				
2025-03-11 08:00:00	0	1.68	1.68	1.68	1.68	1.68	CFV.MI	0.96	0.96	0.96	0.96	1.16	0.91	-1.0	-1.0	-1.0	-1	-1.0	-1.0	1.0	-1.0	-1.0	1.0									-1.0			1.59	0.96		0.96							-1.0			1.02	-0.0	-0.0	0.5	-0.0	-0.0	0.03	1.72	0.5	0.0	0.0	41.46					1	-0.0	-0.0	-1.01	-0.0	-0.0	-0.18	-1.01	0.0	0.0	157.26					0.0	0.0	-1.22	0.0	0.0	-0.46	-1.22	0.0	0.0	17.32					0.0	0.0	0.42	0.0	0.0	0.18	0.42	0.0	0.0	61.75					-0.0	-0.0	2.7299999999999898	-0.0	-0.0	1.6250000000000049	2.7299999999999898	0.003025661016715373	0.0030150979599501415	108.00274956938208				
2025-03-12 08:00:00	5000	1.67	1.67	1.67	1.67	1.67	CFV.MI	0.94	0.94	0.94	0.94	1.16	0.91	-1.0	-1.0	-1.0	-1	-1.0	-1.0	1.0	-1.0	-1.0	1.0									-1.0			1.59		0.94								-1.0			1.02	0.01	0.01	0.51	0.01	0.01	0.03	1.72	0.51	0.0	0.0	47.22					1	0.01	0.01	-1.0	0.01	0.01	-0.18	-1.0	0.0	0.0	166.38					-0.01	-0.01	-1.23	-0.01	-0.01	-0.46	-1.23	0.0	0.0	17.24					-0.01	-0.01	0.41	-0.01	-0.01	0.17	0.41	0.0	0.0	61.64					0.010000000000000009	0.010000000000000009	2.7399999999999896	0.005952380952380931	0.005970166986503796	1.6407185628742562	2.7399999999999896	0.0030288859162970368	0.003018314316605819	108.03605959591394				
2025-03-13 08:00:00	0	1.67	1.67	1.67	1.67	1.67	CFV.MI	0.95	0.95	0.95	0.95	1.16	0.91	-1.0	-1.0	-1.0	-1	-1.0	-1.0	1.0	-1.0	-1.0	1.0									-1.0			1.59	0.95									-1.0			1.02	-0.0	-0.0	0.51	-0.0	-0.0	0.03	1.72	0.51	0.0	0.0	45.64					1	-0.0	-0.0	-1.0	-0.0	-0.0	-0.18	-1.0	0.0	0.0	166.38					0.0	0.0	-1.23	0.0	0.0	-0.46	-1.23	0.0	0.0	15.33					0.0	0.0	0.41	0.0	0.0	0.17	0.41	0.0	0.0	60.3					-0.0	-0.0	2.7399999999999896	-0.0	-0.0	1.6407185628742562	2.7399999999999896	0.0031615683521020307	0.0031514975647655152	115.35235596681483				
2025-03-14 08:00:00	2000	1.67	1.67	1.67	1.67	1.67	CFV.MI	0.93	0.93	0.93	0.93	1.16	0.91	-1.0	-1.0	-1.0	-1	-1.0	-1.0	1.0	-1.0	-1.0	1.0									-1.0			1.59										-1.0			1.02	-0.0	-0.0	0.51	-0.0	-0.0	0.03	1.72	0.51	0.0	0.0	51.81					1	-0.0	-0.0	-1.0	-0.0	-0.0	-0.18	-1.0	0.0	0.0	166.38					0.0	0.0	-1.23	0.0	0.0	-0.46	-1.23	0.0	0.0	21.27					0.0	0.0	0.41	0.0	0.0	0.17	0.41	0.0	0.0	66.83					-0.0	-0.0	2.7399999999999896	-0.0	-0.0	1.6407185628742562	2.7399999999999896	0.003077589597083985	0.0030677290927108025	114.51493098335149				
2025-03-17 08:00:00	0	1.67	1.67	1.67	1.67	1.67	CFV.MI	0.92	0.92	0.92	0.92	1.16	0.91	-1.0	-1.0	-1.0	-1	-1.0	-1.0	1.0	-1.0	-1.0	1.0									-1.0			1.59										-1.0			1.02	-0.0	-0.0	0.51	-0.0	-0.0	0.03	1.72	0.51	0.0	0.0	59.47					1	-0.0	-0.0	-1.0	-0.0	-0.0	-0.18	-1.0	0.0	0.0	166.38					0.0	0.0	-1.23	0.0	0.0	-0.46	-1.23	0.0	0.0	28.56					0.0	0.0	0.41	0.0	0.0	0.17	0.41	0.0	0.0	75.12					-0.0	-0.0	2.7399999999999896	-0.0	-0.0	1.6407185628742562	2.7399999999999896	0.002949855497879488	0.0029403106041345772	113.17552811317529				
2025-03-18 08:00:00	3000	1.68	1.65	1.68	1.65	1.65	CFV.MI	0.92	0.92	0.9	0.9	1.16	0.9	-1.0	-1.0	-1.0	-1	-1.0	-1.0	1.0	-1.0	-1.0	1.0		1.65							-1.0			1.59										-1.0			1.02	0.02	0.02	0.53	0.01	0.01	0.05	1.72	0.53	0.0	0.0	66.32					1	0.02	0.02	-0.98	0.01	0.01	-0.17	-0.98	0.0	0.0	167.87					-0.02	-0.02	-1.25	-0.01	-0.01	-0.47	-1.25	0.0	0.0	27.23					-0.02	-0.02	0.39	-0.01	-0.01	0.16	0.39	0.0	0.0	73.4					0.020000000000000018	0.020000000000000018	2.7599999999999896	0.0119760479041916	0.01204833851617448	1.6727272727272777	2.7599999999999896	0.0029983632653312643	0.002988699118619653	113.69387089678408				
2025-03-19 08:00:00	3000	1.68	1.68	1.68	1.68	1.68	CFV.MI	0.91	0.91	0.91	0.91	1.16	0.9	-1.0	-1.0	-1.0	-1	-1.0	-1.0	1.0	-1.0	-1.0	1.0	1.68								-1.0			1.59										-1.0			1.02	-0.03	-0.03	0.5	-0.02	-0.02	0.03	1.72	0.5	0.0	0.0	52.73					1	-0.03	-0.03	-1.01	-0.02	-0.02	-0.18	-1.01	0.0	0.0	153.15					0.03	0.03	-1.22	0.02	0.02	-0.46	-1.22	0.0	0.0	23.55					0.03	0.03	0.42	0.02	0.02	0.18	0.42	0.0	0.0	70.85					-0.030000000000000027	-0.030000000000000027	2.7299999999999898	-0.0181818181818183	-0.01801850550267843	1.6250000000000044	2.7299999999999898	0.0030487240308526824	0.003039451118798109	120.86207342758051				
2025-03-20 08:00:00	3000	1.64	1.63	1.64	1.63	1.63	CFV.MI	0.9	0.9	0.9	0.9	1.16	0.9	-1.0	-1.0	-1.0	-1	-1.0	-1.0	1.0	-1.0	-1.0	1.0		1.63							-1.0			1.59		0.9		0.9						-1.0			1.02	0.05	0.05	0.55	0.03	0.03	0.06	1.72	0.55	0.0	0.0	57.11					1	0.05	0.05	-0.96	0.03	0.03	-0.16	-0.96	0.0	0.0	156.7					-0.05	-0.05	-1.27	-0.03	-0.03	-0.48	-1.27	0.0	0.0	13.77					-0.05	-0.05	0.37	-0.03	-0.03	0.14	0.37	0.0	0.0	59.4					0.050000000000000044	0.050000000000000044	2.7799999999999896	0.029761904761904767	0.030213778596496595	1.7055214723926424	2.7799999999999896	0.003278348748186057	0.0032685129063123597	123.16017187668652				
2025-03-21 08:00:00	6000	1.69	1.63	1.63	1.69	1.69	CFV.MI	0.9	0.93	0.9	0.93	1.16	0.9	-1.0	-1.0	-1.0	0	-1.0	-1.0	1.0	-1.0	-1.0	1.0	1.69								-1.0			1.59	0.93									-1.0			1.02	-0.06	-0.06	0.49	-0.04	-0.04	0.02	1.69	0.49	0.0	0.0	52.89					1	-0.06	-0.06	-1.02	-0.04	-0.04	-0.19	-1.02	0.0	0.0	135.28					0.06	0.06	-1.21	0.04	0.04	-0.46	-1.21	0.0	0.0	26.95					0.06	0.06	0.43	0.04	0.04	0.19	0.43	0.0	0.0	71.57					-0.06000000000000005	-0.06000000000000005	2.7199999999999895	-0.036809815950920255	-0.03614851411631115	1.609467455621306	2.7199999999999895	0.0029601742756453237	0.00294967514434763	106.16706090621929				
2025-03-24 08:00:00	1000	1.66	1.66	1.66	1.66	1.66	CFV.MI	0.92	0.92	0.92	0.92	1.16	0.9	-1.0	-1.0	-1.0	0	-1.0	-1.0	1.0	-1.0	-1.0	1.0		1.66	1.66						-1.0			1.59										-1.0			1.02	0.03	0.03	0.52	0.02	0.02	0.04	1.69	0.52	0.0	0.0	55.23					1	-0.0	-0.0	-1.02	-0.0	-0.0	-0.19	-1.02	0.0	0.0	135.28					-0.03	-0.03	-1.24	-0.02	-0.02	-0.47	-1.24	0.0	0.0	19.83					-0.03	-0.03	0.4	-0.02	-0.02	0.17	0.4	0.0	0.0	63.49					0.030000000000000027	0.030000000000000027	2.7499999999999893	0.017751479289940808	0.01791092656653022	1.6566265060241006	2.7499999999999893	0.0030945062248943006	0.0030836493964243594	107.54819907449405				
2025-03-25 08:00:00	0	1.66	1.66	1.66	1.66	1.66	CFV.MI	0.91	0.91	0.91	0.91	1.16	0.9	-1.0	-1.0	-1.0	0	-1.0	-1.0	1.0	-1.0	-1.0	1.0									-1.0			1.59		0.91								-1.0			1.02	-0.0	-0.0	0.52	-0.0	-0.0	0.04	1.69	0.52	0.0	0.0	55.23					1	0.0	0.0	-1.02	0.0	0.0	-0.19	-1.02	0.0	0.0	135.28					0.0	0.0	-1.24	0.0	0.0	-0.47	-1.24	0.0	0.0	19.83					0.0	0.0	0.4	0.0	0.0	0.17	0.4	0.0	0.0	63.49					-0.0	-0.0	2.7499999999999893	-0.0	-0.0	1.6566265060241006	2.7499999999999893	0.0030945062248943006	0.0030836493964243594	107.54819907449405				
2025-03-26 08:00:00	2000	1.69	1.67	1.69	1.67	1.67	CFV.MI	0.93	0.93	0.92	0.92	1.16	0.9	-1.0	-1.0	-1.0	0	-1.0	-1.0	1.0	-1.0	-1.0	1.0	1.69								-1.0			1.59										-1.0			1.02	-0.01	-0.01	0.51	-0.01	-0.01	0.03	1.69	0.51	0.0	0.0	46.51					1	0.0	0.0	-1.02	0.0	0.0	-0.19	-1.02	0.0	0.0	135.28					0.01	0.01	-1.23	0.01	0.01	-0.46	-1.23	0.0	0.0	16.21					0.01	0.01	0.41	0.01	0.01	0.17	0.41	0.0	0.0	60.96					-0.010000000000000009	-0.010000000000000009	2.7399999999999896	-0.006024096385542244	-0.006006024060211949	1.6407185628742553	2.7399999999999896	0.0031479886002140573	0.0031375605476429147	114.32348611786435				
2025-03-27 08:00:00	17000	1.69	1.63	1.65	1.67	1.67	CFV.MI	0.91	0.93	0.9	0.92	1.16	0.9	-1.0	-1.0	-1.0	0	-1.0	-1.0	1.0	-1.0	-1.0	1.0		1.63							-1.0			1.59										-1.0			1.02	-0.0	-0.0	0.51	-0.0	-0.0	0.03	1.69	0.51	0.0	0.0	52.59					1	0.0	0.0	-1.02	0.0	0.0	-0.19	-1.02	0.0	0.0	135.28					0.0	0.0	-1.23	0.0	0.0	-0.46	-1.23	0.0	0.0	22.06					0.0	0.0	0.41	0.0	0.0	0.17	0.41	0.0	0.0	67.37					-0.0	-0.0	2.7399999999999896	-0.0	-0.0	1.6407185628742553	2.7399999999999896	0.003066466058437278	0.003056251424722989	113.49570834737001				
2025-03-28 08:00:00	0	1.67	1.67	1.67	1.67	1.67	CFV.MI	0.93	0.93	0.93	0.93	1.16	0.9	-1.0	-1.0	-1.0	0	-1.0	-1.0	1.0	-1.0	-1.0	1.0	1.67								-1.0			1.59	0.93									-1.0			1.02	-0.0	-0.0	0.51	-0.0	-0.0	0.03	1.69	0.51	0.0	0.0	52.59					1	0.0	0.0	-1.02	0.0	0.0	-0.19	-1.02	0.0	0.0	135.28					0.0	0.0	-1.23	0.0	0.0	-0.46	-1.23	0.0	0.0	22.06					0.0	0.0	0.41	0.0	0.0	0.17	0.41	0.0	0.0	67.37					-0.0	-0.0	2.7399999999999896	-0.0	-0.0	1.6407185628742553	2.7399999999999896	0.003066466058437278	0.003056251424722989	113.49570834737001				
2025-03-31 07:00:00	7000	1.64	1.62	1.64	1.62	1.62	CFV.MI	0.93	0.93	0.92	0.92	1.16	0.9	-1.0	-1.0	-1.0	-1	-1.0	-1.0	1.0	-1.0	-1.0	1.0		1.62							-1.0			1.59										-1.0			1.02	0.05	0.05	0.56	0.03	0.03	0.06	1.69	0.56	0.0	0.0	55.24					1	-0.0	-0.0	-1.02	-0.0	-0.0	-0.19	-1.02	0.0	0.0	135.28					-0.05	-0.05	-1.28	-0.03	-0.03	-0.48	-1.28	0.0	0.0	10.84					-0.05	-0.05	0.36	-0.03	-0.03	0.14	0.36	0.0	0.0	55.21					0.04999999999999982	0.04999999999999982	2.7899999999999894	0.029940119760478945	0.03039747718437093	1.7222222222222259	2.7899999999999894	0.0034279342726596246	0.003417623716994278	123.23834794904863				
2025-04-01 07:00:00	3000	1.64	1.63	1.63	1.64	1.64	CFV.MI	0.91	0.92	0.91	0.92	1.16	0.9	-1.0	-1.0	-1.0	-1	-1.0	-1.0	1.0	-1.0	-1.0	1.0	1.64								-1.0			1.59										-1.0			1.02	-0.02	-0.02	0.54	-0.01	-0.01	0.05	1.69	0.54	0.0	0.0	53.81					1	-0.02	-0.02	-1.04	-0.01	-0.01	-0.2	-1.04	0.0	0.0	125.65					0.02	0.02	-1.26	0.01	0.01	-0.47	-1.26	0.0	0.0	17.74					0.02	0.02	0.38	0.01	0.01	0.15	0.38	0.0	0.0	61.68					-0.019999999999999796	-0.019999999999999796	2.76999999999999	-0.012345679012345512	-0.012270092591814183	1.6890243902439064	2.76999999999999	0.0032502955804127407	0.0032395590820868403	114.89047486560095				
2025-04-02 07:00:00	2000	1.64	1.61	1.64	1.61	1.61	CFV.MI	0.92	0.92	0.9	0.9	1.16	0.9	-1.0	-1.0	-1.0	-1	-1.0	-1.0	1.0	-1.0	-1.0	1.0									-1.0			1.59		0.9		0.9						-1.0			1.02	0.03	0.03	0.57	0.02	0.02	0.07	1.69	0.57	0.0	0.0	64.6					1	0.03	0.03	-1.01	0.02	0.02	-0.18	-1.01	0.0	0.0	127.78					-0.03	-0.03	-1.29	-0.02	-0.02	-0.48	-1.29	0.0	0.0	18.36					-0.03	-0.03	0.35	-0.02	-0.02	0.13	0.35	0.0	0.0	62.47					0.029999999999999805	0.029999999999999805	2.7999999999999896	0.018292682926829174	0.01846206283973533	1.7391304347826129	2.7999999999999896	0.003223919251319942	0.003213253059290544	114.63855296889517				
2025-04-03 07:00:00	10000	1.6	1.58	1.6	1.58	1.58	CFV.MI	0.93	0.93	0.92	0.92	1.16	0.9	-1.0	-1.0	-1.0	-1	-1.0	-1.0	1.0	-1.0	-1.0	1.0									-1.0			1.59										-1.0			1.02	0.03	0.03	0.6	0.02	0.02	0.09	1.69	0.6	0.0	0.0	65.5					1	0.03	0.03	-0.98	0.02	0.02	-0.17	-0.98	0.0	0.0	129.77					-0.03	-0.03	-1.32	-0.02	-0.02	-0.49	-1.32	0.0	0.0	9.42					-0.03	-0.03	0.32	-0.02	-0.02	0.11	0.32	0.0	0.0	53.27					0.030000000000000027	0.030000000000000027	2.8299999999999894	0.018633540372670843	0.018809331957496227	1.7911392405063333	2.8299999999999894	0.003500036053916365	0.0034895095681799493	123.46283797508782				
2025-04-04 07:00:00	4000	1.58	1.58	1.58	1.58	1.58	CFV.MI	0.98	0.98	0.98	0.98	1.16	0.9	-1.0	-1.0	1.0	-1	-1.0	-1.0	1.0	-1.0	-1.0	1.0		1.58							-1.0			1.59										-1.0			1.02	-0.0	-0.0	0.6	-0.0	-0.0	0.09	1.69	0.6	0.0	0.0	65.5					1	-0.0	-0.0	-0.98	-0.0	-0.0	-0.17	-0.98	0.0	0.0	129.77					0.0	0.0	-1.32	0.0	0.0	-0.49	-1.32	0.0	0.0	9.42					0.0	0.0	0.32	0.0	0.0	0.11	0.32	0.0	0.0	53.27					-0.0	-0.0	2.8299999999999894	-0.0	-0.0	1.7911392405063333	2.8299999999999894	0.003500036053916365	0.0034895095681799493	123.46283797508782				
2025-04-07 07:00:00	3000	1.65	1.65	1.65	1.65	1.65	CFV.MI	1.08	1.08	1.08	1.08	1.16	0.9	-1.0	1.0	1.0	-1	-1.0	-1.0	1.0	-1.0	-1.0	1.0	1.65								-1.0			1.59	1.08		1.08							-1.0			1.02	-0.07	-0.07	0.53	-0.04	-0.04	0.05	1.69	0.53	0.0	0.0	60.9					1	-0.07	-0.07	-1.05	-0.04	-0.04	-0.2	-1.05	0.0	0.0	107.56					0.07	0.07	-1.25	0.04	0.04	-0.47	-1.25	0.0	0.0	24.16					0.07	0.07	0.39	0.04	0.04	0.16	0.39	0.0	0.0	66.86					-0.06999999999999984	-0.06999999999999984	2.7599999999999896	-0.04430379746835422	-0.04335044087361361	1.6727272727272773	2.7599999999999896	0.003117564203398264	0.003106310079377339	104.43758517360712				
2025-04-08 07:00:00	0	1.65	1.65	1.65	1.65	1.65	CFV.MI	1.06	1.06	1.06	1.06	1.16	0.9	-1.0	1.0	1.0	-1	-1.0	-1.0	1.0	-1.0	-1.0	1.0									-1.0			1.59										-1.0			1.02	-0.0	-0.0	0.53	-0.0	-0.0	0.05	1.69	0.53	0.0	0.0	60.9					1	-0.0	-0.0	-1.05	-0.0	-0.0	-0.2	-1.05	0.0	0.0	107.56					0.0	0.0	-1.25	0.0	0.0	-0.47	-1.25	0.0	0.0	24.16					0.0	0.0	0.39	0.0	0.0	0.16	0.39	0.0	0.0	66.86					-0.0	-0.0	2.7599999999999896	-0.0	-0.0	1.6727272727272773	2.7599999999999896	0.003117564203398264	0.003106310079377339	104.43758517360712				
2025-04-09 07:00:00	3000	1.63	1.58	1.6	1.58	1.58	CFV.MI	1.05	1.07	1.04	1.04	1.16	0.9	-1.0	1.0	1.0	-1	-1.0	-1.0	1.0	-1.0	-1.0	1.0									-1.0			1.59										-1.0			1.02	0.07	0.07	0.6	0.04	0.04	0.09	1.69	0.6	0.0	0.0	65.45					1	0.07	0.07	-0.98	0.04	0.04	-0.17	-0.98	0.0	0.0	112.2					-0.07	-0.07	-1.32	-0.04	-0.04	-0.49	-1.32	0.0	0.0	13.4					-0.07	-0.07	0.32	-0.04	-0.04	0.11	0.32	0.0	0.0	54.13					0.06999999999999984	0.06999999999999984	2.8299999999999894	0.042424242424242364	0.04335044087361374	1.7911392405063338	2.8299999999999894	0.0034426925099503673	0.003430532144193421	107.38014234136475				
2025-04-10 07:00:00	0	1.58	1.58	1.58	1.58	1.58	CFV.MI	0.99	0.99	0.99	0.99	1.16	0.9	-1.0	1.0	1.0	-1	-1.0	-1.0	1.0	-1.0	-1.0	1.0		1.58							-1.0			1.59		0.99								-1.0			1.02	-0.0	-0.0	0.6	-0.0	-0.0	0.09	1.69	0.6	0.0	0.0	72.69					1	-0.0	-0.0	-0.98	-0.0	-0.0	-0.17	-0.98	0.0	0.0	110.49					0.0	0.0	-1.32	0.0	0.0	-0.49	-1.32	0.0	0.0	19.64					0.0	0.0	0.32	0.0	0.0	0.11	0.32	0.0	0.0	61.09					-0.0	-0.0	2.8299999999999894	-0.0	-0.0	1.7911392405063338	2.8299999999999894	0.003315210687186083	0.0033034098183912786	106.27606044294387				
2025-04-11 07:00:00	2000	1.58	1.58	1.58	1.58	1.58	CFV.MI	1.0	1.0	1.0	1.0	1.16	0.9	-1.0	1.0	1.0	-1	-1.0	-1.0	1.0	-1.0	-1.0	1.0									-1.0			1.59	1.0									-1.0			1.02	-0.0	-0.0	0.6	-0.0	-0.0	0.09	1.69	0.6	0.0	0.0	72.69					1	-0.0	-0.0	-0.98	-0.0	-0.0	-0.17	-0.98	0.0	0.0	110.49					0.0	0.0	-1.32	0.0	0.0	-0.49	-1.32	0.0	0.0	19.64					0.0	0.0	0.32	0.0	0.0	0.11	0.32	0.0	0.0	61.09					-0.0	-0.0	2.8299999999999894	-0.0	-0.0	1.7911392405063338	2.8299999999999894	0.003315210687186083	0.0033034098183912786	106.27606044294387				
2025-04-14 07:00:00	3000	1.61	1.57	1.58	1.61	1.61	CFV.MI	0.97	0.99	0.97	0.99	1.16	0.9	-1.0	1.0	1.0	-1	-1.0	-1.0	1.0	-1.0	-1.0	1.0	1.61								-1.0			1.59										-1.0			1.02	-0.03	-0.03	0.57	-0.02	-0.02	0.07	1.69	0.57	0.0	0.0	65.07					1	-0.03	-0.03	-1.01	-0.02	-0.02	-0.18	-1.01	0.0	0.0	100.52					0.03	0.03	-1.29	0.02	0.02	-0.48	-1.29	0.0	0.0	22.38					0.03	0.03	0.35	0.02	0.02	0.13	0.35	0.0	0.0	63.01					-0.030000000000000027	-0.030000000000000027	2.799999999999989	-0.018987341772152	-0.018809331957496293	1.7391304347826133	2.799999999999989	0.003154136184788458	0.0031416165036239896	97.5143246369022				
2025-04-15 07:00:00	1000	1.58	1.58	1.58	1.58	1.58	CFV.MI	0.95	0.95	0.95	0.95	1.16	0.9	-1.0	1.0	1.0	-1	-1.0	-1.0	1.0	-1.0	-1.0	1.0									-1.0			1.59										-1.0			1.02	0.03	0.03	0.6	0.02	0.02	0.09	1.69	0.6	0.0	0.0	66.32					1	0.03	0.03	-0.98	0.02	0.02	-0.17	-0.98	0.0	0.0	108.26					-0.03	-0.03	-1.32	-0.02	-0.02	-0.49	-1.32	0.0	0.0	15.1					-0.03	-0.03	0.32	-0.02	-0.02	0.11	0.32	0.0	0.0	55.17					0.030000000000000027	0.030000000000000027	2.8299999999999894	0.018633540372670843	0.018809331957496227	1.7911392405063338	2.8299999999999894	0.0034235023997601583	0.0034110203503110448	103.80493084756286				
2025-04-16 07:00:00	0	1.58	1.58	1.58	1.58	1.58	CFV.MI	0.94	0.94	0.94	0.94	1.16	0.9	-1.0	1.0	1.0	-1	-1.0	-1.0	1.0	-1.0	-1.0	1.0									-1.0			1.59										-1.0			1.02	-0.0	-0.0	0.6	-0.0	-0.0	0.09	1.69	0.6	0.0	0.0	71.0					1	-0.0	-0.0	-0.98	-0.0	-0.0	-0.17	-0.98	0.0	0.0	107.71					0.0	0.0	-1.32	0.0	0.0	-0.49	-1.32	0.0	0.0	19.47					0.0	0.0	0.32	0.0	0.0	0.11	0.32	0.0	0.0	59.77					-0.0	-0.0	2.8299999999999894	-0.0	-0.0	1.7911392405063338	2.8299999999999894	0.003380767241400376	0.003368407898539205	103.44361886011116				
2025-04-17 07:00:00	6000	1.59	1.53	1.57	1.53	1.53	CFV.MI	0.94	0.95	0.92	0.92	1.12	0.9	-1.0	1.0	1.0	-1	-1.0	-1.0	1.0	-1.0	-1.0	1.0		1.53		1.53		1.53		1.53	-1.0	1.53		1.59		0.92								-1.0			1.02	0.05	0.05	0.65	0.03	0.03	0.13	1.69	0.65	0.0	0.0	78.39					1	0.05	0.05	-0.93	0.03	0.03	-0.14	-0.93	0.0	0.0	110.18					-0.05	-0.05	-1.37	-0.03	-0.03	-0.51	-1.37	0.0	0.0	15.5					-0.05	-0.05	0.27	-0.03	-0.03	0.07	0.27	0.0	0.0	54.72					0.050000000000000044	0.050000000000000044	2.8799999999999892	0.03164556962025322	0.0321571116345314	1.882352941176476	2.8799999999999892	0.0035789655183419726	0.0035660319953132458	105.06600522075797				
2025-04-22 07:00:00	17000	1.66	1.57	1.57	1.66	1.66	CFV.MI	0.94	1.0	0.94	1.0	1.12	0.9	-1.0	1.0	1.0	-1	-1.0	-1.0	1.0	-1.0	-1.0	1.0									-1.0			1.59	1.0									-1.0			1.02	-0.13	-0.13	0.52	-0.08	-0.08	0.04	1.69	0.52	0.0	0.0	65.53					1	-0.13	-0.13	-1.06	-0.08	-0.08	-0.21	-1.06	0.0	0.0	83.36					0.13	0.13	-1.24	0.08	0.08	-0.47	-1.24	0.0	0.0	31.46					0.13	0.13	0.4	0.08	0.08	0.17	0.4	0.0	0.0	68.39					-0.1299999999999999	-0.1299999999999999	2.7499999999999893	-0.08496732026143783	-0.0815498669641077	1.6566265060241014	2.7499999999999893	0.003120801822998201	0.003106033067974412	81.42857878089177				
2025-04-23 07:00:00	8000	1.64	1.64	1.64	1.64	1.64	CFV.MI	0.97	0.97	0.97	0.97	1.12	0.9	-1.0	1.0	1.0	-1	-1.0	-1.0	1.0	-1.0	-1.0	1.0	1.64		1.64						-1.0			1.59										-1.0			1.02	0.02	0.02	0.54	0.01	0.01	0.05	1.69	0.54	0.0	0.0	70.74					1	0.02	0.02	-1.04	0.01	0.01	-0.2	-1.04	0.0	0.0	83.98					-0.02	-0.02	-1.26	-0.01	-0.01	-0.47	-1.26	0.0	0.0	30.5					-0.02	-0.02	0.38	-0.01	-0.01	0.15	0.38	0.0	0.0	67.17					0.020000000000000018	0.020000000000000018	2.7699999999999894	0.012048192771084376	0.01212136053234485	1.6890243902439073	2.7699999999999894	0.0031670980069898073	0.0031521800594411786	81.82918474679968				
2025-04-24 07:00:00	4000	1.64	1.62	1.64	1.62	1.62	CFV.MI	0.96	0.96	0.95	0.95	1.12	0.9	-1.0	1.0	1.0	-1	-1.0	-1.0	1.0	-1.0	-1.0	1.0									-1.0			1.59										-1.0			1.02	0.02	0.02	0.56	0.01	0.01	0.06	1.69	0.56	0.0	0.0	70.78					1	0.02	0.02	-1.02	0.01	0.01	-0.19	-1.02	0.0	0.0	91.54					-0.02	-0.02	-1.28	-0.01	-0.01	-0.48	-1.28	0.0	0.0	24.2					-0.02	-0.02	0.36	-0.01	-0.01	0.14	0.36	0.0	0.0	60.76					0.019999999999999796	0.019999999999999796	2.7899999999999894	0.012195121951219412	0.012270092591814247	1.7222222222222272	2.7899999999999894	0.0034128403825388707	0.003398290083761024	88.22792081648117				
2025-04-25 07:00:00	1000	1.61	1.61	1.61	1.61	1.61	CFV.MI	0.93	0.93	0.93	0.93	1.12	0.9	-1.0	1.0	1.0	-1	-1.0	-1.0	1.0	-1.0	-1.0	1.0		1.61							-1.0			1.59										-1.0			1.02	0.01	0.01	0.57	0.01	0.01	0.07	1.69	0.57	0.0	0.0	79.03					1	0.01	0.01	-1.01	0.01	0.01	-0.18	-1.01	0.0	0.0	89.96					-0.01	-0.01	-1.29	-0.01	-0.01	-0.48	-1.29	0.0	0.0	26.76					-0.01	-0.01	0.35	-0.01	-0.01	0.13	0.35	0.0	0.0	64.01					0.010000000000000009	0.010000000000000009	2.799999999999989	0.006172839506172867	0.006191970247921107	1.7391304347826138	2.799999999999989	0.003282801428821823	0.0032686524499951908	87.18241372140358				
2025-04-28 07:00:00	3000	1.62	1.58	1.58	1.62	1.62	CFV.MI	0.91	0.93	0.91	0.93	1.12	0.9	-1.0	1.0	1.0	-1	-1.0	-1.0	1.0	-1.0	-1.0	1.0									-1.0			1.59		0.91								-1.0			1.02	-0.01	-0.01	0.56	-0.01	-0.01	0.06	1.67	0.56	0.0	0.0	72.36					1	-0.01	-0.01	-1.02	-0.01	-0.01	-0.19	-1.02	0.0	0.0	95.64					0.01	0.01	-1.28	0.01	0.01	-0.48	-1.28	0.0	0.0	24.06					0.01	0.01	0.36	0.01	0.01	0.14	0.36	0.0	0.0	62.1					-0.010000000000000009	-0.010000000000000009	2.7899999999999894	-0.006211180124223503	-0.00619197024792098	1.7222222222222276	2.7899999999999894	0.003340640540938321	0.003327021519945683	92.32206846749646				
2025-04-29 07:00:00	0	1.62	1.62	1.62	1.62	1.62	CFV.MI	0.92	0.92	0.92	0.92	1.12	0.9	-1.0	1.0	1.0	-1	-1.0	-1.0	1.0	-1.0	-1.0	1.0									-1.0			1.59										-1.0			1.02	-0.0	-0.0	0.56	-0.0	-0.0	0.06	1.66	0.56	0.0	0.0	72.36					1	-0.0	-0.0	-1.02	-0.0	-0.0	-0.19	-1.02	0.0	0.0	95.64					0.0	0.0	-1.28	0.0	0.0	-0.48	-1.28	0.0	0.0	24.06					0.0	0.0	0.36	0.0	0.0	0.14	0.36	0.0	0.0	62.1					-0.0	-0.0	2.7899999999999894	-0.0	-0.0	1.7222222222222276	2.7899999999999894	0.003340640540938321	0.003327021519945683	92.32206846749646				
2025-04-30 07:00:00	0	1.62	1.62	1.62	1.62	1.62	CFV.MI	0.93	0.93	0.93	0.93	1.12	0.9	-1.0	1.0	1.0	-1	-1.0	-1.0	1.0	-1.0	-1.0	1.0	1.62								-1.0			1.59	0.93									-1.0			1.02	-0.0	-0.0	0.56	-0.0	-0.0	0.06	1.66	0.56	0.0	0.0	78.05					1	-0.0	-0.0	-1.02	-0.0	-0.0	-0.19	-1.02	0.0	0.0	94.51					0.0	0.0	-1.28	0.0	0.0	-0.48	-1.28	0.0	0.0	29.21					0.0	0.0	0.36	0.0	0.0	0.14	0.36	0.0	0.0	61.08					-0.0	-0.0	2.7899999999999894	-0.0	-0.0	1.7222222222222276	2.7899999999999894	0.0032534302559749277	0.0032400721927343668	91.58833502427677				
2025-05-02 07:00:00	0	1.62	1.62	1.62	1.62	1.62	CFV.MI	0.91	0.91	0.91	0.91	1.12	0.9	-1.0	1.0	1.0	-1	-1.0	-1.0	1.0	-1.0	-1.0	1.0									-1.0			1.59										-1.0			1.02	-0.0	-0.0	0.56	-0.0	-0.0	0.06	1.66	0.56	0.0	0.0	77.16					1	-0.0	-0.0	-1.02	-0.0	-0.0	-0.19	-1.02	0.0	0.0	101.53					0.0	0.0	-1.28	0.0	0.0	-0.48	-1.28	0.0	0.0	27.81					0.0	0.0	0.36	0.0	0.0	0.14	0.36	0.0	0.0	66.76					-0.0	-0.0	2.7899999999999894	-0.0	-0.0	1.7222222222222276	2.7899999999999894	0.0034006613131481555	0.0033879189860901437	97.72819620086425				
2025-05-05 07:00:00	0	1.62	1.62	1.62	1.62	1.62	CFV.MI	0.91	0.91	0.91	0.91	1.12	0.9	-1.0	1.0	-1.0	-1	-1.0	-1.0	1.0	-1.0	-1.0	1.0									-1.0			1.59										-1.0			1.02	-0.0	-0.0	0.56	-0.0	-0.0	0.06	1.66	0.56	0.0	0.0	85.66					1	-0.0	-0.0	-1.02	-0.0	-0.0	-0.19	-1.02	0.0	0.0	99.19					0.0	0.0	-1.28	0.0	0.0	-0.48	-1.28	0.0	0.0	24.8					0.0	0.0	0.36	0.0	0.0	0.14	0.36	0.0	0.0	64.65					-0.0	-0.0	2.7899999999999894	-0.0	-0.0	1.7222222222222276	2.7899999999999894	0.0032228754283803933	0.003210631458084867	96.22846573358343				
2025-05-06 07:00:00	8000	1.6	1.57	1.59	1.6	1.6	CFV.MI	0.89	0.89	0.88	0.89	1.12	0.88	-1.0	-1.0	-1.0	-1	-1.0	-1.0	1.0	-1.0	-1.0	1.0									-1.0			1.59										-1.0			1.02	0.02	0.02	0.58	0.01	0.01	0.08	1.66	0.58	0.0	0.0	86.58					1	0.02	0.02	-1.0	0.01	0.01	-0.18	-1.0	0.0	0.0	100.46					-0.02	-0.02	-1.3	-0.01	-0.01	-0.48	-1.3	0.0	0.0	19.42					-0.02	-0.02	0.34	-0.01	-0.01	0.12	0.34	0.0	0.0	58.76					0.020000000000000018	0.020000000000000018	2.8099999999999894	0.012345679012345734	0.012422519998557209	1.7562500000000059	2.8099999999999894	0.003317286580369429	0.0033047791952827144	97.03914054880701				
2025-05-07 07:00:00	3000	1.58	1.58	1.58	1.58	1.58	CFV.MI	0.89	0.89	0.89	0.89	1.12	0.88	-1.0	-1.0	-1.0	-1	-1.0	-1.0	1.0	-1.0	-1.0	1.0		1.58		1.58					-1.0			1.59										-1.0			1.02	0.02	0.02	0.6	0.01	0.01	0.09	1.66	0.6	0.0	0.0	92.24					1	0.02	0.02	-0.98	0.01	0.01	-0.17	-0.98	0.0	0.0	101.11					-0.02	-0.02	-1.32	-0.01	-0.01	-0.49	-1.32	0.0	0.0	13.31					-0.02	-0.02	0.32	-0.01	-0.01	0.11	0.32	0.0	0.0	52.41					0.020000000000000018	0.020000000000000018	2.8299999999999894	0.012499999999999956	0.012578782206860073	1.791139240506335	2.8299999999999894	0.0033677813351909746	0.0033551319205473717	97.4593727580218				
2025-05-08 07:00:00	3000	1.61	1.56	1.56	1.61	1.61	CFV.MI	0.86	0.89	0.86	0.89	1.12	0.86	-1.0	-1.0	-1.0	-1	-1.0	-1.0	1.0	-1.0	-1.0	1.0									-1.0			1.59		0.86								-1.0			1.02	-0.03	-0.03	0.57	-0.02	-0.02	0.07	1.66	0.57	0.0	0.0	83.34					1	-0.03	-0.03	-1.01	-0.02	-0.02	-0.18	-1.01	0.0	0.0	100.81					0.03	0.03	-1.29	0.02	0.02	-0.48	-1.29	0.0	0.0	21.93					0.03	0.03	0.35	0.02	0.02	0.13	0.35	0.0	0.0	60.97					-0.030000000000000027	-0.030000000000000027	2.799999999999989	-0.018987341772152	-0.018809331957496293	1.7391304347826146	2.799999999999989	0.0033651179235315454	0.003352444567176427	97.18899188425411				
2025-05-09 07:00:00	1000	1.61	1.61	1.61	1.61	1.61	CFV.MI	0.88	0.88	0.88	0.88	1.1	0.86	-1.0	-1.0	-1.0	-1	-1.0	-1.0	1.0	-1.0	-1.0	1.0									-1.0			1.59										-1.0			1.02	-0.0	-0.0	0.57	-0.0	-0.0	0.07	1.66	0.57	0.0	0.0	81.12					1	-0.0	-0.0	-1.01	-0.0	-0.0	-0.18	-1.01	0.0	0.0	113.1					0.0	0.0	-1.29	0.0	0.0	-0.48	-1.29	0.0	0.0	17.94					0.0	0.0	0.35	0.0	0.0	0.13	0.35	0.0	0.0	70.38					-0.0	-0.0	2.799999999999989	-0.0	-0.0	1.7391304347826146	2.799999999999989	0.0035492442385455067	0.0035375352108391045	108.07834241336926				
2025-05-12 07:00:00	14000	1.72	1.61	1.61	1.72	1.72	CFV.MI	0.87	0.93	0.87	0.93	1.1	0.86	-1.0	-1.0	-1.0	1	-1.0	-1.0	1.0	-1.0	-1.0	1.0	1.72		1.72						-1.0			1.59	0.93			0.87						-1.0			1.02	-0.11	-0.11	0.46	-0.07	-0.07	0.0	1.72	0.46	0.0	0.0	64.4					1	-0.11	-0.11	-1.12	-0.07	-0.07	-0.23	-1.12	0.0	0.0	91.42					0.11	0.11	-1.18	0.07	0.07	-0.45	-1.18	0.0	0.0	25.85					0.11	0.11	0.46	0.07	0.07	0.21	0.46	0.0	0.0	80.28					-0.10999999999999988	-0.10999999999999988	2.6899999999999893	-0.06832298136645965	-0.06609011182899006	1.5639534883720985	2.6899999999999893	0.003410268177670887	0.0033972912490043417	93.22310750741485				
2025-05-13 07:00:00	6000	1.67	1.64	1.67	1.64	1.64	CFV.MI	0.9	0.9	0.88	0.88	1.1	0.86	-1.0	-1.0	-1.0	1	-1.0	-1.0	1.0	-1.0	-1.0	1.0		1.64							-1.0			1.59										-1.0			1.02	0.08	0.08	0.54	0.05	0.05	0.05	1.72	0.54	0.0	0.0	73.38					1	-0.08	-0.08	-1.2	-0.05	-0.05	-0.27	-1.2	0.0	0.0	77.31					-0.08	-0.08	-1.26	-0.05	-0.05	-0.47	-1.26	0.0	0.0	20.58					-0.08	-0.08	0.38	-0.05	-0.05	0.15	0.38	0.0	0.0	66.29					0.08000000000000007	0.08000000000000007	2.7699999999999894	0.04651162790697683	0.047628048989254705	1.6890243902439082	2.7699999999999894	0.0036895032132807214	0.0036757388176877903	95.27736566218101				
2025-05-14 07:00:00	7000	1.67	1.61	1.65	1.67	1.67	CFV.MI	0.88	0.89	0.86	0.89	1.1	0.86	-1.0	-1.0	-1.0	1	-1.0	-1.0	1.0	-1.0	-1.0	1.0									-1.0			1.59		0.86								-1.0			1.02	-0.03	-0.03	0.51	-0.02	-0.02	0.03	1.72	0.51	0.0	0.0	71.16					1	0.03	0.03	-1.17	0.02	0.02	-0.26	-1.17	0.0	0.0	79.08					0.03	0.03	-1.23	0.02	0.02	-0.46	-1.23	0.0	0.0	26.62					0.03	0.03	0.41	0.02	0.02	0.17	0.41	0.0	0.0	67.2					-0.030000000000000027	-0.030000000000000027	2.7399999999999896	-0.018292682926829285	-0.0181273845925567	1.640718562874257	2.7399999999999896	0.0034778182334782946	0.003463357202884376	87.90505406590782				
2025-05-15 07:00:00	0	1.67	1.67	1.67	1.67	1.67	CFV.MI	0.89	0.89	0.89	0.89	1.1	0.86	-1.0	-1.0	-1.0	1	-1.0	-1.0	1.0	-1.0	-1.0	1.0									-1.0			1.59										-1.0			1.02	-0.0	-0.0	0.51	-0.0	-0.0	0.03	1.72	0.51	0.0	0.0	71.16					1	0.0	0.0	-1.17	0.0	0.0	-0.26	-1.17	0.0	0.0	79.08					0.0	0.0	-1.23	0.0	0.0	-0.46	-1.23	0.0	0.0	26.62					0.0	0.0	0.41	0.0	0.0	0.17	0.41	0.0	0.0	67.2					-0.0	-0.0	2.7399999999999896	-0.0	-0.0	1.640718562874257	2.7399999999999896	0.0034778182334782946	0.003463357202884376	87.90505406590782				
2025-05-16 07:00:00	0	1.67	1.67	1.67	1.67	1.67	CFV.MI	0.89	0.89	0.89	0.89	1.1	0.86	-1.0	-1.0	-1.0	1	-1.0	-1.0	1.0	-1.0	-1.0	1.0									-1.0			1.59										-1.0			1.02	-0.0	-0.0	0.51	-0.0	-0.0	0.03	1.72	0.51	0.0	0.0	70.76					1	0.0	0.0	-1.17	0.0	0.0	-0.26	-1.17	0.0	0.0	79.08					0.0	0.0	-1.23	0.0	0.0	-0.46	-1.23	0.0	0.0	26.0					0.0	0.0	0.41	0.0	0.0	0.17	0.41	0.0	0.0	71.5					-0.0	-0.0	2.7399999999999896	-0.0	-0.0	1.640718562874257	2.7399999999999896	0.0036168645852893227	0.003602951202136273	92.2882968116858				
2025-05-19 07:00:00	0	1.67	1.67	1.67	1.67	1.67	CFV.MI	0.9	0.9	0.9	0.9	1.1	0.86	-1.0	-1.0	-1.0	1	-1.0	-1.0	1.0	-1.0	-1.0	1.0									-1.0			1.59	0.9									-1.0			1.02	-0.0	-0.0	0.51	-0.0	-0.0	0.03	1.72	0.51	0.0	0.0	76.03					1	0.0	0.0	-1.17	0.0	0.0	-0.26	-1.17	0.0	0.0	79.08					0.0	0.0	-1.23	0.0	0.0	-0.46	-1.23	0.0	0.0	30.89					0.0	0.0	0.41	0.0	0.0	0.17	0.41	0.0	0.0	70.68					-0.0	-0.0	2.7399999999999896	-0.0	-0.0	1.640718562874257	2.7399999999999896	0.0035283578637111622	0.0035146979508933196	91.65102543108452				
2025-05-20 07:00:00	13000	1.71	1.63	1.63	1.69	1.69	CFV.MI	0.87	0.91	0.87	0.9	1.1	0.86	-1.0	-1.0	-1.0	1	-1.0	-1.0	1.0	-1.0	-1.0	1.0	1.71								-1.0			1.59										-1.0			1.02	-0.02	-0.02	0.49	-0.01	-0.01	0.02	1.72	0.49	0.0	0.0	70.69					1	0.02	0.02	-1.15	0.01	0.01	-0.25	-1.15	0.0	0.0	80.16					0.02	0.02	-1.21	0.01	0.01	-0.46	-1.21	0.0	0.0	32.14					0.02	0.02	0.43	0.01	0.01	0.19	0.43	0.0	0.0	71.53					-0.020000000000000018	-0.020000000000000018	2.7199999999999895	-0.011976047904191711	-0.011904902506318458	1.6094674556213069	2.7199999999999895	0.003375642803129107	0.0033613025625607307	85.9867402667744				
2025-05-21 07:00:00	4000	1.68	1.65	1.68	1.65	1.65	CFV.MI	0.89	0.89	0.88	0.88	1.1	0.86	-1.0	-1.0	-1.0	1	-1.0	-1.0	1.0	-1.0	-1.0	1.0		1.65							-1.0			1.59		0.88								-1.0			1.02	0.04	0.04	0.53	0.02	0.02	0.05	1.72	0.53	0.0	0.0	77.57					1	-0.04	-0.04	-1.19	-0.02	-0.02	-0.27	-1.19	0.0	0.0	72.03					-0.04	-0.04	-1.25	-0.02	-0.02	-0.47	-1.25	0.0	0.0	30.33					-0.04	-0.04	0.39	-0.02	-0.02	0.16	0.39	0.0	0.0	63.02					0.040000000000000036	0.040000000000000036	2.7599999999999896	0.023668639053254448	0.023953241022492872	1.6727272727272782	2.7599999999999896	0.0034693143461371474	0.003454691420648359	86.69887390026145				
2025-05-22 07:00:00	3000	1.69	1.67	1.67	1.68	1.68	CFV.MI	0.89	0.91	0.89	0.9	1.1	0.86	-1.0	-1.0	-1.0	1	-1.0	-1.0	1.0	-1.0	-1.0	1.0									-1.0			1.59										-1.0			1.02	-0.03	-0.03	0.5	-0.02	-0.02	0.03	1.72	0.5	0.0	0.0	78.61					1	0.03	0.03	-1.16	0.02	0.02	-0.25	-1.16	0.0	0.0	73.65					0.03	0.03	-1.22	0.02	0.02	-0.46	-1.22	0.0	0.0	38.85					0.03	0.03	0.42	0.02	0.02	0.18	0.42	0.0	0.0	62.59					-0.030000000000000027	-0.030000000000000027	2.7299999999999898	-0.0181818181818183	-0.01801850550267843	1.6250000000000049	2.7299999999999898	0.003120178696615906	0.003105278433553682	78.61401468777817				
2025-05-23 07:00:00	5000	1.71	1.64	1.64	1.71	1.71	CFV.MI	0.9	0.93	0.9	0.93	1.1	0.86	-1.0	-1.0	1.0	1	-1.0	-1.0	1.0	-1.0	-1.0	1.0	1.71								-1.0			1.59	0.93		0.93							-1.0			1.02	-0.03	-0.03	0.47	-0.02	-0.02	0.01	1.72	0.47	0.0	0.0	72.26					1	0.03	0.03	-1.13	0.02	0.02	-0.24	-1.13	0.0	0.0	75.14					0.03	0.03	-1.19	0.02	0.02	-0.45	-1.19	0.0	0.0	40.48					0.03	0.03	0.45	0.02	0.02	0.2	0.45	0.0	0.0	63.9					-0.030000000000000027	-0.030000000000000027	2.6999999999999895	-0.017857142857142794	-0.017699577099400857	1.5789473684210575	2.6999999999999895	0.002948158614895527	0.0029324354296229593	72.25940331495296				
2025-05-26 07:00:00	8000	1.65	1.62	1.65	1.64	1.64	CFV.MI	0.89	0.89	0.87	0.88	1.09	0.86	-1.0	-1.0	1.0	1	-1.0	-1.0	1.0	-1.0	-1.0	1.0									-1.0			1.59										-1.0			1.02	0.07	0.07	0.54	0.04	0.04	0.05	1.72	0.54	0.0	0.0	85.65					1	-0.07	-0.07	-1.2	-0.04	-0.04	-0.27	-1.2	0.0	0.0	75.01					-0.07	-0.07	-1.26	-0.04	-0.04	-0.47	-1.26	0.0	0.0	27.23					-0.07	-0.07	0.38	-0.04	-0.04	0.15	0.38	0.0	0.0	63.77					0.07000000000000006	0.07000000000000006	2.76999999999999	0.040935672514619936	0.04179712867846148	1.6890243902439082	2.76999999999999	0.0034920619359502993	0.0034767272333458	85.64624783758313				
2025-05-27 07:00:00	3000	1.63	1.62	1.63	1.62	1.62	CFV.MI	0.88	0.88	0.87	0.87	1.09	0.86	-1.0	-1.0	1.0	1	-1.0	-1.0	1.0	-1.0	-1.0	1.0		1.62							-1.0			1.59		0.87								-1.0			1.02	0.02	0.02	0.56	0.01	0.01	0.06	1.72	0.56	0.0	0.0	84.68					1	-0.02	-0.02	-1.22	-0.01	-0.01	-0.28	-1.22	0.0	0.0	66.82					-0.02	-0.02	-1.28	-0.01	-0.01	-0.48	-1.28	0.0	0.0	29.59					-0.02	-0.02	0.36	-0.01	-0.01	0.14	0.36	0.0	0.0	56.26					0.019999999999999796	0.019999999999999796	2.7899999999999894	0.012195121951219412	0.012270092591814247	1.7222222222222276	2.7899999999999894	0.0033654132482029914	0.0033504799223627035	84.67803780332137				
2025-05-28 07:00:00	1000	1.63	1.63	1.63	1.63	1.63	CFV.MI	0.88	0.88	0.88	0.88	1.08	0.86	-1.0	-1.0	1.0	1	-1.0	-1.0	1.0	-1.0	-1.0	1.0	1.63								-1.0			1.59	0.88									-1.0			1.02	-0.01	-0.01	0.55	-0.01	-0.01	0.06	1.72	0.55	0.0	0.0	87.03					1	0.01	0.01	-1.21	0.01	0.01	-0.27	-1.21	0.0	0.0	74.03					0.01	0.01	-1.27	0.01	0.01	-0.48	-1.27	0.0	0.0	28.37					0.01	0.01	0.37	0.01	0.01	0.14	0.37	0.0	0.0	63.02					-0.009999999999999787	-0.009999999999999787	2.7799999999999896	-0.006172839506172645	-0.006153865574378066	1.7055214723926442	2.7799999999999896	0.003394017988992995	0.0033793552965111218	87.03122508302695				
2025-05-29 07:00:00	9000	1.62	1.59	1.61	1.61	1.61	CFV.MI	0.87	0.87	0.86	0.87	1.08	0.86	-1.0	-1.0	-1.0	1	-1.0	-1.0	1.0	-1.0	-1.0	1.0		1.59		1.59					-1.0			1.59		0.86								-1.0			1.02	0.02	0.02	0.57	0.01	0.01	0.07	1.72	0.57	0.0	0.0	86.36					1	-0.02	-0.02	-1.23	-0.01	-0.01	-0.28	-1.23	0.0	0.0	66.02					-0.02	-0.02	-1.29	-0.01	-0.01	-0.48	-1.29	0.0	0.0	30.0					-0.02	-0.02	0.35	-0.01	-0.01	0.13	0.35	0.0	0.0	55.7					0.019999999999999796	0.019999999999999796	2.799999999999989	0.012269938650306678	0.012345835822299266	1.7391304347826146	2.799999999999989	0.003310133027083782	0.0032957308623293713	86.36184239952635				
2025-05-30 07:00:00	17000	1.64	1.6	1.61	1.61	1.61	CFV.MI	0.87	0.88	0.86	0.87	1.08	0.86	-1.0	-1.0	-1.0	1	-1.0	-1.0	1.0	-1.0	-1.0	1.0									-1.0			1.59										-1.0			1.02	-0.0	-0.0	0.57	-0.0	-0.0	0.07	1.72	0.57	0.0	0.0	94.8					1	0.0	0.0	-1.23	0.0	0.0	-0.28	-1.23	0.0	0.0	73.94					0.0	0.0	-1.29	0.0	0.0	-0.48	-1.29	0.0	0.0	27.33					0.0	0.0	0.35	0.0	0.0	0.13	0.35	0.0	0.0	63.2					-0.0	-0.0	2.799999999999989	-0.0	-0.0	1.7391304347826146	2.799999999999989	0.0034904996190678406	0.003477017636886126	94.79658360147332				
2025-06-02 07:00:00	24000	1.71	1.62	1.64	1.63	1.63	CFV.MI	0.88	0.92	0.87	0.88	1.08	0.86	-1.0	-1.0	-1.0	1	-1.0	-1.0	1.0	-1.0	-1.0	1.0	1.71		1.71						-1.0			1.59	0.92									-1.0			1.02	-0.02	-0.02	0.55	-0.01	-0.01	0.06	1.72	0.55	0.0	0.0	88.39					1	0.02	0.02	-1.21	0.01	0.01	-0.27	-1.21	0.0	0.0	74.57					0.02	0.02	-1.27	0.01	0.01	-0.48	-1.27	0.0	0.0	32.92					0.02	0.02	0.37	0.01	0.01	0.14	0.37	0.0	0.0	63.74					-0.019999999999999796	-0.019999999999999796	2.7799999999999896	-0.012422360248447006	-0.012345835822299141	1.7055214723926446	2.7799999999999896	0.0032943627787225703	0.003280354075169356	88.39246945825704				
2025-06-03 07:00:00	10000	1.67	1.63	1.65	1.63	1.63	CFV.MI	0.89	0.9	0.88	0.88	1.08	0.86	-1.0	-1.0	-1.0	1	-1.0	-1.0	1.0	-1.0	-1.0	1.0									-1.0			1.59										-1.0			1.02	-0.0	-0.0	0.55	-0.0	-0.0	0.06	1.72	0.55	0.0	0.0	92.97					1	0.0	0.0	-1.21	0.0	0.0	-0.27	-1.21	0.0	0.0	79.31					0.0	0.0	-1.27	0.0	0.0	-0.48	-1.27	0.0	0.0	32.27					0.0	0.0	0.37	0.0	0.0	0.14	0.37	0.0	0.0	68.13					-0.0	-0.0	2.7799999999999896	-0.0	-0.0	1.7055214723926446	2.7799999999999896	0.0034305488274781974	0.003417050824477297	92.97004306189586				
2025-06-04 07:00:00	16000	1.62	1.6	1.62	1.6	1.6	CFV.MI	0.87	0.87	0.86	0.86	1.08	0.86	-1.0	-1.0	-1.0	1	-1.0	-1.0	1.0	-1.0	-1.0	1.0		1.6							-1.0			1.59		0.86								-1.0			1.02	0.03	0.03	0.58	0.02	0.02	0.08	1.72	0.58	0.0	0.0	93.38					1	-0.03	-0.03	-1.24	-0.02	-0.02	-0.29	-1.24	0.0	0.0	71.04					-0.03	-0.03	-1.3	-0.02	-0.02	-0.48	-1.3	0.0	0.0	31.22					-0.03	-0.03	0.34	-0.02	-0.02	0.12	0.34	0.0	0.0	60.41					0.029999999999999805	0.029999999999999805	2.8099999999999894	0.018404907975460016	0.018576385572935304	1.7562500000000063	2.8099999999999894	0.003482839455632252	0.00346918867043966	93.37527919541469				
2025-06-05 07:00:00	10000	1.68	1.62	1.68	1.62	1.62	CFV.MI	0.9	0.9	0.87	0.87	1.08	0.86	-1.0	-1.0	-1.0	1	-1.0	-1.0	1.0	-1.0	-1.0	1.0	1.68								-1.0			1.59	0.9									-1.0			1.02	-0.02	-0.02	0.56	-0.01	-0.01	0.06	1.72	0.56	0.0	0.0	87.4					1	0.02	0.02	-1.22	0.01	0.01	-0.28	-1.22	0.0	0.0	72.25					0.02	0.02	-1.28	0.01	0.01	-0.48	-1.28	0.0	0.0	32.59					0.02	0.02	0.36	0.01	0.01	0.14	0.36	0.0	0.0	61.44					-0.020000000000000018	-0.020000000000000018	2.7899999999999894	-0.012499999999999956	-0.01242251999855711	1.722222222222229	2.7899999999999894	0.003329486373076241	0.003315166924922286	87.39578602319395				
2025-06-06 07:00:00	3000	1.62	1.6	1.6	1.62	1.62	CFV.MI	0.85	0.86	0.85	0.86	1.08	0.85	-1.0	-1.0	-1.0	1	-1.0	-1.0	1.0	-1.0	-1.0	1.0		1.6							-1.0			1.59		0.85		0.85		0.85				-1.0			1.02	-0.0	-0.0	0.56	-0.0	-0.0	0.06	1.72	0.56	0.0	0.0	86.66					1	0.0	0.0	-1.22	0.0	0.0	-0.28	-1.22	0.0	0.0	71.1					0.0	0.0	-1.28	0.0	0.0	-0.48	-1.28	0.0	0.0	37.67					0.0	0.0	0.36	0.0	0.0	0.14	0.36	0.0	0.0	60.46					-0.0	-0.0	2.7899999999999894	-0.0	-0.0	1.722222222222229	2.7899999999999894	0.0032407279407237195	0.003226680834908846	86.66401194859912				
2025-06-09 07:00:00	6000	1.65	1.65	1.65	1.65	1.65	CFV.MI	0.88	0.88	0.88	0.88	1.08	0.85	-1.0	-1.0	-1.0	1	-1.0	-1.0	1.0	-1.0	-1.0	1.0									-1.0			1.59										-1.0			1.02	-0.03	-0.03	0.53	-0.02	-0.02	0.05	1.71	0.53	0.0	0.0	79.26					1	0.03	0.03	-1.19	0.02	0.02	-0.27	-1.19	0.0	0.0	72.3					0.03	0.03	-1.25	0.02	0.02	-0.47	-1.25	0.0	0.0	43.74					0.03	0.03	0.39	0.02	0.02	0.16	0.39	0.0	0.0	61.49					-0.029999999999999805	-0.029999999999999805	2.7599999999999896	-0.01851851851851838	-0.0183491386681964	1.6727272727272795	2.7599999999999896	0.0030264853556915073	0.0030117766752590924	79.25901630069748				
2025-06-10 07:00:00	10000	1.68	1.65	1.65	1.68	1.68	CFV.MI	0.89	0.9	0.89	0.9	1.08	0.85	-1.0	-1.0	-1.0	1	-1.0	-1.0	1.0	-1.0	-1.0	1.0	1.68								-1.0			1.59	0.9									-1.0			1.02	-0.03	-0.03	0.5	-0.02	-0.02	0.03	1.71	0.5	0.0	0.0	72.61					1	0.03	0.03	-1.16	0.02	0.02	-0.25	-1.16	0.0	0.0	73.94					0.03	0.03	-1.22	0.02	0.02	-0.46	-1.22	0.0	0.0	45.42					0.03	0.03	0.42	0.02	0.02	0.18	0.42	0.0	0.0	62.91					-0.030000000000000027	-0.030000000000000027	2.7299999999999898	-0.0181818181818183	-0.01801850550267843	1.6250000000000062	2.7299999999999898	0.0028542419048713324	0.00283873038817406	72.6102351817135				
2025-06-11 07:00:00	11000	1.66	1.63	1.64	1.63	1.63	CFV.MI	0.88	0.89	0.87	0.87	1.08	0.85	-1.0	-1.0	-1.0	1	-1.0	-1.0	1.0	-1.0	-1.0	1.0									-1.0			1.59		0.87								-1.0			1.02	0.05	0.05	0.55	0.03	0.03	0.06	1.71	0.55	0.0	0.0	84.7					1	-0.05	-0.05	-1.21	-0.03	-0.03	-0.27	-1.21	0.0	0.0	74.88					-0.05	-0.05	-1.27	-0.03	-0.03	-0.48	-1.27	0.0	0.0	34.08					-0.05	-0.05	0.37	-0.03	-0.03	0.14	0.37	0.0	0.0	63.83					0.050000000000000044	0.050000000000000044	2.7799999999999896	0.029761904761904767	0.030213778596496595	1.7055214723926446	2.7799999999999896	0.00329499343640928	0.003279978692191099	84.6971521595141				
2025-06-12 07:00:00	5000	1.64	1.64	1.64	1.64	1.64	CFV.MI	0.89	0.89	0.89	0.89	1.08	0.85	-1.0	-1.0	-1.0	1	-1.0	-1.0	1.0	-1.0	-1.0	1.0		1.64							-1.0			1.59										-1.0			1.02	-0.01	-0.01	0.54	-0.01	-0.01	0.05	1.71	0.54	0.0	0.0	79.49					1	0.01	0.01	-1.2	0.01	0.01	-0.27	-1.2	0.0	0.0	74.39					0.01	0.01	-1.26	0.01	0.01	-0.47	-1.26	0.0	0.0	39.68					0.01	0.01	0.38	0.01	0.01	0.15	0.38	0.0	0.0	63.41					-0.010000000000000009	-0.010000000000000009	2.76999999999999	-0.006134969325153339	-0.006116227017436054	1.689024390243909	2.76999999999999	0.0030687080099330755	0.003053461299661775	79.49037424085884				
2025-06-13 07:00:00	0	1.64	1.64	1.64	1.64	1.64	CFV.MI	0.9	0.9	0.9	0.9	1.08	0.85	-1.0	-1.0	-1.0	1	-1.0	-1.0	1.0	-1.0	-1.0	1.0									-1.0			1.59										-1.0			1.02	-0.0	-0.0	0.54	-0.0	-0.0	0.05	1.71	0.54	0.0	0.0	79.1					1	0.0	0.0	-1.2	0.0	0.0	-0.27	-1.2	0.0	0.0	73.86					0.0	0.0	-1.26	0.0	0.0	-0.47	-1.26	0.0	0.0	43.83					0.0	0.0	0.38	0.0	0.0	0.15	0.38	0.0	0.0	62.95					-0.0	-0.0	2.76999999999999	-0.0	-0.0	1.689024390243909	2.76999999999999	0.0030258926379305683	0.0030107890568598084	79.10331981811082				
2025-06-16 07:00:00	27000	1.72	1.66	1.67	1.7	1.7	CFV.MI	0.9	0.93	0.9	0.92	1.08	0.85	-1.0	-1.0	-1.0	1	-1.0	-1.0	1.0	-1.0	-1.0	1.0									-1.0			1.59										-1.0			1.02	-0.06	-0.06	0.48	-0.04	-0.04	0.01	1.72	0.48	0.0	0.0	68.69					1	0.06	0.06	-1.14	0.04	0.04	-0.24	-1.14	0.0	0.0	76.47					0.06	0.06	-1.2	0.04	0.04	-0.45	-1.2	0.0	0.0	51.23					0.06	0.06	0.44	0.04	0.04	0.19	0.44	0.0	0.0	65.22					-0.06000000000000005	-0.06000000000000005	2.7099999999999898	-0.03658536585365857	-0.03593200922606337	1.5941176470588299	2.7099999999999898	0.0027590557696600864	0.00274284534565461	68.6937151034758				
2025-06-17 07:00:00	0	1.7	1.7	1.7	1.7	1.7	CFV.MI	0.93	0.93	0.93	0.93	1.08	0.85	-1.0	-1.0	-1.0	1	-1.0	-1.0	1.0	-1.0	-1.0	1.0	1.7								-1.0			1.59	0.93		0.93							-1.0			1.02	-0.0	-0.0	0.48	-0.0	-0.0	0.01	1.72	0.48	0.0	0.0	68.69					1	0.0	0.0	-1.14	0.0	0.0	-0.24	-1.14	0.0	0.0	76.47					0.0	0.0	-1.2	0.0	0.0	-0.45	-1.2	0.0	0.0	51.23					0.0	0.0	0.44	0.0	0.0	0.19	0.44	0.0	0.0	65.22					-0.0	-0.0	2.7099999999999898	-0.0	-0.0	1.5941176470588299	2.7099999999999898	0.0027590557696600864	0.00274284534565461	68.6937151034758				
2025-06-18 07:00:00	11000	1.71	1.64	1.69	1.67	1.67	CFV.MI	0.92	0.94	0.9	0.91	1.08	0.85	-1.0	-1.0	1.0	1	-1.0	-1.0	1.0	-1.0	-1.0	1.0									-1.0			1.59										-1.0			1.02	0.03	0.03	0.51	0.02	0.02	0.03	1.72	0.51	0.0	0.0	69.51					1	-0.03	-0.03	-1.17	-0.02	-0.02	-0.26	-1.17	0.0	0.0	69.32					-0.03	-0.03	-1.23	-0.02	-0.02	-0.46	-1.23	0.0	0.0	49.3					-0.03	-0.03	0.41	-0.02	-0.02	0.17	0.41	0.0	0.0	58.49					0.030000000000000027	0.030000000000000027	2.7399999999999896	0.01764705882352946	0.017804624633506707	1.640718562874258	2.7399999999999896	0.0028445189712786693	0.002828004350858615	69.51351527671108				
2025-06-19 07:00:00	12000	1.66	1.63	1.63	1.66	1.66	CFV.MI	0.9	0.92	0.9	0.92	1.08	0.85	-1.0	-1.0	1.0	1	-1.0	-1.0	1.0	-1.0	-1.0	1.0									-1.0			1.59										-1.0			1.02	0.01	0.01	0.52	0.01	0.01	0.04	1.72	0.52	0.0	0.0	69.92					1	-0.01	-0.01	-1.18	-0.01	-0.01	-0.26	-1.18	0.0	0.0	64.87					-0.01	-0.01	-1.24	-0.01	-0.01	-0.47	-1.24	0.0	0.0	45.23					-0.01	-0.01	0.4	-0.01	-0.01	0.17	0.4	0.0	0.0	54.36					0.010000000000000009	0.010000000000000009	2.7499999999999893	0.005988023952095856	0.006006024060211922	1.6566265060241032	2.7499999999999893	0.002887762344512195	0.002871092732798397	69.91689360465335				
2025-06-20 07:00:00	3000	1.64	1.64	1.64	1.64	1.64	CFV.MI	0.9	0.9	0.9	0.9	1.08	0.85	-1.0	-1.0	1.0	1	-1.0	-1.0	1.0	-1.0	-1.0	1.0		1.64							-1.0			1.59		0.9								-1.0			1.02	0.02	0.02	0.54	0.01	0.01	0.05	1.72	0.54	0.0	0.0	70.32					1	-0.02	-0.02	-1.2	-0.01	-0.01	-0.27	-1.2	0.0	0.0	58.91					-0.02	-0.02	-1.26	-0.01	-0.01	-0.47	-1.26	0.0	0.0	44.29					-0.02	-0.02	0.38	-0.01	-0.01	0.15	0.38	0.0	0.0	48.82					0.020000000000000018	0.020000000000000018	2.7699999999999894	0.012048192771084376	0.01212136053234485	1.689024390243909	2.7699999999999894	0.002932050938042251	0.002915221842547888	70.32235204589313				
2025-06-23 07:00:00	3000	1.66	1.63	1.63	1.66	1.66	CFV.MI	0.91	0.92	0.91	0.92	1.08	0.85	-1.0	-1.0	1.0	1	-1.0	-1.0	1.0	-1.0	-1.0	1.0									-1.0			1.59	0.92									-1.0			1.02	-0.02	-0.02	0.52	-0.01	-0.01	0.04	1.72	0.52	0.0	0.0	65.14					1	0.02	0.02	-1.18	0.01	0.01	-0.26	-1.18	0.0	0.0	60.05					0.02	0.02	-1.24	0.01	0.01	-0.47	-1.24	0.0	0.0	45.32					0.02	0.02	0.4	0.01	0.01	0.17	0.4	0.0	0.0	49.8					-0.020000000000000018	-0.020000000000000018	2.7499999999999893	-0.012195121951219523	-0.01212136053234482	1.6566265060241032	2.7499999999999893	0.0027677438099948386	0.002750231162894856	65.14148150719069				
2025-06-24 07:00:00	19000	1.66	1.62	1.64	1.66	1.66	CFV.MI	0.9	0.91	0.89	0.91	1.08	0.85	-1.0	-1.0	1.0	1	-1.0	-1.0	1.0	-1.0	-1.0	1.0									-1.0			1.59		0.89		0.89						-1.0			1.02	-0.0	-0.0	0.52	-0.0	-0.0	0.04	1.72	0.52	0.0	0.0	64.73					1	0.0	0.0	-1.18	0.0	0.0	-0.26	-1.18	0.0	0.0	59.49					0.0	0.0	-1.24	0.0	0.0	-0.47	-1.24	0.0	0.0	49.32					0.0	0.0	0.4	0.0	0.0	0.17	0.4	0.0	0.0	49.32					-0.0	-0.0	2.7499999999999893	-0.0	-0.0	1.6566265060241032	2.7499999999999893	0.002725101039167334	0.0027077489350701978	64.73154479949118				
2025-06-25 07:00:00	13000	1.72	1.63	1.64	1.72	1.72	CFV.MI	0.9	0.94	0.89	0.94	1.08	0.85	-1.0	-1.0	1.0	1	-1.0	-1.0	1.0	-1.0	-1.0	1.0									-1.0			1.59										-1.0			1.02	-0.06	-0.06	0.46	-0.04	-0.04	0.0	1.72	0.46	0.0	0.0	56.05					1	0.06	0.06	-1.12	0.04	0.04	-0.23	-1.12	0.0	0.0	62.64					0.06	0.06	-1.18	0.04	0.04	-0.45	-1.18	0.0	0.0	52.04					0.06	0.06	0.46	0.04	0.04	0.21	0.46	0.0	0.0	52.04					-0.06000000000000005	-0.06000000000000005	2.6899999999999893	-0.03614457831325302	-0.03550668845690982	1.5639534883720994	2.6899999999999893	0.0024888142576457795	0.0024701319310656	56.051478254254164				
2025-06-26 07:00:00	3000	1.7	1.68	1.68	1.7	1.7	CFV.MI	0.92	0.93	0.92	0.93	1.08	0.85	-1.0	-1.0	1.0	1	-1.0	-1.0	1.0	-1.0	-1.0	1.0									-1.0			1.59	0.93									-1.0			1.02	0.02	0.02	0.48	0.01	0.01	0.01	1.72	0.48	0.0	0.0	56.87					1	-0.02	-0.02	-1.14	-0.01	-0.01	-0.24	-1.14	0.0	0.0	57.55					-0.02	-0.02	-1.2	-0.01	-0.01	-0.45	-1.2	0.0	0.0	47.26					-0.02	-0.02	0.44	-0.01	-0.01	0.19	0.44	0.0	0.0	47.26					0.020000000000000018	0.020000000000000018	2.7099999999999893	0.011627906976744207	0.011696039763191298	1.5941176470588299	2.7099999999999893	0.0025706865359881184	0.0025516759293273683	56.870196509586776				
2025-06-27 07:00:00	0	1.7	1.7	1.7	1.7	1.7	CFV.MI	0.92	0.92	0.92	0.92	1.08	0.85	-1.0	-1.0	1.0	1	-1.0	-1.0	1.0	-1.0	-1.0	1.0									-1.0			1.59		0.92								-1.0			1.02	-0.0	-0.0	0.48	-0.0	-0.0	0.01	1.72	0.48	0.0	0.0	56.87					1	0.0	0.0	-1.14	0.0	0.0	-0.24	-1.14	0.0	0.0	57.55					0.0	0.0	-1.2	0.0	0.0	-0.45	-1.2	0.0	0.0	47.26					0.0	0.0	0.44	0.0	0.0	0.19	0.44	0.0	0.0	47.26					-0.0	-0.0	2.7099999999999893	-0.0	-0.0	1.5941176470588299	2.7099999999999893	0.0025706865359881184	0.0025516759293273683	56.870196509586776				
2025-06-30 07:00:00	18000	1.74	1.66	1.67	1.74	1.74	CFV.MI	0.91	0.94	0.9	0.94	1.08	0.85	-1.0	-1.0	1.0	1	-1.0	-1.0	1.0	-1.0	-1.0	1.0									-1.0			1.59										-1.0			1.02	-0.04	-0.04	0.44	-0.02	-0.02	-0.01	1.74	0.44	0.0	0.0	61.48					1	0.04	0.04	-1.1	0.02	0.02	-0.23	-1.1	0.0	0.0	71.53					0.04	0.04	-1.16	0.02	0.02	-0.44	-1.16	0.0	0.0	44.95					0.04	0.04	0.48	0.02	0.02	0.22	0.48	0.0	0.0	44.95					-0.040000000000000036	-0.040000000000000036	2.6699999999999893	-0.0235294117647058	-0.023256862164267183	1.5344827586206962	2.6699999999999893	0.0026593105061962297	0.002641128953889682	61.484943755059376				
2025-07-01 07:00:00	4000	1.73	1.7	1.71	1.7	1.7	CFV.MI	0.93	0.94	0.93	0.93	1.08	0.85	-1.0	-1.0	1.0	1	-1.0	-1.0	1.0	-1.0	-1.0	1.0									-1.0			1.59										-1.0			1.02	0.04	0.04	0.48	0.02	0.02	0.01	1.74	0.48	0.0	0.0	61.09					1	-0.04	-0.04	-1.14	-0.02	-0.02	-0.24	-1.14	0.0	0.0	64.21					-0.04	-0.04	-1.2	-0.02	-0.02	-0.45	-1.2	0.0	0.0	45.82					-0.04	-0.04	0.44	-0.02	-0.02	0.19	0.44	0.0	0.0	45.82					0.040000000000000036	0.040000000000000036	2.7099999999999893	0.02298850574712641	0.023256862164267235	1.5941176470588303	2.7099999999999893	0.0026191957832333336	0.0026011718676830498	61.08745326494229				
2025-07-02 07:00:00	5000	1.74	1.73	1.73	1.74	1.74	CFV.MI	0.94	0.94	0.94	0.94	1.08	0.85	-1.0	-1.0	1.0	1	-1.0	-1.0	1.0	-1.0	-1.0	1.0	1.74								-1.0			1.59	0.94									-1.0			1.02	-0.04	-0.04	0.44	-0.02	-0.02	-0.01	1.74	0.44	0.0	0.0	53.55					1	0.04	0.04	-1.1	0.02	0.02	-0.23	-1.1	0.0	0.0	65.99					0.04	0.04	-1.16	0.02	0.02	-0.44	-1.16	0.0	0.0	52.51					0.04	0.04	0.48	0.02	0.02	0.22	0.48	0.0	0.0	52.51					-0.040000000000000036	-0.040000000000000036	2.6699999999999893	-0.0235294117647058	-0.023256862164267183	1.5344827586206966	2.6699999999999893	0.0023344819635981195	0.002315799067022617	53.54736389990021				
2025-07-03 07:00:00	2000	1.74	1.71	1.71	1.74	1.74	CFV.MI	0.92	0.94	0.92	0.94	1.08	0.85	-1.0	-1.0	1.0	1	-1.0	-1.0	1.0	-1.0	-1.0	1.0		1.71							-1.0			1.59		0.92								-1.0			1.02	-0.0	-0.0	0.44	-0.0	-0.0	-0.01	1.74	0.44	0.0	0.0	59.34					1	0.0	0.0	-1.1	0.0	0.0	-0.23	-1.1	0.0	0.0	72.23					0.0	0.0	-1.16	0.0	0.0	-0.44	-1.16	0.0	0.0	51.16					0.0	0.0	0.48	0.0	0.0	0.22	0.48	0.0	0.0	51.16					-0.0	-0.0	2.6699999999999893	-0.0	-0.0	1.5344827586206966	2.6699999999999893	0.002519682724509715	0.002501829702258096	59.34451589919671				
2025-07-04 07:00:00	0	1.74	1.74	1.74	1.74	1.74	CFV.MI	0.95	0.95	0.95	0.95	1.08	0.85	-1.0	1.0	1.0	1	-1.0	-1.0	1.0	-1.0	-1.0	1.0									-1.0			1.59	0.95									-1.0			1.02	-0.0	-0.0	0.44	-0.0	-0.0	-0.01	1.74	0.44	0.0	0.0	59.34					1	0.0	0.0	-1.1	0.0	0.0	-0.23	-1.1	0.0	0.0	72.23					0.0	0.0	-1.16	0.0	0.0	-0.44	-1.16	0.0	0.0	51.16					0.0	0.0	0.48	0.0	0.0	0.22	0.48	0.0	0.0	51.16					-0.0	-0.0	2.6699999999999893	-0.0	-0.0	1.5344827586206966	2.6699999999999893	0.002519682724509715	0.002501829702258096	59.34451589919671				
2025-07-07 07:00:00	11000	1.76	1.73	1.73	1.74	1.74	CFV.MI	0.93	0.95	0.93	0.94	1.08	0.85	-1.0	1.0	1.0	1	-1.0	-1.0	1.0	-1.0	-1.0	1.0									-1.0			1.59		0.93								-1.0			1.02	-0.0	-0.0	0.44	-0.0	-0.0	-0.01	1.76	0.44	0.0	0.0	59.34					1	0.0	0.0	-1.1	0.0	0.0	-0.23	-1.1	0.0	0.0	72.23					0.0	0.0	-1.16	0.0	0.0	-0.44	-1.16	0.0	0.0	51.16					0.0	0.0	0.48	0.0	0.0	0.22	0.48	0.0	0.0	51.16					-0.0	-0.0	2.6699999999999893	-0.0	-0.0	1.5344827586206966	2.6699999999999893	0.002519682724509715	0.002501829702258096	59.34451589919671				
2025-07-08 07:00:00	7000	1.78	1.73	1.73	1.78	1.78	CFV.MI	0.93	0.96	0.93	0.96	1.08	0.85	-1.0	1.0	1.0	1	-1.0	-1.0	1.0	-1.0	-1.0	1.0									-1.0			1.59	0.96									-1.0			1.02	-0.04	-0.04	0.4	-0.02	-0.02	-0.03	1.78	0.4	0.0	0.0	51.43					1	0.04	0.04	-1.06	0.02	0.02	-0.21	-1.06	0.0	0.0	72.59					0.04	0.04	-1.12	0.02	0.02	-0.43	-1.12	0.0	0.0	58.84					0.04	0.04	0.52	0.02	0.02	0.25	0.52	0.0	0.0	58.84					-0.040000000000000036	-0.040000000000000036	2.6299999999999892	-0.02298850574712641	-0.02272825107755609	1.4775280898876475	2.6299999999999892	0.002196765992279972	0.00217843784638605	51.4334101532795				
2025-07-09 07:00:00	15000	1.8	1.75	1.78	1.75	1.75	CFV.MI	0.94	0.95	0.92	0.92	1.08	0.85	-1.0	1.0	1.0	1	-1.0	-1.0	1.0	-1.0	-1.0	1.0	1.8								-1.0			1.59										-1.0			1.02	0.03	0.03	0.43	0.02	0.02	-0.01	1.8	0.43	0.0	0.0	52.29					1	-0.03	-0.03	-1.09	-0.02	-0.02	-0.22	-1.09	0.0	0.0	66.03					-0.03	-0.03	-1.15	-0.02	-0.02	-0.44	-1.15	0.0	0.0	56.99					-0.03	-0.03	0.49	-0.02	-0.02	0.23	0.49	0.0	0.0	56.99					0.030000000000000027	0.030000000000000027	2.6599999999999895	0.016853932584269704	0.016997576368571136	1.5200000000000071	2.6599999999999895	0.0022728551170162364	0.002254217607073228	52.292650085947834				
2025-07-10 07:00:00	9000	1.75	1.69	1.75	1.74	1.74	CFV.MI	0.93	0.93	0.9	0.93	1.08	0.85	-1.0	1.0	1.0	1	-1.0	-1.0	1.0	-1.0	-1.0	1.0		1.69		1.69					-1.0			1.59		0.9								-1.0			1.02	0.01	0.01	0.44	0.01	0.01	-0.01	1.8	0.44	0.0	0.0	58.49					1	-0.01	-0.01	-1.1	-0.01	-0.01	-0.23	-1.1	0.0	0.0	68.1					-0.01	-0.01	-1.16	-0.01	-0.01	-0.44	-1.16	0.0	0.0	51.69					-0.01	-0.01	0.48	-0.01	-0.01	0.22	0.48	0.0	0.0	51.69					0.010000000000000009	0.010000000000000009	2.6699999999999893	0.005714285714285672	0.005730674708984983	1.534482758620697	2.6699999999999893	0.0024983213941191253	0.0024803585336834466	58.491579500705065				
2025-07-11 07:00:00	14000	1.79	1.72	1.74	1.77	1.77	CFV.MI	0.94	0.96	0.93	0.95	1.08	0.85	-1.0	1.0	1.0	1	-1.0	-1.0	1.0	-1.0	-1.0	1.0									-1.0			1.59										-1.0			1.02	-0.03	-0.03	0.41	-0.02	-0.02	-0.03	1.8	0.41	0.0	0.0	51.46					1	0.03	0.03	-1.07	0.02	0.02	-0.21	-1.07	0.0	0.0	68.04					0.03	0.03	-1.13	0.02	0.02	-0.43	-1.13	0.0	0.0	58.97					0.03	0.03	0.51	0.02	0.02	0.24	0.51	0.0	0.0	58.97					-0.030000000000000027	-0.030000000000000027	2.639999999999989	-0.01724137931034475	-0.01709443335930004	1.4915254237288207	2.639999999999989	0.002191746455487076	0.002173467485365066	51.45541809588966				
2025-07-14 07:00:00	30000	1.8	1.72	1.76	1.8	1.8	CFV.MI	0.94	0.97	0.92	0.97	1.08	0.85	-1.0	1.0	1.0	1	-1.0	-1.0	1.0	-1.0	-1.0	1.0	1.8								-1.0			1.59										-1.0			1.02	-0.03	-0.03	0.38	-0.02	-0.02	-0.04	1.8	0.38	0.0	0.0	49.87					1	0.03	0.03	-1.04	0.02	0.02	-0.2	-1.04	0.0	0.0	73.47					0.03	0.03	-1.1	0.02	0.02	-0.42	-1.1	0.0	0.0	59.73					0.03	0.03	0.54	0.02	0.02	0.26	0.54	0.0	0.0	59.73					-0.030000000000000027	-0.030000000000000027	2.6099999999999888	-0.016949152542372836	-0.01680711831638119	1.4500000000000073	2.6099999999999888	0.0021581519063644562	0.002139567326139291	49.87465073350551				
2025-07-15 07:00:00	8000	1.76	1.75	1.76	1.75	1.75	CFV.MI	0.95	0.95	0.95	0.95	1.08	0.85	-1.0	1.0	1.0	1	-1.0	-1.0	1.0	-1.0	-1.0	1.0		1.75							-1.0			1.59										-1.0			1.02	0.05	0.05	0.43	0.03	0.03	-0.01	1.8	0.43	0.0	0.0	56.75					1	-0.05	-0.05	-1.09	-0.03	-0.03	-0.22	-1.09	0.0	0.0	70.61					-0.05	-0.05	-1.15	-0.03	-0.03	-0.44	-1.15	0.0	0.0	51.27					-0.05	-0.05	0.49	-0.03	-0.03	0.23	0.49	0.0	0.0	51.27					0.050000000000000044	0.050000000000000044	2.6599999999999886	0.02777777777777779	0.028170876966696335	1.5200000000000076	2.6599999999999886	0.0025225943793249295	0.0025038960546490685	56.74835761390589				
2025-07-16 07:00:00	19000	1.84	1.77	1.77	1.83	1.83	CFV.MI	0.96	1.0	0.96	0.99	1.08	0.85	-1.0	1.0	1.0	1	-1.0	-1.0	1.0	-1.0	-1.0	1.0									-1.0			1.59	1.0									-1.0			1.02	-0.08	-0.08	0.35	-0.05	-0.04	-0.06	1.84	0.35	0.0	0.0	46.18					1	0.08	0.08	-1.01	0.05	0.04	-0.19	-1.01	0.0	0.0	72.34					0.08	0.08	-1.07	0.05	0.04	-0.41	-1.07	0.0	0.0	60.13					0.08	0.08	0.57	0.05	0.04	0.28	0.57	0.0	0.0	60.13					-0.08000000000000007	-0.08000000000000007	2.5799999999999885	-0.04571428571428582	-0.04470017891790699	1.4098360655737774	2.5799999999999885	0.002127795311523662	0.002107968206954469	46.180395249362995				
2025-07-17 07:00:00	24000	1.84	1.74	1.78	1.84	1.84	CFV.MI	0.96	0.99	0.94	0.99	1.08	0.85	-1.0	1.0	1.0	1	-1.0	-1.0	1.0	-1.0	-1.0	1.0									-1.0			1.59		0.94								-1.0			1.02	-0.01	-0.01	0.34	-0.01	-0.01	-0.06	1.84	0.34	0.0	0.0	42.53					1	0.01	0.01	-1.0	0.01	0.01	-0.18	-1.0	0.0	0.0	72.68					0.01	0.01	-1.06	0.01	0.01	-0.41	-1.06	0.0	0.0	60.47					0.01	0.01	0.58	0.01	0.01	0.29	0.58	0.0	0.0	60.47					-0.010000000000000009	-0.010000000000000009	2.5699999999999887	-0.005464480874316946	-0.005449604767564685	1.3967391304347894	2.5699999999999887	0.001974290417654457	0.001953958757154428	42.52960897774345				
2025-07-18 07:00:00	14000	1.86	1.79	1.79	1.86	1.86	CFV.MI	0.96	1.0	0.96	1.0	1.08	0.85	-1.0	1.0	1.0	1	-1.0	-1.0	1.0	-1.0	-1.0	1.0									-1.0			1.59										-1.0			1.02	-0.02	-0.02	0.32	-0.01	-0.01	-0.07	1.86	0.32	0.0	0.0	38.25					1	0.02	0.02	-0.98	0.01	0.01	-0.17	-0.98	0.0	0.0	73.32					0.02	0.02	-1.04	0.01	0.01	-0.4	-1.04	0.0	0.0	61.13					0.02	0.02	0.6	0.01	0.01	0.31	0.6	0.0	0.0	61.13					-0.020000000000000018	-0.020000000000000018	2.5499999999999887	-0.010869565217391353	-0.010810916104215676	1.3709677419354902	2.5499999999999887	0.001802003275420789	0.0017810160124573926	38.25292431525905				
2025-07-21 07:00:00	11000	1.88	1.85	1.85	1.85	1.85	CFV.MI	0.99	1.01	0.99	0.99	1.08	0.85	-1.0	1.0	1.0	1	-1.0	-1.0	1.0	-1.0	-1.0	1.0									-1.0			1.59	1.01									-1.0			1.02	0.01	0.01	0.33	0.01	0.01	-0.07	1.88	0.33	0.0	0.0	43.09					1	-0.01	-0.01	-0.99	-0.01	-0.01	-0.18	-0.99	0.0	0.0	74.45					-0.01	-0.01	-1.05	-0.01	-0.01	-0.4	-1.05	0.0	0.0	56.58					-0.01	-0.01	0.59	-0.01	-0.01	0.3	0.59	0.0	0.0	56.58					0.010000000000000009	0.010000000000000009	2.559999999999989	0.005376344086021501	0.005390848634876423	1.38378378378379	2.559999999999989	0.0020144489448583455	0.0019939897938512363	43.09360224969845				
2025-07-22 07:00:00	4000	1.87	1.87	1.87	1.87	1.87	CFV.MI	1.0	1.0	1.0	1.0	1.08	0.85	-1.0	1.0	1.0	1	-1.0	-1.0	1.0	-1.0	-1.0	1.0	1.87								-1.0			1.59										-1.0			1.02	-0.02	-0.02	0.31	-0.01	-0.01	-0.08	1.88	0.31	0.0	0.0	38.83					1	0.02	0.02	-0.97	0.01	0.01	-0.17	-0.97	0.0	0.0	75.07					0.02	0.02	-1.03	0.01	0.01	-0.4	-1.03	0.0	0.0	57.26					0.02	0.02	0.61	0.01	0.01	0.31	0.61	0.0	0.0	57.26					-0.020000000000000018	-0.020000000000000018	2.539999999999989	-0.010810810810810922	-0.010752791776261915	1.3582887700534823	2.539999999999989	0.0018419239266836479	0.001820807889235887	38.8312633354293				
2025-07-23 07:00:00	1000	1.87	1.87	1.87	1.87	1.87	CFV.MI	0.99	0.99	0.99	0.99	1.08	0.85	-1.0	1.0	1.0	1	-1.0	-1.0	1.0	-1.0	-1.0	1.0									-1.0			1.59										-1.0			1.02	-0.0	-0.0	0.31	-0.0	-0.0	-0.08	1.88	0.31	0.0	0.0	38.83					1	0.0	0.0	-0.97	0.0	0.0	-0.17	-0.97	0.0	0.0	75.07					0.0	0.0	-1.03	0.0	0.0	-0.4	-1.03	0.0	0.0	57.26					0.0	0.0	0.61	0.0	0.0	0.31	0.61	0.0	0.0	57.26					-0.0	-0.0	2.539999999999989	-0.0	-0.0	1.3582887700534823	2.539999999999989	0.0018419239266836479	0.001820807889235887	38.8312633354293				
2025-07-24 07:00:00	8000	1.84	1.8	1.83	1.83	1.83	CFV.MI	0.97	0.98	0.96	0.97	1.08	0.85	-1.0	1.0	1.0	1	-1.0	-1.0	1.0	-1.0	-1.0	1.0		1.8							-1.0			1.59										-1.0			1.02	0.04	0.04	0.35	0.02	0.02	-0.06	1.88	0.35	0.0	0.0	39.13					1	-0.04	-0.04	-1.01	-0.02	-0.02	-0.19	-1.01	0.0	0.0	67.37					-0.04	-0.04	-1.07	-0.02	-0.02	-0.41	-1.07	0.0	0.0	56.66					-0.04	-0.04	0.57	-0.02	-0.02	0.28	0.57	0.0	0.0	56.66					0.040000000000000036	0.040000000000000036	2.579999999999989	0.021390374331550777	0.021622464013165657	1.409836065573777	2.579999999999989	0.0018667912275761051	0.0018455618975319332	39.12858716185593				
2025-07-25 07:00:00	24000	1.84	1.8	1.8	1.84	1.84	CFV.MI	0.95	0.97	0.95	0.97	1.08	0.85	-1.0	1.0	1.0	1	-1.0	-1.0	1.0	-1.0	-1.0	1.0									-1.0			1.59		0.95								-1.0			1.02	-0.01	-0.01	0.34	-0.01	-0.01	-0.06	1.88	0.34	0.0	0.0	35.58					1	0.01	0.01	-1.0	0.01	0.01	-0.18	-1.0	0.0	0.0	67.7					0.01	0.01	-1.06	0.01	0.01	-0.41	-1.06	0.0	0.0	57.0					0.01	0.01	0.58	0.01	0.01	0.29	0.58	0.0	0.0	57.0					-0.010000000000000009	-0.010000000000000009	2.5699999999999887	-0.005464480874316946	-0.005449604767564685	1.396739130434789	2.5699999999999887	0.0017097753331310615	0.0016880595868355996	35.57590619177056				
2025-07-28 07:00:00	0	1.84	1.84	1.84	1.84	1.84	CFV.MI	0.97	0.97	0.97	0.97	1.08	0.85	-1.0	1.0	1.0	1	-1.0	-1.0	1.0	-1.0	-1.0	1.0									-1.0			1.59	0.97									-1.0			1.02	-0.0	-0.0	0.34	-0.0	-0.0	-0.06	1.88	0.34	0.0	0.0	35.58					1	0.0	0.0	-1.0	0.0	0.0	-0.18	-1.0	0.0	0.0	67.7					0.0	0.0	-1.06	0.0	0.0	-0.41	-1.06	0.0	0.0	57.0					0.0	0.0	0.58	0.0	0.0	0.29	0.58	0.0	0.0	57.0					-0.0	-0.0	2.5699999999999887	-0.0	-0.0	1.396739130434789	2.5699999999999887	0.0017097753331310615	0.0016880595868355996	35.57590619177056				
2025-07-29 07:00:00	0	1.84	1.84	1.84	1.84	1.84	CFV.MI	0.96	0.96	0.96	0.96	1.08	0.85	-1.0	1.0	1.0	1	-1.0	-1.0	1.0	-1.0	-1.0	1.0									-1.0			1.59		0.96								-1.0			1.02	-0.0	-0.0	0.34	-0.0	-0.0	-0.06	1.88	0.34	0.0	0.0	34.56					1	0.0	0.0	-1.0	0.0	0.0	-0.18	-1.0	0.0	0.0	66.95					0.0	0.0	-1.06	0.0	0.0	-0.41	-1.06	0.0	0.0	61.89					0.0	0.0	0.58	0.0	0.0	0.29	0.58	0.0	0.0	61.89					-0.0	-0.0	2.5699999999999887	-0.0	-0.0	1.396739130434789	2.5699999999999887	0.0016297743536175867	0.0016084344566855702	34.56214177922497				
2025-07-30 07:00:00	4000	1.87	1.84	1.85	1.87	1.87	CFV.MI	0.96	0.97	0.95	0.97	1.08	0.85	-1.0	1.0	1.0	1	-1.0	-1.0	1.0	-1.0	-1.0	1.0									-1.0			1.59										-1.0			1.02	-0.03	-0.03	0.31	-0.02	-0.02	-0.08	1.88	0.31	0.0	0.0	28.7					1	0.03	0.03	-0.97	0.02	0.02	-0.17	-0.97	0.0	0.0	67.19					0.03	0.03	-1.03	0.02	0.02	-0.4	-1.03	0.0	0.0	67.85					0.03	0.03	0.61	0.02	0.02	0.31	0.61	0.0	0.0	67.85					-0.030000000000000027	-0.030000000000000027	2.5399999999999885	-0.016304347826086918	-0.016172859245600968	1.3582887700534823	2.5399999999999885	0.001355593681752345	0.0013338341372073348	28.695673746132364				
2025-07-31 07:00:00	9000	1.9	1.84	1.84	1.9	1.9	CFV.MI	0.97	1.0	0.97	1.0	1.08	0.85	-1.0	1.0	1.0	1	-1.0	-1.0	1.0	-1.0	-1.0	1.0									-1.0			1.59										-1.0			1.02	-0.03	-0.03	0.28	-0.02	-0.02	-0.09	1.9	0.28	0.0	0.0	31.04					1	0.03	0.03	-0.94	0.02	0.02	-0.15	-0.94	0.0	0.0	77.43					0.03	0.03	-1.0	0.02	0.02	-0.39	-1.0	0.0	0.0	66.7					0.03	0.03	0.64	0.02	0.02	0.33	0.64	0.0	0.0	66.7					-0.029999999999999805	-0.029999999999999805	2.5099999999999887	-0.016042780748662944	-0.015915455305899363	1.321052631578954	2.5099999999999887	0.0014271763427797586	0.0014060584095447748	31.043283943180363				
2025-08-01 07:00:00	5000	1.92	1.89	1.89	1.91	1.91	CFV.MI	1.02	1.04	1.02	1.03	1.08	0.85	-1.0	1.0	1.0	1	-1.0	-1.0	1.0	-1.0	-1.0	1.0	1.92								-1.0			1.59	1.04		1.04		1.04					-1.0			1.04	-0.01	-0.01	0.27	-0.01	-0.01	-0.1	1.92	0.27	0.0	0.0	27.48					1	0.01	0.01	-0.93	0.01	0.01	-0.15	-0.93	0.0	0.0	77.73					0.01	0.01	-0.99	0.01	0.01	-0.39	-0.99	0.0	0.0	67.0					0.01	0.01	0.65	0.01	0.01	0.34	0.65	0.0	0.0	67.0					-0.010000000000000009	-0.010000000000000009	2.4999999999999885	-0.0052631578947368585	-0.005249355886143745	1.308900523560216	2.4999999999999885	0.001272113541151915	0.0012505615516502644	27.476139471296456				
2025-08-04 07:00:00	15000	1.91	1.84	1.9	1.91	1.91	CFV.MI	1.01	1.01	0.98	1.01	1.08	0.85	-1.0	1.0	1.0	1	1.0	-1.0	-1.0	1.0	-1.0	-1.0									-1.0			1.59										-1.0			1.04	-0.0	-0.0	0.27	-0.0	-0.0	-0.1	1.92	0.27	0.0	0.0	26.91					1	0.0	0.0	-0.93	0.0	0.0	-0.15	-0.93	0.0	0.0	77.38					0.0	0.0	-0.99	0.0	0.0	-0.39	-0.99	0.0	0.0	71.04					0.0	0.0	0.65	0.0	0.0	0.34	0.65	0.0	0.0	71.04					-0.0	-0.0	2.4999999999999885	-0.0	-0.0	1.308900523560216	2.4999999999999885	0.0012339044724382908	0.0012125397588171882	26.910291096219126				
2025-08-05 07:00:00	5000	1.9	1.86	1.9	1.86	1.86	CFV.MI	1.01	1.01	0.98	0.98	1.08	0.85	-1.0	1.0	1.0	1	1.0	-1.0	-1.0	1.0	-1.0	-1.0									-1.0			1.59										-1.0			1.04	0.05	0.05	0.32	0.03	0.03	-0.07	1.92	0.32	0.0	0.0	29.34					1	-0.05	-0.05	-0.98	-0.03	-0.03	-0.17	-0.98	0.0	0.0	69.74					0.05	0.05	-0.94	0.03	0.03	-0.37	-0.94	0.0	0.0	72.46					0.05	0.05	0.7	0.03	0.03	0.38	0.7	0.0	0.0	72.46					0.04999999999999982	0.04999999999999982	2.5499999999999883	0.02617801047120405	0.026526754333428482	1.3709677419354902	2.5499999999999883	0.0014036757001722328	0.00138147266684574	29.343705331783767				
2025-08-06 07:00:00	0	1.86	1.86	1.86	1.86	1.86	CFV.MI	0.98	0.98	0.98	0.98	1.08	0.85	-1.0	1.0	1.0	1	1.0	-1.0	-1.0	1.0	-1.0	-1.0		1.86							-1.0			1.59		0.98								-1.0			1.04	-0.0	-0.0	0.32	-0.0	-0.0	-0.07	1.92	0.32	0.0	0.0	29.34					1	0.0	0.0	-0.98	0.0	0.0	-0.17	-0.98	0.0	0.0	69.74					-0.0	-0.0	-0.94	-0.0	-0.0	-0.37	-0.94	0.0	0.0	72.46					-0.0	-0.0	0.7	-0.0	-0.0	0.38	0.7	0.0	0.0	72.46					-0.0	-0.0	2.5499999999999883	-0.0	-0.0	1.3709677419354902	2.5499999999999883	0.0014036757001722328	0.00138147266684574	29.343705331783767				
2025-08-07 07:00:00	7000	1.9	1.85	1.85	1.9	1.9	CFV.MI	0.96	0.99	0.96	0.99	1.08	0.85	-1.0	1.0	1.0	1	1.0	-1.0	-1.0	1.0	-1.0	-1.0									-1.0			1.59										-1.0			1.04	-0.04	-0.04	0.28	-0.02	-0.02	-0.09	1.92	0.28	0.0	0.0	24.11					1	0.04	0.04	-0.94	0.02	0.02	-0.15	-0.94	0.0	0.0	70.98					-0.04	-0.04	-0.98	-0.02	-0.02	-0.38	-0.98	0.0	0.0	65.82					-0.04	-0.04	0.66	-0.02	-0.02	0.35	0.66	0.0	0.0	65.82					-0.039999999999999813	-0.039999999999999813	2.5099999999999882	-0.021505376344086002	-0.02127739844728488	1.3210526315789535	2.5099999999999882	0.0011862036111562457	0.0011630445148493873	24.11124807289393				
2025-08-08 07:00:00	19000	1.97	1.9	1.9	1.96	1.96	CFV.MI	0.98	1.02	0.98	1.02	1.08	0.85	-1.0	1.0	1.0	1	1.0	-1.0	-1.0	1.0	-1.0	-1.0	1.97		1.97						-1.0			1.59	1.02									-1.0			1.04	-0.06	-0.06	0.22	-0.03	-0.03	-0.12	1.97	0.22	0.0	0.0	16.97					1	0.06	0.06	-0.88	0.03	0.03	-0.13	-0.88	0.0	0.0	72.03					-0.06	-0.06	-1.04	-0.03	-0.03	-0.4	-1.04	0.0	0.0	62.7					-0.06	-0.06	0.6	-0.03	-0.03	0.31	0.6	0.0	0.0	62.7					-0.06000000000000005	-0.06000000000000005	2.449999999999988	-0.03157894736842115	-0.03109058707003118	1.2500000000000058	2.449999999999988	0.000852486226884084	0.0008284374066158673	16.974152666236627				
2025-08-11 07:00:00	20000	1.98	1.87	1.98	1.87	1.87	CFV.MI	1.03	1.03	0.97	0.97	1.08	0.85	-1.0	1.0	1.0	1	1.0	-1.0	-1.0	1.0	-1.0	-1.0									-1.0			1.59										-1.0			1.04	0.09	0.09	0.31	0.05	0.05	-0.08	1.98	0.31	0.0	0.0	25.74					1	-0.09	-0.09	-0.97	-0.05	-0.05	-0.17	-0.97	0.0	0.0	67.42					0.09	0.09	-0.95	0.05	0.05	-0.37	-0.95	0.0	0.0	64.19					0.09	0.09	0.69	0.05	0.05	0.37	0.69	0.0	0.0	64.19					0.08999999999999986	0.08999999999999986	2.539999999999988	0.04591836734693866	0.047006042375930486	1.3582887700534818	2.539999999999988	0.001358070443673504	0.0013333074175172488	25.73708824421734				
2025-08-12 07:00:00	2000	1.85	1.83	1.85	1.83	1.83	CFV.MI	0.95	0.95	0.94	0.94	1.08	0.85	-1.0	1.0	1.0	1	1.0	-1.0	-1.0	1.0	-1.0	-1.0									-1.0			1.59										-1.0			1.04	0.04	0.04	0.35	0.02	0.02	-0.06	1.98	0.35	0.0	0.0	25.03					1	-0.04	-0.04	-1.01	-0.02	-0.02	-0.19	-1.01	0.0	0.0	59.66					0.04	0.04	-0.91	0.02	0.02	-0.36	-0.91	0.0	0.0	73.09					0.04	0.04	0.73	0.02	0.02	0.4	0.73	0.0	0.0	73.09					0.040000000000000036	0.040000000000000036	2.579999999999988	0.021390374331550777	0.021622464013165657	1.4098360655737765	2.579999999999988	0.0013039451617985185	0.001279472398343362	25.030016919224686				
2025-08-13 07:00:00	4000	1.85	1.8	1.8	1.85	1.85	CFV.MI	0.92	0.95	0.92	0.95	1.08	0.85	-1.0	1.0	-1.0	1	1.0	-1.0	-1.0	1.0	-1.0	-1.0		1.8		1.8					-1.0			1.59										-1.0			1.04	-0.02	-0.02	0.33	-0.01	-0.01	-0.07	1.98	0.33	0.0	0.0	27.72					1	0.02	0.02	-0.99	0.01	0.01	-0.18	-0.99	0.0	0.0	68.61					-0.02	-0.02	-0.93	-0.01	-0.01	-0.37	-0.93	0.0	0.0	66.63					-0.02	-0.02	0.71	-0.01	-0.01	0.38	0.71	0.0	0.0	66.63					-0.020000000000000018	-0.020000000000000018	2.559999999999988	-0.010928961748633892	-0.010869672236903891	1.3837837837837896	2.559999999999988	0.0013974768767523252	0.0013738542929646602	27.721591969563256				
2025-08-14 07:00:00	2000	1.85	1.85	1.85	1.85	1.85	CFV.MI	0.94	0.94	0.94	0.94	1.08	0.85	-1.0	1.0	-1.0	1	1.0	-1.0	-1.0	1.0	-1.0	-1.0									-1.0			1.59										-1.0			1.04	-0.0	-0.0	0.33	-0.0	-0.0	-0.07	1.98	0.33	0.0	0.0	26.19					1	0.0	0.0	-0.99	0.0	0.0	-0.18	-0.99	0.0	0.0	68.61					-0.0	-0.0	-0.93	-0.0	-0.0	-0.37	-0.93	0.0	0.0	72.63					-0.0	-0.0	0.71	-0.0	-0.0	0.38	0.71	0.0	0.0	72.63					-0.0	-0.0	2.559999999999988	-0.0	-0.0	1.3837837837837896	2.559999999999988	0.0012846380393831845	0.0012616045405282605	26.187250754093483				
2025-08-18 07:00:00	0	1.85	1.85	1.85	1.85	1.85	CFV.MI	0.94	0.94	0.94	0.94	1.08	0.85	-1.0	1.0	-1.0	1	1.0	-1.0	-1.0	1.0	-1.0	-1.0	1.85								-1.0			1.59										-1.0			1.04	-0.0	-0.0	0.33	-0.0	-0.0	-0.07	1.98	0.33	0.0	0.0	26.19					1	0.0	0.0	-0.99	0.0	0.0	-0.18	-0.99	0.0	0.0	68.61					-0.0	-0.0	-0.93	-0.0	-0.0	-0.37	-0.93	0.0	0.0	72.63					-0.0	-0.0	0.71	-0.0	-0.0	0.38	0.71	0.0	0.0	72.63					-0.0	-0.0	2.559999999999988	-0.0	-0.0	1.3837837837837896	2.559999999999988	0.0012846380393831845	0.0012616045405282605	26.187250754093483				
2025-08-19 07:00:00	0	1.85	1.85	1.85	1.85	1.85	CFV.MI	0.93	0.93	0.93	0.93	1.08	0.85	-1.0	1.0	-1.0	1	1.0	-1.0	-1.0	1.0	-1.0	-1.0									-1.0			1.59										-1.0			1.04	-0.0	-0.0	0.33	-0.0	-0.0	-0.07	1.98	0.33	0.0	0.0	29.73					1	0.0	0.0	-0.99	0.0	0.0	-0.18	-0.99	0.0	0.0	68.61					-0.0	-0.0	-0.93	-0.0	-0.0	-0.37	-0.93	0.0	0.0	72.33					-0.0	-0.0	0.71	-0.0	-0.0	0.38	0.71	0.0	0.0	72.33					-0.0	-0.0	2.559999999999988	-0.0	-0.0	1.3837837837837896	2.559999999999988	0.0014467580508454926	0.0014241852658003484	29.728017763370573				
2025-08-20 07:00:00	0	1.85	1.85	1.85	1.85	1.85	CFV.MI	0.93	0.93	0.93	0.93	1.08	0.85	-1.0	1.0	-1.0	1	1.0	-1.0	-1.0	1.0	-1.0	-1.0									-1.0			1.59										-1.0			1.04	-0.0	-0.0	0.33	-0.0	-0.0	-0.07	1.98	0.33	0.0	0.0	29.73					1	0.0	0.0	-0.99	0.0	0.0	-0.18	-0.99	0.0	0.0	68.61					-0.0	-0.0	-0.93	-0.0	-0.0	-0.37	-0.93	0.0	0.0	72.33					-0.0	-0.0	0.71	-0.0	-0.0	0.38	0.71	0.0	0.0	72.33					-0.0	-0.0	2.559999999999988	-0.0	-0.0	1.3837837837837896	2.559999999999988	0.0014467580508454926	0.0014241852658003484	29.728017763370573				
2025-08-21 07:00:00	4000	1.84	1.83	1.84	1.83	1.83	CFV.MI	0.92	0.92	0.92	0.92	1.08	0.85	-1.0	1.0	-1.0	1	1.0	-1.0	-1.0	1.0	-1.0	-1.0		1.83							-1.0			1.59		0.92								-1.0			1.04	0.02	0.02	0.35	0.01	0.01	-0.06	1.98	0.35	0.0	0.0	30.64					1	-0.02	-0.02	-1.01	-0.01	-0.01	-0.19	-1.01	0.0	0.0	64.01					0.02	0.02	-0.91	0.01	0.01	-0.36	-0.91	0.0	0.0	72.87					0.02	0.02	0.73	0.01	0.01	0.4	0.73	0.0	0.0	72.87					0.020000000000000018	0.020000000000000018	2.579999999999988	0.010810810810810811	0.010869672236903879	1.409836065573776	2.579999999999988	0.0015163239531616785	0.0014934001632271876	30.64368063317685				
2025-08-22 07:00:00	3000	1.86	1.85	1.85	1.86	1.86	CFV.MI	0.92	0.93	0.92	0.93	1.08	0.85	-1.0	1.0	-1.0	1	-1.0	-1.0	1.0	1.0	-1.0	-1.0	1.86		1.86						-1.0			1.59	0.93									-1.0			1.04	-0.03	-0.03	0.32	-0.02	-0.02	-0.07	1.98	0.32	0.0	0.0	23.3					1	0.03	0.03	-0.98	0.02	0.02	-0.17	-0.98	0.0	0.0	64.95					-0.03	-0.03	-0.94	-0.02	-0.02	-0.37	-0.94	0.0	0.0	75.5					-0.03	-0.03	0.7	-0.02	-0.02	0.38	0.7	0.0	0.0	75.5					-0.030000000000000027	-0.030000000000000027	2.5499999999999883	-0.016393442622950838	-0.016260520871780326	1.3709677419354893	2.5499999999999883	0.0011236712300113395	0.0011009374894717094	23.30155340228989				
2025-08-25 07:00:00	0	1.86	1.86	1.86	1.86	1.86	CFV.MI	0.93	0.93	0.93	0.93	1.08	0.85	-1.0	1.0	-1.0	1	-1.0	-1.0	1.0	1.0	-1.0	-1.0									-1.0			1.59										-1.0			1.04	-0.0	-0.0	0.32	-0.0	-0.0	-0.07	1.98	0.32	0.0	0.0	27.55					1	0.0	0.0	-0.98	0.0	0.0	-0.17	-0.98	0.0	0.0	69.74					0.0	0.0	-0.94	0.0	0.0	-0.37	-0.94	0.0	0.0	74.89					-0.0	-0.0	0.7	-0.0	-0.0	0.38	0.7	0.0	0.0	74.89					-0.0	-0.0	2.5499999999999883	-0.0	-0.0	1.3709677419354893	2.5499999999999883	0.0013074145573738266	0.0012853379526223119	27.552650051569046				
2025-08-26 07:00:00	45000	1.85	1.75	1.85	1.82	1.82	CFV.MI	0.94	0.94	0.88	0.92	1.08	0.85	-1.0	-1.0	-1.0	0	-1.0	-1.0	1.0	1.0	-1.0	-1.0		1.75		1.75					-1.0			1.59		0.88		0.88						-1.0			1.04	0.04	0.04	0.36	0.02	0.02	-0.05	1.98	0.36	0.0	0.0	27.85					1	-0.04	-0.04	-1.02	-0.02	-0.02	-0.19	-1.02	0.0	0.0	62.47					-0.04	-0.04	-0.98	-0.02	-0.02	-0.38	-0.98	0.0	0.0	74.27					0.04	0.04	0.74	0.02	0.02	0.41	0.74	0.0	0.0	82.54					0.040000000000000036	0.040000000000000036	2.5899999999999883	0.021505376344086002	0.021739986636405875	1.4230769230769287	2.5899999999999883	0.0013283932696725176	0.0013062122531082299	27.84957454797963				
2025-08-27 07:00:00	0	1.82	1.82	1.82	1.82	1.82	CFV.MI	0.93	0.93	0.93	0.93	1.08	0.85	-1.0	-1.0	-1.0	0	-1.0	-1.0	1.0	1.0	-1.0	-1.0	1.82								-1.0			1.59	0.93									-1.0			1.04	-0.0	-0.0	0.36	-0.0	-0.0	-0.05	1.98	0.36	0.0	0.0	26.1					1	0.0	0.0	-1.02	0.0	0.0	-0.19	-1.02	0.0	0.0	61.32					0.0	0.0	-0.98	0.0	0.0	-0.38	-0.98	0.0	0.0	80.9					-0.0	-0.0	0.74	-0.0	-0.0	0.41	0.74	0.0	0.0	89.55					-0.0	-0.0	2.5899999999999883	-0.0	-0.0	1.4230769230769287	2.5899999999999883	0.0012080135451445423	0.0011864283349096727	26.102615558576012				
2025-08-28 07:00:00	20000	1.81	1.8	1.8	1.81	1.81	CFV.MI	0.91	0.92	0.91	0.92	1.08	0.85	-1.0	-1.0	-1.0	0	-1.0	-1.0	1.0	1.0	-1.0	-1.0									-1.0			1.59		0.91								-1.0			1.04	0.01	0.01	0.37	0.01	0.01	-0.05	1.98	0.37	0.0	0.0	26.63					1	-0.0	-0.0	-1.02	-0.0	-0.0	-0.19	-1.02	0.0	0.0	61.32					-0.01	-0.01	-0.99	-0.01	-0.01	-0.39	-0.99	0.0	0.0	76.83					0.01	0.01	0.75	0.01	0.01	0.41	0.75	0.0	0.0	89.8					0.010000000000000009	0.010000000000000009	2.599999999999988	0.005494505494505475	0.0055096558109695845	1.4364640883977957	2.599999999999988	0.0012432753423347476	0.0012215164424629332	26.6253362483936				
2025-08-29 07:00:00	0	1.81	1.81	1.81	1.81	1.81	CFV.MI	0.93	0.93	0.93	0.93	1.07	0.85	-1.0	-1.0	-1.0	0	-1.0	-1.0	1.0	1.0	-1.0	-1.0									-1.0			1.59	0.93									-1.0			1.04	-0.0	-0.0	0.37	-0.0	-0.0	-0.05	1.98	0.37	0.0	0.0	34.82					1	0.0	0.0	-1.02	0.0	0.0	-0.19	-1.02	0.0	0.0	71.17					0.0	0.0	-0.99	0.0	0.0	-0.39	-0.99	0.0	0.0	74.49					-0.0	-0.0	0.75	-0.0	-0.0	0.41	0.75	0.0	0.0	87.76					-0.0	-0.0	2.599999999999988	-0.0	-0.0	1.4364640883977957	2.599999999999988	0.001532343694930184	0.0015121974689191742	34.81582180648814				
2025-09-01 07:00:00	2000	1.8	1.8	1.8	1.8	1.8	CFV.MI	0.92	0.92	0.92	0.92	1.07	0.85	-1.0	-1.0	-1.0	0	-1.0	-1.0	1.0	1.0	-1.0	-1.0		1.8							-1.0			1.59		0.92								-1.0			1.04	0.01	0.01	0.38	0.01	0.01	-0.04	1.98	0.38	0.0	0.0	35.32					1	-0.0	-0.0	-1.02	-0.0	-0.0	-0.19	-1.02	0.0	0.0	71.17					-0.01	-0.01	-1.0	-0.01	-0.01	-0.39	-1.0	0.0	0.0	70.39					0.01	0.01	0.76	0.01	0.01	0.42	0.76	0.0	0.0	88.04					0.010000000000000009	0.010000000000000009	2.609999999999988	0.0055248618784530246	0.005540180375615356	1.4500000000000055	2.609999999999988	0.0015683548673716833	0.0015480409653367833	35.31779321939632				
2025-09-02 07:00:00	1000	1.82	1.82	1.82	1.82	1.82	CFV.MI	0.94	0.94	0.94	0.94	1.04	0.85	-1.0	-1.0	-1.0	0	-1.0	-1.0	1.0	1.0	-1.0	-1.0	1.82								-1.0			1.59	0.94									-1.0			1.04	-0.02	-0.02	0.36	-0.01	-0.01	-0.05	1.98	0.36	0.0	0.0	26.63					1	0.0	0.0	-1.02	0.0	0.0	-0.19	-1.02	0.0	0.0	68.38					0.02	0.02	-0.98	0.01	0.01	-0.38	-0.98	0.0	0.0	83.06					-0.02	-0.02	0.74	-0.01	-0.01	0.41	0.74	0.0	0.0	95.66					-0.020000000000000018	-0.020000000000000018	2.589999999999988	-0.011111111111111072	-0.011049836186584935	1.4230769230769287	2.589999999999988	0.001117571852020861	0.0010979778901651915	26.630848157956684				
2025-09-03 07:00:00	2000	1.8	1.8	1.8	1.8	1.8	CFV.MI	0.93	0.93	0.93	0.93	1.04	0.85	-1.0	-1.0	-1.0	0	-1.0	-1.0	1.0	1.0	-1.0	-1.0		1.8							-1.0			1.59		0.93								-1.0			1.04	0.02	0.02	0.38	0.01	0.01	-0.04	1.98	0.38	0.0	0.0	27.79					1	-0.0	-0.0	-1.02	-0.0	-0.0	-0.19	-1.02	0.0	0.0	68.38					-0.02	-0.02	-1.0	-0.01	-0.01	-0.39	-1.0	0.0	0.0	77.52					0.02	0.02	0.76	0.01	0.01	0.42	0.76	0.0	0.0	96.19					0.020000000000000018	0.020000000000000018	2.609999999999988	0.01098901098901095	0.011049836186584935	1.4500000000000055	2.609999999999988	0.0011882908036150047	0.0011683641820781077	27.78749632535861				
2025-09-04 07:00:00	13000	1.9	1.82	1.82	1.89	1.89	CFV.MI	0.93	0.98	0.93	0.97	1.04	0.85	-1.0	-1.0	-1.0	0	-1.0	-1.0	1.0	1.0	-1.0	-1.0									-1.0			1.59										-1.0			1.04	-0.09	-0.09	0.29	-0.05	-0.05	-0.09	1.98	0.29	0.0	0.0	19.2					1	0.0	0.0	-1.02	0.0	0.0	-0.19	-1.02	0.0	0.0	68.38					0.09	0.09	-0.91	0.05	0.05	-0.36	-0.91	0.0	0.0	80.14					-0.09	-0.09	0.67	-0.05	-0.05	0.35	0.67	0.0	0.0	82.01					-0.08999999999999986	-0.08999999999999986	2.519999999999988	-0.04999999999999982	-0.048790164169431834	1.3333333333333393	2.519999999999988	0.0008763314895501623	0.0008546420231458907	19.195958952186913				
2025-09-05 07:00:00	48000	1.97	1.87	1.9	1.94	1.94	CFV.MI	0.98	1.02	0.97	1.01	1.04	0.85	-1.0	-1.0	-1.0	0	-1.0	-1.0	1.0	1.0	-1.0	-1.0	1.97								-1.0			1.59	1.02									-1.0			1.04	-0.05	-0.05	0.24	-0.03	-0.03	-0.11	1.98	0.24	0.0	0.0	18.43					1	0.0	0.0	-1.02	0.0	0.0	-0.19	-1.02	0.0	0.0	74.85					0.05	0.05	-0.86	0.03	0.03	-0.34	-0.86	0.0	0.0	80.5					-0.05	-0.05	0.62	-0.03	-0.03	0.32	0.62	0.0	0.0	72.93					-0.050000000000000044	-0.050000000000000044	2.469999999999988	-0.02645502645502651	-0.026111144003685804	1.273195876288665	2.469999999999988	0.0008493147849792616	0.0008273914595573473	18.429655038315275				
2025-09-08 07:00:00	5000	1.92	1.91	1.92	1.91	1.91	CFV.MI	0.99	0.99	0.99	0.99	1.04	0.85	-1.0	-1.0	-1.0	0	-1.0	-1.0	1.0	1.0	-1.0	-1.0									-1.0			1.59										-1.0			1.04	0.03	0.03	0.27	0.02	0.02	-0.1	1.98	0.27	0.0	0.0	18.09					1	-0.0	-0.0	-1.02	-0.0	-0.0	-0.19	-1.02	0.0	0.0	73.56					-0.03	-0.03	-0.89	-0.02	-0.02	-0.35	-0.89	0.0	0.0	81.19					0.03	0.03	0.65	0.02	0.02	0.34	0.65	0.0	0.0	80.35					0.030000000000000027	0.030000000000000027	2.4999999999999885	0.015463917525773252	0.015584731016698316	1.3089005235602151	2.4999999999999885	0.0008289997990522345	0.0008071792006991707	18.08735272552682				
2025-09-09 07:00:00	3000	1.91	1.88	1.88	1.91	1.91	CFV.MI	0.97	0.98	0.97	0.98	1.04	0.85	-1.0	-1.0	-1.0	0	-1.0	-1.0	1.0	1.0	-1.0	-1.0									-1.0			1.59										-1.0			1.04	-0.0	-0.0	0.27	-0.0	-0.0	-0.1	1.97	0.27	0.0	0.0	18.09					1	0.0	0.0	-1.02	0.0	0.0	-0.19	-1.02	0.0	0.0	73.56					0.0	0.0	-0.89	0.0	0.0	-0.35	-0.89	0.0	0.0	81.19					-0.0	-0.0	0.65	-0.0	-0.0	0.34	0.65	0.0	0.0	80.35					-0.0	-0.0	2.4999999999999885	-0.0	-0.0	1.3089005235602151	2.4999999999999885	0.0008289997990522345	0.0008071792006991707	18.08735272552682				
2025-09-10 07:00:00	4000	1.9	1.89	1.9	1.9	1.9	CFV.MI	0.97	0.97	0.97	0.97	1.04	0.85	-1.0	-1.0	-1.0	0	1.0	-1.0	-1.0	1.0	-1.0	-1.0									-1.0			1.59										-1.0			1.04	0.01	0.01	0.28	0.01	0.01	-0.09	1.97	0.28	0.0	0.0	15.08					1	-0.0	-0.0	-1.02	-0.0	-0.0	-0.19	-1.02	0.0	0.0	71.17					-0.01	-0.01	-0.9	-0.01	-0.01	-0.35	-0.9	0.0	0.0	87.27					0.01	0.01	0.66	0.01	0.01	0.35	0.66	0.0	0.0	90.55					0.010000000000000009	0.010000000000000009	2.5099999999999882	0.005235602094240788	0.005249355886143678	1.321052631578953	2.5099999999999882	0.000659480937837392	0.0006385081997941633	15.0778197149276				
2025-09-11 07:00:00	21000	1.89	1.85	1.89	1.86	1.86	CFV.MI	0.96	0.96	0.94	0.95	1.04	0.85	-1.0	-1.0	-1.0	0	1.0	-1.0	-1.0	1.0	-1.0	-1.0									-1.0			1.59										-1.0			1.04	0.04	0.04	0.32	0.02	0.02	-0.07	1.97	0.32	0.0	0.0	30.1					1	-0.0	-0.0	-1.02	-0.0	-0.0	-0.19	-1.02	0.0	0.0	91.83					0.04	0.04	-0.86	0.02	0.02	-0.34	-0.86	0.0	0.0	84.05					0.04	0.04	0.7	0.02	0.02	0.38	0.7	0.0	0.0	87.47					0.039999999999999813	0.039999999999999813	2.5499999999999883	0.021052631578947323	0.02127739844728485	1.3709677419354893	2.5499999999999883	0.0012232674775613907	0.0012043695757810724	30.100601915345578				
2025-09-12 07:00:00	2000	1.83	1.83	1.83	1.83	1.83	CFV.MI	0.93	0.93	0.93	0.93	1.04	0.85	-1.0	-1.0	-1.0	0	-1.0	-1.0	1.0	1.0	-1.0	-1.0		1.83							-1.0			1.59										-1.0			1.04	0.03	0.03	0.35	0.02	0.02	-0.06	1.97	0.35	0.0	0.0	30.54					1	-0.0	-0.0	-1.02	-0.0	-0.0	-0.19	-1.02	0.0	0.0	90.89					0.03	0.03	-0.83	0.02	0.02	-0.33	-0.83	0.0	0.0	91.14					0.03	0.03	0.73	0.02	0.02	0.4	0.73	0.0	0.0	94.38					0.030000000000000027	0.030000000000000027	2.5799999999999885	0.016129032258064502	0.01626052087178029	1.409836065573776	2.5799999999999885	0.001249758103733777	0.0012307381436316156	30.535706211189584				
2025-09-15 07:00:00	4000	1.85	1.82	1.82	1.85	1.85	CFV.MI	0.91	0.93	0.91	0.93	1.04	0.85	-1.0	-1.0	-1.0	0	-1.0	-1.0	1.0	1.0	-1.0	-1.0									-1.0			1.59		0.91								-1.0			1.04	-0.02	-0.02	0.33	-0.01	-0.01	-0.07	1.97	0.33	0.0	0.0	24.67					1	0.0	0.0	-1.02	0.0	0.0	-0.19	-1.02	0.0	0.0	89.9					0.02	0.02	-0.81	0.01	0.01	-0.32	-0.81	0.0	0.0	98.13					-0.02	-0.02	0.71	-0.01	-0.01	0.38	0.71	0.0	0.0	94.72					-0.020000000000000018	-0.020000000000000018	2.5599999999999885	-0.010928961748633892	-0.010869672236903891	1.3837837837837892	2.5599999999999885	0.0010038203953559532	0.0009846181019264044	24.6653002818218				
2025-09-16 07:00:00	0	1.85	1.85	1.85	1.85	1.85	CFV.MI	0.94	0.94	0.94	0.94	1.04	0.85	-1.0	-1.0	-1.0	0	-1.0	-1.0	1.0	1.0	-1.0	-1.0									-1.0			1.59										-1.0			1.04	-0.0	-0.0	0.33	-0.0	-0.0	-0.07	1.97	0.33	0.0	0.0	23.96					1	0.0	0.0	-1.02	0.0	0.0	-0.19	-1.02	0.0	0.0	89.39					0.0	0.0	-0.81	0.0	0.0	-0.32	-0.81	0.0	0.0	103.09					-0.0	-0.0	0.71	-0.0	-0.0	0.38	0.71	0.0	0.0	99.46					-0.0	-0.0	2.5599999999999885	-0.0	-0.0	1.3837837837837892	2.5599999999999885	0.000964810982794051	0.000945793083648061	23.964846957957832				
2025-09-17 07:00:00	0	1.85	1.85	1.85	1.85	1.85	CFV.MI	0.95	0.95	0.95	0.95	1.04	0.85	-1.0	-1.0	-1.0	0	-1.0	-1.0	1.0	1.0	-1.0	-1.0									-1.0			1.59										-1.0			1.04	-0.0	-0.0	0.33	-0.0	-0.0	-0.07	1.97	0.33	0.0	0.0	27.93					1	0.0	0.0	-1.02	0.0	0.0	-0.19	-1.02	0.0	0.0	94.58					0.0	0.0	-0.81	0.0	0.0	-0.32	-0.81	0.0	0.0	102.79					-0.0	-0.0	0.71	-0.0	-0.0	0.38	0.71	0.0	0.0	99.16					-0.0	-0.0	2.5599999999999885	-0.0	-0.0	1.3837837837837892	2.5599999999999885	0.0011147611743991329	0.0010961453090894135	27.933825710666703				
2025-09-18 07:00:00	22000	1.98	1.87	1.87	1.98	1.98	CFV.MI	0.95	1.01	0.95	1.01	1.04	0.85	-1.0	-1.0	-1.0	1	1.0	-1.0	-1.0	1.0	-1.0	-1.0									-1.0			1.59										-1.0			1.04	-0.13	-0.13	0.2	-0.07	-0.07	-0.13	1.98	0.2	0.0	0.0	16.83					1	0.0	0.0	-1.02	0.0	0.0	-0.19	-1.02	0.0	0.0	94.58					0.13	0.13	-0.68	0.07	0.07	-0.28	-0.68	0.0	0.0	105.87					-0.13	-0.13	0.58	-0.07	-0.07	0.29	0.58	0.0	0.0	80.87					-0.1299999999999999	-0.1299999999999999	2.4299999999999886	-0.07027027027027022	-0.06791120561621036	1.2272727272727328	2.4299999999999886	0.0007364498119313803	0.000715541505102335	16.825393842966108				
2025-09-19 07:00:00	15000	1.99	1.91	1.95	1.99	1.99	CFV.MI	0.99	1.01	0.97	1.01	1.04	0.85	-1.0	-1.0	-1.0	1	1.0	-1.0	-1.0	1.0	-1.0	-1.0									-1.0			1.59										-1.0			1.04	-0.01	-0.01	0.19	-0.01	-0.01	-0.13	1.99	0.19	0.0	0.0	13.24					1	0.01	0.01	-1.01	0.01	0.01	-0.19	-1.01	0.0	0.0	94.98					-0.01	-0.01	-0.69	-0.01	-0.01	-0.28	-0.69	0.0	0.0	101.32					-0.01	-0.01	0.57	-0.01	-0.01	0.29	0.57	0.0	0.0	76.89					-0.010000000000000009	-0.010000000000000009	2.4199999999999884	-0.005050505050504972	-0.005037794029957081	1.2160804020100557	2.4199999999999884	0.0005834751723681484	0.0005621835951352683	13.243733686028563				
2025-09-22 07:00:00	15000	2.02	1.99	1.99	1.99	1.99	CFV.MI	1.01	1.03	1.01	1.01	1.04	0.85	-1.0	-1.0	1.0	1	1.0	-1.0	-1.0	1.0	-1.0	-1.0	2.02		2.02		2.02				-1.0			2.02	1.03		1.03							-1.0			1.04	-0.0	-0.0	0.19	-0.0	-0.0	-0.13	2.02	0.19	0.0	0.0	13.24					1	0.0	0.0	-1.01	0.0	0.0	-0.19	-1.01	0.0	0.0	94.98					-0.0	-0.0	-0.69	-0.0	-0.0	-0.28	-0.69	0.0	0.0	101.32					-0.0	-0.0	0.57	-0.0	-0.0	0.29	0.57	0.0	0.0	76.89					-0.0	-0.0	2.4199999999999884	-0.0	-0.0	1.2160804020100557	2.4199999999999884	0.0005834751723681484	0.0005621835951352683	13.243733686028563				
2025-09-23 07:00:00	39000	1.98	1.91	1.95	1.93	1.93	CFV.MI	0.99	1.01	0.97	0.98	1.04	0.85	-1.0	-1.0	1.0	1	1.0	-1.0	-1.0	1.0	-1.0	-1.0									-1.0			2.02										-1.0			1.04	0.06	0.06	0.25	0.03	0.03	-0.11	2.02	0.25	0.0	0.0	16.66					1	-0.06	-0.06	-1.07	-0.03	-0.03	-0.21	-1.07	0.0	0.0	84.1					0.06	0.06	-0.63	0.03	0.03	-0.26	-0.63	0.0	0.0	102.6					0.06	0.06	0.63	0.03	0.03	0.33	0.63	0.0	0.0	78.47					0.06000000000000005	0.06000000000000005	2.4799999999999884	0.03015075376884424	0.030614635819606863	1.2849740932642546	2.4799999999999884	0.0007732859144497107	0.0007510159469039657	16.6556341653369				
2025-09-24 07:00:00	40000	1.9	1.8	1.9	1.83	1.83	CFV.MI	0.97	0.97	0.92	0.93	1.04	0.85	-1.0	-1.0	1.0	0	1.0	-1.0	-1.0	1.0	-1.0	-1.0									-1.0			2.02										-1.0			1.04	0.1	0.1	0.35	0.05	0.05	-0.06	2.02	0.35	0.0	0.0	20.69					1	-0.1	-0.1	-1.17	-0.05	-0.05	-0.25	-1.17	0.0	0.0	68.7					0.1	0.1	-0.53	0.05	0.05	-0.22	-0.53	0.01	0.01	111.14					0.1	0.1	0.73	0.05	0.05	0.4	0.73	0.0	0.0	86.26					0.09999999999999987	0.09999999999999987	2.5799999999999885	0.051813471502590636	0.05320403606346457	1.4098360655737765	2.5799999999999885	0.0010261313140521359	0.0010025241249487227	20.693750581861217				
2025-09-25 07:00:00	30000	1.8	1.72	1.79	1.78	1.78	CFV.MI	0.91	0.92	0.88	0.91	1.04	0.85	-1.0	-1.0	-1.0	-1	1.0	-1.0	-1.0	1.0	-1.0	-1.0									-1.0			2.02										-1.0			1.04	0.05	0.05	0.4	0.03	0.03	-0.03	2.02	0.4	0.0	0.0	22.06					1	-0.0	-0.0	-1.17	-0.0	-0.0	-0.25	-1.17	0.0	0.0	67.54					0.05	0.05	-0.48	0.03	0.03	-0.19	-0.48	0.01	0.01	118.89					0.05	0.05	0.78	0.03	0.03	0.44	0.78	0.0	0.0	92.87					0.050000000000000044	0.050000000000000044	2.6299999999999883	0.02732240437158473	0.027702602549335823	1.477528089887647	2.6299999999999883	0.0011198990001754865	0.001095786057904835	22.06353473741399				
2025-09-26 07:00:00	3000	1.77	1.77	1.77	1.77	1.77	CFV.MI	0.9	0.9	0.9	0.9	1.04	0.85	-1.0	-1.0	-1.0	-1	1.0	-1.0	-1.0	1.0	-1.0	-1.0									-1.0			2.02										-1.0			1.04	0.01	0.01	0.41	0.01	0.01	-0.03	2.02	0.41	0.0	0.0	27.39					1	0.01	0.01	-1.16	0.01	0.01	-0.25	-1.16	0.0	0.0	75.18					0.01	0.01	-0.47	0.01	0.01	-0.19	-0.47	0.01	0.01	118.47					0.01	0.01	0.79	0.01	0.01	0.45	0.79	0.0	0.0	92.36					0.010000000000000009	0.010000000000000009	2.639999999999988	0.005617977528089901	0.00563381771825602	1.4915254237288198	2.639999999999988	0.0013679733789183244	0.0013445558278946113	27.38629406017533				
2025-09-29 07:00:00	2000	1.76	1.76	1.76	1.76	1.76	CFV.MI	0.89	0.89	0.89	0.89	1.04	0.85	-1.0	-1.0	-1.0	-1	-1.0	-1.0	1.0	1.0	-1.0	-1.0		1.76							-1.0			2.02		0.89								-1.0			1.04	0.01	0.01	0.42	0.01	0.01	-0.02	2.02	0.42	0.0	0.0	27.86					1	0.01	0.01	-1.15	0.01	0.01	-0.24	-1.15	0.0	0.0	75.67					0.01	0.01	-0.46	0.01	0.01	-0.18	-0.46	0.01	0.01	118.65					0.01	0.01	0.8	0.01	0.01	0.45	0.8	0.0	0.0	92.58					0.010000000000000009	0.010000000000000009	2.649999999999988	0.005649717514124353	0.00566573753567742	1.505681818181825	2.649999999999988	0.0014036675253930918	0.001380062902602841	27.862048868319192				
2025-09-30 07:00:00	11000	1.79	1.75	1.76	1.75	1.75	CFV.MI	0.89	0.9	0.88	0.88	1.04	0.85	-1.0	-1.0	-1.0	-1	-1.0	-1.0	1.0	1.0	-1.0	-1.0									-1.0			2.02										-1.0			1.04	0.01	0.01	0.43	0.01	0.01	-0.01	2.02	0.43	0.0	0.0	39.26					1	0.01	0.01	-1.14	0.01	0.01	-0.24	-1.14	0.0	0.0	94.61					-0.01	-0.01	-0.47	-0.01	-0.01	-0.19	-0.47	0.0	0.0	111.48					0.01	0.01	0.81	0.01	0.01	0.46	0.81	0.0	0.0	90.07					0.010000000000000009	0.010000000000000009	2.6599999999999877	0.005681818181818232	0.005698021114637779	1.5200000000000067	2.6599999999999877	0.0018202950843158724	0.0017989103540665408	39.258995819452736				
2025-10-01 07:00:00	140000	1.9	1.75	1.84	1.75	1.75	CFV.MI	0.92	0.95	0.88	0.88	1.04	0.85	-1.0	-1.0	-1.0	-1	-1.0	-1.0	1.0	1.0	-1.0	-1.0	1.9								-1.0			2.02	0.95									-1.0			1.04	-0.0	-0.0	0.43	-0.0	-0.0	-0.01	2.02	0.43	0.0	0.0	35.18					1	-0.0	-0.0	-1.14	-0.0	-0.0	-0.24	-1.14	0.0	0.0	111.7					0.0	0.0	-0.47	0.0	0.0	-0.19	-0.47	0.01	0.01	130.45					-0.0	-0.0	0.81	-0.0	-0.0	0.46	0.81	0.0	0.0	104.29					-0.0	-0.0	2.6599999999999877	-0.0	-0.0	1.5200000000000067	2.6599999999999877	0.0015154755707846414	0.0014955560516434208	35.17674078615458				
2025-10-02 07:00:00	10000	1.77	1.74	1.75	1.77	1.77	CFV.MI	0.88	0.89	0.87	0.89	1.04	0.85	-1.0	-1.0	-1.0	-1	-1.0	-1.0	1.0	1.0	-1.0	-1.0									-1.0			2.02										-1.0			1.04	-0.02	-0.02	0.41	-0.01	-0.01	-0.03	2.02	0.41	0.0	0.0	36.1					1	-0.02	-0.02	-1.16	-0.01	-0.01	-0.25	-1.16	0.0	0.0	102.93					0.02	0.02	-0.45	0.01	0.01	-0.18	-0.45	0.0	0.0	130.2					-0.02	-0.02	0.79	-0.01	-0.01	0.45	0.79	0.0	0.0	97.5					-0.020000000000000018	-0.020000000000000018	2.6399999999999877	-0.011428571428571344	-0.011363758650315003	1.4915254237288207	2.6399999999999877	0.0015398246241767112	0.0015201103222992618	36.095939036737974				
2025-10-03 07:00:00	75000	1.79	1.67	1.74	1.77	1.77	CFV.MI	0.87	0.89	0.83	0.88	1.04	0.83	-1.0	-1.0	-1.0	-1	-1.0	-1.0	1.0	1.0	-1.0	-1.0		1.67		1.67		1.67			1.0			1.67		0.83		0.83		0.83				-1.0			1.04	-0.0	-0.0	0.41	-0.0	-0.0	-0.03	2.02	0.41	0.0	0.0	36.1					1	-0.0	-0.0	-1.16	-0.0	-0.0	-0.25	-1.16	0.0	0.0	102.93					0.0	0.0	-0.45	0.0	0.0	-0.18	-0.45	0.0	0.0	130.2					-0.0	-0.0	0.79	-0.0	-0.0	0.45	0.79	0.0	0.0	97.5					-0.0	-0.0	2.6399999999999877	-0.0	-0.0	1.4915254237288207	2.6399999999999877	0.0015398246241767112	0.0015201103222992618	36.095939036737974				
2025-10-06 07:00:00	43000	1.82	1.72	1.77	1.74	1.74	CFV.MI	0.88	0.91	0.86	0.87	1.04	0.83	-1.0	-1.0	-1.0	-1	-1.0	-1.0	1.0	1.0	-1.0	-1.0	1.82								1.0			1.67	0.91									-1.0			1.04	0.03	0.03	0.44	0.02	0.02	-0.01	2.02	0.44	0.0	0.0	37.63					1	0.03	0.03	-1.13	0.02	0.02	-0.23	-1.13	0.0	0.0	104.38					-0.03	-0.03	-0.48	-0.02	-0.02	-0.19	-0.48	0.0	0.0	120.83					0.03	0.03	0.82	0.02	0.02	0.47	0.82	0.0	0.0	98.28					0.030000000000000027	0.030000000000000027	2.6699999999999875	0.016949152542372947	0.017094433359300183	1.534482758620697	2.6699999999999875	0.0016492289976762328	0.001628997424404366	37.63082830836555				
2025-10-07 07:00:00	36000	1.78	1.72	1.74	1.74	1.74	CFV.MI	0.87	0.89	0.86	0.87	1.04	0.83	-1.0	-1.0	-1.0	-1	-1.0	-1.0	1.0	1.0	1.0	1.0		1.72							1.0			1.67		0.86								-1.0			1.04	-0.0	-0.0	0.44	-0.0	-0.0	-0.01	2.02	0.44	0.0	0.0	37.63					1	-0.0	-0.0	-1.13	-0.0	-0.0	-0.23	-1.13	0.0	0.0	104.38					0.0	0.0	-0.48	0.0	0.0	-0.19	-0.48	0.0	0.0	120.83					-0.0	-0.0	0.82	-0.0	-0.0	0.47	0.82	0.0	0.0	98.28					-0.0	-0.0	2.6699999999999875	-0.0	-0.0	1.534482758620697	2.6699999999999875	0.0016492289976762328	0.001628997424404366	37.63082830836555				
2025-10-08 07:00:00	16000	1.78	1.75	1.77	1.75	1.75	CFV.MI	0.88	0.88	0.87	0.87	1.04	0.83	-1.0	-1.0	-1.0	-1	-1.0	-1.0	1.0	1.0	1.0	1.0									1.0			1.67										-1.0			1.04	-0.01	-0.01	0.43	-0.01	-0.01	-0.01	2.02	0.43	0.0	0.0	38.49					1	-0.01	-0.01	-1.14	-0.01	-0.01	-0.24	-1.14	0.0	0.0	97.91					0.01	0.01	-0.47	0.01	0.01	-0.19	-0.47	0.0	0.0	120.58					0.01	0.01	0.83	0.01	0.01	0.48	0.83	0.0	0.0	98.0					-0.010000000000000009	-0.010000000000000009	2.6599999999999877	-0.005747126436781658	-0.0057306747089850745	1.5200000000000071	2.6599999999999877	0.0016714562177466332	0.001651413481126296	38.48596842481021				
2025-10-09 07:00:00	73000	1.85	1.75	1.77	1.8	1.8	CFV.MI	0.89	0.93	0.88	0.91	1.04	0.83	-1.0	-1.0	-1.0	-1	-1.0	-1.0	1.0	1.0	1.0	1.0									1.0			1.67										-1.0			1.04	-0.05	-0.05	0.38	-0.03	-0.03	-0.04	2.02	0.38	0.0	0.0	29.49					1	-0.05	-0.05	-1.19	-0.03	-0.03	-0.26	-1.19	0.0	0.0	96.73					0.05	0.05	-0.42	0.03	0.03	-0.17	-0.42	0.01	0.01	133.56					0.05	0.05	0.88	0.03	0.03	0.52	0.88	0.0	0.0	108.47					-0.050000000000000044	-0.050000000000000044	2.609999999999988	-0.028571428571428692	-0.02817087696669644	1.4500000000000068	2.609999999999988	0.0012844690893318057	0.001264057074963354	29.494177644936116				
2025-10-10 07:00:00	32000	1.85	1.79	1.83	1.79	1.79	CFV.MI	0.94	0.95	0.92	0.92	1.04	0.83	-1.0	-1.0	-1.0	-1	-1.0	-1.0	1.0	1.0	1.0	1.0									1.0			1.67										-1.0			1.04	0.01	0.01	0.39	0.01	0.01	-0.04	2.02	0.39	0.0	0.0	35.43					1	0.01	0.01	-1.18	0.01	0.01	-0.26	-1.18	0.0	0.0	95.59					-0.01	-0.01	-0.43	-0.01	-0.01	-0.17	-0.43	0.0	0.0	127.4					-0.01	-0.01	0.87	-0.01	-0.01	0.51	0.87	0.0	0.0	103.07					0.010000000000000009	0.010000000000000009	2.6199999999999877	0.005555555555555536	0.00557104504945536	1.4636871508379956	2.6199999999999877	0.001517261626248728	0.0014974655677093551	35.4340680359531				
2025-10-13 07:00:00	56000	1.9	1.77	1.77	1.89	1.89	CFV.MI	0.91	0.97	0.91	0.97	1.04	0.83	-1.0	-1.0	-1.0	-1	-1.0	-1.0	1.0	1.0	1.0	1.0									1.0			1.67										-1.0			1.04	-0.1	-0.1	0.29	-0.06	-0.05	-0.09	2.02	0.29	0.0	0.0	30.71					1	-0.1	-0.1	-1.28	-0.06	-0.05	-0.3	-1.28	0.0	0.0	76.52					0.1	0.1	-0.33	0.06	0.05	-0.12	-0.33	0.01	0.01	128.76					0.1	0.1	0.97	0.06	0.05	0.6	0.97	0.0	0.0	104.62					-0.09999999999999987	-0.09999999999999987	2.519999999999988	-0.05586592178770933	-0.05436120921888722	1.3333333333333401	2.519999999999988	0.0013852797506185774	0.0013643561835117168	30.712431271532353				
2025-10-14 07:00:00	20000	1.9	1.83	1.9	1.89	1.89	CFV.MI	0.97	0.97	0.94	0.97	1.04	0.83	-1.0	-1.0	-1.0	-1	-1.0	-1.0	1.0	1.0	1.0	1.0									1.0			1.67										-1.0			1.04	-0.0	-0.0	0.29	-0.0	-0.0	-0.09	2.02	0.29	0.0	0.0	26.56					1	-0.0	-0.0	-1.28	-0.0	-0.0	-0.3	-1.28	0.0	0.0	90.48					0.0	0.0	-0.33	0.0	0.0	-0.12	-0.33	0.01	0.01	149.17					0.0	0.0	0.97	0.0	0.0	0.6	0.97	0.0	0.0	119.68					-0.0	-0.0	2.519999999999988	-0.0	-0.0	1.3333333333333401	2.519999999999988	0.0011177781270764243	0.0010981292764431494	26.56265601914818				
2025-10-15 07:00:00	37000	1.93	1.85	1.85	1.9	1.9	CFV.MI	0.95	0.99	0.95	0.98	1.04	0.83	-1.0	-1.0	-1.0	-1	-1.0	-1.0	1.0	1.0	1.0	1.0	1.93								1.0			1.67	0.99									-1.0			1.04	-0.01	-0.01	0.28	-0.01	-0.01	-0.09	2.02	0.28	0.0	0.0	21.46					1	-0.01	-0.01	-1.29	-0.01	-0.01	-0.3	-1.29	0.0	0.0	92.35					0.01	0.01	-0.32	0.01	0.01	-0.12	-0.32	0.01	0.01	158.73					0.01	0.01	0.98	0.01	0.01	0.61	0.98	0.0	0.0	127.1					-0.010000000000000009	-0.010000000000000009	2.5099999999999882	-0.005291005291005346	-0.005277057100843819	1.321052631578954	2.5099999999999882	0.0008904384993853255	0.0008707710378199618	21.4597022913364				
2025-10-16 07:00:00	18000	1.9	1.84	1.9	1.87	1.87	CFV.MI	0.97	0.97	0.94	0.95	1.04	0.83	-1.0	-1.0	-1.0	-1	-1.0	-1.0	1.0	1.0	1.0	1.0		1.84							1.0			1.67		0.94								-1.0			1.04	0.03	0.03	0.31	0.02	0.02	-0.08	2.02	0.31	0.0	0.0	27.06					1	0.03	0.03	-1.26	0.02	0.02	-0.29	-1.26	0.0	0.0	93.31					-0.03	-0.03	-0.35	-0.02	-0.02	-0.13	-0.35	0.01	0.01	147.52					-0.03	-0.03	0.95	-0.02	-0.02	0.58	0.95	0.0	0.0	118.52					0.029999999999999805	0.029999999999999805	2.539999999999988	0.015789473684210464	0.015915455305899457	1.3582887700534827	2.539999999999988	0.001144264958951292	0.0011245330785265573	27.05550573041846				
2025-10-17 07:00:00	46000	1.96	1.89	1.89	1.9	1.9	CFV.MI	0.98	1.01	0.98	0.98	1.04	0.83	-1.0	-1.0	-1.0	-1	-1.0	-1.0	1.0	-1.0	1.0	-1.0	1.96		1.96						1.0			1.67	1.01									-1.0			1.04	-0.03	-0.03	0.28	-0.02	-0.02	-0.09	2.02	0.28	0.0	0.0	20.72					1	-0.03	-0.03	-1.29	-0.02	-0.02	-0.3	-1.29	0.0	0.0	92.35					0.03	0.03	-0.32	0.02	0.02	-0.12	-0.32	0.01	0.01	157.33					0.03	0.03	0.98	0.02	0.02	0.61	0.98	0.01	0.01	126.29					-0.029999999999999805	-0.029999999999999805	2.5099999999999882	-0.016042780748662944	-0.015915455305899363	1.3210526315789544	2.5099999999999882	0.0008768092201253785	0.000856734991607988	20.722017059232556				
2025-10-20 07:00:00	4000	1.9	1.86	1.9	1.86	1.86	CFV.MI	0.97	0.97	0.95	0.95	1.04	0.83	-1.0	-1.0	-1.0	-1	-1.0	-1.0	1.0	-1.0	1.0	-1.0									1.0			1.67										-1.0			1.04	0.04	0.04	0.32	0.02	0.02	-0.07	1.98	0.32	0.0	0.0	23.03					1	0.04	0.04	-1.25	0.02	0.02	-0.28	-1.25	0.0	0.0	94.33					-0.04	-0.04	-0.36	-0.02	-0.02	-0.14	-0.36	0.01	0.01	144.19					0.04	0.04	1.02	0.02	0.02	0.64	1.02	0.01	0.01	127.04					0.039999999999999813	0.039999999999999813	2.5499999999999883	0.021052631578947323	0.02127739844728485	1.3709677419354906	2.5499999999999883	0.0010108568303432738	0.0009901279544699548	23.03455952368239				
2025-10-21 07:00:00	5000	1.85	1.84	1.85	1.84	1.84	CFV.MI	0.94	0.94	0.93	0.93	1.04	0.83	-1.0	-1.0	-1.0	-1	-1.0	-1.0	1.0	-1.0	1.0	-1.0									1.0			1.67										-1.0			1.04	0.02	0.02	0.34	0.01	0.01	-0.06	1.96	0.34	0.0	0.0	28.63					1	0.02	0.02	-1.23	0.01	0.01	-0.28	-1.23	0.0	0.0	94.19					-0.02	-0.02	-0.38	-0.01	-0.01	-0.15	-0.38	0.01	0.01	135.85					0.02	0.02	1.04	0.01	0.01	0.66	1.04	0.01	0.01	126.99					0.020000000000000018	0.020000000000000018	2.5699999999999883	0.010752688172043001	0.010810916104215617	1.3967391304347894	2.5699999999999883	0.0012577661926772205	0.001237326062172972	28.62733132510808				
2025-10-22 07:00:00	26000	1.84	1.8	1.84	1.8	1.8	CFV.MI	0.94	0.94	0.92	0.92	1.04	0.83	-1.0	-1.0	-1.0	-1	-1.0	-1.0	1.0	-1.0	1.0	-1.0		1.8							1.0			1.67										-1.0			1.04	0.04	0.04	0.38	0.02	0.02	-0.04	1.96	0.38	0.0	0.0	30.71					1	0.04	0.04	-1.19	0.02	0.02	-0.26	-1.19	0.0	0.0	96.08					-0.04	-0.04	-0.42	-0.02	-0.02	-0.17	-0.42	0.01	0.01	124.21					0.04	0.04	1.08	0.02	0.02	0.7	1.08	0.01	0.01	127.72					0.040000000000000036	0.040000000000000036	2.6099999999999883	0.021739130434782594	0.02197890671877523	1.4500000000000068	2.6099999999999883	0.0013984311956773822	0.0013773126399321267	30.713181234219313				
2025-10-23 07:00:00	18000	1.86	1.8	1.8	1.83	1.83	CFV.MI	0.92	0.95	0.92	0.93	1.04	0.83	-1.0	-1.0	-1.0	-1	-1.0	-1.0	1.0	-1.0	1.0	-1.0	1.86			1.8					1.0			1.67										-1.0			1.04	-0.03	-0.03	0.35	-0.02	-0.02	-0.06	1.96	0.35	0.0	0.0	24.01					1	-0.03	-0.03	-1.22	-0.02	-0.02	-0.27	-1.22	0.0	0.0	96.63					0.03	0.03	-0.39	0.02	0.02	-0.15	-0.39	0.01	0.01	135.08					-0.03	-0.03	1.05	-0.02	-0.02	0.67	1.05	0.01	0.01	128.39					-0.030000000000000027	-0.030000000000000027	2.5799999999999885	-0.016666666666666607	-0.016529301951210506	1.4098360655737774	2.5799999999999885	0.001084922660341652	0.0010636184546746197	24.0087640246374				
2025-10-24 07:00:00	2000	1.82	1.8	1.82	1.8	1.8	CFV.MI	0.92	0.92	0.91	0.91	1.04	0.83	-1.0	-1.0	-1.0	-1	-1.0	-1.0	1.0	-1.0	1.0	-1.0		1.8							1.0			1.67		0.91								-1.0			1.04	0.03	0.03	0.38	0.02	0.02	-0.04	1.96	0.38	0.0	0.0	30.03					1	0.03	0.03	-1.19	0.02	0.02	-0.26	-1.19	0.0	0.0	96.97					-0.03	-0.03	-0.42	-0.02	-0.02	-0.17	-0.42	0.01	0.01	125.09					0.03	0.03	1.08	0.02	0.02	0.7	1.08	0.01	0.01	128.53					0.030000000000000027	0.030000000000000027	2.6099999999999888	0.016393442622950838	0.016529301951210582	1.4500000000000073	2.6099999999999888	0.0013705454454687911	0.0013493618777185024	30.02951409831997				
2025-10-27 08:00:00	115000	2.04	1.84	1.84	1.98	1.98	CFV.MI	0.92	1.03	0.92	1.0	1.04	0.83	-1.0	-1.0	1.0	1	-1.0	-1.0	1.0	-1.0	1.0	-1.0									1.0			1.67										-1.0			1.04	-0.18	-0.18	0.2	-0.1	-0.1	-0.13	2.04	0.2	0.0	0.0	17.1					1	-0.18	-0.18	-1.37	-0.1	-0.1	-0.33	-1.37	0.0	0.0	71.83					0.18	0.18	-0.24	0.1	0.1	-0.08	-0.24	0.01	0.01	128.2					-0.18	-0.18	0.9	-0.1	-0.1	0.54	0.9	0.01	0.0	99.53					-0.17999999999999994	-0.17999999999999994	2.429999999999989	-0.09999999999999987	-0.09531017980432474	1.2272727272727342	2.429999999999989	0.0008823729213529386	0.0008578089865574068	17.101476583118213				
2025-10-28 08:00:00	54000	2.04	1.93	1.95	2.04	2.04	CFV.MI	0.98	1.02	0.97	1.02	1.04	0.83	-1.0	-1.0	1.0	1	-1.0	-1.0	1.0	-1.0	1.0	-1.0									1.0			1.67										-1.0			1.04	-0.06	-0.06	0.14	-0.03	-0.03	-0.15	2.04	0.14	0.0	0.0	16.05					1	0.06	0.06	-1.31	0.03	0.03	-0.31	-1.31	0.0	0.0	72.79					0.06	0.06	-0.18	0.03	0.03	-0.06	-0.18	0.01	0.01	128.54					-0.06	-0.06	0.84	-0.03	-0.03	0.5	0.84	0.0	0.0	89.67					-0.06000000000000005	-0.06000000000000005	2.369999999999989	-0.030303030303030276	-0.02985296314968113	1.16176470588236	2.369999999999989	0.0008398087707714445	0.0008148521090847183	16.052855962459716				
2025-10-29 08:00:00	43000	2.17	2.0	2.04	2.02	2.02	CFV.MI	1.02	1.08	1.0	1.01	1.08	0.83	1.0	1.0	1.0	1	-1.0	-1.0	1.0	-1.0	1.0	-1.0	2.17		2.17		2.17				1.0			1.67	1.08		1.08							-1.0			1.04	0.02	0.02	0.16	0.01	0.01	-0.15	2.17	0.16	0.0	0.0	21.42					1	-0.02	-0.02	-1.33	-0.01	-0.01	-0.31	-1.33	0.0	0.0	66.02					-0.02	-0.02	-0.2	-0.01	-0.01	-0.06	-0.2	0.01	0.01	121.36					0.02	0.02	0.86	0.01	0.01	0.51	0.86	0.0	0.0	89.37					0.020000000000000018	0.020000000000000018	2.389999999999989	0.009803921568627416	0.009852296443011594	1.18316831683169	2.389999999999989	0.001113936347084794	0.0010895458571689165	21.42343039796502				
2025-10-30 08:00:00	12000	2.06	1.98	2.06	1.98	1.98	CFV.MI	1.03	1.03	0.99	0.99	1.08	0.83	1.0	1.0	1.0	1	-1.0	-1.0	1.0	-1.0	1.0	-1.0		1.98							1.0			1.67		0.99								-1.0			1.04	-0.04	-0.04	0.12	-0.02	-0.02	-0.16	2.17	0.12	0.0	0.0	13.88					1	-0.04	-0.04	-1.37	-0.02	-0.02	-0.33	-1.37	0.0	0.0	67.91					-0.04	-0.04	-0.24	-0.02	-0.02	-0.08	-0.24	0.01	0.01	124.88					0.04	0.04	0.9	0.02	0.02	0.54	0.9	0.0	0.0	99.39					0.040000000000000036	0.040000000000000036	2.429999999999989	0.01980198019801982	0.020000666706669543	1.2272727272727342	2.429999999999989	0.0010485724309898998	0.0010245222958722433	20.496097069938912				
2025-10-31 08:00:00	22000	2.07	2.02	2.02	2.03	2.03	CFV.MI	1.01	1.03	1.01	1.01	1.08	0.83	1.0	1.0	1.0	1	1.0	-1.0	-1.0	-1.0	1.0	-1.0	2.07								1.0			1.67	1.03									-1.0			1.04	0.05	0.05	0.17	0.03	0.02	-0.14	2.17	0.17	0.0	0.0	19.65					1	0.05	0.05	-1.32	0.03	0.02	-0.31	-1.32	0.0	0.0	69.55					0.05	0.05	-0.19	0.03	0.02	-0.06	-0.19	0.01	0.01	125.45					-0.05	-0.05	0.85	-0.03	-0.02	0.5	0.85	0.0	0.0	90.95					-0.04999999999999982	-0.04999999999999982	2.3799999999999892	-0.025252525252525082	-0.02493894834725193	1.172413793103455	2.3799999999999892	0.0009808106342025624	0.0009561267276516627	18.74091796402243				
2025-11-03 08:00:00	36000	2.03	1.93	2.03	1.99	1.99	CFV.MI	1.01	1.01	0.96	0.99	1.08	0.83	1.0	1.0	1.0	1	1.0	-1.0	-1.0	-1.0	1.0	-1.0									1.0			1.67										-1.0			1.04	-0.04	-0.04	0.13	-0.02	-0.02	-0.16	2.17	0.13	0.0	0.0	15.09					1	-0.04	-0.04	-1.36	-0.02	-0.02	-0.32	-1.36	0.0	0.0	62.6					0.04	0.04	-0.15	0.02	0.02	-0.04	-0.15	0.01	0.01	126.03					0.04	0.04	0.89	0.02	0.02	0.53	0.89	0.0	0.0	91.65					0.039999999999999813	0.039999999999999813	2.4199999999999893	0.01970443349753681	0.0199011543172948	1.216080402010057	2.4199999999999893	0.0011081780218332492	0.0010828200512320585	20.520746076733012				
2025-11-04 08:00:00	17000	1.99	1.95	1.99	1.95	1.95	CFV.MI	0.99	0.99	0.97	0.97	1.08	0.83	1.0	1.0	1.0	1	1.0	-1.0	-1.0	-1.0	1.0	-1.0		1.95							1.0			1.67		0.97								-1.0			1.04	-0.04	-0.04	0.09	-0.02	-0.02	-0.18	2.17	0.09	0.0	0.0	16.47					1	-0.04	-0.04	-1.4	-0.02	-0.02	-0.34	-1.4	0.0	0.0	52.44					0.04	0.04	-0.11	0.02	0.02	-0.02	-0.11	0.01	0.01	125.58					0.04	0.04	0.93	0.02	0.02	0.57	0.93	0.0	0.0	91.1					0.040000000000000036	0.040000000000000036	2.4599999999999893	0.02010050251256279	0.02030526616074557	1.2615384615384686	2.4599999999999893	0.001514164998907512	0.0014896572020353105	28.40008192962587				
2025-11-05 08:00:00	24000	2.03	1.98	1.99	2.0	2.0	CFV.MI	0.99	1.01	0.98	0.99	1.08	0.83	1.0	1.0	1.0	1	1.0	-1.0	-1.0	-1.0	1.0	-1.0									1.0			1.67										-1.0			1.04	0.05	0.05	0.14	0.03	0.03	-0.15	2.17	0.14	0.0	0.0	18.74					1	0.05	0.05	-1.35	0.03	0.03	-0.32	-1.35	0.0	0.0	54.92					-0.05	-0.05	-0.16	-0.03	-0.03	-0.05	-0.16	0.01	0.01	114.03					-0.05	-0.05	0.88	-0.03	-0.03	0.53	0.88	0.0	0.0	83.38					-0.050000000000000044	-0.050000000000000044	2.4099999999999895	-0.025641025641025772	-0.02531780798429	1.2050000000000067	2.4099999999999895	0.0012763428497324053	0.0012506561026575103	23.2068172544028				
2025-11-06 08:00:00	11000	2.04	1.99	2.03	2.0	2.0	CFV.MI	1.02	1.02	1.0	1.0	1.08	0.83	1.0	1.0	1.0	1	1.0	-1.0	-1.0	-1.0	1.0	-1.0	2.04								1.0			1.67	1.02									-1.0			1.04	0.0	0.0	0.14	0.0	0.0	-0.15	2.17	0.14	0.0	0.0	17.16					1	0.0	0.0	-1.35	0.0	0.0	-0.32	-1.35	0.0	0.0	61.23					-0.0	-0.0	-0.16	-0.0	-0.0	-0.05	-0.16	0.01	0.01	122.98					-0.0	-0.0	0.88	-0.0	-0.0	0.53	0.88	0.0	0.0	89.59					-0.0	-0.0	2.4099999999999895	-0.0	-0.0	1.2050000000000067	2.4099999999999895	0.0011623932520779616	0.001137313848205146	21.71657505937739				
2025-11-07 08:00:00	19000	2.0	1.98	2.0	1.98	1.98	CFV.MI	1.01	1.01	0.99	0.99	1.08	0.83	1.0	1.0	1.0	1	1.0	-1.0	-1.0	-1.0	1.0	-1.0		1.98							1.0			1.67										-1.0			1.04	-0.02	-0.02	0.12	-0.01	-0.01	-0.16	2.17	0.12	0.0	0.0	12.95					1	-0.02	-0.02	-1.37	-0.01	-0.01	-0.33	-1.37	0.0	0.0	60.53					0.02	0.02	-0.14	0.01	0.01	-0.04	-0.14	0.01	0.01	128.56					0.02	0.02	0.9	0.01	0.01	0.54	0.9	0.0	0.0	93.96					0.020000000000000018	0.020000000000000018	2.4299999999999895	0.010000000000000009	0.01005033585350145	1.2272727272727337	2.4299999999999895	0.0011882768475550156	0.0011630601195113943	22.062237628637376				
2025-11-10 08:00:00	8000	2.04	1.97	1.97	2.0	2.0	CFV.MI	0.97	1.0	0.97	0.98	1.08	0.83	1.0	1.0	1.0	1	1.0	-1.0	-1.0	-1.0	1.0	-1.0									1.0			1.67										-1.0			1.04	0.02	0.02	0.14	0.01	0.01	-0.15	2.17	0.14	0.0	0.0	12.76					1	0.02	0.02	-1.35	0.01	0.01	-0.32	-1.35	0.0	0.0	66.87					-0.02	-0.02	-0.16	-0.01	-0.01	-0.05	-0.16	0.01	0.01	129.3					-0.02	-0.02	0.88	-0.01	-0.01	0.53	0.88	0.0	0.0	94.39					-0.020000000000000018	-0.020000000000000018	2.4099999999999895	-0.010101010101010166	-0.010050335853501506	1.2050000000000067	2.4099999999999895	0.0009268922435972178	0.0009014498920092429	17.325241593027016				
2025-11-11 08:00:00	2000	2.0	2.0	2.0	2.0	2.0	CFV.MI	0.97	0.97	0.97	0.97	1.08	0.83	1.0	1.0	1.0	1	1.0	-1.0	-1.0	-1.0	1.0	-1.0									1.0			1.67										-1.0			1.04	0.0	0.0	0.14	0.0	0.0	-0.15	2.17	0.14	0.0	0.0	16.6					1	0.0	0.0	-1.35	0.0	0.0	-0.32	-1.35	0.0	0.0	65.83					-0.0	-0.0	-0.16	-0.0	-0.0	-0.05	-0.16	0.01	0.01	128.95					-0.0	-0.0	0.88	-0.0	-0.0	0.53	0.88	0.0	0.0	93.97					-0.0	-0.0	2.4099999999999895	-0.0	-0.0	1.2050000000000067	2.4099999999999895	0.0011181558289918444	0.0010934198751806345	21.207283822240527				
2025-11-12 08:00:00	12000	2.0	1.99	1.99	2.0	2.0	CFV.MI	0.96	0.96	0.96	0.96	1.08	0.83	1.0	1.0	1.0	1	1.0	-1.0	-1.0	-1.0	1.0	-1.0									1.0			1.67		0.96								-1.0			1.04	0.0	0.0	0.14	0.0	0.0	-0.15	2.17	0.14	0.0	0.0	16.6					1	0.0	0.0	-1.35	0.0	0.0	-0.32	-1.35	0.0	0.0	65.83					-0.0	-0.0	-0.16	-0.0	-0.0	-0.05	-0.16	0.01	0.01	128.95					-0.0	-0.0	0.88	-0.0	-0.0	0.53	0.88	0.0	0.0	93.97					-0.0	-0.0	2.4099999999999895	-0.0	-0.0	1.2050000000000067	2.4099999999999895	0.0011181558289918444	0.0010934198751806345	21.207283822240527				
2025-11-13 08:00:00	12000	2.03	1.96	1.96	2.03	2.03	CFV.MI	0.94	0.98	0.94	0.98	1.08	0.83	1.0	1.0	1.0	1	1.0	-1.0	-1.0	-1.0	1.0	-1.0	2.03								1.0			1.67	0.98									-1.0			1.04	0.03	0.03	0.17	0.01	0.01	-0.14	2.17	0.17	0.0	0.0	24.12					1	0.03	0.03	-1.32	0.01	0.01	-0.31	-1.32	0.0	0.0	63.94					-0.03	-0.03	-0.19	-0.01	-0.01	-0.06	-0.19	0.01	0.01	119.54					-0.03	-0.03	0.85	-0.01	-0.01	0.5	0.85	0.0	0.0	86.84					-0.029999999999999805	-0.029999999999999805	2.3799999999999897	-0.014999999999999902	-0.014888612493750559	1.172413793103455	2.3799999999999897	0.0011923809024592179	0.0011683394293111604	23.194561676221625				
2025-11-14 08:00:00	32000	2.01	1.93	2.01	1.93	1.93	CFV.MI	0.99	0.99	0.95	0.95	1.08	0.83	1.0	1.0	1.0	1	1.0	-1.0	-1.0	-1.0	1.0	-1.0									1.0			1.67										-1.0			1.04	-0.1	-0.1	0.07	-0.05	-0.05	-0.18	2.17	0.07	0.0	0.0	15.57					1	-0.1	-0.1	-1.42	-0.05	-0.05	-0.34	-1.42	0.0	0.0	57.36					0.1	0.1	-0.09	0.05	0.05	-0.01	-0.09	0.01	0.01	128.24					0.1	0.1	0.95	0.05	0.05	0.58	0.95	0.0	0.0	93.82					0.09999999999999987	0.09999999999999987	2.4799999999999898	0.049261083743842304	0.05051579013690172	1.284974093264256	2.4799999999999898	0.0014408273048509648	0.001415479834438571	26.42202775554508				
2025-11-17 08:00:00	25000	1.95	1.9	1.91	1.91	1.91	CFV.MI	0.94	0.96	0.94	0.94	1.08	0.83	1.0	1.0	1.0	1	1.0	-1.0	-1.0	-1.0	1.0	-1.0									1.0			1.67		0.94								-1.0			1.04	-0.02	-0.02	0.05	-0.01	-0.01	-0.19	2.17	0.05	0.0	0.0	11.93					1	-0.02	-0.02	-1.44	-0.01	-0.01	-0.35	-1.44	0.0	0.0	52.39					0.02	0.02	-0.07	0.01	0.01	-0.0	-0.07	0.01	0.01	128.53					0.02	0.02	0.97	0.01	0.01	0.6	0.97	0.01	0.01	94.17					0.020000000000000018	0.020000000000000018	2.49999999999999	0.010362694300518172	0.010416760858255715	1.3089005235602165	2.49999999999999	0.001507494574343801	0.0014817908188782258	27.22610971167645				
2025-11-18 08:00:00	15000	1.95	1.91	1.93	1.91	1.91	CFV.MI	0.97	0.98	0.96	0.96	1.08	0.83	1.0	1.0	1.0	1	1.0	-1.0	-1.0	-1.0	1.0	-1.0									1.0			1.67	0.98									-1.0			1.04	0.0	0.0	0.05	0.0	0.0	-0.19	2.17	0.05	0.0	0.0	16.71					1	0.0	0.0	-1.44	0.0	0.0	-0.35	-1.44	0.0	0.0	50.0					-0.0	-0.0	-0.07	-0.0	-0.0	-0.0	-0.07	0.01	0.01	127.88					-0.0	-0.0	0.97	-0.0	-0.0	0.6	0.97	0.0	0.0	93.39					-0.0	-0.0	2.49999999999999	-0.0	-0.0	1.3089005235602165	2.49999999999999	0.0017381699868705678	0.0017135763689186678	32.32659723549162				
2025-11-19 08:00:00	5000	1.89	1.87	1.89	1.88	1.88	CFV.MI	0.96	0.96	0.95	0.95	1.08	0.83	1.0	1.0	1.0	1	1.0	-1.0	-1.0	-1.0	1.0	-1.0									1.0			1.67										-1.0			1.04	-0.03	-0.03	0.02	-0.02	-0.02	-0.21	2.17	0.02	0.0	0.0	10.26					1	-0.03	-0.03	-1.47	-0.02	-0.02	-0.36	-1.47	0.0	0.0	51.15					0.03	0.03	-0.04	0.02	0.02	0.02	-0.04	0.01	0.01	140.32					0.03	0.03	1.0	0.02	0.02	0.62	1.0	0.01	0.01	101.76					0.030000000000000027	0.030000000000000027	2.5299999999999896	0.015706806282722474	0.015831465216680628	1.3457446808510714	2.5299999999999896	0.0016899049067112541	0.0016655583919367167	31.771792493603478				
2025-11-20 08:00:00	28000	1.87	1.84	1.85	1.84	1.84	CFV.MI	0.93	0.94	0.92	0.92	1.08	0.83	1.0	1.0	1.0	1	1.0	-1.0	-1.0	-1.0	1.0	-1.0									1.0			1.67										-1.0			1.04	-0.04	-0.04	-0.02	-0.02	-0.02	-0.22	2.17	-0.02	0.0	0.0	10.41					1	-0.04	-0.04	-1.51	-0.02	-0.02	-0.37	-1.51	0.0	0.0	41.79					0.04	0.04	-0.0	0.02	0.02	0.04	-0.0	0.01	0.01	140.27					0.04	0.04	1.04	0.02	0.02	0.66	1.04	0.01	0.01	101.7					0.039999999999999813	0.039999999999999813	2.5699999999999896	0.02127659574468077	0.021506205220963505	1.3967391304347898	2.5699999999999896	0.0020571273615687686	0.002033174298898821	38.641584626900936				
2025-11-21 08:00:00	2000	1.84	1.81	1.84	1.81	1.81	CFV.MI	0.93	0.93	0.92	0.92	1.08	0.83	1.0	1.0	-1.0	0	1.0	-1.0	-1.0	-1.0	1.0	-1.0		1.81							1.0			1.67		0.92								-1.0			1.04	-0.03	-0.03	-0.05	-0.02	-0.02	-0.23	2.17	-0.05	0.0	0.0	6.24					1	-0.03	-0.03	-1.54	-0.02	-0.02	-0.39	-1.54	0.0	0.0	36.02					0.03	0.03	0.03	0.02	0.02	0.05	0.03	0.01	0.01	140.71					0.03	0.03	1.07	0.02	0.02	0.69	1.07	0.01	0.01	102.22					0.030000000000000027	0.030000000000000027	2.59999999999999	0.016304347826086918	0.016438726343159835	1.436464088397797	2.59999999999999	0.0021656229554336236	0.002141129378589346	39.74908713782827				
2025-11-24 08:00:00	28000	1.86	1.79	1.81	1.82	1.82	CFV.MI	0.92	0.95	0.91	0.93	1.08	0.83	1.0	1.0	-1.0	0	1.0	-1.0	-1.0	-1.0	1.0	-1.0									1.0			1.67	0.95									-1.0			1.04	0.01	0.01	-0.04	0.01	0.01	-0.23	2.17	-0.04	0.0	0.0	6.81					1	0.0	0.0	-1.54	0.0	0.0	-0.39	-1.54	0.0	0.0	36.02					-0.01	-0.01	0.02	-0.01	-0.01	0.05	0.02	0.01	0.01	135.25					-0.01	-0.01	1.06	-0.01	-0.01	0.68	1.06	0.01	0.01	98.16					-0.010000000000000009	-0.010000000000000009	2.58999999999999	-0.005524861878453136	-0.0055096558109697	1.42307692307693	2.58999999999999	0.0019986621841145973	0.0019736450729093136	36.419905738419345				
2025-11-25 08:00:00	13000	1.86	1.8	1.82	1.82	1.82	CFV.MI	0.92	0.94	0.91	0.92	1.08	0.83	1.0	1.0	-1.0	0	1.0	-1.0	-1.0	-1.0	1.0	-1.0									1.0			1.67										-1.0			1.04	0.0	0.0	-0.04	0.0	0.0	-0.23	2.17	-0.04	0.0	0.0	6.81					1	0.0	0.0	-1.54	0.0	0.0	-0.39	-1.54	0.0	0.0	36.02					-0.0	-0.0	0.02	-0.0	-0.0	0.05	0.02	0.01	0.01	135.25					-0.0	-0.0	1.06	-0.0	-0.0	0.68	1.06	0.01	0.01	98.16					-0.0	-0.0	2.58999999999999	-0.0	-0.0	1.42307692307693	2.58999999999999	0.0019986621841145973	0.0019736450729093136	36.419905738419345				
2025-11-26 08:00:00	2000	1.84	1.82	1.84	1.82	1.82	CFV.MI	0.92	0.92	0.91	0.91	1.08	0.83	1.0	1.0	-1.0	0	1.0	-1.0	-1.0	-1.0	1.0	-1.0									1.0			1.67		0.91								-1.0			1.04	0.0	0.0	-0.04	0.0	0.0	-0.23	2.07	-0.04	0.0	0.0	11.51					1	0.0	0.0	-1.54	0.0	0.0	-0.39	-1.54	0.0	0.0	33.0					-0.0	-0.0	0.02	-0.0	-0.0	0.05	0.02	0.01	0.01	134.63					-0.0	-0.0	1.06	-0.0	-0.0	0.68	1.06	0.0	0.0	97.41					-0.0	-0.0	2.58999999999999	-0.0	-0.0	1.42307692307693	2.58999999999999	0.0022241661793400173	0.0022002427340857	41.77238490486755				
2025-11-27 08:00:00	21000	1.88	1.79	1.8	1.85	1.85	CFV.MI	0.9	0.94	0.89	0.92	1.08	0.83	1.0	1.0	-1.0	0	1.0	-1.0	-1.0	-1.0	1.0	-1.0	1.88								1.0			1.67	0.94									-1.0			1.04	0.03	0.03	-0.01	0.02	0.02	-0.22	2.07	-0.01	0.0	0.0	11.45					1	0.0	0.0	-1.54	0.0	0.0	-0.39	-1.54	0.0	0.0	38.95					-0.03	-0.03	-0.01	-0.02	-0.02	0.03	-0.01	0.01	0.01	134.87					-0.03	-0.03	1.03	-0.02	-0.02	0.65	1.03	0.0	0.0	97.55					-0.030000000000000027	-0.030000000000000027	2.55999999999999	-0.016483516483516425	-0.01634913800152941	1.3837837837837905	2.55999999999999	0.0019105048334849789	0.0018862695842534194	35.95721268169231				
2025-11-28 08:00:00	7000	1.84	1.8	1.83	1.8	1.8	CFV.MI	0.91	0.92	0.9	0.9	1.08	0.83	1.0	1.0	-1.0	0	-1.0	-1.0	1.0	-1.0	1.0	-1.0		1.8							1.0			1.67										-1.0			1.04	-0.05	-0.05	-0.06	-0.03	-0.03	-0.24	2.04	-0.06	0.0	0.0	5.77					1	-0.0	-0.0	-1.54	-0.0	-0.0	-0.39	-1.54	0.0	0.0	43.39					0.05	0.05	0.04	0.03	0.03	0.06	0.04	0.01	0.01	141.18					0.05	0.05	1.08	0.03	0.03	0.7	1.08	0.01	0.01	102.56					0.050000000000000044	0.050000000000000044	2.6099999999999897	0.027027027027027084	0.027398974188114503	1.4500000000000073	2.6099999999999897	0.002051348780099322	0.0020263907046349505	37.45146124938542				
2025-12-01 08:00:00	16000	1.88	1.8	1.84	1.8	1.8	CFV.MI	0.92	0.94	0.9	0.9	1.08	0.83	1.0	1.0	-1.0	0	-1.0	-1.0	1.0	-1.0	1.0	-1.0	1.88								1.0			1.67										-1.0			1.04	0.0	0.0	-0.06	0.0	0.0	-0.24	2.04	-0.06	0.0	0.0	9.98					1	0.0	0.0	-1.54	0.0	0.0	-0.39	-1.54	0.0	0.0	41.08					0.0	0.0	0.04	0.0	0.0	0.06	0.04	0.01	0.01	140.73					-0.0	-0.0	1.08	-0.0	-0.0	0.7	1.08	0.01	0.01	102.03					-0.0	-0.0	2.6099999999999897	-0.0	-0.0	1.4500000000000073	2.6099999999999897	0.002257526956086124	0.0022334752545383196	42.167578142406526				
2025-12-02 08:00:00	0	1.8	1.8	1.8	1.8	1.8	CFV.MI	0.9	0.9	0.9	0.9	1.08	0.83	1.0	1.0	-1.0	0	-1.0	-1.0	1.0	-1.0	1.0	-1.0									1.0			1.67										-1.0			1.04	0.0	0.0	-0.06	0.0	0.0	-0.24	2.04	-0.06	0.0	0.0	14.27					1	0.0	0.0	-1.54	0.0	0.0	-0.39	-1.54	0.0	0.0	38.63					0.0	0.0	0.04	0.0	0.0	0.06	0.04	0.01	0.01	140.27					-0.0	-0.0	1.08	-0.0	-0.0	0.7	1.08	0.01	0.01	101.48					-0.0	-0.0	2.6099999999999897	-0.0	-0.0	1.4500000000000073	2.6099999999999897	0.002459338105759433	0.0024361823389646986	47.0045170809498				
2025-12-03 08:00:00	3000	1.79	1.78	1.79	1.78	1.78	CFV.MI	0.89	0.89	0.88	0.88	1.08	0.83	1.0	1.0	-1.0	0	-1.0	-1.0	1.0	-1.0	1.0	-1.0		1.78							1.0			1.67		0.88								-1.0			1.04	-0.02	-0.02	-0.08	-0.01	-0.01	-0.25	2.04	-0.08	0.0	0.0	7.42					1	-0.0	-0.0	-1.54	-0.0	-0.0	-0.39	-1.54	0.0	0.0	46.84					-0.02	-0.02	0.02	-0.01	-0.01	0.05	0.02	0.01	0.01	147.36					0.02	0.02	1.1	0.01	0.01	0.72	1.1	0.01	0.01	111.5					0.020000000000000018	0.020000000000000018	2.6299999999999897	0.011111111111111072	0.011173300598125189	1.4775280898876475	2.6299999999999897	0.0023454543440900055	0.0023228378169763975	45.906650503794665				
2025-12-04 08:00:00	7000	1.83	1.79	1.83	1.79	1.79	CFV.MI	0.91	0.91	0.89	0.89	1.08	0.83	1.0	1.0	-1.0	0	-1.0	-1.0	1.0	-1.0	1.0	-1.0									1.0			1.67										-1.0			1.04	0.01	0.01	-0.07	0.01	0.01	-0.24	2.04	-0.07	0.0	0.0	15.05					1	0.0	0.0	-1.54	0.0	0.0	-0.39	-1.54	0.0	0.0	39.57					0.01	0.01	0.03	0.01	0.01	0.05	0.03	0.01	0.01	146.24					-0.01	-0.01	1.09	-0.01	-0.01	0.71	1.09	0.0	0.0	105.64					-0.010000000000000009	-0.010000000000000009	2.6199999999999894	-0.00561797752808979	-0.0056022555486697516	1.463687150837996	2.6199999999999894	0.0024744774912084885	0.0024530857342415224	51.19941701074971				
2025-12-05 08:00:00	15000	1.83	1.79	1.8	1.83	1.83	CFV.MI	0.89	0.91	0.89	0.91	1.08	0.83	1.0	1.0	-1.0	0	-1.0	-1.0	1.0	-1.0	1.0	-1.0									1.0			1.67										-1.0			1.04	0.04	0.04	-0.03	0.02	0.02	-0.23	2.04	-0.03	0.0	0.0	20.78					1	0.0	0.0	-1.54	0.0	0.0	-0.39	-1.54	0.0	0.0	38.57					0.04	0.04	0.07	0.02	0.02	0.08	0.07	0.01	0.01	146.72					-0.04	-0.04	1.05	-0.02	-0.02	0.67	1.05	0.0	0.0	97.3					-0.040000000000000036	-0.040000000000000036	2.5799999999999894	-0.022346368715083775	-0.02210034700066592	1.4098360655737778	2.5799999999999894	0.0024195300418392547	0.0023976208892366735	48.87318185652491				
2025-12-08 08:00:00	19000	1.87	1.8	1.81	1.85	1.85	CFV.MI	0.9	0.93	0.89	0.92	1.08	0.83	1.0	1.0	-1.0	0	-1.0	-1.0	1.0	-1.0	1.0	-1.0	1.87								1.0			1.67	0.93									-1.0			1.04	0.02	0.02	-0.01	0.01	0.01	-0.22	2.03	-0.01	0.0	0.0	25.8					1	0.0	0.0	-1.54	0.0	0.0	-0.39	-1.54	0.0	0.0	36.49					0.02	0.02	0.09	0.01	0.01	0.09	0.09	0.01	0.01	146.73					-0.02	-0.02	1.03	-0.01	-0.01	0.65	1.03	0.0	0.0	91.58					-0.020000000000000018	-0.020000000000000018	2.5599999999999894	-0.010928961748633892	-0.010869672236903891	1.383783783783791	2.5599999999999894	0.002419336146601383	0.002397425157211641	48.865168860978784				
2025-12-09 08:00:00	25000	1.86	1.82	1.82	1.82	1.82	CFV.MI	0.9	0.92	0.9	0.9	1.08	0.83	1.0	1.0	-1.0	0	-1.0	-1.0	1.0	-1.0	1.0	-1.0									1.0			1.67										-1.0			1.04	-0.03	-0.03	-0.04	-0.02	-0.02	-0.23	2.03	-0.04	0.0	0.0	20.76					1	-0.0	-0.0	-1.54	-0.0	-0.0	-0.39	-1.54	0.0	0.0	41.6					-0.03	-0.03	0.06	-0.02	-0.02	0.07	0.06	0.01	0.01	142.09					0.03	0.03	1.06	0.02	0.02	0.68	1.06	0.0	0.0	96.3					0.030000000000000027	0.030000000000000027	2.589999999999989	0.016216216216216273	0.016349138001529526	1.4230769230769305	2.589999999999989	0.0024927566853579592	0.002470504210390523	49.57891960337906				
2025-12-10 08:00:00	8000	1.79	1.79	1.79	1.79	1.79	CFV.MI	0.89	0.89	0.89	0.89	1.08	0.83	1.0	1.0	-1.0	0	-1.0	-1.0	1.0	-1.0	1.0	-1.0		1.79							1.0			1.67										-1.0			1.04	-0.03	-0.03	-0.07	-0.02	-0.02	-0.24	2.03	-0.07	0.0	0.0	20.18					1	-0.0	-0.0	-1.54	-0.0	-0.0	-0.39	-1.54	0.0	0.0	39.49					-0.03	-0.03	0.03	-0.02	-0.02	0.05	0.03	0.01	0.01	131.87					0.03	0.03	1.09	0.02	0.02	0.71	1.09	0.0	0.0	96.51					0.030000000000000027	0.030000000000000027	2.6199999999999894	0.016483516483516536	0.016620881236040407	1.4636871508379965	2.6199999999999894	0.002782011787644149	0.0027599318653550586	54.921392040115656				
2025-12-11 08:00:00	0	1.79	1.79	1.79	1.79	1.79	CFV.MI	0.88	0.88	0.88	0.88	1.08	0.83	1.0	1.0	-1.0	0	-1.0	-1.0	1.0	-1.0	1.0	-1.0									1.0			1.67		0.88								-1.0			1.04	0.0	0.0	-0.07	0.0	0.0	-0.24	2.01	-0.07	0.0	0.0	20.18					1	0.0	0.0	-1.54	0.0	0.0	-0.39	-1.54	0.0	0.0	39.49					0.0	0.0	0.03	0.0	0.0	0.05	0.03	0.01	0.01	131.87					-0.0	-0.0	1.09	-0.0	-0.0	0.71	1.09	0.0	0.0	96.51					-0.0	-0.0	2.6199999999999894	-0.0	-0.0	1.4636871508379965	2.6199999999999894	0.002782011787644149	0.0027599318653550586	54.921392040115656				
2025-12-12 08:00:00	9000	1.83	1.8	1.83	1.8	1.8	CFV.MI	0.91	0.91	0.89	0.89	1.08	0.83	1.0	1.0	-1.0	0	-1.0	-1.0	1.0	-1.0	1.0	-1.0	1.83								1.0			1.67	0.91									-1.0			1.04	0.01	0.01	-0.06	0.01	0.01	-0.24	1.95	-0.06	0.0	0.0	18.6					1	0.0	0.0	-1.54	0.0	0.0	-0.39	-1.54	0.0	0.0	47.63					0.01	0.01	0.04	0.01	0.01	0.06	0.04	0.01	0.01	144.03					-0.01	-0.01	1.08	-0.01	-0.01	0.7	1.08	0.0	0.0	100.13					-0.010000000000000009	-0.010000000000000009	2.6099999999999897	-0.005586592178770999	-0.0055710450494554295	1.4500000000000077	2.6099999999999897	0.0024763458449496814	0.002454411929708078	49.96774908519253				
2025-12-15 08:00:00	10000	1.83	1.79	1.83	1.79	1.79	CFV.MI	0.89	0.89	0.88	0.88	1.08	0.83	1.0	1.0	-1.0	0	-1.0	-1.0	1.0	-1.0	1.0	-1.0		1.79							1.0			1.67		0.88								-1.0			1.04	-0.01	-0.01	-0.07	-0.01	-0.01	-0.24	1.95	-0.07	0.0	0.0	18.59					1	-0.0	-0.0	-1.54	-0.0	-0.0	-0.39	-1.54	0.0	0.0	46.56					-0.01	-0.01	0.03	-0.01	-0.01	0.05	0.03	0.01	0.01	138.13					0.01	0.01	1.09	0.01	0.01	0.71	1.09	0.0	0.0	100.14					0.010000000000000009	0.010000000000000009	2.6199999999999894	0.005555555555555536	0.00557104504945536	1.4636871508379965	2.6199999999999894	0.0026724735297888685	0.0026508832787002223	53.92912828429021				
2025-12-16 08:00:00	17000	1.83	1.8	1.82	1.83	1.83	CFV.MI	0.89	0.9	0.88	0.9	1.08	0.83	1.0	1.0	-1.0	0	-1.0	-1.0	1.0	-1.0	1.0	-1.0	1.83								1.0			1.67	0.9									-1.0			1.04	0.04	0.04	-0.03	0.02	0.02	-0.23	1.89	-0.03	0.0	0.0	20.75					1	0.0	0.0	-1.54	0.0	0.0	-0.39	-1.54	0.0	0.0	46.56					0.04	0.04	0.07	0.02	0.02	0.08	0.07	0.01	0.01	138.79					-0.04	-0.04	1.05	-0.02	-0.02	0.67	1.05	0.0	0.0	92.32					-0.040000000000000036	-0.040000000000000036	2.5799999999999894	-0.022346368715083775	-0.02210034700066592	1.4098360655737783	2.5799999999999894	0.002458724397411798	0.002436091154191855	48.07661496468408				
2025-12-17 08:00:00	75000	1.85	1.8	1.82	1.8	1.8	CFV.MI	0.89	0.9	0.88	0.88	1.08	0.83	1.0	1.0	-1.0	0	-1.0	-1.0	1.0	-1.0	1.0	-1.0									1.0			1.67										-1.0			1.04	-0.03	-0.03	-0.06	-0.02	-0.02	-0.24	1.88	-0.06	0.0	0.0	16.35					1	-0.0	-0.0	-1.54	-0.0	-0.0	-0.39	-1.54	0.0	0.0	46.56					-0.03	-0.03	0.04	-0.02	-0.02	0.06	0.04	0.01	0.01	129.06					0.03	0.03	1.08	0.02	0.02	0.7	1.08	0.0	0.0	92.93					0.030000000000000027	0.030000000000000027	2.6099999999999897	0.016393442622950838	0.016529301951210582	1.4500000000000077	2.6099999999999897	0.002569470720484909	0.00254631301535424	49.11127215451965				
2025-12-18 08:00:00	17000	1.81	1.79	1.8	1.79	1.79	CFV.MI	0.87	0.88	0.87	0.87	1.08	0.83	1.0	-1.0	-1.0	0	-1.0	-1.0	1.0	-1.0	1.0	-1.0		1.79							1.0			1.67		0.87								-1.0			1.04	-0.01	-0.01	-0.07	-0.01	-0.01	-0.24	1.88	-0.07	0.0	0.0	17.33					1	-0.0	-0.0	-1.54	-0.0	-0.0	-0.39	-1.54	0.0	0.0	43.16					-0.01	-0.01	0.03	-0.01	-0.01	0.05	0.03	0.01	0.01	123.24					0.01	0.01	1.09	0.01	0.01	0.71	1.09	0.0	0.0	92.54					0.010000000000000009	0.010000000000000009	2.6199999999999894	0.005555555555555536	0.00557104504945536	1.463687150837997	2.6199999999999894	0.0028037879285771885	0.0027813311057653944	54.42185407534579				
2025-12-19 08:00:00	9000	1.82	1.79	1.8	1.8	1.8	CFV.MI	0.87	0.88	0.86	0.87	1.08	0.83	1.0	-1.0	-1.0	0	-1.0	-1.0	1.0	-1.0	1.0	-1.0									1.0			1.67										-1.0			1.04	0.01	0.01	-0.06	0.01	0.01	-0.24	1.88	-0.06	0.0	0.0	22.25					1	0.0	0.0	-1.54	0.0	0.0	-0.39	-1.54	0.0	0.0	39.48					0.01	0.01	0.04	0.01	0.01	0.06	0.04	0.01	0.01	122.91					-0.01	-0.01	1.08	-0.01	-0.01	0.7	1.08	0.0	0.0	87.88					-0.010000000000000009	-0.010000000000000009	2.6099999999999897	-0.005586592178770999	-0.0055710450494554295	1.4500000000000077	2.6099999999999897	0.0028368900413978096	0.002814756835048726	55.89482641235712				
2025-12-22 08:00:00	116000	1.89	1.8	1.81	1.84	1.84	CFV.MI	0.88	0.91	0.87	0.89	1.08	0.83	1.0	-1.0	-1.0	1	-1.0	-1.0	1.0	-1.0	1.0	-1.0	1.89								1.0			1.67	0.91									-1.0			1.04	0.04	0.04	-0.02	0.02	0.02	-0.22	1.89	-0.02	0.0	0.0	27.54					1	0.0	0.0	-1.54	0.0	0.0	-0.39	-1.54	0.0	0.0	38.19					0.04	0.04	0.08	0.02	0.02	0.08	0.08	0.01	0.01	123.45					-0.04	-0.04	1.04	-0.02	-0.02	0.66	1.04	0.0	0.0	80.48					-0.040000000000000036	-0.040000000000000036	2.5699999999999896	-0.022222222222222143	-0.021978906718775167	1.3967391304347907	2.5699999999999896	0.002783355478733389	0.0027606977201779515	53.53430233525698				
2025-12-23 08:00:00	22000	1.85	1.76	1.85	1.78	1.78	CFV.MI	0.89	0.89	0.85	0.86	1.08	0.83	1.0	-1.0	-1.0	-1	-1.0	-1.0	1.0	-1.0	1.0	-1.0		1.76		1.76		1.76			1.0			1.67		0.85		0.85						-1.0			1.04	-0.06	-0.06	-0.08	-0.03	-0.03	-0.25	1.89	-0.08	0.0	0.0	21.52					1	-0.06	-0.06	-1.6	-0.03	-0.03	-0.41	-1.6	0.0	0.0	27.74					-0.06	-0.06	0.02	-0.03	-0.03	0.05	0.02	0.01	0.01	109.4					0.06	0.06	1.1	0.03	0.03	0.72	1.1	0.0	0.0	81.83					0.06000000000000005	0.06000000000000005	2.6299999999999897	0.03260869565217395	0.03315220731690051	1.4775280898876488	2.6299999999999897	0.0030087904884883135	0.0029850828150204123	55.3887117022173				
2025-12-29 08:00:00	193000	1.91	1.76	1.77	1.86	1.86	CFV.MI	0.86	0.93	0.85	0.9	1.08	0.83	1.0	-1.0	-1.0	0	-1.0	-1.0	1.0	-1.0	1.0	-1.0									1.0			1.67										-1.0			1.04	0.08	0.08	-0.0	0.04	0.04	-0.21	1.91	-0.0	0.0	0.0	22.98					1	-0.08	-0.08	-1.68	-0.04	-0.04	-0.43	-1.68	0.0	0.0	24.96					0.08	0.08	0.1	0.04	0.04	0.1	0.1	0.01	0.01	109.96					-0.08	-0.08	1.02	-0.04	-0.04	0.64	1.02	0.0	0.0	70.34					-0.08000000000000007	-0.08000000000000007	2.5499999999999896	-0.04494382022471921	-0.043963123421116204	1.3709677419354915	2.5499999999999896	0.002538408421624904	0.0025137390826701633	45.540346862701256				
2025-12-30 08:00:00	103000	1.99	1.86	1.86	1.96	1.96	CFV.MI	0.89	0.95	0.89	0.94	1.08	0.83	1.0	-1.0	1.0	0	-1.0	-1.0	1.0	-1.0	-1.0	1.0	1.99		1.99						1.0			1.67	0.95		0.95							-1.0			1.04	0.1	0.1	0.1	0.05	0.05	-0.17	1.99	0.1	0.0	0.0	26.94					1	0.0	0.0	-1.68	0.0	0.0	-0.43	-1.68	0.0	0.0	24.96					0.1	0.1	0.2	0.05	0.05	0.15	0.2	0.01	0.01	111.53					-0.1	-0.1	0.92	-0.05	-0.05	0.56	0.92	0.0	0.0	59.9					-0.09999999999999987	-0.09999999999999987	2.4499999999999895	-0.053763440860215006	-0.05236798551731594	1.2500000000000075	2.4499999999999895	0.0022110391284175064	0.002184208118360509	37.06717738735864				
2026-01-02 08:00:00	40000	1.98	1.91	1.98	1.92	1.92	CFV.MI	0.94	0.94	0.91	0.91	1.08	0.83	1.0	-1.0	1.0	0	-1.0	-1.0	1.0	-1.0	-1.0	1.0									1.0			1.67										-1.0			1.04	-0.04	-0.04	0.06	-0.02	-0.02	-0.19	1.99	0.06	0.0	0.0	27.0					1	-0.0	-0.0	-1.68	-0.0	-0.0	-0.43	-1.68	0.0	0.0	19.01					-0.04	-0.04	0.16	-0.02	-0.02	0.13	0.16	0.01	0.01	111.73					-0.04	-0.04	0.88	-0.02	-0.02	0.53	0.88	0.0	0.0	59.99					0.040000000000000036	0.040000000000000036	2.4899999999999896	0.020408163265306145	0.020619287202735703	1.296875000000008	2.4899999999999896	0.002573958708552131	0.0025475489684700925	43.14054878141493				
2026-01-05 08:00:00	53000	1.96	1.9	1.91	1.91	1.91	CFV.MI	0.9	0.92	0.89	0.9	1.08	0.83	1.0	-1.0	1.0	0	-1.0	-1.0	1.0	-1.0	-1.0	1.0									1.0			1.67		0.89								-1.0			1.04	-0.01	-0.01	0.05	-0.01	-0.01	-0.19	1.99	0.05	0.0	0.0	29.49					1	-0.0	-0.0	-1.68	-0.0	-0.0	-0.43	-1.68	0.0	0.0	8.59					-0.01	-0.01	0.15	-0.01	-0.01	0.13	0.15	0.01	0.01	120.02					-0.01	-0.01	0.87	-0.01	-0.01	0.52	0.87	0.0	0.0	63.66					0.010000000000000009	0.010000000000000009	2.4999999999999893	0.00520833333333337	0.0052219439811517126	1.3089005235602174	2.4999999999999893	0.0028634469361238633	0.0028383220896059935	49.65309577023755				
2026-01-06 08:00:00	17000	1.92	1.89	1.9	1.9	1.9	CFV.MI	0.9	0.91	0.89	0.9	1.08	0.83	1.0	-1.0	1.0	0	-1.0	-1.0	1.0	-1.0	-1.0	1.0		1.89							1.0			1.67										-1.0			1.04	-0.01	-0.01	0.04	-0.01	-0.01	-0.2	1.99	0.04	0.0	0.0	22.72					1	-0.0	-0.0	-1.68	-0.0	-0.0	-0.43	-1.68	0.0	0.0	21.79					-0.01	-0.01	0.14	-0.01	-0.01	0.12	0.14	0.01	0.01	113.66					-0.01	-0.01	0.86	-0.01	-0.01	0.51	0.86	0.0	0.0	57.96					0.010000000000000009	0.010000000000000009	2.509999999999989	0.005235602094240788	0.005249355886143678	1.3210526315789552	2.509999999999989	0.0025795014679933117	0.0025557346067086595	47.2855881758363				
2026-01-07 08:00:00	107000	1.98	1.87	1.9	1.88	1.88	CFV.MI	0.9	0.94	0.89	0.89	1.08	0.83	1.0	-1.0	1.0	0	-1.0	-1.0	1.0	-1.0	-1.0	1.0	1.98								1.0			1.67	0.94									-1.0			1.04	-0.02	-0.02	0.02	-0.01	-0.01	-0.21	1.99	0.02	0.0	0.0	17.1					1	-0.0	-0.0	-1.68	-0.0	-0.0	-0.43	-1.68	0.0	0.0	31.26					-0.02	-0.02	0.12	-0.01	-0.01	0.11	0.12	0.0	0.0	106.41					-0.02	-0.02	0.84	-0.01	-0.01	0.49	0.84	0.0	0.0	52.59					0.020000000000000018	0.020000000000000018	2.529999999999989	0.010526315789473717	0.010582109330536972	1.3457446808510718	2.529999999999989	0.0025044270561514373	0.0024810129770880263	46.61370094924978				
2026-01-08 08:00:00	88000	1.91	1.86	1.89	1.86	1.86	CFV.MI	0.89	0.9	0.88	0.88	1.08	0.83	1.0	-1.0	1.0	0	-1.0	-1.0	1.0	-1.0	-1.0	1.0		1.86							1.0			1.67		0.88								-1.0			1.04	-0.02	-0.02	-0.0	-0.01	-0.01	-0.21	1.99	-0.0	0.0	0.0	17.11					1	-0.0	-0.0	-1.68	-0.0	-0.0	-0.43	-1.68	0.0	0.0	27.34					-0.02	-0.02	0.1	-0.01	-0.01	0.1	0.1	0.0	0.0	106.46					-0.02	-0.02	0.82	-0.01	-0.01	0.48	0.82	0.0	0.0	52.61					0.019999999999999796	0.019999999999999796	2.549999999999989	0.010638297872340274	0.010695289116747806	1.3709677419354915	2.549999999999989	0.0027585430964410687	0.002735533978158511	51.33899263139953				
2026-01-09 08:00:00	98000	1.91	1.86	1.86	1.89	1.89	CFV.MI	0.88	0.9	0.88	0.89	1.08	0.83	1.0	-1.0	1.0	0	-1.0	-1.0	1.0	-1.0	-1.0	1.0									1.0			1.67										-1.0			1.04	0.03	0.03	0.03	0.02	0.02	-0.2	1.99	0.03	0.0	0.0	18.53					1	0.0	0.0	-1.68	0.0	0.0	-0.43	-1.68	0.0	0.0	27.34					0.03	0.03	0.13	0.02	0.02	0.11	0.13	0.01	0.01	107.01					0.03	0.03	0.85	0.02	0.02	0.5	0.85	0.0	0.0	53.49					-0.029999999999999805	-0.029999999999999805	2.5199999999999894	-0.016129032258064502	-0.01600034134644112	1.333333333333341	2.5199999999999894	0.0025607368809948037	0.002536815058340025	46.64324949994631				
2026-01-12 08:00:00	79000	1.94	1.88	1.89	1.88	1.88	CFV.MI	0.89	0.91	0.89	0.89	1.08	0.83	1.0	-1.0	1.0	0	-1.0	-1.0	1.0	-1.0	-1.0	1.0	1.94								1.0			1.67	0.91									-1.0			1.04	-0.01	-0.01	0.02	-0.01	-0.01	-0.21	1.99	0.02	0.0	0.0	15.32					1	-0.0	-0.0	-1.68	-0.0	-0.0	-0.43	-1.68	0.0	0.0	27.34					-0.01	-0.01	0.12	-0.01	-0.01	0.11	0.12	0.0	0.0	102.27					-0.01	-0.01	0.84	-0.01	-0.01	0.49	0.84	0.0	0.0	50.08					0.010000000000000009	0.010000000000000009	2.5299999999999896	0.005291005291005346	0.005305052229693229	1.3457446808510718	2.5299999999999896	0.002596811236156717	0.0025727184097086297	46.9592282379043				
2026-01-13 08:00:00	44000	1.91	1.88	1.89	1.91	1.91	CFV.MI	0.9	0.9	0.89	0.9	1.08	0.83	1.0	-1.0	1.0	0	-1.0	-1.0	1.0	-1.0	-1.0	1.0									1.0			1.67										-1.0			1.04	0.03	0.03	0.05	0.02	0.02	-0.19	1.99	0.05	0.0	0.0	16.69					1	0.0	0.0	-1.68	0.0	0.0	-0.43	-1.68	0.0	0.0	27.34					0.03	0.03	0.15	0.02	0.02	0.13	0.15	0.0	0.0	102.81					0.03	0.03	0.87	0.02	0.02	0.52	0.87	0.0	0.0	50.94					-0.030000000000000027	-0.030000000000000027	2.4999999999999893	-0.015957446808510634	-0.015831465216680662	1.3089005235602174	2.4999999999999893	0.002395831738446402	0.002370826504198398	42.431218098095684				
2026-01-14 08:00:00	44000	1.9	1.86	1.88	1.88	1.88	CFV.MI	0.89	0.9	0.88	0.89	1.08	0.83	1.0	-1.0	1.0	0	-1.0	-1.0	1.0	-1.0	-1.0	1.0									1.0			1.67										-1.0			1.04	-0.03	-0.03	0.02	-0.02	-0.02	-0.21	1.99	0.02	0.0	0.0	12.63					1	-0.0	-0.0	-1.68	-0.0	-0.0	-0.43	-1.68	0.0	0.0	27.34					-0.03	-0.03	0.12	-0.02	-0.02	0.11	0.12	0.0	0.0	95.24					-0.03	-0.03	0.84	-0.02	-0.02	0.49	0.84	0.0	0.0	46.25					0.030000000000000027	0.030000000000000027	2.5299999999999896	0.015706806282722474	0.015831465216680628	1.3457446808510718	2.5299999999999896	0.002501902555398163	0.0024763696273748526	43.376285487993194				
2026-01-15 08:00:00	79000	1.89	1.86	1.88	1.88	1.88	CFV.MI	0.88	0.89	0.87	0.88	1.08	0.83	1.0	-1.0	1.0	0	-1.0	-1.0	1.0	-1.0	-1.0	1.0									1.0			1.67		0.87		0.87						-1.0			1.04	0.0	0.0	0.02	0.0	0.0	-0.21	1.99	0.02	0.0	0.0	11.67					1	0.0	0.0	-1.68	0.0	0.0	-0.43	-1.68	0.0	0.0	35.12					0.0	0.0	0.12	0.0	0.0	0.11	0.12	0.0	0.0	94.87					0.0	0.0	0.84	0.0	0.0	0.49	0.84	0.0	0.0	45.64					-0.0	-0.0	2.5299999999999896	-0.0	-0.0	1.3457446808510718	2.5299999999999896	0.0024290757514109063	0.002403905719767563	42.73176211215412				
2026-01-16 08:00:00	52000	1.87	1.85	1.87	1.86	1.86	CFV.MI	0.88	0.88	0.87	0.88	1.08	0.83	1.0	-1.0	1.0	0	-1.0	-1.0	1.0	-1.0	-1.0	1.0		1.85							1.0			1.67										-1.0			1.04	-0.02	-0.02	-0.0	-0.01	-0.01	-0.21	1.99	-0.0	0.0	0.0	12.15					1	-0.0	-0.0	-1.68	-0.0	-0.0	-0.43	-1.68	0.0	0.0	28.85					-0.02	-0.02	0.1	-0.01	-0.01	0.1	0.1	0.0	0.0	96.4					-0.02	-0.02	0.82	-0.01	-0.01	0.48	0.82	0.0	0.0	46.34					0.019999999999999796	0.019999999999999796	2.549999999999989	0.010638297872340274	0.010695289116747806	1.3709677419354915	2.549999999999989	0.002704652372509403	0.0026800654284091507	47.91743342592898				
2026-01-19 08:00:00	90000	1.94	1.85	1.85	1.88	1.88	CFV.MI	0.88	0.93	0.88	0.9	1.08	0.83	1.0	-1.0	1.0	0	-1.0	-1.0	1.0	-1.0	-1.0	1.0	1.94			1.85					1.0			1.67	0.93									-1.0			1.04	0.02	0.02	0.02	0.01	0.01	-0.21	1.99	0.02	0.0	0.0	13.09					1	0.0	0.0	-1.68	0.0	0.0	-0.43	-1.68	0.0	0.0	28.85					0.02	0.02	0.12	0.01	0.01	0.11	0.12	0.0	0.0	96.77					0.02	0.02	0.84	0.01	0.01	0.49	0.84	0.0	0.0	46.94					-0.019999999999999796	-0.019999999999999796	2.5299999999999896	-0.010752688172043001	-0.01069528911674795	1.3457446808510714	2.5299999999999896	0.0025190994532847235	0.0024937598819367857	44.00362435154417				
2026-01-20 08:00:00	33000	1.87	1.85	1.87	1.85	1.85	CFV.MI	0.9	0.9	0.89	0.89	1.08	0.83	1.0	-1.0	1.0	0	-1.0	-1.0	1.0	-1.0	-1.0	1.0		1.85							1.0			1.67		0.89								-1.0			1.04	-0.03	-0.03	-0.01	-0.02	-0.02	-0.22	1.99	-0.01	0.0	0.0	7.08					1	-0.0	-0.0	-1.68	-0.0	-0.0	-0.43	-1.68	0.0	0.0	39.44					-0.03	-0.03	0.09	-0.02	-0.02	0.09	0.09	0.0	0.0	98.36					-0.03	-0.03	0.81	-0.02	-0.02	0.47	0.81	0.0	0.0	41.06					0.029999999999999805	0.029999999999999805	2.5599999999999894	0.015957446808510523	0.01608613775162427	1.383783783783791	2.5599999999999894	0.002481218665756686	0.002456067457480504	43.670565582048944				
2026-01-21 08:00:00	106000	1.99	1.86	1.86	1.89	1.89	CFV.MI	0.9	0.96	0.9	0.92	1.08	0.83	1.0	-1.0	1.0	0	-1.0	-1.0	1.0	-1.0	-1.0	1.0									1.0			1.67										-1.0			1.04	0.04	0.04	0.03	0.02	0.02	-0.2	1.99	0.03	0.0	0.0	9.05					1	0.0	0.0	-1.68	0.0	0.0	-0.43	-1.68	0.0	0.0	39.44					0.04	0.04	0.13	0.02	0.02	0.11	0.13	0.0	0.0	99.08					0.04	0.04	0.85	0.02	0.02	0.5	0.85	0.0	0.0	42.3					-0.039999999999999813	-0.039999999999999813	2.51999999999999	-0.021621621621621623	-0.02139118998131756	1.3333333333333401	2.51999999999999	0.002257726010657599	0.0022314680946302623	38.651923272588974				
2026-01-22 08:00:00	160000	1.97	1.9	1.92	1.96	1.96	CFV.MI	0.92	0.94	0.91	0.94	1.08	0.83	1.0	-1.0	1.0	0	-1.0	-1.0	1.0	-1.0	-1.0	1.0									1.0			1.67										-1.0			1.04	0.07	0.07	0.1	0.04	0.04	-0.17	1.99	0.1	0.0	0.0	11.67					1	0.0	0.0	-1.68	0.0	0.0	-0.43	-1.68	0.0	0.0	39.44					0.07	0.07	0.2	0.04	0.04	0.15	0.2	0.01	0.01	104.9					0.07	0.07	0.92	0.04	0.04	0.56	0.92	0.0	0.0	43.99					-0.07000000000000006	-0.07000000000000006	2.4499999999999895	-0.03703703703703698	-0.03636764417087479	1.2500000000000067	2.4499999999999895	0.001941724765127495	0.0019140139301034864	32.00374559843976				
2026-01-23 08:00:00	212000	2.1	1.96	1.96	2.02	2.02	CFV.MI	0.94	1.01	0.94	0.97	1.08	0.83	1.0	1.0	1.0	1	-1.0	-1.0	1.0	-1.0	-1.0	1.0									1.0			1.67										-1.0			1.04	0.06	0.06	0.16	0.03	0.03	-0.15	2.1	0.16	0.0	0.0	14.02					1	0.0	0.0	-1.68	0.0	0.0	-0.43	-1.68	0.0	0.0	39.44					0.06	0.06	0.26	0.03	0.03	0.19	0.26	0.01	0.01	105.78					0.06	0.06	0.98	0.03	0.03	0.61	0.98	0.0	0.0	45.51					-0.06000000000000005	-0.06000000000000005	2.3899999999999895	-0.030612244897959107	-0.030153038170687457	1.18316831683169	2.3899999999999895	0.0016771863007162902	0.0016480234492091128	26.66284101413075				
2026-01-26 08:00:00	367000	2.31	2.02	2.07	2.31	2.31	CFV.MI	0.99	1.11	0.97	1.11	1.11	0.83	1.0	1.0	1.0	1	-1.0	-1.0	1.0	-1.0	-1.0	1.0									1.0			1.67										1.0			1.04	0.29	0.29	0.45	0.14	0.13	-0.02	1.76	0.45	0.0	0.0	22.23					1	0.29	0.29	-1.39	0.14	0.13	-0.35	-1.39	0.0	0.0	73.17					0.29	0.29	0.55	0.14	0.13	0.36	0.55	0.01	0.01	113.82					0.29	0.29	1.27	0.14	0.13	0.84	1.27	0.0	0.0	50.98					-0.29000000000000004	-0.29000000000000004	2.0999999999999894	-0.14356435643564347	-0.1341500131205887	0.909090909090915	2.0999999999999894	0.0009869252849899362	0.0009524303642296506	13.652843822824678				
2026-01-27 08:00:00	320000	2.4	2.18	2.32	2.34	2.34	CFV.MI	1.1	1.14	1.03	1.11	1.14	0.83	1.0	1.0	1.0	1	-1.0	-1.0	1.0	-1.0	-1.0	1.0	2.4		2.4		2.4				1.0			1.67	1.14		1.14		1.14					1.0			1.14	0.03	0.03	0.48	0.01	0.01	-0.01	1.76	0.48	0.0	0.0	26.16					1	0.03	0.03	-1.36	0.01	0.01	-0.34	-1.36	0.0	0.0	75.17					0.03	0.03	0.58	0.01	0.01	0.38	0.58	0.01	0.01	113.86					0.03	0.03	1.3	0.01	0.01	0.86	1.3	0.0	0.0	55.18					0.029999999999999805	0.029999999999999805	2.1299999999999892	0.01298701298701288	0.012903404835907782	0.9338842975206669	2.1299999999999892	0.0012811503002997486	0.0012469834593973328	17.614925753313365				
2026-01-28 08:00:00	95000	2.37	2.19	2.35	2.24	2.24	CFV.MI	1.12	1.13	1.05	1.07	1.14	0.83	1.0	1.0	1.0	1	-1.0	-1.0	1.0	-1.0	-1.0	1.0									1.0			1.67										1.0			1.14	-0.1	-0.1	0.38	-0.04	-0.04	-0.05	1.85	0.38	0.0	0.0	19.76					1	-0.1	-0.1	-1.46	-0.04	-0.04	-0.37	-1.46	0.0	0.0	61.82					-0.1	-0.1	0.48	-0.04	-0.04	0.32	0.48	0.01	0.01	104.46					-0.1	-0.1	1.2	-0.04	-0.04	0.78	1.2	0.0	0.0	47.31					-0.09999999999999964	-0.09999999999999964	2.0299999999999896	-0.04273504273504258	-0.04367506350266142	0.8512396694214936	2.0299999999999896	0.0008778894264111865	0.0008419904704193293	11.725169187504825				
2026-01-29 08:00:00	75000	2.24	2.1	2.2	2.1	2.1	CFV.MI	1.05	1.07	1.0	1.0	1.14	0.83	1.0	1.0	1.0	1	1.0	-1.0	-1.0	-1.0	-1.0	1.0									1.0			1.67										1.0			1.14	-0.14	-0.14	0.24	-0.06	-0.06	-0.11	1.85	0.24	0.0	0.0	18.59					1	-0.14	-0.14	-1.6	-0.06	-0.06	-0.41	-1.6	0.0	0.0	46.49					-0.14	-0.14	0.34	-0.06	-0.06	0.24	0.34	0.01	0.01	85.38					-0.14	-0.14	1.06	-0.06	-0.06	0.67	1.06	0.0	0.0	45.62					-0.14000000000000012	-0.14000000000000012	1.8899999999999895	-0.0625	-0.06453852113757118	0.7355371900826502	1.8899999999999895	0.0008196205056290717	0.0007830705407605443	10.779942303689573				
2026-01-30 08:00:00	193000	2.15	2.0	2.08	2.03	2.03	CFV.MI	0.99	1.02	0.95	0.96	1.14	0.83	1.0	1.0	1.0	1	1.0	-1.0	-1.0	-1.0	-1.0	1.0									1.0			1.67										1.0			1.14	-0.07	-0.07	0.17	-0.03	-0.03	-0.14	1.85	0.17	0.0	0.0	18.02					1	-0.07	-0.07	-1.67	-0.03	-0.03	-0.43	-1.67	0.0	0.0	37.45					0.07	0.07	0.41	0.03	0.03	0.28	0.41	0.01	0.01	85.57					-0.07	-0.07	0.99	-0.03	-0.03	0.61	0.99	0.0	0.0	44.81					-0.07000000000000028	-0.07000000000000028	1.8199999999999892	-0.03333333333333344	-0.03390155167568146	0.6776859504132284	1.8199999999999892	0.0007907959972426881	0.0007539218071801468	10.32293773138332				
2026-02-02 08:00:00	37000	2.12	2.01	2.02	2.01	2.01	CFV.MI	0.95	0.99	0.94	0.94	1.14	0.83	1.0	1.0	1.0	1	1.0	-1.0	-1.0	-1.0	-1.0	1.0									1.0			1.67										1.0			1.14	-0.02	-0.02	0.15	-0.01	-0.01	-0.15	1.85	0.15	0.0	0.0	14.2					1	-0.02	-0.02	-1.69	-0.01	-0.01	-0.43	-1.69	0.0	0.0	32.11					0.02	0.02	0.43	0.01	0.01	0.29	0.43	0.01	0.01	91.79					-0.02	-0.02	0.97	-0.01	-0.01	0.6	0.97	0.0	0.0	40.94					-0.020000000000000018	-0.020000000000000018	1.7999999999999892	-0.009852216748768461	-0.00990107098271157	0.6611570247933938	1.7999999999999892	0.0004788810250560046	0.0004418469909379663	6.326179922161991				
2026-02-03 08:00:00	81000	2.03	1.94	2.02	1.94	1.94	CFV.MI	0.94	0.94	0.9	0.9	1.14	0.83	1.0	1.0	1.0	1	1.0	-1.0	-1.0	-1.0	-1.0	1.0									1.0			1.67		0.9								1.0			1.14	-0.07	-0.07	0.08	-0.03	-0.04	-0.18	1.85	0.08	0.0	0.0	9.62					1	-0.07	-0.07	-1.76	-0.03	-0.04	-0.45	-1.76	0.0	0.0	23.65					0.07	0.07	0.5	0.03	0.04	0.34	0.5	0.01	0.01	92.59					-0.07	-0.07	0.9	-0.03	-0.04	0.54	0.9	0.0	0.0	35.35					-0.06999999999999984	-0.06999999999999984	1.7299999999999893	-0.03482587064676612	-0.03544674899574757	0.603305785123972	1.7299999999999893	0.0001635414998271377	0.00012462882142516563	2.0898937672656785				
2026-02-04 08:00:00	29000	1.99	1.92	1.96	1.96	1.96	CFV.MI	0.91	0.92	0.89	0.91	1.14	0.83	1.0	1.0	1.0	1	-1.0	-1.0	1.0	-1.0	-1.0	1.0		1.92							1.0			1.67										1.0			1.14	0.02	0.02	0.1	0.01	0.01	-0.17	1.85	0.1	0.0	0.0	9.91					1	0.02	0.02	-1.74	0.01	0.01	-0.45	-1.74	0.0	0.0	25.48					-0.02	-0.02	0.48	-0.01	-0.01	0.33	0.48	0.01	0.01	91.48					0.02	0.02	0.92	0.01	0.01	0.56	0.92	0.0	0.0	35.55					0.020000000000000018	0.020000000000000018	1.7499999999999893	0.010309278350515427	0.010256500167189061	0.6198347107438067	1.7499999999999893	0.00019408507994151444	0.00015495728701675482	2.4631006757796285				
2026-02-05 08:00:00	7000	2.0	1.96	1.98	1.96	1.96	CFV.MI	0.93	0.94	0.92	0.92	1.14	0.83	1.0	1.0	1.0	1	-1.0	-1.0	1.0	-1.0	-1.0	1.0	2.0								1.0			1.67	0.94									1.0			1.14	0.0	0.0	0.1	0.0	0.0	-0.17	1.85	0.1	0.0	0.0	8.64					1	0.0	0.0	-1.74	0.0	0.0	-0.45	-1.74	0.0	0.0	25.48					0.0	0.0	0.48	0.0	0.0	0.33	0.48	0.01	0.01	91.01					0.0	0.0	0.92	0.0	0.0	0.56	0.92	0.0	0.0	34.69					0.0	0.0	1.7499999999999893	0.0	0.0	0.6198347107438067	1.7499999999999893	6.429294941307732e-05	2.607520594311019e-05	0.8405706618591893				
2026-02-06 08:00:00	31000	1.99	1.9	1.93	1.91	1.91	CFV.MI	0.91	0.94	0.89	0.9	1.14	0.83	1.0	1.0	1.0	1	-1.0	-1.0	1.0	-1.0	-1.0	1.0									1.0			1.67										1.0			1.14	-0.05	-0.05	0.05	-0.03	-0.03	-0.19	1.85	0.05	0.0	0.0	3.81					1	-0.05	-0.05	-1.79	-0.03	-0.03	-0.46	-1.79	0.0	0.0	18.66					-0.05	-0.05	0.43	-0.03	-0.03	0.29	0.43	0.01	0.01	82.69					-0.05	-0.05	0.87	-0.03	-0.03	0.52	0.87	0.0	0.0	29.54					-0.050000000000000044	-0.050000000000000044	1.6999999999999893	-0.025510204081632626	-0.025841231183887328	0.5785123966942198	1.6999999999999893	-0.00031564995418155613	-0.0003546248739568769	-4.126099780855711				
2026-02-09 08:00:00	22000	1.95	1.9	1.94	1.9	1.9	CFV.MI	0.89	0.9	0.88	0.88	1.14	0.83	1.0	1.0	1.0	1	-1.0	-1.0	1.0	-1.0	-1.0	1.0									1.0			1.67										1.0			1.14	-0.01	-0.01	0.04	-0.01	-0.01	-0.2	1.85	0.04	0.0	0.0	4.14					1	-0.01	-0.01	-1.8	-0.01	-0.01	-0.46	-1.8	0.0	0.0	14.3					-0.01	-0.01	0.42	-0.01	-0.01	0.29	0.42	0.01	0.01	78.85					-0.01	-0.01	0.86	-0.01	-0.01	0.51	0.86	0.0	0.0	30.01					-0.010000000000000009	-0.010000000000000009	1.6899999999999893	-0.005235602094240788	-0.005249355886143678	0.5702479338843027	1.6899999999999893	-0.000293168688778515	-0.0003318993925596203	-3.851708049426712				
2026-02-10 08:00:00	30000	1.92	1.88	1.9	1.88	1.88	CFV.MI	0.88	0.88	0.87	0.87	1.14	0.83	1.0	1.0	-1.0	1	-1.0	-1.0	1.0	-1.0	-1.0	1.0		1.88							1.0			1.67		0.87								-1.0			1.14	-0.02	-0.02	0.02	-0.01	-0.01	-0.21	2.4	0.02	0.0	0.0	1.28					1	-0.02	-0.02	-1.82	-0.01	-0.01	-0.47	-1.82	0.0	0.0	9.4					-0.02	-0.02	0.4	-0.01	-0.01	0.27	0.4	0.01	0.01	74.36					-0.02	-0.02	0.84	-0.01	-0.01	0.49	0.84	0.0	0.0	26.91					-0.020000000000000018	-0.020000000000000018	1.6699999999999893	-0.010526315789473717	-0.010582109330536972	0.5537190082644678	1.6699999999999893	-0.0005159662300582533	-0.0005554652768869905	-6.714608656040113				
2026-02-11 08:00:00	32000	1.93	1.88	1.91	1.88	1.88	CFV.MI	0.89	0.89	0.87	0.87	1.14	0.83	1.0	1.0	-1.0	1	-1.0	-1.0	1.0	-1.0	-1.0	1.0	1.93								1.0			1.67	0.89								0.89	-1.0			1.14	0.0	0.0	0.02	0.0	0.0	-0.21	2.4	0.02	0.0	0.0	1.28					1	0.0	0.0	-1.82	0.0	0.0	-0.47	-1.82	0.0	0.0	9.4					0.0	0.0	0.4	0.0	0.0	0.27	0.4	0.01	0.01	74.36					0.0	0.0	0.84	0.0	0.0	0.49	0.84	0.0	0.0	26.91					-0.0	-0.0	1.6699999999999893	-0.0	-0.0	0.5537190082644678	1.6699999999999893	-0.0005159662300582533	-0.0005554652768869905	-6.714608656040113				
2026-02-12 08:00:00	35000	1.88	1.85	1.87	1.87	1.87	CFV.MI	0.87	0.88	0.86	0.87	1.14	0.83	1.0	1.0	-1.0	0	-1.0	-1.0	1.0	-1.0	-1.0	1.0		1.85							1.0			1.67		0.86		0.86		0.86				-1.0			1.14	-0.01	-0.01	0.01	-0.01	-0.01	-0.21	2.4	0.01	0.0	0.0	5.09					1	-0.01	-0.01	-1.83	-0.01	-0.01	-0.47	-1.83	0.0	0.0	5.09					-0.01	-0.01	0.39	-0.01	-0.01	0.26	0.39	0.0	0.0	69.01					-0.01	-0.01	0.83	-0.01	-0.01	0.49	0.83	0.0	0.0	32.33					0.009999999999999787	0.009999999999999787	1.679999999999989	0.005319148936170137	0.005333345975362505	0.5620276660626733	1.679999999999989	-3.185222778364586e-05	-6.83583784019115e-05	-0.4379697441518857				
2026-02-13 08:00:00	23000	1.92	1.87	1.88	1.87	1.87	CFV.MI	0.89	0.91	0.89	0.89	1.14	0.83	1.0	1.0	-1.0	0	-1.0	-1.0	1.0	-1.0	-1.0	1.0	1.92								1.0			1.67	0.91									-1.0			1.14	0.0	0.0	0.01	0.0	0.0	-0.21	2.4	0.01	0.0	0.0	7.73					1	0.0	0.0	-1.83	0.0	0.0	-0.47	-1.83	0.0	0.0	4.06					0.0	0.0	0.39	0.0	0.0	0.26	0.39	0.0	0.0	72.46					0.0	0.0	0.83	0.0	0.0	0.49	0.83	0.0	0.0	35.12					-0.0	-0.0	1.679999999999989	-0.0	-0.0	0.5620276660626733	1.679999999999989	0.00016200648692669094	0.00012602763536673223	2.238352629545254				
2026-02-16 08:00:00	25000	1.88	1.83	1.86	1.85	1.85	CFV.MI	0.88	0.89	0.87	0.88	1.14	0.83	1.0	1.0	-1.0	0	-1.0	-1.0	1.0	-1.0	-1.0	1.0		1.83		1.83					1.0			1.67		0.87								-1.0			1.14	-0.02	-0.02	-0.01	-0.01	-0.01	-0.22	2.4	-0.01	0.0	0.0	4.72					1	-0.0	-0.0	-1.83	-0.0	-0.0	-0.47	-1.83	0.0	0.0	4.06					-0.02	-0.02	0.37	-0.01	-0.01	0.25	0.37	0.0	0.0	68.02					-0.02	-0.02	0.81	-0.01	-0.01	0.47	0.81	0.0	0.0	31.8					0.020000000000000018	0.020000000000000018	1.699999999999989	0.010695187165775444	0.01075279177626185	0.5789144516417295	1.699999999999989	0.00022759851676188922	0.00019117466672047279	3.0965988436229566				
2026-02-17 08:00:00	28000	1.9	1.85	1.86	1.88	1.88	CFV.MI	0.88	0.9	0.87	0.89	1.14	0.83	1.0	1.0	-1.0	0	-1.0	-1.0	1.0	-1.0	-1.0	1.0	1.9								1.0			1.67	0.9								0.9	-1.0			1.14	0.03	0.03	0.02	0.02	0.02	-0.21	2.4	0.02	0.0	0.0	3.74					1	0.0	0.0	-1.83	0.0	0.0	-0.47	-1.83	0.0	0.0	11.14					0.03	0.03	0.4	0.02	0.02	0.27	0.4	0.0	0.0	67.59					0.03	0.03	0.84	0.02	0.02	0.49	0.84	0.0	0.0	31.14					-0.029999999999999805	-0.029999999999999805	1.6699999999999893	-0.01621621621621605	-0.016086137751624225	0.5537190082644681	1.6699999999999893	-0.00019521666693038398	-0.00023135986239830597	-2.7345475418987633				
2026-02-18 08:00:00	2000	1.86	1.86	1.86	1.86	1.86	CFV.MI	0.87	0.87	0.87	0.87	1.14	0.83	1.0	1.0	-1.0	0	-1.0	-1.0	1.0	-1.0	-1.0	1.0		1.86							1.0			1.67		0.87								-1.0			1.14	-0.02	-0.02	-0.0	-0.01	-0.01	-0.21	2.4	-0.0	-0.0	-0.0	-3.26					1	-0.0	-0.0	-1.83	-0.0	-0.0	-0.47	-1.83	0.0	0.0	21.43					-0.02	-0.02	0.38	-0.01	-0.01	0.26	0.38	0.0	0.0	61.54					-0.02	-0.02	0.82	-0.01	-0.01	0.48	0.82	0.0	0.0	25.16					0.019999999999999796	0.019999999999999796	1.689999999999989	0.010638297872340274	0.010695289116747806	0.5704256642673116	1.689999999999989	-0.00045026914861068506	-0.00048466808695690755	-6.7319687069839915				
2026-02-19 08:00:00	40000	1.96	1.85	1.85	1.96	1.96	CFV.MI	0.87	0.92	0.87	0.92	1.14	0.83	1.0	1.0	-1.0	0	-1.0	-1.0	1.0	-1.0	-1.0	1.0									1.0			1.67										-1.0			1.14	0.1	0.1	0.1	0.05	0.05	-0.17	2.4	0.1	-0.0	-0.0	-1.33					1	0.0	0.0	-1.83	0.0	0.0	-0.47	-1.83	0.0	0.0	21.43					0.1	0.1	0.48	0.05	0.05	0.33	0.48	0.0	0.0	62.37					0.1	0.1	0.92	0.05	0.05	0.56	0.92	0.0	0.0	26.45					-0.09999999999999987	-0.09999999999999987	1.5899999999999892	-0.053763440860215006	-0.05236798551731594	0.4903019058863265	1.5899999999999892	-0.0009975023375394286	-0.0010332051527049968	-14.863474658648855				
2026-02-20 08:00:00	167000	2.1	1.91	1.92	1.99	1.99	CFV.MI	0.89	0.97	0.89	0.92	1.14	0.83	1.0	1.0	-1.0	0	-1.0	-1.0	1.0	-1.0	-1.0	1.0									1.0			1.67										-1.0			1.14	0.03	0.03	0.13	0.02	0.02	-0.16	2.4	0.13	-0.0	-0.0	-0.61					1	0.0	0.0	-1.83	0.0	0.0	-0.47	-1.83	0.0	0.0	20.33					0.03	0.03	0.51	0.02	0.02	0.35	0.51	0.0	0.0	62.68					0.03	0.03	0.95	0.02	0.02	0.58	0.95	0.0	0.0	26.93					-0.030000000000000027	-0.030000000000000027	1.5599999999999892	-0.015306122448979664	-0.015190165493975238	0.4678350429835174	1.5599999999999892	-0.0012655228069434737	-0.0013018800363804317	-18.77828850832084				
2026-02-23 08:00:00	36000	2.09	1.99	2.01	2.0	2.0	CFV.MI	0.93	0.97	0.92	0.92	1.14	0.83	1.0	1.0	-1.0	0	-1.0	-1.0	1.0	-1.0	-1.0	1.0	2.09		2.09						1.0			1.67	0.97		0.97							-1.0			1.14	0.01	0.01	0.14	0.01	0.01	-0.15	2.4	0.14	-0.0	-0.0	-0.66					1	0.0	0.0	-1.83	0.0	0.0	-0.47	-1.83	0.0	0.0	19.19					0.01	0.01	0.52	0.01	0.01	0.35	0.52	0.0	0.0	62.66					0.01	0.01	0.96	0.01	0.01	0.59	0.96	0.0	0.0	26.9					-0.010000000000000009	-0.010000000000000009	1.5499999999999892	-0.005025125628140614	-0.0050125418235441935	0.46049586776859996	1.5499999999999892	-0.0014918727070791097	-0.001528425956332513	-22.249755092531665				
2026-02-24 08:00:00	31000	1.99	1.95	1.99	1.97	1.97	CFV.MI	0.92	0.92	0.9	0.91	1.14	0.83	1.0	1.0	-1.0	0	-1.0	-1.0	1.0	-1.0	-1.0	1.0									1.0			1.67										-1.0			1.14	-0.03	-0.03	0.11	-0.02	-0.02	-0.17	2.37	0.11	-0.0	-0.0	-4.33					1	-0.0	-0.0	-1.83	-0.0	-0.0	-0.47	-1.83	0.0	0.0	18.01					-0.03	-0.03	0.49	-0.02	-0.02	0.33	0.49	0.0	0.0	61.16					-0.03	-0.03	0.93	-0.02	-0.02	0.57	0.93	0.0	0.0	23.0					0.030000000000000027	0.030000000000000027	1.5799999999999892	0.015000000000000013	0.015113637810048184	0.48273692159248727	1.5799999999999892	-0.0014382036919152706	-0.0014751555624195056	-21.113691379879135				
2026-02-25 08:00:00	22000	2.0	1.92	1.98	1.92	1.92	CFV.MI	0.91	0.91	0.88	0.88	1.14	0.83	1.0	1.0	-1.0	0	-1.0	-1.0	1.0	-1.0	-1.0	1.0									1.0			1.67										-1.0			1.14	-0.05	-0.05	0.06	-0.03	-0.03	-0.19	2.24	0.06	-0.0	-0.0	-8.1					1	-0.0	-0.0	-1.83	-0.0	-0.0	-0.47	-1.83	0.0	0.0	18.01					-0.05	-0.05	0.44	-0.03	-0.03	0.3	0.44	0.0	0.0	54.83					-0.05	-0.05	0.88	-0.03	-0.03	0.53	0.88	0.0	0.0	18.64					0.050000000000000044	0.050000000000000044	1.6299999999999892	0.025380710659898553	0.025708356710207037	0.5213498622589585	1.6299999999999892	-0.0012916660586670898	-0.0013297172398755164	-18.18544012781296				
2026-02-26 08:00:00	10000	1.93	1.92	1.93	1.92	1.92	CFV.MI	0.88	0.88	0.87	0.87	1.14	0.83	1.0	1.0	-1.0	0	-1.0	-1.0	1.0	-1.0	-1.0	1.0		1.92							1.0			1.67		0.87								-1.0			1.14	0.0	0.0	0.06	0.0	0.0	-0.19	2.15	0.06	-0.0	-0.0	-5.16					1	0.0	0.0	-1.83	0.0	0.0	-0.47	-1.83	0.0	0.0	23.58					0.0	0.0	0.44	0.0	0.0	0.3	0.44	0.0	0.0	54.46					0.0	0.0	0.88	0.0	0.0	0.53	0.88	0.0	0.0	21.82					-0.0	-0.0	1.6299999999999892	-0.0	-0.0	0.5213498622589585	1.6299999999999892	-0.0010679899282253838	-0.0011053212559248848	-15.188756105337212				
2026-02-27 08:00:00	2000	1.92	1.92	1.92	1.92	1.92	CFV.MI	0.88	0.88	0.88	0.88	1.14	0.85	1.0	1.0	-1.0	0	-1.0	-1.0	1.0	-1.0	-1.0	1.0									1.0			1.67										-1.0			1.14	0.0	0.0	0.06	0.0	0.0	-0.19	2.12	0.06	-0.0	-0.0	-5.16					1	0.0	0.0	-1.83	0.0	0.0	-0.47	-1.83	0.0	0.0	23.58					0.0	0.0	0.44	0.0	0.0	0.3	0.44	0.0	0.0	54.46					0.0	0.0	0.88	0.0	0.0	0.53	0.88	0.0	0.0	21.82					-0.0	-0.0	1.6299999999999892	-0.0	-0.0	0.5213498622589585	1.6299999999999892	-0.0010679899282253838	-0.0011053212559248848	-15.188756105337212				
2026-03-02 08:00:00	58000	2.0	1.9	1.95	1.9	1.9	CFV.MI	0.91	0.93	0.89	0.89	1.14	0.85	1.0	1.0	-1.0	0	-1.0	-1.0	1.0	-1.0	-1.0	1.0	2.0								1.0			1.67	0.93									-1.0			1.14	-0.02	-0.02	0.04	-0.01	-0.01	-0.2	2.1	0.04	-0.0	-0.0	-9.42					1	-0.0	-0.0	-1.83	-0.0	-0.0	-0.47	-1.83	0.0	0.0	19.94					-0.02	-0.02	0.42	-0.01	-0.01	0.29	0.42	0.0	0.0	55.41					-0.02	-0.02	0.86	-0.01	-0.01	0.51	0.86	0.0	0.0	17.78					0.020000000000000018	0.020000000000000018	1.6499999999999893	0.01041666666666663	0.010471299867295366	0.5373640713353685	1.6499999999999893	-0.0011064041024790123	-0.0011434542498572897	-15.902951539262553				
2026-03-03 08:00:00	84000	1.91	1.81	1.91	1.84	1.84	CFV.MI	0.93	0.93	0.88	0.89	1.14	0.85	1.0	1.0	-1.0	0	-1.0	-1.0	1.0	-1.0	-1.0	1.0		1.81				1.81			1.0			1.67										-1.0			1.14	-0.06	-0.06	-0.02	-0.03	-0.03	-0.22	2.1	-0.02	-0.0	-0.0	-13.42					1	-0.0	-0.0	-1.83	-0.0	-0.0	-0.47	-1.83	0.0	0.0	19.94					-0.06	-0.06	0.36	-0.03	-0.03	0.24	0.36	0.0	0.0	48.57					-0.06	-0.06	0.8	-0.03	-0.03	0.46	0.8	0.0	0.0	13.13					0.05999999999999983	0.05999999999999983	1.709999999999989	0.03157894736842093	0.032088314551500394	0.5874955084441302	1.709999999999989	-0.0009202918780803096	-0.0009587141287874523	-12.57772086143111				
2026-03-04 08:00:00	18000	1.9	1.84	1.84	1.9	1.9	CFV.MI	0.88	0.9	0.88	0.9	1.14	0.85	1.0	1.0	-1.0	0	-1.0	-1.0	1.0	-1.0	-1.0	1.0									1.0			1.67										-1.0			1.14	0.06	0.06	0.04	0.03	0.03	-0.2	2.1	0.04	-0.0	-0.0	-8.3					1	0.0	0.0	-1.83	0.0	0.0	-0.47	-1.83	0.0	0.0	24.94					0.06	0.06	0.42	0.03	0.03	0.29	0.42	0.0	0.0	49.46					0.06	0.06	0.86	0.03	0.03	0.51	0.86	0.0	0.0	14.57					-0.05999999999999983	-0.05999999999999983	1.6499999999999893	-0.032608695652173836	-0.03208831455150045	0.5373640713353685	1.6499999999999893	-0.0010309939654188738	-0.001070572238365708	-13.766916908810884				
2026-03-05 15:44:34	54000	1.92	1.86	1.89	1.88	1.88	CFV.MI	0.9	0.91	0.88	0.89	1.14	0.85	1.0	1.0	-1.0	0	-1.0	-1.0	1.0	-1.0	-1.0	1.0									1.0			1.67										-1.0			1.14	-0.02	-0.02	0.02	-0.01	-0.01	-0.21	2.1	0.02	-0.0	-0.0	-7.37					1	-0.0	-0.0	-1.83	-0.0	-0.0	-0.47	-1.83	0.0	0.0	33.3					-0.02	-0.02	0.4	-0.01	-0.01	0.27	0.4	0.0	0.0	44.79					-0.02	-0.02	0.84	-0.01	-0.01	0.49	0.84	0.0	0.0	10.05					0.020000000000000018	0.020000000000000018	1.6699999999999893	0.010526315789473717	0.010582109330536972	0.5537190082644681	1.6699999999999893	-0.0006730646744696964	-0.0007115969998666705	-9.06679075601663				
