date	volume	high	low	open	close	adj_close	ticker	ropen	rhigh	rlow	rclose	rhi_100	rlo_100	rbo_100	rtt_50	rtt_20	rtt_5020	rema_50100	rema_100150	rema_50100150	rsma_50100	rsma_100150	rsma_50100150	hi1	lo1	hi2	lo2	hi3	lo3	hi4	lo4	rt	rg	flr	clg	rg_ch	rh1	rl1	rh2	rl2	rh3	rl3	rh4	rl4	rrt	rrg	rflr	rclg	rrg_ch	rbo_100_chg1D	rbo_100_chg1D_fx	rbo_100_PL_cum	rbo_100_returns	rbo_100_log_returns	rbo_100_cumul	stop_loss	rbo_100_PL_cum_fx	rbo_100_trading_edge	rbo_100_geometric_expectancy	rbo_100_kelly	rbo_100_constant	rbo_100_concave	rbo_100_convex	rbo_100_equal_weight	EUR	rtt_5020_chg1D	rtt_5020_chg1D_fx	rtt_5020_PL_cum	rtt_5020_returns	rtt_5020_log_returns	rtt_5020_cumul	rtt_5020_PL_cum_fx	rtt_5020_trading_edge	rtt_5020_geometric_expectancy	rtt_5020_kelly	rtt_5020_constant	rtt_5020_concave	rtt_5020_convex	rtt_5020_equal_weight	rema_50100150_chg1D	rema_50100150_chg1D_fx	rema_50100150_PL_cum	rema_50100150_returns	rema_50100150_log_returns	rema_50100150_cumul	rema_50100150_PL_cum_fx	rema_50100150_trading_edge	rema_50100150_geometric_expectancy	rema_50100150_kelly	rema_50100150_constant	rema_50100150_concave	rema_50100150_convex	rema_50100150_equal_weight	rsma_50100150_chg1D	rsma_50100150_chg1D_fx	rsma_50100150_PL_cum	rsma_50100150_returns	rsma_50100150_log_returns	rsma_50100150_cumul	rsma_50100150_PL_cum_fx	rsma_50100150_trading_edge	rsma_50100150_geometric_expectancy	rsma_50100150_kelly	rsma_50100150_constant	rsma_50100150_concave	rsma_50100150_convex	rsma_50100150_equal_weight	rrg_chg1D	rrg_chg1D_fx	rrg_PL_cum	rrg_returns	rrg_log_returns	rrg_cumul	rrg_PL_cum_fx	rrg_trading_edge	rrg_geometric_expectancy	rrg_kelly	rrg_constant	rrg_concave	rrg_convex	rrg_equal_weight
2019-02-15 08:00:00	192000	2.36	2.24	2.29	2.24	1.95	ILP.MI	2.29	2.36	2.24	2.24			0.0			0			0.0			0.0																							0.0															100000.0	100000.0	100000.0	100000.0	1											100000.0	100000.0	100000.0	100000.0											100000.0	100000.0	100000.0	100000.0											100000.0	100000.0	100000.0	100000.0											100000.0	100000.0	100000.0	100000.0
2019-02-18 08:00:00	45000	2.3	2.25	2.29	2.27	1.98	ILP.MI	2.28	2.29	2.24	2.26			0.0			0			0.0			0.0																							0.0				0.0	0.0	0.0	0.0	0.0	0.0		0.0								1	0.0	0.0	0.0	0.0	0.0	0.0	0.0								0.0	0.0	0.0	0.0	0.0	0.0	0.0								0.0	0.0	0.0	0.0	0.0	0.0	0.0								0.0	0.0	0.0	0.0	0.0	0.0	0.0							
2019-02-19 08:00:00	50400	2.32	2.18	2.3	2.24	1.95	ILP.MI	2.3	2.32	2.18	2.24			0.0			0			0.0			0.0																							0.0				-0.0	-0.0	0.0	-0.0	-0.0	0.0		0.0								1	-0.0	-0.0	0.0	-0.0	-0.0	0.0	0.0								-0.0	-0.0	0.0	-0.0	-0.0	0.0	0.0								-0.0	-0.0	0.0	-0.0	-0.0	0.0	0.0								-0.0	-0.0	0.0	-0.0	-0.0	0.0	0.0							
2019-02-20 08:00:00	24000	2.28	2.18	2.24	2.2	1.92	ILP.MI	2.23	2.27	2.17	2.19			0.0			0			0.0			0.0															2.17								0.0				-0.0	-0.0	0.0	-0.0	-0.0	0.0		0.0								1	-0.0	-0.0	0.0	-0.0	-0.0	0.0	0.0								-0.0	-0.0	0.0	-0.0	-0.0	0.0	0.0								-0.0	-0.0	0.0	-0.0	-0.0	0.0	0.0								-0.0	-0.0	0.0	-0.0	-0.0	0.0	0.0							
2019-02-21 08:00:00	6000	2.23	2.17	2.23	2.23	1.94	ILP.MI	2.23	2.23	2.17	2.23			0.0			0			0.0			0.0		2.17																					0.0				0.0	0.0	0.0	0.0	0.0	0.0		0.0								1	0.0	0.0	0.0	0.0	0.0	0.0	0.0								0.0	0.0	0.0	0.0	0.0	0.0	0.0								0.0	0.0	0.0	0.0	0.0	0.0	0.0								0.0	0.0	0.0	0.0	0.0	0.0	0.0							
2019-02-22 08:00:00	36600	2.32	2.23	2.23	2.31	2.01	ILP.MI	2.22	2.31	2.22	2.3			0.0			0			0.0			0.0														2.31									0.0				0.0	0.0	0.0	0.0	0.0	0.0		0.0								1	0.0	0.0	0.0	0.0	0.0	0.0	0.0								0.0	0.0	0.0	0.0	0.0	0.0	0.0								0.0	0.0	0.0	0.0	0.0	0.0	0.0								0.0	0.0	0.0	0.0	0.0	0.0	0.0							
2019-02-25 08:00:00	26400	2.4	2.23	2.33	2.27	1.98	ILP.MI	2.3	2.37	2.21	2.25			0.0			0			0.0			0.0	2.4											2.4											0.0		2.37		-0.0	-0.0	0.0	-0.0	-0.0	0.0		0.0								1	-0.0	-0.0	0.0	-0.0	-0.0	0.0	0.0								-0.0	-0.0	0.0	-0.0	-0.0	0.0	0.0								-0.0	-0.0	0.0	-0.0	-0.0	0.0	0.0								-0.0	-0.0	0.0	-0.0	-0.0	0.0	0.0							
2019-02-26 08:00:00	14400	2.3	2.21	2.27	2.22	1.93	ILP.MI	2.24	2.27	2.18	2.19			0.0			0			0.0			0.0																							0.0				-0.0	-0.0	0.0	-0.0	-0.0	0.0		0.0								1	-0.0	-0.0	0.0	-0.0	-0.0	0.0	0.0								-0.0	-0.0	0.0	-0.0	-0.0	0.0	0.0								-0.0	-0.0	0.0	-0.0	-0.0	0.0	0.0								-0.0	-0.0	0.0	-0.0	-0.0	0.0	0.0							
2019-02-27 08:00:00	1800	2.25	2.2	2.25	2.25	1.96	ILP.MI	2.22	2.22	2.17	2.22			0.0			0			0.0			0.0																							0.0				0.0	0.0	0.0	0.0	0.0	0.0		0.0								1	0.0	0.0	0.0	0.0	0.0	0.0	0.0								0.0	0.0	0.0	0.0	0.0	0.0	0.0								0.0	0.0	0.0	0.0	0.0	0.0	0.0								0.0	0.0	0.0	0.0	0.0	0.0	0.0							
2019-02-28 08:00:00	9600	2.28	2.21	2.24	2.21	1.92	ILP.MI	2.19	2.23	2.16	2.16			0.0			0			0.0			0.0																							0.0				-0.0	-0.0	0.0	-0.0	-0.0	0.0		0.0								1	-0.0	-0.0	0.0	-0.0	-0.0	0.0	0.0								-0.0	-0.0	0.0	-0.0	-0.0	0.0	0.0								-0.0	-0.0	0.0	-0.0	-0.0	0.0	0.0								-0.0	-0.0	0.0	-0.0	-0.0	0.0	0.0							
2019-03-01 08:00:00	9000	2.23	2.2	2.23	2.23	1.94	ILP.MI	2.18	2.18	2.15	2.18			0.0			0			0.0			0.0		2.2													2.15								0.0				0.0	0.0	0.0	0.0	0.0	0.0		0.0								1	0.0	0.0	0.0	0.0	0.0	0.0	0.0								0.0	0.0	0.0	0.0	0.0	0.0	0.0								0.0	0.0	0.0	0.0	0.0	0.0	0.0								0.0	0.0	0.0	0.0	0.0	0.0	0.0							
2019-03-04 08:00:00	4200	2.27	2.21	2.27	2.24	1.95	ILP.MI	2.21	2.21	2.16	2.19			0.0			0			0.0			0.0	2.27													2.21									0.0				0.0	0.0	0.0	0.0	0.0	0.0		0.0								1	0.0	0.0	0.0	0.0	0.0	0.0	0.0								0.0	0.0	0.0	0.0	0.0	0.0	0.0								0.0	0.0	0.0	0.0	0.0	0.0	0.0								0.0	0.0	0.0	0.0	0.0	0.0	0.0							
2019-03-05 08:00:00	4800	2.24	2.2	2.2	2.24	1.95	ILP.MI	2.15	2.19	2.15	2.19			0.0			0			0.0			0.0																							0.0				0.0	0.0	0.0	0.0	0.0	0.0		0.0								1	0.0	0.0	0.0	0.0	0.0	0.0	0.0								0.0	0.0	0.0	0.0	0.0	0.0	0.0								0.0	0.0	0.0	0.0	0.0	0.0	0.0								0.0	0.0	0.0	0.0	0.0	0.0	0.0							
2019-03-06 08:00:00	9000	2.24	2.17	2.23	2.23	1.94	ILP.MI	2.16	2.17	2.1	2.16			0.0			0			0.0			0.0															2.1								0.0				-0.0	-0.0	0.0	-0.0	-0.0	0.0		0.0								1	-0.0	-0.0	0.0	-0.0	-0.0	0.0	0.0								-0.0	-0.0	0.0	-0.0	-0.0	0.0	0.0								-0.0	-0.0	0.0	-0.0	-0.0	0.0	0.0								-0.0	-0.0	0.0	-0.0	-0.0	0.0	0.0							
2019-03-07 08:00:00	7800	2.23	2.16	2.23	2.22	1.93	ILP.MI	2.18	2.18	2.11	2.17			0.0			0			0.0			0.0														2.18									0.0				-0.0	-0.0	0.0	-0.0	-0.0	0.0		0.0								1	-0.0	-0.0	0.0	-0.0	-0.0	0.0	0.0								-0.0	-0.0	0.0	-0.0	-0.0	0.0	0.0								-0.0	-0.0	0.0	-0.0	-0.0	0.0	0.0								-0.0	-0.0	0.0	-0.0	-0.0	0.0	0.0							
2019-03-08 08:00:00	9000	2.17	2.13	2.17	2.17	1.89	ILP.MI	2.14	2.14	2.1	2.14			0.0			0			0.0			0.0																							0.0				-0.0	-0.0	0.0	-0.0	-0.0	0.0		0.0								1	-0.0	-0.0	0.0	-0.0	-0.0	0.0	0.0								-0.0	-0.0	0.0	-0.0	-0.0	0.0	0.0								-0.0	-0.0	0.0	-0.0	-0.0	0.0	0.0								-0.0	-0.0	0.0	-0.0	-0.0	0.0	0.0							
2019-03-11 08:00:00	10800	2.18	2.11	2.12	2.15	1.87	ILP.MI	2.08	2.13	2.07	2.11			0.0			0			0.0			0.0		2.11		2.11											2.07		2.07						0.0				-0.0	-0.0	0.0	-0.0	-0.0	0.0		0.0								1	-0.0	-0.0	0.0	-0.0	-0.0	0.0	0.0								-0.0	-0.0	0.0	-0.0	-0.0	0.0	0.0								-0.0	-0.0	0.0	-0.0	-0.0	0.0	0.0								-0.0	-0.0	0.0	-0.0	-0.0	0.0	0.0							
2019-03-12 08:00:00	6000	2.23	2.14	2.18	2.17	1.89	ILP.MI	2.14	2.18	2.1	2.13			0.0			0			0.0			0.0																							0.0				0.0	0.0	0.0	0.0	0.0	0.0		0.0								1	0.0	0.0	0.0	0.0	0.0	0.0	0.0								0.0	0.0	0.0	0.0	0.0	0.0	0.0								0.0	0.0	0.0	0.0	0.0	0.0	0.0								0.0	0.0	0.0	0.0	0.0	0.0	0.0							
2019-03-13 08:00:00	600	2.2	2.2	2.2	2.2	1.92	ILP.MI	2.14	2.14	2.14	2.14			0.0			0			0.0			0.0																							0.0				0.0	0.0	0.0	0.0	0.0	0.0		0.0								1	0.0	0.0	0.0	0.0	0.0	0.0	0.0								0.0	0.0	0.0	0.0	0.0	0.0	0.0								0.0	0.0	0.0	0.0	0.0	0.0	0.0								0.0	0.0	0.0	0.0	0.0	0.0	0.0							
2019-03-14 08:00:00	1800	2.23	2.23	2.23	2.23	1.94	ILP.MI	2.16	2.16	2.16	2.16			0.0			0			0.0			0.0	2.23													2.16									0.0				0.0	0.0	0.0	0.0	0.0	0.0		0.0								1	0.0	0.0	0.0	0.0	0.0	0.0	0.0								0.0	0.0	0.0	0.0	0.0	0.0	0.0								0.0	0.0	0.0	0.0	0.0	0.0	0.0								0.0	0.0	0.0	0.0	0.0	0.0	0.0							
2019-03-15 08:00:00	6600	2.23	2.18	2.22	2.23	1.94	ILP.MI	2.13	2.14	2.09	2.14			0.0			0			0.0			0.0		2.18																					0.0				0.0	0.0	0.0	0.0	0.0	0.0		0.0								1	0.0	0.0	0.0	0.0	0.0	0.0	0.0								0.0	0.0	0.0	0.0	0.0	0.0	0.0								0.0	0.0	0.0	0.0	0.0	0.0	0.0								0.0	0.0	0.0	0.0	0.0	0.0	0.0							
2019-03-18 08:00:00	3600	2.24	2.2	2.24	2.2	1.92	ILP.MI	2.13	2.13	2.09	2.09			0.0			0			0.0			0.0															2.09								0.0				-0.0	-0.0	0.0	-0.0	-0.0	0.0		0.0								1	-0.0	-0.0	0.0	-0.0	-0.0	0.0	0.0								-0.0	-0.0	0.0	-0.0	-0.0	0.0	0.0								-0.0	-0.0	0.0	-0.0	-0.0	0.0	0.0								-0.0	-0.0	0.0	-0.0	-0.0	0.0	0.0							
2019-03-19 08:00:00	2400	2.27	2.24	2.24	2.27	1.98	ILP.MI	2.11	2.14	2.11	2.14			0.0			0			0.0			0.0	2.27													2.14									0.0				0.0	0.0	0.0	0.0	0.0	0.0		0.0								1	0.0	0.0	0.0	0.0	0.0	0.0	0.0								0.0	0.0	0.0	0.0	0.0	0.0	0.0								0.0	0.0	0.0	0.0	0.0	0.0	0.0								0.0	0.0	0.0	0.0	0.0	0.0	0.0							
2019-03-20 08:00:00	5400	2.27	2.22	2.22	2.22	1.93	ILP.MI	2.1	2.15	2.1	2.1			0.0			0			0.0			0.0																							0.0				-0.0	-0.0	0.0	-0.0	-0.0	0.0		0.0								1	-0.0	-0.0	0.0	-0.0	-0.0	0.0	0.0								-0.0	-0.0	0.0	-0.0	-0.0	0.0	0.0								-0.0	-0.0	0.0	-0.0	-0.0	0.0	0.0								-0.0	-0.0	0.0	-0.0	-0.0	0.0	0.0							
2019-03-21 08:00:00	3000	2.26	2.22	2.26	2.22	1.93	ILP.MI	2.14	2.14	2.1	2.1			0.0			0			0.0			0.0		2.22													2.1								0.0				0.0	0.0	0.0	0.0	0.0	0.0		0.0								1	0.0	0.0	0.0	0.0	0.0	0.0	0.0								0.0	0.0	0.0	0.0	0.0	0.0	0.0								0.0	0.0	0.0	0.0	0.0	0.0	0.0								0.0	0.0	0.0	0.0	0.0	0.0	0.0							
2019-03-22 08:00:00	5400	2.26	2.24	2.25	2.26	1.97	ILP.MI	2.16	2.17	2.15	2.17			0.0			0			0.0			0.0																							0.0				0.0	0.0	0.0	0.0	0.0	0.0		0.0								1	0.0	0.0	0.0	0.0	0.0	0.0	0.0								0.0	0.0	0.0	0.0	0.0	0.0	0.0								0.0	0.0	0.0	0.0	0.0	0.0	0.0								0.0	0.0	0.0	0.0	0.0	0.0	0.0							
2019-03-25 08:00:00	20400	2.34	2.27	2.27	2.33	2.03	ILP.MI	2.18	2.25	2.18	2.24			0.0			0			0.0			0.0																							0.0				0.0	0.0	0.0	0.0	0.0	0.0		0.0								1	0.0	0.0	0.0	0.0	0.0	0.0	0.0								0.0	0.0	0.0	0.0	0.0	0.0	0.0								0.0	0.0	0.0	0.0	0.0	0.0	0.0								0.0	0.0	0.0	0.0	0.0	0.0	0.0							
2019-03-26 08:00:00	10800	2.38	2.28	2.37	2.32	2.02	ILP.MI	2.27	2.28	2.18	2.22			0.0		1.0	0			0.0			0.0	2.38													2.28		2.28							0.0				-0.0	-0.0	0.0	-0.0	-0.0	0.0		0.0								1	-0.0	-0.0	0.0	-0.0	-0.0	0.0	0.0								-0.0	-0.0	0.0	-0.0	-0.0	0.0	0.0								-0.0	-0.0	0.0	-0.0	-0.0	0.0	0.0								-0.0	-0.0	0.0	-0.0	-0.0	0.0	0.0							
2019-03-27 08:00:00	4800	2.33	2.28	2.29	2.3	2.0	ILP.MI	2.18	2.22	2.17	2.19			0.0		1.0	0			0.0			0.0																							0.0				-0.0	-0.0	0.0	-0.0	-0.0	0.0		0.0								1	-0.0	-0.0	0.0	-0.0	-0.0	0.0	0.0								-0.0	-0.0	0.0	-0.0	-0.0	0.0	0.0								-0.0	-0.0	0.0	-0.0	-0.0	0.0	0.0								-0.0	-0.0	0.0	-0.0	-0.0	0.0	0.0							
2019-03-28 08:00:00	3000	2.27	2.26	2.27	2.26	1.97	ILP.MI	2.18	2.18	2.17	2.17			0.0		1.0	0			0.0			0.0																							0.0				-0.0	-0.0	0.0	-0.0	-0.0	0.0		0.0								1	-0.0	-0.0	0.0	-0.0	-0.0	0.0	0.0								-0.0	-0.0	0.0	-0.0	-0.0	0.0	0.0								-0.0	-0.0	0.0	-0.0	-0.0	0.0	0.0								-0.0	-0.0	0.0	-0.0	-0.0	0.0	0.0							
2019-03-29 08:00:00	3000	2.27	2.22	2.27	2.27	1.98	ILP.MI	2.16	2.16	2.11	2.16			0.0		1.0	0			0.0			0.0		2.22													2.11								0.0				0.0	0.0	0.0	0.0	0.0	0.0		0.0								1	0.0	0.0	0.0	0.0	0.0	0.0	0.0								0.0	0.0	0.0	0.0	0.0	0.0	0.0								0.0	0.0	0.0	0.0	0.0	0.0	0.0								0.0	0.0	0.0	0.0	0.0	0.0	0.0							
2019-04-01 07:00:00	8400	2.3	2.3	2.3	2.3	2.0	ILP.MI	2.16	2.16	2.16	2.16			0.0		1.0	0			0.0			0.0																							0.0				0.0	0.0	0.0	0.0	0.0	0.0		0.0								1	0.0	0.0	0.0	0.0	0.0	0.0	0.0								0.0	0.0	0.0	0.0	0.0	0.0	0.0								0.0	0.0	0.0	0.0	0.0	0.0	0.0								0.0	0.0	0.0	0.0	0.0	0.0	0.0							
2019-04-02 07:00:00	3000	2.32	2.26	2.28	2.32	2.02	ILP.MI	2.14	2.18	2.12	2.18			0.0		1.0	0			0.0			0.0																							0.0				0.0	0.0	0.0	0.0	0.0	0.0		0.0								1	0.0	0.0	0.0	0.0	0.0	0.0	0.0								0.0	0.0	0.0	0.0	0.0	0.0	0.0								0.0	0.0	0.0	0.0	0.0	0.0	0.0								0.0	0.0	0.0	0.0	0.0	0.0	0.0							
2019-04-03 07:00:00	75000	2.4	2.28	2.28	2.32	2.02	ILP.MI	2.12	2.23	2.12	2.16			0.0		1.0	0			0.0			0.0	2.4		2.4											2.23									0.0				0.0	0.0	0.0	0.0	0.0	0.0		0.0								1	0.0	0.0	0.0	0.0	0.0	0.0	0.0								0.0	0.0	0.0	0.0	0.0	0.0	0.0								0.0	0.0	0.0	0.0	0.0	0.0	0.0								0.0	0.0	0.0	0.0	0.0	0.0	0.0							
2019-04-04 07:00:00	16800	2.36	2.22	2.36	2.22	1.93	ILP.MI	2.2	2.2	2.07	2.07			0.0		1.0	0			0.0			0.0																							0.0				-0.0	-0.0	0.0	-0.0	-0.0	0.0		0.0								1	-0.0	-0.0	0.0	-0.0	-0.0	0.0	0.0								-0.0	-0.0	0.0	-0.0	-0.0	0.0	0.0								-0.0	-0.0	0.0	-0.0	-0.0	0.0	0.0								-0.0	-0.0	0.0	-0.0	-0.0	0.0	0.0							
2019-04-05 07:00:00	4200	2.26	2.22	2.26	2.26	1.97	ILP.MI	2.1	2.1	2.06	2.1			0.0		-1.0	0			0.0			0.0																							0.0				0.0	0.0	0.0	0.0	0.0	0.0		0.0								1	0.0	0.0	0.0	0.0	0.0	0.0	0.0								0.0	0.0	0.0	0.0	0.0	0.0	0.0								0.0	0.0	0.0	0.0	0.0	0.0	0.0								0.0	0.0	0.0	0.0	0.0	0.0	0.0							
2019-04-08 07:00:00	4200	2.24	2.18	2.22	2.24	1.95	ILP.MI	2.06	2.08	2.02	2.08			0.0		-1.0	0			0.0			0.0																							0.0				-0.0	-0.0	0.0	-0.0	-0.0	0.0		0.0								1	-0.0	-0.0	0.0	-0.0	-0.0	0.0	0.0								-0.0	-0.0	0.0	-0.0	-0.0	0.0	0.0								-0.0	-0.0	0.0	-0.0	-0.0	0.0	0.0								-0.0	-0.0	0.0	-0.0	-0.0	0.0	0.0							
2019-04-09 07:00:00	6600	2.2	2.18	2.2	2.18	1.9	ILP.MI	2.05	2.05	2.03	2.03			0.0		-1.0	0			0.0			0.0		2.18													2.03								0.0				-0.0	-0.0	0.0	-0.0	-0.0	0.0		0.0								1	-0.0	-0.0	0.0	-0.0	-0.0	0.0	0.0								-0.0	-0.0	0.0	-0.0	-0.0	0.0	0.0								-0.0	-0.0	0.0	-0.0	-0.0	0.0	0.0								-0.0	-0.0	0.0	-0.0	-0.0	0.0	0.0							
2019-04-10 07:00:00	5400	2.28	2.16	2.16	2.26	1.97	ILP.MI	2.01	2.13	2.01	2.11			0.0		-1.0	0			0.0			0.0																							0.0				0.0	0.0	0.0	0.0	0.0	0.0		0.0								1	0.0	0.0	0.0	0.0	0.0	0.0	0.0								0.0	0.0	0.0	0.0	0.0	0.0	0.0								0.0	0.0	0.0	0.0	0.0	0.0	0.0								0.0	0.0	0.0	0.0	0.0	0.0	0.0							
2019-04-11 07:00:00	8400	2.32	2.24	2.32	2.28	1.99	ILP.MI	2.16	2.16	2.09	2.13			0.0		-1.0	0			0.0			0.0	2.32													2.16									0.0				0.0	0.0	0.0	0.0	0.0	0.0		0.0								1	0.0	0.0	0.0	0.0	0.0	0.0	0.0								0.0	0.0	0.0	0.0	0.0	0.0	0.0								0.0	0.0	0.0	0.0	0.0	0.0	0.0								0.0	0.0	0.0	0.0	0.0	0.0	0.0							
2019-04-12 07:00:00	6000	2.3	2.2	2.24	2.22	1.93	ILP.MI	2.07	2.13	2.03	2.05			0.0		-1.0	0			0.0			0.0																							0.0				-0.0	-0.0	0.0	-0.0	-0.0	0.0		0.0								1	-0.0	-0.0	0.0	-0.0	-0.0	0.0	0.0								-0.0	-0.0	0.0	-0.0	-0.0	0.0	0.0								-0.0	-0.0	0.0	-0.0	-0.0	0.0	0.0								-0.0	-0.0	0.0	-0.0	-0.0	0.0	0.0							
2019-04-15 07:00:00	8400	2.2	2.16	2.2	2.16	1.88	ILP.MI	2.03	2.03	1.99	1.99			0.0		-1.0	0			0.0			0.0		2.16													1.99								0.0				-0.0	-0.0	0.0	-0.0	-0.0	0.0		0.0								1	-0.0	-0.0	0.0	-0.0	-0.0	0.0	0.0								-0.0	-0.0	0.0	-0.0	-0.0	0.0	0.0								-0.0	-0.0	0.0	-0.0	-0.0	0.0	0.0								-0.0	-0.0	0.0	-0.0	-0.0	0.0	0.0							
2019-04-16 07:00:00	3600	2.2	2.16	2.2	2.2	1.92	ILP.MI	2.03	2.03	1.99	2.03			0.0		-1.0	0			0.0			0.0																							0.0				0.0	0.0	0.0	0.0	0.0	0.0		0.0								1	0.0	0.0	0.0	0.0	0.0	0.0	0.0								0.0	0.0	0.0	0.0	0.0	0.0	0.0								0.0	0.0	0.0	0.0	0.0	0.0	0.0								0.0	0.0	0.0	0.0	0.0	0.0	0.0							
2019-04-17 07:00:00	18000	2.28	2.2	2.24	2.24	1.95	ILP.MI	2.06	2.09	2.02	2.06			0.0		-1.0	0			0.0			0.0	2.28													2.09									0.0				0.0	0.0	0.0	0.0	0.0	0.0		0.0								1	0.0	0.0	0.0	0.0	0.0	0.0	0.0								0.0	0.0	0.0	0.0	0.0	0.0	0.0								0.0	0.0	0.0	0.0	0.0	0.0	0.0								0.0	0.0	0.0	0.0	0.0	0.0	0.0							
2019-04-18 07:00:00	8400	2.24	2.2	2.2	2.24	1.95	ILP.MI	2.03	2.06	2.03	2.06			0.0		-1.0	0			0.0			0.0																							0.0				0.0	0.0	0.0	0.0	0.0	0.0		0.0								1	0.0	0.0	0.0	0.0	0.0	0.0	0.0								0.0	0.0	0.0	0.0	0.0	0.0	0.0								0.0	0.0	0.0	0.0	0.0	0.0	0.0								0.0	0.0	0.0	0.0	0.0	0.0	0.0							
2019-04-23 07:00:00	6000	2.26	2.2	2.2	2.2	1.92	ILP.MI	2.03	2.09	2.03	2.03			0.0		-1.0	0			0.0			0.0																							0.0				-0.0	-0.0	0.0	-0.0	-0.0	0.0		0.0								1	-0.0	-0.0	0.0	-0.0	-0.0	0.0	0.0								-0.0	-0.0	0.0	-0.0	-0.0	0.0	0.0								-0.0	-0.0	0.0	-0.0	-0.0	0.0	0.0								-0.0	-0.0	0.0	-0.0	-0.0	0.0	0.0							
2019-04-24 07:00:00	20400	2.22	2.12	2.18	2.2	1.92	ILP.MI	2.03	2.07	1.97	2.05			0.0		-1.0	0			0.0			0.0		2.12													1.97								0.0				0.0	0.0	0.0	0.0	0.0	0.0		0.0								1	0.0	0.0	0.0	0.0	0.0	0.0	0.0								0.0	0.0	0.0	0.0	0.0	0.0	0.0								0.0	0.0	0.0	0.0	0.0	0.0	0.0								0.0	0.0	0.0	0.0	0.0	0.0	0.0							
2019-04-25 07:00:00	600	2.24	2.24	2.24	2.24	1.95	ILP.MI	2.08	2.08	2.08	2.08			0.0		-1.0	0			0.0			0.0	2.24													2.08			2.08						0.0				0.0	0.0	0.0	0.0	0.0	0.0		0.0								1	0.0	0.0	0.0	0.0	0.0	0.0	0.0								0.0	0.0	0.0	0.0	0.0	0.0	0.0								0.0	0.0	0.0	0.0	0.0	0.0	0.0								0.0	0.0	0.0	0.0	0.0	0.0	0.0							
2019-04-26 07:00:00	600	2.24	2.24	2.24	2.24	1.95	ILP.MI	2.08	2.08	2.08	2.08			0.0		-1.0	0			0.0			0.0																							0.0				0.0	0.0	0.0	0.0	0.0	0.0		0.0								1	0.0	0.0	0.0	0.0	0.0	0.0	0.0								0.0	0.0	0.0	0.0	0.0	0.0	0.0								0.0	0.0	0.0	0.0	0.0	0.0	0.0								0.0	0.0	0.0	0.0	0.0	0.0	0.0							
2019-04-29 07:00:00	5400	2.24	2.2	2.2	2.24	1.95	ILP.MI	2.04	2.08	2.04	2.08			0.0		-1.0	0			0.0			0.0																							0.0				0.0	0.0	0.0	0.0	0.0	0.0		0.0								1	0.0	0.0	0.0	0.0	0.0	0.0	0.0								0.0	0.0	0.0	0.0	0.0	0.0	0.0								0.0	0.0	0.0	0.0	0.0	0.0	0.0								0.0	0.0	0.0	0.0	0.0	0.0	0.0							
2019-04-30 07:00:00	9600	2.22	2.16	2.22	2.2	1.92	ILP.MI	2.05	2.05	2.0	2.03			0.0		-1.0	0			0.0			0.0																							0.0				-0.0	-0.0	0.0	-0.0	-0.0	0.0		0.0								1	-0.0	-0.0	0.0	-0.0	-0.0	0.0	0.0								-0.0	-0.0	0.0	-0.0	-0.0	0.0	0.0								-0.0	-0.0	0.0	-0.0	-0.0	0.0	0.0								-0.0	-0.0	0.0	-0.0	-0.0	0.0	0.0							
2019-05-02 07:00:00	23400	2.24	2.12	2.24	2.16	1.88	ILP.MI	2.09	2.09	1.97	2.01			0.0		-1.0	0			0.0			0.0																							0.0				-0.0	-0.0	0.0	-0.0	-0.0	0.0		0.0								1	-0.0	-0.0	0.0	-0.0	-0.0	0.0	0.0								-0.0	-0.0	0.0	-0.0	-0.0	0.0	0.0								-0.0	-0.0	0.0	-0.0	-0.0	0.0	0.0								-0.0	-0.0	0.0	-0.0	-0.0	0.0	0.0							
2019-05-03 07:00:00	15000	2.16	2.12	2.14	2.16	1.88	ILP.MI	1.99	2.01	1.97	2.01			0.0	-1.0	-1.0	0			0.0			0.0															1.97								0.0				0.0	0.0	0.0	0.0	0.0	0.0		0.0								1	0.0	0.0	0.0	0.0	0.0	0.0	0.0								0.0	0.0	0.0	0.0	0.0	0.0	0.0								0.0	0.0	0.0	0.0	0.0	0.0	0.0								0.0	0.0	0.0	0.0	0.0	0.0	0.0							
2019-05-06 07:00:00	9000	2.16	2.1	2.14	2.16	1.88	ILP.MI	2.02	2.04	1.98	2.04			0.0	-1.0	-1.0	-1			0.0			0.0		2.1		2.1																			0.0				0.0	0.0	0.0	0.0	0.0	0.0		0.0								1	0.0	0.0	0.0	0.0	0.0	0.0	0.0								0.0	0.0	0.0	0.0	0.0	0.0	0.0								0.0	0.0	0.0	0.0	0.0	0.0	0.0								0.0	0.0	0.0	0.0	0.0	0.0	0.0							
2019-05-07 07:00:00	1800	2.16	2.16	2.16	2.16	1.88	ILP.MI	2.06	2.06	2.06	2.06			0.0	-1.0	-1.0	-1			0.0			0.0	2.16													2.06									0.0				0.0	0.0	0.0	0.0	0.0	0.0		0.0								1	-0.0	-0.0	0.0	-0.0	-0.0	0.0	0.0								0.0	0.0	0.0	0.0	0.0	0.0	0.0								0.0	0.0	0.0	0.0	0.0	0.0	0.0								0.0	0.0	0.0	0.0	0.0	0.0	0.0							
2019-05-08 07:00:00	4800	2.16	2.12	2.16	2.16	1.88	ILP.MI	2.06	2.06	2.02	2.06			0.0	-1.0	-1.0	-1			0.0			0.0															2.02								0.0				0.0	0.0	0.0	0.0	0.0	0.0		0.0								1	-0.0	-0.0	0.0	-0.0	-0.0	0.0	0.0								0.0	0.0	0.0	0.0	0.0	0.0	0.0								0.0	0.0	0.0	0.0	0.0	0.0	0.0								0.0	0.0	0.0	0.0	0.0	0.0	0.0							
2019-05-09 07:00:00	2400	2.16	2.12	2.16	2.12	1.85	ILP.MI	2.1	2.1	2.06	2.06			0.0	-1.0	-1.0	-1			0.0			0.0		2.12																					0.0				-0.0	-0.0	0.0	-0.0	-0.0	0.0		0.0								1	0.04	0.04	0.04	0.02	0.02	0.02	0.04								-0.0	-0.0	0.0	-0.0	-0.0	0.0	0.0								-0.0	-0.0	0.0	-0.0	-0.0	0.0	0.0								-0.0	-0.0	0.0	-0.0	-0.0	0.0	0.0							
2019-05-10 07:00:00	6000	2.16	2.14	2.16	2.14	1.86	ILP.MI	2.09	2.09	2.07	2.07			0.0	-1.0	-1.0	-1			0.0			0.0	2.16																						0.0				0.0	0.0	0.0	0.0	0.0	0.0		0.0								1	-0.02	-0.02	0.02	-0.01	-0.01	0.01	0.02								0.0	0.0	0.0	0.0	0.0	0.0	0.0								0.0	0.0	0.0	0.0	0.0	0.0	0.0								0.0	0.0	0.0	0.0	0.0	0.0	0.0							
2019-05-13 07:00:00	10800	2.2	2.12	2.2	2.14	1.86	ILP.MI	2.16	2.16	2.08	2.1			0.0	-1.0	-1.0	-1			0.0			0.0														2.16		2.16							0.0				0.0	0.0	0.0	0.0	0.0	0.0		0.0								1	-0.0	-0.0	0.02	-0.0	-0.0	0.01	0.02								0.0	0.0	0.0	0.0	0.0	0.0	0.0								0.0	0.0	0.0	0.0	0.0	0.0	0.0								0.0	0.0	0.0	0.0	0.0	0.0	0.0							
2019-05-14 07:00:00	6600	2.16	2.1	2.14	2.16	1.88	ILP.MI	2.07	2.09	2.03	2.09			0.0	-1.0	-1.0	-1			0.0			0.0		2.1													2.03								0.0				0.0	0.0	0.0	0.0	0.0	0.0		0.0								1	-0.02	-0.02	0.0	-0.01	-0.01	-0.0	0.0								0.0	0.0	0.0	0.0	0.0	0.0	0.0								0.0	0.0	0.0	0.0	0.0	0.0	0.0								0.0	0.0	0.0	0.0	0.0	0.0	0.0							
2019-05-15 07:00:00	3000	2.18	2.12	2.16	2.16	1.88	ILP.MI	2.09	2.11	2.05	2.09			0.0	-1.0	-1.0	-1			0.0			0.0	2.18		2.18											2.11									0.0				0.0	0.0	0.0	0.0	0.0	0.0		0.0								1	-0.0	-0.0	0.0	-0.0	-0.0	-0.0	0.0								0.0	0.0	0.0	0.0	0.0	0.0	0.0								0.0	0.0	0.0	0.0	0.0	0.0	0.0								0.0	0.0	0.0	0.0	0.0	0.0	0.0							
2019-05-16 07:00:00	5400	2.12	2.1	2.12	2.12	1.85	ILP.MI	2.03	2.03	2.01	2.03			0.0	-1.0	-1.0	-1			0.0			0.0		2.1													2.01		2.01						0.0				-0.0	-0.0	0.0	-0.0	-0.0	0.0		0.0								1	0.04	0.04	0.04	0.02	0.02	0.02	0.04								-0.0	-0.0	0.0	-0.0	-0.0	0.0	0.0								-0.0	-0.0	0.0	-0.0	-0.0	0.0	0.0								-0.0	-0.0	0.0	-0.0	-0.0	0.0	0.0							
2019-05-17 07:00:00	1200	2.14	2.12	2.12	2.14	1.86	ILP.MI	2.03	2.05	2.03	2.05			0.0	-1.0	-1.0	-1			0.0			0.0	2.14																						0.0				0.0	0.0	0.0	0.0	0.0	0.0		0.0								1	-0.02	-0.02	0.02	-0.01	-0.01	0.01	0.02								0.0	0.0	0.0	0.0	0.0	0.0	0.0								0.0	0.0	0.0	0.0	0.0	0.0	0.0								0.0	0.0	0.0	0.0	0.0	0.0	0.0							
2019-05-20 07:00:00	5400	2.12	2.1	2.1	2.12	1.89	ILP.MI	2.07	2.09	2.07	2.09			0.0	-1.0	-1.0	-1			0.0			0.0		2.1												2.09									0.0				-0.0	-0.0	0.0	-0.0	-0.0	0.0		0.0								1	0.02	0.02	0.04	0.01	0.01	0.02	0.04								-0.0	-0.0	0.0	-0.0	-0.0	0.0	0.0								-0.0	-0.0	0.0	-0.0	-0.0	0.0	0.0								-0.0	-0.0	0.0	-0.0	-0.0	0.0	0.0							
2019-05-21 07:00:00	0	2.12	2.12	2.12	2.12	1.89	ILP.MI	2.07	2.07	2.07	2.07			0.0	-1.0	-1.0	-1			0.0			0.0															2.07								0.0				0.0	0.0	0.0	0.0	0.0	0.0		0.0								1	-0.0	-0.0	0.04	-0.0	-0.0	0.02	0.04								0.0	0.0	0.0	0.0	0.0	0.0	0.0								0.0	0.0	0.0	0.0	0.0	0.0	0.0								0.0	0.0	0.0	0.0	0.0	0.0	0.0							
2019-05-22 07:00:00	4200	2.14	2.1	2.1	2.14	1.91	ILP.MI	2.06	2.1	2.06	2.1			0.0	-1.0	-1.0	-1			0.0			0.0																							0.0				0.0	0.0	0.0	0.0	0.0	0.0		0.0								1	-0.02	-0.02	0.02	-0.01	-0.01	0.01	0.02								0.0	0.0	0.0	0.0	0.0	0.0	0.0								0.0	0.0	0.0	0.0	0.0	0.0	0.0								0.0	0.0	0.0	0.0	0.0	0.0	0.0							
2019-05-23 07:00:00	0	2.14	2.14	2.14	2.14	1.91	ILP.MI	2.15	2.15	2.15	2.15			0.0	-1.0	-1.0	-1			0.0			0.0	2.14													2.15									0.0				0.0	0.0	0.0	0.0	0.0	0.0		0.0								1	-0.0	-0.0	0.02	-0.0	-0.0	0.01	0.02								0.0	0.0	0.0	0.0	0.0	0.0	0.0								0.0	0.0	0.0	0.0	0.0	0.0	0.0								0.0	0.0	0.0	0.0	0.0	0.0	0.0							
2019-05-24 07:00:00	1800	2.1	2.1	2.1	2.1	1.87	ILP.MI	2.08	2.08	2.08	2.08			0.0	-1.0	-1.0	-1			0.0			0.0		2.1													2.08								0.0				-0.0	-0.0	0.0	-0.0	-0.0	0.0		0.0								1	0.04	0.04	0.06	0.02	0.02	0.03	0.06								-0.0	-0.0	0.0	-0.0	-0.0	0.0	0.0								-0.0	-0.0	0.0	-0.0	-0.0	0.0	0.0								-0.0	-0.0	0.0	-0.0	-0.0	0.0	0.0							
2019-05-27 07:00:00	1800	2.16	2.14	2.14	2.16	1.93	ILP.MI	2.12	2.14	2.12	2.14			0.0	-1.0	-1.0	-1			0.0			0.0	2.16																						0.0				0.0	0.0	0.0	0.0	0.0	0.0		0.0								1	-0.06	-0.06	0.0	-0.03	-0.03	-0.0	0.0								0.0	0.0	0.0	0.0	0.0	0.0	0.0								0.0	0.0	0.0	0.0	0.0	0.0	0.0								0.0	0.0	0.0	0.0	0.0	0.0	0.0							
2019-05-28 07:00:00	16200	2.18	2.12	2.12	2.16	1.93	ILP.MI	2.11	2.17	2.11	2.15			0.0	-1.0	1.0	-1			0.0			0.0																							0.0				0.0	0.0	0.0	0.0	0.0	0.0		0.0								1	-0.0	-0.0	0.0	-0.0	-0.0	-0.0	0.0								0.0	0.0	0.0	0.0	0.0	0.0	0.0								0.0	0.0	0.0	0.0	0.0	0.0	0.0								0.0	0.0	0.0	0.0	0.0	0.0	0.0							
2019-05-29 07:00:00	4200	2.18	2.12	2.18	2.12	1.89	ILP.MI	2.2	2.2	2.14	2.14			0.0	-1.0	1.0	-1			0.0			0.0		2.12																					0.0				-0.0	-0.0	0.0	-0.0	-0.0	0.0		0.0								1	0.04	0.04	0.04	0.02	0.02	0.02	0.04								-0.0	-0.0	0.0	-0.0	-0.0	0.0	0.0								-0.0	-0.0	0.0	-0.0	-0.0	0.0	0.0								-0.0	-0.0	0.0	-0.0	-0.0	0.0	0.0							
2019-05-30 07:00:00	4200	2.16	2.1	2.1	2.16	1.93	ILP.MI	2.13	2.19	2.13	2.19			0.0	-1.0	1.0	-1			0.0			0.0																							0.0				0.0	0.0	0.0	0.0	0.0	0.0		0.0								1	-0.04	-0.04	0.0	-0.02	-0.02	-0.0	0.0								0.0	0.0	0.0	0.0	0.0	0.0	0.0								0.0	0.0	0.0	0.0	0.0	0.0	0.0								0.0	0.0	0.0	0.0	0.0	0.0	0.0							
2019-05-31 07:00:00	1200	2.16	2.12	2.12	2.16	1.93	ILP.MI	2.16	2.2	2.16	2.2			0.0	-1.0	1.0	-1			0.0			0.0																							0.0				0.0	0.0	0.0	0.0	0.0	0.0		0.0								1	-0.0	-0.0	0.0	-0.0	-0.0	-0.0	0.0								0.0	0.0	0.0	0.0	0.0	0.0	0.0								0.0	0.0	0.0	0.0	0.0	0.0	0.0								0.0	0.0	0.0	0.0	0.0	0.0	0.0							
2019-06-03 07:00:00	0	2.16	2.16	2.16	2.16	1.93	ILP.MI	2.2	2.2	2.2	2.2			0.0	-1.0	1.0	-1			0.0			0.0	2.16													2.2		2.2		2.2					0.0			2.2	0.0	0.0	0.0	0.0	0.0	0.0		0.0								1	-0.0	-0.0	0.0	-0.0	-0.0	-0.0	0.0								0.0	0.0	0.0	0.0	0.0	0.0	0.0								0.0	0.0	0.0	0.0	0.0	0.0	0.0								0.0	0.0	0.0	0.0	0.0	0.0	0.0							
2019-06-04 07:00:00	3000	2.14	2.1	2.1	2.14	1.91	ILP.MI	2.1	2.14	2.1	2.14			0.0	-1.0	1.0	-1			0.0			0.0																							0.0			2.2	-0.0	-0.0	0.0	-0.0	-0.0	0.0		0.0								1	0.02	0.02	0.02	0.01	0.01	0.01	0.02								-0.0	-0.0	0.0	-0.0	-0.0	0.0	0.0								-0.0	-0.0	0.0	-0.0	-0.0	0.0	0.0								-0.0	-0.0	0.0	-0.0	-0.0	0.0	0.0							
2019-06-05 07:00:00	3000	2.12	2.1	2.12	2.1	1.87	ILP.MI	2.13	2.13	2.11	2.11			0.0	-1.0	1.0	-1			0.0			0.0		2.1																					0.0			2.2	-0.0	-0.0	0.0	-0.0	-0.0	0.0		0.0								1	0.04	0.04	0.06	0.02	0.02	0.03	0.06								-0.0	-0.0	0.0	-0.0	-0.0	0.0	0.0								-0.0	-0.0	0.0	-0.0	-0.0	0.0	0.0								-0.0	-0.0	0.0	-0.0	-0.0	0.0	0.0							
2019-06-06 07:00:00	4200	2.12	2.08	2.1	2.12	1.89	ILP.MI	2.1	2.12	2.08	2.12			0.0	-1.0	1.0	-1			0.0			0.0															2.08								0.0			2.2	0.0	0.0	0.0	0.0	0.0	0.0		0.0								1	-0.02	-0.02	0.04	-0.01	-0.01	0.02	0.04								0.0	0.0	0.0	0.0	0.0	0.0	0.0								0.0	0.0	0.0	0.0	0.0	0.0	0.0								0.0	0.0	0.0	0.0	0.0	0.0	0.0							
2019-06-07 07:00:00	600	2.14	2.14	2.14	2.14	1.91	ILP.MI	2.12	2.12	2.12	2.12			0.0	-1.0	1.0	-1			0.0			0.0																							0.0			2.2	0.0	0.0	0.0	0.0	0.0	0.0		0.0								1	-0.02	-0.02	0.02	-0.01	-0.01	0.01	0.02								0.0	0.0	0.0	0.0	0.0	0.0	0.0								0.0	0.0	0.0	0.0	0.0	0.0	0.0								0.0	0.0	0.0	0.0	0.0	0.0	0.0							
2019-06-10 07:00:00	7800	2.18	2.14	2.16	2.18	1.94	ILP.MI	2.13	2.15	2.11	2.15			0.0	-1.0	1.0	0			0.0			0.0	2.18													2.15									0.0			2.2	0.0	0.0	0.0	0.0	0.0	0.0		0.0								1	-0.04	-0.04	-0.02	-0.02	-0.02	-0.01	-0.02								0.0	0.0	0.0	0.0	0.0	0.0	0.0								0.0	0.0	0.0	0.0	0.0	0.0	0.0								0.0	0.0	0.0	0.0	0.0	0.0	0.0							
2019-06-11 07:00:00	1200	2.18	2.16	2.16	2.18	1.94	ILP.MI	2.12	2.14	2.12	2.14			0.0	-1.0	1.0	0			0.0			0.0																							0.0			2.2	0.0	0.0	0.0	0.0	0.0	0.0		0.0								1	0.0	0.0	-0.02	0.0	0.0	-0.01	-0.02								0.0	0.0	0.0	0.0	0.0	0.0	0.0								0.0	0.0	0.0	0.0	0.0	0.0	0.0								0.0	0.0	0.0	0.0	0.0	0.0	0.0							
2019-06-12 07:00:00	1200	2.12	2.12	2.12	2.12	1.89	ILP.MI	2.09	2.09	2.09	2.09			0.0	-1.0	1.0	0			0.0			0.0		2.12													2.09								0.0			2.2	-0.0	-0.0	0.0	-0.0	-0.0	0.0		0.0								1	-0.0	-0.0	-0.02	-0.0	-0.0	-0.01	-0.02								-0.0	-0.0	0.0	-0.0	-0.0	0.0	0.0								-0.0	-0.0	0.0	-0.0	-0.0	0.0	0.0								-0.0	-0.0	0.0	-0.0	-0.0	0.0	0.0							
2019-06-13 07:00:00	4800	2.2	2.08	2.2	2.16	1.93	ILP.MI	2.16	2.16	2.04	2.12			0.0	-1.0	1.0	0			0.0			0.0																							0.0			2.2	0.0	0.0	0.0	0.0	0.0	0.0		0.0								1	0.0	0.0	-0.02	0.0	0.0	-0.01	-0.02								0.0	0.0	0.0	0.0	0.0	0.0	0.0								0.0	0.0	0.0	0.0	0.0	0.0	0.0								0.0	0.0	0.0	0.0	0.0	0.0	0.0							
2019-06-14 07:00:00	3600	2.18	2.18	2.18	2.18	1.94	ILP.MI	2.14	2.14	2.14	2.14			0.0	-1.0	1.0	0			0.0			0.0	2.18													2.14									0.0			2.2	0.0	0.0	0.0	0.0	0.0	0.0		0.0								1	0.0	0.0	-0.02	0.0	0.0	-0.01	-0.02								0.0	0.0	0.0	0.0	0.0	0.0	0.0								0.0	0.0	0.0	0.0	0.0	0.0	0.0								0.0	0.0	0.0	0.0	0.0	0.0	0.0							
2019-06-17 07:00:00	3000	2.18	2.16	2.18	2.16	1.93	ILP.MI	2.14	2.14	2.12	2.12			0.0	-1.0	1.0	0			0.0			0.0																							0.0			2.2	-0.0	-0.0	0.0	-0.0	-0.0	0.0		0.0								1	-0.0	-0.0	-0.02	-0.0	-0.0	-0.01	-0.02								-0.0	-0.0	0.0	-0.0	-0.0	0.0	0.0								-0.0	-0.0	0.0	-0.0	-0.0	0.0	0.0								-0.0	-0.0	0.0	-0.0	-0.0	0.0	0.0							
2019-06-18 07:00:00	1800	2.2	2.12	2.2	2.16	1.93	ILP.MI	2.1	2.1	2.03	2.07			0.0	-1.0	-1.0	0			0.0			0.0																							0.0			2.2	0.0	0.0	0.0	0.0	0.0	0.0		0.0								1	0.0	0.0	-0.02	0.0	0.0	-0.01	-0.02								0.0	0.0	0.0	0.0	0.0	0.0	0.0								0.0	0.0	0.0	0.0	0.0	0.0	0.0								0.0	0.0	0.0	0.0	0.0	0.0	0.0							
2019-06-19 07:00:00	11400	2.18	2.08	2.12	2.18	1.94	ILP.MI	2.02	2.08	1.98	2.08			0.0	-1.0	-1.0	-1			0.0			0.0		2.08		2.08																			0.0			2.2	0.0	0.0	0.0	0.0	0.0	0.0		0.0								1	0.0	0.0	-0.02	0.0	0.0	-0.01	-0.02								0.0	0.0	0.0	0.0	0.0	0.0	0.0								0.0	0.0	0.0	0.0	0.0	0.0	0.0								0.0	0.0	0.0	0.0	0.0	0.0	0.0							
2019-06-20 07:00:00	3000	2.18	2.12	2.12	2.18	1.94	ILP.MI	2.01	2.06	2.01	2.06			0.0	-1.0	-1.0	-1			0.0			0.0															2.01								0.0			2.2	0.0	0.0	0.0	0.0	0.0	0.0		0.0								1	-0.0	-0.0	-0.02	-0.0	-0.0	-0.01	-0.02								0.0	0.0	0.0	0.0	0.0	0.0	0.0								0.0	0.0	0.0	0.0	0.0	0.0	0.0								0.0	0.0	0.0	0.0	0.0	0.0	0.0							
2019-06-21 07:00:00	0	2.18	2.18	2.18	2.18	1.94	ILP.MI	2.06	2.06	2.06	2.06			0.0	-1.0	-1.0	-1			0.0			0.0	2.18																						0.0			2.2	0.0	0.0	0.0	0.0	0.0	0.0		0.0								1	-0.0	-0.0	-0.02	-0.0	-0.0	-0.01	-0.02								0.0	0.0	0.0	0.0	0.0	0.0	0.0								0.0	0.0	0.0	0.0	0.0	0.0	0.0								0.0	0.0	0.0	0.0	0.0	0.0	0.0							
2019-06-24 07:00:00	1800	2.18	2.14	2.14	2.18	1.94	ILP.MI	2.03	2.07	2.03	2.07			0.0	-1.0	-1.0	-1			0.0			0.0		2.14																					0.0			2.2	0.0	0.0	0.0	0.0	0.0	0.0		0.0								1	-0.0	-0.0	-0.02	-0.0	-0.0	-0.01	-0.02								0.0	0.0	0.0	0.0	0.0	0.0	0.0								0.0	0.0	0.0	0.0	0.0	0.0	0.0								0.0	0.0	0.0	0.0	0.0	0.0	0.0							
2019-06-25 07:00:00	0	2.18	2.18	2.18	2.18	1.94	ILP.MI	2.09	2.09	2.09	2.09			0.0	-1.0	-1.0	-1			0.0			0.0	2.18													2.09									0.0			2.2	0.0	0.0	0.0	0.0	0.0	0.0		0.0								1	-0.0	-0.0	-0.02	-0.0	-0.0	-0.01	-0.02								0.0	0.0	0.0	0.0	0.0	0.0	0.0								0.0	0.0	0.0	0.0	0.0	0.0	0.0								0.0	0.0	0.0	0.0	0.0	0.0	0.0							
2019-06-26 07:00:00	0	2.18	2.18	2.18	2.18	1.94	ILP.MI	2.09	2.09	2.09	2.09			0.0	-1.0	-1.0	-1			0.0			0.0																							0.0			2.2	0.0	0.0	0.0	0.0	0.0	0.0		0.0								1	-0.0	-0.0	-0.02	-0.0	-0.0	-0.01	-0.02								0.0	0.0	0.0	0.0	0.0	0.0	0.0								0.0	0.0	0.0	0.0	0.0	0.0	0.0								0.0	0.0	0.0	0.0	0.0	0.0	0.0							
2019-06-27 07:00:00	3600	2.16	2.12	2.16	2.16	1.93	ILP.MI	2.07	2.07	2.03	2.07			0.0	-1.0	-1.0	-1			0.0			0.0		2.12													2.03								0.0			2.2	-0.0	-0.0	0.0	-0.0	-0.0	0.0		0.0								1	0.02	0.02	0.0	0.01	0.01	-0.0	0.0								-0.0	-0.0	0.0	-0.0	-0.0	0.0	0.0								-0.0	-0.0	0.0	-0.0	-0.0	0.0	0.0								-0.0	-0.0	0.0	-0.0	-0.0	0.0	0.0							
2019-06-28 07:00:00	4200	2.2	2.12	2.16	2.18	1.94	ILP.MI	2.06	2.09	2.02	2.07			0.0	-1.0	-1.0	0			0.0			0.0																							0.0			2.2	0.0	0.0	0.0	0.0	0.0	0.0		0.0								1	-0.02	-0.02	-0.02	-0.01	-0.01	-0.01	-0.02								0.0	0.0	0.0	0.0	0.0	0.0	0.0								0.0	0.0	0.0	0.0	0.0	0.0	0.0								0.0	0.0	0.0	0.0	0.0	0.0	0.0							
2019-07-01 07:00:00	600	2.18	2.18	2.18	2.18	1.94	ILP.MI	2.07	2.07	2.07	2.07			0.0	-1.0	-1.0	0			0.0			0.0														2.07									0.0			2.2	0.0	0.0	0.0	0.0	0.0	0.0		0.0								1	0.0	0.0	-0.02	0.0	0.0	-0.01	-0.02								0.0	0.0	0.0	0.0	0.0	0.0	0.0								0.0	0.0	0.0	0.0	0.0	0.0	0.0								0.0	0.0	0.0	0.0	0.0	0.0	0.0							
2019-07-02 07:00:00	0	2.18	2.18	2.18	2.18	1.94	ILP.MI	2.06	2.06	2.06	2.06			0.0	-1.0	-1.0	0			0.0			0.0	2.18																						0.0			2.2	0.0	0.0	0.0	0.0	0.0	0.0		0.0								1	0.0	0.0	-0.02	0.0	0.0	-0.01	-0.02								0.0	0.0	0.0	0.0	0.0	0.0	0.0								0.0	0.0	0.0	0.0	0.0	0.0	0.0								0.0	0.0	0.0	0.0	0.0	0.0	0.0							
2019-07-03 07:00:00	0	2.18	2.18	2.18	2.18	1.94	ILP.MI	2.01	2.01	2.01	2.01			0.0	-1.0	-1.0	0			0.0			0.0																							0.0			2.2	0.0	0.0	0.0	0.0	0.0	0.0		0.0								1	0.0	0.0	-0.02	0.0	0.0	-0.01	-0.02								0.0	0.0	0.0	0.0	0.0	0.0	0.0								0.0	0.0	0.0	0.0	0.0	0.0	0.0								0.0	0.0	0.0	0.0	0.0	0.0	0.0							
2019-07-04 07:00:00	600	2.18	2.18	2.18	2.18	1.94	ILP.MI	1.99	1.99	1.99	1.99			0.0	-1.0	-1.0	0			0.0			0.0															1.99								0.0			2.2	0.0	0.0	0.0	0.0	0.0	0.0		0.0								1	0.0	0.0	-0.02	0.0	0.0	-0.01	-0.02								0.0	0.0	0.0	0.0	0.0	0.0	0.0								0.0	0.0	0.0	0.0	0.0	0.0	0.0								0.0	0.0	0.0	0.0	0.0	0.0	0.0							
2019-07-05 07:00:00	1200	2.18	2.16	2.16	2.18	1.94	ILP.MI	1.99	2.0	1.99	2.0			0.0	-1.0	-1.0	0			0.0			0.0														2.0									0.0			2.2	0.0	0.0	0.0	0.0	0.0	0.0		0.0								1	0.0	0.0	-0.02	0.0	0.0	-0.01	-0.02								0.0	0.0	0.0	0.0	0.0	0.0	0.0								0.0	0.0	0.0	0.0	0.0	0.0	0.0								0.0	0.0	0.0	0.0	0.0	0.0	0.0							
2019-07-08 07:00:00	1200	2.16	2.12	2.12	2.16	1.93	ILP.MI	1.95	1.99	1.95	1.99			0.0	-1.0	-1.0	0			0.0			0.0		2.12													1.95								0.0			2.2	-0.0	-0.0	0.0	-0.0	-0.0	0.0		0.0								1	-0.0	-0.0	-0.02	-0.0	-0.0	-0.01	-0.02								-0.0	-0.0	0.0	-0.0	-0.0	0.0	0.0								-0.0	-0.0	0.0	-0.0	-0.0	0.0	0.0								-0.0	-0.0	0.0	-0.0	-0.0	0.0	0.0							
2019-07-09 07:00:00	3000	2.16	2.12	2.12	2.16	1.93	ILP.MI	1.96	1.99	1.96	1.99	2.37	1.95	0.0	-1.0	-1.0	0	-1.0		0.0	-1.0		0.0																							0.0			2.2	0.0	0.0	0.0	0.0	0.0	0.0		0.0	0.0	0.0						1	0.0	0.0	-0.02	0.0	0.0	-0.01	-0.02	0.0	0.0	589.34					0.0	0.0	0.0	0.0	0.0	0.0	0.0	0.0	0.0						0.0	0.0	0.0	0.0	0.0	0.0	0.0	0.0	0.0						0.0	0.0	0.0	0.0	0.0	0.0	0.0	0.0	0.0					
2019-07-10 07:00:00	600	2.18	2.18	2.18	2.18	1.94	ILP.MI	2.0	2.0	2.0	2.0	2.37	1.95	0.0	-1.0	-1.0	0	-1.0		0.0	-1.0		0.0	2.18													2.0									0.0			2.2	0.0	0.0	0.0	0.0	0.0	0.0		0.0	0.0	0.0						1	0.0	0.0	-0.02	0.0	0.0	-0.01	-0.02	0.0	0.0	605.19					0.0	0.0	0.0	0.0	0.0	0.0	0.0	0.0	0.0						0.0	0.0	0.0	0.0	0.0	0.0	0.0	0.0	0.0						0.0	0.0	0.0	0.0	0.0	0.0	0.0	0.0	0.0					
2019-07-11 07:00:00	1800	2.14	2.12	2.12	2.14	1.91	ILP.MI	1.93	1.95	1.93	1.95	2.37	1.93	-1.0	-1.0	-1.0	0	-1.0		0.0	-1.0		0.0		2.12													1.93		1.93		1.93				0.0			2.2	-0.0	-0.0	0.0	-0.0	-0.0	0.0		0.0	-0.0	0.0						1	-0.0	-0.0	-0.02	-0.0	-0.0	-0.01	-0.02	0.0	0.0	605.19					-0.0	-0.0	0.0	-0.0	-0.0	0.0	0.0	-0.0	0.0						-0.0	-0.0	0.0	-0.0	-0.0	0.0	0.0	-0.0	0.0						-0.0	-0.0	0.0	-0.0	-0.0	0.0	0.0	-0.0	0.0					
2019-07-12 07:00:00	23400	2.26	2.18	2.18	2.2	1.96	ILP.MI	1.99	2.06	1.99	2.0	2.37	1.93	-1.0	-1.0	-1.0	1	-1.0		0.0	-1.0		0.0														2.06		2.06							0.0			2.2	-0.06	-0.06	-0.06	-0.03	-0.03	-0.03		-0.06	-0.0	-0.0	-inf					1	0.0	0.0	-0.02	0.0	0.0	-0.01	-0.02	0.0	0.0	605.19					0.0	0.0	0.0	0.0	0.0	0.0	0.0	0.0	0.0						0.0	0.0	0.0	0.0	0.0	0.0	0.0	0.0	0.0						0.0	0.0	0.0	0.0	0.0	0.0	0.0	0.0	0.0					
2019-07-15 07:00:00	2400	2.22	2.22	2.22	2.22	1.98	ILP.MI	2.02	2.02	2.02	2.02	2.37	1.93	-1.0	-1.0	-1.0	1	-1.0		0.0	-1.0		0.0	2.22																						0.0			2.2	-0.02	-0.02	-0.08	-0.01	-0.01	-0.04		-0.08	-0.0	-0.0	-inf					1	0.02	0.02	0.0	0.01	0.01	-0.0	0.0	0.0	0.0	610.87					0.0	0.0	0.0	0.0	0.0	0.0	0.0	0.0	0.0						0.0	0.0	0.0	0.0	0.0	0.0	0.0	0.0	0.0						0.0	0.0	0.0	0.0	0.0	0.0	0.0	0.0	0.0					
2019-07-16 07:00:00	1200	2.22	2.2	2.2	2.22	1.98	ILP.MI	2.0	2.02	2.0	2.02	2.37	1.93	-1.0	-1.0	-1.0	1	-1.0		0.0	-1.0		0.0		2.2	2.22												2.0								0.0			2.2	-0.0	-0.0	-0.08	-0.0	-0.0	-0.04		-0.08	-0.0	-0.0	inf					1	0.0	0.0	0.0	0.0	0.0	-0.0	0.0	0.0	0.0	610.87					0.0	0.0	0.0	0.0	0.0	0.0	0.0	0.0	0.0						0.0	0.0	0.0	0.0	0.0	0.0	0.0	0.0	0.0						0.0	0.0	0.0	0.0	0.0	0.0	0.0	0.0	0.0					
2019-07-17 07:00:00	600	2.22	2.22	2.22	2.22	1.98	ILP.MI	2.03	2.03	2.03	2.03	2.37	1.93	-1.0	-1.0	-1.0	1	-1.0		0.0	-1.0		0.0	2.22													2.03									0.0			2.2	-0.0	-0.0	-0.08	-0.0	-0.0	-0.04		-0.08	-0.0	-0.0	inf					1	0.0	0.0	0.0	0.0	0.0	-0.0	0.0	0.0	0.0	610.87					0.0	0.0	0.0	0.0	0.0	0.0	0.0	0.0	0.0						0.0	0.0	0.0	0.0	0.0	0.0	0.0	0.0	0.0						0.0	0.0	0.0	0.0	0.0	0.0	0.0	0.0	0.0					
2019-07-18 07:00:00	3000	2.2	2.14	2.16	2.2	1.96	ILP.MI	1.98	2.01	1.96	2.01	2.28	1.93	-1.0	-1.0	-1.0	1	-1.0		0.0	-1.0		0.0		2.14													1.96		1.96						0.0			2.2	0.02	0.02	-0.06	0.01	0.01	-0.03		-0.06	0.0	0.0	2449.2					1	-0.02	-0.02	-0.02	-0.01	-0.01	-0.01	-0.02	0.0	0.0	551.65					-0.0	-0.0	0.0	-0.0	-0.0	0.0	0.0	-0.0	0.0						-0.0	-0.0	0.0	-0.0	-0.0	0.0	0.0	-0.0	0.0						-0.0	-0.0	0.0	-0.0	-0.0	0.0	0.0	-0.0	0.0					
2019-07-19 07:00:00	2400	2.2	2.16	2.16	2.2	1.96	ILP.MI	2.02	2.05	2.02	2.05	2.28	1.93	-1.0	-1.0	-1.0	1	-1.0		0.0	-1.0		0.0																							0.0			2.2	-0.0	-0.0	-0.06	-0.0	-0.0	-0.03		-0.06	0.0	0.0	2449.2					1	0.0	0.0	-0.02	0.0	0.0	-0.01	-0.02	0.0	0.0	551.65					0.0	0.0	0.0	0.0	0.0	0.0	0.0	0.0	0.0						0.0	0.0	0.0	0.0	0.0	0.0	0.0	0.0	0.0						0.0	0.0	0.0	0.0	0.0	0.0	0.0	0.0	0.0					
2019-07-22 07:00:00	2400	2.2	2.2	2.2	2.2	1.96	ILP.MI	2.05	2.05	2.05	2.05	2.28	1.93	-1.0	-1.0	-1.0	1	-1.0		0.0	-1.0		0.0														2.05									0.0			2.2	-0.0	-0.0	-0.06	-0.0	-0.0	-0.03		-0.06	0.0	0.0	2449.2					1	0.0	0.0	-0.02	0.0	0.0	-0.01	-0.02	0.0	0.0	551.65					0.0	0.0	0.0	0.0	0.0	0.0	0.0	0.0	0.0						0.0	0.0	0.0	0.0	0.0	0.0	0.0	0.0	0.0						0.0	0.0	0.0	0.0	0.0	0.0	0.0	0.0	0.0					
2019-07-23 07:00:00	0	2.2	2.2	2.2	2.2	1.96	ILP.MI	2.03	2.03	2.03	2.03	2.28	1.93	-1.0	-1.0	-1.0	1	-1.0		0.0	-1.0		0.0	2.2																						0.0			2.2	-0.0	-0.0	-0.06	-0.0	-0.0	-0.03		-0.06	0.0	0.0	2449.2					1	0.0	0.0	-0.02	0.0	0.0	-0.01	-0.02	0.0	0.0	551.65					0.0	0.0	0.0	0.0	0.0	0.0	0.0	0.0	0.0						0.0	0.0	0.0	0.0	0.0	0.0	0.0	0.0	0.0						0.0	0.0	0.0	0.0	0.0	0.0	0.0	0.0	0.0					
2019-07-24 07:00:00	0	2.2	2.2	2.2	2.2	1.96	ILP.MI	2.01	2.01	2.01	2.01	2.28	1.93	-1.0	-1.0	-1.0	1	-1.0		0.0	-1.0		0.0															2.01								0.0			2.2	-0.0	-0.0	-0.06	-0.0	-0.0	-0.03		-0.06	0.0	0.0	2449.2					1	0.0	0.0	-0.02	0.0	0.0	-0.01	-0.02	0.0	0.0	551.65					0.0	0.0	0.0	0.0	0.0	0.0	0.0	0.0	0.0						0.0	0.0	0.0	0.0	0.0	0.0	0.0	0.0	0.0						0.0	0.0	0.0	0.0	0.0	0.0	0.0	0.0	0.0					
2019-07-25 07:00:00	1800	2.22	2.16	2.22	2.18	1.94	ILP.MI	2.05	2.05	1.99	2.01	2.28	1.93	-1.0	-1.0	-1.0	1	-1.0		0.0	-1.0		0.0																							0.0			2.2	0.02	0.02	-0.04	0.01	0.01	-0.02		-0.04	0.0	0.0	2560.2					1	-0.02	-0.02	-0.04	-0.01	-0.01	-0.02	-0.04	0.0	0.0	498.36					-0.0	-0.0	0.0	-0.0	-0.0	0.0	0.0	-0.0	0.0						-0.0	-0.0	0.0	-0.0	-0.0	0.0	0.0	-0.0	0.0						-0.0	-0.0	0.0	-0.0	-0.0	0.0	0.0	-0.0	0.0					
2019-07-26 07:00:00	0	2.18	2.18	2.18	2.18	1.94	ILP.MI	2.02	2.02	2.02	2.02	2.28	1.93	-1.0	-1.0	-1.0	1	-1.0		0.0	-1.0		0.0																							0.0			2.2	-0.0	-0.0	-0.04	-0.0	-0.0	-0.02		-0.04	0.0	0.0	2560.2					1	0.0	0.0	-0.04	0.0	0.0	-0.02	-0.04	0.0	0.0	498.36					0.0	0.0	0.0	0.0	0.0	0.0	0.0	0.0	0.0						0.0	0.0	0.0	0.0	0.0	0.0	0.0	0.0	0.0						0.0	0.0	0.0	0.0	0.0	0.0	0.0	0.0	0.0					
2019-07-29 07:00:00	0	2.18	2.18	2.18	2.18	1.94	ILP.MI	2.03	2.03	2.03	2.03	2.28	1.93	-1.0	-1.0	-1.0	1	-1.0		0.0	-1.0		0.0																							0.0			2.2	-0.0	-0.0	-0.04	-0.0	-0.0	-0.02		-0.04	0.0	0.0	2560.2					1	0.0	0.0	-0.04	0.0	0.0	-0.02	-0.04	0.0	0.0	498.36					0.0	0.0	0.0	0.0	0.0	0.0	0.0	0.0	0.0						0.0	0.0	0.0	0.0	0.0	0.0	0.0	0.0	0.0						0.0	0.0	0.0	0.0	0.0	0.0	0.0	0.0	0.0					
2019-07-30 07:00:00	3600	2.2	2.14	2.14	2.2	1.96	ILP.MI	2.03	2.09	2.03	2.09	2.28	1.93	-1.0	-1.0	1.0	1	-1.0		0.0	-1.0		0.0														2.09									0.0			2.2	-0.02	-0.02	-0.06	-0.01	-0.01	-0.03		-0.06	0.0	0.0	1951.34					1	0.02	0.02	-0.02	0.01	0.01	-0.01	-0.02	0.0	0.0	504.35					0.0	0.0	0.0	0.0	0.0	0.0	0.0	0.0	0.0						0.0	0.0	0.0	0.0	0.0	0.0	0.0	0.0	0.0						0.0	0.0	0.0	0.0	0.0	0.0	0.0	0.0	0.0					
2019-07-31 07:00:00	2400	2.18	2.12	2.14	2.18	1.94	ILP.MI	2.02	2.06	2.0	2.06	2.28	1.93	-1.0	-1.0	1.0	0	-1.0		0.0	-1.0		0.0		2.12													2.0								0.0			2.2	0.02	0.02	-0.04	0.01	0.01	-0.02		-0.04	0.0	0.0	2006.51					1	-0.02	-0.02	-0.04	-0.01	-0.01	-0.02	-0.04	0.0	0.0	456.83					-0.0	-0.0	0.0	-0.0	-0.0	0.0	0.0	-0.0	0.0						-0.0	-0.0	0.0	-0.0	-0.0	0.0	0.0	-0.0	0.0						-0.0	-0.0	0.0	-0.0	-0.0	0.0	0.0	-0.0	0.0					
2019-08-01 07:00:00	2400	2.2	2.12	2.12	2.2	1.96	ILP.MI	1.99	2.06	1.99	2.06	2.28	1.93	-1.0	-1.0	1.0	0	-1.0		0.0	-1.0		0.0																							0.0			2.2	-0.02	-0.02	-0.06	-0.01	-0.01	-0.03		-0.06	0.0	0.0	1600.08					1	0.0	0.0	-0.04	0.0	0.0	-0.02	-0.04	0.0	0.0	456.83					0.0	0.0	0.0	0.0	0.0	0.0	0.0	0.0	0.0						0.0	0.0	0.0	0.0	0.0	0.0	0.0	0.0	0.0						0.0	0.0	0.0	0.0	0.0	0.0	0.0	0.0	0.0					
2019-08-02 07:00:00	600	2.18	2.18	2.18	2.18	1.94	ILP.MI	2.09	2.09	2.09	2.09	2.28	1.93	-1.0	-1.0	1.0	0	-1.0		0.0	-1.0		0.0	2.18													2.09									0.0			2.2	0.02	0.02	-0.04	0.01	0.01	-0.02		-0.04	0.0	0.0	1636.78					1	-0.0	-0.0	-0.04	-0.0	-0.0	-0.02	-0.04	0.0	0.0	456.83					-0.0	-0.0	0.0	-0.0	-0.0	0.0	0.0	-0.0	0.0						-0.0	-0.0	0.0	-0.0	-0.0	0.0	0.0	-0.0	0.0						-0.0	-0.0	0.0	-0.0	-0.0	0.0	0.0	-0.0	0.0					
2019-08-05 07:00:00	2400	2.18	2.12	2.18	2.12	1.89	ILP.MI	2.12	2.12	2.06	2.06	2.28	1.93	-1.0	-1.0	1.0	0	-1.0		0.0	-1.0		0.0		2.12													2.06								0.0			2.2	0.06	0.06	0.02	0.03	0.03	0.01		0.02	0.0	0.0	1684.37					1	-0.0	-0.0	-0.04	-0.0	-0.0	-0.02	-0.04	0.0	0.0	456.83					-0.0	-0.0	0.0	-0.0	-0.0	0.0	0.0	-0.0	0.0						-0.0	-0.0	0.0	-0.0	-0.0	0.0	0.0	-0.0	0.0						-0.0	-0.0	0.0	-0.0	-0.0	0.0	0.0	-0.0	0.0					
2019-08-06 07:00:00	3600	2.2	2.12	2.12	2.2	1.96	ILP.MI	2.08	2.16	2.08	2.16	2.28	1.93	-1.0	-1.0	1.0	0	-1.0		0.0	-1.0		0.0																							0.0			2.2	-0.08	-0.08	-0.06	-0.04	-0.04	-0.03		-0.06	0.0	0.0	954.83					1	0.0	0.0	-0.04	0.0	0.0	-0.02	-0.04	0.0	0.0	456.83					0.0	0.0	0.0	0.0	0.0	0.0	0.0	0.0	0.0						0.0	0.0	0.0	0.0	0.0	0.0	0.0	0.0	0.0						0.0	0.0	0.0	0.0	0.0	0.0	0.0	0.0	0.0					
2019-08-07 07:00:00	0	2.2	2.2	2.2	2.2	1.96	ILP.MI	2.16	2.16	2.16	2.16	2.28	1.93	-1.0	-1.0	1.0	0	-1.0		0.0	-1.0		0.0	2.2													2.16									0.0			2.2	-0.0	-0.0	-0.06	-0.0	-0.0	-0.03		-0.06	0.0	0.0	954.83					1	0.0	0.0	-0.04	0.0	0.0	-0.02	-0.04	0.0	0.0	456.83					0.0	0.0	0.0	0.0	0.0	0.0	0.0	0.0	0.0						0.0	0.0	0.0	0.0	0.0	0.0	0.0	0.0	0.0						0.0	0.0	0.0	0.0	0.0	0.0	0.0	0.0	0.0					
2019-08-08 07:00:00	11400	2.12	2.1	2.12	2.12	1.89	ILP.MI	2.06	2.06	2.04	2.06	2.28	1.93	-1.0	-1.0	1.0	0	-1.0		0.0	-1.0		0.0		2.1													2.04								0.0			2.2	0.08	0.08	0.02	0.04	0.04	0.01		0.02	0.0	0.0	983.21					1	-0.0	-0.0	-0.04	-0.0	-0.0	-0.02	-0.04	0.0	0.0	456.83					-0.0	-0.0	0.0	-0.0	-0.0	0.0	0.0	-0.0	0.0						-0.0	-0.0	0.0	-0.0	-0.0	0.0	0.0	-0.0	0.0						-0.0	-0.0	0.0	-0.0	-0.0	0.0	0.0	-0.0	0.0					
2019-08-09 07:00:00	1800	2.18	2.16	2.16	2.18	1.94	ILP.MI	2.15	2.17	2.15	2.17	2.28	1.93	-1.0	-1.0	1.0	0	-1.0		0.0	-1.0		0.0	2.18													2.17									0.0			2.2	-0.06	-0.06	-0.04	-0.03	-0.03	-0.02		-0.04	0.0	0.0	724.71					1	0.0	0.0	-0.04	0.0	0.0	-0.02	-0.04	0.0	0.0	456.83					0.0	0.0	0.0	0.0	0.0	0.0	0.0	0.0	0.0						0.0	0.0	0.0	0.0	0.0	0.0	0.0	0.0	0.0						0.0	0.0	0.0	0.0	0.0	0.0	0.0	0.0	0.0					
2019-08-12 07:00:00	600	2.12	2.12	2.12	2.12	1.89	ILP.MI	2.11	2.11	2.11	2.11	2.28	1.93	-1.0	-1.0	1.0	0	-1.0		0.0	-1.0		0.0		2.12													2.11								0.0			2.2	0.06	0.06	0.02	0.03	0.03	0.01		0.02	0.0	0.0	737.48					1	-0.0	-0.0	-0.04	-0.0	-0.0	-0.02	-0.04	0.0	0.0	456.83					-0.0	-0.0	0.0	-0.0	-0.0	0.0	0.0	-0.0	0.0						-0.0	-0.0	0.0	-0.0	-0.0	0.0	0.0	-0.0	0.0						-0.0	-0.0	0.0	-0.0	-0.0	0.0	0.0	-0.0	0.0					
2019-08-13 07:00:00	600	2.16	2.16	2.16	2.16	1.93	ILP.MI	2.13	2.13	2.13	2.13	2.28	1.93	-1.0	-1.0	1.0	0	-1.0		0.0	-1.0		0.0																							0.0			2.2	-0.04	-0.04	-0.02	-0.02	-0.02	-0.01		-0.02	0.0	0.0	616.82					1	0.0	0.0	-0.04	0.0	0.0	-0.02	-0.04	0.0	0.0	456.83					0.0	0.0	0.0	0.0	0.0	0.0	0.0	0.0	0.0						0.0	0.0	0.0	0.0	0.0	0.0	0.0	0.0	0.0						0.0	0.0	0.0	0.0	0.0	0.0	0.0	0.0	0.0					
2019-08-14 07:00:00	0	2.16	2.16	2.16	2.16	1.93	ILP.MI	2.18	2.18	2.18	2.18	2.28	1.93	-1.0	1.0	1.0	0	-1.0		0.0	-1.0		0.0														2.18		2.18		2.18					0.0			2.2	-0.0	-0.0	-0.02	-0.0	-0.0	-0.01		-0.02	0.0	0.0	616.82					1	0.0	0.0	-0.04	0.0	0.0	-0.02	-0.04	0.0	0.0	456.83					0.0	0.0	0.0	0.0	0.0	0.0	0.0	0.0	0.0						0.0	0.0	0.0	0.0	0.0	0.0	0.0	0.0	0.0						0.0	0.0	0.0	0.0	0.0	0.0	0.0	0.0	0.0					
2019-08-16 07:00:00	0	2.16	2.16	2.16	2.16	1.93	ILP.MI	2.15	2.15	2.15	2.15	2.28	1.93	-1.0	1.0	1.0	0	-1.0		0.0	-1.0		0.0	2.16																						0.0			2.2	-0.0	-0.0	-0.02	-0.0	-0.0	-0.01		-0.02	0.0	0.0	616.82					1	0.0	0.0	-0.04	0.0	0.0	-0.02	-0.04	0.0	0.0	456.83					0.0	0.0	0.0	0.0	0.0	0.0	0.0	0.0	0.0						0.0	0.0	0.0	0.0	0.0	0.0	0.0	0.0	0.0						0.0	0.0	0.0	0.0	0.0	0.0	0.0	0.0	0.0					
2019-08-19 07:00:00	0	2.16	2.16	2.16	2.16	1.93	ILP.MI	2.11	2.11	2.11	2.11	2.23	1.93	-1.0	1.0	1.0	0	-1.0		0.0	-1.0		0.0															2.11								0.0			2.2	-0.0	-0.0	-0.02	-0.0	-0.0	-0.01		-0.02	0.0	0.0	616.82					1	0.0	0.0	-0.04	0.0	0.0	-0.02	-0.04	0.0	0.0	456.83					0.0	0.0	0.0	0.0	0.0	0.0	0.0	0.0	0.0						0.0	0.0	0.0	0.0	0.0	0.0	0.0	0.0	0.0						0.0	0.0	0.0	0.0	0.0	0.0	0.0	0.0	0.0					
2019-08-20 07:00:00	600	2.16	2.16	2.16	2.16	1.93	ILP.MI	2.13	2.13	2.13	2.13	2.23	1.93	-1.0	1.0	1.0	0	-1.0		0.0	-1.0		0.0														2.13									0.0			2.2	-0.0	-0.0	-0.02	-0.0	-0.0	-0.01		-0.02	0.0	0.0	616.82					1	0.0	0.0	-0.04	0.0	0.0	-0.02	-0.04	0.0	0.0	456.83					0.0	0.0	0.0	0.0	0.0	0.0	0.0	0.0	0.0						0.0	0.0	0.0	0.0	0.0	0.0	0.0	0.0	0.0						0.0	0.0	0.0	0.0	0.0	0.0	0.0	0.0	0.0					
2019-08-21 07:00:00	600	2.1	2.1	2.1	2.1	1.87	ILP.MI	2.04	2.04	2.04	2.04	2.23	1.93	-1.0	1.0	1.0	0	-1.0		0.0	-1.0		0.0		2.1													2.04								0.0			2.2	0.06	0.06	0.04	0.03	0.03	0.02		0.04	0.0	0.0	626.5					1	-0.0	-0.0	-0.04	-0.0	-0.0	-0.02	-0.04	0.0	0.0	456.83					-0.0	-0.0	0.0	-0.0	-0.0	0.0	0.0	-0.0	0.0						-0.0	-0.0	0.0	-0.0	-0.0	0.0	0.0	-0.0	0.0						-0.0	-0.0	0.0	-0.0	-0.0	0.0	0.0	-0.0	0.0					
2019-08-22 07:00:00	0	2.1	2.1	2.1	2.1	1.87	ILP.MI	2.04	2.04	2.04	2.04	2.23	1.93	-1.0	1.0	1.0	0	-1.0		0.0	-1.0		0.0																							0.0			2.2	-0.0	-0.0	0.04	-0.0	-0.0	0.02		0.04	0.0	0.0	626.5					1	0.0	0.0	-0.04	0.0	0.0	-0.02	-0.04	0.0	0.0	456.83					0.0	0.0	0.0	0.0	0.0	0.0	0.0	0.0	0.0						0.0	0.0	0.0	0.0	0.0	0.0	0.0	0.0	0.0						0.0	0.0	0.0	0.0	0.0	0.0	0.0	0.0	0.0					
2019-08-23 07:00:00	1200	2.14	2.14	2.14	2.14	1.91	ILP.MI	2.11	2.11	2.11	2.11	2.23	1.93	-1.0	1.0	1.0	0	-1.0		0.0	-1.0		0.0														2.11									0.0			2.2	-0.04	-0.04	0.0	-0.02	-0.02	0.0		0.0	0.0	0.0	533.41					1	0.0	0.0	-0.04	0.0	0.0	-0.02	-0.04	0.0	0.0	456.83					0.0	0.0	0.0	0.0	0.0	0.0	0.0	0.0	0.0						0.0	0.0	0.0	0.0	0.0	0.0	0.0	0.0	0.0						0.0	0.0	0.0	0.0	0.0	0.0	0.0	0.0	0.0					
2019-08-26 07:00:00	600	2.16	2.16	2.16	2.16	1.93	ILP.MI	2.11	2.11	2.11	2.11	2.23	1.93	-1.0	1.0	1.0	0	-1.0		0.0	-1.0		0.0																							0.0			2.2	-0.02	-0.02	-0.02	-0.01	-0.01	-0.01		-0.02	0.0	0.0	488.48					1	0.0	0.0	-0.04	0.0	0.0	-0.02	-0.04	0.0	0.0	456.83					0.0	0.0	0.0	0.0	0.0	0.0	0.0	0.0	0.0						0.0	0.0	0.0	0.0	0.0	0.0	0.0	0.0	0.0						0.0	0.0	0.0	0.0	0.0	0.0	0.0	0.0	0.0					
2019-08-27 07:00:00	0	2.16	2.16	2.16	2.16	1.93	ILP.MI	2.08	2.08	2.08	2.08	2.2	1.93	-1.0	1.0	1.0	0	-1.0		0.0	-1.0		0.0	2.16																						0.0			2.2	-0.0	-0.0	-0.02	-0.0	-0.0	-0.01		-0.02	0.0	0.0	488.48					1	0.0	0.0	-0.04	0.0	0.0	-0.02	-0.04	0.0	0.0	456.83					0.0	0.0	0.0	0.0	0.0	0.0	0.0	0.0	0.0						0.0	0.0	0.0	0.0	0.0	0.0	0.0	0.0	0.0						0.0	0.0	0.0	0.0	0.0	0.0	0.0	0.0	0.0					
2019-08-28 07:00:00	0	2.16	2.16	2.16	2.16	1.93	ILP.MI	2.08	2.08	2.08	2.08	2.2	1.93	-1.0	1.0	1.0	0	-1.0		0.0	-1.0		0.0																							0.0			2.2	-0.0	-0.0	-0.02	-0.0	-0.0	-0.01		-0.02	0.0	0.0	488.48					1	0.0	0.0	-0.04	0.0	0.0	-0.02	-0.04	0.0	0.0	456.83					0.0	0.0	0.0	0.0	0.0	0.0	0.0	0.0	0.0						0.0	0.0	0.0	0.0	0.0	0.0	0.0	0.0	0.0						0.0	0.0	0.0	0.0	0.0	0.0	0.0	0.0	0.0					
2019-08-29 07:00:00	0	2.16	2.16	2.16	2.16	1.93	ILP.MI	2.04	2.04	2.04	2.04	2.2	1.93	-1.0	1.0	1.0	0	-1.0		0.0	-1.0		0.0																							0.0			2.2	-0.0	-0.0	-0.02	-0.0	-0.0	-0.01		-0.02	0.0	0.0	488.48					1	0.0	0.0	-0.04	0.0	0.0	-0.02	-0.04	0.0	0.0	456.83					0.0	0.0	0.0	0.0	0.0	0.0	0.0	0.0	0.0						0.0	0.0	0.0	0.0	0.0	0.0	0.0	0.0	0.0						0.0	0.0	0.0	0.0	0.0	0.0	0.0	0.0	0.0					
2019-08-30 07:00:00	600	2.1	2.1	2.1	2.1	1.87	ILP.MI	1.99	1.99	1.99	1.99	2.2	1.93	-1.0	1.0	-1.0	-1	-1.0		0.0	-1.0		0.0		2.1													1.99								0.0			2.2	0.06	0.06	0.04	0.03	0.03	0.02		0.04	0.0	0.0	497.15					1	-0.0	-0.0	-0.04	-0.0	-0.0	-0.02	-0.04	0.0	0.0	456.83					-0.0	-0.0	0.0	-0.0	-0.0	0.0	0.0	-0.0	0.0						-0.0	-0.0	0.0	-0.0	-0.0	0.0	0.0	-0.0	0.0						-0.0	-0.0	0.0	-0.0	-0.0	0.0	0.0	-0.0	0.0					
2019-09-02 07:00:00	7800	2.14	2.04	2.06	2.14	1.91	ILP.MI	1.94	2.02	1.92	2.02	2.2	1.92	-1.0	-1.0	-1.0	-1	-1.0		0.0	-1.0		0.0																							0.0			2.2	-0.04	-0.04	0.0	-0.02	-0.02	0.0		0.0	0.0	0.0	430.92					1	-0.04	-0.04	-0.08	-0.02	-0.02	-0.04	-0.08	0.0	0.0	385.47					0.0	0.0	0.0	0.0	0.0	0.0	0.0	0.0	0.0						0.0	0.0	0.0	0.0	0.0	0.0	0.0	0.0	0.0						0.0	0.0	0.0	0.0	0.0	0.0	0.0	0.0	0.0					
2019-09-03 07:00:00	0	2.14	2.14	2.14	2.14	1.91	ILP.MI	2.02	2.02	2.02	2.02	2.2	1.92	-1.0	-1.0	-1.0	-1	-1.0		0.0	-1.0		0.0	2.14													2.02									0.0			2.2	-0.0	-0.0	0.0	-0.0	-0.0	0.0		0.0	0.0	0.0	430.92					1	-0.0	-0.0	-0.08	-0.0	-0.0	-0.04	-0.08	0.0	0.0	385.47					0.0	0.0	0.0	0.0	0.0	0.0	0.0	0.0	0.0						0.0	0.0	0.0	0.0	0.0	0.0	0.0	0.0	0.0						0.0	0.0	0.0	0.0	0.0	0.0	0.0	0.0	0.0					
2019-09-04 07:00:00	600	2.12	2.12	2.12	2.12	1.89	ILP.MI	1.97	1.97	1.97	1.97	2.2	1.92	-1.0	-1.0	-1.0	-1	-1.0		0.0	-1.0		0.0																							0.0			2.2	0.02	0.02	0.02	0.01	0.01	0.01		0.02	0.0	0.0	433.52					1	0.02	0.02	-0.06	0.01	0.01	-0.03	-0.06	0.0	0.0	391.77					-0.0	-0.0	0.0	-0.0	-0.0	0.0	0.0	-0.0	0.0						-0.0	-0.0	0.0	-0.0	-0.0	0.0	0.0	-0.0	0.0						-0.0	-0.0	0.0	-0.0	-0.0	0.0	0.0	-0.0	0.0					
2019-09-05 07:00:00	0	2.12	2.12	2.12	2.12	1.89	ILP.MI	1.95	1.95	1.95	1.95	2.2	1.92	-1.0	-1.0	-1.0	-1	-1.0		0.0	-1.0		0.0																							0.0			2.2	-0.0	-0.0	0.02	-0.0	-0.0	0.01		0.02	0.0	0.0	433.52					1	-0.0	-0.0	-0.06	-0.0	-0.0	-0.03	-0.06	0.0	0.0	391.77					0.0	0.0	0.0	0.0	0.0	0.0	0.0	0.0	0.0						0.0	0.0	0.0	0.0	0.0	0.0	0.0	0.0	0.0						0.0	0.0	0.0	0.0	0.0	0.0	0.0	0.0	0.0					
2019-09-06 07:00:00	600	2.12	2.12	2.12	2.12	1.89	ILP.MI	1.95	1.95	1.95	1.95	2.2	1.92	-1.0	-1.0	-1.0	-1	-1.0		0.0	-1.0		0.0															1.95								0.0			2.2	-0.0	-0.0	0.02	-0.0	-0.0	0.01		0.02	0.0	0.0	433.52					1	-0.0	-0.0	-0.06	-0.0	-0.0	-0.03	-0.06	0.0	0.0	391.77					0.0	0.0	0.0	0.0	0.0	0.0	0.0	0.0	0.0						0.0	0.0	0.0	0.0	0.0	0.0	0.0	0.0	0.0						0.0	0.0	0.0	0.0	0.0	0.0	0.0	0.0	0.0					
2019-09-09 07:00:00	0	2.12	2.12	2.12	2.12	1.89	ILP.MI	1.95	1.95	1.95	1.95	2.2	1.92	-1.0	-1.0	-1.0	-1	-1.0		0.0	-1.0		0.0																							0.0			2.2	-0.0	-0.0	0.02	-0.0	-0.0	0.01		0.02	0.0	0.0	433.52					1	-0.0	-0.0	-0.06	-0.0	-0.0	-0.03	-0.06	0.0	0.0	391.77					0.0	0.0	0.0	0.0	0.0	0.0	0.0	0.0	0.0						0.0	0.0	0.0	0.0	0.0	0.0	0.0	0.0	0.0						0.0	0.0	0.0	0.0	0.0	0.0	0.0	0.0	0.0					
2019-09-10 07:00:00	0	2.12	2.12	2.12	2.12	1.89	ILP.MI	1.96	1.96	1.96	1.96	2.2	1.92	-1.0	-1.0	-1.0	-1	-1.0		0.0	-1.0		0.0														1.96									0.0			2.2	-0.0	-0.0	0.02	-0.0	-0.0	0.01		0.02	0.0	0.0	433.52					1	-0.0	-0.0	-0.06	-0.0	-0.0	-0.03	-0.06	0.0	0.0	391.77					0.0	0.0	0.0	0.0	0.0	0.0	0.0	0.0	0.0						0.0	0.0	0.0	0.0	0.0	0.0	0.0	0.0	0.0						0.0	0.0	0.0	0.0	0.0	0.0	0.0	0.0	0.0					
2019-09-11 07:00:00	6000	2.12	2.06	2.1	2.06	1.84	ILP.MI	1.94	1.96	1.9	1.9	2.2	1.9	-1.0	-1.0	-1.0	-1	-1.0		0.0	-1.0		0.0																							0.0			2.2	0.06	0.06	0.08	0.03	0.03	0.04		0.08	0.0	0.0	440.1					1	0.06	0.06	0.0	0.03	0.03	0.0	0.0	0.0	0.0	406.89					-0.0	-0.0	0.0	-0.0	-0.0	0.0	0.0	-0.0	0.0						-0.0	-0.0	0.0	-0.0	-0.0	0.0	0.0	-0.0	0.0						-0.0	-0.0	0.0	-0.0	-0.0	0.0	0.0	-0.0	0.0					
2019-09-12 07:00:00	3000	2.06	2.04	2.06	2.04	1.82	ILP.MI	1.89	1.89	1.87	1.87	2.2	1.87	-1.0	-1.0	-1.0	-1	-1.0		0.0	-1.0		0.0																							0.0			2.2	0.02	0.02	0.1	0.01	0.01	0.05		0.1	0.0	0.0	441.96					1	0.02	0.02	0.02	0.01	0.01	0.01	0.02	0.0	0.0	410.98					-0.0	-0.0	0.0	-0.0	-0.0	0.0	0.0	-0.0	0.0						-0.0	-0.0	0.0	-0.0	-0.0	0.0	0.0	-0.0	0.0						-0.0	-0.0	0.0	-0.0	-0.0	0.0	0.0	-0.0	0.0					
2019-09-13 07:00:00	4800	2.0	1.98	2.0	1.98	1.77	ILP.MI	1.82	1.82	1.8	1.8	2.2	1.8	-1.0	-1.0	-1.0	-1	-1.0		0.0	-1.0		0.0		1.98		1.98											1.8		1.8						0.0			2.2	0.06	0.06	0.16	0.03	0.03	0.08		0.16	0.0	0.0	446.82					1	0.06	0.06	0.08	0.03	0.03	0.04	0.08	0.0	0.0	421.21					-0.0	-0.0	0.0	-0.0	-0.0	0.0	0.0	-0.0	0.0						-0.0	-0.0	0.0	-0.0	-0.0	0.0	0.0	-0.0	0.0						-0.0	-0.0	0.0	-0.0	-0.0	0.0	0.0	-0.0	0.0					
2019-09-16 07:00:00	13200	2.08	1.94	1.98	2.08	1.85	ILP.MI	1.82	1.91	1.78	1.91	2.2	1.78	-1.0	-1.0	-1.0	-1	-1.0		0.0	-1.0		0.0																							0.0			2.2	-0.1	-0.1	0.06	-0.05	-0.05	0.03		0.06	0.0	0.0	337.09					1	-0.1	-0.1	-0.02	-0.05	-0.05	-0.01	-0.02	0.0	0.0	306.52					0.0	0.0	0.0	0.0	0.0	0.0	0.0	0.0	0.0						0.0	0.0	0.0	0.0	0.0	0.0	0.0	0.0	0.0						0.0	0.0	0.0	0.0	0.0	0.0	0.0	0.0	0.0					
2019-09-17 07:00:00	4800	2.08	2.02	2.06	2.02	1.8	ILP.MI	1.91	1.93	1.87	1.87	2.2	1.78	-1.0	-1.0	-1.0	-1	-1.0		0.0	-1.0		0.0														1.93									0.0			2.2	0.06	0.06	0.12	0.03	0.03	0.06		0.12	0.0	0.0	341.26					1	0.06	0.06	0.04	0.03	0.03	0.02	0.04	0.0	0.0	314.7					-0.0	-0.0	0.0	-0.0	-0.0	0.0	0.0	-0.0	0.0						-0.0	-0.0	0.0	-0.0	-0.0	0.0	0.0	-0.0	0.0						-0.0	-0.0	0.0	-0.0	-0.0	0.0	0.0	-0.0	0.0					
2019-09-18 07:00:00	1200	2.04	2.04	2.04	2.04	1.82	ILP.MI	1.88	1.88	1.88	1.88	2.2	1.78	-1.0	-1.0	-1.0	-1	-1.0	-1.0	1.0	-1.0	-1.0	1.0															1.88								0.0			2.2	-0.02	-0.02	0.1	-0.01	-0.01	0.05		0.1	0.0	0.0	318.51					1	-0.02	-0.02	0.02	-0.01	-0.01	0.01	0.02	0.0	0.0	290.75					0.0	0.0	0.0	0.0	0.0	0.0	0.0	0.0	0.0						0.0	0.0	0.0	0.0	0.0	0.0	0.0	0.0	0.0						0.0	0.0	0.0	0.0	0.0	0.0	0.0	0.0	0.0					
2019-09-19 07:00:00	600	2.08	2.08	2.08	2.08	1.85	ILP.MI	1.9	1.9	1.9	1.9	2.2	1.78	-1.0	-1.0	-1.0	-1	-1.0	-1.0	1.0	-1.0	-1.0	1.0																							0.0			2.2	-0.04	-0.04	0.06	-0.02	-0.02	0.03		0.06	0.0	0.0	284.88					1	-0.04	-0.04	-0.02	-0.02	-0.02	-0.01	-0.02	0.0	0.0	255.79					0.04	0.04	0.04	0.02	0.02	0.02	0.04	0.0	0.0	inf					0.04	0.04	0.04	0.02	0.02	0.02	0.04	0.0	0.0	inf					0.0	0.0	0.0	0.0	0.0	0.0	0.0	0.0	0.0					
2019-09-20 07:00:00	0	2.08	2.08	2.08	2.08	1.85	ILP.MI	1.9	1.9	1.9	1.9	2.2	1.78	-1.0	-1.0	-1.0	-1	-1.0	-1.0	1.0	-1.0	-1.0	1.0																							0.0			2.2	-0.0	-0.0	0.06	-0.0	-0.0	0.03		0.06	0.0	0.0	284.88					1	-0.0	-0.0	-0.02	-0.0	-0.0	-0.01	-0.02	0.0	0.0	255.79					0.0	0.0	0.04	0.0	0.0	0.02	0.04	0.0	0.0	inf					0.0	0.0	0.04	0.0	0.0	0.02	0.04	0.0	0.0	inf					0.0	0.0	0.0	0.0	0.0	0.0	0.0	0.0	0.0					
2019-09-23 07:00:00	0	2.08	2.08	2.08	2.08	1.85	ILP.MI	1.92	1.92	1.92	1.92	2.2	1.78	-1.0	-1.0	-1.0	-1	-1.0	-1.0	1.0	-1.0	-1.0	1.0	2.08																						0.0			2.2	-0.0	-0.0	0.06	-0.0	-0.0	0.03		0.06	0.0	0.0	284.88					1	-0.0	-0.0	-0.02	-0.0	-0.0	-0.01	-0.02	0.0	0.0	255.79					0.0	0.0	0.04	0.0	0.0	0.02	0.04	0.0	0.0	inf					0.0	0.0	0.04	0.0	0.0	0.02	0.04	0.0	0.0	inf					0.0	0.0	0.0	0.0	0.0	0.0	0.0	0.0	0.0					
2019-09-24 07:00:00	0	2.08	2.08	2.08	2.08	1.85	ILP.MI	1.92	1.92	1.92	1.92	2.2	1.78	-1.0	-1.0	-1.0	-1	-1.0	-1.0	1.0	-1.0	-1.0	1.0																							0.0			2.2	-0.0	-0.0	0.06	-0.0	-0.0	0.03		0.06	0.0	0.0	284.88					1	-0.0	-0.0	-0.02	-0.0	-0.0	-0.01	-0.02	0.0	0.0	255.79					0.0	0.0	0.04	0.0	0.0	0.02	0.04	0.0	0.0	inf					0.0	0.0	0.04	0.0	0.0	0.02	0.04	0.0	0.0	inf					0.0	0.0	0.0	0.0	0.0	0.0	0.0	0.0	0.0					
2019-09-25 07:00:00	0	2.08	2.08	2.08	2.08	1.85	ILP.MI	1.93	1.93	1.93	1.93	2.2	1.78	-1.0	-1.0	-1.0	-1	-1.0	-1.0	1.0	-1.0	-1.0	1.0														1.93									0.0			2.2	-0.0	-0.0	0.06	-0.0	-0.0	0.03		0.06	0.0	0.0	284.88					1	-0.0	-0.0	-0.02	-0.0	-0.0	-0.01	-0.02	0.0	0.0	255.79					0.0	0.0	0.04	0.0	0.0	0.02	0.04	0.0	0.0	inf					0.0	0.0	0.04	0.0	0.0	0.02	0.04	0.0	0.0	inf					0.0	0.0	0.0	0.0	0.0	0.0	0.0	0.0	0.0					
2019-09-26 07:00:00	1200	2.02	2.02	2.02	2.02	1.8	ILP.MI	1.86	1.86	1.86	1.86	2.2	1.78	-1.0	-1.0	-1.0	-1	-1.0	-1.0	1.0	-1.0	-1.0	1.0		2.02													1.86								0.0			2.2	0.06	0.06	0.12	0.03	0.03	0.06		0.12	0.0	0.0	288.92					1	0.06	0.06	0.04	0.03	0.03	0.02	0.04	0.0	0.0	263.09					-0.06	-0.06	-0.02	-0.03	-0.03	-0.01	-0.02	0.0	0.0	3330.76					-0.06	-0.06	-0.02	-0.03	-0.03	-0.01	-0.02	0.0	0.0	3330.76					-0.0	-0.0	0.0	-0.0	-0.0	0.0	0.0	-0.0	0.0					
2019-09-27 07:00:00	1800	2.06	2.02	2.02	2.06	1.84	ILP.MI	1.86	1.9	1.86	1.9	2.2	1.78	-1.0	-1.0	-1.0	-1	-1.0	-1.0	1.0	-1.0	-1.0	1.0	2.06													1.9									0.0			2.2	-0.04	-0.04	0.08	-0.02	-0.02	0.04		0.08	0.0	0.0	259.54					1	-0.04	-0.04	0.0	-0.02	-0.02	0.0	0.0	0.0	0.0	227.97					0.04	0.04	0.02	0.02	0.02	0.01	0.02	0.0	0.0	3356.63					0.04	0.04	0.02	0.02	0.02	0.01	0.02	0.0	0.0	3356.63					0.0	0.0	0.0	0.0	0.0	0.0	0.0	0.0	0.0					
2019-09-30 07:00:00	3000	2.06	2.0	2.02	2.06	1.84	ILP.MI	1.85	1.88	1.83	1.88	2.2	1.78	-1.0	-1.0	-1.0	-1	-1.0	-1.0	1.0	-1.0	-1.0	1.0		2.0													1.83								0.0			2.2	-0.0	-0.0	0.08	-0.0	-0.0	0.04		0.08	0.0	0.0	259.54					1	-0.0	-0.0	0.0	-0.0	-0.0	0.0	0.0	0.0	0.0	246.14					0.0	0.0	0.02	0.0	0.0	0.01	0.02	0.0	0.0	3356.63					0.0	0.0	0.02	0.0	0.0	0.01	0.02	0.0	0.0	3356.63					0.0	0.0	0.0	0.0	0.0	0.0	0.0	0.0	0.0					
2019-10-01 07:00:00	600	2.04	2.04	2.04	2.04	1.82	ILP.MI	1.88	1.88	1.88	1.88	2.2	1.78	-1.0	-1.0	-1.0	-1	-1.0	-1.0	1.0	-1.0	-1.0	1.0																							0.0			2.2	0.02	0.02	0.1	0.01	0.01	0.05		0.1	0.0	0.0	260.82					1	0.02	0.02	0.02	0.01	0.01	0.01	0.02	0.0	0.0	248.55					-0.02	-0.02	0.0	-0.01	-0.01	0.0	0.0	0.0	0.0	2459.86					-0.02	-0.02	0.0	-0.01	-0.01	0.0	0.0	0.0	0.0	2459.86					-0.0	-0.0	0.0	-0.0	-0.0	0.0	0.0	-0.0	0.0					
2019-10-02 07:00:00	1200	2.06	2.04	2.04	2.06	1.84	ILP.MI	1.94	1.95	1.94	1.95	2.2	1.78	-1.0	-1.0	-1.0	-1	-1.0	-1.0	1.0	-1.0	-1.0	1.0														1.95									0.0			2.2	-0.02	-0.02	0.08	-0.01	-0.01	0.04		0.08	0.0	0.0	244.33					1	-0.02	-0.02	0.0	-0.01	-0.01	0.0	0.0	0.0	0.0	248.02					0.02	0.02	0.02	0.01	0.01	0.01	0.02	0.0	0.0	2470.11					0.02	0.02	0.02	0.01	0.01	0.01	0.02	0.0	0.0	2470.11					0.0	0.0	0.0	0.0	0.0	0.0	0.0	0.0	0.0					
2019-10-03 07:00:00	0	2.06	2.06	2.06	2.06	1.84	ILP.MI	1.95	1.95	1.95	1.95	2.2	1.78	-1.0	-1.0	-1.0	-1	-1.0	-1.0	1.0	-1.0	-1.0	1.0																							0.0			2.2	-0.0	-0.0	0.08	-0.0	-0.0	0.04		0.08	0.0	0.0	244.33					1	-0.0	-0.0	0.0	-0.0	-0.0	0.0	0.0	0.0	0.0	248.02					0.0	0.0	0.02	0.0	0.0	0.01	0.02	0.0	0.0	2470.11					0.0	0.0	0.02	0.0	0.0	0.01	0.02	0.0	0.0	2470.11					0.0	0.0	0.0	0.0	0.0	0.0	0.0	0.0	0.0					
2019-10-04 07:00:00	0	2.06	2.06	2.06	2.06	1.84	ILP.MI	1.94	1.94	1.94	1.94	2.2	1.78	-1.0	-1.0	-1.0	-1	-1.0	-1.0	1.0	-1.0	-1.0	1.0	2.06																						0.0			2.2	-0.0	-0.0	0.08	-0.0	-0.0	0.04		0.08	0.0	0.0	244.33					1	-0.0	-0.0	0.0	-0.0	-0.0	0.0	0.0	0.0	0.0	243.23					0.0	0.0	0.02	0.0	0.0	0.01	0.02	0.0	0.0	2470.11					0.0	0.0	0.02	0.0	0.0	0.01	0.02	0.0	0.0	2470.11					0.0	0.0	0.0	0.0	0.0	0.0	0.0	0.0	0.0					
2019-10-07 07:00:00	0	2.06	2.06	2.06	2.06	1.84	ILP.MI	1.92	1.92	1.92	1.92	2.2	1.78	-1.0	-1.0	-1.0	-1	-1.0	-1.0	1.0	-1.0	-1.0	1.0															1.92								0.0			2.2	-0.0	-0.0	0.08	-0.0	-0.0	0.04		0.08	0.0	0.0	244.33					1	-0.0	-0.0	0.0	-0.0	-0.0	0.0	0.0	0.0	0.0	262.54					0.0	0.0	0.02	0.0	0.0	0.01	0.02	0.0	0.0	2470.11					0.0	0.0	0.02	0.0	0.0	0.01	0.02	0.0	0.0	2470.11					0.0	0.0	0.0	0.0	0.0	0.0	0.0	0.0	0.0					
2019-10-08 07:00:00	600	2.04	2.04	2.04	2.04	1.82	ILP.MI	1.93	1.93	1.93	1.93	2.2	1.78	-1.0	-1.0	-1.0	-1	-1.0	-1.0	1.0	-1.0	-1.0	1.0		2.04																					0.0			2.2	0.02	0.02	0.1	0.01	0.01	0.05		0.1	0.0	0.0	245.62					1	0.02	0.02	0.02	0.01	0.01	0.01	0.02	0.0	0.0	262.63					-0.02	-0.02	0.0	-0.01	-0.01	-0.0	0.0	0.0	0.0	1926.91					-0.02	-0.02	0.0	-0.01	-0.01	-0.0	0.0	0.0	0.0	1926.91					-0.0	-0.0	0.0	-0.0	-0.0	0.0	0.0	-0.0	0.0					
2019-10-09 07:00:00	143400	2.26	2.0	2.04	2.0	1.78	ILP.MI	1.91	2.12	1.88	1.88	2.2	1.78	-1.0	-1.0	1.0	1	-1.0	-1.0	1.0	-1.0	-1.0	1.0	2.26		2.26		2.26					-1.0			2.26	2.12		2.12							0.0			2.2	0.04	0.04	0.14	0.02	0.02	0.07		0.14	0.0	0.0	248.03					1	0.04	0.04	0.06	0.02	0.02	0.03	0.06	0.0	0.0	267.37					-0.04	-0.04	-0.04	-0.02	-0.02	-0.02	-0.04	0.0	0.0	1317.72					-0.04	-0.04	-0.04	-0.02	-0.02	-0.02	-0.04	0.0	0.0	1317.72					-0.0	-0.0	0.0	-0.0	-0.0	0.0	0.0	-0.0	0.0					
2019-10-10 07:00:00	17400	2.1	2.02	2.08	2.1	1.87	ILP.MI	1.93	1.95	1.88	1.95	2.2	1.78	-1.0	-1.0	1.0	1	-1.0	-1.0	1.0	-1.0	-1.0	1.0		2.02								-1.0			2.26										0.0			2.2	-0.1	-0.1	0.04	-0.05	-0.05	0.02		0.04	0.0	0.0	201.07					1	0.1	0.1	0.16	0.05	0.05	0.08	0.16	0.0	0.0	296.11					0.1	0.1	0.06	0.05	0.05	0.03	0.06	0.0	0.0	1358.72					0.1	0.1	0.06	0.05	0.05	0.03	0.06	0.0	0.0	1358.72					0.0	0.0	0.0	0.0	0.0	0.0	0.0	0.0	0.0					
2019-10-11 07:00:00	5400	2.1	2.04	2.06	2.1	1.87	ILP.MI	1.88	1.91	1.86	1.91	2.2	1.78	-1.0	-1.0	1.0	1	-1.0	-1.0	1.0	-1.0	-1.0	1.0	2.1									-1.0			2.26										0.0			2.2	-0.0	-0.0	0.04	-0.0	-0.0	0.02		0.04	0.0	0.0	201.07					1	0.0	0.0	0.16	0.0	0.0	0.08	0.16	0.0	0.0	296.11					0.0	0.0	0.06	0.0	0.0	0.03	0.06	0.0	0.0	1358.72					0.0	0.0	0.06	0.0	0.0	0.03	0.06	0.0	0.0	1358.72					0.0	0.0	0.0	0.0	0.0	0.0	0.0	0.0	0.0					
2019-10-14 07:00:00	4200	2.06	2.02	2.04	2.06	1.84	ILP.MI	1.87	1.88	1.85	1.88	2.2	1.78	-1.0	-1.0	1.0	1	-1.0	-1.0	1.0	-1.0	-1.0	1.0		2.02								-1.0			2.26		1.85								0.0			2.2	0.04	0.04	0.08	0.02	0.02	0.04		0.08	0.0	0.0	203.31					1	-0.04	-0.04	0.12	-0.02	-0.02	0.06	0.12	0.0	0.0	261.28					-0.04	-0.04	0.02	-0.02	-0.02	0.01	0.02	0.0	0.0	1030.55					-0.04	-0.04	0.02	-0.02	-0.02	0.01	0.02	0.0	0.0	1030.55					-0.0	-0.0	0.0	-0.0	-0.0	0.0	0.0	-0.0	0.0					
2019-10-15 07:00:00	3000	2.1	2.08	2.1	2.1	1.87	ILP.MI	1.9	1.9	1.88	1.9	2.2	1.78	-1.0	-1.0	1.0	1	-1.0	-1.0	1.0	-1.0	-1.0	1.0										-1.0			2.26	1.9									0.0			2.2	-0.04	-0.04	0.04	-0.02	-0.02	0.02		0.04	0.0	0.0	184.87					1	0.04	0.04	0.16	0.02	0.02	0.08	0.16	0.0	0.0	309.03					0.04	0.04	0.06	0.02	0.02	0.03	0.06	0.0	0.0	1038.99					0.04	0.04	0.06	0.02	0.02	0.03	0.06	0.0	0.0	1038.99					0.0	0.0	0.0	0.0	0.0	0.0	0.0	0.0	0.0					
2019-10-16 07:00:00	6600	2.14	2.08	2.1	2.08	1.85	ILP.MI	1.89	1.93	1.87	1.87	2.2	1.78	-1.0	-1.0	1.0	1	-1.0	-1.0	1.0	-1.0	-1.0	1.0	2.14									-1.0			2.26										0.0			2.2	0.02	0.02	0.06	0.01	0.01	0.03		0.06	0.0	0.0	185.96					1	-0.02	-0.02	0.14	-0.01	-0.01	0.07	0.14	0.0	0.0	288.12					-0.02	-0.02	0.04	-0.01	-0.01	0.02	0.04	0.0	0.0	913.86					-0.02	-0.02	0.04	-0.01	-0.01	0.02	0.04	0.0	0.0	913.86					-0.0	-0.0	0.0	-0.0	-0.0	0.0	0.0	-0.0	0.0					
2019-10-17 07:00:00	0	2.08	2.08	2.08	2.08	1.85	ILP.MI	1.88	1.88	1.88	1.88	2.2	1.78	-1.0	-1.0	1.0	1	-1.0	-1.0	1.0	-1.0	-1.0	1.0										-1.0			2.26										0.0			2.2	-0.0	-0.0	0.06	-0.0	-0.0	0.03		0.06	0.0	0.0	185.96					1	0.0	0.0	0.14	0.0	0.0	0.07	0.14	0.0	0.0	284.97					0.0	0.0	0.04	0.0	0.0	0.02	0.04	0.0	0.0	913.86					0.0	0.0	0.04	0.0	0.0	0.02	0.04	0.0	0.0	913.86					0.0	0.0	0.0	0.0	0.0	0.0	0.0	0.0	0.0					
2019-10-18 07:00:00	0	2.08	2.08	2.08	2.08	1.85	ILP.MI	1.88	1.88	1.88	1.88	2.2	1.78	-1.0	-1.0	1.0	1	-1.0	-1.0	1.0	-1.0	-1.0	1.0										-1.0			2.26										0.0			2.2	-0.0	-0.0	0.06	-0.0	-0.0	0.03		0.06	0.0	0.0	185.96					1	0.0	0.0	0.14	0.0	0.0	0.07	0.14	0.0	0.0	320.24					0.0	0.0	0.04	0.0	0.0	0.02	0.04	0.0	0.0	913.86					0.0	0.0	0.04	0.0	0.0	0.02	0.04	0.0	0.0	913.86					0.0	0.0	0.0	0.0	0.0	0.0	0.0	0.0	0.0					
2019-10-21 07:00:00	7800	2.08	1.92	2.08	2.06	1.84	ILP.MI	1.87	1.87	1.73	1.85	2.2	1.73	-1.0	-1.0	-1.0	-1	-1.0	-1.0	1.0	-1.0	-1.0	1.0		1.92		1.92		1.92				-1.0			2.26										0.0			2.2	0.02	0.02	0.08	0.01	0.01	0.04		0.08	0.0	0.0	187.02					1	-0.02	-0.02	0.12	-0.01	-0.01	0.06	0.12	0.0	0.0	297.75					-0.02	-0.02	0.02	-0.01	-0.01	0.01	0.02	0.0	0.0	808.84					-0.02	-0.02	0.02	-0.01	-0.01	0.01	0.02	0.0	0.0	808.84					-0.0	-0.0	0.0	-0.0	-0.0	0.0	0.0	-0.0	0.0					
2019-10-22 07:00:00	13200	2.04	1.99	2.0	2.02	1.8	ILP.MI	1.8	1.83	1.79	1.82	2.18	1.73	-1.0	-1.0	-1.0	-1	-1.0	-1.0	1.0	-1.0	-1.0	1.0										-1.0			2.26		1.79		1.79						0.0			2.2	0.04	0.04	0.12	0.02	0.02	0.06		0.12	0.0	0.0	189.01					1	0.04	0.04	0.16	0.02	0.02	0.08	0.16	0.0	0.0	301.04					-0.04	-0.04	-0.02	-0.02	-0.02	-0.01	-0.02	0.0	0.0	657.88					-0.04	-0.04	-0.02	-0.02	-0.02	-0.01	-0.02	0.0	0.0	657.88					-0.0	-0.0	0.0	-0.0	-0.0	0.0	0.0	-0.0	0.0					
2019-10-23 07:00:00	1200	2.04	2.04	2.04	2.04	1.82	ILP.MI	1.84	1.84	1.84	1.84	2.18	1.73	-1.0	-1.0	-1.0	-1	-1.0	-1.0	1.0	-1.0	-1.0	1.0										-1.0			2.26	1.84									0.0			2.2	-0.02	-0.02	0.1	-0.01	-0.01	0.05		0.1	0.0	0.0	177.84					1	-0.02	-0.02	0.14	-0.01	-0.01	0.07	0.14	0.0	0.0	278.39					0.02	0.02	0.0	0.01	0.01	0.0	0.0	0.0	0.0	663.21					0.02	0.02	0.0	0.01	0.01	0.0	0.0	0.0	0.0	663.21					0.0	0.0	0.0	0.0	0.0	0.0	0.0	0.0	0.0					
2019-10-24 07:00:00	0	2.04	2.04	2.04	2.04	1.82	ILP.MI	1.83	1.83	1.83	1.83	2.18	1.73	-1.0	-1.0	-1.0	-1	-1.0	-1.0	1.0	-1.0	-1.0	1.0										-1.0			2.26		1.83								0.0			2.2	-0.0	-0.0	0.1	-0.0	-0.0	0.05		0.1	0.0	0.0	177.84					1	-0.0	-0.0	0.14	-0.0	-0.0	0.07	0.14	0.0	0.0	274.82					0.0	0.0	0.0	0.0	0.0	0.0	0.0	0.0	0.0	663.21					0.0	0.0	0.0	0.0	0.0	0.0	0.0	0.0	0.0	663.21					0.0	0.0	0.0	0.0	0.0	0.0	0.0	0.0	0.0					
2019-10-25 07:00:00	600	2.06	2.06	2.06	2.06	1.84	ILP.MI	1.84	1.84	1.84	1.84	2.18	1.73	-1.0	-1.0	-1.0	-1	-1.0	-1.0	1.0	-1.0	-1.0	1.0	2.06									-1.0			2.26	1.84									0.0			2.2	-0.02	-0.02	0.08	-0.01	-0.01	0.04		0.08	0.0	0.0	167.18					1	-0.02	-0.02	0.12	-0.01	-0.01	0.06	0.12	0.0	0.0	274.45					0.02	0.02	0.02	0.01	0.01	0.01	0.02	0.0	0.0	667.73					0.02	0.02	0.02	0.01	0.01	0.01	0.02	0.0	0.0	667.73					0.0	0.0	0.0	0.0	0.0	0.0	0.0	0.0	0.0					
2019-10-28 08:00:00	1800	2.04	2.0	2.04	2.04	1.82	ILP.MI	1.82	1.82	1.78	1.82	2.18	1.73	-1.0	-1.0	-1.0	-1	-1.0	-1.0	1.0	-1.0	-1.0	1.0		2.0								-1.0			2.26		1.78								0.0			2.2	0.02	0.02	0.1	0.01	0.01	0.05		0.1	0.0	0.0	168.21					1	0.02	0.02	0.14	0.01	0.01	0.07	0.14	0.0	0.0	296.88					-0.02	-0.02	0.0	-0.01	-0.01	-0.0	0.0	0.0	0.0	601.12					-0.02	-0.02	0.0	-0.01	-0.01	-0.0	0.0	0.0	0.0	601.12					-0.0	-0.0	0.0	-0.0	-0.0	0.0	0.0	-0.0	0.0					
2019-10-29 08:00:00	1200	2.06	2.06	2.06	2.06	1.84	ILP.MI	1.84	1.84	1.84	1.84	2.18	1.73	-1.0	-1.0	-1.0	-1	-1.0	-1.0	1.0	-1.0	-1.0	1.0	2.06									-1.0			2.26	1.84									0.0			2.2	-0.02	-0.02	0.08	-0.01	-0.01	0.04		0.08	0.0	0.0	158.02					1	-0.02	-0.02	0.12	-0.01	-0.01	0.06	0.12	0.0	0.0	310.16					0.02	0.02	0.02	0.01	0.01	0.01	0.02	0.0	0.0	605.52					0.02	0.02	0.02	0.01	0.01	0.01	0.02	0.0	0.0	605.52					0.0	0.0	0.0	0.0	0.0	0.0	0.0	0.0	0.0					
2019-10-30 08:00:00	7800	2.02	1.98	2.0	2.0	1.78	ILP.MI	1.79	1.8	1.77	1.79	2.18	1.73	-1.0	-1.0	-1.0	-1	-1.0	-1.0	1.0	-1.0	-1.0	1.0		1.98								-1.0			2.26		1.77								0.0			2.2	0.06	0.06	0.14	0.03	0.03	0.07		0.14	0.0	0.0	161.02					1	0.06	0.06	0.18	0.03	0.03	0.09	0.18	0.0	0.0	314.93					-0.06	-0.06	-0.04	-0.03	-0.03	-0.02	-0.04	0.0	0.0	473.85					-0.06	-0.06	-0.04	-0.03	-0.03	-0.02	-0.04	0.0	0.0	473.85					-0.0	-0.0	0.0	-0.0	-0.0	0.0	0.0	-0.0	0.0					
2019-10-31 08:00:00	10200	2.06	1.96	2.06	2.04	1.82	ILP.MI	1.83	1.83	1.75	1.82	2.18	1.73	-1.0	-1.0	-1.0	-1	-1.0	-1.0	1.0	-1.0	-1.0	1.0										-1.0			2.26										0.0			2.2	-0.04	-0.04	0.1	-0.02	-0.02	0.05		0.1	0.0	0.0	146.54					1	-0.04	-0.04	0.14	-0.02	-0.02	0.07	0.14	0.0	0.0	279.23					0.04	0.04	0.0	0.02	0.02	-0.0	0.0	0.0	0.0	482.01					0.04	0.04	0.0	0.02	0.02	-0.0	0.0	0.0	0.0	482.01					0.0	0.0	0.0	0.0	0.0	0.0	0.0	0.0	0.0					
2019-11-01 08:00:00	0	2.04	2.04	2.04	2.04	1.82	ILP.MI	1.8	1.8	1.8	1.8	2.18	1.73	-1.0	-1.0	-1.0	-1	-1.0	-1.0	1.0	-1.0	-1.0	1.0										-1.0			2.26										0.0			2.2	-0.0	-0.0	0.1	-0.0	-0.0	0.05		0.1	0.0	0.0	146.54					1	-0.0	-0.0	0.14	-0.0	-0.0	0.07	0.14	0.0	0.0	279.23					0.0	0.0	0.0	0.0	0.0	-0.0	0.0	0.0	0.0	482.01					0.0	0.0	0.0	0.0	0.0	-0.0	0.0	0.0	0.0	482.01					0.0	0.0	0.0	0.0	0.0	0.0	0.0	0.0	0.0					
2019-11-04 08:00:00	27600	2.14	2.04	2.04	2.12	1.89	ILP.MI	1.77	1.86	1.77	1.84	2.18	1.73	-1.0	-1.0	-1.0	-1	-1.0	-1.0	1.0	-1.0	-1.0	1.0										-1.0			2.26	1.86		1.86							0.0			2.2	-0.08	-0.08	0.02	-0.04	-0.04	0.01		0.02	0.0	0.0	125.67					1	-0.08	-0.08	0.06	-0.04	-0.04	0.03	0.06	0.0	0.0	228.78					0.08	0.08	0.08	0.04	0.04	0.04	0.08	0.0	0.0	493.35					0.08	0.08	0.08	0.04	0.04	0.04	0.08	0.0	0.0	493.35					0.0	0.0	0.0	0.0	0.0	0.0	0.0	0.0	0.0					
2019-11-05 08:00:00	6000	2.12	2.1	2.1	2.1	1.87	ILP.MI	1.82	1.83	1.82	1.82	2.18	1.73	-1.0	-1.0	-1.0	-1	-1.0	-1.0	1.0	-1.0	-1.0	1.0	2.12									-1.0			2.26										0.0			2.2	0.02	0.02	0.04	0.01	0.01	0.02		0.04	0.0	0.0	126.64					1	0.02	0.02	0.08	0.01	0.01	0.04	0.08	0.0	0.0	230.31					-0.02	-0.02	0.06	-0.01	-0.01	0.03	0.06	0.0	0.0	453.46					-0.02	-0.02	0.06	-0.01	-0.01	0.03	0.06	0.0	0.0	453.46					-0.0	-0.0	0.0	-0.0	-0.0	0.0	0.0	-0.0	0.0					
2019-11-06 08:00:00	5400	2.14	2.04	2.12	2.1	1.87	ILP.MI	1.83	1.85	1.76	1.82	2.18	1.73	-1.0	-1.0	-1.0	0	-1.0	-1.0	1.0	-1.0	-1.0	1.0										-1.0			2.26										0.0			2.2	-0.0	-0.0	0.04	-0.0	-0.0	0.02		0.04	0.0	0.0	126.64					1	-0.0	-0.0	0.08	-0.0	-0.0	0.04	0.08	0.0	0.0	230.31					0.0	0.0	0.06	0.0	0.0	0.03	0.06	0.0	0.0	453.46					0.0	0.0	0.06	0.0	0.0	0.03	0.06	0.0	0.0	453.46					0.0	0.0	0.0	0.0	0.0	0.0	0.0	0.0	0.0					
2019-11-07 08:00:00	1800	2.1	2.04	2.04	2.1	1.87	ILP.MI	1.75	1.81	1.75	1.81	2.18	1.73	-1.0	-1.0	-1.0	0	-1.0	-1.0	1.0	-1.0	-1.0	1.0										-1.0			2.26										0.0			2.2	-0.0	-0.0	0.04	-0.0	-0.0	0.02		0.04	0.0	0.0	126.64					1	0.0	0.0	0.08	0.0	0.0	0.04	0.08	0.0	0.0	230.31					0.0	0.0	0.06	0.0	0.0	0.03	0.06	0.0	0.0	453.46					0.0	0.0	0.06	0.0	0.0	0.03	0.06	0.0	0.0	453.46					0.0	0.0	0.0	0.0	0.0	0.0	0.0	0.0	0.0					
2019-11-08 08:00:00	3000	2.1	2.02	2.04	2.1	1.87	ILP.MI	1.75	1.8	1.73	1.8	2.18	1.73	-1.0	-1.0	-1.0	0	-1.0	-1.0	1.0	-1.0	-1.0	1.0		2.02								-1.0			2.26		1.73								0.0			2.2	-0.0	-0.0	0.04	-0.0	-0.0	0.02		0.04	0.0	0.0	126.64					1	0.0	0.0	0.08	0.0	0.0	0.04	0.08	0.0	0.0	230.31					0.0	0.0	0.06	0.0	0.0	0.03	0.06	0.0	0.0	453.46					0.0	0.0	0.06	0.0	0.0	0.03	0.06	0.0	0.0	453.46					0.0	0.0	0.0	0.0	0.0	0.0	0.0	0.0	0.0					
2019-11-11 08:00:00	1200	2.1	2.08	2.08	2.1	1.87	ILP.MI	1.79	1.81	1.79	1.81	2.18	1.73	-1.0	-1.0	-1.0	0	-1.0	-1.0	1.0	-1.0	-1.0	1.0	2.1									-1.0			2.26	1.81			1.79						0.0			2.2	-0.0	-0.0	0.04	-0.0	-0.0	0.02		0.04	0.0	0.0	126.64					1	0.0	0.0	0.08	0.0	0.0	0.04	0.08	0.0	0.0	230.31					0.0	0.0	0.06	0.0	0.0	0.03	0.06	0.0	0.0	453.46					0.0	0.0	0.06	0.0	0.0	0.03	0.06	0.0	0.0	453.46					0.0	0.0	0.0	0.0	0.0	0.0	0.0	0.0	0.0					
2019-11-12 08:00:00	9000	2.1	2.04	2.08	2.1	1.87	ILP.MI	1.77	1.78	1.73	1.78	2.18	1.73	-1.0	-1.0	-1.0	0	-1.0	-1.0	1.0	-1.0	-1.0	1.0		2.04								-1.0			2.26		1.73								0.0			2.2	-0.0	-0.0	0.04	-0.0	-0.0	0.02		0.04	0.0	0.0	126.64					1	0.0	0.0	0.08	0.0	0.0	0.04	0.08	0.0	0.0	230.31					0.0	0.0	0.06	0.0	0.0	0.03	0.06	0.0	0.0	453.46					0.0	0.0	0.06	0.0	0.0	0.03	0.06	0.0	0.0	453.46					0.0	0.0	0.0	0.0	0.0	0.0	0.0	0.0	0.0					
2019-11-13 08:00:00	4800	2.12	2.04	2.1	2.12	1.89	ILP.MI	1.8	1.82	1.75	1.82	2.18	1.73	-1.0	-1.0	-1.0	0	-1.0	-1.0	1.0	-1.0	-1.0	1.0	2.12									-1.0			2.26	1.82									0.0			2.2	-0.02	-0.02	0.02	-0.01	-0.01	0.01		0.02	0.0	0.0	118.73					1	0.0	0.0	0.08	0.0	0.0	0.04	0.08	0.0	0.0	230.31					0.02	0.02	0.08	0.01	0.01	0.04	0.08	0.0	0.0	455.84					0.02	0.02	0.08	0.01	0.01	0.04	0.08	0.0	0.0	455.84					0.0	0.0	0.0	0.0	0.0	0.0	0.0	0.0	0.0					
2019-11-14 08:00:00	79200	2.12	2.04	2.06	2.08	1.85	ILP.MI	1.77	1.82	1.76	1.79	2.18	1.73	-1.0	-1.0	-1.0	0	-1.0	-1.0	1.0	-1.0	-1.0	1.0										-1.0			2.26										0.0			2.2	0.04	0.04	0.06	0.02	0.02	0.03		0.06	0.0	0.0	120.65					1	-0.0	-0.0	0.08	-0.0	-0.0	0.04	0.08	0.0	0.0	230.31					-0.04	-0.04	0.04	-0.02	-0.02	0.02	0.04	0.0	0.0	396.35					-0.04	-0.04	0.04	-0.02	-0.02	0.02	0.04	0.0	0.0	396.35					-0.0	-0.0	0.0	-0.0	-0.0	0.0	0.0	-0.0	0.0					
2019-11-15 08:00:00	1200	2.06	2.06	2.06	2.06	1.84	ILP.MI	1.77	1.77	1.77	1.77	2.18	1.73	-1.0	-1.0	-1.0	0	-1.0	-1.0	1.0	-1.0	-1.0	1.0		2.06								-1.0			2.26		1.77								0.0			2.2	0.02	0.02	0.08	0.01	0.01	0.04		0.08	0.0	0.0	121.57					1	-0.0	-0.0	0.08	-0.0	-0.0	0.04	0.08	0.0	0.0	228.83					-0.02	-0.02	0.02	-0.01	-0.01	0.01	0.02	0.0	0.0	365.36					-0.02	-0.02	0.02	-0.01	-0.01	0.01	0.02	0.0	0.0	365.36					-0.0	-0.0	0.0	-0.0	-0.0	0.0	0.0	-0.0	0.0					
2019-11-18 08:00:00	47400	2.2	2.06	2.08	2.16	1.93	ILP.MI	1.79	1.9	1.77	1.86	2.18	1.73	-1.0	-1.0	1.0	0	-1.0	-1.0	1.0	-1.0	-1.0	1.0										-1.0			2.26										0.0			2.2	-0.1	-0.1	-0.02	-0.05	-0.05	-0.01		-0.02	0.0	0.0	101.86					1	0.0	0.0	0.08	0.0	0.0	0.04	0.08	0.0	0.0	244.74					0.1	0.1	0.12	0.05	0.05	0.06	0.12	0.0	0.0	376.39					0.1	0.1	0.12	0.05	0.05	0.06	0.12	0.0	0.0	376.39					0.0	0.0	0.0	0.0	0.0	0.0	0.0	0.0	0.0					
2019-11-19 08:00:00	7200	2.2	2.16	2.16	2.16	1.93	ILP.MI	1.87	1.91	1.87	1.87	2.18	1.73	-1.0	-1.0	1.0	0	-1.0	-1.0	1.0	-1.0	-1.0	1.0										-1.0			2.26										0.0			2.2	-0.0	-0.0	-0.02	-0.0	-0.0	-0.01		-0.02	0.0	0.0	101.86					1	0.0	0.0	0.08	0.0	0.0	0.04	0.08	0.0	0.0	244.74					0.0	0.0	0.12	0.0	0.0	0.06	0.12	0.0	0.0	376.39					0.0	0.0	0.12	0.0	0.0	0.06	0.12	0.0	0.0	376.39					0.0	0.0	0.0	0.0	0.0	0.0	0.0	0.0	0.0					
2019-11-20 08:00:00	4800	2.2	2.18	2.18	2.2	1.96	ILP.MI	1.89	1.9	1.89	1.9	2.18	1.73	-1.0	-1.0	1.0	0	-1.0	-1.0	1.0	-1.0	-1.0	1.0	2.2									-1.0			2.26	1.9									0.0			2.2	-0.04	-0.04	-0.06	-0.02	-0.02	-0.03		-0.06	0.0	0.0	92.69					1	0.0	0.0	0.08	0.0	0.0	0.04	0.08	0.0	0.0	244.74					0.04	0.04	0.16	0.02	0.02	0.08	0.16	0.0	0.0	379.65					0.04	0.04	0.16	0.02	0.02	0.08	0.16	0.0	0.0	379.65					0.0	0.0	0.0	0.0	0.0	0.0	0.0	0.0	0.0					
2019-11-21 08:00:00	4200	2.2	2.14	2.2	2.2	1.96	ILP.MI	1.91	1.91	1.86	1.91	2.18	1.73	-1.0	-1.0	1.0	0	-1.0	-1.0	1.0	-1.0	-1.0	1.0		2.14								-1.0			2.26		1.86								0.0			2.2	-0.0	-0.0	-0.06	-0.0	-0.0	-0.03		-0.06	0.0	0.0	92.69					1	0.0	0.0	0.08	0.0	0.0	0.04	0.08	0.0	0.0	244.74					0.0	0.0	0.16	0.0	0.0	0.08	0.16	0.0	0.0	379.65					0.0	0.0	0.16	0.0	0.0	0.08	0.16	0.0	0.0	379.65					0.0	0.0	0.0	0.0	0.0	0.0	0.0	0.0	0.0					
2019-11-22 08:00:00	3000	2.2	2.16	2.2	2.2	1.96	ILP.MI	1.91	1.91	1.88	1.91	2.18	1.73	-1.0	-1.0	1.0	0	-1.0	-1.0	1.0	-1.0	-1.0	1.0										-1.0			2.26	1.91									0.0			2.2	-0.0	-0.0	-0.06	-0.0	-0.0	-0.03		-0.06	0.0	0.0	92.69					1	0.0	0.0	0.08	0.0	0.0	0.04	0.08	0.0	0.0	244.74					0.0	0.0	0.16	0.0	0.0	0.08	0.16	0.0	0.0	379.65					0.0	0.0	0.16	0.0	0.0	0.08	0.16	0.0	0.0	379.65					0.0	0.0	0.0	0.0	0.0	0.0	0.0	0.0	0.0					
2019-11-25 08:00:00	0	2.2	2.2	2.2	2.2	1.96	ILP.MI	1.9	1.9	1.9	1.9	2.18	1.73	-1.0	-1.0	1.0	0	-1.0	-1.0	1.0	-1.0	-1.0	1.0	2.2		2.2							-1.0			2.26										0.0			2.2	-0.0	-0.0	-0.06	-0.0	-0.0	-0.03		-0.06	0.0	0.0	92.69					1	0.0	0.0	0.08	0.0	0.0	0.04	0.08	0.0	0.0	244.74					0.0	0.0	0.16	0.0	0.0	0.08	0.16	0.0	0.0	379.65					0.0	0.0	0.16	0.0	0.0	0.08	0.16	0.0	0.0	379.65					0.0	0.0	0.0	0.0	0.0	0.0	0.0	0.0	0.0					
2019-11-26 08:00:00	0	2.2	2.2	2.2	2.2	1.96	ILP.MI	1.89	1.89	1.89	1.89	2.18	1.73	-1.0	-1.0	1.0	0	-1.0	-1.0	1.0	-1.0	-1.0	1.0										-1.0			2.26										0.0			2.2	-0.0	-0.0	-0.06	-0.0	-0.0	-0.03		-0.06	0.0	0.0	92.69					1	0.0	0.0	0.08	0.0	0.0	0.04	0.08	0.0	0.0	244.74					0.0	0.0	0.16	0.0	0.0	0.08	0.16	0.0	0.0	379.65					0.0	0.0	0.16	0.0	0.0	0.08	0.16	0.0	0.0	379.65					0.0	0.0	0.0	0.0	0.0	0.0	0.0	0.0	0.0					
2019-11-27 08:00:00	4200	2.18	2.14	2.14	2.18	1.94	ILP.MI	1.84	1.88	1.84	1.88	2.18	1.73	-1.0	-1.0	1.0	0	-1.0	-1.0	1.0	-1.0	-1.0	1.0		2.14								-1.0			2.26		1.84								0.0			2.2	0.02	0.02	-0.04	0.01	0.01	-0.02		-0.04	0.0	0.0	93.59					1	-0.0	-0.0	0.08	-0.0	-0.0	0.04	0.08	0.0	0.0	244.74					-0.02	-0.02	0.14	-0.01	-0.01	0.07	0.14	0.0	0.0	353.14					-0.02	-0.02	0.14	-0.01	-0.01	0.07	0.14	0.0	0.0	353.14					-0.0	-0.0	0.0	-0.0	-0.0	0.0	0.0	-0.0	0.0					
2019-11-28 08:00:00	5400	2.2	2.14	2.14	2.2	1.96	ILP.MI	1.85	1.9	1.85	1.9	2.18	1.73	-1.0	-1.0	1.0	0	-1.0	-1.0	1.0	-1.0	-1.0	1.0										-1.0			2.26										0.0			2.2	-0.02	-0.02	-0.06	-0.01	-0.01	-0.03		-0.06	0.0	0.0	87.3					1	0.0	0.0	0.08	0.0	0.0	0.04	0.08	0.0	0.0	244.74					0.02	0.02	0.16	0.01	0.01	0.08	0.16	0.0	0.0	354.73					0.02	0.02	0.16	0.01	0.01	0.08	0.16	0.0	0.0	354.73					0.0	0.0	0.0	0.0	0.0	0.0	0.0	0.0	0.0					
2019-11-29 08:00:00	0	2.2	2.2	2.2	2.2	1.96	ILP.MI	1.91	1.91	1.91	1.91	2.18	1.73	-1.0	-1.0	1.0	0	-1.0	-1.0	1.0	-1.0	-1.0	1.0	2.2									-1.0			2.26										0.0			2.2	-0.0	-0.0	-0.06	-0.0	-0.0	-0.03		-0.06	0.0	0.0	87.3					1	0.0	0.0	0.08	0.0	0.0	0.04	0.08	0.0	0.0	244.74					0.0	0.0	0.16	0.0	0.0	0.08	0.16	0.0	0.0	354.73					0.0	0.0	0.16	0.0	0.0	0.08	0.16	0.0	0.0	354.73					0.0	0.0	0.0	0.0	0.0	0.0	0.0	0.0	0.0					
2019-12-02 08:00:00	43200	2.22	2.15	2.15	2.22	1.98	ILP.MI	1.91	1.97	1.91	1.97	2.18	1.73	-1.0	-1.0	1.0	0	-1.0	-1.0	1.0	-1.0	-1.0	1.0										-1.0			2.26	1.97		1.97							0.0			2.2	-0.02	-0.02	-0.08	-0.01	-0.01	-0.04		-0.08	0.0	0.0	92.31					1	0.0	0.0	0.08	0.0	0.0	0.04	0.08	0.0	0.0	244.74					0.02	0.02	0.18	0.01	0.01	0.09	0.18	0.0	0.0	356.2					0.02	0.02	0.18	0.01	0.01	0.09	0.18	0.0	0.0	356.2					0.0	0.0	0.0	0.0	0.0	0.0	0.0	0.0	0.0					
2019-12-03 08:00:00	16200	2.2	2.15	2.2	2.17	1.93	ILP.MI	1.96	1.96	1.91	1.93	2.18	1.73	-1.0	-1.0	1.0	0	-1.0	-1.0	1.0	-1.0	-1.0	1.0		2.15								-1.0			2.26										0.0			2.2	0.05	0.05	-0.03	0.02	0.02	-0.01		-0.03	0.0	0.0	100.96					1	-0.0	-0.0	0.08	-0.0	-0.0	0.04	0.08	0.0	0.0	243.29					-0.05	-0.05	0.13	-0.02	-0.02	0.06	0.13	0.0	0.0	309.7					-0.05	-0.05	0.13	-0.02	-0.02	0.06	0.13	0.0	0.0	309.7					-0.0	-0.0	0.0	-0.0	-0.0	0.0	0.0	-0.0	0.0					
2019-12-04 08:00:00	2400	2.19	2.17	2.17	2.19	1.95	ILP.MI	1.9	1.92	1.9	1.92	2.18	1.73	-1.0	-1.0	1.0	0	-1.0	-1.0	1.0	-1.0	-1.0	1.0	2.19									-1.0			2.26										0.0			2.2	-0.02	-0.02	-0.05	-0.01	-0.01	-0.02		-0.05	0.0	0.0	94.49					1	0.0	0.0	0.08	0.0	0.0	0.04	0.08	0.0	0.0	243.29					0.02	0.02	0.15	0.01	0.01	0.07	0.15	0.0	0.0	311.2					0.02	0.02	0.15	0.01	0.01	0.07	0.15	0.0	0.0	311.2					0.0	0.0	0.0	0.0	0.0	0.0	0.0	0.0	0.0					
2019-12-05 08:00:00	7200	2.18	2.1	2.13	2.18	1.94	ILP.MI	1.87	1.92	1.85	1.92	2.18	1.73	-1.0	-1.0	1.0	0	-1.0	-1.0	1.0	-1.0	-1.0	1.0		2.1								-1.0			2.26										0.0			2.2	0.01	0.01	-0.04	0.0	0.0	-0.02		-0.04	0.0	0.0	94.91					1	-0.0	-0.0	0.08	-0.0	-0.0	0.04	0.08	0.0	0.0	243.29					-0.01	-0.01	0.14	-0.0	-0.0	0.07	0.14	0.0	0.0	296.94					-0.01	-0.01	0.14	-0.0	-0.0	0.07	0.14	0.0	0.0	296.94					-0.0	-0.0	0.0	-0.0	-0.0	0.0	0.0	-0.0	0.0					
2019-12-06 08:00:00	8400	2.18	2.14	2.17	2.17	1.93	ILP.MI	1.89	1.9	1.87	1.89	2.18	1.73	-1.0	-1.0	1.0	0	-1.0	-1.0	1.0	-1.0	-1.0	1.0										-1.0			2.26		1.87								0.0			2.2	0.01	0.01	-0.03	0.0	0.0	-0.01		-0.03	0.0	0.0	94.5					1	-0.0	-0.0	0.08	-0.0	-0.0	0.04	0.08	0.0	0.0	259.98					-0.01	-0.01	0.13	-0.0	-0.0	0.06	0.13	0.0	0.0	283.06					-0.01	-0.01	0.13	-0.0	-0.0	0.06	0.13	0.0	0.0	283.06					-0.0	-0.0	0.0	-0.0	-0.0	0.0	0.0	-0.0	0.0					
2019-12-09 08:00:00	600	2.17	2.17	2.17	2.17	1.93	ILP.MI	1.91	1.91	1.91	1.91	2.18	1.73	-1.0	-1.0	1.0	0	-1.0	-1.0	1.0	-1.0	-1.0	1.0	2.17			2.17						-1.0			2.26	1.91									0.0			2.2	-0.0	-0.0	-0.03	-0.0	-0.0	-0.01		-0.03	0.0	0.0	94.5					1	0.0	0.0	0.08	0.0	0.0	0.04	0.08	0.0	0.0	259.98					0.0	0.0	0.13	0.0	0.0	0.06	0.13	0.0	0.0	283.06					0.0	0.0	0.13	0.0	0.0	0.06	0.13	0.0	0.0	283.06					0.0	0.0	0.0	0.0	0.0	0.0	0.0	0.0	0.0					
2019-12-10 08:00:00	1200	2.17	2.13	2.13	2.17	1.93	ILP.MI	1.86	1.9	1.86	1.9	2.18	1.73	-1.0	-1.0	1.0	0	-1.0	-1.0	1.0	-1.0	-1.0	1.0										-1.0			2.26										0.0			2.2	-0.0	-0.0	-0.03	-0.0	-0.0	-0.01		-0.03	0.0	0.0	94.5					1	0.0	0.0	0.08	0.0	0.0	0.04	0.08	0.0	0.0	259.98					0.0	0.0	0.13	0.0	0.0	0.06	0.13	0.0	0.0	283.06					0.0	0.0	0.13	0.0	0.0	0.06	0.13	0.0	0.0	283.06					0.0	0.0	0.0	0.0	0.0	0.0	0.0	0.0	0.0					
2019-12-11 08:00:00	1800	2.16	2.12	2.13	2.16	1.93	ILP.MI	1.86	1.89	1.85	1.89	2.18	1.73	-1.0	-1.0	1.0	0	-1.0	-1.0	1.0	-1.0	-1.0	1.0										-1.0			2.26										0.0			2.2	0.01	0.01	-0.02	0.0	0.0	-0.01		-0.02	0.0	0.0	94.92					1	-0.0	-0.0	0.08	-0.0	-0.0	0.04	0.08	0.0	0.0	259.98					-0.01	-0.01	0.12	-0.0	-0.0	0.06	0.12	0.0	0.0	269.55					-0.01	-0.01	0.12	-0.0	-0.0	0.06	0.12	0.0	0.0	269.55					-0.0	-0.0	0.0	-0.0	-0.0	0.0	0.0	-0.0	0.0					
2019-12-12 08:00:00	8400	2.16	2.1	2.11	2.16	1.93	ILP.MI	1.82	1.87	1.81	1.87	2.18	1.73	-1.0	-1.0	1.0	0	-1.0	-1.0	1.0	-1.0	-1.0	1.0		2.1								-1.0			2.26		1.81								0.0			2.2	-0.0	-0.0	-0.02	-0.0	-0.0	-0.01		-0.02	0.0	0.0	94.92					1	0.0	0.0	0.08	0.0	0.0	0.04	0.08	0.0	0.0	259.98					0.0	0.0	0.12	0.0	0.0	0.06	0.12	0.0	0.0	269.55					0.0	0.0	0.12	0.0	0.0	0.06	0.12	0.0	0.0	269.55					0.0	0.0	0.0	0.0	0.0	0.0	0.0	0.0	0.0					
2019-12-13 08:00:00	1800	2.18	2.18	2.18	2.18	1.94	ILP.MI	1.89	1.89	1.89	1.89	2.18	1.73	-1.0	-1.0	1.0	0	-1.0	-1.0	1.0	-1.0	-1.0	1.0	2.18		2.18							-1.0			2.26	1.89									0.0			2.2	-0.02	-0.02	-0.04	-0.01	-0.01	-0.02		-0.04	0.0	0.0	87.73					1	0.0	0.0	0.08	0.0	0.0	0.04	0.08	0.0	0.0	277.71					0.02	0.02	0.14	0.01	0.01	0.07	0.14	0.0	0.0	271.26					0.02	0.02	0.14	0.01	0.01	0.07	0.14	0.0	0.0	271.26					0.0	0.0	0.0	0.0	0.0	0.0	0.0	0.0	0.0					
2019-12-16 08:00:00	1800	2.16	2.13	2.13	2.16	1.93	ILP.MI	1.83	1.86	1.83	1.86	2.18	1.73	-1.0	-1.0	1.0	0	-1.0	-1.0	1.0	-1.0	-1.0	1.0		2.13								-1.0			2.26		1.83								0.0			2.2	0.02	0.02	-0.02	0.01	0.01	-0.01		-0.02	0.0	0.0	88.62					1	-0.0	-0.0	0.08	-0.0	-0.0	0.04	0.08	0.0	0.0	277.71					-0.02	-0.02	0.12	-0.01	-0.01	0.06	0.12	0.0	0.0	252.56					-0.02	-0.02	0.12	-0.01	-0.01	0.06	0.12	0.0	0.0	252.56					-0.0	-0.0	0.0	-0.0	-0.0	0.0	0.0	-0.0	0.0					
2019-12-17 08:00:00	3000	2.17	2.16	2.16	2.17	1.93	ILP.MI	1.85	1.86	1.85	1.86	2.18	1.73	-1.0	-1.0	1.0	0	-1.0	-1.0	1.0	-1.0	-1.0	1.0	2.17									-1.0			2.26	1.86									0.0			2.2	-0.01	-0.01	-0.03	-0.0	-0.0	-0.01		-0.03	0.0	0.0	83.64					1	0.0	0.0	0.08	0.0	0.0	0.04	0.08	0.0	0.0	277.71					0.01	0.01	0.13	0.0	0.0	0.06	0.13	0.0	0.0	253.43					0.01	0.01	0.13	0.0	0.0	0.06	0.13	0.0	0.0	253.43					0.0	0.0	0.0	0.0	0.0	0.0	0.0	0.0	0.0					
2019-12-18 08:00:00	0	2.17	2.17	2.17	2.17	1.93	ILP.MI	1.86	1.86	1.86	1.86	2.18	1.73	-1.0	-1.0	1.0	0	-1.0	-1.0	1.0	-1.0	-1.0	1.0										-1.0			2.26										0.0			2.2	-0.0	-0.0	-0.03	-0.0	-0.0	-0.01		-0.03	0.0	0.0	89.83					1	0.0	0.0	0.08	0.0	0.0	0.04	0.08	0.0	0.0	276.34					0.0	0.0	0.13	0.0	0.0	0.06	0.13	0.0	0.0	253.43					0.0	0.0	0.13	0.0	0.0	0.06	0.13	0.0	0.0	253.43					0.0	0.0	0.0	0.0	0.0	0.0	0.0	0.0	0.0					
2019-12-19 08:00:00	1200	2.16	2.12	2.12	2.16	1.93	ILP.MI	1.81	1.84	1.81	1.84	2.18	1.73	-1.0	-1.0	-1.0	0	-1.0	-1.0	1.0	-1.0	-1.0	1.0		2.12								-1.0			2.26										0.0			2.2	0.01	0.01	-0.02	0.0	0.0	-0.01		-0.02	0.0	0.0	89.4					1	-0.0	-0.0	0.08	-0.0	-0.0	0.04	0.08	0.0	0.0	295.22					-0.01	-0.01	0.12	-0.0	-0.0	0.06	0.12	0.0	0.0	241.04					-0.01	-0.01	0.12	-0.0	-0.0	0.06	0.12	0.0	0.0	241.04					-0.0	-0.0	0.0	-0.0	-0.0	0.0	0.0	-0.0	0.0					
2019-12-20 08:00:00	105600	2.17	2.1	2.1	2.17	1.93	ILP.MI	1.77	1.83	1.77	1.83	2.18	1.73	-1.0	-1.0	-1.0	-1	-1.0	-1.0	1.0	-1.0	-1.0	1.0										-1.0			2.26		1.77		1.77						0.0			2.2	-0.01	-0.01	-0.03	-0.0	-0.0	-0.01		-0.03	0.0	0.0	90.63					1	0.0	0.0	0.08	0.0	0.0	0.04	0.08	0.0	0.0	295.22					0.01	0.01	0.13	0.0	0.0	0.06	0.13	0.0	0.0	241.93					0.01	0.01	0.13	0.0	0.0	0.06	0.13	0.0	0.0	241.93					0.0	0.0	0.0	0.0	0.0	0.0	0.0	0.0	0.0					
2019-12-23 08:00:00	0	2.17	2.17	2.17	2.17	1.93	ILP.MI	1.84	1.84	1.84	1.84	2.18	1.73	-1.0	-1.0	-1.0	-1	-1.0	-1.0	1.0	-1.0	-1.0	1.0	2.17									-1.0			2.26										0.0			2.2	-0.0	-0.0	-0.03	-0.0	-0.0	-0.01		-0.03	0.0	0.0	89.73					1	-0.0	-0.0	0.08	-0.0	-0.0	0.04	0.08	0.0	0.0	295.22					0.0	0.0	0.13	0.0	0.0	0.06	0.13	0.0	0.0	241.93					0.0	0.0	0.13	0.0	0.0	0.06	0.13	0.0	0.0	241.93					0.0	0.0	0.0	0.0	0.0	0.0	0.0	0.0	0.0					
2019-12-27 08:00:00	1200	2.17	2.17	2.17	2.17	1.93	ILP.MI	1.85	1.85	1.85	1.85	2.18	1.73	-1.0	-1.0	-1.0	-1	-1.0	-1.0	1.0	-1.0	-1.0	1.0										-1.0			2.26	1.85									0.0			2.2	-0.0	-0.0	-0.03	-0.0	-0.0	-0.01		-0.03	0.0	0.0	86.79					1	-0.0	-0.0	0.08	-0.0	-0.0	0.04	0.08	0.0	0.0	295.22					0.0	0.0	0.13	0.0	0.0	0.06	0.13	0.0	0.0	241.93					0.0	0.0	0.13	0.0	0.0	0.06	0.13	0.0	0.0	241.93					0.0	0.0	0.0	0.0	0.0	0.0	0.0	0.0	0.0					
2019-12-30 08:00:00	12000	2.17	2.07	2.12	2.11	1.88	ILP.MI	1.82	1.87	1.78	1.81	2.18	1.73	-1.0	-1.0	-1.0	-1	-1.0	-1.0	1.0	-1.0	-1.0	1.0		2.07		2.07						-1.0			2.26		1.78								0.0			2.2	0.06	0.06	0.03	0.03	0.03	0.01		0.03	0.0	0.0	104.73					1	0.06	0.06	0.14	0.03	0.03	0.07	0.14	0.0	0.0	298.92					-0.06	-0.06	0.07	-0.03	-0.03	0.03	0.07	0.0	0.0	206.27					-0.06	-0.06	0.07	-0.03	-0.03	0.03	0.07	0.0	0.0	206.27					-0.0	-0.0	0.0	-0.0	-0.0	0.0	0.0	-0.0	0.0					
2020-01-02 08:00:00	6600	2.17	2.1	2.15	2.17	1.93	ILP.MI	1.82	1.84	1.78	1.84	2.18	1.73	-1.0	-1.0	-1.0	-1	-1.0	-1.0	1.0	-1.0	-1.0	1.0										-1.0			2.26										0.0			2.2	-0.06	-0.06	-0.03	-0.03	-0.03	-0.01		-0.03	0.0	0.0	92.27					1	-0.06	-0.06	0.08	-0.03	-0.03	0.04	0.08	0.0	0.0	258.47					0.06	0.06	0.13	0.03	0.03	0.06	0.13	0.0	0.0	211.39					0.06	0.06	0.13	0.03	0.03	0.06	0.13	0.0	0.0	211.39					0.0	0.0	0.0	0.0	0.0	0.0	0.0	0.0	0.0					
2020-01-03 08:00:00	0	2.17	2.17	2.17	2.17	1.93	ILP.MI	1.85	1.85	1.85	1.85	2.18	1.73	-1.0	-1.0	-1.0	-1	-1.0	-1.0	1.0	-1.0	-1.0	1.0										-1.0			2.26										0.0			2.2	-0.0	-0.0	-0.03	-0.0	-0.0	-0.01		-0.03	0.0	0.0	88.28					1	-0.0	-0.0	0.08	-0.0	-0.0	0.04	0.08	0.0	0.0	258.47					0.0	0.0	0.13	0.0	0.0	0.06	0.13	0.0	0.0	211.39					0.0	0.0	0.13	0.0	0.0	0.06	0.13	0.0	0.0	211.39					0.0	0.0	0.0	0.0	0.0	0.0	0.0	0.0	0.0					
2020-01-06 08:00:00	0	2.17	2.17	2.17	2.17	1.93	ILP.MI	1.86	1.86	1.86	1.86	2.18	1.73	-1.0	-1.0	-1.0	-1	-1.0	-1.0	1.0	-1.0	-1.0	1.0										-1.0			2.26	1.86		1.86							0.0			2.2	-0.0	-0.0	-0.03	-0.0	-0.0	-0.01		-0.03	0.0	0.0	100.86					1	-0.0	-0.0	0.08	-0.0	-0.0	0.04	0.08	0.0	0.0	258.47					0.0	0.0	0.13	0.0	0.0	0.06	0.13	0.0	0.0	211.39					0.0	0.0	0.13	0.0	0.0	0.06	0.13	0.0	0.0	211.39					0.0	0.0	0.0	0.0	0.0	0.0	0.0	0.0	0.0					
2020-01-07 08:00:00	600	2.18	2.18	2.18	2.18	1.94	ILP.MI	1.86	1.86	1.86	1.86	2.18	1.73	-1.0	-1.0	-1.0	-1	-1.0	-1.0	1.0	-1.0	-1.0	1.0										-1.0			2.26										0.0			2.2	-0.01	-0.01	-0.04	-0.0	-0.0	-0.02		-0.04	0.0	0.0	91.82					1	-0.01	-0.01	0.07	-0.0	-0.0	0.04	0.07	0.0	0.0	247.16					0.01	0.01	0.14	0.0	0.0	0.07	0.14	0.0	0.0	212.15					0.01	0.01	0.14	0.0	0.0	0.07	0.14	0.0	0.0	212.15					0.0	0.0	0.0	0.0	0.0	0.0	0.0	0.0	0.0					
2020-01-08 08:00:00	0	2.18	2.18	2.18	2.18	1.94	ILP.MI	1.85	1.85	1.85	1.85	2.18	1.73	-1.0	-1.0	-1.0	0	-1.0	-1.0	1.0	-1.0	-1.0	1.0	2.18									-1.0			2.26										0.0			2.2	-0.0	-0.0	-0.04	-0.0	-0.0	-0.02		-0.04	0.0	0.0	102.25					1	-0.0	-0.0	0.07	-0.0	-0.0	0.04	0.07	0.0	0.0	247.16					0.0	0.0	0.14	0.0	0.0	0.07	0.14	0.0	0.0	212.15					0.0	0.0	0.14	0.0	0.0	0.07	0.14	0.0	0.0	212.15					0.0	0.0	0.0	0.0	0.0	0.0	0.0	0.0	0.0					
2020-01-09 08:00:00	0	2.18	2.18	2.18	2.18	1.94	ILP.MI	1.83	1.83	1.83	1.83	2.15	1.73	-1.0	-1.0	-1.0	0	-1.0	-1.0	1.0	-1.0	-1.0	1.0										-1.0			2.26										0.0			2.2	-0.0	-0.0	-0.04	-0.0	-0.0	-0.02		-0.04	0.0	0.0	102.25					1	0.0	0.0	0.07	0.0	0.0	0.04	0.07	0.0	0.0	247.16					0.0	0.0	0.14	0.0	0.0	0.07	0.14	0.0	0.0	212.15					0.0	0.0	0.14	0.0	0.0	0.07	0.14	0.0	0.0	212.15					0.0	0.0	0.0	0.0	0.0	0.0	0.0	0.0	0.0					
2020-01-10 08:00:00	1800	2.2	2.13	2.2	2.14	1.91	ILP.MI	1.85	1.85	1.79	1.8	2.13	1.73	-1.0	-1.0	-1.0	0	-1.0	-1.0	1.0	-1.0	-1.0	1.0		2.13	2.2		2.2					-1.0			2.26		1.79								0.0			2.2	0.04	0.04	0.0	0.02	0.02	0.0		0.0	0.0	0.0	104.49					1	-0.0	-0.0	0.07	-0.0	-0.0	0.04	0.07	0.0	0.0	247.16					-0.04	-0.04	0.1	-0.02	-0.02	0.05	0.1	0.0	0.0	189.97					-0.04	-0.04	0.1	-0.02	-0.02	0.05	0.1	0.0	0.0	189.97					-0.0	-0.0	0.0	-0.0	-0.0	0.0	0.0	-0.0	0.0					
2020-01-13 08:00:00	1800	2.18	2.17	2.17	2.18	1.94	ILP.MI	1.84	1.84	1.84	1.84	2.13	1.73	-1.0	-1.0	-1.0	0	-1.0	-1.0	1.0	-1.0	-1.0	1.0										-1.0			2.26										0.0			2.2	-0.04	-0.04	-0.04	-0.02	-0.02	-0.02		-0.04	0.0	0.0	94.19					1	0.0	0.0	0.07	0.0	0.0	0.04	0.07	0.0	0.0	247.16					0.04	0.04	0.14	0.02	0.02	0.07	0.14	0.0	0.0	192.99					0.04	0.04	0.14	0.02	0.02	0.07	0.14	0.0	0.0	192.99					0.0	0.0	0.0	0.0	0.0	0.0	0.0	0.0	0.0					
2020-01-14 08:00:00	0	2.18	2.18	2.18	2.18	1.94	ILP.MI	1.84	1.84	1.84	1.84	2.12	1.73	-1.0	-1.0	-1.0	0	-1.0	-1.0	1.0	-1.0	-1.0	1.0	2.18									-1.0			2.26										0.0			2.2	-0.0	-0.0	-0.04	-0.0	-0.0	-0.02		-0.04	0.0	0.0	94.19					1	0.0	0.0	0.07	0.0	0.0	0.04	0.07	0.0	0.0	247.16					0.0	0.0	0.14	0.0	0.0	0.07	0.14	0.0	0.0	192.99					0.0	0.0	0.14	0.0	0.0	0.07	0.14	0.0	0.0	192.99					0.0	0.0	0.0	0.0	0.0	0.0	0.0	0.0	0.0					
2020-01-15 08:00:00	0	2.18	2.18	2.18	2.18	1.94	ILP.MI	1.85	1.85	1.85	1.85	2.12	1.73	-1.0	-1.0	-1.0	0	-1.0	-1.0	1.0	-1.0	-1.0	1.0										-1.0			2.26	1.85									0.0			2.2	-0.0	-0.0	-0.04	-0.0	-0.0	-0.02		-0.04	0.0	0.0	90.58					1	0.0	0.0	0.07	0.0	0.0	0.04	0.07	0.0	0.0	247.16					0.0	0.0	0.14	0.0	0.0	0.07	0.14	0.0	0.0	192.99					0.0	0.0	0.14	0.0	0.0	0.07	0.14	0.0	0.0	192.99					0.0	0.0	0.0	0.0	0.0	0.0	0.0	0.0	0.0					
2020-01-16 08:00:00	0	2.18	2.18	2.18	2.18	1.94	ILP.MI	1.84	1.84	1.84	1.84	2.12	1.73	-1.0	-1.0	-1.0	0	-1.0	-1.0	1.0	-1.0	-1.0	1.0										-1.0			2.26										0.0			2.2	-0.0	-0.0	-0.04	-0.0	-0.0	-0.02		-0.04	0.0	0.0	90.58					1	0.0	0.0	0.07	0.0	0.0	0.04	0.07	0.0	0.0	247.16					0.0	0.0	0.14	0.0	0.0	0.07	0.14	0.0	0.0	192.99					0.0	0.0	0.14	0.0	0.0	0.07	0.14	0.0	0.0	192.99					0.0	0.0	0.0	0.0	0.0	0.0	0.0	0.0	0.0					
2020-01-17 08:00:00	2400	2.18	2.12	2.18	2.18	1.94	ILP.MI	1.83	1.83	1.77	1.83	2.12	1.73	-1.0	-1.0	-1.0	0	-1.0	-1.0	1.0	-1.0	-1.0	1.0										-1.0			2.26										0.0			2.2	-0.0	-0.0	-0.04	-0.0	-0.0	-0.02		-0.04	0.0	0.0	101.13					1	0.0	0.0	0.07	0.0	0.0	0.04	0.07	0.0	0.0	247.16					0.0	0.0	0.14	0.0	0.0	0.07	0.14	0.0	0.0	192.99					0.0	0.0	0.14	0.0	0.0	0.07	0.14	0.0	0.0	192.99					0.0	0.0	0.0	0.0	0.0	0.0	0.0	0.0	0.0					
2020-01-20 08:00:00	4200	2.14	2.1	2.13	2.14	1.91	ILP.MI	1.79	1.8	1.77	1.8	2.12	1.73	-1.0	-1.0	-1.0	0	-1.0	-1.0	1.0	-1.0	-1.0	1.0		2.1		2.1						-1.0			2.26		1.77		1.77						0.0			2.2	0.04	0.04	0.0	0.02	0.02	0.0		0.0	0.0	0.0	111.08					1	-0.0	-0.0	0.07	-0.0	-0.0	0.04	0.07	0.0	0.0	247.16					-0.04	-0.04	0.1	-0.02	-0.02	0.05	0.1	0.0	0.0	173.13					-0.04	-0.04	0.1	-0.02	-0.02	0.05	0.1	0.0	0.0	173.13					-0.0	-0.0	0.0	-0.0	-0.0	0.0	0.0	-0.0	0.0					
2020-01-21 08:00:00	0	2.14	2.14	2.14	2.14	1.91	ILP.MI	1.81	1.81	1.81	1.81	2.12	1.73	-1.0	-1.0	-1.0	0	-1.0	-1.0	1.0	-1.0	-1.0	1.0	2.14									-1.0			2.26										0.0			2.2	-0.0	-0.0	0.0	-0.0	-0.0	0.0		0.0	0.0	0.0	111.08					1	0.0	0.0	0.07	0.0	0.0	0.04	0.07	0.0	0.0	247.16					0.0	0.0	0.1	0.0	0.0	0.05	0.1	0.0	0.0	173.13					0.0	0.0	0.1	0.0	0.0	0.05	0.1	0.0	0.0	173.13					0.0	0.0	0.0	0.0	0.0	0.0	0.0	0.0	0.0					
2020-01-22 08:00:00	2400	2.14	2.12	2.12	2.14	1.91	ILP.MI	1.81	1.82	1.81	1.82	2.12	1.73	-1.0	-1.0	-1.0	0	-1.0	-1.0	1.0	-1.0	-1.0	1.0		2.12								-1.0			2.26	1.82									0.0			2.2	-0.0	-0.0	0.0	-0.0	-0.0	0.0		0.0	0.0	0.0	111.08					1	0.0	0.0	0.07	0.0	0.0	0.04	0.07	0.0	0.0	247.16					0.0	0.0	0.1	0.0	0.0	0.05	0.1	0.0	0.0	173.13					0.0	0.0	0.1	0.0	0.0	0.05	0.1	0.0	0.0	173.13					0.0	0.0	0.0	0.0	0.0	0.0	0.0	0.0	0.0					
2020-01-23 08:00:00	0	2.14	2.14	2.14	2.14	1.91	ILP.MI	1.82	1.82	1.82	1.82	2.12	1.73	-1.0	-1.0	-1.0	0	-1.0	-1.0	1.0	-1.0	-1.0	1.0										-1.0			2.26										0.0			2.2	-0.0	-0.0	0.0	-0.0	-0.0	0.0		0.0	0.0	0.0	111.08					1	0.0	0.0	0.07	0.0	0.0	0.04	0.07	0.0	0.0	247.16					0.0	0.0	0.1	0.0	0.0	0.05	0.1	0.0	0.0	173.13					0.0	0.0	0.1	0.0	0.0	0.05	0.1	0.0	0.0	173.13					0.0	0.0	0.0	0.0	0.0	0.0	0.0	0.0	0.0					
2020-01-24 08:00:00	0	2.14	2.14	2.14	2.14	1.91	ILP.MI	1.8	1.8	1.8	1.8	2.12	1.73	-1.0	-1.0	-1.0	0	-1.0	-1.0	1.0	-1.0	-1.0	1.0										-1.0			2.26		1.8								0.0			2.2	-0.0	-0.0	0.0	-0.0	-0.0	0.0		0.0	0.0	0.0	107.6					1	0.0	0.0	0.07	0.0	0.0	0.04	0.07	0.0	0.0	247.16					0.0	0.0	0.1	0.0	0.0	0.05	0.1	0.0	0.0	173.13					0.0	0.0	0.1	0.0	0.0	0.05	0.1	0.0	0.0	173.13					0.0	0.0	0.0	0.0	0.0	0.0	0.0	0.0	0.0					
2020-01-27 08:00:00	600	2.17	2.17	2.17	2.17	1.93	ILP.MI	1.87	1.87	1.87	1.87	2.12	1.73	-1.0	-1.0	1.0	0	-1.0	-1.0	1.0	-1.0	-1.0	1.0	2.17		2.17							-1.0			2.26	1.87		1.87							0.0			2.2	-0.03	-0.03	-0.03	-0.01	-0.01	-0.01		-0.03	0.0	0.0	109.41					1	0.0	0.0	0.07	0.0	0.0	0.04	0.07	0.0	0.0	274.67					0.03	0.03	0.13	0.01	0.01	0.06	0.13	0.0	0.0	175.31					0.03	0.03	0.13	0.01	0.01	0.06	0.13	0.0	0.0	175.31					0.0	0.0	0.0	0.0	0.0	0.0	0.0	0.0	0.0					
2020-01-28 08:00:00	0	2.17	2.17	2.17	2.17	1.93	ILP.MI	1.83	1.83	1.83	1.83	2.12	1.73	-1.0	-1.0	1.0	0	-1.0	-1.0	1.0	-1.0	-1.0	1.0										-1.0			2.26										0.0			2.2	-0.0	-0.0	-0.03	-0.0	-0.0	-0.01		-0.03	0.0	0.0	109.41					1	0.0	0.0	0.07	0.0	0.0	0.04	0.07	0.0	0.0	274.67					0.0	0.0	0.13	0.0	0.0	0.06	0.13	0.0	0.0	175.31					0.0	0.0	0.13	0.0	0.0	0.06	0.13	0.0	0.0	175.31					0.0	0.0	0.0	0.0	0.0	0.0	0.0	0.0	0.0					
2020-01-29 08:00:00	5400	2.13	2.09	2.1	2.13	1.9	ILP.MI	1.76	1.78	1.75	1.78	2.12	1.73	-1.0	-1.0	-1.0	-1	-1.0	-1.0	1.0	-1.0	-1.0	1.0										-1.0			2.26										0.0			2.2	0.04	0.04	0.01	0.02	0.02	0.0		0.01	0.0	0.0	110.6					1	-0.0	-0.0	0.07	-0.0	-0.0	0.04	0.07	0.0	0.0	273.42					-0.04	-0.04	0.09	-0.02	-0.02	0.04	0.09	0.0	0.0	157.33					-0.04	-0.04	0.09	-0.02	-0.02	0.04	0.09	0.0	0.0	157.33					-0.0	-0.0	0.0	-0.0	-0.0	0.0	0.0	-0.0	0.0					
2020-01-30 08:00:00	7200	2.09	2.02	2.09	2.08	1.85	ILP.MI	1.78	1.78	1.72	1.77	2.12	1.72	-1.0	-1.0	-1.0	-1	-1.0	-1.0	1.0	-1.0	-1.0	1.0										-1.0			2.26		1.72								0.0			2.2	0.05	0.05	0.06	0.02	0.02	0.03		0.06	0.0	0.0	113.45					1	0.05	0.05	0.12	0.02	0.02	0.06	0.12	0.0	0.0	276.46					-0.05	-0.05	0.04	-0.02	-0.02	0.02	0.04	0.0	0.0	138.07					-0.05	-0.05	0.04	-0.02	-0.02	0.02	0.04	0.0	0.0	138.07					-0.0	-0.0	0.0	-0.0	-0.0	0.0	0.0	-0.0	0.0					
2020-01-31 08:00:00	6000	2.1	2.01	2.03	2.05	1.83	ILP.MI	1.77	1.83	1.75	1.78	2.12	1.72	-1.0	-1.0	-1.0	-1	-1.0	-1.0	1.0	-1.0	-1.0	1.0										-1.0			2.26	1.83									0.0			2.2	0.03	0.03	0.09	0.01	0.01	0.04		0.09	0.0	0.0	115.05					1	0.03	0.03	0.15	0.01	0.01	0.08	0.15	0.0	0.0	278.12					-0.03	-0.03	0.01	-0.01	-0.01	0.0	0.01	0.0	0.0	125.3					-0.03	-0.03	0.01	-0.01	-0.01	0.0	0.01	0.0	0.0	125.3					-0.0	-0.0	0.0	-0.0	-0.0	0.0	0.0	-0.0	0.0					
2020-02-03 08:00:00	5400	2.05	1.99	2.01	2.05	1.83	ILP.MI	1.73	1.77	1.71	1.77	2.12	1.71	-1.0	-1.0	-1.0	-1	-1.0	-1.0	1.0	-1.0	-1.0	1.0		1.99		1.99						-1.0			2.26										0.0			2.2	-0.0	-0.0	0.09	-0.0	-0.0	0.04		0.09	0.0	0.0	115.05					1	-0.0	-0.0	0.15	-0.0	-0.0	0.08	0.15	0.0	0.0	278.12					0.0	0.0	0.01	0.0	0.0	0.0	0.01	0.0	0.0	125.3					0.0	0.0	0.01	0.0	0.0	0.0	0.01	0.0	0.0	125.3					0.0	0.0	0.0	0.0	0.0	0.0	0.0	0.0	0.0					
2020-02-04 08:00:00	1800	2.07	2.04	2.04	2.07	1.85	ILP.MI	1.73	1.75	1.73	1.75	2.12	1.71	-1.0	-1.0	-1.0	-1	-1.0	-1.0	1.0	-1.0	-1.0	1.0										-1.0			2.26										0.0			2.2	-0.02	-0.02	0.07	-0.01	-0.01	0.03		0.07	0.0	0.0	107.28					1	-0.02	-0.02	0.13	-0.01	-0.01	0.07	0.13	0.0	0.0	260.59					0.02	0.02	0.03	0.01	0.01	0.01	0.03	0.0	0.0	126.92					0.02	0.02	0.03	0.01	0.01	0.01	0.03	0.0	0.0	126.92					0.0	0.0	0.0	0.0	0.0	0.0	0.0	0.0	0.0					
2020-02-05 08:00:00	4200	2.08	2.08	2.08	2.08	1.85	ILP.MI	1.73	1.73	1.73	1.73	2.12	1.71	-1.0	-1.0	-1.0	-1	-1.0	-1.0	1.0	-1.0	-1.0	1.0										-1.0			2.26										0.0			2.2	-0.01	-0.01	0.06	-0.0	-0.0	0.03		0.06	0.0	0.0	97.86					1	-0.01	-0.01	0.12	-0.0	-0.0	0.06	0.12	0.0	0.0	245.23					0.01	0.01	0.04	0.0	0.0	0.02	0.04	0.0	0.0	127.69					0.01	0.01	0.04	0.0	0.0	0.02	0.04	0.0	0.0	127.69					0.0	0.0	0.0	0.0	0.0	0.0	0.0	0.0	0.0					
2020-02-06 08:00:00	3600	2.1	2.05	2.1	2.08	1.85	ILP.MI	1.73	1.73	1.69	1.72	2.12	1.69	-1.0	-1.0	-1.0	-1	-1.0	-1.0	1.0	-1.0	-1.0	1.0										-1.0			2.26		1.69		1.69						0.0			2.2	-0.0	-0.0	0.06	-0.0	-0.0	0.03		0.06	0.0	0.0	96.55					1	-0.0	-0.0	0.12	-0.0	-0.0	0.06	0.12	0.0	0.0	243.75					0.0	0.0	0.04	0.0	0.0	0.02	0.04	0.0	0.0	127.69					0.0	0.0	0.04	0.0	0.0	0.02	0.04	0.0	0.0	127.69					0.0	0.0	0.0	0.0	0.0	0.0	0.0	0.0	0.0					
2020-02-07 08:00:00	0	2.08	2.08	2.08	2.08	1.85	ILP.MI	1.72	1.72	1.72	1.72	2.12	1.69	-1.0	-1.0	-1.0	-1	-1.0	-1.0	1.0	-1.0	-1.0	1.0										-1.0			2.26	1.72									0.0			2.2	-0.0	-0.0	0.06	-0.0	-0.0	0.03		0.06	0.0	0.0	92.19					1	-0.0	-0.0	0.12	-0.0	-0.0	0.06	0.12	0.0	0.0	238.64					0.0	0.0	0.04	0.0	0.0	0.02	0.04	0.0	0.0	127.69					0.0	0.0	0.04	0.0	0.0	0.02	0.04	0.0	0.0	127.69					0.0	0.0	0.0	0.0	0.0	0.0	0.0	0.0	0.0					
2020-02-10 08:00:00	600	2.09	2.09	2.09	2.09	1.86	ILP.MI	1.72	1.72	1.72	1.72	2.12	1.69	-1.0	-1.0	-1.0	-1	-1.0	-1.0	1.0	-1.0	-1.0	1.0										-1.0			2.26										0.0			2.2	-0.01	-0.01	0.05	-0.0	-0.0	0.02		0.05	0.0	0.0	108.85					1	-0.01	-0.01	0.11	-0.0	-0.0	0.06	0.11	0.0	0.0	294.11					0.01	0.01	0.05	0.0	0.0	0.02	0.05	0.0	0.0	128.44					0.01	0.01	0.05	0.0	0.0	0.02	0.05	0.0	0.0	128.44					0.0	0.0	0.0	0.0	0.0	0.0	0.0	0.0	0.0					
2020-02-11 08:00:00	0	2.09	2.09	2.09	2.09	1.86	ILP.MI	1.71	1.71	1.71	1.71	2.12	1.69	-1.0	-1.0	-1.0	-1	-1.0	-1.0	1.0	-1.0	-1.0	1.0										-1.0			2.26		1.71								0.0			2.2	-0.0	-0.0	0.05	-0.0	-0.0	0.02		0.05	0.0	0.0	103.91					1	-0.0	-0.0	0.11	-0.0	-0.0	0.06	0.11	0.0	0.0	288.01					0.0	0.0	0.05	0.0	0.0	0.02	0.05	0.0	0.0	128.44					0.0	0.0	0.05	0.0	0.0	0.02	0.05	0.0	0.0	128.44					0.0	0.0	0.0	0.0	0.0	0.0	0.0	0.0	0.0					
2020-02-12 08:00:00	600	2.11	2.11	2.11	2.11	1.88	ILP.MI	1.72	1.72	1.72	1.72	2.12	1.69	-1.0	-1.0	-1.0	-1	-1.0	-1.0	1.0	-1.0	-1.0	1.0	2.11									-1.0			2.26	1.72									0.0			2.2	-0.02	-0.02	0.03	-0.01	-0.01	0.01		0.03	0.0	0.0	104.05					1	-0.02	-0.02	0.09	-0.01	-0.01	0.05	0.09	0.0	0.0	288.5					0.02	0.02	0.07	0.01	0.01	0.03	0.07	0.0	0.0	129.88					0.02	0.02	0.07	0.01	0.01	0.03	0.07	0.0	0.0	129.88					0.0	0.0	0.0	0.0	0.0	0.0	0.0	0.0	0.0					
2020-02-13 08:00:00	1800	2.13	2.06	2.13	2.11	1.88	ILP.MI	1.73	1.73	1.67	1.71	2.12	1.67	-1.0	-1.0	-1.0	-1	-1.0	-1.0	1.0	-1.0	-1.0	1.0		2.06								-1.0			2.26		1.67								0.0			2.2	-0.0	-0.0	0.03	-0.0	-0.0	0.01		0.03	0.0	0.0	117.59					1	-0.0	-0.0	0.09	-0.0	-0.0	0.05	0.09	0.0	0.0	328.22					0.0	0.0	0.07	0.0	0.0	0.03	0.07	0.0	0.0	126.87					0.0	0.0	0.07	0.0	0.0	0.03	0.07	0.0	0.0	126.87					0.0	0.0	0.0	0.0	0.0	0.0	0.0	0.0	0.0					
2020-02-14 08:00:00	600	2.14	2.14	2.14	2.14	1.91	ILP.MI	1.74	1.74	1.74	1.74	2.12	1.67	-1.0	-1.0	-1.0	-1	-1.0	-1.0	1.0	-1.0	-1.0	1.0	2.14									-1.0			2.26	1.74		1.74							0.0			2.2	-0.03	-0.03	0.0	-0.01	-0.01	0.0		0.0	0.0	0.0	106.28					1	-0.03	-0.03	0.06	-0.01	-0.01	0.03	0.06	0.0	0.0	296.55					0.03	0.03	0.1	0.01	0.01	0.05	0.1	0.0	0.0	129.09					0.03	0.03	0.1	0.01	0.01	0.05	0.1	0.0	0.0	129.09					0.0	0.0	0.0	0.0	0.0	0.0	0.0	0.0	0.0					
2020-02-17 08:00:00	0	2.14	2.14	2.14	2.14	1.91	ILP.MI	1.72	1.72	1.72	1.72	2.12	1.67	-1.0	-1.0	-1.0	-1	-1.0	-1.0	1.0	-1.0	-1.0	1.0										-1.0			2.26										0.0			2.2	-0.0	-0.0	0.0	-0.0	-0.0	0.0		0.0	0.0	0.0	106.28					1	-0.0	-0.0	0.06	-0.0	-0.0	0.03	0.06	0.0	0.0	296.55					0.0	0.0	0.1	0.0	0.0	0.05	0.1	0.0	0.0	129.09					0.0	0.0	0.1	0.0	0.0	0.05	0.1	0.0	0.0	129.09					0.0	0.0	0.0	0.0	0.0	0.0	0.0	0.0	0.0					
2020-02-18 08:00:00	1200	2.12	2.08	2.08	2.12	1.89	ILP.MI	1.67	1.7	1.67	1.7	2.12	1.67	-1.0	-1.0	-1.0	-1	-1.0	-1.0	1.0	-1.0	-1.0	1.0		2.08								-1.0			2.26										0.0			2.2	0.02	0.02	0.02	0.01	0.01	0.01		0.02	0.0	0.0	107.94					1	0.02	0.02	0.08	0.01	0.01	0.04	0.08	0.0	0.0	298.65					-0.02	-0.02	0.08	-0.01	-0.01	0.04	0.08	0.0	0.0	119.58					-0.02	-0.02	0.08	-0.01	-0.01	0.04	0.08	0.0	0.0	119.58					-0.0	-0.0	0.0	-0.0	-0.0	0.0	0.0	-0.0	0.0					
2020-02-19 08:00:00	1800	2.13	2.1	2.13	2.13	1.9	ILP.MI	1.69	1.69	1.67	1.69	2.12	1.67	-1.0	-1.0	-1.0	-1	-1.0	-1.0	1.0	-1.0	-1.0	1.0										-1.0			2.26		1.67		1.67		1.67				0.0			2.2	-0.01	-0.01	0.01	-0.0	-0.0	0.0		0.01	0.0	0.0	101.04					1	-0.01	-0.01	0.07	-0.0	-0.0	0.04	0.07	0.0	0.0	283.68					0.01	0.01	0.09	0.0	0.0	0.04	0.09	0.0	0.0	120.32					0.01	0.01	0.09	0.0	0.0	0.04	0.09	0.0	0.0	120.32					0.0	0.0	0.0	0.0	0.0	0.0	0.0	0.0	0.0					
2020-02-20 08:00:00	0	2.13	2.13	2.13	2.13	1.9	ILP.MI	1.72	1.72	1.72	1.72	2.12	1.67	-1.0	-1.0	-1.0	-1	-1.0	-1.0	1.0	-1.0	-1.0	1.0	2.13									-1.0			2.26	1.72									0.0			2.2	-0.0	-0.0	0.01	-0.0	-0.0	0.0		0.01	0.0	0.0	95.37					1	-0.0	-0.0	0.07	-0.0	-0.0	0.04	0.07	0.0	0.0	276.21					0.0	0.0	0.09	0.0	0.0	0.04	0.09	0.0	0.0	140.22					0.0	0.0	0.09	0.0	0.0	0.04	0.09	0.0	0.0	140.22					0.0	0.0	0.0	0.0	0.0	0.0	0.0	0.0	0.0					
2020-02-21 08:00:00	4800	2.12	2.05	2.1	2.12	1.89	ILP.MI	1.71	1.73	1.67	1.73	2.12	1.67	-1.0	-1.0	-1.0	-1	-1.0	-1.0	1.0	-1.0	-1.0	1.0		2.05								-1.0			2.26		1.67								0.0			2.2	0.01	0.01	0.02	0.0	0.0	0.01		0.02	0.0	0.0	109.99					1	0.01	0.01	0.08	0.0	0.0	0.04	0.08	0.0	0.0	317.61					-0.01	-0.01	0.08	-0.0	-0.0	0.04	0.08	0.0	0.0	129.4					-0.01	-0.01	0.08	-0.0	-0.0	0.04	0.08	0.0	0.0	129.4					-0.0	-0.0	0.0	-0.0	-0.0	0.0	0.0	-0.0	0.0					
2020-02-24 08:00:00	35400	2.2	1.95	2.12	2.16	1.93	ILP.MI	1.83	1.9	1.68	1.86	2.12	1.67	-1.0	1.0	1.0	1	-1.0	-1.0	1.0	-1.0	-1.0	1.0										-1.0			2.26										0.0			2.2	-0.04	-0.04	-0.02	-0.02	-0.02	-0.01		-0.02	0.0	0.0	96.72					1	-0.04	-0.04	0.04	-0.02	-0.02	0.02	0.04	0.0	0.0	278.88					0.04	0.04	0.12	0.02	0.02	0.06	0.12	0.0	0.0	132.43					0.04	0.04	0.12	0.02	0.02	0.06	0.12	0.0	0.0	132.43					0.0	0.0	0.0	0.0	0.0	0.0	0.0	0.0	0.0					
2020-02-25 08:00:00	2400	2.15	2.07	2.1	2.14	1.91	ILP.MI	1.84	1.88	1.81	1.87	2.12	1.67	-1.0	1.0	1.0	1	-1.0	-1.0	1.0	-1.0	-1.0	1.0	2.15		2.15							-1.0			2.26	1.88									0.0			2.2	0.02	0.02	0.0	0.01	0.01	0.0		0.0	0.0	0.0	96.62					1	-0.02	-0.02	0.02	-0.01	-0.01	0.01	0.02	0.0	0.0	254.64					-0.02	-0.02	0.1	-0.01	-0.01	0.05	0.1	0.0	0.0	132.67					-0.02	-0.02	0.1	-0.01	-0.01	0.05	0.1	0.0	0.0	132.67					-0.0	-0.0	0.0	-0.0	-0.0	0.0	0.0	-0.0	0.0					
2020-02-26 08:00:00	9600	2.1	2.03	2.09	2.08	1.85	ILP.MI	1.8	1.81	1.75	1.79	2.12	1.67	-1.0	1.0	1.0	1	-1.0	-1.0	1.0	-1.0	-1.0	1.0										-1.0			2.26		1.75								0.0			2.2	0.06	0.06	0.06	0.03	0.03	0.03		0.06	0.0	0.0	111.1					1	-0.06	-0.06	-0.04	-0.03	-0.03	-0.02	-0.04	0.0	0.0	231.06					-0.06	-0.06	0.04	-0.03	-0.03	0.02	0.04	0.0	0.0	112.08					-0.06	-0.06	0.04	-0.03	-0.03	0.02	0.04	0.0	0.0	112.08					-0.0	-0.0	0.0	-0.0	-0.0	0.0	0.0	-0.0	0.0					
2020-02-27 08:00:00	4800	2.1	2.01	2.03	2.1	1.87	ILP.MI	1.8	1.86	1.78	1.86	2.12	1.67	-1.0	1.0	1.0	1	-1.0	-1.0	1.0	-1.0	-1.0	1.0										-1.0			2.26										0.0			2.2	-0.02	-0.02	0.04	-0.01	-0.01	0.02		0.04	0.0	0.0	102.1					1	0.02	0.02	-0.02	0.01	0.01	-0.01	-0.02	0.0	0.0	233.95					0.02	0.02	0.06	0.01	0.01	0.03	0.06	0.0	0.0	113.66					0.02	0.02	0.06	0.01	0.01	0.03	0.06	0.0	0.0	113.66					0.0	0.0	0.0	0.0	0.0	0.0	0.0	0.0	0.0					
2020-02-28 08:00:00	4200	2.08	2.02	2.08	2.08	1.85	ILP.MI	1.91	1.91	1.86	1.91	2.12	1.67	-1.0	1.0	1.0	1	-1.0	-1.0	1.0	-1.0	-1.0	1.0										-1.0			2.26										0.0			2.2	0.02	0.02	0.06	0.01	0.01	0.03		0.06	0.0	0.0	103.75					1	-0.02	-0.02	-0.04	-0.01	-0.01	-0.02	-0.04	0.0	0.0	215.54					-0.02	-0.02	0.04	-0.01	-0.01	0.02	0.04	0.0	0.0	104.57					-0.02	-0.02	0.04	-0.01	-0.01	0.02	0.04	0.0	0.0	104.57					-0.0	-0.0	0.0	-0.0	-0.0	0.0	0.0	-0.0	0.0					
2020-03-02 08:00:00	9000	2.05	1.97	2.03	2.05	1.83	ILP.MI	1.89	1.91	1.84	1.91	2.12	1.67	-1.0	1.0	1.0	1	-1.0	-1.0	1.0	-1.0	-1.0	1.0		1.97								-1.0			2.26										0.0			2.2	0.03	0.03	0.09	0.01	0.01	0.04		0.09	0.0	0.0	106.11					1	-0.03	-0.03	-0.07	-0.01	-0.01	-0.03	-0.07	0.0	0.0	193.28					-0.03	-0.03	0.01	-0.01	-0.01	0.0	0.01	0.0	0.0	93.83					-0.03	-0.03	0.01	-0.01	-0.01	0.0	0.01	0.0	0.0	93.83					-0.0	-0.0	0.0	-0.0	-0.0	0.0	0.0	-0.0	0.0					
2020-03-03 08:00:00	6000	2.08	2.0	2.06	2.08	1.85	ILP.MI	1.91	1.93	1.86	1.93	2.12	1.67	-1.0	1.0	1.0	1	-1.0	-1.0	1.0	-1.0	-1.0	1.0										-1.0			2.26	1.93									0.0			2.2	-0.03	-0.03	0.06	-0.01	-0.01	0.03		0.06	0.0	0.0	94.01					1	0.03	0.03	-0.04	0.01	0.01	-0.02	-0.04	0.0	0.0	194.78					0.03	0.03	0.04	0.01	0.01	0.02	0.04	0.0	0.0	104.9					0.03	0.03	0.04	0.01	0.01	0.02	0.04	0.0	0.0	104.9					0.0	0.0	0.0	0.0	0.0	0.0	0.0	0.0	0.0					
2020-03-04 08:00:00	6600	2.08	2.01	2.03	2.08	1.85	ILP.MI	1.87	1.92	1.85	1.92	1.97	1.67	-1.0	1.0	1.0	1	-1.0	-1.0	1.0	-1.0	-1.0	1.0	2.08									-1.0			2.26										0.0			2.2	-0.0	-0.0	0.06	-0.0	-0.0	0.03		0.06	0.0	0.0	90.47					1	0.0	0.0	-0.04	0.0	0.0	-0.02	-0.04	0.0	0.0	188.16					0.0	0.0	0.04	0.0	0.0	0.02	0.04	0.0	0.0	118.42					0.0	0.0	0.04	0.0	0.0	0.02	0.04	0.0	0.0	118.42					0.0	0.0	0.0	0.0	0.0	0.0	0.0	0.0	0.0					
2020-03-05 08:00:00	3600	2.06	1.94	2.02	1.94	1.73	ILP.MI	1.89	1.93	1.82	1.82	1.97	1.67	-1.0	1.0	1.0	-1	-1.0	-1.0	1.0	-1.0	-1.0	1.0										-1.0			2.26		1.82								0.0			2.2	0.14	0.14	0.2	0.07	0.07	0.1		0.2	0.0	0.0	127.26					1	-0.14	-0.14	-0.18	-0.07	-0.07	-0.08	-0.18	0.0	0.0	104.23					-0.14	-0.14	-0.1	-0.07	-0.07	-0.05	-0.1	0.0	0.0	77.82					-0.14	-0.14	-0.1	-0.07	-0.07	-0.05	-0.1	0.0	0.0	77.82					-0.0	-0.0	0.0	-0.0	-0.0	0.0	0.0	-0.0	0.0					
2020-03-06 08:00:00	9600	2.04	1.9	1.9	1.99	1.77	ILP.MI	1.85	1.98	1.85	1.93	1.98	1.67	1.0	1.0	1.0	-1	-1.0	-1.0	1.0	-1.0	-1.0	1.0										-1.0			2.26										0.0			2.2	-0.05	-0.05	0.15	-0.03	-0.03	0.08		0.15	0.0	0.0	110.96					1	-0.05	-0.05	-0.23	-0.03	-0.03	-0.1	-0.23	0.0	0.0	81.84					0.05	0.05	-0.05	0.03	0.03	-0.02	-0.05	0.0	0.0	82.53					0.05	0.05	-0.05	0.03	0.03	-0.02	-0.05	0.0	0.0	82.53					0.0	0.0	0.0	0.0	0.0	0.0	0.0	0.0	0.0					
2020-03-09 08:00:00	3600	2.02	1.81	1.81	2.02	1.8	ILP.MI	1.98	2.21	1.98	2.21	2.21	1.67	1.0	1.0	1.0	-1	-1.0	-1.0	1.0	-1.0	-1.0	1.0		1.81		1.81		1.81				-1.0			2.26										1.0			2.2	0.03	0.03	0.18	0.02	0.01	0.09	1.81	0.18	0.0	0.0	110.38					1	-0.03	-0.03	-0.26	-0.02	-0.01	-0.12	-0.26	0.0	0.0	84.12					0.03	0.03	-0.02	0.02	0.01	-0.01	-0.02	0.0	0.0	96.3					0.03	0.03	-0.02	0.02	0.01	-0.01	-0.02	0.0	0.0	96.3					0.0	0.0	0.0	0.0	0.0	0.0	0.0	0.0	0.0					
2020-03-10 08:00:00	2400	2.01	1.96	2.0	1.99	1.77	ILP.MI	2.26	2.27	2.22	2.25	2.27	1.67	1.0	1.0	1.0	-1	-1.0	-1.0	1.0	-1.0	-1.0	1.0	2.01									-1.0			2.26	2.27									1.0			2.2	-0.03	-0.03	0.15	-0.01	-0.01	0.08	1.81	0.15	0.0	0.0	112.21					1	0.03	0.03	-0.23	0.01	0.01	-0.1	-0.23	0.0	0.0	81.4					-0.03	-0.03	-0.05	-0.01	-0.01	-0.02	-0.05	0.0	0.0	83.21					-0.03	-0.03	-0.05	-0.01	-0.01	-0.02	-0.05	0.0	0.0	83.21					-0.030000000000000027	-0.030000000000000027	-0.030000000000000027	-0.014851485148514865	-0.014962872676712377	-0.014851485148514865	-0.030000000000000027	-1.496287267671239e-06	-1.4963981029847417e-06	-inf				
2020-03-11 08:00:00	4800	2.01	1.93	1.93	2.01	1.79	ILP.MI	2.18	2.27	2.18	2.27	2.27	1.67	1.0	1.0	1.0	-1	-1.0	-1.0	1.0	-1.0	-1.0	1.0		1.93								-1.0			2.26		2.18								1.0			2.2	0.02	0.02	0.17	0.01	0.01	0.09	1.81	0.17	0.0	0.0	112.27					1	-0.02	-0.02	-0.25	-0.01	-0.01	-0.11	-0.25	0.0	0.0	81.16					0.02	0.02	-0.03	0.01	0.01	-0.01	-0.03	0.0	0.0	92.88					0.02	0.02	-0.03	0.01	0.01	-0.01	-0.03	0.0	0.0	92.88					0.019999999999999796	0.019999999999999796	-0.010000000000000231	0.010050251256281229	0.010000083334583179	-0.004950495049505177	-0.010000000000000231	9.750453774470222e-05	9.750422926568802e-05	6516.377390099921				
2020-03-12 08:00:00	15000	2.12	1.93	1.98	2.03	1.81	ILP.MI	2.69	2.88	2.62	2.75	2.88	1.67	1.0	1.0	1.0	-1	1.0	-1.0	-1.0	-1.0	-1.0	1.0	2.12		2.12							-1.0			2.26	2.88		2.88		2.88		2.88			1.0		2.88	2.2	0.02	0.02	0.19	0.01	0.01	0.1	1.81	0.19	0.0	0.0	113.61					1	-0.02	-0.02	-0.27	-0.01	-0.01	-0.12	-0.27	0.0	0.0	68.07					0.02	0.02	-0.01	0.01	0.01	-0.0	-0.01	0.0	0.0	94.45					0.02	0.02	-0.01	0.01	0.01	-0.0	-0.01	0.0	0.0	94.45					0.020000000000000018	0.020000000000000018	0.009999999999999787	0.00995024875621886	0.009901070982711537	0.004950495049504733	0.009999999999999787	0.00019552514047354645	0.00019552453878146636	6566.128215179613				
2020-03-13 08:00:00	3600	2.01	1.93	1.93	2.01	1.79	ILP.MI	2.45	2.55	2.45	2.55	2.88	1.67	1.0	1.0	1.0	-1	1.0	-1.0	-1.0	1.0	-1.0	-1.0										-1.0			2.26		2.45								1.0			2.2	-0.02	-0.02	0.17	-0.01	-0.01	0.09	1.81	0.17	0.0	0.0	104.87					1	0.02	0.02	-0.25	0.01	0.01	-0.11	-0.25	0.0	0.0	74.47					0.02	0.02	0.01	0.01	0.01	0.0	0.01	0.0	0.0	95.95					-0.02	-0.02	-0.03	-0.01	-0.01	-0.01	-0.03	0.0	0.0	86.45					-0.020000000000000018	-0.020000000000000018	-0.010000000000000231	-0.009852216748768461	-0.00990107098271157	-0.004950495049505177	-0.010000000000000231	0.00019005852357760342	0.00019005655955250944	3840.9536894073185				
2020-03-16 08:00:00	4800	2.0	1.88	1.94	2.0	1.78	ILP.MI	2.62	2.7	2.54	2.7	2.88	1.67	1.0	1.0	1.0	-1	1.0	-1.0	-1.0	1.0	-1.0	-1.0		1.88		1.88						-1.0			2.26	2.7									1.0			2.2	-0.01	-0.01	0.16	-0.0	-0.0	0.08	1.81	0.16	0.0	0.0	96.95					1	0.01	0.01	-0.24	0.0	0.0	-0.11	-0.24	0.0	0.0	90.02					0.01	0.01	0.02	0.0	0.0	0.01	0.02	0.0	0.0	104.77					0.01	0.01	-0.02	0.0	0.0	-0.01	-0.02	0.0	0.0	95.13					-0.009999999999999787	-0.009999999999999787	-0.020000000000000018	-0.004975124378109319	-0.004987541511038939	-0.00990099009901002	-0.020000000000000018	0.00018408575132661985	0.00018408214926846078	3098.6745416891836				
2020-03-17 08:00:00	600	2.0	2.0	2.0	2.0	1.78	ILP.MI	2.64	2.64	2.64	2.64	2.88	1.67	1.0	1.0	1.0	-1	1.0	1.0	1.0	1.0	-1.0	-1.0										-1.0			2.26		2.64								1.0			2.2	0.0	0.0	0.16	0.0	0.0	0.08	1.81	0.16	0.0	0.0	93.94					1	-0.0	-0.0	-0.24	-0.0	-0.0	-0.11	-0.24	0.0	0.0	77.88					-0.0	-0.0	0.02	-0.0	-0.0	0.01	0.02	0.0	0.0	117.19					-0.0	-0.0	-0.02	-0.0	-0.0	-0.01	-0.02	0.0	0.0	107.11					0.0	0.0	-0.020000000000000018	0.0	0.0	-0.00990099009901002	-0.020000000000000018	0.00018408575132661985	0.00018408214926846078	3098.6745416891836				
2020-03-18 08:00:00	0	2.0	2.0	2.0	2.0	1.78	ILP.MI	2.67	2.67	2.67	2.67	2.88	1.67	1.0	1.0	1.0	-1	1.0	1.0	1.0	1.0	-1.0	-1.0	2.0									-1.0			2.26	2.67									1.0			2.2	0.0	0.0	0.16	0.0	0.0	0.08	1.81	0.16	0.0	0.0	102.61					1	-0.0	-0.0	-0.24	-0.0	-0.0	-0.11	-0.24	0.0	0.0	91.49					0.0	0.0	0.02	0.0	0.0	0.01	0.02	0.0	0.0	115.84					-0.0	-0.0	-0.02	-0.0	-0.0	-0.01	-0.02	0.0	0.0	105.63					0.0	0.0	-0.020000000000000018	0.0	0.0	-0.00990099009901002	-0.020000000000000018	0.00018408575132661985	0.00018408214926846078	3098.6745416891836				
2020-03-19 08:00:00	0	2.0	2.0	2.0	2.0	1.78	ILP.MI	2.61	2.61	2.61	2.61	2.88	1.67	1.0	1.0	1.0	-1	1.0	1.0	1.0	1.0	-1.0	-1.0										-1.0			2.26										1.0			2.2	0.0	0.0	0.16	0.0	0.0	0.08	1.81	0.16	0.0	0.0	102.61					1	-0.0	-0.0	-0.24	-0.0	-0.0	-0.11	-0.24	0.0	0.0	91.49					0.0	0.0	0.02	0.0	0.0	0.01	0.02	0.0	0.0	115.84					-0.0	-0.0	-0.02	-0.0	-0.0	-0.01	-0.02	0.0	0.0	105.63					0.0	0.0	-0.020000000000000018	0.0	0.0	-0.00990099009901002	-0.020000000000000018	0.00018408575132661985	0.00018408214926846078	3098.6745416891836				
2020-03-20 08:00:00	0	2.0	2.0	2.0	2.0	1.78	ILP.MI	2.57	2.57	2.57	2.57	2.88	1.67	1.0	1.0	1.0	-1	1.0	1.0	1.0	1.0	-1.0	-1.0										-1.0			2.26										1.0			2.2	0.0	0.0	0.16	0.0	0.0	0.08	1.81	0.16	0.0	0.0	111.56					1	-0.0	-0.0	-0.24	-0.0	-0.0	-0.11	-0.24	0.0	0.0	105.49					0.0	0.0	0.02	0.0	0.0	0.01	0.02	0.0	0.0	114.43					-0.0	-0.0	-0.02	-0.0	-0.0	-0.01	-0.02	0.0	0.0	104.1					0.0	0.0	-0.020000000000000018	0.0	0.0	-0.00990099009901002	-0.020000000000000018	0.00018408575132661985	0.00018408214926846078	3098.6745416891836				
2020-03-23 08:00:00	2400	1.92	1.91	1.92	1.91	1.71	ILP.MI	2.49	2.49	2.48	2.48	2.88	1.67	1.0	1.0	1.0	-1	1.0	1.0	1.0	1.0	-1.0	-1.0		1.91								-1.0			2.26										1.0			2.2	-0.09	-0.09	0.07	-0.05	-0.05	0.03	1.81	0.07	0.0	0.0	87.16					1	0.09	0.09	-0.15	0.05	0.05	-0.07	-0.15	0.0	0.0	124.45					-0.09	-0.09	-0.07	-0.05	-0.05	-0.04	-0.07	0.0	0.0	100.39					0.09	0.09	0.07	0.05	0.05	0.04	0.07	0.0	0.0	119.28					-0.09000000000000008	-0.09000000000000008	-0.1100000000000001	-0.04500000000000004	-0.046043938501406846	-0.054455445544554615	-0.1100000000000001	0.00016069291197728133	0.0001606752846421422	1063.9050340713065				
2020-03-24 08:00:00	600	1.93	1.93	1.93	1.93	1.73	ILP.MI	2.3	2.3	2.3	2.3	2.88	1.67	1.0	1.0	1.0	-1	1.0	1.0	1.0	1.0	-1.0	-1.0										-1.0			2.26										1.0			2.2	0.02	0.02	0.09	0.01	0.01	0.04	1.81	0.09	0.0	0.0	96.89					1	-0.02	-0.02	-0.17	-0.01	-0.01	-0.08	-0.17	0.0	0.0	124.05					0.02	0.02	-0.05	0.01	0.01	-0.03	-0.05	0.0	0.0	100.49					-0.02	-0.02	0.05	-0.01	-0.01	0.03	0.05	0.0	0.0	109.2					0.020000000000000018	0.020000000000000018	-0.09000000000000008	0.010471204188481575	0.01041676085825558	-0.044554455445544816	-0.09000000000000008	0.0002606938162165349	0.0002606721477034224	1132.9632070686				
2020-03-25 08:00:00	0	1.93	1.93	1.93	1.93	1.73	ILP.MI	2.26	2.26	2.26	2.26	2.88	1.67	1.0	1.0	1.0	-1	1.0	1.0	1.0	1.0	-1.0	-1.0										-1.0			2.26										1.0			2.2	0.0	0.0	0.09	0.0	0.0	0.04	1.81	0.09	0.0	0.0	92.14					1	-0.0	-0.0	-0.17	-0.0	-0.0	-0.08	-0.17	0.0	0.0	109.15					0.0	0.0	-0.05	0.0	0.0	-0.03	-0.05	0.0	0.0	116.47					-0.0	-0.0	0.05	-0.0	-0.0	0.03	0.05	0.0	0.0	126.46					0.0	0.0	-0.09000000000000008	0.0	0.0	-0.044554455445544816	-0.09000000000000008	0.0002606938162165349	0.0002606721477034224	1132.9632070686				
2020-03-26 08:00:00	0	1.93	1.93	1.93	1.93	1.73	ILP.MI	2.25	2.25	2.25	2.25	2.88	1.67	1.0	1.0	1.0	-1	1.0	1.0	1.0	1.0	1.0	1.0										-1.0			2.26		2.25		2.25						1.0			2.2	0.0	0.0	0.09	0.0	0.0	0.04	1.81	0.09	0.0	0.0	104.72					1	-0.0	-0.0	-0.17	-0.0	-0.0	-0.08	-0.17	0.0	0.0	130.17					0.0	0.0	-0.05	0.0	0.0	-0.03	-0.05	0.0	0.0	113.53					-0.0	-0.0	0.05	-0.0	-0.0	0.03	0.05	0.0	0.0	123.75					0.0	0.0	-0.09000000000000008	0.0	0.0	-0.044554455445544816	-0.09000000000000008	0.0002606938162165349	0.0002606721477034224	1132.9632070686				
2020-03-27 08:00:00	1200	1.96	1.96	1.96	1.96	1.75	ILP.MI	2.35	2.35	2.35	2.35	2.88	1.67	1.0	1.0	1.0	-1	1.0	1.0	1.0	1.0	1.0	1.0										-1.0			2.26	2.35									1.0			2.2	0.03	0.03	0.12	0.02	0.02	0.06	1.81	0.12	0.0	0.0	107.19					1	-0.03	-0.03	-0.2	-0.02	-0.02	-0.09	-0.2	0.0	0.0	111.86					0.03	0.03	-0.02	0.02	0.02	-0.01	-0.02	0.0	0.0	115.84					0.03	0.03	0.08	0.02	0.02	0.04	0.08	0.0	0.0	125.88					0.030000000000000027	0.030000000000000027	-0.06000000000000005	0.015544041450777257	0.01542447032563173	-0.02970297029702984	-0.06000000000000005	0.0004087687313425995	0.0004087403139030332	1177.4521521050951				
2020-03-30 07:00:00	0	1.96	1.96	1.96	1.96	1.75	ILP.MI	2.35	2.35	2.35	2.35	2.88	1.67	1.0	1.0	1.0	-1	1.0	1.0	1.0	1.0	1.0	1.0										-1.0			2.26										1.0			2.2	0.0	0.0	0.12	0.0	0.0	0.06	1.81	0.12	0.0	0.0	129.78					1	-0.0	-0.0	-0.2	-0.0	-0.0	-0.09	-0.2	0.0	0.0	147.3					0.0	0.0	-0.02	0.0	0.0	-0.01	-0.02	0.0	0.0	109.72					0.0	0.0	0.08	0.0	0.0	0.04	0.08	0.0	0.0	120.27					0.0	0.0	-0.06000000000000005	0.0	0.0	-0.02970297029702984	-0.06000000000000005	0.0004087687313425995	0.0004087403139030332	1177.4521521050951				
2020-03-31 07:00:00	1200	1.98	1.96	1.96	1.98	1.77	ILP.MI	2.32	2.35	2.32	2.35	2.88	1.67	1.0	1.0	1.0	-1	1.0	1.0	1.0	1.0	1.0	1.0										-1.0			2.26		2.32								1.0			2.2	0.02	0.02	0.14	0.01	0.01	0.07	1.81	0.14	0.0	0.0	129.88					1	-0.02	-0.02	-0.22	-0.01	-0.01	-0.1	-0.22	0.0	0.0	125.32					0.02	0.02	-0.0	0.01	0.01	-0.0	-0.0	0.0	0.0	120.43					0.02	0.02	0.1	0.01	0.01	0.05	0.1	0.0	0.0	131.3					0.020000000000000018	0.020000000000000018	-0.040000000000000036	0.010204081632652962	0.010152371464017908	-0.01980198019802004	-0.040000000000000036	0.0005062314973971714	0.000506198139505587	1193.3353376487198				
2020-04-01 07:00:00	0	1.98	1.98	1.98	1.98	1.77	ILP.MI	2.42	2.42	2.42	2.42	2.88	1.67	1.0	1.0	1.0	-1	1.0	1.0	1.0	1.0	1.0	1.0										-1.0			2.26	2.42									1.0			2.2	0.0	0.0	0.14	0.0	0.0	0.07	1.81	0.14	0.0	0.0	129.88					1	-0.0	-0.0	-0.22	-0.0	-0.0	-0.1	-0.22	0.0	0.0	125.32					0.0	0.0	-0.0	0.0	0.0	-0.0	-0.0	0.0	0.0	120.43					0.0	0.0	0.1	0.0	0.0	0.05	0.1	0.0	0.0	131.3					0.0	0.0	-0.040000000000000036	0.0	0.0	-0.01980198019802004	-0.040000000000000036	0.0005062314973971714	0.000506198139505587	1193.3353376487198				
2020-04-02 07:00:00	600	1.99	1.99	1.99	1.99	1.77	ILP.MI	2.39	2.39	2.39	2.39	2.88	1.67	1.0	1.0	1.0	-1	1.0	1.0	1.0	1.0	1.0	1.0	1.99									-1.0			2.26		2.39								1.0			2.2	0.01	0.01	0.15	0.01	0.01	0.08	1.81	0.15	0.0	0.0	130.62					1	-0.01	-0.01	-0.23	-0.01	-0.01	-0.1	-0.23	0.0	0.0	113.09					0.01	0.01	0.01	0.01	0.01	0.0	0.01	0.0	0.0	121.23					0.01	0.01	0.11	0.01	0.01	0.06	0.11	0.0	0.0	132.03					0.010000000000000009	0.010000000000000009	-0.030000000000000027	0.005050505050504972	0.005037794029957081	-0.014851485148515198	-0.030000000000000027	0.0005545943200847593	0.0005545583638093543	1199.25204332394				
2020-04-03 07:00:00	0	1.99	1.99	1.99	1.99	1.77	ILP.MI	2.45	2.45	2.45	2.45	2.88	1.67	1.0	1.0	1.0	-1	1.0	1.0	1.0	1.0	1.0	1.0										-1.0			2.26	2.45		2.45							1.0			2.2	0.0	0.0	0.15	0.0	0.0	0.08	1.81	0.15	0.0	0.0	130.62					1	-0.0	-0.0	-0.23	-0.0	-0.0	-0.1	-0.23	0.0	0.0	113.09					0.0	0.0	0.01	0.0	0.0	0.0	0.01	0.0	0.0	121.23					0.0	0.0	0.11	0.0	0.0	0.06	0.11	0.0	0.0	132.03					0.0	0.0	-0.030000000000000027	0.0	0.0	-0.014851485148515198	-0.030000000000000027	0.0005545943200847593	0.0005545583638093543	1199.25204332394				
2020-04-06 07:00:00	1200	2.0	1.94	1.94	2.0	1.78	ILP.MI	2.3	2.37	2.3	2.37	2.88	1.67	1.0	1.0	1.0	-1	1.0	1.0	1.0	1.0	1.0	1.0		1.94								-1.0			2.26		2.3								1.0			2.2	0.01	0.01	0.16	0.01	0.01	0.08	1.88	0.16	0.0	0.0	131.34					1	-0.01	-0.01	-0.24	-0.01	-0.01	-0.11	-0.24	0.0	0.0	101.09					0.01	0.01	0.02	0.01	0.01	0.01	0.02	0.0	0.0	122.0					0.01	0.01	0.12	0.01	0.01	0.06	0.12	0.0	0.0	132.74					0.010000000000000009	0.010000000000000009	-0.020000000000000018	0.005025125628140614	0.0050125418235441935	-0.009900990099010354	-0.020000000000000018	0.0006027147215907837	0.0006026760832951172	1204.2418779928612				
2020-04-07 07:00:00	4200	2.06	1.98	1.98	2.06	1.84	ILP.MI	2.3	2.39	2.3	2.39	2.88	1.67	1.0	1.0	1.0	-1	1.0	1.0	1.0	1.0	1.0	1.0										-1.0			2.26										1.0			2.2	0.06	0.06	0.22	0.03	0.03	0.11	1.88	0.22	0.0	0.0	135.26					1	-0.06	-0.06	-0.3	-0.03	-0.03	-0.14	-0.3	0.0	0.0	74.38					0.06	0.06	0.08	0.03	0.03	0.04	0.08	0.0	0.0	126.17					0.06	0.06	0.18	0.03	0.03	0.1	0.18	0.0	0.0	136.59					0.06000000000000005	0.06000000000000005	0.040000000000000036	0.030000000000000027	0.02955880224154443	0.019801980198019375	0.040000000000000036	0.0008864792231096101	0.0008864228085700976	1223.0152918863205				
2020-04-08 07:00:00	0	2.06	2.06	2.06	2.06	1.84	ILP.MI	2.4	2.4	2.4	2.4	2.88	1.67	1.0	1.0	1.0	-1	1.0	1.0	1.0	1.0	1.0	1.0	2.06									-1.0			2.26	2.4			2.4						1.0			2.2	0.0	0.0	0.22	0.0	0.0	0.11	1.88	0.22	0.0	0.0	145.09					1	-0.0	-0.0	-0.3	-0.0	-0.0	-0.14	-0.3	0.0	0.0	74.38					0.0	0.0	0.08	0.0	0.0	0.04	0.08	0.0	0.0	124.9					0.0	0.0	0.18	0.0	0.0	0.1	0.18	0.0	0.0	135.41					0.0	0.0	0.040000000000000036	0.0	0.0	0.019801980198019375	0.040000000000000036	0.0008864792231096101	0.0008864228085700976	1223.0152918863205				
2020-04-09 07:00:00	0	2.06	2.06	2.06	2.06	1.84	ILP.MI	2.36	2.36	2.36	2.36	2.88	1.67	1.0	1.0	1.0	0	1.0	1.0	1.0	1.0	1.0	1.0										-1.0			2.26										1.0			2.2	0.0	0.0	0.22	0.0	0.0	0.11	1.88	0.22	0.0	0.0	142.71					1	-0.0	-0.0	-0.3	-0.0	-0.0	-0.14	-0.3	0.0	0.0	74.38					0.0	0.0	0.08	0.0	0.0	0.04	0.08	0.0	0.0	138.53					0.0	0.0	0.18	0.0	0.0	0.1	0.18	0.0	0.0	150.17					0.0	0.0	0.040000000000000036	0.0	0.0	0.019801980198019375	0.040000000000000036	0.0008864792231096101	0.0008864228085700976	1223.0152918863205				
2020-04-14 07:00:00	1200	2.0	2.0	2.0	2.0	1.78	ILP.MI	2.3	2.3	2.3	2.3	2.88	1.67	1.0	1.0	1.0	0	1.0	1.0	1.0	1.0	1.0	1.0		2.0								-1.0			2.26		2.3								1.0			2.2	-0.06	-0.06	0.16	-0.03	-0.03	0.08	1.88	0.16	0.0	0.0	121.71					1	-0.0	-0.0	-0.3	-0.0	-0.0	-0.14	-0.3	0.0	0.0	74.38					-0.06	-0.06	0.02	-0.03	-0.03	0.01	0.02	0.0	0.0	129.31					-0.06	-0.06	0.12	-0.03	-0.03	0.06	0.12	0.0	0.0	139.8					-0.06000000000000005	-0.06000000000000005	-0.020000000000000018	-0.029126213592232997	-0.02955880224154439	-0.009900990099010354	-0.020000000000000018	0.0008545598901156262	0.0008544639440033475	848.5109130659081				
2020-04-15 07:00:00	2400	2.04	2.0	2.0	2.04	1.82	ILP.MI	2.42	2.47	2.42	2.47	2.88	1.67	1.0	1.0	1.0	0	1.0	1.0	1.0	1.0	1.0	1.0										-1.0			2.26										1.0			2.2	0.04	0.04	0.2	0.02	0.02	0.1	1.91	0.2	0.0	0.0	154.22					1	0.0	0.0	-0.3	0.0	0.0	-0.14	-0.3	0.0	0.0	74.38					0.04	0.04	0.06	0.02	0.02	0.03	0.06	0.0	0.0	125.42					0.04	0.04	0.16	0.02	0.02	0.08	0.16	0.0	0.0	136.21					0.040000000000000036	0.040000000000000036	0.020000000000000018	0.020000000000000018	0.01980262729617973	0.009900990099009466	0.020000000000000018	0.0010426848494293338	0.0010425690704050083	857.5021172373265				
2020-04-16 07:00:00	2400	2.04	2.04	2.04	2.04	1.82	ILP.MI	2.46	2.46	2.46	2.46	2.88	1.67	1.0	1.0	1.0	0	1.0	1.0	1.0	1.0	1.0	1.0										-1.0			2.26	2.46									1.0			2.2	0.0	0.0	0.2	0.0	0.0	0.1	1.91	0.2	0.0	0.0	154.22					1	0.0	0.0	-0.3	0.0	0.0	-0.14	-0.3	0.0	0.0	74.38					0.0	0.0	0.06	0.0	0.0	0.03	0.06	0.0	0.0	125.42					0.0	0.0	0.16	0.0	0.0	0.08	0.16	0.0	0.0	136.21					0.0	0.0	0.020000000000000018	0.0	0.0	0.009900990099009466	0.020000000000000018	0.0010426848494293338	0.0010425690704050083	857.5021172373265				
2020-04-17 07:00:00	0	2.04	2.04	2.04	2.04	1.82	ILP.MI	2.42	2.42	2.42	2.42	2.88	1.67	1.0	1.0	1.0	0	1.0	1.0	1.0	1.0	1.0	1.0										-1.0			2.26		2.42								1.0			2.2	0.0	0.0	0.2	0.0	0.0	0.1	1.91	0.2	0.0	0.0	171.07					1	0.0	0.0	-0.3	0.0	0.0	-0.14	-0.3	0.0	0.0	74.38					0.0	0.0	0.06	0.0	0.0	0.03	0.06	0.0	0.0	122.51					0.0	0.0	0.16	0.0	0.0	0.08	0.16	0.0	0.0	133.55					0.0	0.0	0.020000000000000018	0.0	0.0	0.009900990099009466	0.020000000000000018	0.0010426848494293338	0.0010425690704050083	857.5021172373265				
2020-04-20 07:00:00	600	2.08	2.08	2.08	2.08	1.85	ILP.MI	2.46	2.46	2.46	2.46	2.88	1.67	1.0	1.0	1.0	0	1.0	1.0	1.0	1.0	1.0	1.0										-1.0			2.26										1.0			2.2	0.04	0.04	0.24	0.02	0.02	0.12	1.91	0.24	0.0	0.0	173.3					1	0.0	0.0	-0.3	0.0	0.0	-0.14	-0.3	0.0	0.0	74.38					0.04	0.04	0.1	0.02	0.02	0.05	0.1	0.0	0.0	125.58					0.04	0.04	0.2	0.02	0.02	0.11	0.2	0.0	0.0	136.36					0.040000000000000036	0.040000000000000036	0.06000000000000005	0.019607843137254832	0.019418085857101516	0.029702970297029285	0.06000000000000005	0.0012271566650717983	0.0012270196317663018	863.7520539258361				
2020-04-21 07:00:00	0	2.08	2.08	2.08	2.08	1.85	ILP.MI	2.56	2.56	2.56	2.56	2.88	1.67	1.0	1.0	1.0	0	1.0	1.0	1.0	1.0	1.0	1.0	2.08									-1.0			2.26	2.56		2.56							1.0			2.2	0.0	0.0	0.24	0.0	0.0	0.12	1.91	0.24	0.0	0.0	173.3					1	0.0	0.0	-0.3	0.0	0.0	-0.14	-0.3	0.0	0.0	74.38					0.0	0.0	0.1	0.0	0.0	0.05	0.1	0.0	0.0	125.58					0.0	0.0	0.2	0.0	0.0	0.11	0.2	0.0	0.0	136.36					0.0	0.0	0.06000000000000005	0.0	0.0	0.029702970297029285	0.06000000000000005	0.0012271566650717983	0.0012270196317663018	863.7520539258361				
2020-04-22 07:00:00	0	2.08	2.08	2.08	2.08	1.85	ILP.MI	2.51	2.51	2.51	2.51	2.88	1.67	1.0	1.0	1.0	0	1.0	1.0	1.0	1.0	1.0	1.0										-1.0			2.26										1.0			2.2	0.0	0.0	0.24	0.0	0.0	0.12	1.93	0.24	0.0	0.0	173.3					1	0.0	0.0	-0.3	0.0	0.0	-0.14	-0.3	0.0	0.0	74.38					0.0	0.0	0.1	0.0	0.0	0.05	0.1	0.0	0.0	125.58					0.0	0.0	0.2	0.0	0.0	0.11	0.2	0.0	0.0	136.36					0.0	0.0	0.06000000000000005	0.0	0.0	0.029702970297029285	0.06000000000000005	0.0012271566650717983	0.0012270196317663018	863.7520539258361				
2020-04-23 07:00:00	2400	2.08	2.0	2.08	2.08	1.85	ILP.MI	2.47	2.47	2.38	2.47	2.88	1.67	1.0	1.0	1.0	0	1.0	1.0	1.0	1.0	1.0	1.0		2.0								-1.0			2.26		2.38								1.0			2.2	0.0	0.0	0.24	0.0	0.0	0.12	1.93	0.24	0.0	0.0	173.3					1	0.0	0.0	-0.3	0.0	0.0	-0.14	-0.3	0.0	0.0	74.38					0.0	0.0	0.1	0.0	0.0	0.05	0.1	0.0	0.0	125.58					0.0	0.0	0.2	0.0	0.0	0.11	0.2	0.0	0.0	136.36					0.0	0.0	0.06000000000000005	0.0	0.0	0.029702970297029285	0.06000000000000005	0.0012271566650717983	0.0012270196317663018	863.7520539258361				
2020-04-24 07:00:00	600	2.1	2.1	2.1	2.1	1.87	ILP.MI	2.52	2.52	2.52	2.52	2.88	1.67	1.0	1.0	1.0	0	1.0	1.0	1.0	1.0	1.0	1.0	2.1									-1.0			2.26	2.52									1.0			2.2	0.02	0.02	0.26	0.01	0.01	0.13	1.93	0.26	0.0	0.0	173.35					1	0.0	0.0	-0.3	0.0	0.0	-0.14	-0.3	0.0	0.0	74.38					0.02	0.02	0.12	0.01	0.01	0.06	0.12	0.0	0.0	136.05					0.02	0.02	0.22	0.01	0.01	0.12	0.22	0.0	0.0	147.23					0.020000000000000018	0.020000000000000018	0.08000000000000007	0.009615384615384581	0.009569451016150672	0.039603960396039195	0.08000000000000007	0.0013180664497252296	0.001317918284201136	866.2133374681239				
2020-04-27 07:00:00	4200	2.12	2.02	2.02	2.12	1.89	ILP.MI	2.35	2.47	2.35	2.47	2.88	1.67	1.0	1.0	1.0	0	1.0	1.0	1.0	1.0	1.0	1.0		2.02								-1.0			2.26										1.0			2.2	0.02	0.02	0.28	0.01	0.01	0.15	1.94	0.28	0.0	0.0	185.9					1	0.0	0.0	-0.3	0.0	0.0	-0.14	-0.3	0.0	0.0	74.38					0.02	0.02	0.14	0.01	0.01	0.07	0.14	0.0	0.0	136.09					0.02	0.02	0.24	0.01	0.01	0.13	0.24	0.0	0.0	147.27					0.020000000000000018	0.020000000000000018	0.10000000000000009	0.00952380952380949	0.009478743954543739	0.04950495049504888	0.10000000000000009	0.001408114517293395	0.001407954896928798	868.3492959855381				
2020-04-28 07:00:00	3000	2.12	2.12	2.12	2.12	1.89	ILP.MI	2.42	2.42	2.42	2.42	2.88	1.67	1.0	1.0	1.0	0	1.0	1.0	1.0	1.0	1.0	1.0										-1.0			2.26										1.0			2.2	0.0	0.0	0.28	0.0	0.0	0.15	1.94	0.28	0.0	0.0	185.9					1	0.0	0.0	-0.3	0.0	0.0	-0.14	-0.3	0.0	0.0	74.38					0.0	0.0	0.14	0.0	0.0	0.07	0.14	0.0	0.0	136.09					0.0	0.0	0.24	0.0	0.0	0.13	0.24	0.0	0.0	147.27					0.0	0.0	0.10000000000000009	0.0	0.0	0.04950495049504888	0.10000000000000009	0.001408114517293395	0.001407954896928798	868.3492959855381				
2020-04-29 07:00:00	600	2.12	2.12	2.12	2.12	1.89	ILP.MI	2.37	2.37	2.37	2.37	2.88	1.67	1.0	1.0	1.0	0	1.0	1.0	1.0	1.0	1.0	1.0										-1.0			2.26		2.37		2.37						1.0			2.2	0.0	0.0	0.28	0.0	0.0	0.15	1.94	0.28	0.0	0.0	197.91					1	0.0	0.0	-0.3	0.0	0.0	-0.14	-0.3	0.0	0.0	74.38					0.0	0.0	0.14	0.0	0.0	0.07	0.14	0.0	0.0	134.83					0.0	0.0	0.24	0.0	0.0	0.13	0.24	0.0	0.0	146.11					0.0	0.0	0.10000000000000009	0.0	0.0	0.04950495049504888	0.10000000000000009	0.001408114517293395	0.001407954896928798	868.3492959855381				
2020-04-30 07:00:00	0	2.12	2.12	2.12	2.12	1.89	ILP.MI	2.42	2.42	2.42	2.42	2.88	1.67	1.0	1.0	1.0	0	1.0	1.0	1.0	1.0	1.0	1.0										-1.0			2.26										1.0			2.2	0.0	0.0	0.28	0.0	0.0	0.15	1.94	0.28	0.0	0.0	195.59					1	0.0	0.0	-0.3	0.0	0.0	-0.14	-0.3	0.0	0.0	74.38					0.0	0.0	0.14	0.0	0.0	0.07	0.14	0.0	0.0	151.25					0.0	0.0	0.24	0.0	0.0	0.13	0.24	0.0	0.0	164.0					0.0	0.0	0.10000000000000009	0.0	0.0	0.04950495049504888	0.10000000000000009	0.001408114517293395	0.001407954896928798	868.3492959855381				
2020-05-04 07:00:00	600	2.14	2.14	2.14	2.14	1.91	ILP.MI	2.54	2.54	2.54	2.54	2.88	1.67	1.0	1.0	1.0	0	1.0	1.0	1.0	1.0	1.0	1.0	2.14									-1.0			2.26	2.54		2.54							1.0			2.2	0.02	0.02	0.3	0.01	0.01	0.16	1.94	0.3	0.0	0.0	209.35					1	0.0	0.0	-0.3	0.0	0.0	-0.14	-0.3	0.0	0.0	74.38					0.02	0.02	0.16	0.01	0.01	0.08	0.16	0.0	0.0	151.27					0.02	0.02	0.26	0.01	0.01	0.14	0.26	0.0	0.0	164.03					0.020000000000000018	0.020000000000000018	0.1200000000000001	0.009433962264151052	0.009389740349839137	0.059405940594059015	0.1200000000000001	0.0014973170506168668	0.001497145662891386	870.2205105502303				
2020-05-05 07:00:00	1800	2.14	2.12	2.12	2.14	1.91	ILP.MI	2.46	2.49	2.46	2.49	2.88	1.67	1.0	1.0	1.0	0	1.0	1.0	1.0	1.0	1.0	1.0										-1.0			2.26		2.46								1.0			2.2	0.0	0.0	0.3	0.0	0.0	0.16	1.94	0.3	0.0	0.0	208.89					1	0.0	0.0	-0.3	0.0	0.0	-0.14	-0.3	0.0	0.0	74.38					0.0	0.0	0.16	0.0	0.0	0.08	0.16	0.0	0.0	158.9					0.0	0.0	0.26	0.0	0.0	0.14	0.26	0.0	0.0	172.02					0.0	0.0	0.1200000000000001	0.0	0.0	0.059405940594059015	0.1200000000000001	0.0014973170506168668	0.001497145662891386	870.2205105502303				
2020-05-06 07:00:00	5400	2.14	2.1	2.14	2.12	1.89	ILP.MI	2.52	2.52	2.47	2.5	2.88	1.67	1.0	1.0	1.0	0	1.0	1.0	1.0	1.0	1.0	1.0		2.1								-1.0			2.26										1.0			2.2	-0.02	-0.02	0.28	-0.01	-0.01	0.15	1.94	0.28	0.0	0.0	195.45					1	-0.0	-0.0	-0.3	-0.0	-0.0	-0.14	-0.3	0.0	0.0	74.38					-0.02	-0.02	0.14	-0.01	-0.01	0.07	0.14	0.0	0.0	156.3					-0.02	-0.02	0.24	-0.01	-0.01	0.13	0.24	0.0	0.0	169.07					-0.020000000000000018	-0.020000000000000018	0.10000000000000009	-0.009345794392523366	-0.009389740349839032	0.049504950495049105	0.10000000000000009	0.001464821529462216	0.0014646035420602388	781.7287142478335				
2020-05-07 07:00:00	3600	2.16	2.1	2.16	2.16	1.93	ILP.MI	2.53	2.53	2.46	2.53	2.88	1.67	1.0	1.0	1.0	1	1.0	1.0	1.0	1.0	1.0	1.0	2.16		2.16							-1.0			2.26	2.53									1.0			2.2	0.04	0.04	0.32	0.02	0.02	0.17	1.98	0.32	0.0	0.0	197.37					1	0.0	0.0	-0.3	0.0	0.0	-0.14	-0.3	0.0	0.0	74.38					0.04	0.04	0.18	0.02	0.02	0.09	0.18	0.0	0.0	158.62					0.04	0.04	0.28	0.02	0.02	0.15	0.28	0.0	0.0	171.22					0.040000000000000036	0.040000000000000036	0.14000000000000012	0.018867924528301883	0.018692133012152546	0.06930693069306892	0.14000000000000012	0.0016405275797764499	0.0016402793099601354	785.5084824965234				
2020-05-08 07:00:00	3000	2.1	2.08	2.08	2.1	1.87	ILP.MI	2.41	2.43	2.41	2.43	2.88	1.67	1.0	1.0	1.0	1	1.0	1.0	1.0	1.0	1.0	1.0		2.08								-1.0			2.26		2.41								1.0			2.2	-0.06	-0.06	0.26	-0.03	-0.03	0.13	2.0	0.26	0.0	0.0	172.22					1	-0.06	-0.06	-0.36	-0.03	-0.03	-0.16	-0.36	0.0	0.0	51.49					-0.06	-0.06	0.12	-0.03	-0.03	0.06	0.12	0.0	0.0	139.67					-0.06	-0.06	0.22	-0.03	-0.03	0.12	0.22	0.0	0.0	150.45					-0.06000000000000005	-0.06000000000000005	0.08000000000000007	-0.02777777777777779	-0.028170876966696335	0.039603960396039195	0.08000000000000007	0.0015911381016188162	0.0015907944747672875	611.7898780434307				
2020-05-11 07:00:00	600	2.14	2.14	2.14	2.14	1.91	ILP.MI	2.49	2.49	2.49	2.49	2.88	1.67	1.0	1.0	1.0	1	1.0	1.0	1.0	1.0	1.0	1.0	2.14									-1.0			2.26	2.49									1.0			2.2	0.04	0.04	0.3	0.02	0.02	0.16	2.0	0.3	0.0	0.0	173.65					1	0.04	0.04	-0.32	0.02	0.02	-0.14	-0.32	0.0	0.0	64.61					0.04	0.04	0.16	0.02	0.02	0.08	0.16	0.0	0.0	148.83					0.04	0.04	0.26	0.02	0.02	0.14	0.26	0.0	0.0	159.75					0.040000000000000036	0.040000000000000036	0.1200000000000001	0.01904761904761898	0.018868484304382736	0.05940594059405879	0.1200000000000001	0.0017666150056495759	0.0017662303296781534	615.4082490416226				
2020-05-12 07:00:00	1200	2.14	2.06	2.06	2.14	1.91	ILP.MI	2.37	2.46	2.37	2.46	2.88	1.67	1.0	1.0	1.0	1	1.0	1.0	1.0	1.0	1.0	1.0		2.06		2.06	2.14					-1.0			2.26		2.37		2.37						1.0			2.2	0.0	0.0	0.3	0.0	0.0	0.16	2.0	0.3	0.0	0.0	173.65					1	0.0	0.0	-0.32	0.0	0.0	-0.14	-0.32	0.0	0.0	64.61					0.0	0.0	0.16	0.0	0.0	0.08	0.16	0.0	0.0	148.83					0.0	0.0	0.26	0.0	0.0	0.14	0.26	0.0	0.0	159.75					0.0	0.0	0.1200000000000001	0.0	0.0	0.05940594059405879	0.1200000000000001	0.0017666150056495759	0.0017662303296781534	615.4082490416226				
2020-05-13 07:00:00	1200	2.16	2.14	2.16	2.14	1.91	ILP.MI	2.54	2.54	2.52	2.52	2.88	1.67	1.0	1.0	1.0	1	1.0	1.0	1.0	1.0	1.0	1.0	2.16		2.16							-1.0			2.26										1.0			2.2	0.0	0.0	0.3	0.0	0.0	0.16	2.0	0.3	0.0	0.0	184.8					1	0.0	0.0	-0.32	0.0	0.0	-0.14	-0.32	0.0	0.0	64.61					0.0	0.0	0.16	0.0	0.0	0.08	0.16	0.0	0.0	147.81					0.0	0.0	0.26	0.0	0.0	0.14	0.26	0.0	0.0	158.8					0.0	0.0	0.1200000000000001	0.0	0.0	0.05940594059405879	0.1200000000000001	0.0017666150056495759	0.0017662303296781534	615.4082490416226				
2020-05-14 07:00:00	2400	2.14	2.08	2.14	2.12	1.89	ILP.MI	2.56	2.56	2.49	2.54	2.88	1.67	1.0	1.0	1.0	1	1.0	1.0	1.0	1.0	1.0	1.0		2.08								-1.0			2.26										1.0			2.2	-0.02	-0.02	0.28	-0.01	-0.01	0.15	2.0	0.28	0.0	0.0	172.62					1	-0.02	-0.02	-0.34	-0.01	-0.01	-0.15	-0.34	0.0	0.0	52.7					-0.02	-0.02	0.14	-0.01	-0.01	0.07	0.14	0.0	0.0	147.73					-0.02	-0.02	0.24	-0.01	-0.01	0.13	0.24	0.0	0.0	158.71					-0.020000000000000018	-0.020000000000000018	0.10000000000000009	-0.009345794392523366	-0.009389740349839032	0.04950495049504888	0.10000000000000009	0.00172472941296165	0.0017242704035305145	563.8004962159374				
2020-05-15 07:00:00	600	2.14	2.14	2.14	2.14	1.91	ILP.MI	2.57	2.57	2.57	2.57	2.88	1.67	1.0	1.0	1.0	1	1.0	1.0	1.0	1.0	1.0	1.0										-1.0			2.26	2.57									1.0			2.2	0.02	0.02	0.3	0.01	0.01	0.16	2.0	0.3	0.0	0.0	181.55					1	0.02	0.02	-0.32	0.01	0.01	-0.14	-0.32	0.0	0.0	58.57					0.02	0.02	0.16	0.01	0.01	0.08	0.16	0.0	0.0	148.26					0.02	0.02	0.26	0.01	0.01	0.14	0.26	0.0	0.0	159.2					0.020000000000000018	0.020000000000000018	0.1200000000000001	0.009433962264151052	0.009389740349839137	0.059405940594059015	0.1200000000000001	0.00181111502418017	0.0018106312962351545	565.5816169663257				
2020-05-18 07:00:00	0	2.14	2.14	2.14	2.14	1.91	ILP.MI	2.49	2.49	2.49	2.49	2.88	1.67	1.0	1.0	1.0	1	1.0	1.0	1.0	1.0	1.0	1.0	2.14									-1.0			2.26		2.49								1.0			2.2	0.0	0.0	0.3	0.0	0.0	0.16	2.0	0.3	0.0	0.0	181.55					1	0.0	0.0	-0.32	0.0	0.0	-0.14	-0.32	0.0	0.0	58.57					0.0	0.0	0.16	0.0	0.0	0.08	0.16	0.0	0.0	148.26					0.0	0.0	0.26	0.0	0.0	0.14	0.26	0.0	0.0	159.2					0.0	0.0	0.1200000000000001	0.0	0.0	0.059405940594059015	0.1200000000000001	0.00181111502418017	0.0018106312962351545	565.5816169663257				
2020-05-19 07:00:00	3000	2.18	2.1	2.18	2.14	1.91	ILP.MI	2.59	2.59	2.49	2.54	2.88	1.67	1.0	1.0	1.0	1	1.0	1.0	1.0	1.0	1.0	1.0										-1.0			2.26	2.59		2.59		2.59					1.0			2.2	0.0	0.0	0.3	0.0	0.0	0.16	2.0	0.3	0.0	0.0	181.12					1	0.0	0.0	-0.32	0.0	0.0	-0.14	-0.32	0.0	0.0	58.57					0.0	0.0	0.16	0.0	0.0	0.08	0.16	0.0	0.0	155.31					0.0	0.0	0.26	0.0	0.0	0.14	0.26	0.0	0.0	166.56					0.0	0.0	0.1200000000000001	0.0	0.0	0.059405940594059015	0.1200000000000001	0.00181111502418017	0.0018106312962351545	565.5816169663257				
2020-05-20 07:00:00	1200	2.08	2.08	2.08	2.08	1.85	ILP.MI	2.44	2.44	2.44	2.44	2.88	1.67	1.0	1.0	1.0	1	1.0	1.0	1.0	1.0	1.0	1.0										-1.0			2.26										1.0			2.2	-0.06	-0.06	0.24	-0.03	-0.03	0.12	2.0	0.24	0.0	0.0	166.12					1	-0.06	-0.06	-0.38	-0.03	-0.03	-0.17	-0.38	0.0	0.0	39.42					-0.06	-0.06	0.1	-0.03	-0.03	0.05	0.1	0.0	0.0	137.02					-0.06	-0.06	0.2	-0.03	-0.03	0.11	0.2	0.0	0.0	146.71					-0.06000000000000005	-0.06000000000000005	0.06000000000000005	-0.028037383177570097	-0.028437935320533514	0.029702970297029285	0.06000000000000005	0.0017492691339136676	0.001748642985498261	460.3661318349844				
2020-05-21 07:00:00	1200	2.04	2.04	2.04	2.04	1.82	ILP.MI	2.41	2.41	2.41	2.41	2.88	1.67	1.0	1.0	1.0	1	1.0	1.0	1.0	1.0	1.0	1.0		2.04								-1.0			2.26										1.0			2.2	-0.04	-0.04	0.2	-0.02	-0.02	0.1	2.0	0.2	0.0	0.0	150.63					1	-0.04	-0.04	-0.42	-0.02	-0.02	-0.18	-0.42	0.0	0.0	25.16					-0.04	-0.04	0.06	-0.02	-0.02	0.03	0.06	0.0	0.0	124.52					-0.04	-0.04	0.16	-0.02	-0.02	0.08	0.16	0.0	0.0	133.32					-0.040000000000000036	-0.040000000000000036	0.020000000000000018	-0.019230769230769273	-0.019418085857101627	0.009900990099009466	0.020000000000000018	0.0016907555060464903	0.0016899972989266043	401.8209421472301				
2020-05-22 07:00:00	600	2.06	2.06	2.06	2.06	1.84	ILP.MI	2.4	2.4	2.4	2.4	2.88	1.67	1.0	1.0	1.0	1	1.0	1.0	1.0	1.0	1.0	1.0	2.06									-1.0			2.26										1.0			2.2	0.02	0.02	0.22	0.01	0.01	0.11	2.02	0.22	0.0	0.0	151.58					1	0.02	0.02	-0.4	0.01	0.01	-0.18	-0.4	0.0	0.0	31.15					0.02	0.02	0.08	0.01	0.01	0.04	0.08	0.0	0.0	125.66					0.02	0.02	0.18	0.01	0.01	0.1	0.18	0.0	0.0	134.37					0.020000000000000018	0.020000000000000018	0.040000000000000036	0.009803921568627416	0.009756174945364656	0.019801980198019375	0.040000000000000036	0.0017785610805547722	0.0017777664222349276	403.9327903983315				
2020-05-25 07:00:00	2400	2.08	2.0	2.02	2.08	1.85	ILP.MI	2.32	2.39	2.3	2.39	2.88	1.67	1.0	1.0	-1.0	0	1.0	1.0	1.0	1.0	1.0	1.0		2.0		2.0						-1.0			2.26		2.3								1.0			2.2	0.02	0.02	0.24	0.01	0.01	0.12	2.0	0.24	0.0	0.0	149.76					1	0.02	0.02	-0.38	0.01	0.01	-0.17	-0.38	0.0	0.0	19.38					0.02	0.02	0.1	0.01	0.01	0.05	0.1	0.0	0.0	142.86					0.02	0.02	0.2	0.01	0.01	0.11	0.2	0.0	0.0	152.85					0.020000000000000018	0.020000000000000018	0.06000000000000005	0.009708737864077666	0.00966191091173689	0.029702970297029285	0.06000000000000005	0.0018655182787604037	0.0018646866793663452	405.8473000180108				
2020-05-26 07:00:00	600	2.12	2.12	2.12	2.12	1.89	ILP.MI	2.4	2.4	2.4	2.4	2.88	1.67	1.0	1.0	-1.0	0	1.0	1.0	1.0	1.0	1.0	1.0	2.12		2.12							-1.0			2.26	2.4									1.0			2.2	0.04	0.04	0.28	0.02	0.02	0.15	2.0	0.28	0.0	0.0	172.28					1	0.0	0.0	-0.38	0.0	0.0	-0.17	-0.38	0.0	0.0	37.28					0.04	0.04	0.14	0.02	0.02	0.07	0.14	0.0	0.0	141.91					0.04	0.04	0.24	0.02	0.02	0.13	0.24	0.0	0.0	151.96					0.040000000000000036	0.040000000000000036	0.10000000000000009	0.019230769230769162	0.01904819497069441	0.04950495049504888	0.10000000000000009	0.0020369520334966537	0.0020360451516121536	409.1857721001554				
2020-05-27 07:00:00	3000	2.08	2.04	2.08	2.08	1.85	ILP.MI	2.35	2.35	2.3	2.35	2.88	1.67	1.0	1.0	-1.0	0	1.0	1.0	1.0	1.0	1.0	1.0										-1.0			2.26										1.0			2.2	-0.04	-0.04	0.24	-0.02	-0.02	0.12	2.0	0.24	0.0	0.0	156.45					1	-0.0	-0.0	-0.38	-0.0	-0.0	-0.17	-0.38	0.0	0.0	37.28					-0.04	-0.04	0.1	-0.02	-0.02	0.05	0.1	0.0	0.0	129.26					-0.04	-0.04	0.2	-0.02	-0.02	0.11	0.2	0.0	0.0	138.37					-0.040000000000000036	-0.040000000000000036	0.06000000000000005	-0.018867924528301883	-0.019048194970694474	0.029702970297029063	0.06000000000000005	0.001971115040350324	0.0019700429344691184	361.5689759079389				
2020-05-28 07:00:00	2400	2.06	2.02	2.02	2.06	1.84	ILP.MI	2.22	2.27	2.22	2.27	2.88	1.67	1.0	-1.0	-1.0	0	1.0	1.0	1.0	1.0	1.0	1.0										-1.0			2.26		2.22								1.0			2.2	-0.02	-0.02	0.22	-0.01	-0.01	0.11	2.0	0.22	0.0	0.0	146.68					1	-0.0	-0.0	-0.38	-0.0	-0.0	-0.17	-0.38	0.0	0.0	37.28					-0.02	-0.02	0.08	-0.01	-0.01	0.04	0.08	0.0	0.0	120.95					-0.02	-0.02	0.18	-0.01	-0.01	0.1	0.18	0.0	0.0	129.63					-0.020000000000000018	-0.020000000000000018	0.040000000000000036	-0.009615384615384581	-0.009661910911736859	0.019801980198019375	0.040000000000000036	0.001912731949080605	0.001911527212255626	336.05427575919015				
2020-05-29 07:00:00	1800	2.06	2.02	2.02	2.06	1.84	ILP.MI	2.24	2.29	2.24	2.29	2.88	1.67	1.0	-1.0	-1.0	0	1.0	1.0	1.0	1.0	1.0	1.0										-1.0			2.26	2.29									1.0			2.2	0.0	0.0	0.22	0.0	0.0	0.11	2.0	0.22	0.0	0.0	153.71					1	0.0	0.0	-0.38	0.0	0.0	-0.17	-0.38	0.0	0.0	46.55					0.0	0.0	0.08	0.0	0.0	0.04	0.08	0.0	0.0	120.4					0.0	0.0	0.18	0.0	0.0	0.1	0.18	0.0	0.0	129.12					0.0	0.0	0.040000000000000036	0.0	0.0	0.019801980198019375	0.040000000000000036	0.001912731949080605	0.001911527212255626	336.05427575919015				
2020-06-01 07:00:00	2400	2.06	2.02	2.06	2.02	1.8	ILP.MI	2.25	2.25	2.2	2.2	2.88	1.67	1.0	-1.0	-1.0	0	1.0	1.0	1.0	1.0	1.0	1.0										-1.0			2.26										0.0			2.2	-0.04	-0.04	0.18	-0.02	-0.02	0.09		0.18	0.0	0.0	139.26					1	-0.0	-0.0	-0.38	-0.0	-0.0	-0.17	-0.38	0.0	0.0	46.55					-0.04	-0.04	0.04	-0.02	-0.02	0.02	0.04	0.0	0.0	108.82					-0.04	-0.04	0.14	-0.02	-0.02	0.07	0.14	0.0	0.0	116.79					-0.040000000000000036	-0.040000000000000036	0.0	-0.01941747572815533	-0.019608471388376313	-5.551115123125783e-16	0.0	0.0018394859470089071	0.0018380873612076076	297.69186380054845				
2020-06-02 07:00:00	0	2.02	2.02	2.02	2.02	1.8	ILP.MI	2.15	2.15	2.15	2.15	2.88	1.67	1.0	-1.0	-1.0	0	1.0	1.0	1.0	1.0	1.0	1.0		2.02								-1.0			2.26										-1.0			2.2	0.0	0.0	0.18	0.0	0.0	0.09	2.18	0.18	0.0	0.0	139.26					1	0.0	0.0	-0.38	0.0	0.0	-0.17	-0.38	0.0	0.0	46.55					0.0	0.0	0.04	0.0	0.0	0.02	0.04	0.0	0.0	108.82					0.0	0.0	0.14	0.0	0.0	0.07	0.14	0.0	0.0	116.79					0.0	0.0	0.0	0.0	0.0	-5.551115123125783e-16	0.0	0.0018394859470089071	0.0018380873612076076	297.69186380054845				
2020-06-03 07:00:00	2400	2.1	2.02	2.06	2.1	1.87	ILP.MI	2.12	2.16	2.08	2.16	2.88	1.67	1.0	-1.0	-1.0	0	1.0	1.0	1.0	1.0	1.0	1.0										-1.0			2.26										-1.0			2.2	0.08	0.08	0.26	0.04	0.04	0.13	2.18	0.26	0.0	0.0	141.19					1	0.0	0.0	-0.38	0.0	0.0	-0.17	-0.38	0.0	0.0	46.55					0.08	0.08	0.12	0.04	0.04	0.06	0.12	0.0	0.0	124.29					0.08	0.08	0.22	0.04	0.04	0.12	0.22	0.0	0.0	132.68					-0.08000000000000007	-0.08000000000000007	-0.08000000000000007	-0.03960396039603964	-0.03883983331626396	-0.038095238095238626	-0.08000000000000007	0.0017353943439604915	0.001733663381240591	242.8946369670602				
2020-06-04 07:00:00	1800	2.08	2.04	2.04	2.08	1.85	ILP.MI	2.1	2.14	2.1	2.14	2.88	1.67	1.0	-1.0	-1.0	0	1.0	1.0	1.0	1.0	1.0	1.0	2.08									-1.0			2.26										-1.0			2.2	-0.02	-0.02	0.24	-0.01	-0.01	0.12	2.18	0.24	0.0	0.0	145.55					1	-0.0	-0.0	-0.38	-0.0	-0.0	-0.17	-0.38	0.0	0.0	46.55					-0.02	-0.02	0.1	-0.01	-0.01	0.05	0.1	0.0	0.0	114.41					-0.02	-0.02	0.2	-0.01	-0.01	0.11	0.2	0.0	0.0	122.54					0.020000000000000018	0.020000000000000018	-0.06000000000000005	0.00952380952380949	0.009569451016150672	-0.02884615384615441	-0.06000000000000005	0.001817691622699387	0.0018158983658616012	244.98239649856896				
2020-06-05 07:00:00	3000	2.1	2.04	2.1	2.08	1.85	ILP.MI	2.1	2.1	2.04	2.08	2.88	1.67	1.0	-1.0	-1.0	0	1.0	1.0	1.0	1.0	1.0	1.0										-1.0			2.26										-1.0			2.2	0.0	0.0	0.24	0.0	0.0	0.12	2.18	0.24	0.0	0.0	145.55					1	0.0	0.0	-0.38	0.0	0.0	-0.17	-0.38	0.0	0.0	46.55					0.0	0.0	0.1	0.0	0.0	0.05	0.1	0.0	0.0	114.41					0.0	0.0	0.2	0.0	0.0	0.11	0.2	0.0	0.0	122.54					-0.0	-0.0	-0.06000000000000005	-0.0	-0.0	-0.02884615384615441	-0.06000000000000005	0.001817691622699387	0.0018158983658616012	244.98239649856896				
2020-06-08 07:00:00	4200	2.06	2.0	2.02	2.06	1.84	ILP.MI	2.02	2.06	2.0	2.06	2.88	1.67	1.0	-1.0	-1.0	0	1.0	1.0	1.0	1.0	1.0	1.0										-1.0			2.26		2.0		2.0						-1.0			2.2	-0.02	-0.02	0.22	-0.01	-0.01	0.11	2.18	0.22	0.0	0.0	136.42					1	-0.0	-0.0	-0.38	-0.0	-0.0	-0.17	-0.38	0.0	0.0	46.55					-0.02	-0.02	0.08	-0.01	-0.01	0.04	0.08	0.0	0.0	106.68					-0.02	-0.02	0.18	-0.01	-0.01	0.1	0.18	0.0	0.0	114.46					0.020000000000000018	0.020000000000000018	-0.040000000000000036	0.009615384615384581	0.009661910911736859	-0.019417475728155886	-0.040000000000000036	0.0019007840565403245	0.001898926788846067	246.93895826711636				
2020-06-09 07:00:00	3000	2.06	2.0	2.0	2.06	1.84	ILP.MI	2.03	2.09	2.03	2.09	2.88	1.67	1.0	-1.0	-1.0	0	1.0	1.0	1.0	1.0	1.0	1.0										-1.0			2.26										-1.0			2.2	0.0	0.0	0.22	0.0	0.0	0.11	2.18	0.22	0.0	0.0	136.42					1	0.0	0.0	-0.38	0.0	0.0	-0.17	-0.38	0.0	0.0	46.55					0.0	0.0	0.08	0.0	0.0	0.04	0.08	0.0	0.0	106.68					0.0	0.0	0.18	0.0	0.0	0.1	0.18	0.0	0.0	114.46					-0.0	-0.0	-0.040000000000000036	-0.0	-0.0	-0.019417475728155886	-0.040000000000000036	0.0019007840565403245	0.001898926788846067	246.93895826711636				
2020-06-10 07:00:00	3000	2.04	2.0	2.0	2.04	1.82	ILP.MI	2.05	2.09	2.05	2.09	2.88	1.67	1.0	-1.0	-1.0	0	1.0	1.0	1.0	1.0	1.0	1.0										-1.0			2.26										-1.0			2.2	-0.02	-0.02	0.2	-0.01	-0.01	0.1	2.18	0.2	0.0	0.0	127.6					1	-0.0	-0.0	-0.38	-0.0	-0.0	-0.17	-0.38	0.0	0.0	46.55					-0.02	-0.02	0.06	-0.01	-0.01	0.03	0.06	0.0	0.0	99.14					-0.02	-0.02	0.16	-0.01	-0.01	0.08	0.16	0.0	0.0	106.59					0.020000000000000018	0.020000000000000018	-0.020000000000000018	0.009708737864077666	0.009756174945364685	-0.009803921568628082	-0.020000000000000018	0.001984687161070461	0.001982764121477576	248.77639566642893				
2020-06-11 07:00:00	3600	2.02	1.98	1.99	2.02	1.8	ILP.MI	2.14	2.17	2.13	2.17	2.88	1.67	1.0	-1.0	-1.0	0	1.0	1.0	1.0	1.0	1.0	1.0										-1.0			2.26	2.17									-1.0			2.2	-0.02	-0.02	0.18	-0.01	-0.01	0.09	2.18	0.18	0.0	0.0	117.1					1	-0.0	-0.0	-0.38	-0.0	-0.0	-0.17	-0.38	0.0	0.0	46.55					-0.02	-0.02	0.04	-0.01	-0.01	0.02	0.04	0.0	0.0	101.97					-0.02	-0.02	0.14	-0.01	-0.01	0.07	0.14	0.0	0.0	109.71					0.020000000000000018	0.020000000000000018	0.0	0.009803921568627416	0.009852296443011594	-6.661338147750939e-16	0.0	0.00206941691048036	0.0020674262921214215	250.50534639714795				
2020-06-12 07:00:00	5400	2.0	1.96	2.0	1.96	1.75	ILP.MI	2.14	2.14	2.1	2.1	2.88	1.67	1.0	-1.0	-1.0	0	1.0	1.0	1.0	1.0	1.0	1.0		1.96								-1.0			2.26		2.1								-1.0			2.2	-0.06	-0.06	0.12	-0.03	-0.03	0.06	2.18	0.12	0.0	0.0	101.26					1	-0.0	-0.0	-0.38	-0.0	-0.0	-0.17	-0.38	0.0	0.0	46.55					-0.06	-0.06	-0.02	-0.03	-0.03	-0.01	-0.02	0.0	0.0	88.33					-0.06	-0.06	0.08	-0.03	-0.03	0.04	0.08	0.0	0.0	95.15					0.06000000000000005	0.06000000000000005	0.06000000000000005	0.02970297029702973	0.030153038170687558	0.03061224489795844	0.06000000000000005	0.0023287330387482736	0.002326528360367064	255.13023566049762				
2020-06-15 07:00:00	600	2.02	2.02	2.02	2.02	1.8	ILP.MI	2.15	2.15	2.15	2.15	2.88	1.67	1.0	-1.0	-1.0	0	1.0	1.0	1.0	1.0	1.0	1.0	2.02			2.02						-1.0			2.26	2.15									-1.0			2.2	0.06	0.06	0.18	0.03	0.03	0.09	2.18	0.18	0.0	0.0	104.49					1	0.0	0.0	-0.38	0.0	0.0	-0.17	-0.38	0.0	0.0	46.55					0.06	0.06	0.04	0.03	0.03	0.02	0.04	0.0	0.0	92.0					0.06	0.06	0.14	0.03	0.03	0.07	0.14	0.0	0.0	98.58					-0.06000000000000005	-0.06000000000000005	0.0	-0.030612244897959107	-0.030153038170687457	-5.551115123125783e-16	0.0	0.0022230043746062746	0.002220430735165424	220.42241823603462				
2020-06-16 07:00:00	0	2.02	2.02	2.02	2.02	1.8	ILP.MI	2.08	2.08	2.08	2.08	2.88	1.67	1.0	-1.0	-1.0	0	1.0	1.0	1.0	1.0	1.0	1.0										-1.0			2.26										-1.0			2.2	0.0	0.0	0.18	0.0	0.0	0.09	2.12	0.18	0.0	0.0	104.49					1	0.0	0.0	-0.38	0.0	0.0	-0.17	-0.38	0.0	0.0	46.55					0.0	0.0	0.04	0.0	0.0	0.02	0.04	0.0	0.0	92.0					0.0	0.0	0.14	0.0	0.0	0.07	0.14	0.0	0.0	98.58					-0.0	-0.0	0.0	-0.0	-0.0	-5.551115123125783e-16	0.0	0.0022230043746062746	0.002220430735165424	220.42241823603462				
2020-06-17 07:00:00	3000	2.0	1.96	1.96	2.0	1.78	ILP.MI	2.02	2.06	2.02	2.06	2.88	1.67	1.0	-1.0	-1.0	0	1.0	1.0	1.0	1.0	1.0	1.0										-1.0			2.26		2.02								-1.0			2.2	-0.02	-0.02	0.16	-0.01	-0.01	0.08	2.12	0.16	0.0	0.0	96.98					1	-0.0	-0.0	-0.38	-0.0	-0.0	-0.17	-0.38	0.0	0.0	46.55					-0.02	-0.02	0.02	-0.01	-0.01	0.01	0.02	0.0	0.0	85.14					-0.02	-0.02	0.12	-0.01	-0.01	0.06	0.12	0.0	0.0	91.45					0.020000000000000018	0.020000000000000018	0.020000000000000018	0.00990099009900991	0.009950330853168092	0.009999999999999343	0.020000000000000018	0.0023075821868582033	0.0023049273783084523	221.8573971392763				
2020-06-18 07:00:00	5400	2.0	1.96	1.97	2.0	1.78	ILP.MI	2.04	2.07	2.03	2.07	2.88	1.67	1.0	-1.0	-1.0	-1	1.0	1.0	1.0	1.0	1.0	1.0										-1.0			2.26	2.07									-1.0			2.2	0.0	0.0	0.16	0.0	0.0	0.08	2.12	0.16	0.0	0.0	105.91					1	0.0	0.0	-0.38	0.0	0.0	-0.17	-0.38	0.0	0.0	46.55					0.0	0.0	0.02	0.0	0.0	0.01	0.02	0.0	0.0	83.44					0.0	0.0	0.12	0.0	0.0	0.06	0.12	0.0	0.0	89.86					-0.0	-0.0	0.020000000000000018	-0.0	-0.0	0.009999999999999343	0.020000000000000018	0.0023075821868582033	0.0023049273783084523	221.8573971392763				
2020-06-19 07:00:00	5400	1.97	1.96	1.97	1.96	1.75	ILP.MI	2.03	2.03	2.02	2.02	2.88	1.67	1.0	-1.0	-1.0	-1	1.0	1.0	1.0	1.0	1.0	1.0		1.96								-1.0			2.26		2.02								-1.0			2.2	-0.04	-0.04	0.12	-0.02	-0.02	0.06	2.12	0.12	0.0	0.0	94.91					1	0.04	0.04	-0.34	0.02	0.02	-0.15	-0.34	0.0	0.0	58.47					-0.04	-0.04	-0.02	-0.02	-0.02	-0.01	-0.02	0.0	0.0	74.06					-0.04	-0.04	0.08	-0.02	-0.02	0.04	0.08	0.0	0.0	80.02					0.040000000000000036	0.040000000000000036	0.06000000000000005	0.020000000000000018	0.020202707317519466	0.030612244897958663	0.06000000000000005	0.0024793051990571187	0.0024764817214690815	224.51826809990436				
2020-06-22 07:00:00	3600	1.99	1.95	1.99	1.95	1.74	ILP.MI	2.06	2.06	2.02	2.02	2.88	1.67	1.0	-1.0	-1.0	-1	1.0	1.0	1.0	1.0	1.0	1.0										-1.0			2.26	2.06									-1.0			2.2	-0.01	-0.01	0.11	-0.01	-0.01	0.05	2.12	0.11	0.0	0.0	87.17					1	0.01	0.01	-0.33	0.01	0.01	-0.15	-0.33	0.0	0.0	61.15					-0.01	-0.01	-0.03	-0.01	-0.01	-0.02	-0.03	0.0	0.0	77.54					-0.01	-0.01	0.07	-0.01	-0.01	0.04	0.07	0.0	0.0	83.81					0.010000000000000009	0.010000000000000009	0.07000000000000006	0.005102040816326481	0.005115100666770377	0.035897435897435326	0.07000000000000006	0.0025227835547246666	0.0025199165500646714	225.14362992117412				
2020-06-23 07:00:00	600	1.98	1.98	1.98	1.98	1.77	ILP.MI	2.02	2.02	2.02	2.02	2.88	1.67	1.0	-1.0	-1.0	-1	1.0	1.0	1.0	1.0	1.0	1.0	1.98									-1.0			2.26		2.02								-1.0			2.2	0.03	0.03	0.14	0.02	0.02	0.07	2.1	0.14	0.0	0.0	86.17					1	-0.03	-0.03	-0.36	-0.02	-0.02	-0.16	-0.36	0.0	0.0	34.1					0.03	0.03	-0.0	0.02	0.02	-0.0	-0.0	0.0	0.0	90.14					0.03	0.03	0.1	0.02	0.02	0.05	0.1	0.0	0.0	96.9					-0.030000000000000027	-0.030000000000000027	0.040000000000000036	-0.01538461538461533	-0.01526747213078838	0.020202020202019666	0.040000000000000036	0.002431314374728623	0.002428152772332437	207.0275645803885				
2020-06-24 07:00:00	600	1.97	1.97	1.97	1.97	1.76	ILP.MI	2.08	2.08	2.08	2.08	2.88	1.67	1.0	-1.0	-1.0	-1	1.0	1.0	1.0	1.0	1.0	1.0		1.97								-1.0			2.26										-1.0			2.2	-0.01	-0.01	0.13	-0.01	-0.01	0.06	2.1	0.13	0.0	0.0	78.66					1	0.01	0.01	-0.35	0.01	0.01	-0.15	-0.35	0.0	0.0	27.5					-0.01	-0.01	-0.01	-0.01	-0.01	-0.01	-0.01	0.0	0.0	92.98					-0.01	-0.01	0.09	-0.01	-0.01	0.05	0.09	0.0	0.0	100.02					0.010000000000000009	0.010000000000000009	0.050000000000000044	0.005050505050505083	0.005063301956546762	0.025380710659897998	0.050000000000000044	0.002473846111163616	0.0024706377063099527	207.66908402106313				
2020-06-25 07:00:00	600	2.0	2.0	2.0	2.0	1.78	ILP.MI	2.1	2.1	2.1	2.1	2.88	1.67	1.0	-1.0	-1.0	-1	1.0	1.0	1.0	1.0	1.0	1.0	2.0									-1.0			2.26	2.1		2.1							-1.0			2.2	0.03	0.03	0.16	0.02	0.02	0.08	2.1	0.16	0.0	0.0	80.59					1	-0.03	-0.03	-0.38	-0.02	-0.02	-0.17	-0.38	0.0	0.0	14.42					0.03	0.03	0.02	0.02	0.02	0.01	0.02	0.0	0.0	94.71					0.03	0.03	0.12	0.02	0.02	0.06	0.12	0.0	0.0	101.64					-0.030000000000000027	-0.030000000000000027	0.020000000000000018	-0.015228426395939021	-0.015113637810048106	0.009999999999999565	0.020000000000000018	0.0023790786248910185	0.0023755610200575372	191.03901367167458				
2020-06-26 07:00:00	3600	1.92	1.92	1.92	1.92	1.71	ILP.MI	2.03	2.03	2.03	2.03	2.88	1.67	1.0	-1.0	-1.0	-1	1.0	1.0	1.0	1.0	1.0	1.0		1.92								-1.0			2.26										-1.0			2.2	-0.08	-0.08	0.08	-0.04	-0.04	0.04	2.1	0.08	0.0	0.0	71.75					1	0.08	0.08	-0.3	0.04	0.04	-0.13	-0.3	0.0	0.0	50.06					-0.08	-0.08	-0.06	-0.04	-0.04	-0.03	-0.06	0.0	0.0	78.14					-0.08	-0.08	0.04	-0.04	-0.04	0.02	0.04	0.0	0.0	84.06					0.08000000000000007	0.08000000000000007	0.10000000000000009	0.040000000000000036	0.040821994520255166	0.052083333333332815	0.10000000000000009	0.0027179011794091364	0.0027139655657948403	195.90200173726606				
2020-06-29 07:00:00	3600	1.93	1.93	1.93	1.93	1.72	ILP.MI	2.01	2.01	2.01	2.01	2.88	1.67	1.0	-1.0	-1.0	-1	1.0	1.0	1.0	1.0	1.0	1.0	1.93									-1.0			2.26										-1.0			2.2	0.01	0.01	0.09	0.01	0.01	0.04	2.1	0.09	0.0	0.0	77.63					1	-0.01	-0.01	-0.31	-0.01	-0.01	-0.14	-0.31	0.0	0.0	49.92					0.01	0.01	-0.05	0.01	0.01	-0.03	-0.05	0.0	0.0	78.18					0.01	0.01	0.05	0.01	0.01	0.03	0.05	0.0	0.0	84.1					-0.010000000000000009	-0.010000000000000009	0.09000000000000008	-0.005208333333333259	-0.00519481687710393	0.04663212435233133	0.09000000000000008	0.002633882643801803	0.0026297082179349562	187.05343784319257				
2020-06-30 07:00:00	7800	1.96	1.92	1.96	1.92	1.71	ILP.MI	2.04	2.04	2.0	2.0	2.88	1.67	1.0	-1.0	-1.0	-1	1.0	1.0	1.0	1.0	1.0	1.0										-1.0			2.26										-1.0			2.2	-0.01	-0.01	0.08	-0.01	-0.01	0.04	2.1	0.08	0.0	0.0	72.28					1	0.01	0.01	-0.3	0.01	0.01	-0.13	-0.3	0.0	0.0	52.44					-0.01	-0.01	-0.06	-0.01	-0.01	-0.03	-0.06	0.0	0.0	72.93					-0.01	-0.01	0.04	-0.01	-0.01	0.02	0.04	0.0	0.0	78.74					0.010000000000000009	0.010000000000000009	0.10000000000000009	0.005181347150259086	0.005194816877104023	0.05208333333333304	0.10000000000000009	0.0026764801421940558	0.0026722479198004745	187.63403253698283				
2020-07-01 07:00:00	600	1.92	1.92	1.92	1.92	1.71	ILP.MI	2.01	2.01	2.01	2.01	2.88	1.67	1.0	-1.0	-1.0	-1	1.0	1.0	1.0	1.0	1.0	1.0										-1.0			2.26										-1.0			2.2	0.0	0.0	0.08	0.0	0.0	0.04	2.1	0.08	0.0	0.0	72.28					1	-0.0	-0.0	-0.3	-0.0	-0.0	-0.13	-0.3	0.0	0.0	52.44					0.0	0.0	-0.06	0.0	0.0	-0.03	-0.06	0.0	0.0	72.93					0.0	0.0	0.04	0.0	0.0	0.02	0.04	0.0	0.0	78.74					-0.0	-0.0	0.10000000000000009	-0.0	-0.0	0.05208333333333304	0.10000000000000009	0.0026764801421940558	0.0026722479198004745	187.63403253698283				
2020-07-02 07:00:00	0	1.92	1.92	1.92	1.92	1.71	ILP.MI	1.95	1.95	1.95	1.95	2.88	1.67	1.0	-1.0	-1.0	-1	-1.0	1.0	-1.0	1.0	1.0	1.0		1.92								-1.0			2.26		1.95								-1.0			2.2	0.0	0.0	0.08	0.0	0.0	0.04	2.1	0.08	0.0	0.0	77.52					1	-0.0	-0.0	-0.3	-0.0	-0.0	-0.13	-0.3	0.0	0.0	60.76					0.0	0.0	-0.06	0.0	0.0	-0.03	-0.06	0.0	0.0	72.33					0.0	0.0	0.04	0.0	0.0	0.02	0.04	0.0	0.0	78.18					-0.0	-0.0	0.10000000000000009	-0.0	-0.0	0.05208333333333304	0.10000000000000009	0.0026764801421940558	0.0026722479198004745	187.63403253698283				
2020-07-03 07:00:00	1200	1.93	1.92	1.93	1.92	1.71	ILP.MI	1.98	1.98	1.97	1.97	2.88	1.67	1.0	-1.0	-1.0	-1	-1.0	1.0	-1.0	1.0	1.0	1.0										-1.0			2.26										-1.0			2.2	0.0	0.0	0.08	0.0	0.0	0.04	2.06	0.08	0.0	0.0	77.52					1	-0.0	-0.0	-0.3	-0.0	-0.0	-0.13	-0.3	0.0	0.0	60.76					-0.0	-0.0	-0.06	-0.0	-0.0	-0.03	-0.06	0.0	0.0	72.33					0.0	0.0	0.04	0.0	0.0	0.02	0.04	0.0	0.0	78.18					-0.0	-0.0	0.10000000000000009	-0.0	-0.0	0.05208333333333304	0.10000000000000009	0.0026764801421940558	0.0026722479198004745	187.63403253698283				
2020-07-06 07:00:00	600	1.97	1.97	1.97	1.97	1.76	ILP.MI	1.99	1.99	1.99	1.99	2.88	1.67	1.0	-1.0	-1.0	-1	-1.0	1.0	-1.0	1.0	1.0	1.0										-1.0			2.26										-1.0			2.2	0.05	0.05	0.13	0.03	0.03	0.06	2.06	0.13	0.0	0.0	86.96					1	-0.05	-0.05	-0.35	-0.03	-0.03	-0.15	-0.35	0.0	0.0	54.68					-0.05	-0.05	-0.11	-0.03	-0.03	-0.05	-0.11	0.0	0.0	61.1					0.05	0.05	0.09	0.03	0.03	0.05	0.09	0.0	0.0	80.02					-0.050000000000000044	-0.050000000000000044	0.050000000000000044	-0.02604166666666674	-0.02570835671020703	0.025380710659897998	0.050000000000000044	0.0025519274358406963	0.0025472091646701056	166.7623776983814				
2020-07-07 07:00:00	0	1.97	1.97	1.97	1.97	1.76	ILP.MI	1.99	1.99	1.99	1.99	2.88	1.67	1.0	-1.0	-1.0	-1	-1.0	1.0	-1.0	-1.0	1.0	-1.0										-1.0			2.26										-1.0			2.2	0.0	0.0	0.13	0.0	0.0	0.06	2.04	0.13	0.0	0.0	86.96					1	-0.0	-0.0	-0.35	-0.0	-0.0	-0.15	-0.35	0.0	0.0	54.68					-0.0	-0.0	-0.11	-0.0	-0.0	-0.05	-0.11	0.0	0.0	61.1					0.0	0.0	0.09	0.0	0.0	0.05	0.09	0.0	0.0	80.02					-0.0	-0.0	0.050000000000000044	-0.0	-0.0	0.025380710659897998	0.050000000000000044	0.0025519274358406963	0.0025472091646701056	166.7623776983814				
2020-07-08 07:00:00	2400	1.98	1.97	1.97	1.98	1.77	ILP.MI	2.0	2.01	2.0	2.01	2.88	1.67	1.0	-1.0	-1.0	-1	-1.0	1.0	-1.0	-1.0	1.0	-1.0										-1.0			2.26										-1.0			2.2	0.01	0.01	0.14	0.01	0.01	0.07	2.02	0.14	0.0	0.0	95.63					1	-0.01	-0.01	-0.36	-0.01	-0.01	-0.16	-0.36	0.0	0.0	58.03					-0.01	-0.01	-0.12	-0.01	-0.01	-0.06	-0.12	0.0	0.0	54.04					-0.01	-0.01	0.08	-0.01	-0.01	0.04	0.08	0.0	0.0	73.15					-0.010000000000000009	-0.010000000000000009	0.040000000000000036	-0.0050761421319796	-0.0050633019565466345	0.020202020202019888	0.040000000000000036	0.0024635231676526153	0.002458554197078744	158.8622231702267				
2020-07-09 07:00:00	0	1.98	1.98	1.98	1.98	1.77	ILP.MI	2.05	2.05	2.05	2.05	2.88	1.67	1.0	-1.0	-1.0	-1	-1.0	1.0	-1.0	-1.0	1.0	-1.0										-1.0			2.26	2.05									-1.0			2.2	0.0	0.0	0.14	0.0	0.0	0.07	2.02	0.14	0.0	0.0	95.63					1	-0.0	-0.0	-0.36	-0.0	-0.0	-0.16	-0.36	0.0	0.0	58.03					-0.0	-0.0	-0.12	-0.0	-0.0	-0.06	-0.12	0.0	0.0	54.04					-0.0	-0.0	0.08	-0.0	-0.0	0.04	0.08	0.0	0.0	73.15					-0.0	-0.0	0.040000000000000036	-0.0	-0.0	0.020202020202019888	0.040000000000000036	0.0024635231676526153	0.002458554197078744	158.8622231702267				
2020-07-10 07:00:00	0	1.98	1.98	1.98	1.98	1.77	ILP.MI	2.02	2.02	2.02	2.02	2.88	1.67	1.0	-1.0	-1.0	-1	-1.0	1.0	-1.0	-1.0	1.0	-1.0	1.98									-1.0			2.26										-1.0			2.2	0.0	0.0	0.14	0.0	0.0	0.07	2.02	0.14	0.0	0.0	94.7					1	-0.0	-0.0	-0.36	-0.0	-0.0	-0.16	-0.36	0.0	0.0	53.55					-0.0	-0.0	-0.12	-0.0	-0.0	-0.06	-0.12	0.0	0.0	60.1					-0.0	-0.0	0.08	-0.0	-0.0	0.04	0.08	0.0	0.0	79.6					-0.0	-0.0	0.040000000000000036	-0.0	-0.0	0.020202020202019888	0.040000000000000036	0.0024635231676526153	0.002458554197078744	158.8622231702267				
2020-07-13 07:00:00	600	1.98	1.98	1.98	1.98	1.77	ILP.MI	2.0	2.0	2.0	2.0	2.88	1.67	1.0	-1.0	-1.0	-1	-1.0	1.0	-1.0	-1.0	1.0	-1.0										-1.0			2.26		2.0								-1.0			2.2	0.0	0.0	0.14	0.0	0.0	0.07	2.02	0.14	0.0	0.0	100.17					1	-0.0	-0.0	-0.36	-0.0	-0.0	-0.16	-0.36	0.0	0.0	62.0					-0.0	-0.0	-0.12	-0.0	-0.0	-0.06	-0.12	0.0	0.0	59.41					-0.0	-0.0	0.08	-0.0	-0.0	0.04	0.08	0.0	0.0	79.04					-0.0	-0.0	0.040000000000000036	-0.0	-0.0	0.020202020202019888	0.040000000000000036	0.0024635231676526153	0.002458554197078744	158.8622231702267				
2020-07-14 07:00:00	0	1.98	1.98	1.98	1.98	1.77	ILP.MI	2.01	2.01	2.01	2.01	2.88	1.67	1.0	-1.0	-1.0	-1	-1.0	1.0	-1.0	-1.0	1.0	-1.0										-1.0			2.26	2.01									-1.0			2.2	0.0	0.0	0.14	0.0	0.0	0.07	2.0	0.14	0.0	0.0	100.17					1	-0.0	-0.0	-0.36	-0.0	-0.0	-0.16	-0.36	0.0	0.0	62.0					-0.0	-0.0	-0.12	-0.0	-0.0	-0.06	-0.12	0.0	0.0	59.41					-0.0	-0.0	0.08	-0.0	-0.0	0.04	0.08	0.0	0.0	79.04					-0.0	-0.0	0.040000000000000036	-0.0	-0.0	0.020202020202019888	0.040000000000000036	0.0024635231676526153	0.002458554197078744	158.8622231702267				
2020-07-15 07:00:00	3600	1.98	1.91	1.92	1.98	1.77	ILP.MI	1.91	1.97	1.9	1.97	2.88	1.68	1.0	-1.0	-1.0	-1	-1.0	1.0	-1.0	-1.0	1.0	-1.0		1.91	1.98							-1.0			2.26		1.9								-1.0			2.2	0.0	0.0	0.14	0.0	0.0	0.07	2.0	0.14	0.0	0.0	99.7					1	-0.0	-0.0	-0.36	-0.0	-0.0	-0.16	-0.36	0.0	0.0	59.7					-0.0	-0.0	-0.12	-0.0	-0.0	-0.06	-0.12	0.0	0.0	64.51					-0.0	-0.0	0.08	-0.0	-0.0	0.04	0.08	0.0	0.0	84.34					-0.0	-0.0	0.040000000000000036	-0.0	-0.0	0.020202020202019888	0.040000000000000036	0.0024635231676526153	0.002458554197078744	158.8622231702267				
2020-07-16 07:00:00	0	1.98	1.98	1.98	1.98	1.77	ILP.MI	1.97	1.97	1.97	1.97	2.88	1.75	1.0	-1.0	-1.0	-1	-1.0	1.0	-1.0	-1.0	1.0	-1.0	1.98									-1.0			2.26	1.97									-1.0			2.2	0.0	0.0	0.14	0.0	0.0	0.07	2.0	0.14	0.0	0.0	110.08					1	-0.0	-0.0	-0.36	-0.0	-0.0	-0.16	-0.36	0.0	0.0	74.19					-0.0	-0.0	-0.12	-0.0	-0.0	-0.06	-0.12	0.0	0.0	61.74					-0.0	-0.0	0.08	-0.0	-0.0	0.04	0.08	0.0	0.0	82.11					-0.0	-0.0	0.040000000000000036	-0.0	-0.0	0.020202020202019888	0.040000000000000036	0.0024635231676526153	0.002458554197078744	158.8622231702267				
2020-07-17 07:00:00	4800	1.98	1.91	1.98	1.96	1.75	ILP.MI	1.96	1.96	1.89	1.94	2.88	1.75	1.0	-1.0	-1.0	-1	-1.0	1.0	-1.0	-1.0	1.0	-1.0										-1.0			2.26										-1.0			2.2	-0.02	-0.02	0.12	-0.01	-0.01	0.06	2.0	0.12	0.0	0.0	101.57					1	0.02	0.02	-0.34	0.01	0.01	-0.15	-0.34	0.0	0.0	89.66					0.02	0.02	-0.1	0.01	0.01	-0.05	-0.1	0.0	0.0	69.59					0.02	0.02	0.1	0.01	0.01	0.05	0.1	0.0	0.0	90.1					0.020000000000000018	0.020000000000000018	0.06000000000000005	0.010101010101010055	0.010152371464017962	0.030612244897958885	0.06000000000000005	0.0025447421393647593	0.0025396444866552237	160.07624147424644				
2020-07-20 07:00:00	4800	1.96	1.92	1.93	1.96	1.75	ILP.MI	1.89	1.92	1.88	1.92	2.88	1.78	1.0	-1.0	-1.0	-1	-1.0	1.0	-1.0	-1.0	1.0	-1.0										-1.0			2.26										-1.0			2.2	0.0	0.0	0.12	0.0	0.0	0.06	2.0	0.12	0.0	0.0	98.47					1	-0.0	-0.0	-0.34	-0.0	-0.0	-0.15	-0.34	0.0	0.0	110.55					-0.0	-0.0	-0.1	-0.0	-0.0	-0.05	-0.1	0.0	0.0	81.15					-0.0	-0.0	0.1	-0.0	-0.0	0.05	0.1	0.0	0.0	103.32					-0.0	-0.0	0.06000000000000005	-0.0	-0.0	0.030612244897958885	0.06000000000000005	0.0025447421393647593	0.0025396444866552237	160.07624147424644				
2020-07-21 07:00:00	5400	1.92	1.86	1.91	1.92	1.71	ILP.MI	1.86	1.87	1.81	1.87	2.88	1.81	-1.0	-1.0	-1.0	-1	-1.0	1.0	-1.0	-1.0	1.0	-1.0		1.86								-1.0			2.26		1.81		1.81						-1.0			2.2	-0.04	-0.04	0.08	-0.02	-0.02	0.04	2.0	0.08	0.0	0.0	94.85					1	0.04	0.04	-0.3	0.02	0.02	-0.13	-0.3	0.0	0.0	114.78					0.04	0.04	-0.06	0.02	0.02	-0.03	-0.06	0.0	0.0	82.63					0.04	0.04	0.14	0.02	0.02	0.07	0.14	0.0	0.0	104.51					0.040000000000000036	0.040000000000000036	0.10000000000000009	0.020408163265306145	0.020619287202735703	0.05208333333333304	0.10000000000000009	0.002709696436986644	0.0027043323864159863	162.36734892305938				
2020-07-22 07:00:00	1200	1.92	1.9	1.92	1.9	1.69	ILP.MI	1.88	1.88	1.86	1.86	2.88	1.81	-1.0	-1.0	-1.0	-1	-1.0	1.0	-1.0	-1.0	1.0	-1.0	1.92									-1.0			2.26										-1.0			2.2	0.02	0.02	0.1	0.01	0.01	0.05	2.0	0.1	0.0	0.0	94.95					1	0.02	0.02	-0.28	0.01	0.01	-0.12	-0.28	0.0	0.0	130.32					0.02	0.02	-0.04	0.01	0.01	-0.02	-0.04	0.0	0.0	90.81					0.02	0.02	0.16	0.01	0.01	0.09	0.16	0.0	0.0	113.09					0.020000000000000018	0.020000000000000018	0.1200000000000001	0.01041666666666663	0.010471299867295366	0.06315789473684164	0.1200000000000001	0.0027934668359250077	0.0027879649087891867	163.4496040754392				
2020-07-23 07:00:00	10800	1.95	1.87	1.93	1.9	1.69	ILP.MI	1.91	1.93	1.85	1.88	2.88	1.81	-1.0	-1.0	-1.0	-1	-1.0	1.0	-1.0	-1.0	1.0	-1.0										-1.0			2.26	1.93									-1.0			2.2	-0.0	-0.0	0.1	-0.0	-0.0	0.05	1.98	0.1	0.0	0.0	93.23					1	-0.0	-0.0	-0.28	-0.0	-0.0	-0.12	-0.28	0.0	0.0	145.66					-0.0	-0.0	-0.04	-0.0	-0.0	-0.02	-0.04	0.0	0.0	99.37					-0.0	-0.0	0.16	-0.0	-0.0	0.09	0.16	0.0	0.0	122.73					-0.0	-0.0	0.1200000000000001	-0.0	-0.0	0.06315789473684164	0.1200000000000001	0.0027934668359250077	0.0027879649087891867	163.4496040754392				
2020-07-24 07:00:00	4200	1.9	1.82	1.83	1.9	1.69	ILP.MI	1.84	1.91	1.83	1.91	2.88	1.81	-1.0	-1.0	-1.0	-1	-1.0	1.0	-1.0	-1.0	1.0	-1.0		1.82								-1.0			2.26		1.83								-1.0			2.2	-0.0	-0.0	0.1	-0.0	-0.0	0.05	1.98	0.1	0.0	0.0	102.28					1	-0.0	-0.0	-0.28	-0.0	-0.0	-0.12	-0.28	0.0	0.0	140.95					-0.0	-0.0	-0.04	-0.0	-0.0	-0.02	-0.04	0.0	0.0	97.63					-0.0	-0.0	0.16	-0.0	-0.0	0.09	0.16	0.0	0.0	121.33					-0.0	-0.0	0.1200000000000001	-0.0	-0.0	0.06315789473684164	0.1200000000000001	0.0027934668359250077	0.0027879649087891867	163.4496040754392				
2020-07-27 07:00:00	0	1.9	1.9	1.9	1.9	1.69	ILP.MI	1.92	1.92	1.92	1.92	2.88	1.81	-1.0	-1.0	-1.0	-1	-1.0	1.0	-1.0	-1.0	1.0	-1.0	1.9									-1.0			2.26										-1.0			2.2	-0.0	-0.0	0.1	-0.0	-0.0	0.05	1.98	0.1	0.0	0.0	102.28					1	-0.0	-0.0	-0.28	-0.0	-0.0	-0.12	-0.28	0.0	0.0	140.95					-0.0	-0.0	-0.04	-0.0	-0.0	-0.02	-0.04	0.0	0.0	97.63					-0.0	-0.0	0.16	-0.0	-0.0	0.09	0.16	0.0	0.0	121.33					-0.0	-0.0	0.1200000000000001	-0.0	-0.0	0.06315789473684164	0.1200000000000001	0.0027934668359250077	0.0027879649087891867	163.4496040754392				
2020-07-28 07:00:00	0	1.9	1.9	1.9	1.9	1.69	ILP.MI	1.93	1.93	1.93	1.93	2.88	1.81	-1.0	-1.0	-1.0	-1	-1.0	1.0	-1.0	-1.0	1.0	-1.0										-1.0			2.26	1.93									-1.0			2.2	-0.0	-0.0	0.1	-0.0	-0.0	0.05	1.98	0.1	0.0	0.0	92.69					1	-0.0	-0.0	-0.28	-0.0	-0.0	-0.12	-0.28	0.0	0.0	202.8					-0.0	-0.0	-0.04	-0.0	-0.0	-0.02	-0.04	0.0	0.0	127.67					-0.0	-0.0	0.16	-0.0	-0.0	0.09	0.16	0.0	0.0	158.42					-0.0	-0.0	0.1200000000000001	-0.0	-0.0	0.06315789473684164	0.1200000000000001	0.0027934668359250077	0.0027879649087891867	163.4496040754392				
2020-07-29 07:00:00	9600	1.94	1.84	1.9	1.84	1.64	ILP.MI	1.93	1.97	1.87	1.87	2.88	1.81	-1.0	-1.0	-1.0	-1	-1.0	1.0	-1.0	-1.0	1.0	-1.0		1.84								-1.0			2.26		1.87								-1.0			2.2	0.06	0.06	0.16	0.03	0.03	0.08	1.98	0.16	0.0	0.0	111.34					1	0.06	0.06	-0.22	0.03	0.03	-0.09	-0.22	0.0	0.0	246.84					0.06	0.06	0.02	0.03	0.03	0.01	0.02	0.0	0.0	128.44					0.06	0.06	0.22	0.03	0.03	0.12	0.22	0.0	0.0	159.05					0.05999999999999983	0.05999999999999983	0.17999999999999994	0.03157894736842093	0.032088314551500394	0.09782608695652129	0.17999999999999994	0.003050173352337011	0.003044238057461346	166.47032225892323				
2020-07-30 07:00:00	1200	1.9	1.89	1.89	1.9	1.69	ILP.MI	1.99	2.0	1.99	2.0	2.88	1.81	-1.0	-1.0	-1.0	-1	-1.0	1.0	-1.0	-1.0	1.0	-1.0	1.9									-1.0			2.26	2.0		2.0							-1.0			2.2	-0.06	-0.06	0.1	-0.03	-0.03	0.05	1.98	0.1	0.0	0.0	93.08					1	-0.06	-0.06	-0.28	-0.03	-0.03	-0.12	-0.28	0.0	0.0	227.67					-0.06	-0.06	-0.04	-0.03	-0.03	-0.02	-0.04	0.0	0.0	109.33					-0.06	-0.06	0.16	-0.03	-0.03	0.09	0.16	0.0	0.0	136.56					-0.05999999999999983	-0.05999999999999983	0.1200000000000001	-0.032608695652173836	-0.03208831455150045	0.06315789473684164	0.1200000000000001	0.0028966707699996626	0.002890048362818032	145.89826565510324				
2020-07-31 07:00:00	1200	1.91	1.85	1.91	1.85	1.65	ILP.MI	2.02	2.02	1.96	1.96	2.88	1.81	-1.0	-1.0	-1.0	-1	-1.0	1.0	-1.0	-1.0	1.0	-1.0										-1.0			2.26										-1.0			2.2	0.05	0.05	0.15	0.03	0.03	0.08	1.98	0.15	0.0	0.0	106.41					1	0.05	0.05	-0.23	0.03	0.03	-0.1	-0.23	0.0	0.0	230.38					0.05	0.05	0.01	0.03	0.03	0.01	0.01	0.0	0.0	122.66					0.05	0.05	0.21	0.03	0.03	0.12	0.21	0.0	0.0	150.95					0.04999999999999982	0.04999999999999982	0.16999999999999993	0.02631578947368407	0.02666824708216118	0.0918918918918914	0.16999999999999993	0.003229268445244724	0.003222714161143836	159.78996803501778				
2020-08-03 07:00:00	9000	1.88	1.83	1.83	1.88	1.68	ILP.MI	1.91	1.96	1.91	1.96	2.88	1.81	-1.0	-1.0	-1.0	-1	-1.0	1.0	-1.0	-1.0	1.0	-1.0		1.83								-1.0			2.26										-1.0			2.2	-0.03	-0.03	0.12	-0.02	-0.02	0.06	1.98	0.12	0.0	0.0	95.09					1	-0.03	-0.03	-0.26	-0.02	-0.02	-0.11	-0.26	0.0	0.0	224.12					-0.03	-0.03	-0.02	-0.02	-0.02	-0.01	-0.02	0.0	0.0	110.98					-0.03	-0.03	0.18	-0.02	-0.02	0.1	0.18	0.0	0.0	137.69					-0.029999999999999805	-0.029999999999999805	0.14000000000000012	-0.01621621621621605	-0.016086137751624225	0.07446808510638259	0.14000000000000012	0.0030259904069482135	0.0030191019858847312	146.87181673232942				
2020-08-04 07:00:00	0	1.88	1.88	1.88	1.88	1.68	ILP.MI	1.94	1.94	1.94	1.94	2.7	1.81	-1.0	-1.0	-1.0	-1	-1.0	-1.0	1.0	-1.0	1.0	-1.0	1.88									-1.0			2.26										-1.0			2.2	-0.0	-0.0	0.12	-0.0	-0.0	0.06	1.98	0.12	0.0	0.0	93.69					1	-0.0	-0.0	-0.26	-0.0	-0.0	-0.11	-0.26	0.0	0.0	241.58					-0.0	-0.0	-0.02	-0.0	-0.0	-0.01	-0.02	0.0	0.0	109.77					-0.0	-0.0	0.18	-0.0	-0.0	0.1	0.18	0.0	0.0	136.72					-0.0	-0.0	0.14000000000000012	-0.0	-0.0	0.07446808510638259	0.14000000000000012	0.002947771946184792	0.0029410321662162175	146.00208970216454				
2020-08-05 07:00:00	6000	1.88	1.82	1.82	1.88	1.68	ILP.MI	1.86	1.92	1.86	1.92	2.7	1.81	-1.0	-1.0	-1.0	-1	-1.0	-1.0	1.0	-1.0	1.0	-1.0		1.82								-1.0			2.26		1.86								-1.0			2.2	-0.0	-0.0	0.12	-0.0	-0.0	0.06	1.98	0.12	0.0	0.0	101.56					1	-0.0	-0.0	-0.26	-0.0	-0.0	-0.11	-0.26	0.0	0.0	239.43					0.0	0.0	-0.02	0.0	0.0	-0.01	-0.02	0.0	0.0	108.51					-0.0	-0.0	0.18	-0.0	-0.0	0.1	0.18	0.0	0.0	145.99					-0.0	-0.0	0.14000000000000012	-0.0	-0.0	0.07446808510638259	0.14000000000000012	0.0030576890771685404	0.0030513312258342307	155.12838983322058				
2020-08-06 07:00:00	0	1.88	1.88	1.88	1.88	1.68	ILP.MI	1.95	1.95	1.95	1.95	2.67	1.81	-1.0	-1.0	-1.0	-1	-1.0	-1.0	1.0	-1.0	1.0	-1.0	1.88									-1.0			2.26	1.95									-1.0			2.2	-0.0	-0.0	0.12	-0.0	-0.0	0.06	1.98	0.12	0.0	0.0	107.85					1	-0.0	-0.0	-0.26	-0.0	-0.0	-0.11	-0.26	0.0	0.0	238.29					0.0	0.0	-0.02	0.0	0.0	-0.01	-0.02	0.0	0.0	107.85					-0.0	-0.0	0.18	-0.0	-0.0	0.1	0.18	0.0	0.0	145.51					-0.0	-0.0	0.14000000000000012	-0.0	-0.0	0.07446808510638259	0.14000000000000012	0.003156290287959569	0.0031502430866741093	162.11632634749526				
2020-08-07 07:00:00	15000	1.95	1.76	1.88	1.76	1.57	ILP.MI	1.95	2.02	1.82	1.82	2.67	1.81	-1.0	-1.0	-1.0	-1	-1.0	-1.0	1.0	-1.0	1.0	-1.0		1.76		1.76		1.76		1.76		-1.0	1.76		2.26		1.82								-1.0			2.2	0.12	0.12	0.24	0.06	0.07	0.13	1.98	0.24	0.0	0.0	115.48					1	0.12	0.12	-0.14	0.06	0.07	-0.05	-0.14	0.0	0.0	250.64					-0.12	-0.12	-0.14	-0.06	-0.07	-0.07	-0.14	0.0	0.0	82.58					0.12	0.12	0.3	0.06	0.07	0.17	0.3	0.0	0.0	151.22					0.11999999999999988	0.11999999999999988	0.26	0.06382978723404253	0.0659579677917974	0.14772727272727226	0.26	0.003690549827073128	0.0036835708554860958	166.8240884548699				
2020-08-10 07:00:00	3600	1.87	1.8	1.8	1.87	1.67	ILP.MI	1.85	1.92	1.85	1.92	2.61	1.81	-1.0	-1.0	-1.0	-1	-1.0	-1.0	1.0	-1.0	1.0	-1.0										-1.0			2.26	1.92									-1.0			2.2	-0.11	-0.11	0.13	-0.06	-0.06	0.07	1.98	0.13	0.0	0.0	91.99					1	-0.11	-0.11	-0.25	-0.06	-0.06	-0.11	-0.25	0.0	0.0	190.37					0.11	0.11	-0.03	0.06	0.06	-0.02	-0.03	0.0	0.0	89.94					-0.11	-0.11	0.19	-0.06	-0.06	0.1	0.19	0.0	0.0	121.22					-0.1100000000000001	-0.1100000000000001	0.1499999999999999	-0.0625	-0.06062462181643484	0.08021390374331516	0.1499999999999999	0.003474078658892128	0.003465867046226423	136.4705593580446				
2020-08-11 07:00:00	4800	1.88	1.85	1.88	1.87	1.67	ILP.MI	1.88	1.88	1.85	1.87	2.59	1.81	-1.0	-1.0	-1.0	-1	-1.0	-1.0	1.0	-1.0	1.0	-1.0	1.88									-1.0			2.26										-1.0			2.2	-0.0	-0.0	0.13	-0.0	-0.0	0.07	1.98	0.13	0.0	0.0	91.99					1	-0.0	-0.0	-0.25	-0.0	-0.0	-0.11	-0.25	0.0	0.0	190.37					0.0	0.0	-0.03	0.0	0.0	-0.02	-0.03	0.0	0.0	89.94					-0.0	-0.0	0.19	-0.0	-0.0	0.1	0.19	0.0	0.0	121.22					-0.0	-0.0	0.1499999999999999	-0.0	-0.0	0.08021390374331516	0.1499999999999999	0.003474078658892128	0.003465867046226423	136.4705593580446				
2020-08-12 07:00:00	4800	1.88	1.81	1.86	1.87	1.67	ILP.MI	1.84	1.86	1.79	1.85	2.59	1.79	-1.0	-1.0	-1.0	-1	-1.0	-1.0	1.0	-1.0	1.0	-1.0		1.81								-1.0			2.26		1.79		1.79		1.79				-1.0			2.2	-0.0	-0.0	0.13	-0.0	-0.0	0.07	1.98	0.13	0.0	0.0	91.99					1	-0.0	-0.0	-0.25	-0.0	-0.0	-0.11	-0.25	0.0	0.0	190.37					0.0	0.0	-0.03	0.0	0.0	-0.02	-0.03	0.0	0.0	89.94					-0.0	-0.0	0.19	-0.0	-0.0	0.1	0.19	0.0	0.0	121.22					-0.0	-0.0	0.1499999999999999	-0.0	-0.0	0.08021390374331516	0.1499999999999999	0.003474078658892128	0.003465867046226423	136.4705593580446				
2020-08-13 07:00:00	1800	1.89	1.87	1.89	1.87	1.67	ILP.MI	1.89	1.89	1.87	1.87	2.59	1.79	-1.0	-1.0	-1.0	-1	-1.0	-1.0	1.0	-1.0	1.0	-1.0										-1.0			2.26										-1.0			2.2	-0.0	-0.0	0.13	-0.0	-0.0	0.07	1.98	0.13	0.0	0.0	110.32					1	-0.0	-0.0	-0.25	-0.0	-0.0	-0.11	-0.25	0.0	0.0	181.86					0.0	0.0	-0.03	0.0	0.0	-0.02	-0.03	0.0	0.0	107.97					-0.0	-0.0	0.19	-0.0	-0.0	0.1	0.19	0.0	0.0	117.23					-0.0	-0.0	0.1499999999999999	-0.0	-0.0	0.08021390374331516	0.1499999999999999	0.0036628465287745745	0.0036556515580841165	159.7800316447691				
2020-08-14 07:00:00	600	1.9	1.9	1.9	1.9	1.69	ILP.MI	1.92	1.92	1.92	1.92	2.59	1.79	-1.0	-1.0	-1.0	-1	-1.0	-1.0	1.0	-1.0	1.0	-1.0	1.9		1.9							-1.0			2.26	1.92									-1.0			2.2	-0.03	-0.03	0.1	-0.02	-0.02	0.05	1.96	0.1	0.0	0.0	99.85					1	-0.03	-0.03	-0.28	-0.02	-0.02	-0.12	-0.28	0.0	0.0	177.94					0.03	0.03	-0.0	0.02	0.02	0.0	-0.0	0.0	0.0	108.52					-0.03	-0.03	0.16	-0.02	-0.02	0.09	0.16	0.0	0.0	115.23					-0.029999999999999805	-0.029999999999999805	0.1200000000000001	-0.016042780748662944	-0.015915455305899363	0.06315789473684186	0.1200000000000001	0.003451001538417099	0.0034434352631236287	147.80180019838207				
2020-08-17 07:00:00	0	1.9	1.9	1.9	1.9	1.69	ILP.MI	1.92	1.92	1.92	1.92	2.59	1.79	-1.0	-1.0	-1.0	-1	-1.0	-1.0	1.0	-1.0	1.0	-1.0										-1.0			2.26										-1.0			2.2	-0.0	-0.0	0.1	-0.0	-0.0	0.05	1.95	0.1	0.0	0.0	99.85					1	-0.0	-0.0	-0.28	-0.0	-0.0	-0.12	-0.28	0.0	0.0	177.94					0.0	0.0	-0.0	0.0	0.0	0.0	-0.0	0.0	0.0	108.52					-0.0	-0.0	0.16	-0.0	-0.0	0.09	0.16	0.0	0.0	115.23					-0.0	-0.0	0.1200000000000001	-0.0	-0.0	0.06315789473684186	0.1200000000000001	0.003451001538417099	0.0034434352631236287	147.80180019838207				
2020-08-18 07:00:00	4800	1.91	1.81	1.82	1.88	1.68	ILP.MI	1.85	1.95	1.84	1.91	2.59	1.79	-1.0	-1.0	-1.0	-1	-1.0	-1.0	1.0	-1.0	1.0	-1.0										-1.0			2.26										-1.0			2.2	0.02	0.02	0.12	0.01	0.01	0.06	1.95	0.12	0.0	0.0	100.98					1	0.02	0.02	-0.26	0.01	0.01	-0.11	-0.26	0.0	0.0	180.12					-0.02	-0.02	-0.02	-0.01	-0.01	-0.01	-0.02	0.0	0.0	100.98					0.02	0.02	0.18	0.01	0.01	0.1	0.18	0.0	0.0	116.21					0.020000000000000018	0.020000000000000018	0.14000000000000012	0.010526315789473717	0.010582109330536972	0.07446808510638281	0.14000000000000012	0.0035356584130613942	0.0035279268713452883	148.51479735729276				
2020-08-19 07:00:00	4800	1.85	1.83	1.83	1.83	1.63	ILP.MI	1.84	1.86	1.84	1.84	2.59	1.79	-1.0	-1.0	-1.0	-1	-1.0	-1.0	1.0	-1.0	1.0	-1.0										-1.0			2.26		1.84								-1.0			2.2	0.05	0.05	0.17	0.03	0.03	0.09	1.95	0.17	0.0	0.0	102.16					1	0.05	0.05	-0.21	0.03	0.03	-0.09	-0.21	0.0	0.0	202.52					-0.05	-0.05	-0.07	-0.03	-0.03	-0.04	-0.07	0.0	0.0	87.21					0.05	0.05	0.23	0.03	0.03	0.13	0.23	0.0	0.0	117.24					0.04999999999999982	0.04999999999999982	0.18999999999999995	0.02659574468085102	0.02695580998852822	0.10382513661202153	0.18999999999999995	0.003627909130364567	0.0036199954727611505	149.26116218863876				
2020-08-20 07:00:00	0	1.83	1.83	1.83	1.83	1.63	ILP.MI	1.87	1.87	1.87	1.87	2.59	1.79	-1.0	-1.0	-1.0	-1	-1.0	-1.0	1.0	-1.0	1.0	-1.0										-1.0			2.26										-1.0			2.2	-0.0	-0.0	0.17	-0.0	-0.0	0.09	1.95	0.17	0.0	0.0	102.16					1	-0.0	-0.0	-0.21	-0.0	-0.0	-0.09	-0.21	0.0	0.0	202.52					0.0	0.0	-0.07	0.0	0.0	-0.04	-0.07	0.0	0.0	87.21					-0.0	-0.0	0.23	-0.0	-0.0	0.13	0.23	0.0	0.0	117.24					-0.0	-0.0	0.18999999999999995	-0.0	-0.0	0.10382513661202153	0.18999999999999995	0.003627909130364567	0.0036199954727611505	149.26116218863876				
2020-08-21 07:00:00	600	1.83	1.83	1.83	1.83	1.63	ILP.MI	1.88	1.88	1.88	1.88	2.59	1.79	-1.0	-1.0	-1.0	-1	-1.0	-1.0	1.0	-1.0	1.0	-1.0		1.83								-1.0			2.26	1.88									-1.0			2.2	-0.0	-0.0	0.17	-0.0	-0.0	0.09	1.95	0.17	0.0	0.0	101.12					1	-0.0	-0.0	-0.21	-0.0	-0.0	-0.09	-0.21	0.0	0.0	216.9					0.0	0.0	-0.07	0.0	0.0	-0.04	-0.07	0.0	0.0	86.02					-0.0	-0.0	0.23	-0.0	-0.0	0.13	0.23	0.0	0.0	116.34					-0.0	-0.0	0.18999999999999995	-0.0	-0.0	0.10382513661202153	0.18999999999999995	0.003546690158652423	0.003538936949880611	148.60569391471137				
2020-08-24 07:00:00	0	1.83	1.83	1.83	1.83	1.63	ILP.MI	1.84	1.84	1.84	1.84	2.59	1.79	-1.0	-1.0	-1.0	-1	-1.0	-1.0	1.0	-1.0	1.0	-1.0										-1.0			2.26		1.84								-1.0			2.2	-0.0	-0.0	0.17	-0.0	-0.0	0.09	1.95	0.17	0.0	0.0	101.12					1	-0.0	-0.0	-0.21	-0.0	-0.0	-0.09	-0.21	0.0	0.0	216.9					0.0	0.0	-0.07	0.0	0.0	-0.04	-0.07	0.0	0.0	86.02					-0.0	-0.0	0.23	-0.0	-0.0	0.13	0.23	0.0	0.0	116.34					-0.0	-0.0	0.18999999999999995	-0.0	-0.0	0.10382513661202153	0.18999999999999995	0.003546690158652423	0.003538936949880611	148.60569391471137				
2020-08-25 07:00:00	600	1.86	1.86	1.86	1.86	1.66	ILP.MI	1.88	1.88	1.88	1.88	2.59	1.79	-1.0	-1.0	-1.0	-1	-1.0	-1.0	1.0	-1.0	1.0	-1.0	1.86									-1.0			2.26	1.88									-1.0			2.2	-0.03	-0.03	0.14	-0.02	-0.02	0.07	1.95	0.14	0.0	0.0	91.6					1	-0.03	-0.03	-0.24	-0.02	-0.02	-0.1	-0.24	0.0	0.0	207.79					0.03	0.03	-0.04	0.02	0.02	-0.02	-0.04	0.0	0.0	87.34					-0.03	-0.03	0.2	-0.02	-0.02	0.11	0.2	0.0	0.0	106.23					-0.030000000000000027	-0.030000000000000027	0.15999999999999992	-0.016393442622950838	-0.016260520871780326	0.08602150537634379	0.15999999999999992	0.0033743185219076858	0.0033660943446267577	137.51930218568577				
2020-08-26 07:00:00	3600	1.84	1.8	1.82	1.84	1.64	ILP.MI	1.83	1.85	1.81	1.85	2.59	1.79	-1.0	-1.0	-1.0	-1	-1.0	-1.0	1.0	-1.0	1.0	-1.0		1.8								-1.0			2.26		1.81								-1.0			2.2	0.02	0.02	0.16	0.01	0.01	0.08	1.95	0.16	0.0	0.0	92.76					1	0.02	0.02	-0.22	0.01	0.01	-0.09	-0.22	0.0	0.0	209.35					-0.02	-0.02	-0.06	-0.01	-0.01	-0.03	-0.06	0.0	0.0	80.39					0.02	0.02	0.22	0.01	0.01	0.12	0.22	0.0	0.0	107.25					0.020000000000000018	0.020000000000000018	0.17999999999999994	0.010752688172043001	0.010810916104215617	0.09782608695652151	0.17999999999999994	0.003459724759130988	0.003451321348655556	138.26475572054693				
2020-08-27 07:00:00	0	1.84	1.84	1.84	1.84	1.64	ILP.MI	1.87	1.87	1.87	1.87	2.59	1.79	-1.0	-1.0	-1.0	-1	-1.0	-1.0	1.0	-1.0	1.0	-1.0	1.84			1.84						-1.0			2.26	1.87									-1.0			2.2	-0.0	-0.0	0.16	-0.0	-0.0	0.08	1.95	0.16	0.0	0.0	92.23					1	-0.0	-0.0	-0.22	-0.0	-0.0	-0.09	-0.22	0.0	0.0	219.4					0.0	0.0	-0.06	0.0	0.0	-0.03	-0.06	0.0	0.0	79.79					-0.0	-0.0	0.22	-0.0	-0.0	0.12	0.22	0.0	0.0	106.78					-0.0	-0.0	0.17999999999999994	-0.0	-0.0	0.09782608695652151	0.17999999999999994	0.003420125678724989	0.0034118056099883276	137.92275080224863				
2020-08-28 07:00:00	3600	1.85	1.8	1.8	1.85	1.65	ILP.MI	1.83	1.88	1.83	1.88	2.59	1.79	-1.0	-1.0	-1.0	-1	-1.0	-1.0	1.0	-1.0	1.0	-1.0		1.8								-1.0			2.26		1.83								-1.0			2.2	-0.01	-0.01	0.15	-0.01	-0.01	0.08	1.95	0.15	0.0	0.0	83.19					1	-0.01	-0.01	-0.23	-0.01	-0.01	-0.1	-0.23	0.0	0.0	240.75					0.01	0.01	-0.05	0.01	0.01	-0.03	-0.05	0.0	0.0	76.7					-0.01	-0.01	0.21	-0.01	-0.01	0.12	0.21	0.0	0.0	97.99					-0.010000000000000009	-0.010000000000000009	0.16999999999999993	-0.005434782608695565	-0.005420067469339113	0.09189189189189162	0.16999999999999993	0.003077514792618808	0.0030693178283982547	129.56030463048282				
2020-08-31 07:00:00	1200	1.85	1.85	1.85	1.85	1.65	ILP.MI	1.9	1.9	1.9	1.9	2.59	1.79	-1.0	-1.0	-1.0	-1	-1.0	-1.0	1.0	-1.0	1.0	-1.0										-1.0			2.26										-1.0			2.2	-0.0	-0.0	0.15	-0.0	-0.0	0.08	1.95	0.15	0.0	0.0	83.19					1	-0.0	-0.0	-0.23	-0.0	-0.0	-0.1	-0.23	0.0	0.0	240.75					0.0	0.0	-0.05	0.0	0.0	-0.03	-0.05	0.0	0.0	76.7					-0.0	-0.0	0.21	-0.0	-0.0	0.12	0.21	0.0	0.0	97.99					-0.0	-0.0	0.16999999999999993	-0.0	-0.0	0.09189189189189162	0.16999999999999993	0.003077514792618808	0.0030693178283982547	129.56030463048282				
2020-09-01 07:00:00	0	1.85	1.85	1.85	1.85	1.65	ILP.MI	1.91	1.91	1.91	1.91	2.59	1.79	-1.0	-1.0	-1.0	-1	-1.0	-1.0	1.0	-1.0	1.0	-1.0										-1.0			2.26	1.91									-1.0			2.2	-0.0	-0.0	0.15	-0.0	-0.0	0.08	1.95	0.15	0.0	0.0	83.19					1	-0.0	-0.0	-0.23	-0.0	-0.0	-0.1	-0.23	0.0	0.0	240.75					0.0	0.0	-0.05	0.0	0.0	-0.03	-0.05	0.0	0.0	76.7					-0.0	-0.0	0.21	-0.0	-0.0	0.12	0.21	0.0	0.0	97.99					-0.0	-0.0	0.16999999999999993	-0.0	-0.0	0.09189189189189162	0.16999999999999993	0.003077514792618808	0.0030693178283982547	129.56030463048282				
2020-09-02 07:00:00	1200	1.86	1.85	1.85	1.86	1.66	ILP.MI	1.88	1.89	1.88	1.89	2.59	1.79	-1.0	-1.0	-1.0	-1	-1.0	-1.0	1.0	-1.0	1.0	-1.0										-1.0			2.26		1.88								-1.0			2.2	-0.01	-0.01	0.14	-0.01	-0.01	0.07	1.95	0.14	0.0	0.0	90.35					1	-0.01	-0.01	-0.24	-0.01	-0.01	-0.1	-0.24	0.0	0.0	229.44					0.01	0.01	-0.04	0.01	0.01	-0.02	-0.04	0.0	0.0	89.92					-0.01	-0.01	0.2	-0.01	-0.01	0.11	0.2	0.0	0.0	106.07					-0.010000000000000009	-0.010000000000000009	0.15999999999999992	-0.00540540540540535	-0.005390848634876373	0.08602150537634401	0.15999999999999992	0.0031306842905534774	0.0031228889086725165	139.20204449181				
2020-09-03 07:00:00	3000	1.97	1.86	1.86	1.97	1.76	ILP.MI	1.92	2.04	1.92	2.04	2.59	1.79	-1.0	-1.0	1.0	0	-1.0	-1.0	1.0	-1.0	1.0	-1.0	1.97									-1.0			2.26	2.04									-1.0			2.2	-0.11	-0.11	0.03	-0.06	-0.06	0.01	1.97	0.03	0.0	0.0	67.71					1	-0.11	-0.11	-0.35	-0.06	-0.06	-0.15	-0.35	0.0	0.0	179.67					0.11	0.11	0.07	0.06	0.06	0.04	0.07	0.0	0.0	94.34					-0.11	-0.11	0.09	-0.06	-0.06	0.05	0.09	0.0	0.0	81.82					-0.10999999999999988	-0.10999999999999988	0.050000000000000044	-0.05913978494623651	-0.057457055024787214	0.025380710659898442	0.050000000000000044	0.0027507554224641823	0.002742058469267006	112.14830453342194				
2020-09-04 07:00:00	1800	1.93	1.9	1.9	1.93	1.72	ILP.MI	1.98	2.01	1.98	2.01	2.59	1.79	-1.0	-1.0	1.0	0	-1.0	-1.0	1.0	-1.0	-1.0	1.0		1.9								-1.0			2.26										-1.0			2.2	0.04	0.04	0.07	0.02	0.02	0.03	1.97	0.07	0.0	0.0	70.5					1	-0.0	-0.0	-0.35	-0.0	-0.0	-0.15	-0.35	0.0	0.0	179.67					-0.04	-0.04	0.03	-0.02	-0.02	0.02	0.03	0.0	0.0	84.44					0.04	0.04	0.13	0.02	0.02	0.07	0.13	0.0	0.0	84.23					0.040000000000000036	0.040000000000000036	0.09000000000000008	0.020304568527918843	0.020513539833103018	0.04663212435233155	0.09000000000000008	0.002908709679179075	0.002899649571011853	113.94059258751281				
2020-09-07 07:00:00	0	1.93	1.93	1.93	1.93	1.72	ILP.MI	1.98	1.98	1.98	1.98	2.59	1.79	-1.0	-1.0	1.0	0	-1.0	-1.0	1.0	-1.0	-1.0	1.0										-1.0			2.26		1.98								-1.0			2.2	-0.0	-0.0	0.07	-0.0	-0.0	0.03	1.97	0.07	0.0	0.0	70.5					1	0.0	0.0	-0.35	0.0	0.0	-0.15	-0.35	0.0	0.0	179.67					0.0	0.0	0.03	0.0	0.0	0.02	0.03	0.0	0.0	84.44					0.0	0.0	0.13	0.0	0.0	0.07	0.13	0.0	0.0	84.23					-0.0	-0.0	0.09000000000000008	-0.0	-0.0	0.04663212435233155	0.09000000000000008	0.002908709679179075	0.002899649571011853	113.94059258751281				
2020-09-08 07:00:00	600	1.95	1.95	1.95	1.95	1.74	ILP.MI	2.03	2.03	2.03	2.03	2.59	1.79	-1.0	-1.0	1.0	0	-1.0	-1.0	1.0	-1.0	-1.0	1.0										-1.0			2.26										-1.0			2.2	-0.02	-0.02	0.05	-0.01	-0.01	0.02	1.97	0.05	0.0	0.0	61.36					1	0.0	0.0	-0.35	0.0	0.0	-0.15	-0.35	0.0	0.0	179.67					0.02	0.02	0.05	0.01	0.01	0.03	0.05	0.0	0.0	83.4					0.02	0.02	0.15	0.01	0.01	0.08	0.15	0.0	0.0	83.18					-0.020000000000000018	-0.020000000000000018	0.07000000000000006	-0.010362694300518172	-0.010309369658861287	0.03589743589743577	0.07000000000000006	0.002635275531375965	0.0026261106651075394	104.98740847918378				
2020-09-09 07:00:00	27600	2.06	1.95	2.0	1.97	1.76	ILP.MI	2.04	2.11	1.99	2.01	2.59	1.79	-1.0	1.0	1.0	1	-1.0	-1.0	1.0	-1.0	-1.0	1.0	2.06		2.06		2.06					-1.0			2.26	2.11		2.11		2.11					-1.0			2.11	-0.02	-0.02	0.03	-0.01	-0.01	0.01	2.06	0.03	0.0	0.0	55.04					1	0.0	0.0	-0.35	0.0	0.0	-0.15	-0.35	0.0	0.0	179.67					0.02	0.02	0.07	0.01	0.01	0.04	0.07	0.0	0.0	84.56					0.02	0.02	0.17	0.01	0.01	0.09	0.17	0.0	0.0	84.35					-0.020000000000000018	-0.020000000000000018	0.050000000000000044	-0.01025641025641022	-0.010204170174241668	0.025380710659898442	0.050000000000000044	0.002509561769452313	0.0024999475397149418	97.97166884765838				
2020-09-10 07:00:00	18600	1.93	1.85	1.92	1.9	1.69	ILP.MI	1.96	1.97	1.89	1.94	2.59	1.79	-1.0	1.0	1.0	1	-1.0	-1.0	1.0	-1.0	-1.0	1.0										-1.0			2.26										-1.0			2.11	0.07	0.07	0.1	0.04	0.04	0.05	2.06	0.1	0.0	0.0	60.1					1	-0.07	-0.07	-0.42	-0.04	-0.04	-0.18	-0.42	0.0	0.0	153.26					-0.07	-0.07	-0.0	-0.04	-0.04	0.0	-0.0	0.0	0.0	71.47					-0.07	-0.07	0.1	-0.04	-0.04	0.05	0.1	0.0	0.0	71.28					0.07000000000000006	0.07000000000000006	0.1200000000000001	0.035532994923857864	0.036179656577502356	0.06315789473684208	0.1200000000000001	0.002780909193783582	0.0027705969644371553	101.29374641988565				
2020-09-11 07:00:00	4800	1.9	1.86	1.87	1.89	1.68	ILP.MI	1.91	1.94	1.9	1.93	2.59	1.79	-1.0	1.0	1.0	1	-1.0	-1.0	1.0	-1.0	-1.0	1.0		1.86								-1.0			2.26		1.9								-1.0			2.11	0.01	0.01	0.11	0.01	0.01	0.05	2.06	0.11	0.0	0.0	60.77					1	-0.01	-0.01	-0.43	-0.01	-0.01	-0.19	-0.43	0.0	0.0	145.11					-0.01	-0.01	-0.01	-0.01	-0.01	-0.0	-0.01	0.0	0.0	66.43					-0.01	-0.01	0.09	-0.01	-0.01	0.05	0.09	0.0	0.0	66.24					0.010000000000000009	0.010000000000000009	0.13000000000000012	0.0052631578947368585	0.005277057100843781	0.06878306878306883	0.13000000000000012	0.0028204871220399094	0.0028100710496812287	101.74146836981342				
2020-09-14 07:00:00	0	1.89	1.89	1.89	1.89	1.68	ILP.MI	1.93	1.93	1.93	1.93	2.59	1.79	-1.0	1.0	1.0	1	-1.0	-1.0	1.0	-1.0	-1.0	1.0	1.89									-1.0			2.26	1.93									-1.0			2.11	-0.0	-0.0	0.11	-0.0	-0.0	0.05	2.06	0.11	0.0	0.0	59.54					1	0.0	0.0	-0.43	0.0	0.0	-0.19	-0.43	0.0	0.0	145.11					0.0	0.0	-0.01	0.0	0.0	-0.0	-0.01	0.0	0.0	65.25					0.0	0.0	0.09	0.0	0.0	0.05	0.09	0.0	0.0	65.06					-0.0	-0.0	0.13000000000000012	-0.0	-0.0	0.06878306878306883	0.13000000000000012	0.002748716239418779	0.0027384880946674794	100.92306330877061				
2020-09-15 07:00:00	1800	1.89	1.86	1.88	1.86	1.66	ILP.MI	1.9	1.91	1.88	1.88	2.59	1.79	-1.0	1.0	1.0	1	-1.0	-1.0	1.0	-1.0	-1.0	1.0		1.86								-1.0			2.26		1.88		1.88						-1.0			2.11	0.03	0.03	0.14	0.02	0.02	0.07	2.06	0.14	0.0	0.0	60.38					1	-0.03	-0.03	-0.46	-0.02	-0.02	-0.2	-0.46	0.0	0.0	132.07					-0.03	-0.03	-0.04	-0.02	-0.02	-0.02	-0.04	0.0	0.0	56.66					-0.03	-0.03	0.06	-0.02	-0.02	0.03	0.06	0.0	0.0	56.48					0.029999999999999805	0.029999999999999805	0.15999999999999992	0.015873015873015817	0.016000341346441075	0.08602150537634401	0.15999999999999992	0.0027976282198580093	0.002787272186974832	101.48394170719452				
2020-09-16 07:00:00	1200	1.89	1.89	1.89	1.89	1.68	ILP.MI	1.91	1.91	1.91	1.91	2.59	1.79	-1.0	1.0	1.0	1	-1.0	-1.0	1.0	-1.0	-1.0	1.0										-1.0			2.26										-1.0			2.11	-0.03	-0.03	0.11	-0.02	-0.02	0.05	2.06	0.11	0.0	0.0	53.18					1	0.03	0.03	-0.43	0.02	0.02	-0.19	-0.43	0.0	0.0	134.74					0.03	0.03	-0.01	0.02	0.02	-0.0	-0.01	0.0	0.0	58.74					0.03	0.03	0.09	0.02	0.02	0.05	0.09	0.0	0.0	58.56					-0.029999999999999805	-0.029999999999999805	0.13000000000000012	-0.016129032258064502	-0.01600034134644112	0.06878306878306861	0.13000000000000012	0.0026509626928463816	0.002640009253858766	93.22853881019934				
2020-09-17 07:00:00	600	1.89	1.89	1.89	1.89	1.68	ILP.MI	1.94	1.94	1.94	1.94	2.59	1.79	-1.0	1.0	1.0	1	-1.0	-1.0	1.0	-1.0	-1.0	1.0	1.89									-1.0			2.26										-1.0			2.11	-0.0	-0.0	0.11	-0.0	-0.0	0.05	2.06	0.11	0.0	0.0	53.18					1	0.0	0.0	-0.43	0.0	0.0	-0.19	-0.43	0.0	0.0	134.74					0.0	0.0	-0.01	0.0	0.0	-0.0	-0.01	0.0	0.0	58.74					0.0	0.0	0.09	0.0	0.0	0.05	0.09	0.0	0.0	58.56					-0.0	-0.0	0.13000000000000012	-0.0	-0.0	0.06878306878306861	0.13000000000000012	0.0026509626928463816	0.002640009253858766	93.22853881019934				
2020-09-18 07:00:00	0	1.89	1.89	1.89	1.89	1.68	ILP.MI	1.96	1.96	1.96	1.96	2.59	1.79	-1.0	1.0	1.0	1	-1.0	-1.0	1.0	-1.0	-1.0	1.0										-1.0			2.26										-1.0			2.11	-0.0	-0.0	0.11	-0.0	-0.0	0.05	2.06	0.11	0.0	0.0	53.18					1	0.0	0.0	-0.43	0.0	0.0	-0.19	-0.43	0.0	0.0	134.74					0.0	0.0	-0.01	0.0	0.0	-0.0	-0.01	0.0	0.0	58.74					0.0	0.0	0.09	0.0	0.0	0.05	0.09	0.0	0.0	58.56					-0.0	-0.0	0.13000000000000012	-0.0	-0.0	0.06878306878306861	0.13000000000000012	0.0026509626928463816	0.002640009253858766	93.22853881019934				
2020-09-21 07:00:00	6600	1.86	1.8	1.86	1.85	1.65	ILP.MI	2.0	2.0	1.94	1.99	2.59	1.79	-1.0	1.0	1.0	0	-1.0	-1.0	1.0	-1.0	-1.0	1.0		1.8		1.8						-1.0			2.26										-1.0			2.11	0.04	0.04	0.15	0.02	0.02	0.08	2.06	0.15	0.0	0.0	54.73					1	-0.04	-0.04	-0.47	-0.02	-0.02	-0.21	-0.47	0.0	0.0	120.35					-0.04	-0.04	-0.05	-0.02	-0.02	-0.03	-0.05	0.0	0.0	49.41					-0.04	-0.04	0.05	-0.02	-0.02	0.02	0.05	0.0	0.0	49.23					0.039999999999999813	0.039999999999999813	0.16999999999999993	0.021164021164021052	0.021391189981317445	0.09189189189189162	0.16999999999999993	0.0027397734201193213	0.0027285726709631586	94.26612536132797				
2020-09-22 07:00:00	1800	1.87	1.82	1.82	1.87	1.67	ILP.MI	1.95	2.0	1.95	2.0	2.59	1.79	-1.0	1.0	1.0	0	-1.0	-1.0	1.0	-1.0	-1.0	1.0										-1.0			2.26										-1.0			2.11	-0.02	-0.02	0.13	-0.01	-0.01	0.07	2.06	0.13	0.0	0.0	48.86					1	0.0	0.0	-0.47	0.0	0.0	-0.21	-0.47	0.0	0.0	120.35					0.02	0.02	-0.03	0.01	0.01	-0.02	-0.03	0.0	0.0	50.83					0.02	0.02	0.07	0.01	0.01	0.04	0.07	0.0	0.0	50.65					-0.020000000000000018	-0.020000000000000018	0.1499999999999999	-0.010810810810810922	-0.010752791776261915	0.08021390374331516	0.1499999999999999	0.0026028760637147406	0.0025911714817881126	87.75592089864811				
2020-09-23 07:00:00	0	1.87	1.87	1.87	1.87	1.67	ILP.MI	2.0	2.0	2.0	2.0	2.59	1.79	-1.0	1.0	1.0	0	-1.0	-1.0	1.0	-1.0	-1.0	1.0										-1.0			2.26										-1.0			2.11	-0.0	-0.0	0.13	-0.0	-0.0	0.07	2.06	0.13	0.0	0.0	54.45					1	0.0	0.0	-0.47	0.0	0.0	-0.21	-0.47	0.0	0.0	120.35					0.0	0.0	-0.03	0.0	0.0	-0.02	-0.03	0.0	0.0	56.41					0.0	0.0	0.07	0.0	0.0	0.04	0.07	0.0	0.0	56.23					-0.0	-0.0	0.1499999999999999	-0.0	-0.0	0.08021390374331516	0.1499999999999999	0.0027362294864106216	0.0027250003223084907	93.90003761596034				
2020-09-24 07:00:00	22800	1.96	1.85	1.89	1.9	1.69	ILP.MI	2.02	2.1	1.98	2.03	2.59	1.79	-1.0	1.0	1.0	0	-1.0	-1.0	1.0	-1.0	-1.0	1.0										-1.0			2.26										-1.0			2.11	-0.03	-0.03	0.1	-0.02	-0.02	0.05	2.06	0.1	0.0	0.0	45.08					1	0.0	0.0	-0.47	0.0	0.0	-0.21	-0.47	0.0	0.0	120.35					0.03	0.03	-0.0	0.02	0.02	0.0	-0.0	0.0	0.0	56.06					0.03	0.03	0.1	0.02	0.02	0.05	0.1	0.0	0.0	55.88					-0.029999999999999805	-0.029999999999999805	0.1200000000000001	-0.016042780748662944	-0.015915455305899363	0.06315789473684186	0.1200000000000001	0.002448804062344664	0.0024373581182477455	84.41233618568543				
2020-09-25 07:00:00	7200	1.94	1.88	1.94	1.9	1.69	ILP.MI	2.1	2.1	2.03	2.05	2.59	1.79	-1.0	1.0	1.0	0	-1.0	-1.0	1.0	-1.0	-1.0	1.0	1.94		1.94							-1.0			2.26	2.1		2.1							-1.0			2.11	-0.0	-0.0	0.1	-0.0	-0.0	0.05	2.06	0.1	0.0	0.0	54.56					1	0.0	0.0	-0.47	0.0	0.0	-0.21	-0.47	0.0	0.0	137.89					0.0	0.0	-0.0	0.0	0.0	0.0	-0.0	0.0	0.0	65.92					0.0	0.0	0.1	0.0	0.0	0.05	0.1	0.0	0.0	65.73					-0.0	-0.0	0.1200000000000001	-0.0	-0.0	0.06315789473684186	0.1200000000000001	0.0026297717984387643	0.00261917687950608	95.62522439307607				
2020-09-28 07:00:00	3600	1.92	1.87	1.92	1.9	1.69	ILP.MI	2.03	2.03	1.97	2.0	2.59	1.79	-1.0	1.0	1.0	0	-1.0	-1.0	1.0	-1.0	-1.0	1.0		1.87								-1.0			2.26		1.97								-1.0			2.11	-0.0	-0.0	0.1	-0.0	-0.0	0.05	2.06	0.1	0.0	0.0	51.89					1	0.0	0.0	-0.47	0.0	0.0	-0.21	-0.47	0.0	0.0	134.71					0.0	0.0	-0.0	0.0	0.0	0.0	-0.0	0.0	0.0	63.53					0.0	0.0	0.1	0.0	0.0	0.05	0.1	0.0	0.0	63.33					-0.0	-0.0	0.1200000000000001	-0.0	-0.0	0.06315789473684186	0.1200000000000001	0.002490145014586332	0.002479926981242997	93.8535495062535				
2020-09-29 07:00:00	0	1.9	1.9	1.9	1.9	1.69	ILP.MI	2.01	2.01	2.01	2.01	2.59	1.79	-1.0	1.0	1.0	0	-1.0	-1.0	1.0	-1.0	-1.0	1.0										-1.0			2.26										-1.0			2.11	-0.0	-0.0	0.1	-0.0	-0.0	0.05	2.06	0.1	0.0	0.0	51.89					1	0.0	0.0	-0.47	0.0	0.0	-0.21	-0.47	0.0	0.0	134.71					0.0	0.0	-0.0	0.0	0.0	0.0	-0.0	0.0	0.0	63.53					0.0	0.0	0.1	0.0	0.0	0.05	0.1	0.0	0.0	63.33					-0.0	-0.0	0.1200000000000001	-0.0	-0.0	0.06315789473684186	0.1200000000000001	0.002490145014586332	0.002479926981242997	93.8535495062535				
2020-09-30 07:00:00	600	1.92	1.92	1.92	1.92	1.71	ILP.MI	2.04	2.04	2.04	2.04	2.59	1.79	-1.0	1.0	1.0	0	-1.0	-1.0	1.0	-1.0	-1.0	1.0	1.92									-1.0			2.26	2.04									-1.0			2.11	-0.02	-0.02	0.08	-0.01	-0.01	0.04	2.06	0.08	0.0	0.0	45.81					1	0.0	0.0	-0.47	0.0	0.0	-0.21	-0.47	0.0	0.0	134.71					0.02	0.02	0.02	0.01	0.01	0.01	0.02	0.0	0.0	64.88					0.02	0.02	0.12	0.01	0.01	0.06	0.12	0.0	0.0	64.69					-0.020000000000000018	-0.020000000000000018	0.10000000000000009	-0.010526315789473717	-0.010471299867295437	0.05208333333333304	0.10000000000000009	0.002358852985091053	0.0023481711870905198	87.1278526720668				
2020-10-01 07:00:00	0	1.92	1.92	1.92	1.92	1.71	ILP.MI	2.04	2.04	2.04	2.04	2.59	1.79	-1.0	1.0	1.0	0	-1.0	-1.0	1.0	-1.0	-1.0	1.0										-1.0			2.26										-1.0			2.11	-0.0	-0.0	0.08	-0.0	-0.0	0.04	2.06	0.08	0.0	0.0	51.66					1	0.0	0.0	-0.47	0.0	0.0	-0.21	-0.47	0.0	0.0	144.72					0.0	0.0	0.02	0.0	0.0	0.01	0.02	0.0	0.0	70.95					0.0	0.0	0.12	0.0	0.0	0.06	0.12	0.0	0.0	70.76					-0.0	-0.0	0.10000000000000009	-0.0	-0.0	0.05208333333333304	0.10000000000000009	0.0024873329598409455	0.0024770933958253583	93.55045722948418				
2020-10-02 07:00:00	3000	1.89	1.85	1.86	1.89	1.68	ILP.MI	1.97	2.0	1.96	2.0	2.59	1.79	-1.0	1.0	1.0	0	-1.0	-1.0	1.0	-1.0	-1.0	1.0										-1.0			2.26										-1.0			2.11	0.03	0.03	0.11	0.02	0.02	0.05	2.06	0.11	0.0	0.0	52.58					1	-0.0	-0.0	-0.47	-0.0	-0.0	-0.21	-0.47	0.0	0.0	143.08					-0.03	-0.03	-0.01	-0.02	-0.02	-0.0	-0.01	0.0	0.0	62.23					-0.03	-0.03	0.09	-0.02	-0.02	0.05	0.09	0.0	0.0	62.04					0.030000000000000027	0.030000000000000027	0.13000000000000012	0.015625	0.015748356968139168	0.06878306878306861	0.13000000000000012	0.0025343867228163662	0.002524020776139224	94.1617807466438				
2020-10-05 07:00:00	4200	1.88	1.86	1.88	1.88	1.68	ILP.MI	1.97	1.97	1.95	1.97	2.59	1.79	-1.0	1.0	1.0	0	-1.0	-1.0	1.0	-1.0	-1.0	1.0		1.86		1.86						-1.0			2.26		1.95		1.95						-1.0			2.11	0.01	0.01	0.12	0.01	0.01	0.06	2.06	0.12	0.0	0.0	53.34					1	-0.0	-0.0	-0.47	-0.0	-0.0	-0.21	-0.47	0.0	0.0	143.08					-0.01	-0.01	-0.02	-0.01	-0.01	-0.01	-0.02	0.0	0.0	57.2					-0.01	-0.01	0.08	-0.01	-0.01	0.04	0.08	0.0	0.0	57.01					0.010000000000000009	0.010000000000000009	0.14000000000000012	0.005291005291005346	0.005305052229693229	0.07446808510638281	0.14000000000000012	0.002573644109316097	0.002563172129864233	94.66055807649578				
2020-10-06 07:00:00	1800	1.88	1.88	1.88	1.88	1.68	ILP.MI	1.96	1.96	1.96	1.96	2.44	1.79	-1.0	1.0	1.0	0	-1.0	-1.0	1.0	-1.0	-1.0	1.0										-1.0			2.26										-1.0			2.11	-0.0	-0.0	0.12	-0.0	-0.0	0.06	2.06	0.12	0.0	0.0	53.34					1	0.0	0.0	-0.47	0.0	0.0	-0.21	-0.47	0.0	0.0	143.08					0.0	0.0	-0.02	0.0	0.0	-0.01	-0.02	0.0	0.0	57.2					0.0	0.0	0.08	0.0	0.0	0.04	0.08	0.0	0.0	57.01					-0.0	-0.0	0.14000000000000012	-0.0	-0.0	0.07446808510638281	0.14000000000000012	0.002573644109316097	0.002563172129864233	94.66055807649578				
2020-10-07 07:00:00	600	1.9	1.9	1.9	1.9	1.69	ILP.MI	1.98	1.98	1.98	1.98	2.41	1.79	-1.0	1.0	1.0	0	-1.0	-1.0	1.0	-1.0	-1.0	1.0										-1.0			2.26	1.98									-1.0			2.11	-0.02	-0.02	0.1	-0.01	-0.01	0.05	1.96	0.1	0.0	0.0	57.26					1	0.0	0.0	-0.47	0.0	0.0	-0.21	-0.47	0.0	0.0	164.14					0.02	0.02	-0.0	0.01	0.01	0.0	-0.0	0.0	0.0	68.98					0.02	0.02	0.1	0.01	0.01	0.05	0.1	0.0	0.0	68.78					-0.020000000000000018	-0.020000000000000018	0.1200000000000001	-0.010638297872340496	-0.010582109330537008	0.06315789473684186	0.1200000000000001	0.002620069256890088	0.0026099538329560357	99.83344563467314				
2020-10-08 07:00:00	0	1.9	1.9	1.9	1.9	1.69	ILP.MI	1.96	1.96	1.96	1.96	2.4	1.79	-1.0	1.0	1.0	0	-1.0	-1.0	1.0	-1.0	-1.0	1.0										-1.0			2.26		1.96								-1.0			2.11	-0.0	-0.0	0.1	-0.0	-0.0	0.05	1.96	0.1	0.0	0.0	65.82					1	0.0	0.0	-0.47	0.0	0.0	-0.21	-0.47	0.0	0.0	182.05					0.0	0.0	-0.0	0.0	0.0	0.0	-0.0	0.0	0.0	77.86					0.0	0.0	0.1	0.0	0.0	0.05	0.1	0.0	0.0	77.65					-0.0	-0.0	0.1200000000000001	-0.0	-0.0	0.06315789473684186	0.1200000000000001	0.0027711229316239694	0.0027616358121898	109.88626173482253				
2020-10-09 07:00:00	600	1.91	1.91	1.91	1.91	1.7	ILP.MI	1.97	1.97	1.97	1.97	2.4	1.79	-1.0	1.0	1.0	0	-1.0	-1.0	1.0	-1.0	-1.0	1.0										-1.0			2.26	1.97									-1.0			2.11	-0.01	-0.01	0.09	-0.01	-0.01	0.04	1.96	0.09	0.0	0.0	59.17					1	0.0	0.0	-0.47	0.0	0.0	-0.21	-0.47	0.0	0.0	180.44					0.01	0.01	0.01	0.01	0.01	0.01	0.01	0.0	0.0	77.31					0.01	0.01	0.11	0.01	0.01	0.06	0.11	0.0	0.0	77.1					-0.010000000000000009	-0.010000000000000009	0.1100000000000001	-0.0052631578947368585	-0.005249355886143745	0.05759162303664889	0.1100000000000001	0.0025847122602188797	0.00257506390351514	103.28553429426654				
2020-10-12 07:00:00	0	1.91	1.91	1.91	1.91	1.7	ILP.MI	1.96	1.96	1.96	1.96	2.4	1.79	-1.0	1.0	1.0	0	-1.0	-1.0	1.0	-1.0	-1.0	1.0										-1.0			2.26		1.96								-1.0			2.11	-0.0	-0.0	0.09	-0.0	-0.0	0.04	1.96	0.09	0.0	0.0	57.72					1	0.0	0.0	-0.47	0.0	0.0	-0.21	-0.47	0.0	0.0	178.75					0.0	0.0	0.01	0.0	0.0	0.01	0.01	0.0	0.0	76.08					0.0	0.0	0.11	0.0	0.0	0.06	0.11	0.0	0.0	75.87					-0.0	-0.0	0.1100000000000001	-0.0	-0.0	0.05759162303664889	0.1100000000000001	0.002513214119472026	0.002503750708156227	102.33438895759016				
2020-10-13 07:00:00	600	1.92	1.92	1.92	1.92	1.71	ILP.MI	1.98	1.98	1.98	1.98	2.35	1.79	-1.0	1.0	1.0	0	-1.0	-1.0	1.0	-1.0	-1.0	1.0										-1.0			2.26										-1.0			2.11	-0.01	-0.01	0.08	-0.01	-0.01	0.04	1.96	0.08	0.0	0.0	49.33					1	0.0	0.0	-0.47	0.0	0.0	-0.21	-0.47	0.0	0.0	178.75					0.01	0.01	0.02	0.01	0.01	0.01	0.02	0.0	0.0	74.25					0.01	0.01	0.12	0.01	0.01	0.06	0.12	0.0	0.0	74.03					-0.010000000000000009	-0.010000000000000009	0.10000000000000009	-0.005235602094240788	-0.005221943981151625	0.05208333333333326	0.10000000000000009	0.002260913268928526	0.00225148644447537	94.61515142233412				
2020-10-14 07:00:00	600	1.93	1.93	1.93	1.93	1.72	ILP.MI	1.99	1.99	1.99	1.99	2.29	1.79	-1.0	1.0	1.0	0	-1.0	-1.0	1.0	-1.0	-1.0	1.0										-1.0			2.26										-1.0			2.11	-0.01	-0.01	0.07	-0.01	-0.01	0.03	1.96	0.07	0.0	0.0	52.61					1	0.0	0.0	-0.47	0.0	0.0	-0.21	-0.47	0.0	0.0	178.75					0.01	0.01	0.03	0.01	0.01	0.02	0.03	0.0	0.0	84.35					0.01	0.01	0.13	0.01	0.01	0.07	0.13	0.0	0.0	84.13					-0.010000000000000009	-0.010000000000000009	0.09000000000000008	-0.005208333333333259	-0.00519481687710393	0.04663212435233155	0.09000000000000008	0.0022983173897812206	0.0022891565582974227	98.99291850392638				
2020-10-15 07:00:00	600	1.94	1.94	1.94	1.94	1.73	ILP.MI	2.06	2.06	2.06	2.06	2.29	1.79	-1.0	1.0	1.0	0	-1.0	-1.0	1.0	-1.0	-1.0	1.0										-1.0			2.26	2.06									-1.0			2.11	-0.01	-0.01	0.06	-0.01	-0.01	0.03	1.96	0.06	0.0	0.0	53.72					1	0.0	0.0	-0.47	0.0	0.0	-0.21	-0.47	0.0	0.0	178.75					0.01	0.01	0.04	0.01	0.01	0.02	0.04	0.0	0.0	92.04					0.01	0.01	0.14	0.01	0.01	0.07	0.14	0.0	0.0	91.81					-0.010000000000000009	-0.010000000000000009	0.08000000000000007	-0.005181347150259086	-0.005167970158442598	0.04123711340206171	0.08000000000000007	0.0023104510298151146	0.0023013756623857518	100.46856024319209				
2020-10-16 07:00:00	0	1.94	1.94	1.94	1.94	1.73	ILP.MI	2.02	2.02	2.02	2.02	2.25	1.79	-1.0	1.0	1.0	0	-1.0	-1.0	1.0	-1.0	-1.0	1.0	1.94									-1.0			2.26										-1.0			2.11	-0.0	-0.0	0.06	-0.0	-0.0	0.03	1.96	0.06	0.0	0.0	53.72					1	0.0	0.0	-0.47	0.0	0.0	-0.21	-0.47	0.0	0.0	178.75					0.0	0.0	0.04	0.0	0.0	0.02	0.04	0.0	0.0	92.04					0.0	0.0	0.14	0.0	0.0	0.07	0.14	0.0	0.0	91.81					-0.0	-0.0	0.08000000000000007	-0.0	-0.0	0.04123711340206171	0.08000000000000007	0.0023104510298151146	0.0023013756623857518	100.46856024319209				
2020-10-19 07:00:00	0	1.94	1.94	1.94	1.94	1.73	ILP.MI	2.02	2.02	2.02	2.02	2.17	1.79	-1.0	1.0	1.0	0	-1.0	-1.0	1.0	-1.0	-1.0	1.0										-1.0			2.26										-1.0			2.11	-0.0	-0.0	0.06	-0.0	-0.0	0.03	1.96	0.06	0.0	0.0	63.04					1	0.0	0.0	-0.47	0.0	0.0	-0.21	-0.47	0.0	0.0	178.75					0.0	0.0	0.04	0.0	0.0	0.02	0.04	0.0	0.0	102.54					0.0	0.0	0.14	0.0	0.0	0.07	0.14	0.0	0.0	102.3					-0.0	-0.0	0.08000000000000007	-0.0	-0.0	0.04123711340206171	0.08000000000000007	0.0024573654769495723	0.0024488656668490982	111.51686756473842				
2020-10-20 07:00:00	6000	1.93	1.9	1.9	1.93	1.72	ILP.MI	1.97	2.0	1.97	2.0	2.17	1.79	-1.0	1.0	1.0	0	-1.0	-1.0	1.0	-1.0	-1.0	1.0		1.9	1.93							-1.0			2.26		1.97								-1.0			2.11	0.01	0.01	0.07	0.01	0.01	0.03	1.96	0.07	0.0	0.0	63.89					1	-0.0	-0.0	-0.47	-0.0	-0.0	-0.21	-0.47	0.0	0.0	178.75					-0.01	-0.01	0.03	-0.01	-0.01	0.02	0.03	0.0	0.0	96.59					-0.01	-0.01	0.13	-0.01	-0.01	0.07	0.13	0.0	0.0	96.35					0.010000000000000009	0.010000000000000009	0.09000000000000008	0.005154639175257714	0.005167970158442561	0.04663212435233155	0.09000000000000008	0.0024956084561220462	0.002487015085593347	112.07051624300813				
2020-10-21 07:00:00	0	1.93	1.93	1.93	1.93	1.72	ILP.MI	2.04	2.04	2.04	2.04	2.17	1.79	-1.0	1.0	1.0	0	-1.0	-1.0	1.0	-1.0	-1.0	1.0										-1.0			2.26										-1.0			2.11	-0.0	-0.0	0.07	-0.0	-0.0	0.03	1.96	0.07	0.0	0.0	56.99					1	0.0	0.0	-0.47	0.0	0.0	-0.21	-0.47	0.0	0.0	178.75					0.0	0.0	0.03	0.0	0.0	0.02	0.03	0.0	0.0	91.43					0.0	0.0	0.13	0.0	0.0	0.07	0.13	0.0	0.0	91.18					-0.0	-0.0	0.09000000000000008	-0.0	-0.0	0.04663212435233155	0.09000000000000008	0.0026871964108143923	0.0026794977262043496	132.08316475294976				
2020-10-22 07:00:00	1200	1.94	1.93	1.93	1.94	1.73	ILP.MI	2.04	2.06	2.04	2.06	2.17	1.79	-1.0	1.0	1.0	1	-1.0	-1.0	1.0	-1.0	-1.0	1.0	1.94									-1.0			2.26	2.06									-1.0			2.11	-0.01	-0.01	0.06	-0.01	-0.01	0.03	1.94	0.06	0.0	0.0	58.2					1	0.0	0.0	-0.47	0.0	0.0	-0.21	-0.47	0.0	0.0	178.75					0.01	0.01	0.04	0.01	0.01	0.02	0.04	0.0	0.0	99.78					0.01	0.01	0.14	0.01	0.01	0.07	0.14	0.0	0.0	99.52					-0.010000000000000009	-0.010000000000000009	0.08000000000000007	-0.005181347150259086	-0.005167970158442598	0.04123711340206171	0.08000000000000007	0.0025123413628128674	0.002504517740800294	124.35737059159626				
2020-10-23 07:00:00	1800	1.92	1.89	1.89	1.92	1.71	ILP.MI	1.98	2.01	1.98	2.01	2.17	1.79	-1.0	1.0	1.0	1	-1.0	-1.0	1.0	-1.0	-1.0	1.0		1.89								-1.0			2.26		1.98								-1.0			2.11	0.02	0.02	0.08	0.01	0.01	0.04	1.94	0.08	0.0	0.0	60.16					1	-0.02	-0.02	-0.49	-0.01	-0.01	-0.21	-0.49	0.0	0.0	166.09					-0.02	-0.02	0.02	-0.01	-0.01	0.01	0.02	0.0	0.0	91.91					-0.02	-0.02	0.12	-0.01	-0.01	0.06	0.12	0.0	0.0	91.66					0.020000000000000018	0.020000000000000018	0.10000000000000009	0.010309278350515427	0.010362787035546547	0.05208333333333304	0.10000000000000009	0.002589025986875912	0.00258102184155784	125.47581371578929				
2020-10-26 08:00:00	0	1.92	1.92	1.92	1.92	1.71	ILP.MI	2.05	2.05	2.05	2.05	2.17	1.79	-1.0	1.0	1.0	1	-1.0	-1.0	1.0	-1.0	-1.0	1.0	1.92									-1.0			2.26	2.05									-1.0			2.11	-0.0	-0.0	0.08	-0.0	-0.0	0.04	1.94	0.08	0.0	0.0	67.35					1	0.0	0.0	-0.49	0.0	0.0	-0.21	-0.49	0.0	0.0	166.09					0.0	0.0	0.02	0.0	0.0	0.01	0.02	0.0	0.0	99.54					0.0	0.0	0.12	0.0	0.0	0.06	0.12	0.0	0.0	99.28					-0.0	-0.0	0.10000000000000009	-0.0	-0.0	0.05208333333333304	0.10000000000000009	0.0025175278461290595	0.002509692079289083	124.43451804099121				
2020-10-27 08:00:00	7200	1.87	1.81	1.85	1.81	1.61	ILP.MI	2.0	2.03	1.96	1.96	2.17	1.79	-1.0	1.0	1.0	0	-1.0	-1.0	1.0	-1.0	-1.0	1.0										-1.0			2.26		1.96								-1.0			2.11	0.11	0.11	0.19	0.06	0.06	0.1	1.94	0.19	0.0	0.0	76.6					1	-0.11	-0.11	-0.6	-0.06	-0.06	-0.26	-0.6	0.0	0.0	129.18					-0.11	-0.11	-0.09	-0.06	-0.06	-0.05	-0.09	0.0	0.0	77.45					-0.11	-0.11	0.01	-0.06	-0.06	0.0	0.01	0.0	0.0	77.23					0.10999999999999988	0.10999999999999988	0.20999999999999996	0.05729166666666663	0.05899834076195576	0.11602209944751363	0.20999999999999996	0.002954115567767532	0.002945223841864353	130.2177404751729				
2020-10-28 08:00:00	4800	1.83	1.78	1.79	1.83	1.63	ILP.MI	2.02	2.07	2.01	2.07	2.17	1.79	-1.0	1.0	1.0	-1	-1.0	-1.0	1.0	-1.0	-1.0	1.0		1.78		1.78		1.78				-1.0			2.26										-1.0			2.11	-0.02	-0.02	0.17	-0.01	-0.01	0.09	1.94	0.17	0.0	0.0	76.24					1	0.0	0.0	-0.6	0.0	0.0	-0.26	-0.6	0.0	0.0	129.18					0.02	0.02	-0.07	0.01	0.01	-0.04	-0.07	0.0	0.0	85.78					0.02	0.02	0.03	0.01	0.01	0.01	0.03	0.0	0.0	85.56					-0.020000000000000018	-0.020000000000000018	0.18999999999999995	-0.011049723756906049	-0.010989121575595165	0.10382513661202175	0.18999999999999995	0.002757090700739398	0.002747957721787264	120.56169603759557				
2020-10-29 08:00:00	0	1.83	1.83	1.83	1.83	1.63	ILP.MI	2.07	2.07	2.07	2.07	2.15	1.79	-1.0	1.0	1.0	-1	-1.0	-1.0	1.0	1.0	-1.0	-1.0										-1.0			2.26	2.07		2.07							-1.0			2.11	-0.0	-0.0	0.17	-0.0	-0.0	0.09	1.94	0.17	0.0	0.0	83.36					1	-0.0	-0.0	-0.6	-0.0	-0.0	-0.26	-0.6	0.0	0.0	129.18					0.0	0.0	-0.07	0.0	0.0	-0.04	-0.07	0.0	0.0	92.8					0.0	0.0	0.03	0.0	0.0	0.01	0.03	0.0	0.0	92.58					-0.0	-0.0	0.18999999999999995	-0.0	-0.0	0.10382513661202175	0.18999999999999995	0.0026851689367054137	0.0026762215873761264	119.61703412928443				
2020-10-30 08:00:00	1200	1.84	1.83	1.83	1.84	1.64	ILP.MI	2.06	2.07	2.06	2.07	2.15	1.79	-1.0	1.0	1.0	-1	-1.0	-1.0	1.0	1.0	-1.0	-1.0										-1.0			2.26										-1.0			2.11	-0.01	-0.01	0.16	-0.01	-0.01	0.08	1.94	0.16	0.0	0.0	91.35					1	-0.01	-0.01	-0.61	-0.01	-0.01	-0.26	-0.61	0.0	0.0	121.16					0.01	0.01	-0.06	0.01	0.01	-0.03	-0.06	0.0	0.0	107.23					-0.01	-0.01	0.02	-0.01	-0.01	0.01	0.02	0.0	0.0	100.21					-0.010000000000000009	-0.010000000000000009	0.17999999999999994	-0.005464480874316946	-0.005449604767564685	0.09782608695652151	0.17999999999999994	0.0023575359418356945	0.002348851642282046	110.00749588930219				
2020-11-02 08:00:00	2400	1.85	1.85	1.85	1.85	1.65	ILP.MI	2.03	2.03	2.03	2.03	2.11	1.79	-1.0	1.0	1.0	-1	-1.0	-1.0	1.0	1.0	-1.0	-1.0										-1.0			2.26										-1.0			2.11	-0.01	-0.01	0.15	-0.01	-0.01	0.08	1.94	0.15	0.0	0.0	80.81					1	-0.01	-0.01	-0.62	-0.01	-0.01	-0.27	-0.62	0.0	0.0	113.28					0.01	0.01	-0.05	0.01	0.01	-0.03	-0.05	0.0	0.0	104.18					-0.01	-0.01	0.01	-0.01	-0.01	0.0	0.01	0.0	0.0	89.98					-0.010000000000000009	-0.010000000000000009	0.16999999999999993	-0.005434782608695565	-0.005420067469339113	0.09189189189189184	0.16999999999999993	0.00242678825979947	0.0024185618579799506	120.10877062009848				
2020-11-03 08:00:00	600	1.87	1.87	1.87	1.87	1.67	ILP.MI	1.99	1.99	1.99	1.99	2.11	1.79	-1.0	1.0	1.0	-1	-1.0	-1.0	1.0	1.0	-1.0	-1.0										-1.0			2.26										-1.0			2.11	-0.02	-0.02	0.13	-0.01	-0.01	0.07	1.94	0.13	0.0	0.0	72.99					1	-0.02	-0.02	-0.64	-0.01	-0.01	-0.28	-0.64	0.0	0.0	103.38					0.02	0.02	-0.03	0.01	0.01	-0.02	-0.03	0.0	0.0	105.54					-0.02	-0.02	-0.01	-0.01	-0.01	-0.01	-0.01	0.0	0.0	82.27					-0.020000000000000018	-0.020000000000000018	0.1499999999999999	-0.010810810810810922	-0.010752791776261915	0.08021390374331538	0.1499999999999999	0.0023052765773671716	0.0022966732185234484	111.16287232764658				
2020-11-04 08:00:00	3000	1.89	1.87	1.87	1.89	1.68	ILP.MI	1.95	1.97	1.95	1.97	2.11	1.79	-1.0	1.0	-1.0	-1	-1.0	-1.0	1.0	1.0	-1.0	-1.0										-1.0			2.26										-1.0			2.11	-0.02	-0.02	0.11	-0.01	-0.01	0.05	1.94	0.11	0.0	0.0	72.77					1	-0.02	-0.02	-0.66	-0.01	-0.01	-0.28	-0.66	0.0	0.0	93.85					0.02	0.02	-0.01	0.01	0.01	-0.0	-0.01	0.0	0.0	114.64					-0.02	-0.02	-0.03	-0.01	-0.01	-0.02	-0.03	0.0	0.0	82.07					-0.019999999999999796	-0.019999999999999796	0.13000000000000012	-0.010695187165775222	-0.010638398205055577	0.06878306878306883	0.13000000000000012	0.002112305201321062	0.002103516670387773	101.36736300587467				
2020-11-05 08:00:00	600	1.9	1.9	1.9	1.9	1.69	ILP.MI	1.95	1.95	1.95	1.95	2.11	1.79	-1.0	1.0	-1.0	-1	-1.0	-1.0	1.0	1.0	-1.0	-1.0										-1.0			2.26										-1.0			2.11	-0.01	-0.01	0.1	-0.01	-0.01	0.05	1.94	0.1	0.0	0.0	66.81					1	-0.01	-0.01	-0.67	-0.01	-0.01	-0.29	-0.67	0.0	0.0	86.49					0.01	0.01	-0.0	0.01	0.01	0.0	-0.0	0.0	0.0	115.23					-0.01	-0.01	-0.04	-0.01	-0.01	-0.02	-0.04	0.0	0.0	76.14					-0.010000000000000009	-0.010000000000000009	0.1200000000000001	-0.005291005291005346	-0.005277057100843819	0.06315789473684208	0.1200000000000001	0.0020044736521144914	0.0019954183287491656	95.02397639041114				
2020-11-06 08:00:00	0	1.9	1.9	1.9	1.9	1.69	ILP.MI	1.95	1.95	1.95	1.95	2.11	1.79	-1.0	1.0	-1.0	-1	-1.0	-1.0	1.0	1.0	-1.0	-1.0										-1.0			2.26										-1.0			2.11	-0.0	-0.0	0.1	-0.0	-0.0	0.05	1.94	0.1	0.0	0.0	77.52					1	-0.0	-0.0	-0.67	-0.0	-0.0	-0.29	-0.67	0.0	0.0	80.97					0.0	0.0	-0.0	0.0	0.0	0.0	-0.0	0.0	0.0	127.21					-0.0	-0.0	-0.04	-0.0	-0.0	-0.02	-0.04	0.0	0.0	86.61					-0.0	-0.0	0.1200000000000001	-0.0	-0.0	0.06315789473684208	0.1200000000000001	0.0018650749716236073	0.001856412217609904	92.25333678351208				
2020-11-09 08:00:00	600	1.91	1.91	1.91	1.91	1.7	ILP.MI	1.86	1.86	1.86	1.86	2.11	1.79	-1.0	-1.0	-1.0	-1	-1.0	-1.0	1.0	1.0	-1.0	-1.0										-1.0			2.26										-1.0			2.11	-0.01	-0.01	0.09	-0.01	-0.01	0.04	1.94	0.09	0.0	0.0	77.48					1	-0.01	-0.01	-0.68	-0.01	-0.01	-0.29	-0.68	0.0	0.0	71.9					0.01	0.01	0.01	0.01	0.01	0.01	0.01	0.0	0.0	134.25					-0.01	-0.01	-0.05	-0.01	-0.01	-0.03	-0.05	0.0	0.0	86.57					-0.010000000000000009	-0.010000000000000009	0.1100000000000001	-0.0052631578947368585	-0.005249355886143745	0.05759162303664911	0.1100000000000001	0.0017235142410816228	0.0017146988171750088	85.16922261609872				
2020-11-10 08:00:00	6000	1.93	1.91	1.92	1.93	1.72	ILP.MI	1.86	1.87	1.85	1.87	2.11	1.79	-1.0	-1.0	-1.0	-1	-1.0	-1.0	1.0	1.0	-1.0	-1.0	1.93		1.93							-1.0			2.26										-1.0			2.11	-0.02	-0.02	0.07	-0.01	-0.01	0.03	1.94	0.07	0.0	0.0	67.1					1	-0.02	-0.02	-0.7	-0.01	-0.01	-0.3	-0.7	0.0	0.0	73.58					0.02	0.02	0.03	0.01	0.01	0.02	0.03	0.0	0.0	133.77					-0.02	-0.02	-0.07	-0.01	-0.01	-0.04	-0.07	0.0	0.0	76.4					-0.020000000000000018	-0.020000000000000018	0.09000000000000008	-0.010471204188481575	-0.01041676085825558	0.04663212435233155	0.09000000000000008	0.0017390365171537274	0.0017303161060313599	86.89509483388221				
2020-11-11 08:00:00	4200	1.93	1.91	1.91	1.93	1.72	ILP.MI	1.84	1.86	1.84	1.86	2.11	1.79	-1.0	-1.0	-1.0	-1	-1.0	-1.0	1.0	1.0	-1.0	-1.0										-1.0			2.26										-1.0			2.11	-0.0	-0.0	0.07	-0.0	-0.0	0.03	1.94	0.07	0.0	0.0	73.18					1	-0.0	-0.0	-0.7	-0.0	-0.0	-0.3	-0.7	0.0	0.0	71.96					0.0	0.0	0.03	0.0	0.0	0.02	0.03	0.0	0.0	140.36					-0.0	-0.0	-0.07	-0.0	-0.0	-0.04	-0.07	0.0	0.0	82.45					-0.0	-0.0	0.09000000000000008	-0.0	-0.0	0.04663212435233155	0.09000000000000008	0.0017046060638492096	0.001695983840985571	86.12197420621034				
2020-11-12 08:00:00	1200	1.9	1.9	1.9	1.9	1.69	ILP.MI	1.84	1.84	1.84	1.84	2.11	1.79	-1.0	-1.0	-1.0	-1	-1.0	-1.0	1.0	1.0	-1.0	-1.0										-1.0			2.26										-1.0			2.11	0.03	0.03	0.1	0.02	0.02	0.05	1.94	0.1	0.0	0.0	73.28					1	0.03	0.03	-0.67	0.02	0.02	-0.29	-0.67	0.0	0.0	87.97					-0.03	-0.03	-0.0	-0.02	-0.02	0.0	-0.0	0.0	0.0	127.95					0.03	0.03	-0.04	0.02	0.02	-0.02	-0.04	0.0	0.0	82.54					0.030000000000000027	0.030000000000000027	0.1200000000000001	0.015544041450777257	0.015666116744399463	0.06315789473684208	0.1200000000000001	0.0019485566779680308	0.0019400715905144583	98.59985611205197				
2020-11-13 08:00:00	7200	1.89	1.86	1.87	1.89	1.68	ILP.MI	1.81	1.83	1.8	1.83	2.11	1.79	-1.0	-1.0	-1.0	-1	-1.0	-1.0	1.0	1.0	-1.0	-1.0		1.86								-1.0			2.26										-1.0			2.11	0.01	0.01	0.11	0.01	0.01	0.05	1.94	0.11	0.0	0.0	93.23					1	0.01	0.01	-0.66	0.01	0.01	-0.28	-0.66	0.0	0.0	76.58					-0.01	-0.01	-0.01	-0.01	-0.01	-0.0	-0.01	0.0	0.0	143.01					0.01	0.01	-0.03	0.01	0.01	-0.02	-0.03	0.0	0.0	101.76					0.010000000000000009	0.010000000000000009	0.13000000000000012	0.0052631578947368585	0.005277057100843781	0.06878306878306883	0.13000000000000012	0.0017032966097740923	0.0016954741144354912	93.2257929945183				
2020-11-16 08:00:00	6000	1.91	1.88	1.91	1.88	1.68	ILP.MI	1.81	1.81	1.78	1.78	2.11	1.78	-1.0	-1.0	-1.0	-1	-1.0	-1.0	1.0	1.0	-1.0	-1.0	1.91									-1.0			2.26										-1.0			2.11	0.01	0.01	0.12	0.01	0.01	0.06	1.94	0.12	0.0	0.0	93.24					1	0.01	0.01	-0.65	0.01	0.01	-0.28	-0.65	0.0	0.0	86.56					-0.01	-0.01	-0.02	-0.01	-0.01	-0.01	-0.02	0.0	0.0	135.36					0.01	0.01	-0.02	0.01	0.01	-0.01	-0.02	0.0	0.0	101.77					0.010000000000000009	0.010000000000000009	0.14000000000000012	0.005291005291005346	0.005305052229693229	0.07446808510638303	0.14000000000000012	0.0018415193115360671	0.0018338376458666428	100.825902730679				
2020-11-17 08:00:00	11400	1.92	1.85	1.92	1.86	1.66	ILP.MI	1.81	1.81	1.74	1.75	2.11	1.74	-1.0	-1.0	-1.0	-1	-1.0	-1.0	1.0	1.0	-1.0	-1.0										-1.0			2.26										-1.0			2.11	0.02	0.02	0.14	0.01	0.01	0.07	1.94	0.14	0.0	0.0	101.67					1	0.02	0.02	-0.63	0.01	0.01	-0.27	-0.63	0.0	0.0	88.37					-0.02	-0.02	-0.04	-0.01	-0.01	-0.02	-0.04	0.0	0.0	132.95					0.02	0.02	-0.0	0.01	0.01	-0.0	-0.0	0.0	0.0	110.0					0.019999999999999796	0.019999999999999796	0.15999999999999992	0.010638297872340274	0.010695289116747806	0.08602150537634401	0.15999999999999992	0.001880022617213573	0.0018722419979531058	101.66509326745661				
2020-11-18 08:00:00	16800	1.86	1.83	1.84	1.84	1.64	ILP.MI	1.72	1.74	1.71	1.72	2.11	1.71	-1.0	-1.0	-1.0	-1	-1.0	-1.0	1.0	1.0	-1.0	-1.0		1.83		1.83						-1.0			2.26		1.71								-1.0			2.11	0.02	0.02	0.16	0.01	0.01	0.08	1.94	0.16	0.0	0.0	103.26					1	0.02	0.02	-0.61	0.01	0.01	-0.26	-0.61	0.0	0.0	91.72					-0.02	-0.02	-0.06	-0.01	-0.01	-0.03	-0.06	0.0	0.0	123.81					0.02	0.02	0.02	0.01	0.01	0.01	0.02	0.0	0.0	111.5					0.020000000000000018	0.020000000000000018	0.17999999999999994	0.010752688172043001	0.010810916104215617	0.09782608695652173	0.17999999999999994	0.0019556990299430827	0.001947722083553094	103.25561241872992				
2020-11-19 08:00:00	600	1.88	1.88	1.88	1.88	1.68	ILP.MI	1.76	1.76	1.76	1.76	2.11	1.71	-1.0	-1.0	-1.0	-1	-1.0	-1.0	1.0	1.0	-1.0	-1.0	1.88									-1.0			2.26	1.76			1.76						-1.0			2.11	-0.04	-0.04	0.12	-0.02	-0.02	0.06	1.93	0.12	0.0	0.0	90.44					1	-0.04	-0.04	-0.65	-0.02	-0.02	-0.28	-0.65	0.0	0.0	77.86					0.04	0.04	-0.02	0.02	0.02	-0.01	-0.02	0.0	0.0	126.3					-0.04	-0.04	-0.02	-0.02	-0.02	-0.01	-0.02	0.0	0.0	99.14					-0.039999999999999813	-0.039999999999999813	0.14000000000000012	-0.021739130434782483	-0.021506205220963463	0.07446808510638303	0.14000000000000012	0.0018018847458656406	0.0017933528873639304	90.44148809664772				
2020-11-20 08:00:00	2400	1.88	1.84	1.84	1.88	1.68	ILP.MI	1.71	1.75	1.71	1.75	2.11	1.71	-1.0	-1.0	-1.0	-1	-1.0	-1.0	1.0	1.0	-1.0	-1.0		1.84								-1.0			2.26		1.71								-1.0			2.11	-0.0	-0.0	0.12	-0.0	-0.0	0.06	1.93	0.12	0.0	0.0	90.44					1	-0.0	-0.0	-0.65	-0.0	-0.0	-0.28	-0.65	0.0	0.0	77.86					0.0	0.0	-0.02	0.0	0.0	-0.01	-0.02	0.0	0.0	126.3					-0.0	-0.0	-0.02	-0.0	-0.0	-0.01	-0.02	0.0	0.0	99.14					-0.0	-0.0	0.14000000000000012	-0.0	-0.0	0.07446808510638303	0.14000000000000012	0.0018018847458656406	0.0017933528873639304	90.44148809664772				
2020-11-23 08:00:00	600	1.9	1.9	1.9	1.9	1.69	ILP.MI	1.77	1.77	1.77	1.77	2.11	1.71	-1.0	-1.0	-1.0	-1	-1.0	-1.0	1.0	1.0	-1.0	-1.0										-1.0			2.26	1.77		1.77							-1.0			2.11	-0.02	-0.02	0.1	-0.01	-0.01	0.05	1.93	0.1	0.0	0.0	78.09					1	-0.02	-0.02	-0.67	-0.01	-0.01	-0.29	-0.67	0.0	0.0	83.4					0.02	0.02	-0.0	0.01	0.01	0.0	-0.0	0.0	0.0	143.08					-0.02	-0.02	-0.04	-0.01	-0.01	-0.02	-0.04	0.0	0.0	87.13					-0.020000000000000018	-0.020000000000000018	0.1200000000000001	-0.010638297872340496	-0.010582109330537008	0.06315789473684208	0.1200000000000001	0.0018487761127426179	0.0018405315612466389	96.1305419060776				
2020-11-24 08:00:00	0	1.9	1.9	1.9	1.9	1.69	ILP.MI	1.73	1.73	1.73	1.73	2.11	1.71	-1.0	-1.0	-1.0	-1	-1.0	-1.0	1.0	1.0	-1.0	-1.0										-1.0			2.26										-1.0			2.11	-0.0	-0.0	0.1	-0.0	-0.0	0.05	1.93	0.1	0.0	0.0	78.09					1	-0.0	-0.0	-0.67	-0.0	-0.0	-0.29	-0.67	0.0	0.0	83.4					0.0	0.0	-0.0	0.0	0.0	0.0	-0.0	0.0	0.0	143.08					-0.0	-0.0	-0.04	-0.0	-0.0	-0.02	-0.04	0.0	0.0	87.13					-0.0	-0.0	0.1200000000000001	-0.0	-0.0	0.06315789473684208	0.1200000000000001	0.0018487761127426179	0.0018405315612466389	96.1305419060776				
2020-11-25 08:00:00	600	1.9	1.9	1.9	1.9	1.69	ILP.MI	1.72	1.72	1.72	1.72	2.11	1.71	-1.0	-1.0	-1.0	-1	-1.0	-1.0	1.0	1.0	-1.0	-1.0										-1.0			2.26		1.72								-1.0			2.11	-0.0	-0.0	0.1	-0.0	-0.0	0.05	1.93	0.1	0.0	0.0	77.21					1	-0.0	-0.0	-0.67	-0.0	-0.0	-0.29	-0.67	0.0	0.0	91.2					0.0	0.0	-0.0	0.0	0.0	0.0	-0.0	0.0	0.0	150.06					-0.0	-0.0	-0.04	-0.0	-0.0	-0.02	-0.04	0.0	0.0	93.41					-0.0	-0.0	0.1200000000000001	-0.0	-0.0	0.06315789473684208	0.1200000000000001	0.0019517490622888425	0.001943747933462081	102.72073029693391				
2020-11-26 08:00:00	600	1.91	1.91	1.91	1.91	1.7	ILP.MI	1.74	1.74	1.74	1.74	2.11	1.71	-1.0	-1.0	-1.0	-1	-1.0	-1.0	1.0	1.0	-1.0	-1.0	1.91									-1.0			2.26	1.74									-1.0			2.11	-0.01	-0.01	0.09	-0.01	-0.01	0.04	1.93	0.09	0.0	0.0	70.88					1	-0.01	-0.01	-0.68	-0.01	-0.01	-0.29	-0.68	0.0	0.0	83.33					0.01	0.01	0.01	0.01	0.01	0.01	0.01	0.0	0.0	150.56					-0.01	-0.01	-0.05	-0.01	-0.01	-0.03	-0.05	0.0	0.0	87.07					-0.010000000000000009	-0.010000000000000009	0.1100000000000001	-0.0052631578947368585	-0.005249355886143745	0.05759162303664911	0.1100000000000001	0.001848199345560867	0.0018399512902065318	96.0580829451231				
2020-11-27 08:00:00	3000	1.92	1.87	1.87	1.92	1.71	ILP.MI	1.69	1.74	1.69	1.74	2.11	1.69	-1.0	-1.0	-1.0	-1	-1.0	-1.0	1.0	1.0	-1.0	-1.0		1.87								-1.0			2.26		1.69		1.69		1.69		1.69		-1.0	1.69		2.11	-0.01	-0.01	0.08	-0.01	-0.01	0.04	1.93	0.08	0.0	0.0	64.65					1	-0.01	-0.01	-0.69	-0.01	-0.01	-0.29	-0.69	0.0	0.0	75.58					0.01	0.01	0.02	0.01	0.01	0.01	0.02	0.0	0.0	151.05					-0.01	-0.01	-0.06	-0.01	-0.01	-0.03	-0.06	0.0	0.0	80.83					-0.010000000000000009	-0.010000000000000009	0.10000000000000009	-0.005235602094240788	-0.005221943981151625	0.05208333333333348	0.10000000000000009	0.001743687475751638	0.0017351966434366872	89.51590074077993				
2020-11-30 08:00:00	0	1.92	1.92	1.92	1.92	1.71	ILP.MI	1.76	1.76	1.76	1.76	2.11	1.69	-1.0	-1.0	-1.0	-1	-1.0	-1.0	1.0	1.0	-1.0	-1.0	1.92									-1.0			2.26	1.76									-1.0			2.11	-0.0	-0.0	0.08	-0.0	-0.0	0.04	1.93	0.08	0.0	0.0	64.65					1	-0.0	-0.0	-0.69	-0.0	-0.0	-0.29	-0.69	0.0	0.0	75.58					0.0	0.0	0.02	0.0	0.0	0.01	0.02	0.0	0.0	151.05					-0.0	-0.0	-0.06	-0.0	-0.0	-0.03	-0.06	0.0	0.0	80.83					-0.0	-0.0	0.10000000000000009	-0.0	-0.0	0.05208333333333348	0.10000000000000009	0.001743687475751638	0.0017351966434366872	89.51590074077993				
2020-12-01 08:00:00	2400	1.92	1.9	1.92	1.9	1.69	ILP.MI	1.76	1.76	1.74	1.74	2.11	1.69	-1.0	-1.0	-1.0	-1	-1.0	-1.0	1.0	1.0	-1.0	-1.0										-1.0			2.26		1.74								-1.0			2.11	0.02	0.02	0.1	0.01	0.01	0.05	1.93	0.1	0.0	0.0	66.56					1	0.02	0.02	-0.67	0.01	0.01	-0.29	-0.67	0.0	0.0	78.84					-0.02	-0.02	-0.0	-0.01	-0.01	0.0	-0.0	0.0	0.0	141.64					0.02	0.02	-0.04	0.01	0.01	-0.02	-0.04	0.0	0.0	82.59					0.020000000000000018	0.020000000000000018	0.1200000000000001	0.01041666666666663	0.010471299867295366	0.06315789473684208	0.1200000000000001	0.0018148923148492472	0.0018061993613773808	91.08434806551344				
2020-12-02 08:00:00	12000	1.92	1.9	1.9	1.91	1.7	ILP.MI	1.75	1.77	1.75	1.76	2.11	1.69	-1.0	-1.0	-1.0	-1	-1.0	-1.0	1.0	1.0	-1.0	-1.0										-1.0			2.26	1.77		1.77							-1.0			2.11	-0.01	-0.01	0.09	-0.01	-0.01	0.04	1.93	0.09	0.0	0.0	60.47					1	-0.01	-0.01	-0.68	-0.01	-0.01	-0.29	-0.68	0.0	0.0	71.3					0.01	0.01	0.01	0.01	0.01	0.01	0.01	0.0	0.0	142.14					-0.01	-0.01	-0.05	-0.01	-0.01	-0.03	-0.05	0.0	0.0	76.48					-0.010000000000000009	-0.010000000000000009	0.1100000000000001	-0.0052631578947368585	-0.005249355886143745	0.05759162303664911	0.1100000000000001	0.0017081984669705837	0.0016992616293260987	84.68670871834816				
2020-12-03 08:00:00	1800	1.91	1.9	1.9	1.91	1.7	ILP.MI	1.75	1.75	1.75	1.75	2.11	1.69	-1.0	-1.0	-1.0	-1	-1.0	-1.0	1.0	-1.0	-1.0	1.0										-1.0			2.26										-1.0			2.11	-0.0	-0.0	0.09	-0.0	-0.0	0.04	1.93	0.09	0.0	0.0	60.47					1	-0.0	-0.0	-0.68	-0.0	-0.0	-0.29	-0.68	0.0	0.0	71.3					0.0	0.0	0.01	0.0	0.0	0.01	0.01	0.0	0.0	142.14					-0.0	-0.0	-0.05	-0.0	-0.0	-0.03	-0.05	0.0	0.0	76.48					-0.0	-0.0	0.1100000000000001	-0.0	-0.0	0.05759162303664911	0.1100000000000001	0.0017081984669705837	0.0016992616293260987	84.68670871834816				
2020-12-04 08:00:00	0	1.91	1.91	1.91	1.91	1.7	ILP.MI	1.74	1.74	1.74	1.74	2.11	1.69	-1.0	-1.0	-1.0	-1	-1.0	-1.0	1.0	-1.0	-1.0	1.0										-1.0			2.26		1.74								-1.0			2.11	-0.0	-0.0	0.09	-0.0	-0.0	0.04	1.93	0.09	0.0	0.0	68.13					1	-0.0	-0.0	-0.68	-0.0	-0.0	-0.29	-0.68	0.0	0.0	68.01					0.0	0.0	0.01	0.0	0.0	0.01	0.01	0.0	0.0	141.16					0.0	0.0	-0.05	0.0	0.0	-0.03	-0.05	0.0	0.0	74.73					-0.0	-0.0	0.1100000000000001	-0.0	-0.0	0.05759162303664911	0.1100000000000001	0.0016401775781616638	0.0016314410642084276	83.11960468412589				
2020-12-07 08:00:00	9600	1.92	1.85	1.91	1.92	1.71	ILP.MI	1.75	1.76	1.69	1.76	2.11	1.69	-1.0	-1.0	-1.0	-1	-1.0	-1.0	1.0	-1.0	-1.0	1.0		1.85								-1.0			2.26										-1.0			2.11	-0.01	-0.01	0.08	-0.01	-0.01	0.04	1.93	0.08	0.0	0.0	61.99					1	-0.01	-0.01	-0.69	-0.01	-0.01	-0.29	-0.69	0.0	0.0	60.44					0.01	0.01	0.02	0.01	0.01	0.01	0.02	0.0	0.0	141.67					0.01	0.01	-0.04	0.01	0.01	-0.02	-0.04	0.0	0.0	75.64					-0.010000000000000009	-0.010000000000000009	0.10000000000000009	-0.005235602094240788	-0.005221943981151625	0.05208333333333326	0.10000000000000009	0.0015335422967291464	0.0015245708966939997	76.78633426260205				
2020-12-08 08:00:00	600	1.92	1.92	1.92	1.92	1.71	ILP.MI	1.76	1.76	1.76	1.76	2.11	1.69	-1.0	-1.0	-1.0	-1	-1.0	-1.0	1.0	-1.0	-1.0	1.0	1.92									-1.0			2.26	1.76									-1.0			2.11	-0.0	-0.0	0.08	-0.0	-0.0	0.04	1.93	0.08	0.0	0.0	73.28					1	-0.0	-0.0	-0.69	-0.0	-0.0	-0.29	-0.69	0.0	0.0	52.69					0.0	0.0	0.02	0.0	0.0	0.01	0.02	0.0	0.0	139.6					0.0	0.0	-0.04	0.0	0.0	-0.02	-0.04	0.0	0.0	71.88					-0.0	-0.0	0.10000000000000009	-0.0	-0.0	0.05208333333333326	0.10000000000000009	0.0013974550011910906	0.001388891862977415	73.27606249412099				
2020-12-09 08:00:00	1800	1.91	1.87	1.87	1.91	1.7	ILP.MI	1.72	1.76	1.72	1.76	2.11	1.69	-1.0	-1.0	-1.0	-1	-1.0	-1.0	1.0	-1.0	-1.0	1.0		1.87								-1.0			2.26		1.72		1.72						-1.0			2.11	0.01	0.01	0.09	0.01	0.01	0.04	1.92	0.09	0.0	0.0	72.33					1	0.01	0.01	-0.68	0.01	0.01	-0.29	-0.68	0.0	0.0	50.51					-0.01	-0.01	0.01	-0.01	-0.01	0.01	0.01	0.0	0.0	131.53					-0.01	-0.01	-0.05	-0.01	-0.01	-0.03	-0.05	0.0	0.0	63.57					0.010000000000000009	0.010000000000000009	0.1100000000000001	0.00520833333333337	0.0052219439811517126	0.05759162303664933	0.1100000000000001	0.001362809252342542	0.001354348538979755	72.32881985324647				
2020-12-10 08:00:00	1200	1.94	1.92	1.92	1.94	1.73	ILP.MI	1.77	1.79	1.77	1.79	2.11	1.69	-1.0	-1.0	-1.0	1	-1.0	-1.0	1.0	-1.0	-1.0	1.0										-1.0			2.26										-1.0			2.11	-0.03	-0.03	0.06	-0.02	-0.02	0.03	1.94	0.06	0.0	0.0	62.59					1	-0.03	-0.03	-0.71	-0.02	-0.02	-0.3	-0.71	0.0	0.0	39.34					0.03	0.03	0.04	0.02	0.02	0.02	0.04	0.0	0.0	133.26					0.03	0.03	-0.02	0.02	0.02	-0.01	-0.02	0.0	0.0	66.71					-0.030000000000000027	-0.030000000000000027	0.08000000000000007	-0.015706806282722585	-0.01558473101669833	0.04123711340206193	0.08000000000000007	0.0012214466917982692	0.001212557865729158	62.59249299832071				
2020-12-11 08:00:00	0	1.94	1.94	1.94	1.94	1.73	ILP.MI	1.81	1.81	1.81	1.81	2.11	1.69	-1.0	-1.0	-1.0	1	-1.0	-1.0	1.0	-1.0	-1.0	1.0	1.94									-1.0			2.26	1.81									-1.0			2.11	-0.0	-0.0	0.06	-0.0	-0.0	0.03	1.94	0.06	0.0	0.0	62.59					1	0.0	0.0	-0.71	0.0	0.0	-0.3	-0.71	0.0	0.0	39.34					0.0	0.0	0.04	0.0	0.0	0.02	0.04	0.0	0.0	133.26					0.0	0.0	-0.02	0.0	0.0	-0.01	-0.02	0.0	0.0	66.71					-0.0	-0.0	0.08000000000000007	-0.0	-0.0	0.04123711340206193	0.08000000000000007	0.0012214466917982692	0.001212557865729158	62.59249299832071				
2020-12-14 08:00:00	1800	1.92	1.88	1.88	1.92	1.71	ILP.MI	1.75	1.78	1.75	1.78	2.11	1.69	-1.0	-1.0	-1.0	1	-1.0	-1.0	1.0	-1.0	-1.0	1.0		1.88								-1.0			2.26										-1.0			2.11	0.02	0.02	0.08	0.01	0.01	0.04	1.94	0.08	0.0	0.0	64.5					1	-0.02	-0.02	-0.73	-0.01	-0.01	-0.31	-0.73	0.0	0.0	30.16					-0.02	-0.02	0.02	-0.01	-0.01	0.01	0.02	0.0	0.0	124.39					-0.02	-0.02	-0.04	-0.01	-0.01	-0.02	-0.04	0.0	0.0	59.21					0.020000000000000018	0.020000000000000018	0.10000000000000009	0.010309278350515427	0.010362787035546547	0.05208333333333326	0.10000000000000009	0.0012888048075293224	0.0012797067220506886	64.49517081448728				
2020-12-15 08:00:00	0	1.92	1.92	1.92	1.92	1.71	ILP.MI	1.77	1.77	1.77	1.77	2.11	1.69	-1.0	-1.0	-1.0	1	-1.0	-1.0	1.0	-1.0	-1.0	1.0										-1.0			2.26										-1.0			2.11	-0.0	-0.0	0.08	-0.0	-0.0	0.04	1.94	0.08	0.0	0.0	64.5					1	0.0	0.0	-0.73	0.0	0.0	-0.31	-0.73	0.0	0.0	30.16					0.0	0.0	0.02	0.0	0.0	0.01	0.02	0.0	0.0	124.39					0.0	0.0	-0.04	0.0	0.0	-0.02	-0.04	0.0	0.0	59.21					-0.0	-0.0	0.10000000000000009	-0.0	-0.0	0.05208333333333326	0.10000000000000009	0.0012888048075293224	0.0012797067220506886	64.49517081448728				
2020-12-16 08:00:00	0	1.92	1.92	1.92	1.92	1.71	ILP.MI	1.76	1.76	1.76	1.76	2.11	1.69	-1.0	-1.0	-1.0	1	-1.0	-1.0	1.0	-1.0	-1.0	1.0	1.92									-1.0			2.26										-1.0			2.11	-0.0	-0.0	0.08	-0.0	-0.0	0.04	1.94	0.08	0.0	0.0	58.29					1	0.0	0.0	-0.73	0.0	0.0	-0.31	-0.73	0.0	0.0	13.44					0.0	0.0	0.02	0.0	0.0	0.01	0.02	0.0	0.0	120.53					0.0	0.0	-0.04	0.0	0.0	-0.02	-0.04	0.0	0.0	52.23					-0.0	-0.0	0.10000000000000009	-0.0	-0.0	0.05208333333333326	0.10000000000000009	0.0010802307629445699	0.0010717727762439289	58.29114106360733				
2020-12-17 08:00:00	3600	1.93	1.89	1.89	1.93	1.72	ILP.MI	1.74	1.77	1.74	1.77	2.11	1.69	-1.0	-1.0	-1.0	1	-1.0	-1.0	1.0	-1.0	-1.0	1.0										-1.0			2.26		1.74								-1.0			2.11	-0.01	-0.01	0.07	-0.01	-0.01	0.03	1.94	0.07	0.0	0.0	67.38					1	0.01	0.01	-0.72	0.01	0.01	-0.3	-0.72	0.0	0.0	33.26					0.01	0.01	0.03	0.01	0.01	0.02	0.03	0.0	0.0	140.16					0.01	0.01	-0.03	0.01	0.01	-0.02	-0.03	0.0	0.0	67.76					-0.010000000000000009	-0.010000000000000009	0.09000000000000008	-0.005208333333333259	-0.00519481687710393	0.04663212435233155	0.09000000000000008	0.0011743580048049578	0.0011664207116239833	67.37668423088628				
2020-12-18 08:00:00	1200	1.94	1.9	1.94	1.9	1.69	ILP.MI	1.78	1.78	1.75	1.75	2.11	1.69	-1.0	-1.0	-1.0	1	-1.0	-1.0	1.0	-1.0	-1.0	1.0		1.9								-1.0			2.26										-1.0			2.11	0.03	0.03	0.1	0.02	0.02	0.05	1.94	0.1	0.0	0.0	65.02					1	-0.03	-0.03	-0.75	-0.02	-0.02	-0.32	-0.75	0.0	0.0	4.27					-0.03	-0.03	-0.0	-0.02	-0.02	0.0	-0.0	0.0	0.0	124.58					-0.03	-0.03	-0.06	-0.02	-0.02	-0.03	-0.06	0.0	0.0	51.5					0.030000000000000027	0.030000000000000027	0.1200000000000001	0.015544041450777257	0.015666116744399463	0.0631578947368423	0.1200000000000001	0.0011028441576095064	0.0010951142401054437	65.01962284019918				
2020-12-21 08:00:00	600	1.94	1.94	1.94	1.94	1.73	ILP.MI	1.83	1.83	1.83	1.83	2.11	1.69	-1.0	-1.0	1.0	1	-1.0	-1.0	1.0	-1.0	-1.0	1.0										-1.0			2.26	1.83									-1.0			2.11	-0.04	-0.04	0.06	-0.02	-0.02	0.03	1.94	0.06	0.0	0.0	63.33					1	0.04	0.04	-0.71	0.02	0.02	-0.3	-0.71	0.0	0.0	30.11					0.04	0.04	0.04	0.02	0.02	0.02	0.04	0.0	0.0	139.64					0.04	0.04	-0.02	0.02	0.02	-0.01	-0.02	0.0	0.0	66.57					-0.040000000000000036	-0.040000000000000036	0.08000000000000007	-0.021052631578947434	-0.020834086902842053	0.04123711340206193	0.08000000000000007	0.0010862263355802437	0.001078406889463368	63.333021831075555				
2020-12-22 08:00:00	0	1.94	1.94	1.94	1.94	1.73	ILP.MI	1.8	1.8	1.8	1.8	2.11	1.69	-1.0	-1.0	1.0	1	-1.0	-1.0	1.0	-1.0	-1.0	1.0										-1.0			2.26										-1.0			2.11	-0.0	-0.0	0.06	-0.0	-0.0	0.03	1.94	0.06	0.0	0.0	63.33					1	0.0	0.0	-0.71	0.0	0.0	-0.3	-0.71	0.0	0.0	30.11					0.0	0.0	0.04	0.0	0.0	0.02	0.04	0.0	0.0	139.64					0.0	0.0	-0.02	0.0	0.0	-0.01	-0.02	0.0	0.0	66.57					-0.0	-0.0	0.08000000000000007	-0.0	-0.0	0.04123711340206193	0.08000000000000007	0.0010862263355802437	0.001078406889463368	63.333021831075555				
2020-12-23 08:00:00	2400	1.94	1.93	1.93	1.94	1.73	ILP.MI	1.76	1.77	1.76	1.77	2.11	1.69	-1.0	-1.0	1.0	1	-1.0	-1.0	1.0	-1.0	-1.0	1.0										-1.0			2.26		1.76								-1.0			2.11	-0.0	-0.0	0.06	-0.0	-0.0	0.03	1.94	0.06	0.0	0.0	63.33					1	0.0	0.0	-0.71	0.0	0.0	-0.3	-0.71	0.0	0.0	30.11					0.0	0.0	0.04	0.0	0.0	0.02	0.04	0.0	0.0	139.64					0.0	0.0	-0.02	0.0	0.0	-0.01	-0.02	0.0	0.0	66.57					-0.0	-0.0	0.08000000000000007	-0.0	-0.0	0.04123711340206193	0.08000000000000007	0.0010862263355802437	0.001078406889463368	63.333021831075555				
2020-12-28 08:00:00	10200	1.98	1.94	1.95	1.98	1.77	ILP.MI	1.77	1.8	1.76	1.8	2.11	1.69	-1.0	-1.0	1.0	1	-1.0	-1.0	1.0	-1.0	-1.0	1.0										-1.0			2.26										-1.0			2.11	-0.04	-0.04	0.02	-0.02	-0.02	0.01	1.98	0.02	0.0	0.0	51.76					1	0.04	0.04	-0.67	0.02	0.02	-0.29	-0.67	0.0	0.0	40.93					0.04	0.04	0.08	0.02	0.02	0.04	0.08	0.0	0.0	142.07					0.04	0.04	0.02	0.02	0.02	0.01	0.02	0.0	0.0	71.01					-0.040000000000000036	-0.040000000000000036	0.040000000000000036	-0.020618556701030855	-0.020408871631207033	0.020202020202020332	0.040000000000000036	0.0009298672432580893	0.0009215526425987441	51.760555962878044				
2020-12-29 08:00:00	6000	2.08	1.94	2.0	2.08	1.85	ILP.MI	1.82	1.89	1.76	1.89	2.11	1.69	-1.0	-1.0	1.0	1	-1.0	-1.0	1.0	-1.0	-1.0	1.0										-1.0			2.26										-1.0			2.11	-0.1	-0.1	-0.08	-0.05	-0.05	-0.04	2.08	-0.08	0.0	0.0	14.86					1	0.1	0.1	-0.57	0.05	0.05	-0.25	-0.57	0.0	0.0	32.23					0.1	0.1	0.18	0.05	0.05	0.1	0.18	0.0	0.0	190.38					0.1	0.1	0.12	0.05	0.05	0.06	0.12	0.0	0.0	67.42					-0.10000000000000009	-0.10000000000000009	-0.06000000000000005	-0.05050505050505061	-0.049271049006782835	-0.028846153846153855	-0.06000000000000005	0.0002471011232317395	0.00023901202830090007	14.856414637753431				
2020-12-30 08:00:00	152400	2.28	2.0	2.2	2.06	1.84	ILP.MI	2.0	2.07	1.82	1.87	2.11	1.69	-1.0	1.0	1.0	1	-1.0	-1.0	1.0	-1.0	-1.0	1.0	2.28		2.28							-1.0			2.26	2.07		2.07		2.07					-1.0			2.11	0.02	0.02	-0.06	0.01	0.01	-0.03	2.28	-0.06	0.0	0.0	40.59					1	-0.02	-0.02	-0.59	-0.01	-0.01	-0.26	-0.59	0.0	0.0	51.99					-0.02	-0.02	0.16	-0.01	-0.01	0.09	0.16	0.0	0.0	172.49					-0.02	-0.02	0.1	-0.01	-0.01	0.05	0.1	0.0	0.0	85.72					0.020000000000000018	0.020000000000000018	-0.040000000000000036	0.009615384615384581	0.009661910911736859	-0.01941747572815533	-0.040000000000000036	0.000610445341340449	0.0006034012312128301	40.58928647629142				
2021-01-04 08:00:00	10200	2.08	2.02	2.08	2.02	1.8	ILP.MI	1.88	1.88	1.83	1.83	2.11	1.69	-1.0	1.0	1.0	1	-1.0	-1.0	1.0	-1.0	-1.0	1.0										-1.0			2.26		1.83								-1.0			2.11	0.04	0.04	-0.02	0.02	0.02	-0.01	2.28	-0.02	0.0	0.0	46.28					1	-0.04	-0.04	-0.63	-0.02	-0.02	-0.27	-0.63	0.0	0.0	37.01					-0.04	-0.04	0.12	-0.02	-0.02	0.06	0.12	0.0	0.0	155.28					-0.04	-0.04	0.06	-0.02	-0.02	0.03	0.06	0.0	0.0	73.14					0.040000000000000036	0.040000000000000036	0.0	0.01941747572815533	0.019608471388376313	0.0	0.0	0.0007359395582260573	0.0007285382462529633	46.283263627613394				
2021-01-05 08:00:00	2400	2.06	2.02	2.02	2.04	1.82	ILP.MI	1.84	1.88	1.84	1.86	2.11	1.69	-1.0	1.0	1.0	1	-1.0	-1.0	1.0	-1.0	-1.0	1.0										-1.0			2.26	1.88									-1.0			2.11	-0.02	-0.02	-0.04	-0.01	-0.01	-0.02	2.28	-0.04	0.0	0.0	38.1					1	0.02	0.02	-0.61	0.01	0.01	-0.27	-0.61	0.0	0.0	42.48					0.02	0.02	0.14	0.01	0.01	0.07	0.14	0.0	0.0	156.48					0.02	0.02	0.08	0.01	0.01	0.04	0.08	0.0	0.0	75.37					-0.020000000000000018	-0.020000000000000018	-0.020000000000000018	-0.00990099009900991	-0.00985229644301164	-0.009803921568627527	-0.020000000000000018	0.000619362135604118	0.0006116885996763077	38.0970958618047				
2021-01-06 08:00:00	1200	2.06	2.02	2.06	2.02	1.8	ILP.MI	1.83	1.83	1.8	1.8	2.11	1.69	-1.0	1.0	1.0	1	-1.0	-1.0	1.0	-1.0	-1.0	1.0		2.02								-1.0			2.26										-1.0			2.11	0.02	0.02	-0.02	0.01	0.01	-0.01	2.28	-0.02	0.0	0.0	40.8					1	-0.02	-0.02	-0.63	-0.01	-0.01	-0.27	-0.63	0.0	0.0	32.13					-0.02	-0.02	0.12	-0.01	-0.01	0.06	0.12	0.0	0.0	146.0					-0.02	-0.02	0.06	-0.01	-0.01	0.03	0.06	0.0	0.0	66.97					0.020000000000000018	0.020000000000000018	0.0	0.009803921568627416	0.009852296443011594	-1.1102230246251565e-16	0.0	0.000681431603195091	0.0006735708679517227	40.80457579486098				
2021-01-07 08:00:00	6000	2.04	2.02	2.04	2.02	1.8	ILP.MI	1.81	1.81	1.79	1.79	2.11	1.69	-1.0	1.0	1.0	1	-1.0	-1.0	1.0	-1.0	-1.0	1.0										-1.0			2.26		1.79								-1.0			2.11	-0.0	-0.0	-0.02	-0.0	-0.0	-0.01	2.28	-0.02	0.0	0.0	50.96					1	0.0	0.0	-0.63	0.0	0.0	-0.27	-0.63	0.0	0.0	44.89					0.0	0.0	0.12	0.0	0.0	0.06	0.12	0.0	0.0	143.95					0.0	0.0	0.06	0.0	0.0	0.03	0.06	0.0	0.0	77.6					-0.0	-0.0	0.0	-0.0	-0.0	-1.1102230246251565e-16	0.0	0.0008208216273677274	0.0008133507283032415	50.957394411406966				
2021-01-08 08:00:00	19200	2.1	2.02	2.04	2.04	1.82	ILP.MI	1.81	1.86	1.79	1.81	2.11	1.69	-1.0	1.0	1.0	1	-1.0	-1.0	1.0	-1.0	-1.0	1.0	2.1									-1.0			2.26	1.86									-1.0			2.11	-0.02	-0.02	-0.04	-0.01	-0.01	-0.02	2.28	-0.04	0.0	0.0	42.72					1	0.02	0.02	-0.61	0.01	0.01	-0.27	-0.61	0.0	0.0	49.93					0.02	0.02	0.14	0.01	0.01	0.07	0.14	0.0	0.0	145.24					0.02	0.02	0.08	0.01	0.01	0.04	0.08	0.0	0.0	79.72					-0.020000000000000018	-0.020000000000000018	-0.020000000000000018	-0.00990099009900991	-0.00985229644301164	-0.009803921568627527	-0.020000000000000018	0.0007038652909877755	0.0006961204951863031	42.7247963579497				
2021-01-11 08:00:00	6600	2.08	2.0	2.08	2.02	1.8	ILP.MI	1.85	1.85	1.78	1.8	2.11	1.69	-1.0	1.0	1.0	1	-1.0	-1.0	1.0	-1.0	-1.0	1.0										-1.0			2.26										-1.0			2.11	0.02	0.02	-0.02	0.01	0.01	-0.01	2.28	-0.02	0.0	0.0	42.53					1	-0.02	-0.02	-0.63	-0.01	-0.01	-0.27	-0.63	0.0	0.0	34.0					-0.02	-0.02	0.12	-0.01	-0.01	0.06	0.12	0.0	0.0	145.63					-0.02	-0.02	0.06	-0.01	-0.01	0.03	0.06	0.0	0.0	68.9					0.020000000000000018	0.020000000000000018	0.0	0.009803921568627416	0.009852296443011594	-1.1102230246251565e-16	0.0	0.0006992674697963656	0.000691536514642932	42.52916800852108				
2021-01-12 08:00:00	42000	2.0	1.99	1.99	2.0	1.78	ILP.MI	1.78	1.79	1.78	1.79	2.11	1.69	-1.0	1.0	1.0	1	-1.0	-1.0	1.0	-1.0	-1.0	1.0		1.99								-1.0			2.26		1.78		1.78						-1.0			2.11	0.02	0.02	0.0	0.01	0.01	-0.0	2.28	0.0	0.0	0.0	37.74					1	-0.02	-0.02	-0.65	-0.01	-0.01	-0.28	-0.65	0.0	0.0	6.27					-0.02	-0.02	0.1	-0.01	-0.01	0.05	0.1	0.0	0.0	155.34					-0.02	-0.02	0.04	-0.01	-0.01	0.02	0.04	0.0	0.0	53.74					0.020000000000000018	0.020000000000000018	0.020000000000000018	0.00990099009900991	0.009950330853168092	0.009999999999999787	0.020000000000000018	0.0005921329512435971	0.0005847210072580378	37.742531192086744				
2021-01-13 08:00:00	2400	2.04	1.97	2.0	2.04	1.82	ILP.MI	1.78	1.81	1.75	1.81	2.11	1.69	-1.0	1.0	1.0	1	-1.0	-1.0	1.0	-1.0	-1.0	1.0										-1.0			2.26										-1.0			2.11	-0.04	-0.04	-0.04	-0.02	-0.02	-0.02	2.28	-0.04	0.0	0.0	26.67					1	0.04	0.04	-0.61	0.02	0.02	-0.27	-0.61	0.0	0.0	19.5					0.04	0.04	0.14	0.02	0.02	0.07	0.14	0.0	0.0	157.75					0.04	0.04	0.08	0.02	0.02	0.04	0.08	0.0	0.0	58.87					-0.040000000000000036	-0.040000000000000036	-0.020000000000000018	-0.020000000000000018	-0.01980262729617973	-0.009803921568627638	-0.020000000000000018	0.0004371684275352929	0.00042929952931558546	26.672762784577444				
2021-01-14 08:00:00	0	2.04	2.04	2.04	2.04	1.82	ILP.MI	1.82	1.82	1.82	1.82	2.11	1.69	-1.0	1.0	1.0	1	-1.0	-1.0	1.0	-1.0	-1.0	1.0	2.04									-1.0			2.26										-1.0			2.11	-0.0	-0.0	-0.04	-0.0	-0.0	-0.02	2.28	-0.04	0.0	0.0	26.67					1	0.0	0.0	-0.61	0.0	0.0	-0.27	-0.61	0.0	0.0	19.5					0.0	0.0	0.14	0.0	0.0	0.07	0.14	0.0	0.0	157.75					0.0	0.0	0.08	0.0	0.0	0.04	0.08	0.0	0.0	58.87					-0.0	-0.0	-0.020000000000000018	-0.0	-0.0	-0.009803921568627638	-0.020000000000000018	0.0004371684275352929	0.00042929952931558546	26.672762784577444				
2021-01-15 08:00:00	0	2.04	2.04	2.04	2.04	1.82	ILP.MI	1.84	1.84	1.84	1.84	2.11	1.69	-1.0	1.0	1.0	1	-1.0	-1.0	1.0	-1.0	-1.0	1.0										-1.0			2.26	1.84									-1.0			2.11	-0.0	-0.0	-0.04	-0.0	-0.0	-0.02	2.28	-0.04	0.0	0.0	26.67					1	0.0	0.0	-0.61	0.0	0.0	-0.27	-0.61	0.0	0.0	19.5					0.0	0.0	0.14	0.0	0.0	0.07	0.14	0.0	0.0	157.75					0.0	0.0	0.08	0.0	0.0	0.04	0.08	0.0	0.0	58.87					-0.0	-0.0	-0.020000000000000018	-0.0	-0.0	-0.009803921568627638	-0.020000000000000018	0.0004371684275352929	0.00042929952931558546	26.672762784577444				
2021-01-18 08:00:00	5400	2.04	1.99	1.99	2.04	1.82	ILP.MI	1.79	1.83	1.79	1.83	2.11	1.69	-1.0	1.0	1.0	1	-1.0	-1.0	1.0	-1.0	-1.0	1.0		1.99								-1.0			2.26		1.79								-1.0			2.11	-0.0	-0.0	-0.04	-0.0	-0.0	-0.02	2.28	-0.04	0.0	0.0	36.61					1	0.0	0.0	-0.61	0.0	0.0	-0.27	-0.61	0.0	0.0	32.33					0.0	0.0	0.14	0.0	0.0	0.07	0.14	0.0	0.0	155.78					0.0	0.0	0.08	0.0	0.0	0.04	0.08	0.0	0.0	69.48					-0.0	-0.0	-0.020000000000000018	-0.0	-0.0	-0.009803921568627638	-0.020000000000000018	0.0005790271574733195	0.0005715490530688871	36.61440197134351				
2021-01-19 08:00:00	2400	2.04	2.04	2.04	2.04	1.82	ILP.MI	1.84	1.84	1.84	1.84	2.11	1.69	-1.0	1.0	1.0	1	-1.0	-1.0	1.0	-1.0	-1.0	1.0	2.04									-1.0			2.26	1.84									-1.0			2.11	-0.0	-0.0	-0.04	-0.0	-0.0	-0.02	2.28	-0.04	0.0	0.0	33.32					1	0.0	0.0	-0.61	0.0	0.0	-0.27	-0.61	0.0	0.0	25.63					0.0	0.0	0.14	0.0	0.0	0.07	0.14	0.0	0.0	167.6					0.0	0.0	0.08	0.0	0.0	0.04	0.08	0.0	0.0	66.83					-0.0	-0.0	-0.020000000000000018	-0.0	-0.0	-0.009803921568627638	-0.020000000000000018	0.0005109183860167608	0.000503640498846103	33.32485523621639				
2021-01-20 08:00:00	7800	2.04	2.0	2.0	2.04	1.82	ILP.MI	1.78	1.82	1.78	1.82	2.11	1.69	-1.0	1.0	1.0	1	-1.0	-1.0	1.0	-1.0	-1.0	1.0										-1.0			2.26										-1.0			2.11	-0.0	-0.0	-0.04	-0.0	-0.0	-0.02	2.28	-0.04	0.0	0.0	33.32					1	0.0	0.0	-0.61	0.0	0.0	-0.27	-0.61	0.0	0.0	25.63					0.0	0.0	0.14	0.0	0.0	0.07	0.14	0.0	0.0	167.6					0.0	0.0	0.08	0.0	0.0	0.04	0.08	0.0	0.0	66.83					-0.0	-0.0	-0.020000000000000018	-0.0	-0.0	-0.009803921568627638	-0.020000000000000018	0.0005109183860167608	0.000503640498846103	33.32485523621639				
2021-01-21 08:00:00	4800	2.0	1.99	2.0	2.0	1.78	ILP.MI	1.8	1.8	1.79	1.8	2.11	1.69	-1.0	1.0	1.0	1	-1.0	-1.0	1.0	-1.0	-1.0	1.0										-1.0			2.26		1.79								-1.0			2.11	0.04	0.04	0.0	0.02	0.02	-0.0	2.28	0.0	0.0	0.0	45.96					1	-0.04	-0.04	-0.65	-0.02	-0.02	-0.28	-0.65	0.0	0.0	20.2					-0.04	-0.04	0.1	-0.02	-0.02	0.05	0.1	0.0	0.0	149.85					-0.04	-0.04	0.04	-0.02	-0.02	0.02	0.04	0.0	0.0	61.8					0.040000000000000036	0.040000000000000036	0.020000000000000018	0.019607843137254943	0.019802627296179754	0.009999999999999787	0.020000000000000018	0.0007361551026167715	0.0007286978533336264	45.95549670273674				
2021-01-22 08:00:00	10200	2.0	1.95	1.98	1.96	1.75	ILP.MI	1.81	1.83	1.78	1.79	2.11	1.69	-1.0	1.0	1.0	1	-1.0	-1.0	1.0	-1.0	-1.0	1.0		1.95								-1.0			2.26										-1.0			2.11	0.04	0.04	0.04	0.02	0.02	0.02	2.28	0.04	0.0	0.0	51.18					1	-0.04	-0.04	-0.69	-0.02	-0.02	-0.29	-0.69	0.0	0.0	6.3					-0.04	-0.04	0.06	-0.02	-0.02	0.03	0.06	0.0	0.0	134.09					-0.04	-0.04	0.0	-0.02	-0.02	-0.0	0.0	0.0	0.0	50.32					0.040000000000000036	0.040000000000000036	0.06000000000000005	0.020000000000000018	0.020202707317519466	0.030612244897959107	0.06000000000000005	0.0008654524294488962	0.0008576165443117123	51.179822764275215				
2021-01-25 08:00:00	7800	2.02	1.97	1.99	1.97	1.76	ILP.MI	1.85	1.88	1.83	1.83	2.11	1.69	-1.0	1.0	1.0	1	-1.0	-1.0	1.0	-1.0	-1.0	1.0	2.02									-1.0			2.26	1.88		1.88							-1.0			2.11	-0.01	-0.01	0.03	-0.01	-0.01	0.01	2.28	0.03	0.0	0.0	44.68					1	0.01	0.01	-0.68	0.01	0.01	-0.29	-0.68	0.0	0.0	9.64					0.01	0.01	0.07	0.01	0.01	0.04	0.07	0.0	0.0	134.76					0.01	0.01	0.01	0.01	0.01	0.0	0.01	0.0	0.0	51.62					-0.010000000000000009	-0.010000000000000009	0.050000000000000044	-0.005102040816326481	-0.005089069507471228	0.025380710659898442	0.050000000000000044	0.0007641766865419772	0.0007561508016407092	44.67531335032923				
2021-01-26 08:00:00	5400	2.0	1.95	1.98	1.98	1.77	ILP.MI	1.82	1.84	1.79	1.82	2.11	1.69	-1.0	1.0	1.0	1	-1.0	-1.0	1.0	-1.0	-1.0	1.0		1.95		1.95						-1.0			2.26		1.79								-1.0			2.11	-0.01	-0.01	0.02	-0.01	-0.01	0.01	2.28	0.02	0.0	0.0	44.78					1	0.01	0.01	-0.67	0.01	0.01	-0.29	-0.67	0.0	0.0	21.27					0.01	0.01	0.08	0.01	0.01	0.04	0.08	0.0	0.0	134.72					0.01	0.01	0.02	0.01	0.01	0.01	0.02	0.0	0.0	59.44					-0.010000000000000009	-0.010000000000000009	0.040000000000000036	-0.0050761421319796	-0.0050633019565466345	0.020202020202020332	0.040000000000000036	0.0007653886092517973	0.0007573690754203444	44.7790362573232				
2021-01-27 08:00:00	0	1.98	1.98	1.98	1.98	1.77	ILP.MI	1.85	1.85	1.85	1.85	2.11	1.69	-1.0	1.0	1.0	1	-1.0	-1.0	1.0	-1.0	-1.0	1.0										-1.0			2.26	1.85									-1.0			2.11	-0.0	-0.0	0.02	-0.0	-0.0	0.01	2.28	0.02	0.0	0.0	70.86					1	0.0	0.0	-0.67	0.0	0.0	-0.29	-0.67	0.0	0.0	50.76					0.0	0.0	0.08	0.0	0.0	0.04	0.08	0.0	0.0	126.1					0.0	0.0	0.02	0.0	0.0	0.01	0.02	0.0	0.0	85.44					-0.0	-0.0	0.040000000000000036	-0.0	-0.0	0.020202020202020332	0.040000000000000036	0.0010551563453532206	0.0010482920940673157	70.86370419710336				
2021-01-28 08:00:00	3600	2.02	1.96	2.02	1.99	1.77	ILP.MI	1.86	1.86	1.81	1.84	2.11	1.69	-1.0	1.0	1.0	1	-1.0	-1.0	1.0	-1.0	-1.0	1.0	2.02									-1.0			2.26		1.81								-1.0			2.11	-0.01	-0.01	0.01	-0.01	-0.01	0.0	2.28	0.01	0.0	0.0	58.15					1	0.01	0.01	-0.66	0.01	0.01	-0.28	-0.66	0.0	0.0	53.59					0.01	0.01	0.09	0.01	0.01	0.05	0.09	0.0	0.0	143.16					0.01	0.01	0.03	0.01	0.01	0.01	0.03	0.0	0.0	81.7					-0.010000000000000009	-0.010000000000000009	0.030000000000000027	-0.005050505050504972	-0.005037794029957081	0.015075376884422287	0.030000000000000027	0.0008301045739841197	0.000823434969818404	58.147044919792165				
2021-01-29 08:00:00	3000	1.99	1.96	1.97	1.99	1.77	ILP.MI	1.85	1.86	1.84	1.86	2.11	1.69	-1.0	1.0	1.0	1	-1.0	-1.0	1.0	-1.0	-1.0	1.0										-1.0			2.26	1.86									-1.0			2.11	-0.0	-0.0	0.01	-0.0	-0.0	0.0	2.1	0.01	0.0	0.0	58.15					1	0.0	0.0	-0.66	0.0	0.0	-0.28	-0.66	0.0	0.0	53.59					0.0	0.0	0.09	0.0	0.0	0.05	0.09	0.0	0.0	143.16					0.0	0.0	0.03	0.0	0.0	0.01	0.03	0.0	0.0	81.7					-0.0	-0.0	0.030000000000000027	-0.0	-0.0	0.015075376884422287	0.030000000000000027	0.0008301045739841197	0.000823434969818404	58.147044919792165				
2021-02-01 08:00:00	4200	1.99	1.95	1.98	1.98	1.77	ILP.MI	1.83	1.84	1.81	1.83	2.11	1.69	-1.0	1.0	1.0	0	-1.0	-1.0	1.0	-1.0	-1.0	1.0		1.95								-1.0			2.26										-1.0			2.11	0.01	0.01	0.02	0.01	0.01	0.01	2.1	0.02	0.0	0.0	69.18					1	-0.01	-0.01	-0.67	-0.01	-0.01	-0.29	-0.67	0.0	0.0	44.47					-0.01	-0.01	0.08	-0.01	-0.01	0.04	0.08	0.0	0.0	133.3					-0.01	-0.01	0.02	-0.01	-0.01	0.01	0.02	0.0	0.0	71.57					0.010000000000000009	0.010000000000000009	0.040000000000000036	0.005025125628140725	0.005037794029957181	0.020202020202020332	0.040000000000000036	0.0009750892444771429	0.0009685888269508336	69.18023323190911				
2021-02-02 08:00:00	3000	1.98	1.98	1.98	1.98	1.77	ILP.MI	1.81	1.81	1.81	1.81	2.1	1.69	-1.0	1.0	1.0	0	-1.0	-1.0	1.0	-1.0	-1.0	1.0										-1.0			2.26										-1.0			2.11	-0.0	-0.0	0.02	-0.0	-0.0	0.01	2.1	0.02	0.0	0.0	79.15					1	0.0	0.0	-0.67	0.0	0.0	-0.29	-0.67	0.0	0.0	44.47					0.0	0.0	0.08	0.0	0.0	0.04	0.08	0.0	0.0	131.44					0.0	0.0	0.02	0.0	0.0	0.01	0.02	0.0	0.0	68.66					-0.0	-0.0	0.040000000000000036	-0.0	-0.0	0.020202020202020332	0.040000000000000036	0.0010859057404534948	0.0010796605726075548	79.15039179946231				
2021-02-03 08:00:00	1800	2.02	1.96	1.96	2.02	1.8	ILP.MI	1.76	1.81	1.76	1.81	2.1	1.69	-1.0	1.0	1.0	0	-1.0	-1.0	1.0	-1.0	-1.0	1.0	2.02									-1.0			2.26										-1.0			2.11	-0.04	-0.04	-0.02	-0.02	-0.02	-0.01	2.1	-0.02	0.0	0.0	54.34					1	0.0	0.0	-0.67	0.0	0.0	-0.29	-0.67	0.0	0.0	68.97					0.04	0.04	0.12	0.02	0.02	0.06	0.12	0.0	0.0	162.49					0.04	0.04	0.06	0.02	0.02	0.03	0.06	0.0	0.0	95.72					-0.040000000000000036	-0.040000000000000036	0.0	-0.02020202020202011	-0.020000666706669435	2.220446049250313e-16	0.0	0.000708272054864388	0.0007022190160390629	54.34177029371787				
2021-02-04 08:00:00	1800	1.99	1.96	1.96	1.99	1.77	ILP.MI	1.73	1.76	1.73	1.76	2.1	1.69	-1.0	1.0	-1.0	0	-1.0	-1.0	1.0	-1.0	-1.0	1.0		1.96								-1.0			2.26		1.73								-1.0			2.11	0.03	0.03	0.01	0.01	0.01	0.0	2.1	0.01	0.0	0.0	57.42					1	-0.0	-0.0	-0.67	-0.0	-0.0	-0.29	-0.67	0.0	0.0	78.98					-0.03	-0.03	0.09	-0.01	-0.01	0.05	0.09	0.0	0.0	156.07					-0.03	-0.03	0.03	-0.01	-0.01	0.01	0.03	0.0	0.0	91.08					0.030000000000000027	0.030000000000000027	0.030000000000000027	0.014851485148514865	0.014962872676712377	0.015075376884422287	0.030000000000000027	0.0007702612745499465	0.0007640456114366145	57.42111137815067				
2021-02-05 08:00:00	24600	2.06	1.97	1.99	2.06	1.84	ILP.MI	1.74	1.8	1.72	1.8	2.1	1.69	-1.0	1.0	-1.0	0	-1.0	-1.0	1.0	-1.0	-1.0	1.0										-1.0			2.26	1.8			1.72						-1.0			2.11	-0.07	-0.07	-0.06	-0.04	-0.03	-0.03	2.08	-0.06	0.0	0.0	38.98					1	0.0	0.0	-0.67	0.0	0.0	-0.29	-0.67	0.0	0.0	78.98					0.07	0.07	0.16	0.04	0.03	0.09	0.16	0.0	0.0	161.22					0.07	0.07	0.1	0.04	0.03	0.05	0.1	0.0	0.0	99.03					-0.07000000000000006	-0.07000000000000006	-0.040000000000000036	-0.035175879396984966	-0.03457134406508872	-0.01941747572815511	-0.040000000000000036	0.0005689151355895326	0.0005620194485069785	38.98159381357999				
2021-02-08 08:00:00	6600	2.1	2.0	2.08	2.0	1.78	ILP.MI	1.79	1.81	1.73	1.73	2.1	1.69	-1.0	1.0	-1.0	1	-1.0	-1.0	1.0	-1.0	-1.0	1.0										-1.0			2.26		1.73								-1.0			2.11	0.06	0.06	0.0	0.03	0.03	-0.0	2.1	0.0	0.0	0.0	43.12					1	-0.0	-0.0	-0.67	-0.0	-0.0	-0.29	-0.67	0.0	0.0	95.63					-0.06	-0.06	0.1	-0.03	-0.03	0.05	0.1	0.0	0.0	152.83					-0.06	-0.06	0.04	-0.03	-0.03	0.02	0.04	0.0	0.0	92.91					0.06000000000000005	0.06000000000000005	0.020000000000000018	0.029126213592232997	0.02955880224154439	0.010000000000000231	0.020000000000000018	0.0006543334392286836	0.0006471928559372842	43.12174477886637				
2021-02-09 08:00:00	4200	2.1	2.04	2.06	2.1	1.87	ILP.MI	1.79	1.82	1.77	1.82	2.1	1.69	-1.0	1.0	-1.0	1	-1.0	-1.0	1.0	-1.0	-1.0	1.0	2.1									-1.0			2.26	1.82		1.82							-1.0			2.11	-0.1	-0.1	-0.1	-0.05	-0.05	-0.05	2.1	-0.1	0.0	0.0	32.62					1	0.1	0.1	-0.57	0.05	0.05	-0.25	-0.57	0.0	0.0	110.29					0.1	0.1	0.2	0.05	0.05	0.11	0.2	0.0	0.0	156.99					0.1	0.1	0.14	0.05	0.05	0.07	0.14	0.0	0.0	99.24					-0.10000000000000009	-0.10000000000000009	-0.08000000000000007	-0.050000000000000044	-0.04879016416943205	-0.03809523809523796	-0.08000000000000007	0.0005330110947836173	0.000525258112665572	32.62413510386122				
2021-02-10 08:00:00	12000	2.06	2.06	2.06	2.06	1.84	ILP.MI	1.79	1.79	1.79	1.79	2.1	1.69	-1.0	1.0	-1.0	1	-1.0	-1.0	1.0	-1.0	-1.0	1.0		2.06	2.06							-1.0			2.26		1.79								-1.0			2.11	0.04	0.04	-0.06	0.02	0.02	-0.03	2.1	-0.06	0.0	0.0	37.98					1	-0.04	-0.04	-0.61	-0.02	-0.02	-0.27	-0.61	0.0	0.0	92.4					-0.04	-0.04	0.16	-0.02	-0.02	0.09	0.16	0.0	0.0	141.29					-0.04	-0.04	0.1	-0.02	-0.02	0.05	0.1	0.0	0.0	86.44					0.040000000000000036	0.040000000000000036	-0.040000000000000036	0.01904761904761909	0.019231361927887644	-0.01941747572815511	-0.040000000000000036	0.0006541686749293098	0.0006460463085440349	37.981921017810706				
2021-02-11 08:00:00	600	2.08	2.08	2.08	2.08	1.85	ILP.MI	1.8	1.8	1.8	1.8	2.1	1.69	-1.0	1.0	-1.0	1	-1.0	-1.0	1.0	-1.0	-1.0	1.0										-1.0			2.26	1.8									-1.0			2.11	-0.02	-0.02	-0.08	-0.01	-0.01	-0.04	2.1	-0.08	0.0	0.0	30.37					1	0.02	0.02	-0.59	0.01	0.01	-0.26	-0.59	0.0	0.0	96.18					0.02	0.02	0.18	0.01	0.01	0.1	0.18	0.0	0.0	142.45					0.02	0.02	0.12	0.01	0.01	0.06	0.12	0.0	0.0	88.17					-0.020000000000000018	-0.020000000000000018	-0.06000000000000005	-0.009708737864077666	-0.00966191091173689	-0.028846153846153633	-0.06000000000000005	0.0005340061485740171	0.0005256052571676051	30.367690971026633				
2021-02-12 08:00:00	1200	2.1	2.06	2.06	2.1	1.87	ILP.MI	1.78	1.81	1.78	1.81	2.1	1.69	-1.0	1.0	-1.0	1	-1.0	-1.0	1.0	-1.0	-1.0	1.0	2.1									-1.0			2.26										-1.0			2.11	-0.02	-0.02	-0.1	-0.01	-0.01	-0.05	2.1	-0.1	0.0	0.0	16.66					1	0.02	0.02	-0.57	0.01	0.01	-0.25	-0.57	0.0	0.0	118.66					0.02	0.02	0.2	0.01	0.01	0.11	0.2	0.0	0.0	160.46					0.02	0.02	0.14	0.01	0.01	0.07	0.14	0.0	0.0	103.45					-0.020000000000000018	-0.020000000000000018	-0.08000000000000007	-0.009615384615384581	-0.009569451016150672	-0.03809523809523785	-0.08000000000000007	0.0002817855747431267	0.00027353759744985773	16.656980692908604				
2021-02-15 08:00:00	3600	2.08	2.04	2.08	2.06	1.84	ILP.MI	1.78	1.78	1.75	1.76	2.1	1.69	-1.0	1.0	-1.0	1	-1.0	-1.0	1.0	-1.0	-1.0	1.0										-1.0			2.26		1.75								-1.0			2.11	0.04	0.04	-0.06	0.02	0.02	-0.03	2.1	-0.06	0.0	0.0	30.11					1	-0.04	-0.04	-0.61	-0.02	-0.02	-0.27	-0.61	0.0	0.0	100.87					-0.04	-0.04	0.16	-0.02	-0.02	0.09	0.16	0.0	0.0	143.46					-0.04	-0.04	0.1	-0.02	-0.02	0.05	0.1	0.0	0.0	88.82					0.040000000000000036	0.040000000000000036	-0.040000000000000036	0.01904761904761909	0.019231361927887644	-0.019417475728154998	-0.040000000000000036	0.0005251119095311745	0.0005167774000158776	30.11108660134144				
2021-02-16 08:00:00	7800	2.08	2.04	2.06	2.04	1.82	ILP.MI	1.78	1.79	1.76	1.76	2.1	1.69	-1.0	1.0	-1.0	1	-1.0	-1.0	1.0	-1.0	-1.0	1.0										-1.0			2.26										-1.0			2.11	0.02	0.02	-0.04	0.01	0.01	-0.02	2.1	-0.04	0.0	0.0	32.72					1	-0.02	-0.02	-0.63	-0.01	-0.01	-0.27	-0.63	0.0	0.0	89.32					-0.02	-0.02	0.14	-0.01	-0.01	0.07	0.14	0.0	0.0	133.62					-0.02	-0.02	0.08	-0.01	-0.01	0.04	0.08	0.0	0.0	80.35					0.020000000000000018	0.020000000000000018	-0.020000000000000018	0.009708737864077666	0.009756174945364685	-0.009803921568627194	-0.020000000000000018	0.0005856001941924357	0.0005770715246979918	32.72148437576104				
2021-02-17 08:00:00	7800	2.08	2.0	2.06	2.04	1.82	ILP.MI	1.8	1.81	1.74	1.78	2.1	1.69	-1.0	1.0	-1.0	1	-1.0	-1.0	1.0	-1.0	-1.0	1.0										-1.0			2.26										-1.0			2.11	-0.0	-0.0	-0.04	-0.0	-0.0	-0.02	2.1	-0.04	0.0	0.0	42.2					1	0.0	0.0	-0.63	0.0	0.0	-0.27	-0.63	0.0	0.0	89.32					0.0	0.0	0.14	0.0	0.0	0.07	0.14	0.0	0.0	131.6					0.0	0.0	0.08	0.0	0.0	0.04	0.08	0.0	0.0	77.34					-0.0	-0.0	-0.020000000000000018	-0.0	-0.0	-0.009803921568627194	-0.020000000000000018	0.000729542135419312	0.0007214172751142112	42.19713216211068				
2021-02-18 08:00:00	1800	2.06	2.0	2.0	2.06	1.84	ILP.MI	1.76	1.82	1.76	1.82	2.07	1.69	-1.0	1.0	-1.0	1	-1.0	-1.0	1.0	-1.0	-1.0	1.0										-1.0			2.26	1.82									-1.0			2.11	-0.02	-0.02	-0.06	-0.01	-0.01	-0.03	2.1	-0.06	0.0	0.0	34.48					1	0.02	0.02	-0.61	0.01	0.01	-0.27	-0.61	0.0	0.0	92.76					0.02	0.02	0.16	0.01	0.01	0.09	0.16	0.0	0.0	132.85					0.02	0.02	0.1	0.01	0.01	0.05	0.1	0.0	0.0	79.21					-0.020000000000000018	-0.020000000000000018	-0.040000000000000036	-0.009803921568627416	-0.009756174945364656	-0.019417475728154998	-0.040000000000000036	0.0006090054595624676	0.0006006001446769993	34.4823592382771				
2021-02-19 08:00:00	600	2.0	2.0	2.0	2.0	1.78	ILP.MI	1.75	1.75	1.75	1.75	2.07	1.69	-1.0	1.0	-1.0	1	-1.0	-1.0	1.0	-1.0	-1.0	1.0		2.0		2.0						-1.0			2.26		1.75								-1.0			2.11	0.06	0.06	0.0	0.03	0.03	-0.0	2.1	0.0	0.0	0.0	41.64					1	-0.06	-0.06	-0.67	-0.03	-0.03	-0.29	-0.67	0.0	0.0	72.59					-0.06	-0.06	0.1	-0.03	-0.03	0.05	0.1	0.0	0.0	114.52					-0.06	-0.06	0.04	-0.03	-0.03	0.02	0.04	0.0	0.0	64.35					0.06000000000000005	0.06000000000000005	0.020000000000000018	0.029126213592232997	0.02955880224154439	0.010000000000000231	0.020000000000000018	0.0007922700334600428	0.0007832671648226874	41.63528453284995				
2021-02-22 08:00:00	7800	2.06	2.02	2.06	2.06	1.84	ILP.MI	1.81	1.81	1.77	1.81	2.07	1.69	-1.0	1.0	-1.0	1	-1.0	-1.0	1.0	-1.0	-1.0	1.0	2.06									-1.0			2.26	1.81									-1.0			2.11	-0.06	-0.06	-0.06	-0.03	-0.03	-0.03	2.1	-0.06	0.0	0.0	29.12					1	0.06	0.06	-0.61	0.03	0.03	-0.27	-0.61	0.0	0.0	82.06					0.06	0.06	0.16	0.03	0.03	0.09	0.16	0.0	0.0	118.15					0.06	0.06	0.1	0.03	0.03	0.05	0.1	0.0	0.0	69.68					-0.06000000000000005	-0.06000000000000005	-0.040000000000000036	-0.030000000000000027	-0.02955880224154443	-0.01941747572815511	-0.040000000000000036	0.00058959599593487	0.0005798786382196219	29.123552066860455				
2021-02-23 08:00:00	4200	2.06	2.02	2.06	2.02	1.8	ILP.MI	1.82	1.82	1.78	1.78	2.07	1.69	-1.0	1.0	-1.0	1	-1.0	-1.0	1.0	-1.0	-1.0	1.0										-1.0			2.26										-1.0			2.11	0.04	0.04	-0.02	0.02	0.02	-0.01	2.1	-0.02	0.0	0.0	40.53					1	-0.04	-0.04	-0.65	-0.02	-0.02	-0.28	-0.65	0.0	0.0	68.33					-0.04	-0.04	0.12	-0.02	-0.02	0.06	0.12	0.0	0.0	104.56					-0.04	-0.04	0.06	-0.02	-0.02	0.03	0.06	0.0	0.0	57.47					0.040000000000000036	0.040000000000000036	0.0	0.01941747572815533	0.019608471388376313	2.220446049250313e-16	0.0	0.0008413100470458297	0.0008314921532914799	40.528483484770746				
2021-02-24 08:00:00	0	2.02	2.02	2.02	2.02	1.8	ILP.MI	1.77	1.77	1.77	1.77	2.07	1.69	-1.0	1.0	-1.0	1	-1.0	-1.0	1.0	-1.0	-1.0	1.0		2.02								-1.0			2.26		1.77								-1.0			2.11	-0.0	-0.0	-0.02	-0.0	-0.0	-0.01	2.1	-0.02	0.0	0.0	40.53					1	0.0	0.0	-0.65	0.0	0.0	-0.28	-0.65	0.0	0.0	68.33					0.0	0.0	0.12	0.0	0.0	0.06	0.12	0.0	0.0	104.56					0.0	0.0	0.06	0.0	0.0	0.03	0.06	0.0	0.0	57.47					-0.0	-0.0	0.0	-0.0	-0.0	2.220446049250313e-16	0.0	0.0008413100470458297	0.0008314921532914799	40.528483484770746				
2021-02-25 08:00:00	2400	2.04	2.0	2.0	2.04	1.82	ILP.MI	1.75	1.79	1.75	1.79	2.07	1.69	-1.0	1.0	-1.0	1	-1.0	-1.0	1.0	-1.0	-1.0	1.0										-1.0			2.26										-1.0			2.11	-0.02	-0.02	-0.04	-0.01	-0.01	-0.02	2.1	-0.04	0.0	0.0	30.16					1	0.02	0.02	-0.63	0.01	0.01	-0.27	-0.63	0.0	0.0	71.21					0.02	0.02	0.14	0.01	0.01	0.07	0.14	0.0	0.0	116.45					0.02	0.02	0.08	0.01	0.01	0.04	0.08	0.0	0.0	68.35					-0.020000000000000018	-0.020000000000000018	-0.020000000000000018	-0.00990099009900991	-0.00985229644301164	-0.009803921568627194	-0.020000000000000018	0.0006155568072530237	0.0006057698144554813	30.161146999757463				
2021-02-26 08:00:00	0	2.04	2.04	2.04	2.04	1.82	ILP.MI	1.8	1.8	1.8	1.8	2.07	1.69	-1.0	1.0	-1.0	1	-1.0	-1.0	1.0	-1.0	-1.0	1.0										-1.0			2.26										-1.0			2.11	-0.0	-0.0	-0.04	-0.0	-0.0	-0.02	2.1	-0.04	0.0	0.0	28.95					1	0.0	0.0	-0.63	0.0	0.0	-0.27	-0.63	0.0	0.0	71.21					0.0	0.0	0.14	0.0	0.0	0.07	0.14	0.0	0.0	123.17					0.0	0.0	0.08	0.0	0.0	0.04	0.08	0.0	0.0	74.48					-0.0	-0.0	-0.020000000000000018	-0.0	-0.0	-0.009803921568627194	-0.020000000000000018	0.000583195988651895	0.000573522943871474	28.945376196810656				
2021-03-01 08:00:00	136800	2.3	2.06	2.06	2.18	1.94	ILP.MI	1.79	2.0	1.79	1.89	2.07	1.69	-1.0	1.0	1.0	1	-1.0	-1.0	1.0	-1.0	-1.0	1.0	2.3		2.3							-1.0			2.26	2.0		2.0							-1.0			2.11	-0.14	-0.14	-0.18	-0.07	-0.07	-0.09	2.3	-0.18	0.0	0.0	9.95					1	0.14	0.14	-0.49	0.07	0.07	-0.22	-0.49	0.0	0.0	86.85					0.14	0.14	0.28	0.07	0.07	0.15	0.28	0.0	0.0	129.71					0.14	0.14	0.22	0.07	0.07	0.11	0.22	0.0	0.0	83.95					-0.14000000000000012	-0.14000000000000012	-0.16000000000000014	-0.06862745098039214	-0.06637506894487259	-0.07339449541284371	-0.16000000000000014	0.0002275515179884749	0.00021629945550460938	9.950325364792022				
2021-03-02 08:00:00	10200	2.18	2.1	2.18	2.16	1.93	ILP.MI	1.91	1.91	1.84	1.89	2.07	1.69	-1.0	1.0	1.0	1	-1.0	-1.0	1.0	-1.0	-1.0	1.0										-1.0			2.26										-1.0			2.11	0.02	0.02	-0.16	0.01	0.01	-0.08	2.3	-0.16	0.0	0.0	18.39					1	-0.02	-0.02	-0.51	-0.01	-0.01	-0.23	-0.51	0.0	0.0	78.44					-0.02	-0.02	0.26	-0.01	-0.01	0.14	0.26	0.0	0.0	120.64					-0.02	-0.02	0.2	-0.01	-0.01	0.1	0.2	0.0	0.0	75.51					0.020000000000000018	0.020000000000000018	-0.14000000000000012	0.00917431192660556	0.009216655104924063	-0.06481481481481444	-0.14000000000000012	0.00042182504229602326	0.0004107036342966275	18.388600234625727				
2021-03-03 08:00:00	22800	2.2	2.1	2.18	2.12	1.89	ILP.MI	1.91	1.93	1.84	1.86	2.07	1.69	-1.0	1.0	1.0	1	-1.0	-1.0	1.0	-1.0	-1.0	1.0										-1.0			2.26										-1.0			2.11	0.04	0.04	-0.12	0.02	0.02	-0.06	2.3	-0.12	0.0	0.0	22.36					1	-0.04	-0.04	-0.55	-0.02	-0.02	-0.24	-0.55	0.0	0.0	67.03					-0.04	-0.04	0.22	-0.02	-0.02	0.12	0.22	0.0	0.0	109.2					-0.04	-0.04	0.16	-0.02	-0.02	0.08	0.16	0.0	0.0	65.89					0.040000000000000036	0.040000000000000036	-0.10000000000000009	0.01851851851851849	0.01869213301215252	-0.04716981132075437	-0.10000000000000009	0.0005358470536701537	0.0005242922863974986	22.36180243167557				
2021-03-04 08:00:00	25800	2.16	2.08	2.12	2.14	1.91	ILP.MI	1.86	1.89	1.82	1.87	2.07	1.69	-1.0	1.0	1.0	1	-1.0	-1.0	1.0	-1.0	-1.0	1.0										-1.0			2.26										-1.0			2.11	-0.02	-0.02	-0.14	-0.01	-0.01	-0.07	2.3	-0.14	0.0	0.0	21.53					1	0.02	0.02	-0.53	0.01	0.01	-0.24	-0.53	0.0	0.0	68.95					0.02	0.02	0.24	0.01	0.01	0.13	0.24	0.0	0.0	109.59					0.02	0.02	0.18	0.01	0.01	0.09	0.18	0.0	0.0	66.45					-0.020000000000000018	-0.020000000000000018	-0.1200000000000001	-0.009433962264151052	-0.009389740349839137	-0.05607476635513997	-0.1200000000000001	0.0005196995542617413	0.0005080471978606838	21.525115905706556				
2021-03-05 08:00:00	22200	2.12	2.1	2.1	2.1	1.87	ILP.MI	1.85	1.87	1.85	1.85	2.07	1.69	-1.0	1.0	1.0	1	-1.0	-1.0	1.0	-1.0	-1.0	1.0		2.1								-1.0			2.26										-1.0			2.11	0.04	0.04	-0.1	0.02	0.02	-0.05	2.3	-0.1	0.0	0.0	25.21					1	-0.04	-0.04	-0.57	-0.02	-0.02	-0.25	-0.57	0.0	0.0	58.25					-0.04	-0.04	0.2	-0.02	-0.02	0.11	0.2	0.0	0.0	98.89					-0.04	-0.04	0.14	-0.02	-0.02	0.07	0.14	0.0	0.0	57.37					0.040000000000000036	0.040000000000000036	-0.08000000000000007	0.01869158878504673	0.018868484304382805	-0.03809523809523785	-0.08000000000000007	0.0006347973085184763	0.0006226972815808196	25.205920839425985				
2021-03-08 08:00:00	6600	2.14	2.1	2.12	2.14	1.91	ILP.MI	1.81	1.83	1.79	1.83	2.07	1.69	-1.0	1.0	1.0	1	-1.0	-1.0	1.0	-1.0	-1.0	1.0										-1.0			2.26		1.79								-1.0			2.11	-0.04	-0.04	-0.14	-0.02	-0.02	-0.07	2.3	-0.14	0.0	0.0	22.54					1	0.04	0.04	-0.53	0.02	0.02	-0.24	-0.53	0.0	0.0	61.96					0.04	0.04	0.24	0.02	0.02	0.13	0.24	0.0	0.0	100.2					0.04	0.04	0.18	0.02	0.02	0.09	0.18	0.0	0.0	59.22					-0.040000000000000036	-0.040000000000000036	-0.1200000000000001	-0.01904761904761898	-0.018868484304382736	-0.05607476635513986	-0.1200000000000001	0.0005815758012578751	0.0005691450675231469	22.535029747027338				
2021-03-09 08:00:00	6000	2.18	2.08	2.14	2.18	1.94	ILP.MI	1.82	1.85	1.77	1.85	2.07	1.69	-1.0	1.0	1.0	1	-1.0	-1.0	1.0	-1.0	-1.0	1.0										-1.0			2.26										-1.0			2.11	-0.04	-0.04	-0.18	-0.02	-0.02	-0.09	2.3	-0.18	0.0	0.0	20.05					1	0.04	0.04	-0.49	0.02	0.02	-0.22	-0.49	0.0	0.0	65.29					0.04	0.04	0.28	0.02	0.02	0.15	0.28	0.0	0.0	101.43					0.04	0.04	0.22	0.02	0.02	0.11	0.22	0.0	0.0	60.94					-0.040000000000000036	-0.040000000000000036	-0.16000000000000014	-0.01869158878504673	-0.01851904776723753	-0.07339449541284382	-0.16000000000000014	0.0005296113007863543	0.0005168533451944679	20.048809386266				
2021-03-10 08:00:00	2400	2.2	2.16	2.16	2.18	1.94	ILP.MI	1.82	1.86	1.82	1.84	2.07	1.69	-1.0	1.0	1.0	1	-1.0	-1.0	1.0	-1.0	-1.0	1.0	2.2									-1.0			2.26	1.86									-1.0			2.11	-0.0	-0.0	-0.18	-0.0	-0.0	-0.09	2.3	-0.18	0.0	0.0	24.93					1	0.0	0.0	-0.49	0.0	0.0	-0.22	-0.49	0.0	0.0	65.29					0.0	0.0	0.28	0.0	0.0	0.15	0.28	0.0	0.0	100.96					0.0	0.0	0.22	0.0	0.0	0.11	0.22	0.0	0.0	60.28					-0.0	-0.0	-0.16000000000000014	-0.0	-0.0	-0.07339449541284382	-0.16000000000000014	0.0006527619210436515	0.0006402530712856791	24.93351782277837				
2021-03-11 08:00:00	12600	2.16	2.12	2.16	2.14	1.91	ILP.MI	1.81	1.81	1.78	1.79	2.07	1.69	-1.0	1.0	1.0	1	-1.0	-1.0	1.0	-1.0	-1.0	1.0										-1.0			2.26										-1.0			2.11	0.04	0.04	-0.14	0.02	0.02	-0.07	2.3	-0.14	0.0	0.0	28.18					1	-0.04	-0.04	-0.53	-0.02	-0.02	-0.24	-0.53	0.0	0.0	55.54					-0.04	-0.04	0.24	-0.02	-0.02	0.13	0.24	0.0	0.0	91.14					-0.04	-0.04	0.18	-0.02	-0.02	0.09	0.18	0.0	0.0	51.89					0.040000000000000036	0.040000000000000036	-0.1200000000000001	0.01834862385321101	0.018519047767237527	-0.05607476635513997	-0.1200000000000001	0.0007675800172005239	0.00075461839638713	28.17656619738399				
2021-03-12 08:00:00	15600	2.16	2.1	2.16	2.16	1.93	ILP.MI	1.81	1.81	1.76	1.81	2.07	1.69	-1.0	1.0	1.0	1	-1.0	-1.0	1.0	-1.0	-1.0	1.0										-1.0			2.26										-1.0			2.11	-0.02	-0.02	-0.16	-0.01	-0.01	-0.08	2.3	-0.16	0.0	0.0	22.63					1	0.02	0.02	-0.51	0.01	0.01	-0.23	-0.51	0.0	0.0	57.16					0.02	0.02	0.26	0.01	0.01	0.14	0.26	0.0	0.0	92.0					0.02	0.02	0.2	0.01	0.01	0.1	0.2	0.0	0.0	53.09					-0.020000000000000018	-0.020000000000000018	-0.14000000000000012	-0.009345794392523477	-0.00930239266231363	-0.06481481481481466	-0.14000000000000012	0.0006264532444014057	0.0006131316121649188	22.628861254327973				
2021-03-15 08:00:00	14400	2.16	2.1	2.16	2.16	1.93	ILP.MI	1.81	1.81	1.76	1.81	2.07	1.69	-1.0	1.0	1.0	1	-1.0	-1.0	1.0	-1.0	-1.0	1.0										-1.0			2.26										-1.0			2.11	-0.0	-0.0	-0.16	-0.0	-0.0	-0.08	2.3	-0.16	0.0	0.0	21.73					1	0.0	0.0	-0.51	0.0	0.0	-0.23	-0.51	0.0	0.0	57.16					0.0	0.0	0.26	0.0	0.0	0.14	0.26	0.0	0.0	97.44					0.0	0.0	0.2	0.0	0.0	0.1	0.2	0.0	0.0	58.12					-0.0	-0.0	-0.14000000000000012	-0.0	-0.0	-0.06481481481481466	-0.14000000000000012	0.0005949286264349063	0.0005817365316720391	21.7264164679235				
2021-03-16 08:00:00	13200	2.16	2.1	2.12	2.16	1.93	ILP.MI	1.77	1.8	1.75	1.8	2.07	1.69	-1.0	1.0	1.0	1	-1.0	-1.0	1.0	-1.0	-1.0	1.0										-1.0			2.26										-1.0			2.11	-0.0	-0.0	-0.16	-0.0	-0.0	-0.08	2.3	-0.16	0.0	0.0	21.73					1	0.0	0.0	-0.51	0.0	0.0	-0.23	-0.51	0.0	0.0	57.16					0.0	0.0	0.26	0.0	0.0	0.14	0.26	0.0	0.0	97.44					0.0	0.0	0.2	0.0	0.0	0.1	0.2	0.0	0.0	58.12					-0.0	-0.0	-0.14000000000000012	-0.0	-0.0	-0.06481481481481466	-0.14000000000000012	0.0005949286264349063	0.0005817365316720391	21.7264164679235				
2021-03-17 08:00:00	30000	2.14	2.08	2.14	2.08	1.85	ILP.MI	1.78	1.78	1.73	1.73	2.07	1.69	-1.0	1.0	-1.0	1	-1.0	-1.0	1.0	-1.0	-1.0	1.0										-1.0			2.26										-1.0			2.11	0.08	0.08	-0.08	0.04	0.04	-0.04	2.3	-0.08	0.0	0.0	32.53					1	-0.08	-0.08	-0.59	-0.04	-0.04	-0.26	-0.59	0.0	0.0	43.32					-0.08	-0.08	0.18	-0.04	-0.04	0.1	0.18	0.0	0.0	82.21					-0.08	-0.08	0.12	-0.04	-0.04	0.06	0.12	0.0	0.0	45.23					0.08000000000000007	0.08000000000000007	-0.06000000000000005	0.03703703703703709	0.037740327982847086	-0.028846153846153633	-0.06000000000000005	0.0009538178301971225	0.0009399345226337452	32.53233208262303				
2021-03-18 08:00:00	5400	2.1	2.1	2.1	2.1	1.87	ILP.MI	1.74	1.74	1.74	1.74	2.07	1.69	-1.0	1.0	-1.0	1	-1.0	-1.0	1.0	-1.0	-1.0	1.0										-1.0			2.26										-1.0			2.11	-0.02	-0.02	-0.1	-0.01	-0.01	-0.05	2.3	-0.1	0.0	0.0	25.51					1	0.02	0.02	-0.57	0.01	0.01	-0.25	-0.57	0.0	0.0	51.56					0.02	0.02	0.2	0.01	0.01	0.11	0.2	0.0	0.0	89.63					0.02	0.02	0.14	0.01	0.01	0.07	0.14	0.0	0.0	52.33					-0.020000000000000018	-0.020000000000000018	-0.08000000000000007	-0.009615384615384581	-0.009569451016150672	-0.03809523809523785	-0.08000000000000007	0.0007447658508683785	0.0007307666146085801	25.508591284633084				
2021-03-19 08:00:00	18000	2.1	2.04	2.08	2.1	1.87	ILP.MI	1.74	1.75	1.7	1.75	2.07	1.69	-1.0	-1.0	-1.0	1	-1.0	-1.0	1.0	-1.0	-1.0	1.0		2.04		2.04						-1.0			2.26		1.7		1.7		1.7				-1.0			2.11	-0.0	-0.0	-0.1	-0.0	-0.0	-0.05	2.3	-0.1	0.0	0.0	25.51					1	0.0	0.0	-0.57	0.0	0.0	-0.25	-0.57	0.0	0.0	51.56					0.0	0.0	0.2	0.0	0.0	0.11	0.2	0.0	0.0	89.63					0.0	0.0	0.14	0.0	0.0	0.07	0.14	0.0	0.0	52.33					-0.0	-0.0	-0.08000000000000007	-0.0	-0.0	-0.03809523809523785	-0.08000000000000007	0.0007447658508683785	0.0007307666146085801	25.508591284633084				
2021-03-22 08:00:00	10200	2.12	2.1	2.1	2.12	1.89	ILP.MI	1.75	1.77	1.75	1.77	2.07	1.69	-1.0	-1.0	-1.0	1	-1.0	-1.0	1.0	-1.0	-1.0	1.0										-1.0			2.26										-1.0			2.11	-0.02	-0.02	-0.12	-0.01	-0.01	-0.06	2.3	-0.12	0.0	0.0	9.35					1	0.02	0.02	-0.55	0.01	0.01	-0.24	-0.55	0.0	0.0	73.99					0.02	0.02	0.22	0.01	0.01	0.12	0.22	0.0	0.0	113.34					0.02	0.02	0.16	0.01	0.01	0.08	0.16	0.0	0.0	71.87					-0.020000000000000018	-0.020000000000000018	-0.10000000000000009	-0.00952380952380949	-0.009478743954543739	-0.047169811320754484	-0.10000000000000009	0.0002444220446314858	0.00023155592276880022	9.347279777409739				
2021-03-23 08:00:00	35400	2.16	2.1	2.1	2.1	1.87	ILP.MI	1.76	1.81	1.76	1.76	2.07	1.69	-1.0	-1.0	-1.0	1	-1.0	-1.0	1.0	-1.0	-1.0	1.0										-1.0			2.26										-1.0			2.11	0.02	0.02	-0.1	0.01	0.01	-0.05	2.3	-0.1	0.0	0.0	17.11					1	-0.02	-0.02	-0.57	-0.01	-0.01	-0.25	-0.57	0.0	0.0	66.71					-0.02	-0.02	0.2	-0.01	-0.01	0.11	0.2	0.0	0.0	105.06					-0.02	-0.02	0.14	-0.01	-0.01	0.07	0.14	0.0	0.0	64.1					0.020000000000000018	0.020000000000000018	-0.08000000000000007	0.009433962264150941	0.00947874395454377	-0.03809523809523785	-0.08000000000000007	0.00044858678306526536	0.00043587131092093223	17.107123344392946				
2021-03-24 08:00:00	6000	2.14	2.12	2.12	2.14	1.91	ILP.MI	1.77	1.79	1.77	1.79	2.07	1.69	-1.0	-1.0	-1.0	1	-1.0	-1.0	1.0	-1.0	-1.0	1.0										-1.0			2.26										-1.0			2.11	-0.04	-0.04	-0.14	-0.02	-0.02	-0.07	2.3	-0.14	0.0	0.0	9.97					1	0.04	0.04	-0.53	0.02	0.02	-0.24	-0.53	0.0	0.0	69.56					0.04	0.04	0.24	0.02	0.02	0.13	0.24	0.0	0.0	106.66					0.04	0.04	0.18	0.02	0.02	0.09	0.18	0.0	0.0	66.33					-0.040000000000000036	-0.040000000000000036	-0.1200000000000001	-0.01904761904761898	-0.018868484304382736	-0.05607476635513986	-0.1200000000000001	0.0002697770574435982	0.00025647572881570824	9.966906322632653				
2021-03-25 08:00:00	12600	2.18	2.12	2.16	2.18	1.94	ILP.MI	1.8	1.82	1.77	1.82	2.07	1.69	-1.0	-1.0	-1.0	1	-1.0	-1.0	1.0	1.0	-1.0	-1.0										-1.0			2.26										-1.0			2.11	-0.04	-0.04	-0.18	-0.02	-0.02	-0.09	2.3	-0.18	0.0	0.0	7.87					1	0.04	0.04	-0.49	0.02	0.02	-0.22	-0.49	0.0	0.0	77.98					0.04	0.04	0.28	0.02	0.02	0.15	0.28	0.0	0.0	107.71					0.04	0.04	0.22	0.02	0.02	0.11	0.22	0.0	0.0	73.63					-0.040000000000000036	-0.040000000000000036	-0.16000000000000014	-0.01869158878504673	-0.01851904776723753	-0.07339449541284371	-0.16000000000000014	0.00021749928544490676	0.00020386452590237525	7.865413256733589				
2021-03-26 08:00:00	111600	2.28	2.18	2.18	2.28	2.03	ILP.MI	1.81	1.89	1.81	1.89	2.07	1.69	-1.0	-1.0	-1.0	1	-1.0	-1.0	1.0	1.0	-1.0	-1.0										1.0			2.26										-1.0			2.11	-0.1	-0.1	-0.28	-0.05	-0.04	-0.13	2.3	-0.28	0.0	0.0	2.03					1	0.1	0.1	-0.39	0.05	0.04	-0.19	-0.39	0.0	0.0	89.13					0.1	0.1	0.38	0.05	0.04	0.2	0.38	0.0	0.0	110.62					-0.1	-0.1	0.12	-0.05	-0.04	0.06	0.12	0.0	0.0	63.56					-0.09999999999999964	-0.09999999999999964	-0.2599999999999998	-0.04587155963302725	-0.0448505661653515	-0.11403508771929771	-0.2599999999999998	5.9777290660856935e-05	4.511141083418657e-05	2.0319565504828887				
2021-03-29 07:00:00	76800	2.5	2.32	2.32	2.46	2.19	ILP.MI	1.92	2.07	1.92	2.04	2.07	1.69	-1.0	1.0	1.0	1	-1.0	-1.0	1.0	1.0	-1.0	-1.0	2.5									1.0			2.26	2.07									-1.0			2.11	-0.18	-0.18	-0.46	-0.08	-0.08	-0.19	2.5	-0.46	-0.0	-0.0	-6.22					1	0.18	0.18	-0.21	0.08	0.08	-0.12	-0.21	0.0	0.0	103.78					0.18	0.18	0.56	0.08	0.08	0.3	0.56	0.0	0.0	114.75					-0.18	-0.18	-0.06	-0.08	-0.08	-0.02	-0.06	0.0	0.0	49.86					-0.18000000000000016	-0.18000000000000016	-0.43999999999999995	-0.07894736842105265	-0.07598590697792205	-0.1788617886178857	-0.43999999999999995	-0.00020115517014578392	-0.0002176099497064321	-6.219978521453214				
2021-03-30 07:00:00	121800	2.56	2.34	2.46	2.4	2.14	ILP.MI	2.02	2.1	1.92	1.97	2.1	1.69	1.0	1.0	1.0	1	-1.0	-1.0	1.0	1.0	-1.0	-1.0										1.0			2.26										-1.0			2.11	0.06	0.06	-0.4	0.02	0.02	-0.17	2.56	-0.4	0.0	0.0	3.21					1	-0.06	-0.06	-0.27	-0.02	-0.02	-0.14	-0.27	0.0	0.0	99.0					-0.06	-0.06	0.5	-0.02	-0.02	0.26	0.5	0.0	0.0	102.44					0.06	0.06	0.0	0.02	0.02	0.01	0.0	0.0	0.0	57.73					0.06000000000000005	0.06000000000000005	-0.3799999999999999	0.024390243902439046	0.02469261259037152	-0.15833333333333277	-0.3799999999999999	0.00010795546217950893	9.125265295750751e-05	3.211003586154746				
2021-03-31 07:00:00	54000	2.44	2.32	2.4	2.4	2.14	ILP.MI	1.97	2.0	1.9	1.97	2.1	1.69	1.0	1.0	1.0	1	-1.0	-1.0	1.0	1.0	-1.0	-1.0		2.32								1.0			2.26		1.9								-1.0			2.11	0.0	0.0	-0.4	0.0	0.0	-0.17	2.56	-0.4	0.0	0.0	7.38					1	0.0	0.0	-0.27	0.0	0.0	-0.14	-0.27	0.0	0.0	104.57					0.0	0.0	0.5	0.0	0.0	0.26	0.5	0.0	0.0	102.11					-0.0	-0.0	0.0	-0.0	-0.0	0.01	0.0	0.0	0.0	62.17					-0.0	-0.0	-0.3799999999999999	-0.0	-0.0	-0.15833333333333277	-0.3799999999999999	0.00024640964312555623	0.00023001525497390318	7.383923130005854				
2021-04-01 07:00:00	111000	2.74	2.42	2.44	2.68	2.39	ILP.MI	2.0	2.24	1.98	2.19	2.24	1.69	1.0	1.0	1.0	1	-1.0	-1.0	1.0	1.0	-1.0	-1.0										1.0			2.26										1.0			2.11	0.28	0.28	-0.12	0.12	0.11	-0.07	2.04	-0.12	0.0	0.0	22.61					1	0.28	0.28	0.01	0.12	0.11	-0.04	0.01	0.0	0.0	111.89					0.28	0.28	0.78	0.12	0.11	0.41	0.78	0.0	0.0	108.05					-0.28	-0.28	-0.28	-0.12	-0.11	-0.1	-0.28	0.0	0.0	40.23					-0.28000000000000025	-0.28000000000000025	-0.6600000000000001	-0.1166666666666667	-0.11034805716886541	-0.2462686567164175	-0.6600000000000001	-0.000301821438085775	-0.00032163146404462495	-7.8221023881500855				
2021-04-06 07:00:00	54600	2.88	2.62	2.88	2.62	2.34	ILP.MI	2.35	2.35	2.14	2.14	2.35	1.69	1.0	1.0	1.0	1	1.0	-1.0	-1.0	1.0	-1.0	-1.0										1.0			2.26										1.0			2.11	-0.06	-0.06	-0.18	-0.02	-0.02	-0.09	2.04	-0.18	0.0	0.0	20.5					1	-0.06	-0.06	-0.05	-0.02	-0.02	-0.07	-0.05	0.0	0.0	106.16					-0.06	-0.06	0.72	-0.02	-0.02	0.38	0.72	0.0	0.0	97.87					0.06	0.06	-0.22	0.02	0.02	-0.08	-0.22	0.0	0.0	46.07					-0.06000000000000005	-0.06000000000000005	-0.7200000000000002	-0.022388059701492602	-0.02264247674975989	-0.2631432390287365	-0.7200000000000002	-0.00036965460945387807	-0.000390004729379112	-9.380275633571443				
2021-04-07 07:00:00	181800	3.0	2.66	2.66	2.86	2.55	ILP.MI	2.17	2.45	2.17	2.34	2.45	1.69	1.0	1.0	1.0	1	1.0	-1.0	-1.0	1.0	-1.0	-1.0										1.0			2.26										1.0			2.11	0.24	0.24	0.06	0.09	0.09	-0.01	2.04	0.06	0.0	0.0	33.16					1	0.24	0.24	0.19	0.09	0.09	0.02	0.19	0.0	0.0	117.36					-0.24	-0.24	0.48	-0.09	-0.09	0.26	0.48	0.0	0.0	73.75					-0.24	-0.24	-0.46	-0.09	-0.09	-0.16	-0.46	0.0	0.0	36.0					0.23999999999999977	0.23999999999999977	-0.4800000000000004	0.09160305343511443	0.08764730705875567	-0.19564490977946059	-0.4800000000000004	0.00034399016162778295	0.00032139307586764865	7.456463685105106				
2021-04-08 07:00:00	208800	3.1	2.7	2.88	2.9	2.59	ILP.MI	2.37	2.55	2.22	2.38	2.55	1.69	1.0	1.0	1.0	1	1.0	-1.0	-1.0	1.0	-1.0	-1.0										1.0			2.26										1.0			2.11	0.04	0.04	0.1	0.01	0.01	0.0	2.04	0.1	0.0	0.0	34.28					1	0.04	0.04	0.23	0.01	0.01	0.03	0.23	0.0	0.0	117.96					-0.04	-0.04	0.44	-0.01	-0.01	0.25	0.44	0.0	0.0	68.15					-0.04	-0.04	-0.5	-0.01	-0.01	-0.17	-0.5	0.0	0.0	31.51					0.040000000000000036	0.040000000000000036	-0.4400000000000004	0.013986013986013957	0.013889112160667093	-0.18439518823791456	-0.4400000000000004	0.0004301026570239191	0.0004070511234675056	9.097518729268316				
2021-04-09 07:00:00	79800	3.4	2.82	2.9	3.4	3.03	ILP.MI	2.4	2.81	2.33	2.81	2.81	1.69	1.0	1.0	1.0	1	1.0	-1.0	-1.0	1.0	-1.0	-1.0										1.0			2.26										1.0			2.11	0.5	0.5	0.6	0.17	0.16	0.18	2.04	0.6	0.0	0.0	43.65					1	0.5	0.5	0.73	0.17	0.16	0.21	0.73	0.01	0.01	123.14					-0.5	-0.5	-0.06	-0.17	-0.16	0.06	-0.06	0.0	0.0	46.72					-0.5	-0.5	-1.0	-0.17	-0.16	-0.29	-1.0	0.0	0.0	12.74					0.5	0.5	0.05999999999999961	0.17241379310344818	0.15906469462968728	-0.043773668968589585	0.05999999999999961	0.0013191738399127035	0.0012911677230329488	22.326413042404504				
2021-04-12 07:00:00	264600	3.94	3.5	3.6	3.84	3.42	ILP.MI	2.98	3.26	2.89	3.17	3.26	1.69	1.0	1.0	1.0	1	1.0	1.0	1.0	1.0	-1.0	-1.0	3.94		3.94		3.94					1.0			2.26	3.26		3.26		3.26					1.0			2.11	0.44	0.44	1.04	0.13	0.12	0.33	2.04	1.04	0.0	0.0	49.16					1	0.44	0.44	1.17	0.13	0.12	0.37	1.17	0.01	0.01	126.35					-0.44	-0.44	-0.5	-0.13	-0.12	-0.06	-0.5	0.0	0.0	34.6					-0.44	-0.44	-1.44	-0.13	-0.12	-0.37	-1.44	0.0	0.0	1.54					0.43999999999999995	0.43999999999999995	0.49999999999999956	0.12941176470588234	0.12169693497751977	0.07997326798841642	0.49999999999999956	0.002040977082748095	0.002008596767004711	29.72023797474077				
2021-04-13 07:00:00	133800	3.82	3.56	3.74	3.62	3.23	ILP.MI	3.07	3.14	2.92	2.97	3.26	1.69	1.0	1.0	1.0	1	1.0	1.0	1.0	1.0	-1.0	-1.0										1.0			2.26										1.0			2.11	-0.22	-0.22	0.82	-0.06	-0.06	0.25	2.04	0.82	0.0	0.0	39.82					1	-0.22	-0.22	0.95	-0.06	-0.06	0.29	0.95	0.01	0.01	105.77					-0.22	-0.22	-0.72	-0.06	-0.06	-0.11	-0.72	0.0	0.0	30.05					0.22	0.22	-1.22	0.06	0.06	-0.33	-1.22	0.0	0.0	6.37					-0.21999999999999975	-0.21999999999999975	0.2799999999999998	-0.05729166666666663	-0.05899834076195576	0.018099799509913472	0.2799999999999998	0.0016127811477070204	0.001577921943758609	22.055197119572362				
2021-04-14 07:00:00	69600	3.72	3.6	3.66	3.62	3.23	ILP.MI	3.01	3.06	2.96	2.98	3.26	1.69	1.0	1.0	1.0	1	1.0	1.0	1.0	1.0	-1.0	-1.0										1.0			2.26										1.0			2.11	0.0	0.0	0.82	0.0	0.0	0.25	2.04	0.82	0.0	0.0	39.36					1	0.0	0.0	0.95	0.0	0.0	0.29	0.95	0.01	0.01	105.49					0.0	0.0	-0.72	0.0	0.0	-0.11	-0.72	0.0	0.0	33.28					-0.0	-0.0	-1.22	-0.0	-0.0	-0.33	-1.22	0.0	0.0	5.47					0.0	0.0	0.2799999999999998	0.0	0.0	0.018099799509913472	0.2799999999999998	0.001547539884094859	0.001513113393426524	21.439739404715418				
2021-04-15 07:00:00	25200	3.66	3.56	3.64	3.58	3.19	ILP.MI	3.0	3.02	2.93	2.95	3.26	1.69	1.0	1.0	1.0	1	1.0	1.0	1.0	1.0	-1.0	-1.0										1.0			2.26										1.0			2.11	-0.04	-0.04	0.78	-0.01	-0.01	0.24	2.04	0.78	0.0	0.0	35.37					1	-0.04	-0.04	0.91	-0.01	-0.01	0.28	0.91	0.01	0.01	99.54					-0.04	-0.04	-0.76	-0.01	-0.01	-0.12	-0.76	0.0	0.0	33.25					0.04	0.04	-1.18	0.01	0.01	-0.32	-1.18	0.0	0.0	5.49					-0.040000000000000036	-0.040000000000000036	0.23999999999999977	-0.011049723756906049	-0.011111225425070722	0.006850077968367563	0.23999999999999977	0.0012681880983594117	0.0012334436031748996	17.58352887709801				
2021-04-16 07:00:00	27000	3.62	3.5	3.58	3.52	3.14	ILP.MI	2.92	2.96	2.86	2.88	3.26	1.69	1.0	1.0	1.0	1	1.0	1.0	1.0	1.0	-1.0	-1.0										1.0			2.26										1.0			2.11	-0.06	-0.06	0.72	-0.02	-0.02	0.22	2.04	0.72	0.0	0.0	35.83					1	-0.06	-0.06	0.85	-0.02	-0.02	0.26	0.85	0.01	0.01	100.68					-0.06	-0.06	-0.82	-0.02	-0.02	-0.14	-0.82	0.0	0.0	28.37					0.06	0.06	-1.12	0.02	0.02	-0.31	-1.12	0.0	0.0	10.64					-0.06000000000000005	-0.06000000000000005	0.17999999999999972	-0.016759776536312887	-0.016901810802603254	-0.010024504343951524	0.17999999999999972	0.001286605676032853	0.001252049908632591	17.93128240278694				
2021-04-19 07:00:00	44400	3.52	3.36	3.52	3.38	3.01	ILP.MI	2.88	2.88	2.75	2.77	3.26	1.69	1.0	1.0	1.0	1	1.0	1.0	1.0	1.0	-1.0	-1.0										1.0			2.26		2.75								1.0			2.11	-0.14	-0.14	0.58	-0.04	-0.04	0.17	2.04	0.58	0.0	0.0	29.64					1	-0.14	-0.14	0.71	-0.04	-0.04	0.21	0.71	0.01	0.01	88.55					-0.14	-0.14	-0.96	-0.04	-0.04	-0.17	-0.96	0.0	0.0	22.99					0.14	0.14	-0.98	0.04	0.04	-0.29	-0.98	0.0	0.0	13.66					-0.14000000000000012	-0.14000000000000012	0.03999999999999959	-0.03977272727272729	-0.04058528011507833	-0.04939852973936254	0.03999999999999959	0.0009505950486609128	0.0009140731192058826	12.669925793620692				
2021-04-20 07:00:00	11400	3.36	3.3	3.32	3.36	3.0	ILP.MI	2.79	2.82	2.77	2.82	3.26	1.69	1.0	1.0	1.0	1	1.0	1.0	1.0	1.0	-1.0	-1.0		3.3								1.0			2.26										1.0			2.11	-0.02	-0.02	0.56	-0.01	-0.01	0.16	2.1	0.56	0.0	0.0	30.06					1	-0.02	-0.02	0.69	-0.01	-0.01	0.2	0.69	0.01	0.01	89.55					-0.02	-0.02	-0.98	-0.01	-0.01	-0.18	-0.98	0.0	0.0	19.61					0.02	0.02	-0.96	0.01	0.01	-0.28	-0.96	0.0	0.0	17.11					-0.020000000000000018	-0.020000000000000018	0.019999999999999574	-0.00591715976331364	-0.005934735519814578	-0.055023390510135606	0.019999999999999574	0.0009696492812848747	0.0009333234541790691	12.98882455428219				
2021-04-21 07:00:00	12600	3.44	3.36	3.36	3.4	3.03	ILP.MI	2.81	2.88	2.81	2.84	3.26	1.69	1.0	1.0	1.0	1	1.0	1.0	1.0	1.0	-1.0	-1.0	3.44									1.0			2.26	2.88									1.0			2.11	0.04	0.04	0.6	0.01	0.01	0.18	2.1	0.6	0.0	0.0	30.61					1	0.04	0.04	0.73	0.01	0.01	0.21	0.73	0.01	0.01	89.88					0.04	0.04	-0.94	0.01	0.01	-0.17	-0.94	0.0	0.0	20.32					-0.04	-0.04	-1.0	-0.01	-0.01	-0.29	-1.0	0.0	0.0	13.99					0.040000000000000036	0.040000000000000036	0.05999999999999961	0.011904761904761862	0.011834457647002798	-0.043773668968589585	0.05999999999999961	0.0010394725814021912	0.001002650696865448	13.722917303226787				
2021-04-22 07:00:00	9000	3.4	3.34	3.4	3.34	2.98	ILP.MI	2.82	2.82	2.77	2.77	3.26	1.69	1.0	1.0	1.0	1	1.0	1.0	1.0	1.0	-1.0	-1.0										1.0			2.26										1.0			2.11	-0.06	-0.06	0.54	-0.02	-0.02	0.16	2.12	0.54	0.0	0.0	26.76					1	-0.06	-0.06	0.67	-0.02	-0.02	0.19	0.67	0.01	0.01	83.5					-0.06	-0.06	-1.0	-0.02	-0.02	-0.18	-1.0	0.0	0.0	16.82					0.06	0.06	-0.94	0.02	0.02	-0.28	-0.94	0.0	0.0	15.19					-0.06000000000000005	-0.06000000000000005	-4.440892098500626e-16	-0.01764705882352946	-0.017804624633506707	-0.06064825128090867	-4.440892098500626e-16	0.0007903049426462088	0.0007524618847021269	10.23640902570908				
2021-04-23 07:00:00	7200	3.38	3.28	3.32	3.38	3.01	ILP.MI	2.75	2.8	2.72	2.8	3.26	1.69	1.0	1.0	1.0	1	1.0	1.0	1.0	1.0	1.0	1.0		3.28								1.0			2.26										1.0			2.11	0.04	0.04	0.58	0.01	0.01	0.17	2.12	0.58	0.0	0.0	30.04					1	0.04	0.04	0.71	0.01	0.01	0.21	0.71	0.01	0.01	87.56					0.04	0.04	-0.96	0.01	0.01	-0.17	-0.96	0.0	0.0	17.22					-0.04	-0.04	-0.98	-0.01	-0.01	-0.29	-0.98	0.0	0.0	14.78					0.040000000000000036	0.040000000000000036	0.03999999999999959	0.011976047904191711	0.011904902506318458	-0.04939852973936254	0.03999999999999959	0.0010582349043252834	0.0010203724061155217	13.586015423807602				
2021-04-26 07:00:00	9600	3.42	3.28	3.38	3.36	3.0	ILP.MI	2.79	2.82	2.7	2.77	3.26	1.69	1.0	1.0	1.0	1	1.0	1.0	1.0	1.0	1.0	1.0										1.0			2.26		2.7								1.0			2.11	-0.02	-0.02	0.56	-0.01	-0.01	0.16	2.18	0.56	0.0	0.0	29.98					1	-0.02	-0.02	0.69	-0.01	-0.01	0.2	0.69	0.01	0.01	87.41					-0.02	-0.02	-0.98	-0.01	-0.01	-0.18	-0.98	0.0	0.0	14.22					-0.02	-0.02	-1.0	-0.01	-0.01	-0.29	-1.0	0.0	0.0	14.74					-0.020000000000000018	-0.020000000000000018	0.019999999999999574	-0.00591715976331364	-0.005934735519814578	-0.055023390510135606	0.019999999999999574	0.0010553124590167648	0.0010174192871694743	13.538202717320381				
2021-04-27 07:00:00	16200	3.48	3.36	3.36	3.46	3.08	ILP.MI	2.77	2.87	2.77	2.86	3.26	1.69	1.0	1.0	1.0	1	1.0	1.0	1.0	1.0	1.0	1.0	3.48									1.0			2.26	2.87									1.0			2.11	0.1	0.1	0.66	0.03	0.03	0.2	2.32	0.66	0.0	0.0	31.26					1	0.1	0.1	0.79	0.03	0.03	0.23	0.79	0.01	0.01	88.19					0.1	0.1	-0.88	0.03	0.03	-0.15	-0.88	0.0	0.0	15.98					0.1	0.1	-0.9	0.03	0.03	-0.27	-0.9	0.0	0.0	16.59					0.10000000000000009	0.10000000000000009	0.11999999999999966	0.029761904761904878	0.029327615094520136	-0.0268990866562705	0.11999999999999966	0.0012283453880744333	0.0011891907839776117	15.220706969444379				
2021-04-28 07:00:00	13800	3.5	3.3	3.5	3.38	3.01	ILP.MI	2.89	2.89	2.73	2.79	3.26	1.69	1.0	1.0	1.0	1	1.0	1.0	1.0	1.0	1.0	1.0										1.0			2.26										1.0			2.11	-0.08	-0.08	0.58	-0.02	-0.02	0.17	2.32	0.58	0.0	0.0	26.6					1	-0.08	-0.08	0.71	-0.02	-0.02	0.21	0.71	0.01	0.01	80.72					-0.08	-0.08	-0.96	-0.02	-0.02	-0.17	-0.96	0.0	0.0	15.17					-0.08	-0.08	-0.98	-0.02	-0.02	-0.29	-0.98	0.0	0.0	12.29					-0.08000000000000007	-0.08000000000000007	0.03999999999999959	-0.023121387283236983	-0.023392879574705462	-0.04939852973936254	0.03999999999999959	0.0008895234815464162	0.0008495205307452736	10.886678253011318				
2021-04-29 07:00:00	10800	3.34	3.2	3.32	3.24	2.89	ILP.MI	2.76	2.78	2.66	2.7	3.26	1.69	1.0	1.0	1.0	1	1.0	1.0	1.0	1.0	1.0	1.0										1.0			2.26										1.0			2.11	-0.14	-0.14	0.44	-0.04	-0.04	0.12	2.32	0.44	0.0	0.0	23.71					1	-0.14	-0.14	0.57	-0.04	-0.04	0.16	0.57	0.01	0.01	74.19					-0.14	-0.14	-1.1	-0.04	-0.04	-0.21	-1.1	0.0	0.0	10.15					-0.14	-0.14	-1.12	-0.04	-0.04	-0.31	-1.12	0.0	0.0	10.25					-0.13999999999999968	-0.13999999999999968	-0.10000000000000009	-0.041420118343195145	-0.04230237969068927	-0.08877255513477345	-0.10000000000000009	0.0007339007815673256	0.0006922362718402297	8.648787446128786				
2021-04-30 07:00:00	36000	3.22	3.02	3.16	3.04	2.71	ILP.MI	2.65	2.7	2.53	2.55	3.26	1.69	1.0	1.0	1.0	1	1.0	1.0	1.0	1.0	1.0	1.0										1.0			2.26										1.0			2.11	-0.2	-0.2	0.24	-0.06	-0.06	0.05	2.42	0.24	0.0	0.0	17.17					1	-0.2	-0.2	0.37	-0.06	-0.06	0.08	0.37	0.0	0.0	62.26					-0.2	-0.2	-1.3	-0.06	-0.06	-0.25	-1.3	0.0	0.0	4.63					-0.2	-0.2	-1.32	-0.06	-0.06	-0.36	-1.32	0.0	0.0	4.86					-0.20000000000000018	-0.20000000000000018	-0.30000000000000027	-0.06172839506172845	-0.06371581438610774	-0.14502116284250344	-0.30000000000000027	0.0002750870462719249	0.00023021371422693448	3.0473856644024977				
2021-05-03 07:00:00	43800	3.2	2.98	3.1	3.02	2.69	ILP.MI	2.57	2.65	2.47	2.5	3.26	1.69	1.0	1.0	1.0	1	1.0	1.0	1.0	1.0	1.0	1.0										1.0			2.26										1.0			2.11	-0.02	-0.02	0.22	-0.01	-0.01	0.04	2.62	0.22	0.0	0.0	14.67					1	-0.02	-0.02	0.35	-0.01	-0.01	0.08	0.35	0.0	0.0	59.06					-0.02	-0.02	-1.32	-0.01	-0.01	-0.26	-1.32	0.0	0.0	2.17					-0.02	-0.02	-1.34	-0.01	-0.01	-0.36	-1.34	0.0	0.0	2.37					-0.020000000000000018	-0.020000000000000018	-0.3200000000000003	-0.006578947368421018	-0.006600684031352024	-0.1506460236132764	-0.3200000000000003	5.483672166023152e-05	9.414717502931325e-06	0.6037244631406224				
2021-05-04 07:00:00	3000	3.0	2.96	2.96	3.0	2.67	ILP.MI	2.5	2.53	2.5	2.53	3.26	1.7	1.0	1.0	1.0	1	1.0	1.0	1.0	1.0	1.0	1.0		2.96		2.96						1.0			2.26										1.0			2.11	-0.02	-0.02	0.2	-0.01	-0.01	0.04	2.66	0.2	0.0	0.0	14.58					1	-0.02	-0.02	0.33	-0.01	-0.01	0.07	0.33	0.0	0.0	58.88					-0.02	-0.02	-1.34	-0.01	-0.01	-0.26	-1.34	-0.0	-0.0	-0.62					-0.02	-0.02	-1.36	-0.01	-0.01	-0.37	-1.36	-0.0	-0.0	-0.48					-0.020000000000000018	-0.020000000000000018	-0.3400000000000003	-0.0066225165562914245	-0.006644542718668613	-0.15627088438404946	-0.3400000000000003	4.8577287215155474e-05	3.0875633114657575e-06	0.5341004828078653				
2021-05-05 07:00:00	16200	3.06	2.96	3.02	3.04	2.71	ILP.MI	2.5	2.53	2.45	2.51	3.26	1.7	1.0	1.0	1.0	1	1.0	1.0	1.0	1.0	1.0	1.0										1.0			2.26		2.45		2.45						1.0			2.11	0.04	0.04	0.24	0.01	0.01	0.05	2.7	0.24	0.0	0.0	15.19					1	0.04	0.04	0.37	0.01	0.01	0.08	0.37	0.0	0.0	59.26					0.04	0.04	-1.3	0.01	0.01	-0.25	-1.3	0.0	-0.0	0.23					0.04	0.04	-1.32	0.01	0.01	-0.36	-1.32	0.0	-0.0	0.44					0.040000000000000036	0.040000000000000036	-0.30000000000000027	0.01333333333333342	0.013245226750020723	-0.14502116284250344	-0.30000000000000027	0.0001227505570152703	7.663399494717282e-05	1.328910009648105				
2021-05-06 07:00:00	15000	3.14	3.02	3.08	3.14	2.8	ILP.MI	2.54	2.59	2.49	2.59	3.26	1.7	1.0	1.0	1.0	1	1.0	1.0	1.0	1.0	1.0	1.0										1.0			2.26										1.0			2.11	0.1	0.1	0.34	0.03	0.03	0.09	2.82	0.34	0.0	0.0	16.39					1	0.1	0.1	0.47	0.03	0.03	0.12	0.47	0.0	0.0	60.0					0.1	0.1	-1.2	0.03	0.03	-0.23	-1.2	0.0	0.0	4.53					0.1	0.1	-1.22	0.03	0.03	-0.34	-1.22	0.0	0.0	4.89					0.10000000000000009	0.10000000000000009	-0.20000000000000018	0.03289473684210531	0.032365284502031716	-0.11689685898863833	-0.20000000000000018	0.000274753263932199	0.00022733885107384388	2.8837989006795866				
2021-05-07 07:00:00	2400	3.16	3.14	3.14	3.14	2.8	ILP.MI	2.58	2.6	2.58	2.58	3.26	1.7	1.0	1.0	1.0	1	1.0	1.0	1.0	1.0	1.0	1.0										1.0			2.26										1.0			2.11	0.0	0.0	0.34	0.0	0.0	0.09	2.96	0.34	0.0	0.0	19.43					1	0.0	0.0	0.47	0.0	0.0	0.12	0.47	0.01	0.01	64.38					0.0	0.0	-1.2	0.0	0.0	-0.23	-1.2	0.0	0.0	3.62					0.0	0.0	-1.22	0.0	0.0	-0.34	-1.22	0.0	0.0	3.93					0.0	0.0	-0.20000000000000018	0.0	0.0	-0.11689685898863833	-0.20000000000000018	0.0005378161071817236	0.0004913995004254268	5.728298375967633				
2021-05-10 07:00:00	600	3.18	3.18	3.18	3.18	2.83	ILP.MI	2.59	2.59	2.59	2.59	3.26	1.7	1.0	1.0	1.0	1	1.0	1.0	1.0	1.0	1.0	1.0										1.0			2.26										1.0			2.11	0.04	0.04	0.38	0.01	0.01	0.1	2.96	0.38	0.0	0.0	19.95					1	0.04	0.04	0.51	0.01	0.01	0.13	0.51	0.01	0.01	64.71					0.04	0.04	-1.16	0.01	0.01	-0.22	-1.16	0.0	0.0	4.36					0.04	0.04	-1.18	0.01	0.01	-0.33	-1.18	0.0	0.0	4.72					0.040000000000000036	0.040000000000000036	-0.16000000000000014	0.01273885350318471	0.012658396871923465	-0.10564713744709231	-0.16000000000000014	0.0006099689693516873	0.0005629490170988571	6.405702365818826				
2021-05-11 07:00:00	14400	3.26	3.18	3.2	3.26	2.91	ILP.MI	2.65	2.7	2.63	2.7	3.26	1.7	1.0	1.0	1.0	1	1.0	1.0	1.0	1.0	1.0	1.0	3.26									1.0			2.26	2.7									1.0			2.11	0.08	0.08	0.46	0.03	0.02	0.13	2.96	0.46	0.0	0.0	20.54					1	0.08	0.08	0.59	0.03	0.02	0.16	0.59	0.01	0.01	69.09					0.08	0.08	-1.08	0.03	0.02	-0.2	-1.08	0.0	0.0	8.31					0.08	0.08	-1.1	0.03	0.02	-0.31	-1.1	0.0	0.0	8.76					0.07999999999999963	0.07999999999999963	-0.08000000000000052	0.025157232704402288	0.024845998586530586	-0.08314769436400049	-0.08000000000000052	0.0006925232751922965	0.0006448082658800924	7.1578252588353095				
2021-05-12 07:00:00	23400	3.28	3.08	3.28	3.12	2.78	ILP.MI	2.71	2.71	2.55	2.58	3.26	1.7	1.0	1.0	1.0	1	1.0	1.0	1.0	1.0	1.0	1.0										1.0			2.26										1.0			2.11	-0.14	-0.14	0.32	-0.04	-0.04	0.08	2.96	0.32	0.0	0.0	15.83					1	-0.14	-0.14	0.45	-0.04	-0.04	0.11	0.45	0.01	0.01	60.93					-0.14	-0.14	-1.22	-0.04	-0.04	-0.23	-1.22	0.0	0.0	4.2					-0.14	-0.14	-1.24	-0.04	-0.04	-0.34	-1.24	0.0	0.0	4.72					-0.13999999999999968	-0.13999999999999968	-0.2200000000000002	-0.04294478527607348	-0.043894193557225146	-0.1225217197594114	-0.2200000000000002	0.0003021846359221635	0.0002520491992374918	2.9985588643761005				
2021-05-13 07:00:00	4200	3.12	3.08	3.08	3.12	2.78	ILP.MI	2.54	2.58	2.54	2.58	3.26	1.7	1.0	1.0	1.0	1	1.0	1.0	1.0	1.0	1.0	1.0		3.08								1.0			2.26		2.54								1.0			2.11	0.0	0.0	0.32	0.0	0.0	0.08	2.96	0.32	0.0	0.0	15.83					1	0.0	0.0	0.45	0.0	0.0	0.11	0.45	0.01	0.01	60.93					0.0	0.0	-1.22	0.0	0.0	-0.23	-1.22	0.0	0.0	4.2					0.0	0.0	-1.24	0.0	0.0	-0.34	-1.24	0.0	0.0	4.72					0.0	0.0	-0.2200000000000002	0.0	0.0	-0.1225217197594114	-0.2200000000000002	0.0003021846359221635	0.0002520491992374918	2.9985588643761005				
2021-05-14 07:00:00	4800	3.22	3.12	3.12	3.22	2.87	ILP.MI	2.55	2.63	2.55	2.63	3.26	1.7	1.0	1.0	1.0	1	1.0	1.0	1.0	1.0	1.0	1.0										1.0			2.26										1.0			2.11	0.1	0.1	0.42	0.03	0.03	0.11	2.96	0.42	0.0	0.0	19.34					1	0.1	0.1	0.55	0.03	0.03	0.15	0.55	0.01	0.01	61.56					0.1	0.1	-1.12	0.03	0.03	-0.21	-1.12	0.0	0.0	5.59					0.1	0.1	-1.14	0.03	0.03	-0.32	-1.14	0.0	0.0	6.19					0.10000000000000009	0.10000000000000009	-0.1200000000000001	0.03205128205128216	0.03154835773492606	-0.09439741590554629	-0.1200000000000001	0.0007059415945568541	0.0006547638852740789	6.804257257555392				
2021-05-17 07:00:00	31800	3.44	3.16	3.26	3.34	3.01	ILP.MI	2.65	2.8	2.57	2.72	3.26	1.7	1.0	1.0	1.0	1	1.0	1.0	1.0	1.0	1.0	1.0										1.0			2.26										1.0			2.11	0.12	0.12	0.54	0.04	0.04	0.16	2.96	0.54	0.0	0.0	20.11					1	0.12	0.12	0.67	0.04	0.04	0.19	0.67	0.01	0.01	66.61					0.12	0.12	-1.0	0.04	0.04	-0.18	-1.0	0.0	0.0	10.06					0.12	0.12	-1.02	0.04	0.04	-0.29	-1.02	0.0	0.0	10.75					0.11999999999999966	0.11999999999999966	-4.440892098500626e-16	0.03726708074534146	0.03658944743229196	-0.06064825128090845	-4.440892098500626e-16	0.0008252045794778428	0.0007729780508811679	7.782160870110751				
2021-05-18 07:00:00	31800	3.42	3.22	3.38	3.42	3.08	ILP.MI	2.75	2.78	2.62	2.78	3.26	1.7	1.0	1.0	1.0	1	1.0	1.0	1.0	1.0	1.0	1.0										1.0			2.26										1.0			2.11	0.08	0.08	0.62	0.02	0.02	0.18	2.96	0.62	0.0	0.0	24.16					1	0.08	0.08	0.75	0.02	0.02	0.22	0.75	0.01	0.01	66.67					0.08	0.08	-0.92	0.02	0.02	-0.16	-0.92	0.0	0.0	10.19					0.08	0.08	-0.94	0.02	0.02	-0.28	-0.94	0.0	0.0	10.88					0.08000000000000007	0.08000000000000007	0.07999999999999963	0.0239520958083832	0.023669744085904703	-0.03814880819781641	0.07999999999999963	0.001256313554296666	0.0012042718391043206	11.790095755509071				
2021-05-19 07:00:00	22800	3.46	3.28	3.42	3.32	2.99	ILP.MI	2.82	2.86	2.71	2.74	3.26	1.7	1.0	1.0	1.0	1	1.0	1.0	1.0	1.0	1.0	1.0										1.0			2.26										1.0			2.11	-0.1	-0.1	0.52	-0.03	-0.03	0.15	2.96	0.52	0.0	0.0	20.41					1	-0.1	-0.1	0.65	-0.03	-0.03	0.18	0.65	0.01	0.01	60.74					-0.1	-0.1	-1.02	-0.03	-0.03	-0.19	-1.02	0.0	0.0	6.91					-0.1	-0.1	-1.04	-0.03	-0.03	-0.3	-1.04	0.0	0.0	7.63					-0.10000000000000009	-0.10000000000000009	-0.020000000000000462	-0.0292397660818714	-0.029675768146116666	-0.06627311205168152	-0.020000000000000462	0.0009221028914214177	0.0008682210028305715	8.420677613229877				
2021-05-20 07:00:00	12000	3.42	3.36	3.4	3.4	3.06	ILP.MI	2.78	2.8	2.75	2.78	3.26	1.7	1.0	1.0	1.0	1	1.0	1.0	1.0	1.0	1.0	1.0										1.0			2.26										1.0			2.11	0.08	0.08	0.6	0.02	0.02	0.18	2.96	0.6	0.0	0.0	21.22					1	0.08	0.08	0.73	0.02	0.02	0.21	0.73	0.01	0.01	61.25					0.08	0.08	-0.94	0.02	0.02	-0.17	-0.94	0.0	0.0	8.0					0.08	0.08	-0.96	0.02	0.02	-0.28	-0.96	0.0	0.0	8.77					0.08000000000000007	0.08000000000000007	0.05999999999999961	0.024096385542168752	0.023810648693718607	-0.04377366896858936	0.05999999999999961	0.0010578235889756142	0.0010027166097632545	9.43395657756814				
2021-05-21 07:00:00	23400	3.6	3.44	3.46	3.5	3.15	ILP.MI	2.8	2.91	2.78	2.83	3.26	1.7	1.0	1.0	1.0	1	1.0	1.0	1.0	1.0	1.0	1.0										1.0			2.26										1.0			2.11	0.1	0.1	0.7	0.03	0.03	0.21	2.96	0.7	0.0	0.0	25.27					1	0.1	0.1	0.83	0.03	0.03	0.25	0.83	0.01	0.01	61.43					0.1	0.1	-0.84	0.03	0.03	-0.14	-0.84	0.0	0.0	8.38					0.1	0.1	-0.86	0.03	0.03	-0.26	-0.86	0.0	0.0	9.17					0.10000000000000009	0.10000000000000009	0.1599999999999997	0.02941176470588247	0.028987536873252406	-0.015649365114724256	0.1599999999999997	0.0015236220652224772	0.0014684176936670124	13.460783447744411				
2021-05-24 07:00:00	4800	3.56	3.52	3.52	3.56	3.2	ILP.MI	2.86	2.89	2.86	2.89	3.26	1.7	1.0	1.0	1.0	1	1.0	1.0	1.0	1.0	1.0	1.0										1.0			2.26										1.0			2.11	0.06	0.06	0.76	0.02	0.02	0.23	2.96	0.76	0.0	0.0	30.97					1	0.06	0.06	0.89	0.02	0.02	0.27	0.89	0.01	0.01	60.74					0.06	0.06	-0.78	0.02	0.02	-0.13	-0.78	0.0	0.0	6.91					0.06	0.06	-0.8	0.02	0.02	-0.25	-0.8	0.0	0.0	7.64					0.06000000000000005	0.06000000000000005	0.21999999999999975	0.017142857142857126	0.016997576368571077	0.00122521719759483	0.21999999999999975	0.002038730434779989	0.001985575818380214	18.569294972789116				
2021-05-25 07:00:00	27000	3.76	3.58	3.58	3.7	3.33	ILP.MI	2.91	3.05	2.91	3.0	3.26	1.7	1.0	1.0	1.0	1	1.0	1.0	1.0	1.0	1.0	1.0										1.0			2.26										1.0			2.11	0.14	0.14	0.9	0.04	0.04	0.28	2.96	0.9	0.0	0.0	31.79					1	0.14	0.14	1.03	0.04	0.04	0.32	1.03	0.01	0.01	64.89					0.14	0.14	-0.64	0.04	0.04	-0.09	-0.64	0.0	0.0	10.98					0.14	0.14	-0.66	0.04	0.04	-0.22	-0.66	0.0	0.0	11.78					0.14000000000000012	0.14000000000000012	0.3599999999999999	0.0393258426966292	0.03857227478623965	0.040599242593005735	0.3599999999999999	0.0022093015816395563	0.0021546777886662927	19.590192366507708				
2021-05-26 07:00:00	23400	3.8	3.64	3.72	3.76	3.38	ILP.MI	3.03	3.1	2.97	3.07	3.26	1.7	1.0	1.0	1.0	1	1.0	1.0	1.0	1.0	1.0	1.0										1.0			2.26	3.1		3.1							1.0			2.11	0.06	0.06	0.96	0.02	0.02	0.3	2.96	0.96	0.0	0.0	31.69					1	0.06	0.06	1.09	0.02	0.02	0.34	1.09	0.01	0.01	69.91					0.06	0.06	-0.58	0.02	0.02	-0.08	-0.58	0.0	0.0	14.44					0.06	0.06	-0.6	0.02	0.02	-0.2	-0.6	0.0	0.0	15.25					0.05999999999999961	0.05999999999999961	0.4199999999999995	0.01621621621621605	0.016086137751624225	0.0574738249053246	0.4199999999999995	0.002188519813182719	0.0021340760801369374	19.4687108705562				
2021-05-27 07:00:00	31200	3.84	3.7	3.82	3.74	3.37	ILP.MI	3.08	3.1	2.98	3.02	3.26	1.7	1.0	1.0	1.0	1	1.0	1.0	1.0	1.0	1.0	1.0	3.84		3.84							1.0			2.26										1.0			2.11	-0.02	-0.02	0.94	-0.01	-0.01	0.29	2.96	0.94	0.0	0.0	32.01					1	-0.02	-0.02	1.07	-0.01	-0.01	0.33	1.07	0.01	0.01	66.84					-0.02	-0.02	-0.6	-0.01	-0.01	-0.08	-0.6	0.0	0.0	11.89					-0.02	-0.02	-0.62	-0.01	-0.01	-0.21	-0.62	0.0	0.0	12.68					-0.019999999999999574	-0.019999999999999574	0.3999999999999999	-0.005319148936170137	-0.005333345975362505	0.051848964134551645	0.3999999999999999	0.0022070475101000813	0.0021528368033374434	19.71982367049194				
2021-05-28 07:00:00	9000	3.74	3.66	3.7	3.74	3.37	ILP.MI	2.97	3.0	2.94	3.0	3.26	1.7	1.0	1.0	1.0	1	1.0	1.0	1.0	1.0	1.0	1.0		3.66								1.0			2.26										1.0			2.11	0.0	0.0	0.94	0.0	0.0	0.29	2.96	0.94	0.0	0.0	31.73					1	0.0	0.0	1.07	0.0	0.0	0.33	1.07	0.01	0.01	70.34					0.0	0.0	-0.6	0.0	0.0	-0.08	-0.6	0.0	0.0	14.26					0.0	0.0	-0.62	0.0	0.0	-0.21	-0.62	0.0	0.0	15.05					0.0	0.0	0.3999999999999999	0.0	0.0	0.051848964134551645	0.3999999999999999	0.0021489189610863118	0.0020952092569581637	19.375815517689645				
2021-05-31 07:00:00	16200	3.76	3.68	3.68	3.7	3.33	ILP.MI	2.95	3.02	2.95	2.97	3.26	1.7	1.0	1.0	1.0	1	1.0	1.0	1.0	1.0	1.0	1.0										1.0			2.26										1.0			2.11	-0.04	-0.04	0.9	-0.01	-0.01	0.28	2.96	0.9	0.0	0.0	29.06					1	-0.04	-0.04	1.03	-0.01	-0.01	0.32	1.03	0.01	0.01	66.72					-0.04	-0.04	-0.64	-0.01	-0.01	-0.09	-0.64	0.0	0.0	11.85					-0.04	-0.04	-0.66	-0.01	-0.01	-0.22	-0.66	0.0	0.0	12.64					-0.040000000000000036	-0.040000000000000036	0.3599999999999999	-0.010695187165775444	-0.01075279177626185	0.04059924259300551	0.3599999999999999	0.0018930715365019892	0.0018384316039459225	16.892291273698703				
2021-06-01 07:00:00	4200	3.74	3.68	3.68	3.74	3.37	ILP.MI	2.94	2.99	2.94	2.99	3.26	1.7	1.0	1.0	1.0	1	1.0	1.0	1.0	1.0	1.0	1.0	3.74									1.0			2.26										1.0			2.11	0.04	0.04	0.94	0.01	0.01	0.29	2.96	0.94	0.0	0.0	31.97					1	0.04	0.04	1.07	0.01	0.01	0.33	1.07	0.01	0.01	66.74					0.04	0.04	-0.6	0.01	0.01	-0.08	-0.6	0.0	0.0	11.89					0.04	0.04	-0.62	0.01	0.01	-0.21	-0.62	0.0	0.0	12.68					0.040000000000000036	0.040000000000000036	0.3999999999999999	0.010810810810810922	0.010752791776261915	0.051848964134551645	0.3999999999999999	0.0022086684016999316	0.002154365373987277	19.700740098623704				
2021-06-02 07:00:00	1200	3.72	3.72	3.72	3.72	3.35	ILP.MI	2.96	2.96	2.96	2.96	3.26	1.7	1.0	1.0	1.0	1	1.0	1.0	1.0	1.0	1.0	1.0										1.0			2.26										1.0			2.11	-0.02	-0.02	0.92	-0.01	-0.01	0.29	3.02	0.92	0.0	0.0	29.39					1	-0.02	-0.02	1.05	-0.01	-0.01	0.33	1.05	0.01	0.01	67.33					-0.02	-0.02	-0.62	-0.01	-0.01	-0.09	-0.62	0.0	0.0	12.1					-0.02	-0.02	-0.64	-0.01	-0.01	-0.21	-0.64	0.0	0.0	12.88					-0.020000000000000018	-0.020000000000000018	0.3799999999999999	-0.005347593582887722	-0.005361943141385399	0.04622410336377869	0.3799999999999999	0.0019171538933016726	0.0018627005850500034	17.167113901909055				
2021-06-03 07:00:00	14400	3.72	3.6	3.6	3.64	3.28	ILP.MI	2.86	2.95	2.86	2.89	3.26	1.7	1.0	1.0	1.0	1	1.0	1.0	1.0	1.0	1.0	1.0										1.0			2.26										1.0			2.11	-0.08	-0.08	0.84	-0.02	-0.02	0.26	3.08	0.84	0.0	0.0	25.73					1	-0.08	-0.08	0.97	-0.02	-0.02	0.3	0.97	0.01	0.01	65.8					-0.08	-0.08	-0.7	-0.02	-0.02	-0.11	-0.7	0.0	0.0	11.55					-0.08	-0.08	-0.72	-0.02	-0.02	-0.23	-0.72	0.0	0.0	12.36					-0.08000000000000007	-0.08000000000000007	0.2999999999999998	-0.021505376344086002	-0.021739986636405875	0.02372466028068665	0.2999999999999998	0.0015555530723972595	0.0015001466087323223	13.76935548145483				
2021-06-04 07:00:00	13800	3.7	3.58	3.64	3.64	3.28	ILP.MI	2.88	2.92	2.83	2.88	3.26	1.7	1.0	1.0	1.0	1	1.0	1.0	1.0	1.0	1.0	1.0		3.58		3.58						1.0			2.26										1.0			2.11	0.0	0.0	0.84	0.0	0.0	0.26	3.08	0.84	0.0	0.0	28.97					1	0.0	0.0	0.97	0.0	0.0	0.3	0.97	0.01	0.01	65.4					0.0	0.0	-0.7	0.0	0.0	-0.11	-0.7	0.0	0.0	10.71					0.0	0.0	-0.72	0.0	0.0	-0.23	-0.72	0.0	0.0	11.48					0.0	0.0	0.2999999999999998	0.0	0.0	0.02372466028068665	0.2999999999999998	0.0018513050651243488	0.0017972606870204633	16.700403829239974				
2021-06-07 07:00:00	3600	3.68	3.6	3.66	3.64	3.28	ILP.MI	2.86	2.88	2.82	2.85	3.26	1.7	1.0	1.0	1.0	1	1.0	1.0	1.0	1.0	1.0	1.0										1.0			2.26		2.82								1.0			2.11	0.0	0.0	0.84	0.0	0.0	0.26	3.08	0.84	0.0	0.0	28.97					1	0.0	0.0	0.97	0.0	0.0	0.3	0.97	0.01	0.01	65.4					0.0	0.0	-0.7	0.0	0.0	-0.11	-0.7	0.0	0.0	10.71					0.0	0.0	-0.72	0.0	0.0	-0.23	-0.72	0.0	0.0	11.48					0.0	0.0	0.2999999999999998	0.0	0.0	0.02372466028068665	0.2999999999999998	0.0018513050651243488	0.0017972606870204633	16.700403829239974				
2021-06-08 07:00:00	5400	3.72	3.66	3.66	3.72	3.35	ILP.MI	2.87	2.91	2.87	2.91	3.26	1.7	1.0	1.0	1.0	1	1.0	1.0	1.0	1.0	1.0	1.0	3.72									1.0			2.26	2.91									1.0			2.11	0.08	0.08	0.92	0.02	0.02	0.29	3.08	0.92	0.0	0.0	29.6					1	0.08	0.08	1.05	0.02	0.02	0.33	1.05	0.01	0.01	65.84					0.08	0.08	-0.62	0.02	0.02	-0.09	-0.62	0.0	0.0	11.63					0.08	0.08	-0.64	0.02	0.02	-0.21	-0.64	0.0	0.0	12.44					0.08000000000000007	0.08000000000000007	0.3799999999999999	0.0219780219780219	0.02173998663640582	0.04622410336377869	0.3799999999999999	0.0019773969876155017	0.001922236713883363	17.482543200127196				
2021-06-09 07:00:00	8400	3.72	3.66	3.7	3.72	3.35	ILP.MI	2.91	2.92	2.87	2.92	3.26	1.7	1.0	1.0	1.0	1	1.0	1.0	1.0	1.0	1.0	1.0										1.0			2.26										1.0			2.11	0.0	0.0	0.92	0.0	0.0	0.29	3.08	0.92	0.0	0.0	29.6					1	0.0	0.0	1.05	0.0	0.0	0.33	1.05	0.01	0.01	65.84					0.0	0.0	-0.62	0.0	0.0	-0.09	-0.62	0.0	0.0	11.63					0.0	0.0	-0.64	0.0	0.0	-0.21	-0.64	0.0	0.0	12.44					0.0	0.0	0.3799999999999999	0.0	0.0	0.04622410336377869	0.3799999999999999	0.0019773969876155017	0.001922236713883363	17.482543200127196				
2021-06-10 07:00:00	4800	3.72	3.62	3.72	3.64	3.28	ILP.MI	2.93	2.93	2.85	2.87	3.26	1.7	1.0	1.0	1.0	1	1.0	1.0	1.0	1.0	1.0	1.0		3.62								1.0			2.26		2.85								1.0			2.11	-0.08	-0.08	0.84	-0.02	-0.02	0.26	3.12	0.84	0.0	0.0	26.25					1	-0.08	-0.08	0.97	-0.02	-0.02	0.3	0.97	0.01	0.01	61.03					-0.08	-0.08	-0.7	-0.02	-0.02	-0.11	-0.7	0.0	0.0	8.78					-0.08	-0.08	-0.72	-0.02	-0.02	-0.23	-0.72	0.0	0.0	9.61					-0.08000000000000007	-0.08000000000000007	0.2999999999999998	-0.021505376344086002	-0.021739986636405875	0.02372466028068665	0.2999999999999998	0.0016711403510617992	0.0016144980376067153	14.471299948490689				
2021-06-11 07:00:00	9600	3.74	3.64	3.66	3.7	3.33	ILP.MI	2.88	2.94	2.86	2.91	3.26	1.7	1.0	1.0	1.0	1	1.0	1.0	1.0	1.0	1.0	1.0										1.0			2.26	2.94									1.0			2.11	0.06	0.06	0.9	0.02	0.02	0.28	3.16	0.9	0.0	0.0	26.72					1	0.06	0.06	1.03	0.02	0.02	0.32	1.03	0.01	0.01	61.36					0.06	0.06	-0.64	0.02	0.02	-0.09	-0.64	0.0	0.0	9.46					0.06	0.06	-0.66	0.02	0.02	-0.22	-0.66	0.0	0.0	10.33					0.06000000000000005	0.06000000000000005	0.3599999999999999	0.016483516483516425	0.01634913800152941	0.04059924259300551	0.3599999999999999	0.0017643304376705167	0.0017068276547584915	15.05279115040269				
2021-06-14 07:00:00	3000	3.74	3.68	3.74	3.68	3.31	ILP.MI	2.93	2.93	2.89	2.89	3.26	1.7	1.0	1.0	1.0	1	1.0	1.0	1.0	1.0	1.0	1.0	3.74									1.0			2.26										1.0			2.11	-0.02	-0.02	0.88	-0.01	-0.01	0.27	3.22	0.88	0.0	0.0	23.92					1	-0.02	-0.02	1.01	-0.01	-0.01	0.31	1.01	0.01	0.01	63.1					-0.02	-0.02	-0.66	-0.01	-0.01	-0.1	-0.66	0.0	0.0	10.1					-0.02	-0.02	-0.68	-0.01	-0.01	-0.22	-0.68	0.0	0.0	10.93					-0.020000000000000018	-0.020000000000000018	0.33999999999999986	-0.005405405405405461	-0.005420067469339256	0.03497438182223256	0.33999999999999986	0.0014130038214658696	0.0013559583678330878	12.212241441882028				
2021-06-15 07:00:00	1800	3.68	3.68	3.68	3.68	3.31	ILP.MI	2.89	2.89	2.89	2.89	3.26	1.7	1.0	1.0	1.0	1	1.0	1.0	1.0	1.0	1.0	1.0										1.0			2.26										1.0			2.11	0.0	0.0	0.88	0.0	0.0	0.27	3.28	0.88	0.0	0.0	23.3					1	0.0	0.0	1.01	0.0	0.0	0.31	1.01	0.01	0.01	67.83					0.0	0.0	-0.66	0.0	0.0	-0.1	-0.66	0.0	0.0	12.89					0.0	0.0	-0.68	0.0	0.0	-0.22	-0.68	0.0	0.0	13.7					0.0	0.0	0.33999999999999986	0.0	0.0	0.03497438182223256	0.33999999999999986	0.0012998686604877617	0.0012438841192758954	11.44700974028629				
2021-06-16 07:00:00	600	3.68	3.68	3.68	3.68	3.31	ILP.MI	2.89	2.89	2.89	2.89	3.26	1.7	1.0	1.0	1.0	1	1.0	1.0	1.0	1.0	1.0	1.0										1.0			2.26										1.0			2.11	0.0	0.0	0.88	0.0	0.0	0.27	3.36	0.88	0.0	0.0	25.53					1	0.0	0.0	1.01	0.0	0.0	0.31	1.01	0.01	0.01	67.73					0.0	0.0	-0.66	0.0	0.0	-0.1	-0.66	0.0	0.0	12.69					0.0	0.0	-0.68	0.0	0.0	-0.22	-0.68	0.0	0.0	13.49					0.0	0.0	0.33999999999999986	0.0	0.0	0.03497438182223256	0.33999999999999986	0.0015348767391363998	0.0014794507521209699	13.58154681528017				
2021-06-17 07:00:00	4200	3.7	3.6	3.68	3.7	3.33	ILP.MI	2.89	2.91	2.83	2.91	3.26	1.7	1.0	1.0	1.0	1	1.0	1.0	1.0	1.0	1.0	1.0										1.0			2.26		2.83		2.83						1.0			2.11	0.02	0.02	0.9	0.01	0.01	0.28	3.44	0.9	0.0	0.0	27.92					1	0.02	0.02	1.03	0.01	0.01	0.32	1.03	0.01	0.01	67.74					0.02	0.02	-0.64	0.01	0.01	-0.09	-0.64	0.0	0.0	12.7					0.02	0.02	-0.66	0.01	0.01	-0.22	-0.66	0.0	0.0	13.5					0.020000000000000018	0.020000000000000018	0.3599999999999999	0.005434782608695565	0.005420067469339113	0.04059924259300551	0.3599999999999999	0.0018001951714918304	0.0017450888782042373	15.924979924963154				
2021-06-18 07:00:00	7200	3.66	3.66	3.66	3.66	3.29	ILP.MI	2.93	2.93	2.93	2.93	3.26	1.7	1.0	1.0	1.0	1	1.0	1.0	1.0	1.0	1.0	1.0										1.0			2.26	2.93									1.0			2.11	-0.04	-0.04	0.86	-0.01	-0.01	0.27	3.52	0.86	0.0	0.0	25.32					1	-0.04	-0.04	0.99	-0.01	-0.01	0.31	0.99	0.01	0.01	64.17					-0.04	-0.04	-0.68	-0.01	-0.01	-0.1	-0.68	0.0	0.0	10.32					-0.04	-0.04	-0.7	-0.01	-0.01	-0.23	-0.7	0.0	0.0	11.12					-0.040000000000000036	-0.040000000000000036	0.31999999999999984	-0.010810810810810811	-0.010869672236903879	0.029349521051459382	0.31999999999999984	0.0015408037315060965	0.0014847906131834065	13.491122531580764				
2021-06-21 07:00:00	7800	3.64	3.6	3.62	3.64	3.28	ILP.MI	2.88	2.9	2.86	2.9	3.26	1.7	1.0	1.0	1.0	1	1.0	1.0	1.0	1.0	1.0	1.0		3.6								1.0			2.26		2.86								1.0			2.11	-0.02	-0.02	0.84	-0.01	-0.01	0.26	3.58	0.84	0.0	0.0	25.29					1	-0.02	-0.02	0.97	-0.01	-0.01	0.3	0.97	0.01	0.01	61.24					-0.02	-0.02	-0.7	-0.01	-0.01	-0.11	-0.7	0.0	0.0	7.98					-0.02	-0.02	-0.72	-0.01	-0.01	-0.23	-0.72	0.0	0.0	8.77					-0.020000000000000018	-0.020000000000000018	0.2999999999999998	-0.005464480874316946	-0.005479465764625596	0.023724660280686427	0.2999999999999998	0.001538904543047022	0.0014828681428844526	13.46890363193679				
2021-06-22 07:00:00	4800	3.8	3.7	3.7	3.8	3.42	ILP.MI	2.95	3.03	2.95	3.03	3.26	1.7	1.0	1.0	1.0	1	1.0	1.0	1.0	1.0	1.0	1.0	3.8		3.8							1.0			2.26										1.0			2.11	0.16	0.16	1.0	0.04	0.04	0.31	3.58	1.0	0.0	0.0	26.53					1	0.16	0.16	1.13	0.04	0.04	0.35	1.13	0.01	0.01	62.1					0.16	0.16	-0.54	0.04	0.04	-0.07	-0.54	0.0	0.0	9.75					0.16	0.16	-0.56	0.04	0.04	-0.2	-0.56	0.0	0.0	10.61					0.1599999999999997	0.1599999999999997	0.4599999999999995	0.0439560439560438	0.04301738508369064	0.06872354644687029	0.4599999999999995	0.0017841036380240585	0.0017258013150049933	15.013151187285594				
2021-06-23 07:00:00	10200	3.8	3.72	3.8	3.72	3.35	ILP.MI	3.06	3.06	3.0	3.0	3.26	1.7	1.0	1.0	1.0	1	1.0	1.0	1.0	1.0	1.0	1.0										1.0			2.26	3.06		3.06							1.0			2.11	-0.08	-0.08	0.92	-0.02	-0.02	0.29	3.58	0.92	0.0	0.0	23.22					1	-0.08	-0.08	1.05	-0.02	-0.02	0.33	1.05	0.01	0.01	60.15					-0.08	-0.08	-0.62	-0.02	-0.02	-0.09	-0.62	0.0	0.0	9.05					-0.08	-0.08	-0.64	-0.02	-0.02	-0.21	-0.64	0.0	0.0	9.94					-0.07999999999999963	-0.07999999999999963	0.3799999999999999	-0.021052631578947323	-0.02127739844728485	0.046224103363778246	0.3799999999999999	0.0014441867160156748	0.0013846952872318408	11.968672259630559				
2021-06-24 07:00:00	2400	3.7	3.66	3.7	3.7	3.33	ILP.MI	2.94	2.94	2.91	2.94	3.26	1.7	1.0	1.0	1.0	1	1.0	1.0	1.0	1.0	1.0	1.0										1.0			2.26										1.0			2.11	-0.02	-0.02	0.9	-0.01	-0.01	0.28	3.58	0.9	0.0	0.0	21.06					1	-0.02	-0.02	1.03	-0.01	-0.01	0.32	1.03	0.01	0.01	57.45					-0.02	-0.02	-0.64	-0.01	-0.01	-0.09	-0.64	0.0	0.0	7.0					-0.02	-0.02	-0.66	-0.01	-0.01	-0.22	-0.66	0.0	0.0	7.88					-0.020000000000000018	-0.020000000000000018	0.3599999999999999	-0.005376344086021501	-0.005390848634876423	0.04059924259300529	0.3599999999999999	0.0012002192144444255	0.0011401713117042966	9.897662084526225				
2021-06-25 07:00:00	7800	3.7	3.62	3.64	3.64	3.28	ILP.MI	2.88	2.93	2.87	2.88	3.26	1.7	1.0	1.0	1.0	1	1.0	1.0	1.0	1.0	1.0	1.0										1.0			2.26		2.87								1.0			2.11	-0.06	-0.06	0.84	-0.02	-0.02	0.26	3.58	0.84	0.0	0.0	21.28					1	-0.06	-0.06	0.97	-0.02	-0.02	0.3	0.97	0.01	0.01	53.57					-0.06	-0.06	-0.7	-0.02	-0.02	-0.11	-0.7	0.0	0.0	3.67					-0.06	-0.06	-0.72	-0.02	-0.02	-0.23	-0.72	0.0	0.0	4.53					-0.06000000000000005	-0.06000000000000005	0.2999999999999998	-0.016216216216216273	-0.016349138001529526	0.023724660280686205	0.2999999999999998	0.0012166510936175547	0.0011568032703739295	10.066851103366396				
2021-06-28 07:00:00	2400	3.68	3.6	3.62	3.68	3.31	ILP.MI	2.9	2.95	2.88	2.95	3.26	1.7	1.0	1.0	1.0	1	1.0	1.0	1.0	1.0	1.0	1.0		3.6								1.0			2.26	2.95									1.0			2.11	0.04	0.04	0.88	0.01	0.01	0.27	3.58	0.88	0.0	0.0	21.16					1	0.04	0.04	1.01	0.01	0.01	0.31	1.01	0.01	0.01	53.8					0.04	0.04	-0.66	0.01	0.01	-0.1	-0.66	0.0	0.0	6.57					0.04	0.04	-0.68	0.01	0.01	-0.22	-0.68	0.0	0.0	7.44					0.040000000000000036	0.040000000000000036	0.33999999999999986	0.01098901098901095	0.01092907053219023	0.03497438182223234	0.33999999999999986	0.0011944651818226832	0.0011348355855087533	9.919290137574073				
2021-06-29 07:00:00	8400	3.68	3.6	3.68	3.68	3.31	ILP.MI	2.93	2.93	2.87	2.93	3.26	1.7	1.0	1.0	1.0	1	1.0	1.0	1.0	1.0	1.0	1.0										1.0			2.26		2.87								1.0			2.11	0.0	0.0	0.88	0.0	0.0	0.27	3.58	0.88	0.0	0.0	25.14					1	0.0	0.0	1.01	0.0	0.0	0.31	1.01	0.01	0.01	53.8					0.0	0.0	-0.66	0.0	0.0	-0.1	-0.66	0.0	0.0	5.1					0.0	0.0	-0.68	0.0	0.0	-0.22	-0.68	0.0	0.0	5.9					0.0	0.0	0.33999999999999986	0.0	0.0	0.03497438182223234	0.33999999999999986	0.001566058330201901	0.0015085553789260242	13.432067687410246				
2021-06-30 07:00:00	7200	3.68	3.58	3.64	3.68	3.31	ILP.MI	2.93	2.96	2.88	2.96	3.26	1.7	1.0	1.0	1.0	0	1.0	1.0	1.0	1.0	1.0	1.0										1.0			2.26										1.0			2.11	0.0	0.0	0.88	0.0	0.0	0.27	3.58	0.88	0.0	0.0	24.26					1	0.0	0.0	1.01	0.0	0.0	0.31	1.01	0.01	0.01	53.8					0.0	0.0	-0.66	0.0	0.0	-0.1	-0.66	0.0	0.0	8.24					0.0	0.0	-0.68	0.0	0.0	-0.22	-0.68	0.0	0.0	9.02					0.0	0.0	0.33999999999999986	0.0	0.0	0.03497438182223234	0.33999999999999986	0.001400529037649251	0.0013445810768513144	12.341842202658782				
2021-07-01 07:00:00	12000	3.7	3.6	3.7	3.68	3.31	ILP.MI	2.96	2.96	2.88	2.94	3.26	1.7	1.0	1.0	1.0	0	1.0	1.0	1.0	1.0	1.0	1.0										1.0			2.26										1.0			2.11	0.0	0.0	0.88	0.0	0.0	0.27	3.58	0.88	0.0	0.0	29.52					1	0.0	0.0	1.01	0.0	0.0	0.31	1.01	0.01	0.01	52.77					0.0	0.0	-0.66	0.0	0.0	-0.1	-0.66	0.0	0.0	6.03					0.0	0.0	-0.68	0.0	0.0	-0.22	-0.68	0.0	0.0	6.7					0.0	0.0	0.33999999999999986	0.0	0.0	0.03497438182223234	0.33999999999999986	0.0018233929634399702	0.0017702696569170673	16.848827496354694				
2021-07-02 07:00:00	6000	3.7	3.66	3.66	3.7	3.33	ILP.MI	2.93	2.96	2.93	2.96	3.26	1.7	1.0	1.0	1.0	0	1.0	1.0	1.0	1.0	1.0	1.0										1.0			2.26	2.96									1.0			2.11	0.02	0.02	0.9	0.01	0.01	0.28	3.58	0.9	0.0	0.0	29.11					1	0.0	0.0	1.01	0.0	0.0	0.31	1.01	0.01	0.01	57.0					0.02	0.02	-0.64	0.01	0.01	-0.09	-0.64	0.0	0.0	9.11					0.02	0.02	-0.66	0.01	0.01	-0.22	-0.66	0.0	0.0	9.77					0.020000000000000018	0.020000000000000018	0.3599999999999999	0.005434782608695565	0.005420067469339113	0.04059924259300507	0.3599999999999999	0.0017446685850262423	0.0016922443553042399	16.33070184377322				
2021-07-05 07:00:00	3600	3.74	3.64	3.64	3.74	3.37	ILP.MI	2.89	2.97	2.89	2.97	3.26	1.7	1.0	1.0	1.0	0	1.0	1.0	1.0	1.0	1.0	1.0	3.74									1.0			2.26										1.0			2.11	0.04	0.04	0.94	0.01	0.01	0.29	3.58	0.94	0.0	0.0	32.11					1	0.0	0.0	1.01	0.0	0.0	0.31	1.01	0.01	0.01	56.79					0.04	0.04	-0.6	0.01	0.01	-0.08	-0.6	0.0	0.0	9.16					0.04	0.04	-0.62	0.01	0.01	-0.21	-0.62	0.0	0.0	9.83					0.040000000000000036	0.040000000000000036	0.3999999999999999	0.010810810810810922	0.010752791776261915	0.0518489641345512	0.3999999999999999	0.002054420877157223	0.00200226421179317	19.222574092337993				
2021-07-06 07:00:00	15600	3.68	3.56	3.68	3.62	3.26	ILP.MI	2.95	2.95	2.85	2.9	3.26	1.7	1.0	1.0	1.0	0	1.0	1.0	1.0	1.0	1.0	1.0		3.56								1.0			2.26		2.85								1.0			2.11	-0.12	-0.12	0.82	-0.03	-0.03	0.25	3.56	0.82	0.0	0.0	30.42					1	-0.0	-0.0	1.01	-0.0	-0.0	0.31	1.01	0.01	0.01	56.58					-0.12	-0.12	-0.72	-0.03	-0.03	-0.11	-0.72	0.0	0.0	5.3					-0.12	-0.12	-0.74	-0.03	-0.03	-0.23	-0.74	0.0	0.0	5.99					-0.1200000000000001	-0.1200000000000001	0.2799999999999998	-0.03208556149732622	-0.03261158558876089	0.01809979950991325	0.2799999999999998	0.0019576439119522605	0.0019043126369682195	17.902341922689168				
2021-07-07 07:00:00	1200	3.64	3.64	3.64	3.64	3.28	ILP.MI	2.91	2.91	2.91	2.91	3.26	1.7	1.0	1.0	1.0	0	1.0	1.0	1.0	1.0	1.0	1.0	3.64									1.0			2.26										1.0			2.11	0.02	0.02	0.84	0.01	0.01	0.26	3.56	0.84	0.0	0.0	30.01					1	0.0	0.0	1.01	0.0	0.0	0.31	1.01	0.01	0.01	61.0					0.02	0.02	-0.7	0.01	0.01	-0.11	-0.7	0.0	0.0	8.35					0.02	0.02	-0.72	0.01	0.01	-0.23	-0.72	0.0	0.0	9.04					0.020000000000000018	0.020000000000000018	0.2999999999999998	0.005524861878453136	0.0055096558109697	0.023724660280686427	0.2999999999999998	0.0018780580164741364	0.0018254205954211233	17.396705979153097				
2021-07-08 07:00:00	4200	3.62	3.56	3.62	3.56	3.2	ILP.MI	2.97	2.97	2.92	2.92	3.26	1.7	1.0	1.0	1.0	0	1.0	1.0	1.0	1.0	1.0	1.0		3.56		3.56						1.0			2.26	2.97									1.0			2.11	-0.08	-0.08	0.76	-0.02	-0.02	0.23	3.56	0.76	0.0	0.0	26.23					1	-0.0	-0.0	1.01	-0.0	-0.0	0.31	1.01	0.01	0.01	64.38					-0.08	-0.08	-0.78	-0.02	-0.02	-0.13	-0.78	0.0	0.0	7.79					-0.08	-0.08	-0.8	-0.02	-0.02	-0.25	-0.8	0.0	0.0	8.5					-0.08000000000000007	-0.08000000000000007	0.21999999999999975	-0.02197802197802201	-0.022223136784710235	0.001225217197594386	0.21999999999999975	0.001519041126179916	0.001465437302779593	13.898213551776486				
2021-07-09 07:00:00	2400	3.6	3.56	3.56	3.6	3.24	ILP.MI	2.87	2.9	2.87	2.9	3.26	1.7	1.0	1.0	1.0	0	1.0	1.0	1.0	1.0	1.0	1.0	3.6									1.0			2.26										1.0			2.11	0.04	0.04	0.8	0.01	0.01	0.25	3.56	0.8	0.0	0.0	26.57					1	0.0	0.0	1.01	0.0	0.0	0.31	1.01	0.01	0.01	64.38					0.04	0.04	-0.74	0.01	0.01	-0.12	-0.74	0.0	0.0	8.3					0.04	0.04	-0.76	0.01	0.01	-0.24	-0.76	0.0	0.0	9.04					0.040000000000000036	0.040000000000000036	0.2599999999999998	0.011235955056179803	0.011173300598125255	0.012474938739140295	0.2599999999999998	0.0015827289395892287	0.0015285535735296563	14.328586888907076				
2021-07-12 07:00:00	600	3.56	3.56	3.56	3.56	3.2	ILP.MI	2.85	2.85	2.85	2.85	3.26	1.7	1.0	1.0	1.0	0	1.0	1.0	1.0	1.0	1.0	1.0		3.56								1.0			2.26		2.85								1.0			2.11	-0.04	-0.04	0.76	-0.01	-0.01	0.23	3.56	0.76	0.0	0.0	26.48					1	-0.0	-0.0	1.01	-0.0	-0.0	0.31	1.01	0.01	0.01	64.18					-0.04	-0.04	-0.78	-0.01	-0.01	-0.13	-0.78	0.0	0.0	5.44					-0.04	-0.04	-0.8	-0.01	-0.01	-0.25	-0.8	0.0	0.0	6.15					-0.040000000000000036	-0.040000000000000036	0.21999999999999975	-0.011111111111111072	-0.011173300598125189	0.001225217197594386	0.21999999999999975	0.0015766352992823583	0.0015223864601277004	14.253996538418825				
2021-07-13 07:00:00	7200	3.68	3.62	3.64	3.62	3.26	ILP.MI	2.92	2.96	2.91	2.91	3.26	1.7	1.0	1.0	1.0	0	1.0	1.0	1.0	1.0	1.0	1.0	3.68									1.0			2.26	2.96									1.0			2.11	0.06	0.06	0.82	0.02	0.02	0.25	3.56	0.82	0.0	0.0	26.08					1	0.0	0.0	1.01	0.0	0.0	0.31	1.01	0.01	0.01	70.37					0.06	0.06	-0.72	0.02	0.02	-0.11	-0.72	0.0	0.0	9.45					0.06	0.06	-0.74	0.02	0.02	-0.23	-0.74	0.0	0.0	10.16					0.06000000000000005	0.06000000000000005	0.2799999999999998	0.016853932584269593	0.016713480973740532	0.01809979950991325	0.2799999999999998	0.0015034169680558781	0.0014498253883417078	13.758431906806699				
2021-07-14 07:00:00	2400	3.62	3.6	3.62	3.6	3.24	ILP.MI	2.9	2.9	2.89	2.89	3.26	1.7	1.0	1.0	1.0	0	1.0	1.0	1.0	1.0	1.0	1.0		3.6								1.0			2.26		2.89								1.0			2.11	-0.02	-0.02	0.8	-0.01	-0.01	0.25	3.56	0.8	0.0	0.0	27.73					1	-0.0	-0.0	1.01	-0.0	-0.0	0.31	1.01	0.01	0.01	69.76					-0.02	-0.02	-0.74	-0.01	-0.01	-0.12	-0.74	0.0	0.0	5.88					-0.02	-0.02	-0.76	-0.01	-0.01	-0.24	-0.76	0.0	0.0	6.51					-0.020000000000000018	-0.020000000000000018	0.2599999999999998	-0.0055248618784530246	-0.005540180375615356	0.012474938739140295	0.2599999999999998	0.0016066970420793737	0.0015543363700329937	15.050737597567775				
2021-07-15 07:00:00	2400	3.68	3.68	3.68	3.68	3.31	ILP.MI	2.99	2.99	2.99	2.99	3.26	1.7	1.0	1.0	1.0	0	1.0	1.0	1.0	1.0	1.0	1.0	3.68									1.0			2.26										1.0			2.11	0.08	0.08	0.88	0.02	0.02	0.27	3.56	0.88	0.0	0.0	27.81					1	0.0	0.0	1.01	0.0	0.0	0.31	1.01	0.01	0.01	74.92					0.08	0.08	-0.66	0.02	0.02	-0.1	-0.66	0.0	0.0	9.76					0.08	0.08	-0.68	0.02	0.02	-0.22	-0.68	0.0	0.0	10.43					0.08000000000000007	0.08000000000000007	0.33999999999999986	0.022222222222222143	0.021978906718775167	0.03497438182223234	0.33999999999999986	0.001620208523462647	0.0015677282586621377	15.143098373599145				
2021-07-16 07:00:00	600	3.68	3.68	3.68	3.68	3.31	ILP.MI	3.0	3.0	3.0	3.0	3.26	1.7	1.0	1.0	1.0	0	1.0	1.0	1.0	1.0	1.0	1.0										1.0			2.26										1.0			2.11	0.0	0.0	0.88	0.0	0.0	0.27	3.56	0.88	0.0	0.0	27.81					1	0.0	0.0	1.01	0.0	0.0	0.31	1.01	0.01	0.01	74.92					0.0	0.0	-0.66	0.0	0.0	-0.1	-0.66	0.0	0.0	9.76					0.0	0.0	-0.68	0.0	0.0	-0.22	-0.68	0.0	0.0	10.43					0.0	0.0	0.33999999999999986	0.0	0.0	0.03497438182223234	0.33999999999999986	0.001620208523462647	0.0015677282586621377	15.143098373599145				
2021-07-19 07:00:00	8400	3.6	3.56	3.6	3.58	3.22	ILP.MI	3.04	3.04	3.0	3.02	3.26	1.7	1.0	1.0	1.0	0	1.0	1.0	1.0	1.0	1.0	1.0		3.56								1.0			2.26										1.0			2.11	-0.1	-0.1	0.78	-0.03	-0.03	0.24	3.56	0.78	0.0	0.0	26.58					1	-0.0	-0.0	1.01	-0.0	-0.0	0.31	1.01	0.01	0.01	74.71					-0.1	-0.1	-0.76	-0.03	-0.03	-0.12	-0.76	0.0	0.0	6.11					-0.1	-0.1	-0.78	-0.03	-0.03	-0.24	-0.78	0.0	0.0	6.79					-0.10000000000000009	-0.10000000000000009	0.23999999999999977	-0.02717391304347827	-0.02754995176823063	0.006850077968367119	0.23999999999999977	0.0015441086055642053	0.001490721742422485	14.18507280953154				
2021-07-20 07:00:00	600	3.62	3.62	3.62	3.62	3.26	ILP.MI	3.04	3.04	3.04	3.04	3.26	1.7	1.0	1.0	1.0	0	1.0	1.0	1.0	1.0	1.0	1.0										1.0			2.26	3.04		3.04							1.0			2.11	0.04	0.04	0.82	0.01	0.01	0.25	3.56	0.82	0.0	0.0	26.92					1	0.0	0.0	1.01	0.0	0.0	0.31	1.01	0.01	0.01	74.71					0.04	0.04	-0.72	0.01	0.01	-0.11	-0.72	0.0	0.0	6.63					0.04	0.04	-0.74	0.01	0.01	-0.23	-0.74	0.0	0.0	7.33					0.040000000000000036	0.040000000000000036	0.2799999999999998	0.011173184357541999	0.011111225425070849	0.01809979950991325	0.2799999999999998	0.0016074425904871086	0.0015534885191463843	14.612514845654587				
2021-07-21 07:00:00	5400	3.66	3.66	3.66	3.66	3.29	ILP.MI	3.0	3.0	3.0	3.0	3.26	1.7	1.0	1.0	1.0	0	1.0	1.0	1.0	1.0	1.0	1.0										1.0			2.26										1.0			2.11	0.04	0.04	0.86	0.01	0.01	0.27	3.56	0.86	0.0	0.0	34.12					1	0.0	0.0	1.01	0.0	0.0	0.31	1.01	0.01	0.01	73.24					0.04	0.04	-0.68	0.01	0.01	-0.1	-0.68	0.0	0.0	3.91					0.04	0.04	-0.7	0.01	0.01	-0.23	-0.7	0.0	0.0	4.47					0.040000000000000036	0.040000000000000036	0.31999999999999984	0.011049723756906049	0.010989121575595165	0.029349521051459382	0.31999999999999984	0.0021597392662291307	0.0021089264327978086	20.763825005221932				
2021-07-22 07:00:00	4800	3.68	3.68	3.68	3.68	3.31	ILP.MI	3.0	3.0	3.0	3.0	3.26	1.7	1.0	1.0	1.0	0	1.0	1.0	1.0	1.0	1.0	1.0	3.68									1.0			2.26										1.0			2.11	0.02	0.02	0.88	0.01	0.01	0.27	3.56	0.88	0.0	0.0	34.01					1	0.0	0.0	1.01	0.0	0.0	0.31	1.01	0.01	0.01	77.03					0.02	0.02	-0.66	0.01	0.01	-0.1	-0.66	0.0	0.0	6.59					0.02	0.02	-0.68	0.01	0.01	-0.22	-0.68	0.0	0.0	7.18					0.020000000000000018	0.020000000000000018	0.33999999999999986	0.005464480874316946	0.005449604767564685	0.03497438182223234	0.33999999999999986	0.002137890374272447	0.0020872639054247966	20.626127911095487				
2021-07-23 07:00:00	5400	3.68	3.62	3.62	3.68	3.31	ILP.MI	2.91	2.96	2.91	2.96	3.26	1.7	1.0	1.0	1.0	0	1.0	1.0	1.0	1.0	1.0	1.0										1.0			2.26										1.0			2.11	0.0	0.0	0.88	0.0	0.0	0.27	3.56	0.88	0.0	0.0	33.45					1	0.0	0.0	1.01	0.0	0.0	0.31	1.01	0.01	0.01	82.51					0.0	0.0	-0.66	0.0	0.0	-0.1	-0.66	0.0	0.0	9.46					0.0	0.0	-0.68	0.0	0.0	-0.22	-0.68	0.0	0.0	10.04					0.0	0.0	0.33999999999999986	0.0	0.0	0.03497438182223234	0.33999999999999986	0.0020294760028019623	0.0019797692600773686	19.92827799410766				
2021-07-26 07:00:00	6000	3.68	3.56	3.68	3.62	3.26	ILP.MI	2.94	2.94	2.84	2.89	3.26	1.7	1.0	1.0	-1.0	0	1.0	1.0	1.0	1.0	1.0	1.0		3.56								1.0			2.26		2.84		2.84						1.0			2.11	-0.06	-0.06	0.82	-0.02	-0.02	0.25	3.56	0.82	0.0	0.0	32.89					1	-0.0	-0.0	1.01	-0.0	-0.0	0.31	1.01	0.01	0.01	82.3					-0.06	-0.06	-0.72	-0.02	-0.02	-0.11	-0.72	0.0	0.0	6.22					-0.06	-0.06	-0.74	-0.02	-0.02	-0.23	-0.74	0.0	0.0	6.78					-0.06000000000000005	-0.06000000000000005	0.2799999999999998	-0.016304347826086918	-0.016438726343159835	0.01809979950991325	0.2799999999999998	0.001999870261630016	0.0019498141330127616	19.495694517489518				
2021-07-27 07:00:00	0	3.62	3.62	3.62	3.62	3.26	ILP.MI	2.92	2.92	2.92	2.92	3.26	1.7	1.0	1.0	-1.0	0	1.0	1.0	1.0	1.0	1.0	1.0										1.0			2.26										1.0			2.11	0.0	0.0	0.82	0.0	0.0	0.25	3.56	0.82	0.0	0.0	32.3					1	0.0	0.0	1.01	0.0	0.0	0.31	1.01	0.01	0.01	88.1					0.0	0.0	-0.72	0.0	0.0	-0.11	-0.72	0.0	0.0	9.11					0.0	0.0	-0.74	0.0	0.0	-0.23	-0.74	0.0	0.0	9.67					0.0	0.0	0.2799999999999998	0.0	0.0	0.01809979950991325	0.2799999999999998	0.0018904330526645962	0.0018413001014003783	18.76563408087202				
2021-07-28 07:00:00	1200	3.66	3.66	3.66	3.66	3.29	ILP.MI	2.93	2.93	2.93	2.93	3.26	1.7	1.0	1.0	-1.0	0	1.0	1.0	1.0	1.0	1.0	1.0										1.0			2.26	2.93									1.0			2.11	0.04	0.04	0.86	0.01	0.01	0.27	3.56	0.86	0.0	0.0	36.21					1	0.0	0.0	1.01	0.0	0.0	0.31	1.01	0.01	0.01	87.69					0.04	0.04	-0.68	0.01	0.01	-0.1	-0.68	0.0	0.0	8.72					0.04	0.04	-0.7	0.01	0.01	-0.23	-0.7	0.0	0.0	9.25					0.040000000000000036	0.040000000000000036	0.31999999999999984	0.011049723756906049	0.010989121575595165	0.029349521051459382	0.31999999999999984	0.0022334476737406964	0.0021850438340427214	22.369722054777277				
2021-07-29 07:00:00	2400	3.74	3.62	3.74	3.7	3.33	ILP.MI	2.96	2.96	2.87	2.93	3.26	1.7	1.0	1.0	-1.0	1	1.0	1.0	1.0	1.0	1.0	1.0	3.74		3.74			3.62				1.0			3.62										1.0			2.11	0.04	0.04	0.9	0.01	0.01	0.28	3.56	0.9	0.0	0.0	40.19					1	0.0	0.0	1.01	0.0	0.0	0.31	1.01	0.01	0.01	87.27					0.04	0.04	-0.64	0.01	0.01	-0.09	-0.64	0.0	0.0	8.32					0.04	0.04	-0.66	0.01	0.01	-0.22	-0.66	0.0	0.0	8.83					0.040000000000000036	0.040000000000000036	0.3599999999999999	0.010928961748633892	0.010869672236903891	0.04059924259300529	0.3599999999999999	0.002572771980090313	0.002525118878507815	26.005995788318316				
2021-07-30 07:00:00	5400	3.7	3.58	3.7	3.62	3.26	ILP.MI	2.95	2.95	2.85	2.88	3.26	1.7	1.0	1.0	-1.0	1	1.0	1.0	1.0	1.0	1.0	1.0		3.58								0.0			3.62		2.85								1.0			2.11	-0.08	-0.08	0.82	-0.02	-0.02	0.25	3.56	0.82	0.0	0.0	36.26					1	-0.08	-0.08	0.93	-0.02	-0.02	0.28	0.93	0.01	0.01	80.93					-0.08	-0.08	-0.72	-0.02	-0.02	-0.11	-0.72	0.0	0.0	5.27					-0.08	-0.08	-0.74	-0.02	-0.02	-0.23	-0.74	0.0	0.0	5.79					-0.08000000000000007	-0.08000000000000007	0.2799999999999998	-0.021621621621621623	-0.021858793812499073	0.01809979950991325	0.2799999999999998	0.002283885781152858	0.0022347934339013165	22.560325839302386				
2021-08-02 07:00:00	1800	3.7	3.62	3.62	3.7	3.33	ILP.MI	2.89	2.95	2.89	2.95	3.26	1.7	1.0	1.0	-1.0	1	1.0	1.0	1.0	1.0	1.0	1.0	3.7									0.0			3.62	2.95		2.95							1.0			2.11	0.08	0.08	0.9	0.02	0.02	0.28	3.56	0.9	0.0	0.0	36.36					1	0.08	0.08	1.01	0.02	0.02	0.31	1.01	0.01	0.01	87.15					0.08	0.08	-0.64	0.02	0.02	-0.09	-0.64	0.0	0.0	9.27					0.08	0.08	-0.66	0.02	0.02	-0.22	-0.66	0.0	0.0	9.84					0.08000000000000007	0.08000000000000007	0.3599999999999999	0.022099447513812098	0.021858793812499017	0.04059924259300529	0.3599999999999999	0.002303590282819899	0.0022543357947710785	22.683116195635066				
2021-08-03 07:00:00	1800	3.7	3.6	3.7	3.6	3.24	ILP.MI	2.95	2.95	2.87	2.87	3.26	1.7	1.0	1.0	-1.0	1	1.0	1.0	1.0	1.0	1.0	1.0										-1.0			3.62										1.0			2.11	-0.1	-0.1	0.8	-0.03	-0.03	0.25	3.56	0.8	0.0	0.0	34.88					1	-0.1	-0.1	0.91	-0.03	-0.03	0.28	0.91	0.01	0.01	79.74					-0.1	-0.1	-0.74	-0.03	-0.03	-0.12	-0.74	0.0	0.0	5.52					-0.1	-0.1	-0.76	-0.03	-0.03	-0.24	-0.76	0.0	0.0	6.1					-0.10000000000000009	-0.10000000000000009	0.2599999999999998	-0.027027027027027084	-0.027398974188114503	0.012474938739140295	0.2599999999999998	0.0022293942985641153	0.002179247562573705	21.546428919443912				
2021-08-04 07:00:00	0	3.6	3.6	3.6	3.6	3.24	ILP.MI	2.85	2.85	2.85	2.85	3.26	1.7	1.0	1.0	-1.0	1	1.0	1.0	1.0	1.0	1.0	1.0										-1.0			3.62										1.0			2.11	0.0	0.0	0.8	0.0	0.0	0.25	3.56	0.8	0.0	0.0	34.88					1	0.0	0.0	0.91	0.0	0.0	0.28	0.91	0.01	0.01	79.74					0.0	0.0	-0.74	0.0	0.0	-0.12	-0.74	0.0	0.0	5.52					0.0	0.0	-0.76	0.0	0.0	-0.24	-0.76	0.0	0.0	6.1					0.0	0.0	0.2599999999999998	0.0	0.0	0.012474938739140295	0.2599999999999998	0.0022293942985641153	0.002179247562573705	21.546428919443912				
2021-08-05 07:00:00	0	3.6	3.6	3.6	3.6	3.24	ILP.MI	2.84	2.84	2.84	2.84	3.26	1.7	1.0	1.0	-1.0	1	1.0	1.0	1.0	1.0	1.0	1.0		3.6								-1.0			3.62										1.0			2.11	0.0	0.0	0.8	0.0	0.0	0.25	3.56	0.8	0.0	0.0	34.88					1	0.0	0.0	0.91	0.0	0.0	0.28	0.91	0.01	0.01	79.74					0.0	0.0	-0.74	0.0	0.0	-0.12	-0.74	0.0	0.0	5.52					0.0	0.0	-0.76	0.0	0.0	-0.24	-0.76	0.0	0.0	6.1					0.0	0.0	0.2599999999999998	0.0	0.0	0.012474938739140295	0.2599999999999998	0.0022293942985641153	0.002179247562573705	21.546428919443912				
2021-08-06 07:00:00	0	3.6	3.6	3.6	3.6	3.24	ILP.MI	2.8	2.8	2.8	2.8	3.26	1.7	1.0	-1.0	-1.0	1	1.0	1.0	1.0	1.0	1.0	1.0										-1.0			3.62		2.8								1.0			2.11	0.0	0.0	0.8	0.0	0.0	0.25	3.56	0.8	0.0	0.0	33.74					1	0.0	0.0	0.91	0.0	0.0	0.28	0.91	0.01	0.01	88.86					0.0	0.0	-0.74	0.0	0.0	-0.12	-0.74	0.0	0.0	9.31					0.0	0.0	-0.76	0.0	0.0	-0.24	-0.76	0.0	0.0	9.83					0.0	0.0	0.2599999999999998	0.0	0.0	0.012474938739140295	0.2599999999999998	0.002006726363465318	0.00195841300920363	20.112053536357983				
2021-08-09 07:00:00	8400	3.72	3.58	3.68	3.6	3.24	ILP.MI	2.85	2.88	2.77	2.78	3.26	1.7	1.0	-1.0	-1.0	1	1.0	1.0	1.0	1.0	1.0	1.0	3.72									-1.0			3.62	2.88									1.0			2.11	0.0	0.0	0.8	0.0	0.0	0.25	3.56	0.8	0.0	0.0	36.56					1	0.0	0.0	0.91	0.0	0.0	0.28	0.91	0.01	0.01	88.64					0.0	0.0	-0.74	0.0	0.0	-0.12	-0.74	0.0	0.0	8.82					0.0	0.0	-0.76	0.0	0.0	-0.24	-0.76	0.0	0.0	9.32					0.0	0.0	0.2599999999999998	0.0	0.0	0.012474938739140295	0.2599999999999998	0.0022448247911762017	0.0021973481995691824	22.720605647098324				
2021-08-10 07:00:00	0	3.6	3.6	3.6	3.6	3.24	ILP.MI	2.78	2.78	2.78	2.78	3.26	1.75	1.0	-1.0	-1.0	1	1.0	1.0	1.0	1.0	1.0	1.0		3.6								-1.0			3.62										1.0			2.11	0.0	0.0	0.8	0.0	0.0	0.25	3.56	0.8	0.0	0.0	36.56					1	0.0	0.0	0.91	0.0	0.0	0.28	0.91	0.01	0.01	88.64					0.0	0.0	-0.74	0.0	0.0	-0.12	-0.74	0.0	0.0	8.82					0.0	0.0	-0.76	0.0	0.0	-0.24	-0.76	0.0	0.0	9.32					0.0	0.0	0.2599999999999998	0.0	0.0	0.012474938739140295	0.2599999999999998	0.0022448247911762017	0.0021973481995691824	22.720605647098324				
2021-08-11 07:00:00	3600	3.66	3.62	3.64	3.62	3.26	ILP.MI	2.78	2.8	2.77	2.77	3.26	1.76	1.0	-1.0	-1.0	1	1.0	1.0	1.0	1.0	1.0	1.0										-1.0			3.62										1.0			2.11	0.02	0.02	0.82	0.01	0.01	0.25	3.56	0.82	0.0	0.0	39.58					1	0.02	0.02	0.93	0.01	0.01	0.28	0.93	0.01	0.01	88.55					0.02	0.02	-0.72	0.01	0.01	-0.11	-0.72	0.0	0.0	8.61					0.02	0.02	-0.74	0.01	0.01	-0.23	-0.74	0.0	0.0	9.1					0.020000000000000018	0.020000000000000018	0.2799999999999998	0.005555555555555536	0.005540180375615351	0.01809979950991325	0.2799999999999998	0.002514450671434842	0.002467576214370659	25.562211756917478				
2021-08-12 07:00:00	3600	3.68	3.62	3.68	3.62	3.26	ILP.MI	2.8	2.8	2.76	2.76	3.26	1.77	1.0	-1.0	-1.0	1	1.0	1.0	1.0	1.0	1.0	1.0										-1.0			3.62		2.76								1.0			2.11	0.0	0.0	0.82	0.0	0.0	0.25	3.56	0.82	0.0	0.0	39.3					1	0.0	0.0	0.93	0.0	0.0	0.28	0.93	0.01	0.01	92.91					0.0	0.0	-0.72	0.0	0.0	-0.11	-0.72	0.0	0.0	11.13					0.0	0.0	-0.74	0.0	0.0	-0.23	-0.74	0.0	0.0	11.63					0.0	0.0	0.2799999999999998	0.0	0.0	0.01809979950991325	0.2799999999999998	0.0024566303333121236	0.002410200514444405	25.207401476828345				
2021-08-13 07:00:00	1200	3.7	3.68	3.7	3.68	3.31	ILP.MI	2.81	2.81	2.79	2.79	3.26	1.77	1.0	-1.0	-1.0	1	1.0	1.0	1.0	1.0	1.0	1.0	3.7									-1.0			3.62	2.81									1.0			2.11	0.06	0.06	0.88	0.02	0.02	0.27	3.56	0.88	0.0	0.0	43.53					1	0.06	0.06	0.99	0.02	0.02	0.31	0.99	0.01	0.01	92.85					0.06	0.06	-0.66	0.02	0.02	-0.1	-0.66	0.0	0.0	11.01					0.06	0.06	-0.68	0.02	0.02	-0.22	-0.68	0.0	0.0	11.5					0.06000000000000005	0.06000000000000005	0.33999999999999986	0.016574585635359185	0.01643872634315994	0.03497438182223234	0.33999999999999986	0.002827772624787687	0.0027819098684729315	29.12662438529386				
2021-08-16 07:00:00	5400	3.64	3.6	3.64	3.6	3.24	ILP.MI	2.78	2.78	2.75	2.75	3.26	1.81	1.0	-1.0	-1.0	1	1.0	1.0	1.0	1.0	1.0	1.0										-1.0			3.62		2.75		2.75		2.75				0.0			2.75	-0.08	-0.08	0.8	-0.02	-0.02	0.25		0.8	0.0	0.0	43.21					1	-0.08	-0.08	0.91	-0.02	-0.02	0.28	0.91	0.01	0.01	85.75					-0.08	-0.08	-0.74	-0.02	-0.02	-0.12	-0.74	0.0	0.0	6.9					-0.08	-0.08	-0.76	-0.02	-0.02	-0.24	-0.76	0.0	0.0	7.35					-0.08000000000000007	-0.08000000000000007	0.2599999999999998	-0.021739130434782594	-0.02197890671877523	0.012474938739140295	0.2599999999999998	0.002814625160771843	0.0027686005319857987	28.884925935073888				
2021-08-17 07:00:00	0	3.6	3.6	3.6	3.6	3.24	ILP.MI	2.77	2.77	2.77	2.77	3.26	1.9	1.0	-1.0	-1.0	1	1.0	1.0	1.0	1.0	1.0	1.0		3.6								-1.0			3.62										0.0			2.75	0.0	0.0	0.8	0.0	0.0	0.25		0.8	0.0	0.0	49.65					1	0.0	0.0	0.91	0.0	0.0	0.28	0.91	0.01	0.01	84.62					0.0	0.0	-0.74	0.0	0.0	-0.12	-0.74	0.0	0.0	4.32					0.0	0.0	-0.76	0.0	0.0	-0.24	-0.76	0.0	0.0	11.61					0.0	0.0	0.2599999999999998	0.0	0.0	0.012474938739140295	0.2599999999999998	0.003178197213473994	0.003134712162852882	34.24332789046981				
2021-08-18 07:00:00	1800	3.7	3.62	3.7	3.62	3.26	ILP.MI	2.84	2.84	2.78	2.78	3.26	1.9	1.0	-1.0	-1.0	1	1.0	1.0	1.0	1.0	1.0	1.0	3.7									-1.0			3.62										0.0			2.75	0.02	0.02	0.82	0.01	0.01	0.25		0.82	0.0	0.0	60.73					1	0.02	0.02	0.93	0.01	0.01	0.28	0.93	0.01	0.01	82.66					0.02	0.02	-0.72	0.01	0.01	-0.11	-0.72	-0.0	-0.0	-0.37					0.02	0.02	-0.74	0.01	0.01	-0.23	-0.74	0.0	0.0	18.18					0.0	0.0	0.2599999999999998	0.0	0.0	0.012474938739140295	0.2599999999999998	0.0036448863798683273	0.003605234463878837	42.89762482529587				
2021-08-19 07:00:00	1800	3.62	3.6	3.62	3.6	3.24	ILP.MI	2.82	2.82	2.81	2.81	3.26	1.9	1.0	-1.0	-1.0	1	1.0	1.0	1.0	1.0	1.0	1.0										-1.0			3.62	2.82									0.0			2.75	-0.02	-0.02	0.8	-0.01	-0.01	0.25		0.8	0.0	0.0	57.08					1	-0.02	-0.02	0.91	-0.01	-0.01	0.28	0.91	0.01	0.01	86.24					-0.02	-0.02	-0.74	-0.01	-0.01	-0.12	-0.74	0.0	0.0	0.57					-0.02	-0.02	-0.76	-0.01	-0.01	-0.24	-0.76	0.0	0.0	14.26					-0.0	-0.0	0.2599999999999998	-0.0	-0.0	0.012474938739140295	0.2599999999999998	0.00348685365928995	0.0034482458295026497	42.04323652628652				
2021-08-20 07:00:00	600	3.6	3.6	3.6	3.6	3.24	ILP.MI	2.81	2.81	2.81	2.81	3.26	1.98	1.0	-1.0	-1.0	1	1.0	1.0	1.0	1.0	1.0	1.0		3.6								-1.0			3.62										0.0			2.75	0.0	0.0	0.8	0.0	0.0	0.25		0.8	0.0	0.0	57.08					1	0.0	0.0	0.91	0.0	0.0	0.28	0.91	0.01	0.01	86.24					0.0	0.0	-0.74	0.0	0.0	-0.12	-0.74	0.0	0.0	0.57					0.0	0.0	-0.76	0.0	0.0	-0.24	-0.76	0.0	0.0	14.26					0.0	0.0	0.2599999999999998	0.0	0.0	0.012474938739140295	0.2599999999999998	0.00348685365928995	0.0034482458295026497	42.04323652628652				
2021-08-23 07:00:00	0	3.6	3.6	3.6	3.6	3.24	ILP.MI	2.79	2.79	2.79	2.79	3.26	2.14	1.0	-1.0	-1.0	1	1.0	1.0	1.0	1.0	1.0	1.0										-1.0			3.62		2.79								0.0			2.75	0.0	0.0	0.8	0.0	0.0	0.25		0.8	0.0	0.0	53.59					1	0.0	0.0	0.91	0.0	0.0	0.28	0.91	0.0	0.0	82.54					0.0	0.0	-0.74	0.0	0.0	-0.12	-0.74	-0.0	-0.0	-8.87					0.0	0.0	-0.76	0.0	0.0	-0.24	-0.76	0.0	0.0	23.6					0.0	0.0	0.2599999999999998	0.0	0.0	0.012474938739140295	0.2599999999999998	0.004056143908697962	0.004022497624216026	56.48070624897356				
2021-08-24 07:00:00	1200	3.64	3.64	3.64	3.64	3.28	ILP.MI	2.83	2.83	2.83	2.83	3.26	2.17	1.0	-1.0	-1.0	1	1.0	1.0	1.0	1.0	1.0	1.0										-1.0			3.62										0.0			2.75	0.04	0.04	0.84	0.01	0.01	0.26		0.84	0.0	0.0	59.29					1	0.04	0.04	0.95	0.01	0.01	0.29	0.95	0.0	0.0	90.31					0.04	0.04	-0.7	0.01	0.01	-0.11	-0.7	-0.0	-0.0	-4.15					0.04	0.04	-0.72	0.01	0.01	-0.23	-0.72	0.0	0.0	22.93					0.0	0.0	0.2599999999999998	0.0	0.0	0.012474938739140295	0.2599999999999998	0.0043051655732472445	0.004272847822251125	61.91552103424227				
2021-08-25 07:00:00	5400	3.7	3.62	3.7	3.68	3.31	ILP.MI	2.87	2.87	2.81	2.85	3.26	2.22	1.0	-1.0	-1.0	1	1.0	1.0	1.0	1.0	1.0	1.0										-1.0			3.62										0.0			2.75	0.04	0.04	0.88	0.01	0.01	0.27		0.88	0.0	0.0	56.52					1	0.04	0.04	0.99	0.01	0.01	0.31	0.99	0.0	0.0	87.34					0.04	0.04	-0.66	0.01	0.01	-0.1	-0.66	0.0	0.0	4.42					0.04	0.04	-0.68	0.01	0.01	-0.22	-0.68	0.0	0.0	32.96					0.0	0.0	0.2599999999999998	0.0	0.0	0.012474938739140295	0.2599999999999998	0.003726693346659458	0.0036976150196843527	58.70161531902136				
2021-08-26 07:00:00	7200	3.72	3.72	3.72	3.72	3.35	ILP.MI	2.91	2.91	2.91	2.91	3.26	2.33	1.0	-1.0	-1.0	1	1.0	1.0	1.0	1.0	1.0	1.0										-1.0			3.62	2.91									0.0			2.75	0.04	0.04	0.92	0.01	0.01	0.29		0.92	0.0	0.0	56.4					1	0.04	0.04	1.03	0.01	0.01	0.32	1.03	0.0	0.0	87.2					0.04	0.04	-0.62	0.01	0.01	-0.09	-0.62	0.0	0.0	8.79					0.04	0.04	-0.64	0.01	0.01	-0.21	-0.64	0.0	0.0	37.25					0.0	0.0	0.2599999999999998	0.0	0.0	0.012474938739140295	0.2599999999999998	0.0036350252063990546	0.003606444629602912	58.13525667380219				
2021-08-27 07:00:00	0	3.72	3.72	3.72	3.72	3.35	ILP.MI	2.89	2.89	2.89	2.89	3.26	2.45	1.0	-1.0	-1.0	1	1.0	1.0	1.0	1.0	1.0	1.0										-1.0			3.62		2.89								0.0			2.75	0.0	0.0	0.92	0.0	0.0	0.29		0.92	0.0	0.0	48.9					1	0.0	0.0	1.03	0.0	0.0	0.32	1.03	0.0	0.0	78.78					0.0	0.0	-0.62	0.0	0.0	-0.09	-0.62	0.0	0.0	24.08					0.0	0.0	-0.64	0.0	0.0	-0.21	-0.64	0.0	0.0	58.17					0.0	0.0	0.2599999999999998	0.0	0.0	0.012474938739140295	0.2599999999999998	0.0025851982218431185	0.0025620136745871935	50.147578328246624				
2021-08-30 07:00:00	3000	3.76	3.74	3.74	3.76	3.38	ILP.MI	2.9	2.92	2.9	2.92	3.14	2.45	1.0	-1.0	-1.0	1	1.0	1.0	1.0	1.0	1.0	1.0	3.76									-1.0			3.62	2.92									0.0			2.75	0.04	0.04	0.96	0.01	0.01	0.3		0.96	0.0	0.0	41.56					1	0.04	0.04	1.07	0.01	0.01	0.33	1.07	0.0	0.0	70.02					0.04	0.04	-0.58	0.01	0.01	-0.08	-0.58	0.0	0.0	41.56					0.04	0.04	-0.6	0.01	0.01	-0.2	-0.6	0.0	0.0	82.84					0.0	0.0	0.2599999999999998	0.0	0.0	0.012474938739140295	0.2599999999999998	0.0017819984509914884	0.0017625636852560689	41.29307597252263				
2021-08-31 07:00:00	600	3.68	3.68	3.68	3.68	3.31	ILP.MI	2.86	2.86	2.86	2.86	3.1	2.45	1.0	-1.0	-1.0	1	1.0	1.0	1.0	1.0	1.0	1.0		3.68								-1.0			3.62		2.86								0.0			2.75	-0.08	-0.08	0.88	-0.02	-0.02	0.27		0.88	0.0	0.0	46.89					1	-0.08	-0.08	0.99	-0.02	-0.02	0.31	0.99	0.0	0.0	78.48					-0.08	-0.08	-0.66	-0.02	-0.02	-0.1	-0.66	0.0	0.0	46.89					-0.08	-0.08	-0.68	-0.02	-0.02	-0.22	-0.68	0.0	0.0	72.3					-0.0	-0.0	0.2599999999999998	-0.0	-0.0	0.012474938739140295	0.2599999999999998	0.0021082361665484012	0.002090771375203637	53.42058405621418				
2021-09-01 07:00:00	9000	3.78	3.64	3.7	3.78	3.4	ILP.MI	2.86	2.92	2.81	2.92	3.1	2.45	1.0	-1.0	-1.0	1	1.0	1.0	1.0	1.0	1.0	1.0										-1.0			3.62										0.0			2.75	0.1	0.1	0.98	0.03	0.03	0.31		0.98	0.0	0.0	48.87					1	0.1	0.1	1.09	0.03	0.03	0.34	1.09	0.0	0.0	80.9					0.1	0.1	-0.56	0.03	0.03	-0.07	-0.56	0.0	0.0	48.87					0.1	0.1	-0.58	0.03	0.03	-0.2	-0.58	0.0	0.0	73.8					0.0	0.0	0.2599999999999998	0.0	0.0	0.012474938739140295	0.2599999999999998	0.0021082361665484012	0.002090771375203637	53.42058405621418				
2021-09-02 07:00:00	6600	3.82	3.72	3.82	3.72	3.35	ILP.MI	2.94	2.94	2.87	2.87	3.1	2.45	1.0	-1.0	1.0	1	1.0	1.0	1.0	1.0	1.0	1.0	3.82									-1.0			3.62	2.94									0.0			2.75	-0.06	-0.06	0.92	-0.02	-0.02	0.29		0.92	0.0	0.0	48.14					1	-0.06	-0.06	1.03	-0.02	-0.02	0.32	1.03	0.0	0.0	79.74					-0.06	-0.06	-0.62	-0.02	-0.02	-0.09	-0.62	0.0	0.0	48.14					-0.06	-0.06	-0.64	-0.02	-0.02	-0.21	-0.64	0.0	0.0	67.17					-0.0	-0.0	0.2599999999999998	-0.0	-0.0	0.012474938739140295	0.2599999999999998	0.0022694354448748915	0.0022525501314731855	58.5359883282837				
2021-09-03 07:00:00	3600	3.72	3.72	3.72	3.72	3.35	ILP.MI	2.88	2.88	2.88	2.88	3.1	2.45	1.0	-1.0	1.0	1	1.0	1.0	1.0	1.0	1.0	1.0		3.72								-1.0			3.62		2.88								0.0			2.75	0.0	0.0	0.92	0.0	0.0	0.29		0.92	0.0	0.0	53.68					1	0.0	0.0	1.03	0.0	0.0	0.32	1.03	0.0	0.0	87.48					0.0	0.0	-0.62	0.0	0.0	-0.09	-0.62	0.0	0.0	53.68					0.0	0.0	-0.64	0.0	0.0	-0.21	-0.64	0.0	0.0	66.18					0.0	0.0	0.2599999999999998	0.0	0.0	0.012474938739140295	0.2599999999999998	0.0024463632927867168	0.002430213456115382	64.86824974351609				
2021-09-06 07:00:00	3600	3.8	3.78	3.78	3.78	3.4	ILP.MI	2.91	2.92	2.91	2.91	3.1	2.45	1.0	-1.0	1.0	1	1.0	1.0	1.0	1.0	1.0	1.0										-1.0			3.62										0.0			2.75	0.06	0.06	0.98	0.02	0.02	0.31		0.98	0.0	0.0	64.66					1	0.06	0.06	1.09	0.02	0.02	0.34	1.09	0.0	0.0	103.73					0.06	0.06	-0.56	0.02	0.02	-0.07	-0.56	0.0	0.0	64.66					0.06	0.06	-0.58	0.02	0.02	-0.2	-0.58	0.0	0.0	64.66					0.0	0.0	0.2599999999999998	0.0	0.0	0.012474938739140295	0.2599999999999998	0.0026909611864754475	0.0026761389916740708	76.50338565016011				
2021-09-07 07:00:00	3000	3.82	3.8	3.8	3.82	3.44	ILP.MI	2.95	2.96	2.95	2.96	3.1	2.45	1.0	-1.0	1.0	1	1.0	1.0	1.0	1.0	1.0	1.0										-1.0			3.62										0.0			2.75	0.04	0.04	1.02	0.01	0.01	0.32		1.02	0.0	0.0	69.46					1	0.04	0.04	1.13	0.01	0.01	0.35	1.13	0.0	0.0	110.06					0.04	0.04	-0.52	0.01	0.01	-0.06	-0.52	0.0	0.0	69.46					0.04	0.04	-0.54	0.01	0.01	-0.19	-0.54	0.0	0.0	64.95					0.0	0.0	0.2599999999999998	0.0	0.0	0.012474938739140295	0.2599999999999998	0.002826955444814899	0.0028125674108383514	81.22683501564345				
2021-09-08 07:00:00	42600	4.22	3.8	3.8	4.06	3.65	ILP.MI	2.97	3.3	2.97	3.17	3.3	2.45	1.0	1.0	1.0	1	1.0	1.0	1.0	1.0	1.0	1.0	4.22									-1.0			3.62	3.3									0.0			2.75	0.24	0.24	1.26	0.06	0.06	0.4		1.26	0.0	0.0	72.24					1	0.24	0.24	1.37	0.06	0.06	0.44	1.37	0.0	0.0	113.27					0.24	0.24	-0.28	0.06	0.06	-0.0	-0.28	0.0	0.0	72.24					0.24	0.24	-0.3	0.06	0.06	-0.14	-0.3	0.0	0.0	73.68					0.0	0.0	0.2599999999999998	0.0	0.0	0.012474938739140295	0.2599999999999998	0.002742930795521178	0.0027288287403002265	80.33257864243981				
2021-09-09 07:00:00	10800	4.14	3.96	4.1	3.96	3.56	ILP.MI	3.2	3.23	3.09	3.09	3.3	2.45	1.0	1.0	1.0	1	1.0	1.0	1.0	1.0	1.0	1.0		3.96								-1.0			3.62		3.09								0.0			2.75	-0.1	-0.1	1.16	-0.02	-0.02	0.37		1.16	0.0	0.0	70.9					1	-0.1	-0.1	1.27	-0.02	-0.02	0.4	1.27	0.0	0.0	111.05					-0.1	-0.1	-0.38	-0.02	-0.02	-0.03	-0.38	0.0	0.0	70.9					-0.1	-0.1	-0.4	-0.02	-0.02	-0.16	-0.4	0.0	0.0	65.18					-0.0	-0.0	0.2599999999999998	-0.0	-0.0	0.012474938739140295	0.2599999999999998	0.002909790350510304	0.002896400665625354	88.03627723504678				
2021-09-10 07:00:00	6600	4.1	4.04	4.08	4.04	3.64	ILP.MI	3.21	3.23	3.18	3.18	3.3	2.45	1.0	1.0	1.0	1	1.0	1.0	1.0	1.0	1.0	1.0										-1.0			3.62										0.0			2.75	0.08	0.08	1.24	0.02	0.02	0.4		1.24	0.0	0.0	71.33					1	0.08	0.08	1.35	0.02	0.02	0.43	1.35	0.0	0.0	111.53					0.08	0.08	-0.3	0.02	0.02	-0.01	-0.3	0.0	0.0	71.33					0.08	0.08	-0.32	0.02	0.02	-0.15	-0.32	0.0	0.0	71.33					0.0	0.0	0.2599999999999998	0.0	0.0	0.012474938739140295	0.2599999999999998	0.0028240750524648104	0.0028109599523287176	87.13345019648358				
2021-09-13 07:00:00	59400	4.4	4.14	4.14	4.3	3.87	ILP.MI	3.23	3.43	3.23	3.35	3.43	2.45	1.0	1.0	1.0	1	1.0	1.0	1.0	1.0	1.0	1.0										-1.0			3.62										0.0			2.75	0.26	0.26	1.5	0.06	0.06	0.49		1.5	0.0	0.0	78.28					1	0.26	0.26	1.61	0.06	0.06	0.53	1.61	0.0	0.0	120.17					0.26	0.26	-0.04	0.06	0.06	0.05	-0.04	0.0	0.0	78.28					0.26	0.26	-0.06	0.06	0.06	-0.09	-0.06	0.0	0.0	78.28					0.0	0.0	0.2599999999999998	0.0	0.0	0.012474938739140295	0.2599999999999998	0.0029541344916696344	0.0029414452074183473	92.1616985294857				
2021-09-14 07:00:00	18000	4.5	4.3	4.3	4.44	4.0	ILP.MI	3.34	3.49	3.34	3.45	3.49	2.45	1.0	1.0	1.0	1	1.0	1.0	1.0	1.0	1.0	1.0										-1.0			3.62										0.0			2.75	0.14	0.14	1.64	0.03	0.03	0.54		1.64	0.0	0.0	78.4					1	0.14	0.14	1.75	0.03	0.03	0.57	1.75	0.0	0.0	120.3					0.14	0.14	0.1	0.03	0.03	0.09	0.1	0.0	0.0	78.4					0.14	0.14	0.08	0.03	0.03	-0.06	0.08	0.0	0.0	78.4					0.0	0.0	0.2599999999999998	0.0	0.0	0.012474938739140295	0.2599999999999998	0.002740042901479638	0.00272799974405169	89.86252913738977				
2021-09-15 07:00:00	5400	4.48	4.46	4.46	4.46	4.01	ILP.MI	3.5	3.51	3.5	3.5	3.51	2.45	1.0	1.0	1.0	1	1.0	1.0	1.0	1.0	1.0	1.0	4.48									-1.0			3.62	3.51		3.51							0.0			2.75	0.02	0.02	1.66	0.0	0.0	0.54		1.66	0.0	0.0	86.15					1	0.02	0.02	1.77	0.0	0.0	0.58	1.77	0.0	0.0	131.87					0.02	0.02	0.12	0.0	0.0	0.09	0.12	0.0	0.0	86.15					0.02	0.02	0.1	0.0	0.0	-0.06	0.1	0.0	0.0	86.15					0.0	0.0	0.2599999999999998	0.0	0.0	0.012474938739140295	0.2599999999999998	0.002911373806613763	0.0029001113836901737	99.86691917177993				
2021-09-16 07:00:00	3600	4.38	4.3	4.32	4.38	3.94	ILP.MI	3.36	3.41	3.35	3.41	3.51	2.45	1.0	1.0	1.0	1	1.0	1.0	1.0	1.0	1.0	1.0										-1.0			3.62		3.35								0.0			2.75	-0.08	-0.08	1.58	-0.02	-0.02	0.51		1.58	0.0	0.0	91.45					1	-0.08	-0.08	1.69	-0.02	-0.02	0.55	1.69	0.0	0.0	140.97					-0.08	-0.08	0.04	-0.02	-0.02	0.07	0.04	0.0	0.0	91.45					-0.08	-0.08	0.02	-0.02	-0.02	-0.07	0.02	0.0	0.0	91.45					-0.0	-0.0	0.2599999999999998	-0.0	-0.0	0.012474938739140295	0.2599999999999998	0.003125299886122906	0.003115168098890786	116.91566916600223				
2021-09-17 07:00:00	3000	4.38	4.3	4.38	4.3	3.87	ILP.MI	3.44	3.44	3.38	3.38	3.51	2.45	1.0	1.0	1.0	1	1.0	1.0	1.0	1.0	1.0	1.0										-1.0			3.62	3.44									0.0			2.75	-0.08	-0.08	1.5	-0.02	-0.02	0.49		1.5	0.0	0.0	102.74					1	-0.08	-0.08	1.61	-0.02	-0.02	0.53	1.61	0.0	0.0	161.02					-0.08	-0.08	-0.04	-0.02	-0.02	0.05	-0.04	0.0	0.0	102.74					-0.08	-0.08	-0.06	-0.02	-0.02	-0.09	-0.06	0.0	0.0	102.74					-0.0	-0.0	0.2599999999999998	-0.0	-0.0	0.012474938739140295	0.2599999999999998	0.0033821577329629154	0.0033734758284051924	146.51353557430298				
2021-09-20 07:00:00	12000	4.3	4.02	4.3	4.18	3.76	ILP.MI	3.47	3.47	3.24	3.37	3.51	2.45	1.0	1.0	1.0	1	1.0	1.0	1.0	1.0	1.0	1.0		4.02								-1.0			3.62		3.24		3.24						0.0			2.75	-0.12	-0.12	1.38	-0.03	-0.03	0.45		1.38	0.0	0.0	97.09					1	-0.12	-0.12	1.49	-0.03	-0.03	0.48	1.49	0.0	0.0	150.87					-0.12	-0.12	-0.16	-0.03	-0.03	0.02	-0.16	0.0	0.0	97.09					-0.12	-0.12	-0.18	-0.03	-0.03	-0.12	-0.18	0.0	0.0	97.09					-0.0	-0.0	0.2599999999999998	-0.0	-0.0	0.012474938739140295	0.2599999999999998	0.0034949076171097654	0.0034865917073581	153.91689749904302				
2021-09-21 07:00:00	4800	4.36	4.2	4.2	4.36	3.92	ILP.MI	3.35	3.48	3.35	3.48	3.51	2.45	1.0	1.0	1.0	1	1.0	1.0	1.0	1.0	1.0	1.0										-1.0			3.62	3.48									0.0			2.75	0.18	0.18	1.56	0.04	0.04	0.51		1.56	0.0	0.0	103.45					1	0.18	0.18	1.67	0.04	0.04	0.55	1.67	0.01	0.01	159.38					0.18	0.18	0.02	0.04	0.04	0.07	0.02	0.0	0.0	103.45					0.18	0.18	0.0	0.04	0.04	-0.08	0.0	0.0	0.0	103.45					0.0	0.0	0.2599999999999998	0.0	0.0	0.012474938739140295	0.2599999999999998	0.0036064338535624412	0.0035984863754605634	161.5341545761629				
2021-09-22 07:00:00	7200	4.42	4.24	4.32	4.42	3.98	ILP.MI	3.4	3.47	3.33	3.47	3.51	2.49	1.0	1.0	1.0	1	1.0	1.0	1.0	1.0	1.0	1.0	4.42									-1.0			3.62										0.0			2.75	0.06	0.06	1.62	0.01	0.01	0.53		1.62	0.0	0.0	103.46					1	0.06	0.06	1.73	0.01	0.01	0.57	1.73	0.01	0.01	159.4					0.06	0.06	0.08	0.01	0.01	0.08	0.08	0.0	0.0	103.46					0.06	0.06	0.06	0.01	0.01	-0.07	0.06	0.0	0.0	103.46					0.0	0.0	0.2599999999999998	0.0	0.0	0.012474938739140295	0.2599999999999998	0.003503121084912279	0.003495390435332091	160.6236512083238				
2021-09-23 07:00:00	1800	4.36	4.3	4.32	4.36	3.92	ILP.MI	3.35	3.38	3.33	3.38	3.51	2.54	1.0	1.0	1.0	1	1.0	1.0	1.0	1.0	1.0	1.0		4.3								-1.0			3.62		3.33								0.0			2.75	-0.06	-0.06	1.56	-0.01	-0.01	0.51		1.56	0.0	0.0	95.77					1	-0.06	-0.06	1.67	-0.01	-0.01	0.55	1.67	0.0	0.0	148.25					-0.06	-0.06	0.02	-0.01	-0.01	0.07	0.02	0.0	0.0	95.77					-0.06	-0.06	0.0	-0.01	-0.01	-0.08	0.0	0.0	0.0	95.77					-0.0	-0.0	0.2599999999999998	-0.0	-0.0	0.012474938739140295	0.2599999999999998	0.003250671865796433	0.003243458476021699	158.2061569869182				
2021-09-24 07:00:00	54000	4.5	4.3	4.34	4.32	3.89	ILP.MI	3.38	3.5	3.35	3.36	3.51	2.54	1.0	1.0	1.0	1	1.0	1.0	1.0	1.0	1.0	1.0	4.5		4.5							-1.0			3.62	3.5									0.0			2.75	-0.04	-0.04	1.52	-0.01	-0.01	0.49		1.52	0.0	0.0	90.58					1	-0.04	-0.04	1.63	-0.01	-0.01	0.53	1.63	0.0	0.0	140.72					-0.04	-0.04	-0.02	-0.01	-0.01	0.06	-0.02	0.0	0.0	90.58					-0.04	-0.04	-0.04	-0.01	-0.01	-0.09	-0.04	0.0	0.0	90.58					-0.0	-0.0	0.2599999999999998	-0.0	-0.0	0.012474938739140295	0.2599999999999998	0.003250671865796433	0.003243458476021699	158.2061569869182				
2021-09-27 07:00:00	58200	4.48	4.26	4.44	4.28	3.85	ILP.MI	3.43	3.47	3.29	3.31	3.51	2.54	1.0	1.0	1.0	1	1.0	1.0	1.0	1.0	1.0	1.0		4.26								-1.0			3.62		3.29								0.0			2.75	-0.04	-0.04	1.48	-0.01	-0.01	0.48		1.48	0.0	0.0	84.95					1	-0.04	-0.04	1.59	-0.01	-0.01	0.52	1.59	0.0	0.0	132.8					-0.04	-0.04	-0.06	-0.01	-0.01	0.05	-0.06	0.0	0.0	84.95					-0.04	-0.04	-0.08	-0.01	-0.01	-0.09	-0.08	0.0	0.0	84.95					-0.0	-0.0	0.2599999999999998	-0.0	-0.0	0.012474938739140295	0.2599999999999998	0.003151936370195429	0.00314492043189718	157.17784648521152				
2021-09-28 07:00:00	36000	4.48	4.28	4.48	4.28	3.85	ILP.MI	3.54	3.54	3.38	3.38	3.54	2.54	1.0	1.0	1.0	1	1.0	1.0	1.0	1.0	1.0	1.0										-1.0			3.62	3.54		3.54							0.0			2.75	0.0	0.0	1.48	0.0	0.0	0.48		1.48	0.0	0.0	83.83					1	0.0	0.0	1.59	0.0	0.0	0.52	1.59	0.0	0.0	131.55					0.0	0.0	-0.06	0.0	0.0	0.05	-0.06	0.0	0.0	83.83					0.0	0.0	-0.08	0.0	0.0	-0.09	-0.08	0.0	0.0	83.83					0.0	0.0	0.2599999999999998	0.0	0.0	0.012474938739140295	0.2599999999999998	0.0029581375812204897	0.0029515012633583027	155.0047529627375				
2021-09-29 07:00:00	7200	4.42	4.28	4.32	4.34	3.91	ILP.MI	3.39	3.47	3.36	3.41	3.54	2.54	1.0	1.0	1.0	1	1.0	1.0	1.0	1.0	1.0	1.0										-1.0			3.62		3.36								0.0			2.75	0.06	0.06	1.54	0.01	0.01	0.5		1.54	0.0	0.0	98.13					1	0.06	0.06	1.65	0.01	0.01	0.54	1.65	0.0	0.0	154.86					0.06	0.06	0.0	0.01	0.01	0.06	0.0	0.0	0.0	98.13					0.06	0.06	-0.02	0.01	0.01	-0.08	-0.02	0.0	0.0	98.13					0.0	0.0	0.2599999999999998	0.0	0.0	0.012474938739140295	0.2599999999999998	0.0031382476852193503	0.0031324577051332625	185.29400673076225				
2021-09-30 07:00:00	7800	4.46	4.34	4.44	4.34	3.91	ILP.MI	3.49	3.51	3.42	3.42	3.54	2.55	1.0	1.0	1.0	1	1.0	1.0	1.0	1.0	1.0	1.0	4.46									-1.0			3.62	3.51									0.0			2.75	0.0	0.0	1.54	0.0	0.0	0.5		1.54	0.0	0.0	98.13					1	0.0	0.0	1.65	0.0	0.0	0.54	1.65	0.0	0.0	154.86					0.0	0.0	0.0	0.0	0.0	0.06	0.0	0.0	0.0	98.13					0.0	0.0	-0.02	0.0	0.0	-0.08	-0.02	0.0	0.0	98.13					0.0	0.0	0.2599999999999998	0.0	0.0	0.012474938739140295	0.2599999999999998	0.0031382476852193503	0.0031324577051332625	185.29400673076225				
2021-10-01 07:00:00	18600	4.44	4.22	4.34	4.28	3.85	ILP.MI	3.42	3.5	3.33	3.38	3.54	2.57	1.0	1.0	1.0	1	1.0	1.0	1.0	1.0	1.0	1.0		4.22		4.22						-1.0			3.62		3.33		3.33						0.0			2.75	-0.06	-0.06	1.48	-0.01	-0.01	0.48		1.48	0.0	0.0	89.98					1	-0.06	-0.06	1.59	-0.01	-0.01	0.52	1.59	0.0	0.0	142.93					-0.06	-0.06	-0.06	-0.01	-0.01	0.05	-0.06	0.0	0.0	89.98					-0.06	-0.06	-0.08	-0.01	-0.01	-0.09	-0.08	0.0	0.0	89.98					-0.0	-0.0	0.2599999999999998	-0.0	-0.0	0.012474938739140295	0.2599999999999998	0.0028890156591134344	0.002883654036463623	182.33561593320195				
2021-10-04 07:00:00	9600	4.4	4.32	4.38	4.38	3.94	ILP.MI	3.48	3.49	3.43	3.48	3.54	2.62	1.0	1.0	1.0	1	1.0	1.0	1.0	1.0	1.0	1.0										-1.0			3.62	3.49									0.0			2.75	0.1	0.1	1.58	0.02	0.02	0.51		1.58	0.0	0.0	89.31					1	0.1	0.1	1.69	0.02	0.02	0.55	1.69	0.0	0.0	142.18					0.1	0.1	0.04	0.02	0.02	0.07	0.04	0.0	0.0	89.31					0.1	0.1	0.02	0.02	0.02	-0.07	0.02	0.0	0.0	89.31					0.0	0.0	0.2599999999999998	0.0	0.0	0.012474938739140295	0.2599999999999998	0.0025999590243983278	0.0025950736541611175	178.34935681455036				
2021-10-05 07:00:00	19200	4.46	4.32	4.4	4.46	4.01	ILP.MI	3.43	3.47	3.36	3.47	3.54	2.71	1.0	1.0	1.0	1	1.0	1.0	1.0	1.0	1.0	1.0										-1.0			3.62		3.36								0.0			2.75	0.08	0.08	1.66	0.02	0.02	0.54		1.66	0.0	0.0	89.02					1	0.08	0.08	1.77	0.02	0.02	0.58	1.77	0.0	0.0	141.86					0.08	0.08	0.12	0.02	0.02	0.09	0.12	0.0	0.0	89.02					0.08	0.08	0.1	0.02	0.02	-0.06	0.1	0.0	0.0	89.02					0.0	0.0	0.2599999999999998	0.0	0.0	0.012474938739140295	0.2599999999999998	0.002412968046119681	0.002408379001832106	175.37967906605672				
2021-10-06 07:00:00	109800	5.1	4.4	4.46	4.64	4.18	ILP.MI	3.52	4.03	3.47	3.66	4.03	2.75	1.0	1.0	1.0	1	1.0	1.0	1.0	1.0	1.0	1.0	5.1		5.1		5.1					-1.0			3.62	4.03		4.03		4.03		4.03			0.0		4.03	2.75	0.18	0.18	1.84	0.04	0.04	0.6		1.84	0.0	0.0	101.93					1	0.18	0.18	1.95	0.04	0.04	0.65	1.95	0.0	0.0	162.18					0.18	0.18	0.3	0.04	0.04	0.14	0.3	0.0	0.0	101.93					0.18	0.18	0.28	0.04	0.04	-0.02	0.28	0.0	0.0	101.93					0.0	0.0	0.2599999999999998	0.0	0.0	0.012474938739140295	0.2599999999999998	0.0025466817056595675	0.0025426026873545116	202.4541608869657				
2021-10-07 07:00:00	36000	4.72	4.5	4.7	4.62	4.16	ILP.MI	3.65	3.67	3.5	3.59	4.03	2.75	1.0	1.0	1.0	1	1.0	1.0	1.0	1.0	1.0	1.0		4.5								-1.0			3.62		3.5								0.0			2.75	-0.02	-0.02	1.82	-0.0	-0.0	0.6		1.82	0.0	0.0	96.39					1	-0.02	-0.02	1.93	-0.0	-0.0	0.64	1.93	0.0	0.0	154.67					-0.02	-0.02	0.28	-0.0	-0.0	0.13	0.28	0.0	0.0	96.39					-0.02	-0.02	0.26	-0.0	-0.0	-0.02	0.26	0.0	0.0	96.39					-0.0	-0.0	0.2599999999999998	-0.0	-0.0	0.012474938739140295	0.2599999999999998	0.002356196516109818	0.0023523846754180955	199.24752437579545				
2021-10-08 07:00:00	44400	4.88	4.56	4.74	4.72	4.25	ILP.MI	3.68	3.79	3.54	3.66	4.03	2.75	1.0	1.0	1.0	1	1.0	1.0	1.0	1.0	1.0	1.0										-1.0			3.62										0.0			2.75	0.1	0.1	1.92	0.02	0.02	0.63		1.92	0.0	0.0	96.01					1	0.1	0.1	2.03	0.02	0.02	0.67	2.03	0.0	0.0	154.25					0.1	0.1	0.38	0.02	0.02	0.16	0.38	0.0	0.0	96.01					0.1	0.1	0.36	0.02	0.02	-0.0	0.36	0.0	0.0	96.01					0.0	0.0	0.2599999999999998	0.0	0.0	0.012474938739140295	0.2599999999999998	0.0021242962211237993	0.002120797465776425	194.7456793951787				
2021-10-11 07:00:00	38400	4.9	4.74	4.8	4.84	4.36	ILP.MI	3.74	3.82	3.69	3.77	4.03	2.75	1.0	1.0	1.0	1	1.0	1.0	1.0	1.0	1.0	1.0										-1.0			3.62										0.0			2.75	0.12	0.12	2.04	0.03	0.03	0.67		2.04	0.0	0.0	96.41					1	0.12	0.12	2.15	0.03	0.03	0.72	2.15	0.0	0.0	154.7					0.12	0.12	0.5	0.03	0.03	0.19	0.5	0.0	0.0	96.41					0.12	0.12	0.48	0.03	0.03	0.02	0.48	0.0	0.0	96.41					0.0	0.0	0.2599999999999998	0.0	0.0	0.012474938739140295	0.2599999999999998	0.0019883156101752307	0.0019849942172733837	191.73543429628106				
2021-10-12 07:00:00	28800	4.92	4.76	4.8	4.88	4.39	ILP.MI	3.73	3.83	3.7	3.8	4.03	2.75	1.0	1.0	1.0	1	1.0	1.0	1.0	1.0	1.0	1.0	4.92									-1.0			3.62	3.83									0.0			2.75	0.04	0.04	2.08	0.01	0.01	0.69		2.08	0.0	0.0	94.86					1	0.04	0.04	2.19	0.01	0.01	0.73	2.19	0.0	0.0	152.95					0.04	0.04	0.54	0.01	0.01	0.2	0.54	0.0	0.0	94.86					0.04	0.04	0.52	0.01	0.01	0.03	0.52	0.0	0.0	94.86					0.0	0.0	0.2599999999999998	0.0	0.0	0.012474938739140295	0.2599999999999998	0.001679737411885313	0.001676801433080355	183.59124380536633				
2021-10-13 07:00:00	11400	4.88	4.76	4.8	4.88	4.39	ILP.MI	3.74	3.8	3.71	3.8	4.03	2.75	1.0	1.0	1.0	1	1.0	1.0	1.0	1.0	1.0	1.0										-1.0			3.62										0.0			2.75	0.0	0.0	2.08	0.0	0.0	0.69		2.08	0.0	0.0	93.99					1	0.0	0.0	2.19	0.0	0.0	0.73	2.19	0.0	0.0	151.95					0.0	0.0	0.54	0.0	0.0	0.2	0.54	0.0	0.0	93.99					0.0	0.0	0.52	0.0	0.0	0.03	0.52	0.0	0.0	93.99					0.0	0.0	0.2599999999999998	0.0	0.0	0.012474938739140295	0.2599999999999998	0.001551048309872319	0.0015482660591779052	179.51479201410638				
2021-10-14 07:00:00	37800	4.9	4.76	4.9	4.8	4.32	ILP.MI	3.77	3.77	3.66	3.69	4.03	2.75	1.0	1.0	1.0	1	1.0	1.0	1.0	1.0	1.0	1.0										-1.0			3.62										0.0			2.75	-0.08	-0.08	2.0	-0.02	-0.02	0.66		2.0	0.0	0.0	91.01					1	-0.08	-0.08	2.11	-0.02	-0.02	0.7	2.11	0.0	0.0	146.5					-0.08	-0.08	0.46	-0.02	-0.02	0.18	0.46	0.0	0.0	91.01					-0.08	-0.08	0.44	-0.02	-0.02	0.02	0.44	0.0	0.0	91.01					-0.0	-0.0	0.2599999999999998	-0.0	-0.0	0.012474938739140295	0.2599999999999998	0.0016201307962112085	0.001617502857565789	190.72425833459297				
2021-10-15 07:00:00	37200	4.94	4.7	4.78	4.78	4.3	ILP.MI	3.65	3.77	3.59	3.65	4.03	2.75	1.0	1.0	1.0	1	1.0	1.0	1.0	1.0	1.0	1.0										-1.0			3.62										0.0			2.75	-0.02	-0.02	1.98	-0.0	-0.0	0.65		1.98	0.0	0.0	86.67					1	-0.02	-0.02	2.09	-0.0	-0.0	0.7	2.09	0.0	0.0	140.47					-0.02	-0.02	0.44	-0.0	-0.0	0.17	0.44	0.0	0.0	86.67					-0.02	-0.02	0.42	-0.0	-0.0	0.01	0.42	0.0	0.0	86.67					-0.0	-0.0	0.2599999999999998	-0.0	-0.0	0.012474938739140295	0.2599999999999998	0.0016201307962112085	0.001617502857565789	190.72425833459297				
2021-10-18 07:00:00	9600	4.8	4.68	4.7	4.78	4.33	ILP.MI	3.62	3.69	3.6	3.68	4.03	2.75	1.0	1.0	1.0	1	1.0	1.0	1.0	1.0	1.0	1.0		4.68								-1.0			3.62										0.0			2.75	0.0	0.0	1.98	0.0	0.0	0.65		1.98	0.0	0.0	92.75					1	0.0	0.0	2.09	0.0	0.0	0.7	2.09	0.0	0.0	149.66					0.0	0.0	0.44	0.0	0.0	0.17	0.44	0.0	0.0	92.75					0.0	0.0	0.42	0.0	0.0	0.01	0.42	0.0	0.0	92.75					0.0	0.0	0.2599999999999998	0.0	0.0	0.012474938739140295	0.2599999999999998	0.0016979016157966432	0.001695473297330441	207.03417952006694				
2021-10-19 07:00:00	30600	4.84	4.64	4.72	4.8	4.35	ILP.MI	3.62	3.71	3.56	3.68	4.03	2.75	1.0	1.0	1.0	1	1.0	1.0	1.0	1.0	1.0	1.0	4.84									-1.0			3.62										0.0			2.75	0.02	0.02	2.0	0.0	0.0	0.66		2.0	0.0	0.0	92.38					1	0.02	0.02	2.11	0.0	0.0	0.7	2.11	0.0	0.0	149.24					0.02	0.02	0.46	0.0	0.0	0.18	0.46	0.0	0.0	92.38					0.02	0.02	0.44	0.0	0.0	0.02	0.44	0.0	0.0	92.38					0.0	0.0	0.2599999999999998	0.0	0.0	0.012474938739140295	0.2599999999999998	0.001609728723231296	0.001607390526216168	204.33078025723137				
2021-10-20 07:00:00	164400	4.92	4.5	4.8	4.68	4.24	ILP.MI	3.65	3.74	3.42	3.56	4.03	2.75	1.0	1.0	1.0	1	1.0	1.0	1.0	1.0	1.0	1.0										-1.0			3.62										0.0			2.75	-0.12	-0.12	1.88	-0.03	-0.03	0.62		1.88	0.0	0.0	87.25					1	-0.12	-0.12	1.99	-0.03	-0.03	0.66	1.99	0.0	0.0	139.95					-0.12	-0.12	0.34	-0.03	-0.03	0.15	0.34	0.0	0.0	87.25					-0.12	-0.12	0.32	-0.03	-0.03	-0.01	0.32	0.0	0.0	87.25					-0.0	-0.0	0.2599999999999998	-0.0	-0.0	0.012474938739140295	0.2599999999999998	0.0016751092626045628	0.0016729164650610695	216.49410488958856				
2021-10-21 07:00:00	18000	4.72	4.54	4.54	4.68	4.24	ILP.MI	3.46	3.6	3.46	3.57	4.03	2.75	1.0	1.0	1.0	1	1.0	1.0	1.0	1.0	1.0	1.0		4.54								-1.0			3.62		3.46								0.0			2.75	0.0	0.0	1.88	0.0	0.0	0.62		1.88	0.0	0.0	96.17					1	0.0	0.0	1.99	0.0	0.0	0.66	1.99	0.0	0.0	154.28					0.0	0.0	0.34	0.0	0.0	0.15	0.34	0.0	0.0	96.17					0.0	0.0	0.32	0.0	0.0	-0.01	0.32	0.0	0.0	96.17					0.0	0.0	0.2599999999999998	0.0	0.0	0.012474938739140295	0.2599999999999998	0.001765622282941586	0.0017636936106304457	246.34398840611212				
2021-10-22 07:00:00	4200	4.74	4.68	4.72	4.68	4.24	ILP.MI	3.59	3.61	3.56	3.56	4.03	2.75	1.0	1.0	1.0	1	1.0	1.0	1.0	1.0	1.0	1.0	4.74									-1.0			3.62	3.61									0.0			2.75	0.0	0.0	1.88	0.0	0.0	0.62		1.88	0.0	0.0	96.17					1	0.0	0.0	1.99	0.0	0.0	0.66	1.99	0.0	0.0	154.28					0.0	0.0	0.34	0.0	0.0	0.15	0.34	0.0	0.0	96.17					0.0	0.0	0.32	0.0	0.0	-0.01	0.32	0.0	0.0	96.17					0.0	0.0	0.2599999999999998	0.0	0.0	0.012474938739140295	0.2599999999999998	0.001765622282941586	0.0017636936106304457	246.34398840611212				
2021-10-25 07:00:00	4200	4.7	4.64	4.66	4.64	4.2	ILP.MI	3.51	3.54	3.5	3.5	4.03	2.75	1.0	1.0	1.0	1	1.0	1.0	1.0	1.0	1.0	1.0		4.64								-1.0			3.62										0.0			2.75	-0.04	-0.04	1.84	-0.01	-0.01	0.6		1.84	0.0	0.0	90.58					1	-0.04	-0.04	1.95	-0.01	-0.01	0.65	1.95	0.0	0.0	145.97					-0.04	-0.04	0.3	-0.01	-0.01	0.14	0.3	0.0	0.0	90.58					-0.04	-0.04	0.28	-0.01	-0.01	-0.02	0.28	0.0	0.0	90.58					-0.0	-0.0	0.2599999999999998	-0.0	-0.0	0.012474938739140295	0.2599999999999998	0.001765622282941586	0.0017636936106304457	246.34398840611212				
2021-10-26 07:00:00	1200	4.7	4.66	4.7	4.66	4.22	ILP.MI	3.52	3.52	3.49	3.49	4.03	2.75	1.0	1.0	1.0	1	1.0	1.0	1.0	1.0	1.0	1.0	4.7									-1.0			3.62										0.0			2.75	0.02	0.02	1.86	0.0	0.0	0.61		1.86	0.0	0.0	89.58					1	0.02	0.02	1.97	0.0	0.0	0.65	1.97	0.0	0.0	144.81					0.02	0.02	0.32	0.0	0.0	0.14	0.32	0.0	0.0	89.58					0.02	0.02	0.3	0.0	0.0	-0.01	0.3	0.0	0.0	89.58					0.0	0.0	0.2599999999999998	0.0	0.0	0.012474938739140295	0.2599999999999998	0.0015830063951957772	0.0015812309796032764	240.82919094015924				
2021-10-27 07:00:00	3600	4.62	4.56	4.62	4.56	4.13	ILP.MI	3.48	3.48	3.44	3.44	4.03	2.75	1.0	1.0	1.0	1	1.0	1.0	1.0	1.0	1.0	1.0										-1.0			3.62										0.0			2.75	-0.1	-0.1	1.76	-0.02	-0.02	0.58		1.76	0.0	0.0	80.93					1	-0.1	-0.1	1.87	-0.02	-0.02	0.62	1.87	0.0	0.0	131.06					-0.1	-0.1	0.22	-0.02	-0.02	0.12	0.22	0.0	0.0	80.93					-0.1	-0.1	0.2	-0.02	-0.02	-0.04	0.2	0.0	0.0	80.93					-0.0	-0.0	0.2599999999999998	-0.0	-0.0	0.012474938739140295	0.2599999999999998	0.0015830063951957772	0.0015812309796032764	240.82919094015924				
2021-10-28 07:00:00	1200	4.56	4.56	4.56	4.56	4.13	ILP.MI	3.43	3.43	3.43	3.43	4.03	2.75	1.0	1.0	1.0	1	1.0	1.0	1.0	1.0	1.0	1.0										-1.0			3.62										0.0			2.75	0.0	0.0	1.76	0.0	0.0	0.58		1.76	0.0	0.0	89.59					1	0.0	0.0	1.87	0.0	0.0	0.62	1.87	0.0	0.0	144.83					0.0	0.0	0.22	0.0	0.0	0.12	0.22	0.0	0.0	89.59					0.0	0.0	0.2	0.0	0.0	-0.04	0.2	0.0	0.0	89.59					0.0	0.0	0.2599999999999998	0.0	0.0	0.012474938739140295	0.2599999999999998	0.0016669974195418777	0.0016654528452721973	275.5239709979955				
2021-10-29 07:00:00	4200	4.56	4.48	4.5	4.48	4.06	ILP.MI	3.38	3.43	3.37	3.37	4.03	2.75	1.0	1.0	1.0	1	1.0	1.0	1.0	1.0	1.0	1.0		4.48		4.48						-1.0			3.62										0.0			2.75	-0.08	-0.08	1.68	-0.02	-0.02	0.55		1.68	0.0	0.0	80.87					1	-0.08	-0.08	1.79	-0.02	-0.02	0.59	1.79	0.0	0.0	131.57					-0.08	-0.08	0.14	-0.02	-0.02	0.1	0.14	0.0	0.0	80.87					-0.08	-0.08	0.12	-0.02	-0.02	-0.05	0.12	0.0	0.0	80.87					-0.0	-0.0	0.2599999999999998	-0.0	-0.0	0.012474938739140295	0.2599999999999998	0.0015280297465288778	0.0015265860143487409	270.9752214021855				
2021-11-01 08:00:00	5400	4.6	4.44	4.52	4.6	4.17	ILP.MI	3.36	3.42	3.3	3.42	4.03	2.75	1.0	1.0	-1.0	1	1.0	1.0	1.0	1.0	1.0	1.0										-1.0			3.62		3.3		3.3						0.0			2.75	0.12	0.12	1.8	0.03	0.03	0.59		1.8	0.0	0.0	87.06					1	0.12	0.12	1.91	0.03	0.03	0.63	1.91	0.0	0.0	139.88					0.12	0.12	0.26	0.03	0.03	0.13	0.26	0.0	0.0	87.06					0.12	0.12	0.24	0.03	0.03	-0.03	0.24	0.0	0.0	87.06					0.0	0.0	0.2599999999999998	0.0	0.0	0.012474938739140295	0.2599999999999998	0.0015831899729136512	0.0015818575495130105	286.9394786199142				
2021-11-02 08:00:00	3000	4.62	4.52	4.62	4.52	4.09	ILP.MI	3.43	3.43	3.36	3.36	4.03	2.75	1.0	1.0	-1.0	1	1.0	1.0	1.0	1.0	1.0	1.0										-1.0			3.62										0.0			2.75	-0.08	-0.08	1.72	-0.02	-0.02	0.56		1.72	0.0	0.0	79.66					1	-0.08	-0.08	1.83	-0.02	-0.02	0.6	1.83	0.0	0.0	128.44					-0.08	-0.08	0.18	-0.02	-0.02	0.11	0.18	0.0	0.0	79.66					-0.08	-0.08	0.16	-0.02	-0.02	-0.04	0.16	0.0	0.0	79.66					-0.0	-0.0	0.2599999999999998	-0.0	-0.0	0.012474938739140295	0.2599999999999998	0.0015831899729136512	0.0015818575495130105	286.9394786199141				
2021-11-03 08:00:00	6000	4.68	4.58	4.58	4.64	4.2	ILP.MI	3.38	3.46	3.38	3.43	4.03	2.75	1.0	1.0	-1.0	1	1.0	1.0	1.0	1.0	1.0	1.0										-1.0			3.62										0.0			2.75	0.12	0.12	1.84	0.03	0.03	0.6		1.84	0.0	0.0	81.15					1	0.12	0.12	1.95	0.03	0.03	0.65	1.95	0.0	0.0	130.18					0.12	0.12	0.3	0.03	0.03	0.14	0.3	0.0	0.0	81.15					0.12	0.12	0.28	0.03	0.03	-0.02	0.28	0.0	0.0	81.15					0.0	0.0	0.2599999999999998	0.0	0.0	0.012474938739140295	0.2599999999999998	0.0015831899729136512	0.0015818575495130105	286.9394786199141				
2021-11-04 08:00:00	61800	4.96	4.78	4.78	4.9	4.44	ILP.MI	3.51	3.64	3.51	3.6	4.03	2.75	1.0	1.0	-1.0	1	1.0	1.0	1.0	1.0	1.0	1.0	4.96									-1.0			3.62	3.64		3.64							0.0			2.75	0.26	0.26	2.1	0.06	0.05	0.69		2.1	0.0	0.0	83.71					1	0.26	0.26	2.21	0.06	0.05	0.74	2.21	0.0	0.0	133.08					0.26	0.26	0.56	0.06	0.05	0.2	0.56	0.0	0.0	83.71					0.26	0.26	0.54	0.06	0.05	0.04	0.54	0.0	0.0	83.71					0.0	0.0	0.2599999999999998	0.0	0.0	0.012474938739140295	0.2599999999999998	0.001536577392677335	0.0015352754769968335	285.39193842880053				
2021-11-05 08:00:00	9600	4.94	4.7	4.92	4.74	4.29	ILP.MI	3.58	3.59	3.42	3.45	4.03	2.75	1.0	1.0	-1.0	1	1.0	1.0	1.0	1.0	1.0	1.0										-1.0			3.62										0.0			2.75	-0.16	-0.16	1.94	-0.03	-0.03	0.64		1.94	0.0	0.0	78.8					1	-0.16	-0.16	2.05	-0.03	-0.03	0.68	2.05	0.0	0.0	124.52					-0.16	-0.16	0.4	-0.03	-0.03	0.16	0.4	0.0	0.0	78.8					-0.16	-0.16	0.38	-0.03	-0.03	0.0	0.38	0.0	0.0	78.8					-0.0	-0.0	0.2599999999999998	-0.0	-0.0	0.012474938739140295	0.2599999999999998	0.001597196085019141	0.0015960296889963033	310.35627547170105				
2021-11-08 08:00:00	21000	4.86	4.7	4.72	4.74	4.29	ILP.MI	3.44	3.54	3.43	3.46	4.03	2.75	1.0	1.0	-1.0	1	1.0	1.0	1.0	1.0	1.0	1.0										-1.0			3.62										0.0			2.75	0.0	0.0	1.94	0.0	0.0	0.64		1.94	0.0	0.0	82.97					1	0.0	0.0	2.05	0.0	0.0	0.68	2.05	0.0	0.0	130.23					0.0	0.0	0.4	0.0	0.0	0.16	0.4	0.0	0.0	82.97					0.0	0.0	0.38	0.0	0.0	0.0	0.38	0.0	0.0	82.97					0.0	0.0	0.2599999999999998	0.0	0.0	0.012474938739140295	0.2599999999999998	0.0016491725951468322	0.0016481096956333374	328.0974110411792				
2021-11-09 08:00:00	27600	4.8	4.5	4.8	4.54	4.11	ILP.MI	3.54	3.54	3.31	3.34	4.03	2.75	1.0	1.0	-1.0	1	1.0	1.0	1.0	1.0	1.0	1.0										-1.0			3.62										0.0			2.75	-0.2	-0.2	1.74	-0.04	-0.04	0.57		1.74	0.0	0.0	69.13					1	-0.2	-0.2	1.85	-0.04	-0.04	0.61	1.85	0.0	0.0	109.36					-0.2	-0.2	0.2	-0.04	-0.04	0.11	0.2	0.0	0.0	69.13					-0.2	-0.2	0.18	-0.04	-0.04	-0.04	0.18	0.0	0.0	69.13					-0.0	-0.0	0.2599999999999998	-0.0	-0.0	0.012474938739140295	0.2599999999999998	0.0012706196064103544	0.0012697506698367	314.66776819765744				
2021-11-10 08:00:00	6000	4.6	4.56	4.56	4.6	4.17	ILP.MI	3.34	3.37	3.34	3.37	4.03	2.75	1.0	1.0	-1.0	1	1.0	1.0	1.0	1.0	1.0	1.0		4.56	4.6							-1.0			3.62		3.34								0.0			2.75	0.06	0.06	1.8	0.01	0.01	0.59		1.8	0.0	0.0	76.91					1	0.06	0.06	1.91	0.01	0.01	0.63	1.91	0.0	0.0	120.71					0.06	0.06	0.26	0.01	0.01	0.13	0.26	0.0	0.0	76.91					0.06	0.06	0.24	0.01	0.01	-0.03	0.24	0.0	0.0	76.91					0.0	0.0	0.2599999999999998	0.0	0.0	0.012474938739140295	0.2599999999999998	0.0013345762108276764	0.0013338530410611504	364.23252396373505				
2021-11-11 08:00:00	7200	4.7	4.6	4.6	4.7	4.26	ILP.MI	3.36	3.44	3.36	3.44	4.03	2.75	1.0	1.0	-1.0	1	1.0	1.0	1.0	1.0	1.0	1.0										-1.0			3.62										0.0			2.75	0.1	0.1	1.9	0.02	0.02	0.63		1.9	0.0	0.0	82.05					1	0.1	0.1	2.01	0.02	0.02	0.67	2.01	0.0	0.0	127.41					0.1	0.1	0.36	0.02	0.02	0.15	0.36	0.0	0.0	82.05					0.1	0.1	0.34	0.02	0.02	-0.01	0.34	0.0	0.0	82.05					0.0	0.0	0.2599999999999998	0.0	0.0	0.012474938739140295	0.2599999999999998	0.001378390785743133	0.001377744509490464	386.17443914040604				
2021-11-12 08:00:00	5400	4.7	4.7	4.7	4.7	4.26	ILP.MI	3.43	3.43	3.43	3.43	4.03	2.75	1.0	1.0	-1.0	1	1.0	1.0	1.0	1.0	1.0	1.0										-1.0			3.62										0.0			2.75	0.0	0.0	1.9	0.0	0.0	0.63		1.9	0.0	0.0	88.6					1	0.0	0.0	2.01	0.0	0.0	0.67	2.01	0.0	0.0	137.16					0.0	0.0	0.36	0.0	0.0	0.15	0.36	0.0	0.0	88.6					0.0	0.0	0.34	0.0	0.0	-0.01	0.34	0.0	0.0	88.6					0.0	0.0	0.2599999999999998	0.0	0.0	0.012474938739140295	0.2599999999999998	0.0014309896513616024	0.001430451253970233	436.00424403121264				
2021-11-15 08:00:00	14400	4.88	4.74	4.76	4.88	4.42	ILP.MI	3.45	3.54	3.44	3.54	4.03	2.75	1.0	1.0	-1.0	1	1.0	1.0	1.0	1.0	1.0	1.0										-1.0			3.62										0.0			2.75	0.18	0.18	2.08	0.04	0.04	0.69		2.08	0.0	0.0	89.77					1	0.18	0.18	2.19	0.04	0.04	0.73	2.19	0.0	0.0	138.44					0.18	0.18	0.54	0.04	0.04	0.2	0.54	0.0	0.0	89.77					0.18	0.18	0.52	0.04	0.04	0.03	0.52	0.0	0.0	89.77					0.0	0.0	0.2599999999999998	0.0	0.0	0.012474938739140295	0.2599999999999998	0.0013315351095186713	0.0013310286673355876	432.60758273417616				
2021-11-16 08:00:00	12600	4.96	4.8	4.86	4.9	4.44	ILP.MI	3.53	3.61	3.49	3.56	4.03	2.75	1.0	1.0	-1.0	1	1.0	1.0	1.0	1.0	1.0	1.0	4.96									-1.0			3.62	3.61									0.0			2.75	0.02	0.02	2.1	0.0	0.0	0.69		2.1	0.0	0.0	89.94					1	0.02	0.02	2.21	0.0	0.0	0.74	2.21	0.0	0.0	138.63					0.02	0.02	0.56	0.0	0.0	0.2	0.56	0.0	0.0	89.94					0.02	0.02	0.54	0.0	0.0	0.04	0.54	0.0	0.0	89.94					0.0	0.0	0.2599999999999998	0.0	0.0	0.012474938739140295	0.2599999999999998	0.0013315351095186713	0.0013310286673355876	432.60758273417616				
2021-11-17 08:00:00	50400	4.84	4.5	4.78	4.58	4.15	ILP.MI	3.47	3.52	3.27	3.33	4.03	2.75	1.0	1.0	-1.0	1	1.0	1.0	1.0	1.0	1.0	1.0										-1.0			3.62										0.0			2.75	-0.32	-0.32	1.78	-0.07	-0.07	0.58		1.78	0.0	0.0	73.61					1	-0.32	-0.32	1.89	-0.07	-0.07	0.62	1.89	0.0	0.0	112.53					-0.32	-0.32	0.24	-0.07	-0.07	0.12	0.24	0.0	0.0	73.61					-0.32	-0.32	0.22	-0.07	-0.07	-0.03	0.22	0.0	0.0	73.61					-0.0	-0.0	0.2599999999999998	-0.0	-0.0	0.012474938739140295	0.2599999999999998	0.0013315351095186713	0.0013310286673355876	432.60758273417616				
2021-11-18 08:00:00	19200	4.68	4.5	4.58	4.5	4.07	ILP.MI	3.35	3.42	3.29	3.29	4.03	2.75	1.0	1.0	-1.0	1	1.0	1.0	1.0	1.0	1.0	1.0										-1.0			3.62										0.0			2.75	-0.08	-0.08	1.7	-0.02	-0.02	0.56		1.7	0.0	0.0	67.84					1	-0.08	-0.08	1.81	-0.02	-0.02	0.6	1.81	0.0	0.0	104.34					-0.08	-0.08	0.16	-0.02	-0.02	0.1	0.16	0.0	0.0	67.84					-0.08	-0.08	0.14	-0.02	-0.02	-0.05	0.14	0.0	0.0	67.84					-0.0	-0.0	0.2599999999999998	-0.0	-0.0	0.012474938739140295	0.2599999999999998	0.0013315351095186713	0.0013310286673355876	432.60758273417616				
2021-11-19 08:00:00	12000	4.56	4.44	4.5	4.44	4.02	ILP.MI	3.33	3.37	3.28	3.28	4.03	2.75	1.0	1.0	-1.0	0	1.0	1.0	1.0	1.0	1.0	1.0										-1.0			3.62										0.0			2.75	-0.06	-0.06	1.64	-0.01	-0.01	0.54		1.64	0.0	0.0	62.72					1	-0.06	-0.06	1.75	-0.01	-0.01	0.57	1.75	0.0	0.0	97.62					-0.06	-0.06	0.1	-0.01	-0.01	0.09	0.1	0.0	0.0	62.72					-0.06	-0.06	0.08	-0.01	-0.01	-0.06	0.08	0.0	0.0	62.72					-0.0	-0.0	0.2599999999999998	-0.0	-0.0	0.012474938739140295	0.2599999999999998	0.0012822124955476854	0.0012817215387974645	430.75026999951126				
2021-11-22 08:00:00	18000	4.4	4.22	4.4	4.36	3.95	ILP.MI	3.25	3.25	3.11	3.22	4.03	2.75	1.0	-1.0	-1.0	0	1.0	1.0	1.0	1.0	1.0	1.0										-1.0			3.62		3.11		3.11						0.0			2.75	-0.08	-0.08	1.56	-0.02	-0.02	0.51		1.56	0.0	0.0	56.77					1	-0.0	-0.0	1.75	-0.0	-0.0	0.57	1.75	0.0	0.0	97.62					-0.08	-0.08	0.02	-0.02	-0.02	0.07	0.02	0.0	0.0	56.77					-0.08	-0.08	0.0	-0.02	-0.02	-0.08	0.0	0.0	0.0	56.77					-0.0	-0.0	0.2599999999999998	-0.0	-0.0	0.012474938739140295	0.2599999999999998	0.001184362090383702	0.0011839011441614478	426.6646102283487				
2021-11-23 08:00:00	10800	4.34	4.24	4.28	4.34	3.93	ILP.MI	3.21	3.26	3.18	3.26	4.03	2.75	1.0	-1.0	-1.0	0	1.0	1.0	1.0	1.0	1.0	1.0										-1.0			3.62	3.26									0.0			2.75	-0.02	-0.02	1.54	-0.0	-0.0	0.5		1.54	0.0	0.0	61.01					1	-0.0	-0.0	1.75	-0.0	-0.0	0.57	1.75	0.0	0.0	97.62					-0.02	-0.02	0.0	-0.0	-0.0	0.06	0.0	0.0	0.0	61.01					-0.02	-0.02	-0.02	-0.0	-0.0	-0.08	-0.02	0.0	0.0	61.01					-0.0	-0.0	0.2599999999999998	-0.0	-0.0	0.012474938739140295	0.2599999999999998	0.0012439908934938715	0.0012436533658275462	542.9470274828255				
2021-11-24 08:00:00	1800	4.3	4.28	4.28	4.3	3.89	ILP.MI	3.19	3.21	3.19	3.21	4.03	2.75	1.0	-1.0	-1.0	0	1.0	1.0	1.0	1.0	1.0	1.0		4.28		4.28						-1.0			3.62		3.19								0.0			2.75	-0.04	-0.04	1.5	-0.01	-0.01	0.49		1.5	0.0	0.0	56.55					1	-0.0	-0.0	1.75	-0.0	-0.0	0.57	1.75	0.0	0.0	97.62					-0.04	-0.04	-0.04	-0.01	-0.01	0.05	-0.04	0.0	0.0	56.55					-0.04	-0.04	-0.06	-0.01	-0.01	-0.09	-0.06	0.0	0.0	56.55					-0.0	-0.0	0.2599999999999998	-0.0	-0.0	0.012474938739140295	0.2599999999999998	0.00119330206003295	0.0011929766979126288	540.8747137305813				
2021-11-25 08:00:00	10200	4.48	4.22	4.22	4.4	3.98	ILP.MI	3.15	3.34	3.15	3.28	4.03	2.75	1.0	-1.0	-1.0	0	1.0	1.0	1.0	1.0	1.0	1.0										-1.0			3.62										0.0			2.75	0.1	0.1	1.6	0.02	0.02	0.52		1.6	0.0	0.0	63.94					1	0.0	0.0	1.75	0.0	0.0	0.57	1.75	0.0	0.0	97.62					0.1	0.1	0.06	0.02	0.02	0.08	0.06	0.0	0.0	63.94					0.1	0.1	0.04	0.02	0.02	-0.07	0.04	0.0	0.0	63.94					0.0	0.0	0.2599999999999998	0.0	0.0	0.012474938739140295	0.2599999999999998	0.0012385856662814347	0.0012383393321924174	655.9593846221801				
2021-11-26 08:00:00	5400	4.48	4.34	4.4	4.34	3.93	ILP.MI	3.44	3.5	3.39	3.39	4.03	2.75	1.0	-1.0	-1.0	0	1.0	1.0	1.0	1.0	1.0	1.0	4.48									-1.0			3.62	3.5		3.5			3.39				0.0			2.75	-0.06	-0.06	1.54	-0.01	-0.01	0.5		1.54	0.0	0.0	58.45					1	-0.0	-0.0	1.75	-0.0	-0.0	0.57	1.75	0.0	0.0	97.62					-0.06	-0.06	0.0	-0.01	-0.01	0.06	0.0	0.0	0.0	58.45					-0.06	-0.06	-0.02	-0.01	-0.01	-0.08	-0.02	0.0	0.0	58.45					-0.0	-0.0	0.2599999999999998	-0.0	-0.0	0.012474938739140295	0.2599999999999998	0.00113467397071887	0.0011344472345875545	651.8171907401983				
2021-11-29 08:00:00	1800	4.34	4.3	4.34	4.3	3.89	ILP.MI	3.37	3.37	3.34	3.34	4.03	2.75	1.0	-1.0	-1.0	0	1.0	1.0	1.0	1.0	1.0	1.0		4.3								-1.0			3.62		3.34								0.0			2.75	-0.04	-0.04	1.5	-0.01	-0.01	0.49		1.5	0.0	0.0	58.75					1	-0.0	-0.0	1.75	-0.0	-0.0	0.57	1.75	0.0	0.0	97.62					-0.04	-0.04	-0.04	-0.01	-0.01	0.05	-0.04	0.0	0.0	58.75					-0.04	-0.04	-0.06	-0.01	-0.01	-0.09	-0.06	0.0	0.0	58.75					-0.0	-0.0	0.2599999999999998	-0.0	-0.0	0.012474938739140295	0.2599999999999998	0.001167765717838649	0.0011675855772887989	732.8921621873034				
2021-11-30 08:00:00	3600	4.46	4.38	4.38	4.46	4.04	ILP.MI	3.43	3.49	3.43	3.49	4.03	2.75	1.0	-1.0	-1.0	0	1.0	1.0	1.0	1.0	1.0	1.0										-1.0			3.62	3.49									0.0			2.75	0.16	0.16	1.66	0.04	0.04	0.54		1.66	0.0	0.0	59.72					1	0.0	0.0	1.75	0.0	0.0	0.57	1.75	0.0	0.0	97.62					0.16	0.16	0.12	0.04	0.04	0.09	0.12	0.0	0.0	59.72					0.16	0.16	0.1	0.04	0.04	-0.06	0.1	0.0	0.0	59.72					0.0	0.0	0.2599999999999998	0.0	0.0	0.012474938739140295	0.2599999999999998	0.0010106589966854878	0.0010105018873154403	726.2959066163901				
2021-12-01 08:00:00	3600	4.64	4.4	4.64	4.4	3.98	ILP.MI	3.56	3.56	3.37	3.37	4.03	2.75	1.0	-1.0	-1.0	0	1.0	1.0	1.0	1.0	1.0	1.0	4.64		4.64							-1.0			3.62										0.0			2.75	-0.06	-0.06	1.6	-0.01	-0.01	0.52		1.6	0.0	0.0	58.49					1	-0.0	-0.0	1.75	-0.0	-0.0	0.57	1.75	0.0	0.0	97.62					-0.06	-0.06	0.06	-0.01	-0.01	0.08	0.06	0.0	0.0	58.49					-0.06	-0.06	0.04	-0.01	-0.01	-0.07	0.04	0.0	0.0	58.49					-0.0	-0.0	0.2599999999999998	-0.0	-0.0	0.012474938739140295	0.2599999999999998	0.0010370281754770129	0.001036902001445128	781.0781029429746				
2021-12-02 08:00:00	3000	4.4	4.32	4.4	4.32	3.91	ILP.MI	3.42	3.42	3.36	3.36	4.03	2.75	1.0	-1.0	-1.0	0	1.0	1.0	1.0	1.0	1.0	1.0		4.32								-1.0			3.62		3.36								0.0			2.75	-0.08	-0.08	1.52	-0.02	-0.02	0.49		1.52	0.0	0.0	52.0					1	-0.0	-0.0	1.75	-0.0	-0.0	0.57	1.75	0.0	0.0	97.62					-0.08	-0.08	-0.02	-0.02	-0.02	0.06	-0.02	0.0	0.0	52.0					-0.08	-0.08	-0.04	-0.02	-0.02	-0.09	-0.04	0.0	0.0	52.0					-0.0	-0.0	0.2599999999999998	-0.0	-0.0	0.012474938739140295	0.2599999999999998	0.0008282285616486488	0.0008281252993180832	770.8499843506341				
2021-12-03 08:00:00	2400	4.42	4.36	4.4	4.36	3.95	ILP.MI	3.43	3.44	3.4	3.4	4.03	2.75	1.0	-1.0	-1.0	0	1.0	1.0	1.0	1.0	1.0	1.0	4.42									-1.0			3.62	3.44									0.0			2.75	0.04	0.04	1.56	0.01	0.01	0.51		1.56	0.0	0.0	52.48					1	0.0	0.0	1.75	0.0	0.0	0.57	1.75	0.0	0.0	97.62					0.04	0.04	0.02	0.01	0.01	0.07	0.02	0.0	0.0	52.48					0.04	0.04	0.0	0.01	0.01	-0.08	0.0	0.0	0.0	52.48					0.0	0.0	0.2599999999999998	0.0	0.0	0.012474938739140295	0.2599999999999998	0.0008282285616486488	0.0008281252993180832	770.8499843506341				
2021-12-06 08:00:00	600	4.34	4.34	4.34	4.34	3.93	ILP.MI	3.31	3.31	3.31	3.31	4.03	2.75	1.0	-1.0	-1.0	0	1.0	1.0	1.0	1.0	1.0	1.0		4.34								-1.0			3.62										0.0			2.75	-0.02	-0.02	1.54	-0.0	-0.0	0.5		1.54	0.0	0.0	55.85					1	-0.0	-0.0	1.75	-0.0	-0.0	0.57	1.75	0.0	0.0	97.62					-0.02	-0.02	0.0	-0.0	-0.0	0.06	0.0	0.0	0.0	55.85					-0.02	-0.02	-0.02	-0.0	-0.0	-0.08	-0.02	0.0	0.0	55.85					-0.0	-0.0	0.2599999999999998	-0.0	-0.0	0.012474938739140295	0.2599999999999998	0.0008600957222502193	0.0008600328597381246	1052.0508652582796				
2021-12-07 08:00:00	600	4.34	4.34	4.34	4.34	3.93	ILP.MI	3.23	3.23	3.23	3.23	4.03	2.75	1.0	-1.0	-1.0	0	1.0	1.0	1.0	1.0	1.0	1.0										-1.0			3.62		3.23								0.0			2.75	0.0	0.0	1.54	0.0	0.0	0.5		1.54	0.0	0.0	55.27					1	0.0	0.0	1.75	0.0	0.0	0.57	1.75	0.0	0.0	97.62					0.0	0.0	0.0	0.0	0.0	0.06	0.0	0.0	0.0	55.27					0.0	0.0	-0.02	0.0	0.0	-0.08	-0.02	0.0	0.0	55.27					0.0	0.0	0.2599999999999998	0.0	0.0	0.012474938739140295	0.2599999999999998	0.0007534279581695392	0.0007533725777639777	1046.2477628722588				
2021-12-08 08:00:00	600	4.4	4.4	4.4	4.4	3.98	ILP.MI	3.32	3.32	3.32	3.32	4.03	2.75	1.0	-1.0	-1.0	0	1.0	1.0	1.0	1.0	1.0	1.0	4.4									-1.0			3.62	3.32									0.0			2.75	0.06	0.06	1.6	0.01	0.01	0.52		1.6	0.0	0.0	55.42					1	0.0	0.0	1.75	0.0	0.0	0.57	1.75	0.0	0.0	97.62					0.06	0.06	0.06	0.01	0.01	0.08	0.06	0.0	0.0	55.42					0.06	0.06	0.04	0.01	0.01	-0.07	0.04	0.0	0.0	55.42					0.0	0.0	0.2599999999999998	0.0	0.0	0.012474938739140295	0.2599999999999998	0.0006479323910438256	0.0006478839446386608	1038.7256049295986				
2021-12-09 08:00:00	1800	4.32	4.28	4.32	4.28	3.88	ILP.MI	3.26	3.26	3.23	3.23	4.03	2.75	1.0	-1.0	-1.0	0	1.0	1.0	1.0	1.0	1.0	1.0										-1.0			3.62										0.0			2.75	-0.12	-0.12	1.48	-0.03	-0.03	0.48		1.48	0.0	0.0	48.41					1	-0.0	-0.0	1.75	-0.0	-0.0	0.57	1.75	0.0	0.0	97.62					-0.12	-0.12	-0.06	-0.03	-0.03	0.05	-0.06	0.0	0.0	48.41					-0.12	-0.12	-0.08	-0.03	-0.03	-0.09	-0.08	0.0	0.0	48.41					-0.0	-0.0	0.2599999999999998	-0.0	-0.0	0.012474938739140295	0.2599999999999998	0.0005956161852752048	0.000595571005637785	1034.061893085505				
2021-12-10 08:00:00	9000	4.26	4.12	4.26	4.14	3.75	ILP.MI	3.22	3.22	3.12	3.13	4.03	2.75	1.0	-1.0	-1.0	-1	1.0	1.0	1.0	1.0	1.0	1.0		4.12								-1.0			3.62		3.12								0.0			2.75	-0.14	-0.14	1.34	-0.03	-0.03	0.43		1.34	0.0	0.0	41.43					1	-0.0	-0.0	1.75	-0.0	-0.0	0.57	1.75	0.0	0.0	97.62					-0.14	-0.14	-0.2	-0.03	-0.03	0.02	-0.2	0.0	0.0	41.43					-0.14	-0.14	-0.22	-0.03	-0.03	-0.12	-0.22	0.0	0.0	41.43					-0.0	-0.0	0.2599999999999998	-0.0	-0.0	0.012474938739140295	0.2599999999999998	0.0005956161852752048	0.000595571005637785	1034.061893085505				
2021-12-13 08:00:00	23400	4.6	4.4	4.54	4.44	4.02	ILP.MI	3.46	3.5	3.35	3.38	4.03	2.75	1.0	-1.0	-1.0	-1	1.0	1.0	1.0	1.0	1.0	1.0	4.6									-1.0			3.62	3.5									0.0			2.75	0.3	0.3	1.64	0.07	0.07	0.54		1.64	0.0	0.0	49.64					1	-0.3	-0.3	1.45	-0.07	-0.07	0.47	1.45	0.0	0.0	79.15					0.3	0.3	0.1	0.07	0.07	0.09	0.1	0.0	0.0	49.64					0.3	0.3	0.08	0.07	0.07	-0.06	0.08	0.0	0.0	49.64					0.0	0.0	0.2599999999999998	0.0	0.0	0.012474938739140295	0.2599999999999998	0.000615884992718785	0.0006158577038477553	1315.9936310511116				
2021-12-14 08:00:00	4800	4.5	4.34	4.5	4.34	3.93	ILP.MI	3.42	3.42	3.3	3.3	4.03	2.75	1.0	-1.0	-1.0	-1	1.0	1.0	1.0	1.0	1.0	1.0										-1.0			3.62										0.0			2.75	-0.1	-0.1	1.54	-0.02	-0.02	0.5		1.54	0.0	0.0	44.24					1	0.1	0.1	1.55	0.02	0.02	0.5	1.55	0.0	0.0	80.33					-0.1	-0.1	0.0	-0.02	-0.02	0.06	0.0	0.0	0.0	44.24					-0.1	-0.1	-0.02	-0.02	-0.02	-0.08	-0.02	0.0	0.0	44.24					-0.0	-0.0	0.2599999999999998	-0.0	-0.0	0.012474938739140295	0.2599999999999998	0.000615884992718785	0.0006158577038477553	1315.9936310511116				
2021-12-15 08:00:00	9000	4.3	4.22	4.28	4.22	3.82	ILP.MI	3.24	3.26	3.2	3.2	4.03	2.75	1.0	-1.0	-1.0	-1	1.0	1.0	1.0	1.0	1.0	1.0										-1.0			3.62										0.0			2.75	-0.12	-0.12	1.42	-0.03	-0.03	0.46		1.42	0.0	0.0	37.98					1	0.12	0.12	1.67	0.03	0.03	0.54	1.67	0.0	0.0	81.69					-0.12	-0.12	-0.12	-0.03	-0.03	0.03	-0.12	0.0	0.0	37.98					-0.12	-0.12	-0.14	-0.03	-0.03	-0.11	-0.14	0.0	0.0	37.98					-0.0	-0.0	0.2599999999999998	-0.0	-0.0	0.012474938739140295	0.2599999999999998	0.0005092905134355118	0.000509267427901472	1306.8209524167453				
2021-12-16 08:00:00	8400	4.24	4.14	4.22	4.24	3.84	ILP.MI	3.18	3.2	3.12	3.2	4.03	2.75	1.0	-1.0	-1.0	-1	1.0	1.0	1.0	1.0	1.0	1.0										-1.0			3.62										0.0			2.75	0.02	0.02	1.44	0.0	0.0	0.47		1.44	0.0	0.0	37.67					1	-0.02	-0.02	1.65	-0.0	-0.0	0.54	1.65	0.0	0.0	77.87					0.02	0.02	-0.1	0.0	0.0	0.04	-0.1	0.0	0.0	37.67					0.02	0.02	-0.12	0.0	0.0	-0.1	-0.12	0.0	0.0	37.67					0.0	0.0	0.2599999999999998	0.0	0.0	0.012474938739140295	0.2599999999999998	0.000403854692737544	0.00040383541934829736	1293.2239216955393				
2021-12-17 08:00:00	6600	4.2	4.1	4.2	4.14	3.75	ILP.MI	3.19	3.19	3.11	3.14	4.03	2.75	1.0	-1.0	-1.0	-1	1.0	1.0	1.0	1.0	1.0	1.0										-1.0			3.62										0.0			2.75	-0.1	-0.1	1.34	-0.02	-0.02	0.43		1.34	0.0	0.0	37.45					1	0.1	0.1	1.75	0.02	0.02	0.57	1.75	0.0	0.0	86.17					-0.1	-0.1	-0.2	-0.02	-0.02	0.02	-0.2	0.0	0.0	37.45					-0.1	-0.1	-0.22	-0.02	-0.02	-0.12	-0.22	0.0	0.0	37.45					-0.0	-0.0	0.2599999999999998	-0.0	-0.0	0.012474938739140295	0.2599999999999998	0.0004197338890251102	0.0004197253721567318	1939.0714937303794				
2021-12-20 08:00:00	12600	4.16	3.98	4.14	4.0	3.62	ILP.MI	3.2	3.21	3.07	3.09	4.03	2.75	1.0	-1.0	-1.0	-1	1.0	1.0	1.0	1.0	1.0	1.0		3.98		3.98						-1.0			3.62										0.0			2.75	-0.14	-0.14	1.2	-0.03	-0.03	0.38		1.2	0.0	0.0	30.28					1	0.14	0.14	1.89	0.03	0.03	0.63	1.89	0.0	0.0	86.72					-0.14	-0.14	-0.34	-0.03	-0.03	-0.02	-0.34	0.0	0.0	30.28					-0.14	-0.14	-0.36	-0.03	-0.03	-0.15	-0.36	0.0	0.0	30.28					-0.0	-0.0	0.2599999999999998	-0.0	-0.0	0.012474938739140295	0.2599999999999998	0.00020551770966261988	0.00020551271845348218	1893.6979877888891				
2021-12-21 08:00:00	8400	4.12	3.96	4.02	4.12	3.73	ILP.MI	3.05	3.12	3.0	3.12	4.03	2.75	1.0	-1.0	-1.0	-1	1.0	1.0	1.0	1.0	1.0	1.0	4.12									-1.0			3.62										0.0			2.75	0.12	0.12	1.32	0.03	0.03	0.42		1.32	0.0	0.0	37.08					1	-0.12	-0.12	1.77	-0.03	-0.03	0.58	1.77	0.0	0.0	86.28					0.12	0.12	-0.22	0.03	0.03	0.01	-0.22	0.0	0.0	37.08					0.12	0.12	-0.24	0.03	0.03	-0.13	-0.24	0.0	0.0	37.08					0.0	0.0	0.2599999999999998	0.0	0.0	0.012474938739140295	0.2599999999999998	0.00021539328584399783	0.00021539232929201901	4458.820507040263				
2021-12-22 08:00:00	11400	4.1	4.0	4.1	4.04	3.66	ILP.MI	3.09	3.09	3.01	3.04	4.03	2.75	1.0	-1.0	-1.0	-1	1.0	1.0	1.0	1.0	1.0	1.0		4.0								-1.0			3.62		3.01								0.0			2.75	-0.08	-0.08	1.24	-0.02	-0.02	0.4		1.24	0.0	0.0	32.6					1	0.08	0.08	1.85	0.02	0.02	0.61	1.85	0.0	0.0	87.09					-0.08	-0.08	-0.3	-0.02	-0.02	-0.01	-0.3	0.0	0.0	32.6					-0.08	-0.08	-0.32	-0.02	-0.02	-0.15	-0.32	0.0	0.0	32.6					-0.0	-0.0	0.2599999999999998	-0.0	-0.0	0.012474938739140295	0.2599999999999998	0.00021539328584399783	0.00021539232929201901	4458.820507040263				
2021-12-23 08:00:00	9000	4.12	4.0	4.04	4.12	3.73	ILP.MI	3.02	3.08	2.99	3.08	4.03	2.75	1.0	-1.0	-1.0	-1	1.0	1.0	1.0	1.0	1.0	1.0										-1.0			3.62										0.0			2.75	0.08	0.08	1.32	0.02	0.02	0.42		1.32	0.0	0.0	33.57					1	-0.08	-0.08	1.77	-0.02	-0.02	0.58	1.77	0.0	0.0	80.41					0.08	0.08	-0.22	0.02	0.02	0.01	-0.22	0.0	0.0	33.57					0.08	0.08	-0.24	0.02	0.02	-0.13	-0.24	0.0	0.0	33.57					0.0	0.0	0.2599999999999998	0.0	0.0	0.012474938739140295	0.2599999999999998	0.00021539328584399783	0.00021539232929201901	4458.820507040263				
2021-12-27 08:00:00	3600	4.2	4.08	4.08	4.18	3.79	ILP.MI	3.03	3.12	3.03	3.1	4.03	2.75	1.0	-1.0	-1.0	-1	1.0	1.0	1.0	1.0	1.0	1.0										-1.0			3.62										0.0			2.75	0.06	0.06	1.38	0.01	0.01	0.45		1.38	0.0	0.0	34.26					1	-0.06	-0.06	1.71	-0.01	-0.01	0.56	1.71	0.0	0.0	74.97					0.06	0.06	-0.16	0.01	0.01	0.02	-0.16	0.0	0.0	34.26					0.06	0.06	-0.18	0.01	0.01	-0.12	-0.18	0.0	0.0	34.26					0.0	0.0	0.2599999999999998	0.0	0.0	0.012474938739140295	0.2599999999999998	0.00021539328584399783	0.00021539232929201901	4458.820507040263				
2021-12-28 08:00:00	10200	4.42	4.1	4.14	4.42	4.0	ILP.MI	3.05	3.26	3.02	3.26	4.03	2.75	1.0	-1.0	-1.0	-1	1.0	1.0	1.0	1.0	1.0	1.0										-1.0			3.62										0.0			2.75	0.24	0.24	1.62	0.06	0.06	0.53		1.62	0.0	0.0	36.74					1	-0.24	-0.24	1.47	-0.06	-0.06	0.47	1.47	0.0	0.0	63.27					0.24	0.24	0.08	0.06	0.06	0.08	0.08	0.0	0.0	36.74					0.24	0.24	0.06	0.06	0.06	-0.07	0.06	0.0	0.0	36.74					0.0	0.0	0.2599999999999998	0.0	0.0	0.012474938739140295	0.2599999999999998	0.00021539328584399783	0.00021539232929201901	4458.820507040263				
2021-12-29 08:00:00	600	4.44	4.44	4.44	4.44	4.02	ILP.MI	3.28	3.28	3.28	3.28	4.03	2.75	1.0	-1.0	-1.0	-1	1.0	1.0	1.0	1.0	1.0	1.0										-1.0			3.62										0.0			2.75	0.02	0.02	1.64	0.0	0.0	0.54		1.64	0.0	0.0	36.93					1	-0.02	-0.02	1.45	-0.0	-0.0	0.47	1.45	0.0	0.0	59.95					0.02	0.02	0.1	0.0	0.0	0.09	0.1	0.0	0.0	36.93					0.02	0.02	0.08	0.0	0.0	-0.06	0.08	0.0	0.0	36.93					0.0	0.0	0.2599999999999998	0.0	0.0	0.012474938739140295	0.2599999999999998	0.00021539328584399783	0.00021539232929201901	4458.820507040263				
2021-12-30 08:00:00	43800	4.74	4.44	4.44	4.74	4.29	ILP.MI	3.28	3.5	3.28	3.5	4.03	2.75	1.0	-1.0	1.0	0	1.0	1.0	1.0	1.0	1.0	1.0										-1.0			3.62	3.5									0.0			2.75	0.3	0.3	1.94	0.07	0.07	0.64		1.94	0.0	0.0	39.27					1	-0.3	-0.3	1.15	-0.07	-0.07	0.38	1.15	0.0	0.0	48.64					0.3	0.3	0.4	0.07	0.07	0.16	0.4	0.0	0.0	39.27					0.3	0.3	0.38	0.07	0.07	0.0	0.38	0.0	0.0	39.27					0.0	0.0	0.2599999999999998	0.0	0.0	0.012474938739140295	0.2599999999999998	0.00016054550012540588	0.00016054476948146323	4443.486712033808				
2022-01-03 08:00:00	9000	4.72	4.58	4.64	4.7	4.26	ILP.MI	3.38	3.44	3.34	3.43	4.03	2.75	1.0	-1.0	1.0	0	1.0	1.0	1.0	1.0	1.0	1.0										-1.0			3.62		3.34								0.0			2.75	-0.04	-0.04	1.9	-0.01	-0.01	0.63		1.9	0.0	0.0	36.18					1	-0.0	-0.0	1.15	-0.0	-0.0	0.38	1.15	0.0	0.0	48.64					-0.04	-0.04	0.36	-0.01	-0.01	0.15	0.36	0.0	0.0	36.18					-0.04	-0.04	0.34	-0.01	-0.01	-0.01	0.34	0.0	0.0	36.18					-0.0	-0.0	0.2599999999999998	-0.0	-0.0	0.012474938739140295	0.2599999999999998	0.00016054550012540588	0.00016054476948146323	4443.486712033808				
2022-01-04 08:00:00	0	4.7	4.7	4.7	4.7	4.26	ILP.MI	3.4	3.4	3.4	3.4	4.03	2.75	1.0	-1.0	1.0	0	1.0	1.0	1.0	1.0	1.0	1.0										-1.0			3.62										0.0			2.75	0.0	0.0	1.9	0.0	0.0	0.63		1.9	0.0	0.0	35.55					1	0.0	0.0	1.15	0.0	0.0	0.38	1.15	0.0	0.0	47.82					0.0	0.0	0.36	0.0	0.0	0.15	0.36	0.0	0.0	35.55					0.0	0.0	0.34	0.0	0.0	-0.01	0.34	0.0	0.0	35.55					0.0	0.0	0.2599999999999998	0.0	0.0	0.012474938739140295	0.2599999999999998	-2.1978906718775248e-06	-2.1981298276019245e-06	-inf				
2022-01-05 08:00:00	10800	4.8	4.7	4.7	4.8	4.35	ILP.MI	3.37	3.44	3.37	3.44	4.03	2.77	1.0	-1.0	1.0	0	1.0	1.0	1.0	1.0	1.0	1.0	4.8									-1.0			3.62	3.44									0.0			2.75	0.1	0.1	2.0	0.02	0.02	0.66		2.0	0.0	0.0	40.82					1	0.0	0.0	1.15	0.0	0.0	0.38	1.15	0.0	0.0	53.08					0.1	0.1	0.46	0.02	0.02	0.18	0.46	0.0	0.0	40.82					0.1	0.1	0.44	0.02	0.02	0.02	0.44	0.0	0.0	40.82					0.0	0.0	0.2599999999999998	0.0	0.0	0.012474938739140295	0.2599999999999998	0.0	0.0	-inf				
2022-01-06 08:00:00	5400	4.68	4.62	4.66	4.62	4.18	ILP.MI	3.41	3.42	3.38	3.38	4.03	2.78	1.0	-1.0	1.0	0	1.0	1.0	1.0	1.0	1.0	1.0										-1.0			3.62										0.0			2.75	-0.18	-0.18	1.82	-0.04	-0.04	0.6		1.82	0.0	0.0	34.82					1	-0.0	-0.0	1.15	-0.0	-0.0	0.38	1.15	0.0	0.0	53.08					-0.18	-0.18	0.28	-0.04	-0.04	0.13	0.28	0.0	0.0	34.82					-0.18	-0.18	0.26	-0.04	-0.04	-0.02	0.26	0.0	0.0	34.82					-0.0	-0.0	0.2599999999999998	-0.0	-0.0	0.012474938739140295	0.2599999999999998	-0.0	0.0	-inf				
2022-01-07 08:00:00	2400	4.54	4.52	4.54	4.52	4.09	ILP.MI	3.32	3.32	3.31	3.31	4.03	2.79	1.0	-1.0	1.0	0	1.0	1.0	1.0	1.0	1.0	1.0										-1.0			3.62		3.31								0.0			2.75	-0.1	-0.1	1.72	-0.02	-0.02	0.56		1.72	0.0	0.0	30.46					1	-0.0	-0.0	1.15	-0.0	-0.0	0.38	1.15	0.0	0.0	52.81					-0.1	-0.1	0.18	-0.02	-0.02	0.11	0.18	0.0	0.0	30.46					-0.1	-0.1	0.16	-0.02	-0.02	-0.04	0.16	0.0	0.0	30.46					-0.0	-0.0	0.2599999999999998	-0.0	-0.0	0.012474938739140295	0.2599999999999998	-0.0	0.0	-inf				
2022-01-10 08:00:00	4800	4.5	4.42	4.5	4.5	4.07	ILP.MI	3.33	3.33	3.27	3.33	4.03	2.79	1.0	-1.0	1.0	0	1.0	1.0	1.0	-1.0	1.0	-1.0		4.42								-1.0			3.62										0.0			2.75	-0.02	-0.02	1.7	-0.0	-0.0	0.56		1.7	0.0	0.0	30.55					1	-0.0	-0.0	1.15	-0.0	-0.0	0.38	1.15	0.0	0.0	56.13					-0.02	-0.02	0.16	-0.0	-0.0	0.1	0.16	0.0	0.0	30.55					-0.02	-0.02	0.14	-0.0	-0.0	-0.05	0.14	0.0	0.0	30.55					-0.0	-0.0	0.2599999999999998	-0.0	-0.0	0.012474938739140295	0.2599999999999998	-0.0	0.0	-inf				
2022-01-11 08:00:00	1200	4.68	4.54	4.54	4.68	4.24	ILP.MI	3.33	3.44	3.33	3.44	4.03	2.79	1.0	-1.0	1.0	0	1.0	1.0	1.0	-1.0	1.0	-1.0										-1.0			3.62										0.0			2.75	0.18	0.18	1.88	0.04	0.04	0.62		1.88	0.0	0.0	32.01					1	0.0	0.0	1.15	0.0	0.0	0.38	1.15	0.0	0.0	56.13					0.18	0.18	0.34	0.04	0.04	0.15	0.34	0.0	0.0	32.01					-0.18	-0.18	-0.04	-0.04	-0.04	-0.08	-0.04	0.0	0.0	25.18					0.0	0.0	0.2599999999999998	0.0	0.0	0.012474938739140295	0.2599999999999998	0.0	0.0	-inf				
2022-01-12 08:00:00	19800	4.78	4.66	4.66	4.76	4.31	ILP.MI	3.4	3.49	3.4	3.47	4.03	2.81	1.0	-1.0	1.0	0	1.0	1.0	1.0	-1.0	1.0	-1.0	4.78									-1.0			3.62	3.49									0.0			2.75	0.08	0.08	1.96	0.02	0.02	0.65		1.96	0.0	0.0	32.61					1	0.0	0.0	1.15	0.0	0.0	0.38	1.15	0.0	0.0	56.13					0.08	0.08	0.42	0.02	0.02	0.17	0.42	0.0	0.0	32.61					-0.08	-0.08	-0.12	-0.02	-0.02	-0.1	-0.12	0.0	0.0	21.79					0.0	0.0	0.2599999999999998	0.0	0.0	0.012474938739140295	0.2599999999999998	0.0	0.0	-inf				
2022-01-13 08:00:00	4800	4.8	4.68	4.8	4.68	4.24	ILP.MI	3.48	3.48	3.4	3.4	4.03	2.81	1.0	-1.0	1.0	0	1.0	1.0	1.0	-1.0	1.0	-1.0		4.68								-1.0			3.62		3.4								0.0			2.75	-0.08	-0.08	1.88	-0.02	-0.02	0.62		1.88	0.0	0.0	28.67					1	-0.0	-0.0	1.15	-0.0	-0.0	0.38	1.15	0.0	0.0	55.59					-0.08	-0.08	0.34	-0.02	-0.02	0.15	0.34	0.0	0.0	28.67					0.08	0.08	-0.04	0.02	0.02	-0.08	-0.04	0.0	0.0	22.03					-0.0	-0.0	0.2599999999999998	-0.0	-0.0	0.012474938739140295	0.2599999999999998	-0.0	0.0	-inf				
2022-01-14 08:00:00	11400	4.8	4.68	4.76	4.76	4.31	ILP.MI	3.49	3.52	3.43	3.49	4.03	2.81	1.0	-1.0	1.0	0	1.0	1.0	1.0	-1.0	1.0	-1.0										-1.0			3.62										0.0			2.75	0.08	0.08	1.96	0.02	0.02	0.65		1.96	0.0	0.0	28.89					1	0.0	0.0	1.15	0.0	0.0	0.38	1.15	0.0	0.0	55.04					0.08	0.08	0.42	0.02	0.02	0.17	0.42	0.0	0.0	28.89					-0.08	-0.08	-0.12	-0.02	-0.02	-0.1	-0.12	0.0	0.0	18.28					0.0	0.0	0.2599999999999998	0.0	0.0	0.012474938739140295	0.2599999999999998	0.0	0.0	-inf				
2022-01-17 08:00:00	9000	4.88	4.74	4.88	4.76	4.31	ILP.MI	3.56	3.56	3.46	3.47	4.03	2.81	1.0	-1.0	1.0	0	1.0	1.0	1.0	-1.0	1.0	-1.0	4.88		4.88							-1.0			3.62										0.0			2.75	0.0	0.0	1.96	0.0	0.0	0.65		1.96	0.0	0.0	28.49					1	0.0	0.0	1.15	0.0	0.0	0.38	1.15	0.0	0.0	54.48					0.0	0.0	0.42	0.0	0.0	0.17	0.42	0.0	0.0	28.49					-0.0	-0.0	-0.12	-0.0	-0.0	-0.1	-0.12	0.0	0.0	17.82					0.0	0.0	0.2599999999999998	0.0	0.0	0.012474938739140295	0.2599999999999998	0.0	0.0	-inf				
2022-01-18 08:00:00	0	4.76	4.76	4.76	4.76	4.31	ILP.MI	3.5	3.5	3.5	3.5	4.03	2.81	1.0	-1.0	1.0	0	1.0	1.0	1.0	-1.0	1.0	-1.0										-1.0			3.62	3.5									0.0			2.75	0.0	0.0	1.96	0.0	0.0	0.65		1.96	0.0	0.0	28.49					1	0.0	0.0	1.15	0.0	0.0	0.38	1.15	0.0	0.0	54.48					0.0	0.0	0.42	0.0	0.0	0.17	0.42	0.0	0.0	28.49					-0.0	-0.0	-0.12	-0.0	-0.0	-0.1	-0.12	0.0	0.0	17.82					0.0	0.0	0.2599999999999998	0.0	0.0	0.012474938739140295	0.2599999999999998	0.0	0.0	-inf				
2022-01-19 08:00:00	9000	4.8	4.68	4.8	4.74	4.29	ILP.MI	3.54	3.54	3.46	3.5	4.03	2.81	1.0	-1.0	1.0	0	1.0	1.0	1.0	-1.0	1.0	-1.0										-1.0			3.62										0.0			2.75	-0.02	-0.02	1.94	-0.0	-0.0	0.64		1.94	0.0	0.0	25.63					1	-0.0	-0.0	1.15	-0.0	-0.0	0.38	1.15	0.0	0.0	53.92					-0.02	-0.02	0.4	-0.0	-0.0	0.16	0.4	0.0	0.0	25.63					0.02	0.02	-0.1	0.0	0.0	-0.1	-0.1	0.0	0.0	17.54					-0.0	-0.0	0.2599999999999998	-0.0	-0.0	0.012474938739140295	0.2599999999999998	-0.0	0.0	-inf				
2022-01-20 08:00:00	0	4.74	4.74	4.74	4.74	4.29	ILP.MI	3.47	3.47	3.47	3.47	4.03	2.81	1.0	-1.0	1.0	0	1.0	1.0	1.0	-1.0	1.0	-1.0										-1.0			3.62		3.47								0.0			2.75	0.0	0.0	1.94	0.0	0.0	0.64		1.94	0.0	0.0	29.54					1	0.0	0.0	1.15	0.0	0.0	0.38	1.15	0.0	0.0	59.53					0.0	0.0	0.4	0.0	0.0	0.16	0.4	0.0	0.0	29.54					-0.0	-0.0	-0.1	-0.0	-0.0	-0.1	-0.1	0.0	0.0	21.2					0.0	0.0	0.2599999999999998	0.0	0.0	0.012474938739140295	0.2599999999999998	0.0	0.0	-inf				
2022-01-21 08:00:00	1200	4.74	4.7	4.74	4.7	4.26	ILP.MI	3.54	3.54	3.51	3.51	4.03	2.87	1.0	-1.0	1.0	0	1.0	1.0	1.0	-1.0	1.0	-1.0										-1.0			3.62	3.54		3.54		3.54					0.0			3.54	-0.04	-0.04	1.9	-0.01	-0.01	0.63		1.9	0.0	0.0	25.63					1	-0.0	-0.0	1.15	-0.0	-0.0	0.38	1.15	0.0	0.0	58.09					-0.04	-0.04	0.36	-0.01	-0.01	0.15	0.36	0.0	0.0	25.63					0.04	0.04	-0.06	0.01	0.01	-0.09	-0.06	0.0	0.0	20.41					-0.0	-0.0	0.2599999999999998	-0.0	-0.0	0.012474938739140295	0.2599999999999998	-0.0	0.0	-inf				
2022-01-24 08:00:00	12600	4.6	4.34	4.6	4.34	3.93	ILP.MI	3.58	3.58	3.38	3.38	4.03	2.88	1.0	-1.0	1.0	0	1.0	1.0	1.0	-1.0	1.0	-1.0										-1.0			3.62										0.0			3.54	-0.36	-0.36	1.54	-0.08	-0.08	0.5		1.54	0.0	0.0	20.78					1	-0.0	-0.0	1.15	-0.0	-0.0	0.38	1.15	0.0	0.0	63.19					-0.36	-0.36	0.0	-0.08	-0.08	0.06	0.0	0.0	0.0	20.78					0.36	0.36	0.3	0.08	0.08	-0.01	0.3	0.0	0.0	26.95					-0.0	-0.0	0.2599999999999998	-0.0	-0.0	0.012474938739140295	0.2599999999999998	-0.0	0.0	-inf				
2022-01-25 08:00:00	11400	4.34	4.12	4.34	4.22	3.82	ILP.MI	3.37	3.37	3.2	3.28	4.03	2.91	1.0	-1.0	1.0	0	1.0	1.0	1.0	-1.0	1.0	-1.0		4.12								-1.0			3.62		3.2		3.2						0.0			3.54	-0.12	-0.12	1.42	-0.03	-0.03	0.46		1.42	0.0	0.0	16.81					1	-0.0	-0.0	1.15	-0.0	-0.0	0.38	1.15	0.0	0.0	63.19					-0.12	-0.12	-0.12	-0.03	-0.03	0.03	-0.12	0.0	0.0	16.81					0.12	0.12	0.42	0.03	0.03	0.02	0.42	0.0	0.0	27.96					-0.0	-0.0	0.2599999999999998	-0.0	-0.0	0.012474938739140295	0.2599999999999998	-0.0	0.0	-inf				
2022-01-26 08:00:00	4800	4.4	4.32	4.32	4.4	3.98	ILP.MI	3.28	3.34	3.28	3.34	4.03	2.95	1.0	-1.0	1.0	0	1.0	1.0	1.0	-1.0	1.0	-1.0										-1.0			3.62	3.34									0.0			3.54	0.18	0.18	1.6	0.04	0.04	0.52		1.6	0.0	0.0	17.85					1	0.0	0.0	1.15	0.0	0.0	0.38	1.15	0.0	0.0	62.31					0.18	0.18	0.06	0.04	0.04	0.08	0.06	0.0	0.0	17.85					-0.18	-0.18	0.24	-0.04	-0.04	-0.03	0.24	0.0	0.0	22.25					0.0	0.0	0.2599999999999998	0.0	0.0	0.012474938739140295	0.2599999999999998	0.0	0.0	-inf				
2022-01-27 08:00:00	2400	4.4	4.38	4.38	4.4	3.98	ILP.MI	3.29	3.31	3.29	3.31	4.03	2.97	1.0	-1.0	1.0	0	1.0	1.0	1.0	-1.0	1.0	-1.0										-1.0			3.62		3.29								0.0			3.54	0.0	0.0	1.6	0.0	0.0	0.52		1.6	0.0	0.0	17.43					1	0.0	0.0	1.15	0.0	0.0	0.38	1.15	0.0	0.0	61.71					0.0	0.0	0.06	0.0	0.0	0.08	0.06	0.0	0.0	17.43					-0.0	-0.0	0.24	-0.0	-0.0	-0.03	0.24	0.0	0.0	21.86					0.0	0.0	0.2599999999999998	0.0	0.0	0.012474938739140295	0.2599999999999998	0.0	0.0	-inf				
2022-01-28 08:00:00	0	4.4	4.4	4.4	4.4	3.98	ILP.MI	3.35	3.35	3.35	3.35	4.03	2.99	1.0	-1.0	1.0	0	1.0	1.0	1.0	-1.0	1.0	-1.0										-1.0			3.62	3.35		3.35							0.0			3.54	0.0	0.0	1.6	0.0	0.0	0.52		1.6	0.0	0.0	14.84					1	0.0	0.0	1.15	0.0	0.0	0.38	1.15	0.0	0.0	57.82					0.0	0.0	0.06	0.0	0.0	0.08	0.06	0.0	0.0	14.84					-0.0	-0.0	0.24	-0.0	-0.0	-0.03	0.24	0.0	0.0	19.43					0.0	0.0	0.2599999999999998	0.0	0.0	0.012474938739140295	0.2599999999999998	0.0	0.0	-inf				
2022-01-31 08:00:00	600	4.44	4.44	4.44	4.44	4.02	ILP.MI	3.35	3.35	3.35	3.35	4.03	2.99	1.0	-1.0	1.0	0	1.0	1.0	1.0	-1.0	1.0	-1.0	4.44									-1.0			3.62										0.0			3.54	0.04	0.04	1.64	0.01	0.01	0.54		1.64	0.0	0.0	19.03					1	0.0	0.0	1.15	0.0	0.0	0.38	1.15	0.0	0.0	64.73					0.04	0.04	0.1	0.01	0.01	0.09	0.1	0.0	0.0	19.03					-0.04	-0.04	0.2	-0.01	-0.01	-0.04	0.2	0.0	0.0	20.56					0.0	0.0	0.2599999999999998	0.0	0.0	0.012474938739140295	0.2599999999999998	0.0	0.0	-inf				
2022-02-01 08:00:00	1200	4.44	4.44	4.44	4.44	4.02	ILP.MI	3.3	3.3	3.3	3.3	4.03	2.99	1.0	-1.0	1.0	0	1.0	1.0	1.0	-1.0	1.0	-1.0										-1.0			3.62										0.0			3.54	0.0	0.0	1.64	0.0	0.0	0.54		1.64	0.0	0.0	18.14					1	0.0	0.0	1.15	0.0	0.0	0.38	1.15	0.0	0.0	63.34					0.0	0.0	0.1	0.0	0.0	0.09	0.1	0.0	0.0	18.14					-0.0	-0.0	0.2	-0.0	-0.0	-0.04	0.2	0.0	0.0	19.7					0.0	0.0	0.2599999999999998	0.0	0.0	0.012474938739140295	0.2599999999999998	0.0	0.0	-inf				
2022-02-02 08:00:00	1800	4.38	4.38	4.38	4.38	3.97	ILP.MI	3.23	3.23	3.23	3.23	4.03	2.99	1.0	-1.0	1.0	0	1.0	1.0	1.0	-1.0	1.0	-1.0										-1.0			3.62		3.23								0.0			3.54	-0.06	-0.06	1.58	-0.01	-0.01	0.51		1.58	0.0	0.0	12.02					1	-0.0	-0.0	1.15	-0.0	-0.0	0.38	1.15	0.0	0.0	58.37					-0.06	-0.06	0.04	-0.01	-0.01	0.07	0.04	0.0	0.0	12.02					0.06	0.06	0.26	0.01	0.01	-0.02	0.26	0.0	0.0	17.45					-0.0	-0.0	0.2599999999999998	-0.0	-0.0	0.012474938739140295	0.2599999999999998	-0.0	0.0	-inf				
2022-02-03 08:00:00	1200	4.34	4.34	4.34	4.34	3.93	ILP.MI	3.24	3.24	3.24	3.24	4.03	2.99	1.0	-1.0	1.0	0	1.0	1.0	1.0	-1.0	1.0	-1.0										-1.0			3.62										0.0			3.54	-0.04	-0.04	1.54	-0.01	-0.01	0.5		1.54	0.0	0.0	7.45					1	-0.0	-0.0	1.15	-0.0	-0.0	0.38	1.15	0.0	0.0	55.36					-0.04	-0.04	0.0	-0.01	-0.01	0.06	0.0	0.0	0.0	7.45					0.04	0.04	0.3	0.01	0.01	-0.01	0.3	0.0	0.0	16.31					-0.0	-0.0	0.2599999999999998	-0.0	-0.0	0.012474938739140295	0.2599999999999998	-0.0	0.0	-inf				
2022-02-04 08:00:00	2400	4.34	4.32	4.34	4.32	3.91	ILP.MI	3.3	3.3	3.28	3.28	4.03	2.99	1.0	-1.0	1.0	0	1.0	1.0	1.0	-1.0	1.0	-1.0										-1.0			3.62										0.0			3.54	-0.02	-0.02	1.52	-0.0	-0.0	0.49		1.52	0.0	0.0	4.69					1	-0.0	-0.0	1.15	-0.0	-0.0	0.38	1.15	0.0	0.0	54.91					-0.02	-0.02	-0.02	-0.0	-0.0	0.06	-0.02	0.0	0.0	4.69					0.02	0.02	0.32	0.0	0.0	-0.01	0.32	0.0	0.0	16.32					-0.0	-0.0	0.2599999999999998	-0.0	-0.0	0.012474938739140295	0.2599999999999998	-0.0	0.0	-inf				
2022-02-07 08:00:00	1800	4.3	4.3	4.3	4.3	3.89	ILP.MI	3.3	3.3	3.3	3.3	4.03	2.99	1.0	-1.0	1.0	0	1.0	1.0	1.0	-1.0	1.0	-1.0		4.3								-1.0			3.62	3.3									0.0			3.54	-0.02	-0.02	1.5	-0.0	-0.0	0.49		1.5	0.0	0.0	5.54					1	-0.0	-0.0	1.15	-0.0	-0.0	0.38	1.15	0.0	0.0	61.38					-0.02	-0.02	-0.04	-0.0	-0.0	0.05	-0.04	0.0	0.0	5.54					0.02	0.02	0.34	0.0	0.0	-0.0	0.34	0.0	0.0	20.12					-0.0	-0.0	0.2599999999999998	-0.0	-0.0	0.012474938739140295	0.2599999999999998	-0.0	0.0	-inf				
2022-02-08 08:00:00	1800	4.32	4.3	4.32	4.3	3.89	ILP.MI	3.31	3.31	3.29	3.29	4.03	2.99	1.0	-1.0	1.0	0	1.0	1.0	1.0	-1.0	1.0	-1.0										-1.0			3.62										0.0			3.54	0.0	0.0	1.5	0.0	0.0	0.49		1.5	0.0	0.0	9.0					1	0.0	0.0	1.15	0.0	0.0	0.38	1.15	0.0	0.0	68.17					0.0	0.0	-0.04	0.0	0.0	0.05	-0.04	0.0	0.0	9.0					-0.0	-0.0	0.34	-0.0	-0.0	-0.0	0.34	0.0	0.0	23.82					0.0	0.0	0.2599999999999998	0.0	0.0	0.012474938739140295	0.2599999999999998	0.0	0.0	-inf				
2022-02-09 08:00:00	6000	4.42	4.38	4.38	4.42	4.0	ILP.MI	3.26	3.29	3.26	3.29	4.03	2.99	1.0	-1.0	1.0	0	1.0	1.0	1.0	-1.0	1.0	-1.0	4.42									-1.0			3.62										0.0			3.54	0.12	0.12	1.62	0.03	0.03	0.53		1.62	0.0	0.0	14.81					1	0.0	0.0	1.15	0.0	0.0	0.38	1.15	0.0	0.0	77.28					0.12	0.12	0.08	0.03	0.03	0.08	0.08	0.0	0.0	14.81					-0.12	-0.12	0.22	-0.03	-0.03	-0.03	0.22	0.0	0.0	23.89					0.0	0.0	0.2599999999999998	0.0	0.0	0.012474938739140295	0.2599999999999998	0.0	0.0	-inf				
2022-02-10 08:00:00	40800	4.5	4.3	4.42	4.3	3.89	ILP.MI	3.29	3.35	3.2	3.2	4.03	2.99	1.0	-1.0	-1.0	0	1.0	1.0	1.0	-1.0	1.0	-1.0										-1.0			3.62										0.0			3.54	-0.12	-0.12	1.5	-0.03	-0.03	0.49		1.5	0.0	0.0	8.19					1	-0.0	-0.0	1.15	-0.0	-0.0	0.38	1.15	0.0	0.0	73.13					-0.12	-0.12	-0.04	-0.03	-0.03	0.05	-0.04	0.0	0.0	8.19					0.12	0.12	0.34	0.03	0.03	-0.0	0.34	0.0	0.0	23.17					-0.0	-0.0	0.2599999999999998	-0.0	-0.0	0.012474938739140295	0.2599999999999998	-0.0	0.0	-inf				
2022-02-11 08:00:00	13800	4.42	4.18	4.42	4.22	3.82	ILP.MI	3.31	3.31	3.13	3.16	4.03	2.99	1.0	-1.0	-1.0	0	1.0	1.0	1.0	-1.0	1.0	-1.0										-1.0			3.62										0.0			3.54	-0.08	-0.08	1.42	-0.02	-0.02	0.46		1.42	0.0	0.0	3.83					1	-0.0	-0.0	1.15	-0.0	-0.0	0.38	1.15	0.0	0.0	71.63					-0.08	-0.08	-0.12	-0.02	-0.02	0.03	-0.12	0.0	0.0	3.83					0.08	0.08	0.42	0.02	0.02	0.02	0.42	0.0	0.0	23.42					-0.0	-0.0	0.2599999999999998	-0.0	-0.0	0.012474938739140295	0.2599999999999998	-0.0	0.0	-inf				
2022-02-14 08:00:00	19800	4.22	4.14	4.22	4.18	3.79	ILP.MI	3.23	3.23	3.17	3.2	4.03	2.99	1.0	-1.0	-1.0	0	1.0	1.0	1.0	-1.0	1.0	-1.0		4.14								-1.0			3.62										0.0			3.54	-0.04	-0.04	1.38	-0.01	-0.01	0.45		1.38	0.0	0.0	4.1					1	-0.0	-0.0	1.15	-0.0	-0.0	0.38	1.15	0.0	0.0	78.37					-0.04	-0.04	-0.16	-0.01	-0.01	0.02	-0.16	0.0	0.0	4.1					0.04	0.04	0.46	0.01	0.01	0.02	0.46	0.0	0.0	27.3					-0.0	-0.0	0.2599999999999998	-0.0	-0.0	0.012474938739140295	0.2599999999999998	-0.0	0.0	-inf				
2022-02-15 08:00:00	9600	4.22	4.18	4.18	4.2	3.8	ILP.MI	3.13	3.16	3.13	3.15	4.03	2.99	1.0	-1.0	-1.0	0	1.0	1.0	1.0	-1.0	1.0	-1.0										-1.0			3.62		3.13								0.0			3.54	0.02	0.02	1.4	0.0	0.0	0.45		1.4	0.0	0.0	7.28					1	0.0	0.0	1.15	0.0	0.0	0.38	1.15	0.0	0.0	84.29					0.02	0.02	-0.14	0.0	0.0	0.03	-0.14	0.0	0.0	7.28					-0.02	-0.02	0.44	-0.0	-0.0	0.02	0.44	0.0	0.0	27.68					0.0	0.0	0.2599999999999998	0.0	0.0	0.012474938739140295	0.2599999999999998	0.0	0.0	-inf				
2022-02-16 08:00:00	9000	4.24	4.2	4.24	4.2	3.8	ILP.MI	3.18	3.18	3.15	3.15	4.03	2.99	1.0	-1.0	-1.0	0	1.0	1.0	1.0	-1.0	1.0	-1.0										-1.0			3.62										0.0			3.54	0.0	0.0	1.4	0.0	0.0	0.45		1.4	0.0	0.0	10.2					1	0.0	0.0	1.15	0.0	0.0	0.38	1.15	0.0	0.0	90.35					0.0	0.0	-0.14	0.0	0.0	0.03	-0.14	0.0	0.0	10.2					-0.0	-0.0	0.44	-0.0	-0.0	0.02	0.44	0.0	0.0	30.8					0.0	0.0	0.2599999999999998	0.0	0.0	0.012474938739140295	0.2599999999999998	0.0	0.0	-inf				
2022-02-17 08:00:00	1200	4.22	4.22	4.22	4.22	3.82	ILP.MI	3.2	3.2	3.2	3.2	4.03	2.99	1.0	-1.0	-1.0	0	1.0	1.0	1.0	-1.0	1.0	-1.0	4.22									-1.0			3.62	3.2									0.0			3.54	0.02	0.02	1.42	0.0	0.0	0.46		1.42	0.0	0.0	10.49					1	0.0	0.0	1.15	0.0	0.0	0.38	1.15	0.0	0.0	90.35					0.02	0.02	-0.12	0.0	0.0	0.03	-0.12	0.0	0.0	10.49					-0.02	-0.02	0.42	-0.0	-0.0	0.02	0.42	0.0	0.0	28.08					0.0	0.0	0.2599999999999998	0.0	0.0	0.012474938739140295	0.2599999999999998	0.0	0.0	-inf				
2022-02-18 08:00:00	7800	4.22	3.98	4.22	4.1	3.71	ILP.MI	3.22	3.22	3.03	3.13	4.03	2.99	1.0	-1.0	-1.0	-1	1.0	1.0	1.0	-1.0	1.0	-1.0										-1.0			3.62										0.0			3.54	-0.12	-0.12	1.3	-0.03	-0.03	0.42		1.3	0.0	0.0	5.41					1	-0.0	-0.0	1.15	-0.0	-0.0	0.38	1.15	0.0	0.0	88.92					-0.12	-0.12	-0.24	-0.03	-0.03	0.01	-0.24	0.0	0.0	5.41					0.12	0.12	0.54	0.03	0.03	0.04	0.54	0.0	0.0	28.77					-0.0	-0.0	0.2599999999999998	-0.0	-0.0	0.012474938739140295	0.2599999999999998	-0.0	0.0	-inf				
2022-02-21 08:00:00	1800	4.1	4.0	4.1	4.0	3.62	ILP.MI	3.18	3.18	3.1	3.1	4.03	2.99	1.0	-1.0	-1.0	-1	1.0	1.0	1.0	-1.0	1.0	-1.0										-1.0			3.62										0.0			3.54	-0.1	-0.1	1.2	-0.02	-0.02	0.38		1.2	0.0	0.0	1.62					1	0.1	0.1	1.25	0.02	0.02	0.41	1.25	0.0	0.0	91.4					-0.1	-0.1	-0.34	-0.02	-0.02	-0.02	-0.34	0.0	0.0	1.62					0.1	0.1	0.64	0.02	0.02	0.07	0.64	0.0	0.0	29.87					-0.0	-0.0	0.2599999999999998	-0.0	-0.0	0.012474938739140295	0.2599999999999998	-0.0	0.0	-inf				
2022-02-22 08:00:00	13200	3.98	3.72	3.98	3.8	3.44	ILP.MI	3.09	3.09	2.89	2.95	4.03	2.89	-1.0	-1.0	-1.0	-1	1.0	1.0	1.0	-1.0	1.0	-1.0		3.72								-1.0			3.62		2.89		2.89						0.0			3.54	-0.2	-0.2	1.0	-0.05	-0.05	0.31		1.0	-0.0	-0.0	-0.54					1	0.2	0.2	1.45	0.05	0.05	0.48	1.45	0.0	0.0	102.93					-0.2	-0.2	-0.54	-0.05	-0.05	-0.07	-0.54	-0.0	-0.0	-0.54					0.2	0.2	0.84	0.05	0.05	0.13	0.84	0.0	0.0	35.43					-0.0	-0.0	0.2599999999999998	-0.0	-0.0	0.012474938739140295	0.2599999999999998	-0.0	0.0	-inf				
2022-02-23 08:00:00	8400	3.9	3.78	3.78	3.9	3.53	ILP.MI	2.94	3.04	2.94	3.04	4.03	2.89	-1.0	-1.0	-1.0	-1	1.0	1.0	1.0	-1.0	1.0	-1.0										-1.0			3.62										0.0			3.54	-0.1	-0.1	0.9	-0.03	-0.03	0.28		0.9	-0.0	-0.0	-5.68					1	-0.1	-0.1	1.35	-0.03	-0.03	0.45	1.35	0.0	0.0	91.09					0.1	0.1	-0.44	0.03	0.03	-0.04	-0.44	-0.0	-0.0	-0.36					-0.1	-0.1	0.74	-0.03	-0.03	0.1	0.74	0.0	0.0	30.01					0.0	0.0	0.2599999999999998	0.0	0.0	0.012474938739140295	0.2599999999999998	0.0	0.0	-inf				
2022-02-24 08:00:00	10200	3.9	3.8	3.9	3.9	3.53	ILP.MI	3.17	3.17	3.09	3.17	4.03	2.89	-1.0	-1.0	-1.0	-1	1.0	1.0	1.0	-1.0	1.0	-1.0										-1.0			3.62	3.17									0.0			3.54	-0.0	-0.0	0.9	-0.0	-0.0	0.28		0.9	-0.0	-0.0	-6.96					1	-0.0	-0.0	1.35	-0.0	-0.0	0.45	1.35	0.0	0.0	89.49					0.0	0.0	-0.44	0.0	0.0	-0.04	-0.44	-0.0	-0.0	-1.54					-0.0	-0.0	0.74	-0.0	-0.0	0.1	0.74	0.0	0.0	29.25					0.0	0.0	0.2599999999999998	0.0	0.0	0.012474938739140295	0.2599999999999998	0.0	0.0	-inf				
2022-02-25 08:00:00	15600	4.0	3.84	3.84	4.0	3.62	ILP.MI	3.01	3.14	3.01	3.14	3.83	2.89	-1.0	-1.0	-1.0	-1	-1.0	1.0	-1.0	-1.0	1.0	-1.0	4.0									-1.0			3.62		3.01								0.0			3.54	-0.1	-0.1	0.8	-0.03	-0.03	0.25		0.8	-0.0	-0.0	-13.51					1	-0.1	-0.1	1.25	-0.03	-0.03	0.41	1.25	0.0	0.0	76.09					0.1	0.1	-0.34	0.03	0.03	-0.02	-0.34	-0.0	-0.0	-2.5					-0.1	-0.1	0.64	-0.03	-0.03	0.07	0.64	0.0	0.0	23.19					0.0	0.0	0.2599999999999998	0.0	0.0	0.012474938739140295	0.2599999999999998	0.0	0.0	-inf				
2022-02-28 08:00:00	10800	4.0	3.9	3.9	3.9	3.53	ILP.MI	3.1	3.18	3.1	3.1	3.83	2.89	-1.0	-1.0	-1.0	-1	-1.0	1.0	-1.0	-1.0	1.0	-1.0										-1.0			3.62										0.0			3.54	0.1	0.1	0.9	0.03	0.03	0.28		0.9	-0.0	-0.0	-9.07					1	0.1	0.1	1.35	0.03	0.03	0.45	1.35	0.0	0.0	83.47					0.1	0.1	-0.24	0.03	0.03	0.01	-0.24	0.0	0.0	1.63					0.1	0.1	0.74	0.03	0.03	0.1	0.74	0.0	0.0	26.9					-0.0	-0.0	0.2599999999999998	-0.0	-0.0	0.012474938739140295	0.2599999999999998	-0.0	0.0	-inf				
2022-03-01 08:00:00	600	3.86	3.86	3.86	3.86	3.5	ILP.MI	3.2	3.2	3.2	3.2	3.83	2.89	-1.0	-1.0	-1.0	-1	-1.0	1.0	-1.0	-1.0	1.0	-1.0										-1.0			3.62	3.2		3.2							0.0			3.54	0.04	0.04	0.94	0.01	0.01	0.29		0.94	-0.0	-0.0	-9.92					1	0.04	0.04	1.39	0.01	0.01	0.46	1.39	0.0	0.0	82.37					0.04	0.04	-0.2	0.01	0.01	0.02	-0.2	0.0	0.0	0.92					0.04	0.04	0.78	0.01	0.01	0.11	0.78	0.0	0.0	26.41					-0.0	-0.0	0.2599999999999998	-0.0	-0.0	0.012474938739140295	0.2599999999999998	-0.0	0.0	-inf				
2022-03-02 08:00:00	4200	3.8	3.74	3.76	3.74	3.39	ILP.MI	3.1	3.13	3.08	3.08	3.83	2.89	-1.0	-1.0	-1.0	-1	-1.0	1.0	-1.0	-1.0	1.0	-1.0										-1.0			3.62										0.0			3.54	0.12	0.12	1.06	0.03	0.03	0.34		1.06	-0.0	-0.0	-9.42					1	0.12	0.12	1.51	0.03	0.03	0.51	1.51	0.0	0.0	83.02					0.12	0.12	-0.08	0.03	0.03	0.05	-0.08	0.0	0.0	1.34					0.12	0.12	0.9	0.03	0.03	0.15	0.9	0.0	0.0	26.69					-0.0	-0.0	0.2599999999999998	-0.0	-0.0	0.012474938739140295	0.2599999999999998	-0.0	0.0	-inf				
2022-03-03 08:00:00	27000	3.74	3.42	3.74	3.48	3.15	ILP.MI	3.16	3.16	2.89	2.94	3.8	2.89	-1.0	-1.0	-1.0	-1	-1.0	1.0	-1.0	-1.0	1.0	-1.0										-1.0			3.62										0.0			3.54	0.26	0.26	1.32	0.07	0.07	0.44		1.32	-0.0	-0.0	-4.95					1	0.26	0.26	1.77	0.07	0.07	0.62	1.77	0.0	0.0	88.57					0.26	0.26	0.18	0.07	0.07	0.13	0.18	0.0	0.0	5.14					0.26	0.26	1.16	0.07	0.07	0.23	1.16	0.0	0.0	29.33					-0.0	-0.0	0.2599999999999998	-0.0	-0.0	0.012474938739140295	0.2599999999999998	-0.0	0.0	-inf				
2022-03-04 08:00:00	13200	3.42	3.02	3.42	3.02	2.73	ILP.MI	3.08	3.08	2.72	2.72	3.77	2.72	-1.0	-1.0	-1.0	-1	-1.0	1.0	-1.0	-1.0	1.0	-1.0										-1.0			3.62										-1.0			3.54	0.46	0.46	1.78	0.13	0.14	0.65	4.5	1.78	0.0	0.0	2.96					1	0.46	0.46	2.23	0.13	0.14	0.87	2.23	0.0	0.0	97.15					0.46	0.46	0.64	0.13	0.14	0.3	0.64	0.0	0.0	11.94					0.46	0.46	1.62	0.13	0.14	0.42	1.62	0.0	0.0	34.16					-0.0	-0.0	0.2599999999999998	-0.0	-0.0	0.012474938739140295	0.2599999999999998	-0.0	0.0	-inf				
2022-03-07 08:00:00	18000	3.22	2.74	2.98	3.1	2.81	ILP.MI	2.72	2.94	2.5	2.83	3.77	2.5	-1.0	-1.0	-1.0	-1	-1.0	1.0	-1.0	-1.0	1.0	-1.0		2.74		2.74		2.74				-1.0			3.62		2.5								-1.0			3.54	-0.08	-0.08	1.7	-0.03	-0.03	0.61	4.5	1.7	0.0	0.0	2.48					1	-0.08	-0.08	2.15	-0.03	-0.03	0.82	2.15	0.0	0.0	95.12					-0.08	-0.08	0.56	-0.03	-0.03	0.27	0.56	0.0	0.0	11.4					-0.08	-0.08	1.54	-0.03	-0.03	0.38	1.54	0.0	0.0	33.38					-0.08000000000000007	-0.08000000000000007	0.17999999999999972	-0.026490066225165476	-0.026145280104322207	-0.013653446776708433	0.17999999999999972	-2.614528010432223e-06	-2.6148664390435172e-06	-inf				
2022-03-08 08:00:00	49200	3.32	2.98	3.22	2.98	2.7	ILP.MI	2.91	3.0	2.7	2.7	3.74	2.5	-1.0	-1.0	-1.0	-1	-1.0	1.0	-1.0	-1.0	1.0	-1.0	3.32									-1.0			3.62	3.0									-1.0			3.54	0.12	0.12	1.82	0.04	0.04	0.68	4.5	1.82	0.0	0.0	6.44					1	0.12	0.12	2.27	0.04	0.04	0.89	2.27	0.0	0.0	100.82					0.12	0.12	0.68	0.04	0.04	0.32	0.68	0.0	0.0	15.15					0.12	0.12	1.66	0.04	0.04	0.44	1.66	0.0	0.0	36.85					0.1200000000000001	0.1200000000000001	0.2999999999999998	0.03870967741935483	0.03947881097378746	0.026065206373222738	0.2999999999999998	0.0003882257006300637	0.00038822356881551556	3761.204260378675				
2022-03-09 08:00:00	73200	3.1	2.86	3.08	2.86	2.59	ILP.MI	2.61	2.62	2.42	2.42	3.74	2.42	-1.0	-1.0	-1.0	-1	-1.0	1.0	-1.0	-1.0	1.0	-1.0		2.86								-1.0			3.62		2.42		2.42		2.42		2.42		-1.0	2.42		3.54	0.12	0.12	1.94	0.04	0.04	0.75	4.5	1.94	0.0	0.0	8.15					1	0.12	0.12	2.39	0.04	0.04	0.97	2.39	0.0	0.0	102.41					0.12	0.12	0.8	0.04	0.04	0.37	0.8	0.0	0.0	16.64					0.12	0.12	1.78	0.04	0.04	0.5	1.78	0.0	0.0	37.94					0.1200000000000001	0.1200000000000001	0.41999999999999993	0.04026845637583898	0.04110167568555192	0.06911689335391746	0.41999999999999993	0.0007951322899170277	0.0007951266522254752	3774.124351543847				
2022-03-10 08:00:00	19200	3.06	2.9	2.9	3.06	2.77	ILP.MI	2.56	2.7	2.56	2.7	3.74	2.42	-1.0	-1.0	-1.0	-1	-1.0	1.0	-1.0	-1.0	1.0	-1.0										-1.0			3.62										-1.0			3.54	-0.2	-0.2	1.74	-0.07	-0.07	0.63	4.42	1.74	0.0	0.0	2.96					1	-0.2	-0.2	2.19	-0.07	-0.07	0.84	2.19	0.0	0.0	86.42					-0.2	-0.2	0.6	-0.07	-0.07	0.28	0.6	0.0	0.0	11.0					-0.2	-0.2	1.58	-0.07	-0.07	0.4	1.58	0.0	0.0	30.84					-0.20000000000000018	-0.20000000000000018	0.21999999999999975	-0.06993006993007	-0.06759329113252825	-0.0007600277803255784	0.21999999999999975	0.0007709410550141559	0.0007709112653493388	1020.6408774136447				
2022-03-11 08:00:00	12600	3.2	3.0	3.1	3.2	2.9	ILP.MI	2.72	2.81	2.63	2.81	3.64	2.42	-1.0	-1.0	-1.0	-1	-1.0	1.0	-1.0	-1.0	1.0	-1.0										-1.0			3.62										-1.0			3.54	-0.14	-0.14	1.6	-0.05	-0.04	0.56	4.24	1.6	0.0	0.0	2.13					1	-0.14	-0.14	2.05	-0.05	-0.04	0.76	2.05	0.0	0.0	83.18					-0.14	-0.14	0.46	-0.05	-0.04	0.23	0.46	0.0	0.0	10.06					-0.14	-0.14	1.44	-0.05	-0.04	0.34	1.44	0.0	0.0	29.54					-0.14000000000000012	-0.14000000000000012	0.07999999999999963	-0.045751633986928164	-0.04473589384139152	-0.04447677656493643	0.07999999999999963	0.0007400883810721195	0.0007400185185746366	663.2603015078935				
2022-03-14 08:00:00	13200	3.48	3.28	3.28	3.42	3.1	ILP.MI	2.83	3.0	2.83	2.95	3.64	2.42	-1.0	-1.0	-1.0	-1	-1.0	1.0	-1.0	-1.0	1.0	-1.0										-1.0			3.62										-1.0			3.54	-0.22	-0.22	1.38	-0.07	-0.07	0.46	4.24	1.38	-0.0	-0.0	-2.27					1	-0.22	-0.22	1.83	-0.07	-0.07	0.65	1.83	0.0	0.0	70.72					-0.22	-0.22	0.24	-0.07	-0.07	0.15	0.24	0.0	0.0	5.3					-0.22	-0.22	1.22	-0.07	-0.07	0.25	1.22	0.0	0.0	23.64					-0.21999999999999975	-0.21999999999999975	-0.14000000000000012	-0.06874999999999987	-0.0664897412688328	-0.1059431827508176	-0.14000000000000012	0.0006915869893908282	0.0006914302745575363	418.7346531889614				
2022-03-15 08:00:00	4800	3.48	3.46	3.46	3.46	3.13	ILP.MI	2.98	2.99	2.98	2.98	3.64	2.42	-1.0	-1.0	-1.0	-1	-1.0	1.0	-1.0	-1.0	-1.0	1.0										-1.0			3.62										-1.0			3.54	-0.04	-0.04	1.34	-0.01	-0.01	0.44	4.24	1.34	-0.0	-0.0	-4.46					1	-0.04	-0.04	1.79	-0.01	-0.01	0.63	1.79	0.0	0.0	66.58					-0.04	-0.04	0.2	-0.01	-0.01	0.13	0.2	0.0	0.0	3.06					-0.04	-0.04	1.18	-0.01	-0.01	0.24	1.18	0.0	0.0	21.21					-0.040000000000000036	-0.040000000000000036	-0.18000000000000016	-0.011695906432748648	-0.011628037995119214	-0.11627909971323591	-0.18000000000000016	0.000657218501092627	0.0006570085244654855	376.5624345712245				
2022-03-16 08:00:00	9600	3.68	3.52	3.52	3.68	3.33	ILP.MI	2.93	3.06	2.93	3.06	3.64	2.42	-1.0	-1.0	-1.0	-1	-1.0	1.0	-1.0	-1.0	-1.0	1.0										-1.0			3.62										-1.0			3.54	-0.22	-0.22	1.12	-0.06	-0.06	0.36	4.22	1.12	-0.0	-0.0	-6.24					1	-0.22	-0.22	1.57	-0.06	-0.06	0.53	1.57	0.0	0.0	60.25					-0.22	-0.22	-0.02	-0.06	-0.06	0.07	-0.02	0.0	0.0	1.03					0.22	0.22	1.4	0.06	0.06	0.32	1.4	0.0	0.0	25.06					-0.2200000000000002	-0.2200000000000002	-0.40000000000000036	-0.06358381502890187	-0.061644163111206796	-0.16911024049124912	-0.40000000000000036	0.0005905147301257495	0.0005901511053632014	263.38248583291556				
2022-03-17 08:00:00	1800	3.72	3.72	3.72	3.72	3.37	ILP.MI	3.12	3.12	3.12	3.12	3.64	2.42	-1.0	-1.0	-1.0	-1	-1.0	1.0	-1.0	-1.0	-1.0	1.0										-1.0			3.62										-1.0			3.54	-0.04	-0.04	1.08	-0.01	-0.01	0.34	4.22	1.08	-0.0	-0.0	-8.5					1	-0.04	-0.04	1.53	-0.01	-0.01	0.52	1.53	0.0	0.0	56.35					-0.04	-0.04	-0.06	-0.01	-0.01	0.05	-0.06	-0.0	-0.0	-1.24					0.04	0.04	1.44	0.01	0.01	0.33	1.44	0.0	0.0	25.22					-0.040000000000000036	-0.040000000000000036	-0.4400000000000004	-0.010869565217391353	-0.010810916104215676	-0.17804453898059058	-0.4400000000000004	0.0005470653994415249	0.0005466199853840781	234.87695569436178				
2022-03-18 08:00:00	1800	3.76	3.76	3.76	3.76	3.4	ILP.MI	3.14	3.14	3.14	3.14	3.64	2.42	-1.0	-1.0	-1.0	-1	-1.0	1.0	-1.0	-1.0	-1.0	1.0	3.76									-1.0			3.62	3.14									-1.0			3.54	-0.04	-0.04	1.04	-0.01	-0.01	0.33	4.1	1.04	-0.0	-0.0	-8.16					1	-0.04	-0.04	1.49	-0.01	-0.01	0.5	1.49	0.0	0.0	57.54					-0.04	-0.04	-0.1	-0.01	-0.01	0.04	-0.1	-0.0	-0.0	-0.85					0.04	0.04	1.48	0.01	0.01	0.35	1.48	0.0	0.0	28.48					-0.03999999999999959	-0.03999999999999959	-0.48	-0.010752688172043001	-0.01069528911674795	-0.1867887460127119	-0.48	0.0005015463871264309	0.0005010132225211628	207.6503808175931				
2022-03-21 08:00:00	3600	3.76	3.72	3.74	3.72	3.37	ILP.MI	3.11	3.13	3.09	3.09	3.64	2.42	-1.0	-1.0	-1.0	-1	-1.0	1.0	-1.0	-1.0	-1.0	1.0										-1.0			3.62										-1.0			3.54	0.04	0.04	1.08	0.01	0.01	0.34	4.0	1.08	-0.0	-0.0	-7.69					1	0.04	0.04	1.53	0.01	0.01	0.52	1.53	0.0	0.0	58.01					0.04	0.04	-0.06	0.01	0.01	0.05	-0.06	-0.0	-0.0	-0.44					-0.04	-0.04	1.44	-0.01	-0.01	0.33	1.44	0.0	0.0	26.1					0.03999999999999959	0.03999999999999959	-0.4400000000000004	0.010638297872340274	0.010695289116747806	-0.1780445389805907	-0.4400000000000004	0.0005999430470005107	0.0005993794955931886	219.2835246355385				
2022-03-22 08:00:00	600	3.66	3.66	3.66	3.66	3.31	ILP.MI	3.02	3.02	3.02	3.02	3.64	2.42	-1.0	-1.0	-1.0	-1	-1.0	1.0	-1.0	-1.0	-1.0	1.0										-1.0			3.62										-1.0			3.54	0.06	0.06	1.14	0.02	0.02	0.36	4.0	1.14	-0.0	-0.0	-4.7					1	0.06	0.06	1.59	0.02	0.02	0.54	1.59	0.0	0.0	63.22					0.06	0.06	0.0	0.02	0.02	0.07	0.0	0.0	0.0	2.53					-0.06	-0.06	1.38	-0.02	-0.02	0.31	1.38	0.0	0.0	26.18					0.06000000000000005	0.06000000000000005	-0.38000000000000034	0.016129032258064502	0.01626052087178029	-0.16456985929174794	-0.38000000000000034	0.0007495398390208896	0.0007489284782222771	232.53651344546617				
2022-03-23 08:00:00	29400	3.7	3.46	3.7	3.52	3.19	ILP.MI	3.08	3.08	2.88	2.93	3.64	2.42	-1.0	-1.0	-1.0	-1	-1.0	1.0	-1.0	-1.0	-1.0	1.0		3.46								-1.0			3.62										-1.0			3.54	0.14	0.14	1.28	0.04	0.04	0.42	4.0	1.28	-0.0	-0.0	-4.19					1	0.14	0.14	1.73	0.04	0.04	0.6	1.73	0.0	0.0	63.71					0.14	0.14	0.14	0.04	0.04	0.11	0.14	0.0	0.0	2.98					-0.14	-0.14	1.24	-0.04	-0.04	0.26	1.24	0.0	0.0	21.64					0.14000000000000012	0.14000000000000012	-0.2400000000000002	0.03825136612021862	0.039002157803269204	-0.1313425241499424	-0.2400000000000002	0.001108359690810966	0.001107625735382145	252.33682114580037				
2022-03-24 08:00:00	6000	3.64	3.48	3.58	3.56	3.22	ILP.MI	2.97	3.02	2.88	2.95	3.64	2.42	-1.0	-1.0	-1.0	-1	-1.0	1.0	-1.0	-1.0	-1.0	1.0										-1.0			3.62		2.88								-1.0			3.54	-0.04	-0.04	1.24	-0.01	-0.01	0.4	4.0	1.24	-0.0	-0.0	-3.98					1	-0.04	-0.04	1.69	-0.01	-0.01	0.58	1.69	0.0	0.0	64.44					-0.04	-0.04	0.1	-0.01	-0.01	0.1	0.1	0.0	0.0	3.22					0.04	0.04	1.28	0.01	0.01	0.27	1.28	0.0	0.0	24.61					-0.040000000000000036	-0.040000000000000036	-0.28000000000000025	-0.011363636363636465	-0.011299555253933466	-0.14110272050780825	-0.28000000000000025	0.0010535619843698757	0.0010527033288938448	231.14750746528867				
2022-03-25 08:00:00	6600	3.74	3.6	3.6	3.74	3.39	ILP.MI	2.96	3.08	2.96	3.08	3.64	2.42	-1.0	-1.0	-1.0	-1	-1.0	1.0	-1.0	-1.0	-1.0	1.0										-1.0			3.62										-1.0			3.54	-0.18	-0.18	1.06	-0.05	-0.05	0.34	4.0	1.06	-0.0	-0.0	-8.36					1	-0.18	-0.18	1.51	-0.05	-0.05	0.51	1.51	0.0	0.0	55.41					-0.18	-0.18	-0.08	-0.05	-0.05	0.05	-0.08	-0.0	-0.0	-1.23					0.18	0.18	1.46	0.05	0.05	0.34	1.46	0.0	0.0	25.16					-0.18000000000000016	-0.18000000000000016	-0.4600000000000004	-0.050561797752809	-0.04932506656250149	-0.18244002272935766	-0.4600000000000004	0.0009584788555694309	0.0009573205423631936	181.50376281504577				
2022-03-28 07:00:00	24600	3.98	3.78	3.78	3.9	3.53	ILP.MI	3.09	3.26	3.09	3.19	3.61	2.42	-1.0	-1.0	1.0	0	-1.0	1.0	-1.0	-1.0	-1.0	1.0										-1.0			3.62										-1.0			3.54	-0.16	-0.16	0.9	-0.04	-0.04	0.28	3.98	0.9	-0.0	-0.0	-13.8					1	-0.16	-0.16	1.35	-0.04	-0.04	0.45	1.35	0.0	0.0	46.22					-0.16	-0.16	-0.24	-0.04	-0.04	0.01	-0.24	-0.0	-0.0	-6.5					0.16	0.16	1.62	0.04	0.04	0.4	1.62	0.0	0.0	24.86					-0.1599999999999997	-0.1599999999999997	-0.6200000000000001	-0.04278074866310155	-0.04189094170916013	-0.21598094487379416	-0.6200000000000001	0.000861708250795161	0.0008602310404992597	146.1853205487218				
2022-03-29 07:00:00	37800	4.06	3.9	3.98	4.0	3.62	ILP.MI	3.18	3.24	3.11	3.19	3.61	2.42	-1.0	-1.0	1.0	0	-1.0	1.0	-1.0	-1.0	-1.0	1.0										-1.0			3.62										-1.0			3.54	-0.1	-0.1	0.8	-0.03	-0.03	0.25	4.06	0.8	-0.0	-0.0	-13.58					1	0.0	0.0	1.35	0.0	0.0	0.45	1.35	0.0	0.0	52.0					-0.1	-0.1	-0.34	-0.03	-0.03	-0.02	-0.34	-0.0	-0.0	-6.25					0.1	0.1	1.72	0.03	0.03	0.43	1.72	0.0	0.0	29.11					-0.10000000000000009	-0.10000000000000009	-0.7200000000000002	-0.025641025641025772	-0.02531780798429	-0.23558142125194947	-0.7200000000000002	0.0007764472181489032	0.0007747031687597161	123.92160440205016				
2022-03-30 07:00:00	131400	4.16	3.9	3.94	4.04	3.66	ILP.MI	3.15	3.32	3.12	3.23	3.61	2.42	-1.0	-1.0	1.0	0	-1.0	1.0	-1.0	-1.0	-1.0	1.0	4.16		4.16							-1.0			3.62	3.32		3.32		3.32					-1.0			3.54	-0.04	-0.04	0.76	-0.01	-0.01	0.24	4.16	0.76	-0.0	-0.0	-15.59					1	0.0	0.0	1.35	0.0	0.0	0.45	1.35	0.0	0.0	52.0					-0.04	-0.04	-0.38	-0.01	-0.01	-0.03	-0.38	-0.0	-0.0	-8.28					0.04	0.04	1.76	0.01	0.01	0.45	1.76	0.0	0.0	29.33					-0.040000000000000036	-0.040000000000000036	-0.7600000000000002	-0.010000000000000009	-0.009950330853168092	-0.2431499220316331	-0.7600000000000002	0.0007061003441762462	0.0007041670352907481	110.13126753466979				
2022-03-31 07:00:00	33600	4.04	3.9	4.04	3.94	3.57	ILP.MI	3.26	3.26	3.15	3.18	3.61	2.42	-1.0	-1.0	1.0	0	-1.0	1.0	-1.0	-1.0	-1.0	1.0										-1.0			3.62										-1.0			3.54	0.1	0.1	0.86	0.02	0.03	0.27	4.16	0.86	-0.0	-0.0	-11.43					1	-0.0	-0.0	1.35	-0.0	-0.0	0.45	1.35	0.0	0.0	59.25					0.1	0.1	-0.28	0.02	0.03	-0.0	-0.28	-0.0	-0.0	-4.12					-0.1	-0.1	1.66	-0.02	-0.03	0.41	1.66	0.0	0.0	30.44					0.10000000000000009	0.10000000000000009	-0.6600000000000001	0.024752475247524774	0.025063968663216276	-0.22394052918979634	-0.6600000000000001	0.0009241568715462277	0.000922054272838313	123.08867656477301				
2022-04-01 07:00:00	77400	3.96	3.9	3.96	3.9	3.53	ILP.MI	3.18	3.18	3.13	3.13	3.61	2.42	-1.0	-1.0	1.0	0	-1.0	1.0	-1.0	-1.0	-1.0	1.0										-1.0			3.62										-1.0			3.54	0.04	0.04	0.9	0.01	0.01	0.28	4.16	0.9	-0.0	-0.0	-11.56					1	-0.0	-0.0	1.35	-0.0	-0.0	0.45	1.35	0.0	0.0	58.61					0.04	0.04	-0.24	0.01	0.01	0.01	-0.24	-0.0	-0.0	-4.24					-0.04	-0.04	1.62	-0.01	-0.01	0.4	1.62	0.0	0.0	27.75					0.040000000000000036	0.040000000000000036	-0.6200000000000001	0.010152284263959421	0.010204170174241736	-0.21598094487379427	-0.6200000000000001	0.0010129331520621308	0.0010107596010719977	127.34062510672858				
2022-04-04 07:00:00	5400	3.92	3.88	3.92	3.92	3.55	ILP.MI	3.15	3.15	3.11	3.15	3.61	2.42	-1.0	-1.0	1.0	0	-1.0	1.0	-1.0	-1.0	-1.0	1.0		3.88								-1.0			3.62		3.11								-1.0			3.54	-0.02	-0.02	0.88	-0.01	-0.01	0.27	4.16	0.88	-0.0	-0.0	-14.49					1	0.0	0.0	1.35	0.0	0.0	0.45	1.35	0.0	0.0	57.51					-0.02	-0.02	-0.26	-0.01	-0.01	0.0	-0.26	-0.0	-0.0	-7.05					0.02	0.02	1.64	0.01	0.01	0.4	1.64	0.0	0.0	27.36					-0.020000000000000018	-0.020000000000000018	-0.6400000000000001	-0.00512820512820511	-0.005115100666770409	-0.21998104209382596	-0.6400000000000001	0.0009438387202960512	0.0009414864739181183	117.28328312823658				
2022-04-05 07:00:00	4200	4.0	3.9	4.0	3.93	3.56	ILP.MI	3.24	3.24	3.16	3.18	3.61	2.42	-1.0	-1.0	1.0	0	-1.0	1.0	-1.0	-1.0	-1.0	1.0	4.0									-1.0			3.62										-1.0			3.54	-0.01	-0.01	0.87	-0.0	-0.0	0.27	4.16	0.87	-0.0	-0.0	-16.31					1	0.0	0.0	1.35	0.0	0.0	0.45	1.35	0.0	0.0	57.51					-0.01	-0.01	-0.27	-0.0	-0.0	-0.0	-0.27	-0.0	-0.0	-8.87					0.01	0.01	1.65	0.0	0.0	0.41	1.65	0.0	0.0	27.42					-0.010000000000000231	-0.010000000000000231	-0.6500000000000004	-0.0025510204081633514	-0.002547772078798783	-0.22196582315720048	-0.6500000000000004	0.0008775722612785747	0.0008750609475924875	108.42480511005998				
2022-04-06 07:00:00	3000	3.96	3.85	3.96	3.94	3.57	ILP.MI	3.27	3.27	3.18	3.26	3.61	2.42	-1.0	-1.0	1.0	0	-1.0	1.0	-1.0	-1.0	-1.0	1.0										-1.0			3.62	3.27									-1.0			3.54	-0.01	-0.01	0.86	-0.0	-0.0	0.27	4.16	0.86	-0.0	-0.0	-20.14					1	0.0	0.0	1.35	0.0	0.0	0.45	1.35	0.0	0.0	55.4					-0.01	-0.01	-0.28	-0.0	-0.0	-0.0	-0.28	-0.0	-0.0	-12.44					0.01	0.01	1.66	0.0	0.0	0.41	1.66	0.0	0.0	26.57					-0.009999999999999787	-0.009999999999999787	-0.6600000000000001	-0.0025445292620864812	-0.002541297428672548	-0.22394052918979634	-0.6600000000000001	0.0008108066072855403	0.0008081378987900845	99.60725785254854				
2022-04-07 07:00:00	1800	3.88	3.83	3.83	3.88	3.51	ILP.MI	3.19	3.23	3.19	3.23	3.58	2.42	-1.0	-1.0	1.0	0	-1.0	1.0	-1.0	-1.0	-1.0	1.0		3.83								-1.0			3.62										-1.0			3.54	0.06	0.06	0.92	0.02	0.02	0.29	4.16	0.92	-0.0	-0.0	-19.53					1	-0.0	-0.0	1.35	-0.0	-0.0	0.45	1.35	0.0	0.0	55.16					0.06	0.06	-0.22	0.02	0.02	0.01	-0.22	-0.0	-0.0	-11.9					-0.06	-0.06	1.6	-0.02	-0.02	0.39	1.6	0.0	0.0	23.78					0.06000000000000005	0.06000000000000005	-0.6000000000000001	0.015228426395939132	0.015345569674660421	-0.2119396095380922	-0.6000000000000001	0.0009397093925526876	0.0009369091598596668	106.45727759126558				
2022-04-08 07:00:00	0	3.88	3.88	3.88	3.88	3.51	ILP.MI	3.16	3.16	3.16	3.16	3.58	2.42	-1.0	-1.0	1.0	0	-1.0	1.0	-1.0	-1.0	-1.0	1.0	3.88									-1.0			3.62										-1.0			3.54	-0.0	-0.0	0.92	-0.0	-0.0	0.29	4.16	0.92	-0.0	-0.0	-15.76					1	0.0	0.0	1.35	0.0	0.0	0.45	1.35	0.0	0.0	66.48					-0.0	-0.0	-0.22	-0.0	-0.0	0.01	-0.22	-0.0	-0.0	-7.87					0.0	0.0	1.6	0.0	0.0	0.39	1.6	0.0	0.0	29.78					-0.0	-0.0	-0.6000000000000001	-0.0	-0.0	-0.2119396095380922	-0.6000000000000001	0.0009397093925526876	0.0009369091598596668	106.45727759126558				
2022-04-11 07:00:00	1200	3.84	3.81	3.84	3.81	3.45	ILP.MI	3.14	3.14	3.11	3.11	3.58	2.42	-1.0	-1.0	1.0	0	-1.0	1.0	-1.0	-1.0	-1.0	1.0										-1.0			3.62										-1.0			3.54	0.07	0.07	0.99	0.02	0.02	0.31	4.16	0.99	-0.0	-0.0	-12.43					1	-0.0	-0.0	1.35	-0.0	-0.0	0.45	1.35	0.0	0.0	71.91					0.07	0.07	-0.15	0.02	0.02	0.03	-0.15	-0.0	-0.0	-4.61					-0.07	-0.07	1.53	-0.02	-0.02	0.36	1.53	0.0	0.0	29.74					0.06999999999999984	0.06999999999999984	-0.5300000000000002	0.018041237113401998	0.01820596449657241	-0.1974608097133328	-0.5300000000000002	0.001092639494323896	0.001089679129009813	113.31801601783062				
2022-04-12 07:00:00	600	3.78	3.78	3.78	3.78	3.42	ILP.MI	3.1	3.1	3.1	3.1	3.58	2.42	-1.0	-1.0	1.0	0	-1.0	1.0	-1.0	-1.0	-1.0	1.0										-1.0			3.62										-1.0			3.54	0.03	0.03	1.02	0.01	0.01	0.32	4.16	1.02	-0.0	-0.0	-9.78					1	-0.0	-0.0	1.35	-0.0	-0.0	0.45	1.35	0.0	0.0	76.88					0.03	0.03	-0.12	0.01	0.01	0.04	-0.12	-0.0	-0.0	-1.95					-0.03	-0.03	1.5	-0.01	-0.01	0.35	1.5	0.0	0.0	30.11					0.03000000000000025	0.03000000000000025	-0.5	0.007874015748031593	0.007905179507113374	-0.19109145106026393	-0.5	0.0011590430021836485	0.0011560117232667366	115.94860562034322				
2022-04-13 07:00:00	16200	3.74	3.7	3.74	3.7	3.35	ILP.MI	3.06	3.06	3.03	3.03	3.58	2.42	-1.0	-1.0	1.0	0	-1.0	1.0	-1.0	-1.0	-1.0	1.0										-1.0			3.62										-1.0			3.54	0.08	0.08	1.1	0.02	0.02	0.35	4.16	1.1	-0.0	-0.0	-6.32					1	-0.0	-0.0	1.35	-0.0	-0.0	0.45	1.35	0.0	0.0	76.88					0.08	0.08	-0.04	0.02	0.02	0.06	-0.04	0.0	0.0	1.47					-0.08	-0.08	1.42	-0.02	-0.02	0.32	1.42	0.0	0.0	29.89					0.07999999999999963	0.07999999999999963	-0.4200000000000004	0.021164021164021052	0.021391189981317445	-0.173601536488594	-0.4200000000000004	0.001338728998026715	0.0013355016317209145	122.21451877711672				
2022-04-14 07:00:00	600	3.7	3.7	3.7	3.7	3.35	ILP.MI	3.01	3.01	3.01	3.01	3.58	2.42	-1.0	-1.0	1.0	0	-1.0	1.0	-1.0	-1.0	-1.0	1.0		3.7								-1.0			3.62		3.01		3.01						-1.0			3.54	-0.0	-0.0	1.1	-0.0	-0.0	0.35	4.16	1.1	-0.0	-0.0	-4.34					1	0.0	0.0	1.35	0.0	0.0	0.45	1.35	0.0	0.0	76.88					-0.0	-0.0	-0.04	-0.0	-0.0	0.06	-0.04	0.0	0.0	3.46					0.0	0.0	1.42	0.0	0.0	0.32	1.42	0.0	0.0	32.06					-0.0	-0.0	-0.4200000000000004	-0.0	-0.0	-0.173601536488594	-0.4200000000000004	0.001338728998026715	0.0013355016317209145	122.21451877711672				
2022-04-19 07:00:00	1200	3.86	3.82	3.82	3.86	3.5	ILP.MI	3.14	3.17	3.14	3.17	3.58	2.42	-1.0	-1.0	1.0	0	-1.0	1.0	-1.0	-1.0	-1.0	1.0										-1.0			3.62	3.17									-1.0			3.54	-0.16	-0.16	0.94	-0.04	-0.04	0.29	4.16	0.94	-0.0	-0.0	-5.53					1	0.0	0.0	1.35	0.0	0.0	0.45	1.35	0.0	0.0	76.88					-0.16	-0.16	-0.2	-0.04	-0.04	0.02	-0.2	0.0	0.0	2.11					0.16	0.16	1.58	0.04	0.04	0.38	1.58	0.0	0.0	35.56					-0.1599999999999997	-0.1599999999999997	-0.5800000000000001	-0.043243243243243246	-0.042334363826560736	-0.2078563950797404	-0.5800000000000001	0.0011975220813055703	0.0011937059249207405	99.87959540128601				
2022-04-20 07:00:00	0	3.86	3.86	3.86	3.86	3.5	ILP.MI	3.14	3.14	3.14	3.14	3.58	2.42	-1.0	-1.0	1.0	0	-1.0	1.0	-1.0	-1.0	-1.0	1.0	3.86									-1.0			3.62										-1.0			3.54	-0.0	-0.0	0.94	-0.0	-0.0	0.29	4.16	0.94	-0.0	-0.0	-6.59					1	0.0	0.0	1.35	0.0	0.0	0.45	1.35	0.0	0.0	76.88					-0.0	-0.0	-0.2	-0.0	-0.0	0.02	-0.2	0.0	0.0	1.19					0.0	0.0	1.58	0.0	0.0	0.38	1.58	0.0	0.0	35.03					-0.0	-0.0	-0.5800000000000001	-0.0	-0.0	-0.2078563950797404	-0.5800000000000001	0.0011975220813055703	0.0011937059249207405	99.87959540128601				
2022-04-21 07:00:00	2400	3.86	3.77	3.86	3.77	3.41	ILP.MI	3.15	3.15	3.07	3.07	3.58	2.42	-1.0	-1.0	1.0	0	-1.0	1.0	-1.0	-1.0	-1.0	1.0										-1.0			3.62		3.07								-1.0			3.54	0.09	0.09	1.03	0.02	0.02	0.32	4.16	1.03	-0.0	-0.0	-3.22					1	-0.0	-0.0	1.35	-0.0	-0.0	0.45	1.35	0.0	0.0	76.88					0.09	0.09	-0.11	0.02	0.02	0.04	-0.11	0.0	0.0	4.47					-0.09	-0.09	1.49	-0.02	-0.02	0.35	1.49	0.0	0.0	34.33					0.08999999999999986	0.08999999999999986	-0.4900000000000002	0.023316062176165775	0.02359218201682007	-0.1889458050418562	-0.4900000000000002	0.0013933371920451763	0.0013892723976658417	105.99083730404264				
2022-04-22 07:00:00	600	3.8	3.8	3.8	3.8	3.44	ILP.MI	3.16	3.16	3.16	3.16	3.58	2.42	-1.0	-1.0	1.0	0	-1.0	1.0	-1.0	-1.0	-1.0	1.0										-1.0			3.62										-1.0			3.54	-0.03	-0.03	1.0	-0.01	-0.01	0.31	4.16	1.0	-0.0	-0.0	-3.18					1	0.0	0.0	1.35	0.0	0.0	0.45	1.35	0.0	0.0	76.88					-0.03	-0.03	-0.14	-0.01	-0.01	0.03	-0.14	0.0	0.0	4.53					0.03	0.03	1.52	0.01	0.01	0.36	1.52	0.0	0.0	37.02					-0.029999999999999805	-0.029999999999999805	-0.52	-0.007957559681697646	-0.007926065272420723	-0.1953488644757364	-0.52	0.0013032391217544892	0.0012988976250023487	97.55922358787402				
2022-04-25 07:00:00	600	3.8	3.8	3.8	3.8	3.44	ILP.MI	3.21	3.21	3.21	3.21	3.58	2.42	-1.0	-1.0	1.0	0	-1.0	1.0	-1.0	-1.0	-1.0	1.0										-1.0			3.62	3.21		3.21							-1.0			3.54	-0.0	-0.0	1.0	-0.0	-0.0	0.31	4.16	1.0	-0.0	-0.0	-4.84					1	0.0	0.0	1.35	0.0	0.0	0.45	1.35	0.0	0.0	76.88					-0.0	-0.0	-0.14	-0.0	-0.0	0.03	-0.14	0.0	0.0	3.08					0.0	0.0	1.52	0.0	0.0	0.36	1.52	0.0	0.0	36.18					-0.0	-0.0	-0.52	-0.0	-0.0	-0.1953488644757364	-0.52	0.0013032391217544892	0.0012988976250023487	97.55922358787402				
2022-04-26 07:00:00	1200	3.7	3.68	3.68	3.7	3.35	ILP.MI	3.14	3.16	3.14	3.16	3.58	2.42	-1.0	-1.0	1.0	-1	-1.0	1.0	-1.0	-1.0	-1.0	1.0		3.68								-1.0			3.62										-1.0			3.54	0.1	0.1	1.1	0.03	0.03	0.35	4.16	1.1	-0.0	-0.0	-1.3					1	-0.0	-0.0	1.35	-0.0	-0.0	0.45	1.35	0.0	0.0	76.88					0.1	0.1	-0.04	0.03	0.03	0.06	-0.04	0.0	0.0	6.53					-0.1	-0.1	1.42	-0.03	-0.03	0.32	1.42	0.0	0.0	35.24					0.09999999999999964	0.09999999999999964	-0.4200000000000004	0.02631578947368407	0.02666824708216118	-0.17360153648859422	-0.4200000000000004	0.0015219187478282105	0.0015172702753092349	103.6270880041343				
2022-04-27 07:00:00	0	3.7	3.7	3.7	3.7	3.35	ILP.MI	3.14	3.14	3.14	3.14	3.58	2.42	-1.0	-1.0	1.0	-1	-1.0	1.0	-1.0	-1.0	-1.0	1.0										-1.0			3.62		3.14								-1.0			3.54	-0.0	-0.0	1.1	-0.0	-0.0	0.35	4.16	1.1	0.0	0.0	1.25					1	-0.0	-0.0	1.35	-0.0	-0.0	0.45	1.35	0.0	0.0	76.88					-0.0	-0.0	-0.04	-0.0	-0.0	0.06	-0.04	0.0	0.0	9.17					0.0	0.0	1.42	0.0	0.0	0.32	1.42	0.0	0.0	38.44					-0.0	-0.0	-0.4200000000000004	-0.0	-0.0	-0.17360153648859422	-0.4200000000000004	0.0015219187478282105	0.0015172702753092349	103.6270880041343				
2022-04-28 07:00:00	1800	3.8	3.79	3.79	3.8	3.44	ILP.MI	3.18	3.19	3.18	3.19	3.58	2.42	-1.0	-1.0	1.0	-1	-1.0	1.0	-1.0	-1.0	-1.0	1.0	3.8									-1.0			3.62	3.19									-1.0			3.54	-0.1	-0.1	1.0	-0.03	-0.03	0.31	4.16	1.0	-0.0	-0.0	-2.02					1	-0.1	-0.1	1.25	-0.03	-0.03	0.41	1.25	0.0	0.0	70.01					-0.1	-0.1	-0.14	-0.03	-0.03	0.03	-0.14	0.0	0.0	5.81					0.1	0.1	1.52	0.03	0.03	0.36	1.52	0.0	0.0	38.84					-0.09999999999999964	-0.09999999999999964	-0.52	-0.027027027027026973	-0.026668247082161273	-0.19534886447573652	-0.52	0.0013919584943363173	0.001386779393542259	89.96058512108986				
2022-04-29 07:00:00	600	3.74	3.74	3.74	3.74	3.39	ILP.MI	3.12	3.12	3.12	3.12	3.58	2.42	-1.0	-1.0	1.0	-1	-1.0	1.0	-1.0	-1.0	-1.0	1.0		3.74								-1.0			3.62		3.12								-1.0			3.54	0.06	0.06	1.06	0.02	0.02	0.34	4.04	1.06	0.0	0.0	0.66					1	0.06	0.06	1.31	0.02	0.02	0.43	1.31	0.0	0.0	70.86					0.06	0.06	-0.08	0.02	0.02	0.05	-0.08	0.0	0.0	8.43					-0.06	-0.06	1.46	-0.02	-0.02	0.34	1.46	0.0	0.0	38.0					0.05999999999999961	0.05999999999999961	-0.4600000000000004	0.015789473684210464	0.015915455305899457	-0.182440022729358	-0.4600000000000004	0.0015208736823141028	0.0015154918202899825	93.25935829144092				
2022-05-02 07:00:00	1800	3.8	3.68	3.68	3.8	3.44	ILP.MI	3.12	3.22	3.12	3.22	3.58	2.42	-1.0	-1.0	1.0	-1	-1.0	1.0	-1.0	-1.0	-1.0	1.0	3.8									-1.0			3.62	3.22									-1.0			3.54	-0.06	-0.06	1.0	-0.02	-0.02	0.31	4.0	1.0	-0.0	-0.0	-1.74					1	-0.06	-0.06	1.25	-0.02	-0.02	0.41	1.25	0.0	0.0	65.81					-0.06	-0.06	-0.14	-0.02	-0.02	0.03	-0.14	0.0	0.0	5.94					0.06	0.06	1.52	0.02	0.02	0.36	1.52	0.0	0.0	38.36					-0.05999999999999961	-0.05999999999999961	-0.52	-0.016042780748662944	-0.015915455305899363	-0.1953488644757364	-0.52	0.00140549381742771	0.001399683046079625	83.64689592515413				
2022-05-03 07:00:00	1800	3.72	3.69	3.69	3.72	3.37	ILP.MI	3.08	3.1	3.08	3.1	3.58	2.42	-1.0	-1.0	1.0	-1	-1.0	1.0	-1.0	-1.0	-1.0	1.0										-1.0			3.62		3.08		3.08						-1.0			3.54	0.08	0.08	1.08	0.02	0.02	0.34	4.0	1.08	-0.0	-0.0	-1.42					1	0.08	0.08	1.33	0.02	0.02	0.44	1.33	0.0	0.0	66.94					0.08	0.08	-0.06	0.02	0.02	0.05	-0.06	0.0	0.0	6.23					-0.08	-0.08	1.44	-0.02	-0.02	0.33	1.44	0.0	0.0	34.7					0.07999999999999963	0.07999999999999963	-0.4400000000000004	0.021052631578947323	0.02127739844728485	-0.17804453898059092	-0.4400000000000004	0.001575713005005989	0.0015696086906942242	87.76925683708667				
2022-05-04 07:00:00	3600	3.74	3.64	3.65	3.69	3.34	ILP.MI	3.09	3.16	3.08	3.12	3.58	2.42	-1.0	-1.0	1.0	-1	-1.0	1.0	-1.0	-1.0	-1.0	1.0		3.64								-1.0			3.62										-1.0			3.54	0.03	0.03	1.11	0.01	0.01	0.35	4.0	1.11	0.0	0.0	1.78					1	0.03	0.03	1.36	0.01	0.01	0.45	1.36	0.0	0.0	67.35					0.03	0.03	-0.03	0.01	0.01	0.06	-0.03	0.0	0.0	9.52					-0.03	-0.03	1.41	-0.01	-0.01	0.32	1.41	0.0	0.0	36.07					0.03000000000000025	0.03000000000000025	-0.41000000000000014	0.008064516129032362	0.008097210232619475	-0.17136197425685584	-0.41000000000000014	0.0016404906868669445	0.0016342727701430526	89.20258515828078				
2022-05-05 07:00:00	1200	3.8	3.76	3.76	3.8	3.44	ILP.MI	3.2	3.23	3.2	3.23	3.58	2.42	-1.0	-1.0	1.0	-1	-1.0	1.0	-1.0	-1.0	-1.0	1.0	3.8									-1.0			3.62	3.23									-1.0			3.54	-0.11	-0.11	1.0	-0.03	-0.03	0.31	3.96	1.0	0.0	0.0	1.93					1	-0.11	-0.11	1.25	-0.03	-0.03	0.41	1.25	0.0	0.0	60.84					-0.11	-0.11	-0.14	-0.03	-0.03	0.03	-0.14	0.0	0.0	9.69					0.11	0.11	1.52	0.03	0.03	0.36	1.52	0.0	0.0	41.08					-0.10999999999999988	-0.10999999999999988	-0.52	-0.02981029810298108	-0.029374608679904317	-0.1953488644757364	-0.52	0.0014907260479659712	0.0014838406284045647	76.88134861877187				
2022-05-06 07:00:00	4200	3.66	3.64	3.66	3.66	3.31	ILP.MI	3.15	3.15	3.13	3.15	3.58	2.42	-1.0	-1.0	1.0	-1	-1.0	1.0	-1.0	-1.0	-1.0	1.0		3.64								-1.0			3.62		3.13								-1.0			3.54	0.14	0.14	1.14	0.04	0.04	0.36	3.88	1.14	0.0	0.0	0.55					1	0.14	0.14	1.39	0.04	0.04	0.46	1.39	0.0	0.0	74.84					0.14	0.14	0.0	0.04	0.04	0.07	0.0	0.0	0.0	8.49					-0.14	-0.14	1.38	-0.04	-0.04	0.31	1.38	0.0	0.0	34.8					0.13999999999999968	0.13999999999999968	-0.38000000000000034	0.03684210526315779	0.03753791931906509	-0.16456985929174828	-0.38000000000000034	0.001787275610586585	0.0017798116507858897	83.01547177173389				
2022-05-09 07:00:00	0	3.66	3.66	3.66	3.66	3.31	ILP.MI	3.24	3.24	3.24	3.24	3.58	2.42	-1.0	-1.0	1.0	-1	-1.0	1.0	-1.0	-1.0	-1.0	1.0										-1.0			3.62	3.24		3.24							-1.0			3.54	-0.0	-0.0	1.14	-0.0	-0.0	0.36	3.88	1.14	0.0	0.0	3.33					1	-0.0	-0.0	1.39	-0.0	-0.0	0.46	1.39	0.0	0.0	73.78					-0.0	-0.0	0.0	-0.0	-0.0	0.07	0.0	0.0	0.0	11.39					0.0	0.0	1.38	0.0	0.0	0.31	1.38	0.0	0.0	38.36					-0.0	-0.0	-0.38000000000000034	-0.0	-0.0	-0.16456985929174828	-0.38000000000000034	0.001787275610586585	0.0017798116507858897	83.01547177173389				
2022-05-10 07:00:00	0	3.66	3.66	3.66	3.66	3.31	ILP.MI	3.21	3.21	3.21	3.21	3.58	2.42	-1.0	-1.0	1.0	-1	-1.0	1.0	-1.0	-1.0	-1.0	1.0										-1.0			3.62										-1.0			3.54	-0.0	-0.0	1.14	-0.0	-0.0	0.36	3.86	1.14	0.0	0.0	6.42					1	-0.0	-0.0	1.39	-0.0	-0.0	0.46	1.39	0.0	0.0	72.38					-0.0	-0.0	0.0	-0.0	-0.0	0.07	0.0	0.0	0.0	14.65					0.0	0.0	1.38	0.0	0.0	0.31	1.38	0.0	0.0	42.48					-0.0	-0.0	-0.38000000000000034	-0.0	-0.0	-0.16456985929174828	-0.38000000000000034	0.001787275610586585	0.0017798116507858897	83.01547177173389				
2022-05-11 07:00:00	2400	3.7	3.7	3.7	3.7	3.35	ILP.MI	3.15	3.15	3.15	3.15	3.58	2.42	-1.0	-1.0	1.0	-1	-1.0	1.0	-1.0	-1.0	-1.0	1.0	3.7									-1.0			3.62										-1.0			3.54	-0.04	-0.04	1.1	-0.01	-0.01	0.35	3.86	1.1	0.0	0.0	3.86					1	-0.04	-0.04	1.35	-0.01	-0.01	0.45	1.35	0.0	0.0	71.48					-0.04	-0.04	-0.04	-0.01	-0.01	0.06	-0.04	0.0	0.0	12.06					0.04	0.04	1.42	0.01	0.01	0.32	1.42	0.0	0.0	42.62					-0.040000000000000036	-0.040000000000000036	-0.4200000000000004	-0.010928961748633892	-0.010869672236903891	-0.17360153648859422	-0.4200000000000004	0.001668593118192325	0.0016606943338539626	76.05248147574181				
2022-05-12 07:00:00	4200	3.62	3.5	3.62	3.59	3.25	ILP.MI	3.1	3.1	3.0	3.08	3.58	2.42	-1.0	-1.0	-1.0	-1	-1.0	1.0	-1.0	-1.0	-1.0	1.0		3.5		3.5						-1.0			3.62										-1.0			3.54	0.11	0.11	1.21	0.03	0.03	0.39	3.86	1.21	0.0	0.0	8.06					1	0.11	0.11	1.46	0.03	0.03	0.49	1.46	0.0	0.0	71.8					0.11	0.11	0.07	0.03	0.03	0.09	0.07	0.0	0.0	16.24					-0.11	-0.11	1.31	-0.03	-0.03	0.28	1.31	0.0	0.0	42.11					0.11000000000000032	0.11000000000000032	-0.31000000000000005	0.02972972972972987	0.0301806171499914	-0.1482801350996652	-0.31000000000000005	0.0019040019319622578	0.001895598956324518	80.36147382203114				
2022-05-13 07:00:00	4200	3.67	3.6	3.62	3.67	3.32	ILP.MI	3.04	3.08	3.03	3.08	3.58	2.42	-1.0	-1.0	-1.0	-1	-1.0	1.0	-1.0	-1.0	-1.0	1.0	3.67									-1.0			3.62										-1.0			3.54	-0.08	-0.08	1.13	-0.02	-0.02	0.36	3.86	1.13	0.0	0.0	8.64					1	-0.08	-0.08	1.38	-0.02	-0.02	0.46	1.38	0.0	0.0	63.91					-0.08	-0.08	-0.01	-0.02	-0.02	0.07	-0.01	0.0	0.0	16.9					0.08	0.08	1.39	0.02	0.02	0.31	1.39	0.01	0.01	47.45					-0.08000000000000007	-0.08000000000000007	-0.3900000000000001	-0.022284122562674202	-0.022039459566291504	-0.1668462356969478	-0.3900000000000001	0.0017544369325480267	0.0017453728197207585	71.34174401779337				
2022-05-16 07:00:00	4800	3.71	3.55	3.55	3.58	3.33	ILP.MI	2.99	3.12	2.99	3.01	3.58	2.42	-1.0	-1.0	-1.0	-1	-1.0	1.0	-1.0	-1.0	-1.0	1.0										-1.0			3.62										-1.0			3.54	0.09	0.09	1.22	0.02	0.02	0.39	3.86	1.22	0.0	0.0	8.45					1	0.09	0.09	1.47	0.02	0.02	0.49	1.47	0.0	0.0	72.42					0.09	0.09	0.08	0.02	0.02	0.1	0.08	0.0	0.0	16.73					-0.09	-0.09	1.3	-0.02	-0.02	0.28	1.3	0.0	0.0	42.72					0.08999999999999986	0.08999999999999986	-0.30000000000000027	0.024523160762942697	0.024828861653869883	-0.1459010293317874	-0.30000000000000027	0.0019456191672828245	0.0019361052506510212	74.57668541772603				
2022-05-17 07:00:00	1800	3.6	3.6	3.6	3.6	3.35	ILP.MI	2.99	2.99	2.99	2.99	3.58	2.42	-1.0	-1.0	-1.0	-1	-1.0	1.0	-1.0	-1.0	-1.0	1.0		3.6								-1.0			3.62		2.99		2.99		2.99				0.0			2.99	-0.02	-0.02	1.2	-0.01	-0.01	0.39		1.2	0.0	0.0	9.12					1	-0.02	-0.02	1.45	-0.01	-0.01	0.49	1.45	0.0	0.0	67.59					-0.02	-0.02	0.06	-0.01	-0.01	0.09	0.06	0.0	0.0	17.5					0.02	0.02	1.32	0.01	0.01	0.29	1.32	0.01	0.0	46.46					-0.020000000000000018	-0.020000000000000018	-0.3200000000000003	-0.005586592178770999	-0.0055710450494554295	-0.1506460236132775	-0.3200000000000003	0.0018286875846303544	0.001818783259589729	69.45281455301512				
2022-05-18 07:00:00	76200	3.6	3.6	3.6	3.6	3.35	ILP.MI	3.02	3.02	3.02	3.02	3.58	2.42	-1.0	-1.0	-1.0	-1	-1.0	1.0	-1.0	-1.0	-1.0	1.0										-1.0			3.62										0.0			2.99	-0.0	-0.0	1.2	-0.0	-0.0	0.39		1.2	0.0	0.0	8.31					1	-0.0	-0.0	1.45	-0.0	-0.0	0.49	1.45	0.0	0.0	73.49					-0.0	-0.0	0.06	-0.0	-0.0	0.09	0.06	0.0	0.0	16.8					0.0	0.0	1.32	0.0	0.0	0.29	1.32	0.0	0.0	46.02					0.0	0.0	-0.3200000000000003	0.0	0.0	-0.1506460236132775	-0.3200000000000003	0.0018286875846303544	0.001818783259589729	69.45281455301512				
2022-05-19 07:00:00	600	3.67	3.67	3.67	3.67	3.42	ILP.MI	3.08	3.08	3.08	3.08	3.58	2.42	-1.0	-1.0	-1.0	-1	-1.0	1.0	-1.0	-1.0	-1.0	1.0										-1.0			3.62										0.0			2.99	-0.07	-0.07	1.13	-0.02	-0.02	0.36		1.13	0.0	0.0	4.88					1	-0.07	-0.07	1.38	-0.02	-0.02	0.46	1.38	0.0	0.0	72.75					-0.07	-0.07	-0.01	-0.02	-0.02	0.07	-0.01	0.0	0.0	13.32					0.07	0.07	1.39	0.02	0.02	0.31	1.39	0.0	0.0	46.13					0.0	0.0	-0.3200000000000003	0.0	0.0	-0.1506460236132775	-0.3200000000000003	0.0018286875846303544	0.001818783259589729	69.45281455301512				
2022-05-20 07:00:00	0	3.67	3.67	3.67	3.67	3.42	ILP.MI	3.08	3.08	3.08	3.08	3.58	2.42	-1.0	-1.0	-1.0	-1	-1.0	1.0	-1.0	-1.0	-1.0	1.0										-1.0			3.62										0.0			2.99	-0.0	-0.0	1.13	-0.0	-0.0	0.36		1.13	0.0	0.0	2.27					1	-0.0	-0.0	1.38	-0.0	-0.0	0.46	1.38	0.0	0.0	85.12					-0.0	-0.0	-0.01	-0.0	-0.0	0.07	-0.01	0.0	0.0	11.07					0.0	0.0	1.39	0.0	0.0	0.31	1.39	0.0	0.0	44.78					0.0	0.0	-0.3200000000000003	0.0	0.0	-0.1506460236132775	-0.3200000000000003	0.0018286875846303544	0.001818783259589729	69.45281455301512				
2022-05-23 07:00:00	1200	3.75	3.75	3.75	3.75	3.49	ILP.MI	3.14	3.14	3.14	3.14	3.58	2.42	-1.0	-1.0	-1.0	-1	-1.0	1.0	-1.0	-1.0	-1.0	1.0	3.75									-1.0			3.62	3.14									0.0			2.99	-0.08	-0.08	1.05	-0.02	-0.02	0.33		1.05	-0.0	-0.0	-0.87					1	-0.08	-0.08	1.3	-0.02	-0.02	0.43	1.3	0.0	0.0	82.08					-0.08	-0.08	-0.09	-0.02	-0.02	0.05	-0.09	0.0	0.0	7.82					0.08	0.08	1.47	0.02	0.02	0.34	1.47	0.0	0.0	45.2					0.0	0.0	-0.3200000000000003	0.0	0.0	-0.1506460236132775	-0.3200000000000003	0.0018286875846303544	0.001818783259589729	69.45281455301512				
2022-05-24 07:00:00	1200	3.75	3.62	3.75	3.62	3.37	ILP.MI	3.17	3.17	3.06	3.06	3.58	2.42	-1.0	-1.0	-1.0	-1	-1.0	1.0	-1.0	-1.0	-1.0	1.0		3.62								-1.0			3.62		3.06								0.0			2.99	0.13	0.13	1.18	0.03	0.04	0.38		1.18	-0.0	-0.0	-2.45					1	0.13	0.13	1.43	0.03	0.04	0.48	1.43	0.0	0.0	99.59					0.13	0.13	0.04	0.03	0.04	0.08	0.04	0.0	0.0	6.46					-0.13	-0.13	1.34	-0.03	-0.04	0.3	1.34	0.0	0.0	38.54					-0.0	-0.0	-0.3200000000000003	-0.0	-0.0	-0.1506460236132775	-0.3200000000000003	0.0018286875846303544	0.001818783259589729	69.45281455301512				
2022-05-25 07:00:00	3000	3.8	3.8	3.8	3.8	3.54	ILP.MI	3.17	3.17	3.17	3.17	3.58	2.42	-1.0	-1.0	-1.0	0	-1.0	1.0	-1.0	-1.0	-1.0	1.0										-1.0			3.62										0.0			2.99	-0.18	-0.18	1.0	-0.05	-0.05	0.31		1.0	-0.0	-0.0	-4.14					1	-0.18	-0.18	1.25	-0.05	-0.05	0.41	1.25	0.0	0.0	86.88					-0.18	-0.18	-0.14	-0.05	-0.05	0.03	-0.14	0.0	0.0	4.54					0.18	0.18	1.52	0.05	0.05	0.36	1.52	0.0	0.0	42.5					0.0	0.0	-0.3200000000000003	0.0	0.0	-0.1506460236132775	-0.3200000000000003	0.0018286875846303544	0.001818783259589729	69.45281455301512				
2022-05-26 07:00:00	4800	3.9	3.74	3.74	3.9	3.63	ILP.MI	3.08	3.21	3.08	3.21	3.58	2.42	-1.0	-1.0	-1.0	0	-1.0	1.0	-1.0	-1.0	-1.0	1.0										-1.0			3.62										0.0			2.99	-0.1	-0.1	0.9	-0.03	-0.03	0.28		0.9	-0.0	-0.0	-7.09					1	0.0	0.0	1.25	0.0	0.0	0.41	1.25	0.0	0.0	86.88					-0.1	-0.1	-0.24	-0.03	-0.03	0.01	-0.24	0.0	0.0	1.46					0.1	0.1	1.62	0.03	0.03	0.4	1.62	0.0	0.0	43.15					0.0	0.0	-0.3200000000000003	0.0	0.0	-0.1506460236132775	-0.3200000000000003	0.0018286875846303544	0.001818783259589729	69.45281455301512				
2022-05-27 07:00:00	2400	3.9	3.86	3.9	3.86	3.59	ILP.MI	3.2	3.2	3.17	3.17	3.58	2.42	-1.0	-1.0	-1.0	0	-1.0	1.0	-1.0	-1.0	-1.0	1.0										-1.0			3.62										0.0			2.99	0.04	0.04	0.94	0.01	0.01	0.29		0.94	-0.0	-0.0	-7.7					1	-0.0	-0.0	1.25	-0.0	-0.0	0.41	1.25	0.0	0.0	86.88					0.04	0.04	-0.2	0.01	0.01	0.02	-0.2	0.0	0.0	0.94					-0.04	-0.04	1.58	-0.01	-0.01	0.38	1.58	0.0	0.0	39.83					-0.0	-0.0	-0.3200000000000003	-0.0	-0.0	-0.1506460236132775	-0.3200000000000003	0.0018286875846303544	0.001818783259589729	69.45281455301512				
2022-05-30 07:00:00	36600	4.19	3.85	3.9	4.02	3.74	ILP.MI	3.18	3.41	3.14	3.28	3.58	2.42	-1.0	1.0	1.0	1	-1.0	1.0	-1.0	-1.0	-1.0	1.0										-1.0			3.62										0.0			2.99	-0.16	-0.16	0.78	-0.04	-0.04	0.24		0.78	-0.0	-0.0	-7.79					1	0.0	0.0	1.25	0.0	0.0	0.41	1.25	0.0	0.0	86.88					-0.16	-0.16	-0.36	-0.04	-0.04	-0.02	-0.36	0.0	0.0	0.84					0.16	0.16	1.74	0.04	0.04	0.44	1.74	0.0	0.0	45.99					0.0	0.0	-0.3200000000000003	0.0	0.0	-0.1506460236132775	-0.3200000000000003	0.0018286875846303544	0.001818783259589729	69.45281455301512				
2022-05-31 07:00:00	18600	4.19	3.89	4.02	4.13	3.84	ILP.MI	3.32	3.46	3.21	3.41	3.58	2.42	-1.0	1.0	1.0	1	-1.0	1.0	-1.0	-1.0	-1.0	1.0										-1.0			3.62										0.0			2.99	-0.11	-0.11	0.67	-0.03	-0.03	0.21		0.67	-0.0	-0.0	-7.98					1	0.11	0.11	1.36	0.03	0.03	0.45	1.36	0.0	0.0	88.12					-0.11	-0.11	-0.47	-0.03	-0.03	-0.05	-0.47	0.0	0.0	0.62					0.11	0.11	1.85	0.03	0.03	0.48	1.85	0.01	0.01	50.58					0.0	0.0	-0.3200000000000003	0.0	0.0	-0.1506460236132775	-0.3200000000000003	0.0018286875846303544	0.001818783259589729	69.45281455301512				
2022-06-01 07:00:00	18600	4.23	4.03	4.06	4.14	3.85	ILP.MI	3.38	3.52	3.35	3.45	3.58	2.42	-1.0	1.0	1.0	1	-1.0	1.0	-1.0	-1.0	-1.0	1.0	4.23									-1.0			3.62	3.52		3.52							0.0			2.99	-0.01	-0.01	0.66	-0.0	-0.0	0.21		0.66	-0.0	-0.0	-7.9					1	0.01	0.01	1.37	0.0	0.0	0.45	1.37	0.0	0.0	88.23					-0.01	-0.01	-0.48	-0.0	-0.0	-0.05	-0.48	0.0	0.0	0.71					0.01	0.01	1.86	0.0	0.0	0.48	1.86	0.01	0.01	53.05					0.0	0.0	-0.3200000000000003	0.0	0.0	-0.1506460236132775	-0.3200000000000003	0.0018286875846303544	0.001818783259589729	69.45281455301512				
2022-06-02 07:00:00	2400	4.14	4.08	4.14	4.08	3.8	ILP.MI	3.43	3.43	3.38	3.38	3.58	2.42	-1.0	1.0	1.0	1	1.0	1.0	1.0	-1.0	-1.0	1.0										-1.0			3.62		3.38								0.0			2.99	0.06	0.06	0.72	0.01	0.01	0.22		0.72	-0.0	-0.0	-9.34					1	-0.06	-0.06	1.31	-0.01	-0.01	0.43	1.31	0.0	0.0	82.71					0.06	0.06	-0.42	0.01	0.01	-0.04	-0.42	-0.0	-0.0	-0.52					-0.06	-0.06	1.8	-0.01	-0.01	0.46	1.8	0.01	0.01	55.5					-0.0	-0.0	-0.3200000000000003	-0.0	-0.0	-0.1506460236132775	-0.3200000000000003	0.0018286875846303544	0.001818783259589729	69.45281455301512				
2022-06-03 07:00:00	8400	4.1	4.06	4.1	4.06	3.78	ILP.MI	3.43	3.43	3.4	3.4	3.58	2.42	-1.0	1.0	1.0	1	1.0	1.0	1.0	1.0	-1.0	-1.0										-1.0			3.62	3.43									0.0			2.99	0.02	0.02	0.74	0.0	0.0	0.23		0.74	-0.0	-0.0	-10.07					1	-0.02	-0.02	1.29	-0.0	-0.0	0.42	1.29	0.0	0.0	78.96					-0.02	-0.02	-0.44	-0.0	-0.0	-0.04	-0.44	-0.0	-0.0	-3.58					-0.02	-0.02	1.78	-0.0	-0.0	0.45	1.78	0.01	0.01	56.75					-0.0	-0.0	-0.3200000000000003	-0.0	-0.0	-0.1506460236132775	-0.3200000000000003	0.0018286875846303544	0.001818783259589729	69.45281455301512				
2022-06-06 07:00:00	3600	4.06	4.03	4.06	4.03	3.75	ILP.MI	3.34	3.34	3.32	3.32	3.58	2.42	-1.0	1.0	1.0	1	1.0	1.0	1.0	1.0	-1.0	-1.0		4.03	4.06							-1.0			3.62		3.32								0.0			2.99	0.03	0.03	0.77	0.01	0.01	0.24		0.77	-0.0	-0.0	-6.98					1	-0.03	-0.03	1.26	-0.01	-0.01	0.41	1.26	0.0	0.0	74.84					-0.03	-0.03	-0.47	-0.01	-0.01	-0.05	-0.47	-0.0	-0.0	-3.18					0.03	0.03	1.81	0.01	0.01	0.46	1.81	0.01	0.01	56.55					-0.0	-0.0	-0.3200000000000003	-0.0	-0.0	-0.1506460236132775	-0.3200000000000003	0.0018286875846303544	0.001818783259589729	69.45281455301512				
2022-06-07 07:00:00	7200	4.23	4.03	4.03	4.03	3.75	ILP.MI	3.34	3.51	3.34	3.34	3.58	2.42	-1.0	1.0	1.0	1	1.0	1.0	1.0	1.0	-1.0	-1.0	4.23									-1.0			3.62	3.51									0.0			2.99	-0.0	-0.0	0.77	-0.0	-0.0	0.24		0.77	-0.0	-0.0	-8.0					1	0.0	0.0	1.26	0.0	0.0	0.41	1.26	0.0	0.0	74.84					0.0	0.0	-0.47	0.0	0.0	-0.05	-0.47	-0.0	-0.0	-4.12					-0.0	-0.0	1.81	-0.0	-0.0	0.46	1.81	0.01	0.01	60.47					0.0	0.0	-0.3200000000000003	0.0	0.0	-0.1506460236132775	-0.3200000000000003	0.0018286875846303544	0.001818783259589729	69.45281455301512				
2022-06-08 07:00:00	3600	4.04	3.95	4.04	3.95	3.68	ILP.MI	3.37	3.37	3.29	3.29	3.58	2.42	-1.0	1.0	1.0	1	1.0	1.0	1.0	1.0	-1.0	-1.0		3.95								-1.0			3.62		3.29		3.29						0.0			2.99	0.08	0.08	0.85	0.02	0.02	0.26		0.85	-0.0	-0.0	-6.8					1	-0.08	-0.08	1.18	-0.02	-0.02	0.38	1.18	0.0	0.0	68.84					-0.08	-0.08	-0.55	-0.02	-0.02	-0.07	-0.55	-0.0	-0.0	-6.92					0.08	0.08	1.89	0.02	0.02	0.49	1.89	0.01	0.01	60.88					-0.0	-0.0	-0.3200000000000003	-0.0	-0.0	-0.1506460236132775	-0.3200000000000003	0.0018286875846303544	0.001818783259589729	69.45281455301512				
2022-06-09 07:00:00	4200	4.08	3.94	4.07	3.94	3.67	ILP.MI	3.46	3.47	3.35	3.35	3.58	2.42	-1.0	1.0	1.0	1	1.0	1.0	1.0	1.0	-1.0	-1.0	4.08									-1.0			3.62										0.0			2.99	0.01	0.01	0.86	0.0	0.0	0.27		0.86	-0.0	-0.0	-6.65					1	-0.01	-0.01	1.17	-0.0	-0.0	0.38	1.17	0.0	0.0	65.62					-0.01	-0.01	-0.56	-0.0	-0.0	-0.07	-0.56	-0.0	-0.0	-9.0					0.01	0.01	1.9	0.0	0.0	0.5	1.9	0.01	0.01	60.93					-0.0	-0.0	-0.3200000000000003	-0.0	-0.0	-0.1506460236132775	-0.3200000000000003	0.0018286875846303544	0.001818783259589729	69.45281455301512				
2022-06-10 07:00:00	6600	3.96	3.76	3.95	3.93	3.66	ILP.MI	3.54	3.55	3.37	3.52	3.58	2.42	-1.0	1.0	1.0	1	1.0	1.0	1.0	1.0	-1.0	-1.0										-1.0			3.62	3.55		3.55							0.0			2.99	0.01	0.01	0.87	0.0	0.0	0.27		0.87	-0.0	-0.0	-4.36					1	-0.01	-0.01	1.16	-0.0	-0.0	0.38	1.16	0.0	0.0	62.42					-0.01	-0.01	-0.57	-0.0	-0.0	-0.07	-0.57	-0.0	-0.0	-8.93					0.01	0.01	1.91	0.0	0.0	0.5	1.91	0.01	0.01	60.9					-0.0	-0.0	-0.3200000000000003	-0.0	-0.0	-0.1506460236132775	-0.3200000000000003	0.0018286875846303544	0.001818783259589729	69.45281455301512				
2022-06-13 07:00:00	8400	3.93	3.63	3.93	3.63	3.38	ILP.MI	3.62	3.62	3.35	3.35	3.62	2.42	1.0	1.0	1.0	1	1.0	1.0	1.0	1.0	-1.0	-1.0										-1.0			3.62										0.0			2.99	0.3	0.3	1.17	0.08	0.08	0.38		1.17	-0.0	-0.0	-0.21					1	-0.3	-0.3	0.86	-0.08	-0.08	0.27	0.86	0.0	0.0	49.4					-0.3	-0.3	-0.87	-0.08	-0.08	-0.14	-0.87	-0.0	-0.0	-13.76					0.3	0.3	2.21	0.08	0.08	0.62	2.21	0.01	0.01	62.4					-0.0	-0.0	-0.3200000000000003	-0.0	-0.0	-0.1506460236132775	-0.3200000000000003	0.0018286875846303544	0.001818783259589729	69.45281455301512				
2022-06-14 07:00:00	7200	3.68	3.57	3.68	3.57	3.32	ILP.MI	3.4	3.4	3.3	3.3	3.62	2.42	1.0	1.0	1.0	0	1.0	1.0	1.0	1.0	-1.0	-1.0		3.57								-1.0			3.62		3.3								0.0			2.99	-0.06	-0.06	1.11	-0.02	-0.02	0.35		1.11	-0.0	-0.0	-0.54					1	-0.06	-0.06	0.8	-0.02	-0.02	0.25	0.8	0.0	0.0	44.85					-0.06	-0.06	-0.93	-0.02	-0.02	-0.16	-0.93	-0.0	-0.0	-14.03					0.06	0.06	2.27	0.02	0.02	0.65	2.27	0.01	0.01	62.55					-0.0	-0.0	-0.3200000000000003	-0.0	-0.0	-0.1506460236132775	-0.3200000000000003	0.0018286875846303544	0.001818783259589729	69.45281455301512				
2022-06-15 07:00:00	3000	3.74	3.7	3.74	3.7	3.44	ILP.MI	3.36	3.36	3.33	3.33	3.62	2.42	1.0	1.0	1.0	0	1.0	1.0	1.0	1.0	-1.0	-1.0	3.74									-1.0			3.62										0.0			2.99	0.13	0.13	1.24	0.04	0.04	0.4		1.24	0.0	0.0	6.45					1	0.0	0.0	0.8	0.0	0.0	0.25	0.8	0.0	0.0	44.85					0.13	0.13	-0.8	0.04	0.04	-0.13	-0.8	-0.0	-0.0	-7.22					-0.13	-0.13	2.14	-0.04	-0.04	0.59	2.14	0.01	0.01	55.21					0.0	0.0	-0.3200000000000003	0.0	0.0	-0.1506460236132775	-0.3200000000000003	0.0018286875846303544	0.001818783259589729	69.45281455301512				
2022-06-16 07:00:00	600	3.7	3.7	3.7	3.7	3.44	ILP.MI	3.44	3.44	3.44	3.44	3.62	2.42	1.0	1.0	1.0	0	1.0	1.0	1.0	1.0	-1.0	-1.0										-1.0			3.62	3.44									0.0			2.99	0.0	0.0	1.24	0.0	0.0	0.4		1.24	0.0	0.0	9.74					1	0.0	0.0	0.8	0.0	0.0	0.25	0.8	0.0	0.0	44.85					0.0	0.0	-0.8	0.0	0.0	-0.13	-0.8	-0.0	-0.0	-4.16					-0.0	-0.0	2.14	-0.0	-0.0	0.59	2.14	0.01	0.01	54.62					0.0	0.0	-0.3200000000000003	0.0	0.0	-0.1506460236132775	-0.3200000000000003	0.0018286875846303544	0.001818783259589729	69.45281455301512				
2022-06-17 07:00:00	11400	3.7	3.49	3.7	3.63	3.38	ILP.MI	3.43	3.43	3.24	3.37	3.62	2.42	1.0	1.0	1.0	-1	1.0	1.0	1.0	1.0	-1.0	-1.0										-1.0			3.62										0.0			2.99	-0.07	-0.07	1.17	-0.02	-0.02	0.38		1.17	0.0	0.0	4.97					1	-0.0	-0.0	0.8	-0.0	-0.0	0.25	0.8	0.0	0.0	44.85					-0.07	-0.07	-0.87	-0.02	-0.02	-0.14	-0.87	-0.0	-0.0	-9.24					0.07	0.07	2.21	0.02	0.02	0.62	2.21	0.01	0.01	61.55					-0.0	-0.0	-0.3200000000000003	-0.0	-0.0	-0.1506460236132775	-0.3200000000000003	0.0018286875846303544	0.001818783259589729	69.45281455301512				
2022-06-20 07:00:00	13800	3.63	3.45	3.63	3.45	3.21	ILP.MI	3.33	3.33	3.17	3.17	3.62	2.42	1.0	1.0	1.0	-1	1.0	1.0	1.0	1.0	-1.0	-1.0										-1.0			3.62										0.0			2.99	-0.18	-0.18	0.99	-0.05	-0.05	0.31		0.99	0.0	0.0	0.73					1	0.18	0.18	0.98	0.05	0.05	0.32	0.98	0.0	0.0	47.71					-0.18	-0.18	-1.05	-0.05	-0.05	-0.19	-1.05	-0.0	-0.0	-13.1					0.18	0.18	2.39	0.05	0.05	0.71	2.39	0.01	0.01	62.54					-0.0	-0.0	-0.3200000000000003	-0.0	-0.0	-0.1506460236132775	-0.3200000000000003	0.0018286875846303544	0.001818783259589729	69.45281455301512				
2022-06-21 07:00:00	19800	3.45	3.35	3.45	3.35	3.12	ILP.MI	3.16	3.16	3.07	3.07	3.62	2.42	1.0	1.0	-1.0	-1	1.0	1.0	1.0	1.0	-1.0	-1.0		3.35		3.35						-1.0			3.62		3.07		3.07						0.0			2.99	-0.1	-0.1	0.89	-0.03	-0.03	0.27		0.89	-0.0	-0.0	-2.38					1	0.1	0.1	1.08	0.03	0.03	0.35	1.08	0.0	0.0	49.19					-0.1	-0.1	-1.15	-0.03	-0.03	-0.21	-1.15	-0.0	-0.0	-16.04					0.1	0.1	2.49	0.03	0.03	0.76	2.49	0.01	0.01	63.08					-0.0	-0.0	-0.3200000000000003	-0.0	-0.0	-0.1506460236132775	-0.3200000000000003	0.0018286875846303544	0.001818783259589729	69.45281455301512				
2022-06-22 07:00:00	1800	3.48	3.36	3.36	3.42	3.18	ILP.MI	3.12	3.23	3.12	3.17	3.62	2.42	1.0	1.0	-1.0	-1	1.0	1.0	1.0	1.0	-1.0	-1.0										-1.0			3.62										0.0			2.99	0.07	0.07	0.96	0.02	0.02	0.3		0.96	-0.0	-0.0	-1.81					1	-0.07	-0.07	1.01	-0.02	-0.02	0.33	1.01	0.0	0.0	44.5					0.07	0.07	-1.08	0.02	0.02	-0.19	-1.08	-0.0	-0.0	-15.32					-0.07	-0.07	2.42	-0.02	-0.02	0.72	2.42	0.01	0.01	61.77					0.0	0.0	-0.3200000000000003	0.0	0.0	-0.1506460236132775	-0.3200000000000003	0.0018286875846303544	0.001818783259589729	69.45281455301512				
2022-06-23 07:00:00	0	3.42	3.42	3.42	3.42	3.18	ILP.MI	3.2	3.2	3.2	3.2	3.62	2.42	1.0	1.0	-1.0	-1	1.0	1.0	1.0	1.0	-1.0	-1.0										-1.0			3.62										0.0			2.99	0.0	0.0	0.96	0.0	0.0	0.3		0.96	-0.0	-0.0	-1.81					1	-0.0	-0.0	1.01	-0.0	-0.0	0.33	1.01	0.0	0.0	44.5					0.0	0.0	-1.08	0.0	0.0	-0.19	-1.08	-0.0	-0.0	-15.32					-0.0	-0.0	2.42	-0.0	-0.0	0.72	2.42	0.01	0.01	61.77					0.0	0.0	-0.3200000000000003	0.0	0.0	-0.1506460236132775	-0.3200000000000003	0.0018286875846303544	0.001818783259589729	69.45281455301512				
2022-06-24 07:00:00	1800	3.59	3.51	3.51	3.59	3.34	ILP.MI	3.21	3.28	3.21	3.28	3.62	2.42	1.0	1.0	-1.0	-1	1.0	1.0	1.0	1.0	-1.0	-1.0										-1.0			3.62										0.0			2.99	0.17	0.17	1.13	0.05	0.05	0.36		1.13	0.0	0.0	2.82					1	-0.17	-0.17	0.84	-0.05	-0.05	0.26	0.84	0.0	0.0	37.41					0.17	0.17	-0.91	0.05	0.05	-0.15	-0.91	-0.0	-0.0	-10.22					-0.17	-0.17	2.25	-0.05	-0.05	0.64	2.25	0.01	0.01	54.53					0.0	0.0	-0.3200000000000003	0.0	0.0	-0.1506460236132775	-0.3200000000000003	0.0018286875846303544	0.001818783259589729	69.45281455301512				
2022-06-27 07:00:00	4800	3.75	3.57	3.63	3.7	3.44	ILP.MI	3.35	3.46	3.29	3.41	3.62	2.42	1.0	1.0	-1.0	-1	1.0	1.0	1.0	1.0	-1.0	-1.0										-1.0			3.62	3.46									0.0			2.99	0.11	0.11	1.24	0.03	0.03	0.4		1.24	0.0	0.0	6.3					1	-0.11	-0.11	0.73	-0.03	-0.03	0.23	0.73	0.0	0.0	32.41					0.11	0.11	-0.8	0.03	0.03	-0.13	-0.8	-0.0	-0.0	-6.5					-0.11	-0.11	2.14	-0.03	-0.03	0.59	2.14	0.01	0.01	49.63					0.0	0.0	-0.3200000000000003	0.0	0.0	-0.1506460236132775	-0.3200000000000003	0.0018286875846303544	0.001818783259589729	69.45281455301512				
2022-06-28 07:00:00	1800	3.7	3.69	3.7	3.7	3.44	ILP.MI	3.38	3.38	3.37	3.38	3.62	2.42	1.0	1.0	-1.0	-1	1.0	1.0	1.0	1.0	-1.0	-1.0	3.7									-1.0			3.62		3.37								0.0			2.99	0.0	0.0	1.24	0.0	0.0	0.4		1.24	0.0	0.0	8.32					1	-0.0	-0.0	0.73	-0.0	-0.0	0.23	0.73	0.0	0.0	32.41					0.0	0.0	-0.8	0.0	0.0	-0.13	-0.8	-0.0	-0.0	-4.5					-0.0	-0.0	2.14	-0.0	-0.0	0.59	2.14	0.01	0.01	49.54					0.0	0.0	-0.3200000000000003	0.0	0.0	-0.1506460236132775	-0.3200000000000003	0.0018286875846303544	0.001818783259589729	69.45281455301512				
2022-06-29 07:00:00	600	3.7	3.7	3.7	3.7	3.44	ILP.MI	3.43	3.43	3.43	3.43	3.62	2.42	1.0	1.0	-1.0	-1	1.0	1.0	1.0	1.0	-1.0	-1.0										-1.0			3.62										0.0			2.99	0.0	0.0	1.24	0.0	0.0	0.4		1.24	0.0	0.0	10.36					1	-0.0	-0.0	0.73	-0.0	-0.0	0.23	0.73	0.0	0.0	32.41					0.0	0.0	-0.8	0.0	0.0	-0.13	-0.8	-0.0	-0.0	-2.48					-0.0	-0.0	2.14	-0.0	-0.0	0.59	2.14	0.01	0.01	49.45					0.0	0.0	-0.3200000000000003	0.0	0.0	-0.1506460236132775	-0.3200000000000003	0.0018286875846303544	0.001818783259589729	69.45281455301512				
2022-06-30 07:00:00	1200	3.69	3.69	3.69	3.69	3.44	ILP.MI	3.5	3.5	3.5	3.5	3.62	2.42	1.0	1.0	-1.0	-1	1.0	1.0	1.0	1.0	-1.0	-1.0		3.69								-1.0			3.62	3.5									0.0			2.99	-0.01	-0.01	1.23	-0.0	-0.0	0.4		1.23	0.0	0.0	8.41					1	0.01	0.01	0.74	0.0	0.0	0.23	0.74	0.0	0.0	32.55					-0.01	-0.01	-0.81	-0.0	-0.0	-0.13	-0.81	-0.0	-0.0	-4.43					0.01	0.01	2.15	0.0	0.0	0.6	2.15	0.01	0.01	49.5					-0.0	-0.0	-0.3200000000000003	-0.0	-0.0	-0.1506460236132775	-0.3200000000000003	0.0018286875846303544	0.001818783259589729	69.45281455301512				
2022-07-01 07:00:00	600	3.69	3.69	3.69	3.69	3.44	ILP.MI	3.49	3.49	3.49	3.49	3.62	2.42	1.0	1.0	-1.0	-1	1.0	1.0	1.0	1.0	-1.0	-1.0										-1.0			3.62		3.49								0.0			2.99	0.0	0.0	1.23	0.0	0.0	0.4		1.23	0.0	0.0	7.31					1	-0.0	-0.0	0.74	-0.0	-0.0	0.23	0.74	0.0	0.0	32.55					0.0	0.0	-0.81	0.0	0.0	-0.13	-0.81	-0.0	-0.0	-5.79					-0.0	-0.0	2.15	-0.0	-0.0	0.6	2.15	0.01	0.01	53.97					0.0	0.0	-0.3200000000000003	0.0	0.0	-0.1506460236132775	-0.3200000000000003	0.0018286875846303544	0.001818783259589729	69.45281455301512				
2022-07-04 07:00:00	4200	3.72	3.69	3.69	3.72	3.46	ILP.MI	3.49	3.52	3.49	3.52	3.62	2.42	1.0	1.0	-1.0	-1	1.0	1.0	1.0	1.0	-1.0	-1.0	3.72									-1.0			3.62										0.0			2.99	0.03	0.03	1.26	0.01	0.01	0.41		1.26	0.0	0.0	10.76					1	-0.03	-0.03	0.71	-0.01	-0.01	0.22	0.71	0.0	0.0	29.52					0.03	0.03	-0.78	0.01	0.01	-0.12	-0.78	-0.0	-0.0	-2.47					-0.03	-0.03	2.12	-0.01	-0.01	0.59	2.12	0.01	0.01	50.7					0.0	0.0	-0.3200000000000003	0.0	0.0	-0.1506460236132775	-0.3200000000000003	0.0018286875846303544	0.001818783259589729	69.45281455301512				
2022-07-05 07:00:00	1200	3.72	3.67	3.72	3.67	3.42	ILP.MI	3.63	3.63	3.58	3.58	3.63	2.42	1.0	1.0	1.0	-1	1.0	1.0	1.0	1.0	-1.0	-1.0		3.67								-1.0			3.62	3.63									0.0			2.99	-0.05	-0.05	1.21	-0.01	-0.01	0.39		1.21	0.0	0.0	11.01					1	0.05	0.05	0.76	0.01	0.01	0.24	0.76	0.0	0.0	30.25					-0.05	-0.05	-0.83	-0.01	-0.01	-0.14	-0.83	-0.0	-0.0	-2.26					0.05	0.05	2.17	0.01	0.01	0.61	2.17	0.01	0.01	50.6					-0.0	-0.0	-0.3200000000000003	-0.0	-0.0	-0.1506460236132775	-0.3200000000000003	0.0018286875846303544	0.001818783259589729	69.45281455301512				
2022-07-06 07:00:00	1200	3.72	3.72	3.72	3.72	3.46	ILP.MI	3.59	3.59	3.59	3.59	3.63	2.42	1.0	1.0	1.0	-1	1.0	1.0	1.0	1.0	-1.0	-1.0										-1.0			3.62										0.0			2.99	0.05	0.05	1.26	0.01	0.01	0.41		1.26	0.0	0.0	13.87					1	-0.05	-0.05	0.71	-0.01	-0.01	0.22	0.71	0.0	0.0	26.85					0.05	0.05	-0.78	0.01	0.01	-0.12	-0.78	0.0	0.0	0.66					-0.05	-0.05	2.12	-0.01	-0.01	0.59	2.12	0.01	0.01	47.21					0.0	0.0	-0.3200000000000003	0.0	0.0	-0.1506460236132775	-0.3200000000000003	0.0018286875846303544	0.001818783259589729	69.45281455301512				
2022-07-07 07:00:00	2400	3.75	3.7	3.7	3.75	3.49	ILP.MI	3.47	3.52	3.47	3.52	3.63	2.42	1.0	1.0	1.0	-1	1.0	1.0	1.0	1.0	-1.0	-1.0										-1.0			3.62		3.47								0.0			2.99	0.03	0.03	1.29	0.01	0.01	0.42		1.29	0.0	0.0	13.99					1	-0.03	-0.03	0.68	-0.01	-0.01	0.21	0.68	0.0	0.0	23.93					0.03	0.03	-0.75	0.01	0.01	-0.12	-0.75	0.0	0.0	0.81					-0.03	-0.03	2.09	-0.01	-0.01	0.57	2.09	0.01	0.01	46.93					0.0	0.0	-0.3200000000000003	0.0	0.0	-0.1506460236132775	-0.3200000000000003	0.0018286875846303544	0.001818783259589729	69.45281455301512				
2022-07-08 07:00:00	7800	3.87	3.75	3.75	3.87	3.6	ILP.MI	3.48	3.59	3.48	3.59	3.63	2.42	1.0	1.0	1.0	-1	1.0	1.0	1.0	1.0	-1.0	-1.0										-1.0			3.62										0.0			2.99	0.12	0.12	1.41	0.03	0.03	0.47		1.41	0.0	0.0	15.13					1	-0.12	-0.12	0.56	-0.03	-0.03	0.17	0.56	0.0	0.0	19.39					0.12	0.12	-0.63	0.03	0.03	-0.09	-0.63	0.0	0.0	2.23					-0.12	-0.12	1.97	-0.03	-0.03	0.52	1.97	0.0	0.0	42.36					0.0	0.0	-0.3200000000000003	0.0	0.0	-0.1506460236132775	-0.3200000000000003	0.0018286875846303544	0.001818783259589729	69.45281455301512				
2022-07-11 07:00:00	600	3.87	3.87	3.87	3.87	3.6	ILP.MI	3.63	3.63	3.63	3.63	3.63	2.42	1.0	1.0	1.0	0	1.0	1.0	1.0	1.0	-1.0	-1.0	3.87									-1.0			3.62	3.63									0.0			2.99	0.0	0.0	1.41	0.0	0.0	0.47		1.41	0.0	0.0	14.96					1	-0.0	-0.0	0.56	-0.0	-0.0	0.17	0.56	0.0	0.0	19.39					0.0	0.0	-0.63	0.0	0.0	-0.09	-0.63	0.0	0.0	2.02					-0.0	-0.0	1.97	-0.0	-0.0	0.52	1.97	0.01	0.01	44.65					0.0	0.0	-0.3200000000000003	0.0	0.0	-0.1506460236132775	-0.3200000000000003	0.0018286875846303544	0.001818783259589729	69.45281455301512				
2022-07-12 07:00:00	2400	3.87	3.74	3.87	3.8	3.54	ILP.MI	3.64	3.64	3.52	3.57	3.64	2.42	1.0	1.0	1.0	0	1.0	1.0	1.0	1.0	-1.0	-1.0										-1.0			3.62		3.52								0.0			2.99	-0.07	-0.07	1.34	-0.02	-0.02	0.44		1.34	0.0	0.0	15.49					1	-0.0	-0.0	0.56	-0.0	-0.0	0.17	0.56	0.0	0.0	19.39					-0.07	-0.07	-0.7	-0.02	-0.02	-0.1	-0.7	0.0	0.0	2.46					0.07	0.07	2.04	0.02	0.02	0.55	2.04	0.01	0.0	44.42					-0.0	-0.0	-0.3200000000000003	-0.0	-0.0	-0.1506460236132775	-0.3200000000000003	0.0018286875846303544	0.001818783259589729	69.45281455301512				
2022-07-13 07:00:00	5400	3.88	3.73	3.8	3.73	3.47	ILP.MI	3.61	3.68	3.54	3.54	3.68	2.42	1.0	1.0	1.0	0	1.0	1.0	1.0	1.0	-1.0	-1.0										-1.0			3.62										0.0			2.99	-0.07	-0.07	1.27	-0.02	-0.02	0.41		1.27	0.0	0.0	15.8					1	-0.0	-0.0	0.56	-0.0	-0.0	0.17	0.56	0.0	0.0	17.93					-0.07	-0.07	-0.77	-0.02	-0.02	-0.12	-0.77	0.0	0.0	2.71					0.07	0.07	2.11	0.02	0.02	0.58	2.11	0.0	0.0	44.29					-0.0	-0.0	-0.3200000000000003	-0.0	-0.0	-0.1506460236132775	-0.3200000000000003	0.0018286875846303544	0.001818783259589729	69.45281455301512				
2022-07-14 07:00:00	10200	3.84	3.6	3.69	3.7	3.44	ILP.MI	3.63	3.78	3.54	3.64	3.78	2.42	1.0	1.0	1.0	0	1.0	1.0	1.0	1.0	-1.0	-1.0		3.6								-1.0			3.62										0.0			2.99	-0.03	-0.03	1.24	-0.01	-0.01	0.4		1.24	0.0	0.0	18.1					1	-0.0	-0.0	0.56	-0.0	-0.0	0.17	0.56	0.0	0.0	14.57					-0.03	-0.03	-0.8	-0.01	-0.01	-0.13	-0.8	0.0	0.0	4.61					0.03	0.03	2.14	0.01	0.01	0.59	2.14	0.0	0.0	43.29					-0.0	-0.0	-0.3200000000000003	-0.0	-0.0	-0.1506460236132775	-0.3200000000000003	0.0018286875846303544	0.001818783259589729	69.45281455301512				
2022-07-15 07:00:00	3000	3.9	3.8	3.84	3.89	3.62	ILP.MI	3.71	3.77	3.67	3.76	3.78	2.42	1.0	1.0	1.0	0	1.0	1.0	1.0	1.0	-1.0	-1.0	3.9									-1.0			3.62	3.77		3.77							0.0			2.99	0.19	0.19	1.43	0.05	0.05	0.47		1.43	0.0	0.0	23.17					1	0.0	0.0	0.56	0.0	0.0	0.17	0.56	0.0	0.0	18.83					0.19	0.19	-0.61	0.05	0.05	-0.08	-0.61	0.0	0.0	5.65					-0.19	-0.19	1.95	-0.05	-0.05	0.52	1.95	0.0	0.0	41.36					0.0	0.0	-0.3200000000000003	0.0	0.0	-0.1506460236132775	-0.3200000000000003	0.0018286875846303544	0.001818783259589729	69.45281455301512				
2022-07-18 07:00:00	6000	3.8	3.71	3.8	3.79	3.53	ILP.MI	3.63	3.63	3.54	3.62	3.78	2.42	1.0	1.0	1.0	0	1.0	1.0	1.0	1.0	-1.0	-1.0										-1.0			3.62										0.0			2.99	-0.1	-0.1	1.33	-0.03	-0.03	0.44		1.33	0.0	0.0	19.8					1	-0.0	-0.0	0.56	-0.0	-0.0	0.17	0.56	0.0	0.0	18.83					-0.1	-0.1	-0.71	-0.03	-0.03	-0.11	-0.71	0.0	0.0	2.63					0.1	0.1	2.05	0.03	0.03	0.56	2.05	0.0	0.0	41.97					-0.0	-0.0	-0.3200000000000003	-0.0	-0.0	-0.1506460236132775	-0.3200000000000003	0.0018286875846303544	0.001818783259589729	69.45281455301512				
2022-07-19 07:00:00	600	3.74	3.74	3.74	3.74	3.48	ILP.MI	3.48	3.48	3.48	3.48	3.78	2.42	1.0	1.0	1.0	0	1.0	1.0	1.0	1.0	-1.0	-1.0										-1.0			3.62		3.48								0.0			2.99	-0.05	-0.05	1.28	-0.01	-0.01	0.42		1.28	0.0	0.0	20.48					1	-0.0	-0.0	0.56	-0.0	-0.0	0.17	0.56	0.0	0.0	23.2					-0.05	-0.05	-0.76	-0.01	-0.01	-0.12	-0.76	-0.0	-0.0	-0.91					0.05	0.05	2.1	0.01	0.01	0.58	2.1	0.01	0.01	46.22					-0.0	-0.0	-0.3200000000000003	-0.0	-0.0	-0.1506460236132775	-0.3200000000000003	0.0018286875846303544	0.001818783259589729	69.45281455301512				
2022-07-20 07:00:00	1200	3.68	3.68	3.68	3.68	3.43	ILP.MI	3.48	3.48	3.48	3.48	3.78	2.42	1.0	1.0	1.0	0	1.0	1.0	1.0	1.0	-1.0	-1.0		3.68								-1.0			3.62										0.0			2.99	-0.06	-0.06	1.22	-0.02	-0.02	0.39		1.22	0.0	0.0	16.86					1	-0.0	-0.0	0.56	-0.0	-0.0	0.17	0.56	0.0	0.0	21.47					-0.06	-0.06	-0.82	-0.02	-0.02	-0.13	-0.82	-0.0	-0.0	-4.64					0.06	0.06	2.16	0.02	0.02	0.6	2.16	0.01	0.01	46.02					-0.0	-0.0	-0.3200000000000003	-0.0	-0.0	-0.1506460236132775	-0.3200000000000003	0.0018286875846303544	0.001818783259589729	69.45281455301512				
2022-07-21 07:00:00	1800	3.93	3.68	3.68	3.93	3.66	ILP.MI	3.51	3.75	3.51	3.75	3.78	2.42	1.0	1.0	1.0	0	1.0	1.0	1.0	1.0	-1.0	-1.0										-1.0			3.62										0.0			2.99	0.25	0.25	1.47	0.07	0.07	0.49		1.47	0.0	0.0	18.69					1	0.0	0.0	0.56	0.0	0.0	0.17	0.56	0.0	0.0	20.72					0.25	0.25	-0.57	0.07	0.07	-0.07	-0.57	-0.0	-0.0	-2.04					-0.25	-0.25	1.91	-0.07	-0.07	0.5	1.91	0.0	0.0	38.81					0.0	0.0	-0.3200000000000003	0.0	0.0	-0.1506460236132775	-0.3200000000000003	0.0018286875846303544	0.001818783259589729	69.45281455301512				
2022-07-22 07:00:00	2400	3.92	3.91	3.91	3.92	3.65	ILP.MI	3.73	3.74	3.73	3.74	3.78	2.42	1.0	1.0	1.0	0	1.0	1.0	1.0	1.0	-1.0	-1.0										-1.0			3.62	3.74									0.0			2.99	-0.01	-0.01	1.46	-0.0	-0.0	0.49		1.46	0.0	0.0	15.68					1	-0.0	-0.0	0.56	-0.0	-0.0	0.17	0.56	0.0	0.0	18.3					-0.01	-0.01	-0.58	-0.0	-0.0	-0.08	-0.58	-0.0	-0.0	-5.44					0.01	0.01	1.92	0.0	0.0	0.5	1.92	0.0	0.0	38.12					-0.0	-0.0	-0.3200000000000003	-0.0	-0.0	-0.1506460236132775	-0.3200000000000003	0.0018286875846303544	0.001818783259589729	69.45281455301512				
2022-07-25 07:00:00	600	3.94	3.94	3.94	3.94	3.67	ILP.MI	3.72	3.72	3.72	3.72	3.78	2.42	1.0	1.0	1.0	0	1.0	1.0	1.0	1.0	-1.0	-1.0	3.94									-1.0			3.62										0.0			2.99	0.02	0.02	1.48	0.01	0.01	0.49		1.48	0.0	0.0	13.25					1	0.0	0.0	0.56	0.0	0.0	0.17	0.56	0.0	0.0	11.78					0.02	0.02	-0.56	0.01	0.01	-0.07	-0.56	-0.0	-0.0	-8.89					-0.02	-0.02	1.9	-0.01	-0.01	0.5	1.9	0.0	0.0	33.98					0.0	0.0	-0.3200000000000003	0.0	0.0	-0.1506460236132775	-0.3200000000000003	0.0018286875846303544	0.001818783259589729	69.45281455301512				
2022-07-26 07:00:00	2400	3.9	3.82	3.82	3.9	3.63	ILP.MI	3.65	3.73	3.65	3.73	3.78	2.42	1.0	1.0	1.0	0	1.0	1.0	1.0	1.0	-1.0	-1.0		3.82								-1.0			3.62		3.65								0.0			2.99	-0.04	-0.04	1.44	-0.01	-0.01	0.48		1.44	0.0	0.0	4.38					1	-0.0	-0.0	0.56	-0.0	-0.0	0.17	0.56	-0.0	-0.0	-7.18					-0.04	-0.04	-0.6	-0.01	-0.01	-0.08	-0.6	-0.0	-0.0	-20.57					0.04	0.04	1.94	0.01	0.01	0.51	1.94	0.0	0.0	29.79					-0.0	-0.0	-0.3200000000000003	-0.0	-0.0	-0.1506460236132775	-0.3200000000000003	0.0018286875846303544	0.001818783259589729	69.45281455301512				
2022-07-27 07:00:00	600	3.94	3.94	3.94	3.94	3.67	ILP.MI	3.71	3.71	3.71	3.71	3.78	2.42	1.0	1.0	1.0	0	1.0	1.0	1.0	1.0	-1.0	-1.0										-1.0			3.62	3.71									0.0			2.99	0.04	0.04	1.48	0.01	0.01	0.49		1.48	0.0	0.0	8.33					1	0.0	0.0	0.56	0.0	0.0	0.17	0.56	-0.0	-0.0	-1.69					0.04	0.04	-0.56	0.01	0.01	-0.07	-0.56	-0.0	-0.0	-16.7					-0.04	-0.04	1.9	-0.01	-0.01	0.5	1.9	0.0	0.0	30.92					0.0	0.0	-0.3200000000000003	0.0	0.0	-0.1506460236132775	-0.3200000000000003	0.001992939907909018	0.0019838013713735503	79.0896735226988				
2022-07-28 07:00:00	8400	4.0	3.94	3.94	4.0	3.72	ILP.MI	3.63	3.69	3.63	3.69	3.78	2.42	1.0	1.0	1.0	0	1.0	1.0	1.0	1.0	1.0	1.0	4.0		4.0							-1.0			3.62										0.0			2.99	0.06	0.06	1.54	0.02	0.02	0.52		1.54	0.0	0.0	7.08					1	0.0	0.0	0.56	0.0	0.0	0.17	0.56	-0.0	-0.0	-9.11					0.06	0.06	-0.5	0.02	0.02	-0.06	-0.5	-0.0	-0.0	-18.57					-0.06	-0.06	1.84	-0.02	-0.02	0.47	1.84	0.0	0.0	26.3					0.0	0.0	-0.3200000000000003	0.0	0.0	-0.1506460236132775	-0.3200000000000003	0.0016889530634108542	0.0016805102059100907	73.75438809437993				
2022-07-29 07:00:00	1200	3.9	3.89	3.9	3.89	3.62	ILP.MI	3.52	3.52	3.51	3.51	3.78	2.56	1.0	1.0	1.0	0	1.0	1.0	1.0	1.0	1.0	1.0										-1.0			3.62										0.0			2.99	-0.11	-0.11	1.43	-0.03	-0.03	0.47		1.43	0.0	0.0	1.21					1	-0.0	-0.0	0.56	-0.0	-0.0	0.17	0.56	-0.0	-0.0	-18.54					-0.11	-0.11	-0.61	-0.03	-0.03	-0.08	-0.61	-0.0	-0.0	-25.24					-0.11	-0.11	1.73	-0.03	-0.03	0.43	1.73	0.0	0.0	20.64					-0.0	-0.0	-0.3200000000000003	-0.0	-0.0	-0.1506460236132775	-0.3200000000000003	0.001372470160632105	0.0013647224321367002	66.92883430709809				
2022-08-01 07:00:00	1200	3.86	3.86	3.86	3.86	3.59	ILP.MI	3.48	3.48	3.48	3.48	3.78	2.63	1.0	1.0	1.0	0	1.0	1.0	1.0	1.0	1.0	1.0		3.86								-1.0			3.62		3.48								0.0			2.99	-0.03	-0.03	1.4	-0.01	-0.01	0.46		1.4	0.0	0.0	4.44					1	-0.0	-0.0	0.56	-0.0	-0.0	0.17	0.56	-0.0	-0.0	-8.4					-0.03	-0.03	-0.64	-0.01	-0.01	-0.09	-0.64	-0.0	-0.0	-22.93					-0.03	-0.03	1.7	-0.01	-0.01	0.42	1.7	0.0	0.0	24.7					-0.0	-0.0	-0.3200000000000003	-0.0	-0.0	-0.1506460236132775	-0.3200000000000003	0.0016146210034860239	0.0016081630519859669	89.07779616988338				
2022-08-02 07:00:00	0	3.86	3.86	3.86	3.86	3.59	ILP.MI	3.49	3.49	3.49	3.49	3.78	2.83	1.0	1.0	1.0	0	1.0	1.0	1.0	1.0	1.0	1.0										-1.0			3.62	3.49									0.0			2.99	0.0	0.0	1.4	0.0	0.0	0.46		1.4	0.0	0.0	9.33					1	0.0	0.0	0.56	0.0	0.0	0.17	0.56	0.0	-0.0	0.39					0.0	0.0	-0.64	0.0	0.0	-0.09	-0.64	-0.0	-0.0	-18.76					0.0	0.0	1.7	0.0	0.0	0.42	1.7	0.0	0.0	30.32					0.0	0.0	-0.3200000000000003	0.0	0.0	-0.1506460236132775	-0.3200000000000003	0.0017952526538020496	0.0017896383341602373	108.47125343490316				
2022-08-03 07:00:00	3600	3.93	3.87	3.87	3.87	3.6	ILP.MI	3.46	3.52	3.46	3.46	3.78	2.88	1.0	1.0	-1.0	0	1.0	1.0	1.0	1.0	1.0	1.0	3.93									-1.0			3.62										0.0			2.99	0.01	0.01	1.41	0.0	0.0	0.47		1.41	0.0	0.0	16.34					1	0.0	0.0	0.56	0.0	0.0	0.17	0.56	0.0	0.0	12.84					0.01	0.01	-0.63	0.0	0.0	-0.09	-0.63	-0.0	-0.0	-13.01					0.01	0.01	1.71	0.0	0.0	0.43	1.71	0.0	0.0	38.58					0.0	0.0	-0.3200000000000003	0.0	0.0	-0.1506460236132775	-0.3200000000000003	0.0020104448202046795	0.002005872277262677	141.49183479339433				
2022-08-04 07:00:00	1800	3.87	3.86	3.87	3.86	3.59	ILP.MI	3.45	3.45	3.45	3.45	3.78	2.88	1.0	1.0	-1.0	0	1.0	1.0	1.0	1.0	1.0	1.0										-1.0			3.62										0.0			2.99	-0.01	-0.01	1.4	-0.0	-0.0	0.46		1.4	0.0	0.0	17.03					1	-0.0	-0.0	0.56	-0.0	-0.0	0.17	0.56	0.0	0.0	18.66					-0.01	-0.01	-0.64	-0.0	-0.0	-0.09	-0.64	-0.0	-0.0	-12.53					-0.01	-0.01	1.7	-0.0	-0.0	0.42	1.7	0.0	0.0	39.47					-0.0	-0.0	-0.3200000000000003	-0.0	-0.0	-0.1506460236132775	-0.3200000000000003	0.0021081018021334875	0.0021038381011782015	152.76760129708816				
2022-08-05 07:00:00	0	3.86	3.86	3.86	3.86	3.59	ILP.MI	3.45	3.45	3.45	3.45	3.78	2.88	1.0	1.0	-1.0	0	1.0	1.0	1.0	1.0	1.0	1.0										-1.0			3.62										0.0			2.99	0.0	0.0	1.4	0.0	0.0	0.46		1.4	0.0	0.0	24.53					1	0.0	0.0	0.56	0.0	0.0	0.17	0.56	0.0	0.0	32.81					0.0	0.0	-0.64	0.0	0.0	-0.09	-0.64	-0.0	-0.0	-6.61					0.0	0.0	1.7	0.0	0.0	0.42	1.7	0.0	0.0	36.69					0.0	0.0	-0.3200000000000003	0.0	0.0	-0.1506460236132775	-0.3200000000000003	0.0022934622016722284	0.0022900237780427712	197.22820832009873				
2022-08-08 07:00:00	0	3.86	3.86	3.86	3.86	3.59	ILP.MI	3.43	3.43	3.43	3.43	3.78	2.88	1.0	1.0	-1.0	0	1.0	1.0	1.0	1.0	1.0	1.0										-1.0			3.62		3.43								0.0			2.99	0.0	0.0	1.4	0.0	0.0	0.46		1.4	0.0	0.0	27.94					1	0.0	0.0	0.56	0.0	0.0	0.17	0.56	0.0	0.0	39.11					0.0	0.0	-0.64	0.0	0.0	-0.09	-0.64	-0.0	-0.0	-3.5					0.0	0.0	1.7	0.0	0.0	0.42	1.7	0.0	0.0	36.16					0.0	0.0	-0.3200000000000003	0.0	0.0	-0.1506460236132775	-0.3200000000000003	0.002380077248676844	0.0023768937129691192	211.60494256521545				
2022-08-09 07:00:00	2400	3.9	3.79	3.9	3.79	3.53	ILP.MI	3.51	3.51	3.41	3.41	3.78	2.88	1.0	1.0	-1.0	0	1.0	1.0	1.0	1.0	1.0	1.0										-1.0			3.62	3.51									0.0			2.99	-0.07	-0.07	1.33	-0.02	-0.02	0.44		1.33	0.0	0.0	27.23					1	-0.0	-0.0	0.56	-0.0	-0.0	0.17	0.56	0.0	0.0	45.51					-0.07	-0.07	-0.71	-0.02	-0.02	-0.11	-0.71	-0.0	-0.0	-3.99					-0.07	-0.07	1.63	-0.02	-0.02	0.4	1.63	0.0	0.0	31.46					-0.0	-0.0	-0.3200000000000003	-0.0	-0.0	-0.1506460236132775	-0.3200000000000003	0.0024643451092806676	0.0024614086869414464	226.68813033861585				
2022-08-10 07:00:00	0	3.79	3.79	3.79	3.79	3.53	ILP.MI	3.37	3.37	3.37	3.37	3.78	2.88	1.0	1.0	-1.0	0	1.0	1.0	1.0	1.0	1.0	1.0										-1.0			3.62										0.0			2.99	0.0	0.0	1.33	0.0	0.0	0.44		1.33	0.0	0.0	26.65					1	0.0	0.0	0.56	0.0	0.0	0.17	0.56	0.0	0.0	43.28					0.0	0.0	-0.71	0.0	0.0	-0.11	-0.71	-0.0	-0.0	-4.88					0.0	0.0	1.63	0.0	0.0	0.4	1.63	0.0	0.0	34.88					0.0	0.0	-0.3200000000000003	0.0	0.0	-0.1506460236132775	-0.3200000000000003	0.002374504680699986	0.0023716624175775802	225.2651567313646				
2022-08-11 07:00:00	3600	3.8	3.7	3.73	3.8	3.54	ILP.MI	3.3	3.36	3.27	3.36	3.78	2.88	1.0	1.0	-1.0	0	1.0	1.0	1.0	1.0	1.0	1.0		3.7		3.7						-1.0			3.62		3.27		3.27						0.0			2.99	0.01	0.01	1.34	0.0	0.0	0.44		1.34	0.0	0.0	25.89					1	0.0	0.0	0.56	0.0	0.0	0.17	0.56	0.0	0.0	39.61					0.01	0.01	-0.7	0.0	0.0	-0.1	-0.7	-0.0	-0.0	-6.05					0.01	0.01	1.64	0.0	0.0	0.4	1.64	0.0	0.0	39.06					0.0	0.0	-0.3200000000000003	0.0	0.0	-0.1506460236132775	-0.3200000000000003	0.0022379163053770313	0.0022352142642074746	222.9224310121497				
2022-08-12 07:00:00	0	3.8	3.8	3.8	3.8	3.54	ILP.MI	3.34	3.34	3.34	3.34	3.78	2.88	1.0	1.0	-1.0	0	1.0	1.0	1.0	1.0	1.0	1.0	3.8									-1.0			3.62										0.0			2.99	0.0	0.0	1.34	0.0	0.0	0.44		1.34	0.0	0.0	23.57					1	0.0	0.0	0.56	0.0	0.0	0.17	0.56	0.0	0.0	29.2					0.0	0.0	-0.7	0.0	0.0	-0.1	-0.7	-0.0	-0.0	-9.65					0.0	0.0	1.64	0.0	0.0	0.4	1.64	0.0	0.0	45.77					0.0	0.0	-0.3200000000000003	0.0	0.0	-0.1506460236132775	-0.3200000000000003	0.00191029817982957	0.0019079180484882219	216.21824865108738				
2022-08-16 07:00:00	2400	3.8	3.8	3.8	3.8	3.54	ILP.MI	3.34	3.34	3.34	3.34	3.78	2.96	1.0	1.0	-1.0	0	1.0	1.0	1.0	1.0	1.0	1.0										-1.0			3.62										0.0			2.99	0.0	0.0	1.34	0.0	0.0	0.44		1.34	0.0	0.0	27.14					1	0.0	0.0	0.56	0.0	0.0	0.17	0.56	0.0	0.0	36.46					0.0	0.0	-0.7	0.0	0.0	-0.1	-0.7	-0.0	-0.0	-6.37					0.0	0.0	1.64	0.0	0.0	0.4	1.64	0.0	0.0	45.22					0.0	0.0	-0.3200000000000003	0.0	0.0	-0.1506460236132775	-0.3200000000000003	0.001986737585036643	0.0019845647165239733	233.41427521186236				
2022-08-17 07:00:00	1200	3.78	3.78	3.78	3.78	3.52	ILP.MI	3.36	3.36	3.36	3.36	3.78	2.99	1.0	1.0	-1.0	0	1.0	1.0	1.0	1.0	1.0	1.0		3.78								-1.0			3.62										0.0			2.99	-0.02	-0.02	1.32	-0.01	-0.01	0.43		1.32	0.0	0.0	31.69					1	-0.0	-0.0	0.56	-0.0	-0.0	0.17	0.56	0.0	0.0	52.68					-0.02	-0.02	-0.72	-0.01	-0.01	-0.11	-0.72	-0.0	-0.0	-3.3					-0.02	-0.02	1.62	-0.01	-0.01	0.39	1.62	0.0	0.0	39.47					-0.0	-0.0	-0.3200000000000003	-0.0	-0.0	-0.1506460236132775	-0.3200000000000003	0.0021141527950249246	0.002112433603123298	297.7728272774187				
2022-08-18 07:00:00	6600	3.9	3.74	3.76	3.9	3.63	ILP.MI	3.31	3.43	3.29	3.43	3.78	2.99	1.0	1.0	-1.0	0	1.0	1.0	1.0	1.0	1.0	1.0										-1.0			3.62										0.0			2.99	0.12	0.12	1.44	0.03	0.03	0.48		1.44	0.0	0.0	40.99					1	0.0	0.0	0.56	0.0	0.0	0.17	0.56	0.0	0.0	69.22					0.12	0.12	-0.6	0.03	0.03	-0.08	-0.6	0.0	0.0	5.4					0.12	0.12	1.74	0.03	0.03	0.44	1.74	0.0	0.0	38.86					0.0	0.0	-0.3200000000000003	0.0	0.0	-0.1506460236132775	-0.3200000000000003	0.002222038629391362	0.0022206673275086963	376.5587802832654				
2022-08-19 07:00:00	11400	4.05	3.78	3.88	4.05	3.77	ILP.MI	3.48	3.63	3.39	3.63	3.78	2.99	1.0	1.0	-1.0	1	1.0	1.0	1.0	1.0	1.0	1.0	4.05		4.05							-1.0			3.62	3.63		3.63							0.0			2.99	0.15	0.15	1.59	0.04	0.04	0.53		1.59	0.0	0.0	48.88					1	0.0	0.0	0.56	0.0	0.0	0.17	0.56	0.0	0.0	69.22					0.15	0.15	-0.45	0.04	0.04	-0.05	-0.45	0.0	0.0	13.2					0.15	0.15	1.89	0.04	0.04	0.49	1.89	0.0	0.0	39.58					0.0	0.0	-0.3200000000000003	0.0	0.0	-0.1506460236132775	-0.3200000000000003	0.002301658514946123	0.0023005065967236504	444.6552212800508				
2022-08-22 07:00:00	2400	3.86	3.85	3.86	3.85	3.58	ILP.MI	3.52	3.52	3.51	3.51	3.78	2.99	1.0	1.0	-1.0	1	1.0	1.0	1.0	1.0	1.0	1.0		3.85								-1.0			3.62		3.51								0.0			2.99	-0.2	-0.2	1.39	-0.05	-0.05	0.46		1.39	0.0	0.0	43.64					1	-0.2	-0.2	0.36	-0.05	-0.05	0.11	0.36	0.0	0.0	50.55					-0.2	-0.2	-0.65	-0.05	-0.05	-0.09	-0.65	0.0	0.0	9.73					-0.2	-0.2	1.69	-0.05	-0.05	0.42	1.69	0.0	0.0	31.18					-0.0	-0.0	-0.3200000000000003	-0.0	-0.0	-0.1506460236132775	-0.3200000000000003	0.0023593106140597916	0.0023582877552352777	482.3301843078925				
2022-08-23 07:00:00	6600	3.98	3.9	3.9	3.98	3.71	ILP.MI	3.52	3.59	3.52	3.59	3.78	2.99	1.0	1.0	-1.0	1	1.0	1.0	1.0	1.0	1.0	1.0										-1.0			3.62										0.0			2.99	0.13	0.13	1.52	0.03	0.03	0.51		1.52	0.0	0.0	44.03					1	0.13	0.13	0.49	0.03	0.03	0.15	0.49	0.0	0.0	58.9					0.13	0.13	-0.52	0.03	0.03	-0.06	-0.52	0.0	0.0	10.34					0.13	0.13	1.82	0.03	0.03	0.47	1.82	0.0	0.0	38.08					0.0	0.0	-0.3200000000000003	0.0	0.0	-0.1506460236132775	-0.3200000000000003	0.002136241292957167	0.002135327442176038	478.6415824608847				
2022-08-24 07:00:00	4200	4.01	3.93	4.01	4.0	3.72	ILP.MI	3.61	3.61	3.54	3.6	3.78	2.99	1.0	1.0	-1.0	1	1.0	1.0	1.0	1.0	1.0	1.0	4.01									-1.0			3.62	3.61									0.0			2.99	0.02	0.02	1.54	0.01	0.01	0.52		1.54	0.0	0.0	43.78					1	0.02	0.02	0.51	0.01	0.01	0.16	0.51	0.0	0.0	60.02					0.02	0.02	-0.5	0.01	0.01	-0.06	-0.5	0.0	0.0	9.95					0.02	0.02	1.84	0.01	0.01	0.47	1.84	0.0	0.0	41.94					0.0	0.0	-0.3200000000000003	0.0	0.0	-0.1506460236132775	-0.3200000000000003	0.0020454241784064148	0.00204455295142969	476.9288067983809				
2022-08-25 07:00:00	4800	4.05	3.86	4.0	3.86	3.59	ILP.MI	3.6	3.65	3.47	3.47	3.78	2.99	1.0	1.0	-1.0	1	1.0	1.0	1.0	1.0	1.0	1.0										-1.0			3.62		3.47		3.47						0.0			2.99	-0.14	-0.14	1.4	-0.04	-0.04	0.46		1.4	0.0	0.0	40.22					1	-0.14	-0.14	0.37	-0.04	-0.04	0.12	0.37	0.0	0.0	47.34					-0.14	-0.14	-0.64	-0.04	-0.04	-0.09	-0.64	0.0	0.0	7.57					-0.14	-0.14	1.7	-0.04	-0.04	0.42	1.7	0.0	0.0	35.49					-0.0	-0.0	-0.3200000000000003	-0.0	-0.0	-0.1506460236132775	-0.3200000000000003	0.0020927241672793065	0.002091942563295035	503.01276925170123				
2022-08-26 07:00:00	0	3.86	3.86	3.86	3.86	3.59	ILP.MI	3.56	3.56	3.56	3.56	3.78	2.99	1.0	1.0	-1.0	1	1.0	1.0	1.0	1.0	1.0	1.0										-1.0			3.62	3.56									0.0			2.99	0.0	0.0	1.4	0.0	0.0	0.46		1.4	0.0	0.0	42.99					1	0.0	0.0	0.37	0.0	0.0	0.12	0.37	0.0	0.0	47.34					0.0	0.0	-0.64	0.0	0.0	-0.09	-0.64	0.0	0.0	10.23					0.0	0.0	1.7	0.0	0.0	0.42	1.7	0.0	0.0	35.36					0.0	0.0	-0.3200000000000003	0.0	0.0	-0.1506460236132775	-0.3200000000000003	0.00213669054028967	0.002135987952538443	521.5963553370693				
2022-08-29 07:00:00	1200	3.83	3.78	3.83	3.78	3.52	ILP.MI	3.54	3.54	3.5	3.5	3.78	2.99	1.0	1.0	-1.0	1	1.0	1.0	1.0	1.0	1.0	1.0										-1.0			3.62		3.5								0.0			2.99	-0.08	-0.08	1.32	-0.02	-0.02	0.43		1.32	0.0	0.0	40.93					1	-0.08	-0.08	0.29	-0.02	-0.02	0.09	0.29	0.0	0.0	38.52					-0.08	-0.08	-0.72	-0.02	-0.02	-0.11	-0.72	0.0	0.0	8.84					-0.08	-0.08	1.62	-0.02	-0.02	0.39	1.62	0.0	0.0	30.78					-0.0	-0.0	-0.3200000000000003	-0.0	-0.0	-0.1506460236132775	-0.3200000000000003	0.002180142179164172	0.002179518519518364	540.6197965437174				
2022-08-30 07:00:00	600	3.79	3.79	3.79	3.79	3.53	ILP.MI	3.51	3.51	3.51	3.51	3.78	2.99	1.0	1.0	-1.0	1	1.0	1.0	1.0	1.0	1.0	1.0		3.79		3.79						-1.0			3.62										0.0			2.99	0.01	0.01	1.33	0.0	0.0	0.44		1.33	0.0	0.0	40.32					1	0.01	0.01	0.3	0.0	0.0	0.1	0.3	0.0	0.0	39.14					0.01	0.01	-0.71	0.0	0.0	-0.11	-0.71	0.0	0.0	7.89					0.01	0.01	1.63	0.0	0.0	0.4	1.63	0.0	0.0	34.81					0.0	0.0	-0.3200000000000003	0.0	0.0	-0.1506460236132775	-0.3200000000000003	0.002038962938157297	0.0020383848783258607	538.5433661433118				
2022-08-31 07:00:00	0	3.79	3.79	3.79	3.79	3.53	ILP.MI	3.55	3.55	3.55	3.55	3.78	2.99	1.0	1.0	-1.0	1	1.0	1.0	1.0	1.0	1.0	1.0										-1.0			3.62										0.0			2.99	0.0	0.0	1.33	0.0	0.0	0.44		1.33	0.0	0.0	40.32					1	0.0	0.0	0.3	0.0	0.0	0.1	0.3	0.0	0.0	39.14					0.0	0.0	-0.71	0.0	0.0	-0.11	-0.71	0.0	0.0	7.89					0.0	0.0	1.63	0.0	0.0	0.4	1.63	0.0	0.0	34.81					0.0	0.0	-0.3200000000000003	0.0	0.0	-0.1506460236132775	-0.3200000000000003	0.002038962938157297	0.0020383848783258607	538.5433661433118				
2022-09-01 07:00:00	10800	4.2	3.89	3.89	4.13	3.84	ILP.MI	3.69	3.99	3.69	3.92	3.99	2.99	1.0	1.0	1.0	1	1.0	1.0	1.0	1.0	1.0	1.0	4.2		4.2							-1.0			3.62	3.99		3.99		3.99					0.0			2.99	0.34	0.34	1.67	0.09	0.09	0.57		1.67	0.0	0.0	43.39					1	0.34	0.34	0.64	0.09	0.09	0.2	0.64	0.0	0.0	55.16					0.34	0.34	-0.37	0.09	0.09	-0.03	-0.37	0.0	0.0	12.6					0.34	0.34	1.97	0.09	0.09	0.52	1.97	0.0	0.0	43.16					0.0	0.0	-0.3200000000000003	0.0	0.0	-0.1506460236132775	-0.3200000000000003	0.001871468064788831	0.0018709418626070562	535.699691516672				
2022-09-02 07:00:00	5400	4.12	4.0	4.1	4.0	3.72	ILP.MI	3.78	3.8	3.69	3.69	3.99	2.99	1.0	1.0	1.0	1	1.0	1.0	1.0	1.0	1.0	1.0										-1.0			3.62		3.69								0.0			2.99	-0.13	-0.13	1.54	-0.03	-0.03	0.52		1.54	0.0	0.0	37.38					1	-0.13	-0.13	0.51	-0.03	-0.03	0.16	0.51	0.0	0.0	45.42					-0.13	-0.13	-0.5	-0.03	-0.03	-0.06	-0.5	0.0	0.0	7.47					-0.13	-0.13	1.84	-0.03	-0.03	0.47	1.84	0.0	0.0	40.76					-0.0	-0.0	-0.3200000000000003	-0.0	-0.0	-0.1506460236132775	-0.3200000000000003	0.0017987404133233877	0.0017982359704635797	534.3110432486466				
2022-09-05 07:00:00	600	4.0	4.0	4.0	4.0	3.72	ILP.MI	3.76	3.76	3.76	3.76	3.99	2.99	1.0	1.0	1.0	1	1.0	1.0	1.0	1.0	1.0	1.0										-1.0			3.62	3.76									0.0			2.99	0.0	0.0	1.54	0.0	0.0	0.52		1.54	0.0	0.0	36.41					1	0.0	0.0	0.51	0.0	0.0	0.16	0.51	0.0	0.0	45.42					0.0	0.0	-0.5	0.0	0.0	-0.06	-0.5	0.0	0.0	6.01					0.0	0.0	1.84	0.0	0.0	0.47	1.84	0.0	0.0	45.25					0.0	0.0	-0.3200000000000003	0.0	0.0	-0.1506460236132775	-0.3200000000000003	0.0016019414654952675	0.0016014936019321802	529.9681454102025				
2022-09-06 07:00:00	600	3.95	3.95	3.95	3.95	3.68	ILP.MI	3.72	3.72	3.72	3.72	3.99	2.99	1.0	1.0	1.0	1	1.0	1.0	1.0	1.0	1.0	1.0										-1.0			3.62										0.0			2.99	-0.05	-0.05	1.49	-0.01	-0.01	0.5		1.49	0.0	0.0	32.85					1	-0.05	-0.05	0.46	-0.01	-0.01	0.14	0.46	0.0	0.0	39.43					-0.05	-0.05	-0.55	-0.01	-0.01	-0.07	-0.55	0.0	0.0	2.82					-0.05	-0.05	1.79	-0.01	-0.01	0.46	1.79	0.0	0.0	41.62					-0.0	-0.0	-0.3200000000000003	-0.0	-0.0	-0.1506460236132775	-0.3200000000000003	0.0016019414654952675	0.0016014936019321802	529.9681454102025				
2022-09-07 07:00:00	3000	3.88	3.84	3.88	3.87	3.6	ILP.MI	3.65	3.65	3.61	3.64	3.99	2.99	1.0	1.0	1.0	1	1.0	1.0	1.0	1.0	1.0	1.0		3.84								-1.0			3.62		3.61		3.61						0.0			2.99	-0.08	-0.08	1.41	-0.02	-0.02	0.47		1.41	0.0	0.0	34.97					1	-0.08	-0.08	0.38	-0.02	-0.02	0.12	0.38	0.0	0.0	32.38					-0.08	-0.08	-0.63	-0.02	-0.02	-0.09	-0.63	0.0	0.0	4.27					-0.08	-0.08	1.71	-0.02	-0.02	0.43	1.71	0.0	0.0	35.37					-0.0	-0.0	-0.3200000000000003	-0.0	-0.0	-0.1506460236132775	-0.3200000000000003	0.0016664552009965907	0.0016661494660403786	748.4935347655105				
2022-09-08 07:00:00	4200	4.04	3.85	3.85	3.96	3.69	ILP.MI	3.59	3.77	3.59	3.69	3.99	2.99	1.0	1.0	1.0	1	1.0	1.0	1.0	1.0	1.0	1.0										-1.0			3.62	3.77		3.77							0.0			2.99	0.09	0.09	1.5	0.02	0.02	0.5		1.5	0.0	0.0	36.02					1	0.09	0.09	0.47	0.02	0.02	0.15	0.47	0.0	0.0	35.99					0.09	0.09	-0.54	0.02	0.02	-0.07	-0.54	0.0	0.0	5.88					0.09	0.09	1.8	0.02	0.02	0.46	1.8	0.0	0.0	36.46					0.0	0.0	-0.3200000000000003	0.0	0.0	-0.1506460236132775	-0.3200000000000003	0.0016664552009965907	0.0016661494660403786	748.4935347655105				
2022-09-09 07:00:00	600	3.96	3.96	3.96	3.96	3.69	ILP.MI	3.62	3.62	3.62	3.62	3.99	2.99	1.0	1.0	1.0	1	1.0	1.0	1.0	1.0	1.0	1.0										-1.0			3.62		3.62								0.0			2.99	0.0	0.0	1.5	0.0	0.0	0.5		1.5	0.0	0.0	34.94					1	0.0	0.0	0.47	0.0	0.0	0.15	0.47	0.0	0.0	35.99					0.0	0.0	-0.54	0.0	0.0	-0.07	-0.54	0.0	0.0	4.23					0.0	0.0	1.8	0.0	0.0	0.46	1.8	0.0	0.0	41.09					0.0	0.0	-0.3200000000000003	0.0	0.0	-0.1506460236132775	-0.3200000000000003	0.001447047908240164	0.0014467874118706536	743.1564850447018				
2022-09-12 07:00:00	8400	4.12	3.96	3.96	4.09	3.81	ILP.MI	3.54	3.68	3.54	3.66	3.99	2.99	1.0	1.0	1.0	1	1.0	1.0	1.0	1.0	1.0	1.0	4.12									-1.0			3.62										0.0			2.99	0.13	0.13	1.63	0.03	0.03	0.55		1.63	0.0	0.0	39.56					1	0.13	0.13	0.6	0.03	0.03	0.18	0.6	0.0	0.0	40.48					0.13	0.13	-0.41	0.03	0.03	-0.04	-0.41	0.0	0.0	9.34					0.13	0.13	1.93	0.03	0.03	0.51	1.93	0.0	0.0	42.15					0.0	0.0	-0.3200000000000003	0.0	0.0	-0.1506460236132775	-0.3200000000000003	0.0014800905736420088	0.0014798773692532574	814.6796461670972				
2022-09-13 07:00:00	7800	4.1	3.98	4.09	3.98	3.71	ILP.MI	3.71	3.72	3.61	3.61	3.99	2.99	1.0	1.0	1.0	1	1.0	1.0	1.0	1.0	1.0	1.0										-1.0			3.62	3.72									0.0			2.99	-0.11	-0.11	1.52	-0.03	-0.03	0.51		1.52	0.0	0.0	34.54					1	-0.11	-0.11	0.49	-0.03	-0.03	0.15	0.49	0.0	0.0	33.03					-0.11	-0.11	-0.52	-0.03	-0.03	-0.06	-0.52	0.0	0.0	5.18					-0.11	-0.11	1.82	-0.03	-0.03	0.47	1.82	0.0	0.0	37.21					-0.0	-0.0	-0.3200000000000003	-0.0	-0.0	-0.1506460236132775	-0.3200000000000003	0.0014800905736420088	0.0014798773692532574	814.6796461670972				
2022-09-14 07:00:00	2400	3.98	3.94	3.98	3.94	3.67	ILP.MI	3.59	3.59	3.55	3.55	3.99	2.99	1.0	1.0	1.0	1	1.0	1.0	1.0	1.0	1.0	1.0		3.94								-1.0			3.62		3.55								0.0			2.99	-0.04	-0.04	1.48	-0.01	-0.01	0.49		1.48	0.0	0.0	30.06					1	-0.04	-0.04	0.45	-0.01	-0.01	0.14	0.45	0.0	0.0	28.19					-0.04	-0.04	-0.56	-0.01	-0.01	-0.07	-0.56	0.0	-0.0	0.37					-0.04	-0.04	1.78	-0.01	-0.01	0.45	1.78	0.0	0.0	38.77					-0.0	-0.0	-0.3200000000000003	-0.0	-0.0	-0.1506460236132775	-0.3200000000000003	0.0012294090510696937	0.001229235184044164	807.6230140395907				
2022-09-15 07:00:00	1800	4.05	3.98	3.98	4.05	3.77	ILP.MI	3.6	3.66	3.6	3.66	3.99	2.99	1.0	1.0	1.0	1	1.0	1.0	1.0	1.0	1.0	1.0	4.05									-1.0			3.62	3.66									0.0			2.99	0.11	0.11	1.59	0.03	0.03	0.53		1.59	0.0	0.0	31.34					1	0.11	0.11	0.56	0.03	0.03	0.17	0.56	0.0	0.0	31.79					0.11	0.11	-0.45	0.03	0.03	-0.05	-0.45	0.0	0.0	2.29					0.11	0.11	1.89	0.03	0.03	0.49	1.89	0.0	0.0	39.93					0.0	0.0	-0.3200000000000003	0.0	0.0	-0.1506460236132775	-0.3200000000000003	0.0012294090510696937	0.001229235184044164	807.6230140395907				
2022-09-16 07:00:00	1800	3.96	3.95	3.95	3.96	3.69	ILP.MI	3.61	3.62	3.61	3.62	3.99	2.99	1.0	1.0	1.0	1	1.0	1.0	1.0	1.0	1.0	1.0										-1.0			3.62										0.0			2.99	-0.09	-0.09	1.5	-0.02	-0.02	0.5		1.5	0.0	0.0	31.72					1	-0.09	-0.09	0.47	-0.02	-0.02	0.15	0.47	0.0	0.0	32.35					-0.09	-0.09	-0.54	-0.02	-0.02	-0.07	-0.54	0.0	0.0	2.56					-0.09	-0.09	1.8	-0.02	-0.02	0.46	1.8	0.0	0.0	34.42					-0.0	-0.0	-0.3200000000000003	-0.0	-0.0	-0.1506460236132775	-0.3200000000000003	0.0012675707696137091	0.0012674541261521455	1097.7796694121462				
2022-09-19 07:00:00	4200	3.97	3.94	3.97	3.94	3.67	ILP.MI	3.62	3.62	3.6	3.6	3.99	2.99	1.0	1.0	1.0	1	1.0	1.0	1.0	1.0	1.0	1.0										-1.0			3.62		3.6								0.0			2.99	-0.02	-0.02	1.48	-0.01	-0.01	0.49		1.48	0.0	0.0	28.22					1	-0.02	-0.02	0.45	-0.01	-0.01	0.14	0.45	0.0	0.0	26.22					-0.02	-0.02	-0.56	-0.01	-0.01	-0.07	-0.56	-0.0	-0.0	-1.17					-0.02	-0.02	1.78	-0.01	-0.01	0.45	1.78	0.0	0.0	35.4					-0.0	-0.0	-0.3200000000000003	-0.0	-0.0	-0.1506460236132775	-0.3200000000000003	0.0011163739442076642	0.0011162734477576652	1093.044454430129				
2022-09-20 07:00:00	0	3.94	3.94	3.94	3.94	3.67	ILP.MI	3.66	3.66	3.66	3.66	3.99	2.99	1.0	1.0	1.0	1	1.0	1.0	1.0	1.0	1.0	1.0										-1.0			3.62	3.66									0.0			2.99	0.0	0.0	1.48	0.0	0.0	0.49		1.48	0.0	0.0	32.0					1	0.0	0.0	0.45	0.0	0.0	0.14	0.45	0.0	0.0	31.78					0.0	0.0	-0.56	0.0	0.0	-0.07	-0.56	0.0	0.0	2.15					0.0	0.0	1.78	0.0	0.0	0.45	1.78	0.0	0.0	34.68					0.0	0.0	-0.3200000000000003	0.0	0.0	-0.1506460236132775	-0.3200000000000003	0.0011433093510941526	0.0011432402004083464	1381.9781321589633				
2022-09-21 07:00:00	0	3.94	3.94	3.94	3.94	3.67	ILP.MI	3.61	3.61	3.61	3.61	3.99	2.99	1.0	1.0	1.0	1	1.0	1.0	1.0	1.0	1.0	1.0										-1.0			3.62		3.61								0.0			2.99	0.0	0.0	1.48	0.0	0.0	0.49		1.48	0.0	0.0	30.98					1	0.0	0.0	0.45	0.0	0.0	0.14	0.45	0.0	0.0	28.85					0.0	0.0	-0.56	0.0	0.0	-0.07	-0.56	0.0	0.0	0.61					0.0	0.0	1.78	0.0	0.0	0.45	1.78	0.0	0.0	39.04					0.0	0.0	-0.3200000000000003	0.0	0.0	-0.1506460236132775	-0.3200000000000003	0.0009390463260002182	0.0009389918081161852	1375.0421829996105				
2022-09-22 07:00:00	0	3.94	3.94	3.94	3.94	3.67	ILP.MI	3.65	3.65	3.65	3.65	3.99	2.99	1.0	1.0	1.0	1	1.0	1.0	1.0	1.0	1.0	1.0										-1.0			3.62	3.65									0.0			2.99	0.0	0.0	1.48	0.0	0.0	0.49		1.48	0.0	0.0	30.58					1	0.0	0.0	0.45	0.0	0.0	0.14	0.45	0.0	0.0	27.67					0.0	0.0	-0.56	0.0	0.0	-0.07	-0.56	0.0	-0.0	0.01					0.0	0.0	1.78	0.0	0.0	0.45	1.78	0.0	0.0	42.21					0.0	0.0	-0.3200000000000003	0.0	0.0	-0.1506460236132775	-0.3200000000000003	0.0008613131077670711	0.0008612637022960001	1371.5648948629935				
2022-09-23 07:00:00	5400	3.89	3.74	3.89	3.74	3.48	ILP.MI	3.73	3.73	3.59	3.59	3.99	2.99	1.0	1.0	1.0	0	1.0	1.0	1.0	1.0	1.0	1.0										-1.0			3.62										0.0			2.99	-0.2	-0.2	1.28	-0.05	-0.05	0.42		1.28	0.0	0.0	28.5					1	-0.2	-0.2	0.25	-0.05	-0.05	0.08	0.25	0.0	0.0	24.64					-0.2	-0.2	-0.76	-0.05	-0.05	-0.12	-0.76	-0.0	-0.0	-1.43					-0.2	-0.2	1.58	-0.05	-0.05	0.38	1.58	0.0	0.0	33.57					-0.0	-0.0	-0.3200000000000003	-0.0	-0.0	-0.1506460236132775	-0.3200000000000003	0.0008861657087365905	0.0008861407305911229	2488.3626132143236				
2022-09-26 07:00:00	9000	3.86	3.61	3.78	3.67	3.42	ILP.MI	3.6	3.68	3.44	3.5	3.99	2.99	1.0	1.0	-1.0	-1	1.0	1.0	1.0	1.0	1.0	1.0		3.61								-1.0			3.62		3.44								0.0			2.99	-0.07	-0.07	1.21	-0.02	-0.02	0.39		1.21	0.0	0.0	22.54					1	-0.0	-0.0	0.25	-0.0	-0.0	0.08	0.25	0.0	0.0	18.55					-0.07	-0.07	-0.83	-0.02	-0.02	-0.14	-0.83	-0.0	-0.0	-7.95					-0.07	-0.07	1.51	-0.02	-0.02	0.35	1.51	0.0	0.0	35.26					-0.0	-0.0	-0.3200000000000003	-0.0	-0.0	-0.1506460236132775	-0.3200000000000003	0.0005220478913416592	0.0005220351733699058	2466.2423796873254				
2022-09-27 07:00:00	1200	3.8	3.79	3.79	3.8	3.54	ILP.MI	3.65	3.66	3.65	3.66	3.99	2.99	1.0	1.0	-1.0	-1	1.0	1.0	1.0	1.0	1.0	1.0	3.8									-1.0			3.62	3.66									0.0			2.99	0.13	0.13	1.34	0.04	0.03	0.44		1.34	0.0	0.0	24.4					1	-0.13	-0.13	0.12	-0.04	-0.03	0.05	0.12	0.0	0.0	10.6					0.13	0.13	-0.7	0.04	0.03	-0.1	-0.7	-0.0	-0.0	-5.11					0.13	0.13	1.64	0.04	0.03	0.4	1.64	0.0	0.0	36.87					0.0	0.0	-0.3200000000000003	0.0	0.0	-0.1506460236132775	-0.3200000000000003	0.0005220478913416592	0.0005220351733699058	2466.2423796873254				
2022-09-28 07:00:00	1200	3.7	3.7	3.7	3.7	3.44	ILP.MI	3.59	3.59	3.59	3.59	3.99	2.99	1.0	1.0	-1.0	-1	1.0	1.0	1.0	1.0	1.0	1.0										-1.0			3.62		3.59								0.0			2.99	-0.1	-0.1	1.24	-0.03	-0.03	0.4		1.24	0.0	0.0	19.96					1	0.1	0.1	0.22	0.03	0.03	0.07	0.22	0.0	0.0	15.17					-0.1	-0.1	-0.8	-0.03	-0.03	-0.13	-0.8	-0.0	-0.0	-8.92					-0.1	-0.1	1.54	-0.03	-0.03	0.36	1.54	0.0	0.0	32.21					-0.0	-0.0	-0.3200000000000003	-0.0	-0.0	-0.1506460236132775	-0.3200000000000003	0.0005220478913416592	0.0005220351733699058	2466.2423796873254				
2022-09-29 07:00:00	0	3.7	3.7	3.7	3.7	3.44	ILP.MI	3.67	3.67	3.67	3.67	3.99	2.99	1.0	1.0	-1.0	-1	1.0	1.0	1.0	1.0	1.0	1.0										-1.0			3.62	3.67									0.0			2.99	0.0	0.0	1.24	0.0	0.0	0.4		1.24	0.0	0.0	23.1					1	-0.0	-0.0	0.22	-0.0	-0.0	0.07	0.22	0.0	0.0	19.99					0.0	0.0	-0.8	0.0	0.0	-0.13	-0.8	-0.0	-0.0	-6.01					0.0	0.0	1.54	0.0	0.0	0.36	1.54	0.0	0.0	31.7					0.0	0.0	-0.3200000000000003	0.0	0.0	-0.1506460236132775	-0.3200000000000003	0.0005335707913546912	0.000533564101846018	3513.0163684013096				
2022-09-30 07:00:00	4800	3.57	3.54	3.56	3.54	3.3	ILP.MI	3.48	3.49	3.47	3.47	3.99	2.99	1.0	1.0	-1.0	-1	1.0	1.0	1.0	1.0	1.0	1.0		3.54		3.54						-1.0			3.62										0.0			2.99	-0.16	-0.16	1.08	-0.04	-0.04	0.34		1.08	0.0	0.0	15.84					1	0.16	0.16	0.38	0.04	0.04	0.12	0.38	0.0	0.0	22.11					-0.16	-0.16	-0.96	-0.04	-0.04	-0.17	-0.96	-0.0	-0.0	-13.15					-0.16	-0.16	1.38	-0.04	-0.04	0.3	1.38	0.0	0.0	30.53					-0.0	-0.0	-0.3200000000000003	-0.0	-0.0	-0.1506460236132775	-0.3200000000000003	0.00023780074328477545	0.0002377980481316211	3468.822321412599				
2022-10-03 07:00:00	600	3.59	3.59	3.59	3.59	3.34	ILP.MI	3.46	3.46	3.46	3.46	3.99	2.99	1.0	1.0	-1.0	-1	1.0	1.0	1.0	1.0	1.0	1.0										-1.0			3.62										0.0			2.99	0.05	0.05	1.13	0.01	0.01	0.36		1.13	0.0	0.0	20.51					1	-0.05	-0.05	0.33	-0.01	-0.01	0.11	0.33	0.0	0.0	23.09					0.05	0.05	-0.91	0.01	0.01	-0.15	-0.91	-0.0	-0.0	-8.51					0.05	0.05	1.43	0.01	0.01	0.32	1.43	0.0	0.0	30.15					0.0	0.0	-0.3200000000000003	0.0	0.0	-0.1506460236132775	-0.3200000000000003	0.0002452486258683663	0.0002452481684334096	17730.178330174727				
2022-10-04 07:00:00	600	3.7	3.7	3.7	3.7	3.44	ILP.MI	3.45	3.45	3.45	3.45	3.99	2.99	1.0	1.0	-1.0	-1	1.0	1.0	1.0	1.0	1.0	1.0	3.7									-1.0			3.62										0.0			2.99	0.11	0.11	1.24	0.03	0.03	0.4		1.24	0.0	0.0	20.8					1	-0.11	-0.11	0.22	-0.03	-0.03	0.07	0.22	0.0	0.0	12.09					0.11	0.11	-0.8	0.03	0.03	-0.13	-0.8	-0.0	-0.0	-8.08					0.11	0.11	1.54	0.03	0.03	0.36	1.54	0.0	0.0	35.93					0.0	0.0	-0.3200000000000003	0.0	0.0	-0.1506460236132775	-0.3200000000000003	-5.571045049455434e-07	-5.571198685716539e-07	-inf				
2022-10-05 07:00:00	1800	3.6	3.58	3.6	3.59	3.34	ILP.MI	3.41	3.41	3.39	3.4	3.99	3.02	1.0	1.0	-1.0	-1	1.0	1.0	1.0	1.0	1.0	1.0		3.58								-1.0			3.62		3.39		3.39						0.0			2.99	-0.11	-0.11	1.13	-0.03	-0.03	0.36		1.13	0.0	0.0	18.96					1	0.11	0.11	0.33	0.03	0.03	0.11	0.33	0.0	0.0	20.93					-0.11	-0.11	-0.91	-0.03	-0.03	-0.15	-0.91	-0.0	-0.0	-9.37					-0.11	-0.11	1.43	-0.03	-0.03	0.32	1.43	0.0	0.0	30.85					-0.0	-0.0	-0.3200000000000003	-0.0	-0.0	-0.1506460236132775	-0.3200000000000003	-0.0	0.0	-inf				
2022-10-06 07:00:00	0	3.59	3.59	3.59	3.59	3.34	ILP.MI	3.43	3.43	3.43	3.43	3.99	3.06	1.0	1.0	-1.0	-1	1.0	1.0	1.0	1.0	1.0	1.0										-1.0			3.62										0.0			2.99	0.0	0.0	1.13	0.0	0.0	0.36		1.13	0.0	0.0	18.96					1	-0.0	-0.0	0.33	-0.0	-0.0	0.11	0.33	0.0	0.0	20.93					0.0	0.0	-0.91	0.0	0.0	-0.15	-0.91	-0.0	-0.0	-9.37					0.0	0.0	1.43	0.0	0.0	0.32	1.43	0.0	0.0	30.85					0.0	0.0	-0.3200000000000003	0.0	0.0	-0.1506460236132775	-0.3200000000000003	0.0	0.0	-inf				
2022-10-07 07:00:00	1200	3.7	3.65	3.65	3.7	3.44	ILP.MI	3.53	3.58	3.53	3.58	3.99	3.06	1.0	1.0	-1.0	-1	1.0	1.0	1.0	1.0	1.0	1.0										-1.0			3.62										0.0			2.99	0.11	0.11	1.24	0.03	0.03	0.4		1.24	0.0	0.0	24.16					1	-0.11	-0.11	0.22	-0.03	-0.03	0.07	0.22	0.0	0.0	19.68					0.11	0.11	-0.8	0.03	0.03	-0.13	-0.8	-0.0	-0.0	-3.78					0.11	0.11	1.54	0.03	0.03	0.36	1.54	0.0	0.0	31.34					0.0	0.0	-0.3200000000000003	0.0	0.0	-0.1506460236132775	-0.3200000000000003	0.0	0.0	-inf				
2022-10-10 07:00:00	1200	3.78	3.7	3.7	3.78	3.52	ILP.MI	3.58	3.65	3.58	3.65	3.99	3.06	1.0	1.0	-1.0	-1	1.0	1.0	1.0	1.0	1.0	1.0										-1.0			3.62										0.0			2.99	0.08	0.08	1.32	0.02	0.02	0.43		1.32	0.0	0.0	25.16					1	-0.08	-0.08	0.14	-0.02	-0.02	0.05	0.14	0.0	0.0	13.96					0.08	0.08	-0.72	0.02	0.02	-0.11	-0.72	-0.0	-0.0	-2.26					0.08	0.08	1.62	0.02	0.02	0.39	1.62	0.0	0.0	32.26					0.0	0.0	-0.3200000000000003	0.0	0.0	-0.1506460236132775	-0.3200000000000003	0.0	0.0	-inf				
2022-10-11 07:00:00	3600	3.78	3.71	3.78	3.78	3.52	ILP.MI	3.69	3.69	3.62	3.69	3.99	3.06	1.0	1.0	-1.0	-1	1.0	1.0	1.0	1.0	1.0	1.0										-1.0			3.62										0.0			2.99	0.0	0.0	1.32	0.0	0.0	0.43		1.32	0.0	0.0	29.09					1	-0.0	-0.0	0.14	-0.0	-0.0	0.05	0.14	0.0	0.0	19.7					0.0	0.0	-0.72	0.0	0.0	-0.11	-0.72	0.0	0.0	1.18					0.0	0.0	1.62	0.0	0.0	0.39	1.62	0.0	0.0	31.33					0.0	0.0	-0.3200000000000003	0.0	0.0	-0.1506460236132775	-0.3200000000000003	0.0	0.0	-inf				
2022-10-12 07:00:00	600	3.78	3.78	3.78	3.78	3.52	ILP.MI	3.73	3.73	3.73	3.73	3.99	3.07	1.0	1.0	1.0	-1	1.0	1.0	1.0	1.0	1.0	1.0										-1.0			3.62	3.73									0.0			2.99	0.0	0.0	1.32	0.0	0.0	0.43		1.32	0.0	0.0	27.46					1	-0.0	-0.0	0.14	-0.0	-0.0	0.05	0.14	0.0	0.0	14.22					0.0	0.0	-0.72	0.0	0.0	-0.11	-0.72	-0.0	-0.0	-1.31					0.0	0.0	1.62	0.0	0.0	0.39	1.62	0.0	0.0	36.6					0.0	0.0	-0.3200000000000003	0.0	0.0	-0.1506460236132775	-0.3200000000000003	0.0	0.0	-inf				
2022-10-13 07:00:00	600	3.83	3.83	3.83	3.83	3.57	ILP.MI	3.72	3.72	3.72	3.72	3.99	3.07	1.0	1.0	1.0	-1	1.0	1.0	1.0	1.0	1.0	1.0										-1.0			3.62										0.0			2.99	0.05	0.05	1.37	0.01	0.01	0.45		1.37	0.0	0.0	34.64					1	-0.05	-0.05	0.09	-0.01	-0.01	0.04	0.09	0.0	0.0	18.39					0.05	0.05	-0.67	0.01	0.01	-0.1	-0.67	0.0	0.0	4.91					0.05	0.05	1.67	0.01	0.01	0.41	1.67	0.0	0.0	35.03					0.0	0.0	-0.3200000000000003	0.0	0.0	-0.1506460236132775	-0.3200000000000003	0.0	0.0	-inf				
2022-10-14 07:00:00	0	3.83	3.83	3.83	3.83	3.57	ILP.MI	3.7	3.7	3.7	3.7	3.99	3.07	1.0	1.0	1.0	-1	1.0	1.0	1.0	1.0	1.0	1.0										-1.0			3.62										0.0			2.99	0.0	0.0	1.37	0.0	0.0	0.45		1.37	0.0	0.0	39.53					1	-0.0	-0.0	0.09	-0.0	-0.0	0.04	0.09	0.0	0.0	18.39					0.0	0.0	-0.67	0.0	0.0	-0.1	-0.67	0.0	0.0	9.01					0.0	0.0	1.67	0.0	0.0	0.41	1.67	0.0	0.0	33.79					0.0	0.0	-0.3200000000000003	0.0	0.0	-0.1506460236132775	-0.3200000000000003	0.0	0.0	-inf				
2022-10-17 07:00:00	600	3.83	3.83	3.83	3.83	3.57	ILP.MI	3.63	3.63	3.63	3.63	3.99	3.07	1.0	1.0	1.0	-1	1.0	1.0	1.0	1.0	1.0	1.0										-1.0			3.62										0.0			2.99	0.0	0.0	1.37	0.0	0.0	0.45		1.37	0.0	0.0	39.06					1	-0.0	-0.0	0.09	-0.0	-0.0	0.04	0.09	0.0	0.0	18.39					0.0	0.0	-0.67	0.0	0.0	-0.1	-0.67	0.0	0.0	8.3					0.0	0.0	1.67	0.0	0.0	0.41	1.67	0.0	0.0	37.09					0.0	0.0	-0.3200000000000003	0.0	0.0	-0.1506460236132775	-0.3200000000000003	0.0	0.0	-inf				
2022-10-18 07:00:00	0	3.83	3.83	3.83	3.83	3.57	ILP.MI	3.6	3.6	3.6	3.6	3.99	3.07	1.0	1.0	1.0	-1	1.0	1.0	1.0	1.0	1.0	1.0										-1.0			3.62		3.6								0.0			2.99	0.0	0.0	1.37	0.0	0.0	0.45		1.37	0.0	0.0	45.88					1	-0.0	-0.0	0.09	-0.0	-0.0	0.04	0.09	0.0	0.0	18.39					0.0	0.0	-0.67	0.0	0.0	-0.1	-0.67	0.0	0.0	13.7					0.0	0.0	1.67	0.0	0.0	0.41	1.67	0.0	0.0	35.05					0.0	0.0	-0.3200000000000003	0.0	0.0	-0.1506460236132775	-0.3200000000000003	0.0	0.0	-inf				
2022-10-19 07:00:00	0	3.83	3.83	3.83	3.83	3.57	ILP.MI	3.61	3.61	3.61	3.61	3.99	3.07	1.0	1.0	1.0	-1	1.0	1.0	1.0	1.0	1.0	1.0										-1.0			3.62										0.0			2.99	0.0	0.0	1.37	0.0	0.0	0.45		1.37	0.0	0.0	51.6					1	-0.0	-0.0	0.09	-0.0	-0.0	0.04	0.09	0.0	0.0	13.56					0.0	0.0	-0.67	0.0	0.0	-0.1	-0.67	0.0	0.0	18.35					0.0	0.0	1.67	0.0	0.0	0.41	1.67	0.0	0.0	33.58					0.0	0.0	-0.3200000000000003	0.0	0.0	-0.1506460236132775	-0.3200000000000003	0.0	0.0	-inf				
2022-10-20 07:00:00	1200	3.9	3.87	3.87	3.9	3.63	ILP.MI	3.6	3.63	3.6	3.63	3.99	3.07	1.0	1.0	1.0	0	1.0	1.0	1.0	1.0	1.0	1.0	3.9									-1.0			3.62	3.63									0.0			2.99	0.07	0.07	1.44	0.02	0.02	0.48		1.44	0.0	0.0	55.15					1	-0.07	-0.07	0.02	-0.02	-0.02	0.02	0.02	0.0	0.0	7.14					0.07	0.07	-0.6	0.02	0.02	-0.08	-0.6	0.0	0.0	22.18					0.07	0.07	1.74	0.02	0.02	0.44	1.74	0.0	0.0	34.45					0.0	0.0	-0.3200000000000003	0.0	0.0	-0.1506460236132775	-0.3200000000000003	0.0	0.0	-inf				
2022-10-21 07:00:00	600	3.85	3.85	3.85	3.85	3.58	ILP.MI	3.61	3.61	3.61	3.61	3.99	3.07	1.0	1.0	1.0	0	1.0	1.0	1.0	1.0	1.0	1.0		3.85								-1.0			3.62		3.61								0.0			2.99	-0.05	-0.05	1.39	-0.01	-0.01	0.46		1.39	0.0	0.0	50.45					1	-0.0	-0.0	0.02	-0.0	-0.0	0.02	0.02	0.0	0.0	12.67					-0.05	-0.05	-0.65	-0.01	-0.01	-0.09	-0.65	0.0	0.0	17.7					-0.05	-0.05	1.69	-0.01	-0.01	0.42	1.69	0.0	0.0	34.61					-0.0	-0.0	-0.3200000000000003	-0.0	-0.0	-0.1506460236132775	-0.3200000000000003	-0.0	0.0	-inf				
2022-10-24 07:00:00	4800	4.0	3.77	3.77	4.0	3.72	ILP.MI	3.47	3.68	3.47	3.68	3.99	3.07	1.0	1.0	1.0	0	1.0	1.0	1.0	1.0	1.0	1.0										-1.0			3.62										0.0			2.99	0.15	0.15	1.54	0.04	0.04	0.52		1.54	0.0	0.0	51.82					1	0.0	0.0	0.02	0.0	0.0	0.02	0.02	0.0	0.0	17.08					0.15	0.15	-0.5	0.04	0.04	-0.06	-0.5	0.0	0.0	22.92					0.15	0.15	1.84	0.04	0.04	0.47	1.84	0.0	0.0	39.45					0.0	0.0	-0.3200000000000003	0.0	0.0	-0.1506460236132775	-0.3200000000000003	0.0	0.0	-inf				
2022-10-25 07:00:00	9000	4.3	3.88	3.88	4.3	4.0	ILP.MI	3.52	3.9	3.52	3.9	3.99	3.07	1.0	1.0	1.0	1	1.0	1.0	1.0	1.0	1.0	1.0										-1.0			3.62										0.0			2.99	0.3	0.3	1.84	0.07	0.07	0.63		1.84	0.0	0.0	54.24					1	0.0	0.0	0.02	0.0	0.0	0.02	0.02	0.0	0.0	21.84					0.3	0.3	-0.2	0.07	0.07	0.01	-0.2	0.0	0.0	29.76					0.3	0.3	2.14	0.07	0.07	0.59	2.14	0.0	0.0	42.35					0.0	0.0	-0.3200000000000003	0.0	0.0	-0.1506460236132775	-0.3200000000000003	0.0	0.0	-inf				
2022-10-26 07:00:00	2400	4.3	4.22	4.3	4.22	3.93	ILP.MI	3.88	3.88	3.81	3.81	3.99	3.07	1.0	1.0	1.0	1	1.0	1.0	1.0	1.0	1.0	1.0	4.3									-1.0			3.62	3.88		3.88							0.0			2.99	-0.08	-0.08	1.76	-0.02	-0.02	0.6		1.76	0.0	0.0	49.67					1	-0.08	-0.08	-0.06	-0.02	-0.02	0.0	-0.06	0.0	0.0	15.67					-0.08	-0.08	-0.28	-0.02	-0.02	-0.01	-0.28	0.0	0.0	25.86					-0.08	-0.08	2.06	-0.02	-0.02	0.56	2.06	0.0	0.0	38.28					-0.0	-0.0	-0.3200000000000003	-0.0	-0.0	-0.1506460236132775	-0.3200000000000003	-0.0	0.0	-inf				
2022-10-27 07:00:00	1800	4.09	4.07	4.09	4.07	3.79	ILP.MI	3.66	3.66	3.64	3.64	3.99	3.07	1.0	1.0	1.0	1	1.0	1.0	1.0	1.0	1.0	1.0										-1.0			3.62										0.0			2.99	-0.15	-0.15	1.61	-0.04	-0.04	0.54		1.61	0.0	0.0	42.69					1	-0.15	-0.15	-0.21	-0.04	-0.04	-0.04	-0.21	0.0	0.0	13.74					-0.15	-0.15	-0.43	-0.04	-0.04	-0.04	-0.43	0.0	0.0	24.55					-0.15	-0.15	1.91	-0.04	-0.04	0.5	1.91	0.0	0.0	31.99					-0.0	-0.0	-0.3200000000000003	-0.0	-0.0	-0.1506460236132775	-0.3200000000000003	-0.0	0.0	-inf				
2022-10-28 07:00:00	0	4.07	4.07	4.07	4.07	3.79	ILP.MI	3.65	3.65	3.65	3.65	3.99	3.07	1.0	1.0	1.0	1	1.0	1.0	1.0	1.0	1.0	1.0										-1.0			3.62										0.0			2.99	0.0	0.0	1.61	0.0	0.0	0.54		1.61	0.0	0.0	42.6					1	0.0	0.0	-0.21	0.0	0.0	-0.04	-0.21	0.0	0.0	17.8					0.0	0.0	-0.43	0.0	0.0	-0.04	-0.43	0.0	0.0	27.02					0.0	0.0	1.91	0.0	0.0	0.5	1.91	0.0	0.0	31.87					0.0	0.0	-0.3200000000000003	0.0	0.0	-0.1506460236132775	-0.3200000000000003	0.0	0.0	-inf				
2022-10-31 08:00:00	0	4.07	4.07	4.07	4.07	3.79	ILP.MI	3.63	3.63	3.63	3.63	3.99	3.07	1.0	1.0	1.0	1	1.0	1.0	1.0	1.0	1.0	1.0		4.07								-1.0			3.62										0.0			2.99	0.0	0.0	1.61	0.0	0.0	0.54		1.61	0.0	0.0	42.5					1	0.0	0.0	-0.21	0.0	0.0	-0.04	-0.21	0.0	0.0	21.87					0.0	0.0	-0.43	0.0	0.0	-0.04	-0.43	0.0	0.0	29.5					0.0	0.0	1.91	0.0	0.0	0.5	1.91	0.0	0.0	31.75					0.0	0.0	-0.3200000000000003	0.0	0.0	-0.1506460236132775	-0.3200000000000003	0.0	0.0	-inf				
2022-11-01 08:00:00	1200	4.07	4.07	4.07	4.07	3.79	ILP.MI	3.61	3.61	3.61	3.61	3.99	3.07	1.0	1.0	1.0	1	1.0	1.0	1.0	1.0	1.0	1.0										-1.0			3.62		3.61								0.0			2.99	0.0	0.0	1.61	0.0	0.0	0.54		1.61	0.0	0.0	39.16					1	0.0	0.0	-0.21	0.0	0.0	-0.04	-0.21	0.0	0.0	36.61					0.0	0.0	-0.43	0.0	0.0	-0.04	-0.43	0.0	0.0	39.16					0.0	0.0	1.91	0.0	0.0	0.5	1.91	0.0	0.0	27.71					0.0	0.0	-0.3200000000000003	0.0	0.0	-0.1506460236132775	-0.3200000000000003	0.0	0.0	-inf				
2022-11-02 08:00:00	0	4.07	4.07	4.07	4.07	3.79	ILP.MI	3.61	3.61	3.61	3.61	3.99	3.07	1.0	1.0	1.0	1	1.0	1.0	1.0	1.0	1.0	1.0										-1.0			3.62										0.0			2.99	0.0	0.0	1.61	0.0	0.0	0.54		1.61	0.0	0.0	43.32					1	0.0	0.0	-0.21	0.0	0.0	-0.04	-0.21	0.0	0.0	43.2					0.0	0.0	-0.43	0.0	0.0	-0.04	-0.43	0.0	0.0	43.32					0.0	0.0	1.91	0.0	0.0	0.5	1.91	0.0	0.0	26.75					0.0	0.0	-0.3200000000000003	0.0	0.0	-0.1506460236132775	-0.3200000000000003	0.0	0.0	-inf				
2022-11-03 08:00:00	3600	4.08	4.08	4.08	4.08	3.8	ILP.MI	3.63	3.63	3.63	3.63	3.99	3.07	1.0	1.0	1.0	1	1.0	1.0	1.0	1.0	1.0	1.0										-1.0			3.62	3.63									0.0			2.99	0.01	0.01	1.62	0.0	0.0	0.55		1.62	0.0	0.0	41.77					1	0.01	0.01	-0.2	0.0	0.0	-0.03	-0.2	0.0	0.0	43.6					0.01	0.01	-0.42	0.0	0.0	-0.04	-0.42	0.0	0.0	41.77					0.01	0.01	1.92	0.0	0.0	0.5	1.92	0.0	0.0	32.42					0.0	0.0	-0.3200000000000003	0.0	0.0	-0.1506460236132775	-0.3200000000000003	0.0	0.0	-inf				
2022-11-04 08:00:00	0	4.08	4.08	4.08	4.08	3.8	ILP.MI	3.54	3.54	3.54	3.54	3.99	3.07	1.0	1.0	1.0	1	1.0	1.0	1.0	1.0	1.0	1.0										-1.0			3.62		3.54								0.0			2.99	0.0	0.0	1.62	0.0	0.0	0.55		1.62	0.0	0.0	41.77					1	0.0	0.0	-0.2	0.0	0.0	-0.03	-0.2	0.0	0.0	43.6					0.0	0.0	-0.42	0.0	0.0	-0.04	-0.42	0.0	0.0	41.77					0.0	0.0	1.92	0.0	0.0	0.5	1.92	0.0	0.0	32.42					0.0	0.0	-0.3200000000000003	0.0	0.0	-0.1506460236132775	-0.3200000000000003	0.0	0.0	-inf				
2022-11-07 08:00:00	46800	4.28	4.04	4.1	4.28	3.98	ILP.MI	3.53	3.68	3.48	3.68	3.99	3.07	1.0	1.0	1.0	1	1.0	1.0	1.0	1.0	1.0	1.0	4.28									-1.0			3.62	3.68									0.0			2.99	0.2	0.2	1.82	0.05	0.05	0.62		1.82	0.0	0.0	48.51					1	0.2	0.2	0.0	0.05	0.05	0.01	0.0	0.0	0.0	50.5					0.2	0.2	-0.22	0.05	0.05	0.01	-0.22	0.0	0.0	48.51					0.2	0.2	2.12	0.05	0.05	0.58	2.12	0.0	0.0	33.99					0.0	0.0	-0.3200000000000003	0.0	0.0	-0.1506460236132775	-0.3200000000000003	0.0	0.0	-inf				
2022-11-08 08:00:00	17400	4.2	4.11	4.2	4.13	3.84	ILP.MI	3.58	3.58	3.51	3.52	3.99	3.07	1.0	1.0	1.0	1	1.0	1.0	1.0	1.0	1.0	1.0										-1.0			3.62										0.0			2.99	-0.15	-0.15	1.67	-0.04	-0.04	0.57		1.67	0.0	0.0	50.31					1	-0.15	-0.15	-0.15	-0.04	-0.04	-0.02	-0.15	0.0	0.0	33.67					-0.15	-0.15	-0.37	-0.04	-0.04	-0.03	-0.37	0.0	0.0	50.31					-0.15	-0.15	1.97	-0.04	-0.04	0.52	1.97	0.0	0.0	25.58					-0.0	-0.0	-0.3200000000000003	-0.0	-0.0	-0.1506460236132775	-0.3200000000000003	-0.0	0.0	-inf				
2022-11-09 08:00:00	1200	4.15	4.15	4.15	4.15	3.86	ILP.MI	3.53	3.53	3.53	3.53	3.99	3.12	1.0	1.0	1.0	1	1.0	1.0	1.0	1.0	1.0	1.0										-1.0			3.62										0.0			2.99	0.02	0.02	1.69	0.0	0.0	0.57		1.69	0.0	0.0	56.73					1	0.02	0.02	-0.13	0.0	0.0	-0.02	-0.13	0.0	0.0	29.24					0.02	0.02	-0.35	0.0	0.0	-0.02	-0.35	0.0	0.0	56.73					0.02	0.02	1.99	0.0	0.0	0.53	1.99	0.0	0.0	24.02					0.0	0.0	-0.3200000000000003	0.0	0.0	-0.1506460236132775	-0.3200000000000003	0.0	0.0	-inf				
2022-11-10 08:00:00	5400	4.13	4.07	4.13	4.1	3.82	ILP.MI	3.42	3.42	3.37	3.4	3.99	3.2	1.0	-1.0	-1.0	1	1.0	1.0	1.0	1.0	1.0	1.0		4.07								-1.0			3.62		3.37		3.37		3.37				0.0			2.99	-0.05	-0.05	1.64	-0.01	-0.01	0.55		1.64	0.0	0.0	51.77					1	-0.05	-0.05	-0.18	-0.01	-0.01	-0.03	-0.18	0.0	0.0	30.5					-0.05	-0.05	-0.4	-0.01	-0.01	-0.03	-0.4	0.0	0.0	51.77					-0.05	-0.05	1.94	-0.01	-0.01	0.51	1.94	0.0	0.0	24.74					-0.0	-0.0	-0.3200000000000003	-0.0	-0.0	-0.1506460236132775	-0.3200000000000003	-0.0	0.0	-inf				
2022-11-11 08:00:00	40800	4.5	4.07	4.14	4.39	4.09	ILP.MI	3.42	3.72	3.36	3.63	3.99	3.21	1.0	-1.0	-1.0	1	1.0	1.0	1.0	1.0	1.0	1.0										-1.0			3.62										0.0			2.99	0.29	0.29	1.93	0.07	0.07	0.66		1.93	0.0	0.0	54.53					1	0.29	0.29	0.11	0.07	0.07	0.04	0.11	0.0	0.0	41.62					0.29	0.29	-0.11	0.07	0.07	0.03	-0.11	0.0	0.0	54.53					0.29	0.29	2.23	0.07	0.07	0.62	2.23	0.0	0.0	28.84					0.0	0.0	-0.3200000000000003	0.0	0.0	-0.1506460236132775	-0.3200000000000003	0.0	0.0	-inf				
2022-11-14 08:00:00	24600	4.49	4.23	4.28	4.47	4.16	ILP.MI	3.52	3.69	3.48	3.67	3.99	3.27	1.0	-1.0	-1.0	1	1.0	1.0	1.0	1.0	1.0	1.0										-1.0			3.62										0.0			2.99	0.08	0.08	2.01	0.02	0.02	0.69		2.01	0.0	0.0	53.35					1	0.08	0.08	0.19	0.02	0.02	0.06	0.19	0.0	0.0	55.51					0.08	0.08	-0.03	0.02	0.02	0.05	-0.03	0.0	0.0	53.35					0.08	0.08	2.31	0.02	0.02	0.65	2.31	0.0	0.0	36.55					0.0	0.0	-0.3200000000000003	0.0	0.0	-0.1506460236132775	-0.3200000000000003	0.0	0.0	-inf				
2022-11-15 08:00:00	13800	4.58	4.39	4.39	4.54	4.23	ILP.MI	3.59	3.75	3.59	3.72	3.99	3.27	1.0	-1.0	-1.0	1	1.0	1.0	1.0	1.0	1.0	1.0										-1.0			3.62										0.0			2.99	0.07	0.07	2.08	0.02	0.02	0.72		2.08	0.0	0.0	52.76					1	0.07	0.07	0.26	0.02	0.02	0.08	0.26	0.0	0.0	66.6					0.07	0.07	0.04	0.02	0.02	0.07	0.04	0.0	0.0	52.76					0.07	0.07	2.38	0.02	0.02	0.67	2.38	0.0	0.0	42.77					0.0	0.0	-0.3200000000000003	0.0	0.0	-0.1506460236132775	-0.3200000000000003	0.0	0.0	-inf				
2022-11-16 08:00:00	36000	4.88	4.38	4.44	4.71	4.38	ILP.MI	3.66	4.02	3.61	3.88	4.02	3.27	1.0	1.0	1.0	1	1.0	1.0	1.0	1.0	1.0	1.0										-1.0			3.62										0.0			2.99	0.17	0.17	2.25	0.04	0.04	0.79		2.25	0.0	0.0	54.22					1	0.17	0.17	0.43	0.04	0.04	0.12	0.43	0.0	0.0	70.4					0.17	0.17	0.21	0.04	0.04	0.11	0.21	0.0	0.0	54.22					0.17	0.17	2.55	0.04	0.04	0.74	2.55	0.0	0.0	44.46					0.0	0.0	-0.3200000000000003	0.0	0.0	-0.1506460236132775	-0.3200000000000003	0.0	0.0	-inf				
2022-11-17 08:00:00	42000	5.02	4.58	4.84	4.82	4.49	ILP.MI	4.02	4.17	3.8	4.0	4.17	3.27	1.0	1.0	1.0	1	1.0	1.0	1.0	1.0	1.0	1.0	5.02									-1.0			3.62	4.17									0.0			2.99	0.11	0.11	2.36	0.02	0.02	0.83		2.36	0.0	0.0	55.08					1	0.11	0.11	0.54	0.02	0.02	0.14	0.54	0.0	0.0	72.52					0.11	0.11	0.32	0.02	0.02	0.14	0.32	0.0	0.0	55.08					0.11	0.11	2.66	0.02	0.02	0.78	2.66	0.0	0.0	45.45					0.0	0.0	-0.3200000000000003	0.0	0.0	-0.1506460236132775	-0.3200000000000003	0.0	0.0	-inf				
2022-11-18 08:00:00	15000	4.92	4.68	4.82	4.68	4.36	ILP.MI	3.95	4.03	3.83	3.83	4.17	3.27	1.0	1.0	1.0	1	1.0	1.0	1.0	1.0	1.0	1.0		4.68								-1.0			3.62		3.83								0.0			2.99	-0.14	-0.14	2.22	-0.03	-0.03	0.77		2.22	0.0	0.0	51.81					1	-0.14	-0.14	0.4	-0.03	-0.03	0.11	0.4	0.0	0.0	63.37					-0.14	-0.14	0.18	-0.03	-0.03	0.1	0.18	0.0	0.0	51.81					-0.14	-0.14	2.52	-0.03	-0.03	0.73	2.52	0.0	0.0	40.04					-0.0	-0.0	-0.3200000000000003	-0.0	-0.0	-0.1506460236132775	-0.3200000000000003	-0.0	0.0	-inf				
2022-11-21 08:00:00	4200	4.84	4.6	4.6	4.84	4.51	ILP.MI	3.82	4.02	3.82	4.02	4.17	3.27	1.0	1.0	1.0	1	1.0	1.0	1.0	1.0	1.0	1.0										-1.0			3.62										0.0			2.99	0.16	0.16	2.38	0.03	0.03	0.83		2.38	0.0	0.0	52.99					1	0.16	0.16	0.56	0.03	0.03	0.15	0.56	0.0	0.0	66.29					0.16	0.16	0.34	0.03	0.03	0.14	0.34	0.0	0.0	52.99					0.16	0.16	2.68	0.03	0.03	0.78	2.68	0.0	0.0	41.44					0.0	0.0	-0.3200000000000003	0.0	0.0	-0.1506460236132775	-0.3200000000000003	0.0	0.0	-inf				
2022-11-22 08:00:00	42000	5.3	4.75	4.9	4.98	4.64	ILP.MI	4.03	4.36	3.9	4.09	4.36	3.27	1.0	1.0	1.0	1	1.0	1.0	1.0	1.0	1.0	1.0	5.3		5.3		5.3		5.3			-1.0			3.62	4.36		4.36		4.36		4.36			0.0		4.36	2.99	0.14	0.14	2.52	0.03	0.03	0.89		2.52	0.0	0.0	53.67					1	0.14	0.14	0.7	0.03	0.03	0.18	0.7	0.0	0.0	73.18					0.14	0.14	0.48	0.03	0.03	0.17	0.48	0.0	0.0	53.67					0.14	0.14	2.82	0.03	0.03	0.84	2.82	0.0	0.0	45.6					0.0	0.0	-0.3200000000000003	0.0	0.0	-0.1506460236132775	-0.3200000000000003	0.0	0.0	-inf				
2022-11-23 08:00:00	42000	5.06	4.8	4.83	4.83	4.5	ILP.MI	3.97	4.16	3.95	3.97	4.36	3.27	1.0	1.0	1.0	1	1.0	1.0	1.0	1.0	1.0	1.0										-1.0			3.62										0.0			2.99	-0.15	-0.15	2.37	-0.03	-0.03	0.83		2.37	0.0	0.0	51.71					1	-0.15	-0.15	0.55	-0.03	-0.03	0.14	0.55	0.0	0.0	63.67					-0.15	-0.15	0.33	-0.03	-0.03	0.14	0.33	0.0	0.0	51.71					-0.15	-0.15	2.67	-0.03	-0.03	0.78	2.67	0.0	0.0	39.93					-0.0	-0.0	-0.3200000000000003	-0.0	-0.0	-0.1506460236132775	-0.3200000000000003	-0.0	0.0	-inf				
2022-11-24 08:00:00	9000	4.83	4.78	4.83	4.82	4.49	ILP.MI	3.95	3.95	3.91	3.94	4.36	3.27	1.0	1.0	1.0	1	1.0	1.0	1.0	1.0	1.0	1.0										-1.0			3.62										0.0			2.99	-0.01	-0.01	2.36	-0.0	-0.0	0.83		2.36	0.0	0.0	48.74					1	-0.01	-0.01	0.54	-0.0	-0.0	0.14	0.54	0.0	0.0	65.58					-0.01	-0.01	0.32	-0.0	-0.0	0.14	0.32	0.0	0.0	48.74					-0.01	-0.01	2.66	-0.0	-0.0	0.78	2.66	0.0	0.0	40.99					-0.0	-0.0	-0.3200000000000003	-0.0	-0.0	-0.1506460236132775	-0.3200000000000003	-0.0	0.0	-inf				
2022-11-25 08:00:00	13800	4.84	4.76	4.84	4.8	4.47	ILP.MI	3.96	3.96	3.89	3.92	4.36	3.27	1.0	1.0	1.0	1	1.0	1.0	1.0	1.0	1.0	1.0										-1.0			3.62										0.0			2.99	-0.02	-0.02	2.34	-0.0	-0.0	0.82		2.34	0.0	0.0	45.71					1	-0.02	-0.02	0.52	-0.0	-0.0	0.14	0.52	0.0	0.0	66.24					-0.02	-0.02	0.3	-0.0	-0.0	0.13	0.3	0.0	0.0	45.71					-0.02	-0.02	2.64	-0.0	-0.0	0.77	2.64	0.0	0.0	41.35					-0.0	-0.0	-0.3200000000000003	-0.0	-0.0	-0.1506460236132775	-0.3200000000000003	-0.0	0.0	-inf				
2022-11-28 08:00:00	7200	4.8	4.6	4.8	4.6	4.28	ILP.MI	3.97	3.97	3.8	3.8	4.36	3.27	1.0	1.0	1.0	1	1.0	1.0	1.0	1.0	1.0	1.0										-1.0			3.62										0.0			2.99	-0.2	-0.2	2.14	-0.04	-0.04	0.74		2.14	0.0	0.0	37.95					1	-0.2	-0.2	0.32	-0.04	-0.04	0.09	0.32	0.0	0.0	64.37					-0.2	-0.2	0.1	-0.04	-0.04	0.08	0.1	0.0	0.0	37.95					-0.2	-0.2	2.44	-0.04	-0.04	0.7	2.44	0.0	0.0	40.32					-0.0	-0.0	-0.3200000000000003	-0.0	-0.0	-0.1506460236132775	-0.3200000000000003	-0.0	0.0	-inf				
2022-11-29 08:00:00	7800	4.6	4.45	4.6	4.52	4.21	ILP.MI	3.8	3.8	3.68	3.73	4.36	3.27	1.0	1.0	1.0	1	1.0	1.0	1.0	1.0	1.0	1.0		4.45		4.45						-1.0			3.62		3.68		3.68						0.0			2.99	-0.08	-0.08	2.06	-0.02	-0.02	0.71		2.06	0.0	0.0	34.09					1	-0.08	-0.08	0.24	-0.02	-0.02	0.07	0.24	0.0	0.0	58.37					-0.08	-0.08	0.02	-0.02	-0.02	0.07	0.02	0.0	0.0	34.09					-0.08	-0.08	2.36	-0.02	-0.02	0.67	2.36	0.0	0.0	36.53					-0.0	-0.0	-0.3200000000000003	-0.0	-0.0	-0.1506460236132775	-0.3200000000000003	-0.0	0.0	-inf				
2022-11-30 08:00:00	9600	4.81	4.64	4.65	4.76	4.43	ILP.MI	3.82	3.95	3.81	3.91	4.36	3.27	1.0	1.0	1.0	1	1.0	1.0	1.0	1.0	1.0	1.0										-1.0			3.62										0.0			2.99	0.24	0.24	2.3	0.05	0.05	0.8		2.3	0.0	0.0	39.96					1	0.24	0.24	0.48	0.05	0.05	0.13	0.48	0.0	0.0	62.19					0.24	0.24	0.26	0.05	0.05	0.12	0.26	0.0	0.0	39.96					0.24	0.24	2.6	0.05	0.05	0.75	2.6	0.0	0.0	37.82					0.0	0.0	-0.3200000000000003	0.0	0.0	-0.1506460236132775	-0.3200000000000003	0.0	0.0	-inf				
2022-12-01 08:00:00	28200	4.9	4.57	4.76	4.9	4.56	ILP.MI	3.9	4.01	3.74	4.01	4.36	3.27	1.0	1.0	1.0	1	1.0	1.0	1.0	1.0	1.0	1.0										-1.0			3.62										0.0			2.99	0.14	0.14	2.44	0.03	0.03	0.86		2.44	0.0	0.0	44.98					1	0.14	0.14	0.62	0.03	0.03	0.16	0.62	0.0	0.0	64.08					0.14	0.14	0.4	0.03	0.03	0.15	0.4	0.0	0.0	44.98					0.14	0.14	2.74	0.03	0.03	0.81	2.74	0.0	0.0	38.2					0.0	0.0	-0.3200000000000003	0.0	0.0	-0.1506460236132775	-0.3200000000000003	0.0	0.0	-inf				
2022-12-02 08:00:00	22200	4.92	4.81	4.88	4.9	4.56	ILP.MI	4.01	4.04	3.95	4.02	4.36	3.27	1.0	1.0	1.0	1	1.0	1.0	1.0	1.0	1.0	1.0										-1.0			3.62										0.0			2.99	0.0	0.0	2.44	0.0	0.0	0.86		2.44	0.0	0.0	48.02					1	0.0	0.0	0.62	0.0	0.0	0.16	0.62	0.0	0.0	64.08					0.0	0.0	0.4	0.0	0.0	0.15	0.4	0.0	0.0	48.02					0.0	0.0	2.74	0.0	0.0	0.81	2.74	0.0	0.0	37.91					0.0	0.0	-0.3200000000000003	0.0	0.0	-0.1506460236132775	-0.3200000000000003	0.0	0.0	-inf				
2022-12-05 08:00:00	26400	4.92	4.85	4.89	4.9	4.56	ILP.MI	4.03	4.05	3.99	4.03	4.36	3.27	1.0	1.0	1.0	1	1.0	1.0	1.0	1.0	1.0	1.0	4.92									-1.0			3.62										0.0			2.99	0.0	0.0	2.44	0.0	0.0	0.86		2.44	0.0	0.0	46.35					1	0.0	0.0	0.62	0.0	0.0	0.16	0.62	0.0	0.0	64.08					0.0	0.0	0.4	0.0	0.0	0.15	0.4	0.0	0.0	46.35					0.0	0.0	2.74	0.0	0.0	0.81	2.74	0.0	0.0	44.77					0.0	0.0	-0.3200000000000003	0.0	0.0	-0.1506460236132775	-0.3200000000000003	0.0	0.0	-inf				
2022-12-06 08:00:00	22200	4.9	4.83	4.88	4.9	4.56	ILP.MI	4.06	4.08	4.02	4.08	4.36	3.27	1.0	1.0	1.0	1	1.0	1.0	1.0	1.0	1.0	1.0										-1.0			3.62	4.08									0.0			2.99	0.0	0.0	2.44	0.0	0.0	0.86		2.44	0.0	0.0	51.48					1	0.0	0.0	0.62	0.0	0.0	0.16	0.62	0.0	0.0	64.08					0.0	0.0	0.4	0.0	0.0	0.15	0.4	0.0	0.0	51.48					0.0	0.0	2.74	0.0	0.0	0.81	2.74	0.0	0.0	43.8					0.0	0.0	-0.3200000000000003	0.0	0.0	-0.1506460236132775	-0.3200000000000003	0.0	0.0	-inf				
2022-12-07 08:00:00	23400	4.91	4.75	4.86	4.91	4.57	ILP.MI	4.05	4.09	3.96	4.09	4.36	3.27	1.0	1.0	1.0	1	1.0	1.0	1.0	1.0	1.0	1.0		4.75								-1.0			3.62		3.96								0.0			2.99	0.01	0.01	2.45	0.0	0.0	0.86		2.45	0.0	0.0	55.43					1	0.01	0.01	0.63	0.0	0.0	0.16	0.63	0.0	0.0	64.21					0.01	0.01	0.41	0.0	0.0	0.16	0.41	0.0	0.0	55.43					0.01	0.01	2.75	0.0	0.0	0.81	2.75	0.0	0.0	43.37					0.0	0.0	-0.3200000000000003	0.0	0.0	-0.1506460236132775	-0.3200000000000003	0.0	0.0	-inf				
2022-12-08 08:00:00	600	4.9	4.9	4.9	4.9	4.56	ILP.MI	4.09	4.09	4.09	4.09	4.36	3.27	1.0	1.0	1.0	1	1.0	1.0	1.0	1.0	1.0	1.0										-1.0			3.62										0.0			2.99	-0.01	-0.01	2.44	-0.0	-0.0	0.86		2.44	0.0	0.0	57.15					1	-0.01	-0.01	0.62	-0.0	-0.0	0.16	0.62	0.0	0.0	60.94					-0.01	-0.01	0.4	-0.0	-0.0	0.15	0.4	0.0	0.0	57.15					-0.01	-0.01	2.74	-0.0	-0.0	0.81	2.74	0.0	0.0	40.22					-0.0	-0.0	-0.3200000000000003	-0.0	-0.0	-0.1506460236132775	-0.3200000000000003	-0.0	0.0	-inf				
2022-12-09 08:00:00	84000	5.1	4.83	4.83	4.84	4.51	ILP.MI	4.02	4.25	4.02	4.03	4.36	3.27	1.0	1.0	1.0	1	1.0	1.0	1.0	1.0	1.0	1.0	5.1		5.1							-1.0			3.62	4.25		4.25							0.0			2.99	-0.06	-0.06	2.38	-0.01	-0.01	0.83		2.38	0.0	0.0	50.92					1	-0.06	-0.06	0.56	-0.01	-0.01	0.15	0.56	0.0	0.0	56.17					-0.06	-0.06	0.34	-0.01	-0.01	0.14	0.34	0.0	0.0	50.92					-0.06	-0.06	2.68	-0.01	-0.01	0.78	2.68	0.0	0.0	45.78					-0.0	-0.0	-0.3200000000000003	-0.0	-0.0	-0.1506460236132775	-0.3200000000000003	-0.0	0.0	-inf				
2022-12-12 08:00:00	52800	5.0	4.75	4.85	4.79	4.46	ILP.MI	4.03	4.16	3.95	3.98	4.36	3.27	1.0	1.0	1.0	1	1.0	1.0	1.0	1.0	1.0	1.0										-1.0			3.62										0.0			2.99	-0.05	-0.05	2.33	-0.01	-0.01	0.82		2.33	0.0	0.0	50.0					1	-0.05	-0.05	0.51	-0.01	-0.01	0.14	0.51	0.0	0.0	51.78					-0.05	-0.05	0.29	-0.01	-0.01	0.13	0.29	0.0	0.0	50.0					-0.05	-0.05	2.63	-0.01	-0.01	0.77	2.63	0.0	0.0	42.15					-0.0	-0.0	-0.3200000000000003	-0.0	-0.0	-0.1506460236132775	-0.3200000000000003	-0.0	0.0	-inf				
2022-12-13 08:00:00	3600	4.86	4.79	4.82	4.86	4.52	ILP.MI	3.95	3.99	3.93	3.99	4.36	3.27	1.0	1.0	1.0	1	1.0	1.0	1.0	1.0	1.0	1.0		4.79								-1.0			3.62		3.93								0.0			2.99	0.07	0.07	2.4	0.01	0.01	0.84		2.4	0.0	0.0	50.36					1	0.07	0.07	0.58	0.01	0.01	0.15	0.58	0.0	0.0	52.75					0.07	0.07	0.36	0.01	0.01	0.15	0.36	0.0	0.0	50.36					0.07	0.07	2.7	0.01	0.01	0.79	2.7	0.0	0.0	45.68					0.0	0.0	-0.3200000000000003	0.0	0.0	-0.1506460236132775	-0.3200000000000003	0.0	0.0	-inf				
2022-12-14 08:00:00	52200	4.99	4.83	4.88	4.93	4.59	ILP.MI	4.01	4.1	3.97	4.05	4.36	3.27	1.0	1.0	1.0	1	1.0	1.0	1.0	1.0	1.0	1.0	4.99									-1.0			3.62										0.0			2.99	0.07	0.07	2.47	0.01	0.01	0.87		2.47	0.0	0.0	54.48					1	0.07	0.07	0.65	0.01	0.01	0.17	0.65	0.0	0.0	53.67					0.07	0.07	0.43	0.01	0.01	0.16	0.43	0.0	0.0	54.48					0.07	0.07	2.77	0.01	0.01	0.82	2.77	0.0	0.0	45.85					0.0	0.0	-0.3200000000000003	0.0	0.0	-0.1506460236132775	-0.3200000000000003	0.0	0.0	-inf				
2022-12-15 08:00:00	4200	4.94	4.82	4.9	4.94	4.6	ILP.MI	4.17	4.21	4.11	4.21	4.36	3.27	1.0	1.0	1.0	1	1.0	1.0	1.0	1.0	1.0	1.0										-1.0			3.62	4.21									0.0			2.99	0.01	0.01	2.48	0.0	0.0	0.87		2.48	0.0	0.0	54.19					1	0.01	0.01	0.66	0.0	0.0	0.17	0.66	0.0	0.0	53.8					0.01	0.01	0.44	0.0	0.0	0.16	0.44	0.0	0.0	54.19					0.01	0.01	2.78	0.0	0.0	0.82	2.78	0.0	0.0	49.45					0.0	0.0	-0.3200000000000003	0.0	0.0	-0.1506460236132775	-0.3200000000000003	0.0	0.0	-inf				
2022-12-16 08:00:00	6000	4.92	4.85	4.92	4.9	4.56	ILP.MI	4.2	4.2	4.14	4.18	4.36	3.27	1.0	1.0	1.0	1	1.0	1.0	1.0	1.0	1.0	1.0										-1.0			3.62										0.0			2.99	-0.04	-0.04	2.44	-0.01	-0.01	0.86		2.44	0.0	0.0	50.25					1	-0.04	-0.04	0.62	-0.01	-0.01	0.16	0.62	0.0	0.0	49.86					-0.04	-0.04	0.4	-0.01	-0.01	0.15	0.4	0.0	0.0	50.25					-0.04	-0.04	2.74	-0.01	-0.01	0.81	2.74	0.0	0.0	50.25					-0.0	-0.0	-0.3200000000000003	-0.0	-0.0	-0.1506460236132775	-0.3200000000000003	-0.0	0.0	-inf				
2022-12-19 08:00:00	4200	4.85	4.77	4.85	4.77	4.44	ILP.MI	4.14	4.14	4.07	4.07	4.36	3.27	1.0	1.0	1.0	1	1.0	1.0	1.0	1.0	1.0	1.0										-1.0			3.62										0.0			2.99	-0.13	-0.13	2.31	-0.03	-0.03	0.81		2.31	0.0	0.0	50.37					1	-0.13	-0.13	0.49	-0.03	-0.03	0.13	0.49	0.0	0.0	43.62					-0.13	-0.13	0.27	-0.03	-0.03	0.12	0.27	0.0	0.0	50.37					-0.13	-0.13	2.61	-0.03	-0.03	0.76	2.61	0.0	0.0	50.37					-0.0	-0.0	-0.3200000000000003	-0.0	-0.0	-0.1506460236132775	-0.3200000000000003	-0.0	0.0	-inf				
2022-12-20 08:00:00	1800	4.7	4.67	4.7	4.7	4.38	ILP.MI	4.01	4.01	3.98	4.01	4.36	3.27	1.0	1.0	1.0	1	1.0	1.0	1.0	1.0	1.0	1.0		4.67								-1.0			3.62										0.0			2.99	-0.07	-0.07	2.24	-0.01	-0.01	0.78		2.24	0.0	0.0	49.55					1	-0.07	-0.07	0.42	-0.01	-0.01	0.11	0.42	0.0	0.0	39.1					-0.07	-0.07	0.2	-0.01	-0.01	0.11	0.2	0.0	0.0	49.55					-0.07	-0.07	2.54	-0.01	-0.01	0.73	2.54	0.0	0.0	49.55					-0.0	-0.0	-0.3200000000000003	-0.0	-0.0	-0.1506460236132775	-0.3200000000000003	-0.0	0.0	-inf				
2022-12-21 08:00:00	9000	4.83	4.7	4.7	4.74	4.41	ILP.MI	3.94	4.05	3.94	3.97	4.36	3.27	1.0	1.0	1.0	1	1.0	1.0	1.0	1.0	1.0	1.0	4.83									-1.0			3.62		3.94								0.0			2.99	0.04	0.04	2.28	0.01	0.01	0.8		2.28	0.0	0.0	49.88					1	0.04	0.04	0.46	0.01	0.01	0.12	0.46	0.0	0.0	39.68					0.04	0.04	0.24	0.01	0.01	0.12	0.24	0.0	0.0	49.88					0.04	0.04	2.58	0.01	0.01	0.75	2.58	0.0	0.0	49.88					0.0	0.0	-0.3200000000000003	0.0	0.0	-0.1506460236132775	-0.3200000000000003	0.0	0.0	-inf				
2022-12-22 08:00:00	8400	4.82	4.73	4.82	4.74	4.41	ILP.MI	4.09	4.09	4.01	4.02	4.36	3.27	1.0	1.0	1.0	1	1.0	1.0	1.0	1.0	1.0	1.0										-1.0			3.62	4.09									0.0			2.99	0.0	0.0	2.28	0.0	0.0	0.8		2.28	0.0	0.0	49.78					1	0.0	0.0	0.46	0.0	0.0	0.12	0.46	0.0	0.0	39.68					0.0	0.0	0.24	0.0	0.0	0.12	0.24	0.0	0.0	49.78					0.0	0.0	2.58	0.0	0.0	0.75	2.58	0.0	0.0	49.78					0.0	0.0	-0.3200000000000003	0.0	0.0	-0.1506460236132775	-0.3200000000000003	0.0	0.0	-inf				
2022-12-23 08:00:00	4800	4.7	4.6	4.7	4.61	4.29	ILP.MI	3.98	3.98	3.89	3.9	4.36	3.27	1.0	1.0	1.0	1	1.0	1.0	1.0	1.0	1.0	1.0										-1.0			3.62										0.0			2.99	-0.13	-0.13	2.15	-0.03	-0.03	0.75		2.15	0.0	0.0	46.98					1	-0.13	-0.13	0.33	-0.03	-0.03	0.09	0.33	0.0	0.0	33.89					-0.13	-0.13	0.11	-0.03	-0.03	0.09	0.11	0.0	0.0	46.98					-0.13	-0.13	2.45	-0.03	-0.03	0.7	2.45	0.0	0.0	46.98					-0.0	-0.0	-0.3200000000000003	-0.0	-0.0	-0.1506460236132775	-0.3200000000000003	-0.0	0.0	-inf				
2022-12-27 08:00:00	5400	4.7	4.56	4.69	4.61	4.29	ILP.MI	3.97	3.98	3.86	3.91	4.36	3.27	1.0	1.0	1.0	1	1.0	1.0	1.0	1.0	1.0	1.0										-1.0			3.62										0.0			2.99	0.0	0.0	2.15	0.0	0.0	0.75		2.15	0.0	0.0	46.98					1	0.0	0.0	0.33	0.0	0.0	0.09	0.33	0.0	0.0	33.89					0.0	0.0	0.11	0.0	0.0	0.09	0.11	0.0	0.0	46.98					0.0	0.0	2.45	0.0	0.0	0.7	2.45	0.0	0.0	46.98					0.0	0.0	-0.3200000000000003	0.0	0.0	-0.1506460236132775	-0.3200000000000003	0.0	0.0	-inf				
2022-12-28 08:00:00	0	4.61	4.61	4.61	4.61	4.29	ILP.MI	3.92	3.92	3.92	3.92	4.36	3.27	1.0	1.0	1.0	1	1.0	1.0	1.0	1.0	1.0	1.0										-1.0			3.62										0.0			2.99	0.0	0.0	2.15	0.0	0.0	0.75		2.15	0.0	0.0	46.98					1	0.0	0.0	0.33	0.0	0.0	0.09	0.33	0.0	0.0	33.89					0.0	0.0	0.11	0.0	0.0	0.09	0.11	0.0	0.0	46.98					0.0	0.0	2.45	0.0	0.0	0.7	2.45	0.0	0.0	46.98					0.0	0.0	-0.3200000000000003	0.0	0.0	-0.1506460236132775	-0.3200000000000003	0.0	0.0	-inf				
2022-12-29 08:00:00	0	4.61	4.61	4.61	4.61	4.29	ILP.MI	3.87	3.87	3.87	3.87	4.36	3.27	1.0	1.0	1.0	1	1.0	1.0	1.0	1.0	1.0	1.0		4.61								-1.0			3.62		3.87								0.0			2.99	0.0	0.0	2.15	0.0	0.0	0.75		2.15	0.0	0.0	51.36					1	0.0	0.0	0.33	0.0	0.0	0.09	0.33	0.0	0.0	33.89					0.0	0.0	0.11	0.0	0.0	0.09	0.11	0.0	0.0	51.36					0.0	0.0	2.45	0.0	0.0	0.7	2.45	0.0	0.0	51.36					0.0	0.0	-0.3200000000000003	0.0	0.0	-0.1506460236132775	-0.3200000000000003	0.0	0.0	-inf				
2022-12-30 08:00:00	0	4.61	4.61	4.61	4.61	4.29	ILP.MI	3.93	3.93	3.93	3.93	4.36	3.27	1.0	1.0	1.0	1	1.0	1.0	1.0	1.0	1.0	1.0										-1.0			3.62	3.93									0.0			2.99	0.0	0.0	2.15	0.0	0.0	0.75		2.15	0.0	0.0	51.36					1	0.0	0.0	0.33	0.0	0.0	0.09	0.33	0.0	0.0	33.89					0.0	0.0	0.11	0.0	0.0	0.09	0.11	0.0	0.0	51.36					0.0	0.0	2.45	0.0	0.0	0.7	2.45	0.0	0.0	51.36					0.0	0.0	-0.3200000000000003	0.0	0.0	-0.1506460236132775	-0.3200000000000003	0.0	0.0	-inf				
2023-01-02 08:00:00	600	4.65	4.65	4.65	4.65	4.33	ILP.MI	3.89	3.89	3.89	3.89	4.36	3.29	1.0	1.0	1.0	1	1.0	1.0	1.0	1.0	1.0	1.0										-1.0			3.62										0.0			2.99	0.04	0.04	2.19	0.01	0.01	0.76		2.19	0.0	0.0	51.58					1	0.04	0.04	0.37	0.01	0.01	0.1	0.37	0.0	0.0	34.48					0.04	0.04	0.15	0.01	0.01	0.1	0.15	0.0	0.0	51.58					0.04	0.04	2.49	0.01	0.01	0.71	2.49	0.0	0.0	51.58					0.0	0.0	-0.3200000000000003	0.0	0.0	-0.1506460236132775	-0.3200000000000003	0.0	0.0	-inf				
2023-01-03 08:00:00	3600	4.79	4.6	4.79	4.6	4.28	ILP.MI	3.96	3.96	3.8	3.8	4.36	3.29	1.0	1.0	-1.0	1	1.0	1.0	1.0	1.0	1.0	1.0	4.79									-1.0			3.62										0.0			2.99	-0.05	-0.05	2.14	-0.01	-0.01	0.74		2.14	0.0	0.0	48.02					1	-0.05	-0.05	0.32	-0.01	-0.01	0.09	0.32	0.0	0.0	30.69					-0.05	-0.05	0.1	-0.01	-0.01	0.08	0.1	0.0	0.0	48.02					-0.05	-0.05	2.44	-0.01	-0.01	0.7	2.44	0.0	0.0	48.02					-0.0	-0.0	-0.3200000000000003	-0.0	-0.0	-0.1506460236132775	-0.3200000000000003	-0.0	0.0	-inf				
2023-01-04 08:00:00	4200	4.64	4.49	4.64	4.55	4.24	ILP.MI	3.77	3.77	3.65	3.7	4.36	3.29	1.0	1.0	-1.0	0	1.0	1.0	1.0	1.0	1.0	1.0		4.49								-1.0			3.62		3.65								0.0			2.99	-0.05	-0.05	2.09	-0.01	-0.01	0.72		2.09	0.0	0.0	44.52					1	-0.05	-0.05	0.27	-0.01	-0.01	0.08	0.27	0.0	0.0	26.97					-0.05	-0.05	0.05	-0.01	-0.01	0.07	0.05	0.0	0.0	44.52					-0.05	-0.05	2.39	-0.01	-0.01	0.68	2.39	0.0	0.0	44.52					-0.0	-0.0	-0.3200000000000003	-0.0	-0.0	-0.1506460236132775	-0.3200000000000003	-0.0	0.0	-inf				
2023-01-05 08:00:00	600	4.66	4.66	4.66	4.66	4.34	ILP.MI	3.79	3.79	3.79	3.79	4.36	3.29	1.0	1.0	-1.0	0	1.0	1.0	1.0	1.0	1.0	1.0	4.66									-1.0			3.62	3.79									0.0			2.99	0.11	0.11	2.2	0.02	0.02	0.77		2.2	0.0	0.0	48.29					1	0.0	0.0	0.27	0.0	0.0	0.08	0.27	0.0	0.0	26.97					0.11	0.11	0.16	0.02	0.02	0.1	0.16	0.0	0.0	48.29					0.11	0.11	2.5	0.02	0.02	0.72	2.5	0.0	0.0	48.29					0.0	0.0	-0.3200000000000003	0.0	0.0	-0.1506460236132775	-0.3200000000000003	0.0	0.0	-inf				
2023-01-06 08:00:00	7200	4.5	4.35	4.5	4.46	4.15	ILP.MI	3.61	3.61	3.49	3.58	4.36	3.36	1.0	1.0	-1.0	0	1.0	1.0	1.0	1.0	1.0	1.0		4.35								-1.0			3.62										0.0			2.99	-0.2	-0.2	2.0	-0.04	-0.04	0.69		2.0	0.0	0.0	40.36					1	-0.0	-0.0	0.27	-0.0	-0.0	0.08	0.27	0.0	0.0	26.97					-0.2	-0.2	-0.04	-0.04	-0.04	0.05	-0.04	0.0	0.0	40.36					-0.2	-0.2	2.3	-0.04	-0.04	0.64	2.3	0.0	0.0	40.36					-0.0	-0.0	-0.3200000000000003	-0.0	-0.0	-0.1506460236132775	-0.3200000000000003	-0.0	0.0	-inf				
2023-01-09 08:00:00	7800	4.55	4.41	4.5	4.44	4.13	ILP.MI	3.58	3.62	3.51	3.54	4.36	3.36	1.0	1.0	-1.0	0	1.0	1.0	1.0	1.0	1.0	1.0	4.55									-1.0			3.62										0.0			2.99	-0.02	-0.02	1.98	-0.0	-0.0	0.68		1.98	0.0	0.0	36.07					1	-0.0	-0.0	0.27	-0.0	-0.0	0.08	0.27	0.0	0.0	26.97					-0.02	-0.02	-0.06	-0.0	-0.0	0.05	-0.06	0.0	0.0	36.07					-0.02	-0.02	2.28	-0.0	-0.0	0.64	2.28	0.0	0.0	36.07					-0.0	-0.0	-0.3200000000000003	-0.0	-0.0	-0.1506460236132775	-0.3200000000000003	-0.0	0.0	-inf				
2023-01-10 08:00:00	4200	4.5	4.25	4.37	4.5	4.19	ILP.MI	3.48	3.59	3.39	3.59	4.36	3.36	1.0	1.0	-1.0	0	1.0	1.0	1.0	1.0	1.0	1.0		4.25		4.25		4.25				1.0			4.25		3.39		3.39		3.39				0.0			2.99	0.06	0.06	2.04	0.01	0.01	0.71		2.04	0.0	0.0	44.04					1	0.0	0.0	0.27	0.0	0.0	0.08	0.27	0.0	0.0	34.95					0.06	0.06	0.0	0.01	0.01	0.06	0.0	0.0	0.0	44.04					0.06	0.06	2.34	0.01	0.01	0.66	2.34	0.0	0.0	44.04					0.0	0.0	-0.3200000000000003	0.0	0.0	-0.1506460236132775	-0.3200000000000003	0.0	0.0	-inf				
2023-01-11 08:00:00	1200	4.55	4.48	4.48	4.55	4.24	ILP.MI	3.54	3.6	3.54	3.6	4.36	3.36	1.0	1.0	-1.0	0	1.0	1.0	1.0	1.0	1.0	1.0										1.0			4.25	3.6									0.0			2.99	0.05	0.05	2.09	0.01	0.01	0.72		2.09	0.0	0.0	43.09					1	0.0	0.0	0.27	0.0	0.0	0.08	0.27	0.0	0.0	32.53					0.05	0.05	0.05	0.01	0.01	0.07	0.05	0.0	0.0	43.09					0.05	0.05	2.39	0.01	0.01	0.68	2.39	0.0	0.0	43.09					0.0	0.0	-0.3200000000000003	0.0	0.0	-0.1506460236132775	-0.3200000000000003	0.0	0.0	-inf				
2023-01-12 08:00:00	2400	4.55	4.52	4.52	4.54	4.23	ILP.MI	3.55	3.57	3.55	3.57	4.36	3.36	1.0	1.0	-1.0	0	1.0	1.0	1.0	1.0	1.0	1.0	4.55									1.0			4.25										0.0			2.99	-0.01	-0.01	2.08	-0.0	-0.0	0.72		2.08	0.0	0.0	40.24					1	-0.0	-0.0	0.27	-0.0	-0.0	0.08	0.27	0.0	0.0	32.15					-0.01	-0.01	0.04	-0.0	-0.0	0.07	0.04	0.0	0.0	40.24					-0.01	-0.01	2.38	-0.0	-0.0	0.67	2.38	0.0	0.0	40.24					-0.0	-0.0	-0.3200000000000003	-0.0	-0.0	-0.1506460236132775	-0.3200000000000003	-0.0	0.0	-inf				
2023-01-13 08:00:00	0	4.54	4.54	4.54	4.54	4.23	ILP.MI	3.56	3.56	3.56	3.56	4.36	3.36	1.0	1.0	-1.0	0	1.0	1.0	1.0	1.0	1.0	1.0										1.0			4.25										0.0			2.99	0.0	0.0	2.08	0.0	0.0	0.72		2.08	0.0	0.0	46.61					1	0.0	0.0	0.27	0.0	0.0	0.08	0.27	0.0	0.0	39.22					0.0	0.0	0.04	0.0	0.0	0.07	0.04	0.0	0.0	46.61					0.0	0.0	2.38	0.0	0.0	0.67	2.38	0.0	0.0	46.61					0.0	0.0	-0.3200000000000003	0.0	0.0	-0.1506460236132775	-0.3200000000000003	0.0	0.0	-inf				
2023-01-16 08:00:00	600	4.5	4.5	4.5	4.5	4.19	ILP.MI	3.51	3.51	3.51	3.51	4.36	3.36	1.0	1.0	-1.0	0	1.0	1.0	1.0	1.0	1.0	1.0		4.5								1.0			4.25		3.51								0.0			2.99	-0.04	-0.04	2.04	-0.01	-0.01	0.71		2.04	0.0	0.0	43.15					1	-0.0	-0.0	0.27	-0.0	-0.0	0.08	0.27	0.0	0.0	39.22					-0.04	-0.04	0.0	-0.01	-0.01	0.06	0.0	0.0	0.0	43.15					-0.04	-0.04	2.34	-0.01	-0.01	0.66	2.34	0.0	0.0	43.15					-0.0	-0.0	-0.3200000000000003	-0.0	-0.0	-0.1506460236132775	-0.3200000000000003	-0.0	0.0	-inf				
2023-01-17 08:00:00	10200	4.83	4.5	4.5	4.83	4.5	ILP.MI	3.5	3.76	3.5	3.76	4.36	3.36	1.0	1.0	-1.0	1	1.0	1.0	1.0	1.0	1.0	1.0	4.83		4.83							1.0			4.25	3.76		3.76							0.0			2.99	0.33	0.33	2.37	0.07	0.07	0.83		2.37	0.0	0.0	50.96					1	0.0	0.0	0.27	0.0	0.0	0.08	0.27	0.0	0.0	44.84					0.33	0.33	0.33	0.07	0.07	0.14	0.33	0.0	0.0	50.96					0.33	0.33	2.67	0.07	0.07	0.78	2.67	0.0	0.0	50.96					0.0	0.0	-0.3200000000000003	0.0	0.0	-0.1506460236132775	-0.3200000000000003	0.0	0.0	-inf				
2023-01-18 08:00:00	17400	4.81	4.65	4.66	4.67	4.35	ILP.MI	3.62	3.73	3.61	3.62	4.36	3.36	1.0	1.0	-1.0	1	1.0	1.0	1.0	1.0	1.0	1.0										1.0			4.25										0.0			2.99	-0.16	-0.16	2.21	-0.03	-0.03	0.77		2.21	0.0	0.0	44.62					1	-0.16	-0.16	0.11	-0.03	-0.03	0.04	0.11	0.0	0.0	37.44					-0.16	-0.16	0.17	-0.03	-0.03	0.1	0.17	0.0	0.0	44.62					-0.16	-0.16	2.51	-0.03	-0.03	0.72	2.51	0.0	0.0	44.62					-0.0	-0.0	-0.3200000000000003	-0.0	-0.0	-0.1506460236132775	-0.3200000000000003	-0.0	0.0	-inf				
2023-01-19 08:00:00	4200	4.59	4.51	4.59	4.51	4.2	ILP.MI	3.62	3.62	3.56	3.56	4.36	3.36	1.0	1.0	-1.0	1	1.0	1.0	1.0	1.0	1.0	1.0										1.0			4.25										0.0			2.99	-0.16	-0.16	2.05	-0.03	-0.03	0.71		2.05	0.0	0.0	38.71					1	-0.16	-0.16	-0.05	-0.03	-0.03	0.01	-0.05	0.0	0.0	30.61					-0.16	-0.16	0.01	-0.03	-0.03	0.06	0.01	0.0	0.0	38.71					-0.16	-0.16	2.35	-0.03	-0.03	0.66	2.35	0.0	0.0	38.71					-0.0	-0.0	-0.3200000000000003	-0.0	-0.0	-0.1506460236132775	-0.3200000000000003	-0.0	0.0	-inf				
2023-01-20 08:00:00	3000	4.5	4.46	4.47	4.5	4.19	ILP.MI	3.51	3.53	3.5	3.53	4.36	3.36	1.0	1.0	-1.0	1	1.0	1.0	1.0	1.0	1.0	1.0		4.46		4.46						1.0			4.25		3.5		3.5						0.0			2.99	-0.01	-0.01	2.04	-0.0	-0.0	0.71		2.04	0.0	0.0	32.3					1	-0.01	-0.01	-0.06	-0.0	-0.0	0.0	-0.06	0.0	0.0	19.72					-0.01	-0.01	0.0	-0.0	-0.0	0.06	0.0	0.0	0.0	32.3					-0.01	-0.01	2.34	-0.0	-0.0	0.66	2.34	0.0	0.0	32.3					-0.0	-0.0	-0.3200000000000003	-0.0	-0.0	-0.1506460236132775	-0.3200000000000003	-0.0	0.0	-inf				
2023-01-23 08:00:00	3600	4.68	4.5	4.5	4.68	4.36	ILP.MI	3.52	3.66	3.52	3.66	4.36	3.36	1.0	1.0	-1.0	1	1.0	1.0	1.0	1.0	1.0	1.0	4.68									1.0			4.25	3.66									0.0			2.99	0.18	0.18	2.22	0.04	0.04	0.77		2.22	0.0	0.0	39.75					1	0.18	0.18	0.12	0.04	0.04	0.04	0.12	0.0	0.0	30.08					0.18	0.18	0.18	0.04	0.04	0.1	0.18	0.0	0.0	39.75					0.18	0.18	2.52	0.04	0.04	0.73	2.52	0.0	0.0	39.75					0.0	0.0	-0.3200000000000003	0.0	0.0	-0.1506460236132775	-0.3200000000000003	0.0	0.0	-inf				
2023-01-24 08:00:00	2400	4.64	4.56	4.56	4.64	4.32	ILP.MI	3.56	3.62	3.56	3.62	4.36	3.36	1.0	1.0	-1.0	1	1.0	1.0	1.0	1.0	1.0	1.0		4.56								1.0			4.25		3.56								0.0			2.99	-0.04	-0.04	2.18	-0.01	-0.01	0.76		2.18	0.0	0.0	36.48					1	-0.04	-0.04	0.08	-0.01	-0.01	0.04	0.08	0.0	0.0	26.16					-0.04	-0.04	0.14	-0.01	-0.01	0.09	0.14	0.0	0.0	36.48					-0.04	-0.04	2.48	-0.01	-0.01	0.71	2.48	0.0	0.0	36.48					-0.0	-0.0	-0.3200000000000003	-0.0	-0.0	-0.1506460236132775	-0.3200000000000003	-0.0	0.0	-inf				
2023-01-25 08:00:00	0	4.64	4.64	4.64	4.64	4.32	ILP.MI	3.62	3.62	3.62	3.62	4.36	3.36	1.0	1.0	-1.0	1	1.0	1.0	1.0	1.0	1.0	1.0	4.64									1.0			4.25	3.62									0.0			2.99	0.0	0.0	2.18	0.0	0.0	0.76		2.18	0.0	0.0	40.17					1	0.0	0.0	0.08	0.0	0.0	0.04	0.08	0.0	0.0	30.56					0.0	0.0	0.14	0.0	0.0	0.09	0.14	0.0	0.0	40.17					0.0	0.0	2.48	0.0	0.0	0.71	2.48	0.0	0.0	40.17					0.0	0.0	-0.3200000000000003	0.0	0.0	-0.1506460236132775	-0.3200000000000003	0.0	0.0	-inf				
2023-01-26 08:00:00	1200	4.59	4.5	4.5	4.59	4.27	ILP.MI	3.47	3.54	3.47	3.54	4.36	3.36	1.0	1.0	-1.0	1	1.0	1.0	1.0	1.0	1.0	1.0		4.5								1.0			4.25		3.47								0.0			2.99	-0.05	-0.05	2.13	-0.01	-0.01	0.74		2.13	0.0	0.0	41.21					1	-0.05	-0.05	0.03	-0.01	-0.01	0.02	0.03	0.0	0.0	31.72					-0.05	-0.05	0.09	-0.01	-0.01	0.08	0.09	0.0	0.0	41.21					-0.05	-0.05	2.43	-0.01	-0.01	0.69	2.43	0.0	0.0	41.21					-0.0	-0.0	-0.3200000000000003	-0.0	-0.0	-0.1506460236132775	-0.3200000000000003	-0.0	0.0	-inf				
2023-01-27 08:00:00	3000	4.68	4.54	4.62	4.65	4.33	ILP.MI	3.53	3.58	3.47	3.56	4.36	3.36	1.0	1.0	-1.0	1	1.0	1.0	1.0	1.0	1.0	1.0										1.0			4.25										0.0			2.99	0.06	0.06	2.19	0.01	0.01	0.76		2.19	0.0	0.0	40.76					1	0.06	0.06	0.09	0.01	0.01	0.04	0.09	0.0	0.0	30.81					0.06	0.06	0.15	0.01	0.01	0.1	0.15	0.0	0.0	40.76					0.06	0.06	2.49	0.01	0.01	0.71	2.49	0.0	0.0	40.76					0.0	0.0	-0.3200000000000003	0.0	0.0	-0.1506460236132775	-0.3200000000000003	0.0	0.0	-inf				
2023-01-30 08:00:00	1800	4.69	4.65	4.69	4.65	4.33	ILP.MI	3.6	3.6	3.57	3.57	4.36	3.36	1.0	1.0	-1.0	1	1.0	1.0	1.0	1.0	1.0	1.0										1.0			4.25										0.0			2.99	0.0	0.0	2.19	0.0	0.0	0.76		2.19	0.0	0.0	40.76					1	0.0	0.0	0.09	0.0	0.0	0.04	0.09	0.0	0.0	30.81					0.0	0.0	0.15	0.0	0.0	0.1	0.15	0.0	0.0	40.76					0.0	0.0	2.49	0.0	0.0	0.71	2.49	0.0	0.0	40.76					0.0	0.0	-0.3200000000000003	0.0	0.0	-0.1506460236132775	-0.3200000000000003	0.0	0.0	-inf				
2023-01-31 08:00:00	61200	4.85	4.45	4.59	4.85	4.51	ILP.MI	3.49	3.69	3.38	3.69	4.36	3.36	1.0	-1.0	-1.0	1	1.0	1.0	1.0	1.0	1.0	1.0										1.0			4.25										0.0			2.99	0.2	0.2	2.39	0.04	0.04	0.84		2.39	0.0	0.0	41.21					1	0.2	0.2	0.29	0.04	0.04	0.08	0.29	0.0	0.0	31.71					0.2	0.2	0.35	0.04	0.04	0.14	0.35	0.0	0.0	41.21					0.2	0.2	2.69	0.04	0.04	0.79	2.69	0.0	0.0	41.21					0.0	0.0	-0.3200000000000003	0.0	0.0	-0.1506460236132775	-0.3200000000000003	0.0	0.0	-inf				
2023-02-01 08:00:00	18600	4.85	4.65	4.83	4.79	4.46	ILP.MI	3.66	3.67	3.52	3.63	4.36	3.36	1.0	-1.0	-1.0	1	1.0	1.0	1.0	1.0	1.0	1.0	4.85									1.0			4.25	3.67									0.0			2.99	-0.06	-0.06	2.33	-0.01	-0.01	0.82		2.33	0.0	0.0	42.86					1	-0.06	-0.06	0.23	-0.01	-0.01	0.07	0.23	0.0	0.0	33.56					-0.06	-0.06	0.29	-0.01	-0.01	0.13	0.29	0.0	0.0	42.86					-0.06	-0.06	2.63	-0.01	-0.01	0.77	2.63	0.0	0.0	42.86					-0.0	-0.0	-0.3200000000000003	-0.0	-0.0	-0.1506460236132775	-0.3200000000000003	-0.0	0.0	-inf				
2023-02-02 08:00:00	8400	4.75	4.64	4.7	4.72	4.39	ILP.MI	3.51	3.54	3.46	3.52	4.36	3.36	1.0	-1.0	-1.0	1	1.0	1.0	1.0	1.0	1.0	1.0		4.64								1.0			4.25		3.46								0.0			2.99	-0.07	-0.07	2.26	-0.01	-0.01	0.79		2.26	0.0	0.0	42.34					1	-0.07	-0.07	0.16	-0.01	-0.01	0.05	0.16	0.0	0.0	32.98					-0.07	-0.07	0.22	-0.01	-0.01	0.11	0.22	0.0	0.0	42.34					-0.07	-0.07	2.56	-0.01	-0.01	0.74	2.56	0.0	0.0	42.34					-0.0	-0.0	-0.3200000000000003	-0.0	-0.0	-0.1506460236132775	-0.3200000000000003	-0.0	0.0	-inf				
2023-02-03 08:00:00	198000	4.8	4.7	4.75	4.75	4.42	ILP.MI	3.56	3.6	3.52	3.56	4.36	3.36	1.0	-1.0	-1.0	1	1.0	1.0	1.0	1.0	1.0	1.0										1.0			4.25										0.0			2.99	0.03	0.03	2.29	0.01	0.01	0.8		2.29	0.0	0.0	41.37					1	0.03	0.03	0.19	0.01	0.01	0.06	0.19	0.0	0.0	31.0					0.03	0.03	0.25	0.01	0.01	0.12	0.25	0.0	0.0	41.37					0.03	0.03	2.59	0.01	0.01	0.75	2.59	0.0	0.0	41.37					0.0	0.0	-0.3200000000000003	0.0	0.0	-0.1506460236132775	-0.3200000000000003	0.0	0.0	-inf				
2023-02-06 08:00:00	157200	4.98	4.61	4.82	4.93	4.59	ILP.MI	3.61	3.72	3.45	3.69	4.36	3.36	1.0	-1.0	-1.0	1	1.0	1.0	1.0	1.0	1.0	1.0										1.0			4.25										0.0			2.99	0.18	0.18	2.47	0.04	0.04	0.87		2.47	0.0	0.0	48.1					1	0.18	0.18	0.37	0.04	0.04	0.1	0.37	0.0	0.0	40.3					0.18	0.18	0.43	0.04	0.04	0.16	0.43	0.0	0.0	48.1					0.18	0.18	2.77	0.04	0.04	0.82	2.77	0.0	0.0	48.1					0.0	0.0	-0.3200000000000003	0.0	0.0	-0.1506460236132775	-0.3200000000000003	0.0	0.0	-inf				
2023-02-07 08:00:00	184200	5.26	4.94	5.02	5.24	4.88	ILP.MI	3.74	3.92	3.68	3.91	4.36	3.36	1.0	-1.0	1.0	1	1.0	1.0	1.0	1.0	1.0	1.0	5.26		5.26		5.26					1.0			4.25	3.92		3.92		3.92					0.0			3.92	0.31	0.31	2.78	0.06	0.06	0.99		2.78	0.0	0.0	53.52					1	0.31	0.31	0.68	0.06	0.06	0.17	0.68	0.0	0.0	48.5					0.31	0.31	0.74	0.06	0.06	0.23	0.74	0.0	0.0	53.52					0.31	0.31	3.08	0.06	0.06	0.93	3.08	0.0	0.0	53.52					0.0	0.0	-0.3200000000000003	0.0	0.0	-0.1506460236132775	-0.3200000000000003	0.0	0.0	-inf				
2023-02-08 08:00:00	15600	5.18	5.06	5.12	5.06	4.71	ILP.MI	3.81	3.85	3.77	3.77	4.36	3.36	1.0	-1.0	1.0	1	1.0	1.0	1.0	1.0	1.0	1.0										1.0			4.25										0.0			3.92	-0.18	-0.18	2.6	-0.03	-0.03	0.92		2.6	0.0	0.0	47.01					1	-0.18	-0.18	0.5	-0.03	-0.03	0.13	0.5	0.0	0.0	41.02					-0.18	-0.18	0.56	-0.03	-0.03	0.19	0.56	0.0	0.0	47.01					-0.18	-0.18	2.9	-0.03	-0.03	0.87	2.9	0.0	0.0	47.01					-0.0	-0.0	-0.3200000000000003	-0.0	-0.0	-0.1506460236132775	-0.3200000000000003	-0.0	0.0	-inf				
2023-02-09 08:00:00	6000	5.06	4.95	5.0	4.95	4.61	ILP.MI	3.67	3.72	3.64	3.64	4.36	3.36	1.0	-1.0	1.0	1	1.0	1.0	1.0	1.0	1.0	1.0										1.0			4.25										0.0			3.92	-0.11	-0.11	2.49	-0.02	-0.02	0.88		2.49	0.0	0.0	42.32					1	-0.11	-0.11	0.39	-0.02	-0.02	0.11	0.39	0.0	0.0	35.58					-0.11	-0.11	0.45	-0.02	-0.02	0.17	0.45	0.0	0.0	42.32					-0.11	-0.11	2.79	-0.02	-0.02	0.82	2.79	0.0	0.0	42.32					-0.0	-0.0	-0.3200000000000003	-0.0	-0.0	-0.1506460236132775	-0.3200000000000003	-0.0	0.0	-inf				
2023-02-10 08:00:00	5400	5.0	4.9	4.98	4.96	4.62	ILP.MI	3.69	3.71	3.63	3.68	4.36	3.36	1.0	-1.0	1.0	1	1.0	1.0	1.0	1.0	1.0	1.0										1.0			4.25										0.0			3.92	0.01	0.01	2.5	0.0	0.0	0.88		2.5	0.0	0.0	42.4					1	0.01	0.01	0.4	0.0	0.0	0.11	0.4	0.0	0.0	35.73					0.01	0.01	0.46	0.0	0.0	0.17	0.46	0.0	0.0	42.4					0.01	0.01	2.8	0.0	0.0	0.83	2.8	0.0	0.0	42.4					0.0	0.0	-0.3200000000000003	0.0	0.0	-0.1506460236132775	-0.3200000000000003	0.0	0.0	-inf				
2023-02-13 08:00:00	2062800	4.95	4.8	4.85	4.86	4.52	ILP.MI	3.57	3.65	3.54	3.58	4.36	3.36	1.0	-1.0	1.0	1	1.0	1.0	1.0	1.0	1.0	1.0										1.0			4.25										0.0			3.92	-0.1	-0.1	2.4	-0.02	-0.02	0.84		2.4	0.0	0.0	45.84					1	-0.1	-0.1	0.3	-0.02	-0.02	0.09	0.3	0.0	0.0	39.59					-0.1	-0.1	0.36	-0.02	-0.02	0.15	0.36	0.0	0.0	45.84					-0.1	-0.1	2.7	-0.02	-0.02	0.79	2.7	0.0	0.0	45.84					-0.0	-0.0	-0.3200000000000003	-0.0	-0.0	-0.1506460236132775	-0.3200000000000003	-0.0	0.0	-inf				
2023-02-14 08:00:00	11400	4.9	4.73	4.81	4.76	4.43	ILP.MI	3.54	3.6	3.48	3.5	4.36	3.36	1.0	-1.0	1.0	1	1.0	1.0	1.0	1.0	1.0	1.0										1.0			4.25										0.0			3.92	-0.1	-0.1	2.3	-0.02	-0.02	0.8		2.3	0.0	0.0	45.63					1	-0.1	-0.1	0.2	-0.02	-0.02	0.06	0.2	0.0	0.0	34.25					-0.1	-0.1	0.26	-0.02	-0.02	0.12	0.26	0.0	0.0	45.63					-0.1	-0.1	2.6	-0.02	-0.02	0.75	2.6	0.0	0.0	45.63					-0.0	-0.0	-0.3200000000000003	-0.0	-0.0	-0.1506460236132775	-0.3200000000000003	-0.0	0.0	-inf				
2023-02-15 08:00:00	4200	4.83	4.75	4.75	4.83	4.5	ILP.MI	3.49	3.55	3.49	3.55	4.36	3.36	1.0	-1.0	1.0	1	1.0	1.0	1.0	1.0	1.0	1.0										1.0			4.25										0.0			3.92	0.07	0.07	2.37	0.01	0.01	0.83		2.37	0.0	0.0	44.85					1	0.07	0.07	0.27	0.01	0.01	0.08	0.27	0.0	0.0	42.42					0.07	0.07	0.33	0.01	0.01	0.14	0.33	0.0	0.0	44.85					0.07	0.07	2.67	0.01	0.01	0.78	2.67	0.0	0.0	44.85					0.0	0.0	-0.3200000000000003	0.0	0.0	-0.1506460236132775	-0.3200000000000003	0.0	0.0	-inf				
2023-02-16 08:00:00	10800	4.78	4.6	4.78	4.7	4.38	ILP.MI	3.47	3.47	3.34	3.41	4.36	3.34	-1.0	-1.0	-1.0	1	-1.0	1.0	-1.0	1.0	1.0	1.0										1.0			4.25										0.0			3.92	-0.13	-0.13	2.24	-0.03	-0.03	0.78		2.24	0.0	0.0	44.78					1	-0.13	-0.13	0.14	-0.03	-0.03	0.05	0.14	0.0	0.0	34.25					-0.13	-0.13	0.2	-0.03	-0.03	0.11	0.2	0.0	0.0	44.78					-0.13	-0.13	2.54	-0.03	-0.03	0.73	2.54	0.0	0.0	44.78					-0.0	-0.0	-0.3200000000000003	-0.0	-0.0	-0.1506460236132775	-0.3200000000000003	-0.0	0.0	-inf				
2023-02-17 08:00:00	16200	4.68	4.56	4.65	4.61	4.29	ILP.MI	3.39	3.41	3.32	3.36	4.36	3.32	-1.0	-1.0	-1.0	1	-1.0	1.0	-1.0	1.0	1.0	1.0										1.0			4.25										0.0			3.92	0.09	0.09	2.33	0.02	0.02	0.82		2.33	0.0	0.0	45.53					1	-0.09	-0.09	0.05	-0.02	-0.02	0.03	0.05	0.0	0.0	29.2					0.09	0.09	0.29	0.02	0.02	0.13	0.29	0.0	0.0	45.53					-0.09	-0.09	2.45	-0.02	-0.02	0.7	2.45	0.0	0.0	40.33					-0.0	-0.0	-0.3200000000000003	-0.0	-0.0	-0.1506460236132775	-0.3200000000000003	-0.0	0.0	-inf				
2023-02-20 08:00:00	3000	4.61	4.54	4.61	4.54	4.23	ILP.MI	3.38	3.38	3.33	3.33	4.36	3.32	-1.0	-1.0	-1.0	1	-1.0	1.0	-1.0	-1.0	1.0	-1.0		4.54								1.0			4.25		3.33								0.0			3.92	0.07	0.07	2.4	0.02	0.02	0.84		2.4	0.0	0.0	53.8					1	-0.07	-0.07	-0.02	-0.02	-0.02	0.01	-0.02	0.0	0.0	21.01					0.07	0.07	0.36	0.02	0.02	0.15	0.36	0.0	0.0	53.8					-0.07	-0.07	2.38	-0.02	-0.02	0.67	2.38	0.0	0.0	43.49					-0.0	-0.0	-0.3200000000000003	-0.0	-0.0	-0.1506460236132775	-0.3200000000000003	-0.0	0.0	-inf				
2023-02-21 08:00:00	5400	4.59	4.55	4.59	4.59	4.27	ILP.MI	3.38	3.38	3.36	3.38	4.36	3.32	-1.0	-1.0	-1.0	1	-1.0	1.0	-1.0	-1.0	1.0	-1.0	4.59									1.0			4.25										0.0			3.92	-0.05	-0.05	2.35	-0.01	-0.01	0.82		2.35	0.0	0.0	49.49					1	0.05	0.05	0.03	0.01	0.01	0.02	0.03	0.0	0.0	26.35					-0.05	-0.05	0.31	-0.01	-0.01	0.13	0.31	0.0	0.0	49.49					-0.05	-0.05	2.33	-0.01	-0.01	0.66	2.33	0.0	0.0	39.31					0.0	0.0	-0.3200000000000003	0.0	0.0	-0.1506460236132775	-0.3200000000000003	0.0	0.0	-inf				
2023-02-22 08:00:00	33000	4.59	4.46	4.57	4.52	4.21	ILP.MI	3.41	3.42	3.33	3.37	4.36	3.32	-1.0	-1.0	-1.0	1	-1.0	1.0	-1.0	-1.0	1.0	-1.0		4.46		4.46						1.0			4.25										0.0			3.92	0.07	0.07	2.42	0.02	0.02	0.85		2.42	0.0	0.0	48.92					1	-0.07	-0.07	-0.04	-0.02	-0.02	0.01	-0.04	0.0	0.0	28.04					0.07	0.07	0.38	0.02	0.02	0.15	0.38	0.0	0.0	48.92					0.07	0.07	2.4	0.02	0.02	0.68	2.4	0.0	0.0	38.67					-0.0	-0.0	-0.3200000000000003	-0.0	-0.0	-0.1506460236132775	-0.3200000000000003	-0.0	0.0	-inf				
2023-02-23 08:00:00	4800	4.58	4.53	4.58	4.55	4.24	ILP.MI	3.39	3.39	3.36	3.37	4.36	3.32	-1.0	-1.0	-1.0	1	-1.0	1.0	-1.0	-1.0	1.0	-1.0	4.58									1.0			4.25										0.0			3.92	-0.03	-0.03	2.39	-0.01	-0.01	0.84		2.39	0.0	0.0	51.92					1	0.03	0.03	-0.01	0.01	0.01	0.02	-0.01	0.0	0.0	25.95					-0.03	-0.03	0.35	-0.01	-0.01	0.14	0.35	0.0	0.0	51.92					-0.03	-0.03	2.37	-0.01	-0.01	0.67	2.37	0.0	0.0	41.31					0.0	0.0	-0.3200000000000003	0.0	0.0	-0.1506460236132775	-0.3200000000000003	0.0	0.0	-inf				
2023-02-24 08:00:00	4200	4.55	4.48	4.54	4.55	4.24	ILP.MI	3.4	3.41	3.36	3.41	4.36	3.32	-1.0	-1.0	-1.0	1	-1.0	1.0	-1.0	-1.0	1.0	-1.0										1.0			4.25	3.41									0.0			3.92	-0.0	-0.0	2.39	-0.0	-0.0	0.84		2.39	0.0	0.0	51.92					1	0.0	0.0	-0.01	0.0	0.0	0.02	-0.01	0.0	0.0	25.95					-0.0	-0.0	0.35	-0.0	-0.0	0.14	0.35	0.0	0.0	51.92					-0.0	-0.0	2.37	-0.0	-0.0	0.67	2.37	0.0	0.0	41.31					0.0	0.0	-0.3200000000000003	0.0	0.0	-0.1506460236132775	-0.3200000000000003	0.0	0.0	-inf				
2023-02-27 08:00:00	7200	4.53	4.5	4.53	4.51	4.2	ILP.MI	3.34	3.34	3.31	3.32	4.36	3.31	-1.0	-1.0	-1.0	1	-1.0	1.0	-1.0	-1.0	1.0	-1.0		4.5								1.0			4.25		3.31								0.0			3.92	0.04	0.04	2.43	0.01	0.01	0.86		2.43	0.0	0.0	51.07					1	-0.04	-0.04	-0.05	-0.01	-0.01	0.01	-0.05	0.0	0.0	28.52					0.04	0.04	0.39	0.01	0.01	0.15	0.39	0.0	0.0	51.07					0.04	0.04	2.41	0.01	0.01	0.68	2.41	0.0	0.0	40.34					-0.0	-0.0	-0.3200000000000003	-0.0	-0.0	-0.1506460236132775	-0.3200000000000003	-0.0	0.0	-inf				
2023-02-28 08:00:00	600	4.54	4.54	4.54	4.54	4.23	ILP.MI	3.34	3.34	3.34	3.34	4.36	3.31	-1.0	-1.0	-1.0	1	-1.0	1.0	-1.0	-1.0	1.0	-1.0										1.0			4.25										0.0			3.92	-0.03	-0.03	2.4	-0.01	-0.01	0.84		2.4	0.0	0.0	46.82					1	0.03	0.03	-0.02	0.01	0.01	0.01	-0.02	0.0	0.0	34.85					-0.03	-0.03	0.36	-0.01	-0.01	0.15	0.36	0.0	0.0	46.82					-0.03	-0.03	2.38	-0.01	-0.01	0.67	2.38	0.0	0.0	36.1					0.0	0.0	-0.3200000000000003	0.0	0.0	-0.1506460236132775	-0.3200000000000003	0.0	0.0	-inf				
2023-03-01 08:00:00	15600	4.68	4.54	4.54	4.58	4.26	ILP.MI	3.36	3.46	3.36	3.39	4.36	3.31	-1.0	-1.0	-1.0	1	-1.0	1.0	-1.0	-1.0	1.0	-1.0	4.68		4.68							1.0			4.25	3.46									0.0			3.92	-0.04	-0.04	2.36	-0.01	-0.01	0.83		2.36	0.0	0.0	43.23					1	0.04	0.04	0.02	0.01	0.01	0.02	0.02	0.0	0.0	35.61					-0.04	-0.04	0.32	-0.01	-0.01	0.14	0.32	0.0	0.0	43.23					-0.04	-0.04	2.34	-0.01	-0.01	0.66	2.34	0.0	0.0	32.68					0.0	0.0	-0.3200000000000003	0.0	0.0	-0.1506460236132775	-0.3200000000000003	0.0	0.0	-inf				
2023-03-02 08:00:00	7800	4.53	4.5	4.53	4.5	4.19	ILP.MI	3.34	3.34	3.32	3.32	4.36	3.31	-1.0	-1.0	-1.0	1	-1.0	1.0	-1.0	-1.0	1.0	-1.0										1.0			4.25										0.0			3.92	0.08	0.08	2.44	0.02	0.02	0.86		2.44	0.0	0.0	44.0					1	-0.08	-0.08	-0.06	-0.02	-0.02	0.0	-0.06	0.0	0.0	30.37					0.08	0.08	0.4	0.02	0.02	0.16	0.4	0.0	0.0	44.0					0.08	0.08	2.42	0.02	0.02	0.69	2.42	0.0	0.0	33.55					-0.0	-0.0	-0.3200000000000003	-0.0	-0.0	-0.1506460236132775	-0.3200000000000003	-0.0	0.0	-inf				
2023-03-03 08:00:00	1200	4.51	4.5	4.5	4.51	4.2	ILP.MI	3.27	3.28	3.27	3.28	4.36	3.27	-1.0	-1.0	-1.0	1	-1.0	1.0	-1.0	-1.0	1.0	-1.0										1.0			4.25										0.0			3.92	-0.01	-0.01	2.43	-0.0	-0.0	0.86		2.43	0.0	0.0	40.68					1	0.01	0.01	-0.05	0.0	0.0	0.01	-0.05	0.0	0.0	35.2					-0.01	-0.01	0.39	-0.0	-0.0	0.15	0.39	0.0	0.0	40.68					-0.01	-0.01	2.41	-0.0	-0.0	0.68	2.41	0.0	0.0	30.22					0.0	0.0	-0.3200000000000003	0.0	0.0	-0.1506460236132775	-0.3200000000000003	0.0	0.0	-inf				
2023-03-06 08:00:00	1200	4.51	4.51	4.51	4.51	4.2	ILP.MI	3.26	3.26	3.26	3.26	4.36	3.26	-1.0	-1.0	-1.0	1	-1.0	1.0	-1.0	-1.0	1.0	-1.0										1.0			4.25										0.0			3.92	-0.0	-0.0	2.43	-0.0	-0.0	0.86		2.43	0.0	0.0	40.68					1	0.0	0.0	-0.05	0.0	0.0	0.01	-0.05	0.0	0.0	35.2					-0.0	-0.0	0.39	-0.0	-0.0	0.15	0.39	0.0	0.0	40.68					-0.0	-0.0	2.41	-0.0	-0.0	0.68	2.41	0.0	0.0	30.22					0.0	0.0	-0.3200000000000003	0.0	0.0	-0.1506460236132775	-0.3200000000000003	0.0	0.0	-inf				
2023-03-07 08:00:00	7200	4.52	4.47	4.52	4.47	4.16	ILP.MI	3.29	3.29	3.25	3.25	4.36	3.25	-1.0	-1.0	-1.0	1	-1.0	1.0	-1.0	-1.0	1.0	-1.0										1.0			4.25										0.0			3.92	0.04	0.04	2.47	0.01	0.01	0.87		2.47	0.0	0.0	41.09					1	-0.04	-0.04	-0.09	-0.01	-0.01	-0.0	-0.09	0.0	0.0	31.1					0.04	0.04	0.43	0.01	0.01	0.16	0.43	0.0	0.0	41.09					0.04	0.04	2.45	0.01	0.01	0.7	2.45	0.0	0.0	30.67					-0.0	-0.0	-0.3200000000000003	-0.0	-0.0	-0.1506460236132775	-0.3200000000000003	-0.0	0.0	-inf				
2023-03-08 08:00:00	13800	4.47	4.42	4.47	4.42	4.11	ILP.MI	3.24	3.24	3.2	3.2	4.36	3.2	-1.0	-1.0	-1.0	0	-1.0	1.0	-1.0	-1.0	1.0	-1.0										1.0			4.25		3.2		3.2						0.0			3.92	0.05	0.05	2.52	0.01	0.01	0.89		2.52	0.0	0.0	41.58					1	-0.05	-0.05	-0.14	-0.01	-0.01	-0.01	-0.14	0.0	0.0	26.77					0.05	0.05	0.48	0.01	0.01	0.18	0.48	0.0	0.0	41.58					0.05	0.05	2.5	0.01	0.01	0.72	2.5	0.0	0.0	31.23					-0.0	-0.0	-0.3200000000000003	-0.0	-0.0	-0.1506460236132775	-0.3200000000000003	-0.0	0.0	-inf				
2023-03-09 08:00:00	1200	4.41	4.41	4.41	4.41	4.11	ILP.MI	3.22	3.22	3.22	3.22	4.36	3.2	-1.0	-1.0	-1.0	0	-1.0	1.0	-1.0	-1.0	1.0	-1.0		4.41								1.0			4.25										0.0			3.92	0.01	0.01	2.53	0.0	0.0	0.9		2.53	0.0	0.0	41.68					1	-0.0	-0.0	-0.14	-0.0	-0.0	-0.01	-0.14	0.0	0.0	26.77					0.01	0.01	0.49	0.0	0.0	0.18	0.49	0.0	0.0	41.68					0.01	0.01	2.51	0.0	0.0	0.72	2.51	0.0	0.0	31.34					-0.0	-0.0	-0.3200000000000003	-0.0	-0.0	-0.1506460236132775	-0.3200000000000003	-0.0	0.0	-inf				
2023-03-10 08:00:00	1800	4.44	4.41	4.44	4.41	4.11	ILP.MI	3.29	3.29	3.27	3.27	4.36	3.2	-1.0	-1.0	-1.0	0	-1.0	1.0	-1.0	-1.0	1.0	-1.0										1.0			4.25										0.0			3.92	-0.0	-0.0	2.53	-0.0	-0.0	0.9		2.53	0.0	0.0	40.88					1	0.0	0.0	-0.14	0.0	0.0	-0.01	-0.14	0.0	0.0	31.98					-0.0	-0.0	0.49	-0.0	-0.0	0.18	0.49	0.0	0.0	40.88					-0.0	-0.0	2.51	-0.0	-0.0	0.72	2.51	0.0	0.0	30.44					0.0	0.0	-0.3200000000000003	0.0	0.0	-0.1506460236132775	-0.3200000000000003	0.0	0.0	-inf				
2023-03-13 08:00:00	22200	4.49	4.36	4.46	4.49	4.18	ILP.MI	3.44	3.47	3.37	3.47	4.36	3.2	-1.0	-1.0	-1.0	0	-1.0	1.0	-1.0	-1.0	1.0	-1.0										1.0			4.25	3.47									0.0			3.92	-0.08	-0.08	2.45	-0.02	-0.02	0.86		2.45	0.0	0.0	40.28					1	0.0	0.0	-0.14	0.0	0.0	-0.01	-0.14	0.0	0.0	31.98					-0.08	-0.08	0.41	-0.02	-0.02	0.16	0.41	0.0	0.0	40.28					-0.08	-0.08	2.43	-0.02	-0.02	0.69	2.43	0.0	0.0	29.91					0.0	0.0	-0.3200000000000003	0.0	0.0	-0.1506460236132775	-0.3200000000000003	0.0	0.0	-inf				
2023-03-14 08:00:00	0	4.49	4.49	4.49	4.49	4.18	ILP.MI	3.39	3.39	3.39	3.39	4.36	3.2	-1.0	-1.0	-1.0	0	-1.0	1.0	-1.0	-1.0	1.0	-1.0	4.49									1.0			4.25		3.39								0.0			3.92	-0.0	-0.0	2.45	-0.0	-0.0	0.86		2.45	0.0	0.0	38.48					1	0.0	0.0	-0.14	0.0	0.0	-0.01	-0.14	0.0	0.0	31.98					-0.0	-0.0	0.41	-0.0	-0.0	0.16	0.41	0.0	0.0	38.48					-0.0	-0.0	2.43	-0.0	-0.0	0.69	2.43	0.0	0.0	27.88					0.0	0.0	-0.3200000000000003	0.0	0.0	-0.1506460236132775	-0.3200000000000003	0.0	0.0	-inf				
2023-03-15 08:00:00	600	4.41	4.41	4.41	4.41	4.11	ILP.MI	3.49	3.49	3.49	3.49	4.36	3.2	-1.0	-1.0	1.0	0	-1.0	1.0	-1.0	-1.0	1.0	-1.0										1.0			4.25	3.49		3.49							0.0			3.92	0.08	0.08	2.53	0.02	0.02	0.9		2.53	0.0	0.0	35.66					1	-0.0	-0.0	-0.14	-0.0	-0.0	-0.01	-0.14	0.0	0.0	31.98					0.08	0.08	0.49	0.02	0.02	0.18	0.49	0.0	0.0	35.66					0.08	0.08	2.51	0.02	0.02	0.72	2.51	0.0	0.0	24.67					-0.0	-0.0	-0.3200000000000003	-0.0	-0.0	-0.1506460236132775	-0.3200000000000003	-0.0	0.0	-inf				
2023-03-16 08:00:00	5400	4.41	4.38	4.41	4.38	4.08	ILP.MI	3.44	3.44	3.42	3.42	4.36	3.2	-1.0	-1.0	1.0	0	-1.0	-1.0	1.0	-1.0	1.0	-1.0										1.0			4.25		3.42								0.0			3.92	0.03	0.03	2.56	0.01	0.01	0.91		2.56	0.0	0.0	40.9					1	-0.0	-0.0	-0.14	-0.0	-0.0	-0.01	-0.14	0.0	0.0	37.47					0.03	0.03	0.52	0.01	0.01	0.19	0.52	0.0	0.0	40.9					0.03	0.03	2.54	0.01	0.01	0.73	2.54	0.0	0.0	29.67					-0.0	-0.0	-0.3200000000000003	-0.0	-0.0	-0.1506460236132775	-0.3200000000000003	-0.0	0.0	-inf				
2023-03-17 08:00:00	600	4.38	4.38	4.38	4.38	4.08	ILP.MI	3.47	3.47	3.47	3.47	4.36	3.2	-1.0	-1.0	1.0	0	-1.0	-1.0	1.0	-1.0	1.0	-1.0										1.0			4.25	3.47									0.0			3.92	-0.0	-0.0	2.56	-0.0	-0.0	0.91		2.56	0.0	0.0	48.4					1	0.0	0.0	-0.14	0.0	0.0	-0.01	-0.14	0.0	0.0	45.86					0.0	0.0	0.52	0.0	0.0	0.19	0.52	0.0	0.0	48.4					-0.0	-0.0	2.54	-0.0	-0.0	0.73	2.54	0.0	0.0	36.53					0.0	0.0	-0.3200000000000003	0.0	0.0	-0.1506460236132775	-0.3200000000000003	0.0	0.0	-inf				
2023-03-20 08:00:00	3600	4.31	4.16	4.31	4.3	4.0	ILP.MI	3.36	3.36	3.25	3.36	4.36	3.2	-1.0	-1.0	1.0	-1	-1.0	-1.0	1.0	-1.0	1.0	-1.0		4.16		4.16		4.16		4.16		1.0			4.25										0.0			3.92	0.08	0.08	2.64	0.02	0.02	0.95		2.64	0.0	0.0	49.33					1	-0.0	-0.0	-0.14	-0.0	-0.0	-0.01	-0.14	0.0	0.0	45.86					-0.08	-0.08	0.44	-0.02	-0.02	0.17	0.44	0.0	0.0	43.2					0.08	0.08	2.62	0.02	0.02	0.77	2.62	0.0	0.0	37.6					-0.0	-0.0	-0.3200000000000003	-0.0	-0.0	-0.1506460236132775	-0.3200000000000003	-0.0	0.0	-inf				
2023-03-21 08:00:00	0	4.3	4.3	4.3	4.3	4.0	ILP.MI	3.27	3.27	3.27	3.27	4.36	3.2	-1.0	-1.0	1.0	-1	-1.0	-1.0	1.0	-1.0	1.0	-1.0	4.3									1.0			4.25										0.0			3.92	-0.0	-0.0	2.64	-0.0	-0.0	0.95		2.64	0.0	0.0	49.33					1	-0.0	-0.0	-0.14	-0.0	-0.0	-0.01	-0.14	0.0	0.0	45.86					0.0	0.0	0.44	0.0	0.0	0.17	0.44	0.0	0.0	43.2					-0.0	-0.0	2.62	-0.0	-0.0	0.77	2.62	0.0	0.0	37.6					0.0	0.0	-0.3200000000000003	0.0	0.0	-0.1506460236132775	-0.3200000000000003	0.0	0.0	-inf				
2023-03-22 08:00:00	8400	4.29	4.1	4.2	4.25	3.96	ILP.MI	3.2	3.27	3.12	3.24	4.36	3.12	-1.0	-1.0	-1.0	-1	-1.0	-1.0	1.0	-1.0	1.0	-1.0										0.0			4.25		3.12		3.12		3.12		3.12		0.0	3.12		3.92	0.05	0.05	2.69	0.01	0.01	0.97		2.69	0.0	0.0	49.91					1	0.05	0.05	-0.09	0.01	0.01	-0.0	-0.09	0.0	0.0	46.81					-0.05	-0.05	0.39	-0.01	-0.01	0.15	0.39	0.0	0.0	39.06					0.05	0.05	2.67	0.01	0.01	0.79	2.67	0.0	0.0	38.25					-0.0	-0.0	-0.3200000000000003	-0.0	-0.0	-0.1506460236132775	-0.3200000000000003	-0.0	0.0	-inf				
2023-03-23 08:00:00	10800	4.2	4.2	4.2	4.2	3.91	ILP.MI	3.21	3.21	3.21	3.21	4.36	3.12	-1.0	-1.0	-1.0	-1	-1.0	-1.0	1.0	-1.0	1.0	-1.0		4.2								-1.0			4.25										0.0			3.92	0.05	0.05	2.74	0.01	0.01	0.99		2.74	0.0	0.0	50.47					1	0.05	0.05	-0.04	0.01	0.01	0.01	-0.04	0.0	0.0	47.74					-0.05	-0.05	0.34	-0.01	-0.01	0.14	0.34	0.0	0.0	35.0					0.05	0.05	2.72	0.01	0.01	0.81	2.72	0.0	0.0	38.89					-0.0	-0.0	-0.3200000000000003	-0.0	-0.0	-0.1506460236132775	-0.3200000000000003	-0.0	0.0	-inf				
2023-03-24 08:00:00	0	4.2	4.2	4.2	4.2	3.91	ILP.MI	3.28	3.28	3.28	3.28	4.36	3.12	-1.0	-1.0	-1.0	-1	-1.0	-1.0	1.0	-1.0	1.0	-1.0										-1.0			4.25										0.0			3.92	-0.0	-0.0	2.74	-0.0	-0.0	0.99		2.74	0.0	0.0	50.36					1	-0.0	-0.0	-0.04	-0.0	-0.0	0.01	-0.04	0.0	0.0	47.55					0.0	0.0	0.34	0.0	0.0	0.14	0.34	0.0	0.0	34.86					-0.0	-0.0	2.72	-0.0	-0.0	0.81	2.72	0.0	0.0	38.76					0.0	0.0	-0.3200000000000003	0.0	0.0	-0.1506460236132775	-0.3200000000000003	0.0	0.0	-inf				
2023-03-27 07:00:00	600	4.34	4.34	4.34	4.34	4.04	ILP.MI	3.35	3.35	3.35	3.35	4.36	3.12	-1.0	-1.0	-1.0	-1	-1.0	-1.0	1.0	-1.0	1.0	-1.0										1.0			4.25	3.35									0.0			3.92	-0.14	-0.14	2.6	-0.03	-0.03	0.93		2.6	0.0	0.0	43.34					1	-0.14	-0.14	-0.18	-0.03	-0.03	-0.02	-0.18	0.0	0.0	39.68					0.14	0.14	0.48	0.03	0.03	0.18	0.48	0.0	0.0	36.63					-0.14	-0.14	2.58	-0.03	-0.03	0.75	2.58	0.0	0.0	32.33					0.0	0.0	-0.3200000000000003	0.0	0.0	-0.1506460236132775	-0.3200000000000003	0.0	0.0	-inf				
2023-03-28 07:00:00	0	4.34	4.34	4.34	4.34	4.04	ILP.MI	3.33	3.33	3.33	3.33	4.36	3.12	-1.0	-1.0	-1.0	-1	-1.0	-1.0	1.0	-1.0	1.0	-1.0										1.0			4.25										0.0			3.92	-0.0	-0.0	2.6	-0.0	-0.0	0.93		2.6	0.0	0.0	40.89					1	-0.0	-0.0	-0.18	-0.0	-0.0	-0.02	-0.18	0.0	0.0	35.58					0.0	0.0	0.48	0.0	0.0	0.18	0.48	0.0	0.0	34.0					-0.0	-0.0	2.58	-0.0	-0.0	0.75	2.58	0.0	0.0	29.54					0.0	0.0	-0.3200000000000003	0.0	0.0	-0.1506460236132775	-0.3200000000000003	0.0	0.0	-inf				
2023-03-29 07:00:00	0	4.34	4.34	4.34	4.34	4.04	ILP.MI	3.28	3.28	3.28	3.28	4.36	3.12	-1.0	-1.0	-1.0	-1	-1.0	-1.0	1.0	-1.0	1.0	-1.0										1.0			4.25		3.28								0.0			3.92	-0.0	-0.0	2.6	-0.0	-0.0	0.93		2.6	0.0	0.0	48.38					1	-0.0	-0.0	-0.18	-0.0	-0.0	-0.02	-0.18	0.0	0.0	44.01					0.0	0.0	0.48	0.0	0.0	0.18	0.48	0.0	0.0	41.2					-0.0	-0.0	2.58	-0.0	-0.0	0.75	2.58	0.0	0.0	36.39					0.0	0.0	-0.3200000000000003	0.0	0.0	-0.1506460236132775	-0.3200000000000003	0.0	0.0	-inf				
2023-03-30 07:00:00	16800	4.57	4.41	4.41	4.54	4.23	ILP.MI	3.3	3.42	3.3	3.4	4.36	3.12	-1.0	-1.0	-1.0	0	-1.0	-1.0	1.0	-1.0	1.0	-1.0										1.0			4.25										0.0			3.92	-0.2	-0.2	2.4	-0.05	-0.05	0.84		2.4	0.0	0.0	39.44					1	-0.2	-0.2	-0.38	-0.05	-0.05	-0.07	-0.38	0.0	0.0	33.83					0.2	0.2	0.68	0.05	0.05	0.23	0.68	0.0	0.0	43.38					-0.2	-0.2	2.38	-0.05	-0.05	0.67	2.38	0.0	0.0	28.2					0.0	0.0	-0.3200000000000003	0.0	0.0	-0.1506460236132775	-0.3200000000000003	0.0	0.0	-inf				
2023-03-31 07:00:00	6600	4.6	4.57	4.59	4.57	4.25	ILP.MI	3.42	3.43	3.41	3.41	4.36	3.12	-1.0	-1.0	-1.0	0	-1.0	-1.0	1.0	-1.0	1.0	-1.0										1.0			4.25										0.0			3.92	-0.03	-0.03	2.37	-0.01	-0.01	0.83		2.37	0.0	0.0	40.14					1	0.0	0.0	-0.38	0.0	0.0	-0.07	-0.38	0.0	0.0	38.6					0.03	0.03	0.71	0.01	0.01	0.24	0.71	0.0	0.0	48.05					-0.03	-0.03	2.35	-0.01	-0.01	0.66	2.35	0.0	0.0	28.81					0.0	0.0	-0.3200000000000003	0.0	0.0	-0.1506460236132775	-0.3200000000000003	0.0	0.0	-inf				
2023-04-03 07:00:00	18600	5.1	4.66	4.66	4.9	4.56	ILP.MI	3.47	3.79	3.47	3.64	4.36	3.12	-1.0	-1.0	1.0	0	-1.0	-1.0	1.0	-1.0	1.0	-1.0										1.0			4.25										0.0			3.92	-0.33	-0.33	2.04	-0.07	-0.07	0.71		2.04	0.0	0.0	25.51					1	0.0	0.0	-0.38	0.0	0.0	-0.07	-0.38	0.0	0.0	31.62					0.33	0.33	1.04	0.07	0.07	0.33	1.04	0.0	0.0	48.12					-0.33	-0.33	2.02	-0.07	-0.07	0.55	2.02	0.0	0.0	14.55					0.0	0.0	-0.3200000000000003	0.0	0.0	-0.1506460236132775	-0.3200000000000003	0.0	0.0	-inf				
2023-04-04 07:00:00	19800	5.1	4.88	4.96	5.0	4.65	ILP.MI	3.71	3.81	3.65	3.74	4.36	3.12	-1.0	-1.0	1.0	0	-1.0	-1.0	1.0	-1.0	1.0	-1.0	5.1		5.1							1.0			4.25										0.0			3.92	-0.1	-0.1	1.94	-0.02	-0.02	0.67		1.94	0.0	0.0	19.69					1	0.0	0.0	-0.38	0.0	0.0	-0.07	-0.38	0.0	0.0	29.48					0.1	0.1	1.14	0.02	0.02	0.36	1.14	0.0	0.0	48.22					-0.1	-0.1	1.92	-0.02	-0.02	0.52	1.92	0.0	0.0	8.77					0.0	0.0	-0.3200000000000003	0.0	0.0	-0.1506460236132775	-0.3200000000000003	0.0	0.0	-inf				
2023-04-05 07:00:00	15000	5.05	4.9	5.05	4.98	4.64	ILP.MI	3.8	3.8	3.69	3.75	4.36	3.12	-1.0	-1.0	1.0	0	-1.0	-1.0	1.0	-1.0	1.0	-1.0										1.0			4.25	3.8		3.8							0.0			3.92	0.02	0.02	1.96	0.0	0.0	0.68		1.96	0.0	0.0	18.86					1	-0.0	-0.0	-0.38	-0.0	-0.0	-0.07	-0.38	0.0	0.0	27.53					-0.02	-0.02	1.12	-0.0	-0.0	0.35	1.12	0.0	0.0	44.21					0.02	0.02	1.94	0.0	0.0	0.53	1.94	0.0	0.0	7.81					-0.0	-0.0	-0.3200000000000003	-0.0	-0.0	-0.1506460236132775	-0.3200000000000003	-0.0	0.0	-inf				
2023-04-06 07:00:00	7200	5.0	4.92	4.98	4.96	4.62	ILP.MI	3.7	3.71	3.65	3.68	4.36	3.12	-1.0	-1.0	1.0	0	-1.0	-1.0	1.0	-1.0	1.0	-1.0		4.92								1.0			4.25										0.0			3.92	0.02	0.02	1.98	0.0	0.0	0.69		1.98	0.0	0.0	16.35					1	-0.0	-0.0	-0.38	-0.0	-0.0	-0.07	-0.38	0.0	0.0	22.4					-0.02	-0.02	1.1	-0.0	-0.0	0.35	1.1	0.0	0.0	38.95					0.02	0.02	1.96	0.0	0.0	0.53	1.96	0.0	0.0	4.92					-0.0	-0.0	-0.3200000000000003	-0.0	-0.0	-0.1506460236132775	-0.3200000000000003	-0.0	0.0	-inf				
2023-04-11 07:00:00	21600	5.05	4.88	4.96	5.05	4.7	ILP.MI	3.64	3.71	3.58	3.71	4.36	3.12	-1.0	-1.0	1.0	0	-1.0	-1.0	1.0	-1.0	1.0	-1.0	5.05									1.0			4.25										0.0			3.92	-0.09	-0.09	1.89	-0.02	-0.02	0.66		1.89	0.0	0.0	10.08					1	0.0	0.0	-0.38	0.0	0.0	-0.07	-0.38	0.0	0.0	18.77					0.09	0.09	1.19	0.02	0.02	0.37	1.19	0.0	0.0	38.65					-0.09	-0.09	1.87	-0.02	-0.02	0.5	1.87	-0.0	-0.0	-1.48					0.0	0.0	-0.3200000000000003	0.0	0.0	-0.1506460236132775	-0.3200000000000003	0.0	0.0	-inf				
2023-04-12 07:00:00	6600	5.0	4.88	5.0	4.88	4.54	ILP.MI	3.66	3.66	3.57	3.57	4.36	3.12	-1.0	-1.0	1.0	0	-1.0	-1.0	1.0	-1.0	1.0	-1.0										1.0			4.25										0.0			3.92	0.17	0.17	2.06	0.03	0.03	0.72		2.06	0.0	0.0	18.34					1	-0.0	-0.0	-0.38	-0.0	-0.0	-0.07	-0.38	0.0	0.0	26.9					-0.17	-0.17	1.02	-0.03	-0.03	0.32	1.02	0.0	0.0	38.01					0.17	0.17	2.04	0.03	0.03	0.56	2.04	0.0	0.0	6.92					-0.0	-0.0	-0.3200000000000003	-0.0	-0.0	-0.1506460236132775	-0.3200000000000003	-0.0	0.0	-inf				
2023-04-13 07:00:00	1200	4.84	4.84	4.84	4.84	4.51	ILP.MI	3.54	3.54	3.54	3.54	4.36	3.12	-1.0	-1.0	1.0	0	-1.0	-1.0	1.0	-1.0	1.0	-1.0										1.0			4.25										0.0			3.92	0.04	0.04	2.1	0.01	0.01	0.73		2.1	0.0	0.0	16.3					1	-0.0	-0.0	-0.38	-0.0	-0.0	-0.07	-0.38	0.0	0.0	21.09					-0.04	-0.04	0.98	-0.01	-0.01	0.31	0.98	0.0	0.0	32.13					0.04	0.04	2.08	0.01	0.01	0.57	2.08	0.0	0.0	4.56					-0.0	-0.0	-0.3200000000000003	-0.0	-0.0	-0.1506460236132775	-0.3200000000000003	-0.0	0.0	-inf				
2023-04-14 07:00:00	600	4.8	4.8	4.8	4.8	4.47	ILP.MI	3.48	3.48	3.48	3.48	4.25	3.12	-1.0	-1.0	1.0	0	-1.0	-1.0	1.0	-1.0	-1.0	1.0										1.0			4.25		3.48								0.0			3.92	0.04	0.04	2.14	0.01	0.01	0.74		2.14	0.0	0.0	14.56					1	-0.0	-0.0	-0.38	-0.0	-0.0	-0.07	-0.38	0.0	0.0	15.4					-0.04	-0.04	0.94	-0.01	-0.01	0.3	0.94	0.0	0.0	26.39					0.04	0.04	2.12	0.01	0.01	0.58	2.12	0.0	0.0	2.55					-0.0	-0.0	-0.3200000000000003	-0.0	-0.0	-0.1506460236132775	-0.3200000000000003	-0.0	0.0	-inf				
2023-04-17 07:00:00	8400	4.94	4.7	4.94	4.76	4.43	ILP.MI	3.6	3.6	3.43	3.47	4.25	3.12	-1.0	-1.0	1.0	0	-1.0	-1.0	1.0	-1.0	-1.0	1.0										1.0			4.25	3.6									0.0			3.92	0.04	0.04	2.18	0.01	0.01	0.76		2.18	0.0	0.0	21.21					1	-0.0	-0.0	-0.38	-0.0	-0.0	-0.07	-0.38	0.0	0.0	24.65					-0.04	-0.04	0.9	-0.01	-0.01	0.29	0.9	0.0	0.0	29.2					-0.04	-0.04	2.08	-0.01	-0.01	0.57	2.08	0.0	0.0	4.53					-0.0	-0.0	-0.3200000000000003	-0.0	-0.0	-0.1506460236132775	-0.3200000000000003	-0.0	0.0	-inf				
2023-04-18 07:00:00	10800	4.72	4.6	4.72	4.7	4.38	ILP.MI	3.42	3.42	3.33	3.41	4.25	3.12	-1.0	-1.0	1.0	0	-1.0	-1.0	1.0	-1.0	-1.0	1.0										1.0			4.25										0.0			3.92	0.06	0.06	2.24	0.01	0.01	0.78		2.24	0.0	0.0	25.25					1	-0.0	-0.0	-0.38	-0.0	-0.0	-0.07	-0.38	0.0	0.0	29.14					-0.06	-0.06	0.84	-0.01	-0.01	0.28	0.84	0.0	0.0	27.83					-0.06	-0.06	2.02	-0.01	-0.01	0.55	2.02	0.0	0.0	3.57					-0.0	-0.0	-0.3200000000000003	-0.0	-0.0	-0.1506460236132775	-0.3200000000000003	-0.0	0.0	-inf				
2023-04-19 07:00:00	600	4.62	4.62	4.62	4.62	4.3	ILP.MI	3.34	3.34	3.34	3.34	4.25	3.12	-1.0	-1.0	1.0	0	-1.0	-1.0	1.0	-1.0	-1.0	1.0		4.62		4.62						1.0			4.25		3.34		3.34						0.0			3.92	0.08	0.08	2.32	0.02	0.02	0.81		2.32	0.0	0.0	29.78					1	-0.0	-0.0	-0.38	-0.0	-0.0	-0.07	-0.38	0.0	0.0	34.04					-0.08	-0.08	0.76	-0.02	-0.02	0.25	0.76	0.0	0.0	26.22					-0.08	-0.08	1.94	-0.02	-0.02	0.52	1.94	0.0	0.0	2.43					-0.0	-0.0	-0.3200000000000003	-0.0	-0.0	-0.1506460236132775	-0.3200000000000003	-0.0	0.0	-inf				
2023-04-20 07:00:00	12600	4.82	4.62	4.72	4.7	4.38	ILP.MI	3.45	3.53	3.38	3.44	4.25	3.12	-1.0	-1.0	1.0	0	-1.0	-1.0	1.0	-1.0	-1.0	1.0										1.0			4.25										0.0			3.92	-0.08	-0.08	2.24	-0.02	-0.02	0.78		2.24	0.0	0.0	32.77					1	0.0	0.0	-0.38	0.0	0.0	-0.07	-0.38	0.0	0.0	46.91					0.08	0.08	0.84	0.02	0.02	0.28	0.84	0.0	0.0	35.78					0.08	0.08	2.02	0.02	0.02	0.55	2.02	0.0	0.0	10.83					0.0	0.0	-0.3200000000000003	0.0	0.0	-0.1506460236132775	-0.3200000000000003	0.0	0.0	-inf				
2023-04-21 07:00:00	2400	4.8	4.78	4.78	4.8	4.47	ILP.MI	3.48	3.5	3.48	3.5	4.25	3.12	-1.0	-1.0	1.0	0	-1.0	-1.0	1.0	-1.0	-1.0	1.0										1.0			4.25										0.0			3.92	-0.1	-0.1	2.14	-0.02	-0.02	0.74		2.14	0.0	0.0	32.35					1	0.0	0.0	-0.38	0.0	0.0	-0.07	-0.38	0.0	0.0	55.23					0.1	0.1	0.94	0.02	0.02	0.3	0.94	0.0	0.0	42.54					0.1	0.1	2.12	0.02	0.02	0.58	2.12	0.0	0.0	17.32					0.0	0.0	-0.3200000000000003	0.0	0.0	-0.1506460236132775	-0.3200000000000003	0.0	0.0	-inf				
2023-04-24 07:00:00	4200	4.82	4.78	4.82	4.78	4.45	ILP.MI	3.54	3.54	3.51	3.51	4.25	3.12	-1.0	-1.0	1.0	0	-1.0	-1.0	1.0	-1.0	-1.0	1.0										1.0			4.25										0.0			3.92	0.02	0.02	2.16	0.0	0.0	0.75		2.16	0.0	0.0	28.6					1	-0.0	-0.0	-0.38	-0.0	-0.0	-0.07	-0.38	0.0	0.0	44.37					-0.02	-0.02	0.92	-0.0	-0.0	0.3	0.92	0.0	0.0	35.55					-0.02	-0.02	2.1	-0.0	-0.0	0.58	2.1	0.0	0.0	9.1					-0.0	-0.0	-0.3200000000000003	-0.0	-0.0	-0.1506460236132775	-0.3200000000000003	-0.0	0.0	-inf				
2023-04-25 07:00:00	600	4.86	4.86	4.86	4.86	4.52	ILP.MI	3.6	3.6	3.6	3.6	4.25	3.12	-1.0	-1.0	1.0	0	-1.0	-1.0	1.0	-1.0	-1.0	1.0										1.0			4.25										0.0			3.92	-0.08	-0.08	2.08	-0.02	-0.02	0.72		2.08	0.0	0.0	21.18					1	0.0	0.0	-0.38	0.0	0.0	-0.07	-0.38	0.0	0.0	36.77					0.08	0.08	1.0	0.02	0.02	0.32	1.0	0.0	0.0	34.63					0.08	0.08	2.18	0.02	0.02	0.6	2.18	0.0	0.0	7.78					0.0	0.0	-0.3200000000000003	0.0	0.0	-0.1506460236132775	-0.3200000000000003	0.0	0.0	-inf				
2023-04-26 07:00:00	16200	4.92	4.84	4.84	4.92	4.58	ILP.MI	3.61	3.67	3.61	3.67	4.25	3.12	-1.0	-1.0	1.0	0	-1.0	-1.0	1.0	-1.0	-1.0	1.0										1.0			4.25										0.0			3.92	-0.06	-0.06	2.02	-0.01	-0.01	0.7		2.02	0.0	0.0	16.92					1	0.0	0.0	-0.38	0.0	0.0	-0.07	-0.38	0.0	0.0	36.77					0.06	0.06	1.06	0.01	0.01	0.34	1.06	0.0	0.0	35.54					0.06	0.06	2.24	0.01	0.01	0.62	2.24	0.0	0.0	9.09					0.0	0.0	-0.3200000000000003	0.0	0.0	-0.1506460236132775	-0.3200000000000003	0.0	0.0	-inf				
2023-04-27 07:00:00	37200	4.92	4.9	4.9	4.9	4.56	ILP.MI	3.65	3.66	3.65	3.65	4.25	3.12	-1.0	-1.0	1.0	0	-1.0	-1.0	1.0	-1.0	-1.0	1.0	4.92									1.0			4.25										0.0			3.92	0.02	0.02	2.04	0.0	0.0	0.71		2.04	0.0	0.0	17.31					1	-0.0	-0.0	-0.38	-0.0	-0.0	-0.07	-0.38	0.0	0.0	36.77					-0.02	-0.02	1.04	-0.0	-0.0	0.33	1.04	0.0	0.0	32.05					-0.02	-0.02	2.22	-0.0	-0.0	0.62	2.22	0.0	0.0	5.79					-0.0	-0.0	-0.3200000000000003	-0.0	-0.0	-0.1506460236132775	-0.3200000000000003	-0.0	0.0	-inf				
2023-04-28 07:00:00	25800	4.9	4.9	4.9	4.9	4.56	ILP.MI	3.66	3.66	3.66	3.66	4.25	3.12	-1.0	-1.0	1.0	0	-1.0	-1.0	1.0	-1.0	-1.0	1.0										1.0			4.25										0.0			3.92	-0.0	-0.0	2.04	-0.0	-0.0	0.71		2.04	0.0	0.0	17.31					1	0.0	0.0	-0.38	0.0	0.0	-0.07	-0.38	0.0	0.0	36.77					0.0	0.0	1.04	0.0	0.0	0.33	1.04	0.0	0.0	32.05					0.0	0.0	2.22	0.0	0.0	0.62	2.22	0.0	0.0	5.79					0.0	0.0	-0.3200000000000003	0.0	0.0	-0.1506460236132775	-0.3200000000000003	0.0	0.0	-inf				
2023-05-02 07:00:00	3600	4.9	4.8	4.9	4.9	4.56	ILP.MI	3.72	3.72	3.64	3.72	4.25	3.12	-1.0	-1.0	1.0	0	-1.0	-1.0	1.0	-1.0	-1.0	1.0		4.8								1.0			4.25										0.0			3.92	-0.0	-0.0	2.04	-0.0	-0.0	0.71		2.04	0.0	0.0	17.11					1	0.0	0.0	-0.38	0.0	0.0	-0.07	-0.38	0.0	0.0	36.19					0.0	0.0	1.04	0.0	0.0	0.33	1.04	0.0	0.0	31.9					0.0	0.0	2.22	0.0	0.0	0.62	2.22	0.0	0.0	5.57					0.0	0.0	-0.3200000000000003	0.0	0.0	-0.1506460236132775	-0.3200000000000003	0.0	0.0	-inf				
2023-05-03 07:00:00	1200	4.9	4.9	4.9	4.9	4.56	ILP.MI	3.69	3.69	3.69	3.69	4.25	3.12	-1.0	-1.0	1.0	0	-1.0	-1.0	1.0	-1.0	-1.0	1.0										1.0			4.25										0.0			3.92	-0.0	-0.0	2.04	-0.0	-0.0	0.71		2.04	0.0	0.0	20.22					1	0.0	0.0	-0.38	0.0	0.0	-0.07	-0.38	0.0	0.0	41.64					0.0	0.0	1.04	0.0	0.0	0.33	1.04	0.0	0.0	35.09					0.0	0.0	2.22	0.0	0.0	0.62	2.22	0.0	0.0	8.67					0.0	0.0	-0.3200000000000003	0.0	0.0	-0.1506460236132775	-0.3200000000000003	0.0	0.0	-inf				
2023-05-04 07:00:00	0	4.9	4.9	4.9	4.9	4.56	ILP.MI	3.71	3.71	3.71	3.71	4.21	3.12	-1.0	-1.0	1.0	0	-1.0	-1.0	1.0	-1.0	-1.0	1.0										1.0			4.25										0.0			3.92	-0.0	-0.0	2.04	-0.0	-0.0	0.71		2.04	0.0	0.0	24.52					1	0.0	0.0	-0.38	0.0	0.0	-0.07	-0.38	0.0	0.0	49.72					0.0	0.0	1.04	0.0	0.0	0.33	1.04	0.0	0.0	39.87					0.0	0.0	2.22	0.0	0.0	0.62	2.22	0.0	0.0	12.86					0.0	0.0	-0.3200000000000003	0.0	0.0	-0.1506460236132775	-0.3200000000000003	0.0	0.0	-inf				
2023-05-05 07:00:00	15000	5.1	4.96	4.98	5.05	4.7	ILP.MI	3.68	3.77	3.67	3.73	4.21	3.12	-1.0	-1.0	1.0	1	-1.0	-1.0	1.0	-1.0	-1.0	1.0										1.0			4.25										0.0			3.92	-0.15	-0.15	1.89	-0.03	-0.03	0.66		1.89	0.0	0.0	22.28					1	0.0	0.0	-0.38	0.0	0.0	-0.07	-0.38	0.0	0.0	57.5					0.15	0.15	1.19	0.03	0.03	0.37	1.19	0.0	0.0	46.5					0.15	0.15	2.37	0.03	0.03	0.67	2.37	0.0	0.0	19.8					0.0	0.0	-0.3200000000000003	0.0	0.0	-0.1506460236132775	-0.3200000000000003	0.0	0.0	-inf				
2023-05-08 07:00:00	5400	5.15	5.0	5.05	5.15	4.79	ILP.MI	3.72	3.8	3.68	3.8	4.21	3.12	-1.0	-1.0	1.0	1	-1.0	-1.0	1.0	-1.0	-1.0	1.0										1.0			4.25										0.0			3.92	-0.1	-0.1	1.79	-0.02	-0.02	0.63		1.79	0.0	0.0	15.95					1	0.1	0.1	-0.28	0.02	0.02	-0.05	-0.28	0.0	0.0	58.81					0.1	0.1	1.29	0.02	0.02	0.4	1.29	0.0	0.0	46.83					0.1	0.1	2.47	0.02	0.02	0.7	2.47	0.0	0.0	20.26					0.0	0.0	-0.3200000000000003	0.0	0.0	-0.1506460236132775	-0.3200000000000003	0.0	0.0	-inf				
2023-05-09 07:00:00	27000	5.25	5.0	5.1	5.25	4.89	ILP.MI	3.76	3.88	3.69	3.88	4.21	3.12	-1.0	1.0	1.0	1	-1.0	1.0	-1.0	-1.0	-1.0	1.0										1.0			4.25										0.0			3.92	-0.1	-0.1	1.69	-0.02	-0.02	0.59		1.69	0.0	0.0	9.71					1	0.1	0.1	-0.18	0.02	0.02	-0.03	-0.18	0.0	0.0	60.04					0.1	0.1	1.39	0.02	0.02	0.42	1.39	0.0	0.0	47.14					0.1	0.1	2.57	0.02	0.02	0.73	2.57	0.0	0.0	20.7					0.0	0.0	-0.3200000000000003	0.0	0.0	-0.1506460236132775	-0.3200000000000003	0.0	0.0	-inf				
2023-05-10 07:00:00	14400	5.45	5.25	5.3	5.25	4.89	ILP.MI	3.93	4.04	3.89	3.89	4.2	3.12	-1.0	1.0	1.0	1	1.0	1.0	1.0	-1.0	-1.0	1.0	5.45		5.45							1.0			4.25	4.04		4.04		4.04					0.0			3.92	-0.0	-0.0	1.69	-0.0	-0.0	0.59		1.69	0.0	0.0	9.49					1	0.0	0.0	-0.18	0.0	0.0	-0.03	-0.18	0.0	0.0	59.54					-0.0	-0.0	1.39	-0.0	-0.0	0.42	1.39	0.0	0.0	47.01					0.0	0.0	2.57	0.0	0.0	0.73	2.57	0.0	0.0	20.52					0.0	0.0	-0.3200000000000003	0.0	0.0	-0.1506460236132775	-0.3200000000000003	0.0	0.0	-inf				
2023-05-11 07:00:00	34200	5.35	5.0	5.35	5.05	4.7	ILP.MI	3.99	3.99	3.73	3.77	4.14	3.12	-1.0	1.0	1.0	1	1.0	1.0	1.0	-1.0	-1.0	1.0										1.0			4.25										0.0			3.92	0.2	0.2	1.89	0.04	0.04	0.66		1.89	0.0	0.0	16.95					1	-0.2	-0.2	-0.38	-0.04	-0.04	-0.07	-0.38	0.0	0.0	51.61					-0.2	-0.2	1.19	-0.04	-0.04	0.37	1.19	0.0	0.0	42.26					-0.2	-0.2	2.37	-0.04	-0.04	0.67	2.37	0.0	0.0	17.24					-0.0	-0.0	-0.3200000000000003	-0.0	-0.0	-0.1506460236132775	-0.3200000000000003	-0.0	0.0	-inf				
2023-05-12 07:00:00	28800	5.2	5.0	5.0	5.0	4.65	ILP.MI	3.7	3.84	3.7	3.7	4.09	3.12	-1.0	1.0	1.0	1	1.0	1.0	1.0	-1.0	-1.0	1.0										1.0			4.25										0.0			3.92	0.05	0.05	1.94	0.01	0.01	0.67		1.94	0.0	0.0	23.46					1	-0.05	-0.05	-0.43	-0.01	-0.01	-0.07	-0.43	0.0	0.0	55.87					-0.05	-0.05	1.14	-0.01	-0.01	0.36	1.14	0.0	0.0	44.82					-0.05	-0.05	2.32	-0.01	-0.01	0.65	2.32	0.0	0.0	19.02					-0.0	-0.0	-0.3200000000000003	-0.0	-0.0	-0.1506460236132775	-0.3200000000000003	-0.0	0.0	-inf				
2023-05-15 07:00:00	9000	5.1	4.9	5.0	4.9	4.62	ILP.MI	3.71	3.78	3.64	3.64	4.09	3.12	-1.0	1.0	1.0	1	1.0	1.0	1.0	-1.0	-1.0	1.0										1.0			4.25										0.0			3.92	0.1	0.1	2.04	0.02	0.02	0.71		2.04	0.0	0.0	29.61					1	-0.1	-0.1	-0.53	-0.02	-0.02	-0.09	-0.53	0.0	0.0	54.47					-0.1	-0.1	1.04	-0.02	-0.02	0.33	1.04	0.0	0.0	43.99					-0.1	-0.1	2.22	-0.02	-0.02	0.62	2.22	0.0	0.0	18.44					-0.0	-0.0	-0.3200000000000003	-0.0	-0.0	-0.1506460236132775	-0.3200000000000003	-0.0	0.0	-inf				
2023-05-16 07:00:00	5400	4.9	4.9	4.9	4.9	4.62	ILP.MI	3.64	3.64	3.64	3.64	4.09	3.12	-1.0	1.0	1.0	1	1.0	1.0	1.0	-1.0	-1.0	1.0		4.9								1.0			4.25		3.64								0.0			3.92	-0.0	-0.0	2.04	-0.0	-0.0	0.71		2.04	0.0	0.0	28.93					1	0.0	0.0	-0.53	0.0	0.0	-0.09	-0.53	0.0	0.0	52.32					0.0	0.0	1.04	0.0	0.0	0.33	1.04	0.0	0.0	43.44					0.0	0.0	2.22	0.0	0.0	0.62	2.22	0.0	0.0	17.68					0.0	0.0	-0.3200000000000003	0.0	0.0	-0.1506460236132775	-0.3200000000000003	0.0	0.0	-inf				
2023-05-17 07:00:00	6600	4.9	4.9	4.9	4.9	4.62	ILP.MI	3.64	3.64	3.64	3.64	4.04	3.12	-1.0	1.0	1.0	1	1.0	1.0	1.0	-1.0	-1.0	1.0										1.0			4.25										0.0			3.92	-0.0	-0.0	2.04	-0.0	-0.0	0.71		2.04	0.0	0.0	28.93					1	0.0	0.0	-0.53	0.0	0.0	-0.09	-0.53	0.0	0.0	52.32					0.0	0.0	1.04	0.0	0.0	0.33	1.04	0.0	0.0	43.44					0.0	0.0	2.22	0.0	0.0	0.62	2.22	0.0	0.0	17.68					0.0	0.0	-0.3200000000000003	0.0	0.0	-0.1506460236132775	-0.3200000000000003	0.0	0.0	-inf				
2023-05-18 07:00:00	4200	4.96	4.9	4.9	4.9	4.62	ILP.MI	3.64	3.68	3.64	3.64	4.04	3.12	-1.0	1.0	1.0	1	1.0	1.0	1.0	-1.0	-1.0	1.0	4.96									1.0			4.25	3.68									0.0			3.92	-0.0	-0.0	2.04	-0.0	-0.0	0.71		2.04	0.0	0.0	35.14					1	0.0	0.0	-0.53	0.0	0.0	-0.09	-0.53	0.0	0.0	64.86					0.0	0.0	1.04	0.0	0.0	0.33	1.04	0.0	0.0	50.84					0.0	0.0	2.22	0.0	0.0	0.62	2.22	0.0	0.0	23.61					0.0	0.0	-0.3200000000000003	0.0	0.0	-0.1506460236132775	-0.3200000000000003	0.0	0.0	-inf				
2023-05-19 07:00:00	0	4.9	4.9	4.9	4.9	4.62	ILP.MI	3.6	3.6	3.6	3.6	4.04	3.12	-1.0	1.0	1.0	1	1.0	1.0	1.0	-1.0	-1.0	1.0										1.0			4.25										0.0			3.92	-0.0	-0.0	2.04	-0.0	-0.0	0.71		2.04	0.0	0.0	35.14					1	0.0	0.0	-0.53	0.0	0.0	-0.09	-0.53	0.0	0.0	64.86					0.0	0.0	1.04	0.0	0.0	0.33	1.04	0.0	0.0	50.84					0.0	0.0	2.22	0.0	0.0	0.62	2.22	0.0	0.0	23.61					0.0	0.0	-0.3200000000000003	0.0	0.0	-0.1506460236132775	-0.3200000000000003	0.0	0.0	-inf				
2023-05-22 07:00:00	5400	4.88	4.78	4.88	4.88	4.6	ILP.MI	3.61	3.61	3.54	3.61	4.04	3.12	-1.0	1.0	1.0	0	1.0	1.0	1.0	-1.0	-1.0	1.0										1.0			4.25		3.54		3.54						0.0			3.92	0.02	0.02	2.06	0.0	0.0	0.72		2.06	0.0	0.0	35.46					1	-0.02	-0.02	-0.55	-0.0	-0.0	-0.1	-0.55	0.0	0.0	58.63					-0.02	-0.02	1.02	-0.0	-0.0	0.32	1.02	0.0	0.0	47.21					-0.02	-0.02	2.2	-0.0	-0.0	0.61	2.2	0.0	0.0	20.26					-0.0	-0.0	-0.3200000000000003	-0.0	-0.0	-0.1506460236132775	-0.3200000000000003	-0.0	0.0	-inf				
2023-05-23 07:00:00	4200	4.88	4.8	4.88	4.8	4.52	ILP.MI	3.63	3.63	3.57	3.57	4.04	3.12	-1.0	1.0	1.0	0	1.0	1.0	1.0	1.0	-1.0	-1.0		4.8								1.0			4.25										0.0			3.92	0.08	0.08	2.14	0.02	0.02	0.74		2.14	0.0	0.0	36.73					1	-0.0	-0.0	-0.55	-0.0	-0.0	-0.1	-0.55	0.0	0.0	58.63					-0.08	-0.08	0.94	-0.02	-0.02	0.3	0.94	0.0	0.0	41.67					-0.08	-0.08	2.12	-0.02	-0.02	0.58	2.12	0.0	0.0	15.6					-0.0	-0.0	-0.3200000000000003	-0.0	-0.0	-0.1506460236132775	-0.3200000000000003	-0.0	0.0	-inf				
2023-05-24 07:00:00	600	4.86	4.86	4.86	4.86	4.58	ILP.MI	3.7	3.7	3.7	3.7	4.04	3.12	-1.0	1.0	1.0	0	1.0	1.0	1.0	1.0	-1.0	-1.0	4.86									1.0			4.25										0.0			3.92	-0.06	-0.06	2.08	-0.01	-0.01	0.72		2.08	0.0	0.0	32.37					1	0.0	0.0	-0.55	0.0	0.0	-0.1	-0.55	0.0	0.0	58.63					0.06	0.06	1.0	0.01	0.01	0.32	1.0	0.0	0.0	42.48					-0.06	-0.06	2.06	-0.01	-0.01	0.56	2.06	0.0	0.0	11.48					0.0	0.0	-0.3200000000000003	0.0	0.0	-0.1506460236132775	-0.3200000000000003	0.0	0.0	-inf				
2023-05-25 07:00:00	7800	4.9	4.78	4.86	4.9	4.62	ILP.MI	3.72	3.75	3.66	3.75	4.04	3.12	-1.0	1.0	1.0	0	1.0	1.0	1.0	1.0	-1.0	-1.0										1.0			4.25	3.75									0.0			3.92	-0.04	-0.04	2.04	-0.01	-0.01	0.71		2.04	0.0	0.0	27.91					1	0.0	0.0	-0.55	0.0	0.0	-0.1	-0.55	0.0	0.0	56.32					0.04	0.04	1.04	0.01	0.01	0.33	1.04	0.0	0.0	42.45					-0.04	-0.04	2.02	-0.01	-0.01	0.55	2.02	0.0	0.0	7.0					0.0	0.0	-0.3200000000000003	0.0	0.0	-0.1506460236132775	-0.3200000000000003	0.0	0.0	-inf				
2023-05-26 07:00:00	5400	4.84	4.76	4.8	4.84	4.56	ILP.MI	3.63	3.66	3.6	3.66	4.04	3.12	-1.0	1.0	1.0	0	1.0	1.0	1.0	1.0	-1.0	-1.0										1.0			4.25										0.0			3.92	0.06	0.06	2.1	0.01	0.01	0.73		2.1	0.0	0.0	32.96					1	-0.0	-0.0	-0.55	-0.0	-0.0	-0.1	-0.55	0.0	0.0	64.58					-0.06	-0.06	0.98	-0.01	-0.01	0.31	0.98	0.0	0.0	42.22					0.06	0.06	2.08	0.01	0.01	0.57	2.08	0.0	0.0	12.1					-0.0	-0.0	-0.3200000000000003	-0.0	-0.0	-0.1506460236132775	-0.3200000000000003	-0.0	0.0	-inf				
2023-05-29 07:00:00	5400	4.82	4.68	4.82	4.72	4.45	ILP.MI	3.66	3.66	3.55	3.58	4.04	3.12	-1.0	1.0	1.0	0	1.0	1.0	1.0	1.0	-1.0	-1.0		4.68		4.68						1.0			4.25		3.55								0.0			3.92	0.12	0.12	2.22	0.02	0.03	0.77		2.22	0.0	0.0	38.93					1	-0.0	-0.0	-0.55	-0.0	-0.0	-0.1	-0.55	0.0	0.0	73.11					-0.12	-0.12	0.86	-0.02	-0.03	0.28	0.86	0.0	0.0	40.1					0.12	0.12	2.2	0.02	0.03	0.61	2.2	0.0	0.0	18.31					-0.0	-0.0	-0.3200000000000003	-0.0	-0.0	-0.1506460236132775	-0.3200000000000003	-0.0	0.0	-inf				
2023-05-30 07:00:00	4200	4.8	4.72	4.8	4.8	4.52	ILP.MI	3.65	3.65	3.59	3.65	4.04	3.12	-1.0	1.0	1.0	0	1.0	1.0	1.0	1.0	-1.0	-1.0										1.0			4.25										0.0			3.92	-0.08	-0.08	2.14	-0.02	-0.02	0.74		2.14	0.0	0.0	32.35					1	0.0	0.0	-0.55	0.0	0.0	-0.1	-0.55	0.0	0.0	73.11					0.08	0.08	0.94	0.02	0.02	0.3	0.94	0.0	0.0	39.64					-0.08	-0.08	2.12	-0.02	-0.02	0.58	2.12	0.0	0.0	11.62					0.0	0.0	-0.3200000000000003	0.0	0.0	-0.1506460236132775	-0.3200000000000003	0.0	0.0	-inf				
2023-05-31 07:00:00	3600	4.86	4.8	4.8	4.86	4.58	ILP.MI	3.72	3.77	3.72	3.77	4.04	3.12	-1.0	1.0	1.0	0	1.0	1.0	1.0	1.0	-1.0	-1.0										1.0			4.25	3.77		3.77							0.0			3.92	-0.06	-0.06	2.08	-0.01	-0.01	0.72		2.08	0.0	0.0	36.27					1	0.0	0.0	-0.55	0.0	0.0	-0.1	-0.55	0.0	0.0	73.11					0.06	0.06	1.0	0.01	0.01	0.32	1.0	0.0	0.0	50.28					-0.06	-0.06	2.06	-0.01	-0.01	0.56	2.06	0.0	0.0	14.89					0.0	0.0	-0.3200000000000003	0.0	0.0	-0.1506460236132775	-0.3200000000000003	0.0	0.0	-inf				
2023-06-01 07:00:00	7800	4.92	4.8	4.92	4.9	4.62	ILP.MI	3.74	3.74	3.65	3.73	4.04	3.12	-1.0	1.0	1.0	0	1.0	1.0	1.0	1.0	-1.0	-1.0	4.92									1.0			4.25										0.0			3.92	-0.04	-0.04	2.04	-0.01	-0.01	0.71		2.04	0.0	0.0	35.79					1	0.0	0.0	-0.55	0.0	0.0	-0.1	-0.55	0.0	0.0	73.11					0.04	0.04	1.04	0.01	0.01	0.33	1.04	0.0	0.0	54.5					-0.04	-0.04	2.02	-0.01	-0.01	0.55	2.02	0.0	0.0	14.49					0.0	0.0	-0.3200000000000003	0.0	0.0	-0.1506460236132775	-0.3200000000000003	0.0	0.0	-inf				
2023-06-02 07:00:00	18000	4.86	4.72	4.82	4.8	4.52	ILP.MI	3.6	3.63	3.52	3.58	4.04	3.12	-1.0	1.0	-1.0	0	1.0	1.0	1.0	1.0	-1.0	-1.0		4.72								1.0			4.25		3.52		3.52		3.52				1.0			3.52	0.1	0.1	2.14	0.02	0.02	0.74	4.68	2.14	0.0	0.0	36.33					1	-0.0	-0.0	-0.55	-0.0	-0.0	-0.1	-0.55	0.0	0.0	73.11					-0.1	-0.1	0.94	-0.02	-0.02	0.3	0.94	0.0	0.0	47.25					0.1	0.1	2.12	0.02	0.02	0.58	2.12	0.0	0.0	15.17					-0.0	-0.0	-0.3200000000000003	-0.0	-0.0	-0.1506460236132775	-0.3200000000000003	-0.0	0.0	-inf				
2023-06-05 07:00:00	6000	4.8	4.8	4.8	4.8	4.52	ILP.MI	3.61	3.61	3.61	3.61	4.04	3.12	-1.0	1.0	-1.0	0	1.0	1.0	1.0	1.0	-1.0	-1.0										1.0			4.25										1.0			3.52	-0.0	-0.0	2.14	-0.0	-0.0	0.74	4.68	2.14	0.0	0.0	35.5					1	0.0	0.0	-0.55	0.0	0.0	-0.1	-0.55	0.0	0.0	73.11					0.0	0.0	0.94	0.0	0.0	0.3	0.94	0.0	0.0	46.55					-0.0	-0.0	2.12	-0.0	-0.0	0.58	2.12	0.0	0.0	14.13					0.0	0.0	-0.3200000000000003	0.0	0.0	-0.1506460236132775	-0.3200000000000003	0.0	0.0	-inf				
2023-06-06 07:00:00	1200	4.88	4.82	4.82	4.88	4.6	ILP.MI	3.6	3.65	3.6	3.65	4.04	3.12	-1.0	1.0	-1.0	0	1.0	1.0	1.0	1.0	-1.0	-1.0										1.0			4.25										1.0			3.52	-0.08	-0.08	2.06	-0.02	-0.02	0.72	4.68	2.06	0.0	0.0	33.69					1	0.0	0.0	-0.55	0.0	0.0	-0.1	-0.55	0.0	0.0	73.11					0.08	0.08	1.02	0.02	0.02	0.32	1.02	0.0	0.0	50.85					-0.08	-0.08	2.04	-0.02	-0.02	0.56	2.04	0.0	0.0	12.62					0.08000000000000007	0.08000000000000007	-0.2400000000000002	0.016666666666666607	0.016529301951210506	-0.13649012400683214	-0.2400000000000002	0.00016529301951210507	0.00016529301951218045	inf				
2023-06-07 07:00:00	15600	5.0	4.88	4.94	4.96	4.67	ILP.MI	3.69	3.74	3.65	3.71	4.04	3.12	-1.0	1.0	-1.0	0	1.0	1.0	1.0	1.0	-1.0	-1.0										1.0			4.25	3.74									1.0			3.52	-0.08	-0.08	1.98	-0.02	-0.02	0.69	4.68	1.98	0.0	0.0	28.92					1	0.0	0.0	-0.55	0.0	0.0	-0.1	-0.55	0.0	0.0	73.11					0.08	0.08	1.1	0.02	0.02	0.35	1.1	0.0	0.0	51.82					-0.08	-0.08	1.96	-0.02	-0.02	0.53	1.96	0.0	0.0	8.16					0.08000000000000007	0.08000000000000007	-0.16000000000000014	0.016393442622950838	0.016260520871780326	-0.12233422440038677	-0.16000000000000014	0.0003278982282299083	0.0003278982282299836	inf				
2023-06-08 07:00:00	87600	5.0	4.9	5.0	4.98	4.69	ILP.MI	3.71	3.71	3.63	3.69	4.04	3.12	-1.0	1.0	-1.0	0	1.0	1.0	1.0	1.0	-1.0	-1.0										1.0			4.25		3.63								1.0			3.52	-0.02	-0.02	1.96	-0.0	-0.0	0.68	4.68	1.96	0.0	0.0	29.48					1	0.0	0.0	-0.55	0.0	0.0	-0.1	-0.55	0.0	0.0	73.11					0.02	0.02	1.12	0.0	0.0	0.35	1.12	0.0	0.0	56.44					-0.02	-0.02	1.94	-0.0	-0.0	0.53	1.94	0.0	0.0	8.63					0.020000000000000462	0.020000000000000462	-0.13999999999999968	0.0040322580645162365	0.004024150299725548	-0.11879524949877529	-0.13999999999999968	0.0003681397312271638	0.00036813973122717947	inf				
2023-06-09 07:00:00	15600	5.3	5.05	5.05	5.1	4.81	ILP.MI	3.76	3.94	3.76	3.8	4.04	3.12	-1.0	1.0	1.0	1	1.0	1.0	1.0	1.0	-1.0	-1.0										1.0			4.25	3.94									1.0			3.52	-0.12	-0.12	1.84	-0.02	-0.02	0.64	4.68	1.84	0.0	0.0	17.67					1	0.0	0.0	-0.55	0.0	0.0	-0.1	-0.55	0.0	0.0	73.11					0.12	0.12	1.24	0.02	0.02	0.38	1.24	0.0	0.0	53.65					-0.12	-0.12	1.82	-0.02	-0.02	0.49	1.82	-0.0	-0.0	-4.35					0.11999999999999922	0.11999999999999922	-0.020000000000000462	0.02409638554216853	0.023810648693718392	-0.09756140008910741	-0.020000000000000462	0.0006062462181643477	0.0006062462181644079	inf				
2023-06-12 07:00:00	12600	5.2	5.05	5.1	5.2	4.9	ILP.MI	3.76	3.83	3.72	3.83	4.04	3.12	-1.0	1.0	1.0	1	1.0	1.0	1.0	1.0	-1.0	-1.0										1.0			4.25		3.72								1.0			3.52	-0.1	-0.1	1.74	-0.02	-0.02	0.61	4.68	1.74	0.0	0.0	19.25					1	0.1	0.1	-0.45	0.02	0.02	-0.08	-0.45	0.0	0.0	94.26					0.1	0.1	1.34	0.02	0.02	0.41	1.34	0.0	0.0	64.12					-0.1	-0.1	1.72	-0.02	-0.02	0.46	1.72	-0.0	-0.0	-3.03					0.10000000000000053	0.10000000000000053	0.08000000000000007	0.019607843137255054	0.01941808585710173	-0.07986652558105056	0.08000000000000007	0.000800427076735365	0.0008004270767354438	inf				
2023-06-13 07:00:00	10800	5.3	5.15	5.3	5.15	4.85	ILP.MI	3.89	3.89	3.78	3.78	4.04	3.12	-1.0	1.0	1.0	1	1.0	1.0	1.0	1.0	-1.0	-1.0										1.0			4.25										1.0			3.52	0.05	0.05	1.79	0.01	0.01	0.63	4.68	1.79	0.0	0.0	27.33					1	-0.05	-0.05	-0.5	-0.01	-0.01	-0.09	-0.5	0.0	0.0	103.98					-0.05	-0.05	1.29	-0.01	-0.01	0.4	1.29	0.0	0.0	69.39					0.05	0.05	1.77	0.01	0.01	0.48	1.77	0.0	0.0	4.63					-0.04999999999999982	-0.04999999999999982	0.03000000000000025	-0.009615384615384581	-0.009661910911736859	-0.08871396283507882	0.03000000000000025	0.0007914566148768375	0.0007914526324699356	10233.926958872533				
2023-06-14 07:00:00	27600	5.55	5.25	5.25	5.3	4.99	ILP.MI	3.82	4.03	3.82	3.85	4.04	3.12	-1.0	1.0	1.0	1	1.0	1.0	1.0	1.0	-1.0	-1.0	5.55									1.0			4.25	4.03									1.0			3.52	-0.15	-0.15	1.64	-0.03	-0.03	0.58	4.68	1.64	0.0	0.0	24.09					1	0.15	0.15	-0.35	0.03	0.03	-0.06	-0.35	0.0	0.0	115.73					0.15	0.15	1.44	0.03	0.03	0.44	1.44	0.0	0.0	74.59					-0.15	-0.15	1.62	-0.03	-0.03	0.43	1.62	0.0	0.0	1.93					0.14999999999999947	0.14999999999999947	0.17999999999999972	0.029126213592232997	0.02871010588243136	-0.06217165107299383	0.17999999999999972	0.001075686663112908	0.001075679724295009	10237.225124955447				
2023-06-15 07:00:00	4800	5.2	5.2	5.2	5.2	4.9	ILP.MI	3.79	3.79	3.79	3.79	4.04	3.12	-1.0	1.0	1.0	1	1.0	1.0	1.0	1.0	-1.0	-1.0		5.2								1.0			4.25		3.79								1.0			3.52	0.1	0.1	1.74	0.02	0.02	0.61	4.68	1.74	0.0	0.0	22.13					1	-0.1	-0.1	-0.45	-0.02	-0.02	-0.08	-0.45	0.0	0.0	95.01					-0.1	-0.1	1.34	-0.02	-0.02	0.41	1.34	0.0	0.0	65.2					0.1	0.1	1.72	0.02	0.02	0.46	1.72	-0.0	-0.0	-0.54					-0.09999999999999964	-0.09999999999999964	0.08000000000000007	-0.01886792452830177	-0.019048194970694363	-0.07986652558105045	0.08000000000000007	0.0010600355516719986	0.0010600170368744166	3395.0418752157902				
2023-06-16 07:00:00	1800	5.25	5.2	5.2	5.25	4.95	ILP.MI	3.77	3.81	3.77	3.81	4.04	3.12	-1.0	1.0	1.0	1	1.0	1.0	1.0	1.0	-1.0	-1.0										1.0			4.25										1.0			3.52	-0.05	-0.05	1.69	-0.01	-0.01	0.59	4.68	1.69	0.0	0.0	22.02					1	0.05	0.05	-0.4	0.01	0.01	-0.07	-0.4	0.0	0.0	105.76					0.05	0.05	1.39	0.01	0.01	0.42	1.39	0.0	0.0	70.65					-0.05	-0.05	1.67	-0.01	-0.01	0.45	1.67	-0.0	-0.0	-0.64					0.04999999999999982	0.04999999999999982	0.1299999999999999	0.009615384615384581	0.009569451016150672	-0.07101908832702208	0.1299999999999999	0.0011538161716302753	0.0011537949899875777	3396.5292144864475				
2023-06-19 07:00:00	600	5.35	5.35	5.35	5.35	5.04	ILP.MI	3.9	3.9	3.9	3.9	4.04	3.12	-1.0	1.0	1.0	1	1.0	1.0	1.0	1.0	-1.0	-1.0	5.35									1.0			4.25	3.9									1.0			3.52	-0.1	-0.1	1.59	-0.02	-0.02	0.56	4.68	1.59	0.0	0.0	16.91					1	0.1	0.1	-0.3	0.02	0.02	-0.05	-0.3	0.0	0.0	109.5					0.1	0.1	1.49	0.02	0.02	0.45	1.49	0.0	0.0	71.71					-0.1	-0.1	1.57	-0.02	-0.02	0.42	1.57	-0.0	-0.0	-5.43					0.09999999999999964	0.09999999999999964	0.22999999999999954	0.01904761904761898	0.018868484304382736	-0.05332421381896546	0.22999999999999954	0.0013387273178132259	0.0013387003526457164	3398.8539615658156				
2023-06-20 07:00:00	1200	5.3	5.3	5.3	5.3	4.99	ILP.MI	3.88	3.88	3.88	3.88	4.04	3.12	-1.0	1.0	1.0	1	1.0	1.0	1.0	1.0	-1.0	-1.0		5.3								1.0			4.25		3.88								1.0			3.52	0.05	0.05	1.64	0.01	0.01	0.58	4.68	1.64	0.0	0.0	22.01					1	-0.05	-0.05	-0.35	-0.01	-0.01	-0.06	-0.35	0.0	0.0	110.08					-0.05	-0.05	1.44	-0.01	-0.01	0.44	1.44	0.0	0.0	72.02					0.05	0.05	1.62	0.01	0.01	0.43	1.62	-0.0	-0.0	-0.25					-0.04999999999999982	-0.04999999999999982	0.17999999999999972	-0.009345794392523366	-0.009389740349839032	-0.06217165107299383	0.17999999999999972	0.0013193203102323811	0.0013192756126119143	2524.074670007882				
2023-06-21 07:00:00	8400	5.6	5.35	5.35	5.55	5.23	ILP.MI	3.92	4.1	3.92	4.06	4.1	3.12	1.0	1.0	1.0	1	1.0	1.0	1.0	1.0	-1.0	-1.0										1.0			4.25										1.0			3.52	-0.25	-0.25	1.39	-0.05	-0.05	0.51	4.68	1.39	0.0	0.0	12.85					1	0.25	0.25	-0.1	0.05	0.05	-0.02	-0.1	0.0	0.0	115.74					0.25	0.25	1.69	0.05	0.05	0.51	1.69	0.0	0.0	73.76					-0.25	-0.25	1.37	-0.05	-0.05	0.37	1.37	-0.0	-0.0	-8.99					0.25	0.25	0.4299999999999997	0.04716981132075482	0.04609110720026709	-0.01793446480285188	0.4299999999999997	0.001766404050074972	0.001766332767733303	2529.5738013752775				
2023-06-22 07:00:00	31800	6.0	5.4	5.5	5.95	5.61	ILP.MI	4.06	4.42	3.98	4.39	4.42	3.12	1.0	1.0	1.0	1	1.0	1.0	1.0	1.0	-1.0	-1.0										1.0			4.25										1.0			3.52	0.4	0.4	1.79	0.07	0.07	0.62	4.68	1.79	0.0	0.0	19.36					1	0.4	0.4	0.3	0.07	0.07	0.05	0.3	0.0	0.0	124.96					0.4	0.4	2.09	0.07	0.07	0.61	2.09	0.0	0.0	77.0					-0.4	-0.4	0.97	-0.07	-0.07	0.28	0.97	-0.0	-0.0	-17.21					0.40000000000000036	0.40000000000000036	0.8300000000000001	0.07207207207207222	0.06959329179919539	0.05284503322937506	0.8300000000000001	0.0024414589805271674	0.002441335866873784	2534.0784716741778				
2023-06-23 07:00:00	79800	6.35	5.75	5.75	5.85	5.51	ILP.MI	4.27	4.72	4.27	4.35	4.72	3.12	1.0	1.0	1.0	1	1.0	1.0	1.0	1.0	-1.0	-1.0	6.35		6.35		6.35		6.35			1.0		6.35	4.25	4.72		4.72		4.72		4.72			1.0		4.72	3.52	-0.1	-0.1	1.69	-0.02	-0.02	0.59	4.68	1.69	0.0	0.0	11.13					1	-0.1	-0.1	0.2	-0.02	-0.02	0.04	0.2	0.0	0.0	108.58					-0.1	-0.1	1.99	-0.02	-0.02	0.59	1.99	0.0	0.0	68.6					0.1	0.1	1.07	0.02	0.02	0.3	1.07	-0.0	-0.0	-20.74					-0.10000000000000053	-0.10000000000000053	0.7299999999999995	-0.01680672268907568	-0.01694955831377332	0.035150158721318325	0.7299999999999995	0.0024055816577908348	0.0024053997021025175	1728.0699900604184				
2023-06-26 07:00:00	42000	6.1	5.65	6.0	6.05	5.7	ILP.MI	4.45	4.53	4.19	4.49	4.72	3.12	1.0	1.0	1.0	1	1.0	1.0	1.0	1.0	-1.0	-1.0		5.65								1.0			4.25		4.19								1.0			3.52	0.2	0.2	1.89	0.03	0.03	0.64	4.72	1.89	0.0	0.0	18.19					1	0.2	0.2	0.4	0.03	0.03	0.07	0.4	0.0	0.0	122.2					0.2	0.2	2.19	0.03	0.03	0.64	2.19	0.0	0.0	75.66					-0.2	-0.2	0.87	-0.03	-0.03	0.26	0.87	-0.0	-0.0	-22.18					0.20000000000000018	0.20000000000000018	0.9299999999999997	0.03418803418803429	0.033616610798985064	0.07053990773743202	0.9299999999999997	0.0027283011214610914	0.002728077294408049	1729.926065543783				
2023-06-27 07:00:00	15600	6.15	5.9	6.05	6.0	5.65	ILP.MI	4.46	4.54	4.35	4.43	4.72	3.12	1.0	1.0	1.0	1	1.0	1.0	1.0	1.0	-1.0	-1.0	6.15									1.0			4.25	4.54									1.0			3.52	-0.05	-0.05	1.84	-0.01	-0.01	0.63	4.72	1.84	0.0	0.0	18.83					1	-0.05	-0.05	0.35	-0.01	-0.01	0.06	0.35	0.0	0.0	124.76					-0.05	-0.05	2.14	-0.01	-0.01	0.63	2.14	0.0	0.0	77.05					0.05	0.05	0.92	0.01	0.01	0.27	0.92	-0.0	-0.0	-17.1					-0.04999999999999982	-0.04999999999999982	0.8799999999999999	-0.008264462809917328	-0.008298802814695066	0.06169247048340365	0.8799999999999999	0.0026899976037316445	0.0026897071036984244	1482.195294106558				
2023-06-28 07:00:00	9600	6.0	5.85	5.95	5.85	5.51	ILP.MI	4.35	4.39	4.28	4.28	4.72	3.12	1.0	1.0	1.0	1	1.0	1.0	1.0	1.0	-1.0	-1.0										1.0			4.25										1.0			3.52	-0.15	-0.15	1.69	-0.03	-0.03	0.59	4.72	1.69	0.0	0.0	13.09					1	-0.15	-0.15	0.2	-0.03	-0.03	0.04	0.2	0.0	0.0	109.88					-0.15	-0.15	1.99	-0.03	-0.03	0.59	1.99	0.0	0.0	68.61					0.15	0.15	1.07	0.03	0.03	0.3	1.07	-0.0	-0.0	-14.54					-0.15000000000000036	-0.15000000000000036	0.7299999999999995	-0.025000000000000022	-0.025317807984289897	0.03515015872131855	0.7299999999999995	0.0026398229223375015	0.002639426199877004	1039.2151527645826				
2023-06-29 07:00:00	48000	6.0	5.5	5.9	5.65	5.32	ILP.MI	4.27	4.34	3.98	4.09	4.72	3.12	1.0	1.0	1.0	1	1.0	1.0	1.0	1.0	-1.0	-1.0		5.5								1.0			4.25										1.0			3.52	-0.2	-0.2	1.49	-0.03	-0.03	0.54	4.72	1.49	0.0	0.0	3.69					1	-0.2	-0.2	0.0	-0.03	-0.03	0.0	0.0	0.0	0.0	88.76					-0.2	-0.2	1.79	-0.03	-0.03	0.53	1.79	0.0	0.0	57.59					0.2	0.2	1.27	0.03	0.03	0.34	1.27	-0.0	-0.0	-14.86					-0.1999999999999993	-0.1999999999999993	0.5300000000000002	-0.03418803418803407	-0.034786116085415424	-0.00023959029479481142	0.5300000000000002	0.0025779568636757136	0.0025774099718804955	728.8949145435035				
2023-06-30 07:00:00	3600	5.85	5.7	5.8	5.7	5.37	ILP.MI	4.15	4.19	4.08	4.08	4.72	3.12	1.0	1.0	1.0	1	1.0	1.0	1.0	1.0	-1.0	-1.0	5.85									1.0			4.25										1.0			3.52	0.05	0.05	1.54	0.01	0.01	0.55	4.8	1.54	-0.0	-0.0	-2.18					1	0.05	0.05	0.05	0.01	0.01	0.01	0.05	0.0	0.0	79.44					0.05	0.05	1.84	0.01	0.01	0.55	1.84	0.0	0.0	54.75					-0.05	-0.05	1.22	-0.01	-0.01	0.33	1.22	-0.0	-0.0	-27.45					0.04999999999999982	0.04999999999999982	0.5800000000000001	0.008849557522123908	0.008810629682154906	0.008607846959233445	0.5800000000000001	0.002659895719719754	0.0026593250853039763	729.6239118018481				
2023-07-03 07:00:00	2400	5.85	5.7	5.85	5.7	5.37	ILP.MI	4.16	4.16	4.05	4.05	4.72	3.12	1.0	1.0	1.0	1	1.0	1.0	1.0	1.0	-1.0	-1.0										1.0			4.25										1.0			3.52	0.0	0.0	1.54	0.0	0.0	0.55	4.82	1.54	0.0	0.0	3.82					1	0.0	0.0	0.05	0.0	0.0	0.01	0.05	0.0	0.0	95.92					0.0	0.0	1.84	0.0	0.0	0.55	1.84	0.0	0.0	64.11					-0.0	-0.0	1.22	-0.0	-0.0	0.33	1.22	-0.0	-0.0	-21.92					0.0	0.0	0.5800000000000001	0.0	0.0	0.008607846959233445	0.5800000000000001	0.002659895719719754	0.0026593250853039763	729.6239118018481				
2023-07-04 07:00:00	3600	5.65	5.6	5.65	5.65	5.32	ILP.MI	4.02	4.02	3.99	4.02	4.72	3.12	1.0	1.0	1.0	1	1.0	1.0	1.0	1.0	-1.0	-1.0										1.0			4.25										1.0			3.52	-0.05	-0.05	1.49	-0.01	-0.01	0.54	4.88	1.49	0.0	0.0	5.06					1	-0.05	-0.05	0.0	-0.01	-0.01	0.0	0.0	0.0	0.0	100.75					-0.05	-0.05	1.79	-0.01	-0.01	0.53	1.79	0.0	0.0	66.76					0.05	0.05	1.27	0.01	0.01	0.34	1.27	-0.0	-0.0	-15.75					-0.04999999999999982	-0.04999999999999982	0.5300000000000002	-0.00877192982456132	-0.008810629682154807	-0.0002395902947947004	0.5300000000000002	0.002610971763995275	0.002610299160975993	668.4941805854517				
2023-07-05 07:00:00	5400	5.65	5.5	5.55	5.5	5.18	ILP.MI	3.98	4.05	3.94	3.94	4.72	3.12	1.0	1.0	1.0	1	1.0	1.0	1.0	1.0	-1.0	-1.0		5.5								1.0			4.25		3.94								1.0			3.52	-0.15	-0.15	1.34	-0.03	-0.03	0.49	4.9	1.34	-0.0	-0.0	-0.61					1	-0.15	-0.15	-0.15	-0.03	-0.03	-0.03	-0.15	0.0	0.0	85.76					-0.15	-0.15	1.64	-0.03	-0.03	0.49	1.64	0.0	0.0	58.4					0.15	0.15	1.42	0.03	0.03	0.38	1.42	-0.0	-0.0	-12.07					-0.15000000000000036	-0.15000000000000036	0.3799999999999999	-0.026548672566371723	-0.02690745291992438	-0.026781902056879914	0.3799999999999999	0.002543998541420373	0.0025431527875807713	541.2377727813764				
2023-07-06 07:00:00	3000	5.65	5.6	5.6	5.65	5.32	ILP.MI	4.11	4.15	4.11	4.15	4.72	3.12	1.0	1.0	1.0	1	1.0	1.0	1.0	1.0	-1.0	-1.0	5.65									1.0			4.25	4.15									1.0			3.52	0.15	0.15	1.49	0.03	0.03	0.54	5.05	1.49	0.0	0.0	7.3					1	0.15	0.15	0.0	0.03	0.03	0.0	0.0	0.0	0.0	102.9					0.15	0.15	1.79	0.03	0.03	0.53	1.79	0.0	0.0	66.78					-0.15	-0.15	1.27	-0.03	-0.03	0.34	1.27	-0.0	-0.0	-12.59					0.15000000000000036	0.15000000000000036	0.5300000000000002	0.027272727272727337	0.026907452919924402	-0.0002395902947947004	0.5300000000000002	0.002788856362991685	0.0027879075899019945	543.7828990772712				
2023-07-07 07:00:00	9000	5.55	5.4	5.55	5.45	5.14	ILP.MI	4.04	4.04	3.93	3.97	4.72	3.12	1.0	1.0	1.0	1	1.0	1.0	1.0	1.0	-1.0	-1.0										1.0			4.25										1.0			3.52	-0.2	-0.2	1.29	-0.04	-0.04	0.48	5.05	1.29	0.0	0.0	5.89					1	-0.2	-0.2	-0.2	-0.04	-0.04	-0.03	-0.2	0.0	0.0	97.48					-0.2	-0.2	1.59	-0.04	-0.04	0.48	1.59	0.0	0.0	63.8					0.2	0.2	1.47	0.04	0.04	0.39	1.47	-0.0	-0.0	-3.23					-0.20000000000000018	-0.20000000000000018	0.33000000000000007	-0.03539823008849563	-0.03603993648319693	-0.03562933931090828	0.33000000000000007	0.002704678420977533	0.0027034735974516	430.00592407230096				
2023-07-10 07:00:00	9000	5.5	5.3	5.45	5.3	4.99	ILP.MI	3.95	3.99	3.84	3.84	4.72	3.12	1.0	1.0	1.0	1	1.0	1.0	1.0	1.0	-1.0	-1.0		5.3								1.0			4.25		3.84								1.0			3.52	-0.15	-0.15	1.14	-0.03	-0.03	0.44	5.15	1.14	-0.0	-0.0	-1.07					1	-0.15	-0.15	-0.35	-0.03	-0.03	-0.06	-0.35	0.0	0.0	81.01					-0.15	-0.15	1.44	-0.03	-0.03	0.44	1.44	0.0	0.0	55.07					0.15	0.15	1.62	0.03	0.03	0.43	1.62	-0.0	-0.0	-1.64					-0.15000000000000036	-0.15000000000000036	0.17999999999999972	-0.02752293577981657	-0.027908788117076616	-0.062171651072993384	0.17999999999999972	0.002622236754869474	0.0026207807494034174	364.7511452059173				
2023-07-11 07:00:00	5400	5.5	5.25	5.3	5.5	5.18	ILP.MI	3.82	3.96	3.78	3.96	4.72	3.12	1.0	1.0	1.0	1	1.0	1.0	1.0	1.0	-1.0	-1.0	5.5									1.0			4.25	3.96									1.0			3.52	0.2	0.2	1.34	0.04	0.04	0.49	5.2	1.34	0.0	0.0	8.22					1	0.2	0.2	-0.15	0.04	0.04	-0.03	-0.15	0.0	0.0	100.9					0.2	0.2	1.64	0.04	0.04	0.49	1.64	0.0	0.0	64.84					-0.2	-0.2	1.42	-0.04	-0.04	0.38	1.42	-0.0	-0.0	-2.45					0.20000000000000018	0.20000000000000018	0.3799999999999999	0.037735849056603765	0.037041271680349076	-0.026781902056879914	0.3799999999999999	0.002951904072824581	0.0029502437795421166	368.27113699288003				
2023-07-12 07:00:00	129600	5.65	5.25	5.55	5.3	4.99	ILP.MI	3.93	4.0	3.72	3.75	4.72	3.12	1.0	1.0	-1.0	1	1.0	1.0	1.0	1.0	-1.0	-1.0										1.0			4.25										1.0			3.52	-0.2	-0.2	1.14	-0.04	-0.04	0.44	5.2	1.14	0.0	-0.0	0.16					1	-0.2	-0.2	-0.35	-0.04	-0.04	-0.06	-0.35	0.0	0.0	95.04					-0.2	-0.2	1.44	-0.04	-0.04	0.44	1.44	0.0	0.0	54.41					0.2	0.2	1.62	0.04	0.04	0.43	1.62	0.0	0.0	6.03					-0.20000000000000018	-0.20000000000000018	0.17999999999999972	-0.036363636363636376	-0.0370412716803491	-0.062171651072993384	0.17999999999999972	0.0028492175416491446	0.002847191171567287	304.8502898165442				
2023-07-13 07:00:00	5400	5.45	5.3	5.35	5.4	5.09	ILP.MI	3.76	3.83	3.72	3.79	4.72	3.12	1.0	1.0	-1.0	1	1.0	1.0	1.0	1.0	-1.0	-1.0		5.3		5.3						1.0			4.25		3.72		3.72						1.0			3.52	0.1	0.1	1.24	0.02	0.02	0.47	5.2	1.24	0.0	0.0	0.54					1	0.1	0.1	-0.25	0.02	0.02	-0.04	-0.25	0.0	0.0	107.33					0.1	0.1	1.54	0.02	0.02	0.47	1.54	0.0	0.0	54.6					-0.1	-0.1	1.52	-0.02	-0.02	0.41	1.52	0.0	0.0	5.73					0.10000000000000053	0.10000000000000053	0.28000000000000025	0.018867924528301883	0.018692133012152546	-0.04447677656493665	0.28000000000000025	0.0030137083121560865	0.003011557945965526	306.5023101860145				
2023-07-14 07:00:00	1200	5.4	5.4	5.4	5.4	5.09	ILP.MI	3.81	3.81	3.81	3.81	4.72	3.12	1.0	1.0	-1.0	1	1.0	1.0	1.0	1.0	-1.0	-1.0	5.4									1.0			4.25	3.81									1.0			3.52	0.0	0.0	1.24	0.0	0.0	0.47	5.25	1.24	0.0	0.0	4.26					1	0.0	0.0	-0.25	0.0	0.0	-0.04	-0.25	0.0	0.0	105.83					0.0	0.0	1.54	0.0	0.0	0.47	1.54	0.0	0.0	59.28					-0.0	-0.0	1.52	-0.0	-0.0	0.41	1.52	0.0	0.0	9.49					0.0	0.0	0.28000000000000025	0.0	0.0	-0.04447677656493665	0.28000000000000025	0.0030137083121560865	0.003011557945965526	306.5023101860145				
2023-07-17 07:00:00	4200	5.4	5.3	5.35	5.4	5.09	ILP.MI	3.78	3.82	3.74	3.82	4.72	3.12	1.0	1.0	-1.0	1	1.0	1.0	1.0	1.0	-1.0	-1.0		5.3								1.0			4.25		3.74								1.0			3.52	0.0	0.0	1.24	0.0	0.0	0.47	5.25	1.24	0.0	0.0	2.56					1	0.0	0.0	-0.25	0.0	0.0	-0.04	-0.25	0.0	0.0	115.95					0.0	0.0	1.54	0.0	0.0	0.47	1.54	0.0	0.0	58.46					-0.0	-0.0	1.52	-0.0	-0.0	0.41	1.52	0.0	0.0	7.93					0.0	0.0	0.28000000000000025	0.0	0.0	-0.04447677656493665	0.28000000000000025	0.0030137083121560865	0.003011557945965526	306.5023101860145				
2023-07-18 07:00:00	10200	5.45	5.3	5.35	5.45	5.14	ILP.MI	3.77	3.84	3.73	3.84	4.72	3.12	1.0	1.0	-1.0	1	1.0	1.0	1.0	1.0	-1.0	-1.0										1.0			4.25										1.0			3.52	0.05	0.05	1.29	0.01	0.01	0.48	5.25	1.29	0.0	0.0	7.0					1	0.05	0.05	-0.2	0.01	0.01	-0.03	-0.2	0.0	0.0	116.3					0.05	0.05	1.59	0.01	0.01	0.48	1.59	0.0	0.0	62.99					-0.05	-0.05	1.47	-0.01	-0.01	0.39	1.47	0.0	0.0	7.7					0.04999999999999982	0.04999999999999982	0.33000000000000007	0.0092592592592593	0.009216655104924048	-0.03562933931090828	0.33000000000000007	0.0030948148770794186	0.003092602019247437	307.25816367702475				
2023-07-19 07:00:00	9000	5.65	5.4	5.4	5.65	5.32	ILP.MI	3.8	3.98	3.8	3.98	4.72	3.12	1.0	1.0	-1.0	1	1.0	1.0	1.0	1.0	1.0	1.0	5.65									1.0			4.25	3.98		3.98							1.0			3.52	0.2	0.2	1.49	0.04	0.04	0.54	5.25	1.49	0.0	0.0	10.65					1	0.2	0.2	0.0	0.04	0.04	0.0	0.0	0.0	0.0	120.71					0.2	0.2	1.79	0.04	0.04	0.53	1.79	0.0	0.0	64.77					-0.2	-0.2	1.27	-0.04	-0.04	0.34	1.27	0.0	0.0	1.82					0.20000000000000018	0.20000000000000018	0.5300000000000002	0.03669724770642202	0.03603993648319687	-0.00023959029479481142	0.5300000000000002	0.003411966318131551	0.003409500527704168	309.89771068261956				
2023-07-20 07:00:00	6000	5.65	5.5	5.65	5.5	5.18	ILP.MI	3.96	3.96	3.86	3.86	4.72	3.12	1.0	1.0	-1.0	1	1.0	1.0	1.0	1.0	1.0	1.0										1.0			4.25										1.0			3.52	-0.15	-0.15	1.34	-0.03	-0.03	0.49	5.25	1.34	0.0	0.0	4.77					1	-0.15	-0.15	-0.15	-0.03	-0.03	-0.03	-0.15	0.0	0.0	114.23					-0.15	-0.15	1.64	-0.03	-0.03	0.49	1.64	0.0	0.0	56.94					-0.15	-0.15	1.12	-0.03	-0.03	0.31	1.12	-0.0	-0.0	-4.01					-0.15000000000000036	-0.15000000000000036	0.3799999999999999	-0.026548672566371723	-0.02690745291992438	-0.026781902056879914	0.3799999999999999	0.003308650624548569	0.0033057972247698686	272.3460896355069				
2023-07-21 07:00:00	3000	5.4	5.4	5.4	5.4	5.09	ILP.MI	3.78	3.78	3.78	3.78	4.72	3.12	1.0	1.0	-1.0	1	1.0	1.0	1.0	1.0	1.0	1.0		5.4								1.0			4.25		3.78								1.0			3.52	-0.1	-0.1	1.24	-0.02	-0.02	0.47	5.25	1.24	0.0	0.0	3.84					1	-0.1	-0.1	-0.25	-0.02	-0.02	-0.04	-0.25	0.0	0.0	103.07					-0.1	-0.1	1.54	-0.02	-0.02	0.47	1.54	0.0	0.0	55.07					-0.1	-0.1	1.02	-0.02	-0.02	0.29	1.02	-0.0	-0.0	-4.88					-0.09999999999999964	-0.09999999999999964	0.28000000000000025	-0.018181818181818077	-0.01834913866819643	-0.04447677656493654	0.28000000000000025	0.003211935080334022	0.0032087382469987435	248.50111469369796				
2023-07-24 07:00:00	10200	5.55	5.3	5.4	5.4	5.09	ILP.MI	3.78	3.88	3.71	3.78	4.72	3.12	1.0	1.0	-1.0	1	1.0	1.0	1.0	1.0	1.0	1.0	5.55									1.0			4.25	3.88									1.0			3.52	0.0	0.0	1.24	0.0	0.0	0.47	5.25	1.24	0.0	0.0	7.27					1	0.0	0.0	-0.25	0.0	0.0	-0.04	-0.25	0.0	0.0	101.99					0.0	0.0	1.54	0.0	0.0	0.47	1.54	0.0	0.0	59.22					0.0	0.0	1.02	0.0	0.0	0.29	1.02	-0.0	-0.0	-1.48					0.0	0.0	0.28000000000000025	0.0	0.0	-0.04447677656493654	0.28000000000000025	0.003211935080334022	0.0032087382469987435	248.50111469369796				
2023-07-25 07:00:00	3000	5.4	5.35	5.35	5.4	5.09	ILP.MI	3.73	3.77	3.73	3.77	4.72	3.12	1.0	1.0	-1.0	1	1.0	1.0	1.0	1.0	1.0	1.0		5.35								1.0			4.25		3.73								1.0			3.52	0.0	0.0	1.24	0.0	0.0	0.47	5.25	1.24	0.0	0.0	5.49					1	0.0	0.0	-0.25	0.0	0.0	-0.04	-0.25	0.0	0.0	112.19					0.0	0.0	1.54	0.0	0.0	0.47	1.54	0.0	0.0	58.35					0.0	0.0	1.02	0.0	0.0	0.29	1.02	-0.0	-0.0	-3.46					0.0	0.0	0.28000000000000025	0.0	0.0	-0.04447677656493654	0.28000000000000025	0.003211935080334022	0.0032087382469987435	248.50111469369796				
2023-07-26 07:00:00	600	5.4	5.4	5.4	5.4	5.09	ILP.MI	3.77	3.77	3.77	3.77	4.72	3.12	1.0	1.0	-1.0	1	1.0	1.0	1.0	1.0	1.0	1.0										1.0			4.25										1.0			3.52	0.0	0.0	1.24	0.0	0.0	0.47	5.25	1.24	0.0	0.0	8.45					1	0.0	0.0	-0.25	0.0	0.0	-0.04	-0.25	0.0	0.0	111.92					0.0	0.0	1.54	0.0	0.0	0.47	1.54	0.0	0.0	61.5					0.0	0.0	1.02	0.0	0.0	0.29	1.02	-0.0	-0.0	-0.48					0.0	0.0	0.28000000000000025	0.0	0.0	-0.04447677656493654	0.28000000000000025	0.003211935080334022	0.0032087382469987435	248.50111469369796				
2023-07-27 07:00:00	13800	5.7	5.45	5.5	5.5	5.18	ILP.MI	3.76	3.89	3.72	3.76	4.72	3.12	1.0	1.0	-1.0	1	1.0	1.0	1.0	1.0	1.0	1.0	5.7		5.7							1.0			4.25	3.89									1.0			3.52	0.1	0.1	1.34	0.02	0.02	0.49	5.25	1.34	0.0	0.0	10.26					1	0.1	0.1	-0.15	0.02	0.02	-0.03	-0.15	0.0	0.0	114.07					0.1	0.1	1.64	0.02	0.02	0.49	1.64	0.0	0.0	62.38					0.1	0.1	1.12	0.02	0.02	0.31	1.12	0.0	0.0	1.53					0.09999999999999964	0.09999999999999964	0.3799999999999999	0.01851851851851838	0.0183491386681964	-0.026781902056880025	0.3799999999999999	0.0033697376728805115	0.0033663780307771063	249.87585081498787				
2023-07-28 07:00:00	4200	5.5	5.35	5.5	5.35	5.04	ILP.MI	3.77	3.77	3.67	3.67	4.72	3.12	1.0	1.0	-1.0	1	1.0	1.0	1.0	1.0	1.0	1.0		5.35								1.0			4.25		3.67		3.67						1.0			3.52	-0.15	-0.15	1.19	-0.03	-0.03	0.45	5.25	1.19	0.0	0.0	4.44					1	-0.15	-0.15	-0.3	-0.03	-0.03	-0.05	-0.3	0.0	0.0	107.87					-0.15	-0.15	1.49	-0.03	-0.03	0.45	1.49	0.0	0.0	54.82					-0.15	-0.15	0.97	-0.03	-0.03	0.27	0.97	-0.0	-0.0	-4.25					-0.15000000000000036	-0.15000000000000036	0.22999999999999954	-0.027272727272727337	-0.027651531330510123	-0.05332421381896513	0.22999999999999954	0.003253563798072035	0.0032497371980442225	221.23156992138087				
2023-07-31 07:00:00	3600	5.5	5.4	5.5	5.4	5.09	ILP.MI	3.75	3.75	3.68	3.68	4.72	3.12	1.0	1.0	-1.0	1	1.0	1.0	1.0	1.0	1.0	1.0										1.0			4.25										1.0			3.52	0.05	0.05	1.24	0.01	0.01	0.47	5.25	1.24	0.0	0.0	4.24					1	0.05	0.05	-0.25	0.01	0.01	-0.04	-0.25	0.0	0.0	116.83					0.05	0.05	1.54	0.01	0.01	0.47	1.54	0.0	0.0	54.73					0.05	0.05	1.02	0.01	0.01	0.29	1.02	-0.0	-0.0	-4.47					0.05000000000000071	0.05000000000000071	0.28000000000000025	0.009345794392523477	0.00930239266231363	-0.04447677656493665	0.28000000000000025	0.0033326341357017	0.0033287152158647526	221.9324983130648				
2023-08-01 07:00:00	16800	5.6	5.35	5.55	5.5	5.18	ILP.MI	3.82	3.86	3.68	3.79	4.72	3.12	1.0	1.0	-1.0	1	1.0	1.0	1.0	1.0	1.0	1.0										1.0			4.25										1.0			3.52	0.1	0.1	1.34	0.02	0.02	0.49	5.25	1.34	0.0	0.0	5.83					1	0.1	0.1	-0.15	0.02	0.02	-0.03	-0.15	0.0	0.0	118.63					0.1	0.1	1.64	0.02	0.02	0.49	1.64	0.0	0.0	55.51					0.1	0.1	1.12	0.02	0.02	0.31	1.12	-0.0	-0.0	-2.7					0.09999999999999964	0.09999999999999964	0.3799999999999999	0.01851851851851838	0.0183491386681964	-0.026781902056880136	0.3799999999999999	0.0034886018143813705	0.0034844975758936414	223.23361149221552				
2023-08-02 07:00:00	6600	5.5	5.5	5.5	5.5	5.18	ILP.MI	3.84	3.84	3.84	3.84	4.72	3.12	1.0	1.0	-1.0	1	1.0	1.0	1.0	1.0	1.0	1.0	5.5									1.0			4.25	3.84									1.0			3.52	0.0	0.0	1.34	0.0	0.0	0.49	5.25	1.34	0.0	0.0	5.83					1	0.0	0.0	-0.15	0.0	0.0	-0.03	-0.15	0.0	0.0	118.63					0.0	0.0	1.64	0.0	0.0	0.49	1.64	0.0	0.0	55.51					0.0	0.0	1.12	0.0	0.0	0.31	1.12	-0.0	-0.0	-2.7					0.0	0.0	0.3799999999999999	0.0	0.0	-0.026781902056880136	0.3799999999999999	0.0034886018143813705	0.0034844975758936414	223.23361149221552				
2023-08-03 07:00:00	2400	5.5	5.4	5.5	5.4	5.09	ILP.MI	3.87	3.87	3.8	3.8	4.72	3.12	1.0	1.0	-1.0	1	1.0	1.0	1.0	1.0	1.0	1.0										1.0			4.25										1.0			3.52	-0.1	-0.1	1.24	-0.02	-0.02	0.47	5.25	1.24	0.0	0.0	5.81					1	-0.1	-0.1	-0.25	-0.02	-0.02	-0.04	-0.25	0.0	0.0	108.56					-0.1	-0.1	1.54	-0.02	-0.02	0.47	1.54	0.0	0.0	55.45					-0.1	-0.1	1.02	-0.02	-0.02	0.29	1.02	-0.0	-0.0	-2.73					-0.09999999999999964	-0.09999999999999964	0.28000000000000025	-0.018181818181818077	-0.01834913866819643	-0.04447677656493676	0.28000000000000025	0.003379016308433442	0.003374489404961656	204.93137996232178				
2023-08-04 07:00:00	1800	5.35	5.35	5.35	5.35	5.04	ILP.MI	3.78	3.78	3.78	3.78	4.72	3.12	1.0	1.0	-1.0	1	1.0	1.0	1.0	1.0	1.0	1.0										1.0			4.25										1.0			3.52	-0.05	-0.05	1.19	-0.01	-0.01	0.45	5.25	1.19	0.0	0.0	2.42					1	-0.05	-0.05	-0.3	-0.01	-0.01	-0.05	-0.3	0.0	0.0	101.66					-0.05	-0.05	1.49	-0.01	-0.01	0.45	1.49	0.0	0.0	51.41					-0.05	-0.05	0.97	-0.01	-0.01	0.27	0.97	-0.0	-0.0	-6.08					-0.05000000000000071	-0.05000000000000071	0.22999999999999954	-0.009259259259259411	-0.009302392662313674	-0.05332421381896524	0.22999999999999954	0.0032811404429618756	0.0032762793649832034	193.86360635444834				
2023-08-07 07:00:00	1200	5.3	5.25	5.3	5.25	4.95	ILP.MI	3.75	3.75	3.72	3.72	4.72	3.12	1.0	1.0	-1.0	0	1.0	1.0	1.0	1.0	1.0	1.0										1.0			4.25		3.72								1.0			3.52	-0.1	-0.1	1.09	-0.02	-0.02	0.43	5.25	1.09	-0.0	-0.0	-3.47					1	-0.1	-0.1	-0.4	-0.02	-0.02	-0.07	-0.4	0.0	0.0	92.3					-0.1	-0.1	1.39	-0.02	-0.02	0.42	1.39	0.0	0.0	45.22					-0.1	-0.1	0.87	-0.02	-0.02	0.25	0.87	-0.0	-0.0	-12.11					-0.09999999999999964	-0.09999999999999964	0.1299999999999999	-0.01869158878504662	-0.01886848430438269	-0.07101908832702186	0.1299999999999999	0.0031641851340021227	0.0031588658127283953	177.66036044535795				
2023-08-08 07:00:00	3600	5.25	5.1	5.15	5.2	4.9	ILP.MI	3.73	3.8	3.69	3.76	4.72	3.12	1.0	1.0	-1.0	0	1.0	1.0	1.0	1.0	1.0	1.0		5.1		5.1						1.0			4.25										1.0			3.52	-0.05	-0.05	1.04	-0.01	-0.01	0.41	5.1	1.04	-0.0	-0.0	-7.57					1	-0.0	-0.0	-0.4	-0.0	-0.0	-0.07	-0.4	0.0	0.0	92.3					-0.05	-0.05	1.34	-0.01	-0.01	0.41	1.34	0.0	0.0	40.97					-0.05	-0.05	0.82	-0.01	-0.01	0.24	0.82	-0.0	-0.0	-16.27					-0.04999999999999982	-0.04999999999999982	0.08000000000000007	-0.00952380952380949	-0.009569451016150672	-0.07986652558105023	0.08000000000000007	0.0030611242914291344	0.003055451991118341	167.647372427727				
2023-08-09 07:00:00	6000	5.5	5.25	5.3	5.25	4.95	ILP.MI	3.78	3.93	3.75	3.75	4.72	3.12	1.0	1.0	-1.0	0	1.0	1.0	1.0	1.0	1.0	1.0										1.0			4.25										1.0			3.52	0.05	0.05	1.09	0.01	0.01	0.43	5.1	1.09	-0.0	-0.0	-6.52					1	0.0	0.0	-0.4	0.0	0.0	-0.07	-0.4	0.0	0.0	92.3					0.05	0.05	1.39	0.01	0.01	0.42	1.39	0.0	0.0	41.48					0.05	0.05	0.87	0.01	0.01	0.25	0.87	-0.0	-0.0	-15.1					0.04999999999999982	0.04999999999999982	0.1299999999999999	0.009615384615384581	0.009569451016150672	-0.07101908832702186	0.1299999999999999	0.003138636844659955	0.00313283758315297	168.45675762907393				
2023-08-10 07:00:00	3000	5.4	5.35	5.35	5.4	5.09	ILP.MI	3.78	3.82	3.78	3.82	4.72	3.12	1.0	1.0	-1.0	0	1.0	1.0	1.0	1.0	1.0	1.0										1.0			4.25										1.0			3.52	0.15	0.15	1.24	0.03	0.03	0.47	5.1	1.24	-0.0	-0.0	-5.47					1	0.0	0.0	-0.4	0.0	0.0	-0.07	-0.4	0.0	0.0	92.3					0.15	0.15	1.54	0.03	0.03	0.47	1.54	0.0	0.0	47.99					0.15	0.15	1.02	0.03	0.03	0.29	1.02	-0.0	-0.0	-13.94					0.15000000000000036	0.15000000000000036	0.28000000000000025	0.028571428571428692	0.02817087696669644	-0.04447677656493665	0.28000000000000025	0.003366820948090196	0.003360639805708443	170.66206840545615				
2023-08-11 07:00:00	0	5.4	5.4	5.4	5.4	5.09	ILP.MI	3.86	3.86	3.86	3.86	4.72	3.12	1.0	1.0	-1.0	0	1.0	1.0	1.0	1.0	1.0	1.0	5.4									1.0			4.25	3.86									1.0			3.52	0.0	0.0	1.24	0.0	0.0	0.47	5.1	1.24	-0.0	-0.0	-5.47					1	0.0	0.0	-0.4	0.0	0.0	-0.07	-0.4	0.0	0.0	92.3					0.0	0.0	1.54	0.0	0.0	0.47	1.54	0.0	0.0	47.99					0.0	0.0	1.02	0.0	0.0	0.29	1.02	-0.0	-0.0	-13.94					0.0	0.0	0.28000000000000025	0.0	0.0	-0.04447677656493665	0.28000000000000025	0.003366820948090196	0.003360639805708443	170.66206840545615				
2023-08-14 07:00:00	1800	5.35	5.35	5.35	5.35	5.04	ILP.MI	3.8	3.8	3.8	3.8	4.72	3.21	1.0	1.0	-1.0	0	1.0	1.0	1.0	1.0	1.0	1.0										1.0			4.25		3.8								1.0			3.52	-0.05	-0.05	1.19	-0.01	-0.01	0.45	5.1	1.19	-0.0	-0.0	-10.02					1	-0.0	-0.0	-0.4	-0.0	-0.0	-0.07	-0.4	0.0	0.0	91.0					-0.05	-0.05	1.49	-0.01	-0.01	0.45	1.49	0.0	0.0	48.32					-0.05	-0.05	0.97	-0.01	-0.01	0.27	0.97	-0.0	-0.0	-18.61					-0.05000000000000071	-0.05000000000000071	0.22999999999999954	-0.009259259259259411	-0.009302392662313674	-0.05332421381896513	0.22999999999999954	0.0032586062992233664	0.0032520458773752647	161.32054328612676				
2023-08-16 07:00:00	1200	5.35	5.3	5.35	5.3	4.99	ILP.MI	3.84	3.84	3.8	3.8	4.72	3.28	1.0	1.0	-1.0	0	1.0	1.0	1.0	1.0	1.0	1.0										1.0			4.25										1.0			3.52	-0.05	-0.05	1.14	-0.01	-0.01	0.44	5.1	1.14	-0.0	-0.0	-14.67					1	-0.0	-0.0	-0.4	-0.0	-0.0	-0.07	-0.4	0.0	0.0	89.62					-0.05	-0.05	1.44	-0.01	-0.01	0.44	1.44	0.0	0.0	48.66					-0.05	-0.05	0.92	-0.01	-0.01	0.26	0.92	-0.0	-0.0	-23.39					-0.04999999999999982	-0.04999999999999982	0.17999999999999972	-0.009345794392523366	-0.009389740349839032	-0.062171651072993495	0.17999999999999972	0.0031483477416802707	0.0031414034008336866	152.27374315850457				
2023-08-17 07:00:00	8400	5.5	5.2	5.4	5.2	4.9	ILP.MI	3.91	3.99	3.77	3.77	4.72	3.28	1.0	1.0	1.0	0	1.0	1.0	1.0	1.0	1.0	1.0										1.0			4.25	3.99		3.99							1.0			3.52	-0.1	-0.1	1.04	-0.02	-0.02	0.41	5.1	1.04	-0.0	-0.0	-18.5					1	-0.0	-0.0	-0.4	-0.0	-0.0	-0.07	-0.4	0.0	0.0	89.62					-0.1	-0.1	1.34	-0.02	-0.02	0.41	1.34	0.0	0.0	43.48					-0.1	-0.1	0.82	-0.02	-0.02	0.24	0.82	-0.0	-0.0	-27.17					-0.09999999999999964	-0.09999999999999964	0.08000000000000007	-0.01886792452830177	-0.019048194970694363	-0.07986652558105012	0.08000000000000007	0.003014962635901325	0.0030074768342547298	139.31581111410648				
2023-08-18 07:00:00	4800	5.35	5.1	5.25	5.3	4.99	ILP.MI	3.82	3.9	3.71	3.86	4.72	3.28	1.0	1.0	1.0	0	1.0	1.0	1.0	1.0	1.0	1.0										1.0			4.25										1.0			3.52	0.1	0.1	1.14	0.02	0.02	0.44	5.1	1.14	-0.0	-0.0	-11.6					1	0.0	0.0	-0.4	0.0	0.0	-0.07	-0.4	0.0	0.0	103.3					0.1	0.1	1.44	0.02	0.02	0.44	1.44	0.0	0.0	42.79					0.1	0.1	0.92	0.02	0.02	0.26	0.92	-0.0	-0.0	-20.15					0.09999999999999964	0.09999999999999964	0.17999999999999972	0.019230769230769162	0.01904819497069441	-0.062171651072993495	0.17999999999999972	0.0031635385566727414	0.003155744856030207	140.8874130141061				
2023-08-21 07:00:00	1800	5.35	5.2	5.35	5.2	4.9	ILP.MI	3.86	3.86	3.76	3.76	4.72	3.28	1.0	1.0	1.0	0	1.0	1.0	1.0	1.0	1.0	1.0										1.0			4.25										1.0			3.52	-0.1	-0.1	1.04	-0.02	-0.02	0.41	5.1	1.04	-0.0	-0.0	-15.43					1	-0.0	-0.0	-0.4	-0.0	-0.0	-0.07	-0.4	0.0	0.0	103.3					-0.1	-0.1	1.34	-0.02	-0.02	0.41	1.34	0.0	0.0	37.81					-0.1	-0.1	0.82	-0.02	-0.02	0.24	0.82	-0.0	-0.0	-23.92					-0.09999999999999964	-0.09999999999999964	0.08000000000000007	-0.01886792452830177	-0.019048194970694363	-0.07986652558105012	0.08000000000000007	0.003024438992402588	0.003016070023768469	128.9393730867006				
2023-08-22 07:00:00	1200	5.2	5.2	5.2	5.2	4.9	ILP.MI	3.73	3.73	3.73	3.73	4.72	3.3	1.0	1.0	1.0	0	1.0	1.0	1.0	1.0	1.0	1.0		5.2								1.0			4.25		3.73								1.0			3.52	0.0	0.0	1.04	0.0	0.0	0.41	5.1	1.04	-0.0	-0.0	-15.43					1	0.0	0.0	-0.4	0.0	0.0	-0.07	-0.4	0.0	0.0	103.3					0.0	0.0	1.34	0.0	0.0	0.41	1.34	0.0	0.0	37.81					0.0	0.0	0.82	0.0	0.0	0.24	0.82	-0.0	-0.0	-23.92					0.0	0.0	0.08000000000000007	0.0	0.0	-0.07986652558105012	0.08000000000000007	0.003024438992402588	0.003016070023768469	128.9393730867006				
2023-08-23 07:00:00	1200	5.45	5.3	5.3	5.45	5.14	ILP.MI	3.79	3.9	3.79	3.9	4.72	3.33	1.0	1.0	1.0	0	1.0	1.0	1.0	1.0	1.0	1.0										1.0			4.25										1.0			3.52	0.25	0.25	1.29	0.05	0.05	0.48	5.1	1.29	-0.0	-0.0	-4.98					1	0.0	0.0	-0.4	0.0	0.0	-0.07	-0.4	0.0	0.0	123.14					0.25	0.25	1.59	0.05	0.05	0.48	1.59	0.0	0.0	37.91					0.25	0.25	1.07	0.05	0.05	0.3	1.07	-0.0	-0.0	-13.15					0.25	0.25	0.33000000000000007	0.04807692307692313	0.04695698308777108	-0.03562933931090817	0.33000000000000007	0.0033860077621784253	0.003376812367521964	132.52312248717053				
2023-08-24 07:00:00	0	5.45	5.45	5.45	5.45	5.14	ILP.MI	3.92	3.92	3.92	3.92	4.72	3.33	1.0	1.0	1.0	0	1.0	1.0	1.0	1.0	1.0	1.0	5.45		5.45							1.0			4.25	3.92									1.0			3.52	0.0	0.0	1.29	0.0	0.0	0.48	5.1	1.29	-0.0	-0.0	-1.94					1	0.0	0.0	-0.4	0.0	0.0	-0.07	-0.4	0.0	0.0	123.14					0.0	0.0	1.59	0.0	0.0	0.48	1.59	0.0	0.0	37.56					0.0	0.0	1.07	0.0	0.0	0.3	1.07	-0.0	-0.0	-10.12					0.0	0.0	0.33000000000000007	0.0	0.0	-0.03562933931090817	0.33000000000000007	0.0033860077621784253	0.003376812367521964	132.52312248717053				
2023-08-25 07:00:00	7200	5.35	5.2	5.25	5.3	4.99	ILP.MI	3.76	3.83	3.73	3.8	4.72	3.33	1.0	1.0	1.0	0	1.0	1.0	1.0	1.0	1.0	1.0		5.2								1.0			4.25										1.0			3.52	-0.15	-0.15	1.14	-0.03	-0.03	0.44	5.1	1.14	0.0	0.0	1.14					1	-0.0	-0.0	-0.4	-0.0	-0.0	-0.07	-0.4	0.0	0.0	123.14					-0.15	-0.15	1.44	-0.03	-0.03	0.44	1.44	0.0	0.0	27.65					-0.15	-0.15	0.92	-0.03	-0.03	0.26	0.92	-0.0	-0.0	-7.27					-0.15000000000000036	-0.15000000000000036	0.17999999999999972	-0.02752293577981657	-0.027908788117076616	-0.062171651072993384	0.17999999999999972	0.003217137437054038	0.0032071396253687823	118.49781521230534				
2023-08-28 07:00:00	1200	5.35	5.35	5.35	5.35	5.04	ILP.MI	3.79	3.79	3.79	3.79	4.72	3.33	1.0	1.0	1.0	0	1.0	1.0	1.0	1.0	1.0	1.0	5.35									1.0			4.25										1.0			3.52	0.05	0.05	1.19	0.01	0.01	0.45	5.1	1.19	0.0	0.0	6.27					1	0.0	0.0	-0.4	0.0	0.0	-0.07	-0.4	0.0	0.0	123.14					0.05	0.05	1.49	0.01	0.01	0.45	1.49	0.0	0.0	26.94					0.05	0.05	0.97	0.01	0.01	0.27	0.97	-0.0	-0.0	-2.16					0.04999999999999982	0.04999999999999982	0.22999999999999954	0.00943396226415083	0.009389740349838917	-0.05332421381896513	0.22999999999999954	0.0032884994637128132	0.0032783218820713333	119.17324104553086				
2023-08-29 07:00:00	3000	5.35	5.25	5.25	5.35	5.04	ILP.MI	3.67	3.74	3.67	3.74	4.72	3.33	1.0	1.0	-1.0	0	1.0	1.0	1.0	1.0	1.0	1.0										1.0			4.25										1.0			3.52	0.0	0.0	1.19	0.0	0.0	0.45	5.1	1.19	0.0	0.0	5.9					1	0.0	0.0	-0.4	0.0	0.0	-0.07	-0.4	0.0	0.0	123.14					0.0	0.0	1.49	0.0	0.0	0.45	1.49	0.0	0.0	30.02					0.0	0.0	0.97	0.0	0.0	0.27	0.97	-0.0	-0.0	-2.56					0.0	0.0	0.22999999999999954	0.0	0.0	-0.05332421381896513	0.22999999999999954	0.0032884994637128132	0.0032783218820713333	119.17324104553086				
2023-08-30 07:00:00	2400	5.3	5.25	5.3	5.3	4.99	ILP.MI	3.7	3.7	3.67	3.7	4.72	3.33	1.0	1.0	-1.0	0	1.0	1.0	1.0	1.0	1.0	1.0		5.25								1.0			4.25		3.67								1.0			3.52	-0.05	-0.05	1.14	-0.01	-0.01	0.44	5.1	1.14	0.0	0.0	2.11					1	-0.0	-0.0	-0.4	-0.0	-0.0	-0.07	-0.4	0.0	0.0	123.14					-0.05	-0.05	1.44	-0.01	-0.01	0.44	1.44	0.0	0.0	29.42					-0.05	-0.05	0.92	-0.01	-0.01	0.26	0.92	-0.0	-0.0	-6.35					-0.04999999999999982	-0.04999999999999982	0.17999999999999972	-0.009345794392523366	-0.009389740349839032	-0.062171651072993495	0.17999999999999972	0.0031594060263481216	0.003148756816272913	112.27026587215761				
2023-08-31 07:00:00	0	5.3	5.3	5.3	5.3	4.99	ILP.MI	3.72	3.72	3.72	3.72	4.72	3.33	1.0	1.0	-1.0	0	1.0	1.0	1.0	1.0	1.0	1.0	5.3									1.0			4.25	3.72									1.0			3.52	0.0	0.0	1.14	0.0	0.0	0.44	5.1	1.14	0.0	0.0	6.25					1	0.0	0.0	-0.4	0.0	0.0	-0.07	-0.4	0.0	0.0	123.14					0.0	0.0	1.44	0.0	0.0	0.44	1.44	0.0	0.0	28.22					0.0	0.0	0.92	0.0	0.0	0.26	0.92	-0.0	-0.0	-2.31					0.0	0.0	0.17999999999999972	0.0	0.0	-0.062171651072993495	0.17999999999999972	0.0031594060263481216	0.003148756816272913	112.27026587215761				
2023-09-01 07:00:00	6600	5.25	5.1	5.2	5.2	4.9	ILP.MI	3.67	3.7	3.6	3.67	4.72	3.33	1.0	-1.0	-1.0	-1	1.0	1.0	1.0	1.0	1.0	1.0		5.1								1.0			4.25		3.6								1.0			3.52	-0.1	-0.1	1.04	-0.02	-0.02	0.41	5.1	1.04	-0.0	-0.0	-1.38					1	-0.0	-0.0	-0.4	-0.0	-0.0	-0.07	-0.4	0.0	0.0	123.14					-0.1	-0.1	1.34	-0.02	-0.02	0.41	1.34	0.0	0.0	29.95					-0.1	-0.1	0.82	-0.02	-0.02	0.24	0.82	-0.0	-0.0	-10.19					-0.09999999999999964	-0.09999999999999964	0.08000000000000007	-0.01886792452830177	-0.019048194970694363	-0.07986652558105012	0.08000000000000007	0.003003322658899237	0.002992000127751915	102.67657450947925				
2023-09-04 07:00:00	6000	5.25	5.2	5.2	5.2	4.9	ILP.MI	3.67	3.7	3.67	3.67	4.72	3.33	1.0	-1.0	-1.0	-1	1.0	1.0	1.0	1.0	1.0	1.0										1.0			4.25										1.0			3.52	0.0	0.0	1.04	0.0	0.0	0.41	5.1	1.04	-0.0	-0.0	-2.26					1	-0.0	-0.0	-0.4	-0.0	-0.0	-0.07	-0.4	0.0	0.0	123.14					0.0	0.0	1.34	0.0	0.0	0.41	1.34	0.0	0.0	33.62					0.0	0.0	0.82	0.0	0.0	0.24	0.82	-0.0	-0.0	-11.16					0.0	0.0	0.08000000000000007	0.0	0.0	-0.07986652558105012	0.08000000000000007	0.003003322658899237	0.002992000127751915	102.67657450947925				
2023-09-05 07:00:00	600	5.25	5.25	5.25	5.25	4.95	ILP.MI	3.7	3.7	3.7	3.7	4.72	3.33	1.0	-1.0	-1.0	-1	1.0	1.0	1.0	1.0	1.0	1.0	5.25									1.0			4.25										1.0			3.52	0.05	0.05	1.09	0.01	0.01	0.43	5.1	1.09	-0.0	-0.0	-2.12					1	-0.05	-0.05	-0.45	-0.01	-0.01	-0.08	-0.45	0.0	0.0	115.17					0.05	0.05	1.39	0.01	0.01	0.42	1.39	0.0	0.0	37.97					0.05	0.05	0.87	0.01	0.01	0.25	0.87	-0.0	-0.0	-11.01					0.04999999999999982	0.04999999999999982	0.1299999999999999	0.009615384615384581	0.009569451016150672	-0.07101908832702175	0.1299999999999999	0.0030741365964187524	0.003062613853180407	103.39840422587062				
2023-09-06 07:00:00	0	5.25	5.25	5.25	5.25	4.95	ILP.MI	3.76	3.76	3.76	3.76	4.72	3.33	1.0	-1.0	-1.0	-1	1.0	1.0	1.0	1.0	1.0	1.0										1.0			4.25	3.76									1.0			3.52	0.0	0.0	1.09	0.0	0.0	0.43	5.1	1.09	-0.0	-0.0	-3.03					1	-0.0	-0.0	-0.45	-0.0	-0.0	-0.08	-0.45	0.0	0.0	115.17					0.0	0.0	1.39	0.0	0.0	0.42	1.39	0.0	0.0	41.77					0.0	0.0	0.87	0.0	0.0	0.25	0.87	-0.0	-0.0	-7.61					0.0	0.0	0.1299999999999999	0.0	0.0	-0.07101908832702175	0.1299999999999999	0.0030741365964187524	0.003062613853180407	103.39840422587062				
2023-09-07 07:00:00	13200	5.25	5.0	5.25	5.15	4.85	ILP.MI	3.77	3.77	3.59	3.7	4.72	3.34	1.0	-1.0	-1.0	-1	1.0	1.0	1.0	1.0	1.0	1.0										1.0			4.25										1.0			3.52	-0.1	-0.1	0.99	-0.02	-0.02	0.4	5.0	0.99	-0.0	-0.0	-8.71					1	0.1	0.1	-0.35	0.02	0.02	-0.06	-0.35	0.0	0.0	117.29					-0.1	-0.1	1.29	-0.02	-0.02	0.4	1.29	0.0	0.0	40.92					-0.1	-0.1	0.77	-0.02	-0.02	0.23	0.77	-0.0	-0.0	-8.1					-0.09999999999999964	-0.09999999999999964	0.03000000000000025	-0.01904761904761898	-0.019231361927887533	-0.08871396283507837	0.03000000000000025	0.0029127920940896926	0.002900568373832124	94.35886085541874				
2023-09-08 07:00:00	7200	5.15	5.05	5.15	5.05	4.76	ILP.MI	3.69	3.69	3.62	3.62	4.72	3.38	1.0	-1.0	-1.0	-1	1.0	1.0	1.0	1.0	1.0	1.0										1.0			4.25										1.0			3.52	-0.1	-0.1	0.89	-0.02	-0.02	0.37	5.0	0.89	-0.0	-0.0	-15.0					1	0.1	0.1	-0.25	0.02	0.02	-0.04	-0.25	0.0	0.0	119.28					-0.1	-0.1	1.19	-0.02	-0.02	0.37	1.19	0.0	0.0	40.6					-0.1	-0.1	0.67	-0.02	-0.02	0.2	0.67	-0.0	-0.0	-8.28					-0.10000000000000053	-0.10000000000000053	-0.07000000000000028	-0.019417475728155442	-0.019608471388376424	-0.10640883734313522	-0.07000000000000028	0.002746545412885686	0.0027335973847653072	85.74932351507229				
2023-09-11 07:00:00	4200	5.1	5.0	5.1	5.1	4.81	ILP.MI	3.61	3.61	3.54	3.61	4.72	3.48	1.0	-1.0	-1.0	-1	1.0	1.0	1.0	1.0	1.0	1.0										1.0			4.25										1.0			3.52	0.05	0.05	0.94	0.01	0.01	0.39	5.0	0.94	-0.0	-0.0	-9.76					1	-0.05	-0.05	-0.3	-0.01	-0.01	-0.05	-0.3	0.0	0.0	111.63					0.05	0.05	1.24	0.01	0.01	0.38	1.24	0.0	0.0	40.15					0.05	0.05	0.72	0.01	0.01	0.21	0.72	-0.0	-0.0	-9.14					0.04999999999999982	0.04999999999999982	-0.020000000000000462	0.00990099009900991	0.00985229644301164	-0.09756140008910685	-0.020000000000000462	0.0028174819472753703	0.002804308314104942	86.52382424297349				
2023-09-12 07:00:00	22800	5.05	4.88	5.05	4.96	4.67	ILP.MI	3.57	3.57	3.45	3.51	4.72	3.45	-1.0	-1.0	-1.0	-1	1.0	1.0	1.0	-1.0	1.0	-1.0										1.0			4.25										-1.0			3.52	-0.14	-0.14	0.8	-0.03	-0.03	0.35	5.5	0.8	-0.0	-0.0	-10.26					1	0.14	0.14	-0.16	0.03	0.03	-0.03	-0.16	0.0	0.0	114.3					-0.14	-0.14	1.1	-0.03	-0.03	0.35	1.1	0.0	0.0	32.68					-0.14	-0.14	0.58	-0.03	-0.03	0.18	0.58	-0.0	-0.0	-16.54					-0.13999999999999968	-0.13999999999999968	-0.16000000000000014	-0.027450980392156765	-0.027834798993443873	-0.12233422440038622	-0.16000000000000014	0.002622471992094693	0.002608352316521012	76.59523443366615				
2023-09-13 07:00:00	10800	4.92	4.84	4.92	4.86	4.58	ILP.MI	3.49	3.49	3.43	3.45	4.72	3.43	-1.0	-1.0	-1.0	-1	1.0	1.0	1.0	-1.0	1.0	-1.0										1.0			4.25										-1.0			3.52	0.1	0.1	0.9	0.02	0.02	0.38	5.5	0.9	-0.0	-0.0	-8.36					1	0.1	0.1	-0.06	0.02	0.02	-0.01	-0.06	0.0	0.0	116.08					-0.1	-0.1	1.0	-0.02	-0.02	0.32	1.0	0.0	0.0	30.84					0.1	0.1	0.68	0.02	0.02	0.2	0.68	-0.0	-0.0	-10.94					0.09999999999999964	0.09999999999999964	-0.0600000000000005	0.020161290322580627	0.0203673028244337	-0.1042752578242625	-0.0600000000000005	0.002767079842148172	0.0027524658847861705	78.17296372532613				
2023-09-14 07:00:00	17400	4.86	4.82	4.82	4.86	4.58	ILP.MI	3.37	3.4	3.37	3.4	4.72	3.37	-1.0	-1.0	-1.0	-1	-1.0	1.0	-1.0	-1.0	1.0	-1.0		4.82		4.82						1.0			4.25		3.37		3.37						-1.0			3.52	-0.0	-0.0	0.9	-0.0	-0.0	0.38	5.45	0.9	-0.0	-0.0	-4.37					1	-0.0	-0.0	-0.06	-0.0	-0.0	-0.01	-0.06	0.0	0.0	116.08					0.0	0.0	1.0	0.0	0.0	0.32	1.0	0.0	0.0	29.69					-0.0	-0.0	0.68	-0.0	-0.0	0.2	0.68	-0.0	-0.0	-12.97					-0.0	-0.0	-0.0600000000000005	-0.0	-0.0	-0.1042752578242625	-0.0600000000000005	0.002767079842148172	0.0027524658847861705	78.17296372532613				
2023-09-15 07:00:00	8400	5.05	4.88	4.88	5.05	4.76	ILP.MI	3.41	3.53	3.41	3.53	4.72	3.37	-1.0	-1.0	-1.0	-1	-1.0	1.0	-1.0	-1.0	1.0	-1.0										1.0			4.25										-1.0			3.52	-0.19	-0.19	0.71	-0.04	-0.04	0.32	5.45	0.71	-0.0	-0.0	-6.32					1	-0.19	-0.19	-0.25	-0.04	-0.04	-0.04	-0.25	0.0	0.0	100.15					-0.19	-0.19	0.81	-0.04	-0.04	0.27	0.81	0.0	0.0	22.1					-0.19	-0.19	0.49	-0.04	-0.04	0.16	0.49	-0.0	-0.0	-19.92					-0.1899999999999995	-0.1899999999999995	-0.25	-0.039094650205761194	-0.038349805374865945	-0.1379757926783991	-0.25	0.002532921177742095	0.0025170381405179576	67.03913066640749				
2023-09-18 07:00:00	600	5.0	5.0	5.0	5.0	4.71	ILP.MI	3.54	3.54	3.54	3.54	4.72	3.37	-1.0	-1.0	-1.0	-1	-1.0	1.0	-1.0	-1.0	1.0	-1.0										1.0			4.25	3.54									-1.0			3.52	0.05	0.05	0.76	0.01	0.01	0.34	5.45	0.76	-0.0	-0.0	-5.67					1	0.05	0.05	-0.2	0.01	0.01	-0.03	-0.2	0.0	0.0	101.01					0.05	0.05	0.86	0.01	0.01	0.28	0.86	0.0	0.0	25.88					0.05	0.05	0.54	0.01	0.01	0.17	0.54	-0.0	-0.0	-15.58					0.04999999999999982	0.04999999999999982	-0.20000000000000018	0.00990099009900991	0.009950330853168092	-0.129355550605183	-0.20000000000000018	0.002602573493714272	0.0025864330155718207	67.79825437088016				
2023-09-19 07:00:00	1800	5.0	5.0	5.0	5.0	4.71	ILP.MI	3.51	3.51	3.51	3.51	4.72	3.37	-1.0	-1.0	-1.0	-1	-1.0	1.0	-1.0	-1.0	1.0	-1.0										1.0			4.25										-1.0			3.52	-0.0	-0.0	0.76	-0.0	-0.0	0.34	5.45	0.76	-0.0	-0.0	-5.67					1	-0.0	-0.0	-0.2	-0.0	-0.0	-0.03	-0.2	0.0	0.0	101.01					-0.0	-0.0	0.86	-0.0	-0.0	0.28	0.86	0.0	0.0	25.88					-0.0	-0.0	0.54	-0.0	-0.0	0.17	0.54	-0.0	-0.0	-15.58					-0.0	-0.0	-0.20000000000000018	-0.0	-0.0	-0.129355550605183	-0.20000000000000018	0.002602573493714272	0.0025864330155718207	67.79825437088016				
2023-09-20 07:00:00	0	5.0	5.0	5.0	5.0	4.71	ILP.MI	3.46	3.46	3.46	3.46	4.72	3.37	-1.0	-1.0	-1.0	-1	-1.0	1.0	-1.0	-1.0	1.0	-1.0										1.0			4.25		3.46								-1.0			3.52	-0.0	-0.0	0.76	-0.0	-0.0	0.34	5.45	0.76	-0.0	-0.0	-5.67					1	-0.0	-0.0	-0.2	-0.0	-0.0	-0.03	-0.2	0.0	0.0	101.01					-0.0	-0.0	0.86	-0.0	-0.0	0.28	0.86	0.0	0.0	25.88					-0.0	-0.0	0.54	-0.0	-0.0	0.17	0.54	-0.0	-0.0	-15.58					-0.0	-0.0	-0.20000000000000018	-0.0	-0.0	-0.129355550605183	-0.20000000000000018	0.002602573493714272	0.0025864330155718207	67.79825437088016				
2023-09-21 07:00:00	3000	5.1	5.05	5.05	5.1	4.81	ILP.MI	3.56	3.59	3.56	3.59	4.72	3.37	-1.0	-1.0	-1.0	-1	-1.0	1.0	-1.0	-1.0	1.0	-1.0										1.0			4.25										-1.0			3.52	-0.1	-0.1	0.66	-0.02	-0.02	0.31	5.35	0.66	-0.0	-0.0	-9.76					1	-0.1	-0.1	-0.3	-0.02	-0.02	-0.05	-0.3	0.0	0.0	91.8					-0.1	-0.1	0.76	-0.02	-0.02	0.26	0.76	0.0	0.0	21.31					-0.1	-0.1	0.44	-0.02	-0.02	0.15	0.44	-0.0	-0.0	-19.59					-0.09999999999999964	-0.09999999999999964	-0.2999999999999998	-0.020000000000000018	-0.01980262729617973	-0.14642701039723827	-0.2999999999999998	0.0024172460871918332	0.0024002751082647933	60.98196737350834				
2023-09-22 07:00:00	3600	5.15	5.05	5.05	5.1	4.81	ILP.MI	3.57	3.64	3.57	3.61	4.72	3.37	-1.0	-1.0	-1.0	-1	-1.0	1.0	-1.0	-1.0	1.0	-1.0										1.0			4.25										-1.0			3.52	-0.0	-0.0	0.66	-0.0	-0.0	0.31	5.35	0.66	-0.0	-0.0	-9.76					1	-0.0	-0.0	-0.3	-0.0	-0.0	-0.05	-0.3	0.0	0.0	91.8					-0.0	-0.0	0.76	-0.0	-0.0	0.26	0.76	0.0	0.0	21.31					-0.0	-0.0	0.44	-0.0	-0.0	0.15	0.44	-0.0	-0.0	-19.59					-0.0	-0.0	-0.2999999999999998	-0.0	-0.0	-0.14642701039723827	-0.2999999999999998	0.0024172460871918332	0.0024002751082647933	60.98196737350834				
2023-09-25 07:00:00	9600	5.45	5.15	5.15	5.45	5.14	ILP.MI	3.67	3.88	3.67	3.88	4.72	3.37	-1.0	-1.0	1.0	0	-1.0	1.0	-1.0	-1.0	1.0	-1.0	5.45		5.45							1.0			4.25	3.88		3.88							-1.0			3.52	-0.35	-0.35	0.31	-0.07	-0.07	0.23	5.45	0.31	-0.0	-0.0	-12.13					1	-0.35	-0.35	-0.65	-0.07	-0.07	-0.11	-0.65	0.0	0.0	72.76					-0.35	-0.35	0.41	-0.07	-0.07	0.18	0.41	0.0	0.0	10.62					-0.35	-0.35	0.09	-0.07	-0.07	0.07	0.09	-0.0	-0.0	-30.27					-0.35000000000000053	-0.35000000000000053	-0.6500000000000004	-0.06862745098039236	-0.0663750689448728	-0.20124362440842503	-0.6500000000000004	0.0020789263419343416	0.002059787388212886	47.42714139838202				
2023-09-26 07:00:00	6000	5.35	5.2	5.35	5.35	5.04	ILP.MI	3.85	3.85	3.74	3.85	4.72	3.37	-1.0	-1.0	1.0	0	-1.0	1.0	-1.0	-1.0	1.0	-1.0										1.0			4.25										-1.0			3.52	0.1	0.1	0.41	0.02	0.02	0.25	5.45	0.41	-0.0	-0.0	-6.24					1	-0.0	-0.0	-0.65	-0.0	-0.0	-0.11	-0.65	0.0	0.0	70.91					0.1	0.1	0.51	0.02	0.02	0.2	0.51	0.0	0.0	10.53					0.1	0.1	0.19	0.02	0.02	0.09	0.19	-0.0	-0.0	-30.43					0.10000000000000053	0.10000000000000053	-0.5499999999999998	0.01834862385321112	0.018519047767237642	-0.18631359869643283	-0.5499999999999998	0.0022048558667515585	0.002185180010240151	48.86822689790338				
2023-09-27 07:00:00	15000	5.25	5.0	5.2	5.05	4.76	ILP.MI	3.75	3.79	3.61	3.64	4.72	3.37	-1.0	-1.0	1.0	0	-1.0	1.0	-1.0	-1.0	1.0	-1.0										1.0			4.25										-1.0			3.52	0.3	0.3	0.71	0.06	0.06	0.32	5.45	0.71	0.0	0.0	3.07					1	-0.0	-0.0	-0.65	-0.0	-0.0	-0.11	-0.65	0.0	0.0	68.95					0.3	0.3	0.81	0.06	0.06	0.27	0.81	0.0	0.0	13.52					0.3	0.3	0.49	0.06	0.06	0.16	0.49	-0.0	-0.0	-25.13					0.2999999999999998	0.2999999999999998	-0.25	0.05607476635514019	0.05770831762064673	-0.1379757926783991	-0.25	0.0025972724265719556	0.0025758761560077392	52.87559688262549				
2023-09-28 07:00:00	49200	5.1	4.9	5.05	5.1	4.81	ILP.MI	3.62	3.66	3.52	3.66	4.72	3.37	-1.0	-1.0	1.0	0	-1.0	1.0	-1.0	-1.0	1.0	-1.0		4.9								1.0			4.25		3.52								-1.0			3.52	-0.05	-0.05	0.66	-0.01	-0.01	0.31	5.45	0.66	-0.0	-0.0	-0.13					1	0.0	0.0	-0.65	0.0	0.0	-0.11	-0.65	0.0	0.0	68.95					-0.05	-0.05	0.76	-0.01	-0.01	0.26	0.76	0.0	0.0	10.26					-0.05	-0.05	0.44	-0.01	-0.01	0.15	0.44	-0.0	-0.0	-28.28					-0.04999999999999982	-0.04999999999999982	-0.2999999999999998	-0.00990099009900991	-0.00985229644301164	-0.14642701039723838	-0.2999999999999998	0.0024245800802428405	0.0024025328051762163	48.668484641935656				
2023-09-29 07:00:00	9600	5.3	5.15	5.15	5.3	4.99	ILP.MI	3.69	3.79	3.69	3.79	4.72	3.37	-1.0	-1.0	1.0	0	-1.0	1.0	-1.0	-1.0	1.0	-1.0	5.3									1.0			4.25										-1.0			3.52	-0.2	-0.2	0.46	-0.04	-0.04	0.26	5.45	0.46	-0.0	-0.0	-8.77					1	0.0	0.0	-0.65	0.0	0.0	-0.11	-0.65	0.0	0.0	81.24					-0.2	-0.2	0.56	-0.04	-0.04	0.21	0.56	0.0	0.0	10.29					-0.2	-0.2	0.24	-0.04	-0.04	0.1	0.24	-0.0	-0.0	-28.26					-0.20000000000000018	-0.20000000000000018	-0.5	-0.03921568627450989	-0.03846628082779614	-0.1786373118916823	-0.5	0.0021526297277168573	0.002129013365955279	40.96902940561357				
2023-10-02 07:00:00	3000	5.25	5.15	5.2	5.2	4.9	ILP.MI	3.77	3.81	3.74	3.77	4.72	3.37	-1.0	-1.0	1.0	0	-1.0	1.0	-1.0	-1.0	1.0	-1.0										1.0			4.25										-1.0			3.52	0.1	0.1	0.56	0.02	0.02	0.29	5.45	0.56	-0.0	-0.0	-7.88					1	-0.0	-0.0	-0.65	-0.0	-0.0	-0.11	-0.65	0.0	0.0	87.45					0.1	0.1	0.66	0.02	0.02	0.23	0.66	0.0	0.0	14.93					0.1	0.1	0.34	0.02	0.02	0.13	0.34	-0.0	-0.0	-22.72					0.09999999999999964	0.09999999999999964	-0.40000000000000036	0.01886792452830177	0.019048194970694363	-0.162841875581907	-0.40000000000000036	0.0022783478145234405	0.002254109002103988	42.22613023052212				
2023-10-03 07:00:00	9600	5.25	5.0	5.15	5.25	4.95	ILP.MI	3.79	3.86	3.68	3.86	4.72	3.37	-1.0	-1.0	1.0	0	-1.0	1.0	-1.0	-1.0	1.0	-1.0										1.0			4.25	3.86									-1.0			3.52	-0.05	-0.05	0.51	-0.01	-0.01	0.27	5.45	0.51	-0.0	-0.0	-13.04					1	0.0	0.0	-0.65	0.0	0.0	-0.11	-0.65	0.0	0.0	96.57					-0.05	-0.05	0.61	-0.01	-0.01	0.22	0.61	0.0	0.0	15.79					-0.05	-0.05	0.29	-0.01	-0.01	0.12	0.29	-0.0	-0.0	-22.15					-0.04999999999999982	-0.04999999999999982	-0.4500000000000002	-0.009615384615384581	-0.009569451016150672	-0.17081481010017452	-0.4500000000000002	0.002097938290675587	0.0020730433670532733	38.38728223049094				
2023-10-04 07:00:00	9000	5.1	4.98	5.05	5.1	4.81	ILP.MI	3.72	3.76	3.67	3.76	4.72	3.37	-1.0	-1.0	1.0	0	-1.0	1.0	-1.0	-1.0	1.0	-1.0		4.98								1.0			4.25		3.67								-1.0			3.52	0.15	0.15	0.66	0.03	0.03	0.31	5.45	0.66	-0.0	-0.0	-10.12					1	-0.0	-0.0	-0.65	-0.0	-0.0	-0.11	-0.65	0.0	0.0	96.57					0.15	0.15	0.76	0.03	0.03	0.26	0.76	0.0	0.0	17.74					0.15	0.15	0.44	0.03	0.03	0.15	0.44	-0.0	-0.0	-18.79					0.15000000000000036	0.15000000000000036	-0.2999999999999998	0.028571428571428692	0.028987536873252413	-0.14642701039723838	-0.2999999999999998	0.0022863572803517277	0.002260480127311837	40.23153075986403				
2023-10-05 07:00:00	0	5.1	5.1	5.1	5.1	4.81	ILP.MI	3.75	3.75	3.75	3.75	4.72	3.37	-1.0	-1.0	1.0	0	-1.0	1.0	-1.0	-1.0	1.0	-1.0										1.0			4.25	3.75									-1.0			3.52	-0.0	-0.0	0.66	-0.0	-0.0	0.31	5.45	0.66	-0.0	-0.0	-10.12					1	0.0	0.0	-0.65	0.0	0.0	-0.11	-0.65	0.0	0.0	96.57					-0.0	-0.0	0.76	-0.0	-0.0	0.26	0.76	0.0	0.0	17.74					-0.0	-0.0	0.44	-0.0	-0.0	0.15	0.44	-0.0	-0.0	-18.79					-0.0	-0.0	-0.2999999999999998	-0.0	-0.0	-0.14642701039723838	-0.2999999999999998	0.0022863572803517277	0.002260480127311837	40.23153075986403				
2023-10-06 07:00:00	0	5.1	5.1	5.1	5.1	4.81	ILP.MI	3.71	3.71	3.71	3.71	4.72	3.37	-1.0	-1.0	1.0	0	-1.0	1.0	-1.0	-1.0	1.0	-1.0										1.0			4.25		3.71								-1.0			3.52	-0.0	-0.0	0.66	-0.0	-0.0	0.31	5.45	0.66	-0.0	-0.0	-10.12					1	0.0	0.0	-0.65	0.0	0.0	-0.11	-0.65	0.0	0.0	96.57					-0.0	-0.0	0.76	-0.0	-0.0	0.26	0.76	0.0	0.0	17.74					-0.0	-0.0	0.44	-0.0	-0.0	0.15	0.44	-0.0	-0.0	-18.79					-0.0	-0.0	-0.2999999999999998	-0.0	-0.0	-0.14642701039723838	-0.2999999999999998	0.0022863572803517277	0.002260480127311837	40.23153075986403				
2023-10-09 07:00:00	4800	5.25	5.25	5.25	5.25	4.95	ILP.MI	3.83	3.83	3.83	3.83	4.72	3.37	-1.0	-1.0	1.0	0	-1.0	1.0	-1.0	-1.0	1.0	-1.0	5.25									1.0			4.25	3.83									-1.0			3.52	-0.15	-0.15	0.51	-0.03	-0.03	0.27	5.45	0.51	-0.0	-0.0	-14.25					1	0.0	0.0	-0.65	0.0	0.0	-0.11	-0.65	0.0	0.0	96.57					-0.15	-0.15	0.61	-0.03	-0.03	0.22	0.61	0.0	0.0	13.06					-0.15	-0.15	0.29	-0.03	-0.03	0.12	0.29	-0.0	-0.0	-22.82					-0.15000000000000036	-0.15000000000000036	-0.4500000000000002	-0.02941176470588247	-0.028987536873252406	-0.17081481010017452	-0.4500000000000002	0.0020312300035277534	0.0020040026217216234	34.41454789470736				
2023-10-10 07:00:00	9000	5.15	5.0	5.1	5.15	4.85	ILP.MI	3.64	3.68	3.57	3.68	4.72	3.37	-1.0	-1.0	1.0	0	-1.0	1.0	-1.0	-1.0	1.0	-1.0		5.0								1.0			4.25										-1.0			3.52	0.1	0.1	0.61	0.02	0.02	0.3	5.45	0.61	-0.0	-0.0	-12.79					1	-0.0	-0.0	-0.65	-0.0	-0.0	-0.11	-0.65	0.0	0.0	101.58					0.1	0.1	0.71	0.02	0.02	0.24	0.71	0.0	0.0	16.99					0.1	0.1	0.39	0.02	0.02	0.14	0.39	-0.0	-0.0	-18.03					0.09999999999999964	0.09999999999999964	-0.35000000000000053	0.01904761904761898	0.019231361927887533	-0.15471412680114882	-0.35000000000000053	0.0021543107198662335	0.0021264000170990727	35.5948025261143				
2023-10-11 07:00:00	8400	5.2	5.0	5.05	5.1	4.81	ILP.MI	3.59	3.7	3.56	3.63	4.72	3.37	-1.0	-1.0	1.0	0	-1.0	1.0	-1.0	-1.0	1.0	-1.0										1.0			4.25		3.56								-1.0			3.52	0.05	0.05	0.66	0.01	0.01	0.31	5.45	0.66	-0.0	-0.0	-13.43					1	-0.0	-0.0	-0.65	-0.0	-0.0	-0.11	-0.65	0.0	0.0	101.58					0.05	0.05	0.76	0.01	0.01	0.26	0.76	0.0	0.0	21.26					0.05	0.05	0.44	0.01	0.01	0.15	0.44	-0.0	-0.0	-13.69					0.05000000000000071	0.05000000000000071	-0.2999999999999998	0.009708737864077777	0.009756174945364798	-0.14642701039723838	-0.2999999999999998	0.0022167502395165684	0.002188489669346483	36.17145141203262				
2023-10-12 07:00:00	2400	5.15	5.1	5.1	5.15	4.85	ILP.MI	3.62	3.65	3.62	3.65	4.72	3.37	-1.0	-1.0	1.0	0	-1.0	1.0	-1.0	-1.0	1.0	-1.0	5.15									1.0			4.25	3.65									-1.0			3.52	-0.05	-0.05	0.61	-0.01	-0.01	0.3	5.45	0.61	-0.0	-0.0	-13.29					1	0.0	0.0	-0.65	0.0	0.0	-0.11	-0.65	0.0	0.0	101.58					-0.05	-0.05	0.71	-0.01	-0.01	0.24	0.71	0.0	0.0	17.35					-0.05	-0.05	0.39	-0.01	-0.01	0.14	0.39	-0.0	-0.0	-13.55					-0.05000000000000071	-0.05000000000000071	-0.35000000000000053	-0.009803921568627638	-0.009756174945364874	-0.15471412680114893	-0.35000000000000053	0.0020240827407638023	0.0019951335300456563	32.61981956993099				
2023-10-13 07:00:00	5400	5.1	5.05	5.1	5.1	4.81	ILP.MI	3.65	3.65	3.61	3.65	4.72	3.37	-1.0	-1.0	1.0	0	-1.0	1.0	-1.0	-1.0	1.0	-1.0										1.0			4.25										-1.0			3.52	0.05	0.05	0.66	0.01	0.01	0.31	5.45	0.66	-0.0	-0.0	-9.46					1	-0.0	-0.0	-0.65	-0.0	-0.0	-0.11	-0.65	0.0	0.0	101.58					0.05	0.05	0.76	0.01	0.01	0.26	0.76	0.0	0.0	17.45					0.05	0.05	0.44	0.01	0.01	0.15	0.44	-0.0	-0.0	-9.69					0.05000000000000071	0.05000000000000071	-0.2999999999999998	0.009708737864077777	0.009756174945364798	-0.1464270103972385	-0.2999999999999998	0.0020855466429196006	0.0020562390803999797	33.19794166000012				
2023-10-16 07:00:00	15000	5.1	4.98	5.1	5.0	4.77	ILP.MI	3.63	3.63	3.55	3.56	4.72	3.37	-1.0	-1.0	1.0	0	-1.0	1.0	-1.0	-1.0	1.0	-1.0										1.0			4.25										-1.0			3.52	0.1	0.1	0.76	0.02	0.02	0.34	5.45	0.76	-0.0	-0.0	-8.78					1	-0.0	-0.0	-0.65	-0.0	-0.0	-0.11	-0.65	0.0	0.0	101.58					0.1	0.1	0.86	0.02	0.02	0.28	0.86	0.0	0.0	22.0					0.1	0.1	0.54	0.02	0.02	0.17	0.54	-0.0	-0.0	-8.99					0.09999999999999964	0.09999999999999964	-0.20000000000000018	0.019607843137254832	0.019802627296179643	-0.12935555060518333	-0.20000000000000018	0.002210303194885532	0.002180261538191841	34.32882173322587				
2023-10-17 07:00:00	1800	5.05	5.0	5.05	5.0	4.77	ILP.MI	3.6	3.6	3.56	3.56	4.72	3.37	-1.0	-1.0	1.0	0	-1.0	1.0	-1.0	-1.0	1.0	-1.0										1.0			4.25		3.56								-1.0			3.52	-0.0	-0.0	0.76	-0.0	-0.0	0.34	5.45	0.76	-0.0	-0.0	-11.12					1	0.0	0.0	-0.65	0.0	0.0	-0.11	-0.65	0.0	0.0	101.58					-0.0	-0.0	0.86	-0.0	-0.0	0.28	0.86	0.0	0.0	26.52					-0.0	-0.0	0.54	-0.0	-0.0	0.17	0.54	-0.0	-0.0	-11.4					-0.0	-0.0	-0.20000000000000018	-0.0	-0.0	-0.12935555060518333	-0.20000000000000018	0.002210303194885532	0.002180261538191841	34.32882173322587				
2023-10-18 07:00:00	0	5.0	5.0	5.0	5.0	4.77	ILP.MI	3.59	3.59	3.59	3.59	4.72	3.37	-1.0	-1.0	1.0	0	-1.0	1.0	-1.0	-1.0	1.0	-1.0										1.0			4.25										-1.0			3.52	-0.0	-0.0	0.76	-0.0	-0.0	0.34	5.45	0.76	-0.0	-0.0	-7.65					1	0.0	0.0	-0.65	0.0	0.0	-0.11	-0.65	0.0	0.0	101.58					-0.0	-0.0	0.86	-0.0	-0.0	0.28	0.86	0.0	0.0	25.55					-0.0	-0.0	0.54	-0.0	-0.0	0.17	0.54	-0.0	-0.0	-7.92					-0.0	-0.0	-0.20000000000000018	-0.0	-0.0	-0.12935555060518333	-0.20000000000000018	0.002210303194885532	0.002180261538191841	34.32882173322587				
2023-10-19 07:00:00	4800	5.1	4.88	5.0	4.92	4.69	ILP.MI	3.64	3.72	3.55	3.58	4.72	3.37	-1.0	-1.0	1.0	-1	-1.0	1.0	-1.0	-1.0	1.0	-1.0										1.0			4.25										-1.0			3.52	0.08	0.08	0.84	0.02	0.02	0.36	5.45	0.84	-0.0	-0.0	-2.93					1	-0.0	-0.0	-0.65	-0.0	-0.0	-0.11	-0.65	0.0	0.0	101.58					0.08	0.08	0.94	0.02	0.02	0.3	0.94	0.0	0.0	25.77					0.08	0.08	0.62	0.02	0.02	0.19	0.62	-0.0	-0.0	-3.16					0.08000000000000007	0.08000000000000007	-0.1200000000000001	0.016000000000000014	0.016129381929883644	-0.11519873028982042	-0.1200000000000001	0.0023119183010437993	0.0022812720587523927	35.21010401489492				
2023-10-20 07:00:00	600	4.94	4.94	4.94	4.94	4.71	ILP.MI	3.65	3.65	3.65	3.65	4.72	3.37	-1.0	-1.0	1.0	-1	-1.0	1.0	-1.0	-1.0	1.0	-1.0		4.94								1.0			4.25										-1.0			3.52	-0.02	-0.02	0.82	-0.0	-0.0	0.35	5.45	0.82	-0.0	-0.0	-2.67					1	-0.02	-0.02	-0.67	-0.0	-0.0	-0.12	-0.67	0.0	0.0	96.58					-0.02	-0.02	0.92	-0.0	-0.0	0.3	0.92	0.0	0.0	22.5					-0.02	-0.02	0.6	-0.0	-0.0	0.19	0.6	-0.0	-0.0	-2.9					-0.020000000000000462	-0.020000000000000462	-0.14000000000000057	-0.004065040650406582	-0.004056800695614469	-0.1187809216651654	-0.14000000000000057	0.0021343883710338673	0.0021032592256036153	32.340307822814516				
2023-10-23 07:00:00	3000	5.05	4.98	5.0	5.05	4.81	ILP.MI	3.67	3.7	3.65	3.7	4.72	3.37	-1.0	-1.0	1.0	-1	-1.0	1.0	-1.0	-1.0	1.0	-1.0	5.05									1.0			4.25	3.7									-1.0			3.52	-0.11	-0.11	0.71	-0.02	-0.02	0.32	5.35	0.71	-0.0	-0.0	-8.4					1	-0.11	-0.11	-0.78	-0.02	-0.02	-0.14	-0.78	0.0	0.0	87.01					-0.11	-0.11	0.81	-0.02	-0.02	0.27	0.81	0.0	0.0	22.38					-0.11	-0.11	0.49	-0.02	-0.02	0.16	0.49	-0.0	-0.0	-8.68					-0.10999999999999943	-0.10999999999999943	-0.25	-0.022267206477732726	-0.022022912087437254	-0.13797579267839932	-0.25	0.0018859792464567043	0.001853686460676851	27.80535687880127				
2023-10-24 07:00:00	1200	5.0	5.0	5.0	5.0	4.77	ILP.MI	3.67	3.67	3.67	3.67	4.72	3.37	-1.0	-1.0	1.0	-1	-1.0	1.0	-1.0	-1.0	1.0	-1.0										1.0			4.25										-1.0			3.52	0.05	0.05	0.76	0.01	0.01	0.34	5.3	0.76	-0.0	-0.0	-7.47					1	0.05	0.05	-0.73	0.01	0.01	-0.13	-0.73	0.0	0.0	87.96					0.05	0.05	0.86	0.01	0.01	0.28	0.86	0.0	0.0	22.98					0.05	0.05	0.54	0.01	0.01	0.17	0.54	-0.0	-0.0	-7.72					0.04999999999999982	0.04999999999999982	-0.20000000000000018	0.00990099009900991	0.009950330853168092	-0.12935555060518333	-0.20000000000000018	0.0019466762646610306	0.0019139936607563968	28.360642286509034				
2023-10-25 07:00:00	1200	5.0	4.98	5.0	4.98	4.75	ILP.MI	3.68	3.68	3.67	3.67	4.72	3.37	-1.0	-1.0	1.0	-1	-1.0	1.0	-1.0	-1.0	1.0	-1.0										1.0			4.25										-1.0			3.52	0.02	0.02	0.78	0.0	0.0	0.34	5.3	0.78	-0.0	-0.0	-3.61					1	0.02	0.02	-0.71	0.0	0.0	-0.12	-0.71	0.0	0.0	88.34					0.02	0.02	0.88	0.0	0.0	0.29	0.88	0.0	0.0	22.22					0.02	0.02	0.56	0.0	0.0	0.18	0.56	-0.0	-0.0	-3.85					0.019999999999999574	0.019999999999999574	-0.1800000000000006	0.0039999999999998925	0.004008021397538711	-0.12585898655138894	-0.1800000000000006	0.0018702964532836324	0.001838104010734698	27.659714676845155				
2023-10-26 07:00:00	9000	5.05	4.84	4.94	5.0	4.77	ILP.MI	3.63	3.71	3.56	3.67	4.72	3.37	-1.0	-1.0	1.0	-1	-1.0	1.0	-1.0	-1.0	1.0	-1.0										1.0			4.25										-1.0			3.52	-0.02	-0.02	0.76	-0.0	-0.0	0.34	5.3	0.76	-0.0	-0.0	-2.83					1	-0.02	-0.02	-0.73	-0.0	-0.0	-0.13	-0.73	0.0	0.0	83.62					-0.02	-0.02	0.86	-0.0	-0.0	0.28	0.86	0.0	0.0	18.41					-0.02	-0.02	0.54	-0.0	-0.0	0.17	0.54	-0.0	-0.0	-3.09					-0.019999999999999574	-0.019999999999999574	-0.20000000000000018	-0.00401606425702794	-0.004008021397538647	-0.12935555060518322	-0.20000000000000018	0.0015922362787879453	0.0015602404082568633	23.90156687748835				
2023-10-27 07:00:00	7800	5.0	4.86	5.0	4.9	4.67	ILP.MI	3.7	3.7	3.6	3.63	4.72	3.37	-1.0	-1.0	1.0	-1	-1.0	1.0	-1.0	-1.0	1.0	-1.0										1.0			4.25										-1.0			3.52	0.1	0.1	0.86	0.02	0.02	0.36	5.25	0.86	0.0	0.0	1.66					1	0.1	0.1	-0.63	0.02	0.02	-0.11	-0.63	0.0	0.0	85.49					0.1	0.1	0.96	0.02	0.02	0.31	0.96	0.0	0.0	19.45					0.1	0.1	0.64	0.02	0.02	0.19	0.64	0.0	0.0	1.46					0.09999999999999964	0.09999999999999964	-0.10000000000000053	0.019999999999999907	0.020202707317519355	-0.11158729653590138	-0.10000000000000053	0.0016893076208947082	0.0016566768448775804	24.863459274970403				
2023-10-30 08:00:00	9000	5.0	4.82	4.9	4.92	4.69	ILP.MI	3.62	3.7	3.56	3.64	4.72	3.37	-1.0	-1.0	1.0	-1	-1.0	1.0	-1.0	-1.0	1.0	-1.0		4.82								1.0			4.25										-1.0			3.52	-0.02	-0.02	0.84	-0.0	-0.0	0.36	5.25	0.84	0.0	0.0	2.99					1	-0.02	-0.02	-0.65	-0.0	-0.0	-0.11	-0.65	0.0	0.0	80.87					-0.02	-0.02	0.94	-0.0	-0.0	0.3	0.94	0.0	0.0	15.11					-0.02	-0.02	0.62	-0.0	-0.0	0.19	0.62	0.0	0.0	2.77					-0.019999999999999574	-0.019999999999999574	-0.1200000000000001	-0.004081632653061051	-0.004073325387635648	-0.1151987302898203	-0.1200000000000001	0.0013672665900832577	0.0013351577815525761	20.616787023916338				
2023-10-31 08:00:00	2400	4.92	4.9	4.92	4.9	4.67	ILP.MI	3.58	3.58	3.57	3.57	4.72	3.37	-1.0	-1.0	1.0	-1	-1.0	1.0	-1.0	-1.0	1.0	-1.0										1.0			4.25										-1.0			3.52	0.02	0.02	0.86	0.0	0.0	0.36	5.25	0.86	0.0	0.0	7.2					1	0.02	0.02	-0.63	0.0	0.0	-0.11	-0.63	0.0	0.0	79.41					0.02	0.02	0.96	0.0	0.0	0.31	0.96	0.0	0.0	14.04					0.02	0.02	0.64	0.0	0.0	0.19	0.64	0.0	0.0	6.97					0.019999999999999574	0.019999999999999574	-0.10000000000000053	0.004065040650406471	0.004073325387635786	-0.11158729653590127	-0.10000000000000053	0.001276732503313408	0.0012452235545141743	19.62595383597116				
2023-11-01 08:00:00	2400	5.0	4.9	4.9	4.9	4.67	ILP.MI	3.54	3.61	3.54	3.54	4.72	3.37	-1.0	-1.0	-1.0	-1	-1.0	1.0	-1.0	-1.0	1.0	-1.0	5.0									1.0			4.25										-1.0			3.52	-0.0	-0.0	0.86	-0.0	-0.0	0.36	5.25	0.86	0.0	0.0	6.42					1	-0.0	-0.0	-0.63	-0.0	-0.0	-0.11	-0.63	0.0	0.0	85.45					-0.0	-0.0	0.96	-0.0	-0.0	0.31	0.96	0.0	0.0	17.33					-0.0	-0.0	0.64	-0.0	-0.0	0.19	0.64	0.0	0.0	6.17					-0.0	-0.0	-0.10000000000000053	-0.0	-0.0	-0.11158729653590127	-0.10000000000000053	0.0014767295080120061	0.0014458412609184013	22.969549318031476				
2023-11-02 08:00:00	3000	4.9	4.86	4.86	4.9	4.67	ILP.MI	3.45	3.48	3.45	3.48	4.72	3.37	-1.0	-1.0	-1.0	-1	-1.0	1.0	-1.0	-1.0	1.0	-1.0										1.0			4.25										-1.0			3.52	-0.0	-0.0	0.86	-0.0	-0.0	0.36	5.25	0.86	0.0	0.0	11.16					1	-0.0	-0.0	-0.63	-0.0	-0.0	-0.11	-0.63	0.0	0.0	82.57					-0.0	-0.0	0.96	-0.0	-0.0	0.31	0.96	0.0	0.0	15.26					-0.0	-0.0	0.64	-0.0	-0.0	0.19	0.64	0.0	0.0	10.87					-0.0	-0.0	-0.10000000000000053	-0.0	-0.0	-0.11158729653590127	-0.10000000000000053	0.001304468872717418	0.0012746726074537307	21.05613972205068				
2023-11-03 08:00:00	17400	4.86	4.7	4.84	4.76	4.54	ILP.MI	3.41	3.43	3.31	3.36	4.72	3.31	-1.0	-1.0	-1.0	-1	-1.0	-1.0	1.0	-1.0	1.0	-1.0		4.7		4.7		4.7				1.0			4.25		3.31		3.31						-1.0			3.52	0.14	0.14	1.0	0.03	0.03	0.4	5.25	1.0	0.0	0.0	11.94					1	0.14	0.14	-0.49	0.03	0.03	-0.08	-0.49	0.0	0.0	94.13					0.14	0.14	1.1	0.03	0.03	0.35	1.1	0.0	0.0	21.53					0.14	0.14	0.78	0.03	0.03	0.23	0.78	0.0	0.0	11.67					0.14000000000000057	0.14000000000000057	0.040000000000000036	0.028571428571428692	0.028987536873252413	-0.08545751113989819	0.040000000000000036	0.0017130929674022007	0.001683188994997309	27.274413423493094				
2023-11-06 08:00:00	2400	4.88	4.76	4.78	4.88	4.65	ILP.MI	3.38	3.45	3.36	3.45	4.72	3.31	-1.0	-1.0	-1.0	-1	-1.0	-1.0	1.0	-1.0	1.0	-1.0										1.0			4.25										-1.0			3.52	-0.12	-0.12	0.88	-0.03	-0.02	0.37	5.2	0.88	0.0	0.0	10.75					1	-0.12	-0.12	-0.61	-0.03	-0.02	-0.11	-0.61	0.0	0.0	83.13					0.12	0.12	1.22	0.03	0.02	0.38	1.22	0.0	0.0	22.54					-0.12	-0.12	0.66	-0.03	-0.02	0.2	0.66	0.0	0.0	10.5					-0.1200000000000001	-0.1200000000000001	-0.08000000000000007	-0.025210084033613578	-0.024897551621727302	-0.10794626086596637	-0.08000000000000007	0.0013975799612558964	0.0013668218837945556	21.84060113981159				
2023-11-07 08:00:00	600	4.88	4.88	4.88	4.88	4.65	ILP.MI	3.47	3.47	3.47	3.47	4.72	3.31	-1.0	-1.0	-1.0	-1	-1.0	-1.0	1.0	-1.0	1.0	-1.0	4.88									1.0			4.25	3.47									-1.0			3.52	-0.0	-0.0	0.88	-0.0	-0.0	0.37	5.2	0.88	0.0	0.0	14.77					1	-0.0	-0.0	-0.61	-0.0	-0.0	-0.11	-0.61	0.0	0.0	81.21					0.0	0.0	1.22	0.0	0.0	0.38	1.22	0.0	0.0	21.29					-0.0	-0.0	0.66	-0.0	-0.0	0.2	0.66	0.0	0.0	14.51					-0.0	-0.0	-0.08000000000000007	-0.0	-0.0	-0.10794626086596637	-0.08000000000000007	0.0012843690554296006	0.0012543293381592768	20.56903165349013				
2023-11-08 08:00:00	1200	4.88	4.84	4.84	4.88	4.65	ILP.MI	3.44	3.47	3.44	3.47	4.72	3.31	-1.0	-1.0	-1.0	-1	-1.0	-1.0	1.0	-1.0	1.0	-1.0		4.84								1.0			4.25										-1.0			3.52	-0.0	-0.0	0.88	-0.0	-0.0	0.37	5.15	0.88	0.0	0.0	14.05					1	-0.0	-0.0	-0.61	-0.0	-0.0	-0.11	-0.61	0.0	0.0	87.36					0.0	0.0	1.22	0.0	0.0	0.38	1.22	0.0	0.0	24.69					-0.0	-0.0	0.66	-0.0	-0.0	0.2	0.66	0.0	0.0	13.77					-0.0	-0.0	-0.08000000000000007	-0.0	-0.0	-0.10794626086596637	-0.08000000000000007	0.0014791410979865822	0.0014497166960627528	23.96251834383962				
2023-11-09 08:00:00	2400	4.9	4.88	4.88	4.9	4.67	ILP.MI	3.44	3.46	3.44	3.46	4.72	3.31	-1.0	-1.0	-1.0	-1	-1.0	-1.0	1.0	-1.0	1.0	-1.0										1.0			4.25		3.44								-1.0			3.52	-0.02	-0.02	0.86	-0.0	-0.0	0.36	5.1	0.86	0.0	0.0	17.66					1	-0.02	-0.02	-0.63	-0.0	-0.0	-0.11	-0.63	0.0	0.0	77.13					0.02	0.02	1.24	0.0	0.0	0.39	1.24	0.0	0.0	21.73					-0.02	-0.02	0.64	-0.0	-0.0	0.19	0.64	0.0	0.0	17.28					-0.020000000000000462	-0.020000000000000462	-0.10000000000000053	-0.004098360655737876	-0.0040899852515252876	-0.11158729653590138	-0.10000000000000053	0.0010290214326212532	0.0010008970222050717	17.656112978988816				
2023-11-10 08:00:00	1800	4.94	4.92	4.92	4.94	4.71	ILP.MI	3.49	3.5	3.49	3.5	4.72	3.31	-1.0	-1.0	-1.0	-1	-1.0	-1.0	1.0	-1.0	1.0	-1.0	4.94									1.0			4.25	3.5		3.5							-1.0			3.52	-0.04	-0.04	0.82	-0.01	-0.01	0.35	5.1	0.82	0.0	0.0	8.13					1	-0.04	-0.04	-0.67	-0.01	-0.01	-0.12	-0.67	0.0	0.0	60.17					0.04	0.04	1.28	0.01	0.01	0.4	1.28	0.0	0.0	16.73					-0.04	-0.04	0.6	-0.01	-0.01	0.19	0.6	0.0	0.0	23.11					-0.040000000000000036	-0.040000000000000036	-0.14000000000000057	-0.008163265306122547	-0.008130126083250309	-0.1187809216651654	-0.14000000000000057	0.0004320745251019226	0.0004059507311684474	8.13195477645997				
2023-11-13 08:00:00	4200	4.84	4.72	4.84	4.8	4.58	ILP.MI	3.38	3.38	3.3	3.35	4.54	3.3	-1.0	-1.0	-1.0	-1	-1.0	-1.0	1.0	-1.0	1.0	-1.0		4.72								1.0			4.25		3.3		3.3						-1.0			3.52	0.14	0.14	0.96	0.03	0.03	0.39	5.1	0.96	0.0	0.0	15.07					1	0.14	0.14	-0.53	0.03	0.03	-0.09	-0.53	0.0	0.0	73.57					-0.14	-0.14	1.14	-0.03	-0.03	0.36	1.14	0.0	0.0	15.64					0.14	0.14	0.74	0.03	0.03	0.22	0.74	0.0	0.0	24.04					0.14000000000000057	0.14000000000000057	0.0	0.028340080971660075	0.028749413285986052	-0.09307869854706596	0.0	0.0008192358904640894	0.000792903756464236	15.071315449996796				
2023-11-14 08:00:00	3000	4.94	4.88	4.88	4.94	4.71	ILP.MI	3.36	3.4	3.36	3.4	4.54	3.3	-1.0	-1.0	-1.0	-1	-1.0	-1.0	1.0	-1.0	-1.0	1.0										1.0			4.25										-1.0			3.52	-0.14	-0.14	0.82	-0.03	-0.03	0.35	5.1	0.82	0.0	0.0	6.64					1	-0.14	-0.14	-0.67	-0.03	-0.03	-0.12	-0.67	0.0	0.0	56.53					0.14	0.14	1.28	0.03	0.03	0.4	1.28	0.0	0.0	15.2					-0.14	-0.14	0.6	-0.03	-0.03	0.19	0.6	0.0	0.0	24.55					-0.14000000000000057	-0.14000000000000057	-0.14000000000000057	-0.029166666666666785	-0.028749413285986007	-0.1187809216651654	-0.14000000000000057	0.00035497865438915673	0.0003286053910385167	6.636606516107491				
2023-11-15 08:00:00	1200	4.94	4.94	4.94	4.94	4.71	ILP.MI	3.39	3.39	3.39	3.39	4.39	3.3	-1.0	-1.0	-1.0	-1	-1.0	-1.0	1.0	-1.0	-1.0	1.0										1.0			4.25										-1.0			3.52	-0.0	-0.0	0.82	-0.0	-0.0	0.35	5.1	0.82	0.0	0.0	10.12					1	-0.0	-0.0	-0.67	-0.0	-0.0	-0.12	-0.67	0.0	0.0	62.88					0.0	0.0	1.28	0.0	0.0	0.4	1.28	0.0	0.0	18.72					0.0	0.0	0.6	0.0	0.0	0.19	0.6	0.0	0.0	23.89					-0.0	-0.0	-0.14000000000000057	-0.0	-0.0	-0.1187809216651654	-0.14000000000000057	0.0005357337837850152	0.0005098610354616895	10.116498509547306				
2023-11-16 08:00:00	1800	5.0	4.94	4.94	5.0	4.77	ILP.MI	3.41	3.45	3.41	3.45	4.34	3.3	-1.0	-1.0	-1.0	-1	-1.0	-1.0	1.0	-1.0	-1.0	1.0	5.0									1.0			4.25	3.45									-1.0			3.52	-0.06	-0.06	0.76	-0.01	-0.01	0.34	5.05	0.76	0.0	0.0	11.3					1	-0.06	-0.06	-0.73	-0.01	-0.01	-0.13	-0.73	0.0	0.0	66.08					0.06	0.06	1.34	0.01	0.01	0.41	1.34	0.0	0.0	25.0					0.06	0.06	0.66	0.01	0.01	0.2	0.66	0.0	0.0	22.82					-0.05999999999999961	-0.05999999999999961	-0.20000000000000018	-0.012145748987854255	-0.01207258123426924	-0.12935555060518333	-0.20000000000000018	0.0005887146907850977	0.0005633087409364634	11.297950637975866				
2023-11-17 08:00:00	1200	5.0	4.9	4.9	5.0	4.77	ILP.MI	3.36	3.43	3.36	3.43	4.19	3.3	-1.0	-1.0	-1.0	-1	-1.0	-1.0	1.0	-1.0	-1.0	1.0		4.9								1.0			4.25		3.36								-1.0			3.52	-0.0	-0.0	0.76	-0.0	-0.0	0.34	5.05	0.76	0.0	0.0	17.44					1	-0.0	-0.0	-0.73	-0.0	-0.0	-0.13	-0.73	0.0	0.0	79.88					0.0	0.0	1.34	0.0	0.0	0.41	1.34	0.0	0.0	31.55					0.0	0.0	0.66	0.0	0.0	0.2	0.66	0.0	0.0	19.8					-0.0	-0.0	-0.20000000000000018	-0.0	-0.0	-0.12935555060518333	-0.20000000000000018	0.0008697860586988249	0.000845796295994683	17.437547827971947				
2023-11-20 08:00:00	0	5.0	5.0	5.0	5.0	4.77	ILP.MI	3.42	3.42	3.42	3.42	4.16	3.3	-1.0	-1.0	-1.0	-1	-1.0	-1.0	1.0	-1.0	-1.0	1.0	5.0									1.0			4.25	3.42									-1.0			3.52	-0.0	-0.0	0.76	-0.0	-0.0	0.34	5.05	0.76	0.0	0.0	16.59					1	-0.0	-0.0	-0.73	-0.0	-0.0	-0.13	-0.73	0.0	0.0	78.29					0.0	0.0	1.34	0.0	0.0	0.41	1.34	0.0	0.0	30.84					0.0	0.0	0.66	0.0	0.0	0.2	0.66	0.0	0.0	23.57					-0.0	-0.0	-0.20000000000000018	-0.0	-0.0	-0.12935555060518333	-0.20000000000000018	0.0008160412176376791	0.0007923474160518307	16.58825454857017				
2023-11-21 08:00:00	1800	4.9	4.88	4.88	4.9	4.67	ILP.MI	3.38	3.4	3.38	3.4	4.15	3.3	-1.0	-1.0	-1.0	-1	-1.0	-1.0	1.0	-1.0	-1.0	1.0		4.88								1.0			4.25		3.38								-1.0			3.52	0.1	0.1	0.86	0.02	0.02	0.36	5.05	0.86	0.0	0.0	18.5					1	0.1	0.1	-0.63	0.02	0.02	-0.11	-0.63	0.0	0.0	81.84					-0.1	-0.1	1.24	-0.02	-0.02	0.39	1.24	0.0	0.0	25.78					-0.1	-0.1	0.56	-0.02	-0.02	0.18	0.56	0.0	0.0	18.63					0.09999999999999964	0.09999999999999964	-0.10000000000000053	0.019999999999999907	0.020202707317519355	-0.11158729653590149	-0.10000000000000053	0.0009392777322745475	0.0009149025889170215	18.501645280398876				
2023-11-22 08:00:00	600	4.96	4.96	4.96	4.96	4.73	ILP.MI	3.44	3.44	3.44	3.44	4.15	3.3	-1.0	-1.0	-1.0	-1	-1.0	-1.0	1.0	-1.0	-1.0	1.0										1.0			4.25	3.44		3.44							-1.0			3.52	-0.06	-0.06	0.8	-0.01	-0.01	0.35	5.05	0.8	0.0	0.0	18.17					1	-0.06	-0.06	-0.69	-0.01	-0.01	-0.12	-0.69	0.0	0.0	80.89					0.06	0.06	1.3	0.01	0.01	0.4	1.3	0.0	0.0	30.54					0.06	0.06	0.62	0.01	0.01	0.19	0.62	0.0	0.0	18.94					-0.05999999999999961	-0.05999999999999961	-0.16000000000000014	-0.012244897959183598	-0.012170535620255114	-0.12233422440038644	-0.16000000000000014	0.0009261740991159564	0.0009016838877409228	18.165162595040528				
2023-11-23 08:00:00	0	4.96	4.96	4.96	4.96	4.73	ILP.MI	3.43	3.43	3.43	3.43	4.15	3.3	-1.0	-1.0	-1.0	-1	-1.0	-1.0	1.0	-1.0	-1.0	1.0										1.0			4.25										-1.0			3.52	-0.0	-0.0	0.8	-0.0	-0.0	0.35	5.0	0.8	0.0	0.0	23.8					1	-0.0	-0.0	-0.69	-0.0	-0.0	-0.12	-0.69	0.0	0.0	93.53					0.0	0.0	1.3	0.0	0.0	0.4	1.3	0.0	0.0	36.47					0.0	0.0	0.62	0.0	0.0	0.19	0.62	0.0	0.0	16.4					-0.0	-0.0	-0.16000000000000014	-0.0	-0.0	-0.12233422440038644	-0.16000000000000014	0.001171824522141081	0.0011484749977388464	23.801982413810414				
2023-11-24 08:00:00	9000	5.0	4.9	4.9	5.0	4.77	ILP.MI	3.36	3.43	3.36	3.43	4.04	3.3	-1.0	-1.0	-1.0	0	-1.0	-1.0	1.0	-1.0	-1.0	1.0	5.0									1.0			4.25										-1.0			3.52	-0.04	-0.04	0.76	-0.01	-0.01	0.34	5.0	0.76	0.0	0.0	17.52					1	-0.04	-0.04	-0.73	-0.01	-0.01	-0.13	-0.73	0.0	0.0	81.59					0.04	0.04	1.34	0.01	0.01	0.41	1.34	0.0	0.0	34.97					0.04	0.04	0.66	0.01	0.01	0.2	0.66	0.0	0.0	22.89					-0.040000000000000036	-0.040000000000000036	-0.20000000000000018	-0.008064516129032251	-0.008032171697264253	-0.12935555060518333	-0.20000000000000018	0.0008356522330727925	0.0008127002958187024	17.51814688419369				
2023-11-27 08:00:00	600	4.94	4.94	4.94	4.94	4.71	ILP.MI	3.4	3.4	3.4	3.4	4.0	3.3	-1.0	-1.0	-1.0	0	-1.0	-1.0	1.0	-1.0	-1.0	1.0										1.0			4.25										-1.0			3.52	0.06	0.06	0.82	0.01	0.01	0.35	5.0	0.82	0.0	0.0	25.61					1	-0.0	-0.0	-0.73	-0.0	-0.0	-0.13	-0.73	0.0	0.0	98.35					-0.06	-0.06	1.28	-0.01	-0.01	0.4	1.28	0.0	0.0	37.96					-0.06	-0.06	0.6	-0.01	-0.01	0.19	0.6	0.0	0.0	15.03					0.05999999999999961	0.05999999999999961	-0.14000000000000057	0.0119999999999999	0.012072581234269136	-0.11878092166516552	-0.14000000000000057	0.0011862778238765624	0.0011643303478703348	25.60627821965661				
2023-11-28 08:00:00	0	4.94	4.94	4.94	4.94	4.71	ILP.MI	3.4	3.4	3.4	3.4	4.0	3.3	-1.0	-1.0	-1.0	0	-1.0	-1.0	1.0	-1.0	-1.0	1.0										1.0			4.25										-1.0			3.52	-0.0	-0.0	0.82	-0.0	-0.0	0.35	5.0	0.82	0.0	0.0	32.01					1	0.0	0.0	-0.73	0.0	0.0	-0.13	-0.73	0.0	0.0	114.08					0.0	0.0	1.28	0.0	0.0	0.4	1.28	0.0	0.0	44.69					0.0	0.0	0.6	0.0	0.0	0.19	0.6	0.0	0.0	11.87					-0.0	-0.0	-0.14000000000000057	-0.0	-0.0	-0.11878092166516552	-0.14000000000000057	0.001425967432900006	0.0014051344101382313	32.0084742811748				
2023-11-29 08:00:00	2400	4.94	4.9	4.94	4.9	4.67	ILP.MI	3.36	3.36	3.34	3.34	4.0	3.3	-1.0	-1.0	-1.0	0	-1.0	-1.0	1.0	-1.0	-1.0	1.0		4.9								1.0			4.25										-1.0			3.52	0.04	0.04	0.86	0.01	0.01	0.36	5.0	0.86	0.0	0.0	29.25					1	-0.0	-0.0	-0.73	-0.0	-0.0	-0.13	-0.73	0.0	0.0	106.76					-0.04	-0.04	1.24	-0.01	-0.01	0.39	1.24	0.0	0.0	37.36					-0.04	-0.04	0.56	-0.01	-0.01	0.18	0.56	0.0	0.0	15.02					0.040000000000000036	0.040000000000000036	-0.10000000000000053	0.0080971659919028	0.008130126083250176	-0.11158729653590149	-0.10000000000000053	0.0012438272156382831	0.0012238832282889245	29.247326024735166				
2023-11-30 08:00:00	4200	4.92	4.88	4.88	4.92	4.69	ILP.MI	3.32	3.34	3.32	3.34	3.99	3.3	-1.0	-1.0	-1.0	0	-1.0	-1.0	1.0	-1.0	-1.0	1.0										1.0			4.25		3.32								-1.0			3.52	-0.02	-0.02	0.84	-0.0	-0.0	0.36	5.0	0.84	0.0	0.0	33.7					1	0.0	0.0	-0.73	0.0	0.0	-0.13	-0.73	0.0	0.0	129.04					0.02	0.02	1.26	0.0	0.0	0.39	1.26	0.0	0.0	46.21					0.02	0.02	0.58	0.0	0.0	0.18	0.58	0.0	0.0	10.86					-0.019999999999999574	-0.019999999999999574	-0.1200000000000001	-0.004081632653061051	-0.004073325387635648	-0.11519873028982053	-0.1200000000000001	0.0013658086169213227	0.00134686114901994	33.70454214196915				
2023-12-01 08:00:00	1200	4.94	4.94	4.94	4.94	4.71	ILP.MI	3.34	3.34	3.34	3.34	3.99	3.3	-1.0	-1.0	-1.0	0	-1.0	-1.0	1.0	-1.0	-1.0	1.0										1.0			4.25										-1.0			3.52	-0.02	-0.02	0.82	-0.0	-0.0	0.35	5.0	0.82	0.0	0.0	28.01					1	0.0	0.0	-0.73	0.0	0.0	-0.13	-0.73	0.0	0.0	124.86					0.02	0.02	1.28	0.0	0.0	0.4	1.28	0.0	0.0	44.88					0.02	0.02	0.6	0.0	0.0	0.19	0.6	0.0	0.0	16.81					-0.020000000000000462	-0.020000000000000462	-0.14000000000000057	-0.004065040650406582	-0.004056800695614469	-0.1187809216651654	-0.14000000000000057	0.0011070532446130705	0.0010883386463638178	28.0149103016941				
2023-12-04 08:00:00	7800	5.05	4.94	4.94	5.05	4.81	ILP.MI	3.34	3.41	3.34	3.41	3.99	3.3	-1.0	-1.0	-1.0	0	-1.0	-1.0	1.0	-1.0	-1.0	1.0	5.05									1.0			4.25	3.41									-1.0			3.52	-0.11	-0.11	0.71	-0.02	-0.02	0.32	5.05	0.71	0.0	0.0	21.93					1	0.0	0.0	-0.73	0.0	0.0	-0.13	-0.73	0.0	0.0	124.86					0.11	0.11	1.39	0.02	0.02	0.43	1.39	0.0	0.0	46.85					0.11	0.11	0.71	0.02	0.02	0.21	0.71	0.0	0.0	19.52					-0.10999999999999943	-0.10999999999999943	-0.25	-0.022267206477732726	-0.022022912087437254	-0.13797579267839943	-0.25	0.0008951791157141478	0.000875613873430936	21.93275814735958				
2023-12-05 08:00:00	1800	5.0	4.96	4.96	5.0	4.77	ILP.MI	3.33	3.36	3.33	3.36	3.99	3.3	-1.0	-1.0	-1.0	0	-1.0	-1.0	1.0	-1.0	-1.0	1.0										1.0			4.25										-1.0			3.52	0.05	0.05	0.76	0.01	0.01	0.34	5.05	0.76	0.0	0.0	23.03					1	-0.0	-0.0	-0.73	-0.0	-0.0	-0.13	-0.73	0.0	0.0	124.86					-0.05	-0.05	1.34	-0.01	-0.01	0.41	1.34	0.0	0.0	42.24					-0.05	-0.05	0.66	-0.01	-0.01	0.2	0.66	0.0	0.0	15.19					0.04999999999999982	0.04999999999999982	-0.20000000000000018	0.00990099009900991	0.009950330853168092	-0.12935555060518333	-0.20000000000000018	0.0009558761339184731	0.0009360068819501688	23.031111029806027				
2023-12-06 08:00:00	600	4.98	4.98	4.98	4.98	4.75	ILP.MI	3.32	3.32	3.32	3.32	3.99	3.3	-1.0	-1.0	-1.0	0	-1.0	-1.0	1.0	-1.0	-1.0	1.0										1.0			4.25										-1.0			3.52	0.02	0.02	0.78	0.0	0.0	0.34	5.05	0.78	0.0	0.0	22.46					1	-0.0	-0.0	-0.73	-0.0	-0.0	-0.13	-0.73	0.0	0.0	122.6					-0.02	-0.02	1.32	-0.0	-0.0	0.41	1.32	0.0	0.0	37.71					-0.02	-0.02	0.64	-0.0	-0.0	0.19	0.64	0.0	0.0	15.8					0.019999999999999574	0.019999999999999574	-0.1800000000000006	0.0039999999999998925	0.004008021397538711	-0.12585898655138905	-0.1800000000000006	0.0009241034683034233	0.0009043936448505097	22.460751676566574				
2023-12-07 08:00:00	7800	4.96	4.82	4.92	4.92	4.69	ILP.MI	3.3	3.33	3.23	3.3	3.99	3.23	-1.0	-1.0	-1.0	0	-1.0	-1.0	1.0	-1.0	-1.0	1.0		4.82		4.82						1.0			4.25										-1.0			3.52	0.06	0.06	0.84	0.01	0.01	0.36	5.05	0.84	0.0	0.0	19.71					1	-0.0	-0.0	-0.73	-0.0	-0.0	-0.13	-0.73	0.0	0.0	112.24					-0.06	-0.06	1.26	-0.01	-0.01	0.39	1.26	0.0	0.0	29.22					-0.06	-0.06	0.58	-0.01	-0.01	0.18	0.58	0.0	0.0	18.7					0.0600000000000005	0.0600000000000005	-0.1200000000000001	0.012048192771084487	0.012121360532344963	-0.11519873028982042	-0.1200000000000001	0.0007782001550032261	0.0007592142459862394	19.707827561491953				
2023-12-08 08:00:00	0	4.92	4.92	4.92	4.92	4.69	ILP.MI	3.27	3.27	3.27	3.27	3.99	3.23	-1.0	-1.0	-1.0	0	-1.0	-1.0	1.0	-1.0	-1.0	1.0										1.0			4.25		3.27		3.27						-1.0			3.52	-0.0	-0.0	0.84	-0.0	-0.0	0.36	5.05	0.84	0.0	0.0	26.53					1	0.0	0.0	-0.73	0.0	0.0	-0.13	-0.73	0.0	0.0	133.19					0.0	0.0	1.26	0.0	0.0	0.39	1.26	0.0	0.0	36.28					0.0	0.0	0.58	0.0	0.0	0.18	0.58	0.0	0.0	25.48					-0.0	-0.0	-0.1200000000000001	-0.0	-0.0	-0.11519873028982042	-0.1200000000000001	0.0010067178511850932	0.0009887101667434006	26.52579969044966				
2023-12-11 08:00:00	2400	5.0	4.92	5.0	4.92	4.69	ILP.MI	3.32	3.32	3.27	3.27	3.99	3.23	-1.0	-1.0	-1.0	0	-1.0	-1.0	1.0	-1.0	-1.0	1.0										1.0			4.25										-1.0			3.52	-0.0	-0.0	0.84	-0.0	-0.0	0.36	5.05	0.84	0.0	0.0	32.47					1	0.0	0.0	-0.73	0.0	0.0	-0.13	-0.73	0.0	0.0	151.12					0.0	0.0	1.26	0.0	0.0	0.39	1.26	0.0	0.0	42.41					0.0	0.0	0.58	0.0	0.0	0.18	0.58	0.0	0.0	31.39					-0.0	-0.0	-0.1200000000000001	-0.0	-0.0	-0.11519873028982042	-0.1200000000000001	0.001198188294051582	0.0011808978695397876	32.46594315251444				
2023-12-12 08:00:00	1200	5.0	4.98	4.98	5.0	4.77	ILP.MI	3.32	3.33	3.32	3.33	3.99	3.23	-1.0	-1.0	-1.0	0	-1.0	-1.0	1.0	-1.0	-1.0	1.0										1.0			4.25										-1.0			3.52	-0.08	-0.08	0.76	-0.02	-0.02	0.34	5.05	0.76	0.0	0.0	26.84					1	0.0	0.0	-0.73	0.0	0.0	-0.13	-0.73	0.0	0.0	151.12					0.08	0.08	1.34	0.02	0.02	0.41	1.34	0.0	0.0	44.03					0.08	0.08	0.66	0.02	0.02	0.2	0.66	0.0	0.0	33.2					-0.08000000000000007	-0.08000000000000007	-0.20000000000000018	-0.016260162601626105	-0.016129381929883717	-0.12935555060518333	-0.20000000000000018	0.0010151529267906816	0.0009972100920432325	26.83756759246397				
2023-12-13 08:00:00	4800	5.0	4.98	4.98	5.0	4.77	ILP.MI	3.32	3.34	3.32	3.34	3.99	3.23	-1.0	-1.0	-1.0	0	-1.0	-1.0	1.0	-1.0	-1.0	1.0										1.0			4.25										-1.0			3.52	-0.0	-0.0	0.76	-0.0	-0.0	0.34	5.05	0.76	0.0	0.0	26.84					1	0.0	0.0	-0.73	0.0	0.0	-0.13	-0.73	0.0	0.0	151.12					0.0	0.0	1.34	0.0	0.0	0.41	1.34	0.0	0.0	44.03					0.0	0.0	0.66	0.0	0.0	0.2	0.66	0.0	0.0	33.2					-0.0	-0.0	-0.20000000000000018	-0.0	-0.0	-0.12935555060518333	-0.20000000000000018	0.0010151529267906816	0.0009972100920432325	26.83756759246397				
2023-12-14 08:00:00	2400	5.1	5.0	5.0	5.1	4.86	ILP.MI	3.33	3.4	3.33	3.4	3.99	3.23	-1.0	-1.0	-1.0	0	-1.0	-1.0	1.0	-1.0	-1.0	1.0										1.0			4.25										-1.0			3.52	-0.1	-0.1	0.66	-0.02	-0.02	0.31	5.1	0.66	0.0	0.0	20.91					1	0.0	0.0	-0.73	0.0	0.0	-0.13	-0.73	0.0	0.0	151.12					0.1	0.1	1.44	0.02	0.02	0.44	1.44	0.0	0.0	45.89					0.1	0.1	0.76	0.02	0.02	0.22	0.76	0.0	0.0	35.29					-0.09999999999999964	-0.09999999999999964	-0.2999999999999998	-0.020000000000000018	-0.01980262729617973	-0.1464270103972386	-0.2999999999999998	0.0008145660262152492	0.0007958604311699702	20.91038060519375				
2023-12-15 08:00:00	2400	5.1	5.05	5.05	5.1	4.86	ILP.MI	3.36	3.39	3.36	3.39	3.99	3.23	-1.0	-1.0	-1.0	0	-1.0	-1.0	1.0	-1.0	-1.0	1.0										1.0			4.25										-1.0			3.52	-0.0	-0.0	0.66	-0.0	-0.0	0.31	5.1	0.66	0.0	0.0	18.64					1	0.0	0.0	-0.73	0.0	0.0	-0.13	-0.73	0.0	0.0	145.24					0.0	0.0	1.44	0.0	0.0	0.44	1.44	0.0	0.0	44.17					0.0	0.0	0.76	0.0	0.0	0.22	0.76	0.0	0.0	33.36					-0.0	-0.0	-0.2999999999999998	-0.0	-0.0	-0.1464270103972386	-0.2999999999999998	0.0007026362803392509	0.0006844728298218694	18.636738731121653				
2023-12-18 08:00:00	3600	5.15	5.0	5.0	5.1	4.86	ILP.MI	3.34	3.44	3.34	3.41	3.99	3.23	-1.0	-1.0	1.0	0	-1.0	-1.0	1.0	-1.0	-1.0	1.0										1.0			4.25	3.44		3.44							-1.0			3.52	-0.0	-0.0	0.66	-0.0	-0.0	0.31	5.15	0.66	0.0	0.0	25.74					1	0.0	0.0	-0.73	0.0	0.0	-0.13	-0.73	0.0	0.0	172.05					0.0	0.0	1.44	0.0	0.0	0.44	1.44	0.0	0.0	52.15					0.0	0.0	0.76	0.0	0.0	0.22	0.76	0.0	0.0	40.97					-0.0	-0.0	-0.2999999999999998	-0.0	-0.0	-0.1464270103972386	-0.2999999999999998	0.000931214102378319	0.0009140245854808438	25.741548021463714				
2023-12-19 08:00:00	2400	5.15	5.05	5.05	5.05	4.81	ILP.MI	3.36	3.43	3.36	3.36	3.99	3.23	-1.0	-1.0	1.0	0	-1.0	-1.0	1.0	-1.0	-1.0	1.0										1.0			4.25		3.36								-1.0			3.52	0.05	0.05	0.71	0.01	0.01	0.32	5.15	0.71	0.0	0.0	25.81					1	-0.0	-0.0	-0.73	-0.0	-0.0	-0.13	-0.73	0.0	0.0	168.88					-0.05	-0.05	1.39	-0.01	-0.01	0.43	1.39	0.0	0.0	46.21					-0.05	-0.05	0.71	-0.01	-0.01	0.21	0.71	0.0	0.0	35.05					0.04999999999999982	0.04999999999999982	-0.25	0.009803921568627416	0.009852296443011594	-0.13797579267839943	-0.25	0.0009346235058186464	0.0009174183706259775	25.81007842374659				
2023-12-20 08:00:00	1200	5.1	5.1	5.1	5.1	4.86	ILP.MI	3.4	3.4	3.4	3.4	3.99	3.23	-1.0	-1.0	1.0	0	-1.0	-1.0	1.0	-1.0	-1.0	1.0										1.0			4.25										-1.0			3.52	-0.05	-0.05	0.66	-0.01	-0.01	0.31	5.15	0.66	0.0	0.0	18.67					1	0.0	0.0	-0.73	0.0	0.0	-0.13	-0.73	0.0	0.0	161.82					0.05	0.05	1.44	0.01	0.01	0.44	1.44	0.0	0.0	45.34					0.05	0.05	0.76	0.01	0.01	0.22	0.76	0.0	0.0	34.09					-0.04999999999999982	-0.04999999999999982	-0.2999999999999998	-0.00990099009900991	-0.00985229644301164	-0.1464270103972387	-0.2999999999999998	0.0006634779635867551	0.0006463467493709185	18.671051092859273				
2023-12-21 08:00:00	0	5.1	5.1	5.1	5.1	4.86	ILP.MI	3.4	3.4	3.4	3.4	3.99	3.23	-1.0	-1.0	1.0	0	-1.0	-1.0	1.0	-1.0	-1.0	1.0	5.1									1.0			4.25	3.4									-1.0			3.52	-0.0	-0.0	0.66	-0.0	-0.0	0.31	5.15	0.66	0.0	0.0	18.67					1	0.0	0.0	-0.73	0.0	0.0	-0.13	-0.73	0.0	0.0	161.82					0.0	0.0	1.44	0.0	0.0	0.44	1.44	0.0	0.0	45.34					0.0	0.0	0.76	0.0	0.0	0.22	0.76	0.0	0.0	34.09					-0.0	-0.0	-0.2999999999999998	-0.0	-0.0	-0.1464270103972387	-0.2999999999999998	0.0006634779635867551	0.0006463467493709185	18.671051092859273				
2023-12-22 08:00:00	1200	5.1	5.1	5.1	5.1	4.86	ILP.MI	3.4	3.4	3.4	3.4	3.99	3.23	-1.0	-1.0	1.0	0	-1.0	-1.0	1.0	-1.0	-1.0	1.0										1.0			4.25										-1.0			3.52	-0.0	-0.0	0.66	-0.0	-0.0	0.31	5.15	0.66	0.0	0.0	24.69					1	0.0	0.0	-0.73	0.0	0.0	-0.13	-0.73	0.0	0.0	184.92					0.0	0.0	1.44	0.0	0.0	0.44	1.44	0.0	0.0	51.96					0.0	0.0	0.76	0.0	0.0	0.22	0.76	0.0	0.0	40.45					-0.0	-0.0	-0.2999999999999998	-0.0	-0.0	-0.1464270103972387	-0.2999999999999998	0.000853146846531531	0.0008366973531861444	24.68949996005007				
2023-12-27 08:00:00	3000	5.15	5.0	5.1	5.0	4.77	ILP.MI	3.39	3.42	3.32	3.32	3.99	3.23	-1.0	-1.0	1.0	1	-1.0	-1.0	1.0	-1.0	-1.0	1.0		5.0								1.0			4.25		3.32								-1.0			3.52	0.1	0.1	0.76	0.02	0.02	0.34	5.15	0.76	0.0	0.0	32.0					1	-0.0	-0.0	-0.73	-0.0	-0.0	-0.13	-0.73	0.0	0.0	201.49					-0.1	-0.1	1.34	-0.02	-0.02	0.41	1.34	0.0	0.0	50.06					-0.1	-0.1	0.66	-0.02	-0.02	0.2	0.66	0.0	0.0	38.7					0.09999999999999964	0.09999999999999964	-0.20000000000000018	0.019607843137254832	0.019802627296179643	-0.12935555060518356	-0.20000000000000018	0.0011304294934868326	0.0011138655627864757	32.00455280963496				
2023-12-28 08:00:00	1200	5.1	4.98	4.98	5.1	4.86	ILP.MI	3.32	3.4	3.32	3.4	3.99	3.23	-1.0	-1.0	1.0	1	-1.0	-1.0	1.0	-1.0	-1.0	1.0										1.0			4.25										-1.0			3.52	-0.1	-0.1	0.66	-0.02	-0.02	0.31	5.15	0.66	0.0	0.0	31.86					1	0.1	0.1	-0.63	0.02	0.02	-0.11	-0.63	0.0	0.0	235.39					0.1	0.1	1.44	0.02	0.02	0.44	1.44	0.0	0.0	58.8					0.1	0.1	0.76	0.02	0.02	0.22	0.76	0.0	0.0	47.39					-0.09999999999999964	-0.09999999999999964	-0.2999999999999998	-0.020000000000000018	-0.01980262729617973	-0.1464270103972387	-0.2999999999999998	0.0011269731644171833	0.0011103831681704701	31.860023350571268				
2023-12-29 08:00:00	1800	5.15	5.1	5.1	5.15	4.91	ILP.MI	3.4	3.43	3.4	3.43	3.99	3.23	-1.0	-1.0	1.0	1	-1.0	-1.0	1.0	-1.0	-1.0	1.0	5.15									1.0			4.25	3.43									-1.0			3.52	-0.05	-0.05	0.61	-0.01	-0.01	0.3	5.15	0.61	0.0	0.0	31.83					1	0.05	0.05	-0.58	0.01	0.01	-0.1	-0.58	0.0	0.0	238.15					0.05	0.05	1.49	0.01	0.01	0.46	1.49	0.0	0.0	64.9					0.05	0.05	0.81	0.01	0.01	0.24	0.81	0.0	0.0	53.44					-0.05000000000000071	-0.05000000000000071	-0.35000000000000053	-0.009803921568627638	-0.009756174945364874	-0.15471412680114927	-0.35000000000000053	0.001126282285879091	0.0011096870769700118	31.831184346674576				
2024-01-02 08:00:00	7200	5.15	5.0	5.15	5.0	4.77	ILP.MI	3.41	3.41	3.31	3.31	3.99	3.23	-1.0	-1.0	1.0	1	-1.0	-1.0	1.0	-1.0	-1.0	1.0										1.0			4.25										-1.0			3.52	0.15	0.15	0.76	0.03	0.03	0.34	5.15	0.76	0.0	0.0	34.16					1	-0.15	-0.15	-0.73	-0.03	-0.03	-0.13	-0.73	0.0	0.0	201.37					-0.15	-0.15	1.34	-0.03	-0.03	0.41	1.34	0.0	0.0	55.1					-0.15	-0.15	0.66	-0.03	-0.03	0.2	0.66	0.0	0.0	43.99					0.15000000000000036	0.15000000000000036	-0.20000000000000018	0.029126213592233108	0.029558802241544505	-0.12935555060518356	-0.20000000000000018	0.0012522151985990726	0.0012350606245019602	34.157682062707934				
2024-01-03 08:00:00	2400	4.98	4.94	4.98	4.94	4.71	ILP.MI	3.34	3.34	3.32	3.32	3.99	3.23	-1.0	-1.0	1.0	1	-1.0	-1.0	1.0	-1.0	-1.0	1.0		4.94								1.0			4.25										-1.0			3.52	0.06	0.06	0.82	0.01	0.01	0.35	5.15	0.82	0.0	0.0	32.3					1	-0.06	-0.06	-0.79	-0.01	-0.01	-0.14	-0.79	0.0	0.0	183.8					-0.06	-0.06	1.28	-0.01	-0.01	0.4	1.28	0.0	0.0	46.93					-0.06	-0.06	0.6	-0.01	-0.01	0.19	0.6	0.0	0.0	35.66					0.05999999999999961	0.05999999999999961	-0.14000000000000057	0.0119999999999999	0.012072581234269136	-0.11878092166516563	-0.14000000000000057	0.00115079593548478	0.001134092565315603	32.297121599128715				
2024-01-04 08:00:00	600	5.0	5.0	5.0	5.0	4.77	ILP.MI	3.32	3.32	3.32	3.32	3.99	3.23	-1.0	-1.0	1.0	1	-1.0	-1.0	1.0	-1.0	-1.0	1.0										1.0			4.25		3.32								-1.0			3.52	-0.06	-0.06	0.76	-0.01	-0.01	0.34	5.15	0.76	0.0	0.0	27.14					1	0.06	0.06	-0.73	0.01	0.01	-0.13	-0.73	0.0	0.0	187.31					0.06	0.06	1.34	0.01	0.01	0.41	1.34	0.0	0.0	48.15					0.06	0.06	0.66	0.01	0.01	0.2	0.66	0.0	0.0	37.02					-0.05999999999999961	-0.05999999999999961	-0.20000000000000018	-0.012145748987854255	-0.01207258123426924	-0.12935555060518367	-0.20000000000000018	0.0009852616689509626	0.0009680363347321919	27.138486418743895				
2024-01-05 08:00:00	0	5.0	5.0	5.0	5.0	4.77	ILP.MI	3.32	3.32	3.32	3.32	3.99	3.23	-1.0	-1.0	1.0	1	-1.0	-1.0	1.0	-1.0	-1.0	1.0										1.0			4.25										-1.0			3.52	-0.0	-0.0	0.76	-0.0	-0.0	0.34	5.15	0.76	0.0	0.0	31.87					1	0.0	0.0	-0.73	0.0	0.0	-0.13	-0.73	0.0	0.0	187.31					0.0	0.0	1.34	0.0	0.0	0.41	1.34	0.0	0.0	53.1					0.0	0.0	0.66	0.0	0.0	0.2	0.66	0.0	0.0	41.85					-0.0	-0.0	-0.20000000000000018	-0.0	-0.0	-0.12935555060518367	-0.20000000000000018	0.0011405462377685445	0.0011237651853051034	31.87124548726905				
2024-01-08 08:00:00	9000	5.1	5.0	5.05	5.0	4.77	ILP.MI	3.34	3.37	3.31	3.31	3.99	3.23	-1.0	-1.0	1.0	1	-1.0	-1.0	1.0	-1.0	-1.0	1.0	5.1									1.0			4.25	3.37									-1.0			3.52	-0.0	-0.0	0.76	-0.0	-0.0	0.34	5.15	0.76	0.0	0.0	36.7					1	0.0	0.0	-0.73	0.0	0.0	-0.13	-0.73	0.0	0.0	187.31					0.0	0.0	1.34	0.0	0.0	0.41	1.34	0.0	0.0	58.16					0.0	0.0	0.66	0.0	0.0	0.2	0.66	0.0	0.0	46.78					-0.0	-0.0	-0.20000000000000018	-0.0	-0.0	-0.12935555060518367	-0.20000000000000018	0.0012942847797287548	0.0012779569876952834	36.70450856404767				
2024-01-09 08:00:00	1200	5.05	4.98	5.05	4.98	4.75	ILP.MI	3.36	3.36	3.31	3.31	3.92	3.23	-1.0	-1.0	1.0	1	-1.0	-1.0	1.0	-1.0	-1.0	1.0										1.0			4.25										-1.0			3.52	0.02	0.02	0.78	0.0	0.0	0.34	5.15	0.78	0.0	0.0	43.72					1	-0.02	-0.02	-0.75	-0.0	-0.0	-0.13	-0.75	0.0	0.0	177.07					-0.02	-0.02	1.32	-0.0	-0.0	0.41	1.32	0.0	0.0	61.04					-0.02	-0.02	0.64	-0.0	-0.0	0.19	0.64	0.0	0.0	49.42					0.019999999999999574	0.019999999999999574	-0.1800000000000006	0.0039999999999998925	0.004008021397538711	-0.12585898655138938	-0.1800000000000006	0.0015060021038759922	0.001490286107011407	43.72133119769287				
2024-01-10 08:00:00	600	5.0	5.0	5.0	5.0	4.77	ILP.MI	3.32	3.32	3.32	3.32	3.92	3.23	-1.0	-1.0	1.0	1	-1.0	-1.0	1.0	-1.0	-1.0	1.0										1.0			4.25										-1.0			3.52	-0.02	-0.02	0.76	-0.0	-0.0	0.34	5.15	0.76	0.0	0.0	37.38					1	0.02	0.02	-0.73	0.0	0.0	-0.13	-0.73	0.0	0.0	178.22					0.02	0.02	1.34	0.0	0.0	0.41	1.34	0.0	0.0	59.61					0.02	0.02	0.66	0.0	0.0	0.2	0.66	0.0	0.0	47.81					-0.019999999999999574	-0.019999999999999574	-0.20000000000000018	-0.00401606425702794	-0.004008021397538647	-0.12935555060518367	-0.20000000000000018	0.0012521722937239186	0.0012366597722197614	37.38366074191252				
2024-01-11 08:00:00	5400	4.98	4.9	4.94	4.96	4.73	ILP.MI	3.3	3.33	3.27	3.31	3.92	3.23	-1.0	-1.0	-1.0	0	-1.0	-1.0	1.0	-1.0	-1.0	1.0		4.9								1.0			4.25		3.27								-1.0			3.52	0.04	0.04	0.8	0.01	0.01	0.35	5.15	0.8	0.0	0.0	45.14					1	-0.04	-0.04	-0.77	-0.01	-0.01	-0.13	-0.77	0.0	0.0	165.2					-0.04	-0.04	1.3	-0.01	-0.01	0.4	1.3	0.0	0.0	61.81					-0.04	-0.04	0.62	-0.01	-0.01	0.19	0.62	0.0	0.0	49.83					0.040000000000000036	0.040000000000000036	-0.16000000000000014	0.008000000000000007	0.008032171697264267	-0.12233422440038666	-0.16000000000000014	0.0014870385601047412	0.0014720124023783754	45.141580959697954				
2024-01-12 08:00:00	13800	5.2	5.0	5.0	5.2	4.96	ILP.MI	3.32	3.45	3.32	3.45	3.92	3.23	-1.0	-1.0	1.0	1	-1.0	-1.0	1.0	-1.0	-1.0	1.0										1.0			4.25										-1.0			3.52	-0.24	-0.24	0.56	-0.05	-0.05	0.29	5.2	0.56	0.0	0.0	33.82					1	0.0	0.0	-0.77	0.0	0.0	-0.13	-0.77	0.0	0.0	165.2					0.24	0.24	1.54	0.05	0.05	0.47	1.54	0.0	0.0	66.09					0.24	0.24	0.86	0.05	0.05	0.25	0.86	0.0	0.0	54.64					-0.2400000000000002	-0.2400000000000002	-0.40000000000000036	-0.048387096774193505	-0.04725288485054551	-0.16284187558190732	-0.40000000000000036	0.0012020413090189455	0.0011855424153068839	33.818036479009336				
2024-01-15 08:00:00	0	5.2	5.2	5.2	5.2	4.96	ILP.MI	3.47	3.47	3.47	3.47	3.92	3.23	-1.0	-1.0	1.0	1	-1.0	-1.0	1.0	-1.0	-1.0	1.0	5.2		5.2							1.0			4.25	3.47		3.47							-1.0			3.52	-0.0	-0.0	0.56	-0.0	-0.0	0.29	5.2	0.56	0.0	0.0	27.73					1	0.0	0.0	-0.77	0.0	0.0	-0.13	-0.77	0.0	0.0	165.2					0.0	0.0	1.54	0.0	0.0	0.47	1.54	0.0	0.0	61.84					0.0	0.0	0.86	0.0	0.0	0.25	0.86	0.0	0.0	49.86					-0.0	-0.0	-0.40000000000000036	-0.0	-0.0	-0.16284187558190732	-0.40000000000000036	0.0009015166172572113	0.0008862844778154688	27.72686961349754				
2024-01-16 08:00:00	0	5.2	5.2	5.2	5.2	4.96	ILP.MI	3.46	3.46	3.46	3.46	3.88	3.23	-1.0	-1.0	1.0	1	-1.0	-1.0	1.0	-1.0	-1.0	1.0										1.0			4.25										-1.0			3.52	-0.0	-0.0	0.56	-0.0	-0.0	0.29	5.2	0.56	0.0	0.0	27.73					1	0.0	0.0	-0.77	0.0	0.0	-0.13	-0.77	0.0	0.0	165.2					0.0	0.0	1.54	0.0	0.0	0.47	1.54	0.0	0.0	61.84					0.0	0.0	0.86	0.0	0.0	0.25	0.86	0.0	0.0	49.86					-0.0	-0.0	-0.40000000000000036	-0.0	-0.0	-0.16284187558190732	-0.40000000000000036	0.0009015166172572113	0.0008862844778154688	27.72686961349754				
2024-01-17 08:00:00	600	5.15	5.15	5.15	5.15	4.91	ILP.MI	3.46	3.46	3.46	3.46	3.88	3.23	-1.0	-1.0	1.0	1	-1.0	-1.0	1.0	-1.0	-1.0	1.0										1.0			4.25										-1.0			3.52	0.05	0.05	0.61	0.01	0.01	0.3	5.2	0.61	0.0	0.0	37.12					1	-0.05	-0.05	-0.82	-0.01	-0.01	-0.14	-0.82	0.0	0.0	151.49					-0.05	-0.05	1.49	-0.01	-0.01	0.46	1.49	0.0	0.0	65.69					-0.05	-0.05	0.81	-0.01	-0.01	0.24	0.81	0.0	0.0	53.38					0.04999999999999982	0.04999999999999982	-0.35000000000000053	0.009615384615384581	0.009661910911736859	-0.15471412680114915	-0.35000000000000053	0.0011769162523933775	0.0011623519976664554	37.121389703834325				
2024-01-18 08:00:00	0	5.15	5.15	5.15	5.15	4.91	ILP.MI	3.43	3.43	3.43	3.43	3.88	3.23	-1.0	-1.0	1.0	1	-1.0	-1.0	1.0	-1.0	-1.0	1.0										1.0			4.25										-1.0			3.52	-0.0	-0.0	0.61	-0.0	-0.0	0.3	5.2	0.61	0.0	0.0	35.85					1	0.0	0.0	-0.82	0.0	0.0	-0.14	-0.82	0.0	0.0	151.49					0.0	0.0	1.49	0.0	0.0	0.46	1.49	0.0	0.0	64.75					0.0	0.0	0.81	0.0	0.0	0.24	0.81	0.0	0.0	52.33					-0.0	-0.0	-0.35000000000000053	-0.0	-0.0	-0.15471412680114915	-0.35000000000000053	0.0011158829401194253	0.0011015589244403046	35.851886598679684				
2024-01-19 08:00:00	43800	5.05	5.0	5.05	5.05	4.81	ILP.MI	3.37	3.37	3.34	3.37	3.88	3.23	-1.0	-1.0	1.0	1	-1.0	-1.0	1.0	-1.0	-1.0	1.0										1.0			4.25										-1.0			3.52	0.1	0.1	0.71	0.02	0.02	0.32	5.2	0.71	0.0	0.0	38.45					1	-0.1	-0.1	-0.92	-0.02	-0.02	-0.16	-0.92	0.0	0.0	132.15					-0.1	-0.1	1.39	-0.02	-0.02	0.43	1.39	0.0	0.0	57.12					-0.1	-0.1	0.71	-0.02	-0.02	0.21	0.71	0.0	0.0	45.04					0.10000000000000053	0.10000000000000053	-0.25	0.019417475728155442	0.019608471388376424	-0.13797579267839954	-0.25	0.001243338004143872	0.0012285100417823713	38.45124686276509				
2024-01-22 08:00:00	9600	5.05	4.96	5.05	5.0	4.77	ILP.MI	3.38	3.38	3.32	3.35	3.88	3.23	-1.0	-1.0	1.0	1	-1.0	-1.0	1.0	-1.0	-1.0	1.0										1.0			4.25										-1.0			3.52	0.05	0.05	0.76	0.01	0.01	0.34	5.2	0.76	0.0	0.0	44.84					1	-0.05	-0.05	-0.97	-0.01	-0.01	-0.17	-0.97	0.0	0.0	119.72					-0.05	-0.05	1.34	-0.01	-0.01	0.41	1.34	0.0	0.0	57.01					-0.05	-0.05	0.66	-0.01	-0.01	0.2	0.66	0.0	0.0	44.94					0.04999999999999982	0.04999999999999982	-0.20000000000000018	0.00990099009900991	0.009950330853168092	-0.12935555060518356	-0.20000000000000018	0.0014550489461476633	0.0014404095168312203	44.84156533789796				
2024-01-23 08:00:00	5400	5.0	4.9	5.0	4.9	4.67	ILP.MI	3.36	3.36	3.29	3.29	3.88	3.23	-1.0	-1.0	1.0	0	-1.0	-1.0	1.0	-1.0	-1.0	1.0										1.0			4.25										-1.0			3.52	0.1	0.1	0.86	0.02	0.02	0.36	5.2	0.86	0.0	0.0	47.17					1	-0.1	-0.1	-1.07	-0.02	-0.02	-0.18	-1.07	0.0	0.0	102.46					-0.1	-0.1	1.24	-0.02	-0.02	0.39	1.24	0.0	0.0	49.67					-0.1	-0.1	0.56	-0.02	-0.02	0.18	0.56	0.0	0.0	37.91					0.09999999999999964	0.09999999999999964	-0.10000000000000053	0.019999999999999907	0.020202707317519355	-0.1115872965359016	-0.10000000000000053	0.0015883868144432904	0.0015732260671268428	47.16530118972469				
2024-01-24 08:00:00	14400	4.94	4.82	4.92	4.86	4.63	ILP.MI	3.28	3.29	3.21	3.24	3.88	3.21	-1.0	-1.0	-1.0	0	-1.0	-1.0	1.0	-1.0	-1.0	1.0		4.82		4.82						1.0			4.25		3.21		3.21						-1.0			3.52	0.04	0.04	0.9	0.01	0.01	0.38	5.2	0.9	0.0	0.0	55.05					1	-0.0	-0.0	-1.07	-0.0	-0.0	-0.18	-1.07	0.0	0.0	102.46					-0.04	-0.04	1.2	-0.01	-0.01	0.37	1.2	0.0	0.0	51.7					-0.04	-0.04	0.52	-0.01	-0.01	0.17	0.52	0.0	0.0	39.77					0.040000000000000036	0.040000000000000036	-0.0600000000000005	0.008163265306122436	0.008196767204178515	-0.10427525782426295	-0.0600000000000005	0.001822354169080091	0.0018076956137171862	55.04814610955474				
2024-01-25 08:00:00	51600	4.94	4.8	4.86	4.92	4.69	ILP.MI	3.26	3.31	3.22	3.3	3.88	3.21	-1.0	-1.0	-1.0	-1	-1.0	-1.0	1.0	-1.0	-1.0	1.0										1.0			4.25										-1.0			3.52	-0.06	-0.06	0.84	-0.01	-0.01	0.36	5.2	0.84	0.0	0.0	49.28					1	0.0	0.0	-1.07	0.0	0.0	-0.18	-1.07	0.0	0.0	102.46					0.06	0.06	1.26	0.01	0.01	0.39	1.26	0.0	0.0	52.99					0.06	0.06	0.58	0.01	0.01	0.18	0.58	0.0	0.0	41.22					-0.05999999999999961	-0.05999999999999961	-0.1200000000000001	-0.012345679012345512	-0.012270092591814183	-0.11519873028982053	-0.1200000000000001	0.0016655310260790613	0.0016503343610547727	49.28421403004011				
2024-01-26 08:00:00	14400	5.15	4.96	4.96	5.1	4.86	ILP.MI	3.3	3.43	3.3	3.39	3.88	3.21	-1.0	-1.0	-1.0	-1	-1.0	-1.0	1.0	-1.0	-1.0	1.0	5.15									1.0			4.25	3.43									-1.0			3.52	-0.18	-0.18	0.66	-0.04	-0.04	0.31	5.2	0.66	0.0	0.0	38.67					1	-0.18	-0.18	-1.25	-0.04	-0.04	-0.21	-1.25	0.0	0.0	90.09					0.18	0.18	1.44	0.04	0.04	0.44	1.44	0.0	0.0	55.58					0.18	0.18	0.76	0.04	0.04	0.22	0.76	0.0	0.0	44.13					-0.17999999999999972	-0.17999999999999972	-0.2999999999999998	-0.03658536585365857	-0.03593200922606337	-0.1464270103972387	-0.2999999999999998	0.0013612357247348166	0.0013451196746416816	38.66669403018248				
2024-01-29 08:00:00	15600	5.2	4.82	5.15	4.94	4.71	ILP.MI	3.44	3.48	3.22	3.3	3.88	3.21	-1.0	1.0	1.0	1	-1.0	-1.0	1.0	-1.0	-1.0	1.0										1.0			4.25										-1.0			3.52	0.16	0.16	0.82	0.03	0.03	0.35	5.2	0.82	0.0	0.0	42.12					1	0.16	0.16	-1.09	0.03	0.03	-0.19	-1.09	0.0	0.0	100.25					-0.16	-0.16	1.28	-0.03	-0.03	0.4	1.28	0.0	0.0	46.55					-0.16	-0.16	0.6	-0.03	-0.03	0.19	0.6	0.0	0.0	35.56					0.15999999999999925	0.15999999999999925	-0.14000000000000057	0.03137254901960773	0.03187520853044883	-0.11878092166516552	-0.14000000000000057	0.001568424580182734	0.0015514357951371682	42.12193879357823				
2024-01-30 08:00:00	600	4.94	4.94	4.94	4.94	4.71	ILP.MI	3.26	3.26	3.26	3.26	3.88	3.21	-1.0	1.0	1.0	1	-1.0	-1.0	1.0	-1.0	-1.0	1.0		4.94								1.0			4.25										-1.0			3.52	-0.0	-0.0	0.82	-0.0	-0.0	0.35	5.2	0.82	0.0	0.0	48.63					1	0.0	0.0	-1.09	0.0	0.0	-0.19	-1.09	0.0	0.0	94.41					0.0	0.0	1.28	0.0	0.0	0.4	1.28	0.0	0.0	53.22					0.0	0.0	0.6	0.0	0.0	0.19	0.6	0.0	0.0	41.97					-0.0	-0.0	-0.14000000000000057	-0.0	-0.0	-0.11878092166516552	-0.14000000000000057	0.0017559668248596314	0.0017397340853586574	48.62627571295683				
2024-01-31 08:00:00	600	4.94	4.94	4.94	4.94	4.71	ILP.MI	3.25	3.25	3.25	3.25	3.88	3.21	-1.0	1.0	1.0	1	-1.0	-1.0	1.0	-1.0	-1.0	1.0										1.0			4.25		3.25								-1.0			3.52	-0.0	-0.0	0.82	-0.0	-0.0	0.35	5.2	0.82	0.0	0.0	55.51					1	0.0	0.0	-1.09	0.0	0.0	-0.19	-1.09	0.0	0.0	87.52					0.0	0.0	1.28	0.0	0.0	0.4	1.28	0.0	0.0	60.31					0.0	0.0	0.6	0.0	0.0	0.19	0.6	0.0	0.0	48.74					-0.0	-0.0	-0.14000000000000057	-0.0	-0.0	-0.11878092166516552	-0.14000000000000057	0.001940907258370565	0.0019254317426988798	55.50907108099389				
2024-02-01 08:00:00	2400	4.98	4.94	4.94	4.98	4.75	ILP.MI	3.25	3.28	3.25	3.28	3.88	3.21	-1.0	1.0	1.0	1	-1.0	-1.0	1.0	-1.0	-1.0	1.0										1.0			4.25	3.28									-1.0			3.52	-0.04	-0.04	0.78	-0.01	-0.01	0.34	5.2	0.78	0.0	0.0	49.66					1	0.04	0.04	-1.05	0.01	0.01	-0.18	-1.05	0.0	0.0	101.23					0.04	0.04	1.32	0.01	0.01	0.41	1.32	0.0	0.0	60.14					0.04	0.04	0.64	0.01	0.01	0.19	0.64	0.0	0.0	48.56					-0.040000000000000036	-0.040000000000000036	-0.1800000000000006	-0.00809716599190291	-0.008064559836730495	-0.12585898655138916	-0.1800000000000006	0.0017301909676113508	0.0017145311496034044	49.66185859285079				
2024-02-02 08:00:00	9600	4.98	4.94	4.94	4.98	4.75	ILP.MI	3.25	3.28	3.25	3.28	3.88	3.21	-1.0	1.0	1.0	1	-1.0	-1.0	1.0	-1.0	-1.0	1.0										1.0			4.25										-1.0			3.52	-0.0	-0.0	0.78	-0.0	-0.0	0.34	5.2	0.78	0.0	0.0	58.37					1	0.0	0.0	-1.05	0.0	0.0	-0.18	-1.05	0.0	0.0	90.61					0.0	0.0	1.32	0.0	0.0	0.41	1.32	0.0	0.0	69.41					0.0	0.0	0.64	0.0	0.0	0.19	0.64	0.0	0.0	57.33					-0.0	-0.0	-0.1800000000000006	-0.0	-0.0	-0.12585898655138916	-0.1800000000000006	0.0019401386614195403	0.0019254296264905602	58.36719163927872				
2024-02-05 08:00:00	10200	5.0	4.98	4.98	4.98	4.75	ILP.MI	3.25	3.26	3.25	3.25	3.88	3.21	-1.0	1.0	1.0	1	-1.0	-1.0	1.0	-1.0	-1.0	1.0										1.0			4.25		3.25								-1.0			3.52	-0.0	-0.0	0.78	-0.0	-0.0	0.34	5.2	0.78	0.0	0.0	56.26					1	0.0	0.0	-1.05	0.0	0.0	-0.18	-1.05	0.0	0.0	81.08					0.0	0.0	1.32	0.0	0.0	0.41	1.32	0.0	0.0	77.64					0.0	0.0	0.64	0.0	0.0	0.19	0.64	0.0	0.0	55.22					-0.0	-0.0	-0.1800000000000006	-0.0	-0.0	-0.12585898655138916	-0.1800000000000006	0.0018036777324958349	0.0017894824466193615	56.25618278899497				
2024-02-06 08:00:00	2400	5.05	5.0	5.0	5.05	4.81	ILP.MI	3.25	3.28	3.25	3.28	3.88	3.21	-1.0	1.0	1.0	1	-1.0	-1.0	1.0	-1.0	-1.0	1.0										1.0			4.25										-1.0			3.52	-0.07	-0.07	0.71	-0.01	-0.01	0.32	5.2	0.71	0.0	0.0	50.04					1	0.07	0.07	-0.98	0.01	0.01	-0.17	-0.98	0.0	0.0	87.8					0.07	0.07	1.39	0.01	0.01	0.43	1.39	0.0	0.0	78.82					0.07	0.07	0.71	0.01	0.01	0.21	0.71	0.0	0.0	56.68					-0.0699999999999994	-0.0699999999999994	-0.25	-0.014056224899598346	-0.013958352250706855	-0.13797579267839954	-0.25	0.0016429466878953945	0.0016281816851384523	50.03585984752669				
2024-02-07 08:00:00	1200	5.05	5.05	5.05	5.05	4.81	ILP.MI	3.3	3.3	3.3	3.3	3.88	3.21	-1.0	1.0	1.0	1	-1.0	-1.0	1.0	-1.0	-1.0	1.0										1.0			4.25										-1.0			3.52	-0.0	-0.0	0.71	-0.0	-0.0	0.32	5.2	0.71	0.0	0.0	61.35					1	0.0	0.0	-0.98	0.0	0.0	-0.17	-0.98	0.0	0.0	114.75					0.0	0.0	1.39	0.0	0.0	0.43	1.39	0.0	0.0	92.49					0.0	0.0	0.71	0.0	0.0	0.21	0.71	0.0	0.0	68.63					-0.0	-0.0	-0.25	-0.0	-0.0	-0.13797579267839954	-0.25	0.0018841695278055603	0.001870580856399462	61.35329029263931				
2024-02-08 08:00:00	20400	5.25	4.98	5.0	5.15	4.91	ILP.MI	3.25	3.42	3.24	3.35	3.88	3.21	-1.0	1.0	1.0	1	-1.0	-1.0	1.0	-1.0	-1.0	1.0	5.25		5.25							1.0			4.25	3.42		3.42							-1.0			3.52	-0.1	-0.1	0.61	-0.02	-0.02	0.3	5.25	0.61	0.0	0.0	52.55					1	0.1	0.1	-0.88	0.02	0.02	-0.15	-0.88	0.0	0.0	118.75					0.1	0.1	1.49	0.02	0.02	0.46	1.49	0.0	0.0	93.25					0.1	0.1	0.81	0.02	0.02	0.24	0.81	0.0	0.0	69.58					-0.10000000000000053	-0.10000000000000053	-0.35000000000000053	-0.01980198019801982	-0.019608471388376337	-0.15471412680114915	-0.35000000000000053	0.0016409950398185503	0.0016269605133101273	52.552412743058916				
2024-02-09 08:00:00	14400	5.1	4.9	5.1	4.98	4.75	ILP.MI	3.31	3.31	3.18	3.23	3.88	3.18	-1.0	-1.0	-1.0	1	-1.0	-1.0	1.0	-1.0	-1.0	1.0		4.9		4.9						1.0			4.25										-1.0			3.52	0.17	0.17	0.78	0.03	0.03	0.34	5.25	0.78	0.0	0.0	56.18					1	-0.17	-0.17	-1.05	-0.03	-0.03	-0.18	-1.05	0.0	0.0	94.24					-0.17	-0.17	1.32	-0.03	-0.03	0.41	1.32	0.0	0.0	80.77					-0.17	-0.17	0.64	-0.03	-0.03	0.19	0.64	0.0	0.0	58.63					0.16999999999999993	0.16999999999999993	-0.1800000000000006	0.03300970873786402	0.03356682363908316	-0.12585898655138927	-0.1800000000000006	0.001862536075836499	0.0018476483745160088	56.18195123430094				
2024-02-12 08:00:00	1800	5.1	5.0	5.1	5.0	4.77	ILP.MI	3.28	3.28	3.21	3.21	3.88	3.18	-1.0	-1.0	-1.0	1	-1.0	-1.0	1.0	-1.0	-1.0	1.0	5.1									1.0			4.25		3.21								-1.0			3.52	-0.02	-0.02	0.76	-0.0	-0.0	0.34	5.25	0.76	0.0	0.0	51.92					1	0.02	0.02	-1.03	0.0	0.0	-0.18	-1.03	0.0	0.0	95.88					0.02	0.02	1.34	0.0	0.0	0.41	1.34	0.0	0.0	81.09					0.02	0.02	0.66	0.0	0.0	0.2	0.66	0.0	0.0	59.03					-0.019999999999999574	-0.019999999999999574	-0.20000000000000018	-0.00401606425702794	-0.004008021397538647	-0.12935555060518356	-0.20000000000000018	0.001733352002892063	0.001718153632920938	51.92251767086926				
2024-02-13 08:00:00	6000	5.0	4.98	5.0	5.0	4.77	ILP.MI	3.25	3.25	3.23	3.25	3.88	3.18	-1.0	-1.0	-1.0	1	-1.0	-1.0	1.0	-1.0	-1.0	1.0		4.98								1.0			4.25										-1.0			3.52	-0.0	-0.0	0.76	-0.0	-0.0	0.34	5.25	0.76	0.0	0.0	59.44					1	0.0	0.0	-1.03	0.0	0.0	-0.18	-1.03	0.0	0.0	112.65					0.0	0.0	1.34	0.0	0.0	0.41	1.34	0.0	0.0	89.73					0.0	0.0	0.66	0.0	0.0	0.2	0.66	0.0	0.0	66.79					-0.0	-0.0	-0.20000000000000018	-0.0	-0.0	-0.12935555060518356	-0.20000000000000018	0.0019162377358918781	0.0019017568979113886	59.43799823125819				
2024-02-14 08:00:00	600	5.05	5.05	5.05	5.05	4.81	ILP.MI	3.26	3.26	3.26	3.26	3.88	3.18	-1.0	-1.0	-1.0	1	-1.0	-1.0	1.0	-1.0	-1.0	1.0	5.05									1.0			4.25	3.26									-1.0			3.52	-0.05	-0.05	0.71	-0.01	-0.01	0.32	5.25	0.71	0.0	0.0	53.87					1	0.05	0.05	-0.98	0.01	0.01	-0.17	-0.98	0.0	0.0	116.32					0.05	0.05	1.39	0.01	0.01	0.43	1.39	0.0	0.0	90.48					0.05	0.05	0.71	0.01	0.01	0.21	0.71	0.0	0.0	67.71					-0.04999999999999982	-0.04999999999999982	-0.25	-0.010000000000000009	-0.009950330853168092	-0.13797579267839954	-0.25	0.001767835040442603	0.0017528955383894207	53.87411044665338				
2024-02-15 08:00:00	1200	5.05	4.98	4.98	5.05	4.81	ILP.MI	3.18	3.22	3.18	3.22	3.86	3.18	-1.0	-1.0	-1.0	1	-1.0	-1.0	1.0	-1.0	-1.0	1.0										1.0			4.25										-1.0			3.52	-0.0	-0.0	0.71	-0.0	-0.0	0.32	5.25	0.71	0.0	0.0	72.74					1	0.0	0.0	-0.98	0.0	0.0	-0.17	-0.98	0.0	0.0	166.63					0.0	0.0	1.39	0.0	0.0	0.43	1.39	0.0	0.0	114.95					0.0	0.0	0.71	0.0	0.0	0.21	0.71	0.0	0.0	88.45					-0.0	-0.0	-0.25	-0.0	-0.0	-0.13797579267839954	-0.25	0.0021080818454036745	0.00209500817526842	72.74480361450314				
2024-02-16 08:00:00	1800	5.05	4.98	5.05	4.98	4.75	ILP.MI	3.22	3.22	3.17	3.17	3.86	3.17	-1.0	-1.0	-1.0	1	-1.0	-1.0	1.0	-1.0	-1.0	1.0		4.98								1.0			4.25		3.17		3.17						-1.0			3.52	0.07	0.07	0.78	0.01	0.01	0.34	5.25	0.78	0.0	0.0	72.28					1	-0.07	-0.07	-1.05	-0.01	-0.01	-0.18	-1.05	0.0	0.0	148.93					-0.07	-0.07	1.32	-0.01	-0.01	0.41	1.32	0.0	0.0	104.87					-0.07	-0.07	0.64	-0.01	-0.01	0.19	0.64	0.0	0.0	79.0					0.0699999999999994	0.0699999999999994	-0.1800000000000006	0.013861386138613763	0.013958352250706801	-0.12585898655138916	-0.1800000000000006	0.002077981254994571	0.0020650175722565223	72.27661521950151				
2024-02-19 08:00:00	600	5.1	5.1	5.1	5.1	4.86	ILP.MI	3.25	3.25	3.25	3.25	3.86	3.17	-1.0	-1.0	-1.0	1	-1.0	-1.0	1.0	-1.0	-1.0	1.0	5.1									1.0			4.25	3.25									-1.0			3.52	-0.12	-0.12	0.66	-0.02	-0.02	0.31	5.25	0.66	0.0	0.0	55.83					1	0.12	0.12	-0.93	0.02	0.02	-0.16	-0.93	0.0	0.0	156.63					0.12	0.12	1.44	0.02	0.02	0.44	1.44	0.0	0.0	102.06					0.12	0.12	0.76	0.02	0.02	0.22	0.76	0.0	0.0	75.48					-0.11999999999999922	-0.11999999999999922	-0.2999999999999998	-0.02409638554216853	-0.023810648693718392	-0.1464270103972387	-0.2999999999999998	0.00151206192592999	0.0014997307347275335	55.82969519112291				
2024-02-20 08:00:00	600	5.0	5.0	5.0	5.0	4.77	ILP.MI	3.19	3.19	3.19	3.19	3.86	3.17	-1.0	-1.0	-1.0	1	-1.0	-1.0	1.0	-1.0	-1.0	1.0		5.0								1.0			4.25		3.19								-1.0			3.52	0.1	0.1	0.76	0.02	0.02	0.34	5.25	0.76	0.0	0.0	64.51					1	-0.1	-0.1	-1.03	-0.02	-0.02	-0.18	-1.03	0.0	0.0	136.63					-0.1	-0.1	1.34	-0.02	-0.02	0.41	1.34	0.0	0.0	98.78					-0.1	-0.1	0.66	-0.02	-0.02	0.2	0.66	0.0	0.0	72.8					0.09999999999999964	0.09999999999999964	-0.20000000000000018	0.019607843137254832	0.019802627296179643	-0.12935555060518356	-0.20000000000000018	0.0017803453012006842	0.0017679498213978295	64.51362002157765				
2024-02-21 08:00:00	6000	5.2	5.05	5.1	5.15	4.91	ILP.MI	3.22	3.28	3.19	3.25	3.86	3.17	-1.0	-1.0	-1.0	1	-1.0	-1.0	1.0	-1.0	-1.0	1.0										1.0			4.25	3.28		3.28							-1.0			3.52	-0.15	-0.15	0.61	-0.03	-0.03	0.3	5.25	0.61	0.0	0.0	66.76					1	0.15	0.15	-0.88	0.03	0.03	-0.15	-0.88	0.0	0.0	144.85					0.15	0.15	1.49	0.03	0.03	0.46	1.49	0.0	0.0	118.72					0.15	0.15	0.81	0.03	0.03	0.24	0.81	0.0	0.0	90.78					-0.15000000000000036	-0.15000000000000036	-0.35000000000000053	-0.030000000000000027	-0.02955880224154443	-0.15471412680114915	-0.35000000000000053	0.0018106307283939401	0.001798445103073254	66.7646734517333				
2024-02-22 08:00:00	1800	5.15	5.15	5.15	5.15	4.91	ILP.MI	3.22	3.22	3.22	3.22	3.86	3.17	-1.0	-1.0	-1.0	1	-1.0	-1.0	1.0	-1.0	-1.0	1.0	5.15		5.15							1.0			4.25										-1.0			3.52	-0.0	-0.0	0.61	-0.0	-0.0	0.3	5.25	0.61	0.0	0.0	64.42					1	0.0	0.0	-0.88	0.0	0.0	-0.15	-0.88	0.0	0.0	144.85					0.0	0.0	1.49	0.0	0.0	0.46	1.49	0.0	0.0	117.2					0.0	0.0	0.81	0.0	0.0	0.24	0.81	0.0	0.0	88.89					-0.0	-0.0	-0.35000000000000053	-0.0	-0.0	-0.15471412680114915	-0.35000000000000053	0.001684912641587357	0.0016731674953474052	64.42128217603091				
2024-02-23 08:00:00	600	5.15	5.15	5.15	5.15	4.91	ILP.MI	3.18	3.18	3.18	3.18	3.83	3.17	-1.0	-1.0	-1.0	1	-1.0	-1.0	1.0	-1.0	-1.0	1.0										1.0			4.25										-1.0			3.52	-0.0	-0.0	0.61	-0.0	-0.0	0.3	5.25	0.61	0.0	0.0	70.88					1	0.0	0.0	-0.88	0.0	0.0	-0.15	-0.88	0.0	0.0	144.85					0.0	0.0	1.49	0.0	0.0	0.46	1.49	0.0	0.0	125.07					0.0	0.0	0.81	0.0	0.0	0.24	0.81	0.0	0.0	95.95					-0.0	-0.0	-0.35000000000000053	-0.0	-0.0	-0.15471412680114915	-0.35000000000000053	0.0018187795228799466	0.0018074228357949362	70.8784171689895				
2024-02-26 08:00:00	7200	5.1	5.0	5.05	5.0	4.77	ILP.MI	3.14	3.17	3.1	3.1	3.83	3.1	-1.0	-1.0	-1.0	1	-1.0	-1.0	1.0	-1.0	-1.0	1.0		5.0								1.0			4.25										-1.0			3.52	0.15	0.15	0.76	0.03	0.03	0.34	5.25	0.76	0.0	0.0	70.95					1	-0.15	-0.15	-1.03	-0.03	-0.03	-0.18	-1.03	0.0	0.0	121.64					-0.15	-0.15	1.34	-0.03	-0.03	0.41	1.34	0.0	0.0	107.3					-0.15	-0.15	0.66	-0.03	-0.03	0.2	0.66	0.0	0.0	79.71					0.15000000000000036	0.15000000000000036	-0.20000000000000018	0.029126213592233108	0.029558802241544505	-0.12935555060518356	-0.20000000000000018	0.001822607000847504	0.0018112375339178755	70.94906823860782				
2024-02-27 08:00:00	3000	5.05	5.05	5.05	5.05	4.81	ILP.MI	3.12	3.12	3.12	3.12	3.83	3.1	-1.0	-1.0	-1.0	1	-1.0	-1.0	1.0	-1.0	-1.0	1.0	5.05									1.0			4.25										-1.0			3.52	-0.05	-0.05	0.71	-0.01	-0.01	0.32	5.25	0.71	0.0	0.0	64.4					1	0.05	0.05	-0.98	0.01	0.01	-0.17	-0.98	0.0	0.0	124.17					0.05	0.05	1.39	0.01	0.01	0.43	1.39	0.0	0.0	108.19					0.05	0.05	0.71	0.01	0.01	0.21	0.71	0.0	0.0	80.83					-0.04999999999999982	-0.04999999999999982	-0.25	-0.010000000000000009	-0.009950330853168092	-0.13797579267839954	-0.25	0.001687388001572226	0.0016756209842985204	64.39620132655031				
2024-02-28 08:00:00	12000	5.05	4.86	5.05	4.94	4.71	ILP.MI	3.13	3.13	3.01	3.06	3.83	3.01	-1.0	-1.0	-1.0	0	-1.0	-1.0	1.0	-1.0	-1.0	1.0		4.86		4.86						1.0			4.25		3.01		3.01						-1.0			3.52	0.11	0.11	0.82	0.02	0.02	0.35	5.25	0.82	0.0	0.0	67.08					1	-0.11	-0.11	-1.09	-0.02	-0.02	-0.19	-1.09	0.0	0.0	107.41					-0.11	-0.11	1.28	-0.02	-0.02	0.4	1.28	0.0	0.0	96.89					-0.11	-0.11	0.6	-0.02	-0.02	0.19	0.6	0.0	0.0	70.91					0.10999999999999943	0.10999999999999943	-0.14000000000000057	0.02178217821782169	0.022022912087437226	-0.11878092166516563	-0.14000000000000057	0.0018327392213493116	0.0018204617393213773	67.08475135415243				
2024-02-29 08:00:00	3600	5.0	4.98	4.98	5.0	4.77	ILP.MI	3.09	3.1	3.09	3.1	3.72	3.01	-1.0	-1.0	-1.0	0	-1.0	-1.0	1.0	-1.0	-1.0	1.0										1.0			4.25	3.1									-1.0			3.52	-0.06	-0.06	0.76	-0.01	-0.01	0.34	5.25	0.76	0.0	0.0	71.58					1	0.0	0.0	-1.09	0.0	0.0	-0.19	-1.09	0.0	0.0	107.41					0.06	0.06	1.34	0.01	0.01	0.41	1.34	0.0	0.0	111.73					0.06	0.06	0.66	0.01	0.01	0.2	0.66	0.0	0.0	84.18					-0.05999999999999961	-0.05999999999999961	-0.20000000000000018	-0.012145748987854255	-0.01207258123426924	-0.12935555060518356	-0.20000000000000018	0.0018902500705218546	0.0018783676287839057	71.57795005889803				
2024-03-01 08:00:00	0	5.0	5.0	5.0	5.0	4.77	ILP.MI	3.07	3.07	3.07	3.07	3.72	3.01	-1.0	-1.0	-1.0	0	-1.0	-1.0	1.0	-1.0	-1.0	1.0										1.0			4.25										-1.0			3.52	-0.0	-0.0	0.76	-0.0	-0.0	0.34	5.25	0.76	0.0	0.0	69.24					1	0.0	0.0	-1.09	0.0	0.0	-0.19	-1.09	0.0	0.0	107.41					0.0	0.0	1.34	0.0	0.0	0.41	1.34	0.0	0.0	110.06					0.0	0.0	0.66	0.0	0.0	0.2	0.66	0.0	0.0	82.08					-0.0	-0.0	-0.20000000000000018	-0.0	-0.0	-0.12935555060518356	-0.20000000000000018	0.0017633230817977969	0.0017518796864604003	69.24280412350242				
2024-03-04 08:00:00	600	5.0	5.0	5.0	5.0	4.77	ILP.MI	3.07	3.07	3.07	3.07	3.72	3.01	-1.0	-1.0	-1.0	0	-1.0	-1.0	1.0	-1.0	-1.0	1.0										1.0			4.25										-1.0			3.52	-0.0	-0.0	0.76	-0.0	-0.0	0.34	5.25	0.76	0.0	0.0	67.99					1	0.0	0.0	-1.09	0.0	0.0	-0.19	-1.09	0.0	0.0	107.41					0.0	0.0	1.34	0.0	0.0	0.41	1.34	0.0	0.0	109.17					0.0	0.0	0.66	0.0	0.0	0.2	0.66	0.0	0.0	80.95					-0.0	-0.0	-0.20000000000000018	-0.0	-0.0	-0.12935555060518356	-0.20000000000000018	0.0016989323271583894	0.0016877085167106287	67.99082297486531				
2024-03-05 08:00:00	600	5.0	5.0	5.0	5.0	4.77	ILP.MI	3.05	3.05	3.05	3.05	3.72	3.01	-1.0	-1.0	-1.0	0	-1.0	-1.0	1.0	-1.0	-1.0	1.0										1.0			4.25		3.05								-1.0			3.52	-0.0	-0.0	0.76	-0.0	-0.0	0.34	5.25	0.76	0.0	0.0	74.77					1	0.0	0.0	-1.09	0.0	0.0	-0.19	-1.09	0.0	0.0	107.41					0.0	0.0	1.34	0.0	0.0	0.41	1.34	0.0	0.0	116.92					0.0	0.0	0.66	0.0	0.0	0.2	0.66	0.0	0.0	87.97					-0.0	-0.0	-0.20000000000000018	-0.0	-0.0	-0.12935555060518356	-0.20000000000000018	0.0018311226538954368	0.0018202788689367644	74.76952506228832				
2024-03-06 08:00:00	1800	5.05	5.05	5.05	5.05	4.81	ILP.MI	3.06	3.06	3.06	3.06	3.72	3.01	-1.0	-1.0	-1.0	0	-1.0	-1.0	1.0	-1.0	-1.0	1.0	5.05									1.0			4.25	3.06									-1.0			3.52	-0.05	-0.05	0.71	-0.01	-0.01	0.32	5.25	0.71	0.0	0.0	66.64					1	0.0	0.0	-1.09	0.0	0.0	-0.19	-1.09	0.0	0.0	107.41					0.05	0.05	1.39	0.01	0.01	0.43	1.39	0.0	0.0	116.94					0.05	0.05	0.71	0.01	0.01	0.21	0.71	0.0	0.0	87.99					-0.04999999999999982	-0.04999999999999982	-0.25	-0.010000000000000009	-0.009950330853168092	-0.13797579267839966	-0.25	0.0016338814424324505	0.0016228707705108203	66.6366618355039				
2024-03-07 08:00:00	3600	5.05	4.98	5.0	5.0	4.77	ILP.MI	3.02	3.05	3.01	3.02	3.72	3.01	-1.0	-1.0	-1.0	0	-1.0	-1.0	1.0	-1.0	-1.0	1.0										1.0			4.25										-1.0			3.52	0.05	0.05	0.76	0.01	0.01	0.34	5.2	0.76	0.0	0.0	65.27					1	-0.0	-0.0	-1.09	-0.0	-0.0	-0.19	-1.09	0.0	0.0	107.41					-0.05	-0.05	1.34	-0.01	-0.01	0.41	1.34	0.0	0.0	107.21					-0.05	-0.05	0.66	-0.01	-0.01	0.2	0.66	0.0	0.0	78.5					0.04999999999999982	0.04999999999999982	-0.20000000000000018	0.00990099009900991	0.009950330853168092	-0.12935555060518356	-0.20000000000000018	0.0015688562859085748	0.0015580631170371007	65.27047819469117				
2024-03-08 08:00:00	600	5.0	5.0	5.0	5.0	4.77	ILP.MI	3.03	3.03	3.03	3.03	3.72	3.01	-1.0	-1.0	-1.0	0	-1.0	-1.0	1.0	-1.0	-1.0	1.0										1.0			4.25										-1.0			3.52	-0.0	-0.0	0.76	-0.0	-0.0	0.34	5.2	0.76	0.0	0.0	65.27					1	0.0	0.0	-1.09	0.0	0.0	-0.19	-1.09	0.0	0.0	107.41					0.0	0.0	1.34	0.0	0.0	0.41	1.34	0.0	0.0	107.21					0.0	0.0	0.66	0.0	0.0	0.2	0.66	0.0	0.0	78.5					-0.0	-0.0	-0.20000000000000018	-0.0	-0.0	-0.12935555060518356	-0.20000000000000018	0.0015688562859085748	0.0015580631170371007	65.27047819469117				
2024-03-11 08:00:00	600	4.94	4.94	4.94	4.94	4.71	ILP.MI	3.0	3.0	3.0	3.0	3.72	3.0	-1.0	-1.0	-1.0	0	-1.0	-1.0	1.0	-1.0	-1.0	1.0		4.94								1.0			4.25										-1.0			3.52	0.06	0.06	0.82	0.01	0.01	0.35	5.2	0.82	0.0	0.0	66.94					1	-0.0	-0.0	-1.09	-0.0	-0.0	-0.19	-1.09	0.0	0.0	107.41					-0.06	-0.06	1.28	-0.01	-0.01	0.4	1.28	0.0	0.0	98.86					-0.06	-0.06	0.6	-0.01	-0.01	0.19	0.6	0.0	0.0	70.97					0.05999999999999961	0.05999999999999961	-0.14000000000000057	0.0119999999999999	0.012072581234269136	-0.11878092166516563	-0.14000000000000057	0.0016485353220547507	0.001637475336025318	66.93714183444146				
2024-03-12 08:00:00	3600	5.0	4.92	4.92	5.0	4.77	ILP.MI	2.95	2.99	2.95	2.99	3.71	2.95	-1.0	-1.0	-1.0	0	-1.0	-1.0	1.0	-1.0	-1.0	1.0										1.0			4.25		2.95								-1.0			3.52	-0.06	-0.06	0.76	-0.01	-0.01	0.34	5.2	0.76	0.0	0.0	57.41					1	0.0	0.0	-1.09	0.0	0.0	-0.19	-1.09	0.0	0.0	107.41					0.06	0.06	1.34	0.01	0.01	0.41	1.34	0.0	0.0	98.44					0.06	0.06	0.66	0.01	0.01	0.2	0.66	0.0	0.0	70.43					-0.05999999999999961	-0.05999999999999961	-0.20000000000000018	-0.012145748987854255	-0.01207258123426924	-0.12935555060518367	-0.20000000000000018	0.0014021795291978517	0.0013910570420012647	57.40915075082624				
2024-03-13 08:00:00	16800	5.2	4.94	5.05	5.0	4.77	ILP.MI	3.01	3.1	2.95	2.98	3.71	2.95	-1.0	-1.0	-1.0	1	-1.0	-1.0	1.0	-1.0	-1.0	1.0	5.2									1.0			4.25	3.1		3.1							-1.0			3.52	-0.0	-0.0	0.76	-0.0	-0.0	0.34	5.2	0.76	0.0	0.0	62.53					1	0.0	0.0	-1.09	0.0	0.0	-0.19	-1.09	0.0	0.0	115.05					0.0	0.0	1.34	0.0	0.0	0.41	1.34	0.0	0.0	103.93					0.0	0.0	0.66	0.0	0.0	0.2	0.66	0.0	0.0	75.64					-0.0	-0.0	-0.20000000000000018	-0.0	-0.0	-0.12935555060518367	-0.20000000000000018	0.0015148277474860926	0.0015039465656236928	62.526233396483974				
2024-03-14 08:00:00	3600	5.05	4.96	5.0	5.05	4.81	ILP.MI	2.99	3.02	2.97	3.02	3.71	2.95	-1.0	-1.0	-1.0	1	-1.0	-1.0	1.0	-1.0	-1.0	1.0										1.0			4.25										-1.0			3.52	-0.05	-0.05	0.71	-0.01	-0.01	0.32	5.2	0.71	0.0	0.0	65.82					1	0.05	0.05	-1.04	0.01	0.01	-0.18	-1.04	0.0	0.0	134.49					0.05	0.05	1.39	0.01	0.01	0.43	1.39	0.0	0.0	117.25					0.05	0.05	0.71	0.01	0.01	0.21	0.71	0.0	0.0	87.65					-0.04999999999999982	-0.04999999999999982	-0.25	-0.010000000000000009	-0.009950330853168092	-0.13797579267839977	-0.25	0.0015558745236826075	0.0015452592825422329	65.81507598545195				
2024-03-15 08:00:00	1800	5.0	5.0	5.0	5.0	4.77	ILP.MI	2.98	2.98	2.98	2.98	3.71	2.95	-1.0	-1.0	-1.0	1	-1.0	-1.0	1.0	-1.0	-1.0	1.0										1.0			4.25										-1.0			3.52	0.05	0.05	0.76	0.01	0.01	0.34	5.2	0.76	0.0	0.0	65.82					1	-0.05	-0.05	-1.09	-0.01	-0.01	-0.19	-1.09	0.0	0.0	121.08					-0.05	-0.05	1.34	-0.01	-0.01	0.41	1.34	0.0	0.0	108.3					-0.05	-0.05	0.66	-0.01	-0.01	0.2	0.66	0.0	0.0	79.2					0.04999999999999982	0.04999999999999982	-0.20000000000000018	0.00990099009900991	0.009950330853168092	-0.12935555060518367	-0.20000000000000018	0.0015558745236826075	0.0015452592825422329	65.81507598545195				
2024-03-18 08:00:00	0	5.0	5.0	5.0	5.0	4.77	ILP.MI	2.98	2.98	2.98	2.98	3.71	2.95	-1.0	-1.0	-1.0	1	-1.0	-1.0	1.0	-1.0	-1.0	1.0										1.0			4.25										-1.0			3.52	-0.0	-0.0	0.76	-0.0	-0.0	0.34	5.2	0.76	0.0	0.0	65.23					1	0.0	0.0	-1.09	0.0	0.0	-0.19	-1.09	0.0	0.0	120.09					0.0	0.0	1.34	0.0	0.0	0.41	1.34	0.0	0.0	107.89					0.0	0.0	0.66	0.0	0.0	0.2	0.66	0.0	0.0	78.68					-0.0	-0.0	-0.20000000000000018	-0.0	-0.0	-0.12935555060518367	-0.20000000000000018	0.0015294215824588526	0.0015188934784009511	65.23383710335528				
2024-03-19 08:00:00	2400	5.05	4.94	5.05	4.94	4.71	ILP.MI	2.98	2.98	2.91	2.91	3.7	2.91	-1.0	-1.0	-1.0	1	-1.0	-1.0	1.0	-1.0	-1.0	1.0		4.94								1.0			4.25		2.91								-1.0			3.52	0.06	0.06	0.82	0.01	0.01	0.35	5.2	0.82	0.0	0.0	72.18					1	-0.06	-0.06	-1.15	-0.01	-0.01	-0.2	-1.15	0.0	0.0	116.02					-0.06	-0.06	1.28	-0.01	-0.01	0.4	1.28	0.0	0.0	104.95					-0.06	-0.06	0.6	-0.01	-0.01	0.19	0.6	0.0	0.0	76.28					0.05999999999999961	0.05999999999999961	-0.14000000000000057	0.0119999999999999	0.012072581234269136	-0.11878092166516574	-0.14000000000000057	0.0017203757029307422	0.001709829394182183	72.18129193290125				
2024-03-20 08:00:00	1800	5.0	5.0	5.0	5.0	4.77	ILP.MI	2.95	2.95	2.95	2.95	3.7	2.91	-1.0	-1.0	-1.0	1	-1.0	-1.0	1.0	-1.0	-1.0	1.0	5.0									1.0			4.25	2.95									-1.0			3.52	-0.06	-0.06	0.76	-0.01	-0.01	0.34	5.2	0.76	0.0	0.0	61.81					1	0.06	0.06	-1.09	0.01	0.01	-0.19	-1.09	0.0	0.0	113.91					0.06	0.06	1.34	0.01	0.01	0.41	1.34	0.0	0.0	104.1					0.06	0.06	0.66	0.01	0.01	0.2	0.66	0.0	0.0	75.2					-0.05999999999999961	-0.05999999999999961	-0.20000000000000018	-0.012145748987854255	-0.01207258123426924	-0.12935555060518378	-0.20000000000000018	0.0014483432468645164	0.001437815715823465	61.80984505631787				
2024-03-21 08:00:00	600	4.96	4.96	4.96	4.96	4.73	ILP.MI	2.92	2.92	2.92	2.92	3.61	2.91	-1.0	-1.0	-1.0	1	-1.0	-1.0	1.0	-1.0	-1.0	1.0										1.0			4.25										-1.0			3.52	0.04	0.04	0.8	0.01	0.01	0.35	5.2	0.8	0.0	0.0	68.23					1	-0.04	-0.04	-1.13	-0.01	-0.01	-0.19	-1.13	0.0	0.0	111.98					-0.04	-0.04	1.3	-0.01	-0.01	0.4	1.3	0.0	0.0	102.69					-0.04	-0.04	0.62	-0.01	-0.01	0.19	0.62	0.0	0.0	74.05					0.040000000000000036	0.040000000000000036	-0.16000000000000014	0.008000000000000007	0.008032171697264267	-0.12233422440038688	-0.16000000000000014	0.0016124355699811427	0.001601978141478444	68.22849689266418				
2024-03-22 08:00:00	600	4.94	4.94	4.94	4.94	4.71	ILP.MI	2.91	2.91	2.91	2.91	3.61	2.91	-1.0	-1.0	-1.0	1	-1.0	-1.0	1.0	-1.0	-1.0	1.0		4.94								1.0			4.25		2.91								-1.0			3.52	0.02	0.02	0.82	0.0	0.0	0.35	5.2	0.82	0.0	0.0	68.22					1	-0.02	-0.02	-1.15	-0.0	-0.0	-0.2	-1.15	0.0	0.0	103.07					-0.02	-0.02	1.28	-0.0	-0.0	0.4	1.28	0.0	0.0	96.71					-0.02	-0.02	0.6	-0.0	-0.0	0.19	0.6	0.0	0.0	68.22					0.019999999999999574	0.019999999999999574	-0.14000000000000057	0.004032258064516014	0.004040409537004863	-0.11878092166516585	-0.14000000000000057	0.0016122150337819154	0.0016017583117824419	68.22382313983361				
2024-03-25 08:00:00	4200	5.05	4.94	4.94	5.0	4.77	ILP.MI	2.88	2.95	2.88	2.92	3.5	2.88	-1.0	-1.0	-1.0	1	-1.0	-1.0	1.0	-1.0	-1.0	1.0										1.0			4.25										-1.0			3.52	-0.06	-0.06	0.76	-0.01	-0.01	0.34	5.2	0.76	0.0	0.0	60.87					1	0.06	0.06	-1.09	0.01	0.01	-0.19	-1.09	0.0	0.0	106.37					0.06	0.06	1.34	0.01	0.01	0.41	1.34	0.0	0.0	98.03					0.06	0.06	0.66	0.01	0.01	0.2	0.66	0.0	0.0	69.9					-0.05999999999999961	-0.05999999999999961	-0.20000000000000018	-0.012145748987854255	-0.01207258123426924	-0.1293555506051839	-0.20000000000000018	0.0014739408655737426	0.0014630625058467128	60.873325145081125				
2024-03-26 08:00:00	9600	5.15	5.05	5.05	5.15	4.91	ILP.MI	2.94	3.0	2.94	3.0	3.5	2.88	-1.0	-1.0	-1.0	1	-1.0	-1.0	1.0	-1.0	-1.0	1.0										1.0			4.25										-1.0			3.52	-0.15	-0.15	0.61	-0.03	-0.03	0.3	5.2	0.61	0.0	0.0	49.62					1	0.15	0.15	-0.94	0.03	0.03	-0.16	-0.94	0.0	0.0	113.46					0.15	0.15	1.49	0.03	0.03	0.46	1.49	0.0	0.0	101.0					0.15	0.15	0.81	0.03	0.03	0.24	0.81	0.0	0.0	73.67					-0.15000000000000036	-0.15000000000000036	-0.35000000000000053	-0.030000000000000027	-0.02955880224154443	-0.15471412680114938	-0.35000000000000053	0.0012720504075932532	0.0012603479437756082	49.6154452820941				
2024-03-27 08:00:00	30000	5.3	5.15	5.15	5.2	4.96	ILP.MI	2.99	3.08	2.99	3.02	3.5	2.88	-1.0	-1.0	-1.0	1	-1.0	-1.0	1.0	-1.0	-1.0	1.0	5.3		5.3		5.3					-1.0			5.3	3.08									-1.0			3.52	-0.05	-0.05	0.56	-0.01	-0.01	0.29	5.3	0.56	0.0	0.0	38.74					1	0.05	0.05	-0.89	0.01	0.01	-0.15	-0.89	0.0	0.0	108.97					0.05	0.05	1.54	0.01	0.01	0.47	1.54	0.0	0.0	99.09					0.05	0.05	0.86	0.01	0.01	0.25	0.86	0.0	0.0	71.25					-0.04999999999999982	-0.04999999999999982	-0.40000000000000036	-0.009708737864077666	-0.00966191091173689	-0.16284187558190766	-0.40000000000000036	0.0009503567619629462	0.0009389509018955522	38.735832353068616				
2024-03-28 08:00:00	16200	5.15	5.0	5.15	5.05	4.81	ILP.MI	3.0	3.0	2.91	2.94	3.5	2.88	-1.0	-1.0	-1.0	1	-1.0	-1.0	1.0	-1.0	-1.0	1.0										-1.0			5.3										-1.0			3.52	0.15	0.15	0.71	0.03	0.03	0.32	5.3	0.71	0.0	0.0	53.26					1	-0.15	-0.15	-1.04	-0.03	-0.03	-0.18	-1.04	0.0	0.0	106.95					-0.15	-0.15	1.39	-0.03	-0.03	0.43	1.39	0.0	0.0	83.04					-0.15	-0.15	0.71	-0.03	-0.03	0.21	0.71	0.0	0.0	70.04					0.15000000000000036	0.15000000000000036	-0.25	0.028846153846153966	0.029270382300113338	-0.13797579267839977	-0.25	0.0013272136453528155	0.0013158547748557403	53.2625263007816				
2024-04-02 07:00:00	10200	5.05	4.94	5.05	4.98	4.75	ILP.MI	2.97	2.97	2.91	2.93	3.5	2.88	-1.0	-1.0	-1.0	1	-1.0	-1.0	1.0	-1.0	-1.0	1.0										-1.0			5.3										-1.0			3.52	0.07	0.07	0.78	0.01	0.01	0.34	5.3	0.78	0.0	0.0	55.3					1	-0.07	-0.07	-1.11	-0.01	-0.01	-0.19	-1.11	0.0	0.0	95.24					-0.07	-0.07	1.32	-0.01	-0.01	0.41	1.32	0.0	0.0	75.07					-0.07	-0.07	0.64	-0.01	-0.01	0.19	0.64	0.0	0.0	62.38					0.0699999999999994	0.0699999999999994	-0.1800000000000006	0.013861386138613763	0.013958352250706801	-0.1258589865513895	-0.1800000000000006	0.0014179429349824096	0.0014062651439712415	55.303229811943666				
2024-04-03 07:00:00	1200	4.96	4.96	4.96	4.96	4.73	ILP.MI	2.91	2.91	2.91	2.91	3.5	2.88	-1.0	-1.0	-1.0	1	-1.0	-1.0	1.0	-1.0	-1.0	1.0										-1.0			5.3										-1.0			3.52	0.02	0.02	0.8	0.0	0.0	0.35	5.3	0.8	0.0	0.0	55.87					1	-0.02	-0.02	-1.13	-0.0	-0.0	-0.19	-1.13	0.0	0.0	88.05					-0.02	-0.02	1.3	-0.0	-0.0	0.4	1.3	0.0	0.0	70.03					-0.02	-0.02	0.62	-0.0	-0.0	0.19	0.62	0.0	0.0	57.42					0.020000000000000462	0.020000000000000462	-0.16000000000000014	0.004016064257028162	0.004024150299725491	-0.12233422440038699	-0.16000000000000014	0.0014440999119306253	0.0014323293608937693	55.87041341966837				
2024-04-04 07:00:00	22800	4.98	4.86	4.94	4.88	4.65	ILP.MI	2.9	2.92	2.85	2.86	3.5	2.85	-1.0	-1.0	-1.0	0	-1.0	-1.0	1.0	-1.0	-1.0	1.0										-1.0			5.3										-1.0			3.52	0.08	0.08	0.88	0.02	0.02	0.37	5.3	0.88	0.0	0.0	62.96					1	-0.08	-0.08	-1.21	-0.02	-0.02	-0.21	-1.21	0.0	0.0	83.21					-0.08	-0.08	1.22	-0.02	-0.02	0.38	1.22	0.0	0.0	61.42					-0.08	-0.08	0.54	-0.02	-0.02	0.17	0.54	0.0	0.0	54.48					0.08000000000000007	0.08000000000000007	-0.08000000000000007	0.016129032258064502	0.01626052087178029	-0.10794626086596704	-0.08000000000000007	0.0016670188006255298	0.0016551298073055332	62.96330423548696				
2024-04-05 07:00:00	21600	4.84	4.66	4.84	4.8	4.58	ILP.MI	2.88	2.88	2.77	2.85	3.48	2.77	-1.0	-1.0	-1.0	-1	-1.0	-1.0	1.0	-1.0	-1.0	1.0		4.66		4.66		4.66		4.66		-1.0			5.3		2.77		2.77						-1.0			3.52	0.08	0.08	0.96	0.02	0.02	0.39	5.3	0.96	0.0	0.0	70.94					1	-0.0	-0.0	-1.21	-0.0	-0.0	-0.21	-1.21	0.0	0.0	91.89					-0.08	-0.08	1.14	-0.02	-0.02	0.36	1.14	0.0	0.0	52.53					-0.08	-0.08	0.46	-0.02	-0.02	0.15	0.46	0.0	0.0	52.53					0.08000000000000007	0.08000000000000007	0.0	0.016393442622950838	0.016529301951210582	-0.09307869854706652	0.0	0.0019075050944213612	0.0018955999480021468	70.93803198048909				
2024-04-08 07:00:00	22800	4.96	4.76	4.78	4.84	4.61	ILP.MI	2.82	2.92	2.8	2.85	3.48	2.77	-1.0	-1.0	-1.0	-1	-1.0	-1.0	1.0	-1.0	-1.0	1.0										-1.0			5.3										-1.0			3.52	-0.04	-0.04	0.92	-0.01	-0.01	0.38	5.3	0.92	0.0	0.0	61.33					1	-0.04	-0.04	-1.25	-0.01	-0.01	-0.21	-1.25	0.0	0.0	74.74					0.04	0.04	1.18	0.01	0.01	0.37	1.18	0.0	0.0	64.54					0.04	0.04	0.5	0.01	0.01	0.16	0.5	0.0	0.0	49.6					-0.040000000000000036	-0.040000000000000036	-0.040000000000000036	-0.008333333333333304	-0.008298802814695064	-0.10057391591444609	-0.040000000000000036	0.0015857925649291002	0.0015741797521819922	61.32635672880677				
2024-04-09 07:00:00	7200	4.98	4.84	4.84	4.84	4.61	ILP.MI	2.88	2.97	2.88	2.88	3.48	2.77	-1.0	-1.0	-1.0	-1	-1.0	-1.0	1.0	-1.0	-1.0	1.0	4.98									-1.0			5.3	2.97									-1.0			3.52	-0.0	-0.0	0.92	-0.0	-0.0	0.38	5.3	0.92	0.0	0.0	73.02					1	-0.0	-0.0	-1.25	-0.0	-0.0	-0.21	-1.25	0.0	0.0	92.54					0.0	0.0	1.18	0.0	0.0	0.37	1.18	0.0	0.0	60.6					0.0	0.0	0.5	0.0	0.0	0.16	0.5	0.0	0.0	60.6					-0.0	-0.0	-0.040000000000000036	-0.0	-0.0	-0.10057391591444609	-0.040000000000000036	0.001782371039960515	0.001771568100431109	73.0234565280309				
2024-04-10 07:00:00	17400	4.9	4.78	4.82	4.82	4.6	ILP.MI	2.86	2.91	2.84	2.86	3.48	2.77	-1.0	-1.0	-1.0	-1	-1.0	-1.0	1.0	-1.0	-1.0	1.0										-1.0			5.3		2.84								-1.0			3.52	0.02	0.02	0.94	0.0	0.0	0.39	5.3	0.94	0.0	0.0	73.56					1	0.02	0.02	-1.23	0.0	0.0	-0.21	-1.23	0.0	0.0	93.8					-0.02	-0.02	1.16	-0.0	-0.0	0.36	1.16	0.0	0.0	55.5					-0.02	-0.02	0.48	-0.0	-0.0	0.16	0.48	0.0	0.0	55.5					0.019999999999999574	0.019999999999999574	-0.020000000000000462	0.004132231404958553	0.004140792666031277	-0.09684185747425722	-0.020000000000000462	0.0018101143508229248	0.0017992208970010193	73.55622053349968				
2024-04-11 07:00:00	0	4.82	4.82	4.82	4.82	4.6	ILP.MI	2.89	2.89	2.89	2.89	3.48	2.77	-1.0	-1.0	-1.0	-1	-1.0	-1.0	1.0	-1.0	-1.0	1.0		4.82								-1.0			5.3										-1.0			3.52	-0.0	-0.0	0.94	-0.0	-0.0	0.39	5.3	0.94	0.0	0.0	81.18					1	-0.0	-0.0	-1.23	-0.0	-0.0	-0.21	-1.23	0.0	0.0	105.32					0.0	0.0	1.16	0.0	0.0	0.36	1.16	0.0	0.0	53.65					0.0	0.0	0.48	0.0	0.0	0.16	0.48	0.0	0.0	53.65					-0.0	-0.0	-0.020000000000000462	-0.0	-0.0	-0.09684185747425722	-0.020000000000000462	0.0019479911598982522	0.0019375297563575256	81.18432844194463				
2024-04-12 07:00:00	17400	4.96	4.86	4.92	4.92	4.69	ILP.MI	2.95	2.97	2.91	2.95	3.48	2.77	-1.0	-1.0	-1.0	-1	-1.0	-1.0	1.0	-1.0	-1.0	1.0										-1.0			5.3	2.97									-1.0			3.52	-0.1	-0.1	0.84	-0.02	-0.02	0.36	5.3	0.84	0.0	0.0	71.18					1	-0.1	-0.1	-1.33	-0.02	-0.02	-0.23	-1.33	0.0	0.0	90.08					0.1	0.1	1.26	0.02	0.02	0.39	1.26	0.0	0.0	56.74					0.1	0.1	0.58	0.02	0.02	0.18	0.58	0.0	0.0	56.74					-0.09999999999999964	-0.09999999999999964	-0.1200000000000001	-0.020746887966804906	-0.020534602441707735	-0.11519873028982097	-0.1200000000000001	0.0017821896808383779	0.001771109147085781	71.17685799730471				
2024-04-15 07:00:00	1800	4.94	4.92	4.94	4.92	4.69	ILP.MI	2.94	2.94	2.93	2.93	3.48	2.77	-1.0	-1.0	-1.0	-1	-1.0	-1.0	1.0	-1.0	-1.0	1.0	4.94									-1.0			5.3		2.93								-1.0			3.52	-0.0	-0.0	0.84	-0.0	-0.0	0.36	5.3	0.84	0.0	0.0	71.18					1	-0.0	-0.0	-1.33	-0.0	-0.0	-0.23	-1.33	0.0	0.0	90.08					0.0	0.0	1.26	0.0	0.0	0.39	1.26	0.0	0.0	56.74					0.0	0.0	0.58	0.0	0.0	0.18	0.58	0.0	0.0	56.74					-0.0	-0.0	-0.1200000000000001	-0.0	-0.0	-0.11519873028982097	-0.1200000000000001	0.0017821896808383779	0.001771109147085781	71.17685799730471				
2024-04-16 07:00:00	1200	4.92	4.9	4.92	4.9	4.67	ILP.MI	2.98	2.98	2.97	2.97	3.48	2.77	-1.0	-1.0	-1.0	-1	-1.0	-1.0	1.0	-1.0	-1.0	1.0										-1.0			5.3	2.98		2.98							-1.0			3.52	0.02	0.02	0.86	0.0	0.0	0.36	5.3	0.86	0.0	0.0	69.05					1	0.02	0.02	-1.31	0.0	0.0	-0.22	-1.31	0.0	0.0	84.95					-0.02	-0.02	1.24	-0.0	-0.0	0.39	1.24	0.0	0.0	60.93					-0.02	-0.02	0.56	-0.0	-0.0	0.18	0.56	0.0	0.0	60.93					0.019999999999999574	0.019999999999999574	-0.10000000000000053	0.004065040650406471	0.004073325387635786	-0.11158729653590194	-0.10000000000000053	0.0016741228219081575	0.0016633957656122522	69.05108662710862				
2024-04-17 07:00:00	1200	4.9	4.9	4.9	4.9	4.67	ILP.MI	2.94	2.94	2.94	2.94	3.48	2.77	-1.0	-1.0	-1.0	-1	-1.0	-1.0	1.0	-1.0	-1.0	1.0										-1.0			5.3										-1.0			3.52	-0.0	-0.0	0.86	-0.0	-0.0	0.36	5.3	0.86	0.0	0.0	76.61					1	-0.0	-0.0	-1.31	-0.0	-0.0	-0.22	-1.31	0.0	0.0	96.43					0.0	0.0	1.24	0.0	0.0	0.39	1.24	0.0	0.0	59.13					0.0	0.0	0.56	0.0	0.0	0.18	0.56	0.0	0.0	59.13					-0.0	-0.0	-0.10000000000000053	-0.0	-0.0	-0.11158729653590194	-0.10000000000000053	0.0018115463489463955	0.0018012488012801864	76.61294141753105				
2024-04-18 07:00:00	3600	4.86	4.86	4.86	4.86	4.63	ILP.MI	2.9	2.9	2.9	2.9	3.48	2.77	-1.0	-1.0	-1.0	-1	-1.0	-1.0	1.0	-1.0	-1.0	1.0										-1.0			5.3										-1.0			3.52	0.04	0.04	0.9	0.01	0.01	0.38	5.3	0.9	0.0	0.0	77.68					1	0.04	0.04	-1.27	0.01	0.01	-0.22	-1.27	0.0	0.0	99.01					-0.04	-0.04	1.2	-0.01	-0.01	0.37	1.2	0.0	0.0	52.88					-0.04	-0.04	0.52	-0.01	-0.01	0.17	0.52	0.0	0.0	52.88					0.040000000000000036	0.040000000000000036	-0.0600000000000005	0.008163265306122436	0.008196767204178515	-0.10427525782426328	-0.0600000000000005	0.0018672843659348097	0.0018568128960809727	77.67709821954188				
2024-04-19 07:00:00	0	4.86	4.86	4.86	4.86	4.63	ILP.MI	2.9	2.9	2.9	2.9	3.48	2.77	-1.0	-1.0	-1.0	-1	-1.0	-1.0	1.0	-1.0	-1.0	1.0										-1.0			5.3										-1.0			3.52	-0.0	-0.0	0.9	-0.0	-0.0	0.38	5.3	0.9	0.0	0.0	84.2					1	-0.0	-0.0	-1.27	-0.0	-0.0	-0.22	-1.27	0.0	0.0	108.84					0.0	0.0	1.2	0.0	0.0	0.37	1.2	0.0	0.0	51.61					0.0	0.0	0.52	0.0	0.0	0.17	0.52	0.0	0.0	51.61					-0.0	-0.0	-0.0600000000000005	-0.0	-0.0	-0.10427525782426328	-0.0600000000000005	0.0019902645344081413	0.001980139149194482	84.2013034385084				
2024-04-22 07:00:00	3000	4.9	4.8	4.88	4.8	4.58	ILP.MI	2.92	2.94	2.88	2.88	3.48	2.77	-1.0	-1.0	-1.0	-1	-1.0	-1.0	1.0	-1.0	-1.0	1.0		4.8								-1.0			5.3										-1.0			3.52	0.06	0.06	0.96	0.01	0.01	0.39	5.3	0.96	0.0	0.0	84.24					1	0.06	0.06	-1.21	0.01	0.01	-0.21	-1.21	0.0	0.0	112.33					-0.06	-0.06	1.14	-0.01	-0.01	0.36	1.14	0.0	0.0	51.52					-0.06	-0.06	0.46	-0.01	-0.01	0.15	0.46	0.0	0.0	51.52					0.0600000000000005	0.0600000000000005	0.0	0.012345679012345734	0.012422519998557209	-0.09307869854706652	0.0	0.0019926791118817285	0.001982546455925327	84.24456409925375				
2024-04-23 07:00:00	3600	4.9	4.8	4.8	4.9	4.67	ILP.MI	2.82	2.88	2.82	2.88	3.48	2.77	-1.0	-1.0	-1.0	-1	-1.0	-1.0	1.0	-1.0	-1.0	1.0										-1.0			5.3		2.82								-1.0			3.52	-0.1	-0.1	0.86	-0.02	-0.02	0.36	5.3	0.86	0.0	0.0	74.1					1	-0.1	-0.1	-1.31	-0.02	-0.02	-0.22	-1.31	0.0	0.0	96.99					0.1	0.1	1.24	0.02	0.02	0.39	1.24	0.0	0.0	54.71					0.1	0.1	0.56	0.02	0.02	0.18	0.56	0.0	0.0	54.71					-0.10000000000000053	-0.10000000000000053	-0.10000000000000053	-0.02083333333333348	-0.020619287202735825	-0.11158729653590205	-0.10000000000000053	0.001829385179914459	0.0018186349023325832	74.10498729391185				
2024-04-24 07:00:00	10200	4.9	4.86	4.86	4.9	4.67	ILP.MI	2.87	2.89	2.87	2.89	3.48	2.77	-1.0	-1.0	-1.0	-1	-1.0	-1.0	1.0	-1.0	-1.0	1.0										-1.0			5.3										-1.0			3.52	-0.0	-0.0	0.86	-0.0	-0.0	0.36	5.3	0.86	0.0	0.0	73.05					1	-0.0	-0.0	-1.31	-0.0	-0.0	-0.22	-1.31	0.0	0.0	96.99					0.0	0.0	1.24	0.0	0.0	0.39	1.24	0.0	0.0	60.88					0.0	0.0	0.56	0.0	0.0	0.18	0.56	0.0	0.0	60.88					-0.0	-0.0	-0.10000000000000053	-0.0	-0.0	-0.11158729653590205	-0.10000000000000053	0.0017741003225483576	0.001763524851057019	73.05111123244674				
2024-04-25 07:00:00	0	4.9	4.9	4.9	4.9	4.67	ILP.MI	2.92	2.92	2.92	2.92	3.48	2.77	-1.0	-1.0	-1.0	-1	-1.0	-1.0	1.0	-1.0	-1.0	1.0	4.9									-1.0			5.3	2.92									-1.0			3.52	-0.0	-0.0	0.86	-0.0	-0.0	0.36	5.3	0.86	0.0	0.0	78.28					1	-0.0	-0.0	-1.31	-0.0	-0.0	-0.22	-1.31	0.0	0.0	96.99					0.0	0.0	1.24	0.0	0.0	0.39	1.24	0.0	0.0	60.28					0.0	0.0	0.56	0.0	0.0	0.18	0.56	0.0	0.0	60.28					-0.0	-0.0	-0.10000000000000053	-0.0	-0.0	-0.11158729653590205	-0.10000000000000053	0.0018852887602804915	0.0018749787576268773	78.27645418505153				
2024-04-26 07:00:00	19200	4.88	4.68	4.84	4.88	4.65	ILP.MI	2.86	2.88	2.76	2.88	3.48	2.76	-1.0	-1.0	-1.0	-1	-1.0	-1.0	1.0	-1.0	-1.0	1.0		4.68								-1.0			5.3		2.76		2.76						-1.0			3.52	0.02	0.02	0.88	0.0	0.0	0.37	5.15	0.88	0.0	0.0	84.05					1	0.02	0.02	-1.29	0.0	0.0	-0.22	-1.29	0.0	0.0	98.12					-0.02	-0.02	1.22	-0.0	-0.0	0.38	1.22	0.0	0.0	54.52					-0.02	-0.02	0.54	-0.0	-0.0	0.17	0.54	0.0	0.0	54.52					0.020000000000000462	0.020000000000000462	-0.08000000000000007	0.004081632653061273	0.004089985251525166	-0.10794626086596715	-0.08000000000000007	0.002024242855619712	0.002014120230013905	84.05167128708842				
2024-04-29 07:00:00	9000	4.88	4.86	4.88	4.86	4.63	ILP.MI	2.88	2.88	2.86	2.86	3.48	2.76	-1.0	-1.0	-1.0	-1	-1.0	-1.0	1.0	-1.0	-1.0	1.0										-1.0			5.3										-1.0			3.52	0.02	0.02	0.9	0.0	0.0	0.38	5.05	0.9	0.0	0.0	95.58					1	0.02	0.02	-1.27	0.0	0.0	-0.22	-1.27	0.0	0.0	99.23					-0.02	-0.02	1.2	-0.0	-0.0	0.37	1.2	0.0	0.0	45.77					-0.02	-0.02	0.52	-0.0	-0.0	0.17	0.52	0.0	0.0	45.77					0.019999999999999574	0.019999999999999574	-0.0600000000000005	0.004098360655737654	0.004106781952653359	-0.10427525782426339	-0.0600000000000005	0.0022154245674844116	0.0022058596389158414	95.57892392199284				
2024-04-30 07:00:00	1200	4.92	4.88	4.92	4.88	4.65	ILP.MI	2.95	2.95	2.92	2.92	3.48	2.76	-1.0	-1.0	-1.0	-1	-1.0	-1.0	1.0	-1.0	-1.0	1.0	4.92		4.92							-1.0			5.3	2.95		2.95			2.92				-1.0			3.52	-0.02	-0.02	0.88	-0.0	-0.0	0.37	4.98	0.88	0.0	0.0	88.88					1	-0.02	-0.02	-1.29	-0.0	-0.0	-0.22	-1.29	0.0	0.0	91.81					0.02	0.02	1.22	0.0	0.0	0.38	1.22	0.0	0.0	53.2					0.02	0.02	0.54	0.0	0.0	0.17	0.54	0.0	0.0	53.2					-0.019999999999999574	-0.019999999999999574	-0.08000000000000007	-0.00411522633744843	-0.004106781952653281	-0.10794626086596715	-0.08000000000000007	0.002037086403720461	0.0020274486364333377	88.87688630952889				
2024-05-02 07:00:00	10800	4.84	4.76	4.84	4.78	4.56	ILP.MI	2.9	2.9	2.85	2.86	3.48	2.76	-1.0	-1.0	-1.0	-1	-1.0	-1.0	1.0	-1.0	-1.0	1.0		4.76								-1.0			5.3		2.85								-1.0			3.52	0.1	0.1	0.98	0.02	0.02	0.4	4.98	0.98	0.0	0.0	90.89					1	0.1	0.1	-1.19	0.02	0.02	-0.2	-1.19	0.0	0.0	97.17					-0.1	-0.1	1.12	-0.02	-0.02	0.35	1.12	0.0	0.0	48.92					-0.1	-0.1	0.44	-0.02	-0.02	0.15	0.44	0.0	0.0	48.92					0.09999999999999964	0.09999999999999964	0.019999999999999574	0.020491803278688492	0.020704673361691166	-0.08928404875019236	0.019999999999999574	0.002153962967469528	0.0021439869788930643	90.88585997656048				
2024-05-03 07:00:00	5400	4.82	4.8	4.82	4.8	4.58	ILP.MI	2.9	2.9	2.88	2.88	3.48	2.76	-1.0	-1.0	-1.0	-1	-1.0	-1.0	1.0	-1.0	-1.0	1.0	4.82									-1.0			5.3	2.9									-1.0			3.52	-0.02	-0.02	0.96	-0.0	-0.0	0.39	4.98	0.96	0.0	0.0	83.97					1	-0.02	-0.02	-1.21	-0.0	-0.0	-0.21	-1.21	0.0	0.0	90.01					0.02	0.02	1.14	0.0	0.0	0.36	1.14	0.0	0.0	56.83					0.02	0.02	0.46	0.0	0.0	0.15	0.46	0.0	0.0	56.83					-0.019999999999999574	-0.019999999999999574	0.0	-0.004184100418409997	-0.004175371410480592	-0.09307869854706652	0.0	0.001959931116183681	0.0019499344514362082	83.9701205044604				
2024-05-06 07:00:00	4800	4.8	4.74	4.76	4.8	4.58	ILP.MI	2.83	2.85	2.82	2.85	3.48	2.76	-1.0	-1.0	-1.0	-1	-1.0	-1.0	1.0	-1.0	-1.0	1.0		4.74		4.74						-1.0			5.3		2.82								-1.0			3.52	-0.0	-0.0	0.96	-0.0	-0.0	0.39	4.98	0.96	0.0	0.0	83.97					1	-0.0	-0.0	-1.21	-0.0	-0.0	-0.21	-1.21	0.0	0.0	90.01					0.0	0.0	1.14	0.0	0.0	0.36	1.14	0.0	0.0	56.83					0.0	0.0	0.46	0.0	0.0	0.15	0.46	0.0	0.0	56.83					-0.0	-0.0	0.0	-0.0	-0.0	-0.09307869854706652	0.0	0.001959931116183681	0.0019499344514362082	83.9701205044604				
2024-05-07 07:00:00	9000	4.94	4.82	4.82	4.94	4.71	ILP.MI	2.85	2.92	2.85	2.92	3.48	2.76	-1.0	-1.0	-1.0	-1	-1.0	-1.0	1.0	-1.0	-1.0	1.0										-1.0			5.3										-1.0			3.52	-0.14	-0.14	0.82	-0.03	-0.03	0.35	4.98	0.82	0.0	0.0	71.52					1	-0.14	-0.14	-1.35	-0.03	-0.03	-0.23	-1.35	0.0	0.0	73.78					0.14	0.14	1.28	0.03	0.03	0.4	1.28	0.0	0.0	61.1					0.14	0.14	0.6	0.03	0.03	0.19	0.6	0.0	0.0	61.1					-0.14000000000000057	-0.14000000000000057	-0.14000000000000057	-0.029166666666666785	-0.028749413285986007	-0.11878092166516596	-0.14000000000000057	0.0017712767803405357	0.0017604918367148947	71.52132493542778				
2024-05-08 07:00:00	1200	4.98	4.96	4.96	4.98	4.75	ILP.MI	2.94	2.95	2.94	2.95	3.48	2.76	-1.0	-1.0	-1.0	0	-1.0	-1.0	1.0	-1.0	-1.0	1.0										-1.0			5.3	2.95		2.95							-1.0			3.52	-0.04	-0.04	0.78	-0.01	-0.01	0.34	4.98	0.78	0.0	0.0	73.75					1	-0.04	-0.04	-1.39	-0.01	-0.01	-0.24	-1.39	0.0	0.0	65.76					0.04	0.04	1.32	0.01	0.01	0.41	1.32	0.0	0.0	59.95					0.04	0.04	0.64	0.01	0.01	0.19	0.64	0.0	0.0	59.95					-0.040000000000000036	-0.040000000000000036	-0.1800000000000006	-0.00809716599190291	-0.008064559836730495	-0.1258589865513896	-0.1800000000000006	0.001797084211038626	0.0017864738166020189	73.75376156720954				
2024-05-09 07:00:00	0	4.98	4.98	4.98	4.98	4.75	ILP.MI	2.93	2.93	2.93	2.93	3.48	2.76	-1.0	-1.0	-1.0	0	-1.0	-1.0	1.0	-1.0	-1.0	1.0	4.98									-1.0			5.3										-1.0			3.52	-0.0	-0.0	0.78	-0.0	-0.0	0.34	4.98	0.78	0.0	0.0	73.75					1	0.0	0.0	-1.39	0.0	0.0	-0.24	-1.39	0.0	0.0	65.76					0.0	0.0	1.32	0.0	0.0	0.41	1.32	0.0	0.0	59.95					0.0	0.0	0.64	0.0	0.0	0.19	0.64	0.0	0.0	59.95					-0.0	-0.0	-0.1800000000000006	-0.0	-0.0	-0.1258589865513896	-0.1800000000000006	0.001797084211038626	0.0017864738166020189	73.75376156720954				
2024-05-10 07:00:00	600	4.96	4.96	4.96	4.96	4.73	ILP.MI	2.89	2.89	2.89	2.89	3.48	2.76	-1.0	-1.0	-1.0	0	-1.0	-1.0	1.0	-1.0	-1.0	1.0										-1.0			5.3										-1.0			3.52	0.02	0.02	0.8	0.0	0.0	0.35	4.98	0.8	0.0	0.0	84.2					1	-0.0	-0.0	-1.39	-0.0	-0.0	-0.24	-1.39	0.0	0.0	65.76					-0.02	-0.02	1.3	-0.0	-0.0	0.4	1.3	0.0	0.0	51.79					-0.02	-0.02	0.62	-0.0	-0.0	0.19	0.62	0.0	0.0	51.79					0.020000000000000462	0.020000000000000462	-0.16000000000000014	0.004016064257028162	0.004024150299725491	-0.1223342244003871	-0.16000000000000014	0.001984963665172162	0.001974865386687563	84.19998509619458				
2024-05-13 07:00:00	0	4.96	4.96	4.96	4.96	4.73	ILP.MI	2.88	2.88	2.88	2.88	3.48	2.76	-1.0	-1.0	-1.0	0	-1.0	-1.0	1.0	-1.0	-1.0	1.0										-1.0			5.3										-1.0			3.52	-0.0	-0.0	0.8	-0.0	-0.0	0.35	4.98	0.8	0.0	0.0	84.2					1	0.0	0.0	-1.39	0.0	0.0	-0.24	-1.39	0.0	0.0	65.76					0.0	0.0	1.3	0.0	0.0	0.4	1.3	0.0	0.0	51.79					0.0	0.0	0.62	0.0	0.0	0.19	0.62	0.0	0.0	51.79					-0.0	-0.0	-0.16000000000000014	-0.0	-0.0	-0.1223342244003871	-0.16000000000000014	0.001984963665172162	0.001974865386687563	84.19998509619458				
2024-05-14 07:00:00	6000	4.9	4.84	4.9	4.84	4.61	ILP.MI	2.82	2.82	2.78	2.78	3.48	2.76	-1.0	-1.0	-1.0	0	-1.0	-1.0	1.0	-1.0	-1.0	1.0		4.84								-1.0			5.3										-1.0			3.52	0.12	0.12	0.92	0.02	0.02	0.38	4.98	0.92	0.0	0.0	87.1					1	-0.0	-0.0	-1.39	-0.0	-0.0	-0.24	-1.39	0.0	0.0	65.76					-0.12	-0.12	1.18	-0.02	-0.02	0.37	1.18	0.0	0.0	41.78					-0.12	-0.12	0.5	-0.02	-0.02	0.16	0.5	0.0	0.0	41.78					0.1200000000000001	0.1200000000000001	-0.040000000000000036	0.024193548387096753	0.024491020008295755	-0.10057391591444631	-0.040000000000000036	0.002153951703229403	0.002143338977508513	87.099009956071				
2024-05-15 07:00:00	1800	4.88	4.86	4.86	4.86	4.63	ILP.MI	2.78	2.79	2.78	2.78	3.48	2.76	-1.0	-1.0	-1.0	0	-1.0	-1.0	1.0	-1.0	-1.0	1.0										-1.0			5.3		2.78		2.78						-1.0			3.52	-0.02	-0.02	0.9	-0.0	-0.0	0.38	4.98	0.9	0.0	0.0	80.65					1	0.0	0.0	-1.39	0.0	0.0	-0.24	-1.39	0.0	0.0	65.76					0.02	0.02	1.2	0.0	0.0	0.37	1.2	0.0	0.0	48.8					0.02	0.02	0.52	0.0	0.0	0.17	0.52	0.0	0.0	48.8					-0.020000000000000462	-0.020000000000000462	-0.0600000000000005	-0.004132231404958775	-0.004123717183862156	-0.1042752578242635	-0.0600000000000005	0.0019741642656801077	0.0019634914484325527	80.65334596750083				
2024-05-16 07:00:00	1800	4.92	4.88	4.88	4.92	4.69	ILP.MI	2.79	2.81	2.79	2.81	3.48	2.76	-1.0	-1.0	-1.0	0	-1.0	-1.0	1.0	-1.0	-1.0	1.0										-1.0			5.3										-1.0			3.52	-0.06	-0.06	0.84	-0.01	-0.01	0.36	4.98	0.84	0.0	0.0	79.93					1	0.0	0.0	-1.39	0.0	0.0	-0.24	-1.39	0.0	0.0	65.76					0.06	0.06	1.26	0.01	0.01	0.39	1.26	0.0	0.0	49.19					0.06	0.06	0.58	0.01	0.01	0.18	0.58	0.0	0.0	49.19					-0.05999999999999961	-0.05999999999999961	-0.1200000000000001	-0.012345679012345512	-0.012270092591814183	-0.11519873028982108	-0.1200000000000001	0.0019664273180039398	0.001955702172981688	79.93120376206144				
2024-05-17 07:00:00	0	4.92	4.92	4.92	4.92	4.69	ILP.MI	2.81	2.81	2.81	2.81	3.48	2.76	-1.0	-1.0	-1.0	0	-1.0	-1.0	1.0	-1.0	-1.0	1.0	4.92									-1.0			5.3										-1.0			3.52	-0.0	-0.0	0.84	-0.0	-0.0	0.36	4.98	0.84	0.0	0.0	79.93					1	0.0	0.0	-1.39	0.0	0.0	-0.24	-1.39	0.0	0.0	65.76					0.0	0.0	1.26	0.0	0.0	0.39	1.26	0.0	0.0	49.19					0.0	0.0	0.58	0.0	0.0	0.18	0.58	0.0	0.0	49.19					-0.0	-0.0	-0.1200000000000001	-0.0	-0.0	-0.11519873028982108	-0.1200000000000001	0.0019664273180039398	0.001955702172981688	79.93120376206144				
2024-05-20 07:00:00	1200	4.9	4.86	4.9	4.86	4.69	ILP.MI	2.84	2.84	2.82	2.82	3.48	2.76	-1.0	-1.0	-1.0	0	-1.0	-1.0	1.0	-1.0	-1.0	1.0		4.86								-1.0			5.3										-1.0			3.52	0.06	0.06	0.9	0.01	0.01	0.38	4.98	0.9	0.0	0.0	81.38					1	-0.0	-0.0	-1.39	-0.0	-0.0	-0.24	-1.39	0.0	0.0	65.76					-0.06	-0.06	1.2	-0.01	-0.01	0.37	1.2	0.0	0.0	42.3					-0.06	-0.06	0.52	-0.01	-0.01	0.17	0.52	0.0	0.0	42.3					0.05999999999999961	0.05999999999999961	-0.0600000000000005	0.012195121951219412	0.012270092591814247	-0.10427525782426339	-0.0600000000000005	0.002049863947628277	0.002038872609601672	81.38111489707708				
2024-05-21 07:00:00	1200	4.92	4.88	4.88	4.92	4.75	ILP.MI	2.85	2.87	2.85	2.87	3.48	2.76	-1.0	-1.0	-1.0	0	-1.0	-1.0	1.0	-1.0	-1.0	1.0	4.92									-1.0			5.3	2.87									-1.0			3.52	-0.06	-0.06	0.84	-0.01	-0.01	0.36	4.98	0.84	0.0	0.0	71.44					1	0.0	0.0	-1.39	0.0	0.0	-0.24	-1.39	0.0	0.0	65.76					0.06	0.06	1.26	0.01	0.01	0.39	1.26	0.0	0.0	52.92					0.06	0.06	0.58	0.01	0.01	0.18	0.58	0.0	0.0	52.92					-0.05999999999999961	-0.05999999999999961	-0.1200000000000001	-0.012345679012345512	-0.012270092591814183	-0.11519873028982108	-0.1200000000000001	0.0017762031814942813	0.0017652005018098382	71.4397054065596				
2024-05-22 07:00:00	27600	4.88	4.86	4.86	4.86	4.69	ILP.MI	2.85	2.86	2.85	2.85	3.48	2.76	-1.0	-1.0	-1.0	0	-1.0	-1.0	1.0	-1.0	-1.0	1.0		4.86								-1.0			5.3		2.85								-1.0			3.52	0.06	0.06	0.9	0.01	0.01	0.38	4.98	0.9	0.0	0.0	82.77					1	-0.0	-0.0	-1.39	-0.0	-0.0	-0.24	-1.39	0.0	0.0	60.06					-0.06	-0.06	1.2	-0.01	-0.01	0.37	1.2	0.0	0.0	42.8					-0.06	-0.06	0.52	-0.01	-0.01	0.17	0.52	0.0	0.0	42.8					0.05999999999999961	0.05999999999999961	-0.0600000000000005	0.012195121951219412	0.012270092591814247	-0.10427525782426339	-0.0600000000000005	0.0020227468226925614	0.002012082662501191	82.77338964515181				
2024-05-23 07:00:00	1200	4.88	4.88	4.88	4.88	4.71	ILP.MI	2.86	2.86	2.86	2.86	3.48	2.76	-1.0	-1.0	-1.0	0	-1.0	-1.0	1.0	-1.0	-1.0	1.0										-1.0			5.3										-1.0			3.52	-0.02	-0.02	0.88	-0.0	-0.0	0.37	4.98	0.88	0.0	0.0	84.53					1	0.0	0.0	-1.39	0.0	0.0	-0.24	-1.39	0.0	0.0	56.97					0.02	0.02	1.22	0.0	0.0	0.38	1.22	0.0	0.0	41.84					0.02	0.02	0.54	0.0	0.0	0.17	0.54	0.0	0.0	41.84					-0.019999999999999574	-0.019999999999999574	-0.08000000000000007	-0.00411522633744843	-0.004106781952653281	-0.10794626086596704	-0.08000000000000007	0.0020408248802692387	0.00203028243425174	84.52740320713258				
2024-05-24 07:00:00	0	4.88	4.88	4.88	4.88	4.71	ILP.MI	2.86	2.86	2.86	2.86	3.48	2.76	-1.0	-1.0	-1.0	0	-1.0	-1.0	1.0	-1.0	-1.0	1.0										-1.0			5.3										-1.0			3.52	-0.0	-0.0	0.88	-0.0	-0.0	0.37	4.98	0.88	0.0	0.0	80.8					1	0.0	0.0	-1.39	0.0	0.0	-0.24	-1.39	0.0	0.0	73.25					0.0	0.0	1.22	0.0	0.0	0.38	1.22	0.0	0.0	53.36					0.0	0.0	0.54	0.0	0.0	0.17	0.54	0.0	0.0	53.36					-0.0	-0.0	-0.08000000000000007	-0.0	-0.0	-0.10794626086596704	-0.08000000000000007	0.0018398250250267357	0.0018299050295327302	80.80416354157884				
2024-05-27 07:00:00	3000	4.96	4.88	4.88	4.96	4.79	ILP.MI	2.84	2.88	2.84	2.88	3.48	2.76	-1.0	-1.0	-1.0	0	-1.0	-1.0	1.0	-1.0	-1.0	1.0										-1.0			5.3										-1.0			3.52	-0.08	-0.08	0.8	-0.02	-0.02	0.35	4.98	0.8	0.0	0.0	70.04					1	0.0	0.0	-1.39	0.0	0.0	-0.24	-1.39	0.0	0.0	83.82					0.08	0.08	1.3	0.02	0.02	0.4	1.3	0.0	0.0	63.46					0.08	0.08	0.62	0.02	0.02	0.19	0.62	0.0	0.0	63.46					-0.08000000000000007	-0.08000000000000007	-0.16000000000000014	-0.016393442622950838	-0.016260520871780326	-0.12233422440038699	-0.16000000000000014	0.001609814480647951	0.0015996451540043477	70.0418097884953				
2024-05-28 07:00:00	1800	4.96	4.94	4.96	4.96	4.79	ILP.MI	2.89	2.89	2.88	2.89	3.48	2.76	-1.0	-1.0	-1.0	0	-1.0	-1.0	1.0	-1.0	-1.0	1.0										-1.0			5.3										-1.0			3.52	-0.0	-0.0	0.8	-0.0	-0.0	0.35	4.98	0.8	0.0	0.0	77.85					1	0.0	0.0	-1.39	0.0	0.0	-0.24	-1.39	0.0	0.0	79.99					0.0	0.0	1.3	0.0	0.0	0.4	1.3	0.0	0.0	61.59					0.0	0.0	0.62	0.0	0.0	0.19	0.62	0.0	0.0	61.59					-0.0	-0.0	-0.16000000000000014	-0.0	-0.0	-0.12233422440038699	-0.16000000000000014	0.00174433006579367	0.0017345725101904907	77.84657329587777				
2024-05-29 07:00:00	77400	5.4	5.0	5.0	5.2	5.02	ILP.MI	2.96	3.2	2.96	3.08	3.48	2.76	-1.0	1.0	1.0	1	-1.0	-1.0	1.0	-1.0	-1.0	1.0										-1.0			5.3										-1.0			3.52	-0.24	-0.24	0.56	-0.05	-0.05	0.29	5.4	0.56	0.0	0.0	60.56					1	0.0	0.0	-1.39	0.0	0.0	-0.24	-1.39	0.0	0.0	79.99					0.24	0.24	1.54	0.05	0.05	0.47	1.54	0.0	0.0	68.41					0.24	0.24	0.86	0.05	0.05	0.25	0.86	0.0	0.0	68.41					-0.2400000000000002	-0.2400000000000002	-0.40000000000000036	-0.048387096774193505	-0.04725288485054551	-0.16284187558190755	-0.40000000000000036	0.0014937194787142392	0.001482788075090502	60.56491043519202				
2024-05-30 07:00:00	6000	5.35	5.2	5.25	5.35	5.16	ILP.MI	3.08	3.14	3.05	3.14	3.48	2.76	-1.0	1.0	1.0	1	-1.0	-1.0	1.0	-1.0	-1.0	1.0										1.0			5.3										-1.0			3.52	-0.15	-0.15	0.41	-0.03	-0.03	0.25	5.4	0.41	0.0	0.0	49.87					1	0.15	0.15	-1.24	0.03	0.03	-0.21	-1.24	0.0	0.0	88.54					0.15	0.15	1.69	0.03	0.03	0.51	1.69	0.0	0.0	71.94					0.15	0.15	1.01	0.03	0.03	0.28	1.01	0.0	0.0	71.94					-0.14999999999999947	-0.14999999999999947	-0.5499999999999998	-0.028846153846153744	-0.02843793532053341	-0.18631359869643338	-0.5499999999999998	0.0012976291430667403	0.0012858892266855992	49.86904462055858				
2024-05-31 07:00:00	18600	5.65	5.3	5.35	5.65	5.45	ILP.MI	3.14	3.31	3.11	3.31	3.48	2.76	-1.0	1.0	1.0	1	-1.0	-1.0	1.0	-1.0	-1.0	1.0										1.0			5.3										-1.0			3.52	-0.3	-0.3	0.11	-0.06	-0.05	0.18	5.65	0.11	0.0	0.0	34.47					1	0.3	0.3	-0.94	0.06	0.05	-0.17	-0.94	0.0	0.0	108.06					0.3	0.3	1.99	0.06	0.05	0.6	1.99	0.0	0.0	82.72					0.3	0.3	1.31	0.06	0.05	0.36	1.31	0.0	0.0	82.72					-0.3000000000000007	-0.3000000000000007	-0.8500000000000005	-0.056074766355140415	-0.05455898425043461	-0.22951818637626897	-0.8500000000000005	0.0009783754100164796	0.0009652635795067699	34.46800235071868				
2024-06-03 07:00:00	101400	6.0	5.55	5.75	5.55	5.36	ILP.MI	3.35	3.5	3.24	3.24	3.5	2.76	1.0	1.0	1.0	1	-1.0	-1.0	1.0	-1.0	-1.0	1.0	6.0		6.0		6.0		6.0			1.0			5.3	3.5		3.5							-1.0			3.52	0.1	0.1	0.21	0.02	0.02	0.2	6.0	0.21	0.0	0.0	41.6					1	-0.1	-0.1	-1.04	-0.02	-0.02	-0.18	-1.04	0.0	0.0	94.85					-0.1	-0.1	1.89	-0.02	-0.02	0.57	1.89	0.0	0.0	73.55					-0.1	-0.1	1.21	-0.02	-0.02	0.33	1.21	0.0	0.0	73.55					0.10000000000000053	0.10000000000000053	-0.75	0.017699115044247926	0.017857617400006572	-0.21563563117584128	-0.75	0.0012171632029831826	0.001203894896059765	41.59974650865523				
2024-06-04 07:00:00	14400	5.6	5.45	5.6	5.5	5.31	ILP.MI	3.3	3.3	3.21	3.24	3.5	2.76	1.0	1.0	1.0	1	-1.0	-1.0	1.0	-1.0	-1.0	1.0										1.0			5.3										-1.0			3.52	-0.05	-0.05	0.16	-0.01	-0.01	0.19	6.0	0.16	0.0	0.0	35.07					1	-0.05	-0.05	-1.09	-0.01	-0.01	-0.19	-1.09	0.0	0.0	94.46					-0.05	-0.05	1.84	-0.01	-0.01	0.56	1.84	0.0	0.0	73.28					-0.05	-0.05	1.16	-0.01	-0.01	0.32	1.16	0.0	0.0	73.28					0.04999999999999982	0.04999999999999982	-0.7000000000000002	0.009009009009009028	0.009049835519917927	-0.20850504600471254	-0.7000000000000002	0.0012238797842126967	0.0012105866786549235	41.74282897436473				
2024-06-05 07:00:00	600	5.5	5.5	5.5	5.5	5.31	ILP.MI	3.22	3.22	3.22	3.22	3.5	2.76	1.0	1.0	1.0	1	-1.0	-1.0	1.0	-1.0	-1.0	1.0		5.5								1.0			5.3		3.22								-1.0			3.52	0.0	0.0	0.16	0.0	0.0	0.19	6.0	0.16	0.0	0.0	48.04					1	0.0	0.0	-1.09	0.0	0.0	-0.19	-1.09	0.0	0.0	94.46					0.0	0.0	1.84	0.0	0.0	0.56	1.84	0.0	0.0	68.22					0.0	0.0	1.16	0.0	0.0	0.32	1.16	0.0	0.0	68.22					-0.0	-0.0	-0.7000000000000002	-0.0	-0.0	-0.20850504600471254	-0.7000000000000002	0.0014886012755770367	0.001476619493970599	55.14679166615598				
2024-06-06 07:00:00	4200	5.75	5.5	5.5	5.6	5.41	ILP.MI	3.19	3.34	3.19	3.25	3.5	2.76	1.0	1.0	1.0	1	-1.0	-1.0	1.0	-1.0	-1.0	1.0	5.75									1.0			5.3	3.34									-1.0			3.52	0.1	0.1	0.26	0.02	0.02	0.22	6.0	0.26	0.0	0.0	50.57					1	0.1	0.1	-0.99	0.02	0.02	-0.18	-0.99	0.0	0.0	97.94					0.1	0.1	1.94	0.02	0.02	0.58	1.94	0.0	0.0	70.25					0.1	0.1	1.26	0.02	0.02	0.34	1.26	0.0	0.0	70.25					-0.09999999999999964	-0.09999999999999964	-0.7999999999999998	-0.018181818181818077	-0.018018505502678212	-0.222638884468914	-0.7999999999999998	0.0013232766739954454	0.001310690464451758	47.46258121333459				
2024-06-07 07:00:00	600	5.55	5.55	5.55	5.55	5.36	ILP.MI	3.24	3.24	3.24	3.24	3.5	2.76	1.0	1.0	1.0	1	-1.0	-1.0	1.0	-1.0	-1.0	1.0		5.55								1.0			5.3		3.24								-1.0			3.52	-0.05	-0.05	0.21	-0.01	-0.01	0.2	6.0	0.21	0.0	0.0	44.94					1	-0.05	-0.05	-1.04	-0.01	-0.01	-0.18	-1.04	0.0	0.0	89.65					-0.05	-0.05	1.89	-0.01	-0.01	0.57	1.89	0.0	0.0	64.12					-0.05	-0.05	1.21	-0.01	-0.01	0.33	1.21	0.0	0.0	64.12					0.04999999999999982	0.04999999999999982	-0.75	0.008928571428571397	0.008968669982760375	-0.21563563117584117	-0.75	0.0013824698958816634	0.0013696700360950054	48.698443478251036				
2024-06-10 07:00:00	3600	5.7	5.65	5.65	5.65	5.45	ILP.MI	3.31	3.34	3.31	3.31	3.5	2.76	1.0	1.0	1.0	1	-1.0	-1.0	1.0	-1.0	-1.0	1.0	5.7									1.0			5.3	3.34									-1.0			3.52	0.1	0.1	0.31	0.02	0.02	0.23	6.0	0.31	0.0	0.0	46.06					1	0.1	0.1	-0.94	0.02	0.02	-0.17	-0.94	0.0	0.0	101.35					0.1	0.1	1.99	0.02	0.02	0.6	1.99	0.0	0.0	72.32					0.1	0.1	1.31	0.02	0.02	0.36	1.31	0.0	0.0	72.32					-0.10000000000000053	-0.10000000000000053	-0.8500000000000005	-0.018018018018018056	-0.01785761740000647	-0.22951818637626886	-0.8500000000000005	0.0011504054136343214	0.0011372273258134502	40.05731591909837				
2024-06-11 07:00:00	10800	5.6	5.45	5.6	5.45	5.26	ILP.MI	3.34	3.34	3.25	3.25	3.5	2.76	1.0	1.0	1.0	1	-1.0	-1.0	1.0	-1.0	-1.0	1.0										1.0			5.3										-1.0			3.52	-0.2	-0.2	0.11	-0.04	-0.04	0.18	6.0	0.11	0.0	0.0	35.57					1	-0.2	-0.2	-1.14	-0.04	-0.04	-0.2	-1.14	0.0	0.0	83.75					-0.2	-0.2	1.79	-0.04	-0.04	0.54	1.79	0.0	0.0	59.68					-0.2	-0.2	1.11	-0.04	-0.04	0.31	1.11	0.0	0.0	59.68					0.20000000000000018	0.20000000000000018	-0.6500000000000004	0.03539823008849563	0.03603993648319693	-0.20124362440842547	-0.6500000000000004	0.0013846650007751015	0.0013705914534902774	44.92086131222736				
2024-06-12 07:00:00	5400	5.55	5.4	5.4	5.5	5.31	ILP.MI	3.18	3.26	3.18	3.24	3.5	2.76	1.0	1.0	1.0	1	-1.0	-1.0	1.0	-1.0	-1.0	1.0										1.0			5.3		3.18		3.18						-1.0			3.52	0.05	0.05	0.16	0.01	0.01	0.19	6.0	0.16	0.0	0.0	34.09					1	0.05	0.05	-1.09	0.01	0.01	-0.19	-1.09	0.0	0.0	96.68					0.05	0.05	1.84	0.01	0.01	0.56	1.84	0.0	0.0	68.97					0.05	0.05	1.16	0.01	0.01	0.32	1.16	0.0	0.0	68.97					-0.04999999999999982	-0.04999999999999982	-0.7000000000000002	-0.00917431192660545	-0.009132483563272472	-0.20850504600471242	-0.7000000000000002	0.001115109878343535	0.0011011228325878974	36.99412606028592				
2024-06-13 07:00:00	13200	5.55	5.45	5.45	5.45	5.26	ILP.MI	3.28	3.34	3.28	3.28	3.5	2.76	1.0	1.0	1.0	1	-1.0	-1.0	1.0	-1.0	-1.0	1.0										1.0			5.3										-1.0			3.52	-0.05	-0.05	0.11	-0.01	-0.01	0.18	6.0	0.11	0.0	0.0	27.35					1	-0.05	-0.05	-1.14	-0.01	-0.01	-0.2	-1.14	0.0	0.0	96.98					-0.05	-0.05	1.79	-0.01	-0.01	0.54	1.79	0.0	0.0	69.17					-0.05	-0.05	1.11	-0.01	-0.01	0.31	1.11	0.0	0.0	69.17					0.04999999999999982	0.04999999999999982	-0.6500000000000004	0.009090909090909038	0.009132483563272474	-0.20124362440842547	-0.6500000000000004	0.0011098756556882031	0.0010959093234614858	36.87985301937847				
2024-06-14 07:00:00	10200	5.5	5.4	5.5	5.5	5.31	ILP.MI	3.4	3.4	3.34	3.4	3.5	2.76	1.0	1.0	1.0	1	-1.0	-1.0	1.0	-1.0	-1.0	1.0		5.4		5.4						1.0			5.3										-1.0			3.52	0.05	0.05	0.16	0.01	0.01	0.19	6.0	0.16	0.0	0.0	25.6					1	0.05	0.05	-1.09	0.01	0.01	-0.19	-1.09	0.0	0.0	110.82					0.05	0.05	1.84	0.01	0.01	0.56	1.84	0.0	0.0	79.1					0.05	0.05	1.16	0.01	0.01	0.32	1.16	0.0	0.0	79.1					-0.04999999999999982	-0.04999999999999982	-0.7000000000000002	-0.00917431192660545	-0.009132483563272472	-0.20850504600471242	-0.7000000000000002	0.0008387538291970476	0.0008249052061666262	28.587046520549293				
2024-06-17 07:00:00	1800	5.65	5.6	5.6	5.65	5.45	ILP.MI	3.44	3.47	3.44	3.47	3.5	2.76	1.0	1.0	1.0	1	-1.0	-1.0	1.0	-1.0	-1.0	1.0										1.0			5.3										-1.0			3.52	0.15	0.15	0.31	0.03	0.03	0.23	6.0	0.31	0.0	0.0	28.52					1	0.15	0.15	-0.94	0.03	0.03	-0.17	-0.94	0.0	0.0	114.57					0.15	0.15	1.99	0.03	0.03	0.6	1.99	0.0	0.0	87.51					0.15	0.15	1.31	0.03	0.03	0.36	1.31	0.0	0.0	87.51					-0.15000000000000036	-0.15000000000000036	-0.8500000000000005	-0.027272727272727337	-0.026907452919924402	-0.22951818637626886	-0.8500000000000005	0.0005767379926041763	0.0005622538088347895	19.138614663504242				
2024-06-18 07:00:00	1200	5.7	5.7	5.7	5.7	5.5	ILP.MI	3.46	3.46	3.46	3.46	3.5	2.76	1.0	1.0	1.0	1	-1.0	-1.0	1.0	-1.0	-1.0	1.0	5.7									1.0			5.3										-1.0			3.52	0.05	0.05	0.36	0.01	0.01	0.24	6.0	0.36	0.0	0.0	35.57					1	0.05	0.05	-0.89	0.01	0.01	-0.16	-0.89	0.0	0.0	115.7					0.05	0.05	2.04	0.01	0.01	0.61	2.04	0.0	0.0	87.22					0.05	0.05	1.36	0.01	0.01	0.37	1.36	0.0	0.0	87.22					-0.04999999999999982	-0.04999999999999982	-0.9000000000000004	-0.008849557522123908	-0.008810629682154906	-0.236276798776477	-0.9000000000000004	0.000589883951660881	0.0005754903281816048	19.68303985414383				
2024-06-19 07:00:00	0	5.7	5.7	5.7	5.7	5.5	ILP.MI	3.47	3.47	3.47	3.47	3.5	2.76	1.0	1.0	1.0	1	-1.0	-1.0	1.0	-1.0	-1.0	1.0										1.0			5.3	3.47									-1.0			3.52	0.0	0.0	0.36	0.0	0.0	0.24	6.0	0.36	0.0	0.0	46.14					1	0.0	0.0	-0.89	0.0	0.0	-0.16	-0.89	0.0	0.0	136.29					0.0	0.0	2.04	0.0	0.0	0.61	2.04	0.0	0.0	84.01					0.0	0.0	1.36	0.0	0.0	0.37	1.36	0.0	0.0	84.01					-0.0	-0.0	-0.9000000000000004	-0.0	-0.0	-0.236276798776477	-0.9000000000000004	0.000833305066909176	0.000819977621371315	29.4987987713711				
2024-06-20 07:00:00	2400	5.65	5.55	5.65	5.65	5.45	ILP.MI	3.39	3.39	3.33	3.39	3.5	2.76	1.0	1.0	1.0	1	-1.0	-1.0	1.0	-1.0	-1.0	1.0		5.55								1.0			5.3		3.33								-1.0			3.52	-0.05	-0.05	0.31	-0.01	-0.01	0.23	6.0	0.31	0.0	0.0	35.84					1	-0.05	-0.05	-0.94	-0.01	-0.01	-0.17	-0.94	0.0	0.0	123.08					-0.05	-0.05	1.99	-0.01	-0.01	0.6	1.99	0.0	0.0	91.09					-0.05	-0.05	1.31	-0.01	-0.01	0.36	1.31	0.0	0.0	91.09					0.04999999999999982	0.04999999999999982	-0.8500000000000005	0.00877192982456132	0.008810629682154807	-0.22951818637626886	-0.8500000000000005	0.0006879982201649236	0.0006752384388268862	25.587607977100205				
2024-06-21 07:00:00	6000	5.95	5.7	5.7	5.95	5.74	ILP.MI	3.46	3.61	3.46	3.61	3.61	2.76	1.0	1.0	1.0	1	1.0	-1.0	-1.0	-1.0	-1.0	1.0	5.95									1.0			5.3	3.61		3.61		3.61					-1.0			3.61	0.3	0.3	0.61	0.05	0.05	0.29	6.0	0.61	0.0	0.0	43.33					1	0.3	0.3	-0.64	0.05	0.05	-0.13	-0.64	0.0	0.0	129.78					0.3	0.3	2.29	0.05	0.05	0.68	2.29	0.0	0.0	95.6					0.3	0.3	1.61	0.05	0.05	0.43	1.61	0.0	0.0	95.6					-0.2999999999999998	-0.2999999999999998	-1.1500000000000004	-0.05309734513274322	-0.051735674399188684	-0.2683660089119191	-1.1500000000000004	0.0003868296351435818	0.0003726218748527632	13.226914528512424				
2024-06-24 07:00:00	17400	5.95	5.7	5.95	5.8	5.6	ILP.MI	3.55	3.55	3.41	3.46	3.61	2.76	1.0	1.0	1.0	1	1.0	-1.0	-1.0	-1.0	-1.0	1.0		5.7	5.95							1.0			5.3		3.41								-1.0			3.61	-0.15	-0.15	0.46	-0.03	-0.03	0.26	6.0	0.46	0.0	0.0	34.97					1	-0.15	-0.15	-0.79	-0.03	-0.03	-0.15	-0.79	0.0	0.0	114.28					0.15	0.15	2.44	0.03	0.03	0.73	2.44	0.0	0.0	97.57					-0.15	-0.15	1.46	-0.03	-0.03	0.39	1.46	0.0	0.0	84.16					0.15000000000000036	0.15000000000000036	-1.0	0.025210084033613467	0.025533302005164762	-0.2494444401768825	-1.0	0.0005451361075756037	0.0005302612942903462	17.6509516172206				
2024-06-25 07:00:00	16800	5.95	5.85	5.85	5.95	5.74	ILP.MI	3.51	3.57	3.51	3.57	3.61	2.76	1.0	1.0	1.0	1	1.0	-1.0	-1.0	-1.0	-1.0	1.0	5.95									1.0			5.3										-1.0			3.61	0.15	0.15	0.61	0.03	0.03	0.29	6.0	0.61	0.0	0.0	43.19					1	0.15	0.15	-0.64	0.03	0.03	-0.13	-0.64	0.0	0.0	116.3					-0.15	-0.15	2.29	-0.03	-0.03	0.68	2.29	0.0	0.0	85.57					0.15	0.15	1.61	0.03	0.03	0.43	1.61	0.0	0.0	85.57					-0.15000000000000036	-0.15000000000000036	-1.1500000000000004	-0.02586206896551735	-0.025533302005164845	-0.2683660089119192	-1.1500000000000004	0.0004787548873355532	0.00046341225345525316	15.090813557616954				
2024-06-26 07:00:00	1800	5.95	5.85	5.95	5.85	5.65	ILP.MI	3.59	3.59	3.53	3.53	3.61	2.76	1.0	1.0	1.0	1	1.0	-1.0	-1.0	1.0	-1.0	-1.0										1.0			5.3										-1.0			3.61	-0.1	-0.1	0.51	-0.02	-0.02	0.27	6.0	0.51	0.0	0.0	36.69					1	-0.1	-0.1	-0.74	-0.02	-0.02	-0.14	-0.74	0.0	0.0	105.47					0.1	0.1	2.39	0.02	0.02	0.71	2.39	0.0	0.0	86.86					-0.1	-0.1	1.51	-0.02	-0.02	0.4	1.51	0.0	0.0	77.38					0.10000000000000053	0.10000000000000053	-1.0499999999999998	0.01680672268907568	0.01694955831377332	-0.25585944496169555	-1.0499999999999998	0.0005838421488809477	0.0005680413135762397	17.777160091013627				
2024-06-27 07:00:00	600	5.85	5.85	5.85	5.85	5.65	ILP.MI	3.56	3.56	3.56	3.56	3.61	2.76	1.0	1.0	1.0	1	1.0	-1.0	-1.0	1.0	-1.0	-1.0										1.0			5.3	3.56									-1.0			3.61	0.0	0.0	0.51	0.0	0.0	0.27	6.0	0.51	0.0	0.0	36.69					1	0.0	0.0	-0.74	0.0	0.0	-0.14	-0.74	0.0	0.0	105.47					-0.0	-0.0	2.39	-0.0	-0.0	0.71	2.39	0.0	0.0	86.86					-0.0	-0.0	1.51	-0.0	-0.0	0.4	1.51	0.0	0.0	77.38					-0.0	-0.0	-1.0499999999999998	-0.0	-0.0	-0.25585944496169555	-1.0499999999999998	0.0005838421488809477	0.0005680413135762397	17.777160091013627				
2024-06-28 07:00:00	4800	5.75	5.6	5.7	5.75	5.55	ILP.MI	3.47	3.51	3.41	3.51	3.61	2.76	1.0	1.0	1.0	1	1.0	-1.0	-1.0	1.0	-1.0	-1.0		5.6								1.0			5.3										-1.0			3.61	-0.1	-0.1	0.41	-0.02	-0.02	0.25	6.0	0.41	0.0	0.0	36.13					1	-0.1	-0.1	-0.84	-0.02	-0.02	-0.15	-0.84	0.0	0.0	93.47					0.1	0.1	2.49	0.02	0.02	0.74	2.49	0.0	0.0	87.1					0.1	0.1	1.61	0.02	0.02	0.43	1.61	0.0	0.0	77.64					0.09999999999999964	0.09999999999999964	-0.9500000000000002	0.017094017094017033	0.017241806434505992	-0.24291787009146415	-0.9500000000000002	0.0008598531827390316	0.0008441330139397074	25.852944090872043				
2024-07-01 07:00:00	0	5.75	5.75	5.75	5.75	5.55	ILP.MI	3.45	3.45	3.45	3.45	3.61	2.76	1.0	1.0	1.0	1	1.0	-1.0	-1.0	1.0	-1.0	-1.0	5.75									1.0			5.3										-1.0			3.61	0.0	0.0	0.41	0.0	0.0	0.25	5.95	0.41	0.0	0.0	36.13					1	0.0	0.0	-0.84	0.0	0.0	-0.15	-0.84	0.0	0.0	93.47					-0.0	-0.0	2.49	-0.0	-0.0	0.74	2.49	0.0	0.0	87.1					-0.0	-0.0	1.61	-0.0	-0.0	0.43	1.61	0.0	0.0	77.64					-0.0	-0.0	-0.9500000000000002	-0.0	-0.0	-0.24291787009146415	-0.9500000000000002	0.0008598531827390316	0.0008441330139397074	25.852944090872043				
2024-07-02 07:00:00	8400	5.75	5.55	5.7	5.7	5.5	ILP.MI	3.44	3.47	3.35	3.44	3.61	2.76	1.0	1.0	1.0	1	1.0	-1.0	-1.0	1.0	-1.0	-1.0										1.0			5.3										-1.0			3.61	-0.05	-0.05	0.36	-0.01	-0.01	0.24	5.95	0.36	0.0	0.0	38.01					1	-0.05	-0.05	-0.89	-0.01	-0.01	-0.16	-0.89	0.0	0.0	83.69					0.05	0.05	2.54	0.01	0.01	0.76	2.54	0.0	0.0	86.29					0.05	0.05	1.66	0.01	0.01	0.44	1.66	0.0	0.0	76.76					0.04999999999999982	0.04999999999999982	-0.9000000000000004	0.008695652173912993	0.008733679968754553	-0.23627679877647711	-0.9000000000000004	0.001102409326948676	0.0010871626911646004	33.61505829562361				
2024-07-03 07:00:00	15000	5.65	5.45	5.6	5.45	5.26	ILP.MI	3.34	3.37	3.25	3.25	3.61	2.76	1.0	1.0	1.0	1	1.0	-1.0	-1.0	1.0	-1.0	-1.0										1.0			5.3										-1.0			3.61	-0.25	-0.25	0.11	-0.04	-0.04	0.18	5.95	0.11	0.0	0.0	22.84					1	-0.25	-0.25	-1.14	-0.04	-0.04	-0.2	-1.14	0.0	0.0	80.19					0.25	0.25	2.79	0.04	0.04	0.84	2.79	0.0	0.0	103.4					0.25	0.25	1.91	0.04	0.04	0.51	1.91	0.0	0.0	93.23					0.25	0.25	-0.6500000000000004	0.04385964912280704	0.04485056616535179	-0.20124362440842558	-0.6500000000000004	0.001174625279116796	0.0011590787249189383	35.06232261842649				
2024-07-04 07:00:00	2400	5.45	5.4	5.45	5.4	5.21	ILP.MI	3.23	3.23	3.2	3.2	3.61	2.76	1.0	1.0	1.0	0	1.0	-1.0	-1.0	1.0	-1.0	-1.0		5.4								1.0			5.3		3.2								-1.0			3.61	-0.05	-0.05	0.06	-0.01	-0.01	0.17	5.95	0.06	0.0	0.0	22.06					1	-0.05	-0.05	-1.19	-0.01	-0.01	-0.21	-1.19	0.0	0.0	72.63					0.05	0.05	2.84	0.01	0.01	0.85	2.84	0.0	0.0	103.74					0.05	0.05	1.96	0.01	0.01	0.52	1.96	0.0	0.0	93.59					0.04999999999999982	0.04999999999999982	-0.6000000000000005	0.00917431192660545	0.009216655104923952	-0.19384773204183692	-0.6000000000000005	0.0013646726027123114	0.0013491840795638588	40.304100805991865				
2024-07-05 07:00:00	6000	5.5	5.4	5.4	5.4	5.21	ILP.MI	3.21	3.27	3.21	3.21	3.61	2.76	1.0	1.0	1.0	0	1.0	-1.0	-1.0	1.0	-1.0	-1.0	5.5									1.0			5.3	3.27									-1.0			3.61	0.0	0.0	0.06	0.0	0.0	0.17	5.95	0.06	0.0	0.0	22.06					1	0.0	0.0	-1.19	0.0	0.0	-0.21	-1.19	0.0	0.0	72.63					-0.0	-0.0	2.84	-0.0	-0.0	0.85	2.84	0.0	0.0	103.74					-0.0	-0.0	1.96	-0.0	-0.0	0.52	1.96	0.0	0.0	93.59					-0.0	-0.0	-0.6000000000000005	-0.0	-0.0	-0.19384773204183692	-0.6000000000000005	0.0013646726027123114	0.0013491840795638588	40.304100805991865				
2024-07-08 07:00:00	3000	5.4	5.3	5.4	5.35	5.16	ILP.MI	3.21	3.21	3.15	3.18	3.61	2.76	1.0	1.0	-1.0	0	1.0	-1.0	-1.0	1.0	-1.0	-1.0		5.3		5.3						1.0			5.3		3.15		3.15						-1.0			3.61	-0.05	-0.05	0.01	-0.01	-0.01	0.16	5.95	0.01	0.0	0.0	22.16					1	-0.0	-0.0	-1.19	-0.0	-0.0	-0.21	-1.19	0.0	0.0	71.11					0.05	0.05	2.89	0.01	0.01	0.87	2.89	0.0	0.0	103.7					0.05	0.05	2.01	0.01	0.01	0.53	2.01	0.0	0.0	93.55					0.05000000000000071	0.05000000000000071	-0.5499999999999998	0.009259259259259411	0.009302392662313674	-0.18631359869643338	-0.5499999999999998	0.001576531373077217	0.001561271754311866	46.52395640695246				
2024-07-09 07:00:00	600	5.45	5.45	5.45	5.45	5.26	ILP.MI	3.25	3.25	3.25	3.25	3.61	2.76	1.0	1.0	-1.0	0	1.0	-1.0	-1.0	1.0	-1.0	-1.0										1.0			5.3										-1.0			3.61	0.1	0.1	0.11	0.02	0.02	0.18	5.95	0.11	0.0	0.0	24.7					1	0.0	0.0	-1.19	0.0	0.0	-0.21	-1.19	0.0	0.0	71.11					-0.1	-0.1	2.79	-0.02	-0.02	0.84	2.79	0.0	0.0	94.21					-0.1	-0.1	1.91	-0.02	-0.02	0.51	1.91	0.0	0.0	84.61					-0.10000000000000053	-0.10000000000000053	-0.6500000000000004	-0.01869158878504673	-0.01851904776723753	-0.20124362440842547	-0.6500000000000004	0.0013951476458181071	0.0013791807469341055	39.96142150040966				
2024-07-10 07:00:00	1800	5.55	5.5	5.5	5.55	5.36	ILP.MI	3.24	3.27	3.24	3.27	3.61	2.76	1.0	1.0	-1.0	0	1.0	-1.0	-1.0	1.0	-1.0	-1.0										1.0			5.3										-1.0			3.61	0.1	0.1	0.21	0.02	0.02	0.2	5.95	0.21	0.0	0.0	25.25					1	0.0	0.0	-1.19	0.0	0.0	-0.21	-1.19	0.0	0.0	79.59					-0.1	-0.1	2.69	-0.02	-0.02	0.8	2.69	0.0	0.0	92.94					-0.1	-0.1	1.81	-0.02	-0.02	0.48	1.81	0.0	0.0	83.44					-0.09999999999999964	-0.09999999999999964	-0.75	-0.0183486238532109	-0.01818231908319033	-0.21563563117584117	-0.75	0.0011219388778635963	0.001105650870403263	32.042046655421004				
2024-07-11 07:00:00	0	5.55	5.55	5.55	5.55	5.36	ILP.MI	3.27	3.27	3.27	3.27	3.61	2.76	1.0	1.0	-1.0	0	1.0	-1.0	-1.0	1.0	-1.0	-1.0	5.55									1.0			5.3	3.27									-1.0			3.61	0.0	0.0	0.21	0.0	0.0	0.2	5.95	0.21	0.0	0.0	32.35					1	0.0	0.0	-1.19	0.0	0.0	-0.21	-1.19	0.0	0.0	75.77					-0.0	-0.0	2.69	-0.0	-0.0	0.8	2.69	0.0	0.0	91.32					-0.0	-0.0	1.81	-0.0	-0.0	0.48	1.81	0.0	0.0	81.68					-0.0	-0.0	-0.75	-0.0	-0.0	-0.21563563117584117	-0.75	0.0013241175098253613	0.0013086739447065732	39.257825859844814				
2024-07-12 07:00:00	600	5.5	5.5	5.5	5.5	5.31	ILP.MI	3.21	3.21	3.21	3.21	3.61	2.76	1.0	1.0	-1.0	0	1.0	-1.0	-1.0	1.0	-1.0	-1.0										1.0			5.3										-1.0			3.61	-0.05	-0.05	0.16	-0.01	-0.01	0.19	5.95	0.16	0.0	0.0	24.8					1	-0.0	-0.0	-1.19	-0.0	-0.0	-0.21	-1.19	0.0	0.0	86.72					0.05	0.05	2.74	0.01	0.01	0.82	2.74	0.0	0.0	101.75					0.05	0.05	1.86	0.01	0.01	0.49	1.86	0.0	0.0	91.61					0.04999999999999982	0.04999999999999982	-0.7000000000000002	0.009009009009009028	0.009049835519917927	-0.20850504600471242	-0.7000000000000002	0.0012542243632796602	0.00123906393084261	37.941086200224206				
2024-07-15 07:00:00	7200	5.45	5.4	5.4	5.45	5.26	ILP.MI	3.18	3.2	3.18	3.2	3.61	2.76	1.0	1.0	-1.0	0	1.0	-1.0	-1.0	1.0	-1.0	-1.0		5.4								1.0			5.3		3.18								-1.0			3.61	-0.05	-0.05	0.11	-0.01	-0.01	0.18	5.95	0.11	0.0	0.0	28.06					1	-0.0	-0.0	-1.19	-0.0	-0.0	-0.21	-1.19	0.0	0.0	81.51					0.05	0.05	2.79	0.01	0.01	0.84	2.79	0.0	0.0	100.35					0.05	0.05	1.91	0.01	0.01	0.51	1.91	0.0	0.0	90.09					0.04999999999999982	0.04999999999999982	-0.6500000000000004	0.009090909090909038	0.009132483563272474	-0.20124362440842536	-0.6500000000000004	0.0015303836999052624	0.0015159570114633425	47.770601702699004				
2024-07-16 07:00:00	4800	5.55	5.55	5.55	5.55	5.36	ILP.MI	3.26	3.26	3.26	3.26	3.61	2.76	1.0	1.0	-1.0	0	1.0	-1.0	-1.0	1.0	-1.0	-1.0										1.0			5.3										-1.0			3.61	0.1	0.1	0.21	0.02	0.02	0.2	5.95	0.21	0.0	0.0	30.53					1	0.0	0.0	-1.19	0.0	0.0	-0.21	-1.19	0.0	0.0	81.51					-0.1	-0.1	2.69	-0.02	-0.02	0.8	2.69	0.0	0.0	90.99					-0.1	-0.1	1.81	-0.02	-0.02	0.48	1.81	0.0	0.0	81.25					-0.09999999999999964	-0.09999999999999964	-0.75	-0.0183486238532109	-0.01818231908319033	-0.21563563117584106	-0.75	0.0013534031974951712	0.0013383032430449582	40.99353618853068				
2024-07-17 07:00:00	0	5.55	5.55	5.55	5.55	5.36	ILP.MI	3.26	3.26	3.26	3.26	3.61	2.76	1.0	1.0	-1.0	0	1.0	-1.0	-1.0	1.0	-1.0	-1.0										1.0			5.3										-1.0			3.61	0.0	0.0	0.21	0.0	0.0	0.2	5.95	0.21	0.0	0.0	30.53					1	0.0	0.0	-1.19	0.0	0.0	-0.21	-1.19	0.0	0.0	81.51					-0.0	-0.0	2.69	-0.0	-0.0	0.8	2.69	0.0	0.0	90.99					-0.0	-0.0	1.81	-0.0	-0.0	0.48	1.81	0.0	0.0	81.25					-0.0	-0.0	-0.75	-0.0	-0.0	-0.21563563117584106	-0.75	0.0013534031974951712	0.0013383032430449582	40.99353618853068				
2024-07-18 07:00:00	4200	5.65	5.6	5.6	5.65	5.45	ILP.MI	3.28	3.31	3.28	3.31	3.61	2.76	1.0	1.0	-1.0	0	1.0	-1.0	-1.0	1.0	-1.0	-1.0	5.65		5.65							1.0			5.3	3.31									-1.0			3.61	0.1	0.1	0.31	0.02	0.02	0.23	5.95	0.31	0.0	0.0	28.96					1	0.0	0.0	-1.19	0.0	0.0	-0.21	-1.19	0.0	0.0	97.2					-0.1	-0.1	2.59	-0.02	-0.02	0.77	2.59	0.0	0.0	94.59					-0.1	-0.1	1.71	-0.02	-0.02	0.45	1.71	0.0	0.0	84.55					-0.10000000000000053	-0.10000000000000053	-0.8500000000000005	-0.018018018018018056	-0.01785761740000647	-0.22951818637626864	-0.8500000000000005	0.0009847788229820193	0.0009697926758063247	30.667809808186178				
2024-07-19 07:00:00	6000	5.55	5.5	5.55	5.55	5.36	ILP.MI	3.28	3.28	3.25	3.28	3.61	2.76	1.0	1.0	-1.0	0	1.0	-1.0	-1.0	1.0	-1.0	-1.0		5.5								1.0			5.3										-1.0			3.61	-0.1	-0.1	0.21	-0.02	-0.02	0.2	5.95	0.21	0.0	0.0	27.67					1	-0.0	-0.0	-1.19	-0.0	-0.0	-0.21	-1.19	0.0	0.0	95.33					0.1	0.1	2.69	0.02	0.02	0.8	2.69	0.0	0.0	95.16					0.1	0.1	1.81	0.02	0.02	0.48	1.81	0.0	0.0	85.17					0.10000000000000053	0.10000000000000053	-0.75	0.017699115044247926	0.017857617400006572	-0.21563563117584095	-0.75	0.001249669993111241	0.0012346679236219238	38.19985788993712				
2024-07-22 07:00:00	0	5.55	5.55	5.55	5.55	5.36	ILP.MI	3.24	3.24	3.24	3.24	3.61	2.76	1.0	1.0	-1.0	0	1.0	-1.0	-1.0	1.0	-1.0	-1.0	5.55									1.0			5.3										-1.0			3.61	0.0	0.0	0.21	0.0	0.0	0.2	5.95	0.21	0.0	0.0	24.53					1	0.0	0.0	-1.19	0.0	0.0	-0.21	-1.19	0.0	0.0	109.62					-0.0	-0.0	2.69	-0.0	-0.0	0.8	2.69	0.0	0.0	106.22					-0.0	-0.0	1.81	-0.0	-0.0	0.48	1.81	0.0	0.0	95.54					-0.0	-0.0	-0.75	-0.0	-0.0	-0.21563563117584095	-0.75	0.0011065210645428984	0.0010920877300057974	35.30008691567076				
2024-07-23 07:00:00	2400	5.5	5.5	5.5	5.5	5.31	ILP.MI	3.21	3.21	3.21	3.21	3.61	2.76	1.0	1.0	-1.0	0	1.0	-1.0	-1.0	1.0	-1.0	-1.0		5.5								1.0			5.3		3.21								-1.0			3.61	-0.05	-0.05	0.16	-0.01	-0.01	0.19	5.95	0.16	0.0	0.0	25.01					1	-0.0	-0.0	-1.19	-0.0	-0.0	-0.21	-1.19	0.0	0.0	109.62					0.05	0.05	2.74	0.01	0.01	0.82	2.74	0.0	0.0	106.01					0.05	0.05	1.86	0.01	0.01	0.49	1.86	0.0	0.0	95.32					0.04999999999999982	0.04999999999999982	-0.7000000000000002	0.009009009009009028	0.009049835519917927	-0.2085050460047122	-0.7000000000000002	0.0013198756916599028	0.001305716368171339	42.18469683047934				
2024-07-24 07:00:00	4800	5.55	5.4	5.45	5.55	5.36	ILP.MI	3.2	3.25	3.17	3.25	3.61	2.76	1.0	1.0	-1.0	0	1.0	-1.0	-1.0	1.0	-1.0	-1.0										1.0			5.3										-1.0			3.61	0.05	0.05	0.21	0.01	0.01	0.2	5.85	0.21	0.0	0.0	26.34					1	0.0	0.0	-1.19	0.0	0.0	-0.21	-1.19	0.0	0.0	109.62					-0.05	-0.05	2.69	-0.01	-0.01	0.8	2.69	0.0	0.0	99.16					-0.05	-0.05	1.81	-0.01	-0.01	0.48	1.81	0.0	0.0	88.79					-0.04999999999999982	-0.04999999999999982	-0.75	-0.009090909090909038	-0.009049835519917856	-0.21563563117584095	-0.75	0.001175924605422595	0.0011613371512884108	37.033569860943715				
2024-07-25 07:00:00	2400	5.55	5.5	5.5	5.55	5.36	ILP.MI	3.29	3.32	3.29	3.32	3.61	2.76	1.0	1.0	-1.0	0	1.0	-1.0	-1.0	1.0	-1.0	-1.0	5.55									1.0			5.3	3.32		3.32							-1.0			3.61	0.0	0.0	0.21	0.0	0.0	0.2	5.75	0.21	0.0	0.0	26.34					1	0.0	0.0	-1.19	0.0	0.0	-0.21	-1.19	0.0	0.0	109.62					-0.0	-0.0	2.69	-0.0	-0.0	0.8	2.69	0.0	0.0	99.16					-0.0	-0.0	1.81	-0.0	-0.0	0.48	1.81	0.0	0.0	88.79					-0.0	-0.0	-0.75	-0.0	-0.0	-0.21563563117584095	-0.75	0.001175924605422595	0.0011613371512884108	37.033569860943715				
2024-07-26 07:00:00	43200	5.5	5.15	5.5	5.25	5.07	ILP.MI	3.29	3.29	3.08	3.14	3.61	2.76	1.0	1.0	-1.0	0	1.0	-1.0	-1.0	1.0	-1.0	-1.0										-1.0			5.3										-1.0			3.61	-0.3	-0.3	-0.09	-0.05	-0.06	0.14	5.75	-0.09	0.0	0.0	14.63					1	-0.0	-0.0	-1.19	-0.0	-0.0	-0.21	-1.19	0.0	0.0	109.62					0.3	0.3	2.99	0.05	0.06	0.91	2.99	0.0	0.0	102.86					0.3	0.3	2.11	0.05	0.06	0.56	2.11	0.0	0.0	92.78					0.2999999999999998	0.2999999999999998	-0.4500000000000002	0.05405405405405406	0.055569851154810765	-0.17081481010017474	-0.4500000000000002	0.0015371286379288647	0.0015210775968228507	43.68376123165001				
2024-07-29 07:00:00	21600	5.25	5.05	5.25	5.1	4.92	ILP.MI	3.15	3.15	3.03	3.06	3.61	2.76	1.0	1.0	-1.0	0	1.0	-1.0	-1.0	1.0	-1.0	-1.0		5.05								-1.0			5.3		3.03		3.03						-1.0			3.61	-0.15	-0.15	-0.24	-0.03	-0.03	0.11	5.75	-0.24	0.0	0.0	12.15					1	-0.0	-0.0	-1.19	-0.0	-0.0	-0.21	-1.19	0.0	0.0	109.62					0.15	0.15	3.14	0.03	0.03	0.96	3.14	0.0	0.0	104.0					0.15	0.15	2.26	0.03	0.03	0.61	2.26	0.0	0.0	94.01					0.15000000000000036	0.15000000000000036	-0.2999999999999998	0.028571428571428692	0.028987536873252413	-0.1464270103972385	-0.2999999999999998	0.0018810161367781705	0.0018646744348158606	51.69897022143939				
2024-07-30 07:00:00	10800	5.25	5.2	5.2	5.25	5.07	ILP.MI	3.1	3.13	3.1	3.13	3.61	2.76	1.0	1.0	-1.0	0	1.0	-1.0	-1.0	1.0	-1.0	-1.0										-1.0			5.3										-1.0			3.61	0.15	0.15	-0.09	0.03	0.03	0.14	5.65	-0.09	0.0	0.0	14.86					1	0.0	0.0	-1.19	0.0	0.0	-0.21	-1.19	0.0	0.0	109.62					-0.15	-0.15	2.99	-0.03	-0.03	0.91	2.99	0.0	0.0	97.89					-0.15	-0.15	2.11	-0.03	-0.03	0.56	2.11	0.0	0.0	88.42					-0.15000000000000036	-0.15000000000000036	-0.4500000000000002	-0.02941176470588247	-0.028987536873252406	-0.17081481010017463	-0.4500000000000002	0.0015942402559891173	0.001577142998740344	42.530837462082125				
2024-07-31 07:00:00	600	5.3	5.3	5.3	5.3	5.12	ILP.MI	3.17	3.17	3.17	3.17	3.61	2.76	1.0	1.0	-1.0	0	1.0	-1.0	-1.0	1.0	-1.0	-1.0	5.3									-1.0			5.3	3.17									-1.0			3.61	0.05	0.05	-0.04	0.01	0.01	0.15	5.65	-0.04	0.0	0.0	16.14					1	0.0	0.0	-1.19	0.0	0.0	-0.21	-1.19	0.0	0.0	109.62					-0.05	-0.05	2.94	-0.01	-0.01	0.89	2.94	0.0	0.0	91.61					-0.05	-0.05	2.06	-0.01	-0.01	0.55	2.06	0.0	0.0	82.42					-0.04999999999999982	-0.04999999999999982	-0.5	-0.00952380952380949	-0.009478743954543739	-0.17863731189168242	-0.5	0.001437570705963675	0.0014199864132755646	37.78903603212669				
2024-08-01 07:00:00	21000	5.2	5.05	5.2	5.1	4.92	ILP.MI	3.2	3.2	3.11	3.14	3.61	2.76	1.0	1.0	-1.0	0	1.0	-1.0	-1.0	1.0	-1.0	-1.0		5.05								-1.0			5.3		3.11								-1.0			3.61	-0.2	-0.2	-0.24	-0.04	-0.04	0.11	5.65	-0.24	0.0	0.0	6.61					1	-0.0	-0.0	-1.19	-0.0	-0.0	-0.21	-1.19	0.0	0.0	109.62					0.2	0.2	3.14	0.04	0.04	0.96	3.14	0.0	0.0	100.84					0.2	0.2	2.26	0.04	0.04	0.61	2.26	0.0	0.0	91.46					0.20000000000000018	0.20000000000000018	-0.2999999999999998	0.037735849056603765	0.03846628082779605	-0.1464270103972386	-0.2999999999999998	0.0016064903833622472	0.0015881486082183205	40.41624244499868				
2024-08-02 07:00:00	1200	5.2	5.15	5.15	5.2	5.02	ILP.MI	3.25	3.28	3.25	3.28	3.61	2.76	1.0	1.0	-1.0	0	1.0	-1.0	-1.0	1.0	-1.0	-1.0	5.2									-1.0			5.3	3.28									-1.0			3.61	0.1	0.1	-0.14	0.02	0.02	0.13	5.65	-0.14	0.0	0.0	13.87					1	0.0	0.0	-1.19	0.0	0.0	-0.21	-1.19	0.0	0.0	109.62					-0.1	-0.1	3.04	-0.02	-0.02	0.93	3.04	0.0	0.0	91.04					-0.1	-0.1	2.16	-0.02	-0.02	0.58	2.16	0.0	0.0	82.14					-0.10000000000000053	-0.10000000000000053	-0.40000000000000036	-0.019607843137255054	-0.01941808585710173	-0.16284187558190721	-0.40000000000000036	0.0015800465667200497	0.0015614897911966352	39.30446269056015				
2024-08-05 07:00:00	4200	5.05	4.98	5.0	5.05	4.87	ILP.MI	3.23	3.26	3.22	3.26	3.61	2.76	1.0	1.0	-1.0	0	1.0	-1.0	-1.0	1.0	-1.0	-1.0		4.98								-1.0			5.3		3.22								-1.0			3.61	-0.15	-0.15	-0.29	-0.03	-0.03	0.1	5.65	-0.29	0.0	0.0	7.39					1	-0.0	-0.0	-1.19	-0.0	-0.0	-0.21	-1.19	0.0	0.0	109.62					0.15	0.15	3.19	0.03	0.03	0.98	3.19	0.0	0.0	92.63					0.15	0.15	2.31	0.03	0.03	0.63	2.31	0.0	0.0	83.84					0.15000000000000036	0.15000000000000036	-0.25	0.028846153846153966	0.029270382300113338	-0.13797579267839943	-0.25	0.0017673770134407764	0.001747956663063821	41.96617906126377				
2024-08-06 07:00:00	0	5.05	5.05	5.05	5.05	4.87	ILP.MI	3.28	3.28	3.28	3.28	3.61	2.76	1.0	1.0	-1.0	0	1.0	-1.0	-1.0	1.0	-1.0	-1.0										-1.0			5.3	3.28									-1.0			3.61	0.0	0.0	-0.29	0.0	0.0	0.1	5.65	-0.29	0.0	0.0	11.65					1	0.0	0.0	-1.19	0.0	0.0	-0.21	-1.19	0.0	0.0	107.72					-0.0	-0.0	3.19	-0.0	-0.0	0.98	3.19	0.0	0.0	92.1					-0.0	-0.0	2.31	-0.0	-0.0	0.63	2.31	0.0	0.0	83.28					-0.0	-0.0	-0.25	-0.0	-0.0	-0.13797579267839943	-0.25	0.0019319980762630517	0.0019131152714753075	46.58389731633785				
2024-08-07 07:00:00	0	5.05	5.05	5.05	5.05	4.87	ILP.MI	3.21	3.21	3.21	3.21	3.61	2.76	1.0	1.0	-1.0	0	1.0	-1.0	-1.0	1.0	-1.0	-1.0	5.05									-1.0			5.3		3.21								-1.0			3.61	0.0	0.0	-0.29	0.0	0.0	0.1	5.65	-0.29	0.0	0.0	10.34					1	0.0	0.0	-1.19	0.0	0.0	-0.21	-1.19	0.0	0.0	117.5					-0.0	-0.0	3.19	-0.0	-0.0	0.98	3.19	0.0	0.0	98.33					-0.0	-0.0	2.31	-0.0	-0.0	0.63	2.31	0.0	0.0	89.23					-0.0	-0.0	-0.25	-0.0	-0.0	-0.13797579267839943	-0.25	0.0018673209257174584	0.001848727919009585	45.73099893563652				
2024-08-08 07:00:00	0	5.05	5.05	5.05	5.05	4.87	ILP.MI	3.22	3.22	3.22	3.22	3.61	2.76	1.0	1.0	-1.0	0	1.0	-1.0	-1.0	1.0	-1.0	-1.0										-1.0			5.3	3.22									-1.0			3.61	0.0	0.0	-0.29	0.0	0.0	0.1	5.65	-0.29	0.0	0.0	10.34					1	0.0	0.0	-1.19	0.0	0.0	-0.21	-1.19	0.0	0.0	117.5					-0.0	-0.0	3.19	-0.0	-0.0	0.98	3.19	0.0	0.0	98.33					-0.0	-0.0	2.31	-0.0	-0.0	0.63	2.31	0.0	0.0	89.23					-0.0	-0.0	-0.25	-0.0	-0.0	-0.13797579267839943	-0.25	0.0018673209257174584	0.001848727919009585	45.73099893563652				
2024-08-09 07:00:00	600	5.05	5.05	5.05	5.05	4.87	ILP.MI	3.21	3.21	3.21	3.21	3.61	2.76	1.0	1.0	-1.0	0	1.0	-1.0	-1.0	1.0	-1.0	-1.0										-1.0			5.3										-1.0			3.61	0.0	0.0	-0.29	0.0	0.0	0.1	5.65	-0.29	0.0	0.0	8.69					1	0.0	0.0	-1.19	0.0	0.0	-0.21	-1.19	0.0	0.0	128.72					-0.0	-0.0	3.19	-0.0	-0.0	0.98	3.19	0.0	0.0	105.46					-0.0	-0.0	2.31	-0.0	-0.0	0.63	2.31	0.0	0.0	95.99					-0.0	-0.0	-0.25	-0.0	-0.0	-0.13797579267839943	-0.25	0.0017888491476947088	0.001770604756607952	44.65955018993151				
2024-08-12 07:00:00	1200	5.0	5.0	5.0	5.0	4.83	ILP.MI	3.17	3.17	3.17	3.17	3.61	2.76	1.0	1.0	-1.0	0	1.0	-1.0	-1.0	1.0	-1.0	-1.0		5.0								-1.0			5.3										-1.0			3.61	-0.05	-0.05	-0.34	-0.01	-0.01	0.09	5.65	-0.34	0.0	0.0	8.92					1	-0.0	-0.0	-1.19	-0.0	-0.0	-0.21	-1.19	0.0	0.0	126.46					0.05	0.05	3.24	0.01	0.01	1.0	3.24	0.0	0.0	105.35					0.05	0.05	2.36	0.01	0.01	0.64	2.36	0.0	0.0	95.87					0.04999999999999982	0.04999999999999982	-0.20000000000000018	0.00990099009900991	0.009950330853168092	-0.12935555060518333	-0.20000000000000018	0.00202216568806426	0.0020042314267780803	50.638778317924974				
2024-08-13 07:00:00	0	5.0	5.0	5.0	5.0	4.83	ILP.MI	3.16	3.16	3.16	3.16	3.61	2.76	1.0	1.0	-1.0	0	1.0	-1.0	-1.0	1.0	-1.0	-1.0										-1.0			5.3										-1.0			3.61	0.0	0.0	-0.34	0.0	0.0	0.09	5.65	-0.34	0.0	0.0	7.78					1	0.0	0.0	-1.19	0.0	0.0	-0.21	-1.19	0.0	0.0	136.12					-0.0	-0.0	3.24	-0.0	-0.0	1.0	3.24	0.0	0.0	111.42					-0.0	-0.0	2.36	-0.0	-0.0	0.64	2.36	0.0	0.0	101.67					-0.0	-0.0	-0.20000000000000018	-0.0	-0.0	-0.12935555060518333	-0.20000000000000018	0.001969153354862315	0.0019514456910021405	49.94609630387925				
2024-08-14 07:00:00	600	5.05	5.05	5.05	5.05	4.87	ILP.MI	3.16	3.16	3.16	3.16	3.61	2.76	1.0	1.0	-1.0	0	1.0	-1.0	-1.0	1.0	-1.0	-1.0										-1.0			5.3										-1.0			3.61	0.05	0.05	-0.29	0.01	0.01	0.1	5.65	-0.29	0.0	0.0	8.63					1	0.0	0.0	-1.19	0.0	0.0	-0.21	-1.19	0.0	0.0	143.82					-0.05	-0.05	3.19	-0.01	-0.01	0.98	3.19	0.0	0.0	109.46					-0.05	-0.05	2.31	-0.01	-0.01	0.63	2.31	0.0	0.0	99.88					-0.04999999999999982	-0.04999999999999982	-0.25	-0.010000000000000009	-0.009950330853168092	-0.13797579267839943	-0.25	0.0017824823965514056	0.0017643601778492002	44.800598558787215				
2024-08-16 07:00:00	600	5.1	5.1	5.1	5.1	4.92	ILP.MI	3.12	3.12	3.12	3.12	3.61	2.76	1.0	1.0	-1.0	0	1.0	-1.0	-1.0	1.0	-1.0	-1.0	5.1									-1.0			5.3										-1.0			3.61	0.05	0.05	-0.24	0.01	0.01	0.11	5.55	-0.24	0.0	0.0	14.62					1	0.0	0.0	-1.19	0.0	0.0	-0.21	-1.19	0.0	0.0	141.59					-0.05	-0.05	3.14	-0.01	-0.01	0.96	3.14	0.0	0.0	102.3					-0.05	-0.05	2.26	-0.01	-0.01	0.61	2.26	0.0	0.0	92.98					-0.04999999999999982	-0.04999999999999982	-0.2999999999999998	-0.00990099009900991	-0.00985229644301164	-0.1464270103972386	-0.2999999999999998	0.0017902533933208072	0.001772195119617459	45.15209676749208				
2024-08-19 07:00:00	1200	5.05	5.05	5.05	5.05	4.87	ILP.MI	3.07	3.07	3.07	3.07	3.61	2.76	1.0	1.0	-1.0	0	1.0	-1.0	-1.0	1.0	-1.0	-1.0										-1.0			5.3		3.07								-1.0			3.61	-0.05	-0.05	-0.29	-0.01	-0.01	0.1	5.55	-0.29	0.0	0.0	17.02					1	-0.0	-0.0	-1.19	-0.0	-0.0	-0.21	-1.19	0.0	0.0	135.42					0.05	0.05	3.19	0.01	0.01	0.98	3.19	0.0	0.0	101.24					0.05	0.05	2.31	0.01	0.01	0.63	2.31	0.0	0.0	91.84					0.04999999999999982	0.04999999999999982	-0.25	0.009803921568627416	0.009852296443011594	-0.13797579267839943	-0.25	0.0020817295794527155	0.002064473264107747	54.18592923200586				
2024-08-20 07:00:00	4200	5.05	4.96	4.96	5.05	4.87	ILP.MI	3.03	3.09	3.03	3.09	3.61	2.76	1.0	-1.0	-1.0	-1	1.0	-1.0	-1.0	1.0	-1.0	-1.0		4.96		4.96		4.96				-1.0			5.3										-1.0			3.61	0.0	0.0	-0.29	0.0	0.0	0.1	5.55	-0.29	0.0	0.0	21.55					1	0.0	0.0	-1.19	0.0	0.0	-0.21	-1.19	0.0	0.0	133.15					-0.0	-0.0	3.19	-0.0	-0.0	0.98	3.19	0.0	0.0	100.7					-0.0	-0.0	2.31	-0.0	-0.0	0.63	2.31	0.0	0.0	91.26					-0.0	-0.0	-0.25	-0.0	-0.0	-0.13797579267839943	-0.25	0.002237594336868374	0.0022208559744325562	59.18019338992681				
2024-08-21 07:00:00	3000	5.15	5.05	5.1	5.05	4.87	ILP.MI	3.09	3.12	3.06	3.06	3.61	2.76	1.0	-1.0	-1.0	-1	1.0	-1.0	-1.0	1.0	-1.0	-1.0										-1.0			5.3										-1.0			3.61	0.0	0.0	-0.29	0.0	0.0	0.1	5.55	-0.29	0.0	0.0	17.55					1	-0.0	-0.0	-1.19	-0.0	-0.0	-0.21	-1.19	0.0	0.0	157.16					-0.0	-0.0	3.19	-0.0	-0.0	0.98	3.19	0.0	0.0	113.95					-0.0	-0.0	2.31	-0.0	-0.0	0.63	2.31	0.0	0.0	103.63					-0.0	-0.0	-0.25	-0.0	-0.0	-0.13797579267839943	-0.25	0.0020414827754576146	0.0020255294271589452	56.625508375444234				
2024-08-22 07:00:00	3000	5.4	5.2	5.2	5.35	5.16	ILP.MI	3.16	3.28	3.16	3.25	3.61	2.76	1.0	-1.0	-1.0	-1	1.0	-1.0	-1.0	1.0	-1.0	-1.0	5.4		5.4							-1.0			5.3	3.28		3.28							-1.0			3.61	0.3	0.3	0.01	0.06	0.06	0.16	5.55	0.01	0.0	0.0	23.37					1	-0.3	-0.3	-1.49	-0.06	-0.06	-0.25	-1.49	0.0	0.0	131.17					-0.3	-0.3	2.89	-0.06	-0.06	0.87	2.89	0.0	0.0	99.75					-0.3	-0.3	2.01	-0.06	-0.06	0.53	2.01	0.0	0.0	90.63					-0.2999999999999998	-0.2999999999999998	-0.5499999999999998	-0.05940594059405946	-0.05770831762064677	-0.18631359869643316	-0.5499999999999998	0.0016330621486070089	0.0016156634714321605	42.30872692247612				
2024-08-23 07:00:00	1800	5.25	5.2	5.2	5.25	5.07	ILP.MI	3.12	3.15	3.12	3.15	3.61	2.76	1.0	-1.0	-1.0	-1	1.0	-1.0	-1.0	1.0	-1.0	-1.0										-1.0			5.3										-1.0			3.61	-0.1	-0.1	-0.09	-0.02	-0.02	0.14	5.5	-0.09	0.0	0.0	17.24					1	0.1	0.1	-1.39	0.02	0.02	-0.24	-1.39	0.0	0.0	143.13					0.1	0.1	2.99	0.02	0.02	0.91	2.99	0.0	0.0	105.33					0.1	0.1	2.11	0.02	0.02	0.56	2.11	0.0	0.0	96.14					0.09999999999999964	0.09999999999999964	-0.4500000000000002	0.01869158878504662	0.01886848430438269	-0.17081481010017485	-0.4500000000000002	0.001731034753037747	0.001713219758924911	43.73986299483915				
2024-08-26 07:00:00	4800	5.35	5.15	5.25	5.15	4.97	ILP.MI	3.16	3.22	3.1	3.1	3.61	2.76	1.0	-1.0	-1.0	-1	1.0	-1.0	-1.0	1.0	1.0	1.0										-1.0			5.3										-1.0			3.61	-0.1	-0.1	-0.19	-0.02	-0.02	0.12	5.4	-0.19	0.0	0.0	9.57					1	0.1	0.1	-1.29	0.02	0.02	-0.22	-1.29	0.0	0.0	161.58					0.1	0.1	3.09	0.02	0.02	0.94	3.09	0.0	0.0	114.83					0.1	0.1	2.21	0.02	0.02	0.59	2.21	0.0	0.0	105.24					0.09999999999999964	0.09999999999999964	-0.35000000000000053	0.01904761904761898	0.019231361927887533	-0.15471412680114915	-0.35000000000000053	0.0017506423040080541	0.0017327434033498346	44.01783666343921				
2024-08-27 07:00:00	0	5.15	5.15	5.15	5.15	4.97	ILP.MI	3.08	3.08	3.08	3.08	3.61	2.76	1.0	-1.0	-1.0	-1	1.0	-1.0	-1.0	1.0	1.0	1.0		5.15								-1.0			5.3										-1.0			3.61	0.0	0.0	-0.19	0.0	0.0	0.12	5.4	-0.19	0.0	0.0	7.2					1	-0.0	-0.0	-1.29	-0.0	-0.0	-0.22	-1.29	0.0	0.0	161.58					-0.0	-0.0	3.09	-0.0	-0.0	0.94	3.09	0.0	0.0	124.0					0.0	0.0	2.21	0.0	0.0	0.59	2.21	0.0	0.0	113.88					-0.0	-0.0	-0.35000000000000053	-0.0	-0.0	-0.15471412680114915	-0.35000000000000053	0.0016415489111300647	0.0016241143646249512	42.435557151014834				
2024-08-28 07:00:00	0	5.15	5.15	5.15	5.15	4.97	ILP.MI	3.07	3.07	3.07	3.07	3.61	2.76	1.0	-1.0	-1.0	-1	1.0	-1.0	-1.0	1.0	1.0	1.0										-1.0			5.3										-1.0			3.61	0.0	0.0	-0.19	0.0	0.0	0.12	5.4	-0.19	0.0	0.0	11.48					1	-0.0	-0.0	-1.29	-0.0	-0.0	-0.22	-1.29	0.0	0.0	172.39					-0.0	-0.0	3.09	-0.0	-0.0	0.94	3.09	0.0	0.0	123.62					0.0	0.0	2.21	0.0	0.0	0.59	2.21	0.0	0.0	113.47					-0.0	-0.0	-0.35000000000000053	-0.0	-0.0	-0.15471412680114915	-0.35000000000000053	0.0017935257663522493	0.001776575771813338	46.956391043276426				
2024-08-29 07:00:00	2400	5.3	5.1	5.3	5.1	4.92	ILP.MI	3.13	3.13	3.01	3.01	3.61	2.76	1.0	-1.0	-1.0	-1	-1.0	-1.0	1.0	1.0	1.0	1.0										-1.0			5.3		3.01		3.01						-1.0			3.61	-0.05	-0.05	-0.24	-0.01	-0.01	0.11	5.4	-0.24	0.0	0.0	7.03					1	0.05	0.05	-1.24	0.01	0.01	-0.21	-1.24	0.0	0.0	173.9					0.05	0.05	3.14	0.01	0.01	0.96	3.14	0.0	0.0	124.07					-0.05	-0.05	2.16	-0.01	-0.01	0.58	2.16	0.0	0.0	106.9					0.05000000000000071	0.05000000000000071	-0.2999999999999998	0.009708737864077777	0.009756174945364798	-0.1464270103972387	-0.2999999999999998	0.0018588921384861934	0.0018416745971283621	47.873114836990354				
2024-08-30 07:00:00	600	5.25	5.25	5.25	5.25	5.07	ILP.MI	3.09	3.09	3.09	3.09	3.61	2.76	1.0	-1.0	-1.0	-1	-1.0	-1.0	1.0	1.0	1.0	1.0										-1.0			5.3										-1.0			3.61	0.15	0.15	-0.09	0.03	0.03	0.14	5.4	-0.09	0.0	0.0	10.54					1	-0.15	-0.15	-1.39	-0.03	-0.03	-0.24	-1.39	0.0	0.0	150.73					0.15	0.15	3.29	0.03	0.03	1.02	3.29	0.0	0.0	130.31					0.15	0.15	2.31	0.03	0.03	0.63	2.31	0.0	0.0	113.03					-0.15000000000000036	-0.15000000000000036	-0.4500000000000002	-0.02941176470588247	-0.028987536873252406	-0.17081481010017485	-0.4500000000000002	0.0016082687383745702	0.0015900886159103678	39.9266973479294				
2024-09-02 07:00:00	0	5.25	5.25	5.25	5.25	5.07	ILP.MI	3.09	3.09	3.09	3.09	3.61	2.76	1.0	-1.0	-1.0	-1	-1.0	-1.0	1.0	1.0	1.0	1.0										-1.0			5.3										-1.0			3.61	0.0	0.0	-0.09	0.0	0.0	0.14	5.4	-0.09	0.0	0.0	10.54					1	-0.0	-0.0	-1.39	-0.0	-0.0	-0.24	-1.39	0.0	0.0	150.73					0.0	0.0	3.29	0.0	0.0	1.02	3.29	0.0	0.0	130.31					0.0	0.0	2.31	0.0	0.0	0.63	2.31	0.0	0.0	113.03					-0.0	-0.0	-0.4500000000000002	-0.0	-0.0	-0.17081481010017485	-0.4500000000000002	0.0016082687383745702	0.0015900886159103678	39.9266973479294				
2024-09-03 07:00:00	0	5.25	5.25	5.25	5.25	5.07	ILP.MI	3.13	3.13	3.13	3.13	3.61	2.76	1.0	-1.0	-1.0	-1	-1.0	-1.0	1.0	1.0	1.0	1.0	5.25									-1.0			5.3										-1.0			3.61	0.0	0.0	-0.09	0.0	0.0	0.14	5.4	-0.09	0.0	0.0	16.19					1	-0.0	-0.0	-1.39	-0.0	-0.0	-0.24	-1.39	0.0	0.0	168.0					0.0	0.0	3.29	0.0	0.0	1.02	3.29	0.0	0.0	129.46					0.0	0.0	2.31	0.0	0.0	0.63	2.31	0.0	0.0	112.06					-0.0	-0.0	-0.4500000000000002	-0.0	-0.0	-0.17081481010017485	-0.4500000000000002	0.0018032541439996865	0.0017859162184243882	46.163831988637824				
2024-09-04 07:00:00	0	5.25	5.25	5.25	5.25	5.07	ILP.MI	3.15	3.15	3.15	3.15	3.61	2.76	1.0	-1.0	-1.0	-1	-1.0	-1.0	1.0	1.0	1.0	1.0										-1.0			5.3	3.15									-1.0			3.61	0.0	0.0	-0.09	0.0	0.0	0.14	5.4	-0.09	0.0	0.0	16.19					1	-0.0	-0.0	-1.39	-0.0	-0.0	-0.24	-1.39	0.0	0.0	168.0					0.0	0.0	3.29	0.0	0.0	1.02	3.29	0.0	0.0	129.46					0.0	0.0	2.31	0.0	0.0	0.63	2.31	0.0	0.0	112.06					-0.0	-0.0	-0.4500000000000002	-0.0	-0.0	-0.17081481010017485	-0.4500000000000002	0.0018032541439996865	0.0017859162184243882	46.163831988637824				
2024-09-05 07:00:00	1200	5.25	5.25	5.25	5.25	5.07	ILP.MI	3.15	3.15	3.15	3.15	3.61	2.76	1.0	-1.0	-1.0	-1	-1.0	-1.0	1.0	1.0	1.0	1.0										-1.0			5.3										-1.0			3.61	0.0	0.0	-0.09	0.0	0.0	0.14	5.4	-0.09	0.0	0.0	15.65					1	-0.0	-0.0	-1.39	-0.0	-0.0	-0.24	-1.39	0.0	0.0	167.37					0.0	0.0	3.29	0.0	0.0	1.02	3.29	0.0	0.0	134.52					0.0	0.0	2.31	0.0	0.0	0.63	2.31	0.0	0.0	116.82					-0.0	-0.0	-0.4500000000000002	-0.0	-0.0	-0.17081481010017485	-0.4500000000000002	0.0017759628639025262	0.0017587372897751585	45.77942592594756				
2024-09-06 07:00:00	2400	5.15	5.1	5.15	5.1	4.92	ILP.MI	3.13	3.13	3.1	3.1	3.61	2.76	1.0	-1.0	-1.0	-1	-1.0	-1.0	1.0	1.0	1.0	1.0		5.1		5.1						-1.0			5.3										-1.0			3.61	-0.15	-0.15	-0.24	-0.03	-0.03	0.11	5.4	-0.24	0.0	0.0	9.05					1	0.15	0.15	-1.24	0.03	0.03	-0.21	-1.24	0.0	0.0	171.58					-0.15	-0.15	3.14	-0.03	-0.03	0.96	3.14	0.0	0.0	120.66					-0.15	-0.15	2.16	-0.03	-0.03	0.58	2.16	0.0	0.0	104.43					0.15000000000000036	0.15000000000000036	-0.2999999999999998	0.028571428571428692	0.028987536873252413	-0.1464270103972387	-0.2999999999999998	0.001970179360953317	0.0019521463421703356	48.40479359782566				
2024-09-09 07:00:00	1800	5.15	5.1	5.15	5.1	4.92	ILP.MI	3.1	3.1	3.07	3.07	3.61	2.76	1.0	-1.0	-1.0	-1	-1.0	-1.0	1.0	1.0	1.0	1.0										-1.0			5.3		3.07								-1.0			3.61	0.0	0.0	-0.24	0.0	0.0	0.11	5.4	-0.24	0.0	0.0	7.91					1	-0.0	-0.0	-1.24	-0.0	-0.0	-0.21	-1.24	0.0	0.0	170.45					0.0	0.0	3.14	0.0	0.0	0.96	3.14	0.0	0.0	126.87					0.0	0.0	2.16	0.0	0.0	0.58	2.16	0.0	0.0	110.2					-0.0	-0.0	-0.2999999999999998	-0.0	-0.0	-0.1464270103972387	-0.2999999999999998	0.0019152610206853216	0.0018974581867690077	47.687720301936594				
2024-09-10 07:00:00	4200	5.4	5.2	5.2	5.4	5.21	ILP.MI	3.16	3.29	3.16	3.29	3.61	2.76	1.0	-1.0	1.0	0	-1.0	-1.0	1.0	1.0	1.0	1.0										-1.0			5.3										-1.0			3.61	0.3	0.3	0.06	0.06	0.06	0.17	5.4	0.06	0.0	0.0	15.19					1	-0.3	-0.3	-1.54	-0.06	-0.06	-0.26	-1.54	0.0	0.0	135.29					0.3	0.3	3.44	0.06	0.06	1.08	3.44	0.01	0.01	129.06					0.3	0.3	2.46	0.06	0.06	0.67	2.46	0.0	0.0	112.7					-0.3000000000000007	-0.3000000000000007	-0.6000000000000005	-0.05882352941176494	-0.05715841383994883	-0.1938477320418367	-0.6000000000000005	0.0015940829118780428	0.0015743437728688026	36.51984130684324				
2024-09-11 07:00:00	0	5.4	5.4	5.4	5.4	5.21	ILP.MI	3.29	3.29	3.29	3.29	3.61	2.76	1.0	-1.0	1.0	0	-1.0	-1.0	1.0	1.0	1.0	1.0	5.4									-1.0			5.3	3.29		3.29							-1.0			3.61	0.0	0.0	0.06	0.0	0.0	0.17	5.4	0.06	0.0	0.0	13.73					1	0.0	0.0	-1.54	0.0	0.0	-0.26	-1.54	0.0	0.0	133.39					0.0	0.0	3.44	0.0	0.0	1.08	3.44	0.01	0.01	136.95					0.0	0.0	2.46	0.0	0.0	0.67	2.46	0.0	0.0	119.9					-0.0	-0.0	-0.6000000000000005	-0.0	-0.0	-0.1938477320418367	-0.6000000000000005	0.0015120942798875648	0.0014927223084850727	35.36152865593662				
2024-09-12 07:00:00	4200	5.2	5.15	5.2	5.15	4.97	ILP.MI	3.14	3.14	3.11	3.11	3.61	2.76	1.0	-1.0	1.0	0	-1.0	-1.0	1.0	1.0	1.0	1.0										-1.0			5.3										-1.0			3.61	-0.25	-0.25	-0.19	-0.05	-0.05	0.12	5.4	-0.19	0.0	0.0	10.87					1	-0.0	-0.0	-1.54	-0.0	-0.0	-0.26	-1.54	0.0	0.0	148.44					-0.25	-0.25	3.19	-0.05	-0.05	0.98	3.19	0.0	0.0	116.9					-0.25	-0.25	2.21	-0.05	-0.05	0.59	2.21	0.0	0.0	101.9					0.25	0.25	-0.35000000000000053	0.04629629629629628	0.047402238894583906	-0.15471412680114927	-0.35000000000000053	0.0020290460193858975	0.002009177964321429	45.268648448765035				
2024-09-13 07:00:00	5400	5.2	5.15	5.15	5.15	4.97	ILP.MI	3.1	3.13	3.1	3.1	3.61	2.76	1.0	-1.0	1.0	0	-1.0	-1.0	1.0	1.0	1.0	1.0										-1.0			5.3										-1.0			3.61	0.0	0.0	-0.19	0.0	0.0	0.12	5.4	-0.19	0.0	0.0	10.87					1	0.0	0.0	-1.54	0.0	0.0	-0.26	-1.54	0.0	0.0	148.44					0.0	0.0	3.19	0.0	0.0	0.98	3.19	0.0	0.0	116.9					0.0	0.0	2.21	0.0	0.0	0.59	2.21	0.0	0.0	101.9					-0.0	-0.0	-0.35000000000000053	-0.0	-0.0	-0.15471412680114927	-0.35000000000000053	0.0020290460193858975	0.002009177964321429	45.268648448765035				
2024-09-16 07:00:00	600	5.15	5.15	5.15	5.15	4.97	ILP.MI	3.1	3.1	3.1	3.1	3.61	2.76	1.0	-1.0	1.0	0	-1.0	-1.0	1.0	1.0	1.0	1.0		5.15	5.15							-1.0			5.3		3.1								-1.0			3.61	0.0	0.0	-0.19	0.0	0.0	0.12	5.4	-0.19	0.0	0.0	10.87					1	0.0	0.0	-1.54	0.0	0.0	-0.26	-1.54	0.0	0.0	148.44					0.0	0.0	3.19	0.0	0.0	0.98	3.19	0.0	0.0	116.9					0.0	0.0	2.21	0.0	0.0	0.59	2.21	0.0	0.0	101.9					-0.0	-0.0	-0.35000000000000053	-0.0	-0.0	-0.15471412680114927	-0.35000000000000053	0.0020290460193858975	0.002009177964321429	45.268648448765035				
2024-09-17 07:00:00	4800	5.4	5.25	5.25	5.4	5.21	ILP.MI	3.14	3.23	3.14	3.23	3.61	2.78	1.0	-1.0	1.0	0	-1.0	-1.0	1.0	1.0	1.0	1.0										-1.0			5.3										-1.0			3.61	0.25	0.25	0.06	0.05	0.05	0.17	5.4	0.06	0.0	0.0	15.7					1	0.0	0.0	-1.54	0.0	0.0	-0.26	-1.54	0.0	0.0	147.82					0.25	0.25	3.44	0.05	0.05	1.08	3.44	0.01	0.01	123.0					0.25	0.25	2.46	0.05	0.05	0.67	2.46	0.0	0.0	108.01					-0.25	-0.25	-0.6000000000000005	-0.04854368932038833	-0.0474022388945839	-0.1938477320418367	-0.6000000000000005	0.001706893118179469	0.0016853987365434975	35.876770478975295				
2024-09-18 07:00:00	0	5.4	5.4	5.4	5.4	5.21	ILP.MI	3.24	3.24	3.24	3.24	3.61	2.78	1.0	-1.0	1.0	0	-1.0	-1.0	1.0	1.0	1.0	1.0	5.4									-1.0			5.3	3.24									-1.0			3.61	0.0	0.0	0.06	0.0	0.0	0.17	5.4	0.06	0.0	0.0	15.27					1	0.0	0.0	-1.54	0.0	0.0	-0.26	-1.54	0.0	0.0	147.18					0.0	0.0	3.44	0.0	0.0	1.08	3.44	0.01	0.01	127.48					0.0	0.0	2.46	0.0	0.0	0.67	2.46	0.0	0.0	112.25					-0.0	-0.0	-0.6000000000000005	-0.0	-0.0	-0.1938477320418367	-0.6000000000000005	0.0016797883572919562	0.0016584210283627776	35.53473222576919				
2024-09-19 07:00:00	9000	5.35	5.15	5.25	5.35	5.16	ILP.MI	3.12	3.18	3.06	3.18	3.61	2.78	1.0	-1.0	1.0	0	-1.0	-1.0	1.0	1.0	1.0	1.0										-1.0			5.3										-1.0			3.61	-0.05	-0.05	0.01	-0.01	-0.01	0.16	5.4	0.01	0.0	0.0	14.74					1	-0.0	-0.0	-1.54	-0.0	-0.0	-0.26	-1.54	0.0	0.0	154.66					-0.05	-0.05	3.39	-0.01	-0.01	1.06	3.39	0.01	0.01	121.26					-0.05	-0.05	2.41	-0.01	-0.01	0.66	2.41	0.0	0.0	106.45					0.05000000000000071	0.05000000000000071	-0.5499999999999998	0.009259259259259411	0.009302392662313674	-0.18631359869643327	-0.5499999999999998	0.0018935787020470328	0.0018723670549460891	39.70031300030565				
2024-09-20 07:00:00	4800	5.25	5.1	5.25	5.2	5.02	ILP.MI	3.14	3.14	3.05	3.11	3.61	2.78	1.0	-1.0	1.0	-1	-1.0	-1.0	1.0	1.0	1.0	1.0		5.1								-1.0			5.3		3.05								-1.0			3.61	-0.15	-0.15	-0.14	-0.03	-0.03	0.13	5.4	-0.14	0.0	0.0	6.76					1	-0.0	-0.0	-1.54	-0.0	-0.0	-0.26	-1.54	0.0	0.0	151.38					-0.15	-0.15	3.24	-0.03	-0.03	1.0	3.24	0.01	0.01	118.93					-0.15	-0.15	2.26	-0.03	-0.03	0.61	2.26	0.0	0.0	104.41					0.14999999999999947	0.14999999999999947	-0.40000000000000036	0.028037383177569986	0.0284379353205334	-0.16284187558190732	-0.40000000000000036	0.001945391557171276	0.0019239429903556982	40.30426245881846				
2024-09-23 07:00:00	600	5.2	5.2	5.2	5.2	5.02	ILP.MI	3.12	3.12	3.12	3.12	3.61	2.78	1.0	-1.0	1.0	-1	-1.0	-1.0	1.0	-1.0	1.0	-1.0										-1.0			5.3										-1.0			3.61	0.0	0.0	-0.14	0.0	0.0	0.13	5.4	-0.14	0.0	0.0	10.1					1	-0.0	-0.0	-1.54	-0.0	-0.0	-0.26	-1.54	0.0	0.0	159.17					0.0	0.0	3.24	0.0	0.0	1.0	3.24	0.01	0.01	118.79					0.0	0.0	2.26	0.0	0.0	0.61	2.26	0.0	0.0	104.25					-0.0	-0.0	-0.40000000000000036	-0.0	-0.0	-0.16284187558190732	-0.40000000000000036	0.0020979575664254813	0.0020769744883146757	43.71236298347551				
2024-09-24 07:00:00	1800	5.25	5.2	5.2	5.25	5.07	ILP.MI	3.1	3.13	3.1	3.13	3.61	2.78	1.0	-1.0	1.0	-1	-1.0	-1.0	1.0	-1.0	1.0	-1.0										-1.0			5.3										-1.0			3.61	0.05	0.05	-0.09	0.01	0.01	0.14	5.4	-0.09	0.0	0.0	11.16					1	-0.05	-0.05	-1.59	-0.01	-0.01	-0.26	-1.59	0.0	0.0	148.61					0.05	0.05	3.29	0.01	0.01	1.02	3.29	0.01	0.01	119.11					-0.05	-0.05	2.21	-0.01	-0.01	0.59	2.21	0.0	0.0	98.79					-0.04999999999999982	-0.04999999999999982	-0.4500000000000002	-0.009615384615384581	-0.009569451016150672	-0.17081481010017485	-0.4500000000000002	0.001927591094472565	0.0019059753306478466	39.645755188905795				
2024-09-25 07:00:00	0	5.25	5.25	5.25	5.25	5.07	ILP.MI	3.14	3.14	3.14	3.14	3.61	2.78	1.0	-1.0	1.0	-1	-1.0	-1.0	1.0	-1.0	1.0	-1.0	5.25									-1.0			5.3	3.14									-1.0			3.61	0.0	0.0	-0.09	0.0	0.0	0.14	5.4	-0.09	0.0	0.0	16.97					1	-0.0	-0.0	-1.59	-0.0	-0.0	-0.26	-1.59	0.0	0.0	170.01					0.0	0.0	3.29	0.0	0.0	1.02	3.29	0.01	0.01	118.15					-0.0	-0.0	2.21	-0.0	-0.0	0.59	2.21	0.0	0.0	97.62					-0.0	-0.0	-0.4500000000000002	-0.0	-0.0	-0.17081481010017485	-0.4500000000000002	0.0021593334456889543	0.00213892852017894	46.19843970116623				
2024-09-26 07:00:00	15000	5.3	5.0	5.25	5.05	4.87	ILP.MI	3.08	3.11	2.94	2.97	3.61	2.78	1.0	-1.0	-1.0	-1	-1.0	-1.0	1.0	-1.0	1.0	-1.0										-1.0			5.3										-1.0			3.61	-0.2	-0.2	-0.29	-0.04	-0.04	0.1	5.4	-0.29	0.0	0.0	13.88					1	0.2	0.2	-1.39	0.04	0.04	-0.24	-1.39	0.0	0.0	185.89					-0.2	-0.2	3.09	-0.04	-0.04	0.94	3.09	0.0	0.0	104.17					0.2	0.2	2.41	0.04	0.04	0.66	2.41	0.0	0.0	98.87					0.20000000000000018	0.20000000000000018	-0.25	0.03809523809523818	0.03883983331626401	-0.13797579267839954	-0.25	0.002589197718437676	0.0025682311430876847	52.88620172452996				
2024-09-27 07:00:00	4800	5.1	5.0	5.05	5.1	4.92	ILP.MI	2.94	2.97	2.91	2.97	3.61	2.78	1.0	-1.0	-1.0	-1	-1.0	-1.0	1.0	-1.0	1.0	-1.0		5.0								-1.0			5.3		2.91		2.91						-1.0			3.61	0.05	0.05	-0.24	0.01	0.01	0.11	5.4	-0.24	0.0	0.0	14.91					1	-0.05	-0.05	-1.44	-0.01	-0.01	-0.24	-1.44	0.0	0.0	174.47					0.05	0.05	3.14	0.01	0.01	0.96	3.14	0.0	0.0	104.53					-0.05	-0.05	2.36	-0.01	-0.01	0.64	2.36	0.0	0.0	93.49					-0.04999999999999982	-0.04999999999999982	-0.2999999999999998	-0.00990099009900991	-0.00985229644301164	-0.14642701039723882	-0.2999999999999998	0.0024177235550994496	0.002396092741153266	48.70472710703053				
2024-09-30 07:00:00	3000	5.1	5.05	5.05	5.1	4.92	ILP.MI	2.99	3.02	2.99	3.02	3.61	2.78	1.0	-1.0	-1.0	-1	-1.0	-1.0	1.0	-1.0	1.0	-1.0	5.1									-1.0			5.3	3.02									-1.0			3.61	0.0	0.0	-0.24	0.0	0.0	0.11	5.4	-0.24	0.0	0.0	14.5					1	-0.0	-0.0	-1.44	-0.0	-0.0	-0.24	-1.44	0.0	0.0	174.47					0.0	0.0	3.14	0.0	0.0	0.96	3.14	0.01	0.01	108.57					-0.0	-0.0	2.36	-0.0	-0.0	0.64	2.36	0.0	0.0	97.44					-0.0	-0.0	-0.2999999999999998	-0.0	-0.0	-0.14642701039723882	-0.2999999999999998	0.0023903593330613167	0.0023688514915933823	48.43483194803901				
2024-10-01 07:00:00	11400	5.05	4.9	5.05	4.92	4.75	ILP.MI	3.02	3.02	2.93	2.94	3.61	2.78	1.0	-1.0	-1.0	-1	-1.0	-1.0	1.0	-1.0	1.0	-1.0										-1.0			5.3		2.93								-1.0			3.61	-0.18	-0.18	-0.42	-0.04	-0.04	0.07	5.4	-0.42	0.0	0.0	8.32					1	0.18	0.18	-1.26	0.04	0.04	-0.22	-1.26	0.0	0.0	178.63					-0.18	-0.18	2.96	-0.04	-0.04	0.89	2.96	0.0	0.0	96.95					0.18	0.18	2.54	0.04	0.04	0.7	2.54	0.0	0.0	98.78					0.17999999999999972	0.17999999999999972	-0.1200000000000001	0.03529411764705881	0.03593200922606333	-0.11519873028982075	-0.1200000000000001	0.002634696995798548	0.0026120787907366605	50.738638810045735				
2024-10-02 07:00:00	6600	4.94	4.92	4.94	4.92	4.75	ILP.MI	2.97	2.97	2.95	2.95	3.61	2.78	1.0	-1.0	-1.0	-1	-1.0	-1.0	1.0	-1.0	1.0	-1.0		4.92		4.92						-1.0			5.3										-1.0			3.61	0.0	0.0	-0.42	0.0	0.0	0.07	5.4	-0.42	0.0	0.0	5.6					1	-0.0	-0.0	-1.26	-0.0	-0.0	-0.22	-1.26	0.0	0.0	178.63					0.0	0.0	2.96	0.0	0.0	0.89	2.96	0.01	0.01	105.67					-0.0	-0.0	2.54	-0.0	-0.0	0.7	2.54	0.01	0.01	108.03					-0.0	-0.0	-0.1200000000000001	-0.0	-0.0	-0.11519873028982075	-0.1200000000000001	0.002468158059742135	0.002446299684695896	49.19403773036316				
2024-10-03 07:00:00	6600	5.1	4.92	4.92	5.1	4.92	ILP.MI	3.0	3.11	3.0	3.11	3.61	2.79	1.0	-1.0	-1.0	-1	-1.0	-1.0	1.0	-1.0	1.0	-1.0	5.1									-1.0			5.3	3.11		3.11							-1.0			3.61	0.18	0.18	-0.24	0.04	0.04	0.11	5.4	-0.24	0.0	0.0	12.71					1	-0.18	-0.18	-1.44	-0.04	-0.04	-0.24	-1.44	0.0	0.0	154.42					0.18	0.18	3.14	0.04	0.04	0.96	3.14	0.01	0.01	106.72					-0.18	-0.18	2.36	-0.04	-0.04	0.64	2.36	0.0	0.0	95.93					-0.17999999999999972	-0.17999999999999972	-0.2999999999999998	-0.03658536585365857	-0.03593200922606337	-0.14642701039723882	-0.2999999999999998	0.0023663715252070913	0.002343516524483391	45.16060569572643				
2024-10-04 07:00:00	1200	5.0	5.0	5.0	5.0	4.83	ILP.MI	3.01	3.01	3.01	3.01	3.61	2.81	1.0	-1.0	-1.0	-1	-1.0	-1.0	1.0	-1.0	1.0	-1.0		5.0								-1.0			5.3		3.01								-1.0			3.61	-0.1	-0.1	-0.34	-0.02	-0.02	0.09	5.4	-0.34	0.0	0.0	12.04					1	0.1	0.1	-1.34	0.02	0.02	-0.23	-1.34	0.0	0.0	156.53					-0.1	-0.1	3.04	-0.02	-0.02	0.93	3.04	0.0	0.0	98.69					0.1	0.1	2.46	0.02	0.02	0.67	2.46	0.0	0.0	96.2					0.09999999999999964	0.09999999999999964	-0.20000000000000018	0.019607843137254832	0.019802627296179643	-0.12935555060518367	-0.20000000000000018	0.0026859014980462697	0.00266320329136982	50.679698336461364				
2024-10-07 07:00:00	1200	5.1	5.05	5.05	5.1	4.92	ILP.MI	3.02	3.05	3.02	3.05	3.61	2.82	1.0	-1.0	-1.0	-1	-1.0	-1.0	1.0	-1.0	1.0	-1.0	5.1									-1.0			5.3										-1.0			3.61	0.1	0.1	-0.24	0.02	0.02	0.11	5.4	-0.24	0.0	0.0	13.97					1	-0.1	-0.1	-1.44	-0.02	-0.02	-0.24	-1.44	0.0	0.0	142.69					0.1	0.1	3.14	0.02	0.02	0.96	3.14	0.01	0.01	99.35					-0.1	-0.1	2.36	-0.02	-0.02	0.64	2.36	0.0	0.0	88.91					-0.09999999999999964	-0.09999999999999964	-0.2999999999999998	-0.020000000000000018	-0.01980262729617973	-0.14642701039723893	-0.2999999999999998	0.002476925279767144	0.002453200613511841	45.5122038664285				
2024-10-08 07:00:00	1200	5.1	5.05	5.05	5.1	4.92	ILP.MI	3.03	3.06	3.03	3.06	3.61	2.84	1.0	-1.0	-1.0	-1	-1.0	-1.0	1.0	-1.0	1.0	-1.0										-1.0			5.3	3.06									-1.0			3.61	0.0	0.0	-0.24	0.0	0.0	0.11	5.4	-0.24	0.0	0.0	12.79					1	-0.0	-0.0	-1.44	-0.0	-0.0	-0.24	-1.44	0.0	0.0	142.69					0.0	0.0	3.14	0.0	0.0	0.96	3.14	0.01	0.01	105.11					-0.0	-0.0	2.36	-0.0	-0.0	0.64	2.36	0.0	0.0	94.47					-0.0	-0.0	-0.2999999999999998	-0.0	-0.0	-0.14642701039723893	-0.2999999999999998	0.0023934886501428077	0.002370155569713983	44.741603929755726				
2024-10-09 07:00:00	600	5.05	5.05	5.05	5.05	4.87	ILP.MI	3.01	3.01	3.01	3.01	3.61	2.84	1.0	-1.0	-1.0	-1	-1.0	-1.0	1.0	-1.0	1.0	-1.0		5.05								-1.0			5.3		3.01								-1.0			3.61	-0.05	-0.05	-0.29	-0.01	-0.01	0.1	5.4	-0.29	0.0	0.0	13.0					1	0.05	0.05	-1.39	0.01	0.01	-0.24	-1.39	0.0	0.0	143.72					-0.05	-0.05	3.09	-0.01	-0.01	0.94	3.09	0.01	0.01	99.5					0.05	0.05	2.41	0.01	0.01	0.66	2.41	0.0	0.0	94.39					0.04999999999999982	0.04999999999999982	-0.25	0.009803921568627416	0.009852296443011594	-0.13797579267839977	-0.25	0.0026458678470359983	0.0026230086824723386	49.585127595268524				
2024-10-10 07:00:00	600	5.1	5.1	5.1	5.1	4.92	ILP.MI	3.02	3.02	3.02	3.02	3.61	2.84	1.0	-1.0	-1.0	-1	-1.0	-1.0	1.0	-1.0	1.0	-1.0	5.1									-1.0			5.3	3.02									-1.0			3.61	0.05	0.05	-0.24	0.01	0.01	0.11	5.4	-0.24	0.0	0.0	12.76					1	-0.05	-0.05	-1.44	-0.01	-0.01	-0.24	-1.44	0.0	0.0	134.94					0.05	0.05	3.14	0.01	0.01	0.96	3.14	0.01	0.01	105.62					-0.05	-0.05	2.36	-0.01	-0.01	0.64	2.36	0.0	0.0	94.93					-0.04999999999999982	-0.04999999999999982	-0.2999999999999998	-0.00990099009900991	-0.00985229644301164	-0.14642701039723893	-0.2999999999999998	0.002384784584007118	0.0023616054975745815	44.87525479160109				
2024-10-11 07:00:00	1800	5.0	5.0	5.0	5.0	4.83	ILP.MI	2.95	2.95	2.95	2.95	3.61	2.84	1.0	-1.0	-1.0	-1	-1.0	-1.0	1.0	-1.0	1.0	-1.0										-1.0			5.3										-1.0			3.61	-0.1	-0.1	-0.34	-0.02	-0.02	0.09	5.4	-0.34	0.0	0.0	11.4					1	0.1	0.1	-1.34	0.02	0.02	-0.23	-1.34	0.0	0.0	136.98					-0.1	-0.1	3.04	-0.02	-0.02	0.93	3.04	0.01	0.01	97.98					0.1	0.1	2.46	0.02	0.02	0.67	2.46	0.0	0.0	95.49					0.09999999999999964	0.09999999999999964	-0.20000000000000018	0.019607843137254832	0.019802627296179643	-0.12935555060518378	-0.20000000000000018	0.0026800312415760086	0.0026567547476641362	49.32252941219649				
2024-10-14 07:00:00	3000	5.0	5.0	5.0	5.0	4.83	ILP.MI	2.91	2.91	2.91	2.91	3.61	2.84	1.0	-1.0	-1.0	-1	-1.0	-1.0	1.0	-1.0	1.0	-1.0		5.0								-1.0			5.3		2.91								-1.0			3.61	0.0	0.0	-0.34	0.0	0.0	0.09	5.4	-0.34	0.0	0.0	11.4					1	-0.0	-0.0	-1.34	-0.0	-0.0	-0.23	-1.34	0.0	0.0	136.98					0.0	0.0	3.04	0.0	0.0	0.93	3.04	0.01	0.01	97.98					-0.0	-0.0	2.46	-0.0	-0.0	0.67	2.46	0.0	0.0	95.49					-0.0	-0.0	-0.20000000000000018	-0.0	-0.0	-0.12935555060518378	-0.20000000000000018	0.0026800312415760086	0.0026567547476641362	49.32252941219649				
2024-10-15 07:00:00	0	5.0	5.0	5.0	5.0	4.83	ILP.MI	2.92	2.92	2.92	2.92	3.61	2.88	1.0	-1.0	-1.0	-1	-1.0	-1.0	1.0	-1.0	1.0	-1.0										-1.0			5.3										-1.0			3.61	0.0	0.0	-0.34	0.0	0.0	0.09	5.4	-0.34	0.0	0.0	15.62					1	-0.0	-0.0	-1.34	-0.0	-0.0	-0.23	-1.34	0.0	0.0	136.98					0.0	0.0	3.04	0.0	0.0	0.93	3.04	0.0	0.0	97.43					-0.0	-0.0	2.46	-0.0	-0.0	0.67	2.46	0.0	0.0	94.91					-0.0	-0.0	-0.20000000000000018	-0.0	-0.0	-0.12935555060518378	-0.20000000000000018	0.0028762598938977305	0.0028539100135072104	54.10793074353397				
2024-10-16 07:00:00	1200	5.0	5.0	5.0	5.0	4.83	ILP.MI	2.92	2.92	2.92	2.92	3.61	2.91	1.0	-1.0	-1.0	-1	-1.0	-1.0	1.0	-1.0	1.0	-1.0										-1.0			5.3										-1.0			3.61	0.0	0.0	-0.34	0.0	0.0	0.09	5.35	-0.34	0.0	0.0	15.62					1	-0.0	-0.0	-1.34	-0.0	-0.0	-0.23	-1.34	0.0	0.0	136.98					0.0	0.0	3.04	0.0	0.0	0.93	3.04	0.0	0.0	97.43					-0.0	-0.0	2.46	-0.0	-0.0	0.67	2.46	0.0	0.0	94.91					-0.0	-0.0	-0.20000000000000018	-0.0	-0.0	-0.12935555060518378	-0.20000000000000018	0.0028762598938977305	0.0028539100135072104	54.10793074353397				
2024-10-17 07:00:00	16800	5.25	5.05	5.05	5.15	4.97	ILP.MI	2.91	3.03	2.91	2.97	3.61	2.91	1.0	-1.0	-1.0	-1	-1.0	-1.0	1.0	-1.0	1.0	-1.0	5.25		5.25		5.25					-1.0			5.25	3.03									-1.0			3.61	0.15	0.15	-0.19	0.03	0.03	0.12	5.3	-0.19	0.0	0.0	25.63					1	-0.15	-0.15	-1.49	-0.03	-0.03	-0.25	-1.49	0.0	0.0	121.25					0.15	0.15	3.19	0.03	0.03	0.98	3.19	0.0	0.0	96.81					-0.15	-0.15	2.31	-0.03	-0.03	0.63	2.31	0.0	0.0	83.86					-0.15000000000000036	-0.15000000000000036	-0.35000000000000053	-0.030000000000000027	-0.02955880224154443	-0.15471412680114927	-0.35000000000000053	0.002929342141724734	0.002907533558166975	56.46941375694793				
2024-10-18 07:00:00	0	5.15	5.15	5.15	5.15	4.97	ILP.MI	2.96	2.96	2.96	2.96	3.61	2.91	1.0	-1.0	-1.0	-1	-1.0	-1.0	1.0	-1.0	1.0	-1.0										-1.0			5.25										-1.0			3.61	0.0	0.0	-0.19	0.0	0.0	0.12	5.3	-0.19	0.0	0.0	31.5					1	-0.0	-0.0	-1.49	-0.0	-0.0	-0.25	-1.49	0.0	0.0	118.12					0.0	0.0	3.19	0.0	0.0	0.98	3.19	0.0	0.0	95.76					-0.0	-0.0	2.31	-0.0	-0.0	0.63	2.31	0.0	0.0	82.65					-0.0	-0.0	-0.35000000000000053	-0.0	-0.0	-0.15471412680114927	-0.35000000000000053	0.003155863783512584	0.003135319266222014	63.35442103775274				
2024-10-21 07:00:00	3600	5.0	4.98	5.0	4.98	4.86	ILP.MI	2.89	2.89	2.88	2.88	3.61	2.88	-1.0	-1.0	-1.0	-1	-1.0	-1.0	1.0	-1.0	1.0	-1.0										-1.0			5.25		2.88								-1.0			3.61	-0.17	-0.17	-0.36	-0.03	-0.03	0.08	5.3	-0.36	0.0	0.0	33.92					1	0.17	0.17	-1.32	0.03	0.03	-0.22	-1.32	0.0	0.0	115.53					-0.17	-0.17	3.02	-0.03	-0.03	0.92	3.02	0.0	0.0	83.51					0.17	0.17	2.48	0.03	0.03	0.68	2.48	0.0	0.0	81.7					0.16999999999999993	0.16999999999999993	-0.1800000000000006	0.03300970873786402	0.03356682363908316	-0.12585898655138938	-0.1800000000000006	0.0036915179054414484	0.003672004065931267	76.93916615195064				
2024-10-22 07:00:00	600	4.98	4.98	4.98	4.98	4.86	ILP.MI	2.9	2.9	2.9	2.9	3.61	2.88	-1.0	-1.0	-1.0	-1	-1.0	-1.0	1.0	-1.0	1.0	-1.0		4.98								-1.0			5.25										-1.0			3.61	-0.0	-0.0	-0.36	-0.0	-0.0	0.08	5.3	-0.36	0.0	0.0	32.4					1	-0.0	-0.0	-1.32	-0.0	-0.0	-0.22	-1.32	0.0	0.0	126.84					0.0	0.0	3.02	0.0	0.0	0.92	3.02	0.0	0.0	90.11					-0.0	-0.0	2.48	-0.0	-0.0	0.68	2.48	0.0	0.0	88.42					-0.0	-0.0	-0.1800000000000006	-0.0	-0.0	-0.12585898655138938	-0.1800000000000006	0.003562943060161401	0.00354392556621419	76.04948024986541				
2024-10-23 07:00:00	1800	5.05	4.98	4.98	5.05	4.93	ILP.MI	2.9	2.94	2.9	2.94	3.61	2.88	-1.0	-1.0	-1.0	-1	-1.0	-1.0	1.0	-1.0	1.0	-1.0										-1.0			5.25										-1.0			3.61	-0.07	-0.07	-0.43	-0.01	-0.01	0.07	5.3	-0.43	0.0	0.0	31.82					1	-0.07	-0.07	-1.39	-0.01	-0.01	-0.24	-1.39	0.0	0.0	124.95					0.07	0.07	3.09	0.01	0.01	0.94	3.09	0.0	0.0	95.64					-0.07	-0.07	2.41	-0.01	-0.01	0.66	2.41	0.0	0.0	87.36					-0.0699999999999994	-0.0699999999999994	-0.25	-0.014056224899598346	-0.013958352250706855	-0.13797579267839977	-0.25	0.003320887148417821	0.0033013234967389504	70.20993777497904				
2024-10-24 07:00:00	0	5.05	5.05	5.05	5.05	4.93	ILP.MI	2.94	2.94	2.94	2.94	3.61	2.88	-1.0	-1.0	-1.0	-1	-1.0	-1.0	1.0	-1.0	1.0	-1.0	5.05									-1.0			5.25	2.94									-1.0			3.61	-0.0	-0.0	-0.43	-0.0	-0.0	0.07	5.25	-0.43	0.0	0.0	31.82					1	-0.0	-0.0	-1.39	-0.0	-0.0	-0.24	-1.39	0.0	0.0	124.95					0.0	0.0	3.09	0.0	0.0	0.94	3.09	0.0	0.0	95.64					-0.0	-0.0	2.41	-0.0	-0.0	0.66	2.41	0.0	0.0	87.36					-0.0	-0.0	-0.25	-0.0	-0.0	-0.13797579267839977	-0.25	0.003320887148417821	0.0033013234967389504	70.20993777497904				
2024-10-25 07:00:00	1800	5.1	4.92	5.05	5.1	4.98	ILP.MI	2.94	2.96	2.86	2.96	3.61	2.86	-1.0	-1.0	-1.0	-1	-1.0	-1.0	1.0	-1.0	1.0	-1.0		4.92		4.92						-1.0			5.25		2.86		2.86						-1.0			3.61	-0.05	-0.05	-0.48	-0.01	-0.01	0.06	5.25	-0.48	0.0	0.0	26.11					1	-0.05	-0.05	-1.44	-0.01	-0.01	-0.24	-1.44	0.0	0.0	114.18					0.05	0.05	3.14	0.01	0.01	0.96	3.14	0.0	0.0	95.3					-0.05	-0.05	2.36	-0.01	-0.01	0.64	2.36	0.0	0.0	81.47					-0.04999999999999982	-0.04999999999999982	-0.2999999999999998	-0.00990099009900991	-0.00985229644301164	-0.14642701039723904	-0.2999999999999998	0.0033445691546908534	0.0033252375695642655	71.61538028420375				
2024-10-28 08:00:00	600	5.1	5.1	5.1	5.1	4.98	ILP.MI	2.94	2.94	2.94	2.94	3.61	2.86	-1.0	-1.0	-1.0	-1	-1.0	-1.0	1.0	-1.0	1.0	-1.0	5.1		5.1							-1.0			5.25										-1.0			3.61	-0.0	-0.0	-0.48	-0.0	-0.0	0.06	5.25	-0.48	0.0	0.0	30.1					1	-0.0	-0.0	-1.44	-0.0	-0.0	-0.24	-1.44	0.0	0.0	122.27					0.0	0.0	3.14	0.0	0.0	0.96	3.14	0.0	0.0	100.35					-0.0	-0.0	2.36	-0.0	-0.0	0.64	2.36	0.0	0.0	86.34					-0.0	-0.0	-0.2999999999999998	-0.0	-0.0	-0.14642701039723904	-0.2999999999999998	0.003280891597813254	0.0032618115636631195	71.12361461311556				
2024-10-29 08:00:00	0	5.1	5.1	5.1	5.1	4.98	ILP.MI	2.95	2.95	2.95	2.95	3.61	2.86	-1.0	-1.0	-1.0	-1	-1.0	-1.0	1.0	-1.0	1.0	-1.0										-1.0			5.25	2.95									-1.0			3.61	-0.0	-0.0	-0.48	-0.0	-0.0	0.06	5.25	-0.48	0.0	0.0	28.39					1	-0.0	-0.0	-1.44	-0.0	-0.0	-0.24	-1.44	0.0	0.0	119.73					0.0	0.0	3.14	0.0	0.0	0.96	3.14	0.0	0.0	99.62					-0.0	-0.0	2.36	-0.0	-0.0	0.64	2.36	0.0	0.0	85.48					-0.0	-0.0	-0.2999999999999998	-0.0	-0.0	-0.14642701039723904	-0.2999999999999998	0.003466993148327222	0.0034487996468273163	77.32142141125831				
2024-10-30 08:00:00	1200	5.0	4.98	4.98	5.0	4.88	ILP.MI	2.92	2.93	2.92	2.93	3.61	2.86	-1.0	-1.0	-1.0	-1	-1.0	-1.0	1.0	-1.0	1.0	-1.0		4.98								-1.0			5.25		2.92								-1.0			3.61	0.1	0.1	-0.38	0.02	0.02	0.08	5.25	-0.38	0.0	0.0	37.72					1	0.1	0.1	-1.34	0.02	0.02	-0.23	-1.34	0.0	0.0	142.36					-0.1	-0.1	3.04	-0.02	-0.02	0.93	3.04	0.0	0.0	103.49					0.1	0.1	2.46	0.02	0.02	0.67	2.46	0.0	0.0	97.79					0.09999999999999964	0.09999999999999964	-0.20000000000000018	0.019607843137254832	0.019802627296179643	-0.1293555506051839	-0.20000000000000018	0.0033500845221806977	0.0033323270190763754	76.43113899335637				
2024-10-31 08:00:00	0	5.0	5.0	5.0	5.0	4.88	ILP.MI	2.95	2.95	2.95	2.95	3.61	2.86	-1.0	-1.0	-1.0	-1	-1.0	-1.0	1.0	-1.0	1.0	-1.0	5.0									-1.0			5.25	2.95									-1.0			3.61	-0.0	-0.0	-0.38	-0.0	-0.0	0.08	5.25	-0.38	0.0	0.0	36.89					1	-0.0	-0.0	-1.34	-0.0	-0.0	-0.23	-1.34	0.0	0.0	141.17					0.0	0.0	3.04	0.0	0.0	0.93	3.04	0.0	0.0	103.11					-0.0	-0.0	2.46	-0.0	-0.0	0.67	2.46	0.0	0.0	97.37					-0.0	-0.0	-0.20000000000000018	-0.0	-0.0	-0.1293555506051839	-0.20000000000000018	0.0035074329569367802	0.0034903101287966365	81.21659645548405				
2024-11-01 08:00:00	1800	4.9	4.9	4.9	4.9	4.79	ILP.MI	2.86	2.86	2.86	2.86	3.61	2.86	-1.0	-1.0	-1.0	-1	-1.0	-1.0	1.0	-1.0	1.0	-1.0		4.9		4.9						-1.0			5.25		2.86		2.86						-1.0			3.61	0.1	0.1	-0.28	0.02	0.02	0.1	5.25	-0.28	0.0	0.0	42.93					1	0.1	0.1	-1.24	0.02	0.02	-0.21	-1.24	0.0	0.0	152.91					-0.1	-0.1	2.94	-0.02	-0.02	0.89	2.94	0.0	0.0	100.44					0.1	0.1	2.56	0.02	0.02	0.71	2.56	0.0	0.0	103.71					0.09999999999999964	0.09999999999999964	-0.10000000000000053	0.019999999999999907	0.020202707317519355	-0.11158729653590194	-0.10000000000000053	0.003588245590342783	0.0035708346797995727	81.80610723342085				
2024-11-04 08:00:00	2400	5.0	4.9	5.0	4.9	4.79	ILP.MI	2.93	2.93	2.87	2.87	3.61	2.86	-1.0	-1.0	-1.0	-1	-1.0	-1.0	1.0	-1.0	1.0	-1.0										-1.0			5.25										-1.0			3.61	-0.0	-0.0	-0.28	-0.0	-0.0	0.1	5.25	-0.28	0.0	0.0	42.15					1	-0.0	-0.0	-1.24	-0.0	-0.0	-0.21	-1.24	0.0	0.0	151.84					0.0	0.0	2.94	0.0	0.0	0.89	2.94	0.0	0.0	100.05					-0.0	-0.0	2.56	-0.0	-0.0	0.71	2.56	0.0	0.0	103.32					-0.0	-0.0	-0.10000000000000053	-0.0	-0.0	-0.11158729653590194	-0.10000000000000053	0.0037448745507616364	0.003728111768539044	86.6719648884536				
2024-11-05 08:00:00	600	5.05	5.05	5.05	5.05	4.93	ILP.MI	2.96	2.96	2.96	2.96	3.61	2.86	-1.0	-1.0	-1.0	-1	-1.0	-1.0	1.0	-1.0	1.0	-1.0	5.05		5.05							-1.0			5.25	2.96									-1.0			3.61	-0.15	-0.15	-0.43	-0.03	-0.03	0.07	5.25	-0.43	0.0	0.0	32.72					1	-0.15	-0.15	-1.39	-0.03	-0.03	-0.24	-1.39	0.0	0.0	129.88					0.15	0.15	3.09	0.03	0.03	0.94	3.09	0.0	0.0	100.19					-0.15	-0.15	2.41	-0.03	-0.03	0.66	2.41	0.0	0.0	91.62					-0.14999999999999947	-0.14999999999999947	-0.25	-0.030612244897959107	-0.030153038170687457	-0.13797579267839988	-0.25	0.0037364360291096523	0.0037195903775231187	86.0130141058554				
2024-11-06 08:00:00	1800	4.94	4.92	4.94	4.92	4.8	ILP.MI	2.94	2.94	2.93	2.93	3.61	2.86	-1.0	-1.0	-1.0	-1	-1.0	-1.0	1.0	-1.0	1.0	-1.0		4.92								-1.0			5.25		2.93								-1.0			3.61	0.13	0.13	-0.3	0.03	0.03	0.09	5.25	-0.3	0.0	0.0	34.36					1	0.13	0.13	-1.26	0.03	0.03	-0.22	-1.26	0.0	0.0	132.28					-0.13	-0.13	2.96	-0.03	-0.03	0.89	2.96	0.0	0.0	90.89					0.13	0.13	2.54	0.03	0.03	0.7	2.54	0.0	0.0	92.44					0.1299999999999999	0.1299999999999999	-0.1200000000000001	0.025742574257425765	0.026079712783051736	-0.11519873028982097	-0.1200000000000001	0.004086356262511021	0.004069510199951276	92.11006573158471				
2024-11-07 08:00:00	2400	5.0	4.92	4.94	5.0	4.88	ILP.MI	2.94	2.97	2.93	2.97	3.61	2.86	-1.0	-1.0	-1.0	-1	-1.0	-1.0	1.0	-1.0	1.0	-1.0	5.0									-1.0			5.25	2.97		2.97							-1.0			3.61	-0.08	-0.08	-0.38	-0.02	-0.02	0.08	5.25	-0.38	0.0	0.0	29.43					1	-0.08	-0.08	-1.34	-0.02	-0.02	-0.23	-1.34	0.0	0.0	121.06					0.08	0.08	3.04	0.02	0.02	0.93	3.04	0.0	0.0	91.61					-0.08	-0.08	2.46	-0.02	-0.02	0.67	2.46	0.0	0.0	85.83					-0.08000000000000007	-0.08000000000000007	-0.20000000000000018	-0.016260162601626105	-0.016129381929883717	-0.1293555506051839	-0.20000000000000018	0.00391039714786014	0.0038926913920980244	85.82326358473334				
2024-11-08 08:00:00	14400	5.05	4.72	5.05	4.8	4.69	ILP.MI	3.02	3.02	2.82	2.87	3.61	2.82	-1.0	-1.0	-1.0	-1	-1.0	-1.0	1.0	-1.0	1.0	-1.0										-1.0			5.25										-1.0			3.61	0.2	0.2	-0.18	0.04	0.04	0.12	5.25	-0.18	0.0	0.0	36.97					1	0.2	0.2	-1.14	0.04	0.04	-0.2	-1.14	0.0	0.0	134.22					-0.2	-0.2	2.84	-0.04	-0.04	0.85	2.84	0.0	0.0	85.15					0.2	0.2	2.66	0.04	0.04	0.74	2.66	0.0	0.0	92.57					0.20000000000000018	0.20000000000000018	0.0	0.040000000000000036	0.040821994520255166	-0.09307869854706652	0.0	0.004147281247662083	0.00412873236784006	87.26600421266065				
2024-11-11 08:00:00	7200	4.8	4.7	4.8	4.74	4.63	ILP.MI	2.82	2.82	2.77	2.79	3.59	2.77	-1.0	-1.0	-1.0	-1	-1.0	-1.0	1.0	-1.0	1.0	-1.0										-1.0			5.25		2.77		2.77						-1.0			3.61	0.06	0.06	-0.12	0.01	0.01	0.14	5.25	-0.12	0.0	0.0	33.61					1	0.06	0.06	-1.08	0.01	0.01	-0.19	-1.08	0.0	0.0	129.54					-0.06	-0.06	2.78	-0.01	-0.01	0.83	2.78	0.0	0.0	77.36					0.06	0.06	2.72	0.01	0.01	0.77	2.72	0.0	0.0	90.86					0.05999999999999961	0.05999999999999961	0.05999999999999961	0.012499999999999956	0.012578782206860073	-0.08159868207297882	0.05999999999999961	0.0045097980965214885	0.004492732146445855	101.99236671149652				
2024-11-12 08:00:00	0	4.74	4.74	4.74	4.74	4.63	ILP.MI	2.85	2.85	2.85	2.85	3.59	2.77	-1.0	-1.0	-1.0	-1	-1.0	-1.0	1.0	-1.0	1.0	-1.0										-1.0			5.25	2.85									-1.0			3.61	-0.0	-0.0	-0.12	-0.0	-0.0	0.14	5.25	-0.12	0.0	0.0	39.85					1	-0.0	-0.0	-1.08	-0.0	-0.0	-0.19	-1.08	0.0	0.0	145.3					0.0	0.0	2.78	0.0	0.0	0.83	2.78	0.0	0.0	75.96					-0.0	-0.0	2.72	-0.0	-0.0	0.77	2.72	0.0	0.0	99.95					-0.0	-0.0	0.05999999999999961	-0.0	-0.0	-0.08159868207297882	0.05999999999999961	0.004318298331482752	0.004301870461554058	100.9307120790389				
2024-11-13 08:00:00	1200	4.74	4.7	4.74	4.7	4.59	ILP.MI	2.84	2.84	2.82	2.82	3.59	2.77	-1.0	-1.0	-1.0	-1	-1.0	-1.0	1.0	-1.0	1.0	-1.0		4.7								-1.0			5.25										-1.0			3.61	0.04	0.04	-0.08	0.01	0.01	0.15	5.25	-0.08	0.0	0.0	38.3					1	0.04	0.04	-1.04	0.01	0.01	-0.18	-1.04	0.0	0.0	143.07					-0.04	-0.04	2.74	-0.01	-0.01	0.81	2.74	0.0	0.0	79.14					0.04	0.04	2.76	0.01	0.01	0.78	2.76	0.0	0.0	99.17					0.040000000000000036	0.040000000000000036	0.09999999999999964	0.008438818565400852	0.008474626990972232	-0.07378250064381264	0.09999999999999964	0.0045763531983167675	0.004560783613531516	110.83185139916901				
2024-11-14 08:00:00	13200	4.76	4.72	4.76	4.72	4.61	ILP.MI	2.8	2.8	2.78	2.78	3.56	2.77	-1.0	-1.0	-1.0	-1	-1.0	-1.0	1.0	-1.0	1.0	-1.0	4.76									-1.0			5.25										-1.0			3.61	-0.02	-0.02	-0.1	-0.0	-0.0	0.14	5.15	-0.1	0.0	0.0	40.0					1	-0.02	-0.02	-1.06	-0.0	-0.0	-0.18	-1.06	0.0	0.0	149.0					0.02	0.02	2.76	0.0	0.0	0.82	2.76	0.0	0.0	78.41					-0.02	-0.02	2.74	-0.0	-0.0	0.77	2.74	0.0	0.0	102.4					-0.019999999999999574	-0.019999999999999574	0.08000000000000007	-0.004255319148936065	-0.004246290881451004	-0.0777071510648134	0.08000000000000007	0.0043079538743710285	0.0042922578394894995	105.83672244727927				
2024-11-15 08:00:00	3000	4.7	4.7	4.7	4.7	4.59	ILP.MI	2.78	2.78	2.78	2.78	3.51	2.77	-1.0	-1.0	-1.0	-1	-1.0	-1.0	1.0	-1.0	1.0	-1.0		4.7								-1.0			5.25		2.78								-1.0			3.61	0.02	0.02	-0.08	0.0	0.0	0.15	5.1	-0.08	0.0	0.0	40.4					1	0.02	0.02	-1.04	0.0	0.0	-0.18	-1.04	0.0	0.0	149.57					-0.02	-0.02	2.74	-0.0	-0.0	0.81	2.74	0.0	0.0	74.51					0.02	0.02	2.76	0.0	0.0	0.78	2.76	0.0	0.0	102.59					0.019999999999999574	0.019999999999999574	0.09999999999999964	0.004237288135593098	0.004246290881450985	-0.07378250064381275	0.09999999999999964	0.004339801055981911	0.004324002110034586	106.0222690529952				
2024-11-18 08:00:00	600	4.72	4.72	4.72	4.72	4.61	ILP.MI	2.83	2.83	2.83	2.83	3.47	2.77	-1.0	-1.0	-1.0	-1	-1.0	-1.0	1.0	-1.0	-1.0	1.0	4.72									-1.0			5.25										-1.0			3.61	-0.02	-0.02	-0.1	-0.0	-0.0	0.14	5.1	-0.1	0.0	0.0	42.2					1	-0.02	-0.02	-1.06	-0.0	-0.0	-0.18	-1.06	0.0	0.0	156.03					0.02	0.02	2.76	0.0	0.0	0.82	2.76	0.0	0.0	73.7					-0.02	-0.02	2.74	-0.0	-0.0	0.77	2.74	0.0	0.0	97.49					-0.019999999999999574	-0.019999999999999574	0.08000000000000007	-0.004255319148936065	-0.004246290881451004	-0.0777071510648134	0.08000000000000007	0.004071355120341067	0.004055465402599934	100.98295908141057				
2024-11-19 08:00:00	1200	4.72	4.66	4.72	4.66	4.55	ILP.MI	2.86	2.86	2.83	2.83	3.47	2.77	-1.0	-1.0	-1.0	-1	-1.0	-1.0	1.0	-1.0	-1.0	1.0		4.66								-1.0			5.25										-1.0			3.61	0.06	0.06	-0.04	0.01	0.01	0.16	5.1	-0.04	0.0	0.0	43.36					1	0.06	0.06	-1.0	0.01	0.01	-0.17	-1.0	0.0	0.0	157.68					-0.06	-0.06	2.7	-0.01	-0.01	0.79	2.7	0.0	0.0	68.28					-0.06	-0.06	2.68	-0.01	-0.01	0.75	2.68	0.0	0.0	91.18					0.05999999999999961	0.05999999999999961	0.13999999999999968	0.012711864406779627	0.01279335145990947	-0.06583213584247194	0.13999999999999968	0.004166025921144397	0.004149819144078082	101.57802237797588				
2024-11-20 08:00:00	600	4.74	4.74	4.74	4.74	4.63	ILP.MI	2.88	2.88	2.88	2.88	3.37	2.77	-1.0	-1.0	-1.0	-1	-1.0	-1.0	1.0	-1.0	-1.0	1.0	4.74									-1.0			5.25	2.88		2.88							-1.0			3.61	-0.08	-0.08	-0.12	-0.02	-0.02	0.14	5.1	-0.12	0.0	0.0	42.2					1	-0.08	-0.08	-1.08	-0.02	-0.02	-0.19	-1.08	0.0	0.0	153.52					0.08	0.08	2.78	0.02	0.02	0.83	2.78	0.0	0.0	68.82					0.08	0.08	2.76	0.02	0.02	0.78	2.76	0.0	0.0	91.6					-0.08000000000000007	-0.08000000000000007	0.05999999999999961	-0.017167381974249052	-0.017021687569430743	-0.08159868207297893	0.05999999999999961	0.003926515505610614	0.003909698570623066	93.92062986998582				
2024-11-21 08:00:00	1800	4.74	4.64	4.74	4.7	4.59	ILP.MI	2.88	2.88	2.82	2.85	3.32	2.77	-1.0	-1.0	-1.0	-1	-1.0	-1.0	1.0	-1.0	-1.0	1.0		4.64								-1.0			5.25										-1.0			3.61	0.04	0.04	-0.08	0.01	0.01	0.15	5.1	-0.08	0.0	0.0	52.72					1	0.04	0.04	-1.04	0.01	0.01	-0.18	-1.04	0.0	0.0	184.69					-0.04	-0.04	2.74	-0.01	-0.01	0.81	2.74	0.0	0.0	61.11					-0.04	-0.04	2.72	-0.01	-0.01	0.77	2.72	0.0	0.0	84.02					0.040000000000000036	0.040000000000000036	0.09999999999999964	0.008438818565400852	0.008474626990972232	-0.07378250064381275	0.09999999999999964	0.0036609711496376433	0.003645075358598149	92.06196486222504				
2024-11-22 08:00:00	600	4.7	4.7	4.7	4.7	4.59	ILP.MI	2.84	2.84	2.84	2.84	3.32	2.77	-1.0	-1.0	-1.0	-1	-1.0	-1.0	1.0	-1.0	-1.0	1.0	4.7									-1.0			5.25										-1.0			3.61	-0.0	-0.0	-0.08	-0.0	-0.0	0.15	5.1	-0.08	0.0	0.0	57.4					1	-0.0	-0.0	-1.04	-0.0	-0.0	-0.18	-1.04	0.0	0.0	196.04					0.0	0.0	2.74	0.0	0.0	0.81	2.74	0.0	0.0	60.4					0.0	0.0	2.72	0.0	0.0	0.77	2.72	0.0	0.0	83.47					-0.0	-0.0	0.09999999999999964	-0.0	-0.0	-0.07378250064381275	0.09999999999999964	0.003593689567371699	0.0035780230711892624	91.56034649194692				
2024-11-25 08:00:00	13200	4.66	4.5	4.62	4.62	4.51	ILP.MI	2.79	2.82	2.72	2.79	3.32	2.72	-1.0	-1.0	-1.0	-1	-1.0	-1.0	1.0	-1.0	-1.0	1.0		4.5								-1.0			5.25		2.72								-1.0			3.61	0.08	0.08	0.0	0.02	0.02	0.17	5.1	0.0	0.0	0.0	58.75					1	0.08	0.08	-0.96	0.02	0.02	-0.16	-0.96	0.0	0.0	197.79					-0.08	-0.08	2.66	-0.02	-0.02	0.78	2.66	0.0	0.0	54.43					-0.08	-0.08	2.64	-0.02	-0.02	0.74	2.64	0.0	0.0	76.53					0.08000000000000007	0.08000000000000007	0.17999999999999972	0.017021276595744705	0.017167803622365446	-0.05774410238656269	0.17999999999999972	0.0037190145338149667	0.003702919600378163	92.48434495673229				
2024-11-26 08:00:00	7200	4.62	4.62	4.62	4.62	4.51	ILP.MI	2.82	2.82	2.82	2.82	3.32	2.72	-1.0	-1.0	-1.0	-1	-1.0	-1.0	1.0	-1.0	-1.0	1.0										-1.0			5.25										-1.0			3.61	-0.0	-0.0	0.0	-0.0	-0.0	0.17	5.05	0.0	0.0	0.0	63.48					1	-0.0	-0.0	-0.96	-0.0	-0.0	-0.16	-0.96	0.0	0.0	197.79					0.0	0.0	2.66	0.0	0.0	0.78	2.66	0.0	0.0	53.66					0.0	0.0	2.64	0.0	0.0	0.74	2.64	0.0	0.0	75.94					-0.0	-0.0	0.17999999999999972	-0.0	-0.0	-0.05774410238656269	0.17999999999999972	0.003651107067380077	0.0036352449966703393	91.98924056752887				
2024-11-27 08:00:00	0	4.62	4.62	4.62	4.62	4.51	ILP.MI	2.82	2.82	2.82	2.82	3.32	2.72	-1.0	-1.0	-1.0	-1	-1.0	-1.0	1.0	-1.0	-1.0	1.0										-1.0			5.25										-1.0			3.61	-0.0	-0.0	0.0	-0.0	-0.0	0.17	5.05	0.0	0.0	0.0	62.07					1	-0.0	-0.0	-0.96	-0.0	-0.0	-0.16	-0.96	0.0	0.0	197.79					0.0	0.0	2.66	0.0	0.0	0.78	2.66	0.0	0.0	59.88					0.0	0.0	2.64	0.0	0.0	0.74	2.64	0.0	0.0	83.21					-0.0	-0.0	0.17999999999999972	-0.0	-0.0	-0.05774410238656269	0.17999999999999972	0.003826108669327449	0.0038110746203818824	99.68975443578555				
2024-11-28 08:00:00	600	4.64	4.64	4.64	4.64	4.53	ILP.MI	2.82	2.82	2.82	2.82	3.32	2.72	-1.0	-1.0	-1.0	-1	-1.0	-1.0	1.0	-1.0	-1.0	1.0										-1.0			5.25	2.82									-1.0			3.61	-0.02	-0.02	-0.02	-0.0	-0.0	0.16	5.05	-0.02	0.0	0.0	56.61					1	-0.02	-0.02	-0.98	-0.0	-0.0	-0.17	-0.98	0.0	0.0	189.67					0.02	0.02	2.68	0.0	0.0	0.79	2.68	0.0	0.0	66.65					0.02	0.02	2.66	0.0	0.0	0.74	2.66	0.0	0.0	91.05					-0.019999999999999574	-0.019999999999999574	0.16000000000000014	-0.0043290043290042934	-0.00431966114451638	-0.061805550221103345	0.16000000000000014	0.003862151579968001	0.0038474503258616455	103.26823302774764				
2024-11-29 08:00:00	600	4.66	4.66	4.66	4.66	4.55	ILP.MI	2.82	2.82	2.82	2.82	3.32	2.72	-1.0	-1.0	-1.0	-1	-1.0	-1.0	1.0	-1.0	-1.0	1.0										-1.0			5.25										-1.0			3.61	-0.02	-0.02	-0.04	-0.0	-0.0	0.16	5.05	-0.04	0.0	0.0	52.65					1	-0.02	-0.02	-1.0	-0.0	-0.0	-0.17	-1.0	0.0	0.0	181.7					0.02	0.02	2.7	0.0	0.0	0.79	2.7	0.0	0.0	66.98					0.02	0.02	2.68	0.0	0.0	0.75	2.68	0.0	0.0	91.31					-0.020000000000000462	-0.020000000000000462	0.13999999999999968	-0.004310344827586299	-0.004301081899390702	-0.06583213584247216	0.13999999999999968	0.0037269247516576835	0.0037117596327949087	98.84805613736239				
2024-12-02 08:00:00	3600	4.7	4.62	4.64	4.7	4.59	ILP.MI	2.8	2.84	2.79	2.84	3.32	2.72	-1.0	-1.0	-1.0	-1	-1.0	-1.0	1.0	-1.0	-1.0	1.0	4.7									-1.0			5.25										-1.0			3.61	-0.04	-0.04	-0.08	-0.01	-0.01	0.15	5.05	-0.08	0.0	0.0	52.73					1	-0.04	-0.04	-1.04	-0.01	-0.01	-0.18	-1.04	0.0	0.0	171.33					0.04	0.04	2.74	0.01	0.01	0.81	2.74	0.0	0.0	66.94					0.04	0.04	2.72	0.01	0.01	0.77	2.72	0.0	0.0	91.28					-0.040000000000000036	-0.040000000000000036	0.09999999999999964	-0.008583690987124415	-0.008547060578458348	-0.07378250064381275	0.09999999999999964	0.0035137901509226886	0.003498290650658431	92.91209858606783				
2024-12-03 08:00:00	1800	4.7	4.6	4.7	4.6	4.49	ILP.MI	2.81	2.81	2.75	2.75	3.32	2.72	-1.0	-1.0	-1.0	-1	-1.0	-1.0	1.0	-1.0	-1.0	1.0										-1.0			5.25										-1.0			3.61	0.1	0.1	0.02	0.02	0.02	0.17	5.05	0.02	0.0	0.0	59.31					1	0.1	0.1	-0.94	0.02	0.02	-0.16	-0.94	0.0	0.0	173.69					-0.1	-0.1	2.64	-0.02	-0.02	0.77	2.64	0.0	0.0	59.24					-0.1	-0.1	2.62	-0.02	-0.02	0.73	2.62	0.0	0.0	82.39					0.10000000000000053	0.10000000000000053	0.20000000000000018	0.021276595744680993	0.02150620522096373	-0.05364733761433027	0.20000000000000018	0.003602880946858065	0.0035870713861578807	93.60972629129049				
2024-12-04 08:00:00	1200	4.6	4.6	4.6	4.6	4.49	ILP.MI	2.73	2.73	2.73	2.73	3.32	2.72	-1.0	-1.0	-1.0	-1	-1.0	-1.0	1.0	-1.0	-1.0	1.0										-1.0			5.25										-1.0			3.61	-0.0	-0.0	0.02	-0.0	-0.0	0.17	5.05	0.02	0.0	0.0	57.81					1	-0.0	-0.0	-0.94	-0.0	-0.0	-0.16	-0.94	0.0	0.0	173.69					0.0	0.0	2.64	0.0	0.0	0.77	2.64	0.0	0.0	65.63					0.0	0.0	2.62	0.0	0.0	0.73	2.62	0.0	0.0	89.92					-0.0	-0.0	0.20000000000000018	-0.0	-0.0	-0.05364733761433027	0.20000000000000018	0.003777204318426204	0.003762194174287803	101.5495616729454				
2024-12-05 08:00:00	6600	4.6	4.48	4.6	4.5	4.39	ILP.MI	2.69	2.69	2.62	2.63	3.32	2.62	-1.0	-1.0	-1.0	-1	-1.0	-1.0	1.0	-1.0	-1.0	1.0										-1.0			5.25										-1.0			3.61	0.1	0.1	0.12	0.02	0.02	0.2	5.05	0.12	0.0	0.0	59.62					1	0.1	0.1	-0.84	0.02	0.02	-0.14	-0.84	0.0	0.0	175.87					-0.1	-0.1	2.54	-0.02	-0.02	0.73	2.54	0.0	0.0	58.6					-0.1	-0.1	2.52	-0.02	-0.02	0.69	2.52	0.0	0.0	81.54					0.09999999999999964	0.09999999999999964	0.2999999999999998	0.021739130434782483	0.021978906718775115	-0.032617278450204346	0.2999999999999998	0.003937650337473263	0.003922102235297542	102.68846470226761				
2024-12-06 08:00:00	7800	4.5	4.44	4.5	4.5	4.39	ILP.MI	2.62	2.62	2.58	2.62	3.32	2.58	-1.0	-1.0	-1.0	-1	-1.0	-1.0	1.0	-1.0	-1.0	1.0		4.44		4.44						-1.0			5.25		2.58								-1.0			3.61	-0.0	-0.0	0.12	-0.0	-0.0	0.2	4.8	0.12	0.0	0.0	58.16					1	-0.0	-0.0	-0.84	-0.0	-0.0	-0.14	-0.84	0.0	0.0	175.87					0.0	0.0	2.54	0.0	0.0	0.73	2.54	0.0	0.0	64.89					0.0	0.0	2.52	0.0	0.0	0.69	2.52	0.0	0.0	88.92					-0.0	-0.0	0.2999999999999998	-0.0	-0.0	-0.032617278450204346	0.2999999999999998	0.004109690911520363	0.00409494295382995	110.96240792048684				
2024-12-09 08:00:00	0	4.5	4.5	4.5	4.5	4.39	ILP.MI	2.63	2.63	2.63	2.63	3.32	2.58	-1.0	-1.0	-1.0	-1	-1.0	-1.0	1.0	-1.0	-1.0	1.0	4.5									-1.0			5.25	2.63			2.63						-1.0			3.61	-0.0	-0.0	0.12	-0.0	-0.0	0.2	4.76	0.12	0.0	0.0	64.61					1	-0.0	-0.0	-0.84	-0.0	-0.0	-0.14	-0.84	0.0	0.0	175.87					0.0	0.0	2.54	0.0	0.0	0.73	2.54	0.0	0.0	63.45					0.0	0.0	2.52	0.0	0.0	0.69	2.52	0.0	0.0	87.82					-0.0	-0.0	0.2999999999999998	-0.0	-0.0	-0.032617278450204346	0.2999999999999998	0.0039775445427603145	0.003963217827124499	110.07646972591326				
2024-12-10 08:00:00	0	4.5	4.5	4.5	4.5	4.39	ILP.MI	2.63	2.63	2.63	2.63	3.32	2.58	-1.0	-1.0	-1.0	-1	-1.0	-1.0	1.0	-1.0	-1.0	1.0										-1.0			5.25										-1.0			3.61	-0.0	-0.0	0.12	-0.0	-0.0	0.2	4.76	0.12	0.0	0.0	64.61					1	-0.0	-0.0	-0.84	-0.0	-0.0	-0.14	-0.84	0.0	0.0	175.87					0.0	0.0	2.54	0.0	0.0	0.73	2.54	0.0	0.0	63.45					0.0	0.0	2.52	0.0	0.0	0.69	2.52	0.0	0.0	87.82					-0.0	-0.0	0.2999999999999998	-0.0	-0.0	-0.032617278450204346	0.2999999999999998	0.0039775445427603145	0.003963217827124499	110.07646972591326				
2024-12-11 08:00:00	1800	4.5	4.46	4.5	4.46	4.36	ILP.MI	2.62	2.62	2.6	2.6	3.32	2.58	-1.0	-1.0	-1.0	-1	-1.0	-1.0	1.0	-1.0	-1.0	1.0		4.46								-1.0			5.25										-1.0			3.61	0.04	0.04	0.16	0.01	0.01	0.21	4.76	0.16	0.0	0.0	70.32					1	0.04	0.04	-0.8	0.01	0.01	-0.13	-0.8	0.0	0.0	176.7					-0.04	-0.04	2.5	-0.01	-0.01	0.72	2.5	0.0	0.0	57.82					-0.04	-0.04	2.48	-0.01	-0.01	0.68	2.48	0.0	0.0	81.82					0.040000000000000036	0.040000000000000036	0.33999999999999986	0.008888888888888946	0.008928630744301431	-0.02394120023002677	0.33999999999999986	0.003976647627420753	0.003962323750128949	110.07030539431662				
2024-12-12 08:00:00	1800	4.5	4.46	4.46	4.5	4.39	ILP.MI	2.59	2.61	2.59	2.61	3.32	2.58	-1.0	-1.0	-1.0	-1	-1.0	-1.0	1.0	-1.0	-1.0	1.0	4.5									-1.0			5.25										-1.0			3.61	-0.04	-0.04	0.12	-0.01	-0.01	0.2	4.74	0.12	0.0	0.0	64.63					1	-0.04	-0.04	-0.84	-0.01	-0.01	-0.14	-0.84	0.0	0.0	166.76					0.04	0.04	2.54	0.01	0.01	0.73	2.54	0.0	0.0	63.46					0.04	0.04	2.52	0.01	0.01	0.69	2.52	0.0	0.0	87.84					-0.040000000000000036	-0.040000000000000036	0.2999999999999998	-0.008968609865470878	-0.008928630744301398	-0.032617278450204346	0.2999999999999998	0.003976962759837356	0.003962641737966566	110.10543677512331				
2024-12-13 08:00:00	600	4.46	4.46	4.46	4.46	4.36	ILP.MI	2.58	2.58	2.58	2.58	3.29	2.58	-1.0	-1.0	-1.0	-1	-1.0	-1.0	1.0	-1.0	-1.0	1.0										-1.0			5.25		2.58								-1.0			3.61	0.04	0.04	0.16	0.01	0.01	0.21	4.74	0.16	0.0	0.0	65.34					1	0.04	0.04	-0.8	0.01	0.01	-0.13	-0.8	0.0	0.0	167.6					-0.04	-0.04	2.5	-0.01	-0.01	0.72	2.5	0.0	0.0	58.63					-0.04	-0.04	2.48	-0.01	-0.01	0.68	2.48	0.0	0.0	82.44					0.040000000000000036	0.040000000000000036	0.33999999999999986	0.008888888888888946	0.008928630744301431	-0.02394120023002677	0.33999999999999986	0.004043034627345185	0.004028503789114124	110.55401124030121				
2024-12-16 08:00:00	600	4.46	4.46	4.46	4.46	4.36	ILP.MI	2.59	2.59	2.59	2.59	3.29	2.58	-1.0	-1.0	-1.0	-1	-1.0	-1.0	1.0	-1.0	-1.0	1.0										-1.0			5.25										-1.0			3.61	-0.0	-0.0	0.16	-0.0	-0.0	0.21	4.74	0.16	0.0	0.0	80.12					1	-0.0	-0.0	-0.8	-0.0	-0.0	-0.13	-0.8	0.0	0.0	167.6					0.0	0.0	2.5	0.0	0.0	0.72	2.5	0.0	0.0	53.34					0.0	0.0	2.48	0.0	0.0	0.68	2.48	0.0	0.0	78.48					-0.0	-0.0	0.33999999999999986	-0.0	-0.0	-0.02394120023002677	0.33999999999999986	0.0036318177287995865	0.003618568059739591	107.56733568969125				
2024-12-17 08:00:00	600	4.46	4.46	4.46	4.46	4.36	ILP.MI	2.63	2.63	2.63	2.63	3.29	2.58	-1.0	-1.0	-1.0	-1	-1.0	-1.0	1.0	-1.0	-1.0	1.0										-1.0			5.25	2.63									-1.0			3.61	-0.0	-0.0	0.16	-0.0	-0.0	0.21	4.74	0.16	0.0	0.0	90.61					1	-0.0	-0.0	-0.8	-0.0	-0.0	-0.13	-0.8	0.0	0.0	167.6					0.0	0.0	2.5	0.0	0.0	0.72	2.5	0.0	0.0	50.11					0.0	0.0	2.48	0.0	0.0	0.68	2.48	0.0	0.0	76.11					-0.0	-0.0	0.33999999999999986	-0.0	-0.0	-0.02394120023002677	0.33999999999999986	0.0034173099559375187	0.003404705248544637	105.80329777161243				
2024-12-18 08:00:00	600	4.46	4.46	4.46	4.46	4.36	ILP.MI	2.62	2.62	2.62	2.62	3.29	2.58	-1.0	-1.0	-1.0	-1	-1.0	-1.0	1.0	-1.0	-1.0	1.0										-1.0			5.25		2.62								-1.0			3.61	-0.0	-0.0	0.16	-0.0	-0.0	0.21	4.74	0.16	0.0	0.0	88.36					1	-0.0	-0.0	-0.8	-0.0	-0.0	-0.13	-0.8	0.0	0.0	167.6					0.0	0.0	2.5	0.0	0.0	0.72	2.5	0.0	0.0	58.93					0.0	0.0	2.48	0.0	0.0	0.68	2.48	0.0	0.0	86.74					-0.0	-0.0	0.33999999999999986	-0.0	-0.0	-0.02394120023002677	0.33999999999999986	0.003604230926764233	0.0035925631102062816	118.38297613180445				
2024-12-19 08:00:00	0	4.46	4.46	4.46	4.46	4.36	ILP.MI	2.67	2.67	2.67	2.67	3.29	2.58	-1.0	-1.0	-1.0	-1	-1.0	-1.0	1.0	-1.0	-1.0	1.0										-1.0			5.25	2.67									-1.0			3.61	-0.0	-0.0	0.16	-0.0	-0.0	0.21	4.7	0.16	0.0	0.0	87.57					1	-0.0	-0.0	-0.8	-0.0	-0.0	-0.13	-0.8	0.0	0.0	167.6					0.0	0.0	2.5	0.0	0.0	0.72	2.5	0.0	0.0	64.41					0.0	0.0	2.48	0.0	0.0	0.68	2.48	0.0	0.0	92.87					-0.0	-0.0	0.33999999999999986	-0.0	-0.0	-0.02394120023002677	0.33999999999999986	0.003738533287211395	0.0037273751136648325	125.28792115418867				
2024-12-20 08:00:00	0	4.46	4.46	4.46	4.46	4.36	ILP.MI	2.67	2.67	2.67	2.67	3.29	2.58	-1.0	-1.0	-1.0	-1	-1.0	-1.0	1.0	-1.0	-1.0	1.0										-1.0			5.25										-1.0			3.61	-0.0	-0.0	0.16	-0.0	-0.0	0.21	4.7	0.16	0.0	0.0	102.02					1	-0.0	-0.0	-0.8	-0.0	-0.0	-0.13	-0.8	0.0	0.0	167.6					0.0	0.0	2.5	0.0	0.0	0.72	2.5	0.0	0.0	59.84					0.0	0.0	2.48	0.0	0.0	0.68	2.48	0.0	0.0	89.59					-0.0	-0.0	0.33999999999999986	-0.0	-0.0	-0.02394120023002677	0.33999999999999986	0.003446189552920145	0.003435792351418554	122.8845365127134				
2024-12-23 08:00:00	4200	4.46	4.4	4.4	4.46	4.36	ILP.MI	2.64	2.67	2.64	2.67	3.29	2.58	-1.0	-1.0	-1.0	-1	-1.0	-1.0	1.0	-1.0	-1.0	1.0		4.4								-1.0			5.25										-1.0			3.61	-0.0	-0.0	0.16	-0.0	-0.0	0.21	4.7	0.16	0.0	0.0	100.39					1	-0.0	-0.0	-0.8	-0.0	-0.0	-0.13	-0.8	0.0	0.0	167.6					0.0	0.0	2.5	0.0	0.0	0.72	2.5	0.0	0.0	67.71					0.0	0.0	2.48	0.0	0.0	0.68	2.48	0.0	0.0	98.92					-0.0	-0.0	0.33999999999999986	-0.0	-0.0	-0.02394120023002677	0.33999999999999986	0.0035976100228695025	0.0035878795983559364	133.85255443102113				
2024-12-27 08:00:00	600	4.46	4.46	4.46	4.46	4.36	ILP.MI	2.64	2.64	2.64	2.64	3.29	2.58	-1.0	-1.0	-1.0	-1	-1.0	-1.0	1.0	-1.0	-1.0	1.0										-1.0			5.25		2.64								-1.0			3.61	-0.0	-0.0	0.16	-0.0	-0.0	0.21	4.7	0.16	0.0	0.0	113.79					1	-0.0	-0.0	-0.8	-0.0	-0.0	-0.13	-0.8	0.0	0.0	167.6					0.0	0.0	2.5	0.0	0.0	0.72	2.5	0.0	0.0	63.84					0.0	0.0	2.48	0.0	0.0	0.68	2.48	0.0	0.0	96.2					-0.0	-0.0	0.33999999999999986	-0.0	-0.0	-0.02394120023002677	0.33999999999999986	0.003372228079158629	0.003363032414529732	131.89223028906906				
2024-12-30 08:00:00	4800	4.54	4.36	4.38	4.5	4.39	ILP.MI	2.59	2.68	2.58	2.66	3.29	2.58	-1.0	-1.0	-1.0	-1	-1.0	-1.0	1.0	-1.0	-1.0	1.0										-1.0			5.25										-1.0			3.61	-0.04	-0.04	0.12	-0.01	-0.01	0.2	4.7	0.12	0.0	0.0	106.83					1	-0.04	-0.04	-0.84	-0.01	-0.01	-0.14	-0.84	0.0	0.0	158.05					0.04	0.04	2.54	0.01	0.01	0.73	2.54	0.0	0.0	65.07					0.04	0.04	2.52	0.01	0.01	0.69	2.52	0.0	0.0	97.07					-0.040000000000000036	-0.040000000000000036	0.2999999999999998	-0.008968609865470878	-0.008928630744301398	-0.032617278450204346	0.2999999999999998	0.0032489093397100035	0.003239271587670345	124.5824318555799				
2025-01-02 08:00:00	1800	4.64	4.56	4.56	4.64	4.53	ILP.MI	2.68	2.73	2.68	2.73	3.29	2.58	-1.0	-1.0	-1.0	-1	-1.0	-1.0	1.0	-1.0	-1.0	1.0										-1.0			5.25										-1.0			3.61	-0.14	-0.14	-0.02	-0.03	-0.03	0.16	4.7	-0.02	0.0	0.0	93.54					1	-0.14	-0.14	-0.98	-0.03	-0.03	-0.17	-0.98	0.0	0.0	138.7					0.14	0.14	2.68	0.03	0.03	0.79	2.68	0.0	0.0	68.96					0.14	0.14	2.66	0.03	0.03	0.74	2.66	0.0	0.0	99.81					-0.13999999999999968	-0.13999999999999968	0.16000000000000014	-0.03111111111111109	-0.0306369694618898	-0.061805550221103345	0.16000000000000014	0.0030695340273185464	0.0030590258548837124	110.29782020335139				
2025-01-03 08:00:00	1800	4.72	4.64	4.64	4.72	4.61	ILP.MI	2.75	2.8	2.75	2.8	3.29	2.58	-1.0	-1.0	-1.0	0	-1.0	-1.0	1.0	-1.0	-1.0	1.0										-1.0			5.25	2.8									-1.0			3.61	-0.08	-0.08	-0.1	-0.02	-0.02	0.14	4.72	-0.1	0.0	0.0	85.07					1	-0.08	-0.08	-1.06	-0.02	-0.02	-0.18	-1.06	0.0	0.0	127.0					0.08	0.08	2.76	0.02	0.02	0.82	2.76	0.0	0.0	70.91					0.08	0.08	2.74	0.02	0.02	0.77	2.74	0.0	0.0	101.22					-0.08000000000000007	-0.08000000000000007	0.08000000000000007	-0.01724137931034475	-0.01709443335930004	-0.0777071510648134	0.08000000000000007	0.002919241914901445	0.0029081073140706515	101.33943465342907				
2025-01-06 08:00:00	3600	4.74	4.72	4.72	4.74	4.63	ILP.MI	2.74	2.75	2.74	2.75	3.29	2.58	-1.0	-1.0	-1.0	0	-1.0	-1.0	1.0	-1.0	-1.0	1.0										-1.0			5.25		2.74								-1.0			3.61	-0.02	-0.02	-0.12	-0.0	-0.0	0.14	4.74	-0.12	0.0	0.0	80.25					1	0.0	0.0	-1.06	0.0	0.0	-0.18	-1.06	0.0	0.0	127.0					0.02	0.02	2.78	0.0	0.0	0.83	2.78	0.0	0.0	71.38					0.02	0.02	2.76	0.0	0.0	0.78	2.76	0.0	0.0	101.56					-0.020000000000000462	-0.020000000000000462	0.05999999999999961	-0.004237288135593209	-0.004228336109521105	-0.08159868207297871	0.05999999999999961	0.002800269378386887	0.0027887730480500306	96.40061284505464				
2025-01-07 08:00:00	5400	4.9	4.72	4.74	4.72	4.61	ILP.MI	2.74	2.83	2.73	2.73	3.29	2.58	-1.0	-1.0	1.0	0	-1.0	-1.0	1.0	-1.0	-1.0	1.0										-1.0			5.25	2.83		2.83							-1.0			3.61	0.02	0.02	-0.1	0.0	0.0	0.14	4.9	-0.1	0.0	0.0	86.99					1	-0.0	-0.0	-1.06	-0.0	-0.0	-0.18	-1.06	0.0	0.0	127.0					-0.02	-0.02	2.76	-0.0	-0.0	0.82	2.76	0.0	0.0	65.61					-0.02	-0.02	2.74	-0.0	-0.0	0.77	2.74	0.0	0.0	95.76					0.020000000000000462	0.020000000000000462	0.08000000000000007	0.0042194092827004814	0.004228336109521176	-0.0777071510648133	0.08000000000000007	0.002758498816758266	0.0027471237310174867	95.9229271820891				
2025-01-08 08:00:00	1800	4.82	4.72	4.72	4.82	4.71	ILP.MI	2.72	2.77	2.72	2.77	3.29	2.58	-1.0	-1.0	1.0	0	-1.0	-1.0	1.0	-1.0	-1.0	1.0	4.82		4.82							-1.0			5.25										-1.0			3.61	-0.1	-0.1	-0.2	-0.02	-0.02	0.12	4.9	-0.2	0.0	0.0	77.89					1	0.0	0.0	-1.06	0.0	0.0	-0.18	-1.06	0.0	0.0	127.0					0.1	0.1	2.86	0.02	0.02	0.86	2.86	0.0	0.0	67.97					0.1	0.1	2.84	0.02	0.02	0.81	2.84	0.0	0.0	97.47					-0.10000000000000053	-0.10000000000000053	-0.020000000000000462	-0.021186440677966267	-0.02096512846504509	-0.09684185747425711	-0.020000000000000462	0.002592389793900701	0.0025802953371172332	86.57529961736591				
2025-01-09 08:00:00	4800	4.82	4.6	4.82	4.74	4.63	ILP.MI	2.76	2.76	2.63	2.71	3.29	2.58	-1.0	-1.0	1.0	0	-1.0	-1.0	1.0	-1.0	-1.0	1.0										-1.0			5.25										-1.0			3.61	0.08	0.08	-0.12	0.02	0.02	0.14	4.9	-0.12	0.0	0.0	78.53					1	-0.0	-0.0	-1.06	-0.0	-0.0	-0.18	-1.06	0.0	0.0	127.0					-0.08	-0.08	2.78	-0.02	-0.02	0.83	2.78	0.0	0.0	66.56					-0.08	-0.08	2.76	-0.02	-0.02	0.78	2.76	0.0	0.0	95.53					0.08000000000000007	0.08000000000000007	0.05999999999999961	0.016597510373444035	0.016736792355523864	-0.08159868207297871	0.05999999999999961	0.0028509374474015225	0.0028389670352431118	94.24664255625916				
2025-01-10 08:00:00	13200	4.74	4.52	4.74	4.6	4.49	ILP.MI	2.73	2.73	2.6	2.65	3.29	2.58	-1.0	-1.0	1.0	0	-1.0	-1.0	1.0	-1.0	-1.0	1.0										-1.0			5.25										-1.0			3.61	0.14	0.14	0.02	0.03	0.03	0.17	4.9	0.02	0.0	0.0	80.33					1	-0.0	-0.0	-1.06	-0.0	-0.0	-0.18	-1.06	0.0	0.0	127.0					-0.14	-0.14	2.64	-0.03	-0.03	0.77	2.64	0.0	0.0	62.57					-0.14	-0.14	2.62	-0.03	-0.03	0.73	2.62	0.0	0.0	90.08					0.14000000000000057	0.14000000000000057	0.20000000000000018	0.029535864978903037	0.0299808322119359	-0.05364733761433016	0.20000000000000018	0.003208593398673857	0.003196479367944649	102.82984725088616				
2025-01-13 08:00:00	10200	4.58	4.4	4.58	4.4	4.3	ILP.MI	2.66	2.66	2.56	2.56	3.29	2.56	-1.0	-1.0	-1.0	0	-1.0	-1.0	1.0	-1.0	-1.0	1.0										-1.0			5.25										-1.0			3.61	0.2	0.2	0.22	0.04	0.04	0.22	4.9	0.22	0.0	0.0	89.87					1	-0.0	-0.0	-1.06	-0.0	-0.0	-0.18	-1.06	0.0	0.0	127.0					-0.2	-0.2	2.44	-0.04	-0.04	0.69	2.44	0.0	0.0	50.01					-0.2	-0.2	2.42	-0.04	-0.04	0.65	2.42	0.0	0.0	75.14					0.1999999999999993	0.1999999999999993	0.39999999999999947	0.04347826086956508	0.04445176257083369	-0.010631307505890808	0.39999999999999947	0.0034646294480197405	0.003451758597620591	105.09906001431662				
2025-01-14 08:00:00	7200	4.5	4.34	4.4	4.42	4.32	ILP.MI	2.53	2.59	2.5	2.54	3.29	2.5	-1.0	-1.0	-1.0	-1	-1.0	-1.0	1.0	-1.0	-1.0	1.0		4.34								-1.0			5.25										-1.0			3.61	-0.02	-0.02	0.2	-0.0	-0.0	0.22	4.9	0.2	0.0	0.0	85.23					1	0.0	0.0	-1.06	0.0	0.0	-0.18	-1.06	0.0	0.0	127.0					0.02	0.02	2.46	0.0	0.0	0.7	2.46	0.0	0.0	50.53					0.02	0.02	2.44	0.0	0.0	0.66	2.44	0.0	0.0	75.52					-0.019999999999999574	-0.019999999999999574	0.3799999999999999	-0.004545454545454408	-0.0045351551653911425	-0.015108088919891127	0.3799999999999999	0.0033367299067313316	0.003323441198115118	100.32601606378762				
2025-01-15 08:00:00	6600	4.52	4.42	4.52	4.42	4.32	ILP.MI	2.56	2.56	2.51	2.51	3.29	2.5	-1.0	-1.0	-1.0	-1	-1.0	-1.0	1.0	-1.0	-1.0	1.0	4.52									-1.0			5.25										-1.0			3.61	-0.0	-0.0	0.2	-0.0	-0.0	0.22	4.9	0.2	0.0	0.0	85.23					1	-0.0	-0.0	-1.06	-0.0	-0.0	-0.18	-1.06	0.0	0.0	127.0					0.0	0.0	2.46	0.0	0.0	0.7	2.46	0.0	0.0	50.53					0.0	0.0	2.44	0.0	0.0	0.66	2.44	0.0	0.0	75.52					-0.0	-0.0	0.3799999999999999	-0.0	-0.0	-0.015108088919891127	0.3799999999999999	0.0033367299067313316	0.003323441198115118	100.32601606378762				
2025-01-16 08:00:00	2400	4.5	4.38	4.5	4.38	4.28	ILP.MI	2.54	2.54	2.47	2.47	3.29	2.47	-1.0	-1.0	-1.0	-1	-1.0	-1.0	1.0	-1.0	-1.0	1.0										-1.0			5.25										-1.0			3.61	0.04	0.04	0.24	0.01	0.01	0.23	4.9	0.24	0.0	0.0	81.29					1	0.04	0.04	-1.02	0.01	0.01	-0.17	-1.02	0.0	0.0	159.52					-0.04	-0.04	2.42	-0.01	-0.01	0.69	2.42	0.0	0.0	59.17					-0.04	-0.04	2.4	-0.01	-0.01	0.65	2.4	0.0	0.0	87.14					0.040000000000000036	0.040000000000000036	0.41999999999999993	0.009049773755656076	0.009090971701251963	-0.006113642243360529	0.41999999999999993	0.003670152860992669	0.0036582486007288306	122.58798851764598				
2025-01-17 08:00:00	44400	4.38	4.0	4.38	4.12	4.02	ILP.MI	2.44	2.44	2.23	2.3	3.29	2.23	-1.0	-1.0	-1.0	-1	-1.0	-1.0	1.0	-1.0	-1.0	1.0										-1.0			5.25										-1.0			3.61	0.26	0.26	0.5	0.06	0.06	0.31	4.9	0.5	0.0	0.0	94.58					1	0.26	0.26	-0.76	0.06	0.06	-0.12	-0.76	0.0	0.0	163.3					-0.26	-0.26	2.16	-0.06	-0.06	0.59	2.16	0.0	0.0	42.71					-0.26	-0.26	2.14	-0.06	-0.06	0.55	2.14	0.0	0.0	67.75					0.2599999999999998	0.2599999999999998	0.6799999999999997	0.05936073059360725	0.06119556102691968	0.05660734149856328	0.6799999999999997	0.003983373228739442	0.003970548139938579	124.98848105206402				
2025-01-20 08:00:00	55800	4.2	3.82	4.2	3.9	3.81	ILP.MI	2.35	2.35	2.14	2.18	3.29	2.14	-1.0	-1.0	-1.0	-1	-1.0	-1.0	1.0	-1.0	-1.0	1.0										-1.0			5.25		2.14								-1.0			3.61	0.22	0.22	0.72	0.05	0.05	0.38	4.9	0.72	0.0	0.0	107.04					1	0.22	0.22	-0.54	0.05	0.05	-0.07	-0.54	0.0	0.0	166.03					-0.22	-0.22	1.94	-0.05	-0.05	0.5	1.94	0.0	0.0	28.71					-0.22	-0.22	1.92	-0.05	-0.05	0.47	1.92	0.0	0.0	52.2					0.2200000000000002	0.2200000000000002	0.8999999999999999	0.05339805825242727	0.05487661022583437	0.11621083255745668	0.8999999999999999	0.004247148066144249	0.004233521039429311	126.79534676304834				
2025-01-21 08:00:00	7200	4.08	3.92	3.94	3.92	3.83	ILP.MI	2.21	2.29	2.2	2.2	3.29	2.14	-1.0	-1.0	-1.0	-1	-1.0	-1.0	1.0	-1.0	-1.0	1.0		3.92								-1.0			5.25										-1.0			3.61	-0.02	-0.02	0.7	-0.01	-0.01	0.37	4.9	0.7	0.0	0.0	102.08					1	-0.02	-0.02	-0.56	-0.01	-0.01	-0.08	-0.56	0.0	0.0	158.88					0.02	0.02	1.96	0.01	0.01	0.51	1.96	0.0	0.0	29.44					0.02	0.02	1.94	0.01	0.01	0.47	1.94	0.0	0.0	52.72					-0.020000000000000018	-0.020000000000000018	0.8799999999999999	-0.00512820512820511	-0.005115100666770409	0.11051587933012286	0.8799999999999999	0.004114293658575468	0.004100213664709695	121.46716508708309				
2025-01-22 08:00:00	4200	4.0	3.94	4.0	3.98	3.89	ILP.MI	2.25	2.25	2.22	2.24	3.29	2.14	-1.0	-1.0	-1.0	-1	-1.0	-1.0	1.0	-1.0	-1.0	1.0										-1.0			5.25										-1.0			3.61	-0.06	-0.06	0.64	-0.02	-0.02	0.35	4.9	0.64	0.0	0.0	94.42					1	-0.06	-0.06	-0.62	-0.02	-0.02	-0.09	-0.62	0.0	0.0	146.95					0.06	0.06	2.02	0.02	0.02	0.53	2.02	0.0	0.0	31.49					0.06	0.06	2.0	0.02	0.02	0.5	2.0	0.0	0.0	54.19					-0.06000000000000005	-0.06000000000000005	0.8199999999999998	-0.015306122448979664	-0.015190165493975238	0.09377443391308571	0.8199999999999998	0.003952206049357159	0.0039374356111443465	112.9622664189682				
2025-01-23 08:00:00	4200	4.16	4.04	4.04	4.16	4.06	ILP.MI	2.26	2.33	2.26	2.33	3.29	2.14	-1.0	-1.0	-1.0	-1	-1.0	-1.0	1.0	-1.0	-1.0	1.0	4.16									-1.0			5.25	2.33									-1.0			3.61	-0.18	-0.18	0.46	-0.05	-0.04	0.29	4.9	0.46	0.0	0.0	85.73					1	-0.18	-0.18	-0.8	-0.05	-0.04	-0.13	-0.8	0.0	0.0	123.1					0.18	0.18	2.2	0.05	0.04	0.6	2.2	0.0	0.0	35.71					0.18	0.18	2.18	0.05	0.04	0.56	2.18	0.0	0.0	62.96					-0.18000000000000016	-0.18000000000000016	0.6399999999999997	-0.045226130653266416	-0.04423325497682566	0.04644765552261543	0.6399999999999997	0.0036335866054276996	0.0036176256855087185	96.31355226107938				
2025-01-24 08:00:00	21600	4.1	3.82	4.1	3.86	3.77	ILP.MI	2.29	2.29	2.13	2.16	3.29	2.13	-1.0	-1.0	-1.0	-1	-1.0	-1.0	1.0	-1.0	-1.0	1.0										-1.0			5.25										-1.0			3.61	0.3	0.3	0.76	0.07	0.07	0.39	4.9	0.76	0.0	0.0	88.36					1	0.3	0.3	-0.5	0.07	0.07	-0.06	-0.5	0.0	0.0	144.51					-0.3	-0.3	1.9	-0.07	-0.07	0.49	1.9	0.0	0.0	20.0					-0.3	-0.3	1.88	-0.07	-0.07	0.45	1.88	0.0	0.0	45.56					0.30000000000000027	0.30000000000000027	0.94	0.07211538461538469	0.0748478907964325	0.12777778419017638	0.94	0.004378178392794843	0.004361385944255058	111.38338116808826				
2025-01-27 08:00:00	25200	4.08	3.74	3.9	3.86	3.77	ILP.MI	2.18	2.28	2.09	2.16	3.29	2.09	-1.0	-1.0	-1.0	-1	-1.0	-1.0	1.0	-1.0	-1.0	1.0		3.74								-1.0			5.25										-1.0			3.61	-0.0	-0.0	0.76	-0.0	-0.0	0.39	4.9	0.76	0.0	0.0	88.36					1	-0.0	-0.0	-0.5	-0.0	-0.0	-0.06	-0.5	0.0	0.0	144.51					0.0	0.0	1.9	0.0	0.0	0.49	1.9	0.0	0.0	20.0					0.0	0.0	1.88	0.0	0.0	0.45	1.88	0.0	0.0	45.56					-0.0	-0.0	0.94	-0.0	-0.0	0.12777778419017638	0.94	0.004378178392794843	0.004361385944255058	111.38338116808826				
2025-01-28 08:00:00	5400	3.9	3.9	3.9	3.9	3.81	ILP.MI	2.18	2.18	2.18	2.18	3.29	2.09	-1.0	-1.0	-1.0	-1	-1.0	-1.0	1.0	-1.0	-1.0	1.0										-1.0			5.25										-1.0			3.61	-0.04	-0.04	0.72	-0.01	-0.01	0.38	4.9	0.72	0.0	0.0	82.83					1	-0.04	-0.04	-0.54	-0.01	-0.01	-0.07	-0.54	0.0	0.0	136.09					0.04	0.04	1.94	0.01	0.01	0.5	1.94	0.0	0.0	21.34					0.04	0.04	1.92	0.01	0.01	0.47	1.92	0.0	0.0	46.46					-0.040000000000000036	-0.040000000000000036	0.8999999999999999	-0.010362694300518172	-0.010309369658861287	0.11621083255745668	0.8999999999999999	0.004219173315004104	0.0042017474253801534	105.13413997900413				
2025-01-29 08:00:00	3000	3.96	3.9	3.96	3.9	3.81	ILP.MI	2.2	2.2	2.17	2.17	3.29	2.09	-1.0	-1.0	-1.0	-1	-1.0	-1.0	1.0	-1.0	-1.0	1.0	3.96									-1.0			5.25										-1.0			3.61	-0.0	-0.0	0.72	-0.0	-0.0	0.38	4.9	0.72	0.0	0.0	82.83					1	-0.0	-0.0	-0.54	-0.0	-0.0	-0.07	-0.54	0.0	0.0	136.09					0.0	0.0	1.94	0.0	0.0	0.5	1.94	0.0	0.0	21.34					0.0	0.0	1.92	0.0	0.0	0.47	1.92	0.0	0.0	46.46					-0.0	-0.0	0.8999999999999999	-0.0	-0.0	0.11621083255745668	0.8999999999999999	0.004219173315004104	0.0042017474253801534	105.13413997900413				
2025-01-30 08:00:00	37200	3.98	3.76	3.98	3.76	3.67	ILP.MI	2.21	2.21	2.09	2.09	3.29	2.09	-1.0	-1.0	-1.0	-1	-1.0	-1.0	1.0	-1.0	-1.0	1.0										-1.0			5.25										-1.0			3.61	0.14	0.14	0.86	0.04	0.04	0.43	4.9	0.86	0.0	0.0	84.77					1	0.14	0.14	-0.4	0.04	0.04	-0.04	-0.4	0.0	0.0	138.35					-0.14	-0.14	1.8	-0.04	-0.04	0.45	1.8	0.0	0.0	14.43					-0.14	-0.14	1.78	-0.04	-0.04	0.41	1.78	0.0	0.0	38.58					0.14000000000000012	0.14000000000000012	1.04	0.03589743589743588	0.03655759573379758	0.1577718741952343	1.04	0.004478732244714066	0.004460316457288727	106.72090378385617				
2025-01-31 08:00:00	16200	3.86	3.76	3.82	3.8	3.71	ILP.MI	2.12	2.14	2.08	2.11	3.29	2.08	-1.0	-1.0	-1.0	-1	-1.0	-1.0	1.0	-1.0	-1.0	1.0										-1.0			5.25										-1.0			3.61	-0.04	-0.04	0.82	-0.01	-0.01	0.42	4.9	0.82	0.0	0.0	89.03					1	-0.04	-0.04	-0.44	-0.01	-0.01	-0.05	-0.44	0.0	0.0	128.4					0.04	0.04	1.84	0.01	0.01	0.46	1.84	0.0	0.0	21.85					0.04	0.04	1.82	0.01	0.01	0.43	1.82	0.0	0.0	46.32					-0.040000000000000036	-0.040000000000000036	1.0	-0.010638297872340496	-0.010582109330537008	0.14558480183528433	1.0	0.004110278556290382	0.004092006701574835	99.36546435062219				
2025-02-03 08:00:00	33000	3.8	3.68	3.8	3.74	3.65	ILP.MI	2.12	2.12	2.05	2.09	3.29	2.05	-1.0	-1.0	-1.0	-1	-1.0	-1.0	1.0	-1.0	-1.0	1.0		3.68		3.68						-1.0			5.25		2.05		2.05		2.05		2.05		-1.0	2.05		3.61	0.06	0.06	0.88	0.02	0.02	0.44	4.9	0.88	0.0	0.0	89.82					1	0.06	0.06	-0.38	0.02	0.02	-0.03	-0.38	0.0	0.0	129.43					-0.06	-0.06	1.78	-0.02	-0.02	0.44	1.78	0.0	0.0	17.06					-0.06	-0.06	1.76	-0.02	-0.02	0.41	1.76	0.0	0.0	41.17					0.05999999999999961	0.05999999999999961	1.0599999999999996	0.015789473684210464	0.015915455305899457	0.1639631676401283	1.0599999999999996	0.004221686743431678	0.004202972748793776	100.08462975904415				
2025-02-04 08:00:00	13800	4.04	3.74	3.74	4.02	3.93	ILP.MI	2.06	2.22	2.06	2.21	3.29	2.05	-1.0	-1.0	-1.0	-1	-1.0	-1.0	1.0	-1.0	-1.0	1.0										-1.0			5.25										-1.0			3.61	-0.28	-0.28	0.6	-0.07	-0.07	0.34	4.82	0.6	0.0	0.0	68.59					1	-0.28	-0.28	-0.66	-0.07	-0.07	-0.1	-0.66	0.0	0.0	123.76					0.28	0.28	2.06	0.07	0.07	0.55	2.06	0.0	0.0	18.89					0.28	0.28	2.04	0.07	0.07	0.51	2.04	0.0	0.0	42.43					-0.27999999999999936	-0.27999999999999936	0.7800000000000002	-0.07486631016042766	-0.07219629120448899	0.08289110621245799	0.7800000000000002	0.004176573111338058	0.004157433651980291	96.19341175754666				
2025-02-05 08:00:00	10800	4.12	4.02	4.04	4.12	4.02	ILP.MI	2.23	2.28	2.22	2.28	3.24	2.05	-1.0	-1.0	-1.0	-1	-1.0	-1.0	1.0	-1.0	-1.0	1.0										-1.0			5.25										-1.0			3.61	-0.1	-0.1	0.5	-0.02	-0.02	0.31	4.82	0.5	0.0	0.0	61.32					1	-0.1	-0.1	-0.76	-0.02	-0.02	-0.12	-0.76	0.0	0.0	111.6					0.1	0.1	2.16	0.02	0.02	0.59	2.16	0.0	0.0	21.67					0.1	0.1	2.14	0.02	0.02	0.55	2.14	0.0	0.0	44.37					-0.10000000000000053	-0.10000000000000053	0.6799999999999997	-0.024875621890547484	-0.024571260730505542	0.05660734149856306	0.6799999999999997	0.003965352810241412	0.0039451401633237015	87.26524276310505				
2025-02-06 08:00:00	4800	4.2	4.1	4.1	4.2	4.1	ILP.MI	2.23	2.29	2.23	2.29	3.24	2.05	-1.0	-1.0	-1.0	-1	-1.0	-1.0	1.0	-1.0	-1.0	1.0	4.2									-1.0			5.25	2.29									-1.0			3.61	-0.08	-0.08	0.42	-0.02	-0.02	0.28	4.74	0.42	0.0	0.0	66.25					1	-0.08	-0.08	-0.84	-0.02	-0.02	-0.14	-0.84	0.0	0.0	102.05					0.08	0.08	2.24	0.02	0.02	0.62	2.24	0.0	0.0	31.7					0.08	0.08	2.22	0.02	0.02	0.58	2.22	0.0	0.0	55.3					-0.08000000000000007	-0.08000000000000007	0.5999999999999996	-0.01941747572815533	-0.019231361927887592	0.03648148737478096	0.5999999999999996	0.003443970708683874	0.0034242369882826473	77.71813846976414				
2025-02-07 08:00:00	4200	4.2	4.1	4.2	4.14	4.04	ILP.MI	2.29	2.29	2.24	2.26	3.24	2.05	-1.0	-1.0	-1.0	-1	-1.0	-1.0	1.0	-1.0	-1.0	1.0										-1.0			5.25										-1.0			3.61	0.06	0.06	0.48	0.01	0.01	0.3	4.58	0.48	0.0	0.0	67.1					1	0.06	0.06	-0.78	0.01	0.01	-0.13	-0.78	0.0	0.0	103.0					-0.06	-0.06	2.18	-0.01	-0.01	0.59	2.18	0.0	0.0	27.09					-0.06	-0.06	2.16	-0.01	-0.01	0.56	2.16	0.0	0.0	50.25					0.0600000000000005	0.0600000000000005	0.6600000000000001	0.014285714285714457	0.01438873745209978	0.051502958206299576	0.6600000000000001	0.0035418141233581535	0.0035216577951626693	78.46999041083231				
2025-02-10 08:00:00	600	4.14	4.14	4.14	4.14	4.04	ILP.MI	2.25	2.25	2.25	2.25	3.24	2.05	-1.0	-1.0	-1.0	-1	-1.0	-1.0	1.0	-1.0	-1.0	1.0		4.14								-1.0			5.25		2.25								-1.0			3.61	-0.0	-0.0	0.48	-0.0	-0.0	0.3	4.52	0.48	0.0	0.0	67.1					1	-0.0	-0.0	-0.78	-0.0	-0.0	-0.13	-0.78	0.0	0.0	103.0					0.0	0.0	2.18	0.0	0.0	0.59	2.18	0.0	0.0	27.09					0.0	0.0	2.16	0.0	0.0	0.56	2.16	0.0	0.0	50.25					-0.0	-0.0	0.6600000000000001	-0.0	-0.0	0.051502958206299576	0.6600000000000001	0.0035418141233581535	0.0035216577951626693	78.46999041083231				
2025-02-11 08:00:00	600	4.22	4.22	4.22	4.22	4.12	ILP.MI	2.27	2.27	2.27	2.27	3.24	2.05	-1.0	-1.0	-1.0	-1	-1.0	-1.0	1.0	-1.0	-1.0	1.0										-1.0			5.25										-1.0			3.61	-0.08	-0.08	0.4	-0.02	-0.02	0.28	4.52	0.4	0.0	0.0	57.77					1	-0.08	-0.08	-0.86	-0.02	-0.02	-0.14	-0.86	0.0	0.0	94.1					0.08	0.08	2.26	0.02	0.02	0.62	2.26	0.0	0.0	24.08					0.08	0.08	2.24	0.02	0.02	0.59	2.24	0.0	0.0	48.14					-0.08000000000000007	-0.08000000000000007	0.5800000000000001	-0.019323671497584627	-0.019139340210697506	0.031569252837459816	0.5800000000000001	0.00363225539914659	0.0036129304188712297	84.66060683089151				
2025-02-12 08:00:00	2400	4.28	4.22	4.24	4.28	4.18	ILP.MI	2.28	2.3	2.27	2.3	3.18	2.05	-1.0	-1.0	-1.0	-1	-1.0	-1.0	1.0	-1.0	-1.0	1.0	4.28		4.28							-1.0			5.25	2.3		2.3							-1.0			3.61	-0.06	-0.06	0.34	-0.01	-0.01	0.26	4.5	0.34	0.0	0.0	52.45					1	-0.06	-0.06	-0.92	-0.01	-0.01	-0.16	-0.92	0.0	0.0	86.99					0.06	0.06	2.32	0.01	0.01	0.65	2.32	0.0	0.0	25.62					0.06	0.06	2.3	0.01	0.01	0.61	2.3	0.0	0.0	49.22					-0.0600000000000005	-0.0600000000000005	0.5199999999999996	-0.014218009478673022	-0.014117881545785022	0.017108001629458025	0.5199999999999996	0.003452364374960219	0.003432309746847162	78.42941570732847				
2025-02-13 08:00:00	4800	4.32	4.18	4.28	4.22	4.12	ILP.MI	2.28	2.3	2.23	2.25	3.14	2.05	-1.0	-1.0	-1.0	-1	-1.0	-1.0	1.0	-1.0	-1.0	1.0										-1.0			5.25										-1.0			3.61	0.06	0.06	0.4	0.01	0.01	0.28	4.38	0.4	0.0	0.0	57.9					1	0.06	0.06	-0.86	0.01	0.01	-0.14	-0.86	0.0	0.0	87.95					-0.06	-0.06	2.26	-0.01	-0.01	0.62	2.26	0.0	0.0	25.11					-0.06	-0.06	2.24	-0.01	-0.01	0.59	2.24	0.0	0.0	48.54					0.0600000000000005	0.0600000000000005	0.5800000000000001	0.014018691588785215	0.014117881545785157	0.031569252837459816	0.5800000000000001	0.0034846281504794774	0.003464430320706313	78.68263043001939				
2025-02-14 08:00:00	3000	4.32	4.18	4.32	4.18	4.08	ILP.MI	2.3	2.3	2.22	2.22	3.14	2.05	-1.0	-1.0	-1.0	0	-1.0	-1.0	1.0	-1.0	-1.0	1.0										-1.0			5.25										-1.0			3.61	0.04	0.04	0.44	0.01	0.01	0.29	4.32	0.44	0.0	0.0	66.51					1	0.04	0.04	-0.82	0.01	0.01	-0.14	-0.82	0.0	0.0	88.57					-0.04	-0.04	2.22	-0.01	-0.01	0.61	2.22	0.0	0.0	27.17					-0.04	-0.04	2.2	-0.01	-0.01	0.57	2.2	0.0	0.0	51.26					0.040000000000000036	0.040000000000000036	0.6200000000000001	0.009478672985781977	0.009523881511255479	0.04144072894116757	0.6200000000000001	0.0033579039899573142	0.0033382657090232914	77.66998873917154				
2025-02-17 08:00:00	3000	4.24	4.18	4.2	4.2	4.1	ILP.MI	2.21	2.24	2.2	2.21	3.14	2.05	-1.0	-1.0	-1.0	0	-1.0	-1.0	1.0	-1.0	-1.0	1.0										-1.0			5.25										-1.0			3.61	-0.02	-0.02	0.42	-0.0	-0.0	0.28	4.32	0.42	0.0	0.0	62.61					1	0.0	0.0	-0.82	0.0	0.0	-0.14	-0.82	0.0	0.0	88.57					0.02	0.02	2.24	0.0	0.0	0.62	2.24	0.0	0.0	27.67					0.02	0.02	2.22	0.0	0.0	0.58	2.22	0.0	0.0	51.61					-0.020000000000000462	-0.020000000000000462	0.5999999999999996	-0.004784688995215447	-0.004773278752657812	0.03648148737478096	0.5999999999999996	0.0032083708954509997	0.0031882968714707083	73.58104378303526				
2025-02-18 08:00:00	1800	4.22	4.14	4.14	4.22	4.12	ILP.MI	2.17	2.21	2.17	2.21	3.14	2.05	-1.0	-1.0	-1.0	0	-1.0	-1.0	1.0	-1.0	-1.0	1.0		4.14								-1.0			5.25		2.17								-1.0			3.61	-0.02	-0.02	0.4	-0.0	-0.0	0.28	4.32	0.4	0.0	0.0	58.12					1	0.0	0.0	-0.82	0.0	0.0	-0.14	-0.82	0.0	0.0	94.42					0.02	0.02	2.26	0.0	0.0	0.62	2.26	0.0	0.0	27.16					0.02	0.02	2.24	0.0	0.0	0.59	2.24	0.0	0.0	56.39					-0.019999999999999574	-0.019999999999999574	0.5800000000000001	-0.004761904761904745	-0.004750602758597799	0.031569252837459816	0.5800000000000001	0.003224754979526679	0.003204825842566761	74.59628504181987				
2025-02-19 08:00:00	1800	4.24	4.22	4.24	4.22	4.12	ILP.MI	2.23	2.23	2.22	2.22	3.11	2.05	-1.0	-1.0	-1.0	0	-1.0	-1.0	1.0	-1.0	-1.0	1.0	4.24									-1.0			5.25										-1.0			3.61	-0.0	-0.0	0.4	-0.0	-0.0	0.28	4.32	0.4	0.0	0.0	58.12					1	0.0	0.0	-0.82	0.0	0.0	-0.14	-0.82	0.0	0.0	94.42					0.0	0.0	2.26	0.0	0.0	0.62	2.26	0.0	0.0	27.16					0.0	0.0	2.24	0.0	0.0	0.59	2.24	0.0	0.0	56.39					-0.0	-0.0	0.5800000000000001	-0.0	-0.0	0.031569252837459816	0.5800000000000001	0.003224754979526679	0.003204825842566761	74.59628504181987				
2025-02-20 08:00:00	2400	4.22	4.18	4.22	4.18	4.08	ILP.MI	2.23	2.23	2.21	2.21	3.11	2.05	-1.0	-1.0	-1.0	0	-1.0	-1.0	1.0	-1.0	-1.0	1.0		4.18								-1.0			5.25										-1.0			3.61	0.04	0.04	0.44	0.01	0.01	0.29	4.32	0.44	0.0	0.0	69.11					1	-0.0	-0.0	-0.82	-0.0	-0.0	-0.14	-0.82	0.0	0.0	91.84					-0.04	-0.04	2.22	-0.01	-0.01	0.61	2.22	0.0	0.0	30.55					-0.04	-0.04	2.2	-0.01	-0.01	0.57	2.2	0.0	0.0	48.97					0.040000000000000036	0.040000000000000036	0.6200000000000001	0.009478672985781977	0.009523881511255479	0.04144072894116757	0.6200000000000001	0.0030312696976136236	0.0030122050206302653	72.87467699238127				
2025-02-21 08:00:00	600	4.28	4.28	4.28	4.28	4.18	ILP.MI	2.25	2.25	2.25	2.25	3.11	2.05	-1.0	-1.0	-1.0	0	-1.0	-1.0	1.0	-1.0	-1.0	1.0	4.28									-1.0			5.25	2.25									-1.0			3.61	-0.1	-0.1	0.34	-0.02	-0.02	0.26	4.32	0.34	0.0	0.0	60.82					1	0.0	0.0	-0.82	0.0	0.0	-0.14	-0.82	0.0	0.0	98.03					0.1	0.1	2.32	0.02	0.02	0.65	2.32	0.0	0.0	31.98					0.1	0.1	2.3	0.02	0.02	0.61	2.3	0.0	0.0	55.35					-0.10000000000000053	-0.10000000000000053	0.5199999999999996	-0.02392344497607679	-0.02364176305704071	0.017108001629457803	0.5199999999999996	0.0029843855111259246	0.0029649139036811434	70.01512841067463				
2025-02-24 08:00:00	0	4.28	4.28	4.28	4.28	4.18	ILP.MI	2.25	2.25	2.25	2.25	3.11	2.05	-1.0	-1.0	-1.0	0	-1.0	-1.0	1.0	-1.0	-1.0	1.0										-1.0			5.25										-1.0			3.61	-0.0	-0.0	0.34	-0.0	-0.0	0.26	4.32	0.34	0.0	0.0	60.82					1	0.0	0.0	-0.82	0.0	0.0	-0.14	-0.82	0.0	0.0	98.03					0.0	0.0	2.32	0.0	0.0	0.65	2.32	0.0	0.0	31.98					0.0	0.0	2.3	0.0	0.0	0.61	2.3	0.0	0.0	55.35					-0.0	-0.0	0.5199999999999996	-0.0	-0.0	0.017108001629457803	0.5199999999999996	0.0029843855111259246	0.0029649139036811434	70.01512841067463				
2025-02-25 08:00:00	600	4.22	4.22	4.22	4.22	4.12	ILP.MI	2.2	2.2	2.2	2.2	3.11	2.05	-1.0	-1.0	-1.0	0	-1.0	-1.0	1.0	-1.0	-1.0	1.0		4.22								-1.0			5.25		2.2								-1.0			3.61	0.06	0.06	0.4	0.01	0.01	0.28	4.32	0.4	0.0	0.0	71.92					1	-0.0	-0.0	-0.82	-0.0	-0.0	-0.14	-0.82	0.0	0.0	95.44					-0.06	-0.06	2.26	-0.01	-0.01	0.62	2.26	0.0	0.0	34.69					-0.06	-0.06	2.24	-0.01	-0.01	0.59	2.24	0.0	0.0	47.31					0.0600000000000005	0.0600000000000005	0.5800000000000001	0.014018691588785215	0.014117881545785157	0.031569252837459594	0.5800000000000001	0.002840412268436089	0.0028215783015863583	68.64367238612596				
2025-02-26 08:00:00	3000	4.3	4.28	4.28	4.3	4.2	ILP.MI	2.21	2.22	2.21	2.22	3.11	2.05	-1.0	-1.0	-1.0	0	-1.0	-1.0	1.0	-1.0	-1.0	1.0										-1.0			5.25										-1.0			3.61	-0.08	-0.08	0.32	-0.02	-0.02	0.25	4.32	0.32	0.0	0.0	65.0					1	0.0	0.0	-0.82	0.0	0.0	-0.14	-0.82	0.0	0.0	95.44					0.08	0.08	2.34	0.02	0.02	0.66	2.34	0.0	0.0	36.52					0.08	0.08	2.32	0.02	0.02	0.62	2.32	0.0	0.0	48.87					-0.08000000000000007	-0.08000000000000007	0.5	-0.018957345971563955	-0.018779894651596275	0.012377266738158088	0.5	0.0026451173086458387	0.0026254644371457303	61.88884675886802				
2025-02-27 08:00:00	9000	4.4	4.26	4.3	4.26	4.16	ILP.MI	2.25	2.3	2.23	2.23	3.06	2.05	-1.0	-1.0	-1.0	0	-1.0	-1.0	1.0	-1.0	-1.0	1.0										-1.0			5.25										-1.0			3.61	0.04	0.04	0.36	0.01	0.01	0.26	4.4	0.36	0.0	0.0	63.22					1	-0.0	-0.0	-0.82	-0.0	-0.0	-0.14	-0.82	0.0	0.0	109.99					-0.04	-0.04	2.3	-0.01	-0.01	0.64	2.3	0.0	0.0	28.55					-0.04	-0.04	2.28	-0.01	-0.01	0.6	2.28	0.0	0.0	52.9					0.040000000000000036	0.040000000000000036	0.54	0.009302325581395321	0.009345862418237658	0.02188315656668549	0.54	0.002960412149949646	0.00294180699164337	72.81968896185029				
2025-02-28 08:00:00	2400	4.34	4.32	4.32	4.34	4.24	ILP.MI	2.26	2.27	2.26	2.27	3.06	2.05	-1.0	-1.0	-1.0	0	-1.0	-1.0	1.0	-1.0	-1.0	1.0										-1.0			5.25	2.27									-1.0			3.61	-0.08	-0.08	0.28	-0.02	-0.02	0.24	4.4	0.28	0.0	0.0	63.45					1	0.0	0.0	-0.82	0.0	0.0	-0.14	-0.82	0.0	0.0	108.48					0.08	0.08	2.38	0.02	0.02	0.67	2.38	0.0	0.0	36.19					0.08	0.08	2.36	0.02	0.02	0.63	2.36	0.0	0.0	52.8					-0.08000000000000007	-0.08000000000000007	0.45999999999999996	-0.018779342723004744	-0.018605187831034486	0.0030466006852718497	0.45999999999999996	0.002637792211821817	0.002618962294319793	64.51629620505915				
2025-03-03 08:00:00	9000	4.4	4.3	4.4	4.38	4.28	ILP.MI	2.28	2.28	2.22	2.27	3.06	2.05	-1.0	-1.0	-1.0	0	-1.0	-1.0	1.0	-1.0	-1.0	1.0	4.4									-1.0			5.25		2.22								-1.0			3.61	-0.04	-0.04	0.24	-0.01	-0.01	0.23	4.4	0.24	0.0	0.0	57.11					1	0.0	0.0	-0.82	0.0	0.0	-0.14	-0.82	0.0	0.0	119.16					0.04	0.04	2.42	0.01	0.01	0.69	2.42	0.0	0.0	35.1					0.04	0.04	2.4	0.01	0.01	0.65	2.4	0.0	0.0	59.89					-0.040000000000000036	-0.040000000000000036	0.41999999999999993	-0.009216589861751112	-0.00917437627604123	-0.006113642243360751	0.41999999999999993	0.0026749910903923015	0.0026564720592652247	66.66361535240787				
2025-03-04 08:00:00	1200	4.26	4.24	4.24	4.26	4.16	ILP.MI	2.27	2.28	2.27	2.28	3.03	2.05	-1.0	-1.0	-1.0	0	-1.0	-1.0	1.0	-1.0	-1.0	1.0		4.24								-1.0			5.25										-1.0			3.61	0.12	0.12	0.36	0.03	0.03	0.26	4.4	0.36	0.0	0.0	59.13					1	-0.0	-0.0	-0.82	-0.0	-0.0	-0.14	-0.82	0.0	0.0	119.16					-0.12	-0.12	2.3	-0.03	-0.03	0.64	2.3	0.0	0.0	28.46					-0.12	-0.12	2.28	-0.03	-0.03	0.6	2.28	0.0	0.0	52.29					0.1200000000000001	0.1200000000000001	0.54	0.0273972602739726	0.027779564107075706	0.02188315656668549	0.54	0.002855558257088293	0.002836226521192531	68.49885666821035				
2025-03-05 08:00:00	2400	4.34	4.32	4.32	4.34	4.24	ILP.MI	2.27	2.28	2.27	2.28	3.03	2.05	-1.0	-1.0	-1.0	0	-1.0	-1.0	1.0	-1.0	-1.0	1.0										-1.0			5.25	2.28									-1.0			3.61	-0.08	-0.08	0.28	-0.02	-0.02	0.24	4.4	0.28	0.0	0.0	57.52					1	0.0	0.0	-0.82	0.0	0.0	-0.14	-0.82	0.0	0.0	118.4					0.08	0.08	2.38	0.02	0.02	0.67	2.38	0.0	0.0	34.68					0.08	0.08	2.36	0.02	0.02	0.63	2.36	0.0	0.0	52.96					-0.08000000000000007	-0.08000000000000007	0.45999999999999996	-0.018779342723004744	-0.018605187831034486	0.0030466006852718497	0.45999999999999996	0.0025951447930050754	0.0025753008327003	61.067941638278306				
2025-03-06 08:00:00	5400	4.4	4.34	4.34	4.4	4.3	ILP.MI	2.26	2.29	2.26	2.29	3.03	2.05	-1.0	-1.0	-1.0	0	-1.0	-1.0	1.0	-1.0	-1.0	1.0	4.4									-1.0			5.25										-1.0			3.61	-0.06	-0.06	0.22	-0.01	-0.01	0.22	4.4	0.22	0.0	0.0	51.34					1	0.0	0.0	-0.82	0.0	0.0	-0.14	-0.82	0.0	0.0	126.04					0.06	0.06	2.44	0.01	0.01	0.69	2.44	0.0	0.0	35.06					0.06	0.06	2.42	0.01	0.01	0.65	2.42	0.0	0.0	58.57					-0.0600000000000005	-0.0600000000000005	0.39999999999999947	-0.01382488479262678	-0.013730192811902037	-0.01063130750589103	0.39999999999999947	0.00258118436607707	0.002561222551539677	60.336380857176046				
2025-03-07 08:00:00	600	4.26	4.26	4.26	4.26	4.16	ILP.MI	2.23	2.23	2.23	2.23	3.03	2.05	-1.0	-1.0	-1.0	0	-1.0	-1.0	1.0	-1.0	-1.0	1.0		4.26								-1.0			5.25		2.23								-1.0			3.61	0.14	0.14	0.36	0.03	0.03	0.26	4.4	0.36	0.0	0.0	60.16					1	-0.0	-0.0	-0.82	-0.0	-0.0	-0.14	-0.82	0.0	0.0	124.49					-0.14	-0.14	2.3	-0.03	-0.03	0.64	2.3	0.0	0.0	33.52					-0.14	-0.14	2.28	-0.03	-0.03	0.6	2.28	0.0	0.0	49.15					0.14000000000000057	0.14000000000000057	0.54	0.03181818181818197	0.032335380642936576	0.02188315656668549	0.54	0.0026613939874963154	0.0026410514324275436	61.164159621779234				
2025-03-10 08:00:00	7800	4.34	4.26	4.3	4.26	4.16	ILP.MI	2.27	2.29	2.25	2.25	3.03	2.05	-1.0	-1.0	-1.0	0	-1.0	-1.0	1.0	-1.0	-1.0	1.0	4.34									-1.0			5.25										-1.0			3.61	-0.0	-0.0	0.36	-0.0	-0.0	0.26	4.4	0.36	0.0	0.0	60.16					1	0.0	0.0	-0.82	0.0	0.0	-0.14	-0.82	0.0	0.0	124.49					0.0	0.0	2.3	0.0	0.0	0.64	2.3	0.0	0.0	33.52					0.0	0.0	2.28	0.0	0.0	0.6	2.28	0.0	0.0	49.15					-0.0	-0.0	0.54	-0.0	-0.0	0.02188315656668549	0.54	0.0026613939874963154	0.0026410514324275436	61.164159621779234				
2025-03-11 08:00:00	1800	4.3	4.18	4.3	4.18	4.08	ILP.MI	2.31	2.31	2.24	2.24	3.03	2.05	-1.0	-1.0	1.0	0	-1.0	-1.0	1.0	-1.0	-1.0	1.0		4.18		4.18						-1.0			5.25										-1.0			3.61	0.08	0.08	0.44	0.02	0.02	0.29	4.4	0.44	0.0	0.0	61.37					1	-0.0	-0.0	-0.82	-0.0	-0.0	-0.14	-0.82	0.0	0.0	124.49					-0.08	-0.08	2.22	-0.02	-0.02	0.61	2.22	0.0	0.0	28.26					-0.08	-0.08	2.2	-0.02	-0.02	0.57	2.2	0.0	0.0	43.52					0.08000000000000007	0.08000000000000007	0.6200000000000001	0.018779342723004744	0.01895791374461416	0.04144072894116757	0.6200000000000001	0.0027827246354618458	0.0027617993519761797	62.36467162907542				
2025-03-12 08:00:00	3600	4.32	4.22	4.22	4.32	4.22	ILP.MI	2.23	2.28	2.23	2.28	3.03	2.05	-1.0	-1.0	1.0	0	-1.0	-1.0	1.0	-1.0	-1.0	1.0										-1.0			5.25										-1.0			3.61	-0.14	-0.14	0.3	-0.03	-0.03	0.25	4.4	0.3	0.0	0.0	52.68					1	0.0	0.0	-0.82	0.0	0.0	-0.14	-0.82	0.0	0.0	124.49					0.14	0.14	2.36	0.03	0.03	0.66	2.36	0.0	0.0	31.37					0.14	0.14	2.34	0.03	0.03	0.62	2.34	0.0	0.0	46.02					-0.14000000000000057	-0.14000000000000057	0.47999999999999954	-0.03349282296650724	-0.03294415571935406	0.00769033494770377	0.47999999999999954	0.002526039023159187	0.0025038180408911703	53.590923782835866				
2025-03-13 08:00:00	0	4.32	4.32	4.32	4.32	4.22	ILP.MI	2.3	2.3	2.3	2.3	3.02	2.05	-1.0	-1.0	1.0	0	-1.0	-1.0	1.0	-1.0	-1.0	1.0	4.32									-1.0			5.25	2.3									-1.0			3.61	-0.0	-0.0	0.3	-0.0	-0.0	0.25	4.4	0.3	0.0	0.0	50.7					1	0.0	0.0	-0.82	0.0	0.0	-0.14	-0.82	0.0	0.0	140.84					0.0	0.0	2.36	0.0	0.0	0.66	2.36	0.0	0.0	28.6					0.0	0.0	2.34	0.0	0.0	0.62	2.34	0.0	0.0	53.13					-0.0	-0.0	0.47999999999999954	-0.0	-0.0	0.00769033494770377	0.47999999999999954	0.002770537362941731	0.0027495064480169695	61.73392023643835				
2025-03-14 08:00:00	3000	4.32	4.26	4.26	4.3	4.2	ILP.MI	2.23	2.26	2.23	2.25	3.02	2.05	-1.0	-1.0	1.0	0	-1.0	-1.0	1.0	-1.0	-1.0	1.0		4.26								-1.0			5.25		2.23								-1.0			3.61	0.02	0.02	0.32	0.0	0.0	0.25	4.4	0.32	0.0	0.0	51.02					1	-0.0	-0.0	-0.82	-0.0	-0.0	-0.14	-0.82	0.0	0.0	140.84					-0.02	-0.02	2.34	-0.0	-0.0	0.66	2.34	0.0	0.0	25.07					-0.02	-0.02	2.32	-0.0	-0.0	0.62	2.32	0.0	0.0	49.5					0.020000000000000462	0.020000000000000462	0.5	0.004629629629629761	0.004640379556502336	0.01237726673815831	0.5	0.002800235792103345	0.002779060632900787	62.018745537728094				
2025-03-17 08:00:00	7800	4.44	4.24	4.3	4.44	4.34	ILP.MI	2.23	2.3	2.2	2.3	3.02	2.05	-1.0	-1.0	1.0	0	-1.0	-1.0	1.0	-1.0	-1.0	1.0										-1.0			5.25	2.3									-1.0			3.61	-0.14	-0.14	0.18	-0.03	-0.03	0.21	4.44	0.18	0.0	0.0	51.27					1	0.0	0.0	-0.82	0.0	0.0	-0.14	-0.82	0.0	0.0	138.06					0.14	0.14	2.48	0.03	0.03	0.71	2.48	0.0	0.0	34.99					0.14	0.14	2.46	0.03	0.03	0.67	2.46	0.0	0.0	49.39					-0.14000000000000057	-0.14000000000000057	0.35999999999999943	-0.032558139534883956	-0.032039353744616875	-0.019544538969801906	0.35999999999999943	0.002334624384877559	0.0023132432872332576	51.27431400796087				
2025-03-18 08:00:00	0	4.44	4.44	4.44	4.44	4.34	ILP.MI	2.27	2.27	2.27	2.27	3.02	2.05	-1.0	-1.0	1.0	0	-1.0	-1.0	1.0	-1.0	-1.0	1.0	4.44		4.44							-1.0			5.25										-1.0			3.61	-0.0	-0.0	0.18	-0.0	-0.0	0.21	4.44	0.18	0.0	0.0	51.27					1	0.0	0.0	-0.82	0.0	0.0	-0.14	-0.82	0.0	0.0	138.06					0.0	0.0	2.48	0.0	0.0	0.71	2.48	0.0	0.0	34.99					0.0	0.0	2.46	0.0	0.0	0.67	2.46	0.0	0.0	49.39					-0.0	-0.0	0.35999999999999943	-0.0	-0.0	-0.019544538969801906	0.35999999999999943	0.002334624384877559	0.0023132432872332576	51.27431400796087				
2025-03-19 08:00:00	0	4.44	4.44	4.44	4.44	4.34	ILP.MI	2.26	2.26	2.26	2.26	3.02	2.05	-1.0	-1.0	1.0	0	-1.0	-1.0	1.0	-1.0	-1.0	1.0										-1.0			5.25										-1.0			3.61	-0.0	-0.0	0.18	-0.0	-0.0	0.21	4.44	0.18	0.0	0.0	56.63					1	0.0	0.0	-0.82	0.0	0.0	-0.14	-0.82	0.0	0.0	148.92					0.0	0.0	2.48	0.0	0.0	0.71	2.48	0.0	0.0	33.73					0.0	0.0	2.46	0.0	0.0	0.67	2.46	0.0	0.0	54.43					-0.0	-0.0	0.35999999999999943	-0.0	-0.0	-0.019544538969801906	0.35999999999999943	0.0025203165154351363	0.0024996170737245915	56.627841716818274				
2025-03-20 08:00:00	2400	4.38	4.38	4.38	4.38	4.28	ILP.MI	2.26	2.26	2.26	2.26	3.02	2.05	-1.0	-1.0	1.0	0	-1.0	-1.0	1.0	-1.0	-1.0	1.0										-1.0			5.25										-1.0			3.61	0.06	0.06	0.24	0.01	0.01	0.23	4.44	0.24	0.0	0.0	57.52					1	-0.0	-0.0	-0.82	-0.0	-0.0	-0.14	-0.82	0.0	0.0	148.92					-0.06	-0.06	2.42	-0.01	-0.01	0.69	2.42	0.0	0.0	29.11					-0.06	-0.06	2.4	-0.01	-0.01	0.65	2.4	0.0	0.0	49.44					0.0600000000000005	0.0600000000000005	0.41999999999999993	0.013513513513513598	0.013605652055778709	-0.006113642243360751	0.41999999999999993	0.002607392688592121	0.002586272214855967	57.51899459538632				
2025-03-21 08:00:00	2400	4.36	4.34	4.36	4.34	4.24	ILP.MI	2.26	2.26	2.25	2.25	3.02	2.05	-1.0	-1.0	1.0	0	-1.0	-1.0	1.0	-1.0	-1.0	1.0										-1.0			5.25										-1.0			3.61	0.04	0.04	0.28	0.01	0.01	0.24	4.44	0.28	0.0	0.0	62.85					1	-0.0	-0.0	-0.82	-0.0	-0.0	-0.14	-0.82	0.0	0.0	158.29					-0.04	-0.04	2.38	-0.01	-0.01	0.67	2.38	0.0	0.0	24.1					-0.04	-0.04	2.36	-0.01	-0.01	0.63	2.36	0.0	0.0	49.54					0.040000000000000036	0.040000000000000036	0.45999999999999996	0.0091324200913242	0.00917437627604127	0.0030466006852718497	0.45999999999999996	0.002836915964372469	0.0028160832557801996	62.846166806330324				
2025-03-24 08:00:00	0	4.34	4.34	4.34	4.34	4.24	ILP.MI	2.25	2.25	2.25	2.25	3.02	2.05	-1.0	-1.0	1.0	0	-1.0	-1.0	1.0	-1.0	-1.0	1.0										-1.0			5.25										-1.0			3.61	-0.0	-0.0	0.28	-0.0	-0.0	0.24	4.44	0.28	0.0	0.0	62.85					1	0.0	0.0	-0.82	0.0	0.0	-0.14	-0.82	0.0	0.0	158.29					0.0	0.0	2.38	0.0	0.0	0.67	2.38	0.0	0.0	24.1					0.0	0.0	2.36	0.0	0.0	0.63	2.36	0.0	0.0	49.54					-0.0	-0.0	0.45999999999999996	-0.0	-0.0	0.0030466006852718497	0.45999999999999996	0.002836915964372469	0.0028160832557801996	62.846166806330324				
2025-03-25 08:00:00	6000	4.28	4.2	4.26	4.28	4.18	ILP.MI	2.19	2.2	2.16	2.2	3.02	2.05	-1.0	-1.0	-1.0	0	-1.0	-1.0	1.0	-1.0	-1.0	1.0		4.2								-1.0			5.25		2.16		2.16						-1.0			3.61	0.06	0.06	0.34	0.01	0.01	0.26	4.44	0.34	0.0	0.0	63.68					1	-0.0	-0.0	-0.82	-0.0	-0.0	-0.14	-0.82	0.0	0.0	158.29					-0.06	-0.06	2.32	-0.01	-0.01	0.65	2.32	0.0	0.0	19.6					-0.06	-0.06	2.3	-0.01	-0.01	0.61	2.3	0.0	0.0	44.63					0.05999999999999961	0.05999999999999961	0.5199999999999996	0.013824884792626668	0.013921338518608007	0.017108001629457803	0.5199999999999996	0.0029274046647434215	0.002906142496926778	63.68025751334784				
2025-03-26 08:00:00	1800	4.28	4.24	4.24	4.28	4.18	ILP.MI	2.19	2.21	2.19	2.21	3.02	2.05	-1.0	-1.0	-1.0	0	-1.0	-1.0	1.0	-1.0	-1.0	1.0										-1.0			5.25										-1.0			3.61	-0.0	-0.0	0.34	-0.0	-0.0	0.26	4.44	0.34	0.0	0.0	62.48					1	0.0	0.0	-0.82	0.0	0.0	-0.14	-0.82	0.0	0.0	156.63					0.0	0.0	2.32	0.0	0.0	0.65	2.32	0.0	0.0	24.76					0.0	0.0	2.3	0.0	0.0	0.61	2.3	0.0	0.0	43.1					-0.0	-0.0	0.5199999999999996	-0.0	-0.0	0.017108001629457803	0.5199999999999996	0.002798687587318254	0.0027780350019659394	62.48450664991223				
2025-03-27 08:00:00	5400	4.4	4.34	4.34	4.38	4.28	ILP.MI	2.24	2.27	2.24	2.26	3.02	2.05	-1.0	-1.0	-1.0	0	-1.0	-1.0	1.0	-1.0	-1.0	1.0	4.4									-1.0			5.25										-1.0			3.61	-0.1	-0.1	0.24	-0.02	-0.02	0.23	4.44	0.24	0.0	0.0	55.47					1	0.0	0.0	-0.82	0.0	0.0	-0.14	-0.82	0.0	0.0	156.63					0.1	0.1	2.42	0.02	0.02	0.69	2.42	0.0	0.0	27.02					0.1	0.1	2.4	0.02	0.02	0.65	2.4	0.0	0.0	44.88					-0.09999999999999964	-0.09999999999999964	0.41999999999999993	-0.023364485981308247	-0.023095714794649176	-0.00611364224336064	0.41999999999999993	0.002580792142516432	0.002559151403100035	55.470200642191344				
2025-03-28 08:00:00	2400	4.38	4.36	4.38	4.36	4.26	ILP.MI	2.29	2.29	2.27	2.27	3.02	2.05	-1.0	-1.0	-1.0	0	-1.0	-1.0	1.0	-1.0	-1.0	1.0										-1.0			5.25										-1.0			3.61	0.02	0.02	0.26	0.0	0.0	0.23	4.44	0.26	0.0	0.0	54.45					1	-0.0	-0.0	-0.82	-0.0	-0.0	-0.14	-0.82	0.0	0.0	154.79					-0.02	-0.02	2.4	-0.0	-0.0	0.68	2.4	0.0	0.0	28.82					-0.02	-0.02	2.38	-0.0	-0.0	0.64	2.38	0.0	0.0	39.75					0.019999999999999574	0.019999999999999574	0.4399999999999995	0.004566210045662045	0.004576667027411755	-0.001554530510532115	0.4399999999999995	0.002480785484659744	0.002459633884803747	54.452962237916445				
2025-03-31 07:00:00	4800	4.44	4.3	4.42	4.3	4.2	ILP.MI	2.35	2.36	2.28	2.28	3.02	2.05	-1.0	1.0	1.0	1	-1.0	-1.0	1.0	-1.0	-1.0	1.0										-1.0			5.25	2.36									-1.0			3.61	0.06	0.06	0.32	0.01	0.01	0.25	4.44	0.32	0.0	0.0	55.36					1	-0.0	-0.0	-0.82	-0.0	-0.0	-0.14	-0.82	0.0	0.0	154.79					-0.06	-0.06	2.34	-0.01	-0.01	0.66	2.34	0.0	0.0	24.27					-0.06	-0.06	2.32	-0.01	-0.01	0.62	2.32	0.0	0.0	35.02					0.0600000000000005	0.0600000000000005	0.5	0.013761467889908396	0.013857034661426354	0.01237726673815831	0.5	0.002569470506492872	0.002547885420918883	55.35716876044411				
2025-04-01 07:00:00	9000	4.34	4.34	4.34	4.34	4.24	ILP.MI	2.28	2.28	2.28	2.28	3.02	2.05	-1.0	1.0	1.0	1	-1.0	-1.0	1.0	-1.0	-1.0	1.0										-1.0			5.25		2.28								-1.0			3.61	-0.04	-0.04	0.28	-0.01	-0.01	0.24	4.44	0.28	0.0	0.0	58.97					1	0.04	0.04	-0.78	0.01	0.01	-0.13	-0.78	0.0	0.0	177.3					0.04	0.04	2.38	0.01	0.01	0.67	2.38	0.0	0.0	22.18					0.04	0.04	2.36	0.01	0.01	0.63	2.36	0.0	0.0	42.72					-0.040000000000000036	-0.040000000000000036	0.45999999999999996	-0.009302325581395321	-0.009259325412796726	0.0030466006852720717	0.45999999999999996	0.0026446878724212786	0.0026237590991382564	58.96771521910158				
2025-04-02 07:00:00	0	4.34	4.34	4.34	4.34	4.24	ILP.MI	2.28	2.28	2.28	2.28	3.02	2.05	-1.0	1.0	1.0	1	-1.0	-1.0	1.0	-1.0	-1.0	1.0										-1.0			5.25										-1.0			3.61	-0.0	-0.0	0.28	-0.0	-0.0	0.24	4.44	0.28	0.0	0.0	57.24					1	0.0	0.0	-0.78	0.0	0.0	-0.13	-0.78	0.0	0.0	174.91					0.0	0.0	2.38	0.0	0.0	0.67	2.38	0.0	0.0	28.26					0.0	0.0	2.36	0.0	0.0	0.63	2.36	0.0	0.0	40.58					-0.0	-0.0	0.45999999999999996	-0.0	-0.0	0.0030466006852720717	0.45999999999999996	0.0024777777106097464	0.002457648583632288	57.23720460458213				
2025-04-03 07:00:00	1800	4.28	4.22	4.28	4.22	4.12	ILP.MI	2.33	2.33	2.3	2.3	3.02	2.05	-1.0	1.0	1.0	1	-1.0	-1.0	1.0	-1.0	-1.0	1.0										-1.0			5.25										-1.0			3.61	0.12	0.12	0.4	0.03	0.03	0.28	4.44	0.4	0.0	0.0	65.11					1	-0.12	-0.12	-0.9	-0.03	-0.03	-0.15	-0.9	0.0	0.0	167.84					-0.12	-0.12	2.26	-0.03	-0.03	0.62	2.26	0.0	0.0	20.25					-0.12	-0.12	2.24	-0.03	-0.03	0.59	2.24	0.0	0.0	38.94					0.1200000000000001	0.1200000000000001	0.5800000000000001	0.027649769585253448	0.028039220064393047	0.03156925283746004	0.5800000000000001	0.0028486716776864834	0.0028284395940481044	65.10571671410266				
2025-04-04 07:00:00	4200	4.2	3.98	4.08	4.2	4.1	ILP.MI	2.38	2.45	2.32	2.45	2.88	2.05	-1.0	1.0	1.0	0	-1.0	-1.0	1.0	-1.0	-1.0	1.0										-1.0			5.25										-1.0			3.61	0.02	0.02	0.42	0.0	0.0	0.28	4.44	0.42	0.0	0.0	62.76					1	-0.02	-0.02	-0.92	-0.0	-0.0	-0.16	-0.92	0.0	0.0	155.8					-0.02	-0.02	2.24	-0.0	-0.0	0.62	2.24	0.0	0.0	24.47					-0.02	-0.02	2.22	-0.0	-0.0	0.58	2.22	0.0	0.0	31.47					0.019999999999999574	0.019999999999999574	0.5999999999999996	0.004739336492890933	0.004750602758597753	0.036481487374781185	0.5999999999999996	0.0026142076312357094	0.0025950519911726033	62.758713244357644				
2025-04-07 07:00:00	11400	4.12	3.66	4.12	3.96	3.87	ILP.MI	2.53	2.53	2.25	2.44	2.88	2.05	-1.0	1.0	1.0	-1	-1.0	-1.0	1.0	-1.0	-1.0	1.0		3.66		3.66		3.66				-1.0	3.66		5.25										-1.0			3.61	0.24	0.24	0.66	0.06	0.06	0.36	4.44	0.66	0.0	0.0	65.73					1	-0.0	-0.0	-0.92	-0.0	-0.0	-0.16	-0.92	0.0	0.0	154.22					-0.24	-0.24	2.0	-0.06	-0.06	0.52	2.0	0.0	0.0	19.13					-0.24	-0.24	1.98	-0.06	-0.06	0.49	1.98	0.0	0.0	20.05					0.2400000000000002	0.2400000000000002	0.8399999999999999	0.05714285714285716	0.058840500022933465	0.09929854721567688	0.8399999999999999	0.0029149087970401877	0.0028943673151182736	65.72849531204595				
2025-04-08 07:00:00	4800	4.18	3.96	3.96	4.18	4.08	ILP.MI	2.38	2.51	2.38	2.51	2.88	2.05	-1.0	1.0	1.0	-1	-1.0	-1.0	1.0	-1.0	-1.0	1.0	4.18									-1.0			5.25										-1.0			3.61	-0.22	-0.22	0.44	-0.06	-0.05	0.29	4.44	0.44	0.0	0.0	53.35					1	-0.22	-0.22	-1.14	-0.06	-0.05	-0.2	-1.14	0.0	0.0	123.36					0.22	0.22	2.22	0.06	0.05	0.61	2.22	0.0	0.0	24.53					0.22	0.22	2.2	0.06	0.05	0.57	2.2	0.0	0.0	25.37					-0.21999999999999975	-0.21999999999999975	0.6200000000000001	-0.05555555555555558	-0.05406722127027579	0.04144072894116757	0.6200000000000001	0.0025858705841447136	0.002563354095521664	53.35324455039097				
2025-04-09 07:00:00	1200	4.14	4.04	4.14	4.04	3.95	ILP.MI	2.56	2.56	2.49	2.49	2.88	2.05	-1.0	1.0	1.0	-1	-1.0	-1.0	1.0	-1.0	-1.0	1.0		4.04								-1.0			5.25	2.56		2.56							-1.0			3.61	0.14	0.14	0.58	0.03	0.03	0.33	4.44	0.58	0.0	0.0	54.89					1	0.14	0.14	-1.0	0.03	0.03	-0.17	-1.0	0.0	0.0	126.62					-0.14	-0.14	2.08	-0.03	-0.03	0.56	2.08	0.0	0.0	21.84					-0.14	-0.14	2.06	-0.03	-0.03	0.52	2.06	0.0	0.0	18.18					0.13999999999999968	0.13999999999999968	0.7599999999999998	0.03349282296650713	0.034066554563606195	0.07753025915200018	0.7599999999999998	0.002749658920609571	0.0027263132240642474	54.888874223187265				
2025-04-10 07:00:00	4200	4.2	4.06	4.06	4.14	4.04	ILP.MI	2.39	2.48	2.39	2.44	2.88	2.05	-1.0	1.0	1.0	-1	-1.0	-1.0	1.0	-1.0	-1.0	1.0										-1.0			5.25		2.39								-1.0			3.61	-0.1	-0.1	0.48	-0.02	-0.02	0.3	4.44	0.48	0.0	0.0	51.79					1	-0.1	-0.1	-1.1	-0.02	-0.02	-0.19	-1.1	0.0	0.0	118.58					0.1	0.1	2.18	0.02	0.02	0.59	2.18	0.0	0.0	23.63					0.1	0.1	2.16	0.02	0.02	0.56	2.16	0.0	0.0	23.63					-0.09999999999999964	-0.09999999999999964	0.6600000000000001	-0.024752475247524774	-0.024451095864164336	0.051502958206299576	0.6600000000000001	0.002676921622671803	0.0026529058930528926	51.791924984436385				
2025-04-11 07:00:00	0	4.14	4.14	4.14	4.14	4.04	ILP.MI	2.46	2.46	2.46	2.46	2.88	2.05	-1.0	1.0	1.0	-1	-1.0	-1.0	1.0	-1.0	-1.0	1.0										-1.0			5.25	2.46									-1.0			3.61	-0.0	-0.0	0.48	-0.0	-0.0	0.3	4.44	0.48	0.0	0.0	51.54					1	-0.0	-0.0	-1.1	-0.0	-0.0	-0.19	-1.1	0.0	0.0	118.06					0.0	0.0	2.18	0.0	0.0	0.59	2.18	0.0	0.0	26.87					0.0	0.0	2.16	0.0	0.0	0.56	2.16	0.0	0.0	23.26					-0.0	-0.0	0.6600000000000001	-0.0	-0.0	0.051502958206299576	0.6600000000000001	0.002649745361030517	0.0026258702263493028	51.54407272607467				
2025-04-14 07:00:00	600	4.22	4.22	4.22	4.22	4.12	ILP.MI	2.44	2.44	2.44	2.44	2.88	2.05	-1.0	1.0	1.0	-1	-1.0	-1.0	1.0	-1.0	-1.0	1.0	4.22									-1.0			5.25										-1.0			3.61	-0.08	-0.08	0.4	-0.02	-0.02	0.28	4.44	0.4	0.0	0.0	49.38					1	-0.08	-0.08	-1.18	-0.02	-0.02	-0.21	-1.18	0.0	0.0	112.58					0.08	0.08	2.26	0.02	0.02	0.62	2.26	0.0	0.0	28.08					0.08	0.08	2.24	0.02	0.02	0.59	2.24	0.0	0.0	28.08					-0.08000000000000007	-0.08000000000000007	0.5800000000000001	-0.019323671497584627	-0.019139340210697506	0.031569252837459594	0.5800000000000001	0.0025961303834452294	0.002571756706138073	49.38065822962904				
2025-04-15 07:00:00	0	4.22	4.22	4.22	4.22	4.12	ILP.MI	2.38	2.38	2.38	2.38	2.88	2.05	-1.0	1.0	1.0	-1	-1.0	-1.0	1.0	-1.0	-1.0	1.0										-1.0			5.25										-1.0			3.61	-0.0	-0.0	0.4	-0.0	-0.0	0.28	4.44	0.4	0.0	0.0	48.62					1	-0.0	-0.0	-1.18	-0.0	-0.0	-0.21	-1.18	0.0	0.0	110.97					0.0	0.0	2.26	0.0	0.0	0.62	2.26	0.0	0.0	32.23					0.0	0.0	2.24	0.0	0.0	0.59	2.24	0.0	0.0	32.23					-0.0	-0.0	0.5800000000000001	-0.0	-0.0	0.031569252837459594	0.5800000000000001	0.0025142529341018083	0.0024903047627493624	48.61740595704756				
2025-04-16 07:00:00	600	4.2	4.2	4.2	4.2	4.1	ILP.MI	2.35	2.35	2.35	2.35	2.88	2.05	-1.0	1.0	1.0	-1	-1.0	-1.0	1.0	-1.0	-1.0	1.0										-1.0			5.25		2.35								-1.0			3.61	0.02	0.02	0.42	0.0	0.0	0.28	4.44	0.42	0.0	0.0	54.2					1	0.02	0.02	-1.16	0.0	0.0	-0.2	-1.16	0.0	0.0	122.46					-0.02	-0.02	2.24	-0.0	-0.0	0.62	2.24	0.0	0.0	27.53					-0.02	-0.02	2.22	-0.0	-0.0	0.58	2.22	0.0	0.0	27.53					0.019999999999999574	0.019999999999999574	0.5999999999999996	0.004739336492890933	0.004750602758597753	0.03648148737478096	0.5999999999999996	0.002748875710929533	0.002725631365158021	54.202982003572				
2025-04-17 07:00:00	0	4.2	4.2	4.2	4.2	4.1	ILP.MI	2.36	2.36	2.36	2.36	2.84	2.05	-1.0	1.0	1.0	-1	-1.0	-1.0	1.0	-1.0	-1.0	1.0										-1.0			5.25	2.36									-1.0			3.61	-0.0	-0.0	0.42	-0.0	-0.0	0.28	4.44	0.42	0.0	0.0	53.7					1	-0.0	-0.0	-1.16	-0.0	-0.0	-0.2	-1.16	0.0	0.0	121.4					0.0	0.0	2.24	0.0	0.0	0.62	2.24	0.0	0.0	31.28					0.0	0.0	2.22	0.0	0.0	0.58	2.22	0.0	0.0	31.28					-0.0	-0.0	0.5999999999999996	-0.0	-0.0	0.03648148737478096	0.5999999999999996	0.0026937906354882134	0.0026708202205250053	53.70391715798773				
2025-04-22 07:00:00	2400	4.14	4.02	4.1	4.14	4.04	ILP.MI	2.31	2.33	2.26	2.33	2.84	2.05	-1.0	1.0	1.0	-1	-1.0	-1.0	1.0	-1.0	-1.0	1.0		4.02								-1.0			5.25		2.26		2.26						-1.0			3.61	0.06	0.06	0.48	0.01	0.01	0.3	4.44	0.48	0.0	0.0	54.54					1	0.06	0.06	-1.1	0.01	0.01	-0.19	-1.1	0.0	0.0	123.16					-0.06	-0.06	2.18	-0.01	-0.01	0.59	2.18	0.0	0.0	26.91					-0.06	-0.06	2.16	-0.01	-0.01	0.56	2.16	0.0	0.0	26.91					0.0600000000000005	0.0600000000000005	0.6600000000000001	0.014285714285714457	0.01438873745209978	0.051502958206299576	0.6600000000000001	0.0027873174289268624	0.0027638809618182325	54.54484411291138				
2025-04-23 07:00:00	4200	4.18	4.18	4.18	4.18	4.08	ILP.MI	2.32	2.32	2.32	2.32	2.84	2.05	-1.0	1.0	1.0	-1	-1.0	-1.0	1.0	-1.0	-1.0	1.0										-1.0			5.25	2.32									-1.0			3.61	-0.04	-0.04	0.44	-0.01	-0.01	0.29	4.44	0.44	0.0	0.0	49.28					1	-0.04	-0.04	-1.14	-0.01	-0.01	-0.2	-1.14	0.0	0.0	112.79					0.04	0.04	2.22	0.01	0.01	0.61	2.22	0.0	0.0	32.36					0.04	0.04	2.2	0.01	0.01	0.57	2.2	0.0	0.0	32.36					-0.040000000000000036	-0.040000000000000036	0.6200000000000001	-0.009661835748792313	-0.009615458699441973	0.04144072894116757	0.6200000000000001	0.002499295579456871	0.002475807547056341	49.28335132198849				
2025-04-24 07:00:00	600	4.18	4.18	4.18	4.18	4.08	ILP.MI	2.3	2.3	2.3	2.3	2.84	2.05	-1.0	1.0	1.0	-1	-1.0	-1.0	1.0	-1.0	-1.0	1.0										-1.0			5.25		2.3								-1.0			3.61	-0.0	-0.0	0.44	-0.0	-0.0	0.29	4.44	0.44	0.0	0.0	49.28					1	-0.0	-0.0	-1.14	-0.0	-0.0	-0.2	-1.14	0.0	0.0	112.79					0.0	0.0	2.22	0.0	0.0	0.61	2.22	0.0	0.0	32.36					0.0	0.0	2.2	0.0	0.0	0.57	2.2	0.0	0.0	32.36					-0.0	-0.0	0.6200000000000001	-0.0	-0.0	0.04144072894116757	0.6200000000000001	0.002499295579456871	0.002475807547056341	49.28335132198849				
2025-04-25 07:00:00	1800	4.28	4.22	4.22	4.28	4.18	ILP.MI	2.28	2.32	2.28	2.32	2.84	2.05	-1.0	1.0	1.0	-1	-1.0	-1.0	1.0	-1.0	-1.0	1.0										-1.0			5.25										-1.0			3.61	-0.1	-0.1	0.34	-0.02	-0.02	0.26	4.44	0.34	0.0	0.0	43.2					1	-0.1	-0.1	-1.24	-0.02	-0.02	-0.22	-1.24	0.0	0.0	100.03					0.1	0.1	2.32	0.02	0.02	0.65	2.32	0.0	0.0	34.18					0.1	0.1	2.3	0.02	0.02	0.61	2.3	0.0	0.0	34.18					-0.10000000000000053	-0.10000000000000053	0.5199999999999996	-0.02392344497607679	-0.02364176305704071	0.017108001629457803	0.5199999999999996	0.0022690440356692514	0.0022444852707383944	43.204386973595916				
2025-04-28 07:00:00	5400	4.32	4.28	4.3	4.28	4.18	ILP.MI	2.32	2.33	2.31	2.31	2.84	2.05	-1.0	1.0	1.0	-1	-1.0	-1.0	1.0	-1.0	-1.0	1.0	4.32									-1.0			5.25	2.33									-1.0			3.61	-0.0	-0.0	0.34	-0.0	-0.0	0.26	4.44	0.34	0.0	0.0	46.56					1	-0.0	-0.0	-1.24	-0.0	-0.0	-0.22	-1.24	0.0	0.0	105.97					0.0	0.0	2.32	0.0	0.0	0.65	2.32	0.0	0.0	33.85					0.0	0.0	2.3	0.0	0.0	0.61	2.3	0.0	0.0	33.85					-0.0	-0.0	0.5199999999999996	-0.0	-0.0	0.017108001629457803	0.5199999999999996	0.002429736012571783	0.002405605390867205	46.55661710633008				
2025-04-29 07:00:00	600	4.26	4.26	4.26	4.26	4.16	ILP.MI	2.27	2.27	2.27	2.27	2.84	2.05	-1.0	1.0	1.0	-1	-1.0	-1.0	1.0	-1.0	-1.0	1.0		4.26								-1.0			5.25		2.27								-1.0			3.61	0.02	0.02	0.36	0.0	0.0	0.26	4.44	0.36	0.0	0.0	50.21					1	0.02	0.02	-1.22	0.0	0.0	-0.21	-1.22	0.0	0.0	112.56					-0.02	-0.02	2.3	-0.0	-0.0	0.64	2.3	0.0	0.0	30.24					-0.02	-0.02	2.28	-0.0	-0.0	0.6	2.28	0.0	0.0	30.24					0.020000000000000462	0.020000000000000462	0.54	0.004672897196261738	0.004683849312426426	0.02188315656668527	0.54	0.002619944050418244	0.002596104466396909	50.21142783864328				
2025-04-30 07:00:00	0	4.26	4.26	4.26	4.26	4.16	ILP.MI	2.29	2.29	2.29	2.29	2.83	2.05	-1.0	1.0	1.0	-1	-1.0	-1.0	1.0	-1.0	-1.0	1.0										-1.0			5.25										-1.0			3.61	-0.0	-0.0	0.36	-0.0	-0.0	0.26	4.34	0.36	0.0	0.0	54.23					1	-0.0	-0.0	-1.22	-0.0	-0.0	-0.21	-1.22	0.0	0.0	120.15					0.0	0.0	2.3	0.0	0.0	0.64	2.3	0.0	0.0	29.56					0.0	0.0	2.28	0.0	0.0	0.6	2.28	0.0	0.0	29.56					-0.0	-0.0	0.54	-0.0	-0.0	0.02188315656668527	0.54	0.002793751563794127	0.002770513688687082	54.225169603283874				
2025-05-02 07:00:00	6000	4.46	4.26	4.26	4.46	4.36	ILP.MI	2.25	2.35	2.25	2.35	2.83	2.05	-1.0	1.0	-1.0	1	-1.0	-1.0	1.0	-1.0	-1.0	1.0										-1.0			5.25										-1.0			3.61	-0.2	-0.2	0.16	-0.05	-0.05	0.21	4.46	0.16	0.0	0.0	43.91					1	-0.2	-0.2	-1.42	-0.05	-0.05	-0.25	-1.42	0.0	0.0	97.64					0.2	0.2	2.5	0.05	0.05	0.72	2.5	0.0	0.0	38.13					0.2	0.2	2.48	0.05	0.05	0.68	2.48	0.0	0.0	38.13					-0.20000000000000018	-0.20000000000000018	0.33999999999999986	-0.04694835680751175	-0.04587960575069366	-0.023941200230026993	0.33999999999999986	0.0023494898083791563	0.0023251186901478427	43.90962895050843				
2025-05-05 07:00:00	6000	4.6	4.5	4.5	4.6	4.49	ILP.MI	2.36	2.42	2.36	2.42	2.83	2.05	-1.0	1.0	-1.0	1	-1.0	-1.0	1.0	-1.0	-1.0	1.0										-1.0			5.25										-1.0			3.61	-0.14	-0.14	0.02	-0.03	-0.03	0.17	4.6	0.02	0.0	0.0	37.48					1	0.14	0.14	-1.28	0.03	0.03	-0.23	-1.28	0.0	0.0	101.63					0.14	0.14	2.64	0.03	0.03	0.77	2.64	0.0	0.0	40.16					0.14	0.14	2.62	0.03	0.03	0.73	2.62	0.0	0.0	40.16					-0.13999999999999968	-0.13999999999999968	0.20000000000000018	-0.03139013452914785	-0.03090753746307649	-0.05364733761433049	0.20000000000000018	0.0020918925321078297	0.0020661539808934926	37.478024705696846				
2025-05-06 07:00:00	6000	4.72	4.68	4.7	4.72	4.61	ILP.MI	2.46	2.47	2.45	2.47	2.83	2.05	-1.0	1.0	-1.0	1	-1.0	-1.0	1.0	-1.0	-1.0	1.0										-1.0			5.25										-1.0			3.61	-0.12	-0.12	-0.1	-0.03	-0.03	0.14	4.72	-0.1	0.0	0.0	30.49					1	0.12	0.12	-1.16	0.03	0.03	-0.21	-1.16	0.0	0.0	102.08					0.12	0.12	2.76	0.03	0.03	0.82	2.76	0.0	0.0	47.03					0.12	0.12	2.74	0.03	0.03	0.77	2.74	0.0	0.0	47.03					-0.1200000000000001	-0.1200000000000001	0.08000000000000007	-0.026086956521739202	-0.025752496102414764	-0.07770715106481363	0.08000000000000007	0.0017087202890500512	0.0016825434281995122	30.490084496365164				
2025-05-07 07:00:00	3000	4.82	4.74	4.8	4.74	4.63	ILP.MI	2.53	2.54	2.5	2.5	2.83	2.05	-1.0	1.0	-1.0	1	-1.0	-1.0	1.0	-1.0	-1.0	1.0	4.82									-1.0			5.25	2.54									-1.0			3.61	-0.02	-0.02	-0.12	-0.0	-0.0	0.14	4.82	-0.12	0.0	0.0	27.38					1	0.02	0.02	-1.14	0.0	0.0	-0.2	-1.14	0.0	0.0	102.57					0.02	0.02	2.78	0.0	0.0	0.83	2.78	0.0	0.0	47.27					0.02	0.02	2.76	0.0	0.0	0.78	2.76	0.0	0.0	47.27					-0.020000000000000462	-0.020000000000000462	0.05999999999999961	-0.004237288135593209	-0.004228336109521105	-0.08159868207297893	0.05999999999999961	0.001542854357744948	0.0015162478950376812	27.380603370929997				
2025-05-08 07:00:00	0	4.74	4.74	4.74	4.74	4.63	ILP.MI	2.46	2.46	2.46	2.46	2.83	2.05	-1.0	1.0	-1.0	1	-1.0	-1.0	1.0	-1.0	-1.0	1.0										-1.0			5.25										-1.0			3.61	-0.0	-0.0	-0.12	-0.0	-0.0	0.14	4.82	-0.12	0.0	0.0	27.38					1	0.0	0.0	-1.14	0.0	0.0	-0.2	-1.14	0.0	0.0	102.57					0.0	0.0	2.78	0.0	0.0	0.83	2.78	0.0	0.0	47.27					0.0	0.0	2.76	0.0	0.0	0.78	2.76	0.0	0.0	47.27					-0.0	-0.0	0.05999999999999961	-0.0	-0.0	-0.08159868207297893	0.05999999999999961	0.001542854357744948	0.0015162478950376812	27.380603370929997				
2025-05-09 07:00:00	10200	4.68	4.46	4.68	4.6	4.49	ILP.MI	2.4	2.4	2.29	2.36	2.83	2.05	-1.0	1.0	-1.0	1	-1.0	-1.0	1.0	-1.0	-1.0	1.0										-1.0			5.25										-1.0			3.61	0.14	0.14	0.02	0.03	0.03	0.17	4.82	0.02	0.0	0.0	29.46					1	-0.14	-0.14	-1.28	-0.03	-0.03	-0.23	-1.28	0.0	0.0	89.93					-0.14	-0.14	2.64	-0.03	-0.03	0.77	2.64	0.0	0.0	41.04					-0.14	-0.14	2.62	-0.03	-0.03	0.73	2.62	0.0	0.0	41.04					0.14000000000000057	0.14000000000000057	0.20000000000000018	0.029535864978903037	0.0299808322119359	-0.05364733761433038	0.20000000000000018	0.0017287355174589502	0.0017010602483129578	29.461286325272646				
2025-05-12 07:00:00	2400	4.62	4.5	4.6	4.5	4.39	ILP.MI	2.33	2.34	2.28	2.28	2.83	2.05	-1.0	1.0	-1.0	1	-1.0	-1.0	1.0	-1.0	-1.0	1.0										-1.0			5.25										-1.0			3.61	0.1	0.1	0.12	0.02	0.02	0.2	4.82	0.12	0.0	0.0	30.32					1	-0.1	-0.1	-1.38	-0.02	-0.02	-0.24	-1.38	0.0	0.0	79.13					-0.1	-0.1	2.54	-0.02	-0.02	0.73	2.54	0.0	0.0	39.58					-0.1	-0.1	2.52	-0.02	-0.02	0.69	2.52	0.0	0.0	39.58					0.09999999999999964	0.09999999999999964	0.2999999999999998	0.021739130434782483	0.021978906718775115	-0.03261727845020457	0.2999999999999998	0.0018096472285006864	0.001781500193394514	30.316245408095753				
2025-05-13 07:00:00	4800	4.54	4.44	4.46	4.54	4.43	ILP.MI	2.25	2.29	2.24	2.29	2.83	2.05	-1.0	1.0	-1.0	1	-1.0	-1.0	1.0	-1.0	-1.0	1.0		4.44								-1.0			5.25										-1.0			3.61	-0.04	-0.04	0.08	-0.01	-0.01	0.19	4.82	0.08	0.0	0.0	30.32					1	0.04	0.04	-1.34	0.01	0.01	-0.24	-1.34	0.0	0.0	86.56					0.04	0.04	2.58	0.01	0.01	0.75	2.58	0.0	0.0	39.57					0.04	0.04	2.56	0.01	0.01	0.71	2.56	0.0	0.0	39.57					-0.040000000000000036	-0.040000000000000036	0.2599999999999998	-0.008888888888888946	-0.0088496152769826	-0.041140474234784286	0.2599999999999998	0.001809947487276498	0.0017818033427361435	30.324358951589005				
2025-05-14 07:00:00	0	4.54	4.54	4.54	4.54	4.43	ILP.MI	2.27	2.27	2.27	2.27	2.83	2.05	-1.0	1.0	-1.0	1	-1.0	-1.0	1.0	-1.0	-1.0	1.0										-1.0			5.25		2.27								-1.0			3.61	-0.0	-0.0	0.08	-0.0	-0.0	0.19	4.82	0.08	0.0	0.0	29.74					1	0.0	0.0	-1.34	0.0	0.0	-0.24	-1.34	0.0	0.0	85.45					0.0	0.0	2.58	0.0	0.0	0.75	2.58	0.0	0.0	43.17					0.0	0.0	2.56	0.0	0.0	0.71	2.56	0.0	0.0	43.17					-0.0	-0.0	0.2599999999999998	-0.0	-0.0	-0.041140474234784286	0.2599999999999998	0.0017545899766618295	0.001726769012162288	29.742595537071374				
2025-05-15 07:00:00	0	4.54	4.54	4.54	4.54	4.43	ILP.MI	2.27	2.27	2.27	2.27	2.83	2.05	-1.0	1.0	-1.0	1	-1.0	-1.0	1.0	-1.0	-1.0	1.0										-1.0			5.25										-1.0			3.61	-0.0	-0.0	0.08	-0.0	-0.0	0.19	4.82	0.08	0.0	0.0	29.74					1	0.0	0.0	-1.34	0.0	0.0	-0.24	-1.34	0.0	0.0	85.45					0.0	0.0	2.58	0.0	0.0	0.75	2.58	0.0	0.0	43.17					0.0	0.0	2.56	0.0	0.0	0.71	2.56	0.0	0.0	43.17					-0.0	-0.0	0.2599999999999998	-0.0	-0.0	-0.041140474234784286	0.2599999999999998	0.0017545899766618295	0.001726769012162288	29.742595537071374				
2025-05-16 07:00:00	1200	4.64	4.52	4.52	4.64	4.53	ILP.MI	2.25	2.31	2.25	2.31	2.83	2.05	-1.0	1.0	-1.0	1	-1.0	-1.0	1.0	-1.0	-1.0	1.0										-1.0			5.25										-1.0			3.61	-0.1	-0.1	-0.02	-0.02	-0.02	0.16	4.82	-0.02	0.0	0.0	25.0					1	0.1	0.1	-1.24	0.02	0.02	-0.22	-1.24	0.0	0.0	88.06					0.1	0.1	2.68	0.02	0.02	0.79	2.68	0.0	0.0	44.37					0.1	0.1	2.66	0.02	0.02	0.74	2.66	0.0	0.0	44.37					-0.09999999999999964	-0.09999999999999964	0.16000000000000014	-0.022026431718061623	-0.02178735418490723	-0.06180555022110357	0.16000000000000014	0.0015159958614433368	0.0014870989016833036	24.99718882550235				
2025-05-19 07:00:00	0	4.64	4.64	4.64	4.64	4.59	ILP.MI	2.33	2.33	2.33	2.33	2.83	2.05	-1.0	1.0	-1.0	1	-1.0	-1.0	1.0	-1.0	-1.0	1.0										-1.0			5.25	2.33									-1.0			3.61	-0.0	-0.0	-0.02	-0.0	-0.0	0.16	4.82	-0.02	0.0	0.0	25.0					1	0.0	0.0	-1.24	0.0	0.0	-0.22	-1.24	0.0	0.0	88.06					0.0	0.0	2.68	0.0	0.0	0.79	2.68	0.0	0.0	44.37					0.0	0.0	2.66	0.0	0.0	0.74	2.66	0.0	0.0	44.37					-0.0	-0.0	0.16000000000000014	-0.0	-0.0	-0.06180555022110357	0.16000000000000014	0.0015159958614433368	0.0014870989016833036	24.99718882550235				
2025-05-20 07:00:00	0	4.64	4.64	4.64	4.64	4.59	ILP.MI	2.31	2.31	2.31	2.31	2.83	2.05	-1.0	1.0	-1.0	1	-1.0	-1.0	1.0	-1.0	-1.0	1.0	4.64									-1.0			5.25		2.31								-1.0			3.61	-0.0	-0.0	-0.02	-0.0	-0.0	0.16	4.82	-0.02	0.0	0.0	25.0					1	0.0	0.0	-1.24	0.0	0.0	-0.22	-1.24	0.0	0.0	88.06					0.0	0.0	2.68	0.0	0.0	0.79	2.68	0.0	0.0	44.37					0.0	0.0	2.66	0.0	0.0	0.74	2.66	0.0	0.0	44.37					-0.0	-0.0	0.16000000000000014	-0.0	-0.0	-0.06180555022110357	0.16000000000000014	0.0015159958614433368	0.0014870989016833036	24.99718882550235				
2025-05-21 07:00:00	0	4.64	4.64	4.64	4.64	4.59	ILP.MI	2.31	2.31	2.31	2.31	2.83	2.05	-1.0	1.0	-1.0	1	-1.0	-1.0	1.0	-1.0	-1.0	1.0										-1.0			5.25										-1.0			3.61	-0.0	-0.0	-0.02	-0.0	-0.0	0.16	4.82	-0.02	0.0	0.0	25.0					1	0.0	0.0	-1.24	0.0	0.0	-0.22	-1.24	0.0	0.0	88.06					0.0	0.0	2.68	0.0	0.0	0.79	2.68	0.0	0.0	44.37					0.0	0.0	2.66	0.0	0.0	0.74	2.66	0.0	0.0	44.37					-0.0	-0.0	0.16000000000000014	-0.0	-0.0	-0.06180555022110357	0.16000000000000014	0.0015159958614433368	0.0014870989016833036	24.99718882550235				
2025-05-22 07:00:00	0	4.64	4.64	4.64	4.64	4.59	ILP.MI	2.33	2.33	2.33	2.33	2.83	2.05	-1.0	1.0	-1.0	1	-1.0	-1.0	1.0	-1.0	-1.0	1.0										-1.0			5.25	2.33									-1.0			3.61	-0.0	-0.0	-0.02	-0.0	-0.0	0.16	4.82	-0.02	0.0	0.0	25.0					1	0.0	0.0	-1.24	0.0	0.0	-0.22	-1.24	0.0	0.0	88.06					0.0	0.0	2.68	0.0	0.0	0.79	2.68	0.0	0.0	44.37					0.0	0.0	2.66	0.0	0.0	0.74	2.66	0.0	0.0	44.37					-0.0	-0.0	0.16000000000000014	-0.0	-0.0	-0.06180555022110357	0.16000000000000014	0.0015159958614433368	0.0014870989016833036	24.99718882550235				
2025-05-23 07:00:00	600	4.54	4.54	4.54	4.54	4.49	ILP.MI	2.32	2.32	2.32	2.32	2.83	2.05	-1.0	1.0	-1.0	1	-1.0	-1.0	1.0	1.0	-1.0	-1.0		4.54								-1.0			5.25										-1.0			3.61	0.1	0.1	0.08	0.02	0.02	0.19	4.82	0.08	0.0	0.0	26.43					1	-0.1	-0.1	-1.34	-0.02	-0.02	-0.24	-1.34	0.0	0.0	78.82					-0.1	-0.1	2.58	-0.02	-0.02	0.75	2.58	0.0	0.0	39.41					-0.1	-0.1	2.56	-0.02	-0.02	0.71	2.56	0.0	0.0	39.41					0.09999999999999964	0.09999999999999964	0.2599999999999998	0.02155172413793094	0.02178735418490718	-0.0411404742347844	0.2599999999999998	0.0016488987219712712	0.0016191909106815228	26.430159358921465				
2025-05-26 07:00:00	0	4.54	4.54	4.54	4.54	4.49	ILP.MI	2.29	2.29	2.29	2.29	2.83	2.05	-1.0	1.0	-1.0	1	-1.0	-1.0	1.0	1.0	-1.0	-1.0										-1.0			5.25		2.29								-1.0			3.61	-0.0	-0.0	0.08	-0.0	-0.0	0.19	4.82	0.08	0.0	0.0	29.84					1	0.0	0.0	-1.34	0.0	0.0	-0.24	-1.34	0.0	0.0	84.9					0.0	0.0	2.58	0.0	0.0	0.75	2.58	0.0	0.0	38.91					-0.0	-0.0	2.56	-0.0	-0.0	0.71	2.56	0.0	0.0	38.91					-0.0	-0.0	0.2599999999999998	-0.0	-0.0	-0.0411404742347844	0.2599999999999998	0.0018408084235339525	0.001811719315305993	29.839814324376867				
2025-05-27 07:00:00	1200	4.62	4.62	4.62	4.62	4.57	ILP.MI	2.33	2.33	2.33	2.33	2.83	2.05	-1.0	1.0	-1.0	1	-1.0	-1.0	1.0	1.0	-1.0	-1.0										-1.0			5.25										-1.0			3.61	-0.08	-0.08	0.0	-0.02	-0.02	0.17	4.82	0.0	0.0	0.0	31.17					1	0.08	0.08	-1.26	0.02	0.02	-0.22	-1.26	0.0	0.0	98.62					0.08	0.08	2.66	0.02	0.02	0.78	2.66	0.0	0.0	38.16					-0.08	-0.08	2.48	-0.02	-0.02	0.68	2.48	0.0	0.0	32.74					-0.08000000000000007	-0.08000000000000007	0.17999999999999972	-0.017621145374449254	-0.01746769304039078	-0.05774410238656291	0.17999999999999972	0.0018908516739356484	0.0018622502936997964	31.170727735573998				
2025-05-28 07:00:00	6000	4.64	4.62	4.62	4.64	4.59	ILP.MI	2.33	2.34	2.33	2.34	2.83	2.05	-1.0	1.0	-1.0	1	-1.0	-1.0	1.0	1.0	-1.0	-1.0										-1.0			5.25										-1.0			3.61	-0.02	-0.02	-0.02	-0.0	-0.0	0.16	4.82	-0.02	0.0	0.0	32.51					1	0.02	0.02	-1.24	0.0	0.0	-0.22	-1.24	0.0	0.0	107.92					0.02	0.02	2.68	0.0	0.0	0.79	2.68	0.0	0.0	37.41					-0.02	-0.02	2.46	-0.0	-0.0	0.67	2.46	0.0	0.0	28.62					-0.019999999999999574	-0.019999999999999574	0.16000000000000014	-0.0043290043290042934	-0.00431966114451638	-0.06180555022110357	0.16000000000000014	0.0019393958083518265	0.0019112635725366811	32.50561780237012				
2025-05-29 07:00:00	2400	4.64	4.62	4.62	4.64	4.59	ILP.MI	2.34	2.35	2.34	2.35	2.83	2.05	-1.0	1.0	-1.0	1	-1.0	-1.0	1.0	1.0	-1.0	-1.0										-1.0			5.25	2.35									-1.0			3.61	-0.0	-0.0	-0.02	-0.0	-0.0	0.16	4.82	-0.02	0.0	0.0	35.55					1	0.0	0.0	-1.24	0.0	0.0	-0.22	-1.24	0.0	0.0	107.92					0.0	0.0	2.68	0.0	0.0	0.79	2.68	0.0	0.0	37.15					-0.0	-0.0	2.46	-0.0	-0.0	0.67	2.46	0.0	0.0	28.33					-0.0	-0.0	0.16000000000000014	-0.0	-0.0	-0.06180555022110357	0.16000000000000014	0.0021095342887533317	0.0020818519302456817	35.55404987229213				
2025-05-30 07:00:00	0	4.64	4.64	4.64	4.64	4.59	ILP.MI	2.34	2.34	2.34	2.34	2.77	2.05	-1.0	1.0	-1.0	1	-1.0	-1.0	1.0	1.0	-1.0	-1.0	4.64									-1.0			5.25										-1.0			3.61	-0.0	-0.0	-0.02	-0.0	-0.0	0.16	4.82	-0.02	0.0	0.0	35.3					1	0.0	0.0	-1.24	0.0	0.0	-0.22	-1.24	0.0	0.0	107.92					0.0	0.0	2.68	0.0	0.0	0.79	2.68	0.0	0.0	40.21					-0.0	-0.0	2.46	-0.0	-0.0	0.67	2.46	0.0	0.0	31.36					-0.0	-0.0	0.16000000000000014	-0.0	-0.0	-0.06180555022110357	0.16000000000000014	0.002082895771263348	0.0020553646180960783	35.29617463330558				
2025-06-02 07:00:00	1200	4.6	4.6	4.6	4.6	4.55	ILP.MI	2.33	2.33	2.33	2.33	2.76	2.05	-1.0	1.0	-1.0	1	-1.0	-1.0	1.0	1.0	-1.0	-1.0		4.6								-1.0			5.25										-1.0			3.61	0.04	0.04	0.02	0.01	0.01	0.17	4.82	0.02	0.0	0.0	40.8					1	-0.04	-0.04	-1.28	-0.01	-0.01	-0.23	-1.28	0.0	0.0	101.39					-0.04	-0.04	2.64	-0.01	-0.01	0.77	2.64	0.0	0.0	35.38					0.04	0.04	2.5	0.01	0.01	0.68	2.5	0.0	0.0	30.53					0.040000000000000036	0.040000000000000036	0.20000000000000018	0.008620689655172376	0.008658062743114541	-0.053647337614330604	0.20000000000000018	0.002367429804867816	0.002340654491743921	40.80158112860904				
2025-06-03 07:00:00	0	4.6	4.6	4.6	4.6	4.55	ILP.MI	2.32	2.32	2.32	2.32	2.73	2.05	-1.0	1.0	-1.0	1	-1.0	-1.0	1.0	1.0	-1.0	-1.0										-1.0			5.25		2.32								-1.0			3.61	-0.0	-0.0	0.02	-0.0	-0.0	0.17	4.82	0.02	0.0	0.0	39.8					1	0.0	0.0	-1.28	0.0	0.0	-0.23	-1.28	0.0	0.0	101.39					0.0	0.0	2.64	0.0	0.0	0.77	2.64	0.0	0.0	39.83					-0.0	-0.0	2.5	-0.0	-0.0	0.68	2.5	0.0	0.0	34.9					-0.0	-0.0	0.20000000000000018	-0.0	-0.0	-0.053647337614330604	0.20000000000000018	0.002260314333792464	0.002234121846260706	39.803657538715655				
2025-06-04 07:00:00	10200	4.94	4.7	4.7	4.8	4.75	ILP.MI	2.37	2.49	2.37	2.42	2.66	2.05	-1.0	1.0	1.0	1	-1.0	-1.0	1.0	1.0	-1.0	-1.0										-1.0			5.25	2.49									-1.0			3.61	-0.2	-0.2	-0.18	-0.04	-0.04	0.12	4.94	-0.18	0.0	0.0	30.55					1	0.2	0.2	-1.08	0.04	0.04	-0.19	-1.08	0.0	0.0	105.26					0.2	0.2	2.84	0.04	0.04	0.85	2.84	0.0	0.0	48.46					-0.2	-0.2	2.3	-0.04	-0.04	0.61	2.3	0.0	0.0	33.59					-0.20000000000000018	-0.20000000000000018	0.0	-0.04347826086956519	-0.0425596144187959	-0.09307869854706674	0.0	0.0017632209337410955	0.0017362688293482975	30.550041330113544				
2025-06-05 07:00:00	1800	4.88	4.8	4.8	4.82	4.77	ILP.MI	2.4	2.44	2.4	2.41	2.59	2.05	-1.0	1.0	1.0	1	-1.0	-1.0	1.0	1.0	-1.0	-1.0	4.88									-1.0			5.25										-1.0			3.61	-0.02	-0.02	-0.2	-0.0	-0.0	0.12	4.94	-0.2	0.0	0.0	24.2					1	0.02	0.02	-1.06	0.0	0.0	-0.19	-1.06	0.0	0.0	105.6					0.02	0.02	2.86	0.0	0.0	0.86	2.86	0.0	0.0	57.2					-0.02	-0.02	2.28	-0.0	-0.0	0.61	2.28	0.0	0.0	37.96					-0.020000000000000462	-0.020000000000000462	-0.020000000000000462	-0.004166666666666874	-0.004158010148663898	-0.09684185747425755	-0.020000000000000462	0.0013198181052496896	0.0012939975209163013	24.202835097429215				
2025-06-06 07:00:00	0	4.82	4.82	4.82	4.82	4.77	ILP.MI	2.4	2.4	2.4	2.4	2.56	2.05	-1.0	1.0	1.0	1	-1.0	-1.0	1.0	1.0	-1.0	-1.0		4.82								-1.0			5.25		2.4								-1.0			3.61	-0.0	-0.0	-0.2	-0.0	-0.0	0.12	4.94	-0.2	0.0	0.0	27.38					1	0.0	0.0	-1.06	0.0	0.0	-0.19	-1.06	0.0	0.0	105.6					0.0	0.0	2.86	0.0	0.0	0.86	2.86	0.0	0.0	56.97					-0.0	-0.0	2.28	-0.0	-0.0	0.61	2.28	0.0	0.0	37.65					-0.0	-0.0	-0.020000000000000462	-0.0	-0.0	-0.09684185747425755	-0.020000000000000462	0.001484570266106734	0.0014591793985461177	27.382166009063774				
2025-06-09 07:00:00	3600	4.86	4.8	4.86	4.8	4.75	ILP.MI	2.43	2.43	2.4	2.4	2.56	2.05	-1.0	1.0	1.0	1	-1.0	-1.0	1.0	1.0	-1.0	-1.0										-1.0			5.25										-1.0			3.61	0.02	0.02	-0.18	0.0	0.0	0.12	4.94	-0.18	0.0	0.0	27.7					1	-0.02	-0.02	-1.08	-0.0	-0.0	-0.19	-1.08	0.0	0.0	100.63					-0.02	-0.02	2.84	-0.0	-0.0	0.85	2.84	0.0	0.0	53.67					0.02	0.02	2.3	0.0	0.0	0.61	2.3	0.0	0.0	37.93					0.020000000000000462	0.020000000000000462	0.0	0.004149377593361092	0.004158010148663788	-0.09307869854706685	0.0	0.0015107657300433156	0.0014852320090070759	27.699436778184925				
2025-06-10 07:00:00	2400	4.9	4.84	4.9	4.84	4.79	ILP.MI	2.46	2.46	2.43	2.43	2.56	2.05	-1.0	1.0	1.0	1	-1.0	-1.0	1.0	1.0	-1.0	-1.0										-1.0			5.25										-1.0			3.61	-0.04	-0.04	-0.22	-0.01	-0.01	0.11	4.94	-0.22	0.0	0.0	23.43					1	0.04	0.04	-1.04	0.01	0.01	-0.19	-1.04	0.0	0.0	100.56					0.04	0.04	2.88	0.01	0.01	0.86	2.88	0.0	0.0	58.1					-0.04	-0.04	2.26	-0.01	-0.01	0.6	2.26	0.0	0.0	38.02					-0.040000000000000036	-0.040000000000000036	-0.040000000000000036	-0.008333333333333304	-0.008298802814695064	-0.10057391591444642	-0.040000000000000036	0.001274931882556288	0.001249150980680458	23.434724161079274				
2025-06-11 07:00:00	12600	4.98	4.84	4.98	4.84	4.79	ILP.MI	2.51	2.51	2.43	2.43	2.56	2.05	-1.0	1.0	1.0	1	-1.0	-1.0	1.0	1.0	-1.0	-1.0	4.98		4.98							-1.0			5.25										-1.0			3.61	-0.0	-0.0	-0.22	-0.0	-0.0	0.11	4.98	-0.22	0.0	0.0	18.06					1	0.0	0.0	-1.04	0.0	0.0	-0.19	-1.04	0.0	0.0	94.58					0.0	0.0	2.88	0.0	0.0	0.86	2.88	0.0	0.0	70.57					-0.0	-0.0	2.26	-0.0	-0.0	0.6	2.26	0.0	0.0	48.47					-0.0	-0.0	-0.040000000000000036	-0.0	-0.0	-0.10057391591444642	-0.040000000000000036	0.0008955194041893868	0.0008718217706453757	18.06432153536803				
2025-06-12 07:00:00	5400	4.9	4.86	4.9	4.86	4.81	ILP.MI	2.48	2.48	2.46	2.46	2.56	2.05	-1.0	1.0	1.0	1	-1.0	-1.0	1.0	1.0	-1.0	-1.0		4.86								-1.0			5.25										-1.0			3.61	-0.02	-0.02	-0.24	-0.0	-0.0	0.11	4.98	-0.24	0.0	0.0	8.86					1	0.02	0.02	-1.02	0.0	0.0	-0.18	-1.02	0.0	0.0	88.26					0.02	0.02	2.9	0.0	0.0	0.87	2.9	0.0	0.0	84.29					-0.02	-0.02	2.24	-0.0	-0.0	0.59	2.24	0.0	0.0	56.02					-0.020000000000000462	-0.020000000000000462	-0.0600000000000005	-0.004132231404958775	-0.004123717183862156	-0.10427525782426361	-0.0600000000000005	0.00040295398554265806	0.00038070294418934836	8.860139067361231				
2025-06-13 07:00:00	600	4.88	4.88	4.88	4.88	4.83	ILP.MI	2.5	2.5	2.5	2.5	2.56	2.05	-1.0	1.0	1.0	1	-1.0	-1.0	1.0	1.0	-1.0	-1.0										-1.0			5.25	2.5									-1.0			3.61	-0.02	-0.02	-0.26	-0.0	-0.0	0.1	4.98	-0.26	0.0	0.0	8.96					1	0.02	0.02	-1.0	0.0	0.0	-0.18	-1.0	0.0	0.0	94.59					0.02	0.02	2.92	0.0	0.0	0.88	2.92	0.0	0.0	84.24					-0.02	-0.02	2.22	-0.0	-0.0	0.59	2.22	0.0	0.0	52.09					-0.019999999999999574	-0.019999999999999574	-0.08000000000000007	-0.00411522633744843	-0.004106781952653281	-0.10794626086596737	-0.08000000000000007	0.0004068864285277146	0.00038466833077221985	8.957991024089125				
2025-06-16 07:00:00	40800	4.96	4.84	4.86	4.96	4.91	ILP.MI	2.46	2.51	2.45	2.51	2.56	2.05	-1.0	1.0	1.0	1	-1.0	-1.0	1.0	1.0	-1.0	-1.0	4.96									-1.0			5.25		2.45								-1.0			3.61	-0.08	-0.08	-0.34	-0.02	-0.02	0.09	4.98	-0.34	0.0	0.0	8.85					1	0.08	0.08	-0.92	0.02	0.02	-0.17	-0.92	0.0	0.0	105.37					0.08	0.08	3.0	0.02	0.02	0.91	3.0	0.0	0.0	84.29					-0.08	-0.08	2.14	-0.02	-0.02	0.56	2.14	0.0	0.0	45.64					-0.08000000000000007	-0.08000000000000007	-0.16000000000000014	-0.016393442622950838	-0.016260520871780326	-0.12233422440038721	-0.16000000000000014	0.0004027120425542747	0.00038045897354810343	8.85412686173811				
2025-06-17 07:00:00	4800	4.92	4.8	4.86	4.9	4.85	ILP.MI	2.49	2.52	2.46	2.51	2.56	2.05	-1.0	1.0	1.0	1	-1.0	-1.0	1.0	1.0	-1.0	-1.0		4.8								-1.0			5.25	2.52									-1.0			3.61	0.06	0.06	-0.28	0.01	0.01	0.1	4.98	-0.28	0.0	0.0	17.85					1	-0.06	-0.06	-0.98	-0.01	-0.01	-0.18	-0.98	0.0	0.0	115.74					-0.06	-0.06	2.94	-0.01	-0.01	0.89	2.94	0.0	0.0	76.48					0.06	0.06	2.2	0.01	0.01	0.58	2.2	0.0	0.0	43.21					0.05999999999999961	0.05999999999999961	-0.10000000000000053	0.012096774193548265	0.012170535620255066	-0.11158729653590227	-0.10000000000000053	0.0007829222459260418	0.0007619114901507018	17.850898221253146				
2025-06-18 07:00:00	4200	4.9	4.8	4.84	4.9	4.85	ILP.MI	2.48	2.51	2.46	2.51	2.56	2.05	-1.0	1.0	1.0	1	-1.0	-1.0	1.0	1.0	-1.0	-1.0										-1.0			5.25		2.46								-1.0			3.61	-0.0	-0.0	-0.28	-0.0	-0.0	0.1	4.98	-0.28	0.0	0.0	8.34					1	0.0	0.0	-0.98	0.0	0.0	-0.18	-0.98	0.0	0.0	105.19					0.0	0.0	2.94	0.0	0.0	0.89	2.94	0.0	0.0	97.05					-0.0	-0.0	2.2	-0.0	-0.0	0.58	2.2	0.0	0.0	58.73					-0.0	-0.0	-0.10000000000000053	-0.0	-0.0	-0.11158729653590227	-0.10000000000000053	0.00031886532298815986	0.00030013872231893224	8.335984555012828				
2025-06-19 07:00:00	1200	4.9	4.9	4.9	4.9	4.85	ILP.MI	2.54	2.54	2.54	2.54	2.56	2.05	-1.0	1.0	1.0	1	-1.0	-1.0	1.0	1.0	-1.0	-1.0	4.9									-1.0			5.25	2.54									-1.0			3.61	-0.0	-0.0	-0.28	-0.0	-0.0	0.1	4.98	-0.28	0.0	0.0	8.34					1	0.0	0.0	-0.98	0.0	0.0	-0.18	-0.98	0.0	0.0	105.19					0.0	0.0	2.94	0.0	0.0	0.89	2.94	0.0	0.0	97.05					-0.0	-0.0	2.2	-0.0	-0.0	0.58	2.2	0.0	0.0	58.73					-0.0	-0.0	-0.10000000000000053	-0.0	-0.0	-0.11158729653590227	-0.10000000000000053	0.00031886532298815986	0.00030013872231893224	8.335984555012828				
2025-06-20 07:00:00	3600	4.94	4.8	4.82	4.94	4.89	ILP.MI	2.48	2.55	2.47	2.55	2.56	2.05	-1.0	1.0	1.0	1	-1.0	-1.0	1.0	1.0	-1.0	-1.0										-1.0			5.25		2.47								-1.0			3.61	-0.04	-0.04	-0.32	-0.01	-0.01	0.09	4.98	-0.32	0.0	0.0	8.58					1	0.04	0.04	-0.94	0.01	0.01	-0.17	-0.94	0.0	0.0	115.11					0.04	0.04	2.98	0.01	0.01	0.9	2.98	0.0	0.0	96.93					-0.04	-0.04	2.16	-0.01	-0.01	0.57	2.16	0.0	0.0	53.22					-0.040000000000000036	-0.040000000000000036	-0.14000000000000057	-0.008163265306122547	-0.008130126083250309	-0.1187809216651663	-0.14000000000000057	0.00032714644857548183	0.00030848480261114197	8.577426093664315				
2025-06-23 07:00:00	7200	4.88	4.8	4.8	4.88	4.83	ILP.MI	2.5	2.54	2.5	2.54	2.56	2.05	-1.0	1.0	1.0	1	-1.0	-1.0	1.0	1.0	-1.0	-1.0										-1.0			5.25	2.54									-1.0			3.61	0.06	0.06	-0.26	0.01	0.01	0.1	4.98	-0.26	0.0	0.0	10.32					1	-0.06	-0.06	-1.0	-0.01	-0.01	-0.18	-1.0	0.0	0.0	105.89					-0.06	-0.06	2.92	-0.01	-0.01	0.88	2.92	0.0	0.0	90.48					0.06	0.06	2.22	0.01	0.01	0.59	2.22	0.0	0.0	54.21					0.0600000000000005	0.0600000000000005	-0.08000000000000007	0.012145748987854366	0.012220111334775444	-0.10794626086596748	-0.08000000000000007	0.0004029111388510905	0.0003838861204750188	10.316976462635807				
2025-06-24 07:00:00	7800	4.86	4.78	4.78	4.86	4.81	ILP.MI	2.45	2.49	2.45	2.49	2.56	2.05	-1.0	1.0	1.0	1	-1.0	-1.0	1.0	1.0	-1.0	-1.0		4.78		4.78						-1.0			5.25		2.45								-1.0			3.61	0.02	0.02	-0.24	0.0	0.0	0.11	4.98	-0.24	0.0	0.0	5.51					1	-0.02	-0.02	-1.02	-0.0	-0.0	-0.18	-1.02	0.0	0.0	92.68					-0.02	-0.02	2.9	-0.0	-0.0	0.87	2.9	0.0	0.0	99.21					0.02	0.02	2.24	0.0	0.0	0.59	2.24	0.0	0.0	64.83					0.019999999999999574	0.019999999999999574	-0.0600000000000005	0.004098360655737654	0.004106781952653359	-0.10427525782426361	-0.0600000000000005	0.0002017160934079964	0.0001836483617627671	5.506974934664711				
2025-06-25 07:00:00	11400	5.0	4.74	4.9	4.8	4.75	ILP.MI	2.52	2.57	2.44	2.47	2.57	2.05	1.0	1.0	1.0	1	-1.0	-1.0	1.0	1.0	-1.0	-1.0	5.0									-1.0			5.25	2.57		2.57							-1.0			3.61	0.06	0.06	-0.18	0.01	0.01	0.12	5.0	-0.18	0.0	0.0	11.96					1	-0.06	-0.06	-1.08	-0.01	-0.01	-0.19	-1.08	0.0	0.0	92.07					-0.06	-0.06	2.84	-0.01	-0.01	0.85	2.84	0.0	0.0	91.79					0.06	0.06	2.3	0.01	0.01	0.61	2.3	0.0	0.0	64.97					0.0600000000000005	0.0600000000000005	0.0	0.012345679012345734	0.012422519998557209	-0.09307869854706685	0.0	0.0004428662319186428	0.0004249383144703245	11.961247066938355				
2025-06-26 07:00:00	0	4.8	4.8	4.8	4.8	4.75	ILP.MI	2.47	2.47	2.47	2.47	2.57	2.06	1.0	1.0	1.0	1	-1.0	-1.0	1.0	1.0	-1.0	-1.0		4.8								-1.0			5.25										-1.0			3.61	0.0	0.0	-0.18	0.0	0.0	0.12	5.0	-0.18	0.0	0.0	9.56					1	0.0	0.0	-1.08	0.0	0.0	-0.19	-1.08	0.0	0.0	88.52					0.0	0.0	2.84	0.0	0.0	0.85	2.84	0.0	0.0	99.63					-0.0	-0.0	2.3	-0.0	-0.0	0.61	2.3	0.0	0.0	71.7					-0.0	-0.0	0.0	-0.0	-0.0	-0.09307869854706685	0.0	0.0003425988634914762	0.0003251272348796519	9.555634146900474				
2025-06-27 07:00:00	0	4.8	4.8	4.8	4.8	4.75	ILP.MI	2.44	2.44	2.44	2.44	2.57	2.16	1.0	1.0	1.0	1	-1.0	-1.0	1.0	1.0	-1.0	-1.0										-1.0			5.25		2.44		2.44						-1.0			3.61	0.0	0.0	-0.18	0.0	0.0	0.12	5.0	-0.18	0.0	0.0	22.41					1	0.0	0.0	-1.08	0.0	0.0	-0.19	-1.08	0.0	0.0	122.16					0.0	0.0	2.84	0.0	0.0	0.85	2.84	0.0	0.0	95.05					-0.0	-0.0	2.3	-0.0	-0.0	0.61	2.3	0.0	0.0	65.77					-0.0	-0.0	0.0	-0.0	-0.0	-0.09307869854706685	0.0	0.000724832465360598	0.000709546925685256	22.414224712496676				
2025-06-30 07:00:00	2400	4.82	4.82	4.82	4.82	4.77	ILP.MI	2.45	2.45	2.45	2.45	2.57	2.16	1.0	1.0	1.0	1	-1.0	-1.0	1.0	1.0	-1.0	-1.0										-1.0			5.25										-1.0			3.61	0.02	0.02	-0.16	0.0	0.0	0.13	5.0	-0.16	0.0	0.0	30.34					1	0.02	0.02	-1.06	0.0	0.0	-0.19	-1.06	0.0	0.0	140.91					0.02	0.02	2.86	0.0	0.0	0.86	2.86	0.0	0.0	93.57					-0.02	-0.02	2.28	-0.0	-0.0	0.61	2.28	0.0	0.0	58.95					-0.020000000000000462	-0.020000000000000462	-0.020000000000000462	-0.004166666666666874	-0.004158010148663898	-0.09684185747425766	-0.020000000000000462	0.000798320167455228	0.000783573623389433	25.469472328665162				
2025-07-01 07:00:00	0	4.82	4.82	4.82	4.82	4.77	ILP.MI	2.46	2.46	2.46	2.46	2.57	2.16	1.0	1.0	1.0	1	-1.0	-1.0	1.0	1.0	-1.0	-1.0										-1.0			5.25										-1.0			3.61	0.0	0.0	-0.16	0.0	0.0	0.13	5.0	-0.16	0.0	0.0	37.14					1	0.0	0.0	-1.06	0.0	0.0	-0.19	-1.06	0.0	0.0	157.49					0.0	0.0	2.86	0.0	0.0	0.86	2.86	0.0	0.0	92.09					-0.0	-0.0	2.28	-0.0	-0.0	0.61	2.28	0.0	0.0	56.91					-0.0	-0.0	-0.020000000000000462	-0.0	-0.0	-0.09684185747425766	-0.020000000000000462	0.0009786959335571638	0.0009646270847847305	32.18560150132376				
2025-07-02 07:00:00	6600	4.86	4.84	4.84	4.86	4.81	ILP.MI	2.46	2.47	2.46	2.47	2.57	2.16	1.0	1.0	1.0	1	-1.0	-1.0	1.0	1.0	-1.0	-1.0										-1.0			5.25	2.47									-1.0			3.61	0.04	0.04	-0.12	0.01	0.01	0.14	5.0	-0.12	0.0	0.0	36.27					1	0.04	0.04	-1.02	0.01	0.01	-0.18	-1.02	0.0	0.0	156.26					0.04	0.04	2.9	0.01	0.01	0.87	2.9	0.0	0.0	100.75					-0.04	-0.04	2.24	-0.01	-0.01	0.59	2.24	0.0	0.0	58.26					-0.040000000000000036	-0.040000000000000036	-0.0600000000000005	-0.008298755186721962	-0.008264509849893431	-0.10427525782426372	-0.0600000000000005	0.0007457129152425687	0.0007316202821727735	24.940480264713457				
2025-07-03 07:00:00	0	4.86	4.86	4.86	4.86	4.81	ILP.MI	2.46	2.46	2.46	2.46	2.57	2.16	1.0	1.0	1.0	1	-1.0	-1.0	1.0	1.0	-1.0	-1.0	4.86									-1.0			5.25		2.46								-1.0			3.61	0.0	0.0	-0.12	0.0	0.0	0.14	5.0	-0.12	0.0	0.0	36.27					1	0.0	0.0	-1.02	0.0	0.0	-0.18	-1.02	0.0	0.0	156.26					0.0	0.0	2.9	0.0	0.0	0.87	2.9	0.0	0.0	100.75					-0.0	-0.0	2.24	-0.0	-0.0	0.59	2.24	0.0	0.0	58.26					-0.0	-0.0	-0.0600000000000005	-0.0	-0.0	-0.10427525782426372	-0.0600000000000005	0.0007457129152425687	0.0007316202821727735	24.940480264713457				
2025-07-04 07:00:00	0	4.86	4.86	4.86	4.86	4.81	ILP.MI	2.48	2.48	2.48	2.48	2.57	2.16	1.0	1.0	1.0	1	-1.0	-1.0	1.0	1.0	-1.0	-1.0										-1.0			5.25	2.48									-1.0			3.61	0.0	0.0	-0.12	0.0	0.0	0.14	5.0	-0.12	0.0	0.0	43.38					1	0.0	0.0	-1.02	0.0	0.0	-0.18	-1.02	0.0	0.0	174.32					0.0	0.0	2.9	0.0	0.0	0.87	2.9	0.0	0.0	99.27					-0.0	-0.0	2.24	-0.0	-0.0	0.59	2.24	0.0	0.0	56.09					-0.0	-0.0	-0.0600000000000005	-0.0	-0.0	-0.10427525782426372	-0.0600000000000005	0.0009232310463813285	0.0009097944566265337	31.840599204580258				
2025-07-07 07:00:00	13200	4.88	4.8	4.84	4.88	4.83	ILP.MI	2.45	2.47	2.43	2.47	2.57	2.16	1.0	1.0	-1.0	1	-1.0	-1.0	1.0	1.0	-1.0	-1.0		4.8								-1.0			5.25										-1.0			3.61	0.02	0.02	-0.1	0.0	0.0	0.14	5.0	-0.1	0.0	0.0	50.38					1	0.02	0.02	-1.0	0.0	0.0	-0.18	-1.0	0.0	0.0	191.1					0.02	0.02	2.92	0.0	0.0	0.88	2.92	0.0	0.0	98.46					-0.02	-0.02	2.22	-0.0	-0.0	0.59	2.22	0.0	0.0	49.76					-0.019999999999999574	-0.019999999999999574	-0.08000000000000007	-0.00411522633744843	-0.004106781952653281	-0.10794626086596748	-0.08000000000000007	0.00095826989495729	0.0009450805806701101	33.5971001630393				
2025-07-08 07:00:00	0	4.88	4.88	4.88	4.88	4.83	ILP.MI	2.45	2.45	2.45	2.45	2.57	2.16	1.0	1.0	-1.0	1	-1.0	-1.0	1.0	1.0	-1.0	-1.0										-1.0			5.25		2.45								-1.0			3.61	0.0	0.0	-0.1	0.0	0.0	0.14	5.0	-0.1	0.0	0.0	48.43					1	0.0	0.0	-1.0	0.0	0.0	-0.18	-1.0	0.0	0.0	188.45					0.0	0.0	2.92	0.0	0.0	0.88	2.92	0.0	0.0	106.86					-0.0	-0.0	2.22	-0.0	-0.0	0.59	2.22	0.0	0.0	56.65					-0.0	-0.0	-0.08000000000000007	-0.0	-0.0	-0.10794626086596748	-0.08000000000000007	0.000866503664909687	0.0008536573227342359	31.31547765002138				
2025-07-09 07:00:00	13800	5.2	4.88	4.88	5.15	5.1	ILP.MI	2.42	2.57	2.42	2.55	2.57	2.16	1.0	1.0	1.0	1	1.0	-1.0	-1.0	1.0	-1.0	-1.0										-1.0			5.25										-1.0			3.61	0.27	0.27	0.17	0.06	0.05	0.2	5.2	0.17	0.0	0.0	54.18					1	0.27	0.27	-0.73	0.06	0.05	-0.13	-0.73	0.0	0.0	196.02					0.27	0.27	3.19	0.06	0.05	0.98	3.19	0.0	0.0	117.83					-0.27	-0.27	1.95	-0.06	-0.05	0.5	1.95	0.0	0.0	47.2					-0.27000000000000046	-0.27000000000000046	-0.35000000000000053	-0.05532786885245922	-0.05385149481058916	-0.15471412680114993	-0.35000000000000053	0.0005054818336531729	0.0004913587501911287	17.127850438907956				
2025-07-10 07:00:00	8400	5.3	5.1	5.2	5.15	5.1	ILP.MI	2.59	2.64	2.54	2.57	2.64	2.16	1.0	1.0	1.0	1	1.0	-1.0	-1.0	1.0	-1.0	-1.0	5.3									-1.0			5.25										-1.0			3.61	0.0	0.0	0.17	0.0	0.0	0.2	5.3	0.17	0.0	0.0	58.78					1	0.0	0.0	-0.73	0.0	0.0	-0.13	-0.73	0.0	0.0	196.02					-0.0	-0.0	3.19	-0.0	-0.0	0.98	3.19	0.0	0.0	117.52					-0.0	-0.0	1.95	-0.0	-0.0	0.5	1.95	0.0	0.0	46.61					-0.0	-0.0	-0.35000000000000053	-0.0	-0.0	-0.15471412680114993	-0.35000000000000053	0.0006328246788837666	0.0006189992852021486	21.59956294254451				
2025-07-11 07:00:00	1800	5.15	5.15	5.15	5.15	5.1	ILP.MI	2.6	2.6	2.6	2.6	2.64	2.16	1.0	1.0	1.0	1	1.0	-1.0	-1.0	1.0	-1.0	-1.0		5.15								-1.0			5.25	2.6									-1.0			3.61	0.0	0.0	0.17	0.0	0.0	0.2	5.3	0.17	0.0	0.0	63.41					1	0.0	0.0	-0.73	0.0	0.0	-0.13	-0.73	0.0	0.0	196.02					-0.0	-0.0	3.19	-0.0	-0.0	0.98	3.19	0.0	0.0	117.2					-0.0	-0.0	1.95	-0.0	-0.0	0.5	1.95	0.0	0.0	46.0					-0.0	-0.0	-0.35000000000000053	-0.0	-0.0	-0.15471412680114993	-0.35000000000000053	0.0007591357699840242	0.0007456159914200899	26.100767849222905				
2025-07-14 07:00:00	600	5.15	5.15	5.15	5.15	5.1	ILP.MI	2.59	2.59	2.59	2.59	2.64	2.16	1.0	1.0	1.0	1	1.0	-1.0	-1.0	1.0	-1.0	-1.0										-1.0			5.25		2.59								-1.0			3.61	0.0	0.0	0.17	0.0	0.0	0.2	5.3	0.17	0.0	0.0	63.41					1	0.0	0.0	-0.73	0.0	0.0	-0.13	-0.73	0.0	0.0	196.02					-0.0	-0.0	3.19	-0.0	-0.0	0.98	3.19	0.0	0.0	117.2					-0.0	-0.0	1.95	-0.0	-0.0	0.5	1.95	0.0	0.0	46.0					-0.0	-0.0	-0.35000000000000053	-0.0	-0.0	-0.15471412680114993	-0.35000000000000053	0.0007591357699840242	0.0007456159914200899	26.100767849222905				
2025-07-15 07:00:00	56400	5.35	5.15	5.15	5.35	5.29	ILP.MI	2.61	2.71	2.61	2.71	2.71	2.16	1.0	1.0	1.0	1	1.0	-1.0	-1.0	1.0	-1.0	-1.0										1.0			5.25										-1.0			3.61	0.2	0.2	0.37	0.04	0.04	0.25	5.35	0.37	0.0	0.0	66.42					1	0.2	0.2	-0.53	0.04	0.04	-0.1	-0.53	0.0	0.0	201.1					-0.2	-0.2	2.99	-0.04	-0.04	0.91	2.99	0.0	0.0	107.6					-0.2	-0.2	1.75	-0.04	-0.04	0.45	1.75	0.0	0.0	40.65					-0.1999999999999993	-0.1999999999999993	-0.5499999999999998	-0.03883495145631044	-0.038099846232270175	-0.18631359869643382	-0.5499999999999998	0.00045419709690275225	0.00043976392481481774	15.068857527179034				
2025-07-16 07:00:00	57000	5.45	5.35	5.35	5.45	5.39	ILP.MI	2.72	2.77	2.72	2.77	2.77	2.16	1.0	1.0	1.0	1	1.0	-1.0	-1.0	1.0	-1.0	-1.0										1.0			5.25										-1.0			3.61	0.1	0.1	0.47	0.02	0.02	0.27	5.45	0.47	0.0	0.0	76.96					1	0.1	0.1	-0.43	0.02	0.02	-0.08	-0.43	0.0	0.0	203.21					-0.1	-0.1	2.89	-0.02	-0.02	0.87	2.89	0.0	0.0	96.72					-0.1	-0.1	1.65	-0.02	-0.02	0.42	1.65	0.0	0.0	30.65					-0.10000000000000053	-0.10000000000000053	-0.6500000000000004	-0.01869158878504673	-0.01851904776723753	-0.20124362440842591	-0.6500000000000004	0.00047212660041706395	0.0004578249290356773	15.781534680174886				
2025-07-17 07:00:00	16800	5.6	5.2	5.2	5.6	5.54	ILP.MI	2.62	2.82	2.62	2.82	2.82	2.16	1.0	1.0	1.0	1	1.0	-1.0	-1.0	1.0	-1.0	-1.0										1.0			5.25										-1.0			3.61	0.15	0.15	0.62	0.03	0.03	0.31	5.6	0.62	0.0	0.0	79.3					1	0.15	0.15	-0.28	0.03	0.03	-0.06	-0.28	0.0	0.0	205.98					-0.15	-0.15	2.74	-0.03	-0.03	0.82	2.74	0.0	0.0	85.77					-0.15	-0.15	1.5	-0.03	-0.03	0.38	1.5	0.0	0.0	22.8					-0.14999999999999947	-0.14999999999999947	-0.7999999999999998	-0.02752293577981635	-0.027150989065950683	-0.22263888446891444	-0.7999999999999998	0.00026235373339135405	0.00024715749439829793	8.433322655146554				
2025-07-18 07:00:00	74400	5.75	5.6	5.7	5.75	5.69	ILP.MI	2.86	2.88	2.81	2.88	2.88	2.16	1.0	1.0	1.0	1	1.0	-1.0	-1.0	1.0	-1.0	-1.0	5.75									1.0			5.25	2.88									-1.0			3.61	0.15	0.15	0.77	0.03	0.03	0.34	5.75	0.77	0.0	0.0	80.29					1	0.15	0.15	-0.13	0.03	0.03	-0.03	-0.13	0.0	0.0	208.35					-0.15	-0.15	2.59	-0.03	-0.03	0.78	2.59	0.0	0.0	82.69					-0.15	-0.15	1.35	-0.03	-0.03	0.35	1.35	0.0	0.0	20.99					-0.15000000000000036	-0.15000000000000036	-0.9500000000000002	-0.026785714285714413	-0.026433257068155646	-0.24291787009146448	-0.9500000000000002	-3.913637679415051e-05	-5.484516516407467e-05	-1.2530302707888978				
2025-07-21 07:00:00	24000	5.8	5.45	5.75	5.7	5.64	ILP.MI	2.89	2.92	2.74	2.87	2.92	2.16	1.0	1.0	1.0	1	1.0	-1.0	-1.0	1.0	-1.0	-1.0										1.0			5.25										-1.0			3.61	-0.05	-0.05	0.72	-0.01	-0.01	0.33	5.8	0.72	0.0	0.0	82.66					1	-0.05	-0.05	-0.18	-0.01	-0.01	-0.04	-0.18	0.0	0.0	197.01					0.05	0.05	2.64	0.01	0.01	0.79	2.64	0.0	0.0	81.91					0.05	0.05	1.4	0.01	0.01	0.36	1.4	0.0	0.0	19.46					0.04999999999999982	0.04999999999999982	-0.9000000000000004	0.008695652173912993	0.008733679968754553	-0.23627679877647745	-0.9000000000000004	0.00020034273859874472	0.00018508532349237328	6.450182671442434				
2025-07-22 07:00:00	22800	5.8	5.55	5.75	5.55	5.49	ILP.MI	2.89	2.92	2.79	2.79	2.92	2.16	1.0	1.0	1.0	1	1.0	-1.0	-1.0	1.0	1.0	1.0										1.0			5.25										-1.0			3.61	-0.15	-0.15	0.57	-0.03	-0.03	0.3	5.8	0.57	0.0	0.0	72.38					1	-0.15	-0.15	-0.33	-0.03	-0.03	-0.07	-0.33	0.0	0.0	175.12					0.15	0.15	2.79	0.03	0.03	0.84	2.79	0.0	0.0	89.72					0.15	0.15	1.55	0.03	0.03	0.4	1.55	0.0	0.0	28.23					0.15000000000000036	0.15000000000000036	-0.75	0.026315789473684292	0.02666824708216141	-0.2156356311758416	-0.75	0.00031120600044785666	0.0002954865969386766	9.634885906524048				
2025-07-23 07:00:00	7200	5.65	5.55	5.55	5.65	5.59	ILP.MI	2.76	2.81	2.76	2.81	2.92	2.16	1.0	1.0	1.0	1	1.0	-1.0	-1.0	1.0	1.0	1.0										1.0			5.25										-1.0			3.61	0.1	0.1	0.67	0.02	0.02	0.32	5.8	0.67	0.0	0.0	81.42					1	0.1	0.1	-0.23	0.02	0.02	-0.05	-0.23	0.0	0.0	176.74					-0.1	-0.1	2.69	-0.02	-0.02	0.81	2.69	0.0	0.0	80.49					0.1	0.1	1.65	0.02	0.02	0.42	1.65	0.0	0.0	28.12					-0.10000000000000053	-0.10000000000000053	-0.8500000000000005	-0.018018018018018056	-0.01785761740000647	-0.2295181863762692	-0.8500000000000005	0.00031389725399955755	0.00029819804731201494	9.728367076714605				
2025-07-24 07:00:00	5400	5.55	5.55	5.55	5.55	5.49	ILP.MI	2.76	2.76	2.76	2.76	2.92	2.16	1.0	1.0	1.0	1	1.0	-1.0	-1.0	1.0	1.0	1.0		5.55								1.0			5.25										-1.0			3.61	-0.1	-0.1	0.57	-0.02	-0.02	0.3	5.8	0.57	0.0	0.0	79.42					1	-0.1	-0.1	-0.33	-0.02	-0.02	-0.07	-0.33	0.0	0.0	162.09					0.1	0.1	2.79	0.02	0.02	0.84	2.79	0.0	0.0	81.16					-0.1	-0.1	1.55	-0.02	-0.02	0.4	1.55	0.0	0.0	20.76					0.10000000000000053	0.10000000000000053	-0.75	0.017699115044247926	0.017857617400006572	-0.2156356311758415	-0.75	0.0005787108868678687	0.0005629790462002848	17.477016177496864				
2025-07-25 07:00:00	0	5.55	5.55	5.55	5.55	5.49	ILP.MI	2.75	2.75	2.75	2.75	2.92	2.16	1.0	1.0	1.0	1	1.0	-1.0	-1.0	1.0	1.0	1.0										1.0			5.25		2.75								-1.0			3.61	0.0	0.0	0.57	0.0	0.0	0.3	5.8	0.57	0.0	0.0	77.19					1	0.0	0.0	-0.33	0.0	0.0	-0.07	-0.33	0.0	0.0	162.09					-0.0	-0.0	2.79	-0.0	-0.0	0.84	2.79	0.0	0.0	91.61					0.0	0.0	1.55	0.0	0.0	0.4	1.55	0.0	0.0	28.37					-0.0	-0.0	-0.75	-0.0	-0.0	-0.2156356311758415	-0.75	0.00039814372017187667	0.00038314510169268345	12.780747573019				
2025-07-28 07:00:00	38400	5.9	5.7	5.7	5.8	5.74	ILP.MI	2.83	2.93	2.83	2.88	2.93	2.16	1.0	1.0	1.0	1	1.0	-1.0	-1.0	1.0	1.0	1.0										1.0			5.25	2.93		2.93		2.93					-1.0			3.61	0.25	0.25	0.82	0.05	0.04	0.36	5.9	0.82	0.0	0.0	88.42					1	0.25	0.25	-0.08	0.05	0.04	-0.02	-0.08	0.0	0.0	165.79					-0.25	-0.25	2.54	-0.05	-0.04	0.76	2.54	0.0	0.0	75.97					0.25	0.25	1.8	0.05	0.04	0.46	1.8	0.0	0.0	31.79					-0.25	-0.25	-1.0	-0.04504504504504503	-0.044059989794030495	-0.24944444017688283	-1.0	0.00030905191330139054	0.00029337810350504867	9.575512708613388				
2025-07-29 07:00:00	15000	5.85	5.75	5.85	5.85	5.79	ILP.MI	2.87	2.87	2.82	2.87	2.93	2.16	1.0	1.0	1.0	1	1.0	-1.0	-1.0	1.0	1.0	1.0										1.0			5.25										-1.0			3.61	0.05	0.05	0.87	0.01	0.01	0.37	5.9	0.87	0.0	0.0	95.92					1	0.05	0.05	-0.03	0.01	0.01	-0.02	-0.03	0.0	0.0	166.43					-0.05	-0.05	2.49	-0.01	-0.01	0.75	2.49	0.0	0.0	69.54					0.05	0.05	1.85	0.01	0.01	0.47	1.85	0.0	0.0	31.12					-0.04999999999999982	-0.04999999999999982	-1.0499999999999998	-0.008620689655172376	-0.008583743691391435	-0.25585944496169577	-1.0499999999999998	0.00032706448522317735	0.00031152839213377526	10.205423541053293				
2025-07-30 07:00:00	1200	5.9	5.8	5.9	5.8	5.74	ILP.MI	2.86	2.86	2.82	2.82	2.93	2.16	1.0	1.0	1.0	1	1.0	-1.0	-1.0	1.0	1.0	1.0										1.0			5.25		2.82								-1.0			3.61	-0.05	-0.05	0.82	-0.01	-0.01	0.36	5.9	0.82	0.0	0.0	87.95					1	-0.05	-0.05	-0.08	-0.01	-0.01	-0.02	-0.08	0.0	0.0	157.59					0.05	0.05	2.54	0.01	0.01	0.76	2.54	0.0	0.0	81.09					-0.05	-0.05	1.8	-0.01	-0.01	0.46	1.8	0.0	0.0	34.95					0.04999999999999982	0.04999999999999982	-1.0	0.008547008547008517	0.008583743691391442	-0.24944444017688283	-1.0	0.0001726788450381344	0.00015776686288426767	5.694586062912563				
2025-07-31 07:00:00	600	5.9	5.9	5.9	5.9	5.84	ILP.MI	2.91	2.91	2.91	2.91	2.93	2.16	1.0	1.0	1.0	1	1.0	-1.0	-1.0	1.0	1.0	1.0	5.9		5.9							1.0			5.25	2.91									-1.0			3.61	0.1	0.1	0.92	0.02	0.02	0.38	5.9	0.92	0.0	0.0	89.22					1	0.1	0.1	0.02	0.02	0.02	-0.01	0.02	0.0	0.0	158.88					-0.1	-0.1	2.44	-0.02	-0.02	0.73	2.44	0.0	0.0	73.61					0.1	0.1	1.9	0.02	0.02	0.48	1.9	0.0	0.0	37.11					-0.10000000000000053	-0.10000000000000053	-1.1000000000000005	-0.017241379310344973	-0.017094433359300255	-0.26216572085185097	-1.1000000000000005	-3.2359571482528868e-06	-1.8793696422325645e-05	-0.10426072000792885				
2025-08-01 07:00:00	42000	5.9	5.6	5.8	5.6	5.54	ILP.MI	2.93	2.99	2.83	2.83	2.99	2.16	1.0	1.0	1.0	1	1.0	-1.0	-1.0	1.0	1.0	1.0										1.0			5.25										-1.0			3.61	-0.3	-0.3	0.62	-0.05	-0.05	0.31	5.9	0.62	0.0	0.0	72.58					1	-0.3	-0.3	-0.28	-0.05	-0.05	-0.06	-0.28	0.0	0.0	131.89					0.3	0.3	2.74	0.05	0.05	0.82	2.74	0.0	0.0	85.46					-0.3	-0.3	1.6	-0.05	-0.05	0.41	1.6	0.0	0.0	31.84					0.3000000000000007	0.3000000000000007	-0.7999999999999998	0.05084745762711873	0.05218575317057031	-0.22263888446891433	-0.7999999999999998	0.00020942221517786588	0.0001929635595974144	6.250128182674317				
2025-08-04 07:00:00	3000	5.7	5.6	5.6	5.7	5.64	ILP.MI	2.78	2.83	2.78	2.83	2.99	2.16	1.0	1.0	1.0	1	1.0	-1.0	-1.0	1.0	1.0	1.0		5.6								1.0			5.25		2.78								-1.0			3.61	0.1	0.1	0.72	0.02	0.02	0.33	5.9	0.72	0.0	0.0	84.49					1	0.1	0.1	-0.18	0.02	0.02	-0.04	-0.18	0.0	0.0	133.2					-0.1	-0.1	2.64	-0.02	-0.02	0.79	2.64	0.0	0.0	75.46					0.1	0.1	1.7	0.02	0.02	0.43	1.7	0.0	0.0	29.92					-0.10000000000000053	-0.10000000000000053	-0.9000000000000004	-0.017857142857143016	-0.017699577099401075	-0.23627679877647734	-0.9000000000000004	0.00026430269820969634	0.0002482629549627191	8.053189471517769				
2025-08-05 07:00:00	0	5.7	5.7	5.7	5.7	5.64	ILP.MI	2.83	2.83	2.83	2.83	2.99	2.16	1.0	1.0	1.0	1	1.0	-1.0	-1.0	1.0	1.0	1.0	5.7									1.0			5.25	2.83									-1.0			3.61	0.0	0.0	0.72	0.0	0.0	0.33	5.9	0.72	0.0	0.0	84.49					1	0.0	0.0	-0.18	0.0	0.0	-0.04	-0.18	0.0	0.0	133.2					-0.0	-0.0	2.64	-0.0	-0.0	0.79	2.64	0.0	0.0	75.46					0.0	0.0	1.7	0.0	0.0	0.43	1.7	0.0	0.0	29.92					-0.0	-0.0	-0.9000000000000004	-0.0	-0.0	-0.23627679877647734	-0.9000000000000004	0.00026430269820969634	0.0002482629549627191	8.053189471517769				
2025-08-06 07:00:00	2400	5.75	5.6	5.6	5.75	5.69	ILP.MI	2.76	2.83	2.76	2.83	2.99	2.16	1.0	1.0	1.0	1	1.0	-1.0	-1.0	1.0	1.0	1.0										1.0			5.25										-1.0			3.61	0.05	0.05	0.77	0.01	0.01	0.34	5.9	0.77	0.0	0.0	84.78					1	0.05	0.05	-0.13	0.01	0.01	-0.03	-0.13	0.0	0.0	133.82					-0.05	-0.05	2.59	-0.01	-0.01	0.78	2.59	0.0	0.0	74.54					0.05	0.05	1.75	0.01	0.01	0.45	1.75	0.0	0.0	35.14					-0.04999999999999982	-0.04999999999999982	-0.9500000000000002	-0.00877192982456143	-0.008733679968754631	-0.24291787009146448	-0.9500000000000002	8.487107960990226e-05	6.852999658635284e-05	2.5819070360695378				
2025-08-07 07:00:00	7200	5.65	5.55	5.65	5.6	5.54	ILP.MI	2.76	2.76	2.71	2.73	2.99	2.16	1.0	1.0	1.0	1	1.0	-1.0	-1.0	1.0	1.0	1.0										1.0			5.25										-1.0			3.61	-0.15	-0.15	0.62	-0.03	-0.03	0.31	5.9	0.62	0.0	0.0	86.1					1	-0.15	-0.15	-0.28	-0.03	-0.03	-0.06	-0.28	0.0	0.0	120.37					0.15	0.15	2.74	0.03	0.03	0.82	2.74	0.0	0.0	74.09					-0.15	-0.15	1.6	-0.03	-0.03	0.41	1.6	0.0	0.0	23.58					0.15000000000000036	0.15000000000000036	-0.7999999999999998	0.026086956521739202	0.026433257068155597	-0.22263888446891444	-0.7999999999999998	0.00048767753987738124	0.0004716825635358024	14.642876231199708				
2025-08-08 07:00:00	2400	5.5	5.4	5.5	5.4	5.34	ILP.MI	2.67	2.67	2.62	2.62	2.99	2.16	1.0	1.0	1.0	1	1.0	-1.0	-1.0	1.0	1.0	1.0										1.0			5.25										-1.0			3.61	-0.2	-0.2	0.42	-0.04	-0.04	0.26	5.9	0.42	0.0	0.0	74.7					1	-0.2	-0.2	-0.48	-0.04	-0.04	-0.09	-0.48	0.0	0.0	105.24					0.2	0.2	2.94	0.04	0.04	0.89	2.94	0.0	0.0	76.86					-0.2	-0.2	1.4	-0.04	-0.04	0.36	1.4	0.0	0.0	15.32					0.1999999999999993	0.1999999999999993	-0.6000000000000005	0.03571428571428559	0.036367644170874715	-0.19384773204183736	-0.6000000000000005	0.00072043046257098	0.0007034348397843004	20.08580694074763				
2025-08-11 07:00:00	12600	5.45	5.1	5.45	5.35	5.29	ILP.MI	2.65	2.65	2.48	2.6	2.99	2.16	1.0	1.0	-1.0	0	1.0	-1.0	-1.0	1.0	1.0	1.0		5.1								1.0			5.25										-1.0			3.61	-0.05	-0.05	0.37	-0.01	-0.01	0.25	5.9	0.37	0.0	0.0	69.54					1	-0.05	-0.05	-0.53	-0.01	-0.01	-0.1	-0.53	0.0	0.0	98.92					0.05	0.05	2.99	0.01	0.01	0.91	2.99	0.0	0.0	77.51					-0.05	-0.05	1.35	-0.01	-0.01	0.35	1.35	0.0	0.0	10.79					0.05000000000000071	0.05000000000000071	-0.5499999999999998	0.009259259259259411	0.009302392662313674	-0.18631359869643382	-0.5499999999999998	0.0007799657756097866	0.0007627093511417549	21.355357392550403				
2025-08-12 07:00:00	0	5.35	5.35	5.35	5.35	5.29	ILP.MI	2.58	2.58	2.58	2.58	2.99	2.16	1.0	1.0	-1.0	0	1.0	-1.0	-1.0	1.0	1.0	1.0	5.35									1.0			5.25										-1.0			3.61	0.0	0.0	0.37	0.0	0.0	0.25	5.9	0.37	0.0	0.0	68.48					1	0.0	0.0	-0.53	0.0	0.0	-0.1	-0.53	0.0	0.0	98.92					-0.0	-0.0	2.99	-0.0	-0.0	0.91	2.99	0.0	0.0	83.97					0.0	0.0	1.35	0.0	0.0	0.35	1.35	0.0	0.0	15.86					-0.0	-0.0	-0.5499999999999998	-0.0	-0.0	-0.18631359869643382	-0.5499999999999998	0.0006928896024528028	0.0006760139576329482	19.48268343531366				
2025-08-13 07:00:00	1200	5.35	5.25	5.25	5.35	5.29	ILP.MI	2.52	2.56	2.52	2.56	2.99	2.16	1.0	1.0	-1.0	0	1.0	-1.0	-1.0	1.0	1.0	1.0										1.0			5.25										-1.0			3.61	0.0	0.0	0.37	0.0	0.0	0.25	5.9	0.37	0.0	0.0	67.73					1	0.0	0.0	-0.53	0.0	0.0	-0.1	-0.53	0.0	0.0	98.92					-0.0	-0.0	2.99	-0.0	-0.0	0.91	2.99	0.0	0.0	89.56					0.0	0.0	1.35	0.0	0.0	0.35	1.35	0.0	0.0	20.46					-0.0	-0.0	-0.5499999999999998	-0.0	-0.0	-0.18631359869643382	-0.5499999999999998	0.000634173594286139	0.0006175523265248284	18.161872859772046				
2025-08-14 07:00:00	5400	5.25	5.2	5.25	5.25	5.19	ILP.MI	2.49	2.49	2.46	2.49	2.99	2.16	1.0	1.0	-1.0	0	1.0	-1.0	-1.0	1.0	1.0	1.0										1.0			5.25										-1.0			3.61	-0.1	-0.1	0.27	-0.02	-0.02	0.23	5.9	0.27	0.0	0.0	60.85					1	-0.0	-0.0	-0.53	-0.0	-0.0	-0.1	-0.53	0.0	0.0	98.92					0.1	0.1	3.09	0.02	0.02	0.95	3.09	0.0	0.0	90.75					-0.1	-0.1	1.25	-0.02	-0.02	0.32	1.25	0.0	0.0	14.65					0.09999999999999964	0.09999999999999964	-0.4500000000000002	0.01869158878504662	0.01886848430438269	-0.17081481010017552	-0.4500000000000002	0.0007549318938341884	0.0007377853739467533	20.82712164985564				
2025-08-18 07:00:00	600	5.2	5.2	5.2	5.2	5.14	ILP.MI	2.46	2.46	2.46	2.46	2.99	2.19	1.0	1.0	-1.0	0	1.0	-1.0	-1.0	1.0	1.0	1.0										1.0			5.25										-1.0			3.61	-0.05	-0.05	0.22	-0.01	-0.01	0.22	5.9	0.22	0.0	0.0	54.62					1	-0.0	-0.0	-0.53	-0.0	-0.0	-0.1	-0.53	0.0	0.0	98.92					0.05	0.05	3.14	0.01	0.01	0.96	3.14	0.0	0.0	98.26					-0.05	-0.05	1.2	-0.01	-0.01	0.31	1.2	0.0	0.0	15.19					0.04999999999999982	0.04999999999999982	-0.40000000000000036	0.00952380952380949	0.009569451016150672	-0.162841875581908	-0.40000000000000036	0.0007270798138184612	0.0007100551607086558	20.229897288921407				
2025-08-19 07:00:00	1200	5.15	5.15	5.15	5.15	5.1	ILP.MI	2.42	2.42	2.42	2.42	2.99	2.24	1.0	1.0	-1.0	0	1.0	-1.0	-1.0	1.0	1.0	1.0										1.0			5.25										-1.0			3.61	-0.05	-0.05	0.17	-0.01	-0.01	0.2	5.9	0.17	0.0	0.0	49.7					1	-0.0	-0.0	-0.53	-0.0	-0.0	-0.1	-0.53	0.0	0.0	98.92					0.05	0.05	3.19	0.01	0.01	0.98	3.19	0.0	0.0	98.82					-0.05	-0.05	1.15	-0.01	-0.01	0.29	1.15	0.0	0.0	10.63					0.04999999999999982	0.04999999999999982	-0.35000000000000053	0.009615384615384581	0.009661910911736859	-0.15471412680114982	-0.35000000000000053	0.0007889160436535779	0.000771620240687998	21.54228572968789				
2025-08-20 07:00:00	4800	5.1	5.0	5.1	5.1	5.05	ILP.MI	2.4	2.4	2.36	2.4	2.99	2.24	1.0	-1.0	-1.0	0	1.0	-1.0	-1.0	1.0	1.0	1.0		5.0		5.0						1.0			5.25		2.36		2.36		2.36				1.0			2.36	-0.05	-0.05	0.12	-0.01	-0.01	0.19	5.0	0.12	0.0	0.0	51.96					1	-0.0	-0.0	-0.53	-0.0	-0.0	-0.1	-0.53	0.0	0.0	98.92					0.05	0.05	3.24	0.01	0.01	1.0	3.24	0.0	0.0	98.05					-0.05	-0.05	1.1	-0.01	-0.01	0.28	1.1	0.0	0.0	2.4					0.05000000000000071	0.05000000000000071	-0.2999999999999998	0.009708737864077777	0.009756174945364798	-0.1464270103972395	-0.2999999999999998	0.00105560436608424	0.00103889854453465	29.252035177510862				
2025-08-21 07:00:00	1200	5.2	5.15	5.15	5.2	5.14	ILP.MI	2.42	2.44	2.42	2.44	2.99	2.24	1.0	-1.0	-1.0	0	1.0	-1.0	-1.0	1.0	1.0	1.0										1.0			5.25	2.44									1.0			2.36	0.1	0.1	0.22	0.02	0.02	0.22	5.0	0.22	0.0	0.0	53.34					1	0.0	0.0	-0.53	0.0	0.0	-0.1	-0.53	0.0	0.0	98.92					-0.1	-0.1	3.14	-0.02	-0.02	0.96	3.14	0.0	0.0	94.2					0.1	0.1	1.2	0.02	0.02	0.31	1.2	0.0	0.0	9.46					0.10000000000000053	0.10000000000000053	-0.1999999999999993	0.019607843137255054	0.01941808585710173	-0.12969028511091063	-0.1999999999999993	0.0011520735884772244	0.0011349569365166623	31.05475026194837				
2025-08-22 07:00:00	0	5.2	5.2	5.2	5.2	5.14	ILP.MI	2.43	2.43	2.43	2.43	2.99	2.24	1.0	-1.0	-1.0	0	1.0	-1.0	-1.0	1.0	1.0	1.0	5.2									1.0			5.25										1.0			2.36	0.0	0.0	0.22	0.0	0.0	0.22	5.0	0.22	0.0	0.0	52.06					1	0.0	0.0	-0.53	0.0	0.0	-0.1	-0.53	0.0	0.0	98.92					-0.0	-0.0	3.14	-0.0	-0.0	0.96	3.14	0.0	0.0	101.16					0.0	0.0	1.2	0.0	0.0	0.31	1.2	0.0	0.0	14.52					0.0	0.0	-0.1999999999999993	0.0	0.0	-0.12969028511091063	-0.1999999999999993	0.0010620028631779539	0.0010452699462333293	29.374727285173122				
2025-08-25 07:00:00	1200	5.15	5.15	5.15	5.15	5.1	ILP.MI	2.41	2.41	2.41	2.41	2.99	2.24	1.0	-1.0	-1.0	0	1.0	-1.0	-1.0	1.0	1.0	1.0										1.0			5.25		2.41								1.0			2.36	-0.05	-0.05	0.17	-0.01	-0.01	0.2	5.0	0.17	0.0	0.0	51.99					1	-0.0	-0.0	-0.53	-0.0	-0.0	-0.1	-0.53	0.0	0.0	98.18					0.05	0.05	3.19	0.01	0.01	0.98	3.19	0.0	0.0	101.18					-0.05	-0.05	1.15	-0.01	-0.01	0.29	1.15	0.0	0.0	8.52					-0.04999999999999982	-0.04999999999999982	-0.2499999999999991	-0.009615384615384581	-0.009661910911736859	-0.13805864775407495	-0.2499999999999991	0.0010605938139316633	0.001043849741937164	29.318436908613307				
2025-08-26 07:00:00	1800	5.15	5.05	5.05	5.15	5.1	ILP.MI	2.39	2.44	2.39	2.44	2.99	2.24	1.0	-1.0	-1.0	0	1.0	-1.0	-1.0	1.0	1.0	1.0										1.0			5.25										1.0			2.36	0.0	0.0	0.17	0.0	0.0	0.2	5.0	0.17	0.0	0.0	51.99					1	0.0	0.0	-0.53	0.0	0.0	-0.1	-0.53	0.0	0.0	98.18					-0.0	-0.0	3.19	-0.0	-0.0	0.98	3.19	0.0	0.0	101.18					0.0	0.0	1.15	0.0	0.0	0.29	1.15	0.0	0.0	8.52					0.0	0.0	-0.2499999999999991	0.0	0.0	-0.13805864775407495	-0.2499999999999991	0.0010605938139316633	0.001043849741937164	29.318436908613307				
2025-08-27 07:00:00	600	5.1	5.1	5.1	5.1	5.05	ILP.MI	2.43	2.43	2.43	2.43	2.99	2.24	1.0	-1.0	-1.0	0	1.0	-1.0	-1.0	1.0	1.0	1.0		5.1								1.0			5.25										1.0			2.36	-0.05	-0.05	0.12	-0.01	-0.01	0.19	5.0	0.12	0.0	0.0	44.18					1	-0.0	-0.0	-0.53	-0.0	-0.0	-0.1	-0.53	0.0	0.0	110.12					0.05	0.05	3.24	0.01	0.01	1.0	3.24	0.0	0.0	113.16					-0.05	-0.05	1.1	-0.01	-0.01	0.28	1.1	0.0	0.0	10.76					-0.05000000000000071	-0.05000000000000071	-0.2999999999999998	-0.009708737864077777	-0.009756174945364798	-0.14642701039723938	-0.2999999999999998	0.0007247776492299227	0.0007083254052531185	20.85524858857157				
2025-08-28 07:00:00	1200	5.3	5.2	5.2	5.3	5.24	ILP.MI	2.48	2.52	2.48	2.52	2.99	2.24	1.0	-1.0	-1.0	0	1.0	-1.0	-1.0	1.0	1.0	1.0										1.0			5.25										1.0			2.36	0.2	0.2	0.32	0.04	0.04	0.24	5.0	0.32	0.0	0.0	47.59					1	0.0	0.0	-0.53	0.0	0.0	-0.1	-0.53	0.0	0.0	115.45					-0.2	-0.2	3.04	-0.04	-0.04	0.93	3.04	0.0	0.0	103.53					0.2	0.2	1.3	0.04	0.04	0.33	1.3	0.0	0.0	20.3					0.20000000000000018	0.20000000000000018	-0.09999999999999964	0.03921568627450989	0.03846628082779614	-0.112953559824582	-0.09999999999999964	0.0009405579888727925	0.0009231662536413054	25.362126784741235				
2025-08-29 07:00:00	8400	5.6	5.35	5.35	5.5	5.44	ILP.MI	2.56	2.68	2.56	2.63	2.99	2.24	1.0	-1.0	-1.0	0	1.0	-1.0	-1.0	1.0	1.0	1.0	5.6									1.0			5.25	2.68		2.68							1.0			2.36	0.2	0.2	0.52	0.04	0.04	0.29	5.0	0.52	0.0	0.0	45.43					1	0.0	0.0	-0.53	0.0	0.0	-0.1	-0.53	0.0	0.0	115.45					-0.2	-0.2	2.84	-0.04	-0.04	0.86	2.84	0.0	0.0	109.61					0.2	0.2	1.5	0.04	0.04	0.38	1.5	0.0	0.0	36.5					0.20000000000000018	0.20000000000000018	0.10000000000000053	0.037735849056603765	0.037041271680349076	-0.07948010925192472	0.10000000000000053	0.0008010429274802528	0.0007842615944484432	22.515676085882546				
2025-09-01 07:00:00	15000	5.5	5.4	5.5	5.4	5.34	ILP.MI	2.62	2.62	2.57	2.57	2.99	2.24	1.0	-1.0	-1.0	0	1.0	-1.0	-1.0	1.0	1.0	1.0										1.0			5.25		2.57								1.0			2.36	-0.1	-0.1	0.42	-0.02	-0.02	0.26	5.0	0.42	0.0	0.0	51.7					1	-0.0	-0.0	-0.53	-0.0	-0.0	-0.1	-0.53	0.0	0.0	139.01					0.1	0.1	2.94	0.02	0.02	0.89	2.94	0.0	0.0	107.62					-0.1	-0.1	1.4	-0.02	-0.02	0.36	1.4	0.0	0.0	23.53					-0.09999999999999964	-0.09999999999999964	8.881784197001252e-16	-0.018181818181818077	-0.01834913866819643	-0.09621683453825325	8.881784197001252e-16	0.0009296280248477385	0.0009138290443773123	27.552545333771576				
2025-09-02 07:00:00	1200	5.5	5.4	5.5	5.4	5.34	ILP.MI	2.66	2.66	2.62	2.62	2.99	2.24	1.0	-1.0	-1.0	0	1.0	-1.0	-1.0	1.0	1.0	1.0										1.0			5.25	2.66									1.0			2.36	0.0	0.0	0.42	0.0	0.0	0.26	5.0	0.42	0.0	0.0	47.98					1	0.0	0.0	-0.53	0.0	0.0	-0.1	-0.53	0.0	0.0	136.4					-0.0	-0.0	2.94	-0.0	-0.0	0.89	2.94	0.0	0.0	121.87					0.0	0.0	1.4	0.0	0.0	0.36	1.4	0.0	0.0	32.31					0.0	0.0	8.881784197001252e-16	0.0	0.0	-0.09621683453825325	8.881784197001252e-16	0.0007116020756406586	0.0006967071708745554	22.58679619754639				
2025-09-03 07:00:00	2400	5.4	5.4	5.4	5.4	5.34	ILP.MI	2.61	2.61	2.61	2.61	2.99	2.24	1.0	-1.0	-1.0	0	1.0	-1.0	-1.0	1.0	1.0	1.0		5.4								1.0			5.25		2.61								1.0			2.36	0.0	0.0	0.42	0.0	0.0	0.26	5.0	0.42	0.0	0.0	56.33					1	0.0	0.0	-0.53	0.0	0.0	-0.1	-0.53	0.0	0.0	151.37					-0.0	-0.0	2.94	-0.0	-0.0	0.89	2.94	0.0	0.0	120.44					0.0	0.0	1.4	0.0	0.0	0.36	1.4	0.0	0.0	28.79					0.0	0.0	8.881784197001252e-16	0.0	0.0	-0.09621683453825325	8.881784197001252e-16	0.0009108087143957356	0.0008967288116970007	30.028938330780917				
2025-09-04 07:00:00	600	5.5	5.5	5.5	5.5	5.44	ILP.MI	2.65	2.65	2.65	2.65	2.99	2.24	1.0	-1.0	-1.0	0	1.0	-1.0	-1.0	1.0	1.0	1.0										1.0			5.25										1.0			2.36	0.1	0.1	0.52	0.02	0.02	0.29	5.0	0.52	0.0	0.0	58.33					1	0.0	0.0	-0.53	0.0	0.0	-0.1	-0.53	0.0	0.0	151.37					-0.1	-0.1	2.84	-0.02	-0.02	0.86	2.84	0.0	0.0	110.85					0.1	0.1	1.5	0.02	0.02	0.38	1.5	0.0	0.0	31.46					0.09999999999999964	0.09999999999999964	0.10000000000000053	0.01851851851851838	0.0183491386681964	-0.07948010925192472	0.10000000000000053	0.0010300781157390124	0.001015530839237222	32.71130139455856				
2025-09-05 07:00:00	2400	5.55	5.5	5.55	5.5	5.44	ILP.MI	2.7	2.7	2.67	2.67	2.99	2.24	1.0	-1.0	1.0	0	1.0	-1.0	-1.0	1.0	1.0	1.0	5.55									1.0			5.25	2.7									1.0			2.36	0.0	0.0	0.52	0.0	0.0	0.29	5.0	0.52	0.0	0.0	66.0					1	0.0	0.0	-0.53	0.0	0.0	-0.1	-0.53	0.0	0.0	165.18					-0.0	-0.0	2.84	-0.0	-0.0	0.86	2.84	0.0	0.0	109.6					0.0	0.0	1.5	0.0	0.0	0.38	1.5	0.0	0.0	28.67					0.0	0.0	0.10000000000000053	0.0	0.0	-0.07948010925192472	0.10000000000000053	0.0012081694799662888	0.0011943032635357564	39.56574097425518				
2025-09-08 07:00:00	1800	5.5	5.5	5.5	5.5	5.44	ILP.MI	2.66	2.66	2.66	2.66	2.99	2.24	1.0	-1.0	1.0	0	1.0	-1.0	-1.0	1.0	1.0	1.0										1.0			5.25										1.0			2.36	0.0	0.0	0.52	0.0	0.0	0.29	5.0	0.52	0.0	0.0	66.0					1	0.0	0.0	-0.53	0.0	0.0	-0.1	-0.53	0.0	0.0	165.18					-0.0	-0.0	2.84	-0.0	-0.0	0.86	2.84	0.0	0.0	109.6					0.0	0.0	1.5	0.0	0.0	0.38	1.5	0.0	0.0	28.67					0.0	0.0	0.10000000000000053	0.0	0.0	-0.07948010925192472	0.10000000000000053	0.0012081694799662888	0.0011943032635357564	39.56574097425518				
2025-09-09 07:00:00	0	5.5	5.5	5.5	5.5	5.44	ILP.MI	2.65	2.65	2.65	2.65	2.99	2.24	1.0	-1.0	1.0	0	1.0	-1.0	-1.0	1.0	1.0	1.0										1.0			5.25										1.0			2.36	0.0	0.0	0.52	0.0	0.0	0.29	5.0	0.52	0.0	0.0	65.51					1	0.0	0.0	-0.53	0.0	0.0	-0.1	-0.53	0.0	0.0	164.83					-0.0	-0.0	2.84	-0.0	-0.0	0.86	2.84	0.0	0.0	114.76					0.0	0.0	1.5	0.0	0.0	0.38	1.5	0.0	0.0	33.12					0.0	0.0	0.10000000000000053	0.0	0.0	-0.07948010925192472	0.10000000000000053	0.0011768155017595435	0.0011630673197742247	38.90969491651401				
2025-09-10 07:00:00	4800	5.5	5.5	5.5	5.5	5.44	ILP.MI	2.64	2.64	2.64	2.64	2.99	2.24	1.0	-1.0	1.0	0	1.0	-1.0	-1.0	1.0	1.0	1.0										1.0			5.25										1.0			2.36	0.0	0.0	0.52	0.0	0.0	0.29	5.0	0.52	0.0	0.0	65.51					1	0.0	0.0	-0.53	0.0	0.0	-0.1	-0.53	0.0	0.0	164.83					-0.0	-0.0	2.84	-0.0	-0.0	0.86	2.84	0.0	0.0	114.76					0.0	0.0	1.5	0.0	0.0	0.38	1.5	0.0	0.0	33.12					0.0	0.0	0.10000000000000053	0.0	0.0	-0.07948010925192472	0.10000000000000053	0.0011768155017595435	0.0011630673197742247	38.90969491651401				
2025-09-11 07:00:00	3000	5.5	5.45	5.5	5.45	5.39	ILP.MI	2.62	2.62	2.6	2.6	2.99	2.24	1.0	-1.0	1.0	0	1.0	-1.0	-1.0	1.0	1.0	1.0										1.0			5.25										1.0			2.36	-0.05	-0.05	0.47	-0.01	-0.01	0.27	5.0	0.47	0.0	0.0	58.33					1	-0.0	-0.0	-0.53	-0.0	-0.0	-0.1	-0.53	0.0	0.0	163.71					0.05	0.05	2.89	0.01	0.01	0.87	2.89	0.0	0.0	123.8					-0.05	-0.05	1.45	-0.01	-0.01	0.37	1.45	0.0	0.0	34.02					-0.04999999999999982	-0.04999999999999982	0.05000000000000071	-0.009090909090909038	-0.009132483563272474	-0.08784847189508904	0.05000000000000071	0.0009406964026354662	0.0009268893485041563	31.5655481925846				
2025-09-12 07:00:00	4800	5.5	5.4	5.5	5.45	5.39	ILP.MI	2.61	2.61	2.56	2.59	2.99	2.24	1.0	-1.0	1.0	0	1.0	-1.0	-1.0	1.0	1.0	1.0		5.4								1.0			5.25		2.56		2.56						1.0			2.36	0.0	0.0	0.47	0.0	0.0	0.27	5.0	0.47	0.0	0.0	64.08					1	0.0	0.0	-0.53	0.0	0.0	-0.1	-0.53	0.0	0.0	173.43					-0.0	-0.0	2.89	-0.0	-0.0	0.87	2.89	0.0	0.0	123.21					0.0	0.0	1.45	0.0	0.0	0.37	1.45	0.0	0.0	32.58					0.0	0.0	0.05000000000000071	0.0	0.0	-0.08784847189508904	0.05000000000000071	0.0010834919500386617	0.0010701100923613538	36.928366553858766				
2025-09-15 07:00:00	21600	5.85	5.5	5.5	5.75	5.69	ILP.MI	2.58	2.75	2.58	2.7	2.99	2.24	1.0	-1.0	1.0	1	1.0	-1.0	-1.0	1.0	1.0	1.0										1.0			5.25										1.0			2.36	0.3	0.3	0.77	0.06	0.05	0.34	5.0	0.77	0.0	0.0	69.43					1	0.0	0.0	-0.53	0.0	0.0	-0.1	-0.53	0.0	0.0	173.43					-0.3	-0.3	2.59	-0.06	-0.05	0.78	2.59	0.0	0.0	103.12					0.3	0.3	1.75	0.06	0.05	0.45	1.75	0.0	0.0	39.97					0.2999999999999998	0.2999999999999998	0.35000000000000053	0.05504587155963292	0.05358424613410626	-0.03763829603610325	0.35000000000000053	0.001437147974523763	0.0014224233831559019	44.05774799237518				
2025-09-16 07:00:00	5400	5.85	5.7	5.8	5.75	5.69	ILP.MI	2.76	2.78	2.71	2.73	2.99	2.24	1.0	-1.0	1.0	1	1.0	1.0	1.0	1.0	1.0	1.0	5.85									1.0			5.25	2.78									1.0			2.36	0.0	0.0	0.77	0.0	0.0	0.34	5.0	0.77	0.0	0.0	78.53					1	0.0	0.0	-0.53	0.0	0.0	-0.1	-0.53	0.0	0.0	192.12					-0.0	-0.0	2.59	-0.0	-0.0	0.78	2.59	0.0	0.0	101.53					0.0	0.0	1.75	0.0	0.0	0.45	1.75	0.0	0.0	36.9					0.0	0.0	0.35000000000000053	0.0	0.0	-0.03763829603610325	0.35000000000000053	0.0016296656591805565	0.00161575184712337	51.9672041983172				
2025-09-17 07:00:00	1800	5.75	5.65	5.75	5.65	5.59	ILP.MI	2.77	2.77	2.72	2.72	2.99	2.24	1.0	-1.0	1.0	1	1.0	1.0	1.0	1.0	1.0	1.0										1.0			5.25										1.0			2.36	-0.1	-0.1	0.67	-0.02	-0.02	0.32	5.05	0.67	0.0	0.0	70.81					1	-0.1	-0.1	-0.63	-0.02	-0.02	-0.12	-0.63	0.0	0.0	176.85					-0.1	-0.1	2.49	-0.02	-0.02	0.75	2.49	0.0	0.0	93.36					-0.1	-0.1	1.65	-0.02	-0.02	0.42	1.65	0.0	0.0	30.41					-0.09999999999999964	-0.09999999999999964	0.2500000000000009	-0.017391304347825987	-0.017544309650909393	-0.05437502132243177	0.2500000000000009	0.001457879316104609	0.0014433116259537915	45.14307494807243				
2025-09-18 07:00:00	19800	5.6	5.5	5.6	5.6	5.54	ILP.MI	2.68	2.68	2.63	2.68	2.99	2.24	1.0	-1.0	1.0	1	1.0	1.0	1.0	1.0	1.0	1.0		5.5								1.0			5.25		2.63								1.0			2.36	-0.05	-0.05	0.62	-0.01	-0.01	0.31	5.05	0.62	0.0	0.0	64.87					1	-0.05	-0.05	-0.68	-0.01	-0.01	-0.12	-0.68	0.0	0.0	166.93					-0.05	-0.05	2.44	-0.01	-0.01	0.73	2.44	0.0	0.0	92.31					-0.05	-0.05	1.6	-0.01	-0.01	0.41	1.6	0.0	0.0	29.73					-0.05000000000000071	-0.05000000000000071	0.20000000000000018	-0.008849557522124019	-0.008888947417246152	-0.0627433839655962	0.20000000000000018	0.0012824328583855298	0.0012675541811881796	39.48318546100367				
2025-09-19 07:00:00	1800	5.7	5.6	5.6	5.7	5.64	ILP.MI	2.68	2.72	2.68	2.72	2.99	2.24	1.0	-1.0	1.0	1	1.0	1.0	1.0	1.0	1.0	1.0										1.0			5.25	2.72									1.0			2.36	0.1	0.1	0.72	0.02	0.02	0.33	5.05	0.72	0.0	0.0	66.51					1	0.1	0.1	-0.58	0.02	0.02	-0.11	-0.58	0.0	0.0	168.33					0.1	0.1	2.54	0.02	0.02	0.76	2.54	0.0	0.0	93.56					0.1	0.1	1.7	0.02	0.02	0.43	1.7	0.0	0.0	32.13					0.10000000000000053	0.10000000000000053	0.3000000000000007	0.017857142857143016	0.017699577099401075	-0.046006658679267454	0.3000000000000007	0.0013974801095316368	0.001382138328976712	41.63056442581794				
2025-09-22 07:00:00	7200	5.75	5.55	5.6	5.7	5.64	ILP.MI	2.67	2.74	2.64	2.72	2.99	2.24	1.0	-1.0	1.0	1	1.0	1.0	1.0	1.0	1.0	1.0										1.0			5.25		2.64								1.0			2.36	0.0	0.0	0.72	0.0	0.0	0.33	5.05	0.72	0.0	0.0	81.04					1	0.0	0.0	-0.58	0.0	0.0	-0.11	-0.58	0.0	0.0	201.18					0.0	0.0	2.54	0.0	0.0	0.76	2.54	0.0	0.0	90.16					0.0	0.0	1.7	0.0	0.0	0.43	1.7	0.0	0.0	25.56					0.0	0.0	0.3000000000000007	0.0	0.0	-0.046006658679267454	0.3000000000000007	0.001669551357832363	0.0016555942154914405	53.74649915488444				
2025-09-23 07:00:00	3000	5.8	5.7	5.75	5.7	5.64	ILP.MI	2.74	2.76	2.71	2.71	2.99	2.24	1.0	-1.0	1.0	1	1.0	1.0	1.0	1.0	1.0	1.0										1.0			5.25										1.0			2.36	0.0	0.0	0.72	0.0	0.0	0.33	5.1	0.72	0.0	0.0	93.44					1	0.0	0.0	-0.58	0.0	0.0	-0.11	-0.58	0.0	0.0	198.81					0.0	0.0	2.54	0.0	0.0	0.76	2.54	0.0	0.0	87.54					0.0	0.0	1.7	0.0	0.0	0.43	1.7	0.0	0.0	20.38					0.0	0.0	0.3000000000000007	0.0	0.0	-0.046006658679267454	0.3000000000000007	0.0018830388596338143	0.0018700406101463951	64.1017062196814				
2025-09-24 07:00:00	10800	5.9	5.7	5.7	5.7	5.64	ILP.MI	2.72	2.81	2.72	2.72	2.99	2.24	1.0	-1.0	1.0	1	1.0	1.0	1.0	1.0	1.0	1.0	5.9									1.0			5.25	2.81		2.81							1.0			2.36	0.0	0.0	0.72	0.0	0.0	0.33	5.2	0.72	0.0	0.0	105.55					1	0.0	0.0	-0.58	0.0	0.0	-0.11	-0.58	0.0	0.0	196.59					0.0	0.0	2.54	0.0	0.0	0.76	2.54	0.0	0.0	85.12					0.0	0.0	1.7	0.0	0.0	0.43	1.7	0.0	0.0	15.49					0.0	0.0	0.3000000000000007	0.0	0.0	-0.046006658679267454	0.3000000000000007	0.0020738487215885325	0.0020616581461243566	74.14643329645169				
2025-09-25 07:00:00	1200	5.75	5.75	5.75	5.75	5.69	ILP.MI	2.75	2.75	2.75	2.75	2.99	2.24	1.0	-1.0	1.0	1	1.0	1.0	1.0	1.0	1.0	1.0										1.0			5.25										1.0			2.36	0.05	0.05	0.77	0.01	0.01	0.34	5.35	0.77	0.0	0.0	111.58					1	0.05	0.05	-0.53	0.01	0.01	-0.1	-0.53	0.0	0.0	197.0					0.05	0.05	2.59	0.01	0.01	0.78	2.59	0.0	0.0	85.56					0.05	0.05	1.75	0.01	0.01	0.45	1.75	0.0	0.0	16.39					0.04999999999999982	0.04999999999999982	0.35000000000000053	0.00877192982456143	0.008733679968754631	-0.037638296036103025	0.35000000000000053	0.0022530455801292033	0.0022409603614754747	79.945033026713				
2025-09-26 07:00:00	3600	5.7	5.6	5.7	5.6	5.54	ILP.MI	2.7	2.7	2.65	2.65	2.99	2.24	1.0	-1.0	1.0	1	1.0	1.0	1.0	1.0	1.0	1.0										1.0			5.25										1.0			2.36	-0.15	-0.15	0.62	-0.03	-0.03	0.31	5.4	0.62	0.0	0.0	98.99					1	-0.15	-0.15	-0.68	-0.03	-0.03	-0.12	-0.68	0.0	0.0	174.92					-0.15	-0.15	2.44	-0.03	-0.03	0.73	2.44	0.0	0.0	75.6					-0.15	-0.15	1.6	-0.03	-0.03	0.41	1.6	0.0	0.0	8.52					-0.15000000000000036	-0.15000000000000036	0.20000000000000018	-0.026086956521739202	-0.026433257068155597	-0.06274338396559609	0.20000000000000018	0.002062181998308434	0.0020492671008944807	69.55351262076903				
2025-09-29 07:00:00	10200	5.6	5.55	5.6	5.6	5.54	ILP.MI	2.66	2.66	2.64	2.66	2.99	2.24	1.0	-1.0	1.0	1	1.0	1.0	1.0	1.0	1.0	1.0		5.55								1.0			5.25										1.0			2.36	0.0	0.0	0.62	0.0	0.0	0.31	5.4	0.62	0.0	0.0	96.49					1	0.0	0.0	-0.68	0.0	0.0	-0.12	-0.68	0.0	0.0	199.51					0.0	0.0	2.44	0.0	0.0	0.73	2.44	0.0	0.0	86.45					0.0	0.0	1.6	0.0	0.0	0.41	1.6	0.0	0.0	16.96					0.0	0.0	0.20000000000000018	0.0	0.0	-0.06274338396559609	0.20000000000000018	0.0018583123392672703	0.0018460970256530818	66.25812963810503				
2025-09-30 07:00:00	3600	5.65	5.5	5.6	5.65	5.59	ILP.MI	2.65	2.67	2.6	2.67	2.99	2.24	1.0	-1.0	1.0	1	1.0	1.0	1.0	1.0	1.0	1.0										1.0			5.25										1.0			2.36	0.05	0.05	0.67	0.01	0.01	0.32	5.4	0.67	0.0	0.0	95.32					1	0.05	0.05	-0.63	0.01	0.01	-0.12	-0.63	0.0	0.0	222.41					0.05	0.05	2.49	0.01	0.01	0.75	2.49	0.0	0.0	96.91					0.05	0.05	1.65	0.01	0.01	0.42	1.65	0.0	0.0	26.25					0.05000000000000071	0.05000000000000071	0.2500000000000009	0.008928571428571619	0.008888947417246214	-0.05437502132243155	0.2500000000000009	0.0017693006160168737	0.0017573846673750726	64.69822107714823				
2025-10-01 07:00:00	174000	5.9	5.4	5.7	5.5	5.44	ILP.MI	2.67	2.77	2.53	2.58	2.99	2.25	1.0	-1.0	-1.0	1	1.0	1.0	1.0	1.0	1.0	1.0										1.0			5.25		2.53		2.53						1.0			2.36	-0.15	-0.15	0.52	-0.03	-0.03	0.29	5.4	0.52	0.0	0.0	89.89					1	-0.15	-0.15	-0.78	-0.03	-0.03	-0.14	-0.78	0.0	0.0	196.04					-0.15	-0.15	2.34	-0.03	-0.03	0.7	2.34	0.0	0.0	85.22					-0.15	-0.15	1.5	-0.03	-0.03	0.38	1.5	0.0	0.0	16.18					-0.15000000000000036	-0.15000000000000036	0.10000000000000053	-0.026548672566371723	-0.02690745291992438	-0.07948010925192461	0.10000000000000053	0.0017115155355594595	0.0016991834113671	60.53965732146507				
2025-10-02 07:00:00	4200	5.7	5.6	5.6	5.6	5.54	ILP.MI	2.63	2.67	2.63	2.63	2.99	2.25	1.0	-1.0	-1.0	1	1.0	1.0	1.0	1.0	1.0	1.0										1.0			5.25										1.0			2.36	0.1	0.1	0.62	0.02	0.02	0.31	5.4	0.62	0.0	0.0	91.49					1	0.1	0.1	-0.68	0.02	0.02	-0.12	-0.68	0.0	0.0	197.59					0.1	0.1	2.44	0.02	0.02	0.73	2.44	0.0	0.0	86.91					0.1	0.1	1.6	0.02	0.02	0.41	1.6	0.0	0.0	19.59					0.09999999999999964	0.09999999999999964	0.20000000000000018	0.018181818181818077	0.018018505502678212	-0.06274338396559609	0.20000000000000018	0.0018340413729776711	0.0018212891162769917	62.66691416684515				
2025-10-03 07:00:00	6000	5.8	5.7	5.7	5.7	5.64	ILP.MI	2.66	2.71	2.66	2.66	2.99	2.25	1.0	-1.0	-1.0	1	1.0	1.0	1.0	1.0	1.0	1.0										1.0			5.25										1.0			2.36	0.1	0.1	0.72	0.02	0.02	0.33	5.4	0.72	0.0	0.0	92.97					1	0.1	0.1	-0.58	0.02	0.02	-0.11	-0.58	0.0	0.0	199.0					0.1	0.1	2.54	0.02	0.02	0.76	2.54	0.0	0.0	88.46					0.1	0.1	1.7	0.02	0.02	0.43	1.7	0.0	0.0	22.68					0.10000000000000053	0.10000000000000053	0.3000000000000007	0.017857142857143016	0.017699577099401075	-0.04600665867926723	0.3000000000000007	0.0019543984972535985	0.0019412267260185967	64.62017364711				
2025-10-06 07:00:00	16200	5.9	5.65	5.8	5.7	5.64	ILP.MI	2.72	2.76	2.65	2.67	2.99	2.29	1.0	-1.0	-1.0	1	1.0	1.0	1.0	1.0	1.0	1.0	5.9									1.0			5.25	2.76									1.0			2.36	0.0	0.0	0.72	0.0	0.0	0.33	5.4	0.72	0.0	0.0	103.34					1	0.0	0.0	-0.58	0.0	0.0	-0.11	-0.58	0.0	0.0	197.24					0.0	0.0	2.54	0.0	0.0	0.76	2.54	0.0	0.0	86.54					0.0	0.0	1.7	0.0	0.0	0.43	1.7	0.0	0.0	18.84					0.0	0.0	0.3000000000000007	0.0	0.0	-0.04600665867926723	0.3000000000000007	0.002131930293009454	0.0021194914332625103	73.38391574930208				
2025-10-07 07:00:00	600	5.7	5.7	5.7	5.7	5.64	ILP.MI	2.67	2.67	2.67	2.67	2.99	2.29	1.0	-1.0	-1.0	1	1.0	1.0	1.0	1.0	1.0	1.0		5.7								1.0			5.25		2.67								1.0			2.36	0.0	0.0	0.72	0.0	0.0	0.33	5.4	0.72	0.0	0.0	103.34					1	0.0	0.0	-0.58	0.0	0.0	-0.11	-0.58	0.0	0.0	197.24					0.0	0.0	2.54	0.0	0.0	0.76	2.54	0.0	0.0	86.54					0.0	0.0	1.7	0.0	0.0	0.43	1.7	0.0	0.0	18.84					0.0	0.0	0.3000000000000007	0.0	0.0	-0.04600665867926723	0.3000000000000007	0.002131930293009454	0.0021194914332625103	73.38391574930208				
2025-10-08 07:00:00	12600	6.05	5.75	5.8	5.75	5.69	ILP.MI	2.7	2.81	2.67	2.67	2.99	2.29	1.0	-1.0	1.0	1	1.0	1.0	1.0	1.0	1.0	1.0	6.05									1.0			5.25	2.81									1.0			2.36	0.05	0.05	0.77	0.01	0.01	0.34	5.4	0.77	0.0	0.0	104.02					1	0.05	0.05	-0.53	0.01	0.01	-0.1	-0.53	0.0	0.0	197.97					0.05	0.05	2.59	0.01	0.01	0.78	2.59	0.0	0.0	87.33					0.05	0.05	1.75	0.01	0.01	0.45	1.75	0.0	0.0	20.43					0.04999999999999982	0.04999999999999982	0.35000000000000053	0.00877192982456143	0.008733679968754631	-0.037638296036102914	0.35000000000000053	0.0021921926847938613	0.002179551959684334	74.27323479505316				
2025-10-09 07:00:00	600	5.7	5.7	5.7	5.7	5.64	ILP.MI	2.69	2.69	2.69	2.69	2.99	2.29	1.0	-1.0	1.0	1	1.0	1.0	1.0	1.0	1.0	1.0		5.7								1.0			5.25		2.69								1.0			2.36	-0.05	-0.05	0.72	-0.01	-0.01	0.33	5.4	0.72	0.0	0.0	97.55					1	-0.05	-0.05	-0.58	-0.01	-0.01	-0.11	-0.58	0.0	0.0	187.13					-0.05	-0.05	2.54	-0.01	-0.01	0.76	2.54	0.0	0.0	81.55					-0.05	-0.05	1.7	-0.01	-0.01	0.43	1.7	0.0	0.0	15.3					-0.04999999999999982	-0.04999999999999982	0.3000000000000007	-0.008695652173912993	-0.008733679968754553	-0.04600665867926723	0.3000000000000007	0.002055559278532819	0.002042492229853199	68.51644209229671				
2025-10-10 07:00:00	6000	5.75	5.6	5.65	5.75	5.69	ILP.MI	2.72	2.76	2.69	2.76	2.99	2.29	1.0	-1.0	1.0	1	1.0	1.0	1.0	1.0	1.0	1.0										1.0			5.25										1.0			2.36	0.05	0.05	0.77	0.01	0.01	0.34	5.4	0.77	0.0	0.0	98.23					1	0.05	0.05	-0.53	0.01	0.01	-0.1	-0.53	0.0	0.0	187.86					0.05	0.05	2.59	0.01	0.01	0.78	2.59	0.0	0.0	82.34					0.05	0.05	1.75	0.01	0.01	0.45	1.75	0.0	0.0	16.86					0.04999999999999982	0.04999999999999982	0.35000000000000053	0.00877192982456143	0.008733679968754631	-0.0376382960361028	0.35000000000000053	0.0021149483023203504	0.0021016725997964336	69.40606193553072				
2025-10-13 07:00:00	18600	5.8	5.6	5.65	5.75	5.69	ILP.MI	2.71	2.78	2.68	2.76	2.99	2.29	1.0	-1.0	1.0	1	1.0	1.0	1.0	1.0	1.0	1.0										1.0			5.25										1.0			2.36	0.0	0.0	0.77	0.0	0.0	0.34	5.4	0.77	0.0	0.0	96.5					1	0.0	0.0	-0.53	0.0	0.0	-0.1	-0.53	0.0	0.0	208.09					0.0	0.0	2.59	0.0	0.0	0.78	2.59	0.0	0.0	91.41					0.0	0.0	1.75	0.0	0.0	0.45	1.75	0.0	0.0	24.05					0.0	0.0	0.35000000000000053	0.0	0.0	-0.0376382960361028	0.35000000000000053	0.0019667942938629817	0.001954036040269669	67.13344176440094				
2025-10-14 07:00:00	4800	5.8	5.65	5.65	5.8	5.74	ILP.MI	2.71	2.79	2.71	2.79	2.99	2.32	1.0	-1.0	1.0	1	1.0	1.0	1.0	1.0	1.0	1.0										1.0			5.25										1.0			2.36	0.05	0.05	0.82	0.01	0.01	0.36	5.4	0.82	0.0	0.0	97.2					1	0.05	0.05	-0.48	0.01	0.01	-0.09	-0.48	0.0	0.0	208.76					0.05	0.05	2.64	0.01	0.01	0.79	2.64	0.0	0.0	92.14					0.05	0.05	1.8	0.01	0.01	0.46	1.8	0.0	0.0	25.51					0.04999999999999982	0.04999999999999982	0.40000000000000036	0.008695652173912993	0.008658062743114531	-0.029269933392938596	0.40000000000000036	0.0020256691205161608	0.0020127064639012815	68.0580471534084				
2025-10-15 07:00:00	18000	6.1	5.75	5.8	6.0	5.94	ILP.MI	2.8	2.94	2.77	2.89	2.99	2.32	1.0	1.0	1.0	1	1.0	1.0	1.0	1.0	1.0	1.0										1.0			5.25										1.0			2.36	0.2	0.2	1.02	0.03	0.03	0.4	5.4	1.02	0.0	0.0	109.02					1	0.2	0.2	-0.28	0.03	0.03	-0.06	-0.28	0.0	0.0	209.96					0.2	0.2	2.84	0.03	0.03	0.85	2.84	0.0	0.0	93.48					0.2	0.2	2.0	0.03	0.03	0.51	2.0	0.0	0.0	37.32					0.20000000000000018	0.20000000000000018	0.6000000000000005	0.034482758620689724	0.033901551675681416	0.004203517179718785	0.6000000000000005	0.002422859112714174	0.002409732927648678	79.25700962568081				
2025-10-16 07:00:00	4200	6.1	6.0	6.05	6.0	5.94	ILP.MI	2.89	2.91	2.86	2.86	2.99	2.32	1.0	1.0	1.0	1	1.0	1.0	1.0	1.0	1.0	1.0	6.1		6.1		6.1					1.0			5.25	2.91		2.91		2.91					1.0			2.36	0.0	0.0	1.02	0.0	0.0	0.4	5.4	1.02	0.0	0.0	114.21					1	0.0	0.0	-0.28	0.0	0.0	-0.06	-0.28	0.0	0.0	209.65					0.0	0.0	2.84	0.0	0.0	0.85	2.84	0.0	0.0	93.13					0.0	0.0	2.0	0.0	0.0	0.51	2.0	0.0	0.0	41.74					0.0	0.0	0.6000000000000005	0.0	0.0	0.004203517179718785	0.6000000000000005	0.002546580919221853	0.0025337942226890675	83.99936242935247				
2025-10-17 07:00:00	13800	5.9	5.6	5.85	5.65	5.59	ILP.MI	2.83	2.86	2.71	2.73	2.99	2.32	1.0	1.0	1.0	1	1.0	1.0	1.0	1.0	1.0	1.0										1.0			5.25										1.0			2.36	-0.35	-0.35	0.67	-0.06	-0.06	0.32	5.4	0.67	0.0	0.0	92.42					1	-0.35	-0.35	-0.63	-0.06	-0.06	-0.12	-0.63	0.0	0.0	166.97					-0.35	-0.35	2.49	-0.06	-0.06	0.75	2.49	0.0	0.0	75.64					-0.35	-0.35	1.65	-0.06	-0.06	0.42	1.65	0.0	0.0	28.29					-0.34999999999999964	-0.34999999999999964	0.2500000000000009	-0.05833333333333324	-0.06010392406970532	-0.05437502132243133	0.2500000000000009	0.0022499278976460878	0.0022354416859005077	66.49379409932266				
2025-10-20 07:00:00	4200	5.65	5.6	5.65	5.65	5.65	ILP.MI	2.69	2.69	2.67	2.69	2.99	2.32	1.0	1.0	1.0	1	1.0	1.0	1.0	1.0	1.0	1.0		5.6								1.0			5.25		2.67								1.0			2.36	0.0	0.0	0.67	0.0	0.0	0.32	5.4	0.67	0.0	0.0	92.42					1	0.0	0.0	-0.63	0.0	0.0	-0.12	-0.63	0.0	0.0	166.97					0.0	0.0	2.49	0.0	0.0	0.75	2.49	0.0	0.0	75.64					0.0	0.0	1.65	0.0	0.0	0.42	1.65	0.0	0.0	28.29					0.0	0.0	0.2500000000000009	0.0	0.0	-0.05437502132243133	0.2500000000000009	0.0022499278976460878	0.0022354416859005077	66.49379409932266				
2025-10-21 07:00:00	1200	5.75	5.7	5.7	5.75	5.75	ILP.MI	2.7	2.73	2.7	2.73	2.99	2.32	1.0	1.0	1.0	1	1.0	1.0	1.0	1.0	1.0	1.0	5.75									1.0			5.25	2.73									1.0			2.36	0.1	0.1	0.77	0.02	0.02	0.34	5.4	0.77	0.0	0.0	93.03					1	0.1	0.1	-0.53	0.02	0.02	-0.1	-0.53	0.0	0.0	177.47					0.1	0.1	2.59	0.02	0.02	0.78	2.59	0.0	0.0	82.29					0.1	0.1	1.75	0.02	0.02	0.45	1.75	0.0	0.0	29.51					0.09999999999999964	0.09999999999999964	0.35000000000000053	0.017699115044247815	0.017544309650909525	-0.03763829603610269	0.35000000000000053	0.002311243001309872	0.002296535219754814	67.28495097983989				
2025-10-22 07:00:00	7200	5.65	5.55	5.65	5.6	5.6	ILP.MI	2.71	2.71	2.66	2.68	2.99	2.36	1.0	1.0	1.0	1	1.0	1.0	1.0	1.0	1.0	1.0		5.55								1.0			5.25										1.0			2.36	-0.15	-0.15	0.62	-0.03	-0.03	0.31	5.4	0.62	0.0	0.0	82.99					1	-0.15	-0.15	-0.68	-0.03	-0.03	-0.12	-0.68	0.0	0.0	159.25					-0.15	-0.15	2.44	-0.03	-0.03	0.73	2.44	0.0	0.0	73.48					-0.15	-0.15	1.6	-0.03	-0.03	0.41	1.6	0.0	0.0	22.33					-0.15000000000000036	-0.15000000000000036	0.20000000000000018	-0.026086956521739202	-0.026433257068155597	-0.06274338396559576	0.20000000000000018	0.002109426704634347	0.002093780449723859	58.72302619588651				
2025-10-23 07:00:00	2400	5.65	5.55	5.65	5.65	5.65	ILP.MI	2.69	2.69	2.65	2.69	2.99	2.36	1.0	1.0	1.0	1	1.0	1.0	1.0	1.0	1.0	1.0	5.65									1.0			5.25										1.0			2.36	0.05	0.05	0.67	0.01	0.01	0.32	5.4	0.67	0.0	0.0	98.04					1	0.05	0.05	-0.63	0.01	0.01	-0.12	-0.63	0.0	0.0	156.69					0.05	0.05	2.49	0.01	0.01	0.75	2.49	0.0	0.0	70.68					0.05	0.05	1.65	0.01	0.01	0.42	1.65	0.0	0.0	33.13					0.05000000000000071	0.05000000000000071	0.2500000000000009	0.008928571428571619	0.008888947417246214	-0.054375021322431216	0.2500000000000009	0.0024225684462758565	0.0024080435928126587	71.4821505405553				
2025-10-24 07:00:00	10800	5.65	5.5	5.55	5.55	5.55	ILP.MI	2.64	2.69	2.62	2.64	2.99	2.36	1.0	1.0	1.0	1	1.0	1.0	1.0	1.0	1.0	1.0		5.5		5.5						1.0			5.25		2.62		2.62						1.0			2.36	-0.1	-0.1	0.57	-0.02	-0.02	0.3	5.4	0.57	0.0	0.0	94.27					1	-0.1	-0.1	-0.73	-0.02	-0.02	-0.13	-0.73	0.0	0.0	143.68					-0.1	-0.1	2.39	-0.02	-0.02	0.71	2.39	0.0	0.0	63.52					-0.1	-0.1	1.55	-0.02	-0.02	0.4	1.55	0.0	0.0	31.05					-0.10000000000000053	-0.10000000000000053	0.15000000000000036	-0.017699115044247926	-0.017857617400006572	-0.07111174660875996	0.15000000000000036	0.0023800996637966944	0.0023652300641050505	68.55677368413288				
2025-10-27 08:00:00	6600	5.75	5.6	5.6	5.6	5.6	ILP.MI	2.64	2.71	2.64	2.64	2.99	2.36	1.0	1.0	1.0	1	1.0	1.0	1.0	1.0	1.0	1.0										1.0			5.25										1.0			2.36	0.05	0.05	0.62	0.01	0.01	0.31	5.4	0.62	0.0	0.0	94.85					1	0.05	0.05	-0.68	0.01	0.01	-0.12	-0.68	0.0	0.0	144.44					0.05	0.05	2.44	0.01	0.01	0.73	2.44	0.0	0.0	64.33					0.05	0.05	1.6	0.01	0.01	0.41	1.6	0.0	0.0	32.19					0.04999999999999982	0.04999999999999982	0.20000000000000018	0.009009009009008917	0.008968669982760316	-0.06274338396559576	0.20000000000000018	0.00244198348667774	0.0024268873433950233	69.30914896896655				
2025-10-28 08:00:00	600	5.7	5.7	5.7	5.7	5.7	ILP.MI	2.67	2.67	2.67	2.67	2.99	2.36	1.0	1.0	1.0	1	1.0	1.0	1.0	1.0	1.0	1.0										1.0			5.25	2.67									1.0			2.36	0.1	0.1	0.72	0.02	0.02	0.33	5.4	0.72	0.0	0.0	95.7					1	0.1	0.1	-0.58	0.02	0.02	-0.11	-0.58	0.0	0.0	152.01					0.1	0.1	2.54	0.02	0.02	0.76	2.54	0.0	0.0	69.97					0.1	0.1	1.7	0.02	0.02	0.43	1.7	0.0	0.0	33.85					0.10000000000000053	0.10000000000000053	0.3000000000000007	0.017857142857143016	0.017699577099401075	-0.04600665867926701	0.3000000000000007	0.0025354202986378276	0.002519978874664819	70.4042881543275				
2025-10-29 08:00:00	1200	5.7	5.7	5.7	5.7	5.7	ILP.MI	2.66	2.66	2.66	2.66	2.99	2.36	1.0	1.0	1.0	1	1.0	1.0	1.0	1.0	1.0	1.0										1.0			5.25		2.66								1.0			2.36	0.0	0.0	0.72	0.0	0.0	0.33	5.5	0.72	0.0	0.0	101.39					1	0.0	0.0	-0.58	0.0	0.0	-0.11	-0.58	0.0	0.0	151.39					0.0	0.0	2.54	0.0	0.0	0.76	2.54	0.0	0.0	69.29					0.0	0.0	1.7	0.0	0.0	0.43	1.7	0.0	0.0	38.49					0.0	0.0	0.3000000000000007	0.0	0.0	-0.04600665867926701	0.3000000000000007	0.0026804438245644855	0.0026654927838956066	75.52067609073994				
2025-10-30 08:00:00	0	5.7	5.7	5.7	5.7	5.7	ILP.MI	2.67	2.67	2.67	2.67	2.99	2.36	1.0	1.0	1.0	1	1.0	1.0	1.0	1.0	1.0	1.0										1.0			5.25										1.0			2.36	0.0	0.0	0.72	0.0	0.0	0.33	5.5	0.72	0.0	0.0	101.39					1	0.0	0.0	-0.58	0.0	0.0	-0.11	-0.58	0.0	0.0	151.39					0.0	0.0	2.54	0.0	0.0	0.76	2.54	0.0	0.0	69.29					0.0	0.0	1.7	0.0	0.0	0.43	1.7	0.0	0.0	38.49					0.0	0.0	0.3000000000000007	0.0	0.0	-0.04600665867926701	0.3000000000000007	0.0026804438245644855	0.0026654927838956066	75.52067609073994				
2025-10-31 08:00:00	2400	5.8	5.7	5.75	5.7	5.7	ILP.MI	2.69	2.72	2.67	2.67	2.99	2.36	1.0	1.0	1.0	1	1.0	1.0	1.0	1.0	1.0	1.0	5.8									1.0			5.25	2.72		2.72							1.0			2.36	0.0	0.0	0.72	0.0	0.0	0.33	5.5	0.72	0.0	0.0	106.01					1	0.0	0.0	-0.58	0.0	0.0	-0.11	-0.58	0.0	0.0	151.07					0.0	0.0	2.54	0.0	0.0	0.76	2.54	0.0	0.0	68.94					0.0	0.0	1.7	0.0	0.0	0.43	1.7	0.0	0.0	42.52					0.0	0.0	0.3000000000000007	0.0	0.0	-0.04600665867926701	0.3000000000000007	0.002811699841598789	0.002797141635059619	79.79910516465162				
2025-11-03 08:00:00	0	5.7	5.7	5.7	5.7	5.7	ILP.MI	2.67	2.67	2.67	2.67	2.99	2.36	1.0	1.0	1.0	1	1.0	1.0	1.0	1.0	1.0	1.0										1.0			5.25										1.0			2.36	0.0	0.0	0.72	0.0	0.0	0.33	5.5	0.72	0.0	0.0	110.67					1	0.0	0.0	-0.58	0.0	0.0	-0.11	-0.58	0.0	0.0	150.75					0.0	0.0	2.54	0.0	0.0	0.76	2.54	0.0	0.0	68.59					0.0	0.0	1.7	0.0	0.0	0.43	1.7	0.0	0.0	46.59					0.0	0.0	0.3000000000000007	0.0	0.0	-0.04600665867926701	0.3000000000000007	0.002942083696548935	0.0029279276054865466	84.11319683754391				
2025-11-04 08:00:00	1200	5.7	5.6	5.6	5.7	5.7	ILP.MI	2.62	2.66	2.62	2.66	2.99	2.36	1.0	1.0	-1.0	1	1.0	1.0	1.0	1.0	1.0	1.0		5.6	5.7							1.0			5.25		2.62								1.0			2.36	0.0	0.0	0.72	0.0	0.0	0.33	5.5	0.72	0.0	0.0	119.21					1	0.0	0.0	-0.58	0.0	0.0	-0.11	-0.58	0.0	0.0	149.42					0.0	0.0	2.54	0.0	0.0	0.76	2.54	0.0	0.0	67.14					0.0	0.0	1.7	0.0	0.0	0.43	1.7	0.0	0.0	52.77					0.0	0.0	0.3000000000000007	0.0	0.0	-0.04600665867926701	0.3000000000000007	0.0031044612901901933	0.0030909992201599845	91.4155931527682				
2025-11-05 08:00:00	2400	5.8	5.7	5.7	5.8	5.8	ILP.MI	2.65	2.7	2.65	2.7	2.99	2.36	1.0	1.0	-1.0	1	1.0	1.0	1.0	1.0	1.0	1.0	5.8									1.0			5.25	2.7									1.0			2.36	0.1	0.1	0.82	0.02	0.02	0.36	5.5	0.82	0.0	0.0	119.49					1	0.1	0.1	-0.48	0.02	0.02	-0.09	-0.48	0.0	0.0	160.96					0.1	0.1	2.64	0.02	0.02	0.79	2.64	0.0	0.0	74.42					0.1	0.1	1.8	0.02	0.02	0.46	1.8	0.0	0.0	53.32					0.09999999999999964	0.09999999999999964	0.40000000000000036	0.01754385964912264	0.01739174271186902	-0.029269933392938485	0.40000000000000036	0.0031425761019589753	0.0031289937554666025	91.77242785045843				
2025-11-06 08:00:00	1800	5.7	5.6	5.7	5.6	5.6	ILP.MI	2.67	2.67	2.63	2.63	2.99	2.36	1.0	1.0	-1.0	1	1.0	1.0	1.0	1.0	1.0	1.0		5.6								1.0			5.25		2.63								1.0			2.36	-0.2	-0.2	0.62	-0.03	-0.04	0.31	5.5	0.62	0.0	0.0	105.55					1	-0.2	-0.2	-0.68	-0.03	-0.04	-0.12	-0.68	0.0	0.0	140.98					-0.2	-0.2	2.44	-0.03	-0.04	0.73	2.44	0.0	0.0	64.55					-0.2	-0.2	1.6	-0.03	-0.04	0.41	1.6	0.0	0.0	44.15					-0.20000000000000018	-0.20000000000000018	0.20000000000000018	-0.034482758620689724	-0.03509131981127017	-0.06274338396559587	0.20000000000000018	0.0029269501505779843	0.0029122121773383913	80.28289581984157				
2025-11-07 08:00:00	600	5.65	5.65	5.65	5.65	5.65	ILP.MI	2.66	2.66	2.66	2.66	2.99	2.36	1.0	1.0	-1.0	1	1.0	1.0	1.0	1.0	1.0	1.0										1.0			5.25	2.66									1.0			2.36	0.05	0.05	0.67	0.01	0.01	0.32	5.5	0.67	0.0	0.0	106.02					1	0.05	0.05	-0.63	0.01	0.01	-0.12	-0.63	0.0	0.0	141.67					0.05	0.05	2.49	0.01	0.01	0.75	2.49	0.0	0.0	65.3					0.05	0.05	1.65	0.01	0.01	0.42	1.65	0.0	0.0	45.08					0.05000000000000071	0.05000000000000071	0.2500000000000009	0.008928571428571619	0.008888947417246214	-0.05437502132243133	0.2500000000000009	0.002990950571982156	0.0029759956139971955	80.89900744243059				
2025-11-10 08:00:00	0	5.65	5.65	5.65	5.65	5.65	ILP.MI	2.6	2.6	2.6	2.6	2.99	2.36	1.0	1.0	-1.0	1	1.0	1.0	1.0	1.0	1.0	1.0										1.0			5.25										1.0			2.36	0.0	0.0	0.67	0.0	0.0	0.32	5.5	0.67	0.0	0.0	111.7					1	0.0	0.0	-0.63	0.0	0.0	-0.12	-0.63	0.0	0.0	141.04					0.0	0.0	2.49	0.0	0.0	0.75	2.49	0.0	0.0	64.62					0.0	0.0	1.65	0.0	0.0	0.42	1.65	0.0	0.0	49.69					0.0	0.0	0.2500000000000009	0.0	0.0	-0.05437502132243133	0.2500000000000009	0.0031346701950392183	0.0031202437366724123	85.99671260089681				
2025-11-11 08:00:00	39600	5.7	5.65	5.7	5.7	5.7	ILP.MI	2.59	2.59	2.57	2.59	2.99	2.36	1.0	1.0	-1.0	1	1.0	1.0	1.0	1.0	1.0	1.0										1.0			5.25										1.0			2.36	0.05	0.05	0.72	0.01	0.01	0.33	5.5	0.72	0.0	0.0	111.53					1	0.05	0.05	-0.58	0.01	0.01	-0.11	-0.58	0.0	0.0	151.11					0.05	0.05	2.54	0.01	0.01	0.76	2.54	0.0	0.0	70.85					0.05	0.05	1.7	0.01	0.01	0.43	1.7	0.0	0.0	49.34					0.04999999999999982	0.04999999999999982	0.3000000000000007	0.008849557522123908	0.008810629682154906	-0.04600665867926701	0.3000000000000007	0.003109780978975089	0.0030954355299954717	85.77079552971969				
2025-11-12 08:00:00	0	5.7	5.7	5.7	5.7	5.7	ILP.MI	2.57	2.57	2.57	2.57	2.99	2.36	1.0	1.0	-1.0	1	1.0	1.0	1.0	1.0	1.0	1.0	5.7									1.0			5.25										1.0			2.36	0.0	0.0	0.72	0.0	0.0	0.33	5.5	0.72	0.0	0.0	111.31					1	0.0	0.0	-0.58	0.0	0.0	-0.11	-0.58	0.0	0.0	157.21					0.0	0.0	2.54	0.0	0.0	0.76	2.54	0.0	0.0	74.94					0.0	0.0	1.7	0.0	0.0	0.43	1.7	0.0	0.0	48.92					0.0	0.0	0.3000000000000007	0.0	0.0	-0.04600665867926701	0.3000000000000007	0.0030798014707207185	0.0030655532977101885	85.4954407784196				
2025-11-13 08:00:00	600	5.65	5.65	5.65	5.65	5.65	ILP.MI	2.55	2.55	2.55	2.55	2.99	2.36	1.0	1.0	-1.0	1	1.0	1.0	1.0	1.0	1.0	1.0										1.0			5.25		2.55		2.55						1.0			2.36	-0.05	-0.05	0.67	-0.01	-0.01	0.32	5.5	0.67	0.0	0.0	104.75					1	-0.05	-0.05	-0.63	-0.01	-0.01	-0.12	-0.63	0.0	0.0	158.85					-0.05	-0.05	2.49	-0.01	-0.01	0.75	2.49	0.0	0.0	75.63					-0.05	-0.05	1.65	-0.01	-0.01	0.42	1.65	0.0	0.0	42.83					-0.04999999999999982	-0.04999999999999982	0.2500000000000009	-0.00877192982456132	-0.008810629682154807	-0.054375021322431216	0.2500000000000009	0.00284548591995764	0.0028309989763755095	79.34571198927227				
2025-11-14 08:00:00	1200	5.6	5.6	5.6	5.6	5.6	ILP.MI	2.57	2.57	2.57	2.57	2.99	2.36	1.0	1.0	-1.0	1	1.0	1.0	1.0	1.0	1.0	1.0		5.6								1.0			5.25										1.0			2.36	-0.05	-0.05	0.62	-0.01	-0.01	0.31	5.5	0.62	0.0	0.0	98.97					1	-0.05	-0.05	-0.68	-0.01	-0.01	-0.12	-0.68	0.0	0.0	150.6					-0.05	-0.05	2.44	-0.01	-0.01	0.73	2.44	0.0	0.0	70.64					-0.05	-0.05	1.6	-0.01	-0.01	0.41	1.6	0.0	0.0	38.12					-0.05000000000000071	-0.05000000000000071	0.20000000000000018	-0.008849557522124019	-0.008888947417246152	-0.06274338396559564	0.20000000000000018	0.0026998655178158324	0.0026848491108908412	74.14547758802604				
2025-11-17 08:00:00	600	5.7	5.7	5.7	5.7	5.7	ILP.MI	2.63	2.63	2.63	2.63	2.99	2.36	1.0	1.0	-1.0	1	1.0	1.0	1.0	1.0	1.0	1.0	5.7									1.0			5.25										1.0			2.36	0.1	0.1	0.72	0.02	0.02	0.33	5.5	0.72	0.0	0.0	99.97					1	0.1	0.1	-0.58	0.02	0.02	-0.11	-0.58	0.0	0.0	151.83					0.1	0.1	2.54	0.02	0.02	0.76	2.54	0.0	0.0	72.01					0.1	0.1	1.7	0.02	0.02	0.43	1.7	0.0	0.0	40.09					0.10000000000000053	0.10000000000000053	0.3000000000000007	0.017857142857143016	0.017699577099401075	-0.0460066586792669	0.3000000000000007	0.0028255325152215798	0.002810073764147214	75.44326817001254				
2025-11-18 08:00:00	2400	5.65	5.65	5.65	5.65	5.65	ILP.MI	2.67	2.67	2.67	2.67	2.99	2.36	1.0	1.0	-1.0	1	1.0	1.0	1.0	1.0	1.0	1.0										1.0			5.25	2.67									1.0			2.36	-0.05	-0.05	0.67	-0.01	-0.01	0.32	5.5	0.67	0.0	0.0	94.15					1	-0.05	-0.05	-0.63	-0.01	-0.01	-0.12	-0.63	0.0	0.0	143.63					-0.05	-0.05	2.49	-0.01	-0.01	0.75	2.49	0.0	0.0	66.85					-0.05	-0.05	1.65	-0.01	-0.01	0.42	1.65	0.0	0.0	39.4					-0.04999999999999982	-0.04999999999999982	0.2500000000000009	-0.00877192982456132	-0.008810629682154807	-0.054375021322431105	0.2500000000000009	0.0028120399185744558	0.0027964631048897903	74.49277853634554				
2025-11-19 08:00:00	2400	5.6	5.55	5.6	5.55	5.55	ILP.MI	2.65	2.65	2.63	2.63	2.99	2.36	1.0	1.0	-1.0	1	1.0	1.0	1.0	1.0	1.0	1.0		5.55		5.55						1.0			5.25										1.0			2.36	-0.1	-0.1	0.57	-0.02	-0.02	0.3	5.5	0.57	0.0	0.0	86.56					1	-0.1	-0.1	-0.73	-0.02	-0.02	-0.13	-0.73	0.0	0.0	132.49					-0.1	-0.1	2.39	-0.02	-0.02	0.71	2.39	0.0	0.0	60.58					-0.1	-0.1	1.55	-0.02	-0.02	0.4	1.55	0.0	0.0	33.61					-0.10000000000000053	-0.10000000000000053	0.15000000000000036	-0.017699115044247926	-0.017857617400006572	-0.07111174660875985	0.15000000000000036	0.0026355004973376284	0.0026191477363697313	67.7713304309689				
2025-11-20 08:00:00	2400	5.6	5.55	5.6	5.55	5.55	ILP.MI	2.64	2.64	2.61	2.61	2.99	2.36	1.0	1.0	-1.0	1	1.0	1.0	1.0	1.0	1.0	1.0										1.0			5.25		2.61								1.0			2.36	0.0	0.0	0.57	0.0	0.0	0.3	5.5	0.57	0.0	0.0	86.06					1	0.0	0.0	-0.73	0.0	0.0	-0.13	-0.73	0.0	0.0	131.85					0.0	0.0	2.39	0.0	0.0	0.71	2.39	0.0	0.0	59.9					0.0	0.0	1.55	0.0	0.0	0.4	1.55	0.0	0.0	38.02					0.0	0.0	0.15000000000000036	0.0	0.0	-0.07111174660875985	0.15000000000000036	0.002784219906679128	0.0027683982352153524	72.57940894687				
2025-11-21 08:00:00	2400	5.75	5.55	5.55	5.75	5.75	ILP.MI	2.63	2.72	2.63	2.72	2.99	2.36	1.0	1.0	1.0	0	1.0	1.0	1.0	1.0	1.0	1.0										1.0			5.25										1.0			2.36	0.2	0.2	0.77	0.04	0.04	0.34	5.55	0.77	0.0	0.0	88.13					1	0.2	0.2	-0.53	0.04	0.04	-0.1	-0.53	0.0	0.0	134.43					0.2	0.2	2.59	0.04	0.04	0.78	2.59	0.0	0.0	62.71					0.2	0.2	1.75	0.04	0.04	0.45	1.75	0.0	0.0	41.61					0.20000000000000018	0.20000000000000018	0.35000000000000053	0.03603603603603611	0.035401927050916	-0.03763829603610258	0.35000000000000053	0.003035573588740632	0.0030188375900621622	74.97044264726892				
2025-11-24 08:00:00	0	5.75	5.75	5.75	5.75	5.75	ILP.MI	2.75	2.75	2.75	2.75	2.99	2.36	1.0	1.0	1.0	0	1.0	1.0	1.0	1.0	1.0	1.0	5.75									1.0			5.25	2.75		2.75							1.0			2.36	0.0	0.0	0.77	0.0	0.0	0.34	5.55	0.77	0.0	0.0	88.13					1	0.0	0.0	-0.53	0.0	0.0	-0.1	-0.53	0.0	0.0	134.43					0.0	0.0	2.59	0.0	0.0	0.78	2.59	0.0	0.0	62.71					0.0	0.0	1.75	0.0	0.0	0.45	1.75	0.0	0.0	41.61					0.0	0.0	0.35000000000000053	0.0	0.0	-0.03763829603610258	0.35000000000000053	0.003035573588740632	0.0030188375900621622	74.97044264726892				
2025-11-25 08:00:00	7200	5.75	5.65	5.65	5.75	5.75	ILP.MI	2.67	2.72	2.67	2.72	2.99	2.36	1.0	1.0	1.0	0	1.0	1.0	1.0	1.0	1.0	1.0		5.65								1.0			5.25										1.0			2.36	0.0	0.0	0.77	0.0	0.0	0.34	5.55	0.77	0.0	0.0	87.9					1	0.0	0.0	-0.53	0.0	0.0	-0.1	-0.53	0.0	0.0	134.15					0.0	0.0	2.59	0.0	0.0	0.78	2.59	0.0	0.0	62.4					0.0	0.0	1.75	0.0	0.0	0.45	1.75	0.0	0.0	45.36					0.0	0.0	0.35000000000000053	0.0	0.0	-0.03763829603610258	0.35000000000000053	0.0031745386507049714	0.00315825727804242	78.94152498369444				
2025-11-26 08:00:00	3600	5.75	5.65	5.65	5.75	5.75	ILP.MI	2.65	2.69	2.65	2.69	2.99	2.36	1.0	1.0	1.0	0	1.0	1.0	1.0	1.0	1.0	1.0										1.0			5.25		2.65								1.0			2.36	0.0	0.0	0.77	0.0	0.0	0.34	5.55	0.77	0.0	0.0	87.9					1	0.0	0.0	-0.53	0.0	0.0	-0.1	-0.53	0.0	0.0	134.15					0.0	0.0	2.59	0.0	0.0	0.78	2.59	0.0	0.0	62.4					0.0	0.0	1.75	0.0	0.0	0.45	1.75	0.0	0.0	45.36					0.0	0.0	0.35000000000000053	0.0	0.0	-0.03763829603610258	0.35000000000000053	0.0031745386507049714	0.00315825727804242	78.94152498369444				
2025-11-27 08:00:00	0	5.75	5.75	5.75	5.75	5.75	ILP.MI	2.69	2.69	2.69	2.69	2.99	2.36	1.0	1.0	1.0	0	1.0	1.0	1.0	1.0	1.0	1.0										1.0			5.25	2.69									1.0			2.36	0.0	0.0	0.77	0.0	0.0	0.34	5.55	0.77	0.0	0.0	84.62					1	0.0	0.0	-0.53	0.0	0.0	-0.1	-0.53	0.0	0.0	130.02					0.0	0.0	2.59	0.0	0.0	0.78	2.59	0.0	0.0	57.91					0.0	0.0	1.75	0.0	0.0	0.45	1.75	0.0	0.0	57.2					0.0	0.0	0.35000000000000053	0.0	0.0	-0.03763829603610258	0.35000000000000053	0.0034469930809952073	0.0034323998058225502	94.20982141061211				
2025-11-28 08:00:00	0	5.75	5.75	5.75	5.75	5.75	ILP.MI	2.68	2.68	2.68	2.68	2.99	2.36	1.0	1.0	1.0	0	1.0	1.0	1.0	1.0	1.0	1.0	5.75									1.0			5.25		2.68								1.0			2.36	0.0	0.0	0.77	0.0	0.0	0.34	5.55	0.77	0.0	0.0	84.62					1	0.0	0.0	-0.53	0.0	0.0	-0.1	-0.53	0.0	0.0	130.02					0.0	0.0	2.59	0.0	0.0	0.78	2.59	0.0	0.0	57.91					0.0	0.0	1.75	0.0	0.0	0.45	1.75	0.0	0.0	57.2					0.0	0.0	0.35000000000000053	0.0	0.0	-0.03763829603610258	0.35000000000000053	0.0034469930809952073	0.0034323998058225502	94.20982141061211				
2025-12-01 08:00:00	600	5.75	5.75	5.75	5.75	5.75	ILP.MI	2.69	2.69	2.69	2.69	2.99	2.36	1.0	1.0	1.0	0	1.0	1.0	1.0	1.0	1.0	1.0										1.0			5.25	2.69									1.0			2.36	0.0	0.0	0.77	0.0	0.0	0.34	5.55	0.77	0.0	0.0	84.62					1	0.0	0.0	-0.53	0.0	0.0	-0.1	-0.53	0.0	0.0	130.02					0.0	0.0	2.59	0.0	0.0	0.78	2.59	0.0	0.0	57.91					0.0	0.0	1.75	0.0	0.0	0.45	1.75	0.0	0.0	57.2					0.0	0.0	0.35000000000000053	0.0	0.0	-0.03763829603610258	0.35000000000000053	0.0034469930809952073	0.0034323998058225502	94.20982141061211				
2025-12-02 08:00:00	0	5.75	5.75	5.75	5.75	5.75	ILP.MI	2.68	2.68	2.68	2.68	2.99	2.36	1.0	1.0	1.0	0	1.0	1.0	1.0	1.0	1.0	1.0										1.0			5.25										1.0			2.36	0.0	0.0	0.77	0.0	0.0	0.34	5.55	0.77	0.0	0.0	84.62					1	0.0	0.0	-0.53	0.0	0.0	-0.1	-0.53	0.0	0.0	130.02					0.0	0.0	2.59	0.0	0.0	0.78	2.59	0.0	0.0	57.91					0.0	0.0	1.75	0.0	0.0	0.45	1.75	0.0	0.0	57.2					0.0	0.0	0.35000000000000053	0.0	0.0	-0.03763829603610258	0.35000000000000053	0.0034469930809952073	0.0034323998058225502	94.20982141061211				
2025-12-03 08:00:00	4800	5.75	5.65	5.75	5.65	5.65	ILP.MI	2.68	2.68	2.63	2.63	2.99	2.36	1.0	1.0	1.0	1	1.0	1.0	1.0	1.0	1.0	1.0										1.0			5.25										1.0			2.36	-0.1	-0.1	0.67	-0.02	-0.02	0.32	5.55	0.67	0.0	0.0	74.66					1	-0.0	-0.0	-0.53	-0.0	-0.0	-0.1	-0.53	0.0	0.0	126.5					-0.1	-0.1	2.49	-0.02	-0.02	0.75	2.49	0.0	0.0	61.38					-0.1	-0.1	1.65	-0.02	-0.02	0.42	1.65	0.0	0.0	60.92					-0.09999999999999964	-0.09999999999999964	0.2500000000000009	-0.017391304347825987	-0.017544309650909393	-0.054375021322431105	0.2500000000000009	0.0035024930297648817	0.003488390356940929	99.48949637502085				
2025-12-04 08:00:00	1800	5.6	5.6	5.6	5.6	5.6	ILP.MI	2.6	2.6	2.6	2.6	2.99	2.36	1.0	1.0	1.0	1	1.0	1.0	1.0	1.0	1.0	1.0		5.6	5.6							1.0			5.25		2.6								1.0			2.36	-0.05	-0.05	0.62	-0.01	-0.01	0.31	5.55	0.62	0.0	0.0	67.95					1	-0.05	-0.05	-0.58	-0.01	-0.01	-0.11	-0.58	0.0	0.0	116.88					-0.05	-0.05	2.44	-0.01	-0.01	0.73	2.44	0.0	0.0	63.09					-0.05	-0.05	1.6	-0.01	-0.01	0.41	1.6	0.0	0.0	62.75					-0.05000000000000071	-0.05000000000000071	0.20000000000000018	-0.008849557522124019	-0.008888947417246152	-0.06274338396559553	0.20000000000000018	0.003528494300709858	0.003514618565825467	102.10843680206526				
2025-12-05 08:00:00	7800	5.75	5.6	5.6	5.75	5.75	ILP.MI	2.61	2.68	2.61	2.68	2.99	2.36	1.0	1.0	1.0	1	1.0	1.0	1.0	1.0	1.0	1.0	5.75									1.0			5.25	2.68									1.0			2.36	0.15	0.15	0.77	0.03	0.03	0.34	5.55	0.77	0.0	0.0	67.89					1	0.15	0.15	-0.43	0.03	0.03	-0.08	-0.43	0.0	0.0	116.8					0.15	0.15	2.59	0.03	0.03	0.78	2.59	0.0	0.0	73.86					0.15	0.15	1.75	0.03	0.03	0.45	1.75	0.0	0.0	73.88					0.15000000000000036	0.15000000000000036	0.35000000000000053	0.026785714285714413	0.026433257068155646	-0.03763829603610247	0.35000000000000053	0.003913344655713133	0.0038998192774688523	115.05239763643836				
2025-12-08 08:00:00	1200	5.65	5.65	5.65	5.65	5.65	ILP.MI	2.63	2.63	2.63	2.63	2.99	2.36	1.0	1.0	1.0	1	1.0	1.0	1.0	1.0	1.0	1.0										1.0			5.25										1.0			2.36	-0.1	-0.1	0.67	-0.02	-0.02	0.32	5.55	0.67	0.0	0.0	58.66					1	-0.1	-0.1	-0.53	-0.02	-0.02	-0.1	-0.53	0.0	0.0	103.07					-0.1	-0.1	2.49	-0.02	-0.02	0.75	2.49	0.0	0.0	75.65					-0.1	-0.1	1.65	-0.02	-0.02	0.42	1.65	0.0	0.0	75.82					-0.09999999999999964	-0.09999999999999964	0.2500000000000009	-0.017391304347825987	-0.017544309650909393	-0.054375021322430994	0.2500000000000009	0.003936455918997973	0.003923133246199306	117.88733464796952				
2025-12-09 08:00:00	0	5.65	5.65	5.65	5.65	5.65	ILP.MI	2.62	2.62	2.62	2.62	2.99	2.36	1.0	1.0	1.0	1	1.0	1.0	1.0	1.0	1.0	1.0										1.0			5.25										1.0			2.36	0.0	0.0	0.67	0.0	0.0	0.32	5.55	0.67	0.0	0.0	63.77					1	0.0	0.0	-0.53	0.0	0.0	-0.1	-0.53	0.0	0.0	110.51					0.0	0.0	2.49	0.0	0.0	0.75	2.49	0.0	0.0	74.94					0.0	0.0	1.65	0.0	0.0	0.42	1.65	0.0	0.0	75.12					0.0	0.0	0.2500000000000009	0.0	0.0	-0.054375021322430994	0.2500000000000009	0.0038718266872291886	0.003858700532243242	117.41757680023781				
2025-12-10 08:00:00	9000	5.6	5.5	5.6	5.55	5.55	ILP.MI	2.6	2.6	2.56	2.58	2.99	2.36	1.0	1.0	1.0	-1	1.0	1.0	1.0	1.0	1.0	1.0		5.5								1.0			5.25		2.56								1.0			2.36	-0.1	-0.1	0.57	-0.02	-0.02	0.3	5.5	0.57	0.0	0.0	65.55					1	-0.1	-0.1	-0.63	-0.02	-0.02	-0.12	-0.63	0.0	0.0	113.6					-0.1	-0.1	2.39	-0.02	-0.02	0.71	2.39	0.0	0.0	65.61					-0.1	-0.1	1.55	-0.02	-0.02	0.4	1.55	0.0	0.0	65.55					-0.10000000000000053	-0.10000000000000053	0.15000000000000036	-0.017699115044247926	-0.017857617400006572	-0.07111174660875974	0.15000000000000036	0.003512115271360321	0.0034988681971421798	106.78941975433467				
2025-12-11 08:00:00	6000	5.75	5.5	5.5	5.75	5.75	ILP.MI	2.54	2.66	2.54	2.66	2.99	2.36	1.0	-1.0	-1.0	0	1.0	1.0	1.0	1.0	1.0	1.0										1.0			5.25										1.0			2.36	0.2	0.2	0.77	0.04	0.04	0.34	5.5	0.77	0.0	0.0	67.12					1	-0.2	-0.2	-0.83	-0.04	-0.04	-0.15	-0.83	0.0	0.0	94.91					0.2	0.2	2.59	0.04	0.04	0.78	2.59	0.0	0.0	75.65					0.2	0.2	1.75	0.04	0.04	0.45	1.75	0.0	0.0	67.12					0.20000000000000018	0.20000000000000018	0.35000000000000053	0.03603603603603611	0.035401927050916	-0.03763829603610236	0.35000000000000053	0.003936455918997973	0.003923133246199306	117.8873346479695				
2025-12-12 08:00:00	0	5.75	5.75	5.75	5.75	5.75	ILP.MI	2.67	2.67	2.67	2.67	2.99	2.36	1.0	-1.0	-1.0	0	1.0	1.0	1.0	1.0	1.0	1.0										1.0			5.25	2.67									1.0			2.36	0.0	0.0	0.77	0.0	0.0	0.34	5.5	0.77	0.0	0.0	74.36					1	0.0	0.0	-0.83	0.0	0.0	-0.15	-0.83	0.0	0.0	105.15					0.0	0.0	2.59	0.0	0.0	0.78	2.59	0.0	0.0	74.17					0.0	0.0	1.75	0.0	0.0	0.45	1.75	0.0	0.0	74.36					0.0	0.0	0.35000000000000053	0.0	0.0	-0.03763829603610236	0.35000000000000053	0.003804309550237924	0.0037913871423700396	116.91397428704134				
2025-12-15 08:00:00	0	5.75	5.75	5.75	5.75	5.75	ILP.MI	2.63	2.63	2.63	2.63	2.99	2.36	1.0	-1.0	-1.0	0	1.0	1.0	1.0	1.0	1.0	1.0	5.75									1.0			5.25		2.63								1.0			2.36	0.0	0.0	0.77	0.0	0.0	0.34	5.5	0.77	0.0	0.0	74.36					1	0.0	0.0	-0.83	0.0	0.0	-0.15	-0.83	0.0	0.0	105.15					0.0	0.0	2.59	0.0	0.0	0.78	2.59	0.0	0.0	74.17					0.0	0.0	1.75	0.0	0.0	0.45	1.75	0.0	0.0	74.36					0.0	0.0	0.35000000000000053	0.0	0.0	-0.03763829603610236	0.35000000000000053	0.003804309550237924	0.0037913871423700396	116.91397428704134				
2025-12-16 08:00:00	0	5.75	5.75	5.75	5.75	5.75	ILP.MI	2.64	2.64	2.64	2.64	2.99	2.36	1.0	-1.0	-1.0	0	1.0	1.0	1.0	1.0	1.0	1.0										1.0			5.25	2.64									1.0			2.36	0.0	0.0	0.77	0.0	0.0	0.34	5.5	0.77	0.0	0.0	70.36					1	0.0	0.0	-0.83	0.0	0.0	-0.15	-0.83	0.0	0.0	98.15					0.0	0.0	2.59	0.0	0.0	0.78	2.59	0.0	0.0	87.5					0.0	0.0	1.75	0.0	0.0	0.45	1.75	0.0	0.0	70.36					0.0	0.0	0.35000000000000053	0.0	0.0	-0.03763829603610236	0.35000000000000053	0.004030364776168947	0.004018713265496077	136.4585581093808				
2025-12-17 08:00:00	28800	5.65	5.45	5.65	5.45	5.45	ILP.MI	2.59	2.59	2.5	2.5	2.99	2.36	1.0	-1.0	-1.0	-1	1.0	1.0	1.0	1.0	1.0	1.0		5.45		5.45						1.0			5.25										1.0			2.36	-0.3	-0.3	0.47	-0.05	-0.05	0.27	5.45	0.47	0.0	0.0	55.2					1	-0.0	-0.0	-0.83	-0.0	-0.0	-0.15	-0.83	0.0	0.0	96.58					-0.3	-0.3	2.29	-0.05	-0.05	0.68	2.29	0.0	0.0	77.43					-0.3	-0.3	1.45	-0.05	-0.05	0.37	1.45	0.0	0.0	55.2					-0.2999999999999998	-0.2999999999999998	0.05000000000000071	-0.05217391304347818	-0.053584246134106284	-0.08784847189508826	0.05000000000000071	0.003917863520062159	0.003905249214773976	120.16690983733054				
2025-12-18 08:00:00	16800	5.65	5.5	5.55	5.5	5.5	ILP.MI	2.52	2.57	2.5	2.5	2.99	2.36	1.0	-1.0	-1.0	-1	1.0	1.0	1.0	1.0	1.0	1.0										1.0			5.25		2.5		2.5						1.0			2.36	0.05	0.05	0.52	0.01	0.01	0.29	5.45	0.52	0.0	0.0	61.17					1	-0.05	-0.05	-0.88	-0.01	-0.01	-0.15	-0.88	0.0	0.0	96.4					0.05	0.05	2.34	0.01	0.01	0.7	2.34	0.0	0.0	77.48					0.05	0.05	1.5	0.01	0.01	0.38	1.5	0.0	0.0	61.17					0.04999999999999982	0.04999999999999982	0.10000000000000053	0.00917431192660545	0.009132483563272472	-0.07948010925192406	0.10000000000000053	0.003921979069101267	0.003909352855253623	120.1963990199977				
2025-12-19 08:00:00	1800	5.65	5.5	5.5	5.65	5.65	ILP.MI	2.48	2.55	2.48	2.55	2.99	2.36	1.0	-1.0	-1.0	-1	1.0	1.0	1.0	1.0	1.0	1.0										1.0			5.25										1.0			2.36	0.15	0.15	0.67	0.03	0.03	0.32	5.45	0.67	0.0	0.0	62.12					1	-0.15	-0.15	-1.03	-0.03	-0.03	-0.18	-1.03	0.0	0.0	79.56					0.15	0.15	2.49	0.03	0.03	0.75	2.49	0.0	0.0	86.65					0.15	0.15	1.65	0.03	0.03	0.42	1.65	0.0	0.0	62.12					0.15000000000000036	0.15000000000000036	0.2500000000000009	0.027272727272727337	0.026907452919924402	-0.054375021322430994	0.2500000000000009	0.004283556528053017	0.004271067310519738	130.97924915918907				
2025-12-22 08:00:00	3000	5.65	5.65	5.65	5.65	5.65	ILP.MI	2.56	2.56	2.56	2.56	2.94	2.36	1.0	-1.0	-1.0	-1	1.0	1.0	1.0	1.0	1.0	1.0	5.65									1.0			5.25	2.56									1.0			2.36	0.0	0.0	0.67	0.0	0.0	0.32	5.45	0.67	0.0	0.0	76.55					1	-0.0	-0.0	-1.03	-0.0	-0.0	-0.18	-1.03	0.0	0.0	101.85					0.0	0.0	2.49	0.0	0.0	0.75	2.49	0.0	0.0	82.52					0.0	0.0	1.65	0.0	0.0	0.42	1.65	0.0	0.0	76.55					0.0	0.0	0.2500000000000009	0.0	0.0	-0.054375021322430994	0.2500000000000009	0.003886944803956683	0.003875542084631922	128.29162999583656				
2025-12-23 08:00:00	4200	5.65	5.6	5.65	5.6	5.6	ILP.MI	2.56	2.56	2.54	2.54	2.94	2.36	1.0	-1.0	-1.0	-1	1.0	1.0	1.0	1.0	1.0	1.0										1.0			5.25		2.54								1.0			2.36	-0.05	-0.05	0.62	-0.01	-0.01	0.31	5.45	0.62	0.0	0.0	69.25					1	0.05	0.05	-0.98	0.01	0.01	-0.17	-0.98	0.0	0.0	99.96					-0.05	-0.05	2.44	-0.01	-0.01	0.73	2.44	0.0	0.0	84.51					-0.05	-0.05	1.6	-0.01	-0.01	0.41	1.6	0.0	0.0	69.25					-0.05000000000000071	-0.05000000000000071	0.20000000000000018	-0.008849557522124019	-0.008888947417246152	-0.06274338396559542	0.20000000000000018	0.003908090315193855	0.0038968671651575804	131.5022021652529				
2025-12-29 08:00:00	9000	5.65	5.6	5.65	5.6	5.6	ILP.MI	2.57	2.57	2.55	2.55	2.94	2.36	1.0	-1.0	-1.0	-1	1.0	1.0	1.0	1.0	1.0	1.0										1.0			5.25	2.57		2.57							1.0			2.36	0.0	0.0	0.62	0.0	0.0	0.31	5.45	0.62	0.0	0.0	69.25					1	-0.0	-0.0	-0.98	-0.0	-0.0	-0.17	-0.98	0.0	0.0	99.96					0.0	0.0	2.44	0.0	0.0	0.73	2.44	0.0	0.0	84.51					0.0	0.0	1.6	0.0	0.0	0.41	1.6	0.0	0.0	69.25					0.0	0.0	0.20000000000000018	0.0	0.0	-0.06274338396559542	0.20000000000000018	0.003908090315193855	0.0038968671651575804	131.5022021652529				
2025-12-30 08:00:00	7800	5.65	5.6	5.65	5.6	5.6	ILP.MI	2.54	2.54	2.52	2.52	2.94	2.36	1.0	-1.0	-1.0	-1	1.0	1.0	1.0	1.0	1.0	1.0										1.0			5.25										1.0			2.36	0.0	0.0	0.62	0.0	0.0	0.31	5.45	0.62	0.0	0.0	68.36					1	-0.0	-0.0	-0.98	-0.0	-0.0	-0.17	-0.98	0.0	0.0	97.99					0.0	0.0	2.44	0.0	0.0	0.73	2.44	0.0	0.0	90.18					0.0	0.0	1.6	0.0	0.0	0.41	1.6	0.0	0.0	68.36					0.0	0.0	0.20000000000000018	0.0	0.0	-0.06274338396559542	0.20000000000000018	0.004039113619490782	0.0040283876417317455	138.5869910288573				
2026-01-02 08:00:00	0	5.6	5.6	5.6	5.6	5.6	ILP.MI	2.49	2.49	2.49	2.49	2.94	2.36	1.0	-1.0	-1.0	-1	-1.0	1.0	-1.0	1.0	1.0	1.0										1.0			5.25										1.0			2.36	0.0	0.0	0.62	0.0	0.0	0.31	5.45	0.62	0.0	0.0	78.2					1	-0.0	-0.0	-0.98	-0.0	-0.0	-0.17	-0.98	0.0	0.0	113.87					0.0	0.0	2.44	0.0	0.0	0.73	2.44	0.0	0.0	87.87					0.0	0.0	1.6	0.0	0.0	0.41	1.6	0.0	0.0	78.2					0.0	0.0	0.20000000000000018	0.0	0.0	-0.06274338396559542	0.20000000000000018	0.0038355775400659834	0.0038253594747226227	137.1197286397748				
2026-01-05 08:00:00	4200	5.6	5.55	5.6	5.55	5.55	ILP.MI	2.47	2.47	2.45	2.45	2.94	2.36	1.0	-1.0	-1.0	-1	-1.0	1.0	-1.0	-1.0	1.0	-1.0		5.55								1.0			5.25		2.45								1.0			2.36	-0.05	-0.05	0.57	-0.01	-0.01	0.3	5.45	0.57	0.0	0.0	85.3					1	0.05	0.05	-0.93	0.01	0.01	-0.16	-0.93	0.0	0.0	138.15					0.05	0.05	2.49	0.01	0.01	0.75	2.49	0.0	0.0	85.2					-0.05	-0.05	1.55	-0.01	-0.01	0.4	1.55	0.0	0.0	85.3					-0.04999999999999982	-0.04999999999999982	0.15000000000000036	-0.008928571428571397	-0.008968669982760375	-0.07111174660875974	0.15000000000000036	0.0034302394897436097	0.0034202439742156976	127.55480893181382				
2026-01-06 08:00:00	3600	5.6	5.55	5.55	5.6	5.6	ILP.MI	2.45	2.47	2.45	2.47	2.94	2.36	1.0	-1.0	-1.0	-1	-1.0	1.0	-1.0	-1.0	1.0	-1.0										1.0			5.25										1.0			2.36	0.05	0.05	0.62	0.01	0.01	0.31	5.45	0.62	0.0	0.0	92.61					1	-0.05	-0.05	-0.98	-0.01	-0.01	-0.17	-0.98	0.0	0.0	138.32					-0.05	-0.05	2.44	-0.01	-0.01	0.73	2.44	0.0	0.0	78.26					-0.05	-0.05	1.5	-0.01	-0.01	0.38	1.5	0.0	0.0	85.4					0.04999999999999982	0.04999999999999982	0.20000000000000018	0.009009009009008917	0.008968669982760316	-0.06274338396559542	0.20000000000000018	0.003427703197379004	0.003417714040336195	127.53211569308505				
2026-01-07 08:00:00	0	5.6	5.6	5.6	5.6	5.6	ILP.MI	2.48	2.48	2.48	2.48	2.94	2.36	1.0	-1.0	-1.0	-1	-1.0	1.0	-1.0	-1.0	1.0	-1.0	5.6									1.0			5.25	2.48									1.0			2.36	0.0	0.0	0.62	0.0	0.0	0.31	5.45	0.62	0.0	0.0	92.61					1	-0.0	-0.0	-0.98	-0.0	-0.0	-0.17	-0.98	0.0	0.0	138.32					-0.0	-0.0	2.44	-0.0	-0.0	0.73	2.44	0.0	0.0	78.26					-0.0	-0.0	1.5	-0.0	-0.0	0.38	1.5	0.0	0.0	85.4					0.0	0.0	0.20000000000000018	0.0	0.0	-0.06274338396559542	0.20000000000000018	0.003427703197379004	0.003417714040336195	127.53211569308505				
2026-01-08 08:00:00	2400	5.6	5.6	5.6	5.6	5.6	ILP.MI	2.48	2.48	2.48	2.48	2.94	2.36	1.0	-1.0	-1.0	-1	-1.0	1.0	-1.0	-1.0	1.0	-1.0										1.0			5.25										1.0			2.36	0.0	0.0	0.62	0.0	0.0	0.31	5.45	0.62	0.0	0.0	92.61					1	-0.0	-0.0	-0.98	-0.0	-0.0	-0.17	-0.98	0.0	0.0	138.32					-0.0	-0.0	2.44	-0.0	-0.0	0.73	2.44	0.0	0.0	78.26					-0.0	-0.0	1.5	-0.0	-0.0	0.38	1.5	0.0	0.0	85.4					0.0	0.0	0.20000000000000018	0.0	0.0	-0.06274338396559542	0.20000000000000018	0.003427703197379004	0.003417714040336195	127.53211569308505				
2026-01-09 08:00:00	5400	5.6	5.5	5.5	5.5	5.5	ILP.MI	2.43	2.48	2.43	2.43	2.94	2.36	1.0	-1.0	-1.0	-1	-1.0	1.0	-1.0	-1.0	1.0	-1.0		5.5								1.0			5.25		2.43		2.43						1.0			2.36	-0.1	-0.1	0.52	-0.02	-0.02	0.29	5.45	0.52	0.0	0.0	92.86					1	0.1	0.1	-0.88	0.02	0.02	-0.15	-0.88	0.0	0.0	141.72					0.1	0.1	2.54	0.02	0.02	0.76	2.54	0.0	0.0	78.16					0.1	0.1	1.6	0.02	0.02	0.41	1.6	0.0	0.0	96.35					-0.09999999999999964	-0.09999999999999964	0.10000000000000053	-0.017857142857142794	-0.01801850550267825	-0.07948010925192406	0.10000000000000053	0.003136497424361103	0.00312624411289697	115.91129595398036				
2026-01-12 08:00:00	3000	5.7	5.6	5.6	5.7	5.7	ILP.MI	2.48	2.52	2.48	2.52	2.94	2.36	1.0	-1.0	-1.0	-1	-1.0	1.0	-1.0	-1.0	1.0	-1.0	5.7		5.7							1.0			5.25										1.0			2.36	0.2	0.2	0.72	0.04	0.04	0.33	5.45	0.72	0.0	0.0	102.58					1	-0.2	-0.2	-1.08	-0.04	-0.04	-0.18	-1.08	0.0	0.0	119.79					-0.2	-0.2	2.34	-0.04	-0.04	0.7	2.34	0.0	0.0	65.58					-0.2	-0.2	1.4	-0.04	-0.04	0.36	1.4	0.0	0.0	88.92					0.20000000000000018	0.20000000000000018	0.3000000000000007	0.036363636363636376	0.035718082602079246	-0.04600665867926679	0.3000000000000007	0.0033326121612555683	0.003321840777173568	117.80216963470136				
2026-01-13 08:00:00	1200	5.7	5.6	5.6	5.7	5.7	ILP.MI	2.49	2.53	2.49	2.53	2.94	2.36	1.0	-1.0	-1.0	-1	-1.0	1.0	-1.0	-1.0	1.0	-1.0										1.0			5.25	2.53									1.0			2.36	0.0	0.0	0.72	0.0	0.0	0.33	5.45	0.72	0.0	0.0	109.38					1	-0.0	-0.0	-1.08	-0.0	-0.0	-0.18	-1.08	0.0	0.0	119.79					-0.0	-0.0	2.34	-0.0	-0.0	0.7	2.34	0.0	0.0	64.38					-0.0	-0.0	1.4	-0.0	-0.0	0.36	1.4	0.0	0.0	95.35					0.0	0.0	0.3000000000000007	0.0	0.0	-0.04600665867926679	0.3000000000000007	0.0032601478294175413	0.0032495693536997994	117.1229651909942				
2026-01-14 08:00:00	600	5.6	5.6	5.6	5.6	5.6	ILP.MI	2.48	2.48	2.48	2.48	2.94	2.39	1.0	-1.0	-1.0	-1	-1.0	1.0	-1.0	-1.0	1.0	-1.0		5.6								1.0			5.25										1.0			2.36	-0.1	-0.1	0.62	-0.02	-0.02	0.31	5.45	0.62	0.0	0.0	106.87					1	0.1	0.1	-0.98	0.02	0.02	-0.17	-0.98	0.0	0.0	122.94					0.1	0.1	2.44	0.02	0.02	0.73	2.44	0.0	0.0	65.37					0.1	0.1	1.5	0.02	0.02	0.38	1.5	0.0	0.0	103.44					-0.10000000000000053	-0.10000000000000053	0.20000000000000018	-0.01754385964912286	-0.017699577099400975	-0.06274338396559542	0.20000000000000018	0.0030357236831978157	0.0030247045874327583	106.8694627868999				
2026-01-15 08:00:00	0	5.6	5.6	5.6	5.6	5.6	ILP.MI	2.47	2.47	2.47	2.47	2.94	2.39	1.0	-1.0	-1.0	-1	-1.0	-1.0	1.0	-1.0	1.0	-1.0										1.0			5.25		2.47								1.0			2.36	0.0	0.0	0.62	0.0	0.0	0.31	5.45	0.62	0.0	0.0	105.33					1	-0.0	-0.0	-0.98	-0.0	-0.0	-0.17	-0.98	0.0	0.0	122.94					-0.0	-0.0	2.44	-0.0	-0.0	0.73	2.44	0.0	0.0	73.24					-0.0	-0.0	1.5	-0.0	-0.0	0.38	1.5	0.0	0.0	101.84					0.0	0.0	0.20000000000000018	0.0	0.0	-0.06274338396559542	0.20000000000000018	0.0028920298478552625	0.0028814061881199393	105.32633709623585				
2026-01-16 08:00:00	600	5.65	5.65	5.65	5.65	5.65	ILP.MI	2.49	2.49	2.49	2.49	2.94	2.39	1.0	-1.0	-1.0	-1	-1.0	-1.0	1.0	-1.0	1.0	-1.0										1.0			5.25										1.0			2.36	0.05	0.05	0.67	0.01	0.01	0.32	5.45	0.67	0.0	0.0	106.05					1	-0.05	-0.05	-1.03	-0.01	-0.01	-0.18	-1.03	0.0	0.0	114.17					0.05	0.05	2.49	0.01	0.01	0.75	2.49	0.0	0.0	74.27					-0.05	-0.05	1.45	-0.01	-0.01	0.37	1.45	0.0	0.0	95.45					0.05000000000000071	0.05000000000000071	0.2500000000000009	0.008928571428571619	0.008888947417246214	-0.054375021322430994	0.2500000000000009	0.002957808058742885	0.00294700427445882	106.04574815057745				
2026-01-19 08:00:00	0	5.65	5.65	5.65	5.65	5.65	ILP.MI	2.53	2.53	2.53	2.53	2.94	2.39	1.0	-1.0	-1.0	-1	-1.0	-1.0	1.0	-1.0	1.0	-1.0	5.65									1.0			5.25										1.0			2.36	0.0	0.0	0.67	0.0	0.0	0.32	5.45	0.67	0.0	0.0	112.95					1	-0.0	-0.0	-1.03	-0.0	-0.0	-0.18	-1.03	0.0	0.0	114.17					0.0	0.0	2.49	0.0	0.0	0.75	2.49	0.0	0.0	73.15					-0.0	-0.0	1.45	-0.0	-0.0	0.37	1.45	0.0	0.0	102.08					0.0	0.0	0.2500000000000009	0.0	0.0	-0.054375021322430994	0.2500000000000009	0.003087913813559229	0.0030775765471962035	112.945437878143				
2026-01-20 08:00:00	0	5.65	5.65	5.65	5.65	5.65	ILP.MI	2.55	2.55	2.55	2.55	2.94	2.43	1.0	-1.0	-1.0	-1	-1.0	-1.0	1.0	-1.0	1.0	-1.0										1.0			5.25	2.55		2.55							1.0			2.36	0.0	0.0	0.67	0.0	0.0	0.32	5.45	0.67	0.0	0.0	112.95					1	-0.0	-0.0	-1.03	-0.0	-0.0	-0.18	-1.03	0.0	0.0	114.17					0.0	0.0	2.49	0.0	0.0	0.75	2.49	0.0	0.0	73.15					-0.0	-0.0	1.45	-0.0	-0.0	0.37	1.45	0.0	0.0	102.08					0.0	0.0	0.2500000000000009	0.0	0.0	-0.054375021322430994	0.2500000000000009	0.003087913813559229	0.0030775765471962035	112.945437878143				
2026-01-21 08:00:00	1200	5.55	5.5	5.5	5.55	5.55	ILP.MI	2.5	2.52	2.5	2.52	2.94	2.43	1.0	-1.0	-1.0	-1	-1.0	-1.0	1.0	-1.0	1.0	-1.0		5.5								1.0			5.25										1.0			2.36	-0.1	-0.1	0.57	-0.02	-0.02	0.3	5.5	0.57	0.0	0.0	110.34					1	0.1	0.1	-0.93	0.02	0.02	-0.16	-0.93	0.0	0.0	117.18					-0.1	-0.1	2.39	-0.02	-0.02	0.71	2.39	0.0	0.0	64.37					0.1	0.1	1.55	0.02	0.02	0.4	1.55	0.0	0.0	110.34					-0.10000000000000053	-0.10000000000000053	0.15000000000000036	-0.017699115044247926	-0.017857617400006572	-0.07111174660875974	0.15000000000000036	0.003067660207422624	0.003057162287303905	110.33689394601129				
2026-01-22 08:00:00	0	5.55	5.55	5.55	5.55	5.55	ILP.MI	2.49	2.49	2.49	2.49	2.94	2.43	1.0	-1.0	-1.0	-1	-1.0	-1.0	1.0	-1.0	1.0	-1.0										1.0			5.25		2.49								1.0			2.36	0.0	0.0	0.57	0.0	0.0	0.3	5.5	0.57	0.0	0.0	107.18					1	-0.0	-0.0	-0.93	-0.0	-0.0	-0.16	-0.93	0.0	0.0	117.18					0.0	0.0	2.39	0.0	0.0	0.71	2.39	0.0	0.0	76.6					-0.0	-0.0	1.55	-0.0	-0.0	0.4	1.55	0.0	0.0	107.18					0.0	0.0	0.15000000000000036	0.0	0.0	-0.07111174660875974	0.15000000000000036	0.0027791631012141537	0.0027694131379270015	107.17725269805999				
2026-01-23 08:00:00	1200	5.6	5.6	5.6	5.6	5.6	ILP.MI	2.52	2.52	2.52	2.52	2.94	2.43	1.0	-1.0	-1.0	-1	-1.0	-1.0	1.0	-1.0	1.0	-1.0	5.6									1.0			5.25	2.52									1.0			2.36	0.05	0.05	0.62	0.01	0.01	0.31	5.5	0.62	0.0	0.0	104.57					1	-0.05	-0.05	-0.98	-0.01	-0.01	-0.17	-0.98	0.0	0.0	108.74					0.05	0.05	2.44	0.01	0.01	0.73	2.44	0.0	0.0	90.94					-0.05	-0.05	1.5	-0.01	-0.01	0.38	1.5	0.0	0.0	96.85					0.04999999999999982	0.04999999999999982	0.20000000000000018	0.009009009009008917	0.008968669982760316	-0.06274338396559553	0.20000000000000018	0.002568618588482237	0.0025593971084776346	104.56735642621834				
2026-01-26 08:00:00	0	5.6	5.6	5.6	5.6	5.6	ILP.MI	2.52	2.52	2.52	2.52	2.94	2.43	1.0	-1.0	-1.0	-1	-1.0	-1.0	1.0	-1.0	1.0	-1.0										1.0			5.25										1.0			2.36	0.0	0.0	0.62	0.0	0.0	0.31	5.5	0.62	0.0	0.0	114.72					1	-0.0	-0.0	-0.98	-0.0	-0.0	-0.17	-0.98	0.0	0.0	108.74					0.0	0.0	2.44	0.0	0.0	0.73	2.44	0.0	0.0	88.78					-0.0	-0.0	1.5	-0.0	-0.0	0.38	1.5	0.0	0.0	106.7					0.0	0.0	0.20000000000000018	0.0	0.0	-0.06274338396559553	0.20000000000000018	0.0027117975637246626	0.0027031565420654324	114.72126787482053				
2026-01-27 08:00:00	4800	5.55	5.55	5.55	5.55	5.55	ILP.MI	2.47	2.47	2.47	2.47	2.94	2.43	1.0	-1.0	-1.0	-1	-1.0	-1.0	1.0	-1.0	1.0	-1.0										1.0			5.25										1.0			2.36	-0.05	-0.05	0.57	-0.01	-0.01	0.3	5.5	0.57	0.0	0.0	107.6					1	0.05	0.05	-0.93	0.01	0.01	-0.16	-0.93	0.0	0.0	110.21					-0.05	-0.05	2.39	-0.01	-0.01	0.71	2.39	0.0	0.0	82.29					0.05	0.05	1.55	0.01	0.01	0.4	1.55	0.0	0.0	107.6					-0.04999999999999982	-0.04999999999999982	0.15000000000000036	-0.008928571428571397	-0.008968669982760375	-0.07111174660875974	0.15000000000000036	0.002592069760195827	0.0025830224536056434	107.59582123525584				
2026-01-28 08:00:00	15600	5.55	5.25	5.4	5.55	5.55	ILP.MI	2.42	2.49	2.35	2.49	2.94	2.35	-1.0	-1.0	-1.0	-1	-1.0	-1.0	1.0	-1.0	1.0	-1.0		5.25		5.25		5.25				1.0			5.25		2.35								1.0			2.36	0.0	0.0	0.57	0.0	0.0	0.3	5.25	0.57	0.0	0.0	107.6					1	-0.0	-0.0	-0.93	-0.0	-0.0	-0.16	-0.93	0.0	0.0	110.21					0.0	0.0	2.39	0.0	0.0	0.71	2.39	0.0	0.0	82.29					-0.0	-0.0	1.55	-0.0	-0.0	0.4	1.55	0.0	0.0	107.6					0.0	0.0	0.15000000000000036	0.0	0.0	-0.07111174660875974	0.15000000000000036	0.002592069760195827	0.0025830224536056434	107.59582123525584				
2026-01-29 08:00:00	4800	5.55	5.55	5.55	5.55	5.55	ILP.MI	2.49	2.49	2.49	2.49	2.94	2.35	-1.0	-1.0	-1.0	-1	-1.0	-1.0	1.0	-1.0	1.0	-1.0										1.0			5.25	2.49									1.0			2.36	-0.0	-0.0	0.57	-0.0	-0.0	0.3	5.25	0.57	0.0	0.0	105.73					1	-0.0	-0.0	-0.93	-0.0	-0.0	-0.16	-0.93	0.0	0.0	110.21					0.0	0.0	2.39	0.0	0.0	0.71	2.39	0.0	0.0	91.35					-0.0	-0.0	1.55	-0.0	-0.0	0.4	1.55	0.0	0.0	105.73					0.0	0.0	0.15000000000000036	0.0	0.0	-0.07111174660875974	0.15000000000000036	0.0024544512201843545	0.0024457381863922656	105.72708789520252				
2026-01-30 08:00:00	0	5.55	5.55	5.55	5.55	5.55	ILP.MI	2.46	2.46	2.46	2.46	2.94	2.35	-1.0	-1.0	-1.0	-1	-1.0	-1.0	1.0	-1.0	-1.0	1.0										1.0			5.25										1.0			2.36	-0.0	-0.0	0.57	-0.0	-0.0	0.3	5.25	0.57	0.0	0.0	105.73					1	-0.0	-0.0	-0.93	-0.0	-0.0	-0.16	-0.93	0.0	0.0	110.21					0.0	0.0	2.39	0.0	0.0	0.71	2.39	0.0	0.0	91.35					-0.0	-0.0	1.55	-0.0	-0.0	0.4	1.55	0.0	0.0	105.73					0.0	0.0	0.15000000000000036	0.0	0.0	-0.07111174660875974	0.15000000000000036	0.0024544512201843545	0.0024457381863922656	105.72708789520252				
2026-02-02 08:00:00	22200	5.75	5.25	5.4	5.7	5.7	ILP.MI	2.37	2.53	2.31	2.5	2.94	2.31	-1.0	-1.0	-1.0	1	-1.0	-1.0	1.0	-1.0	-1.0	1.0	5.75		5.75							1.0			5.25						2.31				1.0			2.36	-0.15	-0.15	0.42	-0.03	-0.03	0.26	5.25	0.42	0.0	0.0	93.37					1	-0.15	-0.15	-1.08	-0.03	-0.03	-0.18	-1.08	0.0	0.0	95.94					0.15	0.15	2.54	0.03	0.03	0.76	2.54	0.0	0.0	94.44					0.15	0.15	1.7	0.03	0.03	0.43	1.7	0.0	0.0	108.4					0.15000000000000036	0.15000000000000036	0.3000000000000007	0.027027027027027195	0.02666824708216149	-0.046006658679266677	0.3000000000000007	0.0026544630733005663	0.0026452621500803186	108.39902411040529				
2026-02-03 08:00:00	5400	5.65	5.35	5.65	5.35	5.35	ILP.MI	2.46	2.46	2.33	2.33	2.94	2.31	-1.0	-1.0	-1.0	1	-1.0	-1.0	1.0	-1.0	-1.0	1.0		5.35								1.0			5.25										-1.0			2.36	0.35	0.35	0.77	0.06	0.06	0.35	5.75	0.77	0.0	0.0	99.53					1	-0.35	-0.35	-1.43	-0.06	-0.06	-0.23	-1.43	0.0	0.0	72.79					-0.35	-0.35	2.19	-0.06	-0.06	0.65	2.19	0.0	0.0	74.82					-0.35	-0.35	1.35	-0.06	-0.06	0.35	1.35	0.0	0.0	86.18					-0.35000000000000053	-0.35000000000000053	-0.04999999999999982	-0.061403508771929904	-0.06336961393258937	-0.10458519718141701	-0.04999999999999982	0.0023906671706642275	0.0023799752993671763	86.18445223236522				
2026-02-04 08:00:00	2400	5.5	5.35	5.35	5.5	5.5	ILP.MI	2.32	2.38	2.32	2.38	2.94	2.31	-1.0	-1.0	-1.0	1	-1.0	-1.0	1.0	-1.0	-1.0	1.0										1.0			5.25		2.32		2.32						-1.0			2.36	-0.15	-0.15	0.62	-0.03	-0.03	0.31	5.75	0.62	0.0	0.0	88.2					1	0.15	0.15	-1.28	0.03	0.03	-0.21	-1.28	0.0	0.0	77.27					0.15	0.15	2.34	0.03	0.03	0.7	2.34	0.0	0.0	77.8					0.15	0.15	1.5	0.03	0.03	0.38	1.5	0.0	0.0	88.78					-0.15000000000000036	-0.15000000000000036	-0.20000000000000018	-0.028037383177570208	-0.027651531330510164	-0.12900560089465118	-0.20000000000000018	0.0022106361682669843	0.0021990992732228154	75.81686669219116				
2026-02-05 08:00:00	1800	5.5	5.4	5.4	5.5	5.5	ILP.MI	2.38	2.43	2.38	2.43	2.94	2.31	-1.0	-1.0	-1.0	1	-1.0	-1.0	1.0	-1.0	-1.0	1.0										1.0			5.25										-1.0			2.36	-0.0	-0.0	0.62	-0.0	-0.0	0.31	5.75	0.62	0.0	0.0	94.33					1	0.0	0.0	-1.28	0.0	0.0	-0.21	-1.28	0.0	0.0	77.27					0.0	0.0	2.34	0.0	0.0	0.7	2.34	0.0	0.0	76.85					0.0	0.0	1.5	0.0	0.0	0.38	1.5	0.0	0.0	94.86					-0.0	-0.0	-0.20000000000000018	-0.0	-0.0	-0.12900560089465118	-0.20000000000000018	0.002342517646469409	0.0023314454614715707	81.6519755494471				
2026-02-06 08:00:00	600	5.5	5.5	5.5	5.5	5.5	ILP.MI	2.42	2.42	2.42	2.42	2.94	2.31	-1.0	-1.0	-1.0	1	-1.0	-1.0	1.0	-1.0	-1.0	1.0										1.0			5.25	2.42									-1.0			2.36	-0.0	-0.0	0.62	-0.0	-0.0	0.31	5.75	0.62	0.0	0.0	94.33					1	0.0	0.0	-1.28	0.0	0.0	-0.21	-1.28	0.0	0.0	77.27					0.0	0.0	2.34	0.0	0.0	0.7	2.34	0.0	0.0	76.85					0.0	0.0	1.5	0.0	0.0	0.38	1.5	0.0	0.0	94.86					-0.0	-0.0	-0.20000000000000018	-0.0	-0.0	-0.12900560089465118	-0.20000000000000018	0.002342517646469409	0.0023314454614715707	81.6519755494471				
2026-02-09 08:00:00	0	5.5	5.5	5.5	5.5	5.5	ILP.MI	2.37	2.37	2.37	2.37	2.94	2.31	-1.0	-1.0	-1.0	1	-1.0	-1.0	1.0	-1.0	-1.0	1.0										1.0			5.25		2.37								-1.0			2.36	-0.0	-0.0	0.62	-0.0	-0.0	0.31	5.75	0.62	0.0	0.0	89.22					1	0.0	0.0	-1.28	0.0	0.0	-0.21	-1.28	0.0	0.0	77.27					0.0	0.0	2.34	0.0	0.0	0.7	2.34	0.0	0.0	93.71					0.0	0.0	1.5	0.0	0.0	0.38	1.5	0.0	0.0	89.77					-0.0	-0.0	-0.20000000000000018	-0.0	-0.0	-0.12900560089465118	-0.20000000000000018	0.0019459942250770223	0.001935998790648874	75.7414368328992				
2026-02-10 08:00:00	600	5.55	5.55	5.55	5.55	5.55	ILP.MI	2.4	2.4	2.4	2.4	2.94	2.31	-1.0	-1.0	-1.0	1	-1.0	-1.0	1.0	-1.0	-1.0	1.0	5.55								5.55	1.0			5.25	2.4								2.4	-1.0			2.36	-0.05	-0.05	0.57	-0.01	-0.01	0.3	5.75	0.57	0.0	0.0	82.91					1	0.05	0.05	-1.23	0.01	0.01	-0.21	-1.23	0.0	0.0	78.6					0.05	0.05	2.39	0.01	0.01	0.71	2.39	0.0	0.0	94.6					0.05	0.05	1.55	0.01	0.01	0.4	1.55	0.0	0.0	90.71					-0.04999999999999982	-0.04999999999999982	-0.25	-0.009090909090909038	-0.009049835519917856	-0.1368523972829876	-0.25	0.0018196943212050655	0.0018092717760873622	69.69768087194595				
2026-02-11 13:11:42	36000	5.5	5.45	5.45	5.5	5.5	ILP.MI	2.35	2.38	2.35	2.38	2.94	2.31	-1.0	-1.0	-1.0	1	-1.0	-1.0	1.0	-1.0	-1.0	1.0										1.0			5.25										-1.0			2.36	0.05	0.05	0.62	0.01	0.01	0.31	5.75	0.62	0.0	0.0	92.5					1	-0.05	-0.05	-1.28	-0.01	-0.01	-0.21	-1.28	0.0	0.0	80.82					-0.05	-0.05	2.34	-0.01	-0.01	0.7	2.34	0.0	0.0	96.93					-0.05	-0.05	1.5	-0.01	-0.01	0.38	1.5	0.0	0.0	93.0					0.04999999999999982	0.04999999999999982	-0.20000000000000018	0.009009009009009028	0.009049835519917927	-0.12900560089465118	-0.20000000000000018	0.0020350486406649927	0.0020250431787507406	78.87570715466487				
