date	volume	high	low	open	close	adj_close	ticker	ropen	rhigh	rlow	rclose	rhi_100	rlo_100	rbo_100	rtt_50	rtt_20	rtt_5020	rema_50100	rema_100150	rema_50100150	rsma_50100	rsma_100150	rsma_50100150	hi1	lo1	hi2	lo2	hi3	lo3	hi4	lo4	rg	flr	clg	rg_ch	rh1	rl1	rh2	rl2	rh3	rl3	rh4	rl4	rrt	rrg	rflr	rclg	rrg_ch	rbo_100_chg1D	rbo_100_chg1D_fx	rbo_100_PL_cum	rbo_100_returns	rbo_100_log_returns	rbo_100_cumul	stop_loss	rbo_100_PL_cum_fx	rbo_100_trading_edge	rbo_100_geometric_expectancy	rbo_100_kelly	rbo_100_constant	rbo_100_concave	rbo_100_convex	rbo_100_equal_weight	EUR	rtt_5020_chg1D	rtt_5020_chg1D_fx	rtt_5020_PL_cum	rtt_5020_returns	rtt_5020_log_returns	rtt_5020_cumul	rtt_5020_PL_cum_fx	rtt_5020_trading_edge	rtt_5020_geometric_expectancy	rtt_5020_kelly	rtt_5020_constant	rtt_5020_concave	rtt_5020_convex	rtt_5020_equal_weight	rema_50100150_chg1D	rema_50100150_chg1D_fx	rema_50100150_PL_cum	rema_50100150_returns	rema_50100150_log_returns	rema_50100150_cumul	rema_50100150_PL_cum_fx	rema_50100150_trading_edge	rema_50100150_geometric_expectancy	rema_50100150_kelly	rema_50100150_constant	rema_50100150_concave	rema_50100150_convex	rema_50100150_equal_weight	rsma_50100150_chg1D	rsma_50100150_chg1D_fx	rsma_50100150_PL_cum	rsma_50100150_returns	rsma_50100150_log_returns	rsma_50100150_cumul	rsma_50100150_PL_cum_fx	rsma_50100150_trading_edge	rsma_50100150_geometric_expectancy	rsma_50100150_kelly	rsma_50100150_constant	rsma_50100150_concave	rsma_50100150_convex	rsma_50100150_equal_weight	rrg_chg1D	rrg_chg1D_fx	rrg_PL_cum	rrg_returns	rrg_log_returns	rrg_cumul	rrg_PL_cum_fx	rrg_trading_edge	rrg_geometric_expectancy	rrg_kelly	rrg_constant	rrg_concave	rrg_convex	rrg_equal_weight
2019-07-26 07:00:00	185900	2.77	2.63	2.77	2.65	2.65	RAD.MI	2.77	2.77	2.63	2.65			0.0			0			0.0			0.0																						0.0															100000.0	100000.0	100000.0	100000.0	1											100000.0	100000.0	100000.0	100000.0											100000.0	100000.0	100000.0	100000.0											100000.0	100000.0	100000.0	100000.0											100000.0	100000.0	100000.0	100000.0
2019-07-29 07:00:00	84150	2.7	2.49	2.7	2.49	2.49	RAD.MI	2.72	2.72	2.5	2.5			0.0			0			0.0			0.0																						0.0				-0.0	-0.0	0.0	-0.0	-0.0	0.0		0.0								1	-0.0	-0.0	0.0	-0.0	-0.0	0.0	0.0								-0.0	-0.0	0.0	-0.0	-0.0	0.0	0.0								-0.0	-0.0	0.0	-0.0	-0.0	0.0	0.0								-0.0	-0.0	0.0	-0.0	-0.0	0.0	0.0							
2019-07-30 07:00:00	47850	2.45	2.3	2.42	2.3	2.3	RAD.MI	2.48	2.51	2.36	2.36			0.0			0			0.0			0.0																						0.0				-0.0	-0.0	0.0	-0.0	-0.0	0.0		0.0								1	-0.0	-0.0	0.0	-0.0	-0.0	0.0	0.0								-0.0	-0.0	0.0	-0.0	-0.0	0.0	0.0								-0.0	-0.0	0.0	-0.0	-0.0	0.0	0.0								-0.0	-0.0	0.0	-0.0	-0.0	0.0	0.0							
2019-07-31 07:00:00	2750	2.36	2.32	2.35	2.35	2.35	RAD.MI	2.4	2.41	2.37	2.4			0.0			0			0.0			0.0																						0.0				0.0	0.0	0.0	0.0	0.0	0.0		0.0								1	0.0	0.0	0.0	0.0	0.0	0.0	0.0								0.0	0.0	0.0	0.0	0.0	0.0	0.0								0.0	0.0	0.0	0.0	0.0	0.0	0.0								0.0	0.0	0.0	0.0	0.0	0.0	0.0							
2019-08-01 07:00:00	8250	2.35	2.3	2.35	2.31	2.31	RAD.MI	2.38	2.38	2.33	2.34			0.0			0			0.0			0.0		2.3												2.33								0.0				-0.0	-0.0	0.0	-0.0	-0.0	0.0		0.0								1	-0.0	-0.0	0.0	-0.0	-0.0	0.0	0.0								-0.0	-0.0	0.0	-0.0	-0.0	0.0	0.0								-0.0	-0.0	0.0	-0.0	-0.0	0.0	0.0								-0.0	-0.0	0.0	-0.0	-0.0	0.0	0.0							
2019-08-02 07:00:00	7700	2.34	2.29	2.29	2.34	2.34	RAD.MI	2.38	2.43	2.38	2.43			0.0			0			0.0			0.0																						0.0				0.0	0.0	0.0	0.0	0.0	0.0		0.0								1	0.0	0.0	0.0	0.0	0.0	0.0	0.0								0.0	0.0	0.0	0.0	0.0	0.0	0.0								0.0	0.0	0.0	0.0	0.0	0.0	0.0								0.0	0.0	0.0	0.0	0.0	0.0	0.0							
2019-08-05 07:00:00	13200	2.34	2.32	2.34	2.32	2.32	RAD.MI	2.46	2.46	2.44	2.44			0.0			0			0.0			0.0	2.34																					0.0				-0.0	-0.0	0.0	-0.0	-0.0	0.0		0.0								1	-0.0	-0.0	0.0	-0.0	-0.0	0.0	0.0								-0.0	-0.0	0.0	-0.0	-0.0	0.0	0.0								-0.0	-0.0	0.0	-0.0	-0.0	0.0	0.0								-0.0	-0.0	0.0	-0.0	-0.0	0.0	0.0							
2019-08-06 07:00:00	0	2.32	2.32	2.32	2.32	2.32	RAD.MI	2.46	2.46	2.46	2.46			0.0			0			0.0			0.0		2.32																				0.0				0.0	0.0	0.0	0.0	0.0	0.0		0.0								1	0.0	0.0	0.0	0.0	0.0	0.0	0.0								0.0	0.0	0.0	0.0	0.0	0.0	0.0								0.0	0.0	0.0	0.0	0.0	0.0	0.0								0.0	0.0	0.0	0.0	0.0	0.0	0.0							
2019-08-07 07:00:00	2750	2.34	2.33	2.33	2.34	2.34	RAD.MI	2.48	2.49	2.48	2.49			0.0			0			0.0			0.0													2.49									0.0				0.0	0.0	0.0	0.0	0.0	0.0		0.0								1	0.0	0.0	0.0	0.0	0.0	0.0	0.0								0.0	0.0	0.0	0.0	0.0	0.0	0.0								0.0	0.0	0.0	0.0	0.0	0.0	0.0								0.0	0.0	0.0	0.0	0.0	0.0	0.0							
2019-08-08 07:00:00	0	2.34	2.34	2.34	2.34	2.34	RAD.MI	2.45	2.45	2.45	2.45			0.0			0			0.0			0.0														2.45								0.0				0.0	0.0	0.0	0.0	0.0	0.0		0.0								1	0.0	0.0	0.0	0.0	0.0	0.0	0.0								0.0	0.0	0.0	0.0	0.0	0.0	0.0								0.0	0.0	0.0	0.0	0.0	0.0	0.0								0.0	0.0	0.0	0.0	0.0	0.0	0.0							
2019-08-09 07:00:00	0	2.34	2.34	2.34	2.34	2.34	RAD.MI	2.51	2.51	2.51	2.51			0.0			0			0.0			0.0																						0.0				0.0	0.0	0.0	0.0	0.0	0.0		0.0								1	0.0	0.0	0.0	0.0	0.0	0.0	0.0								0.0	0.0	0.0	0.0	0.0	0.0	0.0								0.0	0.0	0.0	0.0	0.0	0.0	0.0								0.0	0.0	0.0	0.0	0.0	0.0	0.0							
2019-08-12 07:00:00	550	2.35	2.35	2.35	2.35	2.35	RAD.MI	2.53	2.53	2.53	2.53			0.0			0			0.0			0.0	2.35												2.53									0.0				0.0	0.0	0.0	0.0	0.0	0.0		0.0								1	0.0	0.0	0.0	0.0	0.0	0.0	0.0								0.0	0.0	0.0	0.0	0.0	0.0	0.0								0.0	0.0	0.0	0.0	0.0	0.0	0.0								0.0	0.0	0.0	0.0	0.0	0.0	0.0							
2019-08-13 07:00:00	1100	2.34	2.34	2.34	2.34	2.34	RAD.MI	2.49	2.49	2.49	2.49			0.0			0			0.0			0.0																						0.0				-0.0	-0.0	0.0	-0.0	-0.0	0.0		0.0								1	-0.0	-0.0	0.0	-0.0	-0.0	0.0	0.0								-0.0	-0.0	0.0	-0.0	-0.0	0.0	0.0								-0.0	-0.0	0.0	-0.0	-0.0	0.0	0.0								-0.0	-0.0	0.0	-0.0	-0.0	0.0	0.0							
2019-08-14 07:00:00	6600	2.34	2.23	2.34	2.24	2.24	RAD.MI	2.55	2.55	2.43	2.44			0.0			0			0.0			0.0		2.23		2.23										2.43		2.43						0.0				-0.0	-0.0	0.0	-0.0	-0.0	0.0		0.0								1	-0.0	-0.0	0.0	-0.0	-0.0	0.0	0.0								-0.0	-0.0	0.0	-0.0	-0.0	0.0	0.0								-0.0	-0.0	0.0	-0.0	-0.0	0.0	0.0								-0.0	-0.0	0.0	-0.0	-0.0	0.0	0.0							
2019-08-16 07:00:00	2750	2.35	2.25	2.25	2.34	2.34	RAD.MI	2.42	2.53	2.42	2.51			0.0			0			0.0			0.0													2.53									0.0				0.0	0.0	0.0	0.0	0.0	0.0		0.0								1	0.0	0.0	0.0	0.0	0.0	0.0	0.0								0.0	0.0	0.0	0.0	0.0	0.0	0.0								0.0	0.0	0.0	0.0	0.0	0.0	0.0								0.0	0.0	0.0	0.0	0.0	0.0	0.0							
2019-08-19 07:00:00	0	2.34	2.34	2.34	2.34	2.34	RAD.MI	2.47	2.47	2.47	2.47			0.0			0			0.0			0.0														2.47								0.0				0.0	0.0	0.0	0.0	0.0	0.0		0.0								1	0.0	0.0	0.0	0.0	0.0	0.0	0.0								0.0	0.0	0.0	0.0	0.0	0.0	0.0								0.0	0.0	0.0	0.0	0.0	0.0	0.0								0.0	0.0	0.0	0.0	0.0	0.0	0.0							
2019-08-20 07:00:00	4400	2.44	2.36	2.44	2.44	2.44	RAD.MI	2.6	2.6	2.52	2.6			0.0			0			0.0			0.0																						0.0				0.0	0.0	0.0	0.0	0.0	0.0		0.0								1	0.0	0.0	0.0	0.0	0.0	0.0	0.0								0.0	0.0	0.0	0.0	0.0	0.0	0.0								0.0	0.0	0.0	0.0	0.0	0.0	0.0								0.0	0.0	0.0	0.0	0.0	0.0	0.0							
2019-08-21 07:00:00	3850	2.59	2.44	2.44	2.56	2.56	RAD.MI	2.56	2.71	2.56	2.68			0.0			0			0.0			0.0	2.59		2.59										2.71		2.71							0.0				0.0	0.0	0.0	0.0	0.0	0.0		0.0								1	0.0	0.0	0.0	0.0	0.0	0.0	0.0								0.0	0.0	0.0	0.0	0.0	0.0	0.0								0.0	0.0	0.0	0.0	0.0	0.0	0.0								0.0	0.0	0.0	0.0	0.0	0.0	0.0							
2019-08-22 07:00:00	5500	2.45	2.45	2.45	2.45	2.45	RAD.MI	2.57	2.57	2.57	2.57			0.0			0			0.0			0.0																						0.0				-0.0	-0.0	0.0	-0.0	-0.0	0.0		0.0								1	-0.0	-0.0	0.0	-0.0	-0.0	0.0	0.0								-0.0	-0.0	0.0	-0.0	-0.0	0.0	0.0								-0.0	-0.0	0.0	-0.0	-0.0	0.0	0.0								-0.0	-0.0	0.0	-0.0	-0.0	0.0	0.0							
2019-08-23 07:00:00	13200	2.55	2.31	2.46	2.36	2.36	RAD.MI	2.62	2.72	2.46	2.52			0.0			0			0.0			0.0																						0.0				-0.0	-0.0	0.0	-0.0	-0.0	0.0		0.0								1	-0.0	-0.0	0.0	-0.0	-0.0	0.0	0.0								-0.0	-0.0	0.0	-0.0	-0.0	0.0	0.0								-0.0	-0.0	0.0	-0.0	-0.0	0.0	0.0								-0.0	-0.0	0.0	-0.0	-0.0	0.0	0.0							
2019-08-26 07:00:00	5500	2.36	2.27	2.36	2.31	2.31	RAD.MI	2.49	2.49	2.4	2.44			0.0			0			0.0			0.0		2.27												2.4								0.0				-0.0	-0.0	0.0	-0.0	-0.0	0.0		0.0								1	-0.0	-0.0	0.0	-0.0	-0.0	0.0	0.0								-0.0	-0.0	0.0	-0.0	-0.0	0.0	0.0								-0.0	-0.0	0.0	-0.0	-0.0	0.0	0.0								-0.0	-0.0	0.0	-0.0	-0.0	0.0	0.0							
2019-08-27 07:00:00	5500	2.45	2.35	2.35	2.36	2.36	RAD.MI	2.44	2.55	2.44	2.46			0.0			0			0.0			0.0	2.45												2.55									0.0				0.0	0.0	0.0	0.0	0.0	0.0		0.0								1	0.0	0.0	0.0	0.0	0.0	0.0	0.0								0.0	0.0	0.0	0.0	0.0	0.0	0.0								0.0	0.0	0.0	0.0	0.0	0.0	0.0								0.0	0.0	0.0	0.0	0.0	0.0	0.0							
2019-08-28 07:00:00	0	2.36	2.36	2.36	2.36	2.36	RAD.MI	2.46	2.46	2.46	2.46			0.0			0			0.0			0.0																						0.0				0.0	0.0	0.0	0.0	0.0	0.0		0.0								1	0.0	0.0	0.0	0.0	0.0	0.0	0.0								0.0	0.0	0.0	0.0	0.0	0.0	0.0								0.0	0.0	0.0	0.0	0.0	0.0	0.0								0.0	0.0	0.0	0.0	0.0	0.0	0.0							
2019-08-29 07:00:00	1100	2.36	2.36	2.36	2.36	2.36	RAD.MI	2.41	2.41	2.41	2.41			0.0			0			0.0			0.0																						0.0				0.0	0.0	0.0	0.0	0.0	0.0		0.0								1	0.0	0.0	0.0	0.0	0.0	0.0	0.0								0.0	0.0	0.0	0.0	0.0	0.0	0.0								0.0	0.0	0.0	0.0	0.0	0.0	0.0								0.0	0.0	0.0	0.0	0.0	0.0	0.0							
2019-08-30 07:00:00	12650	2.37	2.28	2.36	2.37	2.37	RAD.MI	2.42	2.43	2.34	2.43			0.0		-1.0	0			0.0			0.0		2.28																				0.0				0.0	0.0	0.0	0.0	0.0	0.0		0.0								1	0.0	0.0	0.0	0.0	0.0	0.0	0.0								0.0	0.0	0.0	0.0	0.0	0.0	0.0								0.0	0.0	0.0	0.0	0.0	0.0	0.0								0.0	0.0	0.0	0.0	0.0	0.0	0.0							
2019-09-02 07:00:00	12100	2.36	2.3	2.3	2.36	2.36	RAD.MI	2.34	2.4	2.34	2.4			0.0		-1.0	0			0.0			0.0														2.34								0.0				-0.0	-0.0	0.0	-0.0	-0.0	0.0		0.0								1	-0.0	-0.0	0.0	-0.0	-0.0	0.0	0.0								-0.0	-0.0	0.0	-0.0	-0.0	0.0	0.0								-0.0	-0.0	0.0	-0.0	-0.0	0.0	0.0								-0.0	-0.0	0.0	-0.0	-0.0	0.0	0.0							
2019-09-03 07:00:00	0	2.36	2.36	2.36	2.36	2.36	RAD.MI	2.41	2.41	2.41	2.41			0.0		-1.0	0			0.0			0.0	2.36												2.41									0.0				0.0	0.0	0.0	0.0	0.0	0.0		0.0								1	0.0	0.0	0.0	0.0	0.0	0.0	0.0								0.0	0.0	0.0	0.0	0.0	0.0	0.0								0.0	0.0	0.0	0.0	0.0	0.0	0.0								0.0	0.0	0.0	0.0	0.0	0.0	0.0							
2019-09-04 07:00:00	14300	2.36	2.28	2.28	2.36	2.36	RAD.MI	2.29	2.37	2.29	2.37			0.0		-1.0	0			0.0			0.0																						0.0				0.0	0.0	0.0	0.0	0.0	0.0		0.0								1	0.0	0.0	0.0	0.0	0.0	0.0	0.0								0.0	0.0	0.0	0.0	0.0	0.0	0.0								0.0	0.0	0.0	0.0	0.0	0.0	0.0								0.0	0.0	0.0	0.0	0.0	0.0	0.0							
2019-09-05 07:00:00	4950	2.34	2.28	2.32	2.34	2.34	RAD.MI	2.31	2.33	2.27	2.33			0.0		-1.0	0			0.0			0.0		2.28												2.27								0.0				-0.0	-0.0	0.0	-0.0	-0.0	0.0		0.0								1	-0.0	-0.0	0.0	-0.0	-0.0	0.0	0.0								-0.0	-0.0	0.0	-0.0	-0.0	0.0	0.0								-0.0	-0.0	0.0	-0.0	-0.0	0.0	0.0								-0.0	-0.0	0.0	-0.0	-0.0	0.0	0.0							
2019-09-06 07:00:00	550	2.34	2.34	2.34	2.34	2.34	RAD.MI	2.33	2.33	2.33	2.33			0.0		-1.0	0			0.0			0.0	2.34												2.33									0.0				0.0	0.0	0.0	0.0	0.0	0.0		0.0								1	0.0	0.0	0.0	0.0	0.0	0.0	0.0								0.0	0.0	0.0	0.0	0.0	0.0	0.0								0.0	0.0	0.0	0.0	0.0	0.0	0.0								0.0	0.0	0.0	0.0	0.0	0.0	0.0							
2019-09-09 07:00:00	0	2.34	2.34	2.34	2.34	2.34	RAD.MI	2.32	2.32	2.32	2.32			0.0		-1.0	0			0.0			0.0																						0.0				0.0	0.0	0.0	0.0	0.0	0.0		0.0								1	0.0	0.0	0.0	0.0	0.0	0.0	0.0								0.0	0.0	0.0	0.0	0.0	0.0	0.0								0.0	0.0	0.0	0.0	0.0	0.0	0.0								0.0	0.0	0.0	0.0	0.0	0.0	0.0							
2019-09-10 07:00:00	12100	2.27	2.21	2.27	2.25	2.25	RAD.MI	2.27	2.27	2.21	2.25			0.0		-1.0	0			0.0			0.0		2.21		2.21		2.21								2.21		2.21						0.0				-0.0	-0.0	0.0	-0.0	-0.0	0.0		0.0								1	-0.0	-0.0	0.0	-0.0	-0.0	0.0	0.0								-0.0	-0.0	0.0	-0.0	-0.0	0.0	0.0								-0.0	-0.0	0.0	-0.0	-0.0	0.0	0.0								-0.0	-0.0	0.0	-0.0	-0.0	0.0	0.0							
2019-09-11 07:00:00	11000	2.31	2.3	2.3	2.31	2.31	RAD.MI	2.29	2.3	2.29	2.3			0.0		-1.0	0			0.0			0.0	2.31												2.3									0.0				0.0	0.0	0.0	0.0	0.0	0.0		0.0								1	0.0	0.0	0.0	0.0	0.0	0.0	0.0								0.0	0.0	0.0	0.0	0.0	0.0	0.0								0.0	0.0	0.0	0.0	0.0	0.0	0.0								0.0	0.0	0.0	0.0	0.0	0.0	0.0							
2019-09-12 07:00:00	550	2.27	2.27	2.27	2.27	2.27	RAD.MI	2.24	2.24	2.24	2.24			0.0		-1.0	0			0.0			0.0		2.27												2.24								0.0				-0.0	-0.0	0.0	-0.0	-0.0	0.0		0.0								1	-0.0	-0.0	0.0	-0.0	-0.0	0.0	0.0								-0.0	-0.0	0.0	-0.0	-0.0	0.0	0.0								-0.0	-0.0	0.0	-0.0	-0.0	0.0	0.0								-0.0	-0.0	0.0	-0.0	-0.0	0.0	0.0							
2019-09-13 07:00:00	8250	2.32	2.27	2.27	2.32	2.32	RAD.MI	2.23	2.28	2.23	2.28			0.0		-1.0	0			0.0			0.0	2.32																					0.0				0.0	0.0	0.0	0.0	0.0	0.0		0.0								1	0.0	0.0	0.0	0.0	0.0	0.0	0.0								0.0	0.0	0.0	0.0	0.0	0.0	0.0								0.0	0.0	0.0	0.0	0.0	0.0	0.0								0.0	0.0	0.0	0.0	0.0	0.0	0.0							
2019-09-16 07:00:00	550	2.28	2.28	2.28	2.28	2.28	RAD.MI	2.27	2.27	2.27	2.27			0.0		-1.0	0			0.0			0.0		2.28																				0.0				-0.0	-0.0	0.0	-0.0	-0.0	0.0		0.0								1	-0.0	-0.0	0.0	-0.0	-0.0	0.0	0.0								-0.0	-0.0	0.0	-0.0	-0.0	0.0	0.0								-0.0	-0.0	0.0	-0.0	-0.0	0.0	0.0								-0.0	-0.0	0.0	-0.0	-0.0	0.0	0.0							
2019-09-17 07:00:00	550	2.36	2.36	2.36	2.36	2.36	RAD.MI	2.36	2.36	2.36	2.36			0.0		-1.0	0			0.0			0.0													2.36									0.0				0.0	0.0	0.0	0.0	0.0	0.0		0.0								1	0.0	0.0	0.0	0.0	0.0	0.0	0.0								0.0	0.0	0.0	0.0	0.0	0.0	0.0								0.0	0.0	0.0	0.0	0.0	0.0	0.0								0.0	0.0	0.0	0.0	0.0	0.0	0.0							
2019-09-18 07:00:00	0	2.36	2.36	2.36	2.36	2.36	RAD.MI	2.35	2.35	2.35	2.35			0.0		-1.0	0			0.0			0.0	2.36																					0.0				0.0	0.0	0.0	0.0	0.0	0.0		0.0								1	0.0	0.0	0.0	0.0	0.0	0.0	0.0								0.0	0.0	0.0	0.0	0.0	0.0	0.0								0.0	0.0	0.0	0.0	0.0	0.0	0.0								0.0	0.0	0.0	0.0	0.0	0.0	0.0							
2019-09-19 07:00:00	0	2.36	2.36	2.36	2.36	2.36	RAD.MI	2.33	2.33	2.33	2.33			0.0		-1.0	0			0.0			0.0																						0.0				0.0	0.0	0.0	0.0	0.0	0.0		0.0								1	0.0	0.0	0.0	0.0	0.0	0.0	0.0								0.0	0.0	0.0	0.0	0.0	0.0	0.0								0.0	0.0	0.0	0.0	0.0	0.0	0.0								0.0	0.0	0.0	0.0	0.0	0.0	0.0							
2019-09-20 07:00:00	1100	2.36	2.28	2.28	2.36	2.36	RAD.MI	2.25	2.33	2.25	2.33			0.0		-1.0	0			0.0			0.0		2.28												2.25								0.0				0.0	0.0	0.0	0.0	0.0	0.0		0.0								1	0.0	0.0	0.0	0.0	0.0	0.0	0.0								0.0	0.0	0.0	0.0	0.0	0.0	0.0								0.0	0.0	0.0	0.0	0.0	0.0	0.0								0.0	0.0	0.0	0.0	0.0	0.0	0.0							
2019-09-23 07:00:00	1100	2.37	2.36	2.36	2.37	2.37	RAD.MI	2.35	2.36	2.35	2.36			0.0		-1.0	0			0.0			0.0																						0.0				0.0	0.0	0.0	0.0	0.0	0.0		0.0								1	0.0	0.0	0.0	0.0	0.0	0.0	0.0								0.0	0.0	0.0	0.0	0.0	0.0	0.0								0.0	0.0	0.0	0.0	0.0	0.0	0.0								0.0	0.0	0.0	0.0	0.0	0.0	0.0							
2019-09-24 07:00:00	0	2.37	2.37	2.37	2.37	2.37	RAD.MI	2.36	2.36	2.36	2.36			0.0		-1.0	0			0.0			0.0	2.37																					0.0				0.0	0.0	0.0	0.0	0.0	0.0		0.0								1	0.0	0.0	0.0	0.0	0.0	0.0	0.0								0.0	0.0	0.0	0.0	0.0	0.0	0.0								0.0	0.0	0.0	0.0	0.0	0.0	0.0								0.0	0.0	0.0	0.0	0.0	0.0	0.0							
2019-09-25 07:00:00	0	2.37	2.37	2.37	2.37	2.37	RAD.MI	2.38	2.38	2.38	2.38			0.0		-1.0	0			0.0			0.0													2.38									0.0				0.0	0.0	0.0	0.0	0.0	0.0		0.0								1	0.0	0.0	0.0	0.0	0.0	0.0	0.0								0.0	0.0	0.0	0.0	0.0	0.0	0.0								0.0	0.0	0.0	0.0	0.0	0.0	0.0								0.0	0.0	0.0	0.0	0.0	0.0	0.0							
2019-09-26 07:00:00	1100	2.34	2.34	2.34	2.34	2.34	RAD.MI	2.33	2.33	2.33	2.33			0.0		-1.0	0			0.0			0.0		2.34												2.33								0.0				-0.0	-0.0	0.0	-0.0	-0.0	0.0		0.0								1	-0.0	-0.0	0.0	-0.0	-0.0	0.0	0.0								-0.0	-0.0	0.0	-0.0	-0.0	0.0	0.0								-0.0	-0.0	0.0	-0.0	-0.0	0.0	0.0								-0.0	-0.0	0.0	-0.0	-0.0	0.0	0.0							
2019-09-27 07:00:00	0	2.34	2.34	2.34	2.34	2.34	RAD.MI	2.33	2.33	2.33	2.33			0.0		-1.0	0			0.0			0.0																						0.0				0.0	0.0	0.0	0.0	0.0	0.0		0.0								1	0.0	0.0	0.0	0.0	0.0	0.0	0.0								0.0	0.0	0.0	0.0	0.0	0.0	0.0								0.0	0.0	0.0	0.0	0.0	0.0	0.0								0.0	0.0	0.0	0.0	0.0	0.0	0.0							
2019-09-30 07:00:00	550	2.37	2.37	2.37	2.37	2.37	RAD.MI	2.34	2.34	2.34	2.34			0.0		-1.0	0			0.0			0.0																						0.0				0.0	0.0	0.0	0.0	0.0	0.0		0.0								1	0.0	0.0	0.0	0.0	0.0	0.0	0.0								0.0	0.0	0.0	0.0	0.0	0.0	0.0								0.0	0.0	0.0	0.0	0.0	0.0	0.0								0.0	0.0	0.0	0.0	0.0	0.0	0.0							
2019-10-01 07:00:00	21450	2.55	2.35	2.44	2.39	2.39	RAD.MI	2.43	2.54	2.34	2.38			0.0		1.0	0			0.0			0.0	2.55		2.55										2.54									0.0				0.0	0.0	0.0	0.0	0.0	0.0		0.0								1	0.0	0.0	0.0	0.0	0.0	0.0	0.0								0.0	0.0	0.0	0.0	0.0	0.0	0.0								0.0	0.0	0.0	0.0	0.0	0.0	0.0								0.0	0.0	0.0	0.0	0.0	0.0	0.0							
2019-10-02 07:00:00	550	2.35	2.35	2.35	2.35	2.35	RAD.MI	2.41	2.41	2.41	2.41			0.0		1.0	0			0.0			0.0																						0.0				-0.0	-0.0	0.0	-0.0	-0.0	0.0		0.0								1	-0.0	-0.0	0.0	-0.0	-0.0	0.0	0.0								-0.0	-0.0	0.0	-0.0	-0.0	0.0	0.0								-0.0	-0.0	0.0	-0.0	-0.0	0.0	0.0								-0.0	-0.0	0.0	-0.0	-0.0	0.0	0.0							
2019-10-03 07:00:00	0	2.35	2.35	2.35	2.35	2.35	RAD.MI	2.41	2.41	2.41	2.41			0.0		1.0	0			0.0			0.0																						0.0				0.0	0.0	0.0	0.0	0.0	0.0		0.0								1	0.0	0.0	0.0	0.0	0.0	0.0	0.0								0.0	0.0	0.0	0.0	0.0	0.0	0.0								0.0	0.0	0.0	0.0	0.0	0.0	0.0								0.0	0.0	0.0	0.0	0.0	0.0	0.0							
2019-10-04 07:00:00	0	2.35	2.35	2.35	2.35	2.35	RAD.MI	2.39	2.39	2.39	2.39			0.0		1.0	0			0.0			0.0																						0.0				0.0	0.0	0.0	0.0	0.0	0.0		0.0								1	0.0	0.0	0.0	0.0	0.0	0.0	0.0								0.0	0.0	0.0	0.0	0.0	0.0	0.0								0.0	0.0	0.0	0.0	0.0	0.0	0.0								0.0	0.0	0.0	0.0	0.0	0.0	0.0							
2019-10-07 07:00:00	2200	2.31	2.29	2.31	2.29	2.29	RAD.MI	2.33	2.33	2.31	2.31			0.0		1.0	0			0.0			0.0																						0.0				-0.0	-0.0	0.0	-0.0	-0.0	0.0		0.0								1	-0.0	-0.0	0.0	-0.0	-0.0	0.0	0.0								-0.0	-0.0	0.0	-0.0	-0.0	0.0	0.0								-0.0	-0.0	0.0	-0.0	-0.0	0.0	0.0								-0.0	-0.0	0.0	-0.0	-0.0	0.0	0.0							
2019-10-08 07:00:00	1650	2.27	2.27	2.27	2.27	2.27	RAD.MI	2.32	2.32	2.32	2.32			0.0		1.0	0			0.0			0.0																						0.0				-0.0	-0.0	0.0	-0.0	-0.0	0.0		0.0								1	-0.0	-0.0	0.0	-0.0	-0.0	0.0	0.0								-0.0	-0.0	0.0	-0.0	-0.0	0.0	0.0								-0.0	-0.0	0.0	-0.0	-0.0	0.0	0.0								-0.0	-0.0	0.0	-0.0	-0.0	0.0	0.0							
2019-10-09 07:00:00	0	2.27	2.27	2.27	2.27	2.27	RAD.MI	2.3	2.3	2.3	2.3			0.0		1.0	0			0.0			0.0		2.27		2.27																		0.0				0.0	0.0	0.0	0.0	0.0	0.0		0.0								1	0.0	0.0	0.0	0.0	0.0	0.0	0.0								0.0	0.0	0.0	0.0	0.0	0.0	0.0								0.0	0.0	0.0	0.0	0.0	0.0	0.0								0.0	0.0	0.0	0.0	0.0	0.0	0.0							
2019-10-10 07:00:00	550	2.27	2.27	2.27	2.27	2.27	RAD.MI	2.28	2.28	2.28	2.28			0.0		1.0	0			0.0			0.0														2.28								0.0				0.0	0.0	0.0	0.0	0.0	0.0		0.0								1	0.0	0.0	0.0	0.0	0.0	0.0	0.0								0.0	0.0	0.0	0.0	0.0	0.0	0.0								0.0	0.0	0.0	0.0	0.0	0.0	0.0								0.0	0.0	0.0	0.0	0.0	0.0	0.0							
2019-10-11 07:00:00	1650	2.34	2.31	2.31	2.34	2.34	RAD.MI	2.28	2.31	2.28	2.31			0.0		1.0	0			0.0			0.0																						0.0				0.0	0.0	0.0	0.0	0.0	0.0		0.0								1	0.0	0.0	0.0	0.0	0.0	0.0	0.0								0.0	0.0	0.0	0.0	0.0	0.0	0.0								0.0	0.0	0.0	0.0	0.0	0.0	0.0								0.0	0.0	0.0	0.0	0.0	0.0	0.0							
2019-10-14 07:00:00	0	2.34	2.34	2.34	2.34	2.34	RAD.MI	2.31	2.31	2.31	2.31			0.0		1.0	0			0.0			0.0																						0.0				0.0	0.0	0.0	0.0	0.0	0.0		0.0								1	0.0	0.0	0.0	0.0	0.0	0.0	0.0								0.0	0.0	0.0	0.0	0.0	0.0	0.0								0.0	0.0	0.0	0.0	0.0	0.0	0.0								0.0	0.0	0.0	0.0	0.0	0.0	0.0							
2019-10-15 07:00:00	1650	2.39	2.38	2.38	2.39	2.39	RAD.MI	2.32	2.33	2.32	2.33			0.0		1.0	0			0.0			0.0																						0.0				0.0	0.0	0.0	0.0	0.0	0.0		0.0								1	0.0	0.0	0.0	0.0	0.0	0.0	0.0								0.0	0.0	0.0	0.0	0.0	0.0	0.0								0.0	0.0	0.0	0.0	0.0	0.0	0.0								0.0	0.0	0.0	0.0	0.0	0.0	0.0							
2019-10-16 07:00:00	3850	2.44	2.35	2.39	2.44	2.44	RAD.MI	2.33	2.38	2.29	2.38			0.0		1.0	0			0.0			0.0	2.44												2.38									0.0				0.0	0.0	0.0	0.0	0.0	0.0		0.0								1	0.0	0.0	0.0	0.0	0.0	0.0	0.0								0.0	0.0	0.0	0.0	0.0	0.0	0.0								0.0	0.0	0.0	0.0	0.0	0.0	0.0								0.0	0.0	0.0	0.0	0.0	0.0	0.0							
2019-10-17 07:00:00	16500	2.37	2.34	2.35	2.36	2.36	RAD.MI	2.29	2.31	2.28	2.3			0.0		1.0	0			0.0			0.0		2.34												2.28								0.0				-0.0	-0.0	0.0	-0.0	-0.0	0.0		0.0								1	-0.0	-0.0	0.0	-0.0	-0.0	0.0	0.0								-0.0	-0.0	0.0	-0.0	-0.0	0.0	0.0								-0.0	-0.0	0.0	-0.0	-0.0	0.0	0.0								-0.0	-0.0	0.0	-0.0	-0.0	0.0	0.0							
2019-10-18 07:00:00	89650	2.73	2.41	2.41	2.73	2.73	RAD.MI	2.36	2.67	2.36	2.67			0.0		1.0	1			0.0			0.0																						0.0				0.0	0.0	0.0	0.0	0.0	0.0		0.0								1	0.0	0.0	0.0	0.0	0.0	0.0	0.0								0.0	0.0	0.0	0.0	0.0	0.0	0.0								0.0	0.0	0.0	0.0	0.0	0.0	0.0								0.0	0.0	0.0	0.0	0.0	0.0	0.0							
2019-10-21 07:00:00	247500	2.91	2.54	2.85	2.54	2.54	RAD.MI	2.77	2.83	2.47	2.47			0.0	1.0	1.0	1			0.0			0.0	2.91		2.91		2.91						2.91		2.83		2.83		2.83					0.0		2.83		-0.0	-0.0	0.0	-0.0	-0.0	0.0		0.0								1	-0.19	-0.19	-0.19	-0.07	-0.07	-0.07	-0.19								-0.0	-0.0	0.0	-0.0	-0.0	0.0	0.0								-0.0	-0.0	0.0	-0.0	-0.0	0.0	0.0								-0.0	-0.0	0.0	-0.0	-0.0	0.0	0.0							
2019-10-22 07:00:00	28600	2.58	2.41	2.58	2.45	2.45	RAD.MI	2.51	2.51	2.34	2.38			0.0	1.0	1.0	1			0.0			0.0																						0.0				-0.0	-0.0	0.0	-0.0	-0.0	0.0		0.0								1	-0.09	-0.09	-0.28	-0.04	-0.04	-0.1	-0.28								-0.0	-0.0	0.0	-0.0	-0.0	0.0	0.0								-0.0	-0.0	0.0	-0.0	-0.0	0.0	0.0								-0.0	-0.0	0.0	-0.0	-0.0	0.0	0.0							
2019-10-23 07:00:00	13200	2.49	2.4	2.49	2.42	2.42	RAD.MI	2.43	2.43	2.34	2.36			0.0	1.0	1.0	1			0.0			0.0																						0.0				-0.0	-0.0	0.0	-0.0	-0.0	0.0		0.0								1	-0.03	-0.03	-0.31	-0.01	-0.01	-0.11	-0.31								-0.0	-0.0	0.0	-0.0	-0.0	0.0	0.0								-0.0	-0.0	0.0	-0.0	-0.0	0.0	0.0								-0.0	-0.0	0.0	-0.0	-0.0	0.0	0.0							
2019-10-24 07:00:00	6600	2.43	2.37	2.4	2.41	2.41	RAD.MI	2.33	2.36	2.3	2.34			0.0	1.0	1.0	1			0.0			0.0																						0.0				-0.0	-0.0	0.0	-0.0	-0.0	0.0		0.0								1	-0.01	-0.01	-0.32	-0.0	-0.0	-0.12	-0.32								-0.0	-0.0	0.0	-0.0	-0.0	0.0	0.0								-0.0	-0.0	0.0	-0.0	-0.0	0.0	0.0								-0.0	-0.0	0.0	-0.0	-0.0	0.0	0.0							
2019-10-25 07:00:00	30250	2.42	2.32	2.42	2.34	2.34	RAD.MI	2.34	2.34	2.24	2.26			0.0	1.0	-1.0	1			0.0			0.0																						0.0				-0.0	-0.0	0.0	-0.0	-0.0	0.0		0.0								1	-0.07	-0.07	-0.39	-0.03	-0.03	-0.14	-0.39								-0.0	-0.0	0.0	-0.0	-0.0	0.0	0.0								-0.0	-0.0	0.0	-0.0	-0.0	0.0	0.0								-0.0	-0.0	0.0	-0.0	-0.0	0.0	0.0							
2019-10-28 08:00:00	37950	2.41	2.27	2.31	2.38	2.38	RAD.MI	2.22	2.32	2.18	2.29			0.0	-1.0	-1.0	0			0.0			0.0		2.27												2.18								0.0				0.0	0.0	0.0	0.0	0.0	0.0		0.0								1	0.04	0.04	-0.35	0.02	0.02	-0.13	-0.35								0.0	0.0	0.0	0.0	0.0	0.0	0.0								0.0	0.0	0.0	0.0	0.0	0.0	0.0								0.0	0.0	0.0	0.0	0.0	0.0	0.0							
2019-10-29 08:00:00	94600	2.53	2.33	2.36	2.4	2.4	RAD.MI	2.27	2.44	2.24	2.31			0.0	-1.0	-1.0	0			0.0			0.0	2.53												2.44									0.0				0.0	0.0	0.0	0.0	0.0	0.0		0.0								1	0.0	0.0	-0.35	0.0	0.0	-0.13	-0.35								0.0	0.0	0.0	0.0	0.0	0.0	0.0								0.0	0.0	0.0	0.0	0.0	0.0	0.0								0.0	0.0	0.0	0.0	0.0	0.0	0.0							
2019-10-30 08:00:00	40150	2.42	2.34	2.42	2.34	2.34	RAD.MI	2.33	2.33	2.26	2.26			0.0	-1.0	-1.0	0			0.0			0.0																						0.0				-0.0	-0.0	0.0	-0.0	-0.0	0.0		0.0								1	-0.0	-0.0	-0.35	-0.0	-0.0	-0.13	-0.35								-0.0	-0.0	0.0	-0.0	-0.0	0.0	0.0								-0.0	-0.0	0.0	-0.0	-0.0	0.0	0.0								-0.0	-0.0	0.0	-0.0	-0.0	0.0	0.0							
2019-10-31 08:00:00	56650	2.35	2.26	2.34	2.31	2.31	RAD.MI	2.25	2.26	2.17	2.22			0.0	-1.0	-1.0	0			0.0			0.0																						0.0				-0.0	-0.0	0.0	-0.0	-0.0	0.0		0.0								1	-0.0	-0.0	-0.35	-0.0	-0.0	-0.13	-0.35								-0.0	-0.0	0.0	-0.0	-0.0	0.0	0.0								-0.0	-0.0	0.0	-0.0	-0.0	0.0	0.0								-0.0	-0.0	0.0	-0.0	-0.0	0.0	0.0							
2019-11-01 08:00:00	3300	2.31	2.28	2.31	2.3	2.3	RAD.MI	2.2	2.2	2.17	2.19			0.0	-1.0	-1.0	0			0.0			0.0																						0.0				-0.0	-0.0	0.0	-0.0	-0.0	0.0		0.0								1	-0.0	-0.0	-0.35	-0.0	-0.0	-0.13	-0.35								-0.0	-0.0	0.0	-0.0	-0.0	0.0	0.0								-0.0	-0.0	0.0	-0.0	-0.0	0.0	0.0								-0.0	-0.0	0.0	-0.0	-0.0	0.0	0.0							
2019-11-04 08:00:00	44550	2.31	2.25	2.28	2.25	2.25	RAD.MI	2.14	2.16	2.11	2.11			0.0	-1.0	-1.0	0			0.0			0.0		2.25												2.11								0.0				-0.0	-0.0	0.0	-0.0	-0.0	0.0		0.0								1	-0.0	-0.0	-0.35	-0.0	-0.0	-0.13	-0.35								-0.0	-0.0	0.0	-0.0	-0.0	0.0	0.0								-0.0	-0.0	0.0	-0.0	-0.0	0.0	0.0								-0.0	-0.0	0.0	-0.0	-0.0	0.0	0.0							
2019-11-05 08:00:00	66550	2.36	2.18	2.24	2.36	2.36	RAD.MI	2.09	2.21	2.04	2.21			0.0	-1.0	-1.0	-1			0.0			0.0																						0.0				0.0	0.0	0.0	0.0	0.0	0.0		0.0								1	0.0	0.0	-0.35	0.0	0.0	-0.13	-0.35								0.0	0.0	0.0	0.0	0.0	0.0	0.0								0.0	0.0	0.0	0.0	0.0	0.0	0.0								0.0	0.0	0.0	0.0	0.0	0.0	0.0							
2019-11-06 08:00:00	18150	2.34	2.26	2.34	2.3	2.3	RAD.MI	2.19	2.19	2.11	2.15			0.0	-1.0	-1.0	-1			0.0			0.0													2.19									0.0				-0.0	-0.0	0.0	-0.0	-0.0	0.0		0.0								1	0.06	0.06	-0.29	0.03	0.03	-0.11	-0.29								-0.0	-0.0	0.0	-0.0	-0.0	0.0	0.0								-0.0	-0.0	0.0	-0.0	-0.0	0.0	0.0								-0.0	-0.0	0.0	-0.0	-0.0	0.0	0.0							
2019-11-07 08:00:00	11550	2.36	2.27	2.27	2.32	2.32	RAD.MI	2.11	2.19	2.11	2.16			0.0	-1.0	-1.0	-1			0.0			0.0	2.36																					0.0				0.0	0.0	0.0	0.0	0.0	0.0		0.0								1	-0.02	-0.02	-0.31	-0.01	-0.01	-0.11	-0.31								0.0	0.0	0.0	0.0	0.0	0.0	0.0								0.0	0.0	0.0	0.0	0.0	0.0	0.0								0.0	0.0	0.0	0.0	0.0	0.0	0.0							
2019-11-08 08:00:00	1650	2.33	2.3	2.33	2.3	2.3	RAD.MI	2.16	2.16	2.13	2.13			0.0	-1.0	-1.0	-1			0.0			0.0																						0.0				-0.0	-0.0	0.0	-0.0	-0.0	0.0		0.0								1	0.02	0.02	-0.29	0.01	0.01	-0.11	-0.29								-0.0	-0.0	0.0	-0.0	-0.0	0.0	0.0								-0.0	-0.0	0.0	-0.0	-0.0	0.0	0.0								-0.0	-0.0	0.0	-0.0	-0.0	0.0	0.0							
2019-11-11 08:00:00	6050	2.3	2.26	2.3	2.26	2.26	RAD.MI	2.14	2.14	2.1	2.1			0.0	-1.0	-1.0	-1			0.0			0.0		2.26																				0.0				-0.0	-0.0	0.0	-0.0	-0.0	0.0		0.0								1	0.04	0.04	-0.25	0.02	0.02	-0.09	-0.25								-0.0	-0.0	0.0	-0.0	-0.0	0.0	0.0								-0.0	-0.0	0.0	-0.0	-0.0	0.0	0.0								-0.0	-0.0	0.0	-0.0	-0.0	0.0	0.0							
2019-11-12 08:00:00	18150	2.3	2.25	2.29	2.3	2.3	RAD.MI	2.1	2.11	2.07	2.11			0.0	-1.0	-1.0	-1			0.0			0.0	2.3																					0.0				0.0	0.0	0.0	0.0	0.0	0.0		0.0								1	-0.04	-0.04	-0.29	-0.02	-0.02	-0.11	-0.29								0.0	0.0	0.0	0.0	0.0	0.0	0.0								0.0	0.0	0.0	0.0	0.0	0.0	0.0								0.0	0.0	0.0	0.0	0.0	0.0	0.0							
2019-11-13 08:00:00	12650	2.27	2.24	2.27	2.25	2.25	RAD.MI	2.1	2.1	2.07	2.08			0.0	-1.0	-1.0	-1			0.0			0.0																						0.0				-0.0	-0.0	0.0	-0.0	-0.0	0.0		0.0								1	0.05	0.05	-0.24	0.02	0.02	-0.09	-0.24								-0.0	-0.0	0.0	-0.0	-0.0	0.0	0.0								-0.0	-0.0	0.0	-0.0	-0.0	0.0	0.0								-0.0	-0.0	0.0	-0.0	-0.0	0.0	0.0							
2019-11-14 08:00:00	9350	2.25	2.2	2.25	2.22	2.22	RAD.MI	2.09	2.09	2.05	2.06			0.0	-1.0	-1.0	-1			0.0			0.0																						0.0				-0.0	-0.0	0.0	-0.0	-0.0	0.0		0.0								1	0.03	0.03	-0.21	0.01	0.01	-0.07	-0.21								-0.0	-0.0	0.0	-0.0	-0.0	0.0	0.0								-0.0	-0.0	0.0	-0.0	-0.0	0.0	0.0								-0.0	-0.0	0.0	-0.0	-0.0	0.0	0.0							
2019-11-15 08:00:00	48400	2.25	2.15	2.22	2.15	2.15	RAD.MI	2.06	2.08	1.99	1.99			0.0	-1.0	-1.0	-1			0.0			0.0		2.15		2.15										1.99		1.99		1.99				0.0				-0.0	-0.0	0.0	-0.0	-0.0	0.0		0.0								1	0.07	0.07	-0.14	0.03	0.03	-0.04	-0.14								-0.0	-0.0	0.0	-0.0	-0.0	0.0	0.0								-0.0	-0.0	0.0	-0.0	-0.0	0.0	0.0								-0.0	-0.0	0.0	-0.0	-0.0	0.0	0.0							
2019-11-18 08:00:00	83600	2.38	2.22	2.22	2.23	2.23	RAD.MI	2.07	2.22	2.07	2.08			0.0	-1.0	-1.0	-1			0.0			0.0	2.38		2.38										2.22		2.22							0.0				0.0	0.0	0.0	0.0	0.0	0.0		0.0								1	-0.08	-0.08	-0.22	-0.04	-0.04	-0.08	-0.22								0.0	0.0	0.0	0.0	0.0	0.0	0.0								0.0	0.0	0.0	0.0	0.0	0.0	0.0								0.0	0.0	0.0	0.0	0.0	0.0	0.0							
2019-11-19 08:00:00	23650	2.26	2.19	2.26	2.2	2.2	RAD.MI	2.12	2.12	2.05	2.06			0.0	-1.0	-1.0	-1			0.0			0.0																						0.0				-0.0	-0.0	0.0	-0.0	-0.0	0.0		0.0								1	0.03	0.03	-0.19	0.01	0.01	-0.06	-0.19								-0.0	-0.0	0.0	-0.0	-0.0	0.0	0.0								-0.0	-0.0	0.0	-0.0	-0.0	0.0	0.0								-0.0	-0.0	0.0	-0.0	-0.0	0.0	0.0							
2019-11-20 08:00:00	10450	2.18	2.17	2.18	2.17	2.17	RAD.MI	2.04	2.04	2.03	2.03			0.0	-1.0	-1.0	-1			0.0			0.0		2.17												2.03								0.0				-0.0	-0.0	0.0	-0.0	-0.0	0.0		0.0								1	0.03	0.03	-0.16	0.01	0.01	-0.05	-0.16								-0.0	-0.0	0.0	-0.0	-0.0	0.0	0.0								-0.0	-0.0	0.0	-0.0	-0.0	0.0	0.0								-0.0	-0.0	0.0	-0.0	-0.0	0.0	0.0							
2019-11-21 08:00:00	40150	2.34	2.15	2.16	2.23	2.23	RAD.MI	2.03	2.2	2.02	2.09			0.0	-1.0	-1.0	-1			0.0			0.0	2.34												2.2									0.0				0.0	0.0	0.0	0.0	0.0	0.0		0.0								1	-0.06	-0.06	-0.22	-0.03	-0.03	-0.08	-0.22								0.0	0.0	0.0	0.0	0.0	0.0	0.0								0.0	0.0	0.0	0.0	0.0	0.0	0.0								0.0	0.0	0.0	0.0	0.0	0.0	0.0							
2019-11-22 08:00:00	29150	2.21	2.15	2.19	2.16	2.16	RAD.MI	2.06	2.07	2.02	2.03			0.0	-1.0	-1.0	-1			0.0			0.0		2.15																				0.0				-0.0	-0.0	0.0	-0.0	-0.0	0.0		0.0								1	0.07	0.07	-0.15	0.03	0.03	-0.05	-0.15								-0.0	-0.0	0.0	-0.0	-0.0	0.0	0.0								-0.0	-0.0	0.0	-0.0	-0.0	0.0	0.0								-0.0	-0.0	0.0	-0.0	-0.0	0.0	0.0							
2019-11-25 08:00:00	6050	2.21	2.17	2.2	2.17	2.17	RAD.MI	2.05	2.06	2.02	2.02			0.0	-1.0	-1.0	-1			0.0			0.0	2.21																					0.0				0.0	0.0	0.0	0.0	0.0	0.0		0.0								1	-0.01	-0.01	-0.16	-0.0	-0.0	-0.05	-0.16								0.0	0.0	0.0	0.0	0.0	0.0	0.0								0.0	0.0	0.0	0.0	0.0	0.0	0.0								0.0	0.0	0.0	0.0	0.0	0.0	0.0							
2019-11-26 08:00:00	9350	2.2	2.16	2.2	2.16	2.16	RAD.MI	2.04	2.04	2.0	2.0			0.0	-1.0	-1.0	-1			0.0			0.0		2.16												2.0		2.0						0.0				-0.0	-0.0	0.0	-0.0	-0.0	0.0		0.0								1	0.01	0.01	-0.15	0.0	0.0	-0.05	-0.15								-0.0	-0.0	0.0	-0.0	-0.0	0.0	0.0								-0.0	-0.0	0.0	-0.0	-0.0	0.0	0.0								-0.0	-0.0	0.0	-0.0	-0.0	0.0	0.0							
2019-11-27 08:00:00	30250	2.2	2.16	2.18	2.16	2.16	RAD.MI	2.03	2.05	2.01	2.01			0.0	-1.0	-1.0	-1			0.0			0.0																						0.0				0.0	0.0	0.0	0.0	0.0	0.0		0.0								1	-0.0	-0.0	-0.15	-0.0	-0.0	-0.05	-0.15								0.0	0.0	0.0	0.0	0.0	0.0	0.0								0.0	0.0	0.0	0.0	0.0	0.0	0.0								0.0	0.0	0.0	0.0	0.0	0.0	0.0							
2019-11-28 08:00:00	2200	2.19	2.19	2.19	2.19	2.19	RAD.MI	2.05	2.05	2.05	2.05			0.0	-1.0	-1.0	-1			0.0			0.0	2.19												2.05									0.0				0.0	0.0	0.0	0.0	0.0	0.0		0.0								1	-0.03	-0.03	-0.18	-0.01	-0.01	-0.06	-0.18								0.0	0.0	0.0	0.0	0.0	0.0	0.0								0.0	0.0	0.0	0.0	0.0	0.0	0.0								0.0	0.0	0.0	0.0	0.0	0.0	0.0							
2019-11-29 08:00:00	4950	2.17	2.15	2.16	2.15	2.15	RAD.MI	2.03	2.04	2.02	2.02			0.0	-1.0	-1.0	-1			0.0			0.0														2.02								0.0				-0.0	-0.0	0.0	-0.0	-0.0	0.0		0.0								1	0.04	0.04	-0.14	0.02	0.02	-0.04	-0.14								-0.0	-0.0	0.0	-0.0	-0.0	0.0	0.0								-0.0	-0.0	0.0	-0.0	-0.0	0.0	0.0								-0.0	-0.0	0.0	-0.0	-0.0	0.0	0.0							
2019-12-02 08:00:00	1650	2.15	2.15	2.15	2.15	2.15	RAD.MI	2.07	2.07	2.07	2.07			0.0	-1.0	-1.0	-1			0.0			0.0													2.07		2.07							0.0				0.0	0.0	0.0	0.0	0.0	0.0		0.0								1	-0.0	-0.0	-0.14	-0.0	-0.0	-0.04	-0.14								0.0	0.0	0.0	0.0	0.0	0.0	0.0								0.0	0.0	0.0	0.0	0.0	0.0	0.0								0.0	0.0	0.0	0.0	0.0	0.0	0.0							
2019-12-03 08:00:00	3850	2.17	2.12	2.17	2.12	2.12	RAD.MI	2.08	2.08	2.04	2.04			0.0	-1.0	-1.0	-1			0.0			0.0																						0.0				-0.0	-0.0	0.0	-0.0	-0.0	0.0		0.0								1	0.03	0.03	-0.11	0.01	0.01	-0.03	-0.11								-0.0	-0.0	0.0	-0.0	-0.0	0.0	0.0								-0.0	-0.0	0.0	-0.0	-0.0	0.0	0.0								-0.0	-0.0	0.0	-0.0	-0.0	0.0	0.0							
2019-12-04 08:00:00	20350	2.2	2.1	2.15	2.1	2.1	RAD.MI	2.04	2.09	1.99	1.99			0.0	-1.0	-1.0	-1			0.0			0.0																						0.0				-0.0	-0.0	0.0	-0.0	-0.0	0.0		0.0								1	0.02	0.02	-0.09	0.01	0.01	-0.02	-0.09								-0.0	-0.0	0.0	-0.0	-0.0	0.0	0.0								-0.0	-0.0	0.0	-0.0	-0.0	0.0	0.0								-0.0	-0.0	0.0	-0.0	-0.0	0.0	0.0							
2019-12-05 08:00:00	38500	2.18	2.03	2.09	2.12	2.12	RAD.MI	1.99	2.07	1.93	2.02			0.0	-1.0	-1.0	-1			0.0			0.0																						0.0				0.0	0.0	0.0	0.0	0.0	0.0		0.0								1	-0.02	-0.02	-0.11	-0.01	-0.01	-0.03	-0.11								0.0	0.0	0.0	0.0	0.0	0.0	0.0								0.0	0.0	0.0	0.0	0.0	0.0	0.0								0.0	0.0	0.0	0.0	0.0	0.0	0.0							
2019-12-06 08:00:00	6600	2.1	2.07	2.07	2.1	2.1	RAD.MI	1.95	1.98	1.95	1.98			0.0	-1.0	-1.0	-1			0.0			0.0		2.07												1.95								0.0				-0.0	-0.0	0.0	-0.0	-0.0	0.0		0.0								1	0.02	0.02	-0.09	0.01	0.01	-0.02	-0.09								-0.0	-0.0	0.0	-0.0	-0.0	0.0	0.0								-0.0	-0.0	0.0	-0.0	-0.0	0.0	0.0								-0.0	-0.0	0.0	-0.0	-0.0	0.0	0.0							
2019-12-09 08:00:00	2750	2.1	2.1	2.1	2.1	2.1	RAD.MI	2.0	2.0	2.0	2.0			0.0	-1.0	-1.0	-1			0.0			0.0	2.1												2.0									0.0				0.0	0.0	0.0	0.0	0.0	0.0		0.0								1	-0.0	-0.0	-0.09	-0.0	-0.0	-0.02	-0.09								0.0	0.0	0.0	0.0	0.0	0.0	0.0								0.0	0.0	0.0	0.0	0.0	0.0	0.0								0.0	0.0	0.0	0.0	0.0	0.0	0.0							
2019-12-10 08:00:00	4950	2.09	2.05	2.06	2.06	2.06	RAD.MI	1.95	1.97	1.94	1.95			0.0	-1.0	-1.0	-1			0.0			0.0																						0.0				-0.0	-0.0	0.0	-0.0	-0.0	0.0		0.0								1	0.04	0.04	-0.05	0.02	0.02	-0.0	-0.05								-0.0	-0.0	0.0	-0.0	-0.0	0.0	0.0								-0.0	-0.0	0.0	-0.0	-0.0	0.0	0.0								-0.0	-0.0	0.0	-0.0	-0.0	0.0	0.0							
2019-12-11 08:00:00	2750	2.05	2.04	2.05	2.04	2.04	RAD.MI	1.93	1.93	1.92	1.92			0.0	-1.0	-1.0	-1			0.0			0.0		2.04		2.04																		0.0				-0.0	-0.0	0.0	-0.0	-0.0	0.0		0.0								1	0.02	0.02	-0.03	0.01	0.01	0.01	-0.03								-0.0	-0.0	0.0	-0.0	-0.0	0.0	0.0								-0.0	-0.0	0.0	-0.0	-0.0	0.0	0.0								-0.0	-0.0	0.0	-0.0	-0.0	0.0	0.0							
2019-12-12 08:00:00	5500	2.06	2.01	2.01	2.06	2.06	RAD.MI	1.88	1.92	1.88	1.92			0.0	-1.0	-1.0	-1			0.0			0.0														1.88								0.0				0.0	0.0	0.0	0.0	0.0	0.0		0.0								1	-0.02	-0.02	-0.05	-0.01	-0.01	-0.0	-0.05								0.0	0.0	0.0	0.0	0.0	0.0	0.0								0.0	0.0	0.0	0.0	0.0	0.0	0.0								0.0	0.0	0.0	0.0	0.0	0.0	0.0							
2019-12-13 08:00:00	10450	2.1	2.05	2.06	2.09	2.09	RAD.MI	1.93	1.97	1.92	1.96	2.83	1.88	0.0	-1.0	-1.0	-1	-1.0		0.0	-1.0		0.0													1.97									0.0				0.0	0.0	0.0	0.0	0.0	0.0		0.0	0.0	0.0						1	-0.03	-0.03	-0.08	-0.01	-0.01	-0.02	-0.08	0.0	0.0	233.44					0.0	0.0	0.0	0.0	0.0	0.0	0.0	0.0	0.0						0.0	0.0	0.0	0.0	0.0	0.0	0.0	0.0	0.0						0.0	0.0	0.0	0.0	0.0	0.0	0.0	0.0	0.0					
2019-12-16 08:00:00	0	2.09	2.09	2.09	2.09	2.09	RAD.MI	1.94	1.94	1.94	1.94	2.83	1.88	0.0	-1.0	-1.0	-1	-1.0		0.0	-1.0		0.0	2.09																					0.0				0.0	0.0	0.0	0.0	0.0	0.0		0.0	0.0	0.0						1	-0.0	-0.0	-0.08	-0.0	-0.0	-0.02	-0.08	0.0	0.0	240.38					0.0	0.0	0.0	0.0	0.0	0.0	0.0	0.0	0.0						0.0	0.0	0.0	0.0	0.0	0.0	0.0	0.0	0.0						0.0	0.0	0.0	0.0	0.0	0.0	0.0	0.0	0.0					
2019-12-17 08:00:00	3300	2.09	2.05	2.09	2.05	2.05	RAD.MI	1.93	1.93	1.89	1.89	2.83	1.88	0.0	-1.0	-1.0	-1	-1.0		0.0	-1.0		0.0		2.05												1.89								0.0				-0.0	-0.0	0.0	-0.0	-0.0	0.0		0.0	-0.0	0.0						1	0.04	0.04	-0.04	0.02	0.02	0.0	-0.04	0.0	0.0	243.59					-0.0	-0.0	0.0	-0.0	-0.0	0.0	0.0	-0.0	0.0						-0.0	-0.0	0.0	-0.0	-0.0	0.0	0.0	-0.0	0.0						-0.0	-0.0	0.0	-0.0	-0.0	0.0	0.0	-0.0	0.0					
2019-12-18 08:00:00	1650	2.07	2.06	2.06	2.07	2.07	RAD.MI	1.9	1.91	1.9	1.91	2.83	1.88	0.0	-1.0	-1.0	-1	-1.0		0.0	-1.0		0.0	2.07												1.91									0.0				0.0	0.0	0.0	0.0	0.0	0.0		0.0	0.0	0.0						1	-0.02	-0.02	-0.06	-0.01	-0.01	-0.01	-0.06	0.0	0.0	227.78					0.0	0.0	0.0	0.0	0.0	0.0	0.0	0.0	0.0						0.0	0.0	0.0	0.0	0.0	0.0	0.0	0.0	0.0						0.0	0.0	0.0	0.0	0.0	0.0	0.0	0.0	0.0					
2019-12-19 08:00:00	7150	2.05	2.05	2.05	2.05	2.05	RAD.MI	1.89	1.89	1.89	1.89	2.83	1.88	0.0	-1.0	-1.0	-1	-1.0		0.0	-1.0		0.0																						0.0				-0.0	-0.0	0.0	-0.0	-0.0	0.0		0.0	-0.0	0.0						1	0.02	0.02	-0.04	0.01	0.01	0.0	-0.04	0.0	0.0	229.35					-0.0	-0.0	0.0	-0.0	-0.0	0.0	0.0	-0.0	0.0						-0.0	-0.0	0.0	-0.0	-0.0	0.0	0.0	-0.0	0.0						-0.0	-0.0	0.0	-0.0	-0.0	0.0	0.0	-0.0	0.0					
2019-12-20 08:00:00	2200	2.05	2.05	2.05	2.05	2.05	RAD.MI	1.87	1.87	1.87	1.87	2.83	1.87	-1.0	-1.0	-1.0	-1	-1.0		0.0	-1.0		0.0		2.05												1.87		1.87						0.0				0.0	0.0	0.0	0.0	0.0	0.0		0.0	0.0	0.0						1	-0.0	-0.0	-0.04	-0.0	-0.0	0.0	-0.04	0.0	0.0	229.35					0.0	0.0	0.0	0.0	0.0	0.0	0.0	0.0	0.0						0.0	0.0	0.0	0.0	0.0	0.0	0.0	0.0	0.0						0.0	0.0	0.0	0.0	0.0	0.0	0.0	0.0	0.0					
2019-12-23 08:00:00	1650	2.05	2.05	2.05	2.05	2.05	RAD.MI	1.87	1.87	1.87	1.87	2.83	1.87	-1.0	-1.0	-1.0	-1	-1.0		0.0	-1.0		0.0																						0.0				-0.0	-0.0	0.0	-0.0	-0.0	0.0		0.0	-0.0	0.0						1	-0.0	-0.0	-0.04	-0.0	-0.0	0.0	-0.04	0.0	0.0	229.35					0.0	0.0	0.0	0.0	0.0	0.0	0.0	0.0	0.0						0.0	0.0	0.0	0.0	0.0	0.0	0.0	0.0	0.0						0.0	0.0	0.0	0.0	0.0	0.0	0.0	0.0	0.0					
2019-12-27 08:00:00	5500	2.15	2.07	2.15	2.1	2.1	RAD.MI	1.98	1.98	1.9	1.93	2.83	1.87	-1.0	-1.0	-1.0	-1	-1.0		0.0	-1.0		0.0																						0.0				-0.05	-0.05	-0.05	-0.02	-0.02	-0.02		-0.05	-0.0	-0.0	-inf					1	-0.05	-0.05	-0.09	-0.02	-0.02	-0.02	-0.09	0.0	0.0	202.81					0.0	0.0	0.0	0.0	0.0	0.0	0.0	0.0	0.0						0.0	0.0	0.0	0.0	0.0	0.0	0.0	0.0	0.0						0.0	0.0	0.0	0.0	0.0	0.0	0.0	0.0	0.0					
2019-12-30 08:00:00	2750	2.15	2.09	2.09	2.15	2.15	RAD.MI	1.94	2.0	1.94	2.0	2.83	1.87	-1.0	-1.0	-1.0	-1	-1.0		0.0	-1.0		0.0													2.0									0.0				-0.05	-0.05	-0.1	-0.02	-0.02	-0.05		-0.1	-0.0	-0.0	-inf					1	-0.05	-0.05	-0.14	-0.02	-0.02	-0.04	-0.14	0.0	0.0	179.82					0.0	0.0	0.0	0.0	0.0	0.0	0.0	0.0	0.0						0.0	0.0	0.0	0.0	0.0	0.0	0.0	0.0	0.0						0.0	0.0	0.0	0.0	0.0	0.0	0.0	0.0	0.0					
2020-01-02 08:00:00	4400	2.16	2.11	2.16	2.11	2.11	RAD.MI	1.98	1.98	1.93	1.93	2.83	1.87	-1.0	-1.0	-1.0	-1	-1.0		0.0	-1.0		0.0														1.93								0.0				0.04	0.04	-0.06	0.02	0.02	-0.03		-0.06	0.0	0.0	1951.11					1	0.04	0.04	-0.1	0.02	0.02	-0.02	-0.1	0.0	0.0	182.96					-0.0	-0.0	0.0	-0.0	-0.0	0.0	0.0	-0.0	0.0						-0.0	-0.0	0.0	-0.0	-0.0	0.0	0.0	-0.0	0.0						-0.0	-0.0	0.0	-0.0	-0.0	0.0	0.0	-0.0	0.0					
2020-01-03 08:00:00	550	2.15	2.15	2.15	2.15	2.15	RAD.MI	1.98	1.98	1.98	1.98	2.83	1.87	-1.0	-1.0	-1.0	-1	-1.0		0.0	-1.0		0.0	2.15												1.98									0.0				-0.04	-0.04	-0.1	-0.02	-0.02	-0.05		-0.1	0.0	0.0	1300.92					1	-0.04	-0.04	-0.14	-0.02	-0.02	-0.04	-0.14	0.0	0.0	165.39					0.0	0.0	0.0	0.0	0.0	0.0	0.0	0.0	0.0						0.0	0.0	0.0	0.0	0.0	0.0	0.0	0.0	0.0						0.0	0.0	0.0	0.0	0.0	0.0	0.0	0.0	0.0					
2020-01-06 08:00:00	1100	2.11	2.11	2.11	2.11	2.11	RAD.MI	1.95	1.95	1.95	1.95	2.83	1.87	-1.0	-1.0	-1.0	-1	-1.0		0.0	-1.0		0.0		2.11																				0.0				0.04	0.04	-0.06	0.02	0.02	-0.03		-0.06	0.0	0.0	1380.8					1	0.04	0.04	-0.1	0.02	0.02	-0.02	-0.1	0.0	0.0	168.35					-0.0	-0.0	0.0	-0.0	-0.0	0.0	0.0	-0.0	0.0						-0.0	-0.0	0.0	-0.0	-0.0	0.0	0.0	-0.0	0.0						-0.0	-0.0	0.0	-0.0	-0.0	0.0	0.0	-0.0	0.0					
2020-01-07 08:00:00	5500	2.16	2.09	2.11	2.1	2.1	RAD.MI	1.94	1.99	1.92	1.93	2.83	1.87	-1.0	-1.0	-1.0	-1	-1.0		0.0	-1.0		0.0																						0.0				0.01	0.01	-0.05	0.0	0.0	-0.02		-0.05	0.0	0.0	1389.76					1	0.01	0.01	-0.09	0.0	0.0	-0.02	-0.09	0.0	0.0	169.05					-0.0	-0.0	0.0	-0.0	-0.0	0.0	0.0	-0.0	0.0						-0.0	-0.0	0.0	-0.0	-0.0	0.0	0.0	-0.0	0.0						-0.0	-0.0	0.0	-0.0	-0.0	0.0	0.0	-0.0	0.0					
2020-01-08 08:00:00	7150	2.16	2.11	2.14	2.11	2.11	RAD.MI	1.96	1.98	1.93	1.93	2.83	1.87	-1.0	-1.0	-1.0	-1	-1.0		0.0	-1.0		0.0	2.16																					0.0				-0.01	-0.01	-0.06	-0.0	-0.0	-0.03		-0.06	0.0	0.0	1254.56					1	-0.01	-0.01	-0.1	-0.0	-0.0	-0.02	-0.1	0.0	0.0	160.79					0.0	0.0	0.0	0.0	0.0	0.0	0.0	0.0	0.0						0.0	0.0	0.0	0.0	0.0	0.0	0.0	0.0	0.0						0.0	0.0	0.0	0.0	0.0	0.0	0.0	0.0	0.0					
2020-01-09 08:00:00	550	2.1	2.1	2.1	2.1	2.1	RAD.MI	1.91	1.91	1.91	1.91	2.83	1.87	-1.0	-1.0	-1.0	-1	-1.0		0.0	-1.0		0.0		2.1												1.91								0.0				0.01	0.01	-0.05	0.0	0.0	-0.02		-0.05	0.0	0.0	1264.1					1	0.01	0.01	-0.09	0.0	0.0	-0.02	-0.09	0.0	0.0	161.51					-0.0	-0.0	0.0	-0.0	-0.0	0.0	0.0	-0.0	0.0						-0.0	-0.0	0.0	-0.0	-0.0	0.0	0.0	-0.0	0.0						-0.0	-0.0	0.0	-0.0	-0.0	0.0	0.0	-0.0	0.0					
2020-01-10 08:00:00	1100	2.1	2.1	2.1	2.1	2.1	RAD.MI	1.91	1.91	1.91	1.91	2.83	1.87	-1.0	-1.0	-1.0	-1	-1.0		0.0	-1.0		0.0																						0.0				-0.0	-0.0	-0.05	-0.0	-0.0	-0.02		-0.05	0.0	0.0	1264.1					1	-0.0	-0.0	-0.09	-0.0	-0.0	-0.02	-0.09	0.0	0.0	161.51					0.0	0.0	0.0	0.0	0.0	0.0	0.0	0.0	0.0						0.0	0.0	0.0	0.0	0.0	0.0	0.0	0.0	0.0						0.0	0.0	0.0	0.0	0.0	0.0	0.0	0.0	0.0					
2020-01-13 08:00:00	550	2.16	2.16	2.16	2.16	2.16	RAD.MI	1.97	1.97	1.97	1.97	2.83	1.87	-1.0	-1.0	-1.0	0	-1.0		0.0	-1.0		0.0																						0.0				-0.06	-0.06	-0.11	-0.03	-0.03	-0.05		-0.11	0.0	0.0	850.17					1	-0.06	-0.06	-0.15	-0.03	-0.03	-0.05	-0.15	0.0	0.0	141.31					0.0	0.0	0.0	0.0	0.0	0.0	0.0	0.0	0.0						0.0	0.0	0.0	0.0	0.0	0.0	0.0	0.0	0.0						0.0	0.0	0.0	0.0	0.0	0.0	0.0	0.0	0.0					
2020-01-14 08:00:00	0	2.16	2.16	2.16	2.16	2.16	RAD.MI	1.97	1.97	1.97	1.97	2.83	1.87	-1.0	-1.0	-1.0	0	-1.0		0.0	-1.0		0.0	2.16																					0.0				-0.0	-0.0	-0.11	-0.0	-0.0	-0.05		-0.11	0.0	0.0	850.17					1	0.0	0.0	-0.15	0.0	0.0	-0.05	-0.15	0.0	0.0	141.31					0.0	0.0	0.0	0.0	0.0	0.0	0.0	0.0	0.0						0.0	0.0	0.0	0.0	0.0	0.0	0.0	0.0	0.0						0.0	0.0	0.0	0.0	0.0	0.0	0.0	0.0	0.0					
2020-01-15 08:00:00	550	2.16	2.16	2.16	2.16	2.16	RAD.MI	1.98	1.98	1.98	1.98	2.83	1.87	-1.0	-1.0	-1.0	0	-1.0		0.0	-1.0		0.0													1.98									0.0				-0.0	-0.0	-0.11	-0.0	-0.0	-0.05		-0.11	0.0	0.0	850.17					1	0.0	0.0	-0.15	0.0	0.0	-0.05	-0.15	0.0	0.0	141.31					0.0	0.0	0.0	0.0	0.0	0.0	0.0	0.0	0.0						0.0	0.0	0.0	0.0	0.0	0.0	0.0	0.0	0.0						0.0	0.0	0.0	0.0	0.0	0.0	0.0	0.0	0.0					
2020-01-16 08:00:00	10450	2.16	2.09	2.16	2.09	2.09	RAD.MI	1.97	1.97	1.91	1.91	2.83	1.87	-1.0	-1.0	-1.0	0	-1.0		0.0	-1.0		0.0		2.09												1.91								0.0				0.07	0.07	-0.04	0.03	0.03	-0.02		-0.04	0.0	0.0	893.92					1	-0.0	-0.0	-0.15	-0.0	-0.0	-0.05	-0.15	0.0	0.0	141.31					-0.0	-0.0	0.0	-0.0	-0.0	0.0	0.0	-0.0	0.0						-0.0	-0.0	0.0	-0.0	-0.0	0.0	0.0	-0.0	0.0						-0.0	-0.0	0.0	-0.0	-0.0	0.0	0.0	-0.0	0.0					
2020-01-17 08:00:00	9350	2.21	2.14	2.14	2.21	2.21	RAD.MI	1.94	2.0	1.94	2.0	2.83	1.87	-1.0	-1.0	1.0	0	-1.0		0.0	-1.0		0.0	2.21		2.21																			0.0				-0.12	-0.12	-0.16	-0.06	-0.06	-0.07		-0.16	0.0	0.0	530.84					1	0.0	0.0	-0.15	0.0	0.0	-0.05	-0.15	0.0	0.0	141.31					0.0	0.0	0.0	0.0	0.0	0.0	0.0	0.0	0.0						0.0	0.0	0.0	0.0	0.0	0.0	0.0	0.0	0.0						0.0	0.0	0.0	0.0	0.0	0.0	0.0	0.0	0.0					
2020-01-20 08:00:00	6050	2.21	2.14	2.21	2.2	2.2	RAD.MI	2.01	2.01	1.95	2.0	2.83	1.87	-1.0	-1.0	1.0	0	-1.0		0.0	-1.0		0.0		2.14																				0.0				0.01	0.01	-0.15	0.0	0.0	-0.07		-0.15	0.0	0.0	534.86					1	-0.0	-0.0	-0.15	-0.0	-0.0	-0.05	-0.15	0.0	0.0	141.31					-0.0	-0.0	0.0	-0.0	-0.0	0.0	0.0	-0.0	0.0						-0.0	-0.0	0.0	-0.0	-0.0	0.0	0.0	-0.0	0.0						-0.0	-0.0	0.0	-0.0	-0.0	0.0	0.0	-0.0	0.0					
2020-01-21 08:00:00	1650	2.19	2.19	2.19	2.19	2.19	RAD.MI	2.01	2.01	2.01	2.01	2.83	1.87	-1.0	-1.0	1.0	0	-1.0		0.0	-1.0		0.0	2.19												2.01		2.01							0.0				0.01	0.01	-0.14	0.0	0.0	-0.06		-0.14	0.0	0.0	538.49					1	-0.0	-0.0	-0.15	-0.0	-0.0	-0.05	-0.15	0.0	0.0	141.31					-0.0	-0.0	0.0	-0.0	-0.0	0.0	0.0	-0.0	0.0						-0.0	-0.0	0.0	-0.0	-0.0	0.0	0.0	-0.0	0.0						-0.0	-0.0	0.0	-0.0	-0.0	0.0	0.0	-0.0	0.0					
2020-01-22 08:00:00	3300	2.16	2.12	2.16	2.12	2.12	RAD.MI	1.99	1.99	1.95	1.95	2.83	1.87	-1.0	-1.0	1.0	0	-1.0		0.0	-1.0		0.0																						0.0				0.07	0.07	-0.07	0.03	0.03	-0.03		-0.07	0.0	0.0	556.48					1	-0.0	-0.0	-0.15	-0.0	-0.0	-0.05	-0.15	0.0	0.0	141.31					-0.0	-0.0	0.0	-0.0	-0.0	0.0	0.0	-0.0	0.0						-0.0	-0.0	0.0	-0.0	-0.0	0.0	0.0	-0.0	0.0						-0.0	-0.0	0.0	-0.0	-0.0	0.0	0.0	-0.0	0.0					
2020-01-23 08:00:00	3850	2.09	2.08	2.09	2.08	2.08	RAD.MI	1.93	1.93	1.92	1.92	2.83	1.87	-1.0	-1.0	1.0	0	-1.0		0.0	-1.0		0.0		2.08																				0.0				0.04	0.04	-0.03	0.02	0.02	-0.01		-0.03	0.0	0.0	563.17					1	-0.0	-0.0	-0.15	-0.0	-0.0	-0.05	-0.15	0.0	0.0	141.31					-0.0	-0.0	0.0	-0.0	-0.0	0.0	0.0	-0.0	0.0						-0.0	-0.0	0.0	-0.0	-0.0	0.0	0.0	-0.0	0.0						-0.0	-0.0	0.0	-0.0	-0.0	0.0	0.0	-0.0	0.0					
2020-01-24 08:00:00	2200	2.11	2.09	2.11	2.09	2.09	RAD.MI	1.92	1.92	1.9	1.9	2.83	1.87	-1.0	-1.0	1.0	0	-1.0		0.0	-1.0		0.0	2.11													1.9								0.0				-0.01	-0.01	-0.04	-0.0	-0.0	-0.02		-0.04	0.0	0.0	531.64					1	0.0	0.0	-0.15	0.0	0.0	-0.05	-0.15	0.0	0.0	141.31					0.0	0.0	0.0	0.0	0.0	0.0	0.0	0.0	0.0						0.0	0.0	0.0	0.0	0.0	0.0	0.0	0.0	0.0						0.0	0.0	0.0	0.0	0.0	0.0	0.0	0.0	0.0					
2020-01-27 08:00:00	4400	2.08	2.04	2.08	2.05	2.05	RAD.MI	1.94	1.94	1.9	1.91	2.83	1.87	-1.0	-1.0	-1.0	-1	-1.0		0.0	-1.0		0.0		2.04											1.94									0.0				0.04	0.04	0.0	0.02	0.02	0.0		0.0	0.0	0.0	537.65					1	-0.0	-0.0	-0.15	-0.0	-0.0	-0.05	-0.15	0.0	0.0	141.31					-0.0	-0.0	0.0	-0.0	-0.0	0.0	0.0	-0.0	0.0						-0.0	-0.0	0.0	-0.0	-0.0	0.0	0.0	-0.0	0.0						-0.0	-0.0	0.0	-0.0	-0.0	0.0	0.0	-0.0	0.0					
2020-01-28 08:00:00	2750	2.08	2.08	2.08	2.08	2.08	RAD.MI	1.89	1.89	1.89	1.89	2.83	1.87	-1.0	-1.0	-1.0	-1	-1.0		0.0	-1.0		0.0														1.89								0.0				-0.03	-0.03	-0.03	-0.01	-0.01	-0.01		-0.03	0.0	0.0	477.26					1	-0.03	-0.03	-0.18	-0.01	-0.01	-0.06	-0.18	0.0	0.0	129.29					0.0	0.0	0.0	0.0	0.0	0.0	0.0	0.0	0.0						0.0	0.0	0.0	0.0	0.0	0.0	0.0	0.0	0.0						0.0	0.0	0.0	0.0	0.0	0.0	0.0	0.0	0.0					
2020-01-29 08:00:00	12100	2.12	2.02	2.05	2.12	2.12	RAD.MI	1.85	1.92	1.83	1.92	2.83	1.83	-1.0	-1.0	-1.0	-1	-1.0		0.0	-1.0		0.0	2.12																					0.0				-0.04	-0.04	-0.07	-0.02	-0.02	-0.03		-0.07	0.0	0.0	413.94					1	-0.04	-0.04	-0.22	-0.02	-0.02	-0.08	-0.22	0.0	0.0	116.04					0.0	0.0	0.0	0.0	0.0	0.0	0.0	0.0	0.0						0.0	0.0	0.0	0.0	0.0	0.0	0.0	0.0	0.0						0.0	0.0	0.0	0.0	0.0	0.0	0.0	0.0	0.0					
2020-01-30 08:00:00	2750	2.09	2.07	2.07	2.09	2.09	RAD.MI	1.9	1.92	1.9	1.92	2.83	1.83	-1.0	-1.0	-1.0	-1	-1.0		0.0	-1.0		0.0																						0.0				0.03	0.03	-0.04	0.01	0.01	-0.02		-0.04	0.0	0.0	418.55					1	0.03	0.03	-0.19	0.01	0.01	-0.07	-0.19	0.0	0.0	118.41					-0.0	-0.0	0.0	-0.0	-0.0	0.0	0.0	-0.0	0.0						-0.0	-0.0	0.0	-0.0	-0.0	0.0	0.0	-0.0	0.0						-0.0	-0.0	0.0	-0.0	-0.0	0.0	0.0	-0.0	0.0					
2020-01-31 08:00:00	15950	2.08	1.99	2.07	2.08	2.08	RAD.MI	1.95	1.95	1.87	1.95	2.83	1.83	-1.0	-1.0	-1.0	-1	-1.0		0.0	-1.0		0.0		1.99																				0.0				0.01	0.01	-0.03	0.0	0.0	-0.01		-0.03	0.0	0.0	419.93					1	0.01	0.01	-0.18	0.0	0.0	-0.06	-0.18	0.0	0.0	119.17					-0.0	-0.0	0.0	-0.0	-0.0	0.0	0.0	-0.0	0.0						-0.0	-0.0	0.0	-0.0	-0.0	0.0	0.0	-0.0	0.0						-0.0	-0.0	0.0	-0.0	-0.0	0.0	0.0	-0.0	0.0					
2020-02-03 08:00:00	550	2.08	2.08	2.08	2.08	2.08	RAD.MI	1.94	1.94	1.94	1.94	2.83	1.83	-1.0	-1.0	-1.0	-1	-1.0		0.0	-1.0		0.0													1.94									0.0				-0.0	-0.0	-0.03	-0.0	-0.0	-0.01		-0.03	0.0	0.0	419.93					1	-0.0	-0.0	-0.18	-0.0	-0.0	-0.06	-0.18	0.0	0.0	119.17					0.0	0.0	0.0	0.0	0.0	0.0	0.0	0.0	0.0						0.0	0.0	0.0	0.0	0.0	0.0	0.0	0.0	0.0						0.0	0.0	0.0	0.0	0.0	0.0	0.0	0.0	0.0					
2020-02-04 08:00:00	0	2.08	2.08	2.08	2.08	2.08	RAD.MI	1.9	1.9	1.9	1.9	2.83	1.83	-1.0	-1.0	-1.0	-1	-1.0		0.0	-1.0		0.0	2.08																					0.0				-0.0	-0.0	-0.03	-0.0	-0.0	-0.01		-0.03	0.0	0.0	419.93					1	-0.0	-0.0	-0.18	-0.0	-0.0	-0.06	-0.18	0.0	0.0	119.17					0.0	0.0	0.0	0.0	0.0	0.0	0.0	0.0	0.0						0.0	0.0	0.0	0.0	0.0	0.0	0.0	0.0	0.0						0.0	0.0	0.0	0.0	0.0	0.0	0.0	0.0	0.0					
2020-02-05 08:00:00	0	2.08	2.08	2.08	2.08	2.08	RAD.MI	1.87	1.87	1.87	1.87	2.83	1.83	-1.0	-1.0	-1.0	-1	-1.0		0.0	-1.0		0.0																						0.0				-0.0	-0.0	-0.03	-0.0	-0.0	-0.01		-0.03	0.0	0.0	419.93					1	-0.0	-0.0	-0.18	-0.0	-0.0	-0.06	-0.18	0.0	0.0	119.17					0.0	0.0	0.0	0.0	0.0	0.0	0.0	0.0	0.0						0.0	0.0	0.0	0.0	0.0	0.0	0.0	0.0	0.0						0.0	0.0	0.0	0.0	0.0	0.0	0.0	0.0	0.0					
2020-02-06 08:00:00	550	2.08	2.08	2.08	2.08	2.08	RAD.MI	1.85	1.85	1.85	1.85	2.83	1.83	-1.0	-1.0	-1.0	-1	-1.0		0.0	-1.0		0.0																						0.0				-0.0	-0.0	-0.03	-0.0	-0.0	-0.01		-0.03	0.0	0.0	419.93					1	-0.0	-0.0	-0.18	-0.0	-0.0	-0.06	-0.18	0.0	0.0	119.17					0.0	0.0	0.0	0.0	0.0	0.0	0.0	0.0	0.0						0.0	0.0	0.0	0.0	0.0	0.0	0.0	0.0	0.0						0.0	0.0	0.0	0.0	0.0	0.0	0.0	0.0	0.0					
2020-02-07 08:00:00	7700	2.02	2.0	2.02	2.02	2.02	RAD.MI	1.8	1.8	1.78	1.8	2.83	1.78	-1.0	-1.0	-1.0	-1	-1.0		0.0	-1.0		0.0																						0.0				0.06	0.06	0.03	0.03	0.03	0.01		0.03	0.0	0.0	427.0					1	0.06	0.06	-0.12	0.03	0.03	-0.03	-0.12	0.0	0.0	123.4					-0.0	-0.0	0.0	-0.0	-0.0	0.0	0.0	-0.0	0.0						-0.0	-0.0	0.0	-0.0	-0.0	0.0	0.0	-0.0	0.0						-0.0	-0.0	0.0	-0.0	-0.0	0.0	0.0	-0.0	0.0					
2020-02-10 08:00:00	1650	2.01	1.98	2.01	1.98	1.98	RAD.MI	1.79	1.79	1.76	1.76	2.83	1.76	-1.0	-1.0	-1.0	-1	-1.0		0.0	-1.0		0.0		1.98												1.76								0.0				0.04	0.04	0.07	0.02	0.02	0.04		0.07	0.0	0.0	430.78					1	0.04	0.04	-0.08	0.02	0.02	-0.01	-0.08	0.0	0.0	125.96					-0.0	-0.0	0.0	-0.0	-0.0	0.0	0.0	-0.0	0.0						-0.0	-0.0	0.0	-0.0	-0.0	0.0	0.0	-0.0	0.0						-0.0	-0.0	0.0	-0.0	-0.0	0.0	0.0	-0.0	0.0					
2020-02-11 08:00:00	1650	2.05	2.04	2.04	2.05	2.05	RAD.MI	1.8	1.81	1.8	1.81	2.83	1.76	-1.0	-1.0	-1.0	-1	-1.0		0.0	-1.0		0.0	2.05												1.81									0.0				-0.07	-0.07	0.0	-0.04	-0.03	0.0		0.0	0.0	0.0	350.46					1	-0.07	-0.07	-0.15	-0.04	-0.03	-0.05	-0.15	0.0	0.0	108.46					0.0	0.0	0.0	0.0	0.0	0.0	0.0	0.0	0.0						0.0	0.0	0.0	0.0	0.0	0.0	0.0	0.0	0.0						0.0	0.0	0.0	0.0	0.0	0.0	0.0	0.0	0.0					
2020-02-12 08:00:00	0	2.05	2.05	2.05	2.05	2.05	RAD.MI	1.8	1.8	1.8	1.8	2.83	1.76	-1.0	-1.0	-1.0	-1	-1.0		0.0	-1.0		0.0																						0.0				-0.0	-0.0	0.0	-0.0	-0.0	0.0		0.0	0.0	0.0	350.46					1	-0.0	-0.0	-0.15	-0.0	-0.0	-0.05	-0.15	0.0	0.0	108.46					0.0	0.0	0.0	0.0	0.0	0.0	0.0	0.0	0.0						0.0	0.0	0.0	0.0	0.0	0.0	0.0	0.0	0.0						0.0	0.0	0.0	0.0	0.0	0.0	0.0	0.0	0.0					
2020-02-13 08:00:00	13200	2.0	1.98	1.99	1.98	1.98	RAD.MI	1.75	1.75	1.74	1.74	2.83	1.74	-1.0	-1.0	-1.0	-1	-1.0		0.0	-1.0		0.0		1.98												1.74								0.0				0.07	0.07	0.07	0.03	0.03	0.04		0.07	0.0	0.0	356.24					1	0.07	0.07	-0.08	0.03	0.03	-0.01	-0.08	0.0	0.0	112.55					-0.0	-0.0	0.0	-0.0	-0.0	0.0	0.0	-0.0	0.0						-0.0	-0.0	0.0	-0.0	-0.0	0.0	0.0	-0.0	0.0						-0.0	-0.0	0.0	-0.0	-0.0	0.0	0.0	-0.0	0.0					
2020-02-14 08:00:00	11000	2.03	1.97	1.97	2.03	2.03	RAD.MI	1.73	1.78	1.73	1.78	2.83	1.73	-1.0	-1.0	-1.0	-1	-1.0		0.0	-1.0		0.0																						0.0				-0.05	-0.05	0.02	-0.03	-0.02	0.01		0.02	0.0	0.0	309.66					1	-0.05	-0.05	-0.13	-0.03	-0.02	-0.04	-0.13	0.0	0.0	100.23					0.0	0.0	0.0	0.0	0.0	0.0	0.0	0.0	0.0						0.0	0.0	0.0	0.0	0.0	0.0	0.0	0.0	0.0						0.0	0.0	0.0	0.0	0.0	0.0	0.0	0.0	0.0					
2020-02-17 08:00:00	0	2.03	2.03	2.03	2.03	2.03	RAD.MI	1.76	1.76	1.76	1.76	2.83	1.73	-1.0	-1.0	-1.0	-1	-1.0		0.0	-1.0		0.0	2.03												1.76									0.0				-0.0	-0.0	0.02	-0.0	-0.0	0.01		0.02	0.0	0.0	309.66					1	-0.0	-0.0	-0.13	-0.0	-0.0	-0.04	-0.13	0.0	0.0	100.23					0.0	0.0	0.0	0.0	0.0	0.0	0.0	0.0	0.0						0.0	0.0	0.0	0.0	0.0	0.0	0.0	0.0	0.0						0.0	0.0	0.0	0.0	0.0	0.0	0.0	0.0	0.0					
2020-02-18 08:00:00	3850	2.03	2.03	2.03	2.03	2.03	RAD.MI	1.76	1.76	1.76	1.76	2.83	1.73	-1.0	-1.0	-1.0	-1	-1.0		0.0	-1.0		0.0																						0.0				-0.0	-0.0	0.02	-0.0	-0.0	0.01		0.02	0.0	0.0	309.66					1	-0.0	-0.0	-0.13	-0.0	-0.0	-0.04	-0.13	0.0	0.0	100.23					0.0	0.0	0.0	0.0	0.0	0.0	0.0	0.0	0.0						0.0	0.0	0.0	0.0	0.0	0.0	0.0	0.0	0.0						0.0	0.0	0.0	0.0	0.0	0.0	0.0	0.0	0.0					
2020-02-19 08:00:00	24750	1.99	1.95	1.99	1.97	1.97	RAD.MI	1.71	1.71	1.67	1.69	2.83	1.67	-1.0	-1.0	-1.0	-1	-1.0		0.0	-1.0		0.0		1.95												1.67		1.67						0.0				0.06	0.06	0.08	0.03	0.03	0.04		0.08	0.0	0.0	313.94					1	0.06	0.06	-0.07	0.03	0.03	-0.01	-0.07	0.0	0.0	103.43					-0.0	-0.0	0.0	-0.0	-0.0	0.0	0.0	-0.0	0.0						-0.0	-0.0	0.0	-0.0	-0.0	0.0	0.0	-0.0	0.0						-0.0	-0.0	0.0	-0.0	-0.0	0.0	0.0	-0.0	0.0					
2020-02-20 08:00:00	1650	1.99	1.97	1.97	1.99	1.99	RAD.MI	1.72	1.73	1.72	1.73	2.83	1.67	-1.0	-1.0	-1.0	-1	-1.0		0.0	-1.0		0.0																						0.0				-0.02	-0.02	0.06	-0.01	-0.01	0.03		0.06	0.0	0.0	293.25					1	-0.02	-0.02	-0.09	-0.01	-0.01	-0.02	-0.09	0.0	0.0	96.4					0.0	0.0	0.0	0.0	0.0	0.0	0.0	0.0	0.0						0.0	0.0	0.0	0.0	0.0	0.0	0.0	0.0	0.0						0.0	0.0	0.0	0.0	0.0	0.0	0.0	0.0	0.0					
2020-02-21 08:00:00	1100	2.0	2.0	2.0	2.0	2.0	RAD.MI	1.76	1.76	1.76	1.76	2.83	1.67	-1.0	-1.0	-1.0	-1	-1.0		0.0	-1.0		0.0	2.0												1.76									0.0				-0.01	-0.01	0.05	-0.01	-0.01	0.03		0.05	0.0	0.0	279.87					1	-0.01	-0.01	-0.1	-0.01	-0.01	-0.02	-0.1	0.0	0.0	90.97					0.0	0.0	0.0	0.0	0.0	0.0	0.0	0.0	0.0						0.0	0.0	0.0	0.0	0.0	0.0	0.0	0.0	0.0						0.0	0.0	0.0	0.0	0.0	0.0	0.0	0.0	0.0					
2020-02-24 08:00:00	16500	1.89	1.82	1.82	1.83	1.83	RAD.MI	1.7	1.76	1.7	1.71	2.83	1.67	-1.0	-1.0	-1.0	-1	-1.0		0.0	-1.0		0.0		1.82												1.7								0.0				0.17	0.17	0.22	0.08	0.09	0.12		0.22	0.0	0.0	290.19					1	0.17	0.17	0.07	0.08	0.09	0.07	0.07	0.0	0.0	99.12					-0.0	-0.0	0.0	-0.0	-0.0	0.0	0.0	-0.0	0.0						-0.0	-0.0	0.0	-0.0	-0.0	0.0	0.0	-0.0	0.0						-0.0	-0.0	0.0	-0.0	-0.0	0.0	0.0	-0.0	0.0					
2020-02-25 08:00:00	12650	1.89	1.81	1.88	1.86	1.86	RAD.MI	1.78	1.79	1.71	1.76	2.83	1.67	-1.0	-1.0	-1.0	-1	-1.0		0.0	-1.0		0.0													1.79									0.0				-0.03	-0.03	0.19	-0.02	-0.02	0.1		0.19	0.0	0.0	265.53					1	-0.03	-0.03	0.04	-0.02	-0.02	0.05	0.04	0.0	0.0	91.08					0.0	0.0	0.0	0.0	0.0	0.0	0.0	0.0	0.0						0.0	0.0	0.0	0.0	0.0	0.0	0.0	0.0	0.0						0.0	0.0	0.0	0.0	0.0	0.0	0.0	0.0	0.0					
2020-02-26 08:00:00	0	1.86	1.86	1.86	1.86	1.86	RAD.MI	1.73	1.73	1.73	1.73	2.83	1.67	-1.0	-1.0	-1.0	-1	-1.0		0.0	-1.0		0.0	1.86																					0.0				-0.0	-0.0	0.19	-0.0	-0.0	0.1		0.19	0.0	0.0	265.53					1	-0.0	-0.0	0.04	-0.0	-0.0	0.05	0.04	0.0	0.0	91.08					0.0	0.0	0.0	0.0	0.0	0.0	0.0	0.0	0.0						0.0	0.0	0.0	0.0	0.0	0.0	0.0	0.0	0.0						0.0	0.0	0.0	0.0	0.0	0.0	0.0	0.0	0.0					
2020-02-27 08:00:00	11550	1.88	1.78	1.88	1.78	1.78	RAD.MI	1.8	1.8	1.7	1.7	2.83	1.67	-1.0	-1.0	-1.0	-1	-1.0		0.0	-1.0		0.0																						0.0				0.08	0.08	0.27	0.04	0.04	0.15		0.27	0.0	0.0	269.31					1	0.08	0.08	0.12	0.04	0.04	0.1	0.12	0.0	0.0	94.38					-0.0	-0.0	0.0	-0.0	-0.0	0.0	0.0	-0.0	0.0						-0.0	-0.0	0.0	-0.0	-0.0	0.0	0.0	-0.0	0.0						-0.0	-0.0	0.0	-0.0	-0.0	0.0	0.0	-0.0	0.0					
2020-02-28 08:00:00	40150	1.78	1.7	1.78	1.74	1.74	RAD.MI	1.77	1.77	1.69	1.73	2.83	1.67	-1.0	-1.0	-1.0	-1	-1.0	-1.0	1.0	-1.0	-1.0	1.0																						0.0				0.04	0.04	0.31	0.02	0.02	0.18		0.31	0.0	0.0	270.98					1	0.04	0.04	0.16	0.02	0.02	0.12	0.16	0.0	0.0	95.91					-0.0	-0.0	0.0	-0.0	-0.0	0.0	0.0	-0.0	0.0						-0.0	-0.0	0.0	-0.0	-0.0	0.0	0.0	-0.0	0.0						-0.0	-0.0	0.0	-0.0	-0.0	0.0	0.0	-0.0	0.0					
2020-03-02 08:00:00	4400	1.73	1.67	1.73	1.73	1.73	RAD.MI	1.74	1.74	1.68	1.74	2.83	1.67	-1.0	-1.0	-1.0	-1	-1.0	-1.0	1.0	-1.0	-1.0	1.0		1.67												1.68								0.0				0.01	0.01	0.32	0.01	0.01	0.18		0.32	0.0	0.0	271.38					1	0.01	0.01	0.17	0.01	0.01	0.13	0.17	0.0	0.0	96.28					-0.01	-0.01	-0.01	-0.01	-0.01	-0.01	-0.01	-0.0	-0.0	-inf					-0.01	-0.01	-0.01	-0.01	-0.01	-0.01	-0.01	-0.0	-0.0	-inf					-0.0	-0.0	0.0	-0.0	-0.0	0.0	0.0	-0.0	0.0					
2020-03-03 08:00:00	4950	1.8	1.67	1.67	1.8	1.8	RAD.MI	1.68	1.81	1.68	1.81	2.83	1.67	-1.0	-1.0	-1.0	-1	-1.0	-1.0	1.0	-1.0	-1.0	1.0	1.8												1.81									0.0				-0.07	-0.07	0.25	-0.04	-0.04	0.14		0.25	0.0	0.0	229.12					1	-0.07	-0.07	0.1	-0.04	-0.04	0.08	0.1	0.0	0.0	83.39					0.07	0.07	0.06	0.04	0.04	0.03	0.06	0.0	0.0	17151.24					0.07	0.07	0.06	0.04	0.04	0.03	0.06	0.0	0.0	17151.24					0.0	0.0	0.0	0.0	0.0	0.0	0.0	0.0	0.0					
2020-03-04 08:00:00	1650	1.76	1.73	1.76	1.73	1.73	RAD.MI	1.75	1.75	1.72	1.72	2.83	1.67	-1.0	-1.0	-1.0	-1	-1.0	-1.0	1.0	-1.0	-1.0	1.0														1.72								0.0				0.07	0.07	0.32	0.04	0.04	0.18		0.32	0.0	0.0	231.78					1	0.07	0.07	0.17	0.04	0.04	0.13	0.17	0.0	0.0	85.86					-0.07	-0.07	-0.01	-0.04	-0.04	-0.01	-0.01	0.0	0.0	2106.79					-0.07	-0.07	-0.01	-0.04	-0.04	-0.01	-0.01	0.0	0.0	2106.79					-0.0	-0.0	0.0	-0.0	-0.0	0.0	0.0	-0.0	0.0					
2020-03-05 08:00:00	3300	1.76	1.7	1.7	1.76	1.76	RAD.MI	1.72	1.78	1.72	1.78	2.83	1.67	-1.0	-1.0	-1.0	-1	-1.0	-1.0	1.0	-1.0	-1.0	1.0																						0.0				-0.03	-0.03	0.29	-0.02	-0.02	0.16		0.29	0.0	0.0	213.62					1	-0.03	-0.03	0.14	-0.02	-0.02	0.11	0.14	0.0	0.0	79.01					0.03	0.03	0.02	0.02	0.02	0.01	0.02	0.0	0.0	2122.04					0.03	0.03	0.02	0.02	0.02	0.01	0.02	0.0	0.0	2122.04					0.0	0.0	0.0	0.0	0.0	0.0	0.0	0.0	0.0					
2020-03-06 08:00:00	24200	1.75	1.6	1.66	1.75	1.75	RAD.MI	1.74	1.84	1.68	1.84	2.83	1.67	-1.0	-1.0	1.0	-1	-1.0	-1.0	1.0	-1.0	-1.0	1.0													1.84									0.0				0.01	0.01	0.3	0.01	0.01	0.17		0.3	0.0	0.0	213.99					1	0.01	0.01	0.15	0.01	0.01	0.12	0.15	0.0	0.0	79.35					-0.01	-0.01	0.01	-0.01	-0.01	0.01	0.01	0.0	0.0	1844.47					-0.01	-0.01	0.01	-0.01	-0.01	0.01	0.01	0.0	0.0	1844.47					-0.0	-0.0	0.0	-0.0	-0.0	0.0	0.0	-0.0	0.0					
2020-03-09 08:00:00	15950	1.64	1.4	1.64	1.45	1.45	RAD.MI	1.94	1.94	1.65	1.71	2.83	1.65	-1.0	-1.0	1.0	-1	-1.0	-1.0	1.0	-1.0	-1.0	1.0																						0.0				0.3	0.3	0.6	0.17	0.19	0.41		0.6	0.01	0.01	222.75					1	0.3	0.3	0.45	0.17	0.19	0.35	0.45	0.0	0.0	88.21					-0.3	-0.3	-0.29	-0.17	-0.19	-0.17	-0.29	0.0	0.0	331.02					-0.3	-0.3	-0.29	-0.17	-0.19	-0.17	-0.29	0.0	0.0	331.02					-0.0	-0.0	0.0	-0.0	-0.0	0.0	0.0	-0.0	0.0					
2020-03-10 08:00:00	8250	1.47	1.4	1.4	1.45	1.45	RAD.MI	1.71	1.8	1.71	1.77	2.83	1.65	-1.0	-1.0	1.0	-1	-1.0	-1.0	1.0	-1.0	-1.0	1.0		1.4												1.71								0.0				-0.0	-0.0	0.6	-0.0	-0.0	0.41		0.6	0.01	0.01	222.75					1	-0.0	-0.0	0.45	-0.0	-0.0	0.35	0.45	0.0	0.0	88.21					0.0	0.0	-0.29	0.0	0.0	-0.17	-0.29	0.0	0.0	331.02					0.0	0.0	-0.29	0.0	0.0	-0.17	-0.29	0.0	0.0	331.02					0.0	0.0	0.0	0.0	0.0	0.0	0.0	0.0	0.0					
2020-03-11 08:00:00	3300	1.45	1.45	1.45	1.45	1.45	RAD.MI	1.77	1.77	1.77	1.77	2.83	1.65	-1.0	-1.0	1.0	-1	-1.0	-1.0	1.0	-1.0	-1.0	1.0	1.45																					0.0				-0.0	-0.0	0.6	-0.0	-0.0	0.41		0.6	0.01	0.01	222.75					1	-0.0	-0.0	0.45	-0.0	-0.0	0.35	0.45	0.0	0.0	88.21					0.0	0.0	-0.29	0.0	0.0	-0.17	-0.29	0.0	0.0	331.02					0.0	0.0	-0.29	0.0	0.0	-0.17	-0.29	0.0	0.0	331.02					0.0	0.0	0.0	0.0	0.0	0.0	0.0	0.0	0.0					
2020-03-12 08:00:00	8250	1.41	1.29	1.41	1.36	1.36	RAD.MI	2.07	2.07	1.89	1.99	2.83	1.65	-1.0	1.0	1.0	-1	-1.0	-1.0	1.0	-1.0	-1.0	1.0		1.29		1.29																		0.0				0.09	0.09	0.69	0.06	0.06	0.51		0.69	0.01	0.01	224.73					1	0.09	0.09	0.54	0.06	0.06	0.44	0.54	0.01	0.01	90.42					-0.09	-0.09	-0.38	-0.06	-0.06	-0.22	-0.38	0.0	0.0	225.33					-0.09	-0.09	-0.38	-0.06	-0.06	-0.22	-0.38	0.0	0.0	225.33					-0.0	-0.0	0.0	-0.0	-0.0	0.0	0.0	-0.0	0.0					
2020-03-13 08:00:00	7150	1.52	1.38	1.38	1.52	1.52	RAD.MI	1.89	2.08	1.89	2.08	2.83	1.65	-1.0	1.0	1.0	-1	-1.0	-1.0	1.0	-1.0	-1.0	1.0	1.52		1.52																			0.0				-0.16	-0.16	0.53	-0.12	-0.11	0.35		0.53	0.01	0.01	160.74					1	-0.16	-0.16	0.38	-0.12	-0.11	0.28	0.38	0.0	0.0	68.65					0.16	0.16	-0.22	0.12	0.11	-0.13	-0.22	0.0	0.0	283.52					0.16	0.16	-0.22	0.12	0.11	-0.13	-0.22	0.0	0.0	283.52					0.0	0.0	0.0	0.0	0.0	0.0	0.0	0.0	0.0					
2020-03-16 08:00:00	4400	1.49	1.4	1.49	1.4	1.4	RAD.MI	2.17	2.17	2.04	2.04	2.51	1.65	-1.0	1.0	1.0	-1	-1.0	-1.0	1.0	-1.0	-1.0	1.0		1.4											2.17		2.17							0.0				0.12	0.12	0.65	0.08	0.08	0.46		0.65	0.01	0.01	162.97					1	0.12	0.12	0.5	0.08	0.08	0.39	0.5	0.01	0.01	85.3					-0.12	-0.12	-0.34	-0.08	-0.08	-0.2	-0.34	0.0	0.0	208.15					-0.12	-0.12	-0.34	-0.08	-0.08	-0.2	-0.34	0.0	0.0	208.15					-0.0	-0.0	0.0	-0.0	-0.0	0.0	0.0	-0.0	0.0					
2020-03-17 08:00:00	550	1.44	1.44	1.44	1.44	1.44	RAD.MI	2.05	2.05	2.05	2.05	2.44	1.65	-1.0	1.0	1.0	-1	-1.0	-1.0	1.0	-1.0	-1.0	1.0														2.05								0.0				-0.04	-0.04	0.61	-0.03	-0.03	0.42		0.61	0.01	0.01	148.95					1	-0.04	-0.04	0.46	-0.03	-0.03	0.36	0.46	0.01	0.01	86.76					0.04	0.04	-0.3	0.03	0.03	-0.17	-0.3	0.0	0.0	213.27					0.04	0.04	-0.3	0.03	0.03	-0.17	-0.3	0.0	0.0	213.27					0.0	0.0	0.0	0.0	0.0	0.0	0.0	0.0	0.0					
2020-03-18 08:00:00	0	1.44	1.44	1.44	1.44	1.44	RAD.MI	2.08	2.08	2.08	2.08	2.44	1.65	-1.0	1.0	1.0	-1	-1.0	-1.0	1.0	-1.0	-1.0	1.0	1.44												2.08									0.0				-0.0	-0.0	0.61	-0.0	-0.0	0.42		0.61	0.01	0.01	148.95					1	-0.0	-0.0	0.46	-0.0	-0.0	0.36	0.46	0.01	0.01	91.71					0.0	0.0	-0.3	0.0	0.0	-0.17	-0.3	0.0	0.0	213.27					0.0	0.0	-0.3	0.0	0.0	-0.17	-0.3	0.0	0.0	213.27					0.0	0.0	0.0	0.0	0.0	0.0	0.0	0.0	0.0					
2020-03-19 08:00:00	0	1.44	1.44	1.44	1.44	1.44	RAD.MI	2.03	2.03	2.03	2.03	2.44	1.65	-1.0	1.0	1.0	-1	-1.0	-1.0	1.0	-1.0	-1.0	1.0																						0.0				-0.0	-0.0	0.61	-0.0	-0.0	0.42		0.61	0.01	0.01	148.95					1	-0.0	-0.0	0.46	-0.0	-0.0	0.36	0.46	0.01	0.01	95.17					0.0	0.0	-0.3	0.0	0.0	-0.17	-0.3	0.0	0.0	213.27					0.0	0.0	-0.3	0.0	0.0	-0.17	-0.3	0.0	0.0	213.27					0.0	0.0	0.0	0.0	0.0	0.0	0.0	0.0	0.0					
2020-03-20 08:00:00	1650	1.44	1.44	1.44	1.44	1.44	RAD.MI	2.0	2.0	2.0	2.0	2.44	1.65	-1.0	1.0	1.0	-1	-1.0	-1.0	1.0	-1.0	-1.0	1.0																						0.0				-0.0	-0.0	0.61	-0.0	-0.0	0.42		0.61	0.01	0.01	148.95					1	-0.0	-0.0	0.46	-0.0	-0.0	0.36	0.46	0.01	0.01	104.14					0.0	0.0	-0.3	0.0	0.0	-0.17	-0.3	0.0	0.0	213.27					0.0	0.0	-0.3	0.0	0.0	-0.17	-0.3	0.0	0.0	213.27					0.0	0.0	0.0	0.0	0.0	0.0	0.0	0.0	0.0					
2020-03-23 08:00:00	1100	1.38	1.38	1.38	1.38	1.38	RAD.MI	1.94	1.94	1.94	1.94	2.44	1.65	-1.0	1.0	1.0	-1	-1.0	-1.0	1.0	-1.0	-1.0	1.0		1.38																				0.0				0.06	0.06	0.67	0.04	0.04	0.49		0.67	0.01	0.01	150.0					1	0.06	0.06	0.52	0.04	0.04	0.41	0.52	0.01	0.01	104.75					-0.06	-0.06	-0.36	-0.04	-0.04	-0.21	-0.36	0.0	0.0	181.59					-0.06	-0.06	-0.36	-0.04	-0.04	-0.21	-0.36	0.0	0.0	181.59					-0.0	-0.0	0.0	-0.0	-0.0	0.0	0.0	-0.0	0.0					
2020-03-24 08:00:00	1650	1.4	1.4	1.4	1.4	1.4	RAD.MI	1.8	1.8	1.8	1.8	2.33	1.65	-1.0	1.0	1.0	-1	-1.0	-1.0	1.0	-1.0	-1.0	1.0	1.4																					0.0				-0.02	-0.02	0.65	-0.01	-0.01	0.46		0.65	0.01	0.01	141.89					1	-0.02	-0.02	0.5	-0.01	-0.01	0.39	0.5	0.01	0.01	98.92					0.02	0.02	-0.34	0.01	0.01	-0.2	-0.34	0.0	0.0	184.03					0.02	0.02	-0.34	0.01	0.01	-0.2	-0.34	0.0	0.0	184.03					0.0	0.0	0.0	0.0	0.0	0.0	0.0	0.0	0.0					
2020-03-25 08:00:00	3300	1.4	1.36	1.4	1.36	1.36	RAD.MI	1.77	1.77	1.72	1.72	2.26	1.65	-1.0	1.0	1.0	-1	-1.0	-1.0	1.0	-1.0	-1.0	1.0																						0.0				0.04	0.04	0.69	0.03	0.03	0.51		0.69	0.01	0.01	142.58					1	0.04	0.04	0.54	0.03	0.03	0.44	0.54	0.01	0.01	99.61					-0.04	-0.04	-0.38	-0.03	-0.03	-0.22	-0.38	0.0	0.0	163.31					-0.04	-0.04	-0.38	-0.03	-0.03	-0.22	-0.38	0.0	0.0	163.31					-0.0	-0.0	0.0	-0.0	-0.0	0.0	0.0	-0.0	0.0					
2020-03-26 08:00:00	550	1.35	1.35	1.35	1.35	1.35	RAD.MI	1.7	1.7	1.7	1.7	2.22	1.65	-1.0	1.0	1.0	-1	-1.0	-1.0	1.0	-1.0	-1.0	1.0																						0.0				0.01	0.01	0.7	0.01	0.01	0.52		0.7	0.01	0.01	142.75					1	0.01	0.01	0.55	0.01	0.01	0.45	0.55	0.01	0.01	99.77					-0.01	-0.01	-0.39	-0.01	-0.01	-0.22	-0.39	0.0	0.0	153.22					-0.01	-0.01	-0.39	-0.01	-0.01	-0.22	-0.39	0.0	0.0	153.22					-0.0	-0.0	0.0	-0.0	-0.0	0.0	0.0	-0.0	0.0					
2020-03-27 08:00:00	3850	1.32	1.27	1.31	1.29	1.29	RAD.MI	1.7	1.71	1.65	1.67	2.22	1.65	-1.0	-1.0	-1.0	-1	-1.0	-1.0	1.0	-1.0	-1.0	1.0		1.27		1.27		1.27								1.65		1.65						0.0				0.06	0.06	0.76	0.04	0.05	0.59		0.76	0.01	0.01	143.74					1	0.06	0.06	0.61	0.04	0.05	0.51	0.61	0.01	0.01	100.76					-0.06	-0.06	-0.45	-0.04	-0.05	-0.26	-0.45	0.0	0.0	129.04					-0.06	-0.06	-0.45	-0.04	-0.05	-0.26	-0.45	0.0	0.0	129.04					-0.0	-0.0	0.0	-0.0	-0.0	0.0	0.0	-0.0	0.0					
2020-03-30 07:00:00	2200	1.33	1.33	1.33	1.33	1.33	RAD.MI	1.72	1.72	1.72	1.72	2.22	1.65	-1.0	-1.0	-1.0	-1	-1.0	-1.0	1.0	-1.0	-1.0	1.0																						0.0				-0.04	-0.04	0.72	-0.03	-0.03	0.54		0.72	0.01	0.01	131.29					1	-0.04	-0.04	0.57	-0.03	-0.03	0.47	0.57	0.01	0.01	92.1					0.04	0.04	-0.41	0.03	0.03	-0.24	-0.41	0.0	0.0	135.05					0.04	0.04	-0.41	0.03	0.03	-0.24	-0.41	0.0	0.0	135.05					0.0	0.0	0.0	0.0	0.0	0.0	0.0	0.0	0.0					
2020-03-31 07:00:00	7700	1.41	1.3	1.37	1.33	1.33	RAD.MI	1.75	1.81	1.66	1.7	2.22	1.65	-1.0	-1.0	-1.0	-1	-1.0	-1.0	1.0	-1.0	-1.0	1.0																						0.0				-0.0	-0.0	0.72	-0.0	-0.0	0.54		0.72	0.01	0.01	131.29					1	-0.0	-0.0	0.57	-0.0	-0.0	0.47	0.57	0.01	0.01	92.1					0.0	0.0	-0.41	0.0	0.0	-0.24	-0.41	0.0	0.0	135.05					0.0	0.0	-0.41	0.0	0.0	-0.24	-0.41	0.0	0.0	135.05					0.0	0.0	0.0	0.0	0.0	0.0	0.0	0.0	0.0					
2020-04-01 07:00:00	37950	1.58	1.27	1.3	1.58	1.58	RAD.MI	1.72	2.09	1.68	2.09	2.22	1.65	-1.0	-1.0	-1.0	-1	-1.0	-1.0	1.0	-1.0	-1.0	1.0																						0.0				-0.25	-0.25	0.47	-0.19	-0.17	0.3		0.47	0.01	0.01	91.27					1	-0.25	-0.25	0.32	-0.19	-0.17	0.24	0.32	0.01	0.01	63.89					0.25	0.25	-0.16	0.19	0.17	-0.09	-0.16	0.0	0.0	152.32					0.25	0.25	-0.16	0.19	0.17	-0.09	-0.16	0.0	0.0	152.32					0.0	0.0	0.0	0.0	0.0	0.0	0.0	0.0	0.0					
2020-04-02 07:00:00	82500	1.76	1.54	1.62	1.58	1.58	RAD.MI	2.1	2.28	2.0	2.05	2.28	1.65	1.0	1.0	1.0	0	-1.0	-1.0	1.0	-1.0	-1.0	1.0																						0.0				-0.0	-0.0	0.47	-0.0	-0.0	0.3		0.47	0.01	0.01	91.27					1	-0.0	-0.0	0.32	-0.0	-0.0	0.24	0.32	0.01	0.01	67.07					0.0	0.0	-0.16	0.0	0.0	-0.09	-0.16	0.0	0.0	152.32					0.0	0.0	-0.16	0.0	0.0	-0.09	-0.16	0.0	0.0	152.32					0.0	0.0	0.0	0.0	0.0	0.0	0.0	0.0	0.0					
2020-04-03 07:00:00	67650	1.76	1.59	1.63	1.62	1.62	RAD.MI	2.17	2.35	2.12	2.16	2.35	1.65	1.0	1.0	1.0	0	-1.0	-1.0	1.0	-1.0	-1.0	1.0	1.76		1.76		1.76			1.59	-1.0			1.76	2.35		2.35		2.35					-1.0			2.35	0.04	0.04	0.51	0.03	0.03	0.33	1.76	0.51	0.01	0.01	91.82					1	0.0	0.0	0.32	0.0	0.0	0.24	0.32	0.01	0.01	66.87					0.04	0.04	-0.12	0.03	0.03	-0.07	-0.12	0.0	0.0	153.7					0.04	0.04	-0.12	0.03	0.03	-0.07	-0.12	0.0	0.0	153.7					0.0	0.0	0.0	0.0	0.0	0.0	0.0	0.0	0.0					
2020-04-06 07:00:00	36850	1.71	1.57	1.58	1.63	1.63	RAD.MI	2.02	2.19	2.01	2.09	2.35	1.65	1.0	1.0	1.0	0	-1.0	-1.0	1.0	-1.0	-1.0	1.0									-1.0			1.76										-1.0			2.35	0.01	0.01	0.52	0.01	0.01	0.34	1.76	0.52	0.01	0.01	91.96					1	0.0	0.0	0.32	0.0	0.0	0.24	0.32	0.01	0.01	66.46					0.01	0.01	-0.11	0.01	0.01	-0.06	-0.11	0.0	0.0	154.02					0.01	0.01	-0.11	0.01	0.01	-0.06	-0.11	0.0	0.0	154.02					-0.009999999999999787	-0.009999999999999787	-0.009999999999999787	-0.006172839506172645	-0.006153865574378066	-0.006134969325153228	-0.009999999999999787	-6.153865574378071e-07	-6.154053039386653e-07	-inf				
2020-04-07 07:00:00	25300	1.6	1.53	1.55	1.58	1.58	RAD.MI	1.94	2.01	1.92	1.98	2.35	1.65	1.0	1.0	1.0	0	-1.0	-1.0	1.0	-1.0	-1.0	1.0									-1.0			1.76										-1.0			2.35	-0.05	-0.05	0.47	-0.03	-0.03	0.3	1.76	0.47	0.01	0.01	84.74					1	-0.0	-0.0	0.32	-0.0	-0.0	0.24	0.32	0.01	0.01	70.82					-0.05	-0.05	-0.16	-0.03	-0.03	-0.09	-0.16	0.0	0.0	139.76					-0.05	-0.05	-0.16	-0.03	-0.03	-0.09	-0.16	0.0	0.0	139.76					0.04999999999999982	0.04999999999999982	0.040000000000000036	0.030674846625766805	0.031155167779795462	0.025316455696202667	0.040000000000000036	0.0003078207744625373	0.00030782008548446704	16055.351826863543				
2020-04-08 07:00:00	26400	1.59	1.47	1.52	1.59	1.59	RAD.MI	1.91	2.0	1.85	2.0	2.35	1.65	1.0	1.0	1.0	0	-1.0	-1.0	1.0	-1.0	-1.0	1.0		1.47							-1.0			1.76		1.85								-1.0			2.35	0.01	0.01	0.48	0.01	0.01	0.31	1.76	0.48	0.01	0.01	84.88					1	0.0	0.0	0.32	0.0	0.0	0.24	0.32	0.01	0.01	70.3					0.01	0.01	-0.15	0.01	0.01	-0.09	-0.15	0.0	0.0	140.1					0.01	0.01	-0.15	0.01	0.01	-0.09	-0.15	0.0	0.0	140.1					-0.010000000000000009	-0.010000000000000009	0.030000000000000027	-0.006329113924050667	-0.006309169193264756	0.018867924528301883	0.030000000000000027	0.00030282803728846696	0.0003028261728361681	7799.058551443865				
2020-04-09 07:00:00	23100	1.68	1.55	1.6	1.59	1.59	RAD.MI	1.98	2.08	1.92	1.97	2.35	1.65	1.0	1.0	1.0	0	-1.0	-1.0	1.0	-1.0	-1.0	1.0	1.68								-1.0			1.76	2.08									-1.0			2.35	0.0	0.0	0.48	0.0	0.0	0.31	1.76	0.48	0.01	0.01	84.88					1	0.0	0.0	0.32	0.0	0.0	0.24	0.32	0.01	0.01	69.98					0.0	0.0	-0.15	0.0	0.0	-0.09	-0.15	0.0	0.0	140.1					0.0	0.0	-0.15	0.0	0.0	-0.09	-0.15	0.0	0.0	140.1					-0.0	-0.0	0.030000000000000027	-0.0	-0.0	0.018867924528301883	0.030000000000000027	0.00030282803728846696	0.0003028261728361681	7799.058551443865				
2020-04-14 07:00:00	12100	1.55	1.5	1.55	1.54	1.54	RAD.MI	1.93	1.93	1.87	1.92	2.35	1.65	1.0	1.0	1.0	0	-1.0	-1.0	1.0	-1.0	-1.0	1.0									-1.0			1.76		1.87								-1.0			2.35	-0.05	-0.05	0.43	-0.03	-0.03	0.26	1.76	0.43	0.01	0.01	78.07					1	-0.0	-0.0	0.32	-0.0	-0.0	0.24	0.32	0.01	0.01	69.17					-0.05	-0.05	-0.2	-0.03	-0.03	-0.11	-0.2	0.0	0.0	126.97					-0.05	-0.05	-0.2	-0.03	-0.03	-0.11	-0.2	0.0	0.0	126.97					0.050000000000000044	0.050000000000000044	0.08000000000000007	0.03144654088050314	0.03195159980660236	0.051948051948051965	0.08000000000000007	0.0006159537153931702	0.0006159481195542327	7831.561036979734				
2020-04-15 07:00:00	7700	1.51	1.47	1.51	1.47	1.47	RAD.MI	1.97	1.97	1.92	1.92	2.35	1.65	1.0	1.0	1.0	0	-1.0	-1.0	1.0	-1.0	-1.0	1.0									-1.0			1.76	1.97									-1.0			2.35	-0.07	-0.07	0.36	-0.05	-0.05	0.21	1.76	0.36	0.01	0.01	70.0					1	-0.0	-0.0	0.32	-0.0	-0.0	0.24	0.32	0.01	0.01	76.34					-0.07	-0.07	-0.27	-0.05	-0.05	-0.16	-0.27	0.0	0.0	111.6					-0.07	-0.07	-0.27	-0.05	-0.05	-0.16	-0.27	0.0	0.0	111.6					0.07000000000000006	0.07000000000000006	0.15000000000000013	0.045454545454545525	0.04652001563489293	0.10204081632653073	0.15000000000000013	0.0010718498686151207	0.0010718352650507246	7845.00964207935				
2020-04-16 07:00:00	12650	1.46	1.37	1.46	1.39	1.39	RAD.MI	1.9	1.9	1.78	1.81	2.35	1.65	1.0	1.0	1.0	0	-1.0	-1.0	1.0	-1.0	-1.0	1.0		1.37							-1.0			1.76										-1.0			2.35	-0.08	-0.08	0.28	-0.05	-0.06	0.14	1.76	0.28	0.01	0.01	61.74					1	-0.0	-0.0	0.32	-0.0	-0.0	0.24	0.32	0.01	0.01	76.0					-0.08	-0.08	-0.35	-0.05	-0.06	-0.2	-0.35	0.0	0.0	96.27					-0.08	-0.08	-0.35	-0.05	-0.06	-0.2	-0.35	0.0	0.0	96.27					0.08000000000000007	0.08000000000000007	0.2300000000000002	0.054421768707483054	0.05595865364804461	0.16546762589928088	0.2300000000000002	0.001620244674365958	0.001620213622055111	7851.1750021237585				
2020-04-17 07:00:00	9900	1.47	1.4	1.4	1.41	1.41	RAD.MI	1.79	1.88	1.79	1.81	2.35	1.65	1.0	1.0	1.0	0	-1.0	-1.0	1.0	-1.0	-1.0	1.0	1.47								-1.0			1.76										-1.0			2.35	0.02	0.02	0.3	0.01	0.01	0.16	1.76	0.3	0.01	0.01	62.1					1	0.0	0.0	0.32	0.0	0.0	0.24	0.32	0.01	0.01	75.64					0.02	0.02	-0.33	0.01	0.01	-0.19	-0.33	0.0	0.0	97.22					0.02	0.02	-0.33	0.01	0.01	-0.19	-0.33	0.0	0.0	97.22					-0.020000000000000018	-0.020000000000000018	0.2100000000000002	-0.014388489208633004	-0.014285957247476434	0.14893617021276628	0.2100000000000002	0.0015981540400280172	0.0015981002370188957	3608.187334236494				
2020-04-20 07:00:00	15400	1.45	1.36	1.41	1.45	1.45	RAD.MI	1.8	1.86	1.74	1.86	2.35	1.65	1.0	1.0	1.0	0	-1.0	-1.0	1.0	-1.0	-1.0	1.0		1.36							-1.0			1.76		1.74								-1.0			2.35	0.04	0.04	0.34	0.03	0.03	0.19	1.76	0.34	0.01	0.01	62.76					1	0.0	0.0	0.32	0.0	0.0	0.24	0.32	0.01	0.01	82.05					0.04	0.04	-0.29	0.03	0.03	-0.17	-0.29	0.0	0.0	98.93					0.04	0.04	-0.29	0.03	0.03	-0.17	-0.29	0.0	0.0	98.93					-0.040000000000000036	-0.040000000000000036	0.17000000000000015	-0.028368794326241176	-0.027973852042406162	0.11724137931034506	0.17000000000000015	0.0015677310563226093	0.001567637887850415	1730.1380721525431				
2020-04-21 07:00:00	6050	1.47	1.43	1.45	1.43	1.43	RAD.MI	1.92	1.95	1.9	1.9	2.35	1.65	1.0	1.0	1.0	0	-1.0	-1.0	1.0	-1.0	-1.0	1.0	1.47								-1.0			1.76	1.95									-1.0			2.35	-0.02	-0.02	0.32	-0.01	-0.01	0.17	1.76	0.32	0.01	0.01	59.29					1	-0.0	-0.0	0.32	-0.0	-0.0	0.24	0.32	0.01	0.01	81.21					-0.02	-0.02	-0.31	-0.01	-0.01	-0.18	-0.31	0.0	0.0	92.89					-0.02	-0.02	-0.31	-0.01	-0.01	-0.18	-0.31	0.0	0.0	92.89					0.020000000000000018	0.020000000000000018	0.19000000000000017	0.01379310344827589	0.01388911216066715	0.13286713286713314	0.19000000000000017	0.0017010665330650138	0.001700961251931199	1732.0075032699467				
2020-04-22 07:00:00	2200	1.44	1.43	1.43	1.43	1.43	RAD.MI	1.86	1.88	1.86	1.86	2.35	1.65	1.0	1.0	1.0	0	-1.0	-1.0	1.0	-1.0	-1.0	1.0									-1.0			1.76										-1.0			2.35	0.0	0.0	0.32	0.0	0.0	0.17	1.76	0.32	0.01	0.01	59.29					1	0.0	0.0	0.32	0.0	0.0	0.24	0.32	0.01	0.01	84.41					0.0	0.0	-0.31	0.0	0.0	-0.18	-0.31	0.0	0.0	92.89					0.0	0.0	-0.31	0.0	0.0	-0.18	-0.31	0.0	0.0	92.89					-0.0	-0.0	0.19000000000000017	-0.0	-0.0	0.13286713286713314	0.19000000000000017	0.0017010665330650138	0.001700961251931199	1732.0075032699467				
2020-04-23 07:00:00	11000	1.45	1.4	1.43	1.4	1.4	RAD.MI	1.84	1.86	1.8	1.8	2.35	1.65	1.0	1.0	1.0	0	-1.0	-1.0	1.0	-1.0	-1.0	1.0									-1.0			1.76										-1.0			2.35	-0.03	-0.03	0.29	-0.02	-0.02	0.15	1.76	0.29	0.01	0.01	55.22					1	-0.0	-0.0	0.32	-0.0	-0.0	0.24	0.32	0.01	0.01	84.29					-0.03	-0.03	-0.34	-0.02	-0.02	-0.2	-0.34	0.0	0.0	85.77					-0.03	-0.03	-0.34	-0.02	-0.02	-0.2	-0.34	0.0	0.0	85.77					0.030000000000000027	0.030000000000000027	0.2200000000000002	0.020979020979021046	0.02120220765060305	0.15714285714285747	0.2200000000000002	0.0019046077265108031	0.0019044825292053869	1734.3622333453613				
2020-04-24 07:00:00	1100	1.4	1.4	1.4	1.4	1.4	RAD.MI	1.81	1.81	1.81	1.81	2.35	1.65	1.0	1.0	1.0	0	-1.0	-1.0	1.0	-1.0	-1.0	1.0									-1.0			1.76										-1.0			2.35	0.0	0.0	0.29	0.0	0.0	0.15	1.76	0.29	0.01	0.01	55.22					1	0.0	0.0	0.32	0.0	0.0	0.24	0.32	0.01	0.01	84.29					0.0	0.0	-0.34	0.0	0.0	-0.2	-0.34	0.0	0.0	85.77					0.0	0.0	-0.34	0.0	0.0	-0.2	-0.34	0.0	0.0	85.77					-0.0	-0.0	0.2200000000000002	-0.0	-0.0	0.15714285714285747	0.2200000000000002	0.0019046077265108031	0.0019044825292053869	1734.3622333453613				
2020-04-27 07:00:00	11000	1.41	1.3	1.38	1.41	1.41	RAD.MI	1.73	1.77	1.63	1.77	2.35	1.63	-1.0	-1.0	-1.0	0	-1.0	-1.0	1.0	-1.0	-1.0	1.0		1.3		1.3					-1.0			1.76		1.63		1.63						-1.0			2.35	0.01	0.01	0.3	0.01	0.01	0.16	1.76	0.3	0.01	0.01	55.4					1	0.0	0.0	0.32	0.0	0.0	0.24	0.32	0.01	0.01	89.02					0.01	0.01	-0.33	0.01	0.01	-0.19	-0.33	0.0	0.0	86.23					0.01	0.01	-0.33	0.01	0.01	-0.19	-0.33	0.0	0.0	86.23					-0.010000000000000009	-0.010000000000000009	0.2100000000000002	-0.0071428571428571175	-0.007117467768863955	0.14893617021276628	0.2100000000000002	0.0018755090325525581	0.001875345408015594	1511.2990726851558				
2020-04-28 07:00:00	0	1.41	1.41	1.41	1.41	1.41	RAD.MI	1.74	1.74	1.74	1.74	2.35	1.63	-1.0	-1.0	-1.0	0	-1.0	-1.0	1.0	-1.0	-1.0	1.0									-1.0			1.76										-1.0			2.35	-0.0	-0.0	0.3	-0.0	-0.0	0.16	1.76	0.3	0.01	0.01	55.4					1	0.0	0.0	0.32	0.0	0.0	0.24	0.32	0.01	0.01	88.55					0.0	0.0	-0.33	0.0	0.0	-0.19	-0.33	0.0	0.0	86.23					0.0	0.0	-0.33	0.0	0.0	-0.19	-0.33	0.0	0.0	86.23					-0.0	-0.0	0.2100000000000002	-0.0	-0.0	0.14893617021276628	0.2100000000000002	0.0018755090325525581	0.001875345408015594	1511.2990726851558				
2020-04-29 07:00:00	31900	1.55	1.41	1.41	1.53	1.53	RAD.MI	1.7	1.87	1.7	1.85	2.35	1.63	-1.0	-1.0	-1.0	0	-1.0	-1.0	1.0	-1.0	-1.0	1.0	1.55		1.55						-1.0			1.76										-1.0			2.35	-0.12	-0.12	0.18	-0.09	-0.08	0.07	1.76	0.18	0.0	0.0	46.65					1	0.0	0.0	0.32	0.0	0.0	0.24	0.32	0.01	0.01	88.55					0.12	0.12	-0.21	0.09	0.08	-0.12	-0.21	0.0	0.0	90.72					0.12	0.12	-0.21	0.09	0.08	-0.12	-0.21	0.0	0.0	90.72					-0.1200000000000001	-0.1200000000000001	0.09000000000000008	-0.08510638297872353	-0.0816780310142673	0.05882352941176494	0.09000000000000008	0.0018002505070932981	0.001799916347525743	625.0697148288682				
2020-04-30 07:00:00	42900	1.55	1.44	1.54	1.45	1.45	RAD.MI	1.9	1.91	1.78	1.79	2.35	1.63	-1.0	-1.0	-1.0	0	-1.0	-1.0	1.0	-1.0	-1.0	1.0									-1.0			1.76										-1.0			2.35	0.08	0.08	0.26	0.05	0.05	0.13	1.76	0.26	0.01	0.01	47.96					1	-0.0	-0.0	0.32	-0.0	-0.0	0.24	0.32	0.01	0.01	88.17					-0.08	-0.08	-0.29	-0.05	-0.05	-0.17	-0.29	0.0	0.0	79.39					-0.08	-0.08	-0.29	-0.05	-0.05	-0.17	-0.29	0.0	0.0	79.39					0.08000000000000007	0.08000000000000007	0.17000000000000015	0.05228758169934644	0.0537041789718611	0.11724137931034506	0.17000000000000015	0.002305069789428792	0.0023046233027383956	631.3818704584211				
2020-05-04 07:00:00	3850	1.46	1.44	1.44	1.46	1.46	RAD.MI	1.85	1.87	1.85	1.87	2.35	1.63	-1.0	-1.0	-1.0	0	-1.0	-1.0	1.0	-1.0	-1.0	1.0		1.44							-1.0			1.76	1.87									-1.0			2.35	-0.01	-0.01	0.25	-0.01	-0.01	0.12	1.76	0.25	0.0	0.0	45.53					1	0.0	0.0	0.32	0.0	0.0	0.24	0.32	0.01	0.01	87.91					0.01	0.01	-0.28	0.01	0.01	-0.16	-0.28	0.0	0.0	79.73					0.01	0.01	-0.28	0.01	0.01	-0.16	-0.28	0.0	0.0	79.73					-0.010000000000000009	-0.010000000000000009	0.16000000000000014	-0.006896551724137945	-0.0068728792877620504	0.10958904109589063	0.16000000000000014	0.002260468846078047	0.0022599355126304843	590.8693696621098				
2020-05-05 07:00:00	0	1.46	1.46	1.46	1.46	1.46	RAD.MI	1.83	1.83	1.83	1.83	2.35	1.63	-1.0	-1.0	-1.0	0	-1.0	-1.0	1.0	-1.0	-1.0	1.0	1.46								-1.0			1.76										-1.0			2.35	-0.0	-0.0	0.25	-0.0	-0.0	0.12	1.76	0.25	0.0	0.0	45.53					1	0.0	0.0	0.32	0.0	0.0	0.24	0.32	0.01	0.01	92.1					0.0	0.0	-0.28	0.0	0.0	-0.16	-0.28	0.0	0.0	79.73					0.0	0.0	-0.28	0.0	0.0	-0.16	-0.28	0.0	0.0	79.73					-0.0	-0.0	0.16000000000000014	-0.0	-0.0	0.10958904109589063	0.16000000000000014	0.002260468846078047	0.0022599355126304843	590.8693696621098				
2020-05-06 07:00:00	4400	1.43	1.42	1.42	1.43	1.43	RAD.MI	1.81	1.82	1.81	1.82	2.35	1.63	-1.0	-1.0	-1.0	0	-1.0	-1.0	1.0	-1.0	-1.0	1.0		1.42							-1.0			1.76		1.81								-1.0			2.35	0.03	0.03	0.28	0.02	0.02	0.14	1.71	0.28	0.01	0.01	46.02					1	-0.0	-0.0	0.32	-0.0	-0.0	0.24	0.32	0.01	0.01	91.84					-0.03	-0.03	-0.31	-0.02	-0.02	-0.18	-0.31	0.0	0.0	73.89					-0.03	-0.03	-0.31	-0.02	-0.02	-0.18	-0.31	0.0	0.0	73.89					0.030000000000000027	0.030000000000000027	0.19000000000000017	0.020547945205479423	0.020761991448429128	0.13286713286713314	0.19000000000000017	0.0024535553665484375	0.0024529659609247023	592.9458323624531				
2020-05-07 07:00:00	7150	1.53	1.45	1.45	1.45	1.45	RAD.MI	1.84	1.94	1.84	1.84	2.35	1.63	-1.0	-1.0	-1.0	0	-1.0	-1.0	1.0	-1.0	-1.0	1.0	1.53								-1.0			1.76	1.94		1.94							-1.0			2.35	-0.02	-0.02	0.26	-0.01	-0.01	0.13	1.68	0.26	0.0	0.0	43.13					1	0.0	0.0	0.32	0.0	0.0	0.24	0.32	0.01	0.01	91.84					0.02	0.02	-0.29	0.01	0.01	-0.17	-0.29	0.0	0.0	74.59					0.02	0.02	-0.29	0.01	0.01	-0.17	-0.29	0.0	0.0	74.59					-0.020000000000000018	-0.020000000000000018	0.17000000000000015	-0.013986013986013957	-0.013889112160667093	0.11724137931034506	0.17000000000000015	0.002399890661896972	0.0023991800363305504	530.9425419877862				
2020-05-08 07:00:00	0	1.45	1.45	1.45	1.45	1.45	RAD.MI	1.82	1.82	1.82	1.82	2.35	1.63	-1.0	-1.0	-1.0	0	-1.0	-1.0	1.0	-1.0	-1.0	1.0									-1.0			1.76										-1.0			2.35	-0.0	-0.0	0.26	-0.0	-0.0	0.13	1.68	0.26	0.0	0.0	43.13					1	0.0	0.0	0.32	0.0	0.0	0.24	0.32	0.01	0.01	91.31					0.0	0.0	-0.29	0.0	0.0	-0.17	-0.29	0.0	0.0	74.59					0.0	0.0	-0.29	0.0	0.0	-0.17	-0.29	0.0	0.0	74.59					-0.0	-0.0	0.17000000000000015	-0.0	-0.0	0.11724137931034506	0.17000000000000015	0.002399890661896972	0.0023991800363305504	530.9425419877862				
2020-05-11 07:00:00	4950	1.45	1.44	1.45	1.44	1.44	RAD.MI	1.82	1.82	1.81	1.81	2.35	1.63	-1.0	-1.0	-1.0	0	-1.0	-1.0	1.0	-1.0	-1.0	1.0									-1.0			1.76										-1.0			2.35	0.01	0.01	0.27	0.01	0.01	0.13	1.68	0.27	0.0	0.0	43.29					1	-0.0	-0.0	0.32	-0.0	-0.0	0.24	0.32	0.01	0.01	91.04					-0.01	-0.01	-0.3	-0.01	-0.01	-0.17	-0.3	0.0	0.0	70.75					-0.01	-0.01	-0.3	-0.01	-0.01	-0.17	-0.3	0.0	0.0	70.75					0.010000000000000009	0.010000000000000009	0.18000000000000016	0.006896551724137945	0.006920442844573795	0.12500000000000044	0.18000000000000016	0.0024635587360670517	0.0024628255693126544	531.6559185385755				
2020-05-12 07:00:00	0	1.44	1.44	1.44	1.44	1.44	RAD.MI	1.79	1.79	1.79	1.79	2.35	1.63	-1.0	-1.0	-1.0	0	-1.0	-1.0	1.0	-1.0	-1.0	1.0									-1.0			1.76										-1.0			2.35	-0.0	-0.0	0.27	-0.0	-0.0	0.13	1.55	0.27	0.0	0.0	43.29					1	0.0	0.0	0.32	0.0	0.0	0.24	0.32	0.01	0.01	95.4					0.0	0.0	-0.3	0.0	0.0	-0.17	-0.3	0.0	0.0	70.75					0.0	0.0	-0.3	0.0	0.0	-0.17	-0.3	0.0	0.0	70.75					-0.0	-0.0	0.18000000000000016	-0.0	-0.0	0.12500000000000044	0.18000000000000016	0.0024635587360670517	0.0024628255693126544	531.6559185385755				
2020-05-13 07:00:00	23100	1.42	1.38	1.42	1.38	1.38	RAD.MI	1.8	1.8	1.75	1.75	2.35	1.63	-1.0	-1.0	-1.0	0	-1.0	-1.0	1.0	-1.0	-1.0	1.0									-1.0			1.76										-1.0			2.35	0.06	0.06	0.33	0.04	0.04	0.18	1.55	0.33	0.01	0.01	44.26					1	-0.0	-0.0	0.32	-0.0	-0.0	0.24	0.32	0.01	0.01	100.76					-0.06	-0.06	-0.36	-0.04	-0.04	-0.21	-0.36	0.0	0.0	62.68					-0.06	-0.06	-0.36	-0.04	-0.04	-0.21	-0.36	0.0	0.0	62.68					0.06000000000000005	0.06000000000000005	0.2400000000000002	0.04166666666666674	0.04255961441879601	0.17391304347826142	0.2400000000000002	0.0028551071887199745	0.0028542276732774763	535.3743665622266				
2020-05-14 07:00:00	8800	1.36	1.29	1.36	1.29	1.29	RAD.MI	1.76	1.76	1.67	1.67	2.35	1.63	-1.0	-1.0	-1.0	-1	-1.0	-1.0	1.0	-1.0	-1.0	1.0									-1.0			1.76										-1.0			2.35	0.09	0.09	0.42	0.07	0.07	0.27	1.55	0.42	0.01	0.01	45.66					1	-0.0	-0.0	0.32	-0.0	-0.0	0.24	0.32	0.01	0.01	100.76					-0.09	-0.09	-0.45	-0.07	-0.07	-0.26	-0.45	0.0	0.0	52.75					-0.09	-0.09	-0.45	-0.07	-0.07	-0.26	-0.45	0.0	0.0	52.75					0.08999999999999986	0.08999999999999986	0.33000000000000007	0.06521739130434778	0.06744128079553253	0.25581395348837255	0.33000000000000007	0.0034755669720388737	0.0034744283488845618	539.6135213076434				
2020-05-15 07:00:00	550	1.3	1.3	1.3	1.3	1.3	RAD.MI	1.68	1.68	1.68	1.68	2.35	1.63	-1.0	-1.0	-1.0	-1	-1.0	-1.0	1.0	-1.0	-1.0	1.0		1.3		1.3					-1.0			1.76										-1.0			2.35	-0.01	-0.01	0.41	-0.01	-0.01	0.26	1.55	0.41	0.01	0.01	43.33					1	-0.01	-0.01	0.31	-0.01	-0.01	0.23	0.31	0.01	0.01	96.09					0.01	0.01	-0.44	0.01	0.01	-0.25	-0.44	0.0	0.0	53.19					0.01	0.01	-0.44	0.01	0.01	-0.25	-0.44	0.0	0.0	53.19					-0.010000000000000009	-0.010000000000000009	0.32000000000000006	-0.007751937984496138	-0.0077220460939103185	0.2461538461538466	0.32000000000000006	0.0034129826706094657	0.003411680186292898	506.1070251939401				
2020-05-18 07:00:00	2750	1.33	1.32	1.32	1.33	1.33	RAD.MI	1.66	1.67	1.66	1.67	2.35	1.63	-1.0	-1.0	-1.0	-1	-1.0	-1.0	1.0	-1.0	-1.0	1.0	1.33								-1.0			1.76		1.66								-1.0			2.35	-0.03	-0.03	0.38	-0.02	-0.02	0.23	1.55	0.38	0.01	0.01	40.04					1	-0.03	-0.03	0.28	-0.02	-0.02	0.2	0.28	0.01	0.01	93.72					0.03	0.03	-0.41	0.02	0.02	-0.24	-0.41	0.0	0.0	54.43					0.03	0.03	-0.41	0.02	0.02	-0.24	-0.41	0.0	0.0	54.43					-0.030000000000000027	-0.030000000000000027	0.29000000000000004	-0.023076923076922995	-0.022814677766171264	0.21804511278195537	0.29000000000000004	0.0033337613282890155	0.0033322117072991375	436.4658440266572				
2020-05-19 07:00:00	2200	1.33	1.32	1.33	1.32	1.32	RAD.MI	1.7	1.7	1.69	1.69	2.35	1.63	-1.0	-1.0	-1.0	-1	-1.0	-1.0	1.0	-1.0	-1.0	1.0		1.32							-1.0			1.76										-1.0			2.35	0.01	0.01	0.39	0.01	0.01	0.24	1.55	0.39	0.01	0.01	40.19					1	0.01	0.01	0.29	0.01	0.01	0.21	0.29	0.01	0.01	93.66					-0.01	-0.01	-0.42	-0.01	-0.01	-0.24	-0.42	0.0	0.0	51.02					-0.01	-0.01	-0.42	-0.01	-0.01	-0.24	-0.42	0.0	0.0	51.02					0.010000000000000009	0.010000000000000009	0.30000000000000004	0.007518796992481258	0.007547205635382966	0.22727272727272796	0.30000000000000004	0.003401686179007462	0.003400096489862392	436.94755992177244				
2020-05-20 07:00:00	550	1.36	1.36	1.36	1.36	1.36	RAD.MI	1.73	1.73	1.73	1.73	2.35	1.63	-1.0	-1.0	-1.0	-1	-1.0	-1.0	1.0	-1.0	-1.0	1.0	1.36								-1.0			1.76	1.73									-1.0			2.35	-0.04	-0.04	0.35	-0.03	-0.03	0.2	1.55	0.35	0.0	0.0	36.59					1	-0.04	-0.04	0.25	-0.03	-0.03	0.17	0.25	0.01	0.01	85.99					0.04	0.04	-0.38	0.03	0.03	-0.22	-0.38	0.0	0.0	52.58					0.04	0.04	-0.38	0.03	0.03	-0.22	-0.38	0.0	0.0	52.58					-0.040000000000000036	-0.040000000000000036	0.26	-0.030303030303030276	-0.02985296314968113	0.19117647058823595	0.26	0.003309405066648378	0.003307497467235576	368.60978093003695				
2020-05-21 07:00:00	1100	1.31	1.31	1.31	1.31	1.31	RAD.MI	1.67	1.67	1.67	1.67	2.35	1.63	-1.0	-1.0	-1.0	-1	-1.0	-1.0	1.0	-1.0	-1.0	1.0		1.31	1.31						-1.0			1.76		1.67								-1.0			2.35	0.05	0.05	0.4	0.04	0.04	0.25	1.55	0.4	0.01	0.01	37.37					1	0.05	0.05	0.3	0.04	0.04	0.22	0.3	0.01	0.01	87.08					-0.05	-0.05	-0.43	-0.04	-0.04	-0.25	-0.43	0.0	0.0	46.63					-0.05	-0.05	-0.43	-0.04	-0.04	-0.25	-0.43	0.0	0.0	46.63					0.050000000000000044	0.050000000000000044	0.31000000000000005	0.03676470588235292	0.03745756253490044	0.2366412213740463	0.31000000000000005	0.0036427773732089917	0.003640634286547373	370.9688693283667				
2020-05-22 07:00:00	3850	1.35	1.31	1.31	1.35	1.35	RAD.MI	1.65	1.7	1.65	1.7	2.35	1.63	-1.0	-1.0	-1.0	-1	-1.0	-1.0	1.0	1.0	-1.0	-1.0									-1.0			1.76	1.7									-1.0			2.35	-0.04	-0.04	0.36	-0.03	-0.03	0.21	1.55	0.36	0.01	0.01	37.02					1	-0.04	-0.04	0.26	-0.03	-0.03	0.18	0.26	0.01	0.01	86.13					0.04	0.04	-0.39	0.03	0.03	-0.22	-0.39	0.0	0.0	48.13					0.04	0.04	-0.39	0.03	0.03	-0.22	-0.39	0.0	0.0	48.13					-0.040000000000000036	-0.040000000000000036	0.27	-0.03053435114503822	-0.030077455237277954	0.20000000000000062	0.27	0.0035405105214613656	0.003537983542372558	317.98450741605996				
2020-05-25 07:00:00	0	1.35	1.35	1.35	1.35	1.35	RAD.MI	1.68	1.68	1.68	1.68	2.35	1.63	-1.0	-1.0	-1.0	-1	-1.0	-1.0	1.0	1.0	-1.0	-1.0									-1.0			1.76										-1.0			2.35	-0.0	-0.0	0.36	-0.0	-0.0	0.21	1.55	0.36	0.01	0.01	40.17					1	-0.0	-0.0	0.26	-0.0	-0.0	0.18	0.26	0.01	0.01	92.56					0.0	0.0	-0.39	0.0	0.0	-0.22	-0.39	0.0	0.0	48.13					-0.0	-0.0	-0.39	-0.0	-0.0	-0.22	-0.39	0.0	0.0	48.13					-0.0	-0.0	0.27	-0.0	-0.0	0.20000000000000062	0.27	0.0035405105214613656	0.003537983542372558	317.98450741605996				
2020-05-26 07:00:00	1100	1.36	1.36	1.36	1.36	1.36	RAD.MI	1.66	1.66	1.66	1.66	2.35	1.63	-1.0	-1.0	-1.0	-1	-1.0	-1.0	1.0	-1.0	-1.0	1.0	1.36								-1.0			1.76										-1.0			2.35	-0.01	-0.01	0.35	-0.01	-0.01	0.2	1.55	0.35	0.0	0.0	37.6					1	-0.01	-0.01	0.25	-0.01	-0.01	0.17	0.25	0.01	0.01	88.2					0.01	0.01	-0.38	0.01	0.01	-0.22	-0.38	0.0	0.0	48.48					-0.01	-0.01	-0.4	-0.01	-0.01	-0.23	-0.4	0.0	0.0	45.01					-0.010000000000000009	-0.010000000000000009	0.26	-0.007407407407407307	-0.00738010729762246	0.19117647058823595	0.26	0.0034617347309878355	0.003458970163975339	302.155861421579				
2020-05-27 07:00:00	0	1.36	1.36	1.36	1.36	1.36	RAD.MI	1.66	1.66	1.66	1.66	2.35	1.63	-1.0	-1.0	-1.0	-1	-1.0	-1.0	1.0	-1.0	-1.0	1.0									-1.0			1.76										-1.0			2.35	-0.0	-0.0	0.35	-0.0	-0.0	0.2	1.55	0.35	0.01	0.01	40.52					1	-0.0	-0.0	0.25	-0.0	-0.0	0.17	0.25	0.01	0.01	94.03					0.0	0.0	-0.38	0.0	0.0	-0.22	-0.38	0.0	0.0	48.48					0.0	0.0	-0.4	0.0	0.0	-0.23	-0.4	0.0	0.0	45.01					-0.0	-0.0	0.26	-0.0	-0.0	0.19117647058823595	0.26	0.0034617347309878355	0.003458970163975339	302.155861421579				
2020-05-28 07:00:00	1650	1.31	1.31	1.31	1.31	1.31	RAD.MI	1.56	1.56	1.56	1.56	2.35	1.56	-1.0	-1.0	-1.0	-1	-1.0	-1.0	1.0	-1.0	-1.0	1.0		1.31							-1.0			1.76		1.56								-1.0			2.35	0.05	0.05	0.4	0.04	0.04	0.25	1.55	0.4	0.01	0.01	40.89					1	0.05	0.05	0.3	0.04	0.04	0.22	0.3	0.01	0.01	94.53					-0.05	-0.05	-0.43	-0.04	-0.04	-0.25	-0.43	0.0	0.0	42.94					-0.05	-0.05	-0.45	-0.04	-0.04	-0.26	-0.45	0.0	0.0	39.55					0.050000000000000044	0.050000000000000044	0.31000000000000005	0.03676470588235292	0.03745756253490044	0.23664122137404653	0.31000000000000005	0.0037876155250414698	0.0037845472473223563	304.50372181482413				
2020-05-29 07:00:00	2750	1.35	1.35	1.35	1.35	1.35	RAD.MI	1.62	1.62	1.62	1.62	2.35	1.56	-1.0	-1.0	-1.0	-1	-1.0	-1.0	1.0	-1.0	-1.0	1.0	1.35								-1.0			1.76	1.62									-1.0			2.35	-0.04	-0.04	0.36	-0.03	-0.03	0.21	1.53	0.36	0.01	0.0	37.2					1	-0.04	-0.04	0.26	-0.03	-0.03	0.18	0.26	0.01	0.01	86.76					0.04	0.04	-0.39	0.03	0.03	-0.22	-0.39	0.0	0.0	44.36					0.04	0.04	-0.41	0.03	0.03	-0.24	-0.41	0.0	0.0	41.05					-0.040000000000000036	-0.040000000000000036	0.27	-0.03053435114503822	-0.030077455237277954	0.20000000000000062	0.27	0.0036718416697394075	0.0036683026055690515	264.8107959144364				
2020-06-01 07:00:00	1650	1.33	1.3	1.3	1.33	1.33	RAD.MI	1.53	1.57	1.53	1.57	2.35	1.53	-1.0	-1.0	-1.0	-1	-1.0	-1.0	1.0	-1.0	-1.0	1.0		1.3							-1.0			1.76										-1.0			2.35	0.02	0.02	0.38	0.01	0.01	0.23	1.53	0.38	0.01	0.01	39.51					1	0.02	0.02	0.28	0.01	0.01	0.2	0.28	0.01	0.01	90.49					-0.02	-0.02	-0.41	-0.01	-0.01	-0.24	-0.41	0.0	0.0	40.83					-0.02	-0.02	-0.43	-0.01	-0.01	-0.25	-0.43	0.0	0.0	37.56					0.020000000000000018	0.020000000000000018	0.29000000000000004	0.014814814814814836	0.014925650216675706	0.2180451127819556	0.29000000000000004	0.0038002022616028183	0.0037965242773991825	265.71048077228033				
2020-06-02 07:00:00	2200	1.33	1.29	1.29	1.33	1.33	RAD.MI	1.48	1.53	1.48	1.53	2.35	1.48	-1.0	-1.0	-1.0	-1	-1.0	-1.0	1.0	-1.0	-1.0	1.0									-1.0			1.76										-1.0			2.35	-0.0	-0.0	0.38	-0.0	-0.0	0.23	1.53	0.38	0.01	0.01	39.41					1	-0.0	-0.0	0.28	-0.0	-0.0	0.2	0.28	0.01	0.01	90.37					0.0	0.0	-0.41	0.0	0.0	-0.24	-0.41	0.0	0.0	40.83					0.0	0.0	-0.43	0.0	0.0	-0.25	-0.43	0.0	0.0	37.56					-0.0	-0.0	0.29000000000000004	-0.0	-0.0	0.2180451127819556	0.29000000000000004	0.0038002022616028183	0.0037965242773991825	265.71048077228033				
2020-06-03 07:00:00	11000	1.34	1.3	1.31	1.34	1.34	RAD.MI	1.46	1.49	1.45	1.49	2.35	1.45	-1.0	-1.0	-1.0	-1	-1.0	-1.0	1.0	-1.0	-1.0	1.0	1.34			1.3					-1.0			1.76										-1.0			2.35	-0.01	-0.01	0.37	-0.01	-0.01	0.22	1.53	0.37	0.01	0.01	37.25					1	-0.01	-0.01	0.27	-0.01	-0.01	0.19	0.27	0.01	0.01	86.61					0.01	0.01	-0.4	0.01	0.01	-0.23	-0.4	0.0	0.0	41.18					0.01	0.01	-0.42	0.01	0.01	-0.24	-0.42	0.0	0.0	37.93					-0.010000000000000009	-0.010000000000000009	0.28	-0.007518796992481258	-0.007490671729157659	0.20895522388059762	0.28	0.0037108005254938136	0.0037068305625662656	252.97450581070558				
2020-06-04 07:00:00	4400	1.32	1.3	1.32	1.3	1.3	RAD.MI	1.47	1.47	1.45	1.45	2.35	1.45	-1.0	-1.0	-1.0	-1	-1.0	-1.0	1.0	-1.0	-1.0	1.0		1.3							-1.0			1.76		1.45		1.45		1.45				-1.0			2.35	0.04	0.04	0.41	0.03	0.03	0.26	1.45	0.41	0.01	0.01	41.27					1	0.04	0.04	0.31	0.03	0.03	0.23	0.31	0.01	0.01	94.63					-0.04	-0.04	-0.44	-0.03	-0.03	-0.25	-0.44	0.0	0.0	36.65					-0.04	-0.04	-0.46	-0.03	-0.03	-0.26	-0.46	0.0	0.0	33.45					0.040000000000000036	0.040000000000000036	0.32000000000000006	0.02985074626865669	0.030305349495328922	0.2461538461538466	0.32000000000000006	0.003968395996204109	0.003964115760565212	254.76140225815686				
2020-06-05 07:00:00	46200	1.48	1.35	1.35	1.45	1.45	RAD.MI	1.46	1.6	1.46	1.57	2.35	1.45	-1.0	-1.0	-1.0	0	-1.0	-1.0	1.0	-1.0	-1.0	1.0									-1.0			1.76										-1.0			2.35	-0.15	-0.15	0.26	-0.12	-0.11	0.13	1.48	0.26	0.01	0.0	33.39					1	-0.15	-0.15	0.16	-0.12	-0.11	0.1	0.16	0.01	0.01	75.9					0.15	0.15	-0.29	0.12	0.11	-0.17	-0.29	0.0	0.0	41.18					0.15	0.15	-0.31	0.12	0.11	-0.18	-0.31	0.0	0.0	38.25					-0.1499999999999999	-0.1499999999999999	0.17000000000000015	-0.11538461538461542	-0.109199291964992	0.11724137931034528	0.17000000000000015	0.003711731798422405	0.0037059335815889938	174.64812999282225				
2020-06-08 07:00:00	30800	1.54	1.45	1.45	1.53	1.53	RAD.MI	1.57	1.66	1.57	1.65	2.35	1.45	-1.0	-1.0	-1.0	0	-1.0	-1.0	1.0	-1.0	-1.0	1.0									-1.0			1.76										-1.0			2.35	-0.08	-0.08	0.18	-0.06	-0.05	0.07	1.54	0.18	0.0	0.0	29.18					1	0.0	0.0	0.16	0.0	0.0	0.1	0.16	0.01	0.01	75.9					0.08	0.08	-0.21	0.06	0.05	-0.12	-0.21	0.0	0.0	43.01					0.08	0.08	-0.23	0.06	0.05	-0.13	-0.23	0.0	0.0	40.18					-0.08000000000000007	-0.08000000000000007	0.09000000000000008	-0.05517241379310356	-0.053704178971861166	0.05882352941176494	0.09000000000000008	0.003527569434336025	0.003520755729464531	146.71342844511747				
2020-06-09 07:00:00	12650	1.55	1.51	1.54	1.55	1.55	RAD.MI	1.69	1.7	1.65	1.7	2.35	1.45	-1.0	-1.0	-1.0	0	-1.0	-1.0	1.0	-1.0	-1.0	1.0									-1.0			1.76										-1.0			2.35	-0.02	-0.02	0.16	-0.01	-0.01	0.05	1.55	0.16	0.0	0.0	26.33					1	0.0	0.0	0.16	0.0	0.0	0.1	0.16	0.01	0.01	75.9					0.02	0.02	-0.19	0.01	0.01	-0.11	-0.19	0.0	0.0	43.42					0.02	0.02	-0.21	0.01	0.01	-0.12	-0.21	0.0	0.0	40.61					-0.020000000000000018	-0.020000000000000018	0.07000000000000006	-0.013071895424836555	-0.012987195526811112	0.045161290322581094	0.07000000000000006	0.003405956804656362	0.0033986391713920483	137.78720320844903				
2020-06-10 07:00:00	4400	1.59	1.55	1.55	1.58	1.58	RAD.MI	1.71	1.76	1.71	1.75	2.35	1.45	-1.0	-1.0	-1.0	0	-1.0	-1.0	1.0	-1.0	-1.0	1.0	1.59								-1.0			1.76										-1.0			2.35	-0.03	-0.03	0.13	-0.02	-0.02	0.03	1.59	0.13	0.0	0.0	28.0					1	0.0	0.0	0.16	0.0	0.0	0.1	0.16	0.01	0.01	75.9					0.03	0.03	-0.16	0.02	0.02	-0.09	-0.16	0.0	0.0	44.01					0.03	0.03	-0.18	0.02	0.02	-0.11	-0.18	0.0	0.0	41.23					-0.030000000000000027	-0.030000000000000027	0.040000000000000036	-0.019354838709677358	-0.019169916107720123	0.02531645569620289	0.040000000000000036	0.003269999566767611	0.00326207220869712	127.16146515787548				
2020-06-11 07:00:00	7700	1.59	1.55	1.59	1.55	1.55	RAD.MI	1.85	1.85	1.8	1.8	2.35	1.45	-1.0	-1.0	1.0	0	-1.0	-1.0	1.0	-1.0	-1.0	1.0									-1.0			1.76	1.85									-1.0			2.35	0.03	0.03	0.16	0.02	0.02	0.05	1.59	0.16	0.0	0.0	28.31					1	-0.0	-0.0	0.16	-0.0	-0.0	0.1	0.16	0.01	0.01	75.9					-0.03	-0.03	-0.19	-0.02	-0.02	-0.11	-0.19	0.0	0.0	40.67					-0.03	-0.03	-0.21	-0.02	-0.02	-0.12	-0.21	0.0	0.0	37.93					0.030000000000000027	0.030000000000000027	0.07000000000000006	0.01898734177215189	0.01916991610772017	0.045161290322581094	0.07000000000000006	0.0034252758872401444	0.003417046737709706	128.4617623182358				
2020-06-12 07:00:00	7700	1.55	1.55	1.55	1.55	1.55	RAD.MI	1.79	1.79	1.79	1.79	2.35	1.45	-1.0	-1.0	1.0	0	-1.0	-1.0	1.0	-1.0	-1.0	1.0		1.55							-1.0			1.76										-1.0			2.35	-0.0	-0.0	0.16	-0.0	-0.0	0.05	1.59	0.16	0.0	0.0	28.21					1	0.0	0.0	0.16	0.0	0.0	0.1	0.16	0.01	0.01	75.9					0.0	0.0	-0.19	0.0	0.0	-0.11	-0.19	0.0	0.0	40.67					0.0	0.0	-0.21	0.0	0.0	-0.12	-0.21	0.0	0.0	37.93					-0.0	-0.0	0.07000000000000006	-0.0	-0.0	0.045161290322581094	0.07000000000000006	0.0034252758872401444	0.003417046737709706	128.4617623182358				
2020-06-15 07:00:00	0	1.55	1.55	1.55	1.55	1.55	RAD.MI	1.78	1.78	1.78	1.78	2.35	1.45	-1.0	-1.0	1.0	0	-1.0	-1.0	1.0	-1.0	-1.0	1.0									-1.0			1.76		1.78								-1.0			2.35	-0.0	-0.0	0.16	-0.0	-0.0	0.05	1.59	0.16	0.0	0.0	27.52					1	0.0	0.0	0.16	0.0	0.0	0.1	0.16	0.01	0.01	75.9					0.0	0.0	-0.19	0.0	0.0	-0.11	-0.19	0.0	0.0	40.67					0.0	0.0	-0.21	0.0	0.0	-0.12	-0.21	0.0	0.0	37.93					-0.0	-0.0	0.07000000000000006	-0.0	-0.0	0.045161290322581094	0.07000000000000006	0.0034252758872401444	0.003417046737709706	128.4617623182358				
2020-06-16 07:00:00	136400	1.71	1.55	1.55	1.59	1.59	RAD.MI	1.72	1.9	1.72	1.77	2.35	1.45	-1.0	-1.0	1.0	0	-1.0	-1.0	1.0	-1.0	-1.0	1.0	1.71		1.71						-1.0			1.76	1.9		1.9							-1.0			2.35	-0.04	-0.04	0.12	-0.03	-0.03	0.03	1.71	0.12	0.0	0.0	24.28					1	0.0	0.0	0.16	0.0	0.0	0.1	0.16	0.01	0.01	75.9					0.04	0.04	-0.15	0.03	0.03	-0.09	-0.15	0.0	0.0	41.44					0.04	0.04	-0.17	0.03	0.03	-0.1	-0.17	0.0	0.0	38.74					-0.040000000000000036	-0.040000000000000036	0.030000000000000027	-0.02580645161290329	-0.025479085300984968	0.018867924528302327	0.030000000000000027	0.0032709493361325467	0.003261965992196858	116.66580440177371				
2020-06-17 07:00:00	20350	1.63	1.55	1.63	1.61	1.61	RAD.MI	1.82	1.82	1.73	1.8	2.35	1.45	-1.0	-1.0	1.0	0	-1.0	-1.0	1.0	-1.0	-1.0	1.0		1.55							-1.0			1.76		1.73								-1.0			2.35	-0.02	-0.02	0.1	-0.01	-0.01	0.01	1.71	0.1	0.0	0.0	23.94					1	0.0	0.0	0.16	0.0	0.0	0.1	0.16	0.01	0.01	75.9					0.02	0.02	-0.13	0.01	0.01	-0.07	-0.13	0.0	0.0	41.8					0.02	0.02	-0.15	0.01	0.01	-0.09	-0.15	0.0	0.0	39.12					-0.020000000000000018	-0.020000000000000018	0.010000000000000009	-0.012578616352201255	-0.012500162764231468	0.006211180124223947	0.010000000000000009	0.003138782705291934	0.0031292465659524815	109.32493425476923				
2020-06-18 07:00:00	16500	1.63	1.57	1.63	1.61	1.61	RAD.MI	1.83	1.83	1.76	1.8	2.35	1.45	-1.0	-1.0	1.0	0	-1.0	-1.0	1.0	-1.0	-1.0	1.0									-1.0			1.76	1.83									-1.0			2.35	-0.0	-0.0	0.1	-0.0	-0.0	0.01	1.71	0.1	0.0	0.0	23.49					1	0.0	0.0	0.16	0.0	0.0	0.1	0.16	0.01	0.01	75.9					0.0	0.0	-0.13	0.0	0.0	-0.07	-0.13	0.0	0.0	41.8					0.0	0.0	-0.15	0.0	0.0	-0.09	-0.15	0.0	0.0	39.12					-0.0	-0.0	0.010000000000000009	-0.0	-0.0	0.006211180124223947	0.010000000000000009	0.003138782705291934	0.0031292465659524815	109.32493425476923				
2020-06-19 07:00:00	5500	1.62	1.59	1.61	1.62	1.62	RAD.MI	1.79	1.8	1.77	1.8	2.35	1.45	-1.0	-1.0	1.0	0	-1.0	-1.0	1.0	-1.0	-1.0	1.0	1.62								-1.0			1.76										-1.0			2.35	-0.01	-0.01	0.09	-0.01	-0.01	0.01	1.71	0.09	0.0	0.0	23.85					1	0.0	0.0	0.16	0.0	0.0	0.1	0.16	0.01	0.01	80.17					0.01	0.01	-0.12	0.01	0.01	-0.07	-0.12	0.0	0.0	41.98					0.01	0.01	-0.14	0.01	0.01	-0.08	-0.14	0.0	0.0	39.3					-0.010000000000000009	-0.010000000000000009	0.0	-0.006211180124223503	-0.00619197024792098	4.440892098500626e-16	0.0	0.0030179940654343593	0.0030080159584837673	103.91007841656116				
2020-06-22 07:00:00	1650	1.61	1.57	1.61	1.57	1.57	RAD.MI	1.8	1.8	1.76	1.76	2.35	1.45	-1.0	-1.0	1.0	0	-1.0	-1.0	1.0	-1.0	-1.0	1.0		1.57							-1.0			1.76		1.76								-1.0			2.35	0.05	0.05	0.14	0.03	0.03	0.04	1.71	0.14	0.0	0.0	27.09					1	-0.0	-0.0	0.16	-0.0	-0.0	0.1	0.16	0.01	0.01	85.2					-0.05	-0.05	-0.17	-0.03	-0.03	-0.1	-0.17	0.0	0.0	38.01					-0.05	-0.05	-0.19	-0.03	-0.03	-0.11	-0.19	0.0	0.0	35.39					0.050000000000000044	0.050000000000000044	0.050000000000000044	0.030864197530864224	0.031350529884076044	0.03184713375796222	0.050000000000000044	0.0032625281985301526	0.0032519625470126545	106.1542215984322				
2020-06-23 07:00:00	8250	1.65	1.61	1.62	1.61	1.61	RAD.MI	1.78	1.82	1.77	1.77	2.35	1.45	-1.0	-1.0	1.0	0	-1.0	-1.0	1.0	-1.0	-1.0	1.0	1.65								-1.0			1.76	1.82									-1.0			2.35	-0.04	-0.04	0.1	-0.03	-0.03	0.01	1.71	0.1	0.0	0.0	23.99					1	0.0	0.0	0.16	0.0	0.0	0.1	0.16	0.01	0.01	84.86					0.04	0.04	-0.13	0.03	0.03	-0.07	-0.13	0.0	0.0	38.73					0.04	0.04	-0.15	0.03	0.03	-0.09	-0.15	0.0	0.0	36.14					-0.040000000000000036	-0.040000000000000036	0.010000000000000009	-0.02547770700636942	-0.02515855963615493	0.006211180124224169	0.010000000000000009	0.003093742956041647	0.0030823371217740814	96.17278704978628				
2020-06-24 07:00:00	12100	1.58	1.52	1.58	1.52	1.52	RAD.MI	1.8	1.8	1.73	1.73	2.35	1.45	-1.0	-1.0	1.0	0	-1.0	-1.0	1.0	-1.0	-1.0	1.0		1.52		1.52					-1.0			1.76		1.73								-1.0			2.35	0.09	0.09	0.19	0.06	0.06	0.07	1.71	0.19	0.0	0.0	25.17					1	-0.0	-0.0	0.16	-0.0	-0.0	0.1	0.16	0.01	0.01	84.75					-0.09	-0.09	-0.22	-0.06	-0.06	-0.13	-0.22	0.0	0.0	33.48					-0.09	-0.09	-0.24	-0.06	-0.06	-0.14	-0.24	0.0	0.0	30.99					0.09000000000000008	0.09000000000000008	0.10000000000000009	0.05590062111801242	0.0575238441381866	0.06578947368421106	0.10000000000000009	0.0035366765559056833	0.003524087568586909	99.86822974033916				
2020-06-25 07:00:00	4400	1.59	1.52	1.52	1.59	1.59	RAD.MI	1.73	1.81	1.73	1.81	2.35	1.45	-1.0	-1.0	1.0	0	-1.0	-1.0	1.0	-1.0	-1.0	1.0	1.59								-1.0			1.76	1.81									-1.0			2.35	-0.07	-0.07	0.12	-0.05	-0.05	0.03	1.71	0.12	0.0	0.0	21.7					1	0.0	0.0	0.16	0.0	0.0	0.1	0.16	0.01	0.01	84.75					0.07	0.07	-0.15	0.05	0.05	-0.09	-0.15	0.0	0.0	34.72					0.07	0.07	-0.17	0.05	0.05	-0.1	-0.17	0.0	0.0	32.29					-0.07000000000000006	-0.07000000000000006	0.030000000000000027	-0.046052631578947345	-0.04502368137395511	0.018867924528302327	0.030000000000000027	0.003309430924905408	0.003295463980621527	86.54363885147166				
2020-06-26 07:00:00	3300	1.53	1.53	1.53	1.53	1.53	RAD.MI	1.75	1.75	1.75	1.75	2.35	1.45	-1.0	-1.0	1.0	0	-1.0	-1.0	1.0	-1.0	-1.0	1.0									-1.0			1.76										-1.0			2.35	0.06	0.06	0.18	0.04	0.04	0.07	1.71	0.18	0.0	0.0	22.52					1	-0.0	-0.0	0.16	-0.0	-0.0	0.1	0.16	0.01	0.01	84.75					-0.06	-0.06	-0.21	-0.04	-0.04	-0.12	-0.21	0.0	0.0	30.88					-0.06	-0.06	-0.23	-0.04	-0.04	-0.13	-0.23	0.0	0.0	28.5					0.06000000000000005	0.06000000000000005	0.09000000000000008	0.037735849056603765	0.03846628082779605	0.05882352941176516	0.09000000000000008	0.0036017746591966585	0.003586927855129707	88.75072741333346				
2020-06-29 07:00:00	0	1.53	1.53	1.53	1.53	1.53	RAD.MI	1.72	1.72	1.72	1.72	2.35	1.45	-1.0	-1.0	1.0	0	-1.0	-1.0	1.0	-1.0	-1.0	1.0		1.53							-1.0			1.76		1.72								-1.0			2.35	-0.0	-0.0	0.18	-0.0	-0.0	0.07	1.71	0.18	0.0	0.0	22.52					1	0.0	0.0	0.16	0.0	0.0	0.1	0.16	0.01	0.01	84.75					0.0	0.0	-0.21	0.0	0.0	-0.12	-0.21	0.0	0.0	30.88					0.0	0.0	-0.23	0.0	0.0	-0.13	-0.23	0.0	0.0	28.5					-0.0	-0.0	0.09000000000000008	-0.0	-0.0	0.05882352941176516	0.09000000000000008	0.0036017746591966585	0.003586927855129707	88.75072741333346				
2020-06-30 07:00:00	1100	1.53	1.53	1.53	1.53	1.53	RAD.MI	1.72	1.72	1.72	1.72	2.35	1.45	-1.0	-1.0	1.0	0	-1.0	-1.0	1.0	-1.0	-1.0	1.0									-1.0			1.76										-1.0			2.35	-0.0	-0.0	0.18	-0.0	-0.0	0.07	1.71	0.18	0.0	0.0	22.52					1	0.0	0.0	0.16	0.0	0.0	0.1	0.16	0.01	0.01	84.75					0.0	0.0	-0.21	0.0	0.0	-0.12	-0.21	0.0	0.0	30.88					0.0	0.0	-0.23	0.0	0.0	-0.13	-0.23	0.0	0.0	28.5					-0.0	-0.0	0.09000000000000008	-0.0	-0.0	0.05882352941176516	0.09000000000000008	0.0036017746591966585	0.003586927855129707	88.75072741333346				
2020-07-01 07:00:00	0	1.53	1.53	1.53	1.53	1.53	RAD.MI	1.73	1.73	1.73	1.73	2.35	1.45	-1.0	-1.0	1.0	0	-1.0	-1.0	1.0	-1.0	-1.0	1.0									-1.0			1.76	1.73									-1.0			2.35	-0.0	-0.0	0.18	-0.0	-0.0	0.07	1.71	0.18	0.0	0.0	21.9					1	0.0	0.0	0.16	0.0	0.0	0.1	0.16	0.01	0.01	84.01					0.0	0.0	-0.21	0.0	0.0	-0.12	-0.21	0.0	0.0	30.88					0.0	0.0	-0.23	0.0	0.0	-0.13	-0.23	0.0	0.0	28.5					-0.0	-0.0	0.09000000000000008	-0.0	-0.0	0.05882352941176516	0.09000000000000008	0.0036017746591966585	0.003586927855129707	88.75072741333346				
2020-07-02 07:00:00	2200	1.56	1.56	1.56	1.56	1.56	RAD.MI	1.71	1.71	1.71	1.71	2.35	1.45	-1.0	-1.0	1.0	0	-1.0	-1.0	1.0	-1.0	-1.0	1.0									-1.0			1.76		1.71								-1.0			2.35	-0.03	-0.03	0.15	-0.02	-0.02	0.05	1.71	0.15	0.0	0.0	19.12					1	0.0	0.0	0.16	0.0	0.0	0.1	0.16	0.01	0.01	83.48					0.03	0.03	-0.18	0.02	0.02	-0.1	-0.18	0.0	0.0	31.4					0.03	0.03	-0.2	0.02	0.02	-0.12	-0.2	0.0	0.0	29.04					-0.030000000000000027	-0.030000000000000027	0.06000000000000005	-0.019607843137254832	-0.019418085857101516	0.03846153846153899	0.06000000000000005	0.0034256916526309456	0.0034099603303376913	81.80402780108889				
2020-07-03 07:00:00	0	1.56	1.56	1.56	1.56	1.56	RAD.MI	1.73	1.73	1.73	1.73	2.35	1.45	-1.0	-1.0	1.0	0	-1.0	-1.0	1.0	-1.0	-1.0	1.0	1.56								-1.0			1.76	1.73									-1.0			2.35	-0.0	-0.0	0.15	-0.0	-0.0	0.05	1.71	0.15	0.0	0.0	22.08					1	0.0	0.0	0.16	0.0	0.0	0.1	0.16	0.01	0.01	91.24					0.0	0.0	-0.18	0.0	0.0	-0.1	-0.18	0.0	0.0	31.4					0.0	0.0	-0.2	0.0	0.0	-0.12	-0.2	0.0	0.0	29.04					-0.0	-0.0	0.06000000000000005	-0.0	-0.0	0.03846153846153899	0.06000000000000005	0.0034256916526309456	0.0034099603303376913	81.80402780108889				
2020-07-06 07:00:00	0	1.56	1.56	1.56	1.56	1.56	RAD.MI	1.7	1.7	1.7	1.7	2.35	1.45	-1.0	-1.0	1.0	0	-1.0	-1.0	1.0	-1.0	-1.0	1.0									-1.0			1.76										-1.0			2.35	-0.0	-0.0	0.15	-0.0	-0.0	0.05	1.71	0.15	0.0	0.0	22.08					1	0.0	0.0	0.16	0.0	0.0	0.1	0.16	0.01	0.01	91.24					0.0	0.0	-0.18	0.0	0.0	-0.1	-0.18	0.0	0.0	31.4					0.0	0.0	-0.2	0.0	0.0	-0.12	-0.2	0.0	0.0	29.04					-0.0	-0.0	0.06000000000000005	-0.0	-0.0	0.03846153846153899	0.06000000000000005	0.0034256916526309456	0.0034099603303376913	81.80402780108889				
2020-07-07 07:00:00	3850	1.54	1.53	1.54	1.53	1.53	RAD.MI	1.68	1.68	1.67	1.67	2.35	1.45	-1.0	-1.0	-1.0	0	-1.0	-1.0	1.0	-1.0	-1.0	1.0		1.53							-1.0			1.76		1.67								-1.0			2.35	0.03	0.03	0.18	0.02	0.02	0.07	1.71	0.18	0.0	0.0	21.73					1	-0.0	-0.0	0.16	-0.0	-0.0	0.1	0.16	0.01	0.01	90.31					-0.03	-0.03	-0.21	-0.02	-0.02	-0.12	-0.21	0.0	0.0	28.66					-0.03	-0.03	-0.23	-0.02	-0.02	-0.13	-0.23	0.0	0.0	26.33					0.030000000000000027	0.030000000000000027	0.09000000000000008	0.019230769230769273	0.019418085857101627	0.058823529411765385	0.09000000000000008	0.0035713272965592078	0.003555121897470981	82.8666329592237				
2020-07-08 07:00:00	6600	1.6	1.52	1.55	1.55	1.55	RAD.MI	1.7	1.76	1.67	1.7	2.35	1.45	-1.0	-1.0	-1.0	-1	-1.0	-1.0	1.0	-1.0	-1.0	1.0	1.6		1.6						-1.0			1.76										-1.0			2.35	-0.02	-0.02	0.16	-0.01	-0.01	0.05	1.71	0.16	0.0	0.0	22.23					1	0.0	0.0	0.16	0.0	0.0	0.1	0.16	0.01	0.01	97.07					0.02	0.02	-0.19	0.01	0.01	-0.11	-0.19	0.0	0.0	29.01					0.02	0.02	-0.21	0.01	0.01	-0.12	-0.21	0.0	0.0	26.69					-0.020000000000000018	-0.020000000000000018	0.07000000000000006	-0.013071895424836555	-0.012987195526811112	0.045161290322581316	0.07000000000000006	0.0034061391790951205	0.003389179459138969	77.4337173644999				
2020-07-09 07:00:00	1100	1.54	1.54	1.54	1.54	1.54	RAD.MI	1.72	1.72	1.72	1.72	2.35	1.45	-1.0	-1.0	-1.0	-1	-1.0	-1.0	1.0	-1.0	-1.0	1.0									-1.0			1.76	1.72									-1.0			2.35	0.01	0.01	0.17	0.01	0.01	0.06	1.71	0.17	0.0	0.0	22.37					1	0.01	0.01	0.17	0.01	0.01	0.11	0.17	0.01	0.01	97.24					-0.01	-0.01	-0.2	-0.01	-0.01	-0.11	-0.2	0.0	0.0	26.94					-0.01	-0.01	-0.22	-0.01	-0.01	-0.13	-0.22	0.0	0.0	24.63					0.010000000000000009	0.010000000000000009	0.08000000000000007	0.006451612903225823	0.006472514505617479	0.05194805194805263	0.08000000000000007	0.0034540357864366903	0.003436910708447538	77.78829816335544				
2020-07-10 07:00:00	0	1.54	1.54	1.54	1.54	1.54	RAD.MI	1.7	1.7	1.7	1.7	2.35	1.45	-1.0	-1.0	-1.0	-1	-1.0	-1.0	1.0	-1.0	-1.0	1.0									-1.0			1.76										-1.0			2.35	-0.0	-0.0	0.17	-0.0	-0.0	0.06	1.71	0.17	0.0	0.0	22.37					1	-0.0	-0.0	0.17	-0.0	-0.0	0.11	0.17	0.01	0.01	97.24					0.0	0.0	-0.2	0.0	0.0	-0.11	-0.2	0.0	0.0	26.94					0.0	0.0	-0.22	0.0	0.0	-0.13	-0.22	0.0	0.0	24.63					-0.0	-0.0	0.08000000000000007	-0.0	-0.0	0.05194805194805263	0.08000000000000007	0.0034540357864366903	0.003436910708447538	77.78829816335544				
2020-07-13 07:00:00	3850	1.5	1.5	1.5	1.5	1.5	RAD.MI	1.64	1.64	1.64	1.64	2.35	1.45	-1.0	-1.0	-1.0	-1	-1.0	-1.0	1.0	-1.0	-1.0	1.0									-1.0			1.76										-1.0			2.35	0.04	0.04	0.21	0.03	0.03	0.09	1.71	0.21	0.0	0.0	22.29					1	0.04	0.04	0.21	0.03	0.03	0.14	0.21	0.01	0.01	97.15					-0.04	-0.04	-0.24	-0.03	-0.03	-0.14	-0.24	0.0	0.0	23.99					-0.04	-0.04	-0.26	-0.03	-0.03	-0.15	-0.26	0.0	0.0	21.71					0.040000000000000036	0.040000000000000036	0.1200000000000001	0.025974025974025983	0.026317308317373417	0.08000000000000074	0.1200000000000001	0.003648783867985254	0.0036309782273851177	79.16422956208515				
2020-07-14 07:00:00	8250	1.5	1.45	1.5	1.46	1.46	RAD.MI	1.65	1.65	1.59	1.6	2.35	1.45	-1.0	-1.0	-1.0	-1	-1.0	-1.0	1.0	-1.0	-1.0	1.0									-1.0			1.76										-1.0			2.35	0.04	0.04	0.25	0.03	0.03	0.12	1.65	0.25	0.0	0.0	24.92					1	0.04	0.04	0.25	0.03	0.03	0.17	0.25	0.01	0.01	102.25					-0.04	-0.04	-0.28	-0.03	-0.03	-0.16	-0.28	0.0	0.0	21.09					-0.04	-0.04	-0.3	-0.03	-0.03	-0.17	-0.3	0.0	0.0	18.84					0.040000000000000036	0.040000000000000036	0.16000000000000014	0.026666666666666727	0.027028672387919374	0.10958904109589129	0.16000000000000014	0.0038487960436558565	0.003830277721432074	80.47623410169555				
2020-07-15 07:00:00	1100	1.45	1.45	1.45	1.45	1.45	RAD.MI	1.56	1.56	1.56	1.56	2.35	1.45	-1.0	-1.0	-1.0	-1	-1.0	-1.0	1.0	-1.0	-1.0	1.0									-1.0			1.76										-1.0			2.35	0.01	0.01	0.26	0.01	0.01	0.13	1.65	0.26	0.0	0.0	26.88					1	0.01	0.01	0.26	0.01	0.01	0.18	0.26	0.01	0.01	105.96					-0.01	-0.01	-0.29	-0.01	-0.01	-0.17	-0.29	0.0	0.0	19.09					-0.01	-0.01	-0.31	-0.01	-0.01	-0.18	-0.31	0.0	0.0	16.84					0.010000000000000009	0.010000000000000009	0.17000000000000015	0.006849315068493178	0.006872879287762064	0.11724137931034573	0.17000000000000015	0.0038996553503852964	0.003880953589660452	80.79481943476733				
2020-07-16 07:00:00	0	1.45	1.45	1.45	1.45	1.45	RAD.MI	1.56	1.56	1.56	1.56	2.35	1.45	-1.0	-1.0	-1.0	-1	-1.0	-1.0	1.0	-1.0	-1.0	1.0									-1.0			1.76										-1.0			2.35	-0.0	-0.0	0.26	-0.0	-0.0	0.13	1.65	0.26	0.0	0.0	24.91					1	-0.0	-0.0	0.26	-0.0	-0.0	0.18	0.26	0.01	0.01	103.82					0.0	0.0	-0.29	0.0	0.0	-0.17	-0.29	0.0	0.0	19.09					0.0	0.0	-0.31	0.0	0.0	-0.18	-0.31	0.0	0.0	16.84					-0.0	-0.0	0.17000000000000015	-0.0	-0.0	0.11724137931034573	0.17000000000000015	0.0038996553503852964	0.003880953589660452	80.79481943476733				
2020-07-17 07:00:00	1100	1.45	1.45	1.45	1.45	1.45	RAD.MI	1.55	1.55	1.55	1.55	2.35	1.45	-1.0	-1.0	-1.0	-1	-1.0	-1.0	1.0	-1.0	-1.0	1.0									-1.0			1.76										-1.0			2.35	-0.0	-0.0	0.26	-0.0	-0.0	0.13	1.65	0.26	0.0	0.0	27.31					1	-0.0	-0.0	0.26	-0.0	-0.0	0.18	0.26	0.01	0.01	109.72					0.0	0.0	-0.29	0.0	0.0	-0.17	-0.29	0.0	0.0	19.09					0.0	0.0	-0.31	0.0	0.0	-0.18	-0.31	0.0	0.0	16.84					-0.0	-0.0	0.17000000000000015	-0.0	-0.0	0.11724137931034573	0.17000000000000015	0.0038996553503852964	0.003880953589660452	80.79481943476733				
2020-07-20 07:00:00	0	1.45	1.45	1.45	1.45	1.45	RAD.MI	1.54	1.54	1.54	1.54	2.35	1.45	-1.0	-1.0	-1.0	-1	-1.0	-1.0	1.0	-1.0	-1.0	1.0									-1.0			1.76										-1.0			2.35	-0.0	-0.0	0.26	-0.0	-0.0	0.13	1.65	0.26	0.0	0.0	27.31					1	-0.0	-0.0	0.26	-0.0	-0.0	0.18	0.26	0.01	0.01	109.72					0.0	0.0	-0.29	0.0	0.0	-0.17	-0.29	0.0	0.0	19.09					0.0	0.0	-0.31	0.0	0.0	-0.18	-0.31	0.0	0.0	16.84					-0.0	-0.0	0.17000000000000015	-0.0	-0.0	0.11724137931034573	0.17000000000000015	0.0038996553503852964	0.003880953589660452	80.79481943476733				
2020-07-21 07:00:00	18150	1.45	1.4	1.43	1.44	1.44	RAD.MI	1.51	1.53	1.48	1.52	2.35	1.45	-1.0	-1.0	-1.0	-1	-1.0	-1.0	1.0	-1.0	-1.0	1.0		1.4		1.4					-1.0			1.76		1.48		1.48						-1.0			2.35	0.01	0.01	0.27	0.01	0.01	0.13	1.6	0.27	0.0	0.0	26.43					1	0.01	0.01	0.27	0.01	0.01	0.18	0.27	0.01	0.01	108.73					-0.01	-0.01	-0.3	-0.01	-0.01	-0.17	-0.3	0.0	0.0	17.09					-0.01	-0.01	-0.32	-0.01	-0.01	-0.18	-0.32	0.0	0.0	14.85					0.010000000000000009	0.010000000000000009	0.18000000000000016	0.006896551724137945	0.006920442844573795	0.1250000000000009	0.18000000000000016	0.003950866627435142	0.003931979250595852	81.10978209191791				
2020-07-22 07:00:00	4950	1.45	1.4	1.4	1.45	1.45	RAD.MI	1.48	1.54	1.48	1.54	2.35	1.45	-1.0	-1.0	-1.0	-1	-1.0	-1.0	1.0	-1.0	-1.0	1.0									-1.0			1.76										-1.0			2.35	-0.01	-0.01	0.26	-0.01	-0.01	0.13	1.6	0.26	0.0	0.0	23.84					1	-0.01	-0.01	0.26	-0.01	-0.01	0.18	0.26	0.0	0.0	103.83					0.01	0.01	-0.29	0.01	0.01	-0.17	-0.29	0.0	0.0	17.3					0.01	0.01	-0.31	0.01	0.01	-0.18	-0.31	0.0	0.0	15.08					-0.010000000000000009	-0.010000000000000009	0.17000000000000015	-0.00694444444444442	-0.006920442844573757	0.11724137931034573	0.17000000000000015	0.003792100121373409	0.003772559838568501	77.01950653063071				
2020-07-23 07:00:00	0	1.45	1.45	1.45	1.45	1.45	RAD.MI	1.55	1.55	1.55	1.55	2.35	1.45	-1.0	-1.0	-1.0	-1	-1.0	-1.0	1.0	-1.0	-1.0	1.0									-1.0			1.76										-1.0			2.35	-0.0	-0.0	0.26	-0.0	-0.0	0.13	1.6	0.26	0.0	0.0	23.69					1	-0.0	-0.0	0.26	-0.0	-0.0	0.18	0.26	0.0	0.0	103.64					0.0	0.0	-0.29	0.0	0.0	-0.17	-0.29	0.0	0.0	19.24					0.0	0.0	-0.31	0.0	0.0	-0.18	-0.31	0.0	0.0	17.01					-0.0	-0.0	0.17000000000000015	-0.0	-0.0	0.11724137931034573	0.17000000000000015	0.003792100121373409	0.003772559838568501	77.01950653063071				
2020-07-24 07:00:00	0	1.45	1.45	1.45	1.45	1.45	RAD.MI	1.58	1.58	1.58	1.58	2.35	1.45	-1.0	-1.0	-1.0	-1	-1.0	-1.0	1.0	-1.0	-1.0	1.0									-1.0			1.76										-1.0			2.35	-0.0	-0.0	0.26	-0.0	-0.0	0.13	1.6	0.26	0.0	0.0	27.27					1	-0.0	-0.0	0.26	-0.0	-0.0	0.18	0.26	0.01	0.01	114.67					0.0	0.0	-0.29	0.0	0.0	-0.17	-0.29	0.0	0.0	18.03					0.0	0.0	-0.31	0.0	0.0	-0.18	-0.31	0.0	0.0	15.74					-0.0	-0.0	0.17000000000000015	-0.0	-0.0	0.11724137931034573	0.17000000000000015	0.003792100121373409	0.003772559838568501	77.01950653063071				
2020-07-27 07:00:00	0	1.45	1.45	1.45	1.45	1.45	RAD.MI	1.58	1.58	1.58	1.58	2.35	1.45	-1.0	-1.0	-1.0	-1	-1.0	-1.0	1.0	-1.0	-1.0	1.0									-1.0			1.76										-1.0			2.35	-0.0	-0.0	0.26	-0.0	-0.0	0.13	1.6	0.26	0.0	0.0	26.21					1	-0.0	-0.0	0.26	-0.0	-0.0	0.18	0.26	0.0	0.0	113.41					0.0	0.0	-0.29	0.0	0.0	-0.17	-0.29	0.0	0.0	21.46					0.0	0.0	-0.31	0.0	0.0	-0.18	-0.31	0.0	0.0	19.14					-0.0	-0.0	0.17000000000000015	-0.0	-0.0	0.11724137931034573	0.17000000000000015	0.003792100121373409	0.003772559838568501	77.01950653063071				
2020-07-28 07:00:00	0	1.45	1.45	1.45	1.45	1.45	RAD.MI	1.59	1.59	1.59	1.59	2.35	1.45	-1.0	-1.0	-1.0	-1	-1.0	-1.0	1.0	-1.0	-1.0	1.0									-1.0			1.76										-1.0			2.35	-0.0	-0.0	0.26	-0.0	-0.0	0.13	1.6	0.26	0.0	0.0	28.84					1	-0.0	-0.0	0.26	-0.0	-0.0	0.18	0.26	0.0	0.0	120.39					0.0	0.0	-0.29	0.0	0.0	-0.17	-0.29	0.0	0.0	20.92					0.0	0.0	-0.31	0.0	0.0	-0.18	-0.31	0.0	0.0	18.57					-0.0	-0.0	0.17000000000000015	-0.0	-0.0	0.11724137931034573	0.17000000000000015	0.003792100121373409	0.003772559838568501	77.01950653063071				
2020-07-29 07:00:00	2000	1.54	1.51	1.54	1.51	1.51	RAD.MI	1.69	1.69	1.66	1.66	2.35	1.45	-1.0	-1.0	-1.0	-1	-1.0	-1.0	1.0	-1.0	-1.0	1.0	1.54								-1.0			1.76										-1.0			2.35	-0.06	-0.06	0.2	-0.04	-0.04	0.08	1.6	0.2	0.0	0.0	24.93					1	-0.06	-0.06	0.2	-0.04	-0.04	0.13	0.2	0.0	0.0	108.32					0.06	0.06	-0.23	0.04	0.04	-0.13	-0.23	0.0	0.0	24.18					0.06	0.06	-0.25	0.04	0.04	-0.14	-0.25	0.0	0.0	21.88					-0.06000000000000005	-0.06000000000000005	0.1100000000000001	-0.04137931034482767	-0.04054609439435001	0.07284768211920611	0.1100000000000001	0.0035377977024033877	0.0035166394580254945	67.62590561756939				
2020-07-30 07:00:00	2500	1.51	1.5	1.5	1.51	1.51	RAD.MI	1.7	1.71	1.7	1.71	2.35	1.45	-1.0	-1.0	-1.0	-1	-1.0	-1.0	1.0	-1.0	-1.0	1.0									-1.0			1.76										-1.0			2.35	-0.0	-0.0	0.2	-0.0	-0.0	0.08	1.6	0.2	0.0	0.0	18.61					1	-0.0	-0.0	0.2	-0.0	-0.0	0.13	0.2	0.0	0.0	99.26					0.0	0.0	-0.23	0.0	0.0	-0.13	-0.23	0.0	0.0	36.13					0.0	0.0	-0.25	0.0	0.0	-0.14	-0.25	0.0	0.0	33.55					-0.0	-0.0	0.1100000000000001	-0.0	-0.0	0.07284768211920611	0.1100000000000001	0.0035377977024033877	0.0035166394580254945	67.62590561756939				
2020-07-31 07:00:00	500	1.5	1.5	1.5	1.5	1.5	RAD.MI	1.72	1.72	1.72	1.72	2.35	1.45	-1.0	-1.0	-1.0	-1	-1.0	-1.0	1.0	-1.0	-1.0	1.0		1.5							-1.0			1.76	1.72									-1.0			2.35	0.01	0.01	0.21	0.01	0.01	0.09	1.6	0.21	0.0	0.0	18.88					1	0.01	0.01	0.21	0.01	0.01	0.14	0.21	0.0	0.0	99.7					-0.01	-0.01	-0.24	-0.01	-0.01	-0.14	-0.24	0.0	0.0	33.81					-0.01	-0.01	-0.26	-0.01	-0.01	-0.15	-0.26	0.0	0.0	31.24					0.010000000000000009	0.010000000000000009	0.1200000000000001	0.0066225165562914245	0.006644542718668613	0.08000000000000074	0.1200000000000001	0.003585638409977801	0.0035642861802591685	67.94580588392188				
2020-08-03 07:00:00	1000	1.51	1.51	1.51	1.51	1.51	RAD.MI	1.7	1.7	1.7	1.7	2.35	1.45	-1.0	-1.0	-1.0	-1	-1.0	-1.0	1.0	-1.0	-1.0	1.0	1.51								-1.0			1.76										-1.0			2.35	-0.01	-0.01	0.2	-0.01	-0.01	0.08	1.6	0.2	0.0	0.0	16.65					1	-0.01	-0.01	0.2	-0.01	-0.01	0.13	0.2	0.0	0.0	94.76					0.01	0.01	-0.23	0.01	0.01	-0.13	-0.23	0.0	0.0	34.0					0.01	0.01	-0.25	0.01	0.01	-0.14	-0.25	0.0	0.0	31.44					-0.010000000000000009	-0.010000000000000009	0.1100000000000001	-0.006666666666666599	-0.006644542718668511	0.07284768211920611	0.1100000000000001	0.003420876817716518	0.0033988697461526662	64.20447912971261				
2020-08-04 07:00:00	8000	1.51	1.48	1.51	1.5	1.5	RAD.MI	1.68	1.68	1.65	1.67	2.35	1.45	-1.0	-1.0	-1.0	-1	-1.0	-1.0	1.0	-1.0	-1.0	1.0									-1.0			1.76										-1.0			2.35	0.01	0.01	0.21	0.01	0.01	0.09	1.6	0.21	0.0	0.0	14.13					1	0.01	0.01	0.21	0.01	0.01	0.14	0.21	0.0	0.0	90.2					-0.01	-0.01	-0.24	-0.01	-0.01	-0.14	-0.24	0.0	0.0	37.79					-0.01	-0.01	-0.26	-0.01	-0.01	-0.15	-0.26	0.0	0.0	35.12					0.010000000000000009	0.010000000000000009	0.1200000000000001	0.0066225165562914245	0.006644542718668613	0.08000000000000096	0.1200000000000001	0.0034680530710190665	0.003445846081039372	64.53010535936777				
2020-08-05 07:00:00	6000	1.5	1.45	1.5	1.45	1.45	RAD.MI	1.66	1.66	1.6	1.6	2.35	1.45	-1.0	-1.0	-1.0	-1	-1.0	-1.0	1.0	-1.0	-1.0	1.0									-1.0			1.76										-1.0			2.35	0.05	0.05	0.26	0.03	0.03	0.13	1.54	0.26	0.0	0.0	23.31					1	0.05	0.05	0.26	0.03	0.03	0.18	0.26	0.0	0.0	123.27					-0.05	-0.05	-0.29	-0.03	-0.03	-0.17	-0.29	0.0	0.0	29.95					-0.05	-0.05	-0.31	-0.03	-0.03	-0.18	-0.31	0.0	0.0	27.18					0.050000000000000044	0.050000000000000044	0.17000000000000015	0.033333333333333326	0.03390155167568134	0.11724137931034573	0.17000000000000015	0.0037087540879164028	0.0036855130997486274	66.10797747173905				
2020-08-06 07:00:00	61500	1.46	1.4	1.43	1.41	1.41	RAD.MI	1.6	1.64	1.57	1.58	2.35	1.45	-1.0	-1.0	-1.0	-1	-1.0	-1.0	1.0	-1.0	-1.0	1.0									-1.0			1.76										-1.0			2.35	0.04	0.04	0.3	0.03	0.03	0.16	1.54	0.3	0.0	0.0	20.89					1	0.04	0.04	0.3	0.03	0.03	0.21	0.3	0.0	0.0	118.81					-0.04	-0.04	-0.33	-0.03	-0.03	-0.19	-0.33	0.0	0.0	33.63					-0.04	-0.04	-0.35	-0.03	-0.03	-0.2	-0.35	0.0	0.0	30.76					0.040000000000000036	0.040000000000000036	0.2100000000000002	0.02758620689655178	0.02797385204240618	0.14893617021276695	0.2100000000000002	0.003907368437417487	0.003883256645416111	67.31341615938074				
2020-08-07 07:00:00	0	1.41	1.41	1.41	1.41	1.41	RAD.MI	1.58	1.58	1.58	1.58	2.35	1.45	-1.0	-1.0	-1.0	-1	-1.0	-1.0	1.0	-1.0	-1.0	1.0		1.41							-1.0			1.76		1.58								-1.0			2.35	-0.0	-0.0	0.3	-0.0	-0.0	0.16	1.54	0.3	0.0	0.0	24.66					1	-0.0	-0.0	0.3	-0.0	-0.0	0.21	0.3	0.0	0.0	131.77					0.0	0.0	-0.33	0.0	0.0	-0.19	-0.33	0.0	0.0	32.58					0.0	0.0	-0.35	0.0	0.0	-0.2	-0.35	0.0	0.0	29.65					-0.0	-0.0	0.2100000000000002	-0.0	-0.0	0.14893617021276695	0.2100000000000002	0.003907368437417487	0.003883256645416111	67.31341615938074				
2020-08-10 07:00:00	4000	1.45	1.43	1.43	1.45	1.45	RAD.MI	1.59	1.61	1.59	1.61	2.35	1.45	-1.0	-1.0	-1.0	-1	-1.0	-1.0	1.0	-1.0	-1.0	1.0									-1.0			1.76	1.61									-1.0			2.35	-0.04	-0.04	0.26	-0.03	-0.03	0.13	1.54	0.26	0.0	0.0	20.9					1	-0.04	-0.04	0.26	-0.03	-0.03	0.18	0.26	0.0	0.0	118.87					0.04	0.04	-0.29	0.03	0.03	-0.17	-0.29	0.0	0.0	33.63					0.04	0.04	-0.31	0.03	0.03	-0.18	-0.31	0.0	0.0	30.75					-0.040000000000000036	-0.040000000000000036	0.17000000000000015	-0.028368794326241176	-0.027973852042406162	0.11724137931034573	0.17000000000000015	0.0036704380139975833	0.0036449359132451065	60.78725063903721				
2020-08-11 07:00:00	36500	1.54	1.42	1.48	1.46	1.46	RAD.MI	1.6	1.66	1.53	1.58	2.35	1.45	-1.0	-1.0	-1.0	0	-1.0	-1.0	1.0	-1.0	-1.0	1.0	1.54		1.54						-1.0			1.76										-1.0			2.35	-0.01	-0.01	0.25	-0.01	-0.01	0.12	1.54	0.25	0.0	0.0	18.41					1	-0.01	-0.01	0.25	-0.01	-0.01	0.17	0.25	0.0	0.0	112.61					0.01	0.01	-0.28	0.01	0.01	-0.16	-0.28	0.0	0.0	33.88					0.01	0.01	-0.3	0.01	0.01	-0.17	-0.3	0.0	0.0	31.01					-0.010000000000000009	-0.010000000000000009	0.16000000000000014	-0.006896551724137945	-0.0068728792877620504	0.10958904109589129	0.16000000000000014	0.0034933258357085937	0.003467120794888423	57.3097038766101				
2020-08-12 07:00:00	23000	1.48	1.4	1.48	1.4	1.4	RAD.MI	1.58	1.58	1.5	1.5	2.35	1.45	-1.0	-1.0	-1.0	-1	-1.0	-1.0	1.0	-1.0	-1.0	1.0									-1.0			1.76										-1.0			2.35	0.06	0.06	0.31	0.04	0.04	0.17	1.54	0.31	0.0	0.0	20.37					1	-0.0	-0.0	0.25	-0.0	-0.0	0.17	0.25	0.0	0.0	112.61					-0.06	-0.06	-0.34	-0.04	-0.04	-0.2	-0.34	0.0	0.0	28.96					-0.06	-0.06	-0.36	-0.04	-0.04	-0.21	-0.36	0.0	0.0	26.18					0.06000000000000005	0.06000000000000005	0.2200000000000002	0.04109589041095896	0.04196419909903219	0.15714285714285814	0.2200000000000002	0.0037828788094919153	0.0037552545759620415	59.08846712991598				
2020-08-13 07:00:00	1000	1.4	1.4	1.4	1.4	1.4	RAD.MI	1.51	1.51	1.51	1.51	2.35	1.45	-1.0	-1.0	-1.0	-1	-1.0	-1.0	1.0	-1.0	-1.0	1.0		1.4		1.4					-1.0			1.76		1.51								-1.0			2.35	-0.0	-0.0	0.31	-0.0	-0.0	0.17	1.54	0.31	0.0	0.0	18.38					1	-0.0	-0.0	0.25	-0.0	-0.0	0.17	0.25	0.0	0.0	107.87					0.0	0.0	-0.34	0.0	0.0	-0.2	-0.34	0.0	0.0	33.92					0.0	0.0	-0.36	0.0	0.0	-0.21	-0.36	0.0	0.0	31.05					-0.0	-0.0	0.2200000000000002	-0.0	-0.0	0.15714285714285814	0.2200000000000002	0.0037828788094919153	0.0037552545759620415	59.08846712991598				
2020-08-14 07:00:00	5500	1.47	1.41	1.44	1.47	1.47	RAD.MI	1.57	1.6	1.54	1.6	2.35	1.45	-1.0	-1.0	-1.0	-1	-1.0	-1.0	1.0	-1.0	-1.0	1.0									-1.0			1.76										-1.0			2.35	-0.07	-0.07	0.24	-0.05	-0.05	0.11	1.54	0.24	0.0	0.0	16.54					1	-0.07	-0.07	0.18	-0.05	-0.05	0.11	0.18	0.0	0.0	98.9					0.07	0.07	-0.27	0.05	0.05	-0.16	-0.27	0.0	0.0	35.11					0.07	0.07	-0.29	0.05	0.05	-0.17	-0.29	0.0	0.0	32.3					-0.07000000000000006	-0.07000000000000006	0.15000000000000013	-0.050000000000000044	-0.04879016416943205	0.10204081632653161	0.15000000000000013	0.003466060323814129	0.0034362192352124232	50.75004446760039				
2020-08-17 07:00:00	3000	1.48	1.48	1.48	1.48	1.48	RAD.MI	1.62	1.62	1.62	1.62	2.35	1.45	-1.0	-1.0	-1.0	-1	-1.0	-1.0	1.0	-1.0	-1.0	1.0	1.48								-1.0			1.76	1.62									-1.0			2.35	-0.01	-0.01	0.23	-0.01	-0.01	0.1	1.54	0.23	0.0	0.0	12.61					1	-0.01	-0.01	0.17	-0.01	-0.01	0.1	0.17	0.0	0.0	88.6					0.01	0.01	-0.26	0.01	0.01	-0.15	-0.26	0.0	0.0	39.55					0.01	0.01	-0.28	0.01	0.01	-0.16	-0.28	0.0	0.0	36.68					-0.010000000000000009	-0.010000000000000009	0.14000000000000012	-0.006802721088435382	-0.006779686985378769	0.09459459459459563	0.14000000000000012	0.0032781183800098296	0.0032475490146117725	47.58421044761387				
2020-08-18 07:00:00	6000	1.48	1.43	1.44	1.43	1.43	RAD.MI	1.58	1.63	1.57	1.57	2.35	1.45	-1.0	-1.0	-1.0	-1	-1.0	-1.0	1.0	-1.0	-1.0	1.0									-1.0			1.76										-1.0			2.35	0.05	0.05	0.28	0.03	0.03	0.14	1.54	0.28	0.0	0.0	14.02					1	0.05	0.05	0.22	0.03	0.03	0.14	0.22	0.0	0.0	92.51					-0.05	-0.05	-0.31	-0.03	-0.03	-0.18	-0.31	0.0	0.0	37.51					-0.05	-0.05	-0.33	-0.03	-0.03	-0.19	-0.33	0.0	0.0	34.71					0.050000000000000044	0.050000000000000044	0.19000000000000017	0.03378378378378377	0.03436764350420777	0.1328671328671338	0.19000000000000017	0.003508381591488021	0.0034765400939853475	49.00499332252004				
2020-08-19 07:00:00	0	1.43	1.43	1.43	1.43	1.43	RAD.MI	1.56	1.56	1.56	1.56	2.35	1.45	-1.0	-1.0	-1.0	-1	-1.0	-1.0	1.0	-1.0	-1.0	1.0		1.43							-1.0			1.76		1.56								-1.0			2.35	-0.0	-0.0	0.28	-0.0	-0.0	0.14	1.54	0.28	0.0	0.0	11.58					1	-0.0	-0.0	0.22	-0.0	-0.0	0.14	0.22	0.0	0.0	85.53					0.0	0.0	-0.31	0.0	0.0	-0.18	-0.31	0.0	0.0	43.1					0.0	0.0	-0.33	0.0	0.0	-0.19	-0.33	0.0	0.0	40.18					-0.0	-0.0	0.19000000000000017	-0.0	-0.0	0.1328671328671338	0.19000000000000017	0.003508381591488021	0.0034765400939853475	49.00499332252004				
2020-08-20 07:00:00	3000	1.49	1.47	1.47	1.49	1.49	RAD.MI	1.62	1.65	1.62	1.65	2.35	1.45	-1.0	-1.0	-1.0	-1	-1.0	-1.0	1.0	-1.0	-1.0	1.0									-1.0			1.76										-1.0			2.35	-0.06	-0.06	0.22	-0.04	-0.04	0.1	1.54	0.22	0.0	0.0	11.06					1	-0.06	-0.06	0.16	-0.04	-0.04	0.1	0.16	0.0	0.0	83.07					0.06	0.06	-0.25	0.04	0.04	-0.14	-0.25	0.0	0.0	43.42					0.06	0.06	-0.27	0.04	0.04	-0.16	-0.27	0.0	0.0	40.52					-0.06000000000000005	-0.06000000000000005	0.13000000000000012	-0.04195804195804209	-0.04110167568555199	0.08724832214765188	0.13000000000000012	0.003198952184355637	0.003165045066960026	42.46255056029867				
2020-08-21 07:00:00	1500	1.49	1.49	1.49	1.49	1.49	RAD.MI	1.65	1.65	1.65	1.65	2.35	1.45	-1.0	-1.0	-1.0	-1	-1.0	-1.0	1.0	-1.0	-1.0	1.0	1.49		1.49						-1.0			1.76	1.65		1.65							-1.0			2.35	-0.0	-0.0	0.22	-0.0	-0.0	0.1	1.54	0.22	0.0	0.0	11.06					1	-0.0	-0.0	0.16	-0.0	-0.0	0.1	0.16	0.0	0.0	83.07					0.0	0.0	-0.25	0.0	0.0	-0.14	-0.25	0.0	0.0	43.42					0.0	0.0	-0.27	0.0	0.0	-0.16	-0.27	0.0	0.0	40.52					-0.0	-0.0	0.13000000000000012	-0.0	-0.0	0.08724832214765188	0.13000000000000012	0.003198952184355637	0.003165045066960026	42.46255056029867				
2020-08-24 07:00:00	1000	1.48	1.48	1.48	1.48	1.48	RAD.MI	1.61	1.61	1.61	1.61	2.35	1.45	-1.0	-1.0	-1.0	-1	-1.0	-1.0	1.0	-1.0	-1.0	1.0									-1.0			1.76										-1.0			2.35	0.01	0.01	0.23	0.01	0.01	0.1	1.54	0.23	0.0	0.0	23.74					1	0.01	0.01	0.17	0.01	0.01	0.1	0.17	0.0	0.0	144.86					-0.01	-0.01	-0.26	-0.01	-0.01	-0.15	-0.26	0.0	0.0	34.3					-0.01	-0.01	-0.28	-0.01	-0.01	-0.16	-0.28	0.0	0.0	31.11					0.010000000000000009	0.010000000000000009	0.14000000000000012	0.006711409395973145	0.006734032181344068	0.0945945945945954	0.14000000000000012	0.003243396796752509	0.003209227432264594	42.73652763256927				
2020-08-25 07:00:00	0	1.48	1.48	1.48	1.48	1.48	RAD.MI	1.61	1.61	1.61	1.61	2.35	1.45	-1.0	-1.0	-1.0	-1	-1.0	-1.0	1.0	-1.0	-1.0	1.0									-1.0			1.76										-1.0			2.35	-0.0	-0.0	0.23	-0.0	-0.0	0.1	1.54	0.23	0.0	0.0	23.74					1	-0.0	-0.0	0.17	-0.0	-0.0	0.1	0.17	0.0	0.0	144.86					0.0	0.0	-0.26	0.0	0.0	-0.15	-0.26	0.0	0.0	34.3					0.0	0.0	-0.28	0.0	0.0	-0.16	-0.28	0.0	0.0	31.11					-0.0	-0.0	0.14000000000000012	-0.0	-0.0	0.0945945945945954	0.14000000000000012	0.003243396796752509	0.003209227432264594	42.73652763256927				
2020-08-26 07:00:00	5000	1.45	1.43	1.45	1.43	1.43	RAD.MI	1.57	1.57	1.55	1.55	2.19	1.45	-1.0	-1.0	-1.0	-1	-1.0	-1.0	1.0	-1.0	-1.0	1.0									-1.0			1.76										-1.0			2.35	0.05	0.05	0.28	0.03	0.03	0.14	1.54	0.28	0.0	0.0	24.24					1	0.05	0.05	0.22	0.03	0.03	0.14	0.22	0.0	0.0	149.78					-0.05	-0.05	-0.31	-0.03	-0.03	-0.18	-0.31	0.0	0.0	28.23					-0.05	-0.05	-0.33	-0.03	-0.03	-0.19	-0.33	0.0	0.0	25.06					0.050000000000000044	0.050000000000000044	0.19000000000000017	0.03378378378378377	0.03436764350420777	0.13286713286713359	0.19000000000000017	0.003470223243880279	0.0034346998713254973	44.07441515403202				
2020-08-27 07:00:00	7000	1.4	1.37	1.4	1.38	1.38	RAD.MI	1.54	1.54	1.51	1.52	2.08	1.45	-1.0	-1.0	-1.0	-1	-1.0	-1.0	1.0	-1.0	-1.0	1.0		1.37							-1.0			1.76		1.51		1.51						-1.0			2.35	0.05	0.05	0.33	0.03	0.04	0.18	1.54	0.33	0.0	0.0	25.75					1	0.05	0.05	0.27	0.03	0.04	0.18	0.27	0.0	0.0	153.95					-0.05	-0.05	-0.36	-0.03	-0.04	-0.21	-0.36	0.0	0.0	23.19					-0.05	-0.05	-0.38	-0.03	-0.04	-0.22	-0.38	0.0	0.0	20.08					0.050000000000000044	0.050000000000000044	0.2400000000000002	0.034965034965035	0.03559094510270263	0.17391304347826186	0.2400000000000002	0.003906894377402452	0.0038707303097793577	48.190578327496375				
2020-08-28 07:00:00	7000	1.42	1.38	1.42	1.38	1.38	RAD.MI	1.56	1.56	1.52	1.52	2.08	1.45	-1.0	-1.0	-1.0	-1	-1.0	-1.0	1.0	-1.0	-1.0	1.0	1.42			1.38					-1.0			1.76										-1.0			2.35	-0.0	-0.0	0.33	-0.0	-0.0	0.18	1.54	0.33	0.0	0.0	30.25					1	-0.0	-0.0	0.27	-0.0	-0.0	0.18	0.27	0.0	0.0	153.95					0.0	0.0	-0.36	0.0	0.0	-0.21	-0.36	0.0	0.0	27.6					0.0	0.0	-0.38	0.0	0.0	-0.22	-0.38	0.0	0.0	24.43					-0.0	-0.0	0.2400000000000002	-0.0	-0.0	0.17391304347826186	0.2400000000000002	0.003698154753277824	0.003663221168567654	47.10188887455607				
2020-08-31 07:00:00	7500	1.39	1.37	1.39	1.37	1.37	RAD.MI	1.55	1.55	1.52	1.52	2.08	1.45	-1.0	-1.0	-1.0	-1	-1.0	-1.0	1.0	-1.0	-1.0	1.0									-1.0			1.76										-1.0			2.35	0.01	0.01	0.34	0.01	0.01	0.19	1.54	0.34	0.0	0.0	30.29					1	0.01	0.01	0.28	0.01	0.01	0.19	0.28	0.0	0.0	154.71					-0.01	-0.01	-0.37	-0.01	-0.01	-0.21	-0.37	0.0	0.0	24.49					-0.01	-0.01	-0.39	-0.01	-0.01	-0.22	-0.39	0.0	0.0	21.32					0.009999999999999787	0.009999999999999787	0.25	0.007246376811594013	0.007272759329079585	0.1824817518248183	0.25	0.003945531094247483	0.0039111134953933036	50.25957732059801				
2020-09-01 07:00:00	2000	1.38	1.37	1.38	1.37	1.37	RAD.MI	1.54	1.54	1.53	1.53	1.97	1.45	-1.0	-1.0	-1.0	-1	-1.0	-1.0	1.0	-1.0	-1.0	1.0		1.37							-1.0			1.76										-1.0			2.35	-0.0	-0.0	0.34	-0.0	-0.0	0.19	1.54	0.34	0.0	0.0	30.29					1	-0.0	-0.0	0.28	-0.0	-0.0	0.19	0.28	0.0	0.0	154.71					0.0	0.0	-0.37	0.0	0.0	-0.21	-0.37	0.0	0.0	24.49					0.0	0.0	-0.39	0.0	0.0	-0.22	-0.39	0.0	0.0	21.32					-0.0	-0.0	0.25	-0.0	-0.0	0.1824817518248183	0.25	0.003945531094247483	0.0039111134953933036	50.25957732059801				
2020-09-02 07:00:00	3500	1.4	1.38	1.4	1.4	1.4	RAD.MI	1.54	1.54	1.52	1.54	1.97	1.45	-1.0	-1.0	-1.0	-1	-1.0	-1.0	1.0	-1.0	-1.0	1.0									-1.0			1.76										-1.0			2.35	-0.03	-0.03	0.31	-0.02	-0.02	0.17	1.54	0.31	0.0	0.0	31.08					1	-0.03	-0.03	0.25	-0.02	-0.02	0.17	0.25	0.0	0.0	140.61					0.03	0.03	-0.34	0.02	0.02	-0.2	-0.34	0.0	0.0	30.19					0.03	0.03	-0.36	0.02	0.02	-0.21	-0.36	0.0	0.0	27.0					-0.029999999999999805	-0.029999999999999805	0.2200000000000002	-0.021897810218977964	-0.02166149678117925	0.15714285714285792	0.2200000000000002	0.003482143841038303	0.0034475691898701033	44.6897755575186				
2020-09-03 07:00:00	0	1.4	1.4	1.4	1.4	1.4	RAD.MI	1.56	1.56	1.56	1.56	1.95	1.45	-1.0	-1.0	-1.0	-1	-1.0	-1.0	1.0	-1.0	-1.0	1.0									-1.0			1.76										-1.0			2.35	-0.0	-0.0	0.31	-0.0	-0.0	0.17	1.54	0.31	0.0	0.0	37.18					1	-0.0	-0.0	0.25	-0.0	-0.0	0.17	0.25	0.0	0.0	140.61					0.0	0.0	-0.34	0.0	0.0	-0.2	-0.34	0.0	0.0	36.24					0.0	0.0	-0.36	0.0	0.0	-0.21	-0.36	0.0	0.0	32.93					-0.0	-0.0	0.2200000000000002	-0.0	-0.0	0.15714285714285792	0.2200000000000002	0.0031704597362845204	0.0031376738914841162	42.82815542609678				
2020-09-04 07:00:00	0	1.4	1.4	1.4	1.4	1.4	RAD.MI	1.58	1.58	1.58	1.58	1.95	1.45	-1.0	-1.0	-1.0	-1	-1.0	-1.0	1.0	-1.0	-1.0	1.0									-1.0			1.76	1.58									-1.0			2.35	-0.0	-0.0	0.31	-0.0	-0.0	0.17	1.54	0.31	0.0	0.0	44.78					1	-0.0	-0.0	0.25	-0.0	-0.0	0.17	0.25	0.0	0.0	140.61					0.0	0.0	-0.34	0.0	0.0	-0.2	-0.34	0.0	0.0	43.75					0.0	0.0	-0.36	0.0	0.0	-0.21	-0.36	0.0	0.0	40.28					-0.0	-0.0	0.2200000000000002	-0.0	-0.0	0.15714285714285792	0.2200000000000002	0.0027955367568426215	0.002764840170574434	40.31206173545981				
2020-09-07 07:00:00	0	1.4	1.4	1.4	1.4	1.4	RAD.MI	1.55	1.55	1.55	1.55	1.95	1.45	-1.0	-1.0	-1.0	-1	-1.0	-1.0	1.0	-1.0	-1.0	1.0									-1.0			1.76		1.55								-1.0			2.35	-0.0	-0.0	0.31	-0.0	-0.0	0.17	1.54	0.31	0.0	0.0	44.13					1	-0.0	-0.0	0.25	-0.0	-0.0	0.17	0.25	0.0	0.0	140.61					0.0	0.0	-0.34	0.0	0.0	-0.2	-0.34	0.0	0.0	43.08					0.0	0.0	-0.36	0.0	0.0	-0.21	-0.36	0.0	0.0	39.58					-0.0	-0.0	0.2200000000000002	-0.0	-0.0	0.15714285714285792	0.2200000000000002	0.003007803537930763	0.0029781096546819263	44.12672973829599				
2020-09-08 07:00:00	0	1.4	1.4	1.4	1.4	1.4	RAD.MI	1.58	1.58	1.58	1.58	1.95	1.45	-1.0	-1.0	-1.0	-1	-1.0	-1.0	1.0	-1.0	-1.0	1.0									-1.0			1.76	1.58									-1.0			2.35	-0.0	-0.0	0.31	-0.0	-0.0	0.17	1.49	0.31	0.0	0.0	42.78					1	-0.0	-0.0	0.25	-0.0	-0.0	0.17	0.25	0.0	0.0	140.61					0.0	0.0	-0.34	0.0	0.0	-0.2	-0.34	0.0	0.0	41.71					0.0	0.0	-0.36	0.0	0.0	-0.21	-0.36	0.0	0.0	38.14					-0.0	-0.0	0.2200000000000002	-0.0	-0.0	0.15714285714285792	0.2200000000000002	0.0032596456014336887	0.0032314401510138424	49.50608878238057				
2020-09-09 07:00:00	2000	1.4	1.4	1.4	1.4	1.4	RAD.MI	1.55	1.55	1.55	1.55	1.94	1.45	-1.0	-1.0	-1.0	-1	-1.0	-1.0	1.0	-1.0	-1.0	1.0									-1.0			1.76		1.55								-1.0			2.35	-0.0	-0.0	0.31	-0.0	-0.0	0.17	1.49	0.31	0.0	0.0	46.69					1	-0.0	-0.0	0.25	-0.0	-0.0	0.17	0.25	0.0	0.0	140.61					0.0	0.0	-0.34	0.0	0.0	-0.2	-0.34	0.0	0.0	45.59					0.0	0.0	-0.36	0.0	0.0	-0.21	-0.36	0.0	0.0	41.98					-0.0	-0.0	0.2200000000000002	-0.0	-0.0	0.15714285714285792	0.2200000000000002	0.0031638107275250857	0.0031360842065593086	48.86917485352754				
2020-09-10 07:00:00	352000	1.85	1.45	1.45	1.59	1.59	RAD.MI	1.6	2.04	1.6	1.75	2.04	1.45	1.0	1.0	1.0	1	-1.0	-1.0	1.0	-1.0	-1.0	1.0	1.85		1.85		1.85				-1.0			1.76	2.04		2.04		2.04					-1.0			2.35	-0.19	-0.19	0.12	-0.14	-0.13	0.03	1.85	0.12	0.0	0.0	32.75					1	-0.19	-0.19	0.06	-0.14	-0.13	0.03	0.06	0.0	0.0	95.99					0.19	0.19	-0.15	0.14	0.13	-0.09	-0.15	0.0	0.0	50.99					0.19	0.19	-0.17	0.14	0.13	-0.1	-0.17	0.0	0.0	47.65					-0.19000000000000017	-0.19000000000000017	0.030000000000000027	-0.1357142857142859	-0.12726177961092738	0.01886792452830255	0.030000000000000027	0.002595636207018958	0.002562771106310313	34.55509222824729				
2020-09-11 07:00:00	247000	1.73	1.42	1.64	1.42	1.42	RAD.MI	1.81	1.91	1.56	1.56	2.04	1.45	1.0	1.0	1.0	1	-1.0	-1.0	1.0	-1.0	-1.0	1.0									-1.0			1.76										-1.0			2.35	-0.17	-0.17	-0.05	-0.11	-0.11	-0.08	1.85	-0.05	0.0	0.0	26.25					1	-0.17	-0.17	-0.11	-0.11	-0.11	-0.08	-0.11	0.0	0.0	68.89					-0.17	-0.17	-0.32	-0.11	-0.11	-0.18	-0.32	0.0	0.0	42.42					-0.17	-0.17	-0.34	-0.11	-0.11	-0.2	-0.34	0.0	0.0	39.34					0.17000000000000015	0.17000000000000015	0.20000000000000018	0.10691823899371078	0.11307714461897089	0.1408450704225359	0.20000000000000018	0.0032203857784038593	0.003183965965600777	38.530241879153095				
2020-09-14 07:00:00	58500	1.47	1.39	1.47	1.43	1.43	RAD.MI	1.62	1.62	1.53	1.58	2.04	1.45	1.0	1.0	1.0	1	-1.0	-1.0	1.0	-1.0	-1.0	1.0									-1.0			1.76										-1.0			2.35	0.01	0.01	-0.04	0.01	0.01	-0.08	1.85	-0.04	0.0	0.0	26.6					1	0.01	0.01	-0.1	0.01	0.01	-0.08	-0.1	0.0	0.0	69.73					0.01	0.01	-0.31	0.01	0.01	-0.18	-0.31	0.0	0.0	42.67					0.01	0.01	-0.33	0.01	0.01	-0.19	-0.33	0.0	0.0	39.61					-0.010000000000000009	-0.010000000000000009	0.19000000000000017	-0.007042253521126751	-0.00701757265864654	0.13286713286713359	0.19000000000000017	0.003014377291221234	0.002977087900877251	35.79283545663936				
2020-09-15 07:00:00	11500	1.43	1.39	1.39	1.43	1.43	RAD.MI	1.52	1.56	1.52	1.56	2.04	1.45	1.0	1.0	1.0	1	-1.0	-1.0	1.0	-1.0	-1.0	1.0									-1.0			1.76										-1.0			2.35	0.0	0.0	-0.04	0.0	0.0	-0.08	1.85	-0.04	0.0	0.0	26.25					1	0.0	0.0	-0.1	0.0	0.0	-0.08	-0.1	0.0	0.0	69.73					0.0	0.0	-0.31	0.0	0.0	-0.18	-0.31	0.0	0.0	42.41					0.0	0.0	-0.33	0.0	0.0	-0.19	-0.33	0.0	0.0	39.34					-0.0	-0.0	0.19000000000000017	-0.0	-0.0	0.13286713286713359	0.19000000000000017	0.003220705442756555	0.003184289629706294	38.53824493506134				
2020-09-16 07:00:00	19000	1.43	1.38	1.42	1.38	1.38	RAD.MI	1.55	1.56	1.51	1.51	2.04	1.45	1.0	1.0	1.0	1	-1.0	-1.0	1.0	-1.0	-1.0	1.0									-1.0			1.76		1.51		1.51						-1.0			2.35	-0.05	-0.05	-0.09	-0.03	-0.04	-0.11	1.85	-0.09	0.0	0.0	21.84					1	-0.05	-0.05	-0.15	-0.03	-0.04	-0.11	-0.15	0.0	0.0	60.14					-0.05	-0.05	-0.36	-0.03	-0.04	-0.21	-0.36	0.0	0.0	37.39					-0.05	-0.05	-0.38	-0.03	-0.04	-0.22	-0.38	0.0	0.0	34.41					0.050000000000000044	0.050000000000000044	0.2400000000000002	0.034965034965035	0.03559094510270263	0.17391304347826164	0.2400000000000002	0.003462723869454933	0.003424882451591449	39.869951286010334				
2020-09-17 07:00:00	4000	1.41	1.38	1.4	1.41	1.41	RAD.MI	1.55	1.56	1.53	1.56	2.04	1.45	1.0	1.0	1.0	1	-1.0	-1.0	1.0	-1.0	-1.0	1.0									-1.0			1.76										-1.0			2.35	0.03	0.03	-0.06	0.02	0.02	-0.09	1.85	-0.06	0.0	0.0	30.4					1	0.03	0.03	-0.12	0.02	0.02	-0.09	-0.12	0.0	0.0	62.67					0.03	0.03	-0.33	0.02	0.02	-0.19	-0.33	0.0	0.0	34.97					0.03	0.03	-0.35	0.02	0.02	-0.2	-0.35	0.0	0.0	31.86					-0.030000000000000027	-0.030000000000000027	0.2100000000000002	-0.021739130434782705	-0.021506205220963682	0.14893617021276673	0.2100000000000002	0.0036552737119935046	0.003619847983200586	45.028018384374406				
2020-09-18 07:00:00	13500	1.41	1.38	1.38	1.38	1.38	RAD.MI	1.54	1.58	1.54	1.54	2.04	1.45	1.0	1.0	1.0	1	-1.0	-1.0	1.0	-1.0	-1.0	1.0									-1.0			1.76										-1.0			2.35	-0.03	-0.03	-0.09	-0.02	-0.02	-0.11	1.85	-0.09	0.0	0.0	23.9					1	-0.03	-0.03	-0.15	-0.02	-0.02	-0.11	-0.15	0.0	0.0	55.82					-0.03	-0.03	-0.36	-0.02	-0.02	-0.21	-0.36	0.0	0.0	37.52					-0.03	-0.03	-0.38	-0.02	-0.02	-0.22	-0.38	0.0	0.0	34.33					0.030000000000000027	0.030000000000000027	0.2400000000000002	0.021276595744680882	0.02150620522096362	0.17391304347826164	0.2400000000000002	0.003436327490487402	0.0034021503405305964	43.82775607399196				
2020-09-21 07:00:00	10500	1.38	1.38	1.38	1.38	1.38	RAD.MI	1.6	1.6	1.6	1.6	2.04	1.45	1.0	1.0	1.0	1	-1.0	-1.0	1.0	-1.0	-1.0	1.0		1.38							-1.0			1.76	1.6									-1.0			2.35	0.0	0.0	-0.09	0.0	0.0	-0.11	1.85	-0.09	0.0	0.0	26.67					1	0.0	0.0	-0.15	0.0	0.0	-0.11	-0.15	0.0	0.0	55.82					0.0	0.0	-0.36	0.0	0.0	-0.21	-0.36	0.0	0.0	37.22					0.0	0.0	-0.38	0.0	0.0	-0.22	-0.38	0.0	0.0	34.02					-0.0	-0.0	0.2400000000000002	-0.0	-0.0	0.17391304347826164	0.2400000000000002	0.003634796038733382	0.003601459513884908	46.7320764300999				
2020-09-22 07:00:00	10000	1.4	1.38	1.4	1.38	1.38	RAD.MI	1.62	1.62	1.59	1.59	2.04	1.45	1.0	1.0	1.0	1	-1.0	-1.0	1.0	-1.0	-1.0	1.0	1.4								-1.0			1.76										-1.0			2.35	0.0	0.0	-0.09	0.0	0.0	-0.11	1.85	-0.09	0.0	0.0	26.67					1	0.0	0.0	-0.15	0.0	0.0	-0.11	-0.15	0.0	0.0	55.82					0.0	0.0	-0.36	0.0	0.0	-0.21	-0.36	0.0	0.0	37.22					0.0	0.0	-0.38	0.0	0.0	-0.22	-0.38	0.0	0.0	34.02					-0.0	-0.0	0.2400000000000002	-0.0	-0.0	0.17391304347826164	0.2400000000000002	0.003634796038733382	0.003601459513884908	46.7320764300999				
2020-09-23 07:00:00	7000	1.38	1.37	1.38	1.38	1.38	RAD.MI	1.59	1.59	1.58	1.59	2.04	1.45	1.0	1.0	1.0	-1	-1.0	-1.0	1.0	-1.0	-1.0	1.0									-1.0			1.76										-1.0			2.35	0.0	0.0	-0.09	0.0	0.0	-0.11	1.85	-0.09	0.0	0.0	25.51					1	0.0	0.0	-0.15	0.0	0.0	-0.11	-0.15	0.0	0.0	55.82					0.0	0.0	-0.36	0.0	0.0	-0.21	-0.36	0.0	0.0	41.26					0.0	0.0	-0.38	0.0	0.0	-0.22	-0.38	0.0	0.0	38.01					-0.0	-0.0	0.2400000000000002	-0.0	-0.0	0.17391304347826164	0.2400000000000002	0.0034915382977392193	0.003458978614782504	45.93767992786674				
2020-09-24 07:00:00	5500	1.37	1.37	1.37	1.37	1.37	RAD.MI	1.58	1.58	1.58	1.58	2.04	1.45	1.0	1.0	1.0	-1	-1.0	-1.0	1.0	-1.0	-1.0	1.0									-1.0			1.76										-1.0			2.35	-0.01	-0.01	-0.1	-0.01	-0.01	-0.12	1.85	-0.1	0.0	0.0	25.97					1	0.01	0.01	-0.14	0.01	0.01	-0.1	-0.14	0.0	0.0	56.66					-0.01	-0.01	-0.37	-0.01	-0.01	-0.21	-0.37	0.0	0.0	37.72					-0.01	-0.01	-0.39	-0.01	-0.01	-0.22	-0.39	0.0	0.0	34.46					0.009999999999999787	0.009999999999999787	0.25	0.007246376811594013	0.007272759329079585	0.18248175182481807	0.25	0.0037585140849050788	0.0037267918015315704	49.86004906636072				
2020-09-25 07:00:00	5000	1.37	1.32	1.37	1.32	1.32	RAD.MI	1.6	1.6	1.54	1.54	2.04	1.45	1.0	1.0	1.0	-1	-1.0	-1.0	1.0	-1.0	-1.0	1.0		1.32		1.32					-1.0			1.76										-1.0			2.35	-0.05	-0.05	-0.15	-0.04	-0.04	-0.15	1.85	-0.15	0.0	0.0	21.17					1	0.05	0.05	-0.09	0.04	0.04	-0.07	-0.09	0.0	0.0	60.53					-0.05	-0.05	-0.42	-0.04	-0.04	-0.24	-0.42	0.0	0.0	32.44					-0.05	-0.05	-0.44	-0.04	-0.04	-0.25	-0.44	0.0	0.0	29.27					0.050000000000000044	0.050000000000000044	0.30000000000000004	0.03649635036496357	0.03717900324175413	0.22727272727272796	0.30000000000000004	0.004018767107597358	0.003985677922910602	51.19091957418404				
2020-09-28 07:00:00	1500	1.36	1.34	1.34	1.36	1.36	RAD.MI	1.53	1.55	1.53	1.55	2.04	1.45	1.0	1.0	1.0	-1	-1.0	-1.0	1.0	-1.0	-1.0	1.0	1.36								-1.0			1.76		1.53								-1.0			2.35	0.04	0.04	-0.11	0.03	0.03	-0.12	1.85	-0.11	0.0	0.0	22.48					1	-0.04	-0.04	-0.13	-0.03	-0.03	-0.09	-0.13	0.0	0.0	53.07					0.04	0.04	-0.38	0.03	0.03	-0.22	-0.38	0.0	0.0	36.55					0.04	0.04	-0.4	0.03	0.03	-0.23	-0.4	0.0	0.0	33.43					-0.040000000000000036	-0.040000000000000036	0.26	-0.030303030303030276	-0.02985296314968113	0.19117647058823595	0.26	0.003701016465784471	0.003666431196929665	45.86581286827586				
2020-09-29 07:00:00	1000	1.34	1.34	1.34	1.34	1.34	RAD.MI	1.54	1.54	1.54	1.54	2.04	1.45	1.0	1.0	1.0	-1	-1.0	-1.0	1.0	-1.0	-1.0	1.0		1.34							-1.0			1.76										-1.0			2.35	-0.02	-0.02	-0.13	-0.01	-0.01	-0.13	1.85	-0.13	0.0	0.0	19.29					1	0.02	0.02	-0.11	0.01	0.01	-0.08	-0.11	0.0	0.0	54.52					-0.02	-0.02	-0.4	-0.01	-0.01	-0.23	-0.4	0.0	0.0	33.19					-0.02	-0.02	-0.42	-0.01	-0.01	-0.24	-0.42	0.0	0.0	30.1					0.020000000000000018	0.020000000000000018	0.28	0.014705882352941235	0.0148150857851407	0.20895522388059762	0.28	0.0038032405577019426	0.003768085092809015	46.3914920349326				
2020-09-30 07:00:00	29000	1.43	1.32	1.33	1.43	1.43	RAD.MI	1.53	1.64	1.52	1.64	2.04	1.45	1.0	1.0	1.0	-1	-1.0	-1.0	1.0	-1.0	-1.0	1.0									-1.0			1.76										-1.0			2.35	0.09	0.09	-0.04	0.07	0.07	-0.08	1.85	-0.04	0.0	0.0	20.54					1	-0.09	-0.09	-0.2	-0.07	-0.07	-0.14	-0.2	0.0	0.0	43.55					0.09	0.09	-0.31	0.07	0.07	-0.18	-0.31	0.0	0.0	41.37					0.09	0.09	-0.33	0.07	0.07	-0.19	-0.33	0.0	0.0	38.3					-0.08999999999999986	-0.08999999999999986	0.19000000000000017	-0.06716417910447747	-0.06500483030899579	0.13286713286713359	0.19000000000000017	0.003124589561635001	0.003087916603801144	37.14190130465184				
2020-10-01 07:00:00	9500	1.45	1.4	1.43	1.4	1.4	RAD.MI	1.64	1.66	1.6	1.6	2.04	1.45	1.0	1.0	1.0	-1	-1.0	-1.0	1.0	-1.0	-1.0	1.0	1.45								-1.0			1.76	1.66		1.66							-1.0			2.35	-0.03	-0.03	-0.07	-0.02	-0.02	-0.1	1.85	-0.07	0.0	0.0	12.98					1	0.03	0.03	-0.17	0.02	0.02	-0.12	-0.17	0.0	0.0	45.56					-0.03	-0.03	-0.34	-0.02	-0.02	-0.2	-0.34	0.0	0.0	45.47					-0.03	-0.03	-0.36	-0.02	-0.02	-0.21	-0.36	0.0	0.0	42.27					0.030000000000000027	0.030000000000000027	0.2200000000000002	0.020979020979021046	0.02120220765060305	0.15714285714285814	0.2200000000000002	0.002810163864249481	0.00277530900462164	35.214381831703975				
2020-10-02 07:00:00	3500	1.37	1.34	1.37	1.34	1.34	RAD.MI	1.57	1.57	1.53	1.53	2.04	1.45	1.0	1.0	1.0	-1	-1.0	-1.0	1.0	-1.0	-1.0	1.0									-1.0			1.76										-1.0			2.35	-0.06	-0.06	-0.13	-0.04	-0.04	-0.13	1.85	-0.13	0.0	0.0	10.97					1	0.06	0.06	-0.11	0.04	0.04	-0.08	-0.11	0.0	0.0	53.07					-0.06	-0.06	-0.4	-0.04	-0.04	-0.23	-0.4	0.0	0.0	39.1					-0.06	-0.06	-0.42	-0.04	-0.04	-0.24	-0.42	0.0	0.0	36.01					0.05999999999999983	0.05999999999999983	0.28	0.042857142857142705	0.04380262265839277	0.20895522388059784	0.28	0.003315191078788381	0.003279538781569613	39.84360238801445				
2020-10-05 07:00:00	500	1.35	1.35	1.35	1.35	1.35	RAD.MI	1.53	1.53	1.53	1.53	2.04	1.45	1.0	1.0	1.0	-1	-1.0	-1.0	1.0	-1.0	-1.0	1.0									-1.0			1.76										-1.0			2.35	0.01	0.01	-0.12	0.01	0.01	-0.13	1.85	-0.12	0.0	0.0	15.0					1	-0.01	-0.01	-0.12	-0.01	-0.01	-0.09	-0.12	0.0	0.0	54.82					0.01	0.01	-0.39	0.01	0.01	-0.22	-0.39	0.0	0.0	38.5					0.01	0.01	-0.41	0.01	0.01	-0.24	-0.41	0.0	0.0	35.38					-0.010000000000000009	-0.010000000000000009	0.27	-0.00746268656716409	-0.0074349784875179905	0.20000000000000084	0.27	0.0033628681465522063	0.0033278174051194487	41.09813252749523				
2020-10-06 07:00:00	0	1.35	1.35	1.35	1.35	1.35	RAD.MI	1.52	1.52	1.52	1.52	2.04	1.45	1.0	1.0	1.0	-1	-1.0	-1.0	1.0	-1.0	-1.0	1.0									-1.0			1.76										-1.0			2.35	0.0	0.0	-0.12	0.0	0.0	-0.13	1.85	-0.12	0.0	0.0	14.52					1	-0.0	-0.0	-0.12	-0.0	-0.0	-0.09	-0.12	0.0	0.0	54.26					0.0	0.0	-0.39	0.0	0.0	-0.22	-0.39	0.0	0.0	41.35					0.0	0.0	-0.41	0.0	0.0	-0.24	-0.41	0.0	0.0	38.22					-0.0	-0.0	0.27	-0.0	-0.0	0.20000000000000084	0.27	0.0033107924276680636	0.00327603236701135	40.80497911694077				
2020-10-07 07:00:00	2000	1.36	1.33	1.36	1.33	1.33	RAD.MI	1.53	1.53	1.49	1.49	2.04	1.45	1.0	-1.0	-1.0	-1	-1.0	-1.0	1.0	-1.0	-1.0	1.0		1.33	1.36			1.33			-1.0			1.76		1.49								-1.0			2.35	-0.02	-0.02	-0.14	-0.01	-0.01	-0.14	1.85	-0.14	0.0	0.0	15.38					1	0.02	0.02	-0.1	0.01	0.01	-0.07	-0.1	0.0	0.0	62.0					-0.02	-0.02	-0.41	-0.01	-0.01	-0.24	-0.41	0.0	0.0	36.67					-0.02	-0.02	-0.43	-0.01	-0.01	-0.25	-0.43	0.0	0.0	33.51					0.020000000000000018	0.020000000000000018	0.29000000000000004	0.014814814814814836	0.014925650216675706	0.21804511278195582	0.29000000000000004	0.00368499701110375	0.003651439726740424	46.17904684736861				
2020-10-08 07:00:00	8500	1.4	1.32	1.33	1.38	1.38	RAD.MI	1.48	1.56	1.47	1.54	2.04	1.45	1.0	-1.0	-1.0	-1	-1.0	-1.0	1.0	-1.0	-1.0	1.0									-1.0			1.76										-1.0			2.35	0.05	0.05	-0.09	0.04	0.04	-0.11	1.73	-0.09	0.0	0.0	15.35					1	-0.05	-0.05	-0.15	-0.04	-0.04	-0.11	-0.15	0.0	0.0	51.68					0.05	0.05	-0.36	0.04	0.04	-0.21	-0.36	0.0	0.0	43.61					0.05	0.05	-0.38	0.04	0.04	-0.22	-0.38	0.0	0.0	40.43					-0.04999999999999982	-0.04999999999999982	0.2400000000000002	-0.037593984962405846	-0.036904556935450764	0.17391304347826186	0.2400000000000002	0.003133462291936427	0.003099292285299482	39.31900462276091				
2020-10-09 07:00:00	24500	1.45	1.4	1.4	1.44	1.44	RAD.MI	1.56	1.62	1.56	1.6	2.04	1.45	1.0	-1.0	-1.0	-1	-1.0	-1.0	1.0	-1.0	-1.0	1.0	1.45								-1.0			1.76	1.62									-1.0			2.35	0.06	0.06	-0.03	0.04	0.04	-0.07	1.47	-0.03	0.0	0.0	22.03					1	-0.06	-0.06	-0.21	-0.04	-0.04	-0.15	-0.21	0.0	0.0	50.28					0.06	0.06	-0.3	0.04	0.04	-0.17	-0.3	0.0	0.0	44.08					0.06	0.06	-0.32	0.04	0.04	-0.18	-0.32	0.0	0.0	40.91					-0.06000000000000005	-0.06000000000000005	0.18000000000000016	-0.04347826086956519	-0.0425596144187959	0.1250000000000011	0.18000000000000016	0.003094767598473721	0.003060115901068361	38.3131451901971				
2020-10-12 07:00:00	5000	1.41	1.38	1.41	1.38	1.38	RAD.MI	1.56	1.56	1.53	1.53	2.04	1.45	1.0	-1.0	-1.0	-1	-1.0	-1.0	1.0	-1.0	-1.0	1.0									-1.0			1.76										-1.0			2.35	-0.06	-0.06	-0.09	-0.04	-0.04	-0.11	1.45	-0.09	0.0	0.0	17.22					1	0.06	0.06	-0.15	0.04	0.04	-0.11	-0.15	0.0	0.0	53.51					-0.06	-0.06	-0.36	-0.04	-0.04	-0.21	-0.36	0.0	0.0	38.23					-0.06	-0.06	-0.38	-0.04	-0.04	-0.22	-0.38	0.0	0.0	35.19					0.06000000000000005	0.06000000000000005	0.2400000000000002	0.04166666666666674	0.04255961441879601	0.17391304347826209	0.2400000000000002	0.0033884289379634133	0.003352124718935201	39.98596086690989				
2020-10-13 07:00:00	4500	1.38	1.38	1.38	1.38	1.38	RAD.MI	1.54	1.54	1.54	1.54	2.04	1.45	1.0	-1.0	-1.0	-1	-1.0	-1.0	1.0	-1.0	-1.0	1.0									-1.0			1.76										-1.0			2.35	0.0	0.0	-0.09	0.0	0.0	-0.11	1.45	-0.09	0.0	0.0	19.89					1	-0.0	-0.0	-0.15	-0.0	-0.0	-0.11	-0.15	0.0	0.0	57.31					0.0	0.0	-0.36	0.0	0.0	-0.21	-0.36	0.0	0.0	37.95					0.0	0.0	-0.38	0.0	0.0	-0.22	-0.38	0.0	0.0	37.95					-0.0	-0.0	0.2400000000000002	-0.0	-0.0	0.17391304347826209	0.2400000000000002	0.0035946915478329796	0.0035593337267951775	42.7587449806611				
2020-10-14 07:00:00	7500	1.38	1.38	1.38	1.38	1.38	RAD.MI	1.54	1.54	1.54	1.54	2.04	1.45	1.0	-1.0	-1.0	-1	-1.0	-1.0	1.0	-1.0	-1.0	1.0									-1.0			1.76										-1.0			2.35	0.0	0.0	-0.09	0.0	0.0	-0.11	1.45	-0.09	0.0	0.0	19.89					1	-0.0	-0.0	-0.15	-0.0	-0.0	-0.11	-0.15	0.0	0.0	57.31					0.0	0.0	-0.36	0.0	0.0	-0.21	-0.36	0.0	0.0	37.95					0.0	0.0	-0.38	0.0	0.0	-0.22	-0.38	0.0	0.0	37.95					-0.0	-0.0	0.2400000000000002	-0.0	-0.0	0.17391304347826209	0.2400000000000002	0.0035946915478329796	0.0035593337267951775	42.7587449806611				
2020-10-15 07:00:00	8500	1.38	1.32	1.38	1.32	1.32	RAD.MI	1.58	1.58	1.51	1.51	2.04	1.45	1.0	-1.0	-1.0	-1	-1.0	-1.0	1.0	-1.0	-1.0	1.0									-1.0			1.76										-1.0			2.35	-0.06	-0.06	-0.15	-0.04	-0.04	-0.15	1.45	-0.15	0.0	0.0	12.9					1	0.06	0.06	-0.09	0.04	0.04	-0.07	-0.09	0.0	0.0	57.78					-0.06	-0.06	-0.42	-0.04	-0.04	-0.24	-0.42	0.0	0.0	37.39					-0.06	-0.06	-0.44	-0.04	-0.04	-0.25	-0.44	0.0	0.0	37.39					0.05999999999999983	0.05999999999999983	0.30000000000000004	0.04347826086956508	0.04445176257083369	0.2272727272727284	0.30000000000000004	0.0036436509480845124	0.0036080239818121473	43.01040303375599				
2020-10-16 07:00:00	0	1.32	1.32	1.32	1.32	1.32	RAD.MI	1.49	1.49	1.49	1.49	2.04	1.45	1.0	-1.0	-1.0	-1	-1.0	-1.0	1.0	-1.0	-1.0	1.0		1.32							-1.0			1.76		1.49								-1.0			2.35	0.0	0.0	-0.15	0.0	0.0	-0.15	1.45	-0.15	0.0	0.0	16.85					1	-0.0	-0.0	-0.09	-0.0	-0.0	-0.07	-0.09	0.0	0.0	64.34					0.0	0.0	-0.42	0.0	0.0	-0.24	-0.42	0.0	0.0	36.19					0.0	0.0	-0.44	0.0	0.0	-0.25	-0.44	0.0	0.0	36.19					-0.0	-0.0	0.30000000000000004	-0.0	-0.0	0.2272727272727284	0.30000000000000004	0.00391495926552315	0.003881163785935282	47.767507878176076				
2020-10-19 07:00:00	1000	1.32	1.32	1.32	1.32	1.32	RAD.MI	1.49	1.49	1.49	1.49	2.04	1.45	1.0	-1.0	-1.0	-1	-1.0	-1.0	1.0	-1.0	-1.0	1.0									-1.0			1.76										-1.0			2.35	0.0	0.0	-0.15	0.0	0.0	-0.15	1.45	-0.15	0.0	0.0	15.91					1	-0.0	-0.0	-0.09	-0.0	-0.0	-0.07	-0.09	0.0	0.0	63.38					0.0	0.0	-0.42	0.0	0.0	-0.24	-0.42	0.0	0.0	39.63					0.0	0.0	-0.44	0.0	0.0	-0.25	-0.44	0.0	0.0	39.63					-0.0	-0.0	0.30000000000000004	-0.0	-0.0	0.2272727272727284	0.30000000000000004	0.0038089871489847523	0.0037757443839550042	47.243803476861686				
2020-10-20 07:00:00	8500	1.38	1.3	1.3	1.36	1.36	RAD.MI	1.46	1.55	1.46	1.52	2.04	1.45	1.0	-1.0	-1.0	-1	-1.0	-1.0	1.0	-1.0	-1.0	1.0	1.38								-1.0			1.76										-1.0			2.35	0.04	0.04	-0.11	0.03	0.03	-0.12	1.45	-0.11	0.0	0.0	17.75					1	-0.04	-0.04	-0.13	-0.03	-0.03	-0.09	-0.13	0.0	0.0	56.8					0.04	0.04	-0.38	0.03	0.03	-0.22	-0.38	0.0	0.0	40.78					0.04	0.04	-0.4	0.03	0.03	-0.23	-0.4	0.0	0.0	40.78					-0.040000000000000036	-0.040000000000000036	0.26	-0.030303030303030276	-0.02985296314968113	0.1911764705882364	0.26	0.003539844872830574	0.0035047997023729405	42.487041355389856				
2020-10-21 07:00:00	8000	1.38	1.32	1.38	1.32	1.32	RAD.MI	1.58	1.58	1.51	1.51	2.04	1.45	1.0	-1.0	-1.0	-1	-1.0	-1.0	1.0	-1.0	-1.0	1.0									-1.0			1.76	1.58									-1.0			2.35	-0.04	-0.04	-0.15	-0.03	-0.03	-0.15	1.45	-0.15	0.0	0.0	16.5					1	0.04	0.04	-0.09	0.03	0.03	-0.07	-0.09	0.0	0.0	62.54					-0.04	-0.04	-0.42	-0.03	-0.03	-0.24	-0.42	0.0	0.0	35.92					-0.04	-0.04	-0.44	-0.03	-0.03	-0.25	-0.44	0.0	0.0	35.92					0.040000000000000036	0.040000000000000036	0.30000000000000004	0.02941176470588236	0.02985296314968116	0.2272727272727284	0.30000000000000004	0.00395609254222797	0.003920888546426582	46.337027358044935				
2020-10-22 07:00:00	7000	1.36	1.32	1.36	1.32	1.32	RAD.MI	1.56	1.56	1.51	1.51	2.04	1.46	1.0	-1.0	-1.0	-1	-1.0	-1.0	1.0	-1.0	-1.0	1.0									-1.0			1.76										-1.0			2.35	0.0	0.0	-0.15	0.0	0.0	-0.15	1.45	-0.15	0.0	0.0	14.62					1	-0.0	-0.0	-0.09	-0.0	-0.0	-0.07	-0.09	0.0	0.0	60.65					0.0	0.0	-0.42	0.0	0.0	-0.24	-0.42	0.0	0.0	40.54					0.0	0.0	-0.44	0.0	0.0	-0.25	-0.44	0.0	0.0	40.54					-0.0	-0.0	0.30000000000000004	-0.0	-0.0	0.2272727272727284	0.30000000000000004	0.003740924560811134	0.0037068612667925382	45.290201148103094				
2020-10-23 07:00:00	3500	1.32	1.31	1.32	1.31	1.31	RAD.MI	1.49	1.49	1.48	1.48	2.04	1.46	1.0	-1.0	-1.0	-1	-1.0	-1.0	1.0	-1.0	-1.0	1.0									-1.0			1.76		1.48		1.48						-1.0			2.35	-0.01	-0.01	-0.16	-0.01	-0.01	-0.15	1.45	-0.16	0.0	0.0	20.79					1	0.01	0.01	-0.08	0.01	0.01	-0.06	-0.08	0.0	0.0	79.1					-0.01	-0.01	-0.43	-0.01	-0.01	-0.25	-0.43	0.0	0.0	32.84					-0.01	-0.01	-0.45	-0.01	-0.01	-0.26	-0.45	0.0	0.0	32.84					0.010000000000000009	0.010000000000000009	0.31000000000000005	0.007575757575757569	0.007604599385219304	0.23664122137404697	0.31000000000000005	0.004283210071099315	0.004253499938885685	58.37706687903461				
2020-10-26 08:00:00	3000	1.3	1.29	1.3	1.29	1.29	RAD.MI	1.5	1.5	1.49	1.49	2.04	1.46	1.0	-1.0	-1.0	-1	-1.0	-1.0	1.0	-1.0	-1.0	1.0		1.29							-1.0			1.76										-1.0			2.35	-0.02	-0.02	-0.18	-0.02	-0.02	-0.17	1.45	-0.18	0.0	0.0	23.45					1	0.02	0.02	-0.06	0.02	0.02	-0.05	-0.06	0.0	0.0	80.01					-0.02	-0.02	-0.45	-0.02	-0.02	-0.26	-0.45	0.0	0.0	26.29					-0.02	-0.02	-0.47	-0.02	-0.02	-0.27	-0.47	0.0	0.0	26.29					0.020000000000000018	0.020000000000000018	0.33000000000000007	0.01526717557251911	0.015384918839479456	0.2558139534883732	0.33000000000000007	0.004712136169806185	0.004684380731668547	67.65450750090774				
2020-10-27 08:00:00	500	1.33	1.33	1.33	1.33	1.33	RAD.MI	1.56	1.56	1.56	1.56	2.04	1.46	1.0	-1.0	-1.0	-1	-1.0	-1.0	1.0	-1.0	-1.0	1.0	1.33								-1.0			1.76	1.56									-1.0			2.35	0.04	0.04	-0.14	0.03	0.03	-0.14	1.45	-0.14	0.0	0.0	28.69					1	-0.04	-0.04	-0.1	-0.03	-0.03	-0.07	-0.1	0.0	0.0	72.31					0.04	0.04	-0.41	0.03	0.03	-0.24	-0.41	0.0	0.0	27.32					0.04	0.04	-0.43	0.03	0.03	-0.25	-0.43	0.0	0.0	27.32					-0.040000000000000036	-0.040000000000000036	0.29000000000000004	-0.03100775193798455	-0.030536723860081702	0.21804511278195582	0.29000000000000004	0.004664752443306355	0.004636410463895624	65.45002644775242				
2020-10-28 08:00:00	7000	1.3	1.24	1.29	1.24	1.24	RAD.MI	1.57	1.59	1.51	1.51	2.04	1.46	1.0	-1.0	-1.0	-1	-1.0	-1.0	1.0	-1.0	-1.0	1.0									-1.0	1.24		1.76										-1.0			2.35	-0.09	-0.09	-0.23	-0.07	-0.07	-0.2	1.45	-0.23	0.0	0.0	25.04					1	0.09	0.09	-0.01	0.07	0.07	-0.01	-0.01	0.0	0.0	76.09					-0.09	-0.09	-0.5	-0.07	-0.07	-0.29	-0.5	0.0	0.0	18.83					-0.09	-0.09	-0.52	-0.07	-0.07	-0.3	-0.52	0.0	0.0	18.83					0.09000000000000008	0.09000000000000008	0.3800000000000001	0.06766917293233088	0.07006756261671696	0.3064516129032271	0.3800000000000001	0.005402632123324868	0.0053732901075622674	72.25746674931315				
2020-10-29 08:00:00	3000	1.25	1.25	1.25	1.25	1.25	RAD.MI	1.53	1.53	1.53	1.53	2.04	1.46	1.0	-1.0	-1.0	-1	-1.0	-1.0	1.0	-1.0	-1.0	1.0		1.25							-1.0			1.76		1.53								-1.0			2.35	0.01	0.01	-0.22	0.01	0.01	-0.19	1.45	-0.22	0.0	0.0	24.39					1	-0.01	-0.01	-0.02	-0.01	-0.01	-0.02	-0.02	0.0	0.0	72.08					0.01	0.01	-0.49	0.01	0.01	-0.28	-0.49	0.0	0.0	22.95					0.01	0.01	-0.51	0.01	0.01	-0.29	-0.51	0.0	0.0	22.95					-0.010000000000000009	-0.010000000000000009	0.3700000000000001	-0.008064516129032251	-0.008032171697264253	0.29600000000000115	0.3700000000000001	0.005066377172730263	0.005036698538719575	68.36212150648332				
2020-10-30 08:00:00	3000	1.29	1.26	1.26	1.29	1.29	RAD.MI	1.53	1.57	1.53	1.57	2.04	1.46	1.0	-1.0	-1.0	-1	-1.0	-1.0	1.0	-1.0	-1.0	1.0									-1.0			1.76	1.57		1.57							-1.0			2.35	0.04	0.04	-0.18	0.03	0.03	-0.17	1.45	-0.18	0.0	0.0	26.19					1	-0.04	-0.04	-0.06	-0.03	-0.03	-0.05	-0.06	0.0	0.0	65.06					0.04	0.04	-0.45	0.03	0.03	-0.26	-0.45	0.0	0.0	24.73					0.04	0.04	-0.47	0.03	0.03	-0.27	-0.47	0.0	0.0	24.73					-0.040000000000000036	-0.040000000000000036	0.33000000000000007	-0.03200000000000003	-0.031498667059371016	0.2558139534883732	0.33000000000000007	0.004804666979979434	0.004773194723743712	62.250812797802546				
2020-11-02 08:00:00	8000	1.32	1.29	1.29	1.32	1.32	RAD.MI	1.53	1.57	1.53	1.57	2.04	1.46	1.0	-1.0	-1.0	-1	-1.0	-1.0	1.0	-1.0	-1.0	1.0									-1.0			1.76										-1.0			2.35	0.03	0.03	-0.15	0.02	0.02	-0.15	1.45	-0.15	0.0	0.0	27.4					1	-0.03	-0.03	-0.09	-0.02	-0.02	-0.07	-0.09	0.0	0.0	59.46					0.03	0.03	-0.42	0.02	0.02	-0.24	-0.42	0.0	0.0	25.94					0.03	0.03	-0.44	0.02	0.02	-0.25	-0.44	0.0	0.0	25.94					-0.030000000000000027	-0.030000000000000027	0.30000000000000004	-0.023255813953488413	-0.02298951822469878	0.2272727272727284	0.30000000000000004	0.004561333585437283	0.0045283456266012045	57.43004868795849				
2020-11-03 08:00:00	2000	1.35	1.3	1.35	1.33	1.33	RAD.MI	1.55	1.55	1.5	1.53	2.04	1.46	1.0	-1.0	-1.0	-1	-1.0	-1.0	1.0	-1.0	-1.0	1.0									-1.0			1.76										-1.0			2.35	0.01	0.01	-0.14	0.01	0.01	-0.14	1.45	-0.14	0.0	0.0	31.84					1	-0.01	-0.01	-0.1	-0.01	-0.01	-0.07	-0.1	0.0	0.0	55.81					0.01	0.01	-0.41	0.01	0.01	-0.24	-0.41	0.0	0.0	25.0					0.01	0.01	-0.43	0.01	0.01	-0.25	-0.43	0.0	0.0	25.0					-0.010000000000000009	-0.010000000000000009	0.29000000000000004	-0.007575757575757569	-0.007547205635382904	0.21804511278195582	0.29000000000000004	0.004613336036467528	0.004581009155932403	59.39235982109652				
2020-11-04 08:00:00	500	1.33	1.33	1.33	1.33	1.33	RAD.MI	1.5	1.5	1.5	1.5	2.04	1.46	1.0	-1.0	-1.0	-1	-1.0	-1.0	1.0	-1.0	-1.0	1.0									-1.0			1.76										-1.0			2.35	0.0	0.0	-0.14	0.0	0.0	-0.14	1.45	-0.14	0.0	0.0	35.06					1	-0.0	-0.0	-0.1	-0.0	-0.0	-0.07	-0.1	0.0	0.0	55.81					0.0	0.0	-0.41	0.0	0.0	-0.24	-0.41	0.0	0.0	24.32					0.0	0.0	-0.43	0.0	0.0	-0.25	-0.43	0.0	0.0	24.32					-0.0	-0.0	0.29000000000000004	-0.0	-0.0	0.21804511278195582	0.29000000000000004	0.0048255060477538116	0.004794299743881014	63.114268452154484				
2020-11-05 08:00:00	1500	1.35	1.33	1.34	1.35	1.35	RAD.MI	1.48	1.49	1.47	1.49	2.04	1.46	1.0	-1.0	-1.0	-1	-1.0	-1.0	1.0	-1.0	-1.0	1.0	1.35								-1.0			1.76										-1.0			2.35	0.02	0.02	-0.12	0.02	0.01	-0.13	1.45	-0.12	0.0	0.0	35.75					1	-0.02	-0.02	-0.12	-0.02	-0.01	-0.09	-0.12	0.0	0.0	51.38					0.02	0.02	-0.39	0.02	0.01	-0.22	-0.39	0.0	0.0	25.13					0.02	0.02	-0.41	0.02	0.01	-0.24	-0.41	0.0	0.0	25.13					-0.020000000000000018	-0.020000000000000018	0.27	-0.015037593984962516	-0.014925650216675792	0.20000000000000084	0.27	0.004606302122855439	0.004573886219372714	59.12178408652895				
2020-11-06 08:00:00	8000	1.3	1.25	1.29	1.25	1.25	RAD.MI	1.43	1.44	1.39	1.39	2.04	1.39	-1.0	-1.0	-1.0	-1	-1.0	-1.0	1.0	-1.0	-1.0	1.0		1.25							-1.0			1.76										-1.0			2.35	-0.1	-0.1	-0.22	-0.07	-0.08	-0.19	1.41	-0.22	0.0	0.0	30.77					1	0.1	0.1	-0.02	0.07	0.08	-0.02	-0.02	0.0	0.0	55.52					-0.1	-0.1	-0.49	-0.07	-0.08	-0.28	-0.49	0.0	0.0	17.63					-0.1	-0.1	-0.51	-0.07	-0.08	-0.29	-0.51	0.0	0.0	17.63					0.10000000000000009	0.10000000000000009	0.3700000000000001	0.07407407407407418	0.07696104113612844	0.29600000000000115	0.3700000000000001	0.005355171240021422	0.005320860102868918	64.20314079883146				
2020-11-09 08:00:00	6000	1.33	1.28	1.3	1.33	1.33	RAD.MI	1.37	1.4	1.35	1.4	2.04	1.35	-1.0	-1.0	-1.0	-1	-1.0	-1.0	1.0	-1.0	-1.0	1.0	1.33								-1.0			1.76										-1.0			2.35	-0.08	-0.08	-0.3	-0.06	-0.06	-0.24	1.38	-0.3	0.0	0.0	23.25					1	-0.08	-0.08	-0.1	-0.06	-0.06	-0.07	-0.1	0.0	0.0	46.76					0.08	0.08	-0.41	0.06	0.06	-0.24	-0.41	0.0	0.0	24.89					0.08	0.08	-0.43	0.06	0.06	-0.25	-0.43	0.0	0.0	24.89					-0.08000000000000007	-0.08000000000000007	0.29000000000000004	-0.06400000000000006	-0.0620353909194527	0.21804511278195582	0.29000000000000004	0.004768190832797569	0.004731956975655427	54.64568410416236				
2020-11-10 08:00:00	14500	1.34	1.28	1.34	1.28	1.28	RAD.MI	1.4	1.4	1.34	1.34	2.04	1.34	-1.0	-1.0	-1.0	-1	-1.0	-1.0	1.0	-1.0	-1.0	1.0		1.28							-1.0			1.76		1.34		1.34		1.34		1.34		-1.0	1.34		2.35	0.05	0.05	-0.25	0.04	0.04	-0.21	1.38	-0.25	0.0	0.0	28.75					1	0.05	0.05	-0.05	0.04	0.04	-0.04	-0.05	0.0	0.0	48.57					-0.05	-0.05	-0.46	-0.04	-0.04	-0.26	-0.46	0.0	0.0	19.19					-0.05	-0.05	-0.48	-0.04	-0.04	-0.28	-0.48	0.0	0.0	19.19					0.050000000000000044	0.050000000000000044	0.3400000000000001	0.03759398496240607	0.03831886430213666	0.2656250000000011	0.3400000000000001	0.005302088120238225	0.00526612017334549	60.34171145298411				
2020-11-11 08:00:00	6000	1.35	1.32	1.32	1.35	1.35	RAD.MI	1.37	1.4	1.37	1.4	2.04	1.34	-1.0	-1.0	-1.0	-1	-1.0	-1.0	1.0	-1.0	-1.0	1.0	1.35								-1.0			1.76	1.4									-1.0			2.35	-0.07	-0.07	-0.32	-0.05	-0.05	-0.25	1.38	-0.32	0.0	0.0	20.68					1	-0.07	-0.07	-0.12	-0.05	-0.05	-0.09	-0.12	0.0	0.0	41.55					0.07	0.07	-0.39	0.05	0.05	-0.22	-0.39	0.0	0.0	27.39					0.07	0.07	-0.41	0.05	0.05	-0.24	-0.41	0.0	0.0	27.39					-0.07000000000000006	-0.07000000000000006	0.27	-0.0546875	-0.053244514518812285	0.20000000000000107	0.27	0.004550386206801908	0.004513799507005256	51.458848478190816				
2020-11-12 08:00:00	500	1.32	1.32	1.32	1.32	1.32	RAD.MI	1.38	1.38	1.38	1.38	2.04	1.34	-1.0	-1.0	-1.0	-1	-1.0	-1.0	1.0	-1.0	-1.0	1.0		1.32							-1.0			1.76		1.38								-1.0			2.35	0.03	0.03	-0.29	0.02	0.02	-0.24	1.38	-0.29	0.0	0.0	26.61					1	0.03	0.03	-0.09	0.02	0.02	-0.07	-0.09	0.0	0.0	42.57					-0.03	-0.03	-0.42	-0.02	-0.02	-0.24	-0.42	0.0	0.0	21.71					-0.03	-0.03	-0.44	-0.02	-0.02	-0.25	-0.44	0.0	0.0	21.71					0.030000000000000027	0.030000000000000027	0.30000000000000004	0.022222222222222254	0.02247285585205863	0.2272727272727284	0.30000000000000004	0.005026702671772503	0.004991742485199957	58.585311471664966				
2020-11-13 08:00:00	500	1.35	1.35	1.35	1.35	1.35	RAD.MI	1.41	1.41	1.41	1.41	2.04	1.34	-1.0	-1.0	-1.0	-1	-1.0	-1.0	1.0	-1.0	-1.0	1.0									-1.0			1.76	1.41									-1.0			2.35	-0.03	-0.03	-0.32	-0.02	-0.02	-0.25	1.38	-0.32	0.0	0.0	21.06					1	-0.03	-0.03	-0.12	-0.02	-0.02	-0.09	-0.12	0.0	0.0	38.47					0.03	0.03	-0.39	0.02	0.02	-0.22	-0.39	0.0	0.0	27.45					0.03	0.03	-0.41	0.02	0.02	-0.24	-0.41	0.0	0.0	27.45					-0.030000000000000027	-0.030000000000000027	0.27	-0.022727272727272707	-0.022472855852058576	0.20000000000000107	0.27	0.004502230283487673	0.004467127080706401	53.0966556456241				
2020-11-16 08:00:00	2500	1.36	1.35	1.35	1.36	1.36	RAD.MI	1.38	1.39	1.38	1.39	2.04	1.34	-1.0	-1.0	-1.0	-1	-1.0	-1.0	1.0	-1.0	-1.0	1.0									-1.0			1.76		1.38								-1.0			2.35	-0.01	-0.01	-0.33	-0.01	-0.01	-0.26	1.38	-0.33	0.0	0.0	18.4					1	-0.01	-0.01	-0.13	-0.01	-0.01	-0.09	-0.13	0.0	0.0	35.61					0.01	0.01	-0.38	0.01	0.01	-0.22	-0.38	0.0	0.0	27.79					0.01	0.01	-0.4	0.01	0.01	-0.23	-0.4	0.0	0.0	27.79					-0.010000000000000009	-0.010000000000000009	0.26	-0.007407407407407307	-0.00738010729762246	0.1911764705882364	0.26	0.004295498791655869	0.0042594104453197446	50.22774315310198				
2020-11-17 08:00:00	11000	1.43	1.38	1.38	1.43	1.43	RAD.MI	1.41	1.46	1.41	1.46	2.04	1.34	-1.0	-1.0	-1.0	0	-1.0	-1.0	1.0	-1.0	-1.0	1.0									-1.0			1.76										-1.0			2.35	-0.07	-0.07	-0.4	-0.05	-0.05	-0.29	1.43	-0.4	0.0	0.0	13.53					1	-0.07	-0.07	-0.2	-0.05	-0.05	-0.14	-0.2	0.0	0.0	29.81					0.07	0.07	-0.31	0.05	0.05	-0.18	-0.31	0.0	0.0	29.93					0.07	0.07	-0.33	0.05	0.05	-0.19	-0.33	0.0	0.0	29.93					-0.06999999999999984	-0.06999999999999984	0.19000000000000017	-0.051470588235293935	-0.0501897445238551	0.13286713286713425	0.19000000000000017	0.003954581402963222	0.003915796316612319	43.71305420586825				
2020-11-18 08:00:00	71000	1.49	1.36	1.38	1.47	1.47	RAD.MI	1.39	1.5	1.37	1.48	2.04	1.34	-1.0	-1.0	-1.0	0	-1.0	-1.0	1.0	-1.0	-1.0	1.0									-1.0			1.76										-1.0			2.35	-0.04	-0.04	-0.44	-0.03	-0.03	-0.31	1.49	-0.44	0.0	0.0	10.0					1	0.0	0.0	-0.2	0.0	0.0	-0.14	-0.2	0.0	0.0	29.81					0.04	0.04	-0.27	0.03	0.03	-0.16	-0.27	0.0	0.0	31.01					0.04	0.04	-0.29	0.03	0.03	-0.17	-0.29	0.0	0.0	31.01					-0.040000000000000036	-0.040000000000000036	0.15000000000000013	-0.027972027972027913	-0.027587956518828963	0.10204081632653206	0.15000000000000013	0.0036759517869818883	0.0036353400827091598	39.447584598707245				
2020-11-19 08:00:00	10500	1.46	1.41	1.46	1.44	1.44	RAD.MI	1.48	1.48	1.43	1.46	2.04	1.34	-1.0	-1.0	-1.0	0	-1.0	-1.0	1.0	-1.0	-1.0	1.0									-1.0			1.76										-1.0			2.35	0.03	0.03	-0.41	0.02	0.02	-0.3	1.49	-0.41	0.0	0.0	14.32					1	-0.0	-0.0	-0.2	-0.0	-0.0	-0.14	-0.2	0.0	0.0	29.81					-0.03	-0.03	-0.3	-0.02	-0.02	-0.17	-0.3	0.0	0.0	26.81					-0.03	-0.03	-0.32	-0.02	-0.02	-0.18	-0.32	0.0	0.0	26.81					0.030000000000000027	0.030000000000000027	0.18000000000000016	0.020408163265306145	0.020619287202735703	0.12500000000000133	0.18000000000000016	0.004071527885610744	0.00403156245258951	43.69455660813969				
2020-11-20 08:00:00	8000	1.47	1.43	1.46	1.47	1.47	RAD.MI	1.47	1.48	1.44	1.48	2.04	1.34	-1.0	-1.0	-1.0	0	-1.0	-1.0	1.0	-1.0	-1.0	1.0									-1.0			1.76										-1.0			2.35	-0.03	-0.03	-0.44	-0.02	-0.02	-0.31	1.49	-0.44	0.0	0.0	11.18					1	0.0	0.0	-0.2	0.0	0.0	-0.14	-0.2	0.0	0.0	29.81					0.03	0.03	-0.27	0.02	0.02	-0.16	-0.27	0.0	0.0	27.63					0.03	0.03	-0.29	0.02	0.02	-0.17	-0.29	0.0	0.0	27.63					-0.030000000000000027	-0.030000000000000027	0.15000000000000013	-0.02083333333333326	-0.02061928720273561	0.10204081632653206	0.15000000000000013	0.0038123190956544616	0.003770787876906212	40.021740326470166				
2020-11-23 08:00:00	23500	1.53	1.47	1.48	1.51	1.51	RAD.MI	1.49	1.54	1.48	1.52	2.04	1.34	-1.0	-1.0	-1.0	1	-1.0	-1.0	1.0	-1.0	-1.0	1.0									-1.0			1.76	1.54									-1.0			2.35	-0.04	-0.04	-0.48	-0.03	-0.03	-0.33	1.53	-0.48	0.0	0.0	7.82					1	0.0	0.0	-0.2	0.0	0.0	-0.14	-0.2	0.0	0.0	29.81					0.04	0.04	-0.23	0.03	0.03	-0.13	-0.23	0.0	0.0	28.65					0.04	0.04	-0.25	0.03	0.03	-0.14	-0.25	0.0	0.0	28.65					-0.040000000000000036	-0.040000000000000036	0.1100000000000001	-0.027210884353741527	-0.026847250036188056	0.07284768211920678	0.1100000000000001	0.0035284341709072384	0.0034850630104057423	36.02006635453055				
2020-11-24 08:00:00	1000	1.51	1.51	1.51	1.51	1.51	RAD.MI	1.49	1.49	1.49	1.49	2.04	1.34	-1.0	-1.0	-1.0	1	-1.0	-1.0	1.0	-1.0	-1.0	1.0									-1.0			1.76		1.49								-1.0			2.35	-0.0	-0.0	-0.48	-0.0	-0.0	-0.33	1.53	-0.48	0.0	0.0	6.63					1	0.0	0.0	-0.2	0.0	0.0	-0.14	-0.2	0.0	0.0	29.81					0.0	0.0	-0.23	0.0	0.0	-0.13	-0.23	0.0	0.0	31.96					0.0	0.0	-0.25	0.0	0.0	-0.14	-0.25	0.0	0.0	31.96					-0.0	-0.0	0.1100000000000001	-0.0	-0.0	0.07284768211920678	0.1100000000000001	0.003398332995664657	0.0033558048226633996	35.37463122071264				
2020-11-25 08:00:00	207500	1.78	1.51	1.51	1.78	1.78	RAD.MI	1.48	1.74	1.48	1.74	2.04	1.34	-1.0	1.0	1.0	1	-1.0	-1.0	1.0	-1.0	-1.0	1.0									1.0			1.76										-1.0			2.35	-0.27	-0.27	-0.75	-0.18	-0.16	-0.43	1.78	-0.75	0.0	0.0	0.69					1	0.27	0.27	0.07	0.18	0.16	0.01	0.07	0.0	0.0	36.47					0.27	0.27	0.04	0.18	0.16	0.02	0.04	0.0	0.0	36.67					0.27	0.27	0.02	0.18	0.16	0.01	0.02	0.0	0.0	36.67					-0.27	-0.27	-0.15999999999999992	-0.17880794701986757	-0.16450371347716083	-0.08988764044943709	-0.15999999999999992	0.0028983284864285033	0.002848930196249766	26.106911057428455				
2020-11-26 08:00:00	243500	1.98	1.79	1.88	1.89	1.89	RAD.MI	1.85	1.95	1.76	1.86	2.04	1.34	-1.0	1.0	1.0	1	-1.0	-1.0	1.0	-1.0	-1.0	1.0	1.98		1.98						1.0			1.76	1.95		1.95							-1.0			2.35	-0.11	-0.11	-0.86	-0.06	-0.06	-0.47	1.98	-0.86	-0.0	-0.0	-3.78					1	0.11	0.11	0.18	0.06	0.06	0.08	0.18	0.0	0.0	38.16					0.11	0.11	0.15	0.06	0.06	0.09	0.15	0.0	0.0	40.5					0.11	0.11	0.13	0.06	0.06	0.07	0.13	0.0	0.0	40.5					-0.10999999999999988	-0.10999999999999988	-0.2699999999999998	-0.061797752808988804	-0.05996346476755727	-0.1428571428571418	-0.2699999999999998	0.0024405505426409856	0.002387827605679016	21.008898769608017				
2020-11-27 08:00:00	105500	1.93	1.74	1.91	1.77	1.77	RAD.MI	1.87	1.89	1.7	1.73	2.04	1.34	-1.0	1.0	1.0	1	-1.0	-1.0	1.0	-1.0	-1.0	1.0									1.0			1.76										-1.0			2.35	0.12	0.12	-0.74	0.06	0.07	-0.43	1.98	-0.74	0.0	-0.0	0.19					1	-0.12	-0.12	0.06	-0.06	-0.07	0.01	0.06	0.0	0.0	32.16					-0.12	-0.12	0.03	-0.06	-0.07	0.02	0.03	0.0	0.0	34.42					-0.12	-0.12	0.01	-0.06	-0.07	0.0	0.01	0.0	0.0	34.42					0.11999999999999988	0.11999999999999988	-0.1499999999999999	0.06349206349206349	0.06559728248581323	-0.08474576271186329	-0.1499999999999999	0.0028734926070473534	0.0028175431935422157	23.184332291959237				
2020-11-30 08:00:00	22000	1.82	1.73	1.78	1.74	1.74	RAD.MI	1.76	1.8	1.71	1.72	2.04	1.34	-1.0	1.0	1.0	1	-1.0	-1.0	1.0	-1.0	-1.0	1.0									1.0			1.76										-1.0			2.35	0.03	0.03	-0.71	0.02	0.02	-0.42	1.98	-0.71	-0.0	-0.0	-0.33					1	-0.03	-0.03	0.03	-0.02	-0.02	-0.01	0.03	0.0	0.0	28.42					-0.03	-0.03	0.0	-0.02	-0.02	-0.0	0.0	0.0	0.0	34.98					-0.03	-0.03	-0.02	-0.02	-0.02	-0.01	-0.02	0.0	0.0	34.98					0.030000000000000027	0.030000000000000027	-0.11999999999999988	0.016949152542372947	0.017094433359300183	-0.06896551724137812	-0.11999999999999988	0.0028126216323240702	0.002757131587874939	22.895103117570336				
2020-12-01 08:00:00	17500	1.82	1.66	1.74	1.72	1.72	RAD.MI	1.72	1.8	1.64	1.7	2.04	1.34	-1.0	1.0	1.0	1	-1.0	-1.0	1.0	-1.0	-1.0	1.0									1.0			1.76										-1.0			2.35	0.02	0.02	-0.69	0.01	0.01	-0.41	1.98	-0.69	-0.0	-0.0	-1.23					1	-0.02	-0.02	0.01	-0.01	-0.01	-0.02	0.01	0.0	0.0	24.9					-0.02	-0.02	-0.02	-0.01	-0.01	-0.01	-0.02	0.0	0.0	35.94					-0.02	-0.02	-0.04	-0.01	-0.01	-0.03	-0.04	0.0	0.0	35.94					0.020000000000000018	0.020000000000000018	-0.09999999999999987	0.011494252873563204	0.011560822401075971	-0.0581395348837197	-0.09999999999999987	0.002710533822410905	0.002655809984825286	22.39830320732834				
2020-12-02 08:00:00	29000	1.7	1.62	1.67	1.67	1.67	RAD.MI	1.66	1.69	1.61	1.66	2.04	1.34	-1.0	1.0	1.0	1	-1.0	-1.0	1.0	-1.0	-1.0	1.0		1.62							1.0			1.76		1.61								-1.0			2.35	0.05	0.05	-0.64	0.03	0.03	-0.4	1.98	-0.64	0.0	-0.0	0.07					1	-0.05	-0.05	-0.04	-0.03	-0.03	-0.05	-0.04	0.0	0.0	21.18					-0.05	-0.05	-0.07	-0.03	-0.03	-0.04	-0.07	0.0	0.0	34.54					-0.05	-0.05	-0.09	-0.03	-0.03	-0.05	-0.09	0.0	0.0	34.54					0.050000000000000044	0.050000000000000044	-0.04999999999999982	0.029069767441860517	0.02950066439669799	-0.029940119760477724	-0.04999999999999982	0.002859877204129881	0.002804030703437599	23.120082305845692				
2020-12-03 08:00:00	18000	1.72	1.63	1.63	1.72	1.72	RAD.MI	1.62	1.71	1.62	1.71	2.04	1.34	-1.0	1.0	1.0	1	-1.0	-1.0	1.0	-1.0	-1.0	1.0									1.0			1.76										-1.0			2.35	-0.05	-0.05	-0.69	-0.03	-0.03	-0.41	1.98	-0.69	-0.0	-0.0	-2.77					1	0.05	0.05	0.01	0.03	0.03	-0.02	0.01	0.0	0.0	22.28					0.05	0.05	-0.02	0.03	0.03	-0.01	-0.02	0.0	0.0	35.24					0.05	0.05	-0.04	0.03	0.03	-0.03	-0.04	0.0	0.0	35.24					-0.050000000000000044	-0.050000000000000044	-0.09999999999999987	-0.029940119760479167	-0.029500664396698056	-0.05813953488371981	-0.09999999999999987	0.002533738781609514	0.002475606926473306	19.98595756525765				
2020-12-04 08:00:00	17000	1.8	1.7	1.72	1.78	1.78	RAD.MI	1.69	1.77	1.67	1.75	2.04	1.34	-1.0	1.0	1.0	1	-1.0	-1.0	1.0	-1.0	-1.0	1.0	1.8								1.0			1.76	1.77									-1.0			2.35	-0.06	-0.06	-0.75	-0.03	-0.03	-0.43	1.98	-0.75	-0.0	-0.0	-5.68					1	0.06	0.06	0.07	0.03	0.03	0.01	0.07	0.0	0.0	23.48					0.06	0.06	0.04	0.03	0.03	0.02	0.04	0.0	0.0	36.01					0.06	0.06	0.02	0.03	0.03	0.01	0.02	0.0	0.0	36.01					-0.06000000000000005	-0.06000000000000005	-0.15999999999999992	-0.03488372093023262	-0.034289073478632165	-0.0898876404494372	-0.15999999999999992	0.002184461953514844	0.0021237808701592975	16.757785878484263				
2020-12-07 08:00:00	17000	1.81	1.71	1.81	1.74	1.74	RAD.MI	1.79	1.79	1.69	1.72	2.04	1.34	-1.0	1.0	1.0	1	-1.0	-1.0	1.0	-1.0	-1.0	1.0									1.0			1.76										-1.0			2.35	0.04	0.04	-0.71	0.02	0.02	-0.42	1.98	-0.71	-0.0	-0.0	-4.38					1	-0.04	-0.04	0.03	-0.02	-0.02	-0.01	0.03	0.0	0.0	20.52					-0.04	-0.04	0.0	-0.02	-0.02	-0.0	0.0	0.0	0.0	32.92					-0.04	-0.04	-0.02	-0.02	-0.02	-0.01	-0.02	0.0	0.0	32.92					0.040000000000000036	0.040000000000000036	-0.11999999999999988	0.022471910112359605	0.022728251077556175	-0.06896551724137823	-0.11999999999999988	0.0023299227604112035	0.0022680389362335074	17.492770905336315				
2020-12-08 08:00:00	25500	1.8	1.61	1.77	1.67	1.67	RAD.MI	1.75	1.78	1.59	1.65	2.04	1.34	-1.0	1.0	1.0	1	-1.0	-1.0	1.0	-1.0	-1.0	1.0									1.0			1.76										-1.0			2.35	0.07	0.07	-0.64	0.04	0.04	-0.4	1.98	-0.64	-0.0	-0.0	-2.56					1	-0.07	-0.07	-0.04	-0.04	-0.04	-0.05	-0.04	0.0	0.0	16.58					-0.07	-0.07	-0.07	-0.04	-0.04	-0.04	-0.07	0.0	0.0	31.03					-0.07	-0.07	-0.09	-0.04	-0.04	-0.05	-0.09	0.0	0.0	31.03					0.07000000000000006	0.07000000000000006	-0.04999999999999982	0.04022988505747127	0.041061486797773925	-0.029940119760477835	-0.04999999999999982	0.0025484254417116837	0.002484712984972104	18.539778232457593				
2020-12-09 08:00:00	12500	1.67	1.62	1.65	1.62	1.62	RAD.MI	1.64	1.66	1.61	1.61	2.04	1.34	-1.0	1.0	1.0	1	-1.0	-1.0	1.0	-1.0	-1.0	1.0									1.0			1.76										-1.0			2.35	0.05	0.05	-0.59	0.03	0.03	-0.38	1.98	-0.59	0.0	0.0	0.94					1	-0.05	-0.05	-0.09	-0.03	-0.03	-0.08	-0.09	0.0	0.0	15.58					-0.05	-0.05	-0.12	-0.03	-0.03	-0.07	-0.12	0.0	0.0	27.6					-0.05	-0.05	-0.14	-0.03	-0.03	-0.08	-0.14	0.0	0.0	27.6					0.04999999999999982	0.04999999999999982	0.0	0.029940119760478945	0.03039747718437093	1.1102230246251565e-15	0.0	0.003005182593788636	0.002941014719495927	21.39367500039432				
2020-12-10 08:00:00	9500	1.67	1.62	1.62	1.63	1.63	RAD.MI	1.61	1.66	1.61	1.62	2.04	1.34	-1.0	1.0	1.0	1	-1.0	-1.0	1.0	-1.0	-1.0	1.0									1.0			1.76										-1.0			2.35	-0.01	-0.01	-0.6	-0.01	-0.01	-0.38	1.98	-0.6	-0.0	-0.0	-1.03					1	0.01	0.01	-0.08	0.01	0.01	-0.07	-0.08	0.0	0.0	15.81					0.01	0.01	-0.11	0.01	0.01	-0.06	-0.11	0.0	0.0	27.74					0.01	0.01	-0.13	0.01	0.01	-0.08	-0.13	0.0	0.0	27.74					-0.009999999999999787	-0.009999999999999787	-0.009999999999999787	-0.006172839506172645	-0.006153865574378066	-0.006134969325152118	-0.009999999999999787	0.0027457289738643626	0.002680408604178286	19.450265977669194				
2020-12-11 08:00:00	1500	1.62	1.62	1.62	1.62	1.62	RAD.MI	1.63	1.63	1.63	1.63	2.04	1.34	-1.0	1.0	1.0	1	-1.0	-1.0	1.0	-1.0	-1.0	1.0									1.0			1.76										-1.0			2.35	0.01	0.01	-0.59	0.01	0.01	-0.38	1.98	-0.59	-0.0	-0.0	-0.73					1	-0.01	-0.01	-0.09	-0.01	-0.01	-0.08	-0.09	0.0	0.0	13.75					-0.01	-0.01	-0.12	-0.01	-0.01	-0.07	-0.12	0.0	0.0	25.75					-0.01	-0.01	-0.14	-0.01	-0.01	-0.08	-0.14	0.0	0.0	25.75					0.009999999999999787	0.009999999999999787	0.0	0.006134969325153228	0.006153865574378112	1.1102230246251565e-15	0.0	0.002785113713540382	0.002719456816985044	19.622499302050436				
2020-12-14 08:00:00	6500	1.61	1.6	1.61	1.61	1.61	RAD.MI	1.62	1.62	1.61	1.62	2.04	1.34	-1.0	1.0	1.0	1	-1.0	-1.0	1.0	-1.0	-1.0	1.0									1.0			1.76										-1.0			2.35	0.01	0.01	-0.58	0.01	0.01	-0.37	1.98	-0.58	-0.0	-0.0	-0.44					1	-0.01	-0.01	-0.1	-0.01	-0.01	-0.08	-0.1	0.0	0.0	11.7					-0.01	-0.01	-0.13	-0.01	-0.01	-0.07	-0.13	0.0	0.0	23.78					-0.01	-0.01	-0.15	-0.01	-0.01	-0.09	-0.15	0.0	0.0	23.78					0.010000000000000009	0.010000000000000009	0.010000000000000009	0.006172839506172867	0.006191970247921107	0.0062111801242248355	0.010000000000000009	0.002824742323127078	0.0027587459526365876	19.793927914203348				
2020-12-15 08:00:00	6000	1.6	1.59	1.6	1.59	1.59	RAD.MI	1.59	1.59	1.58	1.58	2.04	1.34	-1.0	1.0	1.0	1	-1.0	-1.0	1.0	-1.0	-1.0	1.0									1.0			1.76										-1.0			2.35	0.02	0.02	-0.56	0.01	0.01	-0.37	1.98	-0.56	0.0	-0.0	0.13					1	-0.02	-0.02	-0.12	-0.01	-0.01	-0.09	-0.12	0.0	0.0	9.42					-0.02	-0.02	-0.15	-0.01	-0.01	-0.09	-0.15	0.0	0.0	21.52					-0.02	-0.02	-0.17	-0.01	-0.01	-0.1	-0.17	0.0	0.0	21.52					0.020000000000000018	0.020000000000000018	0.030000000000000027	0.012422360248447228	0.012500162764231494	0.018867924528303215	0.030000000000000027	0.0029047433648181596	0.002838059036215368	20.134406489941618				
2020-12-16 08:00:00	5500	1.59	1.58	1.59	1.58	1.58	RAD.MI	1.58	1.58	1.57	1.57	2.04	1.34	-1.0	1.0	1.0	1	-1.0	-1.0	1.0	-1.0	-1.0	1.0		1.58							1.0			1.76		1.57								-1.0			2.35	0.01	0.01	-0.55	0.01	0.01	-0.36	1.98	-0.55	0.0	0.0	3.36					1	-0.01	-0.01	-0.13	-0.01	-0.01	-0.1	-0.13	0.0	0.0	10.77					-0.01	-0.01	-0.16	-0.01	-0.01	-0.09	-0.16	0.0	0.0	18.5					-0.01	-0.01	-0.18	-0.01	-0.01	-0.11	-0.18	0.0	0.0	18.5					0.010000000000000009	0.010000000000000009	0.040000000000000036	0.0062893081761006275	0.006309169193264721	0.025316455696203777	0.040000000000000036	0.0033280639852272097	0.003264092171113342	23.713833787644216				
2020-12-17 08:00:00	10000	1.62	1.59	1.61	1.62	1.62	RAD.MI	1.6	1.61	1.58	1.61	2.04	1.34	-1.0	1.0	1.0	1	-1.0	-1.0	1.0	-1.0	-1.0	1.0									1.0			1.76										-1.0			2.35	-0.04	-0.04	-0.59	-0.03	-0.03	-0.38	1.98	-0.59	0.0	0.0	0.86					1	0.04	0.04	-0.09	0.03	0.03	-0.08	-0.09	0.0	0.0	11.71					0.04	0.04	-0.12	0.03	0.03	-0.07	-0.12	0.0	0.0	19.17					0.04	0.04	-0.14	0.03	0.03	-0.08	-0.14	0.0	0.0	19.17					-0.040000000000000036	-0.040000000000000036	0.0	-0.025316455696202445	-0.025001302205417186	1.3322676295501878e-15	0.0	0.0030010832995352116	0.002934917905230483	20.950200372945115				
2020-12-18 08:00:00	8000	1.65	1.61	1.62	1.64	1.64	RAD.MI	1.61	1.64	1.6	1.63	2.04	1.34	-1.0	1.0	1.0	1	-1.0	-1.0	1.0	-1.0	-1.0	1.0	1.65			1.61					1.0			1.76	1.64									-1.0			2.35	-0.02	-0.02	-0.61	-0.01	-0.01	-0.38	1.98	-0.61	-0.0	-0.0	-1.56					1	0.02	0.02	-0.07	0.01	0.01	-0.07	-0.07	0.0	0.0	11.92					0.02	0.02	-0.1	0.01	0.01	-0.06	-0.1	0.0	0.0	21.46					0.02	0.02	-0.12	0.01	0.01	-0.07	-0.12	0.0	0.0	21.46					-0.019999999999999796	-0.019999999999999796	-0.019999999999999796	-0.012345679012345512	-0.012270092591814183	-0.01219512195121808	-0.019999999999999796	0.0026743472098448495	0.0026070903964430236	18.59156159306506				
2020-12-21 08:00:00	4500	1.59	1.58	1.58	1.58	1.58	RAD.MI	1.61	1.62	1.61	1.61	2.04	1.34	-1.0	1.0	1.0	1	-1.0	-1.0	1.0	-1.0	-1.0	1.0		1.58							1.0			1.76										-1.0			2.35	0.06	0.06	-0.55	0.04	0.04	-0.36	1.98	-0.55	0.0	0.0	2.02					1	-0.06	-0.06	-0.13	-0.04	-0.04	-0.1	-0.13	0.0	0.0	10.71					-0.06	-0.06	-0.16	-0.04	-0.04	-0.09	-0.16	0.0	0.0	17.99					-0.06	-0.06	-0.18	-0.04	-0.04	-0.11	-0.18	0.0	0.0	17.99					0.05999999999999983	0.05999999999999983	0.040000000000000036	0.03658536585365846	0.03727139479723154	0.025316455696204	0.040000000000000036	0.0031768431732946897	0.0031086666712116795	21.50957802052767				
2020-12-22 08:00:00	6500	1.63	1.56	1.58	1.58	1.58	RAD.MI	1.58	1.63	1.56	1.58	2.04	1.34	-1.0	1.0	1.0	1	-1.0	-1.0	1.0	-1.0	-1.0	1.0									1.0			1.76		1.56		1.56						-1.0			2.35	-0.0	-0.0	-0.55	-0.0	-0.0	-0.36	1.98	-0.55	0.0	0.0	1.74					1	0.0	0.0	-0.13	0.0	0.0	-0.1	-0.13	0.0	0.0	10.47					0.0	0.0	-0.16	0.0	0.0	-0.09	-0.16	0.0	0.0	19.93					0.0	0.0	-0.18	0.0	0.0	-0.11	-0.18	0.0	0.0	19.93					-0.0	-0.0	0.040000000000000036	-0.0	-0.0	0.025316455696204	0.040000000000000036	0.0031343180998952107	0.0030665117420969334	21.340525208584253				
2020-12-23 08:00:00	17000	1.66	1.56	1.58	1.66	1.66	RAD.MI	1.56	1.64	1.54	1.64	2.04	1.34	-1.0	1.0	-1.0	0	-1.0	-1.0	1.0	-1.0	-1.0	1.0	1.66								1.0			1.76	1.64									-1.0			2.35	-0.08	-0.08	-0.63	-0.05	-0.05	-0.39	1.98	-0.63	-0.0	-0.0	-2.86					1	0.08	0.08	-0.05	0.05	0.05	-0.05	-0.05	0.0	0.0	11.03					0.08	0.08	-0.08	0.05	0.05	-0.05	-0.08	0.0	0.0	24.29					0.08	0.08	-0.1	0.05	0.05	-0.06	-0.1	0.0	0.0	24.29					-0.07999999999999985	-0.07999999999999985	-0.039999999999999813	-0.05063291139240489	-0.049392755329576266	-0.024096385542167198	-0.039999999999999813	0.0024955482157226466	0.002426043893057006	16.820259310753023				
2020-12-28 08:00:00	6000	1.62	1.6	1.6	1.62	1.62	RAD.MI	1.57	1.59	1.57	1.59	2.04	1.34	-1.0	1.0	-1.0	0	-1.0	-1.0	1.0	-1.0	-1.0	1.0		1.6							1.0			1.76		1.57								-1.0			2.35	0.04	0.04	-0.59	0.02	0.02	-0.38	1.93	-0.59	-0.0	-0.0	-3.03					1	-0.0	-0.0	-0.05	-0.0	-0.0	-0.05	-0.05	0.0	0.0	10.0					-0.04	-0.04	-0.12	-0.02	-0.02	-0.07	-0.12	0.0	0.0	24.46					-0.04	-0.04	-0.14	-0.02	-0.02	-0.08	-0.14	0.0	0.0	24.46					0.039999999999999813	0.039999999999999813	0.0	0.02409638554216853	0.02439145312415901	1.3322676295501878e-15	0.0	0.0024729791025376886	0.002403677605417043	16.72012233874228				
2020-12-29 08:00:00	4500	1.68	1.64	1.64	1.68	1.68	RAD.MI	1.61	1.65	1.61	1.65	2.04	1.34	-1.0	1.0	-1.0	0	-1.0	-1.0	1.0	-1.0	-1.0	1.0									1.0			1.76										-1.0			2.35	-0.06	-0.06	-0.65	-0.04	-0.04	-0.4	1.82	-0.65	-0.0	-0.0	-5.7					1	0.0	0.0	-0.05	0.0	0.0	-0.05	-0.05	0.0	0.0	10.0					0.06	0.06	-0.06	0.04	0.04	-0.03	-0.06	0.0	0.0	25.27					0.06	0.06	-0.08	0.04	0.04	-0.05	-0.08	0.0	0.0	25.27					-0.05999999999999983	-0.05999999999999983	-0.05999999999999983	-0.03703703703703698	-0.03636764417087479	-0.035714285714284366	-0.05999999999999983	0.00209115426031846	0.002018994293824905	13.750176569180674				
2020-12-30 08:00:00	140500	2.1	1.82	1.83	2.1	2.1	RAD.MI	1.8	2.06	1.79	2.06	2.06	1.34	1.0	1.0	1.0	1	1.0	-1.0	-1.0	1.0	-1.0	-1.0									1.0			1.76	2.06		2.06		2.06		2.06			-1.0			2.35	-0.42	-0.42	-1.07	-0.25	-0.22	-0.52	2.1	-1.07	-0.0	-0.0	-9.95					1	0.0	0.0	-0.05	0.0	0.0	-0.05	-0.05	0.0	0.0	12.9					0.42	0.42	0.36	0.25	0.22	0.21	0.36	0.01	0.0	28.96					0.42	0.42	0.34	0.25	0.22	0.19	0.34	0.01	0.0	28.96					-0.42000000000000015	-0.42000000000000015	-0.48	-0.25	-0.22314355131420976	-0.22857142857142743	-0.48	0.0013495094030856053	0.0012654191511467516	7.733509921213582				
2021-01-04 08:00:00	274500	2.12	1.96	2.08	1.97	1.97	RAD.MI	2.04	2.07	1.92	1.93	2.07	1.34	1.0	1.0	1.0	1	1.0	-1.0	-1.0	1.0	-1.0	-1.0	2.12		2.12		2.12		2.12		1.0		2.12	1.76										-1.0		2.07	2.35	-0.13	-0.13	-1.2	-0.06	-0.06	-0.55	2.12	-1.2	-0.0	-0.0	-11.02					1	-0.13	-0.13	-0.18	-0.06	-0.06	-0.11	-0.18	0.0	0.0	10.67					0.13	0.13	0.49	0.06	0.06	0.29	0.49	0.01	0.01	29.86					0.13	0.13	0.47	0.06	0.06	0.27	0.47	0.01	0.01	29.86					0.13000000000000012	0.13000000000000012	-0.34999999999999987	0.06190476190476191	0.06390380197948017	-0.1776649746192882	-0.34999999999999987	0.002044314537635223	0.0019575422015625232	11.148229644433378				
2021-01-05 08:00:00	40500	2.0	1.86	2.0	1.96	1.96	RAD.MI	1.97	1.97	1.83	1.93	2.07	1.34	1.0	1.0	1.0	1	1.0	-1.0	-1.0	1.0	-1.0	-1.0									1.0			1.76										-1.0			2.35	-0.01	-0.01	-1.21	-0.01	-0.01	-0.55	2.12	-1.21	-0.0	-0.0	-14.95					1	-0.01	-0.01	-0.19	-0.01	-0.01	-0.12	-0.19	0.0	0.0	8.72					0.01	0.01	0.5	0.01	0.01	0.29	0.5	0.01	0.01	33.52					0.01	0.01	0.48	0.01	0.01	0.27	0.48	0.01	0.01	33.52					0.010000000000000009	0.010000000000000009	-0.33999999999999986	0.005076142131979711	0.005089069507471293	-0.1734693877551008	-0.33999999999999986	0.001812001221208389	0.001727547403832963	10.191268843544453				
2021-01-06 08:00:00	17500	1.93	1.88	1.93	1.9	1.9	RAD.MI	1.85	1.85	1.81	1.83	2.07	1.34	1.0	1.0	1.0	1	1.0	-1.0	-1.0	1.0	-1.0	-1.0		1.88							1.0			1.76		1.81								-1.0			2.35	-0.06	-0.06	-1.27	-0.03	-0.03	-0.57	2.12	-1.27	-0.0	-0.0	-17.19					1	-0.06	-0.06	-0.25	-0.03	-0.03	-0.14	-0.25	0.0	0.0	5.88					0.06	0.06	0.56	0.03	0.03	0.33	0.56	0.01	0.01	33.97					0.06	0.06	0.54	0.03	0.03	0.31	0.54	0.01	0.01	33.97					0.06000000000000005	0.06000000000000005	-0.2799999999999998	0.030612244897959218	0.03109058707003112	-0.14736842105263026	-0.2799999999999998	0.0020078719197495843	0.0019214653365575707	11.001980044871924				
2021-01-07 08:00:00	37000	1.98	1.9	1.9	1.96	1.96	RAD.MI	1.82	1.9	1.82	1.88	2.07	1.34	1.0	1.0	1.0	1	1.0	-1.0	-1.0	1.0	-1.0	-1.0	1.98								1.0			1.76	1.9									-1.0			2.35	0.06	0.06	-1.21	0.03	0.03	-0.55	2.12	-1.21	-0.0	-0.0	-12.99					1	0.06	0.06	-0.19	0.03	0.03	-0.12	-0.19	0.0	0.0	10.52					-0.06	-0.06	0.5	-0.03	-0.03	0.29	0.5	0.01	0.01	30.18					-0.06	-0.06	0.48	-0.03	-0.03	0.27	0.48	0.01	0.01	30.18					-0.06000000000000005	-0.06000000000000005	-0.33999999999999986	-0.03157894736842115	-0.03109058707003118	-0.1734693877551009	-0.33999999999999986	0.0020733603550173677	0.001988083302854715	11.495364712557592				
2021-01-08 08:00:00	23500	1.99	1.91	1.96	1.91	1.91	RAD.MI	1.88	1.91	1.83	1.83	2.07	1.34	1.0	1.0	1.0	1	1.0	-1.0	-1.0	1.0	-1.0	-1.0									1.0			1.76										-1.0			2.35	-0.05	-0.05	-1.26	-0.03	-0.03	-0.56	2.12	-1.26	-0.0	-0.0	-13.33					1	-0.05	-0.05	-0.24	-0.03	-0.03	-0.14	-0.24	0.0	0.0	9.82					0.05	0.05	0.55	0.03	0.03	0.33	0.55	0.01	0.01	30.48					0.05	0.05	0.53	0.03	0.03	0.31	0.53	0.01	0.01	30.48					0.050000000000000044	0.050000000000000044	-0.2899999999999998	0.025510204081632626	0.025841231183887328	-0.15183246073298318	-0.2899999999999998	0.002533287316762861	0.0024478097461106962	13.81356970226117				
2021-01-11 08:00:00	8000	1.93	1.87	1.9	1.89	1.89	RAD.MI	1.83	1.85	1.8	1.82	2.07	1.34	1.0	1.0	1.0	1	1.0	-1.0	-1.0	1.0	-1.0	-1.0		1.87							1.0			1.76		1.8		1.8						-1.0			2.35	-0.02	-0.02	-1.28	-0.01	-0.01	-0.57	2.12	-1.28	-0.0	-0.0	-17.04					1	-0.02	-0.02	-0.26	-0.01	-0.01	-0.15	-0.26	0.0	0.0	6.42					0.02	0.02	0.57	0.01	0.01	0.34	0.57	0.01	0.01	33.87					0.02	0.02	0.55	0.01	0.01	0.32	0.55	0.01	0.01	33.87					0.020000000000000018	0.020000000000000018	-0.2699999999999998	0.010471204188481686	0.010526412986987504	-0.14285714285714168	-0.2699999999999998	0.0023807034414526527	0.0022967084865741505	13.237584195736634				
2021-01-12 08:00:00	6000	1.95	1.88	1.88	1.95	1.95	RAD.MI	1.81	1.88	1.81	1.88	2.07	1.34	1.0	1.0	1.0	1	1.0	-1.0	-1.0	1.0	-1.0	-1.0	1.95								1.0			1.76	1.88									-1.0			2.35	0.06	0.06	-1.22	0.03	0.03	-0.55	2.12	-1.22	-0.0	-0.0	-15.34					1	0.06	0.06	-0.2	0.03	0.03	-0.12	-0.2	0.0	0.0	7.6					-0.06	-0.06	0.51	-0.03	-0.03	0.3	0.51	0.01	0.01	30.79					-0.06	-0.06	0.49	-0.03	-0.03	0.28	0.49	0.01	0.01	30.79					-0.06000000000000005	-0.06000000000000005	-0.32999999999999985	-0.031746031746031855	-0.03125254350410453	-0.16923076923076819	-0.32999999999999985	0.0019954107900980855	0.0019084432723266431	10.866937371843292				
2021-01-13 08:00:00	9500	1.92	1.89	1.89	1.89	1.89	RAD.MI	1.81	1.84	1.81	1.81	2.07	1.34	1.0	1.0	1.0	1	1.0	-1.0	-1.0	1.0	-1.0	-1.0		1.89							1.0			1.76		1.81								-1.0			2.35	-0.06	-0.06	-1.28	-0.03	-0.03	-0.57	2.12	-1.28	-0.0	-0.0	-15.17					1	-0.06	-0.06	-0.26	-0.03	-0.03	-0.15	-0.26	0.0	0.0	7.95					0.06	0.06	0.57	0.03	0.03	0.34	0.57	0.01	0.01	30.64					0.06	0.06	0.55	0.03	0.03	0.32	0.55	0.01	0.01	30.64					0.06000000000000005	0.06000000000000005	-0.2699999999999998	0.03076923076923077	0.031252543504104426	-0.1428571428571418	-0.2699999999999998	0.0026161765957321333	0.002530859639189975	14.274795244084974				
2021-01-14 08:00:00	13500	1.93	1.89	1.89	1.9	1.9	RAD.MI	1.82	1.86	1.82	1.83	2.07	1.34	1.0	1.0	1.0	1	1.0	-1.0	-1.0	1.0	-1.0	-1.0	1.93								1.0			1.76	1.86									-1.0			2.35	0.01	0.01	-1.27	0.01	0.01	-0.57	2.12	-1.27	-0.0	-0.0	-14.9					1	0.01	0.01	-0.25	0.01	0.01	-0.14	-0.25	0.0	0.0	8.14					-0.01	-0.01	0.56	-0.01	-0.01	0.33	0.56	0.01	0.01	28.88					-0.01	-0.01	0.54	-0.01	-0.01	0.31	0.54	0.01	0.01	28.88					-0.010000000000000009	-0.010000000000000009	-0.2799999999999998	-0.005291005291005346	-0.005277057100843819	-0.14736842105263048	-0.2799999999999998	0.0023248529029373634	0.002238205998314813	12.640095470577062				
2021-01-15 08:00:00	14500	1.9	1.85	1.9	1.85	1.85	RAD.MI	1.85	1.85	1.81	1.81	2.07	1.34	1.0	1.0	1.0	1	1.0	-1.0	-1.0	1.0	-1.0	-1.0									1.0			1.76										-1.0			2.35	-0.05	-0.05	-1.32	-0.03	-0.03	-0.58	2.12	-1.32	-0.0	-0.0	-17.37					1	-0.05	-0.05	-0.3	-0.03	-0.03	-0.17	-0.3	0.0	0.0	5.25					0.05	0.05	0.61	0.03	0.03	0.37	0.61	0.01	0.01	31.11					0.05	0.05	0.59	0.03	0.03	0.35	0.59	0.01	0.01	31.11					0.04999999999999982	0.04999999999999982	-0.22999999999999998	0.02631578947368407	0.02666824708216118	-0.12432432432432339	-0.22999999999999998	0.0024504384568125115	0.0023625263664248664	13.11212263147975				
2021-01-18 08:00:00	7000	1.86	1.85	1.85	1.86	1.86	RAD.MI	1.8	1.81	1.8	1.81	2.07	1.34	1.0	1.0	1.0	1	1.0	-1.0	-1.0	1.0	-1.0	-1.0		1.85							1.0			1.76		1.8								-1.0			2.35	0.01	0.01	-1.31	0.01	0.01	-0.57	2.12	-1.31	-0.0	-0.0	-17.08					1	0.01	0.01	-0.29	0.01	0.01	-0.16	-0.29	0.0	0.0	5.45					-0.01	-0.01	0.6	-0.01	-0.01	0.36	0.6	0.01	0.01	29.35					-0.01	-0.01	0.58	-0.01	-0.01	0.34	0.58	0.01	0.01	29.35					-0.010000000000000009	-0.010000000000000009	-0.24	-0.00540540540540535	-0.005390848634876373	-0.12903225806451513	-0.24	0.0021556335232781687	0.0020664345531056227	11.492869415596385				
2021-01-19 08:00:00	4500	1.91	1.84	1.84	1.91	1.91	RAD.MI	1.79	1.86	1.79	1.86	2.07	1.34	1.0	1.0	1.0	1	1.0	-1.0	-1.0	1.0	-1.0	-1.0	1.91								1.0			1.76	1.86									-1.0			2.35	0.05	0.05	-1.26	0.03	0.03	-0.56	2.12	-1.26	-0.0	-0.0	-17.5					1	0.05	0.05	-0.24	0.03	0.03	-0.14	-0.24	0.0	0.0	5.15					-0.05	-0.05	0.55	-0.03	-0.03	0.33	0.55	0.01	0.01	29.72					-0.05	-0.05	0.53	-0.03	-0.03	0.31	0.53	0.01	0.01	29.72					-0.04999999999999982	-0.04999999999999982	-0.2899999999999998	-0.026881720430107503	-0.026526754333428604	-0.1518324607329833	-0.2899999999999998	0.0015676777624168293	0.0014781023214001099	8.442076028625063				
2021-01-20 08:00:00	8500	1.88	1.82	1.83	1.88	1.88	RAD.MI	1.76	1.81	1.75	1.81	2.07	1.34	1.0	1.0	1.0	1	1.0	-1.0	-1.0	1.0	-1.0	-1.0									1.0			1.76		1.75								-1.0			2.35	-0.03	-0.03	-1.29	-0.02	-0.02	-0.57	2.12	-1.29	-0.0	-0.0	-21.48					1	-0.03	-0.03	-0.27	-0.02	-0.02	-0.15	-0.27	0.0	0.0	1.48					0.03	0.03	0.58	0.02	0.02	0.35	0.58	0.01	0.01	33.24					0.03	0.03	0.56	0.02	0.02	0.33	0.56	0.01	0.01	33.24					0.030000000000000027	0.030000000000000027	-0.2599999999999998	0.015706806282722474	0.015831465216680628	-0.13829787234042457	-0.2599999999999998	0.0014471449351120963	0.0013588483857742695	7.920690172137988				
2021-01-21 08:00:00	9000	1.92	1.83	1.88	1.83	1.83	RAD.MI	1.83	1.87	1.78	1.78	2.07	1.34	1.0	1.0	1.0	1	1.0	-1.0	-1.0	1.0	-1.0	-1.0									1.0			1.76										-1.0			2.35	-0.05	-0.05	-1.34	-0.03	-0.03	-0.58	2.12	-1.34	-0.0	-0.0	-23.6					1	-0.05	-0.05	-0.32	-0.03	-0.03	-0.18	-0.32	-0.0	-0.0	-1.1					0.05	0.05	0.63	0.03	0.03	0.38	0.63	0.01	0.01	33.62					0.05	0.05	0.61	0.03	0.03	0.36	0.61	0.01	0.01	33.62					0.04999999999999982	0.04999999999999982	-0.20999999999999996	0.02659574468085102	0.02695580998852822	-0.11475409836065475	-0.20999999999999996	0.001611575376042118	0.001521531912020757	8.62781105851072				
2021-01-22 08:00:00	9500	1.9	1.8	1.9	1.84	1.84	RAD.MI	1.88	1.88	1.78	1.82	2.07	1.34	1.0	1.0	1.0	1	1.0	-1.0	-1.0	1.0	-1.0	-1.0									1.0			1.76	1.88		1.88							-1.0			2.35	0.01	0.01	-1.33	0.01	0.01	-0.58	2.12	-1.33	-0.0	-0.0	-23.72					1	0.01	0.01	-0.31	0.01	0.01	-0.17	-0.31	-0.0	-0.0	-1.18					-0.01	-0.01	0.62	-0.01	-0.01	0.38	0.62	0.01	0.01	33.71					-0.01	-0.01	0.6	-0.01	-0.01	0.36	0.6	0.01	0.01	33.71					-0.010000000000000009	-0.010000000000000009	-0.21999999999999997	-0.005464480874316946	-0.005449604767564685	-0.11956521739130344	-0.21999999999999997	0.0012713460633189105	0.0011806308614130678	6.822193280616695				
2021-01-25 08:00:00	5000	1.86	1.77	1.86	1.77	1.77	RAD.MI	1.87	1.87	1.78	1.78	2.07	1.34	1.0	1.0	1.0	1	1.0	-1.0	-1.0	1.0	-1.0	-1.0									1.0			1.76										-1.0			2.35	-0.07	-0.07	-1.4	-0.04	-0.04	-0.6	2.12	-1.4	-0.0	-0.0	-25.99					1	-0.07	-0.07	-0.38	-0.04	-0.04	-0.2	-0.38	-0.0	-0.0	-4.05					0.07	0.07	0.69	0.04	0.04	0.43	0.69	0.01	0.01	34.24					0.07	0.07	0.67	0.04	0.04	0.41	0.67	0.01	0.01	34.24					0.07000000000000006	0.07000000000000006	-0.1499999999999999	0.03804347826086962	0.03878602503515654	-0.0847457627118634	-0.1499999999999999	0.0015040622135298505	0.001410783204636612	7.823388809347136				
2021-01-26 08:00:00	34000	1.78	1.65	1.74	1.76	1.76	RAD.MI	1.73	1.77	1.64	1.75	2.07	1.34	1.0	1.0	1.0	1	1.0	-1.0	-1.0	1.0	-1.0	-1.0									0.0			1.76		1.64		1.64						-1.0			2.35	-0.01	-0.01	-1.41	-0.01	-0.01	-0.6	2.12	-1.41	-0.0	-0.0	-25.76					1	-0.01	-0.01	-0.39	-0.01	-0.01	-0.21	-0.39	-0.0	-0.0	-3.59					0.01	0.01	0.7	0.01	0.01	0.44	0.7	0.01	0.01	34.02					0.01	0.01	0.68	0.01	0.01	0.42	0.68	0.01	0.01	34.02					0.010000000000000009	0.010000000000000009	-0.1399999999999999	0.005649717514124353	0.00566573753567742	-0.07954545454545348	-0.1399999999999999	0.0019015936746699163	0.0018101945757784677	9.98933333762879				
2021-01-27 08:00:00	1500	1.73	1.73	1.73	1.73	1.73	RAD.MI	1.74	1.74	1.74	1.74	2.07	1.34	1.0	1.0	1.0	1	1.0	-1.0	-1.0	1.0	1.0	1.0									-1.0			1.76	1.74									-1.0			2.35	-0.03	-0.03	-1.44	-0.02	-0.02	-0.6	2.12	-1.44	-0.0	-0.0	-27.7					1	-0.03	-0.03	-0.42	-0.02	-0.02	-0.22	-0.42	-0.0	-0.0	-5.79					0.03	0.03	0.73	0.02	0.02	0.47	0.73	0.01	0.01	34.25					0.03	0.03	0.71	0.02	0.02	0.44	0.71	0.01	0.01	34.25					0.030000000000000027	0.030000000000000027	-0.10999999999999988	0.017045454545454586	0.017192400540372875	-0.06358381502890054	-0.10999999999999988	0.002006467317966191	0.0019139370181833204	10.3994718299713				
2021-01-28 08:00:00	8000	1.75	1.68	1.75	1.72	1.72	RAD.MI	1.74	1.74	1.67	1.71	2.07	1.34	1.0	1.0	1.0	1	1.0	-1.0	-1.0	1.0	1.0	1.0		1.68		1.68					-1.0			1.76		1.67								-1.0			2.35	-0.01	-0.01	-1.45	-0.01	-0.01	-0.61	2.12	-1.45	-0.0	-0.0	-29.47					1	-0.01	-0.01	-0.43	-0.01	-0.01	-0.22	-0.43	-0.0	-0.0	-7.66					0.01	0.01	0.74	0.01	0.01	0.47	0.74	0.01	0.01	34.33					-0.01	-0.01	0.7	-0.01	-0.01	0.44	0.7	0.01	0.01	32.45					0.010000000000000009	0.010000000000000009	-0.09999999999999987	0.005780346820809301	0.005797117684325958	-0.0581395348837197	-0.09999999999999987	0.0020418297358405797	0.001948916457347627	10.535307882774244				
2021-01-29 08:00:00	9000	1.8	1.71	1.72	1.78	1.78	RAD.MI	1.74	1.82	1.73	1.8	2.07	1.34	1.0	1.0	1.0	1	1.0	1.0	1.0	1.0	1.0	1.0									-1.0			1.76										-1.0			2.35	0.06	0.06	-1.39	0.03	0.03	-0.59	2.12	-1.39	-0.0	-0.0	-27.29					1	0.06	0.06	-0.37	0.03	0.03	-0.2	-0.37	-0.0	-0.0	-6.14					-0.06	-0.06	0.68	-0.03	-0.03	0.42	0.68	0.01	0.01	31.13					0.06	0.06	0.76	0.03	0.03	0.49	0.76	0.01	0.01	32.91					-0.06000000000000005	-0.06000000000000005	-0.15999999999999992	-0.03488372093023262	-0.034289073478632165	-0.08988764044943709	-0.15999999999999992	0.0016254834413022938	0.0015294246921460086	8.199493880599292				
2021-02-01 08:00:00	10500	1.81	1.74	1.77	1.81	1.81	RAD.MI	1.77	1.81	1.74	1.81	2.07	1.34	1.0	1.0	1.0	1	1.0	1.0	1.0	1.0	1.0	1.0									-1.0			1.76										-1.0			2.35	0.03	0.03	-1.36	0.02	0.02	-0.59	2.0	-1.36	-0.0	-0.0	-26.29					1	0.03	0.03	-0.34	0.02	0.02	-0.18	-0.34	-0.0	-0.0	-5.43					0.03	0.03	0.71	0.02	0.02	0.45	0.71	0.01	0.01	31.35					0.03	0.03	0.79	0.02	0.02	0.51	0.79	0.01	0.01	33.13					-0.030000000000000027	-0.030000000000000027	-0.18999999999999995	-0.016853932584269593	-0.016713480973740532	-0.10497237569060658	-0.18999999999999995	0.0012743392613383383	0.0011763720143382894	6.358882618037768				
2021-02-02 08:00:00	12000	1.88	1.82	1.88	1.82	1.82	RAD.MI	1.86	1.86	1.8	1.8	2.07	1.34	1.0	1.0	1.0	1	1.0	1.0	1.0	1.0	1.0	1.0									-1.0			1.76	1.86		1.86							-1.0			2.35	0.01	0.01	-1.35	0.01	0.01	-0.58	1.99	-1.35	-0.0	-0.0	-25.97					1	0.01	0.01	-0.33	0.01	0.01	-0.18	-0.33	-0.0	-0.0	-5.21					0.01	0.01	0.72	0.01	0.01	0.46	0.72	0.01	0.01	31.43					0.01	0.01	0.8	0.01	0.01	0.52	0.8	0.01	0.01	33.2					-0.010000000000000009	-0.010000000000000009	-0.19999999999999996	-0.005524861878453136	-0.0055096558109697	-0.10989010989010883	-0.19999999999999996	0.000966908450863271	0.0008678764538101458	4.807728860646371				
2021-02-03 08:00:00	38500	1.95	1.8	1.8	1.89	1.89	RAD.MI	1.74	1.89	1.74	1.83	2.07	1.34	1.0	1.0	1.0	1	1.0	1.0	1.0	1.0	1.0	1.0	1.95								-1.0			1.76										-1.0			2.35	0.07	0.07	-1.28	0.04	0.04	-0.57	1.99	-1.28	-0.0	-0.0	-20.37					1	0.07	0.07	-0.26	0.04	0.04	-0.15	-0.26	0.0	0.0	1.78					0.07	0.07	0.79	0.04	0.04	0.51	0.79	0.01	0.01	30.18					0.07	0.07	0.87	0.04	0.04	0.58	0.87	0.01	0.01	32.0					-0.06999999999999984	-0.06999999999999984	-0.2699999999999998	-0.038461538461538325	-0.0377403279828469	-0.14285714285714168	-0.2699999999999998	0.0013428985477012103	0.0012500377632675974	7.085036970933011				
2021-02-04 08:00:00	22500	1.89	1.8	1.89	1.82	1.82	RAD.MI	1.8	1.8	1.72	1.74	2.07	1.34	1.0	1.0	1.0	1	1.0	1.0	1.0	1.0	1.0	1.0		1.8							-1.0			1.76		1.72								-1.0			2.35	-0.07	-0.07	-1.35	-0.04	-0.04	-0.58	1.99	-1.35	-0.0	-0.0	-19.11					1	-0.07	-0.07	-0.33	-0.04	-0.04	-0.18	-0.33	0.0	0.0	4.45					-0.07	-0.07	0.72	-0.04	-0.04	0.46	0.72	0.01	0.01	34.06					-0.07	-0.07	0.8	-0.04	-0.04	0.52	0.8	0.01	0.01	36.08					0.06999999999999984	0.06999999999999984	-0.19999999999999996	0.03703703703703698	0.03774032798284697	-0.10989010989010872	-0.19999999999999996	0.0009059450112116913	0.0008180552990153522	5.075415550440823				
2021-02-05 08:00:00	30500	1.9	1.83	1.85	1.9	1.9	RAD.MI	1.75	1.8	1.73	1.8	2.07	1.34	1.0	1.0	1.0	1	1.0	1.0	1.0	1.0	1.0	1.0									-1.0			1.76	1.8									-1.0			2.35	0.08	0.08	-1.27	0.04	0.04	-0.57	1.95	-1.27	-0.0	-0.0	-17.29					1	0.08	0.08	-0.25	0.04	0.04	-0.14	-0.25	0.0	0.0	5.76					0.08	0.08	0.8	0.04	0.04	0.52	0.8	0.01	0.01	34.57					0.08	0.08	0.88	0.04	0.04	0.59	0.88	0.01	0.01	36.58					-0.07999999999999985	-0.07999999999999985	-0.2799999999999998	-0.0439560439560438	-0.04301738508369064	-0.14736842105263037	-0.2799999999999998	0.0007547457990265058	0.0006644649311826623	4.126991919060551				
2021-02-08 08:00:00	30000	1.95	1.87	1.9	1.92	1.92	RAD.MI	1.77	1.82	1.74	1.79	2.07	1.34	1.0	1.0	1.0	1	1.0	1.0	1.0	1.0	1.0	1.0	1.95								-1.0			1.76										-1.0			2.35	0.02	0.02	-1.25	0.01	0.01	-0.56	1.95	-1.25	-0.0	-0.0	-16.78					1	0.02	0.02	-0.23	0.01	0.01	-0.13	-0.23	0.0	0.0	6.12					0.02	0.02	0.82	0.01	0.01	0.54	0.82	0.01	0.01	34.72					0.02	0.02	0.9	0.01	0.01	0.6	0.9	0.01	0.01	36.72					-0.020000000000000018	-0.020000000000000018	-0.2999999999999998	-0.010526315789473717	-0.010471299867295437	-0.15624999999999878	-0.2999999999999998	0.00043776383353096113	0.0003462294443044023	2.3771430446986628				
2021-02-09 08:00:00	45500	1.9	1.82	1.9	1.85	1.85	RAD.MI	1.78	1.78	1.71	1.73	2.07	1.34	1.0	1.0	1.0	1	1.0	1.0	1.0	1.0	1.0	1.0									-1.0			1.76										-1.0			2.35	-0.07	-0.07	-1.32	-0.04	-0.04	-0.58	1.95	-1.32	-0.0	-0.0	-16.81					1	-0.07	-0.07	-0.3	-0.04	-0.04	-0.17	-0.3	0.0	0.0	6.06					-0.07	-0.07	0.75	-0.04	-0.04	0.48	0.75	0.01	0.01	34.63					-0.07	-0.07	0.83	-0.04	-0.04	0.54	0.83	0.01	0.01	36.63					0.06999999999999984	0.06999999999999984	-0.22999999999999998	0.03645833333333326	0.037139546949456655	-0.12432432432432317	-0.22999999999999998	0.0004465908640574577	0.0003549532730209304	2.4219953541275316				
2021-02-10 08:00:00	15000	1.88	1.82	1.82	1.83	1.83	RAD.MI	1.71	1.76	1.71	1.72	2.07	1.34	1.0	1.0	1.0	1	1.0	1.0	1.0	1.0	1.0	1.0									-1.0			1.76										-1.0			2.35	-0.02	-0.02	-1.34	-0.01	-0.01	-0.58	1.95	-1.34	-0.0	-0.0	-19.65					1	-0.02	-0.02	-0.32	-0.01	-0.01	-0.18	-0.32	0.0	0.0	3.19					-0.02	-0.02	0.73	-0.01	-0.01	0.46	0.73	0.01	0.01	32.2					-0.02	-0.02	0.81	-0.01	-0.01	0.53	0.81	0.01	0.01	34.16					0.020000000000000018	0.020000000000000018	-0.20999999999999996	0.010810810810810811	0.010869672236903879	-0.11475409836065453	-0.20999999999999996	0.0008731183911971276	0.0007827562352802353	4.76104385498428				
2021-02-11 08:00:00	2000	1.83	1.83	1.83	1.83	1.83	RAD.MI	1.71	1.71	1.71	1.71	2.07	1.34	1.0	1.0	1.0	1	1.0	1.0	1.0	1.0	1.0	1.0		1.83							-1.0			1.76		1.71		1.71						-1.0			2.35	0.0	0.0	-1.34	0.0	0.0	-0.58	1.95	-1.34	-0.0	-0.0	-17.67					1	0.0	0.0	-0.32	0.0	0.0	-0.18	-0.32	0.0	0.0	5.71					0.0	0.0	0.73	0.0	0.0	0.46	0.73	0.01	0.01	34.92					0.0	0.0	0.81	0.0	0.0	0.53	0.81	0.01	0.01	36.96					-0.0	-0.0	-0.20999999999999996	-0.0	-0.0	-0.11475409836065453	-0.20999999999999996	0.0007483824009155383	0.0006594340303518464	4.153484899640716				
2021-02-12 08:00:00	6500	1.85	1.8	1.81	1.85	1.85	RAD.MI	1.69	1.73	1.68	1.73	2.07	1.34	1.0	1.0	1.0	1	1.0	1.0	1.0	1.0	1.0	1.0									-1.0			1.76										-1.0			2.35	0.02	0.02	-1.32	0.01	0.01	-0.58	1.95	-1.32	-0.0	-0.0	-17.14					1	0.02	0.02	-0.3	0.01	0.01	-0.17	-0.3	0.0	0.0	6.1					0.02	0.02	0.75	0.01	0.01	0.48	0.75	0.01	0.01	35.07					0.02	0.02	0.83	0.01	0.01	0.54	0.83	0.01	0.01	37.11					-0.020000000000000018	-0.020000000000000018	-0.22999999999999998	-0.010928961748633892	-0.010869672236903891	-0.12432432432432317	-0.22999999999999998	0.0004316997178797745	0.000341484401418235	2.3785696649102093				
2021-02-15 08:00:00	44000	1.94	1.85	1.85	1.93	1.93	RAD.MI	1.71	1.79	1.71	1.79	2.07	1.34	1.0	1.0	1.0	1	1.0	1.0	1.0	1.0	1.0	1.0									-1.0			1.76										-1.0			2.35	0.08	0.08	-1.24	0.04	0.04	-0.56	1.95	-1.24	-0.0	-0.0	-15.16					1	0.08	0.08	-0.22	0.04	0.04	-0.13	-0.22	0.0	0.0	7.53					0.08	0.08	0.83	0.04	0.04	0.54	0.83	0.01	0.01	35.65					0.08	0.08	0.91	0.04	0.04	0.61	0.91	0.01	0.01	37.67					-0.07999999999999985	-0.07999999999999985	-0.30999999999999983	-0.043243243243243246	-0.042334363826560736	-0.16062176165803	-0.30999999999999983	-2.5601542597858233e-05	-0.00011916303262515804	-0.13719126954129734				
2021-02-16 08:00:00	9500	1.98	1.9	1.9	1.98	1.98	RAD.MI	1.77	1.84	1.77	1.84	2.07	1.34	1.0	1.0	1.0	1	1.0	1.0	1.0	1.0	1.0	1.0	1.98		1.98						-1.0			1.76	1.84		1.84							-1.0			2.35	0.05	0.05	-1.19	0.03	0.03	-0.55	1.98	-1.19	-0.0	-0.0	-14.04					1	0.05	0.05	-0.17	0.03	0.03	-0.11	-0.17	0.0	0.0	8.35					0.05	0.05	0.88	0.03	0.03	0.58	0.88	0.01	0.01	35.99					0.05	0.05	0.96	0.03	0.03	0.65	0.96	0.01	0.01	38.0					-0.050000000000000044	-0.050000000000000044	-0.3599999999999999	-0.02590673575129543	-0.025576841789649776	-0.18181818181818088	-0.3599999999999999	-0.00041596082667470606	-0.0005116985444829636	-2.1926920953601936				
2021-02-17 08:00:00	12000	1.98	1.9	1.98	1.91	1.91	RAD.MI	1.87	1.87	1.79	1.8	2.07	1.34	1.0	1.0	1.0	1	1.0	1.0	1.0	1.0	1.0	1.0									-1.0			1.76										-1.0			2.35	-0.07	-0.07	-1.26	-0.04	-0.04	-0.56	1.98	-1.26	-0.0	-0.0	-14.55					1	-0.07	-0.07	-0.24	-0.04	-0.04	-0.14	-0.24	0.0	0.0	5.13					-0.07	-0.07	0.81	-0.04	-0.04	0.53	0.81	0.01	0.01	34.42					-0.07	-0.07	0.89	-0.04	-0.04	0.59	0.89	0.01	0.01	36.34					0.07000000000000006	0.07000000000000006	-0.2899999999999998	0.03535353535353536	0.03599360264790537	-0.1518324607329833	-0.2899999999999998	-0.000257996188421164	-0.00035571009127755016	-1.3284302692077006				
2021-02-18 08:00:00	10500	1.91	1.86	1.91	1.87	1.87	RAD.MI	1.82	1.82	1.77	1.78	2.07	1.34	1.0	1.0	1.0	1	1.0	1.0	1.0	1.0	1.0	1.0		1.86							-1.0			1.76										-1.0			2.35	-0.04	-0.04	-1.3	-0.02	-0.02	-0.57	1.98	-1.3	-0.0	-0.0	-14.27					1	-0.04	-0.04	-0.28	-0.02	-0.02	-0.16	-0.28	0.0	0.0	1.49					-0.04	-0.04	0.77	-0.02	-0.02	0.5	0.77	0.01	0.01	35.29					-0.04	-0.04	0.85	-0.02	-0.02	0.56	0.85	0.01	0.01	37.25					0.039999999999999813	0.039999999999999813	-0.25	0.020942408376963262	0.021164811192043158	-0.1336898395721915	-0.25	-0.00034607424469457367	-0.00044268380800260854	-1.8053123901612693				
2021-02-19 08:00:00	7000	1.9	1.88	1.9	1.89	1.89	RAD.MI	1.79	1.79	1.77	1.78	2.07	1.34	1.0	1.0	1.0	1	1.0	1.0	1.0	1.0	1.0	1.0	1.9								-1.0			1.76		1.77								-1.0			2.35	0.02	0.02	-1.28	0.01	0.01	-0.57	1.98	-1.28	-0.0	-0.0	-15.1					1	0.02	0.02	-0.26	0.01	0.01	-0.15	-0.26	0.0	0.0	4.57					0.02	0.02	0.79	0.01	0.01	0.51	0.79	0.01	0.01	35.04					0.02	0.02	0.87	0.01	0.01	0.58	0.87	0.01	0.01	37.01					-0.019999999999999796	-0.019999999999999796	-0.2699999999999998	-0.010695187165775222	-0.010638398205055577	-0.14285714285714168	-0.2699999999999998	-0.0002596087024437591	-0.00035488305008912757	-1.3710446446292934				
2021-02-22 08:00:00	2500	1.9	1.85	1.86	1.9	1.9	RAD.MI	1.77	1.8	1.76	1.8	2.07	1.34	1.0	1.0	1.0	1	1.0	1.0	1.0	1.0	1.0	1.0									-1.0			1.76	1.8									-1.0			2.35	0.01	0.01	-1.27	0.01	0.01	-0.57	1.98	-1.27	-0.0	-0.0	-13.06					1	0.01	0.01	-0.25	0.01	0.01	-0.14	-0.25	0.0	0.0	4.24					0.01	0.01	0.8	0.01	0.01	0.52	0.8	0.01	0.01	37.47					0.01	0.01	0.88	0.01	0.01	0.59	0.88	0.01	0.01	39.5					-0.010000000000000009	-0.010000000000000009	-0.2799999999999998	-0.005291005291005346	-0.005277057100843819	-0.14736842105263048	-0.2799999999999998	-0.0006410550171822372	-0.0007360194637147099	-3.415485140472157				
2021-02-23 08:00:00	9000	1.87	1.84	1.87	1.86	1.86	RAD.MI	1.78	1.78	1.75	1.77	2.07	1.34	1.0	1.0	1.0	1	1.0	1.0	1.0	1.0	1.0	1.0									-1.0			1.76										-1.0			2.35	-0.04	-0.04	-1.31	-0.02	-0.02	-0.57	1.98	-1.31	-0.0	-0.0	-18.01					1	-0.04	-0.04	-0.29	-0.02	-0.02	-0.16	-0.29	0.0	0.0	5.87					-0.04	-0.04	0.76	-0.02	-0.02	0.49	0.76	0.01	0.01	33.86					-0.04	-0.04	0.84	-0.02	-0.02	0.55	0.84	0.01	0.01	35.84					0.039999999999999813	0.039999999999999813	-0.24	0.021052631578947323	0.02127739844728485	-0.12903225806451502	-0.24	4.4708996634717536e-05	-4.6907280818020425e-05	0.2442850928753515				
2021-02-24 08:00:00	2500	1.89	1.83	1.89	1.83	1.83	RAD.MI	1.79	1.79	1.73	1.73	2.07	1.34	1.0	1.0	1.0	1	1.0	1.0	1.0	1.0	1.0	1.0		1.83							-1.0			1.76		1.73								-1.0			2.35	-0.03	-0.03	-1.34	-0.02	-0.02	-0.58	1.98	-1.34	-0.0	-0.0	-17.93					1	-0.03	-0.03	-0.32	-0.02	-0.02	-0.18	-0.32	0.0	0.0	2.79					-0.03	-0.03	0.73	-0.02	-0.02	0.46	0.73	0.01	0.01	34.13					-0.03	-0.03	0.81	-0.02	-0.02	0.53	0.81	0.01	0.01	36.13					0.030000000000000027	0.030000000000000027	-0.20999999999999996	0.016129032258064502	0.01626052087178029	-0.11475409836065464	-0.20999999999999996	1.752971935119283e-05	-7.37559423972245e-05	0.09616754724166299				
2021-02-25 08:00:00	4500	1.9	1.86	1.87	1.89	1.89	RAD.MI	1.77	1.8	1.76	1.79	2.07	1.34	1.0	1.0	1.0	1	1.0	1.0	1.0	1.0	1.0	1.0	1.9								-1.0			1.76	1.8									-1.0			2.35	0.06	0.06	-1.28	0.03	0.03	-0.57	1.98	-1.28	-0.0	-0.0	-14.0					1	0.06	0.06	-0.26	0.03	0.03	-0.15	-0.26	0.0	0.0	2.36					0.06	0.06	0.79	0.03	0.03	0.51	0.79	0.01	0.01	38.65					0.06	0.06	0.87	0.03	0.03	0.58	0.87	0.01	0.01	40.8					-0.05999999999999983	-0.05999999999999983	-0.2699999999999998	-0.032786885245901454	-0.03226086221822126	-0.14285714285714168	-0.2699999999999998	-0.0006387540833103014	-0.0007296201811927139	-3.557384693489354				
2021-02-26 08:00:00	10500	1.88	1.8	1.83	1.86	1.86	RAD.MI	1.75	1.8	1.72	1.78	2.07	1.34	1.0	1.0	1.0	1	1.0	1.0	1.0	1.0	1.0	1.0		1.8							-1.0			1.76										-1.0			2.35	-0.03	-0.03	-1.31	-0.02	-0.02	-0.57	1.98	-1.31	-0.0	-0.0	-16.23					1	-0.03	-0.03	-0.29	-0.02	-0.02	-0.16	-0.29	0.0	0.0	2.05					-0.03	-0.03	0.76	-0.02	-0.02	0.49	0.76	0.01	0.01	36.04					-0.03	-0.03	0.84	-0.02	-0.02	0.55	0.84	0.01	0.01	38.11					0.029999999999999805	0.029999999999999805	-0.24	0.015873015873015817	0.016000341346441075	-0.12903225806451502	-0.24	-0.00024709930465270646	-0.0003382087816058421	-1.364394580821866				
2021-03-01 08:00:00	8500	1.88	1.83	1.84	1.88	1.88	RAD.MI	1.73	1.76	1.72	1.76	2.07	1.34	1.0	1.0	1.0	1	1.0	1.0	1.0	1.0	1.0	1.0	1.88								-1.0			1.76										-1.0			2.35	0.02	0.02	-1.29	0.01	0.01	-0.57	1.98	-1.29	-0.0	-0.0	-15.73					1	0.02	0.02	-0.27	0.01	0.01	-0.15	-0.27	0.0	0.0	2.45					0.02	0.02	0.78	0.01	0.01	0.5	0.78	0.01	0.01	36.18					0.02	0.02	0.86	0.01	0.01	0.57	0.86	0.01	0.01	38.25					-0.019999999999999796	-0.019999999999999796	-0.2599999999999998	-0.010752688172043001	-0.01069528911674795	-0.13829787234042434	-0.2599999999999998	-0.0005673496689339768	-0.000659510260449303	-3.1107498760873753				
2021-03-02 08:00:00	28500	1.92	1.8	1.88	1.8	1.8	RAD.MI	1.78	1.82	1.7	1.7	2.07	1.34	1.0	1.0	1.0	0	1.0	1.0	1.0	1.0	1.0	1.0									-1.0			1.76										-1.0			2.35	-0.08	-0.08	-1.37	-0.04	-0.04	-0.59	1.98	-1.37	-0.0	-0.0	-16.24					1	-0.08	-0.08	-0.35	-0.04	-0.04	-0.19	-0.35	-0.0	-0.0	-1.33					-0.08	-0.08	0.7	-0.04	-0.04	0.44	0.7	0.01	0.01	34.59					-0.08	-0.08	0.78	-0.04	-0.04	0.5	0.78	0.01	0.01	36.56					0.07999999999999985	0.07999999999999985	-0.17999999999999994	0.04255319148936165	0.04348511193973878	-0.09999999999999887	-0.17999999999999994	-0.00041312857562943606	-0.0005072207764414971	-2.2122925325389673				
2021-03-03 08:00:00	8000	1.87	1.8	1.84	1.82	1.82	RAD.MI	1.74	1.77	1.71	1.72	2.07	1.34	1.0	1.0	1.0	0	1.0	1.0	1.0	1.0	1.0	1.0									-1.0			1.76										-1.0			2.35	0.02	0.02	-1.35	0.01	0.01	-0.58	1.98	-1.35	-0.0	-0.0	-17.47					1	0.0	0.0	-0.35	0.0	0.0	-0.19	-0.35	0.0	0.0	1.65					0.02	0.02	0.72	0.01	0.01	0.46	0.72	0.01	0.01	34.23					0.02	0.02	0.8	0.01	0.01	0.52	0.8	0.01	0.01	36.22					-0.020000000000000018	-0.020000000000000018	-0.19999999999999996	-0.011111111111111072	-0.011049836186584935	-0.10989010989010872	-0.19999999999999996	-0.0002941968601846536	-0.0003865156195157482	-1.602564899777299				
2021-03-04 08:00:00	2500	1.85	1.8	1.85	1.8	1.8	RAD.MI	1.75	1.75	1.7	1.7	2.07	1.34	1.0	1.0	1.0	0	1.0	1.0	1.0	1.0	1.0	1.0									-1.0			1.76		1.7								-1.0			2.35	-0.02	-0.02	-1.37	-0.01	-0.01	-0.59	1.98	-1.37	-0.0	-0.0	-21.46					1	-0.0	-0.0	-0.35	-0.0	-0.0	-0.19	-0.35	0.0	0.0	4.99					-0.02	-0.02	0.7	-0.01	-0.01	0.44	0.7	0.01	0.01	31.47					-0.02	-0.02	0.78	-0.01	-0.01	0.5	0.78	0.01	0.01	33.43					0.020000000000000018	0.020000000000000018	-0.17999999999999994	0.01098901098901095	0.011049836186584935	-0.09999999999999887	-0.17999999999999994	0.00023048754107947	0.00014063559966781547	1.2806140860643396				
2021-03-05 08:00:00	4500	1.86	1.8	1.8	1.8	1.8	RAD.MI	1.71	1.77	1.71	1.71	2.07	1.34	1.0	1.0	1.0	0	1.0	1.0	1.0	1.0	1.0	1.0		1.8							-1.0			1.76	1.77									-1.0			2.35	0.0	0.0	-1.37	0.0	0.0	-0.59	1.98	-1.37	-0.0	-0.0	-19.08					1	0.0	0.0	-0.35	0.0	0.0	-0.19	-0.35	0.0	0.0	3.36					0.0	0.0	0.7	0.0	0.0	0.44	0.7	0.01	0.01	35.38					0.0	0.0	0.78	0.0	0.0	0.5	0.78	0.01	0.01	37.49					-0.0	-0.0	-0.17999999999999994	-0.0	-0.0	-0.09999999999999887	-0.17999999999999994	-3.590338223908446e-06	-9.064191888585871e-05	-0.020660511289733563				
2021-03-08 08:00:00	6000	1.85	1.8	1.81	1.82	1.82	RAD.MI	1.67	1.71	1.66	1.68	2.07	1.34	1.0	1.0	-1.0	0	1.0	1.0	1.0	1.0	1.0	1.0									-1.0			1.76										-1.0			2.35	0.02	0.02	-1.35	0.01	0.01	-0.58	1.98	-1.35	-0.0	-0.0	-18.49					1	0.0	0.0	-0.35	0.0	0.0	-0.19	-0.35	0.0	0.0	3.36					0.02	0.02	0.72	0.01	0.01	0.46	0.72	0.01	0.01	35.55					0.02	0.02	0.8	0.01	0.01	0.52	0.8	0.01	0.01	37.65					-0.020000000000000018	-0.020000000000000018	-0.19999999999999996	-0.011111111111111072	-0.011049836186584935	-0.10989010989010872	-0.19999999999999996	-0.00031940468277042323	-0.0004075002259806837	-1.824179103723381				
2021-03-09 08:00:00	7500	1.84	1.8	1.8	1.84	1.84	RAD.MI	1.65	1.69	1.65	1.69	2.07	1.34	1.0	1.0	-1.0	0	1.0	1.0	1.0	1.0	1.0	1.0	1.84								-1.0			1.76										-1.0			2.35	0.02	0.02	-1.33	0.01	0.01	-0.58	1.98	-1.33	-0.0	-0.0	-17.93					1	0.0	0.0	-0.35	0.0	0.0	-0.19	-0.35	0.0	0.0	3.36					0.02	0.02	0.74	0.01	0.01	0.47	0.74	0.01	0.01	35.7					0.02	0.02	0.82	0.01	0.01	0.54	0.82	0.01	0.01	37.8					-0.020000000000000018	-0.020000000000000018	-0.21999999999999997	-0.01098901098901095	-0.01092907053219023	-0.11956521739130321	-0.21999999999999997	-0.0006368613959785996	-0.0007259294848489528	-3.6103693915394572				
2021-03-10 08:00:00	12000	1.83	1.8	1.82	1.83	1.83	RAD.MI	1.66	1.67	1.64	1.67	2.07	1.34	1.0	1.0	-1.0	0	1.0	1.0	1.0	1.0	1.0	1.0									-1.0			1.76										-1.0			2.35	-0.01	-0.01	-1.34	-0.01	-0.01	-0.58	1.98	-1.34	-0.0	-0.0	-17.21					1	-0.0	-0.0	-0.35	-0.0	-0.0	-0.19	-0.35	0.0	0.0	1.52					-0.01	-0.01	0.73	-0.01	-0.01	0.46	0.73	0.01	0.01	38.05					-0.01	-0.01	0.81	-0.01	-0.01	0.53	0.81	0.01	0.01	40.29					0.010000000000000009	0.010000000000000009	-0.20999999999999996	0.005434782608695676	0.005449604767564703	-0.11475409836065453	-0.20999999999999996	-0.0008435728323359258	-0.0009300759988555285	-4.943973666162712				
2021-03-11 08:00:00	6500	1.84	1.81	1.84	1.81	1.81	RAD.MI	1.67	1.67	1.64	1.64	2.07	1.34	1.0	-1.0	-1.0	0	1.0	1.0	1.0	1.0	1.0	1.0									-1.0			1.76										-1.0			2.35	-0.02	-0.02	-1.36	-0.01	-0.01	-0.59	1.98	-1.36	-0.0	-0.0	-19.05					1	-0.0	-0.0	-0.35	-0.0	-0.0	-0.19	-0.35	0.0	0.0	1.52					-0.02	-0.02	0.71	-0.01	-0.01	0.45	0.71	0.01	0.01	35.76					-0.02	-0.02	0.79	-0.01	-0.01	0.51	0.79	0.01	0.01	37.94					0.020000000000000018	0.020000000000000018	-0.18999999999999995	0.010928961748633892	0.010989121575595206	-0.10497237569060647	-0.18999999999999995	-0.000785330487985271	-0.0008725525958888092	-4.559179204288199				
2021-03-12 08:00:00	18000	1.84	1.8	1.84	1.8	1.8	RAD.MI	1.67	1.67	1.63	1.63	2.07	1.34	1.0	-1.0	-1.0	0	1.0	1.0	1.0	1.0	1.0	1.0									-1.0			1.76										-1.0			2.35	-0.01	-0.01	-1.37	-0.01	-0.01	-0.59	1.98	-1.37	-0.0	-0.0	-20.78					1	-0.0	-0.0	-0.35	-0.0	-0.0	-0.19	-0.35	0.0	0.0	1.52					-0.01	-0.01	0.7	-0.01	-0.01	0.44	0.7	0.01	0.01	33.83					-0.01	-0.01	0.78	-0.01	-0.01	0.5	0.78	0.01	0.01	35.97					0.010000000000000009	0.010000000000000009	-0.17999999999999994	0.0055248618784530246	0.005540180375615356	-0.09999999999999876	-0.17999999999999994	-0.000755967531994509	-0.0008435532086908948	-4.367926175654873				
2021-03-15 08:00:00	3000	1.85	1.79	1.79	1.8	1.8	RAD.MI	1.62	1.67	1.62	1.63	2.07	1.34	1.0	-1.0	-1.0	0	1.0	1.0	1.0	1.0	1.0	1.0		1.79							-1.0			1.76										-1.0			2.35	0.0	0.0	-1.37	0.0	0.0	-0.59	1.98	-1.37	-0.0	-0.0	-22.42					1	0.0	0.0	-0.35	0.0	0.0	-0.19	-0.35	0.0	0.0	4.57					0.0	0.0	0.7	0.0	0.0	0.44	0.7	0.01	0.01	33.37					0.0	0.0	0.78	0.0	0.0	0.5	0.78	0.01	0.01	35.52					-0.0	-0.0	-0.17999999999999994	-0.0	-0.0	-0.09999999999999876	-0.17999999999999994	-0.0003537081983310802	-0.0004390849137997366	-2.08577963332322				
2021-03-16 08:00:00	8000	1.84	1.79	1.79	1.79	1.79	RAD.MI	1.61	1.66	1.61	1.61	2.07	1.34	1.0	-1.0	-1.0	0	1.0	1.0	1.0	1.0	1.0	1.0									-1.0			1.76		1.61								-1.0			2.35	-0.01	-0.01	-1.38	-0.01	-0.01	-0.59	1.98	-1.38	-0.0	-0.0	-21.98					1	-0.0	-0.0	-0.35	-0.0	-0.0	-0.19	-0.35	0.0	0.0	3.27					-0.01	-0.01	0.69	-0.01	-0.01	0.43	0.69	0.01	0.01	34.82					-0.01	-0.01	0.77	-0.01	-0.01	0.49	0.77	0.01	0.01	37.06					0.010000000000000009	0.010000000000000009	-0.16999999999999993	0.005555555555555536	0.00557104504945536	-0.09497206703910499	-0.16999999999999993	-0.00048483055607229965	-0.0005686416368789748	-2.919607788371671				
2021-03-17 08:00:00	8500	1.84	1.79	1.79	1.82	1.82	RAD.MI	1.61	1.65	1.61	1.64	2.07	1.34	1.0	-1.0	-1.0	0	1.0	1.0	1.0	1.0	1.0	1.0									-1.0			1.76										-1.0			2.35	0.03	0.03	-1.35	0.02	0.02	-0.58	1.92	-1.35	-0.0	-0.0	-21.06					1	0.0	0.0	-0.35	0.0	0.0	-0.19	-0.35	0.0	0.0	3.27					0.03	0.03	0.72	0.02	0.02	0.46	0.72	0.01	0.01	35.08					0.03	0.03	0.8	0.02	0.02	0.52	0.8	0.01	0.01	37.31					-0.030000000000000027	-0.030000000000000027	-0.19999999999999996	-0.016759776536312776	-0.01662088123604028	-0.10989010989010861	-0.19999999999999996	-0.0008224709129315937	-0.0009075980699423392	-4.896715670192499				
2021-03-18 08:00:00	63500	1.93	1.79	1.79	1.88	1.88	RAD.MI	1.6	1.73	1.6	1.69	2.07	1.34	1.0	-1.0	-1.0	1	1.0	1.0	1.0	1.0	1.0	1.0	1.93								-1.0			1.76										-1.0			2.35	0.06	0.06	-1.29	0.03	0.03	-0.57	1.93	-1.29	-0.0	-0.0	-17.58					1	0.0	0.0	-0.35	0.0	0.0	-0.19	-0.35	0.0	0.0	2.93					0.06	0.06	0.78	0.03	0.03	0.5	0.78	0.01	0.01	37.67					0.06	0.06	0.86	0.03	0.03	0.57	0.86	0.01	0.01	39.94					-0.05999999999999983	-0.05999999999999983	-0.2599999999999998	-0.03296703296703285	-0.03243527575315374	-0.13829787234042423	-0.2599999999999998	-0.0012788884565233813	-0.0013658261130852223	-7.499107110754949				
2021-03-19 08:00:00	8500	1.91	1.85	1.86	1.85	1.85	RAD.MI	1.68	1.72	1.67	1.67	2.07	1.34	1.0	-1.0	-1.0	1	1.0	1.0	1.0	1.0	1.0	1.0									-1.0			1.76	1.72									-1.0			2.35	-0.03	-0.03	-1.32	-0.02	-0.02	-0.58	1.93	-1.32	-0.0	-0.0	-17.59					1	-0.03	-0.03	-0.38	-0.02	-0.02	-0.2	-0.38	-0.0	-0.0	-0.33					-0.03	-0.03	0.75	-0.02	-0.02	0.48	0.75	0.01	0.01	37.62					-0.03	-0.03	0.83	-0.02	-0.02	0.54	0.83	0.01	0.01	39.89					0.029999999999999805	0.029999999999999805	-0.22999999999999998	0.015957446808510523	0.01608613775162427	-0.12432432432432305	-0.22999999999999998	-0.001275242118180228	-0.0013622257232239754	-7.473119840969915				
2021-03-22 08:00:00	4500	1.88	1.82	1.82	1.82	1.82	RAD.MI	1.64	1.69	1.64	1.64	2.07	1.34	1.0	-1.0	-1.0	1	1.0	1.0	1.0	1.0	1.0	1.0									-1.0			1.76										-1.0			2.35	-0.03	-0.03	-1.35	-0.02	-0.02	-0.58	1.93	-1.35	-0.0	-0.0	-21.13					1	-0.03	-0.03	-0.41	-0.02	-0.02	-0.21	-0.41	0.0	-0.0	0.24					-0.03	-0.03	0.72	-0.02	-0.02	0.46	0.72	0.01	0.01	34.53					-0.03	-0.03	0.8	-0.02	-0.02	0.52	0.8	0.01	0.01	36.73					0.030000000000000027	0.030000000000000027	-0.19999999999999996	0.016216216216216273	0.016349138001529526	-0.10989010989010861	-0.19999999999999996	-0.0007813315919282197	-0.0008671967224715971	-4.607770051785565				
2021-03-23 08:00:00	3000	1.84	1.81	1.83	1.81	1.81	RAD.MI	1.66	1.67	1.64	1.64	2.07	1.34	1.0	-1.0	-1.0	1	1.0	1.0	1.0	1.0	1.0	1.0									-1.0			1.76										-1.0			2.35	-0.01	-0.01	-1.36	-0.01	-0.01	-0.59	1.93	-1.36	-0.0	-0.0	-19.9					1	-0.01	-0.01	-0.42	-0.01	-0.01	-0.22	-0.42	-0.0	-0.0	-5.57					-0.01	-0.01	0.71	-0.01	-0.01	0.45	0.71	0.01	0.01	38.7					-0.01	-0.01	0.79	-0.01	-0.01	0.51	0.79	0.01	0.01	41.15					0.010000000000000009	0.010000000000000009	-0.18999999999999995	0.005494505494505475	0.0055096558109695845	-0.10497237569060647	-0.18999999999999995	-0.0011234884979986802	-0.0012052049982458346	-7.017923906955694				
2021-03-24 08:00:00	9000	1.8	1.79	1.8	1.8	1.8	RAD.MI	1.62	1.62	1.61	1.62	2.07	1.34	1.0	-1.0	-1.0	0	1.0	1.0	1.0	1.0	1.0	1.0									-1.0			1.76										-1.0			2.35	-0.01	-0.01	-1.37	-0.01	-0.01	-0.59	1.93	-1.37	-0.0	-0.0	-22.13					1	-0.01	-0.01	-0.43	-0.01	-0.01	-0.22	-0.43	-0.0	-0.0	-5.47					-0.01	-0.01	0.7	-0.01	-0.01	0.44	0.7	0.01	0.01	36.5					-0.01	-0.01	0.78	-0.01	-0.01	0.5	0.78	0.01	0.01	38.92					0.010000000000000009	0.010000000000000009	-0.17999999999999994	0.0055248618784530246	0.005540180375615356	-0.09999999999999876	-0.17999999999999994	-0.0008007605907278548	-0.000882090191775653	-5.004070302299112				
2021-03-25 08:00:00	22000	1.83	1.71	1.78	1.71	1.71	RAD.MI	1.61	1.65	1.54	1.54	2.07	1.34	1.0	-1.0	-1.0	0	1.0	1.0	1.0	1.0	1.0	1.0									-1.0			1.76										-1.0			2.35	-0.09	-0.09	-1.46	-0.05	-0.05	-0.61	1.93	-1.46	-0.0	-0.0	-26.62					1	-0.0	-0.0	-0.43	-0.0	-0.0	-0.22	-0.43	-0.0	-0.0	-2.17					-0.09	-0.09	0.61	-0.05	-0.05	0.37	0.61	0.0	0.0	31.09					-0.09	-0.09	0.69	-0.05	-0.05	0.43	0.69	0.01	0.01	33.3					0.09000000000000008	0.09000000000000008	-0.08999999999999986	0.050000000000000044	0.05129329438755058	-0.05263157894736703	-0.08999999999999986	-0.00012128972552623556	-0.0002035577921265519	-0.7400243153802251				
2021-03-26 08:00:00	15000	1.75	1.72	1.73	1.75	1.75	RAD.MI	1.55	1.57	1.54	1.57	2.07	1.34	1.0	-1.0	-1.0	0	1.0	1.0	1.0	1.0	1.0	1.0		1.72		1.72					-1.0			1.76										-1.0			2.35	0.04	0.04	-1.42	0.02	0.02	-0.6	1.93	-1.42	-0.0	-0.0	-26.62					1	0.0	0.0	-0.43	0.0	0.0	-0.22	-0.43	0.0	0.0	0.86					0.04	0.04	0.65	0.02	0.02	0.4	0.65	0.0	0.0	31.09					0.04	0.04	0.73	0.02	0.02	0.46	0.73	0.01	0.01	33.3					-0.040000000000000036	-0.040000000000000036	-0.1299999999999999	-0.023391812865497075	-0.023122417420854212	-0.07428571428571296	-0.1299999999999999	-0.00012188777190893455	-0.00020416438454207153	-0.74360401082604				
2021-03-29 07:00:00	0	1.75	1.75	1.75	1.75	1.75	RAD.MI	1.56	1.56	1.56	1.56	2.07	1.34	1.0	-1.0	-1.0	0	1.0	1.0	1.0	1.0	1.0	1.0									-1.0			1.76										-1.0			2.35	0.0	0.0	-1.42	0.0	0.0	-0.6	1.93	-1.42	-0.0	-0.0	-27.08					1	0.0	0.0	-0.43	0.0	0.0	-0.22	-0.43	0.0	0.0	3.24					0.0	0.0	0.65	0.0	0.0	0.4	0.65	0.0	0.0	30.96					0.0	0.0	0.73	0.0	0.0	0.46	0.73	0.01	0.01	33.18					-0.0	-0.0	-0.1299999999999999	-0.0	-0.0	-0.07428571428571296	-0.1299999999999999	0.00016892642984210442	8.749096137461443e-05	1.0360457572372397				
2021-03-30 07:00:00	9000	1.77	1.73	1.74	1.74	1.74	RAD.MI	1.54	1.57	1.53	1.54	2.07	1.34	1.0	-1.0	-1.0	0	-1.0	1.0	-1.0	1.0	1.0	1.0									-1.0			1.76		1.53		1.53						-1.0			1.53	-0.01	-0.01	-1.43	-0.01	-0.01	-0.6	1.93	-1.43	-0.0	-0.0	-28.89					1	-0.0	-0.0	-0.43	-0.0	-0.0	-0.22	-0.43	0.0	0.0	3.24					-0.01	-0.01	0.64	-0.01	-0.01	0.39	0.64	0.0	0.0	28.98					-0.01	-0.01	0.72	-0.01	-0.01	0.45	0.72	0.0	0.0	31.16					0.010000000000000009	0.010000000000000009	-0.11999999999999988	0.005714285714285672	0.005730674708984983	-0.068965517241378	-0.11999999999999988	0.00020101820821242025	0.00011922118890561606	1.2267395707741144				
2021-03-31 07:00:00	14000	1.81	1.74	1.74	1.8	1.8	RAD.MI	1.54	1.6	1.54	1.59	2.07	1.34	1.0	-1.0	-1.0	0	-1.0	-1.0	1.0	1.0	1.0	1.0	1.81								-1.0			1.76	1.6									-1.0			1.53	0.06	0.06	-1.37	0.03	0.03	-0.59	1.93	-1.37	-0.0	-0.0	-27.7					1	0.0	0.0	-0.43	0.0	0.0	-0.22	-0.43	0.0	0.0	5.99					-0.06	-0.06	0.58	-0.03	-0.03	0.35	0.58	0.0	0.0	25.22					0.06	0.06	0.78	0.03	0.03	0.5	0.78	0.0	0.0	31.47					-0.06000000000000005	-0.06000000000000005	-0.17999999999999994	-0.034482758620689724	-0.033901551675681416	-0.09999999999999876	-0.17999999999999994	0.00011752424179279491	3.450859676257245e-05	0.7077586901341135				
2021-04-01 07:00:00	7500	1.8	1.75	1.8	1.77	1.77	RAD.MI	1.59	1.59	1.55	1.56	2.07	1.34	1.0	-1.0	-1.0	0	-1.0	-1.0	1.0	1.0	1.0	1.0		1.75							-1.0			1.76		1.55								-1.0			1.53	-0.03	-0.03	-1.4	-0.02	-0.02	-0.6	1.93	-1.4	-0.0	-0.0	-26.63					1	-0.0	-0.0	-0.43	-0.0	-0.0	-0.22	-0.43	0.0	0.0	1.62					-0.03	-0.03	0.55	-0.02	-0.02	0.32	0.55	0.0	0.0	28.59					-0.03	-0.03	0.75	-0.02	-0.02	0.48	0.75	0.01	0.01	35.38					0.030000000000000027	0.030000000000000027	-0.1499999999999999	0.01666666666666672	0.01680711831638129	-0.08474576271186307	-0.1499999999999999	-0.00021933772599778967	-0.0002985694539505701	-1.3936256938498204				
2021-04-06 07:00:00	8500	1.84	1.8	1.8	1.84	1.84	RAD.MI	1.59	1.62	1.59	1.62	2.07	1.34	1.0	-1.0	-1.0	0	-1.0	-1.0	1.0	1.0	1.0	1.0	1.84								-1.0			1.76										-1.0			1.53	0.07	0.07	-1.33	0.04	0.04	-0.58	1.93	-1.33	-0.0	-0.0	-21.47					1	0.0	0.0	-0.43	0.0	0.0	-0.22	-0.43	0.0	0.0	7.09					0.07	0.07	0.62	0.04	0.04	0.38	0.62	0.0	0.0	28.16					0.07	0.07	0.82	0.04	0.04	0.54	0.82	0.01	0.0	34.99					-0.07000000000000006	-0.07000000000000006	-0.21999999999999997	-0.039548022598870025	-0.03878602503515645	-0.1195652173913031	-0.21999999999999997	-0.0001170405161068852	-0.0001948150064643439	-0.7558504403067872				
2021-04-07 07:00:00	32500	1.87	1.8	1.82	1.8	1.8	RAD.MI	1.61	1.65	1.59	1.59	2.07	1.37	1.0	-1.0	-1.0	0	-1.0	-1.0	1.0	1.0	1.0	1.0									-1.0			1.76										-1.0			1.53	-0.04	-0.04	-1.37	-0.02	-0.02	-0.59	1.93	-1.37	-0.0	-0.0	-25.84					1	-0.0	-0.0	-0.43	-0.0	-0.0	-0.22	-0.43	0.0	0.0	4.66					-0.04	-0.04	0.58	-0.02	-0.02	0.35	0.58	0.0	0.0	29.15					-0.04	-0.04	0.78	-0.02	-0.02	0.5	0.78	0.01	0.01	36.15					0.040000000000000036	0.040000000000000036	-0.17999999999999994	0.021739130434782594	0.02197890671877523	-0.09999999999999876	-0.17999999999999994	-0.00020854427857370812	-0.0002853153734745373	-1.3672306861807044				
2021-04-08 07:00:00	6000	1.83	1.8	1.81	1.8	1.8	RAD.MI	1.61	1.63	1.6	1.6	2.07	1.37	1.0	-1.0	-1.0	0	-1.0	-1.0	1.0	1.0	1.0	1.0		1.8							-1.0			1.76										-1.0			1.53	0.0	0.0	-1.37	0.0	0.0	-0.59	1.93	-1.37	-0.0	-0.0	-23.03					1	0.0	0.0	-0.43	0.0	0.0	-0.22	-0.43	0.0	0.0	10.18					0.0	0.0	0.58	0.0	0.0	0.35	0.58	0.0	0.0	28.12					0.0	0.0	0.78	0.0	0.0	0.5	0.78	0.0	0.0	35.21					-0.0	-0.0	-0.17999999999999994	-0.0	-0.0	-0.09999999999999876	-0.17999999999999994	0.0002697552432370572	0.00019663018575188929	1.837571783363174				
2021-04-09 07:00:00	46500	1.92	1.79	1.83	1.88	1.88	RAD.MI	1.64	1.72	1.6	1.68	2.07	1.37	1.0	-1.0	-1.0	0	-1.0	-1.0	1.0	1.0	1.0	1.0									-1.0			1.76										-1.0			1.53	0.08	0.08	-1.29	0.04	0.04	-0.57	1.93	-1.29	-0.0	-0.0	-21.8					1	0.0	0.0	-0.43	0.0	0.0	-0.22	-0.43	0.0	0.0	8.67					0.08	0.08	0.66	0.04	0.04	0.41	0.66	0.0	0.0	32.12					0.08	0.08	0.86	0.04	0.04	0.57	0.86	0.01	0.01	39.43					-0.07999999999999985	-0.07999999999999985	-0.2599999999999998	-0.04444444444444429	-0.043485111939738676	-0.13829787234042423	-0.2599999999999998	-0.00029145089999731404	-0.00036625425083725016	-1.9650523972113518				
2021-04-12 07:00:00	26000	1.92	1.87	1.91	1.92	1.92	RAD.MI	1.71	1.71	1.67	1.71	2.07	1.37	1.0	-1.0	-1.0	0	-1.0	-1.0	1.0	-1.0	1.0	-1.0	1.92		1.92						-1.0			1.76	1.71									-1.0			1.53	0.04	0.04	-1.25	0.02	0.02	-0.56	1.93	-1.25	-0.0	-0.0	-18.43					1	0.0	0.0	-0.43	0.0	0.0	-0.22	-0.43	0.0	0.0	12.53					0.04	0.04	0.7	0.02	0.02	0.44	0.7	0.0	0.0	32.09					0.04	0.04	0.9	0.02	0.02	0.6	0.9	0.01	0.01	39.4					-0.040000000000000036	-0.040000000000000036	-0.2999999999999998	-0.02127659574468077	-0.021053409197832263	-0.15624999999999867	-0.2999999999999998	-0.0002852053347187182	-0.00035992187349853655	-1.9248841571978161				
2021-04-13 07:00:00	9000	1.92	1.87	1.88	1.87	1.87	RAD.MI	1.67	1.7	1.66	1.66	2.07	1.37	1.0	-1.0	-1.0	0	-1.0	-1.0	1.0	-1.0	1.0	-1.0									-1.0			1.76		1.66								-1.0			1.53	-0.05	-0.05	-1.3	-0.03	-0.03	-0.57	1.93	-1.3	-0.0	-0.0	-18.85					1	-0.0	-0.0	-0.43	-0.0	-0.0	-0.22	-0.43	0.0	0.0	15.42					-0.05	-0.05	0.65	-0.03	-0.03	0.4	0.65	0.0	0.0	28.56					0.05	0.05	0.95	0.03	0.03	0.64	0.95	0.01	0.01	39.72					0.04999999999999982	0.04999999999999982	-0.25	0.02604166666666663	0.026386755173194887	-0.13368983957219116	-0.25	0.00014291657001960605	6.744743753239746e-05	0.9459637792976281				
2021-04-14 07:00:00	14500	1.94	1.86	1.86	1.88	1.88	RAD.MI	1.65	1.72	1.65	1.67	2.07	1.37	1.0	-1.0	-1.0	1	-1.0	-1.0	1.0	-1.0	1.0	-1.0									-1.0			1.76	1.72		1.72							-1.0			1.53	0.01	0.01	-1.29	0.01	0.01	-0.57	1.94	-1.29	-0.0	-0.0	-15.71					1	0.0	0.0	-0.43	0.0	0.0	-0.22	-0.43	0.0	0.0	21.65					0.01	0.01	0.66	0.01	0.01	0.41	0.66	0.0	0.0	27.67					-0.01	-0.01	0.94	-0.01	-0.01	0.64	0.94	0.0	0.0	36.67					-0.009999999999999787	-0.009999999999999787	-0.2599999999999998	-0.0053475935828875	-0.005333345975362382	-0.138297872340424	-0.2599999999999998	0.00033579908377812454	0.0002630537952874601	2.296297088045499				
2021-04-15 07:00:00	2000	1.91	1.87	1.91	1.87	1.87	RAD.MI	1.7	1.7	1.66	1.66	2.07	1.43	1.0	-1.0	-1.0	1	-1.0	-1.0	1.0	-1.0	1.0	-1.0									-1.0			1.76										-1.0			1.53	-0.01	-0.01	-1.3	-0.01	-0.01	-0.57	1.94	-1.3	-0.0	-0.0	-15.18					1	-0.01	-0.01	-0.44	-0.01	-0.01	-0.23	-0.44	0.0	0.0	18.79					-0.01	-0.01	0.65	-0.01	-0.01	0.4	0.65	0.0	0.0	25.04					0.01	0.01	0.95	0.01	0.01	0.64	0.95	0.0	0.0	36.26					0.009999999999999787	0.009999999999999787	-0.25	0.005319148936170137	0.005333345975362505	-0.13368983957219105	-0.25	0.0007259998716183562	0.0006550222681132034	5.0429854817006685				
2021-04-16 07:00:00	39500	1.87	1.8	1.87	1.82	1.82	RAD.MI	1.65	1.65	1.59	1.61	2.07	1.44	1.0	-1.0	-1.0	1	-1.0	-1.0	1.0	-1.0	1.0	-1.0									-1.0			1.76										-1.0			1.53	-0.05	-0.05	-1.35	-0.03	-0.03	-0.58	1.94	-1.35	-0.0	-0.0	-18.66					1	-0.05	-0.05	-0.49	-0.03	-0.03	-0.25	-0.49	0.0	0.0	14.32					-0.05	-0.05	0.6	-0.03	-0.03	0.36	0.6	0.0	0.0	24.66					0.05	0.05	1.0	0.03	0.03	0.69	1.0	0.01	0.01	40.15					0.050000000000000044	0.050000000000000044	-0.19999999999999996	0.0267379679144385	0.02710192977779127	-0.10989010989010839	-0.19999999999999996	0.0007635991985536789	0.0006922416908132778	5.27267239940344				
2021-04-19 07:00:00	2500	1.84	1.81	1.84	1.81	1.81	RAD.MI	1.63	1.63	1.6	1.6	2.07	1.48	1.0	-1.0	-1.0	1	-1.0	-1.0	1.0	-1.0	1.0	-1.0		1.81							-1.0			1.76		1.6								-1.0			1.53	-0.01	-0.01	-1.36	-0.01	-0.01	-0.59	1.94	-1.36	-0.0	-0.0	-18.31					1	-0.01	-0.01	-0.5	-0.01	-0.01	-0.25	-0.5	0.0	0.0	11.52					-0.01	-0.01	0.59	-0.01	-0.01	0.35	0.59	0.0	0.0	22.15					0.01	0.01	1.01	0.01	0.01	0.7	1.01	0.01	0.01	39.89					0.010000000000000009	0.010000000000000009	-0.18999999999999995	0.005494505494505475	0.0055096558109695845	-0.10497237569060625	-0.18999999999999995	0.0011224660123768217	0.0010524930770938745	7.833541029048405				
2021-04-20 07:00:00	3000	1.83	1.8	1.8	1.83	1.83	RAD.MI	1.63	1.66	1.63	1.66	2.07	1.48	1.0	-1.0	-1.0	1	-1.0	-1.0	1.0	-1.0	1.0	-1.0									-1.0			1.76	1.66									-1.0			1.53	0.02	0.02	-1.34	0.01	0.01	-0.58	1.94	-1.34	-0.0	-0.0	-15.32					1	0.02	0.02	-0.48	0.01	0.01	-0.24	-0.48	0.0	0.0	12.27					0.02	0.02	0.61	0.01	0.01	0.37	0.61	0.0	0.0	21.79					-0.02	-0.02	0.99	-0.01	-0.01	0.68	0.99	0.0	0.0	36.72					-0.020000000000000018	-0.020000000000000018	-0.20999999999999996	-0.011049723756906049	-0.010989121575595165	-0.1147540983606542	-0.20999999999999996	0.0011874843390652532	0.0011184377110204924	8.389193895077412				
2021-04-21 07:00:00	0	1.83	1.83	1.83	1.83	1.83	RAD.MI	1.65	1.65	1.65	1.65	2.07	1.48	1.0	-1.0	-1.0	1	-1.0	-1.0	1.0	-1.0	1.0	-1.0	1.83								-1.0			1.76										-1.0			1.53	0.0	0.0	-1.34	0.0	0.0	-0.58	1.94	-1.34	-0.0	-0.0	-15.32					1	0.0	0.0	-0.48	0.0	0.0	-0.24	-0.48	0.0	0.0	12.27					0.0	0.0	0.61	0.0	0.0	0.37	0.61	0.0	0.0	21.79					-0.0	-0.0	0.99	-0.0	-0.0	0.68	0.99	0.0	0.0	36.72					-0.0	-0.0	-0.20999999999999996	-0.0	-0.0	-0.1147540983606542	-0.20999999999999996	0.0011874843390652532	0.0011184377110204924	8.389193895077412				
2021-04-22 07:00:00	7500	1.82	1.77	1.8	1.79	1.79	RAD.MI	1.61	1.63	1.58	1.6	2.07	1.53	1.0	-1.0	-1.0	1	-1.0	-1.0	1.0	-1.0	1.0	-1.0		1.77		1.77					-1.0			1.76		1.58		1.58						-1.0			1.53	-0.04	-0.04	-1.38	-0.02	-0.02	-0.59	1.94	-1.38	-0.0	-0.0	-11.36					1	-0.04	-0.04	-0.52	-0.02	-0.02	-0.26	-0.52	-0.0	-0.0	-5.9					-0.04	-0.04	0.57	-0.02	-0.02	0.34	0.57	0.0	0.0	14.42					0.04	0.04	1.03	0.02	0.02	0.72	1.03	0.0	0.0	33.77					0.040000000000000036	0.040000000000000036	-0.16999999999999993	0.021857923497267784	0.02210034700066597	-0.09497206703910455	-0.16999999999999993	0.0022168252659998623	0.0021563048932859985	17.596435888743713				
2021-04-23 07:00:00	2000	1.82	1.78	1.79	1.82	1.82	RAD.MI	1.6	1.63	1.59	1.63	2.07	1.53	1.0	-1.0	-1.0	1	-1.0	-1.0	1.0	-1.0	1.0	-1.0									-1.0			1.76										-1.0			1.53	0.03	0.03	-1.35	0.02	0.02	-0.58	1.94	-1.35	-0.0	-0.0	-6.7					1	0.03	0.03	-0.49	0.02	0.02	-0.25	-0.49	-0.0	-0.0	-11.02					0.03	0.03	0.6	0.02	0.02	0.36	0.6	0.0	0.0	13.06					-0.03	-0.03	1.0	-0.02	-0.02	0.69	1.0	0.0	0.0	29.2					-0.030000000000000027	-0.030000000000000027	-0.19999999999999996	-0.016759776536312776	-0.01662088123604028	-0.10989010989010828	-0.19999999999999996	0.002390195600125931	0.002332003214991163	19.73268069497402				
2021-04-26 07:00:00	1000	1.82	1.82	1.82	1.82	1.82	RAD.MI	1.62	1.62	1.62	1.62	2.07	1.53	1.0	-1.0	-1.0	1	-1.0	-1.0	1.0	-1.0	1.0	-1.0									-1.0			1.76										-1.0			1.53	0.0	0.0	-1.35	0.0	0.0	-0.58	1.94	-1.35	-0.0	-0.0	-10.24					1	0.0	0.0	-0.49	0.0	0.0	-0.25	-0.49	-0.0	-0.0	-3.45					0.0	0.0	0.6	0.0	0.0	0.36	0.6	0.0	0.0	18.71					-0.0	-0.0	1.0	-0.0	-0.0	0.69	1.0	0.0	0.0	36.31					-0.0	-0.0	-0.19999999999999996	-0.0	-0.0	-0.10989010989010828	-0.19999999999999996	0.0019966119052110525	0.0019418190515223532	17.509229992717053				
2021-04-27 07:00:00	5500	1.84	1.79	1.79	1.84	1.84	RAD.MI	1.6	1.64	1.6	1.64	2.07	1.53	1.0	-1.0	-1.0	1	-1.0	-1.0	1.0	-1.0	1.0	-1.0									-1.0			1.76										-1.0			1.53	0.02	0.02	-1.33	0.01	0.01	-0.58	1.94	-1.33	-0.0	-0.0	-10.6					1	0.02	0.02	-0.47	0.01	0.01	-0.24	-0.47	0.0	0.0	2.13					0.02	0.02	0.62	0.01	0.01	0.38	0.62	0.0	0.0	22.06					-0.02	-0.02	0.98	-0.01	-0.01	0.67	0.98	0.0	0.0	36.85					-0.020000000000000018	-0.020000000000000018	-0.21999999999999997	-0.01098901098901095	-0.01092907053219023	-0.11956521739130266	-0.21999999999999997	0.001637355891436613	0.001582443950415069	14.449490583806934				
2021-04-28 07:00:00	0	1.84	1.84	1.84	1.84	1.84	RAD.MI	1.64	1.64	1.64	1.64	2.07	1.53	1.0	-1.0	-1.0	1	-1.0	-1.0	1.0	-1.0	1.0	-1.0	1.84								-1.0			1.76	1.64									-1.0			1.53	0.0	0.0	-1.33	0.0	0.0	-0.58	1.94	-1.33	-0.0	-0.0	-11.29					1	0.0	0.0	-0.47	0.0	0.0	-0.24	-0.47	0.0	0.0	6.0					0.0	0.0	0.62	0.0	0.0	0.38	0.62	0.0	0.0	24.77					-0.0	-0.0	0.98	-0.0	-0.0	0.67	0.98	0.0	0.0	39.89					-0.0	-0.0	-0.21999999999999997	-0.0	-0.0	-0.11956521739130266	-0.21999999999999997	0.001569147039270264	0.0015148266994757797	14.003683731611815				
2021-04-29 07:00:00	3500	1.8	1.8	1.8	1.8	1.8	RAD.MI	1.62	1.62	1.62	1.62	2.07	1.53	1.0	-1.0	-1.0	1	-1.0	-1.0	1.0	-1.0	1.0	-1.0		1.8							-1.0			1.76		1.62								-1.0			1.53	-0.04	-0.04	-1.37	-0.02	-0.02	-0.59	1.94	-1.37	-0.0	-0.0	-15.83					1	-0.04	-0.04	-0.51	-0.02	-0.02	-0.26	-0.51	0.0	0.0	6.65					-0.04	-0.04	0.58	-0.02	-0.02	0.35	0.58	0.0	0.0	25.29					0.04	0.04	1.02	0.02	0.02	0.71	1.02	0.0	0.0	45.28					0.040000000000000036	0.040000000000000036	-0.17999999999999994	0.021739130434782594	0.02197890671877523	-0.09999999999999831	-0.17999999999999994	0.0015247686689705197	0.0014708315360685287	13.70819280958429				
2021-04-30 07:00:00	500	1.85	1.85	1.85	1.85	1.85	RAD.MI	1.67	1.67	1.67	1.67	2.07	1.53	1.0	-1.0	-1.0	1	-1.0	-1.0	1.0	-1.0	1.0	-1.0	1.85								-1.0			1.76	1.67									-1.0			1.53	0.05	0.05	-1.32	0.03	0.03	-0.58	1.94	-1.32	-0.0	-0.0	-11.15					1	0.05	0.05	-0.46	0.03	0.03	-0.24	-0.46	0.0	0.0	6.41					0.05	0.05	0.63	0.03	0.03	0.38	0.63	0.0	0.0	25.23					-0.05	-0.05	0.97	-0.03	-0.03	0.66	0.97	0.0	0.0	39.9					-0.050000000000000044	-0.050000000000000044	-0.22999999999999998	-0.0277777777777779	-0.02739897418811456	-0.12432432432432283	-0.22999999999999998	0.001533385598825712	0.0014795564320586596	13.812225709051319				
2021-05-03 07:00:00	7500	1.85	1.8	1.84	1.81	1.81	RAD.MI	1.65	1.65	1.61	1.62	2.07	1.53	1.0	-1.0	-1.0	1	-1.0	-1.0	1.0	-1.0	1.0	-1.0		1.8							-1.0			1.76		1.61								-1.0			1.53	-0.04	-0.04	-1.36	-0.02	-0.02	-0.59	1.94	-1.36	-0.0	-0.0	-10.71					1	-0.04	-0.04	-0.5	-0.02	-0.02	-0.25	-0.5	-0.0	-0.0	-2.63					-0.04	-0.04	0.59	-0.02	-0.02	0.35	0.59	0.0	0.0	20.73					0.04	0.04	1.01	0.02	0.02	0.7	1.01	0.0	0.0	39.59					0.040000000000000036	0.040000000000000036	-0.18999999999999995	0.021621621621621623	0.021858793812499073	-0.10497237569060625	-0.18999999999999995	0.002012549360076354	0.0019597821728800646	18.32327928611837				
2021-05-04 07:00:00	7500	1.87	1.81	1.83	1.81	1.81	RAD.MI	1.67	1.7	1.65	1.65	2.07	1.53	1.0	-1.0	-1.0	1	-1.0	-1.0	1.0	-1.0	1.0	-1.0	1.87		1.87						-1.0			1.76	1.7		1.7							-1.0			1.53	0.0	0.0	-1.36	0.0	0.0	-0.59	1.94	-1.36	-0.0	-0.0	-12.12					1	0.0	0.0	-0.5	0.0	0.0	-0.25	-0.5	0.0	0.0	2.32					0.0	0.0	0.59	0.0	0.0	0.35	0.59	0.0	0.0	24.22					-0.0	-0.0	1.01	-0.0	-0.0	0.7	1.01	0.0	0.0	43.82					-0.0	-0.0	-0.18999999999999995	-0.0	-0.0	-0.10497237569060625	-0.18999999999999995	0.0018761798536110173	0.001824545323863891	17.4634589946954				
2021-05-05 07:00:00	1000	1.82	1.82	1.82	1.82	1.82	RAD.MI	1.62	1.62	1.62	1.62	2.07	1.53	1.0	-1.0	-1.0	1	-1.0	-1.0	1.0	-1.0	1.0	-1.0									-1.0			1.76										-1.0			1.53	0.01	0.01	-1.35	0.01	0.01	-0.58	1.94	-1.35	-0.0	-0.0	-14.48					1	0.01	0.01	-0.49	0.01	0.01	-0.25	-0.49	0.0	0.0	9.9					0.01	0.01	0.6	0.01	0.01	0.36	0.6	0.0	0.0	29.44					-0.01	-0.01	1.0	-0.01	-0.01	0.69	1.0	0.0	0.0	47.52					-0.010000000000000009	-0.010000000000000009	-0.19999999999999996	-0.005524861878453136	-0.0055096558109697	-0.10989010989010839	-0.19999999999999996	0.0014039886412924264	0.0013537071221449981	13.5475020071448				
2021-05-06 07:00:00	1000	1.8	1.8	1.8	1.8	1.8	RAD.MI	1.6	1.6	1.6	1.6	2.07	1.53	1.0	-1.0	-1.0	1	-1.0	-1.0	1.0	-1.0	1.0	-1.0									-1.0			1.76										-1.0			1.53	-0.02	-0.02	-1.37	-0.01	-0.01	-0.59	1.94	-1.37	-0.0	-0.0	-19.13					1	-0.02	-0.02	-0.51	-0.01	-0.01	-0.26	-0.51	0.0	0.0	11.86					-0.02	-0.02	0.58	-0.01	-0.01	0.35	0.58	0.0	0.0	31.0					0.02	0.02	1.02	0.01	0.01	0.71	1.02	0.0	0.0	53.45					0.020000000000000018	0.020000000000000018	-0.17999999999999994	0.01098901098901095	0.011049836186584935	-0.09999999999999853	-0.17999999999999994	0.0012898375594054892	0.0012405018070194007	12.697759957872982				
2021-05-07 07:00:00	5000	1.8	1.79	1.8	1.79	1.79	RAD.MI	1.6	1.6	1.59	1.59	2.07	1.53	1.0	-1.0	-1.0	1	-1.0	-1.0	1.0	-1.0	1.0	-1.0		1.79							-1.0			1.76										-1.0			1.53	-0.01	-0.01	-1.38	-0.01	-0.01	-0.59	1.94	-1.38	-0.0	-0.0	-19.11					1	-0.01	-0.01	-0.52	-0.01	-0.01	-0.26	-0.52	0.0	0.0	7.41					-0.01	-0.01	0.57	-0.01	-0.01	0.34	0.57	0.0	0.0	28.3					0.01	0.01	1.03	0.01	0.01	0.72	1.03	0.0	0.0	53.43					0.010000000000000009	0.010000000000000009	-0.16999999999999993	0.005555555555555536	0.00557104504945536	-0.09497206703910477	-0.16999999999999993	0.0015497281961880244	0.001500807800672188	15.256316484365492				
2021-05-10 07:00:00	0	1.79	1.79	1.79	1.79	1.79	RAD.MI	1.58	1.58	1.58	1.58	2.07	1.53	1.0	-1.0	-1.0	1	-1.0	-1.0	1.0	-1.0	1.0	-1.0									-1.0			1.76		1.58								-1.0			1.53	0.0	0.0	-1.38	0.0	0.0	-0.59	1.94	-1.38	-0.0	-0.0	-19.58					1	0.0	0.0	-0.52	0.0	0.0	-0.26	-0.52	0.0	0.0	11.16					0.0	0.0	0.57	0.0	0.0	0.34	0.57	0.0	0.0	30.85					-0.0	-0.0	1.03	-0.0	-0.0	0.72	1.03	0.01	0.01	56.39					-0.0	-0.0	-0.16999999999999993	-0.0	-0.0	-0.09497206703910477	-0.16999999999999993	0.0015128050027417555	0.0014641811398468096	14.988694133005339				
2021-05-11 07:00:00	10500	1.84	1.79	1.79	1.82	1.82	RAD.MI	1.6	1.65	1.6	1.63	2.07	1.53	1.0	-1.0	-1.0	1	-1.0	-1.0	1.0	-1.0	1.0	-1.0	1.84								-1.0			1.76	1.65									-1.0			1.53	0.03	0.03	-1.35	0.02	0.02	-0.58	1.94	-1.35	-0.0	-0.0	-18.78					1	0.03	0.03	-0.49	0.02	0.02	-0.25	-0.49	0.0	0.0	16.92					0.03	0.03	0.6	0.02	0.02	0.36	0.6	0.0	0.0	33.93					-0.03	-0.03	1.0	-0.02	-0.02	0.69	1.0	0.01	0.01	55.1					-0.030000000000000027	-0.030000000000000027	-0.19999999999999996	-0.016759776536312776	-0.01662088123604028	-0.10989010989010839	-0.19999999999999996	0.0012069515296328943	0.0011574307883042145	11.8497447567674				
2021-05-12 07:00:00	9000	1.82	1.77	1.78	1.77	1.77	RAD.MI	1.59	1.63	1.58	1.58	2.07	1.53	1.0	-1.0	-1.0	0	-1.0	-1.0	1.0	-1.0	1.0	-1.0									-1.0			1.76										-1.0			1.53	-0.05	-0.05	-1.4	-0.03	-0.03	-0.6	1.91	-1.4	-0.0	-0.0	-22.74					1	-0.05	-0.05	-0.54	-0.03	-0.03	-0.27	-0.54	0.0	0.0	15.3					-0.05	-0.05	0.55	-0.03	-0.03	0.32	0.55	0.0	0.0	32.65					0.05	0.05	1.05	0.03	0.03	0.74	1.05	0.01	0.01	59.47					0.050000000000000044	0.050000000000000044	-0.1499999999999999	0.027472527472527486	0.027856954502966224	-0.08474576271186285	-0.1499999999999999	0.0012975566008914296	0.0012472844791575621	12.536597861889312				
2021-05-13 07:00:00	0	1.77	1.77	1.77	1.77	1.77	RAD.MI	1.58	1.58	1.58	1.58	2.07	1.53	1.0	-1.0	-1.0	0	-1.0	-1.0	1.0	-1.0	1.0	-1.0									-1.0			1.76										-1.0			1.53	0.0	0.0	-1.4	0.0	0.0	-0.6	1.87	-1.4	-0.0	-0.0	-23.25					1	0.0	0.0	-0.54	0.0	0.0	-0.27	-0.54	0.0	0.0	19.02					0.0	0.0	0.55	0.0	0.0	0.32	0.55	0.0	0.0	35.21					-0.0	-0.0	1.05	-0.0	-0.0	0.74	1.05	0.01	0.01	62.49					-0.0	-0.0	-0.1499999999999999	-0.0	-0.0	-0.08474576271186285	-0.1499999999999999	0.0012603325026511675	0.001210369755497931	12.257074526762686				
2021-05-14 07:00:00	1500	1.77	1.72	1.72	1.77	1.77	RAD.MI	1.52	1.56	1.52	1.56	2.07	1.52	-1.0	-1.0	-1.0	0	-1.0	-1.0	1.0	-1.0	1.0	-1.0		1.72		1.72					-1.0			1.76										-1.0			1.53	0.0	0.0	-1.4	0.0	0.0	-0.6	1.87	-1.4	-0.0	-0.0	-20.33					1	0.0	0.0	-0.54	0.0	0.0	-0.27	-0.54	0.0	0.0	16.07					0.0	0.0	0.55	0.0	0.0	0.32	0.55	0.0	0.0	34.47					-0.0	-0.0	1.05	-0.0	-0.0	0.74	1.05	0.01	0.01	61.95					-0.0	-0.0	-0.1499999999999999	-0.0	-0.0	-0.08474576271186285	-0.1499999999999999	0.001563460600404556	0.001515106252790055	15.568023795970653				
2021-05-17 07:00:00	5500	1.8	1.74	1.79	1.74	1.74	RAD.MI	1.57	1.58	1.53	1.53	2.07	1.52	-1.0	-1.0	-1.0	0	-1.0	-1.0	1.0	-1.0	1.0	-1.0	1.8								-1.0			1.76		1.53		1.53						-1.0			1.53	0.03	0.03	-1.37	0.02	0.02	-0.59	1.87	-1.37	-0.0	-0.0	-16.51					1	-0.0	-0.0	-0.54	-0.0	-0.0	-0.27	-0.54	0.0	0.0	14.52					-0.03	-0.03	0.52	-0.02	-0.02	0.3	0.52	0.0	0.0	30.63					0.03	0.03	1.08	0.02	0.02	0.77	1.08	0.01	0.01	62.06					0.030000000000000027	0.030000000000000027	-0.11999999999999988	0.016949152542372947	0.017094433359300183	-0.06896551724137767	-0.11999999999999988	0.00191621276371554	0.0018680544853528769	18.968522875510097				
2021-05-18 07:00:00	3000	1.79	1.75	1.79	1.75	1.75	RAD.MI	1.57	1.57	1.54	1.54	2.07	1.52	-1.0	-1.0	-1.0	0	-1.0	-1.0	1.0	-1.0	1.0	-1.0									-1.0			1.76										-1.0			1.53	-0.01	-0.01	-1.38	-0.01	-0.01	-0.59	1.87	-1.38	-0.0	-0.0	-21.74					1	0.0	0.0	-0.54	0.0	0.0	-0.27	-0.54	0.0	0.0	21.96					0.01	0.01	0.53	0.01	0.01	0.31	0.53	0.0	0.0	36.02					-0.01	-0.01	1.07	-0.01	-0.01	0.76	1.07	0.01	0.01	66.44					-0.010000000000000009	-0.010000000000000009	-0.1299999999999999	-0.005747126436781658	-0.0057306747089850745	-0.07428571428571273	-0.1299999999999999	0.0014685565033082841	0.0014214786608988117	15.03120137072839				
2021-05-19 07:00:00	500	1.75	1.75	1.75	1.75	1.75	RAD.MI	1.56	1.56	1.56	1.56	2.07	1.52	-1.0	-1.0	-1.0	0	-1.0	-1.0	1.0	-1.0	1.0	-1.0		1.75							-1.0			1.76	1.56									-1.0			1.53	-0.0	-0.0	-1.38	-0.0	-0.0	-0.59	1.87	-1.38	-0.0	-0.0	-21.74					1	0.0	0.0	-0.54	0.0	0.0	-0.27	-0.54	0.0	0.0	21.96					0.0	0.0	0.53	0.0	0.0	0.31	0.53	0.0	0.0	36.02					-0.0	-0.0	1.07	-0.0	-0.0	0.76	1.07	0.01	0.01	66.44					-0.0	-0.0	-0.1299999999999999	-0.0	-0.0	-0.07428571428571273	-0.1299999999999999	0.0014685565033082841	0.0014214786608988117	15.03120137072839				
2021-05-20 07:00:00	0	1.75	1.75	1.75	1.75	1.75	RAD.MI	1.55	1.55	1.55	1.55	2.07	1.52	-1.0	-1.0	-1.0	0	-1.0	-1.0	1.0	-1.0	1.0	-1.0									-1.0			1.76		1.55								-1.0			1.53	-0.0	-0.0	-1.38	-0.0	-0.0	-0.59	1.87	-1.38	-0.0	-0.0	-17.79					1	0.0	0.0	-0.54	0.0	0.0	-0.27	-0.54	0.0	0.0	15.12					0.0	0.0	0.53	0.0	0.0	0.31	0.53	0.0	0.0	34.45					-0.0	-0.0	1.07	-0.0	-0.0	0.76	1.07	0.01	0.01	65.34					-0.0	-0.0	-0.1299999999999999	-0.0	-0.0	-0.07428571428571273	-0.1299999999999999	0.0018591393698727332	0.0018147821158294164	19.976946825136096				
2021-05-21 07:00:00	25000	1.88	1.77	1.77	1.85	1.85	RAD.MI	1.55	1.64	1.55	1.62	2.07	1.52	-1.0	-1.0	-1.0	1	-1.0	-1.0	1.0	-1.0	1.0	-1.0									-1.0			1.76										-1.0			1.53	-0.1	-0.1	-1.48	-0.06	-0.06	-0.61	1.88	-1.48	-0.0	-0.0	-24.05					1	0.0	0.0	-0.54	0.0	0.0	-0.27	-0.54	0.0	0.0	15.12					0.1	0.1	0.63	0.06	0.06	0.38	0.63	0.0	0.0	40.57					-0.1	-0.1	0.97	-0.06	-0.06	0.66	0.97	0.01	0.01	61.0					-0.10000000000000009	-0.10000000000000009	-0.22999999999999998	-0.05714285714285716	-0.055569851154810786	-0.12432432432432283	-0.22999999999999998	0.001297499401262392	0.0012512771692954061	13.55423331393606				
2021-05-24 07:00:00	11500	1.88	1.82	1.85	1.82	1.82	RAD.MI	1.62	1.65	1.6	1.6	2.07	1.52	-1.0	-1.0	-1.0	1	-1.0	-1.0	1.0	-1.0	1.0	-1.0									-1.0			1.76										-1.0			1.53	0.03	0.03	-1.45	0.02	0.02	-0.61	1.88	-1.45	-0.0	-0.0	-19.18					1	-0.03	-0.03	-0.57	-0.02	-0.02	-0.28	-0.57	0.0	0.0	9.78					-0.03	-0.03	0.6	-0.02	-0.02	0.36	0.6	0.0	0.0	35.8					0.03	0.03	1.0	0.02	0.02	0.69	1.0	0.01	0.01	60.53					0.030000000000000027	0.030000000000000027	-0.19999999999999996	0.016216216216216273	0.016349138001529526	-0.10989010989010839	-0.19999999999999996	0.0017351926403873447	0.0016903146430562455	18.44892349330044				
2021-05-25 07:00:00	4500	1.86	1.86	1.86	1.86	1.86	RAD.MI	1.63	1.63	1.63	1.63	2.07	1.52	-1.0	-1.0	-1.0	1	-1.0	-1.0	1.0	-1.0	1.0	-1.0									-1.0			1.76										-1.0			1.53	-0.04	-0.04	-1.49	-0.02	-0.02	-0.61	1.88	-1.49	-0.0	-0.0	-10.14					1	0.04	0.04	-0.53	0.02	0.02	-0.26	-0.53	0.0	0.0	13.05					0.04	0.04	0.64	0.02	0.02	0.39	0.64	0.0	0.0	27.92					-0.04	-0.04	0.96	-0.02	-0.02	0.65	0.96	0.0	0.0	48.83					-0.040000000000000036	-0.040000000000000036	-0.24	-0.0219780219780219	-0.02173998663640582	-0.12903225806451457	-0.24	0.00252066654263078	0.002484656624865078	33.47014465792306				
2021-05-26 07:00:00	7500	1.93	1.86	1.93	1.86	1.86	RAD.MI	1.7	1.7	1.64	1.64	1.97	1.52	-1.0	-1.0	-1.0	1	-1.0	-1.0	1.0	-1.0	1.0	-1.0	1.93		1.93						-1.0			1.76	1.7		1.7							-1.0			1.71	-0.0	-0.0	-1.49	-0.0	-0.0	-0.61	1.93	-1.49	-0.0	-0.0	-4.03					1	0.0	0.0	-0.53	0.0	0.0	-0.26	-0.53	0.0	0.0	24.39					0.0	0.0	0.64	0.0	0.0	0.39	0.64	0.0	0.0	24.67					-0.0	-0.0	0.96	-0.0	-0.0	0.65	0.96	0.0	0.0	46.35					-0.0	-0.0	-0.24	-0.0	-0.0	-0.12903225806451457	-0.24	0.00213085335055595	0.002097430217387286	30.38024681702474				
2021-05-27 07:00:00	4000	1.83	1.83	1.83	1.83	1.83	RAD.MI	1.59	1.59	1.59	1.59	1.91	1.52	-1.0	-1.0	-1.0	1	-1.0	-1.0	1.0	-1.0	1.0	-1.0									-1.0			1.76										-1.0			1.71	0.03	0.03	-1.46	0.02	0.02	-0.61	1.93	-1.46	-0.0	-0.0	-0.02					1	-0.03	-0.03	-0.56	-0.02	-0.02	-0.28	-0.56	0.0	0.0	22.88					-0.03	-0.03	0.61	-0.02	-0.02	0.37	0.61	0.0	0.0	20.57					0.03	0.03	0.99	0.02	0.02	0.68	0.99	0.0	0.0	46.81					0.030000000000000027	0.030000000000000027	-0.20999999999999996	0.016129032258064502	0.01626052087178029	-0.1147540983606542	-0.20999999999999996	0.0021989992038782347	0.0021651307570482725	30.952858924085582				
2021-05-28 07:00:00	22500	1.82	1.79	1.8	1.82	1.82	RAD.MI	1.56	1.58	1.55	1.58	1.91	1.52	-1.0	-1.0	-1.0	1	-1.0	-1.0	1.0	-1.0	1.0	-1.0		1.79							-1.0			1.76		1.55								-1.0			1.71	0.01	0.01	-1.45	0.01	0.01	-0.61	1.93	-1.45	0.0	0.0	4.9					1	-0.01	-0.01	-0.57	-0.01	-0.01	-0.28	-0.57	0.0	0.0	26.41					-0.01	-0.01	0.6	-0.01	-0.01	0.36	0.6	0.0	0.0	15.87					0.01	0.01	1.0	0.01	0.01	0.69	1.0	0.0	0.0	45.74					0.010000000000000009	0.010000000000000009	-0.19999999999999996	0.005464480874316946	0.005479465764625596	-0.10989010989010828	-0.19999999999999996	0.0020427713639152604	0.0020099194885137006	29.61787534414195				
2021-05-31 07:00:00	23500	1.88	1.77	1.78	1.88	1.88	RAD.MI	1.54	1.63	1.54	1.63	1.91	1.52	-1.0	-1.0	-1.0	1	-1.0	-1.0	1.0	-1.0	1.0	-1.0									-1.0			1.76	1.63									-1.0			1.71	-0.06	-0.06	-1.51	-0.03	-0.03	-0.62	1.93	-1.51	-0.0	-0.0	-2.13					1	0.06	0.06	-0.51	0.03	0.03	-0.26	-0.51	0.0	0.0	26.6					0.06	0.06	0.66	0.03	0.03	0.41	0.66	0.0	0.0	22.91					-0.06	-0.06	0.94	-0.03	-0.03	0.64	0.94	0.0	0.0	45.58					-0.05999999999999983	-0.05999999999999983	-0.2599999999999998	-0.03296703296703285	-0.03243527575315374	-0.1382978723404239	-0.2599999999999998	0.002037527078051083	0.002004621768158854	29.4928328414111				
2021-06-01 07:00:00	12500	1.89	1.83	1.89	1.86	1.86	RAD.MI	1.63	1.63	1.58	1.6	1.89	1.52	-1.0	-1.0	-1.0	1	-1.0	-1.0	1.0	-1.0	1.0	-1.0	1.89								-1.0			1.76										-1.0			1.71	0.02	0.02	-1.49	0.01	0.01	-0.61	1.93	-1.49	0.0	0.0	2.89					1	-0.02	-0.02	-0.53	-0.01	-0.01	-0.26	-0.53	0.0	0.0	28.81					-0.02	-0.02	0.64	-0.01	-0.01	0.39	0.64	0.0	0.0	18.02					0.02	0.02	0.96	0.01	0.01	0.65	0.96	0.0	0.0	44.92					0.019999999999999796	0.019999999999999796	-0.24	0.010638297872340274	0.010695289116747806	-0.12903225806451457	-0.24	0.001945136831441532	0.0019128259549563431	28.6649108778182				
2021-06-02 07:00:00	11500	1.89	1.8	1.86	1.82	1.82	RAD.MI	1.6	1.63	1.55	1.57	1.89	1.52	-1.0	-1.0	-1.0	1	-1.0	-1.0	1.0	-1.0	1.0	-1.0									-1.0			1.76										-1.0			1.71	0.04	0.04	-1.45	0.02	0.02	-0.61	1.93	-1.45	0.0	0.0	7.7					1	-0.04	-0.04	-0.57	-0.02	-0.02	-0.28	-0.57	0.0	0.0	27.16					-0.04	-0.04	0.6	-0.02	-0.02	0.36	0.6	0.0	0.0	13.1					0.04	0.04	1.0	0.02	0.02	0.69	1.0	0.0	0.0	45.41					0.040000000000000036	0.040000000000000036	-0.19999999999999996	0.021505376344086002	0.021739986636405875	-0.10989010989010839	-0.19999999999999996	0.0020135396307029846	0.0019807891714069825	29.28071928153951				
2021-06-03 07:00:00	3500	1.88	1.82	1.88	1.82	1.82	RAD.MI	1.61	1.61	1.56	1.56	1.89	1.52	-1.0	-1.0	-1.0	1	-1.0	-1.0	1.0	-1.0	1.0	-1.0									-1.0			1.76										-1.0			1.71	-0.0	-0.0	-1.45	-0.0	-0.0	-0.61	1.93	-1.45	0.0	0.0	5.36					1	0.0	0.0	-0.57	0.0	0.0	-0.28	-0.57	0.0	0.0	22.53					0.0	0.0	0.6	0.0	0.0	0.36	0.6	0.0	0.0	18.2					-0.0	-0.0	1.0	-0.0	-0.0	0.69	1.0	0.0	0.0	51.94					-0.0	-0.0	-0.19999999999999996	-0.0	-0.0	-0.10989010989010839	-0.19999999999999996	0.0022981936588175596	0.002266973912551151	34.76030854200453				
2021-06-04 07:00:00	7500	1.83	1.8	1.83	1.8	1.8	RAD.MI	1.56	1.56	1.54	1.54	1.89	1.52	-1.0	-1.0	-1.0	1	-1.0	-1.0	1.0	-1.0	1.0	-1.0									-1.0			1.76										-1.0			1.71	0.02	0.02	-1.43	0.01	0.01	-0.6	1.93	-1.43	0.0	0.0	11.07					1	-0.02	-0.02	-0.59	-0.01	-0.01	-0.29	-0.59	0.0	0.0	25.54					-0.02	-0.02	0.58	-0.01	-0.01	0.35	0.58	0.0	0.0	12.7					0.02	0.02	1.02	0.01	0.01	0.71	1.02	0.0	0.0	51.07					0.020000000000000018	0.020000000000000018	-0.17999999999999994	0.01098901098901095	0.011049836186584935	-0.09999999999999853	-0.17999999999999994	0.002172936873448938	0.0021424844905397755	33.66756353254255				
2021-06-07 07:00:00	49500	1.8	1.71	1.8	1.75	1.75	RAD.MI	1.52	1.52	1.45	1.48	1.89	1.45	-1.0	-1.0	-1.0	-1	-1.0	-1.0	1.0	-1.0	1.0	-1.0		1.71		1.71					-1.0			1.76		1.45		1.45						-1.0			1.71	0.05	0.05	-1.38	0.03	0.03	-0.59	1.93	-1.38	0.0	0.0	12.71					1	-0.05	-0.05	-0.64	-0.03	-0.03	-0.31	-0.64	0.0	0.0	16.92					-0.05	-0.05	0.53	-0.03	-0.03	0.31	0.53	0.0	0.0	10.8					0.05	0.05	1.07	0.03	0.03	0.76	1.07	0.0	0.0	55.53					0.050000000000000044	0.050000000000000044	-0.1299999999999999	0.02777777777777779	0.028170876966696335	-0.07428571428571273	-0.1299999999999999	0.002530687347329061	0.0024996969918622547	38.17912906418026				
2021-06-08 07:00:00	15500	1.77	1.74	1.77	1.76	1.76	RAD.MI	1.5	1.5	1.47	1.49	1.89	1.45	-1.0	-1.0	-1.0	-1	-1.0	-1.0	1.0	-1.0	1.0	-1.0	1.77								-1.0			1.76	1.5									-1.0			1.71	-0.01	-0.01	-1.39	-0.01	-0.01	-0.59	1.93	-1.39	0.0	0.0	14.43					1	-0.01	-0.01	-0.65	-0.01	-0.01	-0.31	-0.65	0.0	0.0	19.93					0.01	0.01	0.54	0.01	0.01	0.32	0.54	0.0	0.0	9.3					-0.01	-0.01	1.06	-0.01	-0.01	0.75	1.06	0.0	0.0	51.08					-0.010000000000000009	-0.010000000000000009	-0.1399999999999999	-0.005714285714285783	-0.005698021114637796	-0.07954545454545303	-0.1399999999999999	0.0021806535154806385	0.0021501283480358513	33.707723772823854				
2021-06-09 07:00:00	7000	1.75	1.75	1.75	1.75	1.75	RAD.MI	1.48	1.48	1.48	1.48	1.89	1.45	-1.0	-1.0	-1.0	-1	-1.0	-1.0	1.0	-1.0	1.0	-1.0		1.75							-1.0			1.76		1.48								-1.0			1.71	0.01	0.01	-1.38	0.01	0.01	-0.59	1.93	-1.38	0.0	0.0	14.45					1	0.01	0.01	-0.64	0.01	0.01	-0.31	-0.64	0.0	0.0	19.98					-0.01	-0.01	0.53	-0.01	-0.01	0.31	0.53	0.0	0.0	9.28					0.01	0.01	1.07	0.01	0.01	0.76	1.07	0.0	0.0	54.62					0.010000000000000009	0.010000000000000009	-0.1299999999999999	0.005681818181818232	0.005698021114637779	-0.07428571428571273	-0.1299999999999999	0.002397438385558547	0.0023672256480875564	37.06214286790931				
2021-06-10 07:00:00	4000	1.75	1.74	1.74	1.75	1.75	RAD.MI	1.48	1.49	1.48	1.49	1.89	1.45	-1.0	-1.0	-1.0	-1	-1.0	-1.0	1.0	-1.0	1.0	-1.0									-1.0			1.76										-1.0			1.71	-0.0	-0.0	-1.38	-0.0	-0.0	-0.59	1.93	-1.38	0.0	0.0	12.54					1	-0.0	-0.0	-0.64	-0.0	-0.0	-0.31	-0.64	0.0	0.0	15.3					0.0	0.0	0.53	0.0	0.0	0.31	0.53	0.0	0.0	14.02					-0.0	-0.0	1.07	-0.0	-0.0	0.76	1.07	0.0	0.0	61.12					-0.0	-0.0	-0.1299999999999999	-0.0	-0.0	-0.07428571428571273	-0.1299999999999999	0.002653906615513513	0.0026250226032724644	42.48214812137509				
2021-06-11 07:00:00	4500	1.79	1.74	1.74	1.78	1.78	RAD.MI	1.48	1.52	1.48	1.51	1.89	1.45	-1.0	-1.0	-1.0	-1	-1.0	-1.0	1.0	-1.0	-1.0	1.0	1.79		1.79						-1.0			1.76	1.52		1.52							-1.0			1.71	-0.03	-0.03	-1.41	-0.02	-0.02	-0.6	1.93	-1.41	0.0	0.0	12.44					1	-0.03	-0.03	-0.67	-0.02	-0.02	-0.32	-0.67	0.0	0.0	15.13					0.03	0.03	0.56	0.02	0.02	0.33	0.56	0.0	0.0	14.1					-0.03	-0.03	1.04	-0.02	-0.02	0.73	1.04	0.0	0.0	55.31					-0.030000000000000027	-0.030000000000000027	-0.15999999999999992	-0.017142857142857126	-0.016997576368571077	-0.08988764044943665	-0.15999999999999992	0.0023329581131634326	0.002303689275640064	37.22007175294087				
2021-06-14 07:00:00	14500	1.78	1.73	1.74	1.78	1.78	RAD.MI	1.48	1.51	1.47	1.51	1.89	1.45	-1.0	-1.0	-1.0	-1	-1.0	-1.0	1.0	-1.0	-1.0	1.0									-1.0			1.76										-1.0			1.71	-0.0	-0.0	-1.41	-0.0	-0.0	-0.6	1.93	-1.41	0.0	0.0	17.34					1	-0.0	-0.0	-0.67	-0.0	-0.0	-0.32	-0.67	0.0	0.0	23.14					0.0	0.0	0.56	0.0	0.0	0.33	0.56	0.0	0.0	12.11					0.0	0.0	1.04	0.0	0.0	0.73	1.04	0.0	0.0	54.1					-0.0	-0.0	-0.15999999999999992	-0.0	-0.0	-0.08988764044943665	-0.15999999999999992	0.0021631365102357035	0.0021348516746775292	35.68449138698028				
2021-06-15 07:00:00	4000	1.76	1.74	1.76	1.74	1.74	RAD.MI	1.49	1.49	1.48	1.48	1.89	1.45	-1.0	-1.0	-1.0	-1	-1.0	-1.0	1.0	-1.0	-1.0	1.0		1.74							-1.0			1.76		1.48								-1.0			1.71	0.04	0.04	-1.37	0.02	0.02	-0.59	1.93	-1.37	0.0	0.0	18.58					1	0.04	0.04	-0.63	0.02	0.02	-0.3	-0.63	0.0	0.0	26.16					-0.04	-0.04	0.52	-0.02	-0.02	0.3	0.52	0.0	0.0	10.63					-0.04	-0.04	1.0	-0.02	-0.02	0.69	1.0	0.0	0.0	51.67					0.040000000000000036	0.040000000000000036	-0.11999999999999988	0.022471910112359605	0.022728251077556175	-0.06896551724137767	-0.11999999999999988	0.0024839561633329126	0.002455377470687914	40.12045194122316				
2021-06-16 07:00:00	5500	1.77	1.73	1.73	1.77	1.77	RAD.MI	1.47	1.5	1.47	1.5	1.89	1.45	-1.0	-1.0	-1.0	-1	-1.0	-1.0	1.0	-1.0	-1.0	1.0	1.77								-1.0			1.76	1.5									-1.0			1.71	-0.03	-0.03	-1.4	-0.02	-0.02	-0.6	1.93	-1.4	0.0	0.0	20.61					1	-0.03	-0.03	-0.66	-0.02	-0.02	-0.32	-0.66	0.0	0.0	29.82					0.03	0.03	0.55	0.02	0.02	0.32	0.55	0.0	0.0	8.92					0.03	0.03	1.03	0.02	0.02	0.72	1.03	0.0	0.0	50.65					-0.030000000000000027	-0.030000000000000027	-0.1499999999999999	-0.01724137931034475	-0.01709443335930004	-0.08474576271186274	-0.1499999999999999	0.0020188866685134014	0.001990758055480324	33.48380127239993				
2021-06-17 07:00:00	24000	1.77	1.71	1.74	1.74	1.74	RAD.MI	1.48	1.5	1.45	1.48	1.89	1.45	-1.0	-1.0	-1.0	-1	-1.0	-1.0	1.0	-1.0	-1.0	1.0									-1.0			1.76		1.45								-1.0			1.71	0.03	0.03	-1.37	0.02	0.02	-0.59	1.93	-1.37	0.0	0.0	24.88					1	0.03	0.03	-0.63	0.02	0.02	-0.3	-0.63	0.0	0.0	37.36					-0.03	-0.03	0.52	-0.02	-0.02	0.3	0.52	0.0	0.0	4.48					-0.03	-0.03	1.0	-0.02	-0.02	0.69	1.0	0.0	0.0	45.5					0.030000000000000027	0.030000000000000027	-0.11999999999999988	0.016949152542372947	0.017094433359300183	-0.06896551724137756	-0.11999999999999988	0.0020908874522022254	0.0020623447944341233	34.17495668685724				
2021-06-18 07:00:00	4500	1.75	1.72	1.74	1.74	1.74	RAD.MI	1.51	1.52	1.49	1.51	1.89	1.45	-1.0	-1.0	-1.0	-1	-1.0	-1.0	1.0	-1.0	-1.0	1.0									-1.0			1.76	1.52		1.52							-1.0			1.71	-0.0	-0.0	-1.37	-0.0	-0.0	-0.59	1.93	-1.37	0.0	0.0	29.21					1	-0.0	-0.0	-0.63	-0.0	-0.0	-0.3	-0.63	0.0	0.0	44.37					0.0	0.0	0.52	0.0	0.0	0.3	0.52	0.0	0.0	3.0					0.0	0.0	1.0	0.0	0.0	0.69	1.0	0.0	0.0	44.62					-0.0	-0.0	-0.11999999999999988	-0.0	-0.0	-0.06896551724137756	-0.11999999999999988	0.001982575328797876	0.001954654386834509	33.12746344064173				
2021-06-21 07:00:00	500	1.74	1.74	1.74	1.74	1.74	RAD.MI	1.5	1.5	1.5	1.5	1.89	1.45	-1.0	-1.0	-1.0	-1	-1.0	-1.0	1.0	-1.0	-1.0	1.0									-1.0			1.76										-1.0			1.71	-0.0	-0.0	-1.37	-0.0	-0.0	-0.59	1.93	-1.37	0.0	0.0	32.42					1	-0.0	-0.0	-0.63	-0.0	-0.0	-0.3	-0.63	0.0	0.0	49.35					0.0	0.0	0.52	0.0	0.0	0.3	0.52	0.0	0.0	2.48					0.0	0.0	1.0	0.0	0.0	0.69	1.0	0.0	0.0	47.99					-0.0	-0.0	-0.11999999999999988	-0.0	-0.0	-0.06896551724137756	-0.11999999999999988	0.0019460534873866225	0.0019183406496774413	32.76364314235202				
2021-06-22 07:00:00	0	1.74	1.74	1.74	1.74	1.74	RAD.MI	1.5	1.5	1.5	1.5	1.89	1.45	-1.0	-1.0	-1.0	-1	-1.0	-1.0	1.0	-1.0	-1.0	1.0									-1.0			1.76										-1.0			1.71	-0.0	-0.0	-1.37	-0.0	-0.0	-0.59	1.93	-1.37	0.0	0.0	30.21					1	-0.0	-0.0	-0.63	-0.0	-0.0	-0.3	-0.63	0.0	0.0	44.06					0.0	0.0	0.52	0.0	0.0	0.3	0.52	0.0	0.0	7.98					0.0	0.0	1.0	0.0	0.0	0.69	1.0	0.0	0.0	46.17					-0.0	-0.0	-0.11999999999999988	-0.0	-0.0	-0.06896551724137756	-0.11999999999999988	0.002223637044170621	0.0021974538952744815	39.16657214049235				
2021-06-23 07:00:00	7000	1.74	1.7	1.72	1.71	1.71	RAD.MI	1.5	1.52	1.48	1.49	1.89	1.45	-1.0	-1.0	-1.0	-1	-1.0	-1.0	1.0	-1.0	-1.0	1.0		1.7							-1.0			1.76										-1.0			1.71	0.03	0.03	-1.34	0.02	0.02	-0.58	1.89	-1.34	0.0	0.0	30.25					1	0.03	0.03	-0.6	0.02	0.02	-0.29	-0.6	0.0	0.0	44.17					-0.03	-0.03	0.49	-0.02	-0.02	0.28	0.49	0.0	0.0	2.32					-0.03	-0.03	0.97	-0.02	-0.02	0.66	0.97	0.0	0.0	40.31					0.030000000000000027	0.030000000000000027	-0.08999999999999986	0.017241379310344862	0.01739174271186922	-0.052631578947366586	-0.08999999999999986	0.002545894540118922	0.00252002078389868	44.85593797325039				
2021-06-24 07:00:00	2000	1.75	1.72	1.74	1.72	1.72	RAD.MI	1.49	1.5	1.48	1.48	1.89	1.45	-1.0	-1.0	-1.0	-1	-1.0	-1.0	1.0	-1.0	-1.0	1.0	1.75								-1.0			1.76										-1.0			1.71	-0.01	-0.01	-1.35	-0.01	-0.01	-0.58	1.89	-1.35	0.0	0.0	26.59					1	-0.01	-0.01	-0.61	-0.01	-0.01	-0.3	-0.61	0.0	0.0	38.08					0.01	0.01	0.5	0.01	0.01	0.29	0.5	0.0	0.0	2.35					0.01	0.01	0.98	0.01	0.01	0.67	0.98	0.0	0.0	40.33					-0.010000000000000009	-0.010000000000000009	-0.09999999999999987	-0.005847953216374213	-0.005830920310793144	-0.058139534883719035	-0.09999999999999987	0.0025447701143695408	0.0025188852854334254	44.8162811259236				
2021-06-25 07:00:00	14500	1.71	1.67	1.71	1.67	1.67	RAD.MI	1.46	1.46	1.43	1.43	1.87	1.43	-1.0	-1.0	-1.0	-1	-1.0	-1.0	1.0	-1.0	-1.0	1.0		1.67		1.67					-1.0			1.76		1.43		1.43		1.43				-1.0			1.71	0.05	0.05	-1.3	0.03	0.03	-0.57	1.89	-1.3	0.0	0.0	26.01					1	0.05	0.05	-0.56	0.03	0.03	-0.28	-0.56	0.0	0.0	36.61					-0.05	-0.05	0.45	-0.03	-0.03	0.25	0.45	-0.0	-0.0	-6.47					-0.05	-0.05	0.93	-0.03	-0.03	0.62	0.93	0.0	0.0	31.81					0.050000000000000044	0.050000000000000044	-0.04999999999999982	0.029069767441860517	0.02950066439669799	-0.029940119760477057	-0.04999999999999982	0.0030186055520662817	0.0029933590026851586	54.03914743316234				
2021-06-28 07:00:00	10000	1.72	1.67	1.67	1.72	1.72	RAD.MI	1.45	1.49	1.45	1.49	1.87	1.43	-1.0	-1.0	-1.0	-1	-1.0	-1.0	1.0	-1.0	-1.0	1.0									-1.0			1.76	1.49									-1.0			1.71	-0.05	-0.05	-1.35	-0.03	-0.03	-0.58	1.89	-1.35	0.0	0.0	26.89					1	-0.05	-0.05	-0.61	-0.03	-0.03	-0.3	-0.61	0.0	0.0	38.23					0.05	0.05	0.5	0.03	0.03	0.29	0.5	0.0	0.0	2.25					0.05	0.05	0.98	0.03	0.03	0.67	0.98	0.0	0.0	40.88					-0.050000000000000044	-0.050000000000000044	-0.09999999999999987	-0.029940119760479167	-0.029500664396698056	-0.058139534883719146	-0.09999999999999987	0.002520051123611093	0.0024947291037955566	45.368395518174566				
2021-06-29 07:00:00	5500	1.71	1.71	1.71	1.71	1.71	RAD.MI	1.47	1.47	1.47	1.47	1.87	1.43	-1.0	-1.0	-1.0	-1	-1.0	-1.0	1.0	-1.0	-1.0	1.0									-1.0			1.76		1.47								-1.0			1.71	0.01	0.01	-1.34	0.01	0.01	-0.58	1.89	-1.34	0.0	0.0	24.08					1	0.01	0.01	-0.6	0.01	0.01	-0.29	-0.6	0.0	0.0	30.82					-0.01	-0.01	0.49	-0.01	-0.01	0.28	0.49	-0.0	-0.0	-5.45					-0.01	-0.01	0.97	-0.01	-0.01	0.66	0.97	0.0	0.0	34.64					0.010000000000000009	0.010000000000000009	-0.08999999999999986	0.005813953488372103	0.00583092031079321	-0.052631578947366586	-0.08999999999999986	0.002853960311766502	0.0028302182557398137	54.24767901275985				
2021-06-30 07:00:00	0	1.71	1.71	1.71	1.71	1.71	RAD.MI	1.49	1.49	1.49	1.49	1.87	1.43	-1.0	-1.0	-1.0	-1	-1.0	-1.0	1.0	-1.0	-1.0	1.0									-1.0			1.76										-1.0			1.71	-0.0	-0.0	-1.34	-0.0	-0.0	-0.58	1.88	-1.34	0.0	0.0	23.23					1	-0.0	-0.0	-0.6	-0.0	-0.0	-0.29	-0.6	0.0	0.0	28.47					0.0	0.0	0.49	0.0	0.0	0.28	0.49	-0.0	-0.0	-6.64					0.0	0.0	0.97	0.0	0.0	0.66	0.97	0.0	0.0	33.91					-0.0	-0.0	-0.08999999999999986	-0.0	-0.0	-0.052631578947366586	-0.08999999999999986	0.0030339629596709125	0.003010905898632066	58.57847160863628				
2021-07-01 07:00:00	29000	1.78	1.73	1.73	1.77	1.77	RAD.MI	1.49	1.54	1.49	1.53	1.87	1.43	-1.0	-1.0	-1.0	-1	-1.0	-1.0	1.0	-1.0	-1.0	1.0									-1.0			1.76										-1.0			1.71	-0.06	-0.06	-1.4	-0.04	-0.03	-0.6	1.83	-1.4	0.0	0.0	23.52					1	-0.06	-0.06	-0.66	-0.04	-0.03	-0.32	-0.66	0.0	0.0	29.0					0.06	0.06	0.55	0.04	0.03	0.32	0.55	0.0	0.0	3.11					0.06	0.06	1.03	0.04	0.03	0.72	1.03	0.0	0.0	43.87					-0.06000000000000005	-0.06000000000000005	-0.1499999999999999	-0.03508771929824572	-0.034486176071169404	-0.08474576271186274	-0.1499999999999999	0.002527188722806916	0.002503866249341513	48.704391982006015				
2021-07-02 07:00:00	1000	1.77	1.77	1.77	1.77	1.77	RAD.MI	1.53	1.53	1.53	1.53	1.87	1.43	-1.0	-1.0	-1.0	-1	-1.0	-1.0	1.0	-1.0	-1.0	1.0	1.77		1.77						-1.0			1.76	1.53		1.53							-1.0			1.71	-0.0	-0.0	-1.4	-0.0	-0.0	-0.6	1.8	-1.4	0.0	0.0	27.52					1	-0.0	-0.0	-0.66	-0.0	-0.0	-0.32	-0.66	0.0	0.0	35.65					0.0	0.0	0.55	0.0	0.0	0.32	0.55	0.0	0.0	6.93					0.0	0.0	1.03	0.0	0.0	0.72	1.03	0.0	0.0	48.22					-0.0	-0.0	-0.1499999999999999	-0.0	-0.0	-0.08474576271186274	-0.1499999999999999	0.00245544888604335	0.002432475739046591	48.02459343673238				
2021-07-05 07:00:00	2500	1.78	1.74	1.74	1.77	1.77	RAD.MI	1.49	1.53	1.49	1.52	1.87	1.43	-1.0	-1.0	-1.0	-1	-1.0	-1.0	1.0	-1.0	-1.0	1.0									-1.0			1.76										-1.0			1.71	-0.0	-0.0	-1.4	-0.0	-0.0	-0.6	1.79	-1.4	0.0	0.0	27.52					1	-0.0	-0.0	-0.66	-0.0	-0.0	-0.32	-0.66	0.0	0.0	35.65					0.0	0.0	0.55	0.0	0.0	0.32	0.55	0.0	0.0	6.93					0.0	0.0	1.03	0.0	0.0	0.72	1.03	0.0	0.0	48.22					-0.0	-0.0	-0.1499999999999999	-0.0	-0.0	-0.08474576271186274	-0.1499999999999999	0.00245544888604335	0.002432475739046591	48.02459343673238				
2021-07-06 07:00:00	8500	1.74	1.72	1.72	1.72	1.72	RAD.MI	1.49	1.51	1.49	1.49	1.87	1.43	-1.0	-1.0	-1.0	-1	-1.0	-1.0	1.0	-1.0	-1.0	1.0		1.72							-1.0			1.76										-1.0			1.71	0.05	0.05	-1.35	0.03	0.03	-0.58	1.79	-1.35	0.0	0.0	28.9					1	0.05	0.05	-0.61	0.03	0.03	-0.3	-0.61	0.0	0.0	39.45					-0.05	-0.05	0.5	-0.03	-0.03	0.29	0.5	0.0	-0.0	0.4					-0.05	-0.05	0.98	-0.03	-0.03	0.67	0.98	0.0	0.0	40.75					0.050000000000000044	0.050000000000000044	-0.09999999999999987	0.02824858757062154	0.028655255760376176	-0.058139534883719146	-0.09999999999999987	0.002826356942063741	0.0028031585127830105	54.03705141577				
2021-07-07 07:00:00	2500	1.75	1.73	1.73	1.73	1.73	RAD.MI	1.49	1.51	1.49	1.49	1.87	1.43	-1.0	-1.0	-1.0	-1	-1.0	-1.0	1.0	-1.0	-1.0	1.0	1.75								-1.0			1.76										-1.0			1.71	-0.01	-0.01	-1.36	-0.01	-0.01	-0.59	1.79	-1.36	0.0	0.0	21.99					1	-0.01	-0.01	-0.62	-0.01	-0.01	-0.3	-0.62	0.0	0.0	23.97					0.01	0.01	0.51	0.01	0.01	0.29	0.51	-0.0	-0.0	-3.67					0.01	0.01	0.99	0.01	0.01	0.68	0.99	0.0	0.0	38.25					-0.010000000000000009	-0.010000000000000009	-0.10999999999999988	-0.005813953488372103	-0.005797117684325915	-0.06358381502889998	-0.10999999999999988	0.002946929854333116	0.0029248916721942297	59.5036826894975				
2021-07-08 07:00:00	34000	1.73	1.62	1.73	1.67	1.67	RAD.MI	1.53	1.53	1.44	1.48	1.87	1.43	-1.0	-1.0	-1.0	-1	-1.0	-1.0	1.0	-1.0	-1.0	1.0		1.62		1.62					-1.0			1.76		1.44		1.44						-1.0			1.71	0.06	0.06	-1.3	0.03	0.04	-0.57	1.79	-1.3	0.0	0.0	22.83					1	0.06	0.06	-0.56	0.03	0.04	-0.28	-0.56	0.0	0.0	26.47					-0.06	-0.06	0.45	-0.03	-0.04	0.25	0.45	-0.0	-0.0	-12.67					-0.06	-0.06	0.93	-0.03	-0.04	0.62	0.93	0.0	0.0	29.09					0.06000000000000005	0.06000000000000005	-0.04999999999999982	0.034682080924855474	0.03529778208102382	-0.02994011976047728	-0.04999999999999982	0.003409973423993168	0.003387989904639621	68.48976506180904				
2021-07-09 07:00:00	1500	1.73	1.72	1.72	1.73	1.73	RAD.MI	1.5	1.51	1.5	1.51	1.82	1.43	-1.0	-1.0	-1.0	-1	-1.0	-1.0	1.0	-1.0	-1.0	1.0									-1.0			1.76	1.51									-1.0			1.71	-0.06	-0.06	-1.36	-0.04	-0.04	-0.59	1.78	-1.36	0.0	0.0	22.91					1	-0.06	-0.06	-0.62	-0.04	-0.04	-0.3	-0.62	0.0	0.0	26.61					0.06	0.06	0.51	0.04	0.04	0.29	0.51	-0.0	-0.0	-2.48					0.06	0.06	0.99	0.04	0.04	0.68	0.99	0.0	0.0	39.03					-0.06000000000000005	-0.06000000000000005	-0.10999999999999988	-0.03592814371257491	-0.035297782081023896	-0.06358381502890009	-0.10999999999999988	0.002910188753573475	0.0028878666115890184	57.9505074720289				
2021-07-12 07:00:00	0	1.73	1.73	1.73	1.73	1.73	RAD.MI	1.49	1.49	1.49	1.49	1.82	1.43	-1.0	-1.0	-1.0	-1	-1.0	-1.0	1.0	-1.0	-1.0	1.0	1.73								-1.0			1.76		1.49								-1.0			1.71	-0.0	-0.0	-1.36	-0.0	-0.0	-0.59	1.78	-1.36	0.0	0.0	28.18					1	-0.0	-0.0	-0.62	-0.0	-0.0	-0.3	-0.62	0.0	0.0	35.71					0.0	0.0	0.51	0.0	0.0	0.29	0.51	0.0	0.0	2.3					0.0	0.0	0.99	0.0	0.0	0.68	0.99	0.0	0.0	44.79					-0.0	-0.0	-0.10999999999999988	-0.0	-0.0	-0.06358381502890009	-0.10999999999999988	0.0027683845185867855	0.002746720458912	56.706219048539246				
2021-07-13 07:00:00	500	1.73	1.73	1.73	1.73	1.73	RAD.MI	1.5	1.5	1.5	1.5	1.82	1.43	-1.0	-1.0	-1.0	-1	-1.0	-1.0	1.0	-1.0	-1.0	1.0									-1.0			1.76	1.5									-1.0			1.71	-0.0	-0.0	-1.36	-0.0	-0.0	-0.59	1.78	-1.36	0.0	0.0	27.27					1	-0.0	-0.0	-0.62	-0.0	-0.0	-0.3	-0.62	0.0	0.0	33.05					0.0	0.0	0.51	0.0	0.0	0.29	0.51	0.0	0.0	1.09					0.0	0.0	0.99	0.0	0.0	0.68	0.99	0.0	0.0	44.06					-0.0	-0.0	-0.10999999999999988	-0.0	-0.0	-0.06358381502890009	-0.10999999999999988	0.0029423861814784186	0.0029213882340626274	61.25643956967761				
2021-07-14 07:00:00	3500	1.74	1.66	1.69	1.74	1.74	RAD.MI	1.46	1.51	1.44	1.51	1.82	1.43	-1.0	-1.0	-1.0	-1	-1.0	-1.0	1.0	-1.0	-1.0	1.0									-1.0			1.76										-1.0			1.71	-0.01	-0.01	-1.37	-0.01	-0.01	-0.59	1.78	-1.37	0.0	0.0	23.25					1	-0.01	-0.01	-0.63	-0.01	-0.01	-0.3	-0.63	0.0	0.0	25.71					0.01	0.01	0.52	0.01	0.01	0.3	0.52	0.0	0.0	1.15					0.01	0.01	1.0	0.01	0.01	0.69	1.0	0.0	0.0	44.09					-0.010000000000000009	-0.010000000000000009	-0.11999999999999988	-0.005780346820809301	-0.005763704716750134	-0.06896551724137767	-0.11999999999999988	0.0029408289091075184	0.0029198161875074735	61.178233250328404				
2021-07-15 07:00:00	2000	1.7	1.68	1.68	1.68	1.68	RAD.MI	1.47	1.49	1.47	1.47	1.82	1.43	-1.0	-1.0	-1.0	-1	-1.0	-1.0	1.0	-1.0	-1.0	1.0									-1.0			1.76		1.47								-1.0			1.71	0.06	0.06	-1.31	0.03	0.04	-0.57	1.78	-1.31	0.0	0.0	31.62					1	0.06	0.06	-0.57	0.03	0.04	-0.28	-0.57	0.0	0.0	43.73					-0.06	-0.06	0.46	-0.03	-0.04	0.26	0.46	-0.0	-0.0	-0.12					-0.06	-0.06	0.94	-0.03	-0.04	0.63	0.94	0.0	0.0	42.15					0.06000000000000005	0.06000000000000005	-0.05999999999999983	0.034482758620689724	0.03509131981127017	-0.03571428571428392	-0.05999999999999983	0.0030347635743826185	0.0030133322524337203	61.973442568840674				
2021-07-16 07:00:00	0	1.68	1.68	1.68	1.68	1.68	RAD.MI	1.48	1.48	1.48	1.48	1.82	1.43	-1.0	-1.0	-1.0	-1	-1.0	-1.0	1.0	-1.0	-1.0	1.0		1.68							-1.0			1.76										-1.0			1.71	-0.0	-0.0	-1.31	-0.0	-0.0	-0.57	1.78	-1.31	0.0	0.0	36.57					1	-0.0	-0.0	-0.57	-0.0	-0.0	-0.28	-0.57	0.0	0.0	52.27					0.0	0.0	0.46	0.0	0.0	0.26	0.46	0.0	0.0	4.3					0.0	0.0	0.94	0.0	0.0	0.63	0.94	0.0	0.0	47.33					-0.0	-0.0	-0.05999999999999983	-0.0	-0.0	-0.03571428571428392	-0.05999999999999983	0.0029241920324545125	0.0029032530219057495	61.0342822924956				
2021-07-19 07:00:00	8500	1.74	1.65	1.74	1.68	1.68	RAD.MI	1.59	1.59	1.5	1.53	1.82	1.43	-1.0	-1.0	1.0	-1	-1.0	-1.0	1.0	-1.0	-1.0	1.0									-1.0			1.76	1.59		1.59		1.59					-1.0			1.71	-0.0	-0.0	-1.31	-0.0	-0.0	-0.57	1.78	-1.31	0.0	0.0	33.97					1	-0.0	-0.0	-0.57	-0.0	-0.0	-0.28	-0.57	0.0	0.0	44.81					0.0	0.0	0.46	0.0	0.0	0.26	0.46	0.0	-0.0	0.45					0.0	0.0	0.94	0.0	0.0	0.63	0.94	0.0	0.0	45.03					-0.0	-0.0	-0.05999999999999983	-0.0	-0.0	-0.03571428571428392	-0.05999999999999983	0.0031628996589567583	0.0031432657301573297	69.46020090392037				
2021-07-20 07:00:00	1000	1.69	1.69	1.69	1.69	1.69	RAD.MI	1.53	1.53	1.53	1.53	1.82	1.43	-1.0	-1.0	1.0	-1	-1.0	-1.0	1.0	-1.0	-1.0	1.0									-1.0			1.76										-1.0			1.71	-0.01	-0.01	-1.32	-0.01	-0.01	-0.58	1.78	-1.32	0.0	0.0	35.33					1	-0.01	-0.01	-0.58	-0.01	-0.01	-0.28	-0.58	0.0	0.0	47.45					0.01	0.01	0.47	0.01	0.01	0.26	0.47	0.0	0.0	5.78					0.01	0.01	0.95	0.01	0.01	0.64	0.95	0.0	0.0	50.86					-0.010000000000000009	-0.010000000000000009	-0.06999999999999984	-0.005952380952380931	-0.0059347355198145265	-0.04142011834319348	-0.06999999999999984	0.0028996333167336154	0.0028799543194168997	64.47455312813021				
2021-07-21 07:00:00	0	1.69	1.69	1.69	1.69	1.69	RAD.MI	1.5	1.5	1.5	1.5	1.82	1.43	-1.0	-1.0	1.0	-1	-1.0	-1.0	1.0	-1.0	-1.0	1.0									-1.0			1.76										-1.0			1.71	-0.0	-0.0	-1.32	-0.0	-0.0	-0.58	1.78	-1.32	0.0	0.0	34.41					1	-0.0	-0.0	-0.58	-0.0	-0.0	-0.28	-0.58	0.0	0.0	44.66					0.0	0.0	0.47	0.0	0.0	0.26	0.47	0.0	0.0	4.47					0.0	0.0	0.95	0.0	0.0	0.64	0.95	0.0	0.0	50.08					-0.0	-0.0	-0.06999999999999984	-0.0	-0.0	-0.04142011834319348	-0.06999999999999984	0.0030672550198168084	0.0030482174373247517	69.39025625100487				
2021-07-22 07:00:00	4500	1.7	1.7	1.7	1.7	1.7	RAD.MI	1.5	1.5	1.5	1.5	1.77	1.43	-1.0	-1.0	1.0	-1	-1.0	-1.0	1.0	-1.0	-1.0	1.0	1.7								-1.0			1.76										-1.0			1.71	-0.01	-0.01	-1.33	-0.01	-0.01	-0.58	1.78	-1.33	0.0	0.0	39.84					1	-0.01	-0.01	-0.59	-0.01	-0.01	-0.29	-0.59	0.0	0.0	55.54					0.01	0.01	0.48	0.01	0.01	0.27	0.48	0.0	0.0	13.02					0.01	0.01	0.96	0.01	0.01	0.65	0.96	0.0	0.0	60.91					-0.010000000000000009	-0.010000000000000009	-0.07999999999999985	-0.00591715976331364	-0.005899722127188322	-0.04705882352941004	-0.07999999999999985	0.002619280369909981	0.002600986171696462	62.46270962875168				
2021-07-23 07:00:00	0	1.7	1.7	1.7	1.7	1.7	RAD.MI	1.48	1.48	1.48	1.48	1.77	1.43	-1.0	-1.0	1.0	-1	-1.0	-1.0	1.0	-1.0	-1.0	1.0									-1.0			1.76										-1.0			1.71	-0.0	-0.0	-1.33	-0.0	-0.0	-0.58	1.78	-1.33	0.0	0.0	38.86					1	-0.0	-0.0	-0.59	-0.0	-0.0	-0.29	-0.59	0.0	0.0	55.54					0.0	0.0	0.48	0.0	0.0	0.27	0.48	0.0	0.0	11.67					0.0	0.0	0.96	0.0	0.0	0.65	0.96	0.0	0.0	60.12					-0.0	-0.0	-0.07999999999999985	-0.0	-0.0	-0.04705882352941004	-0.07999999999999985	0.00278317310101674	0.0027654955667626435	67.57622435400643				
2021-07-26 07:00:00	5500	1.71	1.65	1.67	1.71	1.71	RAD.MI	1.44	1.48	1.42	1.48	1.77	1.42	-1.0	-1.0	-1.0	-1	-1.0	-1.0	1.0	-1.0	-1.0	1.0		1.65							-1.0			1.76		1.42		1.42						-1.0			1.71	-0.01	-0.01	-1.34	-0.01	-0.01	-0.58	1.78	-1.34	0.0	0.0	39.66					1	-0.01	-0.01	-0.6	-0.01	-0.01	-0.29	-0.6	0.0	0.0	48.68					0.01	0.01	0.49	0.01	0.01	0.28	0.49	0.0	0.0	16.86					0.01	0.01	0.97	0.01	0.01	0.66	0.97	0.0	0.0	65.74					-0.010000000000000009	-0.010000000000000009	-0.08999999999999986	-0.00588235294117645	-0.005865119452398058	-0.0526315789473667	-0.08999999999999986	0.0025607325773906024	0.0025428933604882964	62.603954895066316				
2021-07-27 07:00:00	0	1.71	1.71	1.71	1.71	1.71	RAD.MI	1.49	1.49	1.49	1.49	1.73	1.42	-1.0	-1.0	-1.0	-1	-1.0	-1.0	1.0	-1.0	-1.0	1.0	1.71								-1.0			1.76	1.49									-1.0			1.71	-0.0	-0.0	-1.34	-0.0	-0.0	-0.58	1.78	-1.34	0.0	0.0	39.66					1	-0.0	-0.0	-0.6	-0.0	-0.0	-0.29	-0.6	0.0	0.0	48.68					0.0	0.0	0.49	0.0	0.0	0.28	0.49	0.0	0.0	16.86					0.0	0.0	0.97	0.0	0.0	0.66	0.97	0.0	0.0	65.74					-0.0	-0.0	-0.08999999999999986	-0.0	-0.0	-0.0526315789473667	-0.08999999999999986	0.0025607325773906024	0.0025428933604882964	62.603954895066316				
2021-07-28 07:00:00	1000	1.67	1.67	1.67	1.67	1.67	RAD.MI	1.44	1.44	1.44	1.44	1.73	1.42	-1.0	-1.0	-1.0	-1	-1.0	-1.0	1.0	-1.0	-1.0	1.0		1.67							-1.0			1.76		1.44								-1.0			1.71	0.04	0.04	-1.3	0.02	0.02	-0.57	1.78	-1.3	0.0	0.0	40.78					1	0.04	0.04	-0.56	0.02	0.02	-0.28	-0.56	0.0	0.0	54.82					-0.04	-0.04	0.45	-0.02	-0.02	0.25	0.45	0.0	0.0	9.58					-0.04	-0.04	0.93	-0.02	-0.02	0.62	0.93	0.0	0.0	57.48					0.040000000000000036	0.040000000000000036	-0.04999999999999982	0.023391812865497075	0.023669744085904734	-0.02994011976047728	-0.04999999999999982	0.0028863230873980264	0.0028684419514031223	69.38901211900833				
2021-07-29 07:00:00	16000	1.7	1.65	1.67	1.7	1.7	RAD.MI	1.43	1.45	1.41	1.45	1.73	1.41	-1.0	-1.0	-1.0	-1	-1.0	-1.0	1.0	-1.0	-1.0	1.0									-1.0			1.76										-1.0			1.71	-0.03	-0.03	-1.33	-0.02	-0.02	-0.58	1.78	-1.33	0.0	0.0	34.04					1	-0.03	-0.03	-0.59	-0.02	-0.02	-0.29	-0.59	0.0	0.0	44.89					0.03	0.03	0.48	0.02	0.02	0.27	0.48	0.0	0.0	10.43					0.03	0.03	0.96	0.02	0.02	0.65	0.96	0.0	0.0	57.98					-0.030000000000000027	-0.030000000000000027	-0.07999999999999985	-0.017964071856287456	-0.017804624633506686	-0.04705882352941004	-0.07999999999999985	0.002865008869683945	0.0028469363248595503	68.10059105917114				
2021-07-30 07:00:00	0	1.7	1.7	1.7	1.7	1.7	RAD.MI	1.46	1.46	1.46	1.46	1.73	1.41	-1.0	-1.0	-1.0	-1	-1.0	-1.0	1.0	-1.0	-1.0	1.0	1.7								-1.0			1.76	1.46									-1.0			1.71	-0.0	-0.0	-1.33	-0.0	-0.0	-0.58	1.78	-1.33	0.0	0.0	37.93					1	-0.0	-0.0	-0.59	-0.0	-0.0	-0.29	-0.59	0.0	0.0	44.89					0.0	0.0	0.48	0.0	0.0	0.27	0.48	0.0	0.0	14.18					0.0	0.0	0.96	0.0	0.0	0.65	0.96	0.0	0.0	62.05					-0.0	-0.0	-0.07999999999999985	-0.0	-0.0	-0.04705882352941004	-0.07999999999999985	0.0028274065967877496	0.00280948487102739	67.74229413976781				
2021-08-02 07:00:00	2000	1.68	1.67	1.68	1.67	1.67	RAD.MI	1.45	1.45	1.44	1.44	1.73	1.41	-1.0	-1.0	-1.0	-1	-1.0	-1.0	1.0	-1.0	-1.0	1.0		1.67							-1.0			1.76		1.44								-1.0			1.71	0.03	0.03	-1.3	0.02	0.02	-0.57	1.75	-1.3	0.0	0.0	44.23					1	0.03	0.03	-0.56	0.02	0.02	-0.28	-0.56	0.0	0.0	49.14					-0.03	-0.03	0.45	-0.02	-0.02	0.25	0.45	0.0	0.0	13.4					-0.03	-0.03	0.93	-0.02	-0.02	0.62	0.93	0.0	0.0	60.83					0.030000000000000027	0.030000000000000027	-0.04999999999999982	0.01764705882352946	0.017804624633506707	-0.02994011976047728	-0.04999999999999982	0.002874433567887338	0.0028563231230285258	68.18950914078499				
2021-08-03 07:00:00	4500	1.68	1.67	1.67	1.68	1.68	RAD.MI	1.44	1.45	1.44	1.45	1.73	1.41	-1.0	-1.0	-1.0	-1	-1.0	-1.0	1.0	-1.0	-1.0	1.0	1.68								-1.0			1.76	1.45									-1.0			1.71	-0.01	-0.01	-1.31	-0.01	-0.01	-0.57	1.75	-1.31	0.0	0.0	44.17					1	-0.01	-0.01	-0.57	-0.01	-0.01	-0.28	-0.57	0.0	0.0	42.89					0.01	0.01	0.46	0.01	0.01	0.26	0.46	0.0	0.0	17.85					0.01	0.01	0.94	0.01	0.01	0.63	0.94	0.0	0.0	65.32					-0.010000000000000009	-0.010000000000000009	-0.05999999999999983	-0.0059880239520957446	-0.005970166986503754	-0.03571428571428392	-0.05999999999999983	0.002687554887310975	0.002669118724533348	63.649033891066686				
2021-08-04 07:00:00	1000	1.67	1.67	1.67	1.67	1.67	RAD.MI	1.43	1.43	1.43	1.43	1.73	1.41	-1.0	-1.0	-1.0	-1	-1.0	-1.0	1.0	-1.0	-1.0	1.0		1.67							-1.0			1.76		1.43								-1.0			1.71	0.01	0.01	-1.3	0.01	0.01	-0.57	1.74	-1.3	0.0	0.0	44.66					1	0.01	0.01	-0.56	0.01	0.01	-0.28	-0.56	0.0	0.0	44.26					-0.01	-0.01	0.45	-0.01	-0.01	0.25	0.45	0.0	0.0	14.06					-0.01	-0.01	0.93	-0.01	-0.01	0.62	0.93	0.0	0.0	61.17					0.010000000000000009	0.010000000000000009	-0.04999999999999982	0.005952380952380931	0.005970166986503796	-0.02994011976047717	-0.04999999999999982	0.002728152022819201	0.0027095468127027456	64.05241345226008				
2021-08-05 07:00:00	2000	1.73	1.71	1.71	1.73	1.73	RAD.MI	1.45	1.47	1.45	1.47	1.73	1.41	-1.0	-1.0	-1.0	-1	-1.0	-1.0	1.0	-1.0	-1.0	1.0									-1.0			1.76	1.47		1.47							-1.0			1.71	-0.06	-0.06	-1.36	-0.04	-0.04	-0.59	1.74	-1.36	0.0	0.0	40.19					1	-0.06	-0.06	-0.62	-0.04	-0.04	-0.3	-0.62	0.0	0.0	31.09					0.06	0.06	0.51	0.04	0.04	0.29	0.51	0.0	0.0	21.63					0.06	0.06	0.99	0.04	0.04	0.68	0.99	0.0	0.0	67.49					-0.06000000000000005	-0.06000000000000005	-0.10999999999999988	-0.03592814371257491	-0.035297782081023896	-0.06358381502889998	-0.10999999999999988	0.002443602405095365	0.0024238249744592544	54.70433733227553				
2021-08-06 07:00:00	0	1.73	1.73	1.73	1.73	1.73	RAD.MI	1.45	1.45	1.45	1.45	1.73	1.41	-1.0	-1.0	-1.0	-1	-1.0	-1.0	1.0	-1.0	-1.0	1.0	1.73								-1.0			1.76										-1.0			1.71	-0.0	-0.0	-1.36	-0.0	-0.0	-0.59	1.74	-1.36	0.0	0.0	38.81					1	-0.0	-0.0	-0.62	-0.0	-0.0	-0.3	-0.62	0.0	0.0	31.09					0.0	0.0	0.51	0.0	0.0	0.29	0.51	0.0	0.0	19.89					0.0	0.0	0.99	0.0	0.0	0.68	0.99	0.0	0.0	66.46					-0.0	-0.0	-0.10999999999999988	-0.0	-0.0	-0.06358381502889998	-0.10999999999999988	0.0026305028337789576	0.0026115202901042522	60.430056867414386				
2021-08-09 07:00:00	3000	1.7	1.67	1.7	1.68	1.68	RAD.MI	1.42	1.42	1.4	1.4	1.72	1.4	-1.0	-1.0	-1.0	-1	-1.0	-1.0	1.0	-1.0	-1.0	1.0									-1.0			1.76										-1.0			1.71	0.05	0.05	-1.31	0.03	0.03	-0.57	1.74	-1.31	0.0	0.0	38.54					1	0.05	0.05	-0.57	0.03	0.03	-0.28	-0.57	0.0	0.0	37.46					-0.05	-0.05	0.46	-0.03	-0.03	0.26	0.46	0.0	0.0	9.77					-0.05	-0.05	0.94	-0.03	-0.03	0.63	0.94	0.0	0.0	56.15					0.050000000000000044	0.050000000000000044	-0.05999999999999983	0.028901734104046284	0.029327615094520063	-0.03571428571428392	-0.05999999999999983	0.0030654642533705805	0.0030468971631765207	71.16940205293264				
2021-08-10 07:00:00	16000	1.7	1.66	1.7	1.67	1.67	RAD.MI	1.42	1.42	1.38	1.39	1.72	1.38	-1.0	-1.0	-1.0	-1	-1.0	-1.0	1.0	-1.0	-1.0	1.0									-1.0			1.76										-1.0			1.71	0.01	0.01	-1.3	0.01	0.01	-0.57	1.74	-1.3	0.0	0.0	44.47					1	0.01	0.01	-0.56	0.01	0.01	-0.28	-0.56	0.0	0.0	46.71					-0.01	-0.01	0.45	-0.01	-0.01	0.25	0.45	0.0	0.0	10.87					-0.01	-0.01	0.93	-0.01	-0.01	0.62	0.93	0.0	0.0	57.84					0.010000000000000009	0.010000000000000009	-0.04999999999999982	0.005952380952380931	0.005970166986503796	-0.02994011976047728	-0.04999999999999982	0.002995664055091249	0.002977380207277447	70.54707944426758				
2021-08-11 07:00:00	0	1.67	1.67	1.67	1.67	1.67	RAD.MI	1.38	1.38	1.38	1.38	1.72	1.38	-1.0	-1.0	-1.0	-1	-1.0	-1.0	1.0	-1.0	-1.0	1.0		1.67							-1.0			1.76		1.38								-1.0			1.71	-0.0	-0.0	-1.3	-0.0	-0.0	-0.57	1.74	-1.3	0.0	0.0	50.14					1	-0.0	-0.0	-0.56	-0.0	-0.0	-0.28	-0.56	0.0	0.0	55.21					0.0	0.0	0.45	0.0	0.0	0.25	0.45	0.0	0.0	15.85					0.0	0.0	0.93	0.0	0.0	0.62	0.93	0.0	0.0	63.79					-0.0	-0.0	-0.04999999999999982	-0.0	-0.0	-0.02994011976047728	-0.04999999999999982	0.0028828550028806954	0.0028650243464802827	69.50263751478954				
2021-08-12 07:00:00	12000	1.73	1.66	1.67	1.68	1.68	RAD.MI	1.37	1.42	1.36	1.38	1.72	1.36	-1.0	-1.0	-1.0	-1	-1.0	-1.0	1.0	-1.0	-1.0	1.0	1.73		1.73						-1.0			1.76	1.42									-1.0			1.71	-0.01	-0.01	-1.31	-0.01	-0.01	-0.57	1.74	-1.31	0.0	0.0	50.07					1	-0.01	-0.01	-0.57	-0.01	-0.01	-0.28	-0.57	0.0	0.0	55.09					0.01	0.01	0.46	0.01	0.01	0.26	0.46	0.0	0.0	20.35					0.01	0.01	0.94	0.01	0.01	0.63	0.94	0.0	0.0	68.31					-0.010000000000000009	-0.010000000000000009	-0.05999999999999983	-0.0059880239520957446	-0.005970166986503754	-0.03571428571428392	-0.05999999999999983	0.0026971905653471605	0.002679038267756173	64.90783519591149				
2021-08-13 07:00:00	500	1.67	1.67	1.67	1.67	1.67	RAD.MI	1.37	1.37	1.37	1.37	1.72	1.36	-1.0	-1.0	-1.0	-1	-1.0	-1.0	1.0	-1.0	-1.0	1.0		1.67							-1.0			1.76		1.37		1.37		1.37				-1.0			1.71	0.01	0.01	-1.3	0.01	0.01	-0.57	1.74	-1.3	0.0	0.0	54.55					1	0.01	0.01	-0.56	0.01	0.01	-0.28	-0.56	0.0	0.0	62.01					-0.01	-0.01	0.45	-0.01	-0.01	0.25	0.45	0.0	0.0	20.29					-0.01	-0.01	0.93	-0.01	-0.01	0.62	0.93	0.0	0.0	68.23					0.010000000000000009	0.010000000000000009	-0.04999999999999982	0.005952380952380931	0.005970166986503796	-0.02994011976047717	-0.04999999999999982	0.002700114474301203	0.002681950120945187	64.93731542543783				
2021-08-16 07:00:00	14500	1.73	1.61	1.67	1.73	1.73	RAD.MI	1.38	1.43	1.33	1.43	1.72	1.33	-1.0	-1.0	-1.0	0	-1.0	-1.0	1.0	-1.0	-1.0	1.0									-1.0			1.76										-1.0			1.71	-0.06	-0.06	-1.36	-0.04	-0.04	-0.59	1.73	-1.36	0.0	0.0	57.32					1	-0.06	-0.06	-0.62	-0.04	-0.04	-0.3	-0.62	0.0	0.0	48.74					0.06	0.06	0.51	0.04	0.04	0.29	0.51	0.0	0.0	33.92					0.06	0.06	0.99	0.04	0.04	0.68	0.99	0.0	0.0	84.11					-0.06000000000000005	-0.06000000000000005	-0.10999999999999988	-0.03592814371257491	-0.035297782081023896	-0.06358381502889998	-0.10999999999999988	0.002110783427596461	0.002092774280218812	51.87392032461355				
2021-08-17 07:00:00	0	1.73	1.73	1.73	1.73	1.73	RAD.MI	1.44	1.44	1.44	1.44	1.72	1.33	-1.0	-1.0	-1.0	0	-1.0	-1.0	1.0	-1.0	-1.0	1.0	1.73								-1.0			1.76	1.44									-1.0			1.71	-0.0	-0.0	-1.36	-0.0	-0.0	-0.59	1.73	-1.36	0.0	0.0	55.49					1	0.0	0.0	-0.62	0.0	0.0	-0.3	-0.62	0.0	0.0	48.74					0.0	0.0	0.51	0.0	0.0	0.29	0.51	0.0	0.0	31.53					0.0	0.0	0.99	0.0	0.0	0.68	0.99	0.0	0.0	82.73					-0.0	-0.0	-0.10999999999999988	-0.0	-0.0	-0.06358381502889998	-0.10999999999999988	0.002312358905553316	0.002295272951706062	58.94503645553703				
2021-08-18 07:00:00	2000	1.72	1.66	1.66	1.72	1.72	RAD.MI	1.38	1.43	1.38	1.43	1.72	1.33	-1.0	-1.0	-1.0	0	-1.0	-1.0	1.0	-1.0	-1.0	1.0									-1.0			1.76		1.38								-1.0			1.71	0.01	0.01	-1.35	0.01	0.01	-0.58	1.73	-1.35	0.0	0.0	55.96					1	-0.0	-0.0	-0.62	-0.0	-0.0	-0.3	-0.62	0.0	0.0	48.74					-0.01	-0.01	0.5	-0.01	-0.01	0.29	0.5	0.0	0.0	27.52					-0.01	-0.01	0.98	-0.01	-0.01	0.67	0.98	0.0	0.0	78.21					0.010000000000000009	0.010000000000000009	-0.09999999999999987	0.005780346820809301	0.005797117684325958	-0.058139534883719146	-0.09999999999999987	0.0023517793058067315	0.0023345352892922833	59.40510151041833				
2021-08-19 07:00:00	28000	1.75	1.65	1.73	1.71	1.71	RAD.MI	1.46	1.47	1.39	1.44	1.72	1.33	-1.0	-1.0	-1.0	0	-1.0	-1.0	1.0	-1.0	-1.0	1.0									-1.0			1.76	1.47		1.47							-1.0			1.71	0.01	0.01	-1.34	0.01	0.01	-0.58	1.75	-1.34	0.0	0.0	60.64					1	-0.0	-0.0	-0.62	-0.0	-0.0	-0.3	-0.62	0.0	0.0	48.74					-0.01	-0.01	0.49	-0.01	-0.01	0.28	0.49	0.0	0.0	27.51					-0.01	-0.01	0.97	-0.01	-0.01	0.66	0.97	0.0	0.0	78.19					0.010000000000000009	0.010000000000000009	-0.08999999999999986	0.005813953488372103	0.00583092031079321	-0.052631578947366586	-0.08999999999999986	0.002352460975899027	0.0023352142197488046	59.412983564196246				
2021-08-20 07:00:00	2000	1.68	1.68	1.68	1.68	1.68	RAD.MI	1.42	1.42	1.42	1.42	1.72	1.33	-1.0	-1.0	-1.0	0	-1.0	-1.0	1.0	-1.0	-1.0	1.0									-1.0			1.76										-1.0			1.71	0.03	0.03	-1.31	0.02	0.02	-0.57	1.75	-1.31	0.0	0.0	59.36					1	-0.0	-0.0	-0.62	-0.0	-0.0	-0.3	-0.62	0.0	0.0	48.74					-0.03	-0.03	0.46	-0.02	-0.02	0.26	0.46	0.0	0.0	29.79					-0.03	-0.03	0.94	-0.02	-0.02	0.63	0.94	0.0	0.0	68.94					0.030000000000000027	0.030000000000000027	-0.05999999999999983	0.01754385964912286	0.017699577099400975	-0.03571428571428381	-0.05999999999999983	0.0027055441048761545	0.0026890280232920727	70.32759723398294				
2021-08-23 07:00:00	11000	1.68	1.65	1.66	1.66	1.66	RAD.MI	1.39	1.41	1.38	1.39	1.72	1.33	-1.0	-1.0	-1.0	0	-1.0	-1.0	1.0	-1.0	-1.0	1.0									-1.0			1.76										-1.0			1.71	0.02	0.02	-1.29	0.01	0.01	-0.57	1.75	-1.29	0.0	0.0	66.74					1	-0.0	-0.0	-0.62	-0.0	-0.0	-0.3	-0.62	0.0	0.0	48.74					-0.02	-0.02	0.44	-0.01	-0.01	0.24	0.44	0.0	0.0	30.49					-0.02	-0.02	0.92	-0.01	-0.01	0.61	0.92	0.0	0.0	69.92					0.020000000000000018	0.020000000000000018	-0.039999999999999813	0.011904761904761862	0.01197619104671565	-0.024096385542166865	-0.039999999999999813	0.0026722107067154617	0.0026558224713912892	69.97669090347722				
2021-08-24 07:00:00	1000	1.66	1.66	1.66	1.66	1.66	RAD.MI	1.39	1.39	1.39	1.39	1.72	1.33	-1.0	-1.0	-1.0	0	-1.0	-1.0	1.0	-1.0	-1.0	1.0									-1.0			1.76										-1.0			1.71	-0.0	-0.0	-1.29	-0.0	-0.0	-0.57	1.75	-1.29	0.0	0.0	63.62					1	0.0	0.0	-0.62	0.0	0.0	-0.3	-0.62	0.0	0.0	48.74					0.0	0.0	0.44	0.0	0.0	0.24	0.44	0.0	0.0	25.9					0.0	0.0	0.92	0.0	0.0	0.61	0.92	0.0	0.0	66.92					-0.0	-0.0	-0.039999999999999813	-0.0	-0.0	-0.024096385542166865	-0.039999999999999813	0.0029123267284329847	0.0028972326917289237	81.6631352112912				
2021-08-25 07:00:00	15500	1.7	1.64	1.7	1.64	1.64	RAD.MI	1.42	1.42	1.37	1.37	1.72	1.33	-1.0	-1.0	-1.0	0	-1.0	-1.0	1.0	-1.0	-1.0	1.0									-1.0			1.76										-1.0			1.71	0.02	0.02	-1.27	0.01	0.01	-0.56	1.75	-1.27	0.0	0.0	72.52					1	-0.0	-0.0	-0.62	-0.0	-0.0	-0.3	-0.62	0.0	0.0	48.74					-0.02	-0.02	0.42	-0.01	-0.01	0.23	0.42	0.0	0.0	27.37					-0.02	-0.02	0.9	-0.01	-0.01	0.59	0.9	0.0	0.0	68.98					0.020000000000000018	0.020000000000000018	-0.019999999999999796	0.012048192771084376	0.01212136053234485	-0.012195121951217636	-0.019999999999999796	0.0028433239051279717	0.0028284764487518377	80.95432754625179				
2021-08-26 07:00:00	2000	1.65	1.64	1.65	1.64	1.64	RAD.MI	1.39	1.39	1.38	1.38	1.72	1.33	-1.0	-1.0	-1.0	0	-1.0	-1.0	1.0	-1.0	-1.0	1.0		1.64							-1.0			1.76										-1.0			1.71	-0.0	-0.0	-1.27	-0.0	-0.0	-0.56	1.75	-1.27	0.0	0.0	72.52					1	0.0	0.0	-0.62	0.0	0.0	-0.3	-0.62	0.0	0.0	48.74					0.0	0.0	0.42	0.0	0.0	0.23	0.42	0.0	0.0	27.37					0.0	0.0	0.9	0.0	0.0	0.59	0.9	0.0	0.0	68.98					-0.0	-0.0	-0.019999999999999796	-0.0	-0.0	-0.012195121951217636	-0.019999999999999796	0.0028433239051279717	0.0028284764487518377	80.95432754625179				
2021-08-27 07:00:00	7500	1.67	1.62	1.64	1.65	1.65	RAD.MI	1.38	1.4	1.36	1.39	1.72	1.33	-1.0	-1.0	-1.0	0	-1.0	-1.0	1.0	-1.0	-1.0	1.0									-1.0			1.76		1.36								-1.0			1.71	-0.01	-0.01	-1.28	-0.01	-0.01	-0.57	1.75	-1.28	0.0	0.0	64.03					1	0.0	0.0	-0.62	0.0	0.0	-0.3	-0.62	0.0	0.0	48.74					0.01	0.01	0.43	0.01	0.01	0.23	0.43	0.0	0.0	22.29					0.01	0.01	0.91	0.01	0.01	0.6	0.91	0.0	0.0	65.7					-0.010000000000000009	-0.010000000000000009	-0.029999999999999805	-0.0060975609756097615	-0.0060790460763821925	-0.0181818181818163	-0.029999999999999805	0.0029555421027180413	0.00294161716526542	90.31508138496012				
2021-08-30 07:00:00	0	1.65	1.65	1.65	1.65	1.65	RAD.MI	1.38	1.38	1.38	1.38	1.72	1.33	-1.0	-1.0	-1.0	0	-1.0	-1.0	1.0	-1.0	-1.0	1.0									-1.0			1.76										-1.0			1.71	-0.0	-0.0	-1.28	-0.0	-0.0	-0.57	1.75	-1.28	0.0	0.0	61.95					1	0.0	0.0	-0.62	0.0	0.0	-0.3	-0.62	0.0	0.0	48.74					0.0	0.0	0.43	0.0	0.0	0.23	0.43	0.0	0.0	19.09					0.0	0.0	0.91	0.0	0.0	0.6	0.91	0.0	0.0	63.67					-0.0	-0.0	-0.029999999999999805	-0.0	-0.0	-0.0181818181818163	-0.029999999999999805	0.0031317499722953147	0.0031185926548942255	99.81597150056629				
2021-08-31 07:00:00	5000	1.68	1.65	1.68	1.65	1.65	RAD.MI	1.41	1.41	1.39	1.39	1.72	1.33	-1.0	-1.0	-1.0	0	-1.0	-1.0	1.0	-1.0	-1.0	1.0	1.68								-1.0			1.76	1.41			1.39						-1.0			1.71	-0.0	-0.0	-1.28	-0.0	-0.0	-0.57	1.75	-1.28	0.0	0.0	71.35					1	0.0	0.0	-0.62	0.0	0.0	-0.3	-0.62	0.0	0.0	48.74					0.0	0.0	0.43	0.0	0.0	0.23	0.43	0.0	0.0	26.91					0.0	0.0	0.91	0.0	0.0	0.6	0.91	0.0	0.0	60.9					-0.0	-0.0	-0.029999999999999805	-0.0	-0.0	-0.0181818181818163	-0.029999999999999805	0.0029444040105656316	0.0029318523221628645	97.8737183830346				
2021-09-01 07:00:00	5000	1.66	1.63	1.66	1.66	1.66	RAD.MI	1.38	1.38	1.36	1.38	1.7	1.33	-1.0	-1.0	-1.0	0	-1.0	-1.0	1.0	-1.0	-1.0	1.0		1.63							-1.0			1.76		1.36								-1.0			1.71	-0.01	-0.01	-1.29	-0.01	-0.01	-0.57	1.75	-1.29	0.0	0.0	65.81					1	0.0	0.0	-0.62	0.0	0.0	-0.3	-0.62	0.0	0.0	48.74					0.01	0.01	0.44	0.01	0.01	0.24	0.44	0.0	0.0	27.02					0.01	0.01	0.92	0.01	0.01	0.61	0.92	0.0	0.0	66.32					-0.010000000000000009	-0.010000000000000009	-0.039999999999999813	-0.0060606060606061	-0.006042314455962662	-0.024096385542166865	-0.039999999999999813	0.0029423480019718905	0.0029297801378593835	97.66391307356696				
2021-09-02 07:00:00	0	1.66	1.66	1.66	1.66	1.66	RAD.MI	1.38	1.38	1.38	1.38	1.7	1.33	-1.0	-1.0	-1.0	0	-1.0	-1.0	1.0	-1.0	-1.0	1.0									-1.0			1.76										-1.0			1.71	-0.0	-0.0	-1.29	-0.0	-0.0	-0.57	1.75	-1.29	0.0	0.0	70.65					1	0.0	0.0	-0.62	0.0	0.0	-0.3	-0.62	0.0	0.0	54.24					0.0	0.0	0.44	0.0	0.0	0.24	0.44	0.0	0.0	31.6					0.0	0.0	0.92	0.0	0.0	0.61	0.92	0.0	0.0	65.76					-0.0	-0.0	-0.039999999999999813	-0.0	-0.0	-0.024096385542166865	-0.039999999999999813	0.002904481245546817	0.002892034145093758	97.25090331604363				
2021-09-03 07:00:00	0	1.66	1.66	1.66	1.66	1.66	RAD.MI	1.39	1.39	1.39	1.39	1.7	1.33	-1.0	-1.0	-1.0	0	-1.0	-1.0	1.0	-1.0	-1.0	1.0									-1.0			1.76	1.39									-1.0			1.71	-0.0	-0.0	-1.29	-0.0	-0.0	-0.57	1.75	-1.29	0.0	0.0	81.01					1	0.0	0.0	-0.62	0.0	0.0	-0.3	-0.62	0.0	0.0	65.56					0.0	0.0	0.44	0.0	0.0	0.24	0.44	0.0	0.0	40.24					0.0	0.0	0.92	0.0	0.0	0.61	0.92	0.0	0.0	62.72					-0.0	-0.0	-0.039999999999999813	-0.0	-0.0	-0.024096385542166865	-0.039999999999999813	0.0027120575441244993	0.00270021514894081	95.0352265650058				
2021-09-06 07:00:00	0	1.66	1.66	1.66	1.66	1.66	RAD.MI	1.38	1.38	1.38	1.38	1.7	1.33	-1.0	-1.0	-1.0	0	-1.0	-1.0	1.0	-1.0	-1.0	1.0	1.66								-1.0			1.76		1.38								-1.0			1.71	-0.0	-0.0	-1.29	-0.0	-0.0	-0.57	1.75	-1.29	0.0	0.0	86.22					1	0.0	0.0	-0.62	0.0	0.0	-0.3	-0.62	0.0	0.0	71.46					0.0	0.0	0.44	0.0	0.0	0.24	0.44	0.0	0.0	45.08					0.0	0.0	0.92	0.0	0.0	0.61	0.92	0.0	0.0	62.06					-0.0	-0.0	-0.039999999999999813	-0.0	-0.0	-0.024096385542166865	-0.039999999999999813	0.0026729389878666146	0.002661217692341511	94.55932088779963				
2021-09-07 07:00:00	0	1.66	1.66	1.66	1.66	1.66	RAD.MI	1.39	1.39	1.39	1.39	1.7	1.33	-1.0	-1.0	-1.0	0	-1.0	-1.0	1.0	-1.0	-1.0	1.0									-1.0			1.76										-1.0			1.71	-0.0	-0.0	-1.29	-0.0	-0.0	-0.57	1.75	-1.29	0.0	0.0	85.16					1	0.0	0.0	-0.62	0.0	0.0	-0.3	-0.62	0.0	0.0	69.61					0.0	0.0	0.44	0.0	0.0	0.24	0.44	0.0	0.0	43.49					0.0	0.0	0.92	0.0	0.0	0.61	0.92	0.0	0.0	68.32					-0.0	-0.0	-0.039999999999999813	-0.0	-0.0	-0.024096385542166865	-0.039999999999999813	0.0028103938984363865	0.0027991529096917933	101.7020473061859				
2021-09-08 07:00:00	0	1.66	1.66	1.66	1.66	1.66	RAD.MI	1.4	1.4	1.4	1.4	1.7	1.33	-1.0	-1.0	-1.0	0	-1.0	-1.0	1.0	-1.0	-1.0	1.0									-1.0			1.76	1.4		1.4							-1.0			1.71	-0.0	-0.0	-1.29	-0.0	-0.0	-0.57	1.75	-1.29	0.0	0.0	85.16					1	0.0	0.0	-0.62	0.0	0.0	-0.3	-0.62	0.0	0.0	69.61					0.0	0.0	0.44	0.0	0.0	0.24	0.44	0.0	0.0	43.49					0.0	0.0	0.92	0.0	0.0	0.61	0.92	0.0	0.0	68.32					-0.0	-0.0	-0.039999999999999813	-0.0	-0.0	-0.024096385542166865	-0.039999999999999813	0.0028103938984363865	0.0027991529096917933	101.7020473061859				
2021-09-09 07:00:00	500	1.62	1.62	1.62	1.62	1.62	RAD.MI	1.37	1.37	1.37	1.37	1.7	1.33	-1.0	-1.0	-1.0	0	-1.0	-1.0	1.0	-1.0	-1.0	1.0									-1.0			1.76		1.37								-1.0			1.71	0.04	0.04	-1.25	0.02	0.02	-0.56	1.75	-1.25	0.0	0.0	97.49					1	-0.0	-0.0	-0.62	-0.0	-0.0	-0.3	-0.62	0.0	0.0	80.74					-0.04	-0.04	0.4	-0.02	-0.02	0.21	0.4	0.0	0.0	43.04					-0.04	-0.04	0.88	-0.02	-0.02	0.57	0.88	0.0	0.0	56.4					0.039999999999999813	0.039999999999999813	0.0	0.02409638554216853	0.02439145312415901	1.7763568394002505e-15	0.0	0.002826889862525536	0.00281560014757809	101.89418352691314				
2021-09-10 07:00:00	0	1.62	1.62	1.62	1.62	1.62	RAD.MI	1.38	1.38	1.38	1.38	1.7	1.33	-1.0	-1.0	-1.0	0	-1.0	-1.0	1.0	-1.0	-1.0	1.0									-1.0			1.76	1.38									-1.0			1.71	-0.0	-0.0	-1.25	-0.0	-0.0	-0.56	1.75	-1.25	0.0	0.0	96.01					1	0.0	0.0	-0.62	0.0	0.0	-0.3	-0.62	0.0	0.0	77.86					0.0	0.0	0.4	0.0	0.0	0.21	0.4	0.0	0.0	40.49					0.0	0.0	0.88	0.0	0.0	0.57	0.88	0.0	0.0	63.85					-0.0	-0.0	0.0	-0.0	-0.0	1.7763568394002505e-15	0.0	0.0029775818104757395	0.002966888772855558	111.18227161668679				
2021-09-13 07:00:00	4000	1.62	1.61	1.62	1.61	1.61	RAD.MI	1.36	1.36	1.36	1.36	1.7	1.33	-1.0	-1.0	-1.0	-1	-1.0	-1.0	1.0	-1.0	-1.0	1.0									-1.0			1.76										-1.0			1.71	0.01	0.01	-1.24	0.01	0.01	-0.55	1.75	-1.24	0.0	0.0	96.57					1	-0.0	-0.0	-0.62	-0.0	-0.0	-0.3	-0.62	0.0	0.0	77.86					-0.01	-0.01	0.39	-0.01	-0.01	0.2	0.39	0.0	0.0	35.41					-0.01	-0.01	0.87	-0.01	-0.01	0.56	0.87	0.0	0.0	58.62					0.010000000000000009	0.010000000000000009	0.010000000000000009	0.006172839506172867	0.006191970247921107	0.0062111801242252795	0.010000000000000009	0.003022783193285564	0.003011962919416744	111.67573692138276				
2021-09-14 07:00:00	0	1.61	1.61	1.61	1.61	1.61	RAD.MI	1.35	1.35	1.35	1.35	1.7	1.33	-1.0	-1.0	-1.0	-1	-1.0	-1.0	1.0	-1.0	-1.0	1.0									-1.0			1.76										-1.0			1.71	-0.0	-0.0	-1.24	-0.0	-0.0	-0.55	1.75	-1.24	0.0	0.0	95.57					1	-0.0	-0.0	-0.62	-0.0	-0.0	-0.3	-0.62	0.0	0.0	75.83					0.0	0.0	0.39	0.0	0.0	0.2	0.39	0.0	0.0	33.58					0.0	0.0	0.87	0.0	0.0	0.56	0.87	0.0	0.0	64.93					-0.0	-0.0	0.010000000000000009	-0.0	-0.0	0.0062111801242252795	0.010000000000000009	0.0031559714541833416	0.003145628699245062	119.41784830532433				
2021-09-15 07:00:00	4500	1.61	1.58	1.61	1.58	1.58	RAD.MI	1.36	1.36	1.34	1.34	1.7	1.33	-1.0	-1.0	-1.0	-1	-1.0	-1.0	1.0	-1.0	-1.0	1.0		1.58							-1.0			1.58		1.34		1.34						-1.0			1.71	0.03	0.03	-1.21	0.02	0.02	-0.55	1.75	-1.21	0.0	0.0	97.27					1	0.03	0.03	-0.59	0.02	0.02	-0.29	-0.59	0.0	0.0	79.25					-0.03	-0.03	0.36	-0.02	-0.02	0.18	0.36	0.0	0.0	26.25					-0.03	-0.03	0.84	-0.02	-0.02	0.53	0.84	0.0	0.0	56.93					0.030000000000000027	0.030000000000000027	0.040000000000000036	0.018633540372670843	0.018809331957496227	0.025316455696204443	0.040000000000000036	0.003295160510668813	0.0032844399246938494	120.80157574910574				
2021-09-16 07:00:00	16000	1.66	1.56	1.58	1.6	1.6	RAD.MI	1.33	1.4	1.31	1.35	1.7	1.31	-1.0	-1.0	-1.0	-1	-1.0	-1.0	1.0	-1.0	-1.0	1.0									-1.0			1.58										-1.0			1.71	-0.02	-0.02	-1.23	-0.01	-0.01	-0.55	1.7	-1.23	0.0	0.0	100.14					1	-0.02	-0.02	-0.61	-0.01	-0.01	-0.3	-0.61	0.0	0.0	82.3					0.02	0.02	0.38	0.01	0.01	0.2	0.38	0.0	0.0	36.29					0.02	0.02	0.86	0.01	0.01	0.55	0.86	0.0	0.0	55.67					-0.020000000000000018	-0.020000000000000018	0.020000000000000018	-0.012658227848101333	-0.012578782206860185	0.012500000000001732	0.020000000000000018	0.002995191076006618	0.0029844019245302	110.86360431937254				
2021-09-17 07:00:00	2500	1.63	1.6	1.6	1.63	1.63	RAD.MI	1.36	1.38	1.36	1.38	1.7	1.31	-1.0	-1.0	-1.0	-1	-1.0	-1.0	1.0	-1.0	-1.0	1.0	1.63			1.6					-1.0			1.58										-1.0			1.71	-0.03	-0.03	-1.26	-0.02	-0.02	-0.56	1.7	-1.26	0.0	0.0	88.19					1	-0.03	-0.03	-0.64	-0.02	-0.02	-0.31	-0.64	0.0	0.0	66.59					0.03	0.03	0.41	0.02	0.02	0.22	0.41	0.0	0.0	34.83					0.03	0.03	0.89	0.02	0.02	0.58	0.89	0.0	0.0	68.08					-0.029999999999999805	-0.029999999999999805	-0.009999999999999787	-0.018749999999999822	-0.018576385572935238	-0.0061349693251514514	-0.009999999999999787	0.0030190120652676027	0.003008404655809427	113.91023432378731				
2021-09-20 07:00:00	7500	1.64	1.58	1.59	1.62	1.62	RAD.MI	1.39	1.43	1.38	1.41	1.7	1.31	-1.0	-1.0	1.0	-1	-1.0	-1.0	1.0	-1.0	-1.0	1.0		1.58							-1.0			1.58	1.43		1.43							-1.0			1.71	0.01	0.01	-1.25	0.01	0.01	-0.56	1.7	-1.25	0.0	0.0	99.23					1	0.01	0.01	-0.63	0.01	0.01	-0.3	-0.63	0.0	0.0	79.5					-0.01	-0.01	0.4	-0.01	-0.01	0.21	0.4	0.0	0.0	37.92					-0.01	-0.01	0.88	-0.01	-0.01	0.57	0.88	0.0	0.0	59.89					0.009999999999999787	0.009999999999999787	0.0	0.006134969325153228	0.006153865574378112	1.7763568394002505e-15	0.0	0.0029043660891293196	0.0028940767368748066	112.62364021400015				
2021-09-21 07:00:00	500	1.61	1.61	1.61	1.61	1.61	RAD.MI	1.39	1.39	1.39	1.39	1.7	1.31	-1.0	-1.0	1.0	-1	-1.0	-1.0	1.0	-1.0	-1.0	1.0									-1.0			1.58										-1.0			1.71	0.01	0.01	-1.24	0.01	0.01	-0.55	1.7	-1.24	0.0	0.0	99.81					1	0.01	0.01	-0.62	0.01	0.01	-0.3	-0.62	0.0	0.0	80.68					-0.01	-0.01	0.39	-0.01	-0.01	0.2	0.39	0.0	0.0	32.74					-0.01	-0.01	0.87	-0.01	-0.01	0.56	0.87	0.0	0.0	54.57					0.010000000000000009	0.010000000000000009	0.010000000000000009	0.006172839506172867	0.006191970247921107	0.006211180124225502	0.010000000000000009	0.002949567471939144	0.0029391532950975297	113.1393339419056				
2021-09-22 07:00:00	500	1.64	1.64	1.64	1.64	1.64	RAD.MI	1.39	1.39	1.39	1.39	1.7	1.31	-1.0	-1.0	1.0	-1	-1.0	-1.0	1.0	-1.0	-1.0	1.0	1.64		1.64						-1.0			1.58										-1.0			1.71	-0.03	-0.03	-1.27	-0.02	-0.02	-0.56	1.68	-1.27	0.0	0.0	89.84					1	-0.03	-0.03	-0.65	-0.02	-0.02	-0.31	-0.65	0.0	0.0	69.01					0.03	0.03	0.42	0.02	0.02	0.23	0.42	0.0	0.0	34.93					0.03	0.03	0.9	0.02	0.02	0.59	0.9	0.0	0.0	62.2					-0.029999999999999805	-0.029999999999999805	-0.019999999999999796	-0.01863354037267073	-0.018462062839735352	-0.012195121951217636	-0.019999999999999796	0.002914595972961477	0.002903916880752755	108.70602911305637				
2021-09-23 07:00:00	0	1.64	1.64	1.64	1.64	1.64	RAD.MI	1.37	1.37	1.37	1.37	1.7	1.31	-1.0	-1.0	1.0	-1	-1.0	-1.0	1.0	-1.0	-1.0	1.0									-1.0			1.58										-1.0			1.71	-0.0	-0.0	-1.27	-0.0	-0.0	-0.56	1.68	-1.27	0.0	0.0	97.0					1	-0.0	-0.0	-0.65	-0.0	-0.0	-0.31	-0.65	0.0	0.0	77.19					0.0	0.0	0.42	0.0	0.0	0.23	0.42	0.0	0.0	41.04					0.0	0.0	0.9	0.0	0.0	0.59	0.9	0.0	0.0	60.75					-0.0	-0.0	-0.019999999999999796	-0.0	-0.0	-0.012195121951217636	-0.019999999999999796	0.0028339321687994067	0.0028234781330072067	107.7777887392121				
2021-09-24 07:00:00	2000	1.61	1.61	1.61	1.61	1.61	RAD.MI	1.35	1.35	1.35	1.35	1.7	1.31	-1.0	-1.0	1.0	-1	-1.0	-1.0	1.0	-1.0	-1.0	1.0		1.61							-1.0			1.58		1.35								-1.0			1.71	0.03	0.03	-1.24	0.02	0.02	-0.55	1.68	-1.24	0.0	0.0	104.27					1	0.03	0.03	-0.62	0.02	0.02	-0.3	-0.62	0.0	0.0	87.04					-0.03	-0.03	0.39	-0.02	-0.02	0.2	0.39	0.0	0.0	38.44					-0.03	-0.03	0.87	-0.02	-0.02	0.56	0.87	0.0	0.0	52.05					0.029999999999999805	0.029999999999999805	0.010000000000000009	0.018292682926829174	0.01846206283973533	0.0062111801242252795	0.010000000000000009	0.00292803659866845	0.002917319774449423	108.85722576861099				
2021-09-27 07:00:00	7000	1.63	1.62	1.63	1.62	1.62	RAD.MI	1.36	1.36	1.35	1.35	1.7	1.31	-1.0	-1.0	1.0	-1	-1.0	-1.0	1.0	-1.0	-1.0	1.0	1.63								-1.0			1.58										-1.0			1.71	-0.01	-0.01	-1.25	-0.01	-0.01	-0.56	1.68	-1.25	0.0	0.0	98.49					1	-0.01	-0.01	-0.63	-0.01	-0.01	-0.3	-0.63	0.0	0.0	80.38					0.01	0.01	0.4	0.01	0.01	0.21	0.4	0.0	0.0	39.42					0.01	0.01	0.88	0.01	0.01	0.57	0.88	0.0	0.0	52.92					-0.010000000000000009	-0.010000000000000009	0.0	-0.006211180124223503	-0.00619197024792098	1.7763568394002505e-15	0.0	0.0028064325865661413	0.0027953404981799768	102.97485082750734				
2021-09-28 07:00:00	2000	1.62	1.61	1.62	1.61	1.61	RAD.MI	1.38	1.38	1.37	1.37	1.7	1.31	-1.0	-1.0	1.0	-1	-1.0	-1.0	1.0	-1.0	-1.0	1.0									-1.0			1.58	1.38									-1.0			1.71	0.01	0.01	-1.24	0.01	0.01	-0.55	1.66	-1.24	0.0	0.0	97.55					1	0.01	0.01	-0.62	0.01	0.01	-0.3	-0.62	0.0	0.0	78.5					-0.01	-0.01	0.39	-0.01	-0.01	0.2	0.39	0.0	0.0	31.63					-0.01	-0.01	0.87	-0.01	-0.01	0.56	0.87	0.0	0.0	55.15					0.010000000000000009	0.010000000000000009	0.010000000000000009	0.006172839506172867	0.006191970247921107	0.006211180124225502	0.010000000000000009	0.0030013960411461966	0.002990767055741861	112.90857001804693				
2021-09-29 07:00:00	3500	1.61	1.6	1.61	1.6	1.6	RAD.MI	1.37	1.37	1.36	1.36	1.7	1.31	-1.0	-1.0	1.0	-1	-1.0	-1.0	1.0	-1.0	-1.0	1.0		1.6							-1.0			1.58		1.36								-1.0			1.71	0.01	0.01	-1.23	0.01	0.01	-0.55	1.66	-1.23	0.0	0.0	111.11					1	0.01	0.01	-0.61	0.01	0.01	-0.3	-0.61	0.0	0.0	94.0					-0.01	-0.01	0.38	-0.01	-0.01	0.2	0.38	0.0	0.0	35.9					-0.01	-0.01	0.86	-0.01	-0.01	0.55	0.86	0.0	0.0	45.72					0.010000000000000009	0.010000000000000009	0.020000000000000018	0.006211180124223614	0.006230549750636086	0.012500000000001954	0.020000000000000018	0.0028435232864541865	0.0028333314810882193	111.10883261801695				
2021-09-30 07:00:00	3000	1.64	1.64	1.64	1.64	1.64	RAD.MI	1.39	1.39	1.39	1.39	1.7	1.31	-1.0	-1.0	1.0	-1	-1.0	-1.0	1.0	-1.0	-1.0	1.0	1.64		1.64						-1.0			1.58										-1.0			1.71	-0.04	-0.04	-1.27	-0.02	-0.02	-0.56	1.66	-1.27	0.0	0.0	99.09					1	-0.04	-0.04	-0.65	-0.02	-0.02	-0.31	-0.65	0.0	0.0	80.67					0.04	0.04	0.42	0.02	0.02	0.23	0.42	0.0	0.0	39.92					0.04	0.04	0.9	0.02	0.02	0.59	0.9	0.0	0.0	49.5					-0.039999999999999813	-0.039999999999999813	-0.019999999999999796	-0.02499999999999991	-0.024692612590371414	-0.012195121951217525	-0.019999999999999796	0.002672703810342269	0.0026617656767038422	99.09077512082783				
2021-10-01 07:00:00	0	1.64	1.64	1.64	1.64	1.64	RAD.MI	1.4	1.4	1.4	1.4	1.7	1.31	-1.0	-1.0	1.0	-1	-1.0	-1.0	1.0	-1.0	-1.0	1.0									-1.0			1.58	1.4									-1.0			1.71	-0.0	-0.0	-1.27	-0.0	-0.0	-0.56	1.66	-1.27	0.0	0.0	99.09					1	-0.0	-0.0	-0.65	-0.0	-0.0	-0.31	-0.65	0.0	0.0	80.67					0.0	0.0	0.42	0.0	0.0	0.23	0.42	0.0	0.0	39.92					0.0	0.0	0.9	0.0	0.0	0.59	0.9	0.0	0.0	49.5					-0.0	-0.0	-0.019999999999999796	-0.0	-0.0	-0.012195121951217525	-0.019999999999999796	0.002672703810342269	0.0026617656767038422	99.09077512082783				
2021-10-04 07:00:00	4000	1.62	1.6	1.6	1.62	1.62	RAD.MI	1.37	1.39	1.37	1.39	1.7	1.31	-1.0	-1.0	1.0	-1	-1.0	-1.0	1.0	-1.0	-1.0	1.0		1.6							-1.0			1.58										-1.0			1.71	0.02	0.02	-1.25	0.01	0.01	-0.56	1.66	-1.25	0.0	0.0	98.65					1	0.02	0.02	-0.63	0.01	0.01	-0.3	-0.63	0.0	0.0	82.8					-0.02	-0.02	0.4	-0.01	-0.01	0.21	0.4	0.0	0.0	40.91					-0.02	-0.02	0.88	-0.01	-0.01	0.57	0.88	0.0	0.0	40.49					0.019999999999999796	0.019999999999999796	0.0	0.012195121951219412	0.012270092591814247	1.9984014443252818e-15	0.0	0.002637968556816371	0.0026271312997865337	98.65455030673581				
2021-10-05 07:00:00	0	1.62	1.62	1.62	1.62	1.62	RAD.MI	1.36	1.36	1.36	1.36	1.7	1.31	-1.0	-1.0	1.0	-1	-1.0	-1.0	1.0	-1.0	-1.0	1.0	1.62								-1.0			1.58										-1.0			1.71	-0.0	-0.0	-1.25	-0.0	-0.0	-0.56	1.66	-1.25	0.0	0.0	104.35					1	-0.0	-0.0	-0.63	-0.0	-0.0	-0.3	-0.63	0.0	0.0	82.8					0.0	0.0	0.4	0.0	0.0	0.21	0.4	0.0	0.0	40.02					0.0	0.0	0.88	0.0	0.0	0.57	0.88	0.0	0.0	45.57					-0.0	-0.0	0.0	-0.0	-0.0	1.9984014443252818e-15	0.0	0.0027571083665717962	0.0027466298153975277	104.34922166511102				
2021-10-06 07:00:00	1500	1.6	1.59	1.59	1.6	1.6	RAD.MI	1.36	1.36	1.36	1.36	1.7	1.31	-1.0	-1.0	1.0	-1	-1.0	-1.0	1.0	-1.0	-1.0	1.0									-1.0			1.58										-1.0			1.71	0.02	0.02	-1.23	0.01	0.01	-0.55	1.66	-1.23	0.0	0.0	105.42					1	0.02	0.02	-0.61	0.01	0.01	-0.3	-0.61	0.0	0.0	84.84					-0.02	-0.02	0.38	-0.01	-0.01	0.2	0.38	0.0	0.0	33.62					-0.02	-0.02	0.86	-0.01	-0.01	0.55	0.86	0.0	0.0	39.18					0.020000000000000018	0.020000000000000018	0.020000000000000018	0.012345679012345734	0.012422519998557209	0.012500000000001954	0.020000000000000018	0.0028477927625612637	0.002837060725842555	105.41784167272237				
2021-10-07 07:00:00	0	1.6	1.6	1.6	1.6	1.6	RAD.MI	1.34	1.34	1.34	1.34	1.7	1.31	-1.0	-1.0	1.0	-1	-1.0	-1.0	1.0	-1.0	-1.0	1.0									-1.0			1.58										-1.0			1.71	-0.0	-0.0	-1.23	-0.0	-0.0	-0.55	1.66	-1.23	0.0	0.0	105.42					1	-0.0	-0.0	-0.61	-0.0	-0.0	-0.3	-0.61	0.0	0.0	84.84					0.0	0.0	0.38	0.0	0.0	0.2	0.38	0.0	0.0	33.62					0.0	0.0	0.86	0.0	0.0	0.55	0.86	0.0	0.0	39.18					-0.0	-0.0	0.020000000000000018	-0.0	-0.0	0.012500000000001954	0.020000000000000018	0.0028477927625612637	0.002837060725842555	105.41784167272237				
2021-10-08 07:00:00	500	1.59	1.59	1.59	1.59	1.59	RAD.MI	1.33	1.33	1.33	1.33	1.7	1.31	-1.0	-1.0	1.0	-1	-1.0	-1.0	1.0	-1.0	-1.0	1.0		1.59		1.59					-1.0			1.58		1.33								-1.0			1.71	0.01	0.01	-1.22	0.01	0.01	-0.55	1.66	-1.22	0.0	0.0	130.25					1	0.01	0.01	-0.6	0.01	0.01	-0.29	-0.6	0.0	0.0	85.82					-0.01	-0.01	0.37	-0.01	-0.01	0.19	0.37	0.0	0.0	18.05					-0.01	-0.01	0.85	-0.01	-0.01	0.54	0.85	0.0	0.0	49.62					0.010000000000000009	0.010000000000000009	0.030000000000000027	0.006249999999999978	0.006269613013595374	0.01886792452830388	0.030000000000000027	0.0031430056844345003	0.0031334991838183335	130.25024668738376				
2021-10-11 07:00:00	5000	1.65	1.59	1.64	1.61	1.61	RAD.MI	1.38	1.39	1.34	1.36	1.7	1.31	-1.0	-1.0	1.0	-1	-1.0	-1.0	1.0	-1.0	-1.0	1.0									-1.0			1.58										-1.0			1.71	-0.02	-0.02	-1.24	-0.01	-0.01	-0.55	1.66	-1.24	0.0	0.0	119.75					1	-0.02	-0.02	-0.62	-0.01	-0.01	-0.3	-0.62	0.0	0.0	87.1					0.02	0.02	0.39	0.01	0.01	0.2	0.39	0.0	0.0	27.93					0.02	0.02	0.87	0.01	0.01	0.56	0.87	0.0	0.0	49.0					-0.020000000000000018	-0.020000000000000018	0.010000000000000009	-0.012578616352201255	-0.012500162764231468	0.006211180124225502	0.010000000000000009	0.002890500388803908	0.00288083588583965	119.75274379303349				
2021-10-12 07:00:00	15000	1.67	1.61	1.64	1.62	1.62	RAD.MI	1.38	1.4	1.35	1.36	1.7	1.31	-1.0	-1.0	1.0	0	-1.0	-1.0	1.0	-1.0	-1.0	1.0	1.67		1.67						-1.0			1.58	1.4									-1.0			1.71	-0.01	-0.01	-1.25	-0.01	-0.01	-0.56	1.67	-1.25	0.0	0.0	126.01					1	-0.01	-0.01	-0.63	-0.01	-0.01	-0.3	-0.63	0.0	0.0	76.95					0.01	0.01	0.4	0.01	0.01	0.21	0.4	0.0	0.0	24.76					0.01	0.01	0.88	0.01	0.01	0.57	0.88	0.0	0.0	59.35					-0.010000000000000009	-0.010000000000000009	0.0	-0.006211180124223503	-0.00619197024792098	1.9984014443252818e-15	0.0	0.0029324800330528173	0.0029231174868813437	126.00821315626368				
2021-10-13 07:00:00	6500	1.62	1.62	1.62	1.62	1.62	RAD.MI	1.36	1.36	1.36	1.36	1.63	1.31	-1.0	-1.0	1.0	0	-1.0	-1.0	1.0	-1.0	-1.0	1.0									-1.0			1.58										-1.0			1.71	-0.0	-0.0	-1.25	-0.0	-0.0	-0.56	1.67	-1.25	0.0	0.0	126.01					1	0.0	0.0	-0.63	0.0	0.0	-0.3	-0.63	0.0	0.0	76.95					0.0	0.0	0.4	0.0	0.0	0.21	0.4	0.0	0.0	24.76					0.0	0.0	0.88	0.0	0.0	0.57	0.88	0.0	0.0	59.35					-0.0	-0.0	0.0	-0.0	-0.0	1.9984014443252818e-15	0.0	0.0029324800330528173	0.0029231174868813437	126.00821315626368				
2021-10-14 07:00:00	0	1.62	1.62	1.62	1.62	1.62	RAD.MI	1.35	1.35	1.35	1.35	1.63	1.31	-1.0	-1.0	1.0	0	-1.0	-1.0	1.0	-1.0	-1.0	1.0		1.62							-1.0			1.58										-1.0			1.71	-0.0	-0.0	-1.25	-0.0	-0.0	-0.56	1.67	-1.25	0.0	0.0	124.55					1	0.0	0.0	-0.63	0.0	0.0	-0.3	-0.63	0.0	0.0	87.0					0.0	0.0	0.4	0.0	0.0	0.21	0.4	0.0	0.0	32.41					0.0	0.0	0.88	0.0	0.0	0.57	0.88	0.0	0.0	56.75					-0.0	-0.0	0.0	-0.0	-0.0	1.9984014443252818e-15	0.0	0.002813778230688821	0.0028047248515661316	124.54740420418821				
2021-10-15 07:00:00	0	1.62	1.62	1.62	1.62	1.62	RAD.MI	1.34	1.34	1.34	1.34	1.63	1.31	-1.0	-1.0	1.0	0	-1.0	-1.0	1.0	-1.0	-1.0	1.0									-1.0			1.58		1.34								-1.0			1.71	-0.0	-0.0	-1.25	-0.0	-0.0	-0.56	1.67	-1.25	0.0	0.0	124.04					1	0.0	0.0	-0.63	0.0	0.0	-0.3	-0.63	0.0	0.0	93.61					0.0	0.0	0.4	0.0	0.0	0.21	0.4	0.0	0.0	37.89					0.0	0.0	0.88	0.0	0.0	0.57	0.88	0.0	0.0	55.83					-0.0	-0.0	0.0	-0.0	-0.0	1.9984014443252818e-15	0.0	0.0027737781306070544	0.0027648277699232615	124.03512542336762				
2021-10-18 07:00:00	2500	1.65	1.65	1.65	1.65	1.65	RAD.MI	1.37	1.37	1.37	1.37	1.63	1.31	-1.0	-1.0	1.0	0	-1.0	-1.0	1.0	-1.0	-1.0	1.0	1.65								-1.0			1.58	1.37									-1.0			1.71	-0.03	-0.03	-1.28	-0.02	-0.02	-0.57	1.67	-1.28	0.0	0.0	130.12					1	0.0	0.0	-0.63	0.0	0.0	-0.3	-0.63	0.0	0.0	87.79					0.03	0.03	0.43	0.02	0.02	0.23	0.43	0.0	0.0	34.97					0.03	0.03	0.91	0.02	0.02	0.6	0.91	0.0	0.0	71.92					-0.029999999999999805	-0.029999999999999805	-0.029999999999999805	-0.01851851851851838	-0.0183491386681964	-0.01818181818181608	-0.029999999999999805	0.0028118107007364395	0.0028031237000940568	130.1179653049074				
2021-10-19 07:00:00	4000	1.62	1.62	1.62	1.62	1.62	RAD.MI	1.34	1.34	1.34	1.34	1.63	1.31	-1.0	-1.0	1.0	0	-1.0	-1.0	1.0	-1.0	-1.0	1.0									-1.0			1.58										-1.0			1.71	0.03	0.03	-1.25	0.02	0.02	-0.56	1.67	-1.25	0.0	0.0	130.83					1	-0.0	-0.0	-0.63	-0.0	-0.0	-0.3	-0.63	0.0	0.0	96.71					-0.03	-0.03	0.4	-0.02	-0.02	0.21	0.4	0.0	0.0	33.26					-0.03	-0.03	0.88	-0.02	-0.02	0.57	0.88	0.0	0.0	60.8					0.029999999999999805	0.029999999999999805	0.0	0.018181818181818077	0.01834913866819643	1.9984014443252818e-15	0.0	0.002867683802462014	0.0028588548687871196	130.83065964465877				
2021-10-20 07:00:00	14000	1.62	1.54	1.61	1.62	1.62	RAD.MI	1.32	1.33	1.27	1.33	1.61	1.27	-1.0	-1.0	-1.0	-1	-1.0	-1.0	1.0	-1.0	-1.0	1.0		1.54		1.54					-1.0			1.58		1.27								-1.0			1.71	-0.0	-0.0	-1.25	-0.0	-0.0	-0.56	1.67	-1.25	0.0	0.0	128.75					1	0.0	0.0	-0.63	0.0	0.0	-0.3	-0.63	0.0	0.0	110.61					0.0	0.0	0.4	0.0	0.0	0.21	0.4	0.0	0.0	42.66					0.0	0.0	0.88	0.0	0.0	0.57	0.88	0.0	0.0	57.05					-0.0	-0.0	0.0	-0.0	-0.0	1.9984014443252818e-15	0.0	0.0027089819000162517	0.0027005531184289833	128.75154789495608				
2021-10-21 07:00:00	17000	1.7	1.62	1.63	1.62	1.62	RAD.MI	1.34	1.4	1.33	1.33	1.59	1.27	-1.0	-1.0	-1.0	0	-1.0	-1.0	1.0	-1.0	-1.0	1.0									-1.0			1.58										-1.0			1.71	-0.0	-0.0	-1.25	-0.0	-0.0	-0.56	1.7	-1.25	0.0	0.0	128.75					1	-0.0	-0.0	-0.63	-0.0	-0.0	-0.3	-0.63	0.0	0.0	110.61					0.0	0.0	0.4	0.0	0.0	0.21	0.4	0.0	0.0	42.66					0.0	0.0	0.88	0.0	0.0	0.57	0.88	0.0	0.0	57.05					-0.0	-0.0	0.0	-0.0	-0.0	1.9984014443252818e-15	0.0	0.0027089819000162517	0.0027005531184289833	128.75154789495608				
2021-10-22 07:00:00	1000	1.66	1.66	1.66	1.66	1.66	RAD.MI	1.36	1.36	1.36	1.36	1.59	1.27	-1.0	-1.0	-1.0	0	-1.0	-1.0	1.0	-1.0	-1.0	1.0									-1.0			1.58	1.36									-1.0			1.71	-0.04	-0.04	-1.29	-0.02	-0.02	-0.57	1.7	-1.29	0.0	0.0	113.05					1	0.0	0.0	-0.63	0.0	0.0	-0.3	-0.63	0.0	0.0	120.66					0.04	0.04	0.44	0.02	0.02	0.24	0.44	0.0	0.0	54.49					0.04	0.04	0.92	0.02	0.02	0.61	0.92	0.0	0.0	59.4					-0.039999999999999813	-0.039999999999999813	-0.039999999999999813	-0.024691358024691246	-0.024391453124159048	-0.024096385542166532	-0.039999999999999813	0.0024686517872124034	0.0024597786252074094	113.0510951155434				
2021-10-25 07:00:00	20000	1.72	1.64	1.68	1.64	1.64	RAD.MI	1.37	1.4	1.34	1.34	1.59	1.27	-1.0	-1.0	-1.0	0	-1.0	-1.0	1.0	-1.0	-1.0	1.0	1.72		1.72						-1.0			1.72										-1.0			1.71	0.02	0.02	-1.27	0.01	0.01	-0.56	1.72	-1.27	0.0	0.0	111.26					1	-0.0	-0.0	-0.63	-0.0	-0.0	-0.3	-0.63	0.0	0.0	140.05					-0.02	-0.02	0.42	-0.01	-0.01	0.23	0.42	0.0	0.0	58.77					-0.02	-0.02	0.9	-0.01	-0.01	0.59	0.9	0.0	0.0	46.68					0.020000000000000018	0.020000000000000018	-0.019999999999999796	0.012048192771084376	0.01212136053234485	-0.012195121951217303	-0.019999999999999796	0.0023530952688850726	0.0023445225395941627	111.26387634311419				
2021-10-26 07:00:00	1000	1.64	1.64	1.64	1.64	1.64	RAD.MI	1.33	1.33	1.33	1.33	1.59	1.27	-1.0	-1.0	-1.0	0	-1.0	-1.0	1.0	-1.0	-1.0	1.0									-1.0			1.72										-1.0			1.71	-0.0	-0.0	-1.27	-0.0	-0.0	-0.56	1.72	-1.27	0.0	0.0	117.92					1	0.0	0.0	-0.63	0.0	0.0	-0.3	-0.63	0.0	0.0	148.55					0.0	0.0	0.42	0.0	0.0	0.23	0.42	0.0	0.0	57.73					0.0	0.0	0.9	0.0	0.0	0.59	0.9	0.0	0.0	52.55					-0.0	-0.0	-0.019999999999999796	-0.0	-0.0	-0.012195121951217303	-0.019999999999999796	0.0024606843594577087	0.0024524062737649732	117.91893477377869				
2021-10-27 07:00:00	17500	1.64	1.56	1.61	1.64	1.64	RAD.MI	1.31	1.34	1.27	1.34	1.59	1.27	-1.0	-1.0	-1.0	0	-1.0	-1.0	1.0	-1.0	-1.0	1.0		1.56							-1.0			1.72		1.27								-1.0			1.71	-0.0	-0.0	-1.27	-0.0	-0.0	-0.56	1.72	-1.27	0.0	0.0	117.28					1	0.0	0.0	-0.63	0.0	0.0	-0.3	-0.63	0.0	0.0	147.63					0.0	0.0	0.42	0.0	0.0	0.23	0.42	0.0	0.0	63.73					0.0	0.0	0.9	0.0	0.0	0.59	0.9	0.0	0.0	51.42					-0.0	-0.0	-0.019999999999999796	-0.0	-0.0	-0.012195121951217303	-0.019999999999999796	0.0024190888053208523	0.002410913152307348	117.27980496265134				
2021-10-28 07:00:00	0	1.64	1.64	1.64	1.64	1.64	RAD.MI	1.33	1.33	1.33	1.33	1.59	1.27	-1.0	-1.0	-1.0	0	-1.0	-1.0	1.0	-1.0	-1.0	1.0	1.64								-1.0			1.72	1.33									-1.0			1.71	-0.0	-0.0	-1.27	-0.0	-0.0	-0.56	1.72	-1.27	0.0	0.0	117.28					1	0.0	0.0	-0.63	0.0	0.0	-0.3	-0.63	0.0	0.0	147.63					0.0	0.0	0.42	0.0	0.0	0.23	0.42	0.0	0.0	63.73					0.0	0.0	0.9	0.0	0.0	0.59	0.9	0.0	0.0	51.42					-0.0	-0.0	-0.019999999999999796	-0.0	-0.0	-0.012195121951217303	-0.019999999999999796	0.0024190888053208523	0.002410913152307348	117.27980496265134				
2021-10-29 07:00:00	0	1.64	1.64	1.64	1.64	1.64	RAD.MI	1.33	1.33	1.33	1.33	1.59	1.27	-1.0	-1.0	-1.0	0	-1.0	-1.0	1.0	-1.0	-1.0	1.0									-1.0			1.72										-1.0			1.71	-0.0	-0.0	-1.27	-0.0	-0.0	-0.56	1.72	-1.27	0.0	0.0	129.02					1	0.0	0.0	-0.63	0.0	0.0	-0.3	-0.63	0.0	0.0	163.29					0.0	0.0	0.42	0.0	0.0	0.23	0.42	0.0	0.0	60.56					0.0	0.0	0.9	0.0	0.0	0.59	0.9	0.0	0.0	60.56					-0.0	-0.0	-0.019999999999999796	-0.0	-0.0	-0.012195121951217303	-0.019999999999999796	0.002554347333219323	0.002546662305714209	129.0235382078481				
2021-11-01 08:00:00	5000	1.62	1.61	1.62	1.61	1.61	RAD.MI	1.3	1.3	1.29	1.29	1.59	1.27	-1.0	-1.0	-1.0	0	-1.0	-1.0	1.0	-1.0	-1.0	1.0									-1.0			1.72										-1.0			1.71	0.03	0.03	-1.24	0.02	0.02	-0.55	1.72	-1.24	0.0	0.0	130.97					1	-0.0	-0.0	-0.63	-0.0	-0.0	-0.3	-0.63	0.0	0.0	163.29					-0.03	-0.03	0.39	-0.02	-0.02	0.2	0.39	0.0	0.0	51.04					-0.03	-0.03	0.87	-0.02	-0.02	0.56	0.87	0.0	0.0	51.04					0.029999999999999805	0.029999999999999805	0.010000000000000009	0.018292682926829174	0.01846206283973533	0.006211180124225724	0.010000000000000009	0.0026909665982333634	0.00268296137780788	130.96739606212512				
2021-11-02 08:00:00	0	1.61	1.61	1.61	1.61	1.61	RAD.MI	1.29	1.29	1.29	1.29	1.59	1.27	-1.0	-1.0	-1.0	0	-1.0	-1.0	1.0	-1.0	-1.0	1.0									-1.0			1.72										-1.0			1.71	-0.0	-0.0	-1.24	-0.0	-0.0	-0.55	1.72	-1.24	0.0	0.0	128.55					1	0.0	0.0	-0.63	0.0	0.0	-0.3	-0.63	0.0	0.0	159.47					0.0	0.0	0.39	0.0	0.0	0.2	0.39	0.0	0.0	61.79					0.0	0.0	0.87	0.0	0.0	0.56	0.87	0.0	0.0	61.79					-0.0	-0.0	0.010000000000000009	-0.0	-0.0	0.006211180124225724	0.010000000000000009	0.0025227775402594486	0.002515165576448597	128.55323983349214				
2021-11-03 08:00:00	3000	1.61	1.6	1.61	1.6	1.6	RAD.MI	1.28	1.28	1.28	1.28	1.59	1.27	-1.0	-1.0	-1.0	0	-1.0	-1.0	1.0	-1.0	-1.0	1.0		1.6							-1.0			1.72		1.28								-1.0			1.71	0.01	0.01	-1.23	0.01	0.01	-0.55	1.72	-1.23	0.0	0.0	141.87					1	-0.0	-0.0	-0.63	-0.0	-0.0	-0.3	-0.63	0.0	0.0	176.69					-0.01	-0.01	0.38	-0.01	-0.01	0.2	0.38	0.0	0.0	51.92					-0.01	-0.01	0.86	-0.01	-0.01	0.55	0.86	0.0	0.0	51.92					0.010000000000000009	0.010000000000000009	0.020000000000000018	0.006211180124223614	0.006230549750636086	0.012500000000002176	0.020000000000000018	0.002701181199667016	0.0026939439101114626	141.86831563253463				
2021-11-04 08:00:00	5500	1.64	1.62	1.63	1.62	1.62	RAD.MI	1.29	1.3	1.29	1.29	1.59	1.27	-1.0	-1.0	-1.0	0	-1.0	-1.0	1.0	-1.0	-1.0	1.0	1.64								-1.0			1.72	1.3									-1.0			1.71	-0.02	-0.02	-1.25	-0.01	-0.01	-0.56	1.72	-1.25	0.0	0.0	129.44					1	0.0	0.0	-0.63	0.0	0.0	-0.3	-0.63	0.0	0.0	173.62					0.02	0.02	0.4	0.01	0.01	0.21	0.4	0.0	0.0	64.11					0.02	0.02	0.88	0.01	0.01	0.57	0.88	0.0	0.0	64.11					-0.020000000000000018	-0.020000000000000018	0.0	-0.012499999999999956	-0.01242251999855711	2.220446049250313e-15	0.0	0.002454531776293266	0.0024471832868790955	129.44046807969949				
2021-11-05 08:00:00	22500	1.64	1.6	1.6	1.6	1.6	RAD.MI	1.26	1.29	1.26	1.26	1.59	1.26	-1.0	-1.0	-1.0	0	-1.0	-1.0	1.0	-1.0	-1.0	1.0									-1.0			1.72										-1.0			1.71	0.02	0.02	-1.23	0.01	0.01	-0.55	1.72	-1.23	0.0	0.0	130.85					1	-0.0	-0.0	-0.63	-0.0	-0.0	-0.3	-0.63	0.0	0.0	173.62					-0.02	-0.02	0.38	-0.01	-0.01	0.2	0.38	0.0	0.0	55.87					-0.02	-0.02	0.86	-0.01	-0.01	0.55	0.86	0.0	0.0	55.87					0.020000000000000018	0.020000000000000018	0.020000000000000018	0.012345679012345734	0.012422519998557209	0.012500000000002176	0.020000000000000018	0.002546458424282589	0.0025388999129585255	130.84920448376283				
2021-11-08 08:00:00	4000	1.6	1.59	1.6	1.59	1.59	RAD.MI	1.26	1.26	1.25	1.25	1.59	1.25	-1.0	-1.0	-1.0	0	-1.0	-1.0	1.0	-1.0	-1.0	1.0		1.59							-1.0			1.72		1.25								-1.0			1.71	0.01	0.01	-1.22	0.01	0.01	-0.55	1.72	-1.22	0.0	0.0	131.53					1	-0.0	-0.0	-0.63	-0.0	-0.0	-0.3	-0.63	0.0	0.0	173.62					-0.01	-0.01	0.37	-0.01	-0.01	0.19	0.37	0.0	0.0	49.58					-0.01	-0.01	0.85	-0.01	-0.01	0.54	0.85	0.0	0.0	49.58					0.010000000000000009	0.010000000000000009	0.030000000000000027	0.006249999999999978	0.006269613013595374	0.018867924528304103	0.030000000000000027	0.0025928535605831944	0.002585187932359956	131.53314220672186				
2021-11-09 08:00:00	8500	1.6	1.58	1.6	1.6	1.6	RAD.MI	1.27	1.27	1.26	1.27	1.59	1.25	-1.0	-1.0	-1.0	0	-1.0	-1.0	1.0	-1.0	-1.0	1.0									-1.0			1.72	1.27									-1.0			1.71	-0.01	-0.01	-1.23	-0.01	-0.01	-0.55	1.72	-1.23	0.0	0.0	124.21					1	0.0	0.0	-0.63	0.0	0.0	-0.3	-0.63	0.0	0.0	173.62					0.01	0.01	0.38	0.01	0.01	0.2	0.38	0.0	0.0	50.88					0.01	0.01	0.86	0.01	0.01	0.55	0.86	0.0	0.0	50.88					-0.010000000000000009	-0.010000000000000009	0.020000000000000018	-0.0062893081761006275	-0.006269613013595395	0.012500000000002176	0.020000000000000018	0.0024866715189626664	0.0024787078690564623	124.20561749805401				
2021-11-10 08:00:00	16000	1.61	1.57	1.58	1.61	1.61	RAD.MI	1.25	1.28	1.24	1.28	1.59	1.24	-1.0	-1.0	-1.0	0	-1.0	-1.0	1.0	-1.0	-1.0	1.0	1.61								-1.0			1.72										-1.0			1.71	-0.01	-0.01	-1.24	-0.01	-0.01	-0.55	1.72	-1.24	0.0	0.0	114.96					1	0.0	0.0	-0.63	0.0	0.0	-0.3	-0.63	0.0	0.0	170.15					0.01	0.01	0.39	0.01	0.01	0.2	0.39	0.0	0.0	61.59					0.01	0.01	0.87	0.01	0.01	0.56	0.87	0.0	0.0	61.59					-0.010000000000000009	-0.010000000000000009	0.010000000000000009	-0.006250000000000089	-0.006230549750636163	0.006211180124225724	0.010000000000000009	0.002254124384350246	0.0022461793218766513	114.963809119726				
2021-11-11 08:00:00	10000	1.6	1.56	1.6	1.59	1.59	RAD.MI	1.26	1.26	1.23	1.26	1.59	1.23	-1.0	-1.0	-1.0	0	-1.0	-1.0	1.0	-1.0	-1.0	1.0		1.56							-1.0			1.72		1.23								-1.0			1.71	0.02	0.02	-1.22	0.01	0.01	-0.55	1.72	-1.22	0.0	0.0	123.48					1	-0.0	-0.0	-0.63	-0.0	-0.0	-0.3	-0.63	0.0	0.0	180.57					-0.02	-0.02	0.37	-0.01	-0.01	0.19	0.37	0.0	0.0	52.31					-0.02	-0.02	0.85	-0.01	-0.01	0.54	0.85	0.0	0.0	52.31					0.020000000000000018	0.020000000000000018	0.030000000000000027	0.012422360248447228	0.012500162764231494	0.018867924528304103	0.030000000000000027	0.002449883985857335	0.002441999555197194	123.47751291610456				
2021-11-12 08:00:00	5000	1.6	1.6	1.6	1.6	1.6	RAD.MI	1.26	1.26	1.26	1.26	1.59	1.23	-1.0	-1.0	-1.0	0	-1.0	-1.0	1.0	-1.0	-1.0	1.0									-1.0			1.72	1.26									-1.0			1.71	-0.01	-0.01	-1.23	-0.01	-0.01	-0.55	1.72	-1.23	0.0	0.0	112.58					1	0.0	0.0	-0.63	0.0	0.0	-0.3	-0.63	0.0	0.0	174.06					0.01	0.01	0.38	0.01	0.01	0.2	0.38	0.0	0.0	66.94					0.01	0.01	0.86	0.01	0.01	0.55	0.86	0.0	0.0	66.94					-0.010000000000000009	-0.010000000000000009	0.020000000000000018	-0.0062893081761006275	-0.006269613013595395	0.012500000000002176	0.020000000000000018	0.002130492433028641	0.002122840510391688	112.581530714791				
2021-11-15 08:00:00	0	1.6	1.6	1.6	1.6	1.6	RAD.MI	1.25	1.25	1.25	1.25	1.59	1.23	-1.0	-1.0	-1.0	0	-1.0	-1.0	1.0	-1.0	-1.0	1.0	1.6								-1.0			1.72		1.25								-1.0			1.71	-0.0	-0.0	-1.23	-0.0	-0.0	-0.55	1.72	-1.23	0.0	0.0	130.7					1	0.0	0.0	-0.63	0.0	0.0	-0.3	-0.63	0.0	0.0	204.99					0.0	0.0	0.38	0.0	0.0	0.2	0.38	0.0	0.0	60.83					0.0	0.0	0.86	0.0	0.0	0.55	0.86	0.0	0.0	60.83					-0.0	-0.0	0.020000000000000018	-0.0	-0.0	0.012500000000002176	0.020000000000000018	0.002297252974495817	0.002290270979434572	130.7043262116444				
2021-11-16 08:00:00	3500	1.6	1.6	1.6	1.6	1.6	RAD.MI	1.26	1.26	1.26	1.26	1.59	1.23	-1.0	-1.0	-1.0	0	-1.0	-1.0	1.0	-1.0	-1.0	1.0									-1.0			1.72	1.26									-1.0			1.71	-0.0	-0.0	-1.23	-0.0	-0.0	-0.55	1.72	-1.23	0.0	0.0	129.94					1	0.0	0.0	-0.63	0.0	0.0	-0.3	-0.63	0.0	0.0	203.61					0.0	0.0	0.38	0.0	0.0	0.2	0.38	0.0	0.0	67.54					0.0	0.0	0.86	0.0	0.0	0.55	0.86	0.0	0.0	67.54					-0.0	-0.0	0.020000000000000018	-0.0	-0.0	0.012500000000002176	0.020000000000000018	0.0022546872562270257	0.002247801505669278	129.94060677327542				
2021-11-17 08:00:00	7500	1.58	1.54	1.58	1.57	1.57	RAD.MI	1.24	1.24	1.21	1.23	1.59	1.21	-1.0	-1.0	-1.0	-1	-1.0	-1.0	1.0	-1.0	-1.0	1.0		1.54							-1.0			1.72		1.21		1.21						-1.0			1.71	0.03	0.03	-1.2	0.02	0.02	-0.54	1.72	-1.2	0.0	0.0	132.35					1	-0.0	-0.0	-0.63	-0.0	-0.0	-0.3	-0.63	0.0	0.0	203.61					-0.03	-0.03	0.35	-0.02	-0.02	0.17	0.35	0.0	0.0	56.74					-0.03	-0.03	0.83	-0.02	-0.02	0.52	0.83	0.0	0.0	56.74					0.030000000000000027	0.030000000000000027	0.050000000000000044	0.018750000000000044	0.01892800988551891	0.031847133757964	0.050000000000000044	0.0023928617283913147	0.002385661127900063	132.35067371218332				
2021-11-18 08:00:00	1500	1.56	1.56	1.56	1.56	1.56	RAD.MI	1.23	1.23	1.23	1.23	1.59	1.21	-1.0	-1.0	-1.0	-1	-1.0	-1.0	1.0	-1.0	-1.0	1.0									-1.0			1.72										-1.0			1.71	0.01	0.01	-1.19	0.01	0.01	-0.54	1.72	-1.19	0.0	0.0	156.77					1	0.01	0.01	-0.62	0.01	0.01	-0.3	-0.62	0.0	0.0	247.81					-0.01	-0.01	0.34	-0.01	-0.01	0.17	0.34	0.0	0.0	41.43					-0.01	-0.01	0.82	-0.01	-0.01	0.51	0.82	0.0	0.0	41.43					0.010000000000000009	0.010000000000000009	0.06000000000000005	0.006369426751592355	0.00638979809877101	0.03846153846154077	0.06000000000000005	0.002615278682221154	0.002608705623498242	156.76853663450137				
2021-11-19 08:00:00	3500	1.59	1.56	1.59	1.56	1.56	RAD.MI	1.27	1.27	1.25	1.25	1.59	1.21	-1.0	-1.0	-1.0	-1	-1.0	-1.0	1.0	-1.0	-1.0	1.0	1.59								-1.0			1.72	1.27									-1.0			1.71	-0.0	-0.0	-1.19	-0.0	-0.0	-0.54	1.72	-1.19	0.0	0.0	156.77					1	-0.0	-0.0	-0.62	-0.0	-0.0	-0.3	-0.62	0.0	0.0	247.81					0.0	0.0	0.34	0.0	0.0	0.17	0.34	0.0	0.0	41.43					0.0	0.0	0.82	0.0	0.0	0.51	0.82	0.0	0.0	41.43					-0.0	-0.0	0.06000000000000005	-0.0	-0.0	0.03846153846154077	0.06000000000000005	0.002615278682221154	0.002608705623498242	156.76853663450137				
2021-11-22 08:00:00	7500	1.57	1.52	1.53	1.57	1.57	RAD.MI	1.22	1.25	1.21	1.25	1.59	1.21	-1.0	-1.0	-1.0	-1	-1.0	-1.0	1.0	-1.0	-1.0	1.0									-1.0			1.72										-1.0			1.71	-0.01	-0.01	-1.2	-0.01	-0.01	-0.54	1.64	-1.2	0.0	0.0	148.08					1	-0.01	-0.01	-0.63	-0.01	-0.01	-0.3	-0.63	0.0	0.0	233.3					0.01	0.01	0.35	0.01	0.01	0.17	0.35	0.0	0.0	43.17					0.01	0.01	0.83	0.01	0.01	0.52	0.83	0.0	0.0	43.17					-0.010000000000000009	-0.010000000000000009	0.050000000000000044	-0.0064102564102563875	-0.006389798098770988	0.031847133757964	0.050000000000000044	0.0025153674750378187	0.0025085292749948973	148.07727685854235				
2021-11-23 08:00:00	1000	1.52	1.52	1.52	1.52	1.52	RAD.MI	1.23	1.23	1.23	1.23	1.59	1.21	-1.0	-1.0	-1.0	-1	-1.0	-1.0	1.0	-1.0	-1.0	1.0		1.52							-1.0			1.72		1.23								-1.0			1.71	0.05	0.05	-1.15	0.03	0.03	-0.53	1.64	-1.15	0.0	0.0	148.52					1	0.05	0.05	-0.58	0.03	0.03	-0.28	-0.58	0.0	0.0	234.14					-0.05	-0.05	0.3	-0.03	-0.03	0.14	0.3	0.0	0.0	42.1					-0.05	-0.05	0.78	-0.03	-0.03	0.48	0.78	0.0	0.0	42.1					0.050000000000000044	0.050000000000000044	0.10000000000000009	0.031847133757961776	0.03236528450203166	0.06578947368421284	0.10000000000000009	0.0025424506848519034	0.00253555154342866	148.5151564754457				
2021-11-24 08:00:00	8500	1.6	1.52	1.57	1.52	1.52	RAD.MI	1.26	1.29	1.22	1.22	1.59	1.21	-1.0	-1.0	-1.0	-1	-1.0	-1.0	1.0	-1.0	-1.0	1.0									-1.0			1.72										-1.0			1.71	-0.0	-0.0	-1.15	-0.0	-0.0	-0.53	1.64	-1.15	0.0	0.0	156.83					1	-0.0	-0.0	-0.58	-0.0	-0.0	-0.28	-0.58	0.0	0.0	247.92					0.0	0.0	0.3	0.0	0.0	0.14	0.3	0.0	0.0	40.52					0.0	0.0	0.78	0.0	0.0	0.48	0.78	0.0	0.0	40.52					-0.0	-0.0	0.10000000000000009	-0.0	-0.0	0.06578947368421284	0.10000000000000009	0.002641191925831847	0.0026345503387310565	156.83307597027647				
2021-11-25 08:00:00	3000	1.56	1.54	1.54	1.56	1.56	RAD.MI	1.24	1.26	1.24	1.26	1.59	1.21	-1.0	-1.0	-1.0	-1	-1.0	-1.0	1.0	-1.0	-1.0	1.0									-1.0			1.72										-1.0			1.71	-0.04	-0.04	-1.19	-0.03	-0.03	-0.54	1.64	-1.19	0.0	0.0	133.09					1	-0.04	-0.04	-0.62	-0.03	-0.03	-0.3	-0.62	0.0	0.0	204.33					0.04	0.04	0.34	0.03	0.03	0.17	0.34	0.0	0.0	63.01					0.04	0.04	0.82	0.03	0.03	0.51	0.82	0.0	0.0	63.01					-0.040000000000000036	-0.040000000000000036	0.06000000000000005	-0.026315789473684292	-0.025975486403260736	0.03846153846154077	0.06000000000000005	0.002230295280119305	0.0022236414610323774	133.08618582307264				
2021-11-26 08:00:00	29500	1.6	1.5	1.52	1.6	1.6	RAD.MI	1.28	1.35	1.27	1.35	1.59	1.21	-1.0	-1.0	1.0	-1	-1.0	-1.0	1.0	-1.0	-1.0	1.0									-1.0			1.72										-1.0			1.71	-0.04	-0.04	-1.23	-0.03	-0.03	-0.55	1.64	-1.23	0.0	0.0	138.36					1	-0.04	-0.04	-0.66	-0.03	-0.03	-0.32	-0.66	0.0	0.0	214.24					0.04	0.04	0.38	0.03	0.03	0.2	0.38	0.0	0.0	60.63					0.04	0.04	0.86	0.03	0.03	0.55	0.86	0.0	0.0	60.63					-0.040000000000000036	-0.040000000000000036	0.020000000000000018	-0.025641025641025772	-0.02531780798429	0.012500000000001954	0.020000000000000018	0.002257241210180487	0.002250748437844008	138.35953849422015				
2021-11-29 08:00:00	0	1.6	1.6	1.6	1.6	1.6	RAD.MI	1.34	1.34	1.34	1.34	1.59	1.21	-1.0	-1.0	1.0	-1	-1.0	-1.0	1.0	-1.0	-1.0	1.0									-1.0			1.72										-1.0			1.71	-0.0	-0.0	-1.23	-0.0	-0.0	-0.55	1.64	-1.23	0.0	0.0	138.36					1	-0.0	-0.0	-0.66	-0.0	-0.0	-0.32	-0.66	0.0	0.0	214.24					0.0	0.0	0.38	0.0	0.0	0.2	0.38	0.0	0.0	60.63					0.0	0.0	0.86	0.0	0.0	0.55	0.86	0.0	0.0	60.63					-0.0	-0.0	0.020000000000000018	-0.0	-0.0	0.012500000000001954	0.020000000000000018	0.002257241210180487	0.002250748437844008	138.35953849422015				
2021-11-30 08:00:00	0	1.6	1.6	1.6	1.6	1.6	RAD.MI	1.35	1.35	1.35	1.35	1.59	1.21	-1.0	-1.0	1.0	-1	-1.0	-1.0	1.0	-1.0	-1.0	1.0	1.6								-1.0			1.72	1.35		1.35							-1.0			1.71	-0.0	-0.0	-1.23	-0.0	-0.0	-0.55	1.64	-1.23	0.0	0.0	138.36					1	-0.0	-0.0	-0.66	-0.0	-0.0	-0.32	-0.66	0.0	0.0	214.24					0.0	0.0	0.38	0.0	0.0	0.2	0.38	0.0	0.0	60.63					0.0	0.0	0.86	0.0	0.0	0.55	0.86	0.0	0.0	60.63					-0.0	-0.0	0.020000000000000018	-0.0	-0.0	0.012500000000001954	0.020000000000000018	0.002257241210180487	0.002250748437844008	138.35953849422015				
2021-12-01 08:00:00	0	1.6	1.6	1.6	1.6	1.6	RAD.MI	1.32	1.32	1.32	1.32	1.59	1.21	-1.0	-1.0	1.0	-1	-1.0	-1.0	1.0	-1.0	-1.0	1.0									-1.0			1.72										-1.0			1.71	-0.0	-0.0	-1.23	-0.0	-0.0	-0.55	1.64	-1.23	0.0	0.0	146.56					1	-0.0	-0.0	-0.66	-0.0	-0.0	-0.32	-0.66	0.0	0.0	227.84					0.0	0.0	0.38	0.0	0.0	0.2	0.38	0.0	0.0	59.19					0.0	0.0	0.86	0.0	0.0	0.55	0.86	0.0	0.0	59.19					-0.0	-0.0	0.020000000000000018	-0.0	-0.0	0.012500000000001954	0.020000000000000018	0.002353385638698851	0.0023471374332704187	146.5561079723633				
2021-12-02 08:00:00	4000	1.56	1.53	1.55	1.53	1.53	RAD.MI	1.3	1.31	1.28	1.28	1.59	1.21	-1.0	-1.0	1.0	-1	-1.0	-1.0	1.0	-1.0	-1.0	1.0									-1.0			1.72										-1.0			1.71	0.07	0.07	-1.16	0.04	0.04	-0.53	1.64	-1.16	0.0	0.0	147.8					1	0.07	0.07	-0.59	0.04	0.04	-0.29	-0.59	0.0	0.0	230.4					-0.07	-0.07	0.31	-0.04	-0.04	0.14	0.31	0.0	0.0	56.0					-0.07	-0.07	0.79	-0.04	-0.04	0.49	0.79	0.0	0.0	56.0					0.07000000000000006	0.07000000000000006	0.09000000000000008	0.04375000000000007	0.04473589384139153	0.05882352941176694	0.09000000000000008	0.0024247554865217498	0.002418357080366862	147.79635602905256				
2021-12-03 08:00:00	5500	1.52	1.5	1.52	1.5	1.5	RAD.MI	1.28	1.28	1.26	1.26	1.59	1.21	-1.0	-1.0	1.0	-1	-1.0	-1.0	1.0	-1.0	-1.0	1.0		1.5							-1.0			1.72		1.26								-1.0			1.71	0.03	0.03	-1.13	0.02	0.02	-0.52	1.61	-1.13	0.0	0.0	150.18					1	0.03	0.03	-0.56	0.02	0.02	-0.27	-0.56	0.0	0.0	235.12					-0.03	-0.03	0.28	-0.02	-0.02	0.12	0.28	0.0	0.0	44.96					-0.03	-0.03	0.76	-0.02	-0.02	0.46	0.76	0.0	0.0	44.96					0.030000000000000027	0.030000000000000027	0.1200000000000001	0.019607843137254943	0.019802627296179754	0.08000000000000229	0.1200000000000001	0.00257129492851348	0.0025645825518956222	150.18478056965833				
2021-12-06 08:00:00	3000	1.6	1.53	1.53	1.6	1.6	RAD.MI	1.26	1.32	1.26	1.32	1.53	1.21	-1.0	-1.0	1.0	-1	-1.0	-1.0	1.0	-1.0	-1.0	1.0									-1.0			1.72	1.32									-1.0			1.71	-0.1	-0.1	-1.23	-0.07	-0.06	-0.55	1.61	-1.23	0.0	0.0	114.63					1	-0.1	-0.1	-0.66	-0.07	-0.06	-0.32	-0.66	0.0	0.0	171.95					0.1	0.1	0.38	0.07	0.06	0.2	0.38	0.0	0.0	59.25					0.1	0.1	0.86	0.07	0.06	0.55	0.86	0.0	0.0	59.25					-0.10000000000000009	-0.10000000000000009	0.020000000000000018	-0.06666666666666665	-0.06453852113757116	0.012500000000002176	0.020000000000000018	0.0023135137755262688	0.002305530996939087	114.63288481205797				
2021-12-07 08:00:00	10000	1.63	1.52	1.54	1.63	1.63	RAD.MI	1.24	1.31	1.22	1.31	1.5	1.21	-1.0	-1.0	1.0	0	-1.0	-1.0	1.0	-1.0	-1.0	1.0									-1.0			1.72		1.22		1.22						-1.0			1.71	-0.03	-0.03	-1.26	-0.02	-0.02	-0.56	1.63	-1.26	0.0	0.0	109.68					1	-0.03	-0.03	-0.69	-0.02	-0.02	-0.33	-0.69	0.0	0.0	163.39					0.03	0.03	0.41	0.02	0.02	0.22	0.41	0.0	0.0	61.55					0.03	0.03	0.89	0.02	0.02	0.58	0.89	0.0	0.0	61.55					-0.029999999999999805	-0.029999999999999805	-0.009999999999999787	-0.018749999999999822	-0.018576385572935238	-0.006134969325151118	-0.009999999999999787	0.002279381320382843	0.002271172062257465	109.68302856356814				
2021-12-08 08:00:00	4000	1.63	1.58	1.59	1.6	1.6	RAD.MI	1.3	1.33	1.29	1.31	1.5	1.21	-1.0	-1.0	1.0	0	-1.0	-1.0	1.0	-1.0	-1.0	1.0	1.63								-1.0			1.72	1.33		1.33							-1.0			1.71	0.03	0.03	-1.23	0.02	0.02	-0.55	1.63	-1.23	0.0	0.0	111.83					1	-0.0	-0.0	-0.69	-0.0	-0.0	-0.33	-0.69	0.0	0.0	163.39					-0.03	-0.03	0.38	-0.02	-0.02	0.2	0.38	0.0	0.0	52.0					-0.03	-0.03	0.86	-0.02	-0.02	0.55	0.86	0.0	0.0	52.0					0.029999999999999805	0.029999999999999805	0.020000000000000018	0.018404907975460016	0.018576385572935304	0.012500000000002176	0.020000000000000018	0.00241498893506527	0.0024064426843555253	111.82855423604386				
2021-12-09 08:00:00	7000	1.59	1.55	1.57	1.55	1.55	RAD.MI	1.28	1.29	1.26	1.26	1.49	1.21	-1.0	-1.0	1.0	0	-1.0	-1.0	1.0	-1.0	-1.0	1.0									-1.0			1.72										-1.0			1.71	0.05	0.05	-1.18	0.03	0.03	-0.54	1.63	-1.18	0.0	0.0	121.64					1	-0.0	-0.0	-0.69	-0.0	-0.0	-0.33	-0.69	0.0	0.0	173.7					-0.05	-0.05	0.33	-0.03	-0.03	0.16	0.33	0.0	0.0	38.71					-0.05	-0.05	0.81	-0.03	-0.03	0.5	0.81	0.0	0.0	38.71					0.050000000000000044	0.050000000000000044	0.07000000000000006	0.03125	0.0317486983145803	0.04516129032258287	0.07000000000000006	0.0027583713817159864	0.002749560454673894	121.63730245815114				
2021-12-10 08:00:00	0	1.55	1.55	1.55	1.55	1.55	RAD.MI	1.27	1.27	1.27	1.27	1.49	1.21	-1.0	-1.0	1.0	0	-1.0	-1.0	1.0	-1.0	-1.0	1.0									-1.0			1.72										-1.0			1.71	-0.0	-0.0	-1.18	-0.0	-0.0	-0.54	1.63	-1.18	0.0	0.0	121.64					1	0.0	0.0	-0.69	0.0	0.0	-0.33	-0.69	0.0	0.0	173.7					0.0	0.0	0.33	0.0	0.0	0.16	0.33	0.0	0.0	38.71					0.0	0.0	0.81	0.0	0.0	0.5	0.81	0.0	0.0	38.71					-0.0	-0.0	0.07000000000000006	-0.0	-0.0	0.04516129032258287	0.07000000000000006	0.0027583713817159864	0.002749560454673894	121.63730245815114				
2021-12-13 08:00:00	0	1.55	1.55	1.55	1.55	1.55	RAD.MI	1.27	1.27	1.27	1.27	1.49	1.21	-1.0	-1.0	1.0	0	-1.0	-1.0	1.0	-1.0	-1.0	1.0									-1.0			1.72										-1.0			1.71	-0.0	-0.0	-1.18	-0.0	-0.0	-0.54	1.63	-1.18	0.0	0.0	128.24					1	0.0	0.0	-0.69	0.0	0.0	-0.33	-0.69	0.0	0.0	184.23					0.0	0.0	0.33	0.0	0.0	0.16	0.33	0.0	0.0	37.56					0.0	0.0	0.81	0.0	0.0	0.5	0.81	0.0	0.0	37.56					-0.0	-0.0	0.07000000000000006	-0.0	-0.0	0.04516129032258287	0.07000000000000006	0.002868721879557853	0.0028602403062327753	128.24359026847426				
2021-12-14 08:00:00	10000	1.53	1.49	1.52	1.5	1.5	RAD.MI	1.25	1.26	1.23	1.23	1.47	1.21	-1.0	-1.0	1.0	-1	-1.0	-1.0	1.0	-1.0	-1.0	1.0		1.49							-1.0			1.72		1.23								-1.0			1.71	0.05	0.05	-1.13	0.03	0.03	-0.52	1.63	-1.13	0.0	0.0	131.05					1	-0.0	-0.0	-0.69	-0.0	-0.0	-0.33	-0.69	0.0	0.0	184.23					-0.05	-0.05	0.28	-0.03	-0.03	0.12	0.28	0.0	0.0	26.25					-0.05	-0.05	0.76	-0.03	-0.03	0.46	0.76	0.0	0.0	26.25					0.050000000000000044	0.050000000000000044	0.1200000000000001	0.032258064516129115	0.032789822822990956	0.08000000000000251	0.1200000000000001	0.0031146455507302844	0.003105570261092483	131.04677250393317				
2021-12-15 08:00:00	9500	1.54	1.5	1.5	1.54	1.54	RAD.MI	1.23	1.26	1.23	1.26	1.47	1.21	-1.0	-1.0	1.0	-1	-1.0	-1.0	1.0	-1.0	-1.0	1.0	1.54								-1.0			1.72	1.26									-1.0			1.71	-0.04	-0.04	-1.17	-0.03	-0.03	-0.53	1.63	-1.17	0.0	0.0	114.75					1	-0.04	-0.04	-0.73	-0.03	-0.03	-0.35	-0.73	0.0	0.0	154.77					0.04	0.04	0.32	0.03	0.03	0.15	0.32	0.0	0.0	40.39					0.04	0.04	0.8	0.03	0.03	0.5	0.8	0.0	0.0	40.39					-0.040000000000000036	-0.040000000000000036	0.08000000000000007	-0.026666666666666616	-0.026317308317373358	0.05194805194805441	0.08000000000000007	0.0027726842733214884	0.0027633195720244697	114.74983048203222				
2021-12-16 08:00:00	4500	1.54	1.5	1.54	1.5	1.5	RAD.MI	1.26	1.26	1.22	1.22	1.47	1.21	-1.0	-1.0	1.0	-1	-1.0	-1.0	1.0	-1.0	-1.0	1.0									-1.0			1.72		1.22								-1.0			1.71	0.04	0.04	-1.13	0.03	0.03	-0.52	1.63	-1.13	0.0	0.0	127.82					1	0.04	0.04	-0.69	0.03	0.03	-0.33	-0.69	0.0	0.0	178.83					-0.04	-0.04	0.28	-0.03	-0.03	0.12	0.28	0.0	0.0	27.41					-0.04	-0.04	0.76	-0.03	-0.03	0.46	0.76	0.0	0.0	27.41					0.040000000000000036	0.040000000000000036	0.1200000000000001	0.025974025974025983	0.026317308317373417	0.08000000000000251	0.1200000000000001	0.0031132205732566334	0.003103937855693406	127.81580361024862				
2021-12-17 08:00:00	0	1.5	1.5	1.5	1.5	1.5	RAD.MI	1.23	1.23	1.23	1.23	1.47	1.21	-1.0	-1.0	1.0	-1	-1.0	-1.0	1.0	-1.0	-1.0	1.0									-1.0			1.72										-1.0			1.71	-0.0	-0.0	-1.13	-0.0	-0.0	-0.52	1.63	-1.13	0.0	0.0	127.82					1	-0.0	-0.0	-0.69	-0.0	-0.0	-0.33	-0.69	0.0	0.0	178.83					0.0	0.0	0.28	0.0	0.0	0.12	0.28	0.0	0.0	27.41					0.0	0.0	0.76	0.0	0.0	0.46	0.76	0.0	0.0	27.41					-0.0	-0.0	0.1200000000000001	-0.0	-0.0	0.08000000000000251	0.1200000000000001	0.0031132205732566334	0.003103937855693406	127.81580361024862				
2021-12-20 08:00:00	0	1.5	1.5	1.5	1.5	1.5	RAD.MI	1.25	1.25	1.25	1.25	1.47	1.21	-1.0	-1.0	1.0	-1	-1.0	-1.0	1.0	-1.0	-1.0	1.0									-1.0			1.72	1.25									-1.0			1.71	-0.0	-0.0	-1.13	-0.0	-0.0	-0.52	1.63	-1.13	0.0	0.0	126.35					1	-0.0	-0.0	-0.69	-0.0	-0.0	-0.33	-0.69	0.0	0.0	174.93					0.0	0.0	0.28	0.0	0.0	0.12	0.28	0.0	0.0	35.25					0.0	0.0	0.76	0.0	0.0	0.46	0.76	0.0	0.0	35.25					-0.0	-0.0	0.1200000000000001	-0.0	-0.0	0.08000000000000251	0.1200000000000001	0.0029796858885053333	0.0029707317602658545	126.35015317971846				
2021-12-21 08:00:00	10000	1.51	1.48	1.49	1.5	1.5	RAD.MI	1.22	1.24	1.21	1.23	1.47	1.21	-1.0	-1.0	-1.0	-1	-1.0	-1.0	1.0	-1.0	-1.0	1.0		1.48							-1.0			1.72										-1.0			1.71	-0.0	-0.0	-1.13	-0.0	-0.0	-0.52	1.63	-1.13	0.0	0.0	132.93					1	-0.0	-0.0	-0.69	-0.0	-0.0	-0.33	-0.69	0.0	0.0	185.7					0.0	0.0	0.28	0.0	0.0	0.12	0.28	0.0	0.0	34.1					0.0	0.0	0.76	0.0	0.0	0.46	0.76	0.0	0.0	34.1					-0.0	-0.0	0.1200000000000001	-0.0	-0.0	0.08000000000000251	0.1200000000000001	0.0030917300211490556	0.003083125580407353	132.9260238795736				
2021-12-22 08:00:00	3000	1.5	1.5	1.5	1.5	1.5	RAD.MI	1.22	1.22	1.22	1.22	1.47	1.21	-1.0	-1.0	-1.0	-1	-1.0	-1.0	1.0	-1.0	-1.0	1.0									-1.0			1.72										-1.0			1.71	-0.0	-0.0	-1.13	-0.0	-0.0	-0.52	1.63	-1.13	0.0	0.0	132.43					1	-0.0	-0.0	-0.69	-0.0	-0.0	-0.33	-0.69	0.0	0.0	184.35					0.0	0.0	0.28	0.0	0.0	0.12	0.28	0.0	0.0	39.61					0.0	0.0	0.76	0.0	0.0	0.46	0.76	0.0	0.0	39.61					-0.0	-0.0	0.1200000000000001	-0.0	-0.0	0.08000000000000251	0.1200000000000001	0.0030463567520516268	0.0030378575649072648	132.43331097211177				
2021-12-23 08:00:00	0	1.5	1.5	1.5	1.5	1.5	RAD.MI	1.21	1.21	1.21	1.21	1.47	1.21	-1.0	-1.0	-1.0	-1	-1.0	-1.0	1.0	-1.0	-1.0	1.0									-1.0			1.72		1.21								-1.0			1.71	-0.0	-0.0	-1.13	-0.0	-0.0	-0.52	1.63	-1.13	0.0	0.0	152.73					1	-0.0	-0.0	-0.69	-0.0	-0.0	-0.33	-0.69	0.0	0.0	219.51					0.0	0.0	0.28	0.0	0.0	0.12	0.28	0.0	0.0	32.29					0.0	0.0	0.76	0.0	0.0	0.46	0.76	0.0	0.0	32.29					-0.0	-0.0	0.1200000000000001	-0.0	-0.0	0.08000000000000251	0.1200000000000001	0.003224063349316794	0.0032164050035643488	152.72702680593326				
2021-12-27 08:00:00	3000	1.53	1.51	1.51	1.53	1.53	RAD.MI	1.21	1.23	1.21	1.23	1.47	1.21	-1.0	-1.0	-1.0	-1	-1.0	-1.0	1.0	-1.0	-1.0	1.0									-1.0			1.72	1.23									-1.0			1.71	-0.03	-0.03	-1.16	-0.02	-0.02	-0.53	1.63	-1.16	0.0	0.0	139.07					1	-0.03	-0.03	-0.72	-0.02	-0.02	-0.34	-0.72	0.0	0.0	195.95					0.03	0.03	0.31	0.02	0.02	0.14	0.31	0.0	0.0	36.55					0.03	0.03	0.79	0.02	0.02	0.49	0.79	0.0	0.0	36.55					-0.030000000000000027	-0.030000000000000027	0.09000000000000008	-0.020000000000000018	-0.01980262729617973	0.05882352941176716	0.09000000000000008	0.0030835451235352524	0.003075317379841014	139.07406804214958				
2021-12-28 08:00:00	0	1.53	1.53	1.53	1.53	1.53	RAD.MI	1.22	1.22	1.22	1.22	1.47	1.21	-1.0	-1.0	-1.0	-1	-1.0	-1.0	1.0	-1.0	-1.0	1.0	1.53								-1.0			1.72										-1.0			1.71	-0.0	-0.0	-1.16	-0.0	-0.0	-0.53	1.63	-1.16	0.0	0.0	136.49					1	-0.0	-0.0	-0.72	-0.0	-0.0	-0.34	-0.72	0.0	0.0	188.37					0.0	0.0	0.31	0.0	0.0	0.14	0.31	0.0	0.0	47.95					0.0	0.0	0.79	0.0	0.0	0.49	0.79	0.0	0.0	47.95					-0.0	-0.0	0.09000000000000008	-0.0	-0.0	0.05882352941176716	0.09000000000000008	0.0028606552488168995	0.0028529268737722546	136.48516193237842				
2021-12-29 08:00:00	6500	1.55	1.49	1.53	1.52	1.52	RAD.MI	1.22	1.24	1.19	1.21	1.47	1.19	-1.0	-1.0	-1.0	-1	-1.0	-1.0	1.0	-1.0	-1.0	1.0									-1.0			1.72										-1.0			1.71	0.01	0.01	-1.15	0.01	0.01	-0.53	1.63	-1.15	0.0	0.0	136.54					1	0.01	0.01	-0.71	0.01	0.01	-0.34	-0.71	0.0	0.0	188.54					-0.01	-0.01	0.3	-0.01	-0.01	0.14	0.3	0.0	0.0	47.8					-0.01	-0.01	0.78	-0.01	-0.01	0.48	0.78	0.0	0.0	47.8					0.010000000000000009	0.010000000000000009	0.10000000000000009	0.006535947712418277	0.006557400546159052	0.06578947368421284	0.10000000000000009	0.00286511822387028	0.002857380002640797	136.53993558661864				
2021-12-30 08:00:00	17500	1.5	1.43	1.5	1.5	1.5	RAD.MI	1.2	1.2	1.14	1.2	1.47	1.14	-1.0	-1.0	-1.0	-1	-1.0	-1.0	1.0	-1.0	-1.0	1.0		1.43		1.43					-1.0			1.72		1.14		1.14						-1.0			1.71	0.02	0.02	-1.13	0.01	0.01	-0.52	1.63	-1.13	0.0	0.0	137.74					1	0.02	0.02	-0.69	0.01	0.01	-0.33	-0.69	0.0	0.0	192.17					-0.02	-0.02	0.28	-0.01	-0.01	0.12	0.28	0.0	0.0	40.15					-0.02	-0.02	0.76	-0.01	-0.01	0.46	0.76	0.0	0.0	40.15					0.020000000000000018	0.020000000000000018	0.1200000000000001	0.013157894736842146	0.01324522675002068	0.08000000000000251	0.1200000000000001	0.0029657819471704374	0.0029578199836104435	137.74255789478235				
2022-01-03 08:00:00	3500	1.51	1.5	1.5	1.51	1.51	RAD.MI	1.18	1.19	1.18	1.19	1.47	1.14	-1.0	-1.0	-1.0	-1	-1.0	-1.0	1.0	-1.0	-1.0	1.0									-1.0			1.72	1.19									-1.0			1.71	-0.01	-0.01	-1.14	-0.01	-0.01	-0.53	1.63	-1.14	0.0	0.0	137.44					1	-0.01	-0.01	-0.7	-0.01	-0.01	-0.33	-0.7	0.0	0.0	191.64					0.01	0.01	0.29	0.01	0.01	0.13	0.29	0.0	0.0	40.29					0.01	0.01	0.77	0.01	0.01	0.47	0.77	0.0	0.0	40.29					-0.010000000000000009	-0.010000000000000009	0.1100000000000001	-0.006666666666666599	-0.006644542718668511	0.07284768211920789	0.1100000000000001	0.002964163445413242	0.0029561899513301793	137.44319693865657				
2022-01-04 08:00:00	0	1.51	1.51	1.51	1.51	1.51	RAD.MI	1.18	1.18	1.18	1.18	1.47	1.14	-1.0	-1.0	-1.0	-1	-1.0	-1.0	1.0	-1.0	-1.0	1.0	1.51								-1.0			1.72										-1.0			1.71	-0.0	-0.0	-1.14	-0.0	-0.0	-0.53	1.63	-1.14	0.0	0.0	136.91					1	-0.0	-0.0	-0.7	-0.0	-0.0	-0.33	-0.7	0.0	0.0	190.05					0.0	0.0	0.29	0.0	0.0	0.13	0.29	0.0	0.0	46.1					0.0	0.0	0.77	0.0	0.0	0.47	0.77	0.0	0.0	46.1					-0.0	-0.0	0.1100000000000001	-0.0	-0.0	0.07284768211920789	0.1100000000000001	0.0029187901763158123	0.0029109179988644485	136.9087858531131				
2022-01-05 08:00:00	0	1.51	1.51	1.51	1.51	1.51	RAD.MI	1.17	1.17	1.17	1.17	1.47	1.14	-1.0	-1.0	-1.0	-1	-1.0	-1.0	1.0	-1.0	-1.0	1.0									-1.0			1.72		1.17								-1.0			1.71	-0.0	-0.0	-1.14	-0.0	-0.0	-0.53	1.63	-1.14	0.0	0.0	158.59					1	-0.0	-0.0	-0.7	-0.0	-0.0	-0.33	-0.7	0.0	0.0	228.47					0.0	0.0	0.29	0.0	0.0	0.13	0.29	0.0	0.0	38.44					0.0	0.0	0.77	0.0	0.0	0.47	0.77	0.0	0.0	38.44					-0.0	-0.0	0.1100000000000001	-0.0	-0.0	0.07284768211920789	0.1100000000000001	0.0030928681634985774	0.003085795823928983	158.59217032898053				
2022-01-06 08:00:00	4000	1.52	1.47	1.47	1.52	1.52	RAD.MI	1.16	1.2	1.16	1.2	1.47	1.14	-1.0	-1.0	-1.0	-1	-1.0	-1.0	1.0	-1.0	-1.0	1.0		1.47							-1.0			1.72										-1.0			1.71	-0.01	-0.01	-1.15	-0.01	-0.01	-0.53	1.63	-1.15	0.0	0.0	150.57					1	-0.01	-0.01	-0.71	-0.01	-0.01	-0.34	-0.71	0.0	0.0	214.6					0.01	0.01	0.3	0.01	0.01	0.14	0.3	0.0	0.0	39.98					0.01	0.01	0.78	0.01	0.01	0.48	0.78	0.0	0.0	39.98					-0.010000000000000009	-0.010000000000000009	0.10000000000000009	-0.0066225165562914245	-0.006600684031352093	0.06578947368421306	0.10000000000000009	0.002987663211635025	0.0029802711527755488	150.57389075661965				
2022-01-07 08:00:00	1500	1.54	1.49	1.49	1.54	1.54	RAD.MI	1.18	1.22	1.18	1.22	1.47	1.14	-1.0	-1.0	-1.0	-1	-1.0	-1.0	1.0	-1.0	-1.0	1.0	1.54								-1.0			1.72	1.22									-1.0			1.71	-0.02	-0.02	-1.17	-0.01	-0.01	-0.53	1.59	-1.17	0.0	0.0	139.1					1	-0.02	-0.02	-0.73	-0.01	-0.01	-0.35	-0.73	0.0	0.0	195.53					0.02	0.02	0.32	0.01	0.01	0.15	0.32	0.0	0.0	48.81					0.02	0.02	0.8	0.01	0.01	0.5	0.8	0.0	0.0	48.81					-0.020000000000000018	-0.020000000000000018	0.08000000000000007	-0.013157894736842035	-0.0130720815673527	0.05194805194805441	0.08000000000000007	0.0028214812464927557	0.0028137586472147813	139.10012291491824				
2022-01-10 08:00:00	3000	1.49	1.49	1.49	1.49	1.49	RAD.MI	1.19	1.19	1.19	1.19	1.43	1.14	-1.0	-1.0	-1.0	-1	-1.0	-1.0	1.0	-1.0	-1.0	1.0		1.49							-1.0			1.72		1.19								-1.0			1.71	0.05	0.05	-1.12	0.03	0.03	-0.52	1.55	-1.12	0.0	0.0	141.59					1	0.05	0.05	-0.68	0.03	0.03	-0.33	-0.68	0.0	0.0	203.94					-0.05	-0.05	0.27	-0.03	-0.03	0.11	0.27	0.0	0.0	42.14					-0.05	-0.05	0.75	-0.03	-0.03	0.45	0.75	0.0	0.0	42.14					0.050000000000000044	0.050000000000000044	0.13000000000000012	0.032467532467532534	0.033006296468170084	0.08724832214765366	0.13000000000000012	0.0030252965676730815	0.0030171054617718074	141.58926006668958				
2022-01-11 08:00:00	3000	1.54	1.52	1.52	1.54	1.54	RAD.MI	1.21	1.22	1.21	1.22	1.43	1.14	-1.0	-1.0	-1.0	-1	-1.0	-1.0	1.0	-1.0	-1.0	1.0	1.54								-1.0			1.72	1.22									-1.0			1.71	-0.05	-0.05	-1.17	-0.03	-0.03	-0.53	1.55	-1.17	0.0	0.0	121.35					1	-0.05	-0.05	-0.73	-0.03	-0.03	-0.35	-0.73	0.0	0.0	172.03					0.05	0.05	0.32	0.03	0.03	0.15	0.32	0.0	0.0	56.99					0.05	0.05	0.8	0.03	0.03	0.5	0.8	0.0	0.0	56.99					-0.050000000000000044	-0.050000000000000044	0.08000000000000007	-0.033557046979865834	-0.03300629646817008	0.05194805194805441	0.08000000000000007	0.0027150349137247893	0.0027063501613469043	121.35432520527912				
2022-01-12 08:00:00	10000	1.52	1.5	1.5	1.52	1.52	RAD.MI	1.18	1.2	1.18	1.2	1.43	1.14	-1.0	-1.0	-1.0	-1	-1.0	-1.0	1.0	-1.0	-1.0	1.0		1.5							-1.0			1.72		1.18								-1.0			1.71	0.02	0.02	-1.15	0.01	0.01	-0.53	1.55	-1.15	0.0	0.0	121.46					1	0.02	0.02	-0.71	0.01	0.01	-0.34	-0.71	0.0	0.0	174.99					-0.02	-0.02	0.3	-0.01	-0.01	0.14	0.3	0.0	0.0	56.71					-0.02	-0.02	0.78	-0.01	-0.01	0.48	0.78	0.0	0.0	56.71					0.020000000000000018	0.020000000000000018	0.10000000000000009	0.012987012987012991	0.013072081567352775	0.06578947368421306	0.10000000000000009	0.0027231445035775046	0.0027144397424967437	121.46008587457968				
2022-01-13 08:00:00	23500	1.61	1.53	1.53	1.6	1.6	RAD.MI	1.2	1.26	1.2	1.25	1.43	1.14	-1.0	-1.0	1.0	0	-1.0	-1.0	1.0	-1.0	-1.0	1.0									-1.0			1.72										-1.0			1.71	-0.08	-0.08	-1.23	-0.05	-0.05	-0.55	1.61	-1.23	0.0	0.0	99.24					1	-0.08	-0.08	-0.79	-0.05	-0.05	-0.37	-0.79	0.0	0.0	138.31					0.08	0.08	0.38	0.05	0.05	0.2	0.38	0.0	0.0	64.59					0.08	0.08	0.86	0.05	0.05	0.55	0.86	0.0	0.0	64.59					-0.08000000000000007	-0.08000000000000007	0.020000000000000018	-0.05263157894736836	-0.05129329438755048	0.012500000000002398	0.020000000000000018	0.0024895439351466948	0.0024796361178305304	99.24329248480882				
2022-01-14 08:00:00	7500	1.64	1.6	1.62	1.64	1.64	RAD.MI	1.28	1.3	1.27	1.3	1.43	1.14	-1.0	-1.0	1.0	1	-1.0	-1.0	1.0	-1.0	-1.0	1.0	1.64		1.64						-1.0			1.72	1.3									-1.0			1.71	-0.04	-0.04	-1.27	-0.02	-0.02	-0.56	1.64	-1.27	0.0	0.0	86.7					1	0.0	0.0	-0.79	0.0	0.0	-0.37	-0.79	0.0	0.0	138.31					0.04	0.04	0.42	0.02	0.02	0.23	0.42	0.0	0.0	74.88					0.04	0.04	0.9	0.02	0.02	0.59	0.9	0.0	0.0	74.88					-0.039999999999999813	-0.039999999999999813	-0.019999999999999796	-0.02499999999999991	-0.024692612590371414	-0.01219512195121697	-0.019999999999999796	0.0022328928210375936	0.0022225013500736246	86.70366896967204				
2022-01-17 08:00:00	9500	1.65	1.57	1.65	1.61	1.61	RAD.MI	1.3	1.3	1.24	1.27	1.43	1.14	-1.0	-1.0	1.0	1	-1.0	-1.0	1.0	-1.0	-1.0	1.0									-1.0			1.72										-1.0			1.71	0.03	0.03	-1.24	0.02	0.02	-0.55	1.65	-1.24	0.0	0.0	88.64					1	-0.03	-0.03	-0.82	-0.02	-0.02	-0.38	-0.82	0.0	0.0	123.36					-0.03	-0.03	0.39	-0.02	-0.02	0.2	0.39	0.0	0.0	66.24					-0.03	-0.03	0.87	-0.02	-0.02	0.56	0.87	0.0	0.0	66.24					0.029999999999999805	0.029999999999999805	0.010000000000000009	0.018292682926829174	0.01846206283973533	0.006211180124226168	0.010000000000000009	0.0023658196734836876	0.002355047567137003	88.64048668674161				
2022-01-18 08:00:00	7000	1.62	1.57	1.62	1.57	1.57	RAD.MI	1.29	1.29	1.25	1.25	1.43	1.14	-1.0	-1.0	1.0	1	-1.0	-1.0	1.0	-1.0	-1.0	1.0									-1.0			1.72										-1.0			1.71	0.04	0.04	-1.2	0.02	0.03	-0.54	1.65	-1.2	0.0	0.0	96.6					1	-0.04	-0.04	-0.86	-0.02	-0.03	-0.4	-0.86	0.0	0.0	106.61					-0.04	-0.04	0.35	-0.02	-0.03	0.17	0.35	0.0	0.0	55.76					-0.04	-0.04	0.83	-0.02	-0.03	0.52	0.83	0.0	0.0	55.76					0.040000000000000036	0.040000000000000036	0.050000000000000044	0.024844720496894457	0.025158559636154987	0.03184713375796444	0.050000000000000044	0.002669231917746806	0.002658308954684774	96.60007473452876				
2022-01-19 08:00:00	500	1.53	1.53	1.53	1.53	1.53	RAD.MI	1.22	1.22	1.22	1.22	1.43	1.14	-1.0	-1.0	1.0	1	-1.0	-1.0	1.0	-1.0	-1.0	1.0		1.53							-1.0			1.72		1.22								-1.0			1.71	0.04	0.04	-1.16	0.03	0.03	-0.53	1.65	-1.16	0.0	0.0	98.79					1	-0.04	-0.04	-0.9	-0.03	-0.03	-0.41	-0.9	0.0	0.0	91.07					-0.04	-0.04	0.31	-0.03	-0.03	0.14	0.31	0.0	0.0	46.59					-0.04	-0.04	0.79	-0.03	-0.03	0.49	0.79	0.0	0.0	46.59					0.040000000000000036	0.040000000000000036	0.09000000000000008	0.02547770700636942	0.02580788395587259	0.058823529411767383	0.09000000000000008	0.002857629470624676	0.002846165511440235	98.7917945472507				
2022-01-20 08:00:00	5000	1.6	1.55	1.55	1.6	1.6	RAD.MI	1.23	1.27	1.23	1.27	1.43	1.14	-1.0	-1.0	1.0	1	-1.0	-1.0	1.0	-1.0	-1.0	1.0	1.6								-1.0			1.72										-1.0			1.71	-0.07	-0.07	-1.23	-0.05	-0.04	-0.55	1.65	-1.23	0.0	0.0	83.3					1	0.07	0.07	-0.83	0.05	0.04	-0.39	-0.83	0.0	0.0	101.3					0.07	0.07	0.38	0.05	0.04	0.2	0.38	0.0	0.0	52.15					0.07	0.07	0.86	0.05	0.04	0.55	0.86	0.0	0.0	52.15					-0.07000000000000006	-0.07000000000000006	0.020000000000000018	-0.045751633986928164	-0.04473589384139152	0.012500000000002398	0.020000000000000018	0.002624538893604261	0.002611817266010119	83.30121553679054				
2022-01-21 08:00:00	2000	1.58	1.58	1.58	1.58	1.58	RAD.MI	1.28	1.28	1.28	1.28	1.43	1.14	-1.0	-1.0	1.0	1	-1.0	-1.0	1.0	-1.0	-1.0	1.0									-1.0			1.72										-1.0			1.71	0.02	0.02	-1.21	0.01	0.01	-0.55	1.65	-1.21	0.0	0.0	89.36					1	-0.02	-0.02	-0.85	-0.01	-0.01	-0.4	-0.85	0.0	0.0	91.82					-0.02	-0.02	0.36	-0.01	-0.01	0.18	0.36	0.0	0.0	45.46					-0.02	-0.02	0.84	-0.01	-0.01	0.53	0.84	0.0	0.0	45.46					0.020000000000000018	0.020000000000000018	0.040000000000000036	0.012499999999999956	0.012578782206860073	0.02531645569620511	0.040000000000000036	0.0028449819163940964	0.002832399686143683	89.3597613809388				
2022-01-24 08:00:00	4000	1.53	1.53	1.53	1.53	1.53	RAD.MI	1.29	1.29	1.29	1.29	1.43	1.14	-1.0	-1.0	1.0	1	-1.0	-1.0	1.0	-1.0	-1.0	1.0		1.53							-1.0			1.72	1.29									-1.0			1.71	0.05	0.05	-1.16	0.03	0.03	-0.53	1.65	-1.16	0.0	0.0	91.73					1	-0.05	-0.05	-0.9	-0.03	-0.03	-0.41	-0.9	0.0	0.0	76.74					-0.05	-0.05	0.31	-0.03	-0.03	0.14	0.31	0.0	0.0	36.3					-0.05	-0.05	0.79	-0.03	-0.03	0.49	0.79	0.0	0.0	36.3					0.050000000000000044	0.050000000000000044	0.09000000000000008	0.03164556962025322	0.0321571116345314	0.058823529411767383	0.09000000000000008	0.0030797288313261753	0.0030664218191813752	91.72911882273586				
2022-01-25 08:00:00	0	1.53	1.53	1.53	1.53	1.53	RAD.MI	1.28	1.28	1.28	1.28	1.43	1.14	-1.0	-1.0	1.0	1	-1.0	-1.0	1.0	-1.0	-1.0	1.0									-1.0			1.72		1.28								-1.0			1.71	-0.0	-0.0	-1.16	-0.0	-0.0	-0.53	1.65	-1.16	0.0	0.0	91.73					1	0.0	0.0	-0.9	0.0	0.0	-0.41	-0.9	0.0	0.0	76.74					0.0	0.0	0.31	0.0	0.0	0.14	0.31	0.0	0.0	36.3					0.0	0.0	0.79	0.0	0.0	0.49	0.79	0.0	0.0	36.3					-0.0	-0.0	0.09000000000000008	-0.0	-0.0	0.058823529411767383	0.09000000000000008	0.0030797288313261753	0.0030664218191813752	91.72911882273586				
2022-01-26 08:00:00	3000	1.57	1.56	1.56	1.57	1.57	RAD.MI	1.28	1.29	1.28	1.29	1.43	1.14	-1.0	-1.0	1.0	1	-1.0	-1.0	1.0	-1.0	-1.0	1.0									-1.0			1.72										-1.0			1.71	-0.04	-0.04	-1.2	-0.03	-0.03	-0.54	1.65	-1.2	0.0	0.0	82.19					1	0.04	0.04	-0.86	0.03	0.03	-0.4	-0.86	0.0	0.0	81.91					0.04	0.04	0.35	0.03	0.03	0.17	0.35	0.0	0.0	39.34					0.04	0.04	0.83	0.03	0.03	0.52	0.83	0.0	0.0	39.34					-0.040000000000000036	-0.040000000000000036	0.050000000000000044	-0.026143790849673332	-0.02580788395587272	0.03184713375796422	0.050000000000000044	0.0028912937346625297	0.00287706990221559	82.1892524825578				
2022-01-27 08:00:00	8000	1.61	1.58	1.58	1.61	1.61	RAD.MI	1.28	1.31	1.28	1.31	1.43	1.14	-1.0	-1.0	1.0	1	-1.0	-1.0	1.0	-1.0	-1.0	1.0	1.61								-1.0			1.72										-1.0			1.71	-0.04	-0.04	-1.24	-0.03	-0.03	-0.55	1.65	-1.24	0.0	0.0	73.47					1	0.04	0.04	-0.82	0.03	0.03	-0.38	-0.82	0.0	0.0	86.29					0.04	0.04	0.39	0.03	0.03	0.2	0.39	0.0	0.0	42.05					0.04	0.04	0.87	0.03	0.03	0.56	0.87	0.0	0.0	42.05					-0.040000000000000036	-0.040000000000000036	0.010000000000000009	-0.02547770700636942	-0.02515855963615493	0.006211180124225946	0.010000000000000009	0.0026995801017348914	0.0026844292519883073	73.47306431084517				
2022-01-28 08:00:00	2000	1.59	1.59	1.59	1.59	1.59	RAD.MI	1.31	1.31	1.31	1.31	1.43	1.14	-1.0	-1.0	1.0	1	-1.0	-1.0	1.0	-1.0	-1.0	1.0									-1.0			1.72	1.31		1.31							-1.0			1.71	0.02	0.02	-1.22	0.01	0.01	-0.55	1.65	-1.22	0.0	0.0	74.39					1	-0.02	-0.02	-0.84	-0.01	-0.01	-0.39	-0.84	0.0	0.0	78.22					-0.02	-0.02	0.37	-0.01	-0.01	0.19	0.37	0.0	0.0	36.75					-0.02	-0.02	0.85	-0.01	-0.01	0.54	0.85	0.0	0.0	36.75					0.020000000000000018	0.020000000000000018	0.030000000000000027	0.012422360248447228	0.012500162764231494	0.018867924528304325	0.030000000000000027	0.0027883312573609353	0.0027728672846858426	74.39264405643405				
2022-01-31 08:00:00	0	1.59	1.59	1.59	1.59	1.59	RAD.MI	1.29	1.29	1.29	1.29	1.43	1.14	-1.0	-1.0	1.0	1	-1.0	-1.0	1.0	-1.0	-1.0	1.0									-1.0			1.72										-1.0			1.71	-0.0	-0.0	-1.22	-0.0	-0.0	-0.55	1.65	-1.22	0.0	0.0	72.56					1	0.0	0.0	-0.84	0.0	0.0	-0.39	-0.84	0.0	0.0	78.22					0.0	0.0	0.37	0.0	0.0	0.19	0.37	0.0	0.0	44.05					0.0	0.0	0.85	0.0	0.0	0.54	0.85	0.0	0.0	44.05					-0.0	-0.0	0.030000000000000027	-0.0	-0.0	0.018867924528304325	0.030000000000000027	0.002615151940179406	0.002600296004256597	72.56328285242525				
2022-02-01 08:00:00	2500	1.56	1.55	1.56	1.55	1.55	RAD.MI	1.25	1.25	1.24	1.24	1.43	1.14	-1.0	-1.0	1.0	1	-1.0	-1.0	1.0	-1.0	-1.0	1.0									-1.0			1.72										-1.0			1.71	0.04	0.04	-1.18	0.03	0.03	-0.54	1.65	-1.18	0.0	0.0	74.47					1	-0.04	-0.04	-0.88	-0.03	-0.03	-0.41	-0.88	0.0	0.0	67.15					-0.04	-0.04	0.33	-0.03	-0.03	0.16	0.33	0.0	0.0	36.58					-0.04	-0.04	0.81	-0.03	-0.03	0.5	0.81	0.0	0.0	36.58					0.040000000000000036	0.040000000000000036	0.07000000000000006	0.02515723270440251	0.0254790853009849	0.04516129032258309	0.07000000000000006	0.002796053445816399	0.0027805620778329487	74.47094468277936				
2022-02-02 08:00:00	1000	1.53	1.53	1.53	1.53	1.53	RAD.MI	1.22	1.22	1.22	1.22	1.43	1.14	-1.0	-1.0	1.0	1	-1.0	-1.0	1.0	-1.0	-1.0	1.0									-1.0			1.72		1.22								-1.0			1.71	0.02	0.02	-1.16	0.01	0.01	-0.53	1.65	-1.16	0.0	0.0	74.95					1	-0.02	-0.02	-0.9	-0.01	-0.01	-0.41	-0.9	0.0	0.0	59.65					-0.02	-0.02	0.31	-0.01	-0.01	0.14	0.31	0.0	0.0	35.53					-0.02	-0.02	0.79	-0.01	-0.01	0.49	0.79	0.0	0.0	35.53					0.020000000000000018	0.020000000000000018	0.09000000000000008	0.012903225806451646	0.01298719552681119	0.05882352941176716	0.09000000000000008	0.002844299545296518	0.0028286364729761537	74.95413887738576				
2022-02-03 08:00:00	0	1.53	1.53	1.53	1.53	1.53	RAD.MI	1.23	1.23	1.23	1.23	1.43	1.14	-1.0	-1.0	1.0	1	-1.0	-1.0	1.0	-1.0	-1.0	1.0									-1.0			1.72										-1.0			1.71	-0.0	-0.0	-1.16	-0.0	-0.0	-0.53	1.65	-1.16	0.0	0.0	74.95					1	0.0	0.0	-0.9	0.0	0.0	-0.41	-0.9	0.0	0.0	59.65					0.0	0.0	0.31	0.0	0.0	0.14	0.31	0.0	0.0	35.53					0.0	0.0	0.79	0.0	0.0	0.49	0.79	0.0	0.0	35.53					-0.0	-0.0	0.09000000000000008	-0.0	-0.0	0.05882352941176716	0.09000000000000008	0.002844299545296518	0.0028286364729761537	74.95413887738576				
2022-02-04 08:00:00	500	1.53	1.53	1.53	1.53	1.53	RAD.MI	1.26	1.26	1.26	1.26	1.43	1.14	-1.0	-1.0	1.0	1	-1.0	-1.0	1.0	-1.0	-1.0	1.0									-1.0			1.72										-1.0			1.71	-0.0	-0.0	-1.16	-0.0	-0.0	-0.53	1.65	-1.16	0.0	0.0	73.59					1	0.0	0.0	-0.9	0.0	0.0	-0.41	-0.9	0.0	0.0	56.03					0.0	0.0	0.31	0.0	0.0	0.14	0.31	0.0	0.0	41.79					0.0	0.0	0.79	0.0	0.0	0.49	0.79	0.0	0.0	41.79					-0.0	-0.0	0.09000000000000008	-0.0	-0.0	0.05882352941176716	0.09000000000000008	0.0027107532883982946	0.0026955631938339053	73.59086306851356				
2022-02-07 08:00:00	0	1.53	1.53	1.53	1.53	1.53	RAD.MI	1.27	1.27	1.27	1.27	1.43	1.14	-1.0	-1.0	1.0	1	-1.0	-1.0	1.0	-1.0	-1.0	1.0									-1.0			1.72	1.27									-1.0			1.71	-0.0	-0.0	-1.16	-0.0	-0.0	-0.53	1.65	-1.16	0.0	0.0	79.54					1	0.0	0.0	-0.9	0.0	0.0	-0.41	-0.9	0.0	0.0	63.56					0.0	0.0	0.31	0.0	0.0	0.14	0.31	0.0	0.0	40.46					0.0	0.0	0.79	0.0	0.0	0.49	0.79	0.0	0.0	40.46					-0.0	-0.0	0.09000000000000008	-0.0	-0.0	0.05882352941176716	0.09000000000000008	0.0028674009133501533	0.002852835055584313	79.53617163646337				
2022-02-08 08:00:00	2000	1.5	1.5	1.5	1.5	1.5	RAD.MI	1.24	1.24	1.24	1.24	1.43	1.14	-1.0	-1.0	1.0	0	-1.0	-1.0	1.0	-1.0	-1.0	1.0									-1.0			1.72										-1.0			1.71	0.03	0.03	-1.13	0.02	0.02	-0.52	1.65	-1.13	0.0	0.0	88.39					1	-0.03	-0.03	-0.93	-0.02	-0.02	-0.43	-0.93	0.0	0.0	63.26					-0.03	-0.03	0.28	-0.02	-0.02	0.12	0.28	0.0	0.0	31.89					-0.03	-0.03	0.76	-0.02	-0.02	0.46	0.76	0.0	0.0	31.89					0.030000000000000027	0.030000000000000027	0.1200000000000001	0.019607843137254943	0.019802627296179754	0.08000000000000274	0.1200000000000001	0.0031822854902111538	0.0031680178394775105	88.39048677588758				
2022-02-09 08:00:00	12500	1.5	1.43	1.5	1.46	1.46	RAD.MI	1.21	1.21	1.15	1.18	1.4	1.14	-1.0	-1.0	-1.0	-1	-1.0	-1.0	1.0	-1.0	-1.0	1.0		1.43		1.43					-1.0			1.72		1.15		1.15						-1.0			1.71	0.04	0.04	-1.09	0.03	0.03	-0.51	1.65	-1.09	0.0	0.0	89.71					1	-0.0	-0.0	-0.93	-0.0	-0.0	-0.43	-0.93	0.0	0.0	62.05					-0.04	-0.04	0.24	-0.03	-0.03	0.09	0.24	0.0	0.0	28.81					-0.04	-0.04	0.72	-0.03	-0.03	0.42	0.72	0.0	0.0	28.81					0.040000000000000036	0.040000000000000036	0.16000000000000014	0.026666666666666727	0.027028672387919374	0.10958904109589329	0.16000000000000014	0.0033346715799500064	0.0033199057468826787	89.71077065406958				
2022-02-10 08:00:00	3500	1.51	1.5	1.5	1.51	1.51	RAD.MI	1.2	1.21	1.2	1.21	1.4	1.14	-1.0	-1.0	-1.0	-1	-1.0	-1.0	1.0	-1.0	-1.0	1.0	1.51								-1.0			1.72	1.21									-1.0			1.71	-0.05	-0.05	-1.14	-0.03	-0.03	-0.53	1.65	-1.14	0.0	0.0	78.73					1	-0.05	-0.05	-0.98	-0.03	-0.03	-0.44	-0.98	0.0	0.0	48.48					0.05	0.05	0.29	0.03	0.03	0.13	0.29	0.0	0.0	36.66					0.05	0.05	0.77	0.03	0.03	0.47	0.77	0.0	0.0	36.66					-0.050000000000000044	-0.050000000000000044	0.1100000000000001	-0.03424657534246589	-0.03367321510658802	0.07284768211920789	0.1100000000000001	0.0030734251304608854	0.0030576334343739298	78.72632384261146				
2022-02-11 08:00:00	2500	1.47	1.46	1.47	1.46	1.46	RAD.MI	1.19	1.19	1.18	1.18	1.4	1.14	-1.0	-1.0	-1.0	-1	-1.0	-1.0	1.0	-1.0	-1.0	1.0		1.46							-1.0			1.72		1.18								-1.0			1.71	0.05	0.05	-1.09	0.03	0.03	-0.51	1.65	-1.09	0.0	0.0	87.88					1	0.05	0.05	-0.93	0.03	0.03	-0.43	-0.93	0.0	0.0	63.57					-0.05	-0.05	0.24	-0.03	-0.03	0.09	0.24	0.0	0.0	26.79					-0.05	-0.05	0.72	-0.03	-0.03	0.42	0.72	0.0	0.0	26.79					0.050000000000000044	0.050000000000000044	0.16000000000000014	0.03311258278145701	0.03367321510658795	0.10958904109589307	0.16000000000000014	0.0034942145562977716	0.003478400974316287	87.87890572717797				
2022-02-14 08:00:00	14500	1.5	1.38	1.44	1.5	1.5	RAD.MI	1.19	1.24	1.14	1.24	1.4	1.14	-1.0	-1.0	-1.0	-1	-1.0	-1.0	1.0	-1.0	-1.0	1.0									-1.0			1.72	1.24									-1.0			1.71	-0.04	-0.04	-1.13	-0.03	-0.03	-0.52	1.62	-1.13	0.0	0.0	79.07					1	-0.04	-0.04	-0.97	-0.03	-0.03	-0.44	-0.97	0.0	0.0	53.34					0.04	0.04	0.28	0.03	0.03	0.12	0.28	0.0	0.0	29.68					0.04	0.04	0.76	0.03	0.03	0.46	0.76	0.0	0.0	29.68					-0.040000000000000036	-0.040000000000000036	0.1200000000000001	-0.027397260273972712	-0.02702867238791942	0.08000000000000251	0.1200000000000001	0.003291885772493403	0.0032750114911697104	79.07411053343415				
2022-02-15 08:00:00	500	1.48	1.48	1.48	1.48	1.48	RAD.MI	1.2	1.2	1.2	1.2	1.4	1.14	-1.0	-1.0	-1.0	-1	-1.0	-1.0	1.0	-1.0	-1.0	1.0									-1.0			1.72		1.2								-1.0			1.71	0.02	0.02	-1.11	0.01	0.01	-0.52	1.61	-1.11	0.0	0.0	78.78					1	0.02	0.02	-0.95	0.01	0.01	-0.43	-0.95	0.0	0.0	52.41					-0.02	-0.02	0.26	-0.01	-0.01	0.11	0.26	0.0	0.0	30.34					-0.02	-0.02	0.74	-0.01	-0.01	0.44	0.74	0.0	0.0	30.34					0.020000000000000018	0.020000000000000018	0.14000000000000012	0.013333333333333308	0.013423020332140661	0.09459459459459718	0.14000000000000012	0.0032556046664387215	0.0032388612418934315	78.77676672686893				
2022-02-16 08:00:00	1500	1.48	1.48	1.48	1.48	1.48	RAD.MI	1.2	1.2	1.2	1.2	1.4	1.14	-1.0	-1.0	-1.0	-1	-1.0	-1.0	1.0	-1.0	-1.0	1.0									-1.0			1.72										-1.0			1.71	-0.0	-0.0	-1.11	-0.0	-0.0	-0.52	1.61	-1.11	0.0	0.0	83.15					1	-0.0	-0.0	-0.95	-0.0	-0.0	-0.43	-0.95	0.0	0.0	58.04					0.0	0.0	0.26	0.0	0.0	0.11	0.26	0.0	0.0	29.71					0.0	0.0	0.74	0.0	0.0	0.44	0.74	0.0	0.0	29.71					-0.0	-0.0	0.14000000000000012	-0.0	-0.0	0.09459459459459718	0.14000000000000012	0.003401170450214335	0.0033849576034978845	83.15415739010172				
2022-02-17 08:00:00	2000	1.52	1.52	1.52	1.52	1.52	RAD.MI	1.24	1.24	1.24	1.24	1.4	1.14	-1.0	-1.0	-1.0	-1	-1.0	-1.0	1.0	-1.0	-1.0	1.0	1.52		1.52						-1.0			1.72	1.24									-1.0			1.71	-0.04	-0.04	-1.15	-0.03	-0.03	-0.53	1.61	-1.15	0.0	0.0	74.47					1	-0.04	-0.04	-0.99	-0.03	-0.03	-0.45	-0.99	0.0	0.0	47.14					0.04	0.04	0.3	0.03	0.03	0.14	0.3	0.0	0.0	36.28					0.04	0.04	0.78	0.03	0.03	0.48	0.78	0.0	0.0	36.28					-0.040000000000000036	-0.040000000000000036	0.10000000000000009	-0.027027027027026973	-0.026668247082161273	0.06578947368421306	0.10000000000000009	0.0031536889055178157	0.003136569713498849	74.4729028707657				
2022-02-18 08:00:00	1000	1.51	1.51	1.51	1.51	1.51	RAD.MI	1.24	1.24	1.24	1.24	1.4	1.14	-1.0	-1.0	-1.0	-1	-1.0	-1.0	1.0	-1.0	-1.0	1.0									-1.0			1.72										-1.0			1.71	0.01	0.01	-1.14	0.01	0.01	-0.53	1.61	-1.14	0.0	0.0	74.5					1	0.01	0.01	-0.98	0.01	0.01	-0.44	-0.98	0.0	0.0	47.21					-0.01	-0.01	0.29	-0.01	-0.01	0.13	0.29	0.0	0.0	36.23					-0.01	-0.01	0.77	-0.01	-0.01	0.47	0.77	0.0	0.0	36.23					0.010000000000000009	0.010000000000000009	0.1100000000000001	0.006578947368421018	0.006600684031352024	0.07284768211920789	0.1100000000000001	0.0031563538723389704	0.0031392249782438153	74.49529434277476				
2022-02-21 08:00:00	2000	1.5	1.46	1.5	1.46	1.46	RAD.MI	1.26	1.26	1.22	1.22	1.4	1.14	-1.0	-1.0	-1.0	-1	-1.0	-1.0	1.0	-1.0	-1.0	1.0									-1.0			1.72										-1.0			1.71	0.05	0.05	-1.09	0.03	0.03	-0.51	1.61	-1.09	0.0	0.0	84.28					1	0.05	0.05	-0.93	0.03	0.03	-0.43	-0.93	0.0	0.0	62.25					-0.05	-0.05	0.24	-0.03	-0.03	0.09	0.24	0.0	0.0	26.33					-0.05	-0.05	0.72	-0.03	-0.03	0.42	0.72	0.0	0.0	26.33					0.050000000000000044	0.050000000000000044	0.16000000000000014	0.03311258278145701	0.03367321510658795	0.10958904109589307	0.16000000000000014	0.0035991513048039955	0.0035821772368267446	84.28355913379804				
2022-02-22 08:00:00	3000	1.43	1.42	1.42	1.43	1.43	RAD.MI	1.19	1.2	1.19	1.2	1.4	1.14	-1.0	-1.0	-1.0	-1	-1.0	-1.0	1.0	-1.0	-1.0	1.0									-1.0			1.72		1.19								-1.0			1.71	0.03	0.03	-1.06	0.02	0.02	-0.5	1.61	-1.06	0.0	0.0	85.35					1	0.03	0.03	-0.9	0.02	0.02	-0.41	-0.9	0.0	0.0	65.31					-0.03	-0.03	0.21	-0.02	-0.02	0.07	0.21	0.0	0.0	20.81					-0.03	-0.03	0.69	-0.02	-0.02	0.39	0.69	0.0	0.0	20.81					0.030000000000000027	0.030000000000000027	0.19000000000000017	0.020547945205479423	0.020761991448429128	0.13286713286713558	0.19000000000000017	0.003750713842377528	0.003733199884842886	85.3515470441277				
2022-02-23 08:00:00	15500	1.5	1.4	1.5	1.4	1.4	RAD.MI	1.26	1.26	1.18	1.18	1.4	1.14	-1.0	-1.0	-1.0	-1	-1.0	-1.0	1.0	-1.0	-1.0	1.0									-1.0			1.72	1.26		1.26							-1.0			1.71	0.03	0.03	-1.03	0.02	0.02	-0.49	1.61	-1.03	0.0	0.0	85.79					1	0.03	0.03	-0.87	0.02	0.02	-0.4	-0.87	0.0	0.0	66.54					-0.03	-0.03	0.18	-0.02	-0.02	0.05	0.18	0.0	0.0	19.79					-0.03	-0.03	0.66	-0.02	-0.02	0.36	0.66	0.0	0.0	19.79					0.030000000000000027	0.030000000000000027	0.2200000000000002	0.020979020979021046	0.02120220765060305	0.15714285714285992	0.2200000000000002	0.0038159182823066864	0.0037981694707220903	85.79267034138772				
2022-02-24 08:00:00	14500	1.39	1.25	1.39	1.3	1.3	RAD.MI	1.22	1.22	1.1	1.14	1.4	1.1	-1.0	-1.0	-1.0	-1	-1.0	-1.0	1.0	-1.0	-1.0	1.0									-1.0			1.72										-1.0			1.71	0.1	0.1	-0.93	0.07	0.07	-0.45	1.59	-0.93	0.0	0.0	89.08					1	0.1	0.1	-0.77	0.07	0.07	-0.36	-0.77	0.0	0.0	75.09					-0.1	-0.1	0.08	-0.07	-0.07	-0.03	0.08	0.0	0.0	9.35					-0.1	-0.1	0.56	-0.07	-0.07	0.26	0.56	0.0	0.0	9.35					0.09999999999999987	0.09999999999999987	0.32000000000000006	0.07142857142857129	0.07410797215372172	0.24615384615384905	0.32000000000000006	0.0043569064790288554	0.0043371491651333915	89.08103652644327				
2022-02-25 08:00:00	21500	1.29	1.24	1.29	1.27	1.27	RAD.MI	1.09	1.09	1.05	1.08	1.4	1.05	-1.0	-1.0	-1.0	-1	-1.0	-1.0	1.0	-1.0	-1.0	1.0									-1.0			1.72		1.05								-1.0			1.71	0.03	0.03	-0.9	0.02	0.02	-0.44	1.59	-0.9	0.0	0.0	89.52					1	0.03	0.03	-0.74	0.02	0.02	-0.34	-0.74	0.0	0.0	76.14					-0.03	-0.03	0.05	-0.02	-0.02	-0.05	0.05	0.0	0.0	8.36					-0.03	-0.03	0.53	-0.02	-0.02	0.23	0.53	0.0	0.0	8.36					0.030000000000000027	0.030000000000000027	0.3500000000000001	0.023076923076923106	0.023347363996991177	0.2755905511811052	0.3500000000000001	0.0044366578402174235	0.004416595388552658	89.51607177535796				
2022-02-28 08:00:00	5500	1.26	1.23	1.24	1.26	1.26	RAD.MI	1.07	1.08	1.06	1.08	1.4	1.05	-1.0	-1.0	-1.0	-1	-1.0	-1.0	1.0	-1.0	-1.0	1.0									-1.0			1.72										-1.0			1.71	0.01	0.01	-0.89	0.01	0.01	-0.43	1.56	-0.89	0.0	0.0	89.82					1	0.01	0.01	-0.73	0.01	0.01	-0.33	-0.73	0.0	0.0	76.88					-0.01	-0.01	0.04	-0.01	-0.01	-0.06	0.04	0.0	0.0	4.8					-0.01	-0.01	0.52	-0.01	-0.01	0.22	0.52	0.0	0.0	4.8					0.010000000000000009	0.010000000000000009	0.3600000000000001	0.007874015748031482	0.007905179507113261	0.2857142857142887	0.3600000000000001	0.00449436565061935	0.004474080952981518	89.82377839002145				
2022-03-01 08:00:00	2500	1.24	1.23	1.24	1.23	1.23	RAD.MI	1.11	1.11	1.1	1.1	1.4	1.05	-1.0	-1.0	-1.0	-1	-1.0	-1.0	1.0	-1.0	-1.0	1.0		1.23							-1.0			1.72										-1.0			1.71	0.03	0.03	-0.86	0.02	0.02	-0.42	1.53	-0.86	0.0	0.0	90.5					1	0.03	0.03	-0.7	0.02	0.02	-0.32	-0.7	0.0	0.0	78.46					-0.03	-0.03	0.01	-0.02	-0.02	-0.08	0.01	0.0	0.0	3.31					-0.03	-0.03	0.49	-0.02	-0.02	0.19	0.49	0.0	0.0	3.31					0.030000000000000027	0.030000000000000027	0.3900000000000001	0.023809523809523836	0.02409755157906053	0.31707317073171026	0.3900000000000001	0.004624509602147245	0.004603719224251179	90.4968307174681				
2022-03-02 08:00:00	2000	1.25	1.23	1.23	1.25	1.25	RAD.MI	1.09	1.11	1.09	1.11	1.4	1.05	-1.0	-1.0	-1.0	-1	-1.0	-1.0	1.0	-1.0	-1.0	1.0	1.25								-1.0			1.72										-1.0			1.71	-0.02	-0.02	-0.88	-0.02	-0.02	-0.43	1.53	-0.88	0.0	0.0	89.76					1	-0.02	-0.02	-0.72	-0.02	-0.02	-0.33	-0.72	0.0	0.0	77.69					0.02	0.02	0.03	0.02	0.02	-0.07	0.03	0.0	0.0	3.71					0.02	0.02	0.51	0.02	0.02	0.21	0.51	0.0	0.0	3.71					-0.020000000000000018	-0.020000000000000018	0.3700000000000001	-0.016260162601626105	-0.016129381929883717	0.2960000000000027	0.3700000000000001	0.004614710710399985	0.004593815875377771	89.76025965207315				
2022-03-03 08:00:00	3000	1.25	1.23	1.25	1.25	1.25	RAD.MI	1.14	1.14	1.12	1.14	1.4	1.05	-1.0	-1.0	-1.0	-1	-1.0	-1.0	1.0	-1.0	-1.0	1.0									-1.0			1.72										-1.0			1.71	-0.0	-0.0	-0.88	-0.0	-0.0	-0.43	1.53	-0.88	0.0	0.0	93.87					1	-0.0	-0.0	-0.72	-0.0	-0.0	-0.33	-0.72	0.0	0.0	82.54					0.0	0.0	0.03	0.0	0.0	-0.07	0.03	0.0	0.0	3.02					0.0	0.0	0.51	0.0	0.0	0.21	0.51	0.0	0.0	3.02					-0.0	-0.0	0.3700000000000001	-0.0	-0.0	0.2960000000000027	0.3700000000000001	0.004776429727478891	0.004756205982903827	93.87209197439913				
2022-03-04 08:00:00	5500	1.24	1.16	1.24	1.16	1.16	RAD.MI	1.21	1.21	1.13	1.13	1.4	1.05	-1.0	-1.0	-1.0	-1	-1.0	-1.0	1.0	-1.0	-1.0	1.0									-1.0			1.72	1.21									-1.0			1.71	0.09	0.09	-0.79	0.07	0.07	-0.38	1.53	-0.79	0.01	0.01	96.32					1	0.09	0.09	-0.63	0.07	0.07	-0.28	-0.63	0.0	0.0	87.97					-0.09	-0.09	-0.06	-0.07	-0.07	-0.13	-0.06	-0.0	-0.0	-5.38					-0.09	-0.09	0.42	-0.07	-0.07	0.13	0.42	-0.0	-0.0	-5.38					0.09000000000000008	0.09000000000000008	0.4600000000000002	0.07200000000000006	0.07472354619593655	0.39655172413793416	0.4600000000000002	0.005329383969328823	0.005307029112071149	96.31809677339318				
2022-03-07 08:00:00	16000	1.12	0.98	1.1	1.12	1.12	RAD.MI	1.08	1.1	0.97	1.1	1.4	0.97	-1.0	-1.0	-1.0	-1	-1.0	-1.0	1.0	-1.0	-1.0	1.0		0.98		0.98					-1.0			1.72		0.97		0.97		0.97				-1.0			1.71	0.04	0.04	-0.75	0.03	0.04	-0.36	1.52	-0.75	0.01	0.01	97.34					1	0.04	0.04	-0.59	0.03	0.04	-0.25	-0.59	0.0	0.0	90.1					-0.04	-0.04	-0.1	-0.03	-0.04	-0.16	-0.1	-0.0	-0.0	-10.41					-0.04	-0.04	0.38	-0.03	-0.04	0.09	0.38	-0.0	-0.0	-10.41					0.039999999999999813	0.039999999999999813	0.5	0.0344827586206895	0.03509131981126994	0.4464285714285745	0.5	0.00558905973593222	0.005565667484835224	97.33598740415086				
2022-03-08 08:00:00	2000	1.19	1.16	1.16	1.19	1.19	RAD.MI	1.13	1.16	1.13	1.16	1.4	0.97	-1.0	-1.0	-1.0	-1	-1.0	-1.0	1.0	-1.0	-1.0	1.0									-1.0			1.72	1.16									-1.0			1.71	-0.07	-0.07	-0.82	-0.06	-0.06	-0.4	1.52	-0.82	0.01	0.01	83.29					1	-0.07	-0.07	-0.66	-0.06	-0.06	-0.3	-0.66	0.0	0.0	75.04					0.07	0.07	-0.03	0.06	0.06	-0.11	-0.03	-0.0	-0.0	-3.89					0.07	0.07	0.45	0.06	0.06	0.16	0.45	-0.0	-0.0	-3.89					-0.06999999999999984	-0.06999999999999984	0.43000000000000016	-0.06249999999999978	-0.06062462181643463	0.3613445378151292	0.43000000000000016	0.005269391073017606	0.00524352070105194	83.28777507676021				
2022-03-09 08:00:00	9000	1.28	1.23	1.23	1.25	1.25	RAD.MI	1.12	1.17	1.12	1.14	1.4	0.97	-1.0	-1.0	-1.0	-1	-1.0	-1.0	1.0	-1.0	-1.0	1.0									-1.0			1.72		1.12								-1.0			1.71	-0.06	-0.06	-0.88	-0.05	-0.05	-0.43	1.52	-0.88	0.01	0.01	78.29					1	-0.06	-0.06	-0.72	-0.05	-0.05	-0.33	-0.72	0.0	0.0	64.0					0.06	0.06	0.03	0.05	0.05	-0.07	0.03	-0.0	-0.0	-1.01					0.06	0.06	0.51	0.05	0.05	0.21	0.51	-0.0	-0.0	-1.01					-0.06000000000000005	-0.06000000000000005	0.3700000000000001	-0.050420168067226934	-0.04919024419077178	0.2960000000000029	0.3700000000000001	0.005186120088106652	0.005159250796660908	78.29077044381721				
2022-03-10 08:00:00	3000	1.28	1.26	1.27	1.26	1.26	RAD.MI	1.21	1.22	1.2	1.2	1.4	0.97	-1.0	-1.0	-1.0	-1	-1.0	-1.0	1.0	-1.0	-1.0	1.0	1.28								-1.0			1.72	1.22		1.22							-1.0			1.71	-0.01	-0.01	-0.89	-0.01	-0.01	-0.43	1.52	-0.89	0.0	0.0	74.03					1	-0.01	-0.01	-0.73	-0.01	-0.01	-0.33	-0.73	0.0	0.0	59.87					0.01	0.01	0.04	0.01	0.01	-0.06	0.04	0.0	0.0	3.35					0.01	0.01	0.52	0.01	0.01	0.22	0.52	0.0	0.0	3.35					-0.010000000000000009	-0.010000000000000009	0.3600000000000001	-0.008000000000000007	-0.007968169649176881	0.2857142857142887	0.3600000000000001	0.0048665666579338004	0.00483942650582847	74.03267555971603				
2022-03-11 08:00:00	2000	1.26	1.26	1.26	1.26	1.26	RAD.MI	1.19	1.19	1.19	1.19	1.4	0.97	-1.0	-1.0	-1.0	-1	-1.0	-1.0	1.0	-1.0	-1.0	1.0									-1.0			1.72										-1.0			1.71	-0.0	-0.0	-0.89	-0.0	-0.0	-0.43	1.52	-0.89	0.0	0.0	74.03					1	-0.0	-0.0	-0.73	-0.0	-0.0	-0.33	-0.73	0.0	0.0	59.87					0.0	0.0	0.04	0.0	0.0	-0.06	0.04	0.0	0.0	3.35					0.0	0.0	0.52	0.0	0.0	0.22	0.52	0.0	0.0	3.35					-0.0	-0.0	0.3600000000000001	-0.0	-0.0	0.2857142857142887	0.3600000000000001	0.0048665666579338004	0.00483942650582847	74.03267555971603				
2022-03-14 08:00:00	0	1.26	1.26	1.26	1.26	1.26	RAD.MI	1.17	1.17	1.17	1.17	1.4	0.97	-1.0	-1.0	-1.0	-1	-1.0	-1.0	1.0	-1.0	-1.0	1.0		1.26							-1.0			1.72										-1.0			1.71	-0.0	-0.0	-0.89	-0.0	-0.0	-0.43	1.52	-0.89	0.0	0.0	74.03					1	-0.0	-0.0	-0.73	-0.0	-0.0	-0.33	-0.73	0.0	0.0	59.87					0.0	0.0	0.04	0.0	0.0	-0.06	0.04	0.0	0.0	3.35					0.0	0.0	0.52	0.0	0.0	0.22	0.52	0.0	0.0	3.35					-0.0	-0.0	0.3600000000000001	-0.0	-0.0	0.2857142857142887	0.3600000000000001	0.0048665666579338004	0.00483942650582847	74.03267555971603				
2022-03-15 08:00:00	3000	1.26	1.25	1.25	1.26	1.26	RAD.MI	1.16	1.17	1.16	1.17	1.4	0.97	-1.0	-1.0	-1.0	-1	-1.0	-1.0	1.0	-1.0	-1.0	1.0									-1.0			1.72										-1.0			1.71	-0.0	-0.0	-0.89	-0.0	-0.0	-0.43	1.52	-0.89	0.01	0.01	80.35					1	-0.0	-0.0	-0.73	-0.0	-0.0	-0.33	-0.73	0.0	0.0	59.87					0.0	0.0	0.04	0.0	0.0	-0.06	0.04	0.0	0.0	1.2					0.0	0.0	0.52	0.0	0.0	0.22	0.52	0.0	0.0	1.2					-0.0	-0.0	0.3600000000000001	-0.0	-0.0	0.2857142857142887	0.3600000000000001	0.00509651424121127	0.005070765105755548	80.351570085155				
2022-03-16 08:00:00	1000	1.3	1.27	1.3	1.27	1.27	RAD.MI	1.17	1.17	1.14	1.14	1.35	0.97	-1.0	-1.0	-1.0	-1	-1.0	-1.0	1.0	-1.0	-1.0	1.0	1.3								-1.0			1.72										-1.0			1.71	-0.01	-0.01	-0.9	-0.01	-0.01	-0.44	1.52	-0.9	0.0	0.0	76.17					1	-0.01	-0.01	-0.74	-0.01	-0.01	-0.34	-0.74	0.0	0.0	55.81					0.01	0.01	0.05	0.01	0.01	-0.05	0.05	0.0	0.0	5.27					0.01	0.01	0.53	0.01	0.01	0.23	0.53	0.0	0.0	5.27					-0.010000000000000009	-0.010000000000000009	0.3500000000000001	-0.007936507936507908	-0.007905179507113247	0.2755905511811052	0.3500000000000001	0.004825454428228647	0.004799253488436239	76.16725197694154				
2022-03-17 08:00:00	0	1.27	1.27	1.27	1.27	1.27	RAD.MI	1.15	1.15	1.15	1.15	1.35	0.97	-1.0	-1.0	-1.0	-1	-1.0	-1.0	1.0	-1.0	-1.0	1.0									-1.0			1.72										-1.0			1.71	-0.0	-0.0	-0.9	-0.0	-0.0	-0.44	1.51	-0.9	0.0	0.0	76.17					1	-0.0	-0.0	-0.74	-0.0	-0.0	-0.34	-0.74	0.0	0.0	55.81					0.0	0.0	0.05	0.0	0.0	-0.05	0.05	0.0	0.0	5.27					0.0	0.0	0.53	0.0	0.0	0.23	0.53	0.0	0.0	5.27					-0.0	-0.0	0.3500000000000001	-0.0	-0.0	0.2755905511811052	0.3500000000000001	0.004825454428228647	0.004799253488436239	76.16725197694154				
2022-03-18 08:00:00	0	1.27	1.27	1.27	1.27	1.27	RAD.MI	1.14	1.14	1.14	1.14	1.35	0.97	-1.0	-1.0	-1.0	-1	-1.0	-1.0	1.0	-1.0	-1.0	1.0									-1.0			1.72										-1.0			1.71	-0.0	-0.0	-0.9	-0.0	-0.0	-0.44	1.5	-0.9	0.0	0.0	76.17					1	-0.0	-0.0	-0.74	-0.0	-0.0	-0.34	-0.74	0.0	0.0	55.81					0.0	0.0	0.05	0.0	0.0	-0.05	0.05	0.0	0.0	5.27					0.0	0.0	0.53	0.0	0.0	0.23	0.53	0.0	0.0	5.27					-0.0	-0.0	0.3500000000000001	-0.0	-0.0	0.2755905511811052	0.3500000000000001	0.004825454428228647	0.004799253488436239	76.16725197694154				
2022-03-21 08:00:00	1000	1.24	1.24	1.24	1.24	1.24	RAD.MI	1.11	1.11	1.11	1.11	1.35	0.97	-1.0	-1.0	-1.0	-1	-1.0	-1.0	1.0	-1.0	-1.0	1.0									-1.0			1.72										-1.0			1.71	0.03	0.03	-0.87	0.02	0.02	-0.42	1.5	-0.87	0.0	0.0	76.92					1	0.03	0.03	-0.71	0.02	0.02	-0.32	-0.71	0.0	0.0	57.35					-0.03	-0.03	0.02	-0.02	-0.02	-0.07	0.02	0.0	0.0	1.15					-0.03	-0.03	0.5	-0.02	-0.02	0.2	0.5	0.0	0.0	1.15					0.030000000000000027	0.030000000000000027	0.3800000000000001	0.023622047244094557	0.02390552085355448	0.30645161290322886	0.3800000000000001	0.004997574178374239	0.004970593256085287	76.91541570816236				
2022-03-22 08:00:00	0	1.24	1.24	1.24	1.24	1.24	RAD.MI	1.1	1.1	1.1	1.1	1.35	0.97	-1.0	-1.0	-1.0	-1	-1.0	-1.0	1.0	-1.0	-1.0	1.0		1.24							-1.0			1.72		1.1								-1.0			1.71	-0.0	-0.0	-0.87	-0.0	-0.0	-0.42	1.5	-0.87	0.0	0.0	76.92					1	-0.0	-0.0	-0.71	-0.0	-0.0	-0.32	-0.71	0.0	0.0	57.35					0.0	0.0	0.02	0.0	0.0	-0.07	0.02	0.0	0.0	1.15					0.0	0.0	0.5	0.0	0.0	0.2	0.5	0.0	0.0	1.15					-0.0	-0.0	0.3800000000000001	-0.0	-0.0	0.30645161290322886	0.3800000000000001	0.004997574178374239	0.004970593256085287	76.91541570816236				
2022-03-23 08:00:00	0	1.24	1.24	1.24	1.24	1.24	RAD.MI	1.11	1.11	1.11	1.11	1.35	0.97	-1.0	-1.0	-1.0	-1	-1.0	-1.0	1.0	-1.0	-1.0	1.0									-1.0			1.72										-1.0			1.71	-0.0	-0.0	-0.87	-0.0	-0.0	-0.42	1.39	-0.87	0.0	0.0	76.34					1	-0.0	-0.0	-0.71	-0.0	-0.0	-0.32	-0.71	0.0	0.0	57.35					0.0	0.0	0.02	0.0	0.0	-0.07	0.02	0.0	0.0	4.9					0.0	0.0	0.5	0.0	0.0	0.2	0.5	0.0	0.0	4.9					-0.0	-0.0	0.3800000000000001	-0.0	-0.0	0.30645161290322886	0.3800000000000001	0.0048646473259281444	0.004838269777546644	76.34096222660602				
2022-03-24 08:00:00	0	1.24	1.24	1.24	1.24	1.24	RAD.MI	1.11	1.11	1.11	1.11	1.35	0.97	-1.0	-1.0	-1.0	-1	-1.0	-1.0	1.0	-1.0	-1.0	1.0									-1.0			1.72	1.11			1.11						-1.0			1.71	-0.0	-0.0	-0.87	-0.0	-0.0	-0.42	1.3	-0.87	0.0	0.0	76.34					1	-0.0	-0.0	-0.71	-0.0	-0.0	-0.32	-0.71	0.0	0.0	57.35					0.0	0.0	0.02	0.0	0.0	-0.07	0.02	0.0	0.0	4.9					0.0	0.0	0.5	0.0	0.0	0.2	0.5	0.0	0.0	4.9					-0.0	-0.0	0.3800000000000001	-0.0	-0.0	0.30645161290322886	0.3800000000000001	0.0048646473259281444	0.004838269777546644	76.34096222660602				
2022-03-25 08:00:00	10000	1.25	1.24	1.24	1.25	1.25	RAD.MI	1.1	1.11	1.1	1.11	1.35	0.97	-1.0	-1.0	-1.0	-1	-1.0	-1.0	1.0	-1.0	-1.0	1.0									-1.0			1.72										-1.0			1.71	-0.01	-0.01	-0.88	-0.01	-0.01	-0.43	1.3	-0.88	0.0	0.0	72.37					1	-0.01	-0.01	-0.72	-0.01	-0.01	-0.33	-0.72	0.0	0.0	53.39					0.01	0.01	0.03	0.01	0.01	-0.07	0.03	0.0	0.0	8.54					0.01	0.01	0.51	0.01	0.01	0.21	0.51	0.0	0.0	8.54					-0.010000000000000009	-0.010000000000000009	0.3700000000000001	-0.008064516129032251	-0.008032171697264253	0.2960000000000029	0.3700000000000001	0.004635342882547879	0.004608342174451829	72.37117277955012				
2022-03-28 07:00:00	0	1.25	1.25	1.25	1.25	1.25	RAD.MI	1.1	1.1	1.1	1.1	1.35	0.97	-1.0	-1.0	-1.0	-1	-1.0	-1.0	1.0	-1.0	-1.0	1.0									-1.0			1.72		1.1								-1.0			1.71	-0.0	-0.0	-0.88	-0.0	-0.0	-0.43	1.3	-0.88	0.0	0.0	76.83					1	-0.0	-0.0	-0.72	-0.0	-0.0	-0.33	-0.72	0.0	0.0	53.39					0.0	0.0	0.03	0.0	0.0	-0.07	0.03	0.0	0.0	7.5					0.0	0.0	0.51	0.0	0.0	0.21	0.51	0.0	0.0	7.5					-0.0	-0.0	0.3700000000000001	-0.0	-0.0	0.2960000000000029	0.3700000000000001	0.004832080342967185	0.0048060479771998565	76.8334718862234				
2022-03-29 07:00:00	3000	1.29	1.25	1.25	1.29	1.29	RAD.MI	1.08	1.11	1.08	1.11	1.35	0.97	-1.0	-1.0	-1.0	-1	-1.0	-1.0	1.0	-1.0	-1.0	1.0									-1.0			1.72										-1.0			1.71	-0.04	-0.04	-0.92	-0.03	-0.03	-0.44	1.3	-0.92	0.0	0.0	69.15					1	-0.04	-0.04	-0.76	-0.03	-0.03	-0.35	-0.76	0.0	0.0	46.51					0.04	0.04	0.07	0.03	0.03	-0.04	0.07	0.0	0.0	13.47					0.04	0.04	0.55	0.03	0.03	0.25	0.55	0.0	0.0	13.47					-0.040000000000000036	-0.040000000000000036	0.33000000000000007	-0.03200000000000003	-0.031498667059371016	0.255813953488375	0.33000000000000007	0.004491822164081763	0.004464594726180771	69.15447286590526				
2022-03-30 07:00:00	1000	1.29	1.29	1.29	1.29	1.29	RAD.MI	1.11	1.11	1.11	1.11	1.35	0.97	-1.0	-1.0	-1.0	-1	-1.0	-1.0	1.0	-1.0	-1.0	1.0									-1.0			1.72										-1.0			1.71	-0.0	-0.0	-0.92	-0.0	-0.0	-0.44	1.3	-0.92	0.0	0.0	68.94					1	-0.0	-0.0	-0.76	-0.0	-0.0	-0.35	-0.76	0.0	0.0	46.51					0.0	0.0	0.07	0.0	0.0	-0.04	0.07	0.0	0.0	16.44					0.0	0.0	0.55	0.0	0.0	0.25	0.55	0.0	0.0	16.44					-0.0	-0.0	0.33000000000000007	-0.0	-0.0	0.255813953488375	0.33000000000000007	0.004447307911685235	0.004420289288310064	68.9385519829898				
2022-03-31 07:00:00	0	1.29	1.29	1.29	1.29	1.29	RAD.MI	1.13	1.13	1.13	1.13	1.35	0.97	-1.0	-1.0	-1.0	-1	-1.0	-1.0	1.0	-1.0	-1.0	1.0									-1.0			1.72	1.13									-1.0			1.71	-0.0	-0.0	-0.92	-0.0	-0.0	-0.44	1.3	-0.92	0.0	0.0	72.36					1	-0.0	-0.0	-0.76	-0.0	-0.0	-0.35	-0.76	0.0	0.0	46.51					0.0	0.0	0.07	0.0	0.0	-0.04	0.07	0.0	0.0	15.97					0.0	0.0	0.55	0.0	0.0	0.25	0.55	0.0	0.0	15.97					-0.0	-0.0	0.33000000000000007	-0.0	-0.0	0.255813953488375	0.33000000000000007	0.0046268556339515154	0.004600605172221606	72.3649195187958				
2022-04-01 07:00:00	0	1.29	1.29	1.29	1.29	1.29	RAD.MI	1.12	1.12	1.12	1.12	1.35	0.97	-1.0	-1.0	-1.0	-1	-1.0	-1.0	1.0	-1.0	-1.0	1.0									-1.0			1.72		1.12								-1.0			1.71	-0.0	-0.0	-0.92	-0.0	-0.0	-0.44	1.3	-0.92	0.0	0.0	75.83					1	-0.0	-0.0	-0.76	-0.0	-0.0	-0.35	-0.76	0.0	0.0	46.51					0.0	0.0	0.07	0.0	0.0	-0.04	0.07	0.0	0.0	15.49					0.0	0.0	0.55	0.0	0.0	0.25	0.55	0.0	0.0	15.49					-0.0	-0.0	0.33000000000000007	-0.0	-0.0	0.255813953488375	0.33000000000000007	0.004805043962805084	0.0047795768035430175	75.82756641676175				
2022-04-04 07:00:00	5500	1.3	1.29	1.29	1.3	1.3	RAD.MI	1.12	1.13	1.12	1.13	1.35	0.97	-1.0	-1.0	-1.0	0	-1.0	-1.0	1.0	-1.0	-1.0	1.0	1.3								-1.0			1.72										-1.0			1.71	-0.01	-0.01	-0.93	-0.01	-0.01	-0.45	1.3	-0.93	0.0	0.0	71.72					1	-0.01	-0.01	-0.77	-0.01	-0.01	-0.36	-0.77	0.0	0.0	42.8					0.01	0.01	0.08	0.01	0.01	-0.03	0.08	0.0	0.0	19.57					0.01	0.01	0.56	0.01	0.01	0.26	0.56	0.0	0.0	19.57					-0.010000000000000009	-0.010000000000000009	0.32000000000000006	-0.007751937984496138	-0.0077220460939103185	0.24615384615384905	0.32000000000000006	0.00453267827228788	0.00450678316234554	71.72139342040785				
2022-04-05 07:00:00	0	1.3	1.3	1.3	1.3	1.3	RAD.MI	1.14	1.14	1.14	1.14	1.35	0.97	-1.0	-1.0	-1.0	0	-1.0	-1.0	1.0	-1.0	-1.0	1.0									-1.0			1.72	1.14		1.14							-1.0			1.71	-0.0	-0.0	-0.93	-0.0	-0.0	-0.45	1.3	-0.93	0.0	0.0	75.2					1	0.0	0.0	-0.77	0.0	0.0	-0.36	-0.77	0.0	0.0	42.8					0.0	0.0	0.08	0.0	0.0	-0.03	0.08	0.0	0.0	19.11					0.0	0.0	0.56	0.0	0.0	0.26	0.56	0.0	0.0	19.11					-0.0	-0.0	0.32000000000000006	-0.0	-0.0	0.24615384615384905	0.32000000000000006	0.004709871205309343	0.004684751376259566	75.19805234195992				
2022-04-06 07:00:00	3000	1.26	1.25	1.26	1.25	1.25	RAD.MI	1.13	1.13	1.12	1.12	1.35	0.97	-1.0	-1.0	-1.0	0	-1.0	-1.0	1.0	-1.0	-1.0	1.0									-1.0			1.72										-1.0			1.71	0.05	0.05	-0.88	0.04	0.04	-0.43	1.3	-0.88	0.0	0.0	76.45					1	-0.0	-0.0	-0.77	-0.0	-0.0	-0.36	-0.77	0.0	0.0	42.8					-0.05	-0.05	0.03	-0.04	-0.04	-0.07	0.03	0.0	0.0	13.65					-0.05	-0.05	0.51	-0.04	-0.04	0.21	0.51	0.0	0.0	13.65					0.050000000000000044	0.050000000000000044	0.3700000000000001	0.03846153846153855	0.039220713153281385	0.29600000000000315	0.3700000000000001	0.004996182411328298	0.0049698174631760406	76.44535552093274				
2022-04-07 07:00:00	0	1.25	1.25	1.25	1.25	1.25	RAD.MI	1.12	1.12	1.12	1.12	1.35	0.97	-1.0	-1.0	-1.0	0	-1.0	-1.0	1.0	-1.0	-1.0	1.0									-1.0			1.72										-1.0			1.71	-0.0	-0.0	-0.88	-0.0	-0.0	-0.43	1.3	-0.88	0.0	0.0	76.45					1	0.0	0.0	-0.77	0.0	0.0	-0.36	-0.77	0.0	0.0	42.8					0.0	0.0	0.03	0.0	0.0	-0.07	0.03	0.0	0.0	13.65					0.0	0.0	0.51	0.0	0.0	0.21	0.51	0.0	0.0	13.65					-0.0	-0.0	0.3700000000000001	-0.0	-0.0	0.29600000000000315	0.3700000000000001	0.004996182411328298	0.0049698174631760406	76.44535552093274				
2022-04-08 07:00:00	2000	1.23	1.23	1.23	1.23	1.23	RAD.MI	1.08	1.08	1.08	1.08	1.35	0.97	-1.0	-1.0	-1.0	-1	-1.0	-1.0	1.0	-1.0	-1.0	1.0									-1.0			1.72		1.08								-1.0			1.71	0.02	0.02	-0.86	0.02	0.02	-0.42	1.3	-0.86	0.0	0.0	76.36					1	-0.0	-0.0	-0.77	-0.0	-0.0	-0.36	-0.77	0.0	0.0	42.8					-0.02	-0.02	0.01	-0.02	-0.02	-0.08	0.01	0.0	0.0	13.85					-0.02	-0.02	0.49	-0.02	-0.02	0.19	0.49	0.0	0.0	13.85					0.020000000000000018	0.020000000000000018	0.3900000000000001	0.016000000000000014	0.016129381929883644	0.3170731707317105	0.3900000000000001	0.00497575242725216	0.004949477316618545	76.3598074519509				
2022-04-11 07:00:00	0	1.23	1.23	1.23	1.23	1.23	RAD.MI	1.09	1.09	1.09	1.09	1.35	0.97	-1.0	-1.0	-1.0	-1	-1.0	-1.0	1.0	-1.0	-1.0	1.0									-1.0			1.72	1.09									-1.0			1.71	-0.0	-0.0	-0.86	-0.0	-0.0	-0.42	1.3	-0.86	0.0	0.0	76.16					1	-0.0	-0.0	-0.77	-0.0	-0.0	-0.36	-0.77	0.0	0.0	42.36					0.0	0.0	0.01	0.0	0.0	-0.08	0.01	0.0	0.0	16.82					0.0	0.0	0.49	0.0	0.0	0.19	0.49	0.0	0.0	16.82					-0.0	-0.0	0.3900000000000001	-0.0	-0.0	0.3170731707317105	0.3900000000000001	0.004929106901131132	0.0049030363358613105	76.1625594316658				
2022-04-12 07:00:00	500	1.21	1.21	1.21	1.21	1.21	RAD.MI	1.07	1.07	1.07	1.07	1.35	0.97	-1.0	-1.0	-1.0	-1	-1.0	-1.0	1.0	-1.0	-1.0	1.0		1.21							-1.0			1.72		1.07		1.07						-1.0			1.71	0.02	0.02	-0.84	0.02	0.02	-0.41	1.3	-0.84	0.01	0.01	76.66					1	0.02	0.02	-0.75	0.02	0.02	-0.34	-0.75	0.0	0.0	43.47					-0.02	-0.02	-0.01	-0.02	-0.02	-0.1	-0.01	0.0	0.0	13.14					-0.02	-0.02	0.47	-0.02	-0.02	0.17	0.47	0.0	0.0	13.14					0.020000000000000018	0.020000000000000018	0.41000000000000014	0.016260162601625994	0.016393809775676383	0.3388429752066149	0.41000000000000014	0.005048781712493569	0.005022184766863669	76.66328547595685				
2022-04-13 07:00:00	8500	1.35	1.24	1.24	1.35	1.35	RAD.MI	1.1	1.19	1.1	1.19	1.35	0.97	-1.0	-1.0	1.0	0	-1.0	-1.0	1.0	-1.0	-1.0	1.0	1.35		1.35						-1.0			1.72	1.19		1.19		1.19					-1.0			1.71	-0.14	-0.14	-0.98	-0.12	-0.11	-0.47	1.35	-0.98	0.0	0.0	63.07					1	-0.14	-0.14	-0.89	-0.12	-0.11	-0.41	-0.89	0.0	0.0	32.76					0.14	0.14	0.13	0.12	0.11	0.01	0.13	0.0	0.0	20.03					0.14	0.14	0.61	0.12	0.11	0.31	0.61	0.0	0.0	20.03					-0.14000000000000012	-0.14000000000000012	0.27	-0.11570247933884303	-0.10948423284168841	0.20000000000000284	0.27	0.004770426738687692	0.0047403689280620664	63.072162544045185				
2022-04-14 07:00:00	5000	1.34	1.29	1.34	1.3	1.3	RAD.MI	1.18	1.18	1.13	1.14	1.35	0.97	-1.0	-1.0	1.0	0	-1.0	-1.0	1.0	-1.0	-1.0	1.0									-1.0			1.72										-1.0			1.71	0.05	0.05	-0.93	0.04	0.04	-0.45	1.35	-0.93	0.0	0.0	63.23					1	-0.0	-0.0	-0.89	-0.0	-0.0	-0.41	-0.89	0.0	0.0	30.5					-0.05	-0.05	0.08	-0.04	-0.04	-0.03	0.08	0.0	0.0	19.65					-0.05	-0.05	0.56	-0.04	-0.04	0.26	0.56	0.0	0.0	19.65					0.050000000000000044	0.050000000000000044	0.32000000000000006	0.03703703703703709	0.037740327982847086	0.24615384615384928	0.32000000000000006	0.004809664556097645	0.0047794220698236245	63.23258881738108				
2022-04-19 07:00:00	1000	1.29	1.29	1.29	1.29	1.29	RAD.MI	1.14	1.14	1.14	1.14	1.35	0.97	-1.0	-1.0	1.0	0	-1.0	-1.0	1.0	-1.0	-1.0	1.0									-1.0			1.72										-1.0			1.71	0.01	0.01	-0.92	0.01	0.01	-0.44	1.35	-0.92	0.0	0.0	63.46					1	-0.0	-0.0	-0.89	-0.0	-0.0	-0.41	-0.89	0.0	0.0	30.5					-0.01	-0.01	0.07	-0.01	-0.01	-0.04	0.07	0.0	0.0	16.83					-0.01	-0.01	0.55	-0.01	-0.01	0.25	0.55	0.0	0.0	16.83					0.010000000000000009	0.010000000000000009	0.33000000000000007	0.007692307692307665	0.007722046093910278	0.2558139534883752	0.33000000000000007	0.00486603549258319	0.0048355267097681676	63.45992559403118				
2022-04-20 07:00:00	3500	1.31	1.28	1.31	1.28	1.28	RAD.MI	1.15	1.15	1.12	1.12	1.35	0.97	-1.0	-1.0	1.0	0	-1.0	-1.0	1.0	-1.0	-1.0	1.0									-1.0			1.72										-1.0			1.71	0.01	0.01	-0.91	0.01	0.01	-0.44	1.35	-0.91	0.01	0.01	69.1					1	-0.0	-0.0	-0.89	-0.0	-0.0	-0.41	-0.89	0.0	0.0	35.66					-0.01	-0.01	0.06	-0.01	-0.01	-0.04	0.06	0.0	0.0	12.38					-0.01	-0.01	0.54	-0.01	-0.01	0.24	0.54	0.0	0.0	12.38					0.010000000000000009	0.010000000000000009	0.3400000000000001	0.007751937984496138	0.007782140442054963	0.2656250000000031	0.3400000000000001	0.005167059375205491	0.0051378946199449604	69.09530572070312				
2022-04-21 07:00:00	1000	1.26	1.26	1.26	1.26	1.26	RAD.MI	1.11	1.11	1.11	1.11	1.35	0.97	-1.0	-1.0	1.0	0	-1.0	-1.0	1.0	-1.0	-1.0	1.0									-1.0			1.72		1.11								-1.0			1.71	0.02	0.02	-0.89	0.02	0.02	-0.43	1.35	-0.89	0.01	0.01	75.13					1	-0.0	-0.0	-0.89	-0.0	-0.0	-0.41	-0.89	0.0	0.0	40.98					-0.02	-0.02	0.04	-0.02	-0.02	-0.06	0.04	0.0	0.0	7.3					-0.02	-0.02	0.52	-0.02	-0.02	0.22	0.52	0.0	0.0	7.3					0.020000000000000018	0.020000000000000018	0.3600000000000001	0.015625	0.015748356968139168	0.2857142857142889	0.3600000000000001	0.0055225470165337544	0.005494441016403506	75.13400443479863				
2022-04-22 07:00:00	0	1.26	1.26	1.26	1.26	1.26	RAD.MI	1.13	1.13	1.13	1.13	1.35	0.97	-1.0	-1.0	1.0	0	-1.0	-1.0	1.0	-1.0	-1.0	1.0									-1.0			1.72										-1.0			1.71	-0.0	-0.0	-0.89	-0.0	-0.0	-0.43	1.35	-0.89	0.01	0.01	75.13					1	0.0	0.0	-0.89	0.0	0.0	-0.41	-0.89	0.0	0.0	40.98					0.0	0.0	0.04	0.0	0.0	-0.06	0.04	0.0	0.0	7.3					0.0	0.0	0.52	0.0	0.0	0.22	0.52	0.0	0.0	7.3					-0.0	-0.0	0.3600000000000001	-0.0	-0.0	0.2857142857142889	0.3600000000000001	0.0055225470165337544	0.005494441016403506	75.13400443479863				
2022-04-25 07:00:00	500	1.26	1.26	1.26	1.26	1.26	RAD.MI	1.15	1.15	1.15	1.15	1.33	0.97	-1.0	-1.0	1.0	0	-1.0	-1.0	1.0	-1.0	-1.0	1.0		1.26							-1.0			1.72										-1.0			1.71	-0.0	-0.0	-0.89	-0.0	-0.0	-0.43	1.35	-0.89	0.01	0.01	75.13					1	0.0	0.0	-0.89	0.0	0.0	-0.41	-0.89	0.0	0.0	40.98					0.0	0.0	0.04	0.0	0.0	-0.06	0.04	0.0	0.0	7.3					0.0	0.0	0.52	0.0	0.0	0.22	0.52	0.0	0.0	7.3					-0.0	-0.0	0.3600000000000001	-0.0	-0.0	0.2857142857142889	0.3600000000000001	0.0055225470165337544	0.005494441016403506	75.13400443479863				
2022-04-26 07:00:00	0	1.26	1.26	1.26	1.26	1.26	RAD.MI	1.16	1.16	1.16	1.16	1.33	0.97	-1.0	-1.0	1.0	0	-1.0	-1.0	1.0	-1.0	-1.0	1.0									-1.0			1.72	1.16									-1.0			1.71	-0.0	-0.0	-0.89	-0.0	-0.0	-0.43	1.35	-0.89	0.01	0.01	75.13					1	0.0	0.0	-0.89	0.0	0.0	-0.41	-0.89	0.0	0.0	40.98					0.0	0.0	0.04	0.0	0.0	-0.06	0.04	0.0	0.0	7.3					0.0	0.0	0.52	0.0	0.0	0.22	0.52	0.0	0.0	7.3					-0.0	-0.0	0.3600000000000001	-0.0	-0.0	0.2857142857142889	0.3600000000000001	0.0055225470165337544	0.005494441016403506	75.13400443479863				
2022-04-27 07:00:00	0	1.26	1.26	1.26	1.26	1.26	RAD.MI	1.15	1.15	1.15	1.15	1.33	0.97	-1.0	-1.0	1.0	0	-1.0	-1.0	1.0	-1.0	-1.0	1.0									-1.0			1.72										-1.0			1.71	-0.0	-0.0	-0.89	-0.0	-0.0	-0.43	1.35	-0.89	0.01	0.01	73.93					1	0.0	0.0	-0.89	0.0	0.0	-0.41	-0.89	0.0	0.0	37.69					0.0	0.0	0.04	0.0	0.0	-0.06	0.04	0.0	0.0	12.6					0.0	0.0	0.52	0.0	0.0	0.22	0.52	0.0	0.0	12.6					-0.0	-0.0	0.3600000000000001	-0.0	-0.0	0.2857142857142889	0.3600000000000001	0.005187027812723318	0.005160350639602962	73.92660001823349				
2022-04-28 07:00:00	3000	1.29	1.26	1.29	1.26	1.26	RAD.MI	1.17	1.17	1.14	1.14	1.33	0.97	-1.0	-1.0	1.0	0	-1.0	-1.0	1.0	-1.0	-1.0	1.0	1.29								-1.0			1.72										-1.0			1.71	-0.0	-0.0	-0.89	-0.0	-0.0	-0.43	1.35	-0.89	0.01	0.01	73.35					1	0.0	0.0	-0.89	0.0	0.0	-0.41	-0.89	0.0	0.0	36.08					0.0	0.0	0.04	0.0	0.0	-0.06	0.04	0.0	0.0	16.43					0.0	0.0	0.52	0.0	0.0	0.22	0.52	0.0	0.0	16.43					-0.0	-0.0	0.3600000000000001	-0.0	-0.0	0.2857142857142889	0.3600000000000001	0.005038508108001971	0.005012451595398648	73.35466313316091				
2022-04-29 07:00:00	1500	1.28	1.26	1.28	1.26	1.26	RAD.MI	1.15	1.15	1.13	1.13	1.33	0.97	-1.0	-1.0	1.0	0	-1.0	-1.0	1.0	-1.0	-1.0	1.0									-1.0			1.72										-1.0			1.71	-0.0	-0.0	-0.89	-0.0	-0.0	-0.43	1.35	-0.89	0.01	0.01	85.42					1	0.0	0.0	-0.89	0.0	0.0	-0.41	-0.89	0.0	0.0	46.56					0.0	0.0	0.04	0.0	0.0	-0.06	0.04	0.0	0.0	11.6					0.0	0.0	0.52	0.0	0.0	0.22	0.52	0.0	0.0	11.6					-0.0	-0.0	0.3600000000000001	-0.0	-0.0	0.2857142857142889	0.3600000000000001	0.005360070205623264	0.00533665507722092	85.42486553624863				
2022-05-02 07:00:00	3000	1.23	1.23	1.23	1.23	1.23	RAD.MI	1.13	1.13	1.13	1.13	1.33	0.97	-1.0	-1.0	1.0	0	-1.0	-1.0	1.0	-1.0	-1.0	1.0									-1.0			1.72										-1.0			1.71	0.03	0.03	-0.86	0.02	0.02	-0.42	1.35	-0.86	0.01	0.01	91.78					1	-0.0	-0.0	-0.89	-0.0	-0.0	-0.41	-0.89	0.0	0.0	52.04					-0.03	-0.03	0.01	-0.02	-0.02	-0.08	0.01	0.0	0.0	5.76					-0.03	-0.03	0.49	-0.02	-0.02	0.19	0.49	0.0	0.0	5.76					0.030000000000000027	0.030000000000000027	0.3900000000000001	0.023809523809523836	0.02409755157906053	0.3170731707317105	0.3900000000000001	0.005748562834377148	0.005725674664964542	91.78049202508966				
2022-05-03 07:00:00	500	1.2	1.2	1.2	1.2	1.2	RAD.MI	1.08	1.08	1.08	1.08	1.31	0.97	-1.0	-1.0	1.0	-1	-1.0	-1.0	1.0	-1.0	-1.0	1.0									-1.0			1.72		1.08								-1.0			1.71	0.03	0.03	-0.83	0.02	0.02	-0.4	1.35	-0.83	0.01	0.01	91.94					1	-0.0	-0.0	-0.89	-0.0	-0.0	-0.41	-0.89	0.0	0.0	52.04					-0.03	-0.03	-0.02	-0.02	-0.02	-0.1	-0.02	0.0	0.0	5.34					-0.03	-0.03	0.46	-0.02	-0.02	0.17	0.46	0.0	0.0	5.34					0.030000000000000027	0.030000000000000027	0.42000000000000015	0.024390243902439046	0.02469261259037152	0.3500000000000034	0.42000000000000015	0.0057956577824114066	0.005772595706621697	91.93712816827723				
2022-05-04 07:00:00	2000	1.2	1.2	1.2	1.2	1.2	RAD.MI	1.1	1.1	1.1	1.1	1.31	0.97	-1.0	-1.0	1.0	-1	-1.0	-1.0	1.0	-1.0	-1.0	1.0									-1.0			1.72	1.1									-1.0			1.71	-0.0	-0.0	-0.83	-0.0	-0.0	-0.4	1.35	-0.83	0.01	0.01	91.1					1	-0.0	-0.0	-0.89	-0.0	-0.0	-0.41	-0.89	0.0	0.0	52.04					0.0	0.0	-0.02	0.0	0.0	-0.1	-0.02	0.0	0.0	10.16					0.0	0.0	0.46	0.0	0.0	0.17	0.46	0.0	0.0	10.16					-0.0	-0.0	0.42000000000000015	-0.0	-0.0	0.3500000000000034	0.42000000000000015	0.005551192805389138	0.00552902634651975	91.10136775741873				
2022-05-05 07:00:00	7500	1.2	1.18	1.2	1.18	1.18	RAD.MI	1.1	1.1	1.08	1.08	1.31	0.97	-1.0	-1.0	1.0	-1	-1.0	-1.0	1.0	-1.0	-1.0	1.0									-1.0			1.72		1.08								-1.0			1.71	0.02	0.02	-0.81	0.02	0.02	-0.39	1.35	-0.81	0.01	0.01	91.55					1	0.02	0.02	-0.87	0.02	0.02	-0.4	-0.87	0.0	0.0	53.32					-0.02	-0.02	-0.04	-0.02	-0.02	-0.12	-0.04	0.0	0.0	6.37					-0.02	-0.02	0.44	-0.02	-0.02	0.15	0.44	0.0	0.0	6.37					0.020000000000000018	0.020000000000000018	0.44000000000000017	0.01666666666666672	0.01680711831638129	0.37288135593220684	0.44000000000000017	0.005680607616425274	0.0056579692311200525	91.55086661932492				
2022-05-06 07:00:00	0	1.18	1.18	1.18	1.18	1.18	RAD.MI	1.1	1.1	1.1	1.1	1.31	0.97	-1.0	-1.0	1.0	-1	-1.0	-1.0	1.0	-1.0	-1.0	1.0									-1.0			1.72										-1.0			1.71	-0.0	-0.0	-0.81	-0.0	-0.0	-0.39	1.35	-0.81	0.01	0.01	91.55					1	-0.0	-0.0	-0.87	-0.0	-0.0	-0.4	-0.87	0.0	0.0	53.32					0.0	0.0	-0.04	0.0	0.0	-0.12	-0.04	0.0	0.0	6.37					0.0	0.0	0.44	0.0	0.0	0.15	0.44	0.0	0.0	6.37					-0.0	-0.0	0.44000000000000017	-0.0	-0.0	0.37288135593220684	0.44000000000000017	0.005680607616425274	0.0056579692311200525	91.55086661932492				
2022-05-09 07:00:00	3000	1.16	1.16	1.16	1.16	1.16	RAD.MI	1.11	1.11	1.11	1.11	1.31	0.97	-1.0	-1.0	1.0	-1	-1.0	-1.0	1.0	-1.0	-1.0	1.0		1.16							-1.0			1.72	1.11									-1.0			1.71	0.02	0.02	-0.79	0.02	0.02	-0.38	1.35	-0.79	0.01	0.01	91.13					1	0.02	0.02	-0.85	0.02	0.02	-0.39	-0.85	0.0	0.0	54.56					-0.02	-0.02	-0.06	-0.02	-0.02	-0.13	-0.06	0.0	0.0	7.48					-0.02	-0.02	0.42	-0.02	-0.02	0.13	0.42	0.0	0.0	7.48					0.020000000000000018	0.020000000000000018	0.4600000000000002	0.016949152542372947	0.017094433359300183	0.3965517241379346	0.4600000000000002	0.005559753117554855	0.005537555595030996	91.13160763807443				
2022-05-10 07:00:00	6000	1.16	1.16	1.16	1.16	1.16	RAD.MI	1.1	1.1	1.1	1.1	1.31	0.97	-1.0	-1.0	1.0	-1	-1.0	-1.0	1.0	-1.0	-1.0	1.0									-1.0			1.72										-1.0			1.71	-0.0	-0.0	-0.79	-0.0	-0.0	-0.38	1.35	-0.79	0.01	0.01	98.59					1	-0.0	-0.0	-0.85	-0.0	-0.0	-0.39	-0.85	0.0	0.0	61.29					0.0	0.0	-0.06	0.0	0.0	-0.13	-0.06	0.0	0.0	5.05					0.0	0.0	0.42	0.0	0.0	0.13	0.42	0.0	0.0	5.05					-0.0	-0.0	0.4600000000000002	-0.0	-0.0	0.3965517241379346	0.4600000000000002	0.00577596703298661	0.005755170165451462	98.58870949666236				
2022-05-11 07:00:00	4000	1.2	1.18	1.2	1.18	1.18	RAD.MI	1.1	1.1	1.09	1.09	1.31	0.97	-1.0	-1.0	1.0	-1	-1.0	-1.0	1.0	-1.0	-1.0	1.0	1.2			1.18					-1.0			1.72										-1.0			1.71	-0.02	-0.02	-0.81	-0.02	-0.02	-0.39	1.35	-0.81	0.01	0.01	92.03					1	-0.02	-0.02	-0.87	-0.02	-0.02	-0.4	-0.87	0.0	0.0	53.9					0.02	0.02	-0.04	0.02	0.02	-0.12	-0.04	0.0	0.0	11.25					0.02	0.02	0.44	0.02	0.02	0.15	0.44	0.0	0.0	11.25					-0.020000000000000018	-0.020000000000000018	0.44000000000000017	-0.01724137931034475	-0.01709443335930004	0.37288135593220706	0.44000000000000017	0.0053783224559146485	0.005357109246789449	92.03366388815616				
2022-05-12 07:00:00	5000	1.18	1.16	1.16	1.16	1.16	RAD.MI	1.07	1.09	1.07	1.07	1.31	0.97	-1.0	-1.0	-1.0	-1	-1.0	-1.0	1.0	-1.0	-1.0	1.0		1.16							-1.0			1.72		1.07		1.07						-1.0			1.71	0.02	0.02	-0.79	0.02	0.02	-0.38	1.35	-0.79	0.01	0.01	92.52					1	0.02	0.02	-0.85	0.02	0.02	-0.39	-0.85	0.0	0.0	55.17					-0.02	-0.02	-0.06	-0.02	-0.02	-0.13	-0.06	0.0	0.0	7.32					-0.02	-0.02	0.42	-0.02	-0.02	0.13	0.42	0.0	0.0	7.32					0.020000000000000018	0.020000000000000018	0.4600000000000002	0.016949152542372947	0.017094433359300183	0.3965517241379348	0.4600000000000002	0.00550994959278126	0.005488266681635601	92.51659939509175				
2022-05-13 07:00:00	2500	1.2	1.2	1.2	1.2	1.2	RAD.MI	1.09	1.09	1.09	1.09	1.31	0.97	-1.0	-1.0	-1.0	-1	-1.0	-1.0	1.0	-1.0	-1.0	1.0									-1.0			1.72										-1.0			1.71	-0.04	-0.04	-0.83	-0.03	-0.03	-0.4	1.34	-0.83	0.01	0.01	84.16					1	-0.04	-0.04	-0.89	-0.03	-0.03	-0.41	-0.89	0.0	0.0	47.72					0.04	0.04	-0.02	0.03	0.03	-0.1	-0.02	0.0	0.0	10.26					0.04	0.04	0.46	0.03	0.03	0.17	0.46	0.0	0.0	10.26					-0.040000000000000036	-0.040000000000000036	0.42000000000000015	-0.034482758620689724	-0.033901551675681416	0.3500000000000034	0.42000000000000015	0.005272114606617705	0.005248801183444618	84.15945129696689				
2022-05-16 07:00:00	4000	1.25	1.21	1.21	1.25	1.25	RAD.MI	1.1	1.14	1.1	1.14	1.31	0.97	-1.0	-1.0	-1.0	-1	-1.0	-1.0	1.0	-1.0	-1.0	1.0									-1.0			1.72	1.14		1.14							-1.0			1.71	-0.05	-0.05	-0.88	-0.04	-0.04	-0.43	1.31	-0.88	0.01	0.0	75.5					1	-0.05	-0.05	-0.94	-0.04	-0.04	-0.44	-0.94	0.0	0.0	39.99					0.05	0.05	0.03	0.04	0.04	-0.07	0.03	0.0	0.0	13.44					0.05	0.05	0.51	0.04	0.04	0.21	0.51	0.0	0.0	13.44					-0.050000000000000044	-0.050000000000000044	0.3700000000000001	-0.04166666666666674	-0.0408219945202552	0.29600000000000315	0.3700000000000001	0.005010198203007581	0.004984988666432599	75.49715141399398				
2022-05-17 07:00:00	1000	1.25	1.25	1.25	1.25	1.25	RAD.MI	1.12	1.12	1.12	1.12	1.31	0.97	-1.0	-1.0	-1.0	-1	-1.0	-1.0	1.0	-1.0	-1.0	1.0	1.25		1.25						-1.0			1.72										-1.0			1.71	-0.0	-0.0	-0.88	-0.0	-0.0	-0.43	1.31	-0.88	0.01	0.0	75.5					1	-0.0	-0.0	-0.94	-0.0	-0.0	-0.44	-0.94	0.0	0.0	39.99					0.0	0.0	0.03	0.0	0.0	-0.07	0.03	0.0	0.0	13.44					0.0	0.0	0.51	0.0	0.0	0.21	0.51	0.0	0.0	13.44					-0.0	-0.0	0.3700000000000001	-0.0	-0.0	0.29600000000000315	0.3700000000000001	0.005010198203007581	0.004984988666432599	75.49715141399398				
2022-05-18 07:00:00	500	1.22	1.22	1.22	1.22	1.22	RAD.MI	1.11	1.11	1.11	1.11	1.31	0.97	-1.0	-1.0	-1.0	-1	-1.0	-1.0	1.0	-1.0	-1.0	1.0									-1.0			1.72										-1.0			1.71	0.03	0.03	-0.85	0.02	0.02	-0.41	1.29	-0.85	0.01	0.01	76.21					1	0.03	0.03	-0.91	0.02	0.02	-0.42	-0.91	0.0	0.0	41.81					-0.03	-0.03	0.0	-0.02	-0.02	-0.09	0.0	0.0	0.0	9.26					-0.03	-0.03	0.48	-0.02	-0.02	0.18	0.48	0.0	0.0	9.26					0.030000000000000027	0.030000000000000027	0.40000000000000013	0.02400000000000002	0.024292692569044587	0.32786885245901987	0.40000000000000013	0.005192393397275415	0.005166433846533813	76.21010909202091				
2022-05-19 07:00:00	1000	1.21	1.21	1.21	1.21	1.21	RAD.MI	1.1	1.1	1.1	1.1	1.31	0.97	-1.0	-1.0	-1.0	-1	-1.0	-1.0	1.0	-1.0	-1.0	1.0		1.21							-1.0			1.72		1.1								-1.0			1.71	0.01	0.01	-0.84	0.01	0.01	-0.41	1.29	-0.84	0.01	0.01	81.79					1	0.01	0.01	-0.9	0.01	0.01	-0.42	-0.9	0.0	0.0	47.47					-0.01	-0.01	-0.01	-0.01	-0.01	-0.1	-0.01	0.0	0.0	4.69					-0.01	-0.01	0.47	-0.01	-0.01	0.17	0.47	0.0	0.0	4.69					0.010000000000000009	0.010000000000000009	0.41000000000000014	0.008196721311475419	0.00823049913651548	0.3388429752066149	0.41000000000000014	0.00546884438224218	0.005443943378917071	81.79048993463554				
2022-05-20 07:00:00	0	1.21	1.21	1.21	1.21	1.21	RAD.MI	1.1	1.1	1.1	1.1	1.31	0.97	-1.0	-1.0	-1.0	-1	-1.0	-1.0	1.0	-1.0	-1.0	1.0									-1.0			1.72										-1.0			1.71	-0.0	-0.0	-0.84	-0.0	-0.0	-0.41	1.29	-0.84	0.01	0.01	81.79					1	-0.0	-0.0	-0.9	-0.0	-0.0	-0.42	-0.9	0.0	0.0	47.47					0.0	0.0	-0.01	0.0	0.0	-0.1	-0.01	0.0	0.0	4.69					0.0	0.0	0.47	0.0	0.0	0.17	0.47	0.0	0.0	4.69					-0.0	-0.0	0.41000000000000014	-0.0	-0.0	0.3388429752066149	0.41000000000000014	0.00546884438224218	0.005443943378917071	81.79048993463554				
2022-05-23 07:00:00	3500	1.25	1.22	1.24	1.22	1.22	RAD.MI	1.12	1.13	1.1	1.1	1.31	0.97	-1.0	-1.0	-1.0	-1	-1.0	-1.0	1.0	-1.0	-1.0	1.0									-1.0			1.72										-1.0			1.71	-0.01	-0.01	-0.85	-0.01	-0.01	-0.41	1.29	-0.85	0.01	0.01	77.92					1	-0.01	-0.01	-0.91	-0.01	-0.01	-0.42	-0.91	0.0	0.0	43.23					0.01	0.01	0.0	0.01	0.01	-0.09	0.0	0.0	0.0	8.26					0.01	0.01	0.48	0.01	0.01	0.18	0.48	0.0	0.0	8.26					-0.010000000000000009	-0.010000000000000009	0.40000000000000013	-0.008264462809917328	-0.008230499136515444	0.32786885245901987	0.40000000000000013	0.005233871957102249	0.005208222317224953	77.91935230553221				
2022-05-24 07:00:00	500	1.24	1.24	1.24	1.24	1.24	RAD.MI	1.13	1.13	1.13	1.13	1.31	0.97	-1.0	-1.0	-1.0	-1	-1.0	-1.0	1.0	-1.0	-1.0	1.0									-1.0			1.72	1.13									-1.0			1.71	-0.02	-0.02	-0.87	-0.02	-0.02	-0.42	1.29	-0.87	0.0	0.0	72.77					1	-0.02	-0.02	-0.93	-0.02	-0.02	-0.43	-0.93	0.0	0.0	37.61					0.02	0.02	0.02	0.02	0.02	-0.07	0.02	0.0	0.0	12.86					0.02	0.02	0.5	0.02	0.02	0.2	0.5	0.0	0.0	12.86					-0.020000000000000018	-0.020000000000000018	0.3800000000000001	-0.016393442622950838	-0.016260520871780326	0.3064516129032291	0.3800000000000001	0.00492819694182398	0.004901778421577907	72.77041917351768				
2022-05-25 07:00:00	0	1.24	1.24	1.24	1.24	1.24	RAD.MI	1.12	1.12	1.12	1.12	1.31	0.97	-1.0	-1.0	-1.0	-1	-1.0	-1.0	1.0	-1.0	-1.0	1.0	1.24								-1.0			1.72										-1.0			1.71	-0.0	-0.0	-0.87	-0.0	-0.0	-0.42	1.29	-0.87	0.01	0.01	76.15					1	-0.0	-0.0	-0.93	-0.0	-0.0	-0.43	-0.93	0.0	0.0	41.18					0.0	0.0	0.02	0.0	0.0	-0.07	0.02	0.0	0.0	12.37					0.0	0.0	0.5	0.0	0.0	0.2	0.5	0.0	0.0	12.37					-0.0	-0.0	0.3800000000000001	-0.0	-0.0	0.3064516129032291	0.3800000000000001	0.005110492811094314	0.0050849527802911965	76.15230319987867				
2022-05-26 07:00:00	0	1.24	1.24	1.24	1.24	1.24	RAD.MI	1.1	1.1	1.1	1.1	1.31	0.97	-1.0	-1.0	-1.0	-1	-1.0	-1.0	1.0	-1.0	-1.0	1.0									-1.0			1.72										-1.0			1.71	-0.0	-0.0	-0.87	-0.0	-0.0	-0.42	1.28	-0.87	0.01	0.01	76.15					1	-0.0	-0.0	-0.93	-0.0	-0.0	-0.43	-0.93	0.0	0.0	41.18					0.0	0.0	0.02	0.0	0.0	-0.07	0.02	0.0	0.0	12.37					0.0	0.0	0.5	0.0	0.0	0.2	0.5	0.0	0.0	12.37					-0.0	-0.0	0.3800000000000001	-0.0	-0.0	0.3064516129032291	0.3800000000000001	0.005110492811094314	0.0050849527802911965	76.15230319987867				
2022-05-27 07:00:00	1500	1.24	1.2	1.24	1.2	1.2	RAD.MI	1.1	1.1	1.06	1.06	1.31	0.97	-1.0	-1.0	-1.0	-1	-1.0	-1.0	1.0	-1.0	-1.0	1.0									-1.0			1.72										-1.0			1.71	0.04	0.04	-0.83	0.03	0.03	-0.4	1.25	-0.83	0.01	0.01	77.08					1	0.04	0.04	-0.89	0.03	0.03	-0.41	-0.89	0.0	0.0	43.5					-0.04	-0.04	-0.02	-0.03	-0.03	-0.1	-0.02	0.0	0.0	7.69					-0.04	-0.04	0.46	-0.03	-0.03	0.17	0.46	0.0	0.0	7.69					0.040000000000000036	0.040000000000000036	0.42000000000000015	0.032258064516129115	0.032789822822990956	0.35000000000000364	0.42000000000000015	0.005356416482266746	0.0053298550092122365	77.08033047046302				
2022-05-30 07:00:00	0	1.2	1.2	1.2	1.2	1.2	RAD.MI	1.06	1.06	1.06	1.06	1.31	0.97	-1.0	-1.0	-1.0	-1	-1.0	-1.0	1.0	-1.0	-1.0	1.0									-1.0			1.72										-1.0			1.71	-0.0	-0.0	-0.83	-0.0	-0.0	-0.4	1.25	-0.83	0.01	0.01	80.46					1	-0.0	-0.0	-0.89	-0.0	-0.0	-0.41	-0.89	0.0	0.0	47.02					0.0	0.0	-0.02	0.0	0.0	-0.1	-0.02	0.0	0.0	7.18					0.0	0.0	0.46	0.0	0.0	0.17	0.46	0.0	0.0	7.18					-0.0	-0.0	0.42000000000000015	-0.0	-0.0	0.35000000000000364	0.42000000000000015	0.005540557164426085	0.00551492000587106	80.4611014868756				
2022-05-31 07:00:00	1000	1.19	1.19	1.19	1.19	1.19	RAD.MI	1.06	1.06	1.06	1.06	1.31	0.97	-1.0	-1.0	-1.0	-1	-1.0	-1.0	1.0	-1.0	-1.0	1.0									-1.0			1.72										-1.0			1.71	0.01	0.01	-0.82	0.01	0.01	-0.4	1.25	-0.82	0.01	0.01	85.08					1	0.01	0.01	-0.88	0.01	0.01	-0.41	-0.88	0.0	0.0	51.87					-0.01	-0.01	-0.03	-0.01	-0.01	-0.11	-0.03	0.0	0.0	3.16					-0.01	-0.01	0.45	-0.01	-0.01	0.16	0.45	0.0	0.0	3.16					0.010000000000000009	0.010000000000000009	0.43000000000000016	0.008333333333333304	0.00836824967051658	0.36134453781512965	0.43000000000000016	0.005802697446574933	0.005777946101931386	85.08173566671147				
2022-06-01 07:00:00	1000	1.18	1.18	1.18	1.18	1.18	RAD.MI	1.06	1.06	1.06	1.06	1.31	0.97	-1.0	-1.0	-1.0	-1	-1.0	-1.0	1.0	-1.0	-1.0	1.0									-1.0			1.72										-1.0			1.71	0.01	0.01	-0.81	0.01	0.01	-0.39	1.25	-0.81	0.01	0.01	84.46					1	0.01	0.01	-0.87	0.01	0.01	-0.4	-0.87	0.0	0.0	50.3					-0.01	-0.01	-0.04	-0.01	-0.01	-0.12	-0.04	0.0	0.0	4.76					-0.01	-0.01	0.44	-0.01	-0.01	0.15	0.44	0.0	0.0	4.76					0.010000000000000009	0.010000000000000009	0.44000000000000017	0.008403361344537785	0.008438868645864595	0.37288135593220684	0.44000000000000017	0.005613528252343182	0.005589496653914727	84.45878493371748				
2022-06-02 07:00:00	0	1.18	1.18	1.18	1.18	1.18	RAD.MI	1.05	1.05	1.05	1.05	1.31	0.97	-1.0	-1.0	-1.0	-1	-1.0	-1.0	1.0	-1.0	-1.0	1.0		1.18							-1.0			1.72		1.05								-1.0			1.71	-0.0	-0.0	-0.81	-0.0	-0.0	-0.39	1.25	-0.81	0.01	0.01	92.34					1	-0.0	-0.0	-0.87	-0.0	-0.0	-0.4	-0.87	0.0	0.0	57.37					0.0	0.0	-0.04	0.0	0.0	-0.12	-0.04	0.0	0.0	1.92					0.0	0.0	0.44	0.0	0.0	0.15	0.44	0.0	0.0	1.92					-0.0	-0.0	0.44000000000000017	-0.0	-0.0	0.37288135593220684	0.44000000000000017	0.005850853950682201	0.005828495710950898	92.34085737314288				
2022-06-03 07:00:00	0	1.18	1.18	1.18	1.18	1.18	RAD.MI	1.07	1.07	1.07	1.07	1.31	0.97	-1.0	-1.0	-1.0	-1	-1.0	-1.0	1.0	-1.0	-1.0	1.0									-1.0			1.72	1.07									-1.0			1.71	-0.0	-0.0	-0.81	-0.0	-0.0	-0.39	1.25	-0.81	0.01	0.01	92.01					1	-0.0	-0.0	-0.87	-0.0	-0.0	-0.4	-0.87	0.0	0.0	56.52					0.0	0.0	-0.04	0.0	0.0	-0.12	-0.04	0.0	0.0	5.36					0.0	0.0	0.44	0.0	0.0	0.15	0.44	0.0	0.0	5.36					-0.0	-0.0	0.44000000000000017	-0.0	-0.0	0.37288135593220684	0.44000000000000017	0.005748891714456848	0.0057268929859704	92.01093120641492				
2022-06-06 07:00:00	0	1.18	1.18	1.18	1.18	1.18	RAD.MI	1.05	1.05	1.05	1.05	1.31	0.97	-1.0	-1.0	-1.0	-1	-1.0	-1.0	1.0	-1.0	-1.0	1.0									-1.0			1.72		1.05								-1.0			1.71	-0.0	-0.0	-0.81	-0.0	-0.0	-0.39	1.25	-0.81	0.01	0.01	104.23					1	-0.0	-0.0	-0.87	-0.0	-0.0	-0.4	-0.87	0.0	0.0	66.92					0.0	0.0	-0.04	0.0	0.0	-0.12	-0.04	0.0	-0.0	0.47					0.0	0.0	0.44	0.0	0.0	0.15	0.44	0.0	-0.0	0.47					-0.0	-0.0	0.44000000000000017	-0.0	-0.0	0.37288135593220684	0.44000000000000017	0.006016711640976197	0.005996789611876885	104.2305393550896				
2022-06-07 07:00:00	2500	1.2	1.17	1.17	1.2	1.2	RAD.MI	1.05	1.08	1.05	1.08	1.31	0.97	-1.0	-1.0	-1.0	-1	-1.0	-1.0	1.0	-1.0	-1.0	1.0									-1.0			1.72										-1.0			1.71	-0.02	-0.02	-0.83	-0.02	-0.02	-0.4	1.25	-0.83	0.01	0.01	105.86					1	-0.02	-0.02	-0.89	-0.02	-0.02	-0.41	-0.89	0.0	0.0	61.36					0.02	0.02	-0.02	0.02	0.02	-0.1	-0.02	-0.0	-0.0	-0.35					0.02	0.02	0.46	0.02	0.02	0.17	0.46	-0.0	-0.0	-0.35					-0.020000000000000018	-0.020000000000000018	0.42000000000000015	-0.016949152542372836	-0.01680711831638119	0.3500000000000034	0.42000000000000015	0.006033271178951576	0.006013552301137537	105.85808433552484				
2022-06-08 07:00:00	0	1.2	1.2	1.2	1.2	1.2	RAD.MI	1.08	1.08	1.08	1.08	1.31	0.97	-1.0	-1.0	-1.0	-1	-1.0	-1.0	1.0	-1.0	-1.0	1.0	1.2								-1.0			1.72										-1.0			1.71	-0.0	-0.0	-0.83	-0.0	-0.0	-0.4	1.25	-0.83	0.01	0.01	105.4					1	-0.0	-0.0	-0.89	-0.0	-0.0	-0.41	-0.89	0.0	0.0	67.18					0.0	0.0	-0.02	0.0	0.0	-0.1	-0.02	0.0	0.0	3.69					0.0	0.0	0.46	0.0	0.0	0.17	0.46	0.0	0.0	3.69					-0.0	-0.0	0.42000000000000015	-0.0	-0.0	0.3500000000000034	0.42000000000000015	0.005887420882517668	0.005868169973615611	105.39786480218274				
2022-06-09 07:00:00	0	1.2	1.2	1.2	1.2	1.2	RAD.MI	1.1	1.1	1.1	1.1	1.31	0.97	-1.0	-1.0	-1.0	-1	-1.0	-1.0	1.0	-1.0	-1.0	1.0									-1.0			1.72	1.1									-1.0			1.71	-0.0	-0.0	-0.83	-0.0	-0.0	-0.4	1.25	-0.83	0.01	0.01	104.74					1	-0.0	-0.0	-0.89	-0.0	-0.0	-0.41	-0.89	0.0	0.0	74.37					0.0	0.0	-0.02	0.0	0.0	-0.1	-0.02	0.0	0.0	8.36					0.0	0.0	0.46	0.0	0.0	0.17	0.46	0.0	0.0	8.36					-0.0	-0.0	0.42000000000000015	-0.0	-0.0	0.3500000000000034	0.42000000000000015	0.0056886682613920435	0.0056700460688032805	104.73975199136396				
2022-06-10 07:00:00	19000	1.16	1.11	1.16	1.12	1.12	RAD.MI	1.12	1.12	1.08	1.08	1.31	0.97	-1.0	-1.0	-1.0	-1	-1.0	-1.0	1.0	-1.0	-1.0	1.0									-1.0			1.72										-1.0			1.71	0.08	0.08	-0.75	0.07	0.07	-0.36	1.25	-0.75	0.01	0.01	105.85					1	0.08	0.08	-0.81	0.07	0.07	-0.37	-0.81	0.0	0.0	85.81					-0.08	-0.08	-0.1	-0.07	-0.07	-0.16	-0.1	0.0	0.0	5.09					-0.08	-0.08	0.38	-0.07	-0.07	0.09	0.38	0.0	0.0	5.09					0.07999999999999985	0.07999999999999985	0.5	0.06666666666666654	0.06899287148695131	0.44642857142857495	0.5	0.006029829662887566	0.006010121891710352	105.84743613790141				
2022-06-13 07:00:00	4000	1.12	1.01	1.12	1.01	1.01	RAD.MI	1.12	1.12	1.01	1.01	1.31	0.97	-1.0	-1.0	-1.0	-1	-1.0	-1.0	1.0	-1.0	-1.0	1.0		1.01							-1.0			1.72		1.01		1.01						-1.0			1.71	0.11	0.11	-0.64	0.1	0.1	-0.29	1.25	-0.64	0.01	0.01	120.93					1	0.11	0.11	-0.7	0.1	0.1	-0.3	-0.7	0.0	0.0	88.41					-0.11	-0.11	-0.21	-0.1	-0.1	-0.25	-0.21	-0.0	-0.0	-9.2					-0.11	-0.11	0.27	-0.1	-0.1	-0.02	0.27	-0.0	-0.0	-9.2					0.1100000000000001	0.1100000000000001	0.6100000000000001	0.09821428571428581	0.1033783544538352	0.603960396039608	0.6100000000000001	0.007100470852145886	0.007080003125909284	120.93272113966053				
2022-06-14 07:00:00	10500	1.08	1.03	1.04	1.08	1.08	RAD.MI	1.04	1.08	1.03	1.08	1.31	0.97	-1.0	-1.0	-1.0	-1	-1.0	-1.0	1.0	-1.0	-1.0	1.0									-1.0			1.72										-1.0			1.71	-0.07	-0.07	-0.71	-0.07	-0.07	-0.34	1.25	-0.71	0.01	0.01	103.38					1	-0.07	-0.07	-0.77	-0.07	-0.07	-0.35	-0.77	0.0	0.0	78.95					0.07	0.07	-0.14	0.07	0.07	-0.19	-0.14	0.0	0.0	1.28					0.07	0.07	0.34	0.07	0.07	0.05	0.34	0.0	0.0	1.28					-0.07000000000000006	-0.07000000000000006	0.54	-0.06930693069306937	-0.0670107102829603	0.5000000000000038	0.54	0.0067003691691113745	0.006677669185693791	103.37612313238424				
2022-06-15 07:00:00	2000	1.11	1.11	1.11	1.11	1.11	RAD.MI	1.08	1.08	1.08	1.08	1.31	0.97	-1.0	-1.0	-1.0	-1	-1.0	-1.0	1.0	-1.0	-1.0	1.0									-1.0			1.72										-1.0			1.71	-0.03	-0.03	-0.74	-0.03	-0.03	-0.35	1.25	-0.74	0.01	0.01	95.07					1	-0.03	-0.03	-0.8	-0.03	-0.03	-0.36	-0.8	0.0	0.0	79.72					0.03	0.03	-0.11	0.03	0.03	-0.17	-0.11	0.0	0.0	8.25					0.03	0.03	0.37	0.03	0.03	0.08	0.37	0.0	0.0	8.25					-0.030000000000000027	-0.030000000000000027	0.51	-0.0277777777777779	-0.02739897418811456	0.459459459459463	0.51	0.006223815950334465	0.006200465337073524	95.06847390960975				
2022-06-16 07:00:00	0	1.11	1.11	1.11	1.11	1.11	RAD.MI	1.12	1.12	1.12	1.12	1.31	0.97	-1.0	-1.0	-1.0	-1	-1.0	-1.0	1.0	-1.0	-1.0	1.0									-1.0			1.72	1.12		1.12							-1.0			1.71	-0.0	-0.0	-0.74	-0.0	-0.0	-0.35	1.25	-0.74	0.01	0.01	95.07					1	-0.0	-0.0	-0.8	-0.0	-0.0	-0.36	-0.8	0.0	0.0	79.72					0.0	0.0	-0.11	0.0	0.0	-0.17	-0.11	0.0	0.0	8.25					0.0	0.0	0.37	0.0	0.0	0.08	0.37	0.0	0.0	8.25					-0.0	-0.0	0.51	-0.0	-0.0	0.459459459459463	0.51	0.006223815950334465	0.006200465337073524	95.06847390960975				
2022-06-17 07:00:00	0	1.11	1.11	1.11	1.11	1.11	RAD.MI	1.11	1.11	1.11	1.11	1.31	0.97	-1.0	-1.0	-1.0	-1	-1.0	-1.0	1.0	-1.0	-1.0	1.0	1.11								-1.0			1.72										-1.0			1.71	-0.0	-0.0	-0.74	-0.0	-0.0	-0.35	1.25	-0.74	0.01	0.01	102.39					1	-0.0	-0.0	-0.8	-0.0	-0.0	-0.36	-0.8	0.0	0.0	78.62					0.0	0.0	-0.11	0.0	0.0	-0.17	-0.11	0.0	0.0	6.0					0.0	0.0	0.37	0.0	0.0	0.08	0.37	0.0	0.0	6.0					-0.0	-0.0	0.51	-0.0	-0.0	0.459459459459463	0.51	0.006442986697710869	0.006421114676770756	102.3935583013373				
2022-06-20 07:00:00	0	1.11	1.11	1.11	1.11	1.11	RAD.MI	1.1	1.1	1.1	1.1	1.31	0.97	-1.0	-1.0	-1.0	-1	-1.0	-1.0	1.0	-1.0	-1.0	1.0									-1.0			1.72										-1.0			1.71	-0.0	-0.0	-0.74	-0.0	-0.0	-0.35	1.24	-0.74	0.01	0.01	110.11					1	-0.0	-0.0	-0.8	-0.0	-0.0	-0.36	-0.8	0.0	0.0	77.48					0.0	0.0	-0.11	0.0	0.0	-0.17	-0.11	0.0	0.0	3.62					0.0	0.0	0.37	0.0	0.0	0.08	0.37	0.0	0.0	3.62					-0.0	-0.0	0.51	-0.0	-0.0	0.459459459459463	0.51	0.006655697219656662	0.006635253570165922	110.11196275533726				
2022-06-21 07:00:00	0	1.11	1.11	1.11	1.11	1.11	RAD.MI	1.1	1.1	1.1	1.1	1.29	0.97	-1.0	-1.0	-1.0	-1	-1.0	-1.0	1.0	-1.0	-1.0	1.0									-1.0			1.72										-1.0			1.71	-0.0	-0.0	-0.74	-0.0	-0.0	-0.35	1.24	-0.74	0.01	0.01	109.85					1	-0.0	-0.0	-0.8	-0.0	-0.0	-0.36	-0.8	0.0	0.0	82.44					0.0	0.0	-0.11	0.0	0.0	-0.17	-0.11	0.0	0.0	7.1					0.0	0.0	0.37	0.0	0.0	0.08	0.37	0.0	0.0	7.1					-0.0	-0.0	0.51	-0.0	-0.0	0.459459459459463	0.51	0.00655569591754281	0.006535569697875054	109.8511482895623				
2022-06-22 07:00:00	2000	1.09	1.09	1.09	1.09	1.09	RAD.MI	1.09	1.09	1.09	1.09	1.27	0.97	-1.0	-1.0	-1.0	-1	-1.0	-1.0	1.0	-1.0	-1.0	1.0									-1.0			1.72		1.09								-1.0			1.71	0.02	0.02	-0.72	0.02	0.02	-0.34	1.24	-0.72	0.01	0.01	110.23					1	0.02	0.02	-0.78	0.02	0.02	-0.35	-0.78	0.0	0.0	83.24					-0.02	-0.02	-0.13	-0.02	-0.02	-0.19	-0.13	0.0	0.0	3.26					-0.02	-0.02	0.35	-0.02	-0.02	0.06	0.35	0.0	0.0	3.26					0.020000000000000018	0.020000000000000018	0.53	0.018018018018018056	0.018182319083190474	0.48623853211009527	0.53	0.006701154470208334	0.006680565711858932	110.22834508396723				
2022-06-23 07:00:00	0	1.09	1.09	1.09	1.09	1.09	RAD.MI	1.1	1.1	1.1	1.1	1.27	0.97	-1.0	-1.0	-1.0	-1	-1.0	-1.0	1.0	-1.0	-1.0	1.0									-1.0			1.72	1.1									-1.0			1.71	-0.0	-0.0	-0.72	-0.0	-0.0	-0.34	1.24	-0.72	0.01	0.01	109.7					1	-0.0	-0.0	-0.78	-0.0	-0.0	-0.35	-0.78	0.0	0.0	90.67					0.0	0.0	-0.13	0.0	0.0	-0.19	-0.13	0.0	0.0	7.6					0.0	0.0	0.35	0.0	0.0	0.06	0.35	0.0	0.0	7.6					-0.0	-0.0	0.53	-0.0	-0.0	0.48623853211009527	0.53	0.0064973217878004546	0.00647737972176432	109.69578048159492				
2022-06-24 07:00:00	0	1.09	1.09	1.09	1.09	1.09	RAD.MI	1.08	1.08	1.08	1.08	1.27	0.97	-1.0	-1.0	-1.0	-1	-1.0	-1.0	1.0	-1.0	-1.0	1.0									-1.0			1.72										-1.0			1.71	-0.0	-0.0	-0.72	-0.0	-0.0	-0.34	1.2	-0.72	0.01	0.01	109.41					1	-0.0	-0.0	-0.78	-0.0	-0.0	-0.35	-0.78	0.0	0.0	96.09					0.0	0.0	-0.13	0.0	0.0	-0.19	-0.13	0.0	0.0	11.18					0.0	0.0	0.35	0.0	0.0	0.06	0.35	0.0	0.0	11.18					-0.0	-0.0	0.53	-0.0	-0.0	0.48623853211009527	0.53	0.006393424223585965	0.006373807843778501	109.41335946234243				
2022-06-27 07:00:00	7500	1.06	1.02	1.06	1.02	1.02	RAD.MI	1.06	1.06	1.02	1.02	1.27	0.97	-1.0	-1.0	-1.0	-1	-1.0	-1.0	1.0	-1.0	-1.0	1.0									-1.0			1.72										-1.0			1.71	0.07	0.07	-0.65	0.06	0.07	-0.3	1.2	-0.65	0.01	0.01	110.78					1	0.07	0.07	-0.71	0.06	0.07	-0.31	-0.71	0.0	0.0	98.47					-0.07	-0.07	-0.2	-0.06	-0.07	-0.24	-0.2	0.0	0.0	4.13					-0.07	-0.07	0.28	-0.06	-0.07	-0.01	0.28	0.0	0.0	4.13					0.07000000000000006	0.07000000000000006	0.6000000000000001	0.06422018348623859	0.06637506894487269	0.588235294117651	0.6000000000000001	0.006924424775144946	0.006903115890363853	110.7811297466877				
2022-06-28 07:00:00	3000	1.01	1.0	1.01	1.0	1.0	RAD.MI	1.0	1.0	0.99	0.99	1.27	0.97	-1.0	-1.0	-1.0	-1	-1.0	-1.0	1.0	-1.0	-1.0	1.0									-1.0			1.72		0.99								-1.0			1.71	0.02	0.02	-0.63	0.02	0.02	-0.28	1.2	-0.63	0.01	0.01	111.16					1	0.02	0.02	-0.69	0.02	0.02	-0.29	-0.69	0.01	0.01	99.1					-0.02	-0.02	-0.22	-0.02	-0.02	-0.25	-0.22	0.0	-0.0	0.34					-0.02	-0.02	0.26	-0.02	-0.02	-0.03	0.26	0.0	-0.0	0.34					0.020000000000000018	0.020000000000000018	0.6200000000000001	0.019607843137254943	0.019802627296179754	0.6200000000000041	0.6200000000000001	0.007082845793514384	0.007061018486245629	111.15534088522715				
2022-06-29 07:00:00	5000	1.0	0.99	1.0	1.0	1.0	RAD.MI	1.0	1.0	0.99	1.0	1.26	0.97	-1.0	-1.0	-1.0	-1	-1.0	-1.0	1.0	-1.0	-1.0	1.0									-1.0			1.72	1.0									-1.0			1.71	-0.0	-0.0	-0.63	-0.0	-0.0	-0.28	1.2	-0.63	0.01	0.01	111.16					1	-0.0	-0.0	-0.69	-0.0	-0.0	-0.29	-0.69	0.01	0.01	99.1					0.0	0.0	-0.22	0.0	0.0	-0.25	-0.22	0.0	-0.0	0.34					0.0	0.0	0.26	0.0	0.0	-0.03	0.26	0.0	-0.0	0.34					-0.0	-0.0	0.6200000000000001	-0.0	-0.0	0.6200000000000041	0.6200000000000001	0.007082845793514384	0.007061018486245629	111.15534088522715				
2022-06-30 07:00:00	5500	1.01	0.96	1.01	0.96	0.96	RAD.MI	1.04	1.04	0.98	0.98	1.26	0.97	-1.0	-1.0	-1.0	-1	-1.0	-1.0	1.0	-1.0	-1.0	1.0									-1.0			1.72										-1.0			1.71	0.04	0.04	-0.59	0.04	0.04	-0.25	1.2	-0.59	0.01	0.01	111.54					1	0.04	0.04	-0.65	0.04	0.04	-0.27	-0.65	0.01	0.01	107.14					-0.04	-0.04	-0.26	-0.04	-0.04	-0.28	-0.26	-0.0	-0.0	-0.87					-0.04	-0.04	0.22	-0.04	-0.04	-0.07	0.22	-0.0	-0.0	-0.87					0.040000000000000036	0.040000000000000036	0.6600000000000001	0.040000000000000036	0.040821994520255166	0.6875000000000044	0.6600000000000001	0.007251000731306987	0.007228616376478314	111.5372441816904				
2022-07-01 07:00:00	0	0.96	0.96	0.96	0.96	0.96	RAD.MI	0.98	0.98	0.98	0.98	1.26	0.97	-1.0	-1.0	-1.0	-1	-1.0	-1.0	1.0	-1.0	-1.0	1.0									-1.0			1.72		0.98								-1.0			1.71	-0.0	-0.0	-0.59	-0.0	-0.0	-0.25	1.2	-0.59	0.01	0.01	111.04					1	-0.0	-0.0	-0.65	-0.0	-0.0	-0.27	-0.65	0.01	0.01	107.14					0.0	0.0	-0.26	0.0	0.0	-0.28	-0.26	0.0	0.0	3.29					0.0	0.0	0.22	0.0	0.0	-0.07	0.22	0.0	0.0	3.29					-0.0	-0.0	0.6600000000000001	-0.0	-0.0	0.6875000000000044	0.6600000000000001	0.007034771352203634	0.00701310201961558	111.04329950796577				
2022-07-04 07:00:00	0	0.96	0.96	0.96	0.96	0.96	RAD.MI	0.98	0.98	0.98	0.98	1.26	0.97	-1.0	-1.0	-1.0	-1	-1.0	-1.0	1.0	-1.0	-1.0	1.0		0.96							-1.0			1.72										-1.0			1.71	-0.0	-0.0	-0.59	-0.0	-0.0	-0.25	1.2	-0.59	0.01	0.01	121.31					1	-0.0	-0.0	-0.65	-0.0	-0.0	-0.27	-0.65	0.01	0.01	117.6					0.0	0.0	-0.26	0.0	0.0	-0.28	-0.26	-0.0	-0.0	-0.12					0.0	0.0	0.22	0.0	0.0	-0.07	0.22	-0.0	-0.0	-0.12					-0.0	-0.0	0.6600000000000001	-0.0	-0.0	0.6875000000000044	0.6600000000000001	0.007263366434272856	0.0072433702221854634	121.31057146777478				
2022-07-05 07:00:00	1000	0.96	0.96	0.96	0.96	0.96	RAD.MI	1.01	1.01	1.01	1.01	1.26	0.97	-1.0	-1.0	-1.0	-1	-1.0	-1.0	1.0	-1.0	-1.0	1.0									-1.0			1.72	1.01									-1.0			1.71	-0.0	-0.0	-0.59	-0.0	-0.0	-0.25	1.2	-0.59	0.01	0.01	120.69					1	-0.0	-0.0	-0.65	-0.0	-0.0	-0.27	-0.65	0.01	0.01	116.7					0.0	0.0	-0.26	0.0	0.0	-0.28	-0.26	0.0	0.0	4.69					0.0	0.0	0.22	0.0	0.0	-0.07	0.22	0.0	0.0	4.69					-0.0	-0.0	0.6600000000000001	-0.0	-0.0	0.6875000000000044	0.6600000000000001	0.006990613391909492	0.0069714410658836545	120.69044665498146				
2022-07-06 07:00:00	3500	0.96	0.96	0.96	0.96	0.96	RAD.MI	1.0	1.0	1.0	1.0	1.26	0.97	-1.0	-1.0	-1.0	-1	-1.0	-1.0	1.0	-1.0	-1.0	1.0									-1.0			1.72										-1.0			1.71	-0.0	-0.0	-0.59	-0.0	-0.0	-0.25	1.2	-0.59	0.01	0.01	130.33					1	-0.0	-0.0	-0.65	-0.0	-0.0	-0.27	-0.65	0.01	0.01	126.56					0.0	0.0	-0.26	0.0	0.0	-0.28	-0.26	0.0	0.0	1.74					0.0	0.0	0.22	0.0	0.0	-0.07	0.22	0.0	0.0	1.74					-0.0	-0.0	0.6600000000000001	-0.0	-0.0	0.6875000000000044	0.6600000000000001	0.0071971463325531315	0.007179385009641992	130.33212379413447				
2022-07-07 07:00:00	1500	1.0	0.96	0.96	0.98	0.98	RAD.MI	0.97	1.01	0.97	0.99	1.26	0.97	-1.0	-1.0	-1.0	-1	-1.0	-1.0	1.0	-1.0	-1.0	1.0	1.0								-1.0			1.72										-1.0			1.71	-0.02	-0.02	-0.61	-0.02	-0.02	-0.27	1.16	-0.61	0.01	0.01	121.99					1	-0.02	-0.02	-0.67	-0.02	-0.02	-0.28	-0.67	0.01	0.01	117.89					0.02	0.02	-0.24	0.02	0.02	-0.27	-0.24	0.0	0.0	7.66					0.02	0.02	0.24	0.02	0.02	-0.05	0.24	0.0	0.0	7.66					-0.020000000000000018	-0.020000000000000018	0.6400000000000001	-0.02083333333333326	-0.02061928720273561	0.6530612244898002	0.6400000000000001	0.006894064759071001	0.006875370812176929	121.99316902128722				
2022-07-08 07:00:00	9000	0.97	0.95	0.96	0.95	0.95	RAD.MI	0.96	0.97	0.95	0.95	1.26	0.95	-1.0	-1.0	-1.0	-1	-1.0	-1.0	1.0	-1.0	-1.0	1.0									-1.0			1.72		0.95		0.95		0.95				-1.0			1.71	0.03	0.03	-0.58	0.03	0.03	-0.25	1.12	-0.58	0.01	0.01	122.58					1	0.03	0.03	-0.64	0.03	0.03	-0.26	-0.64	0.01	0.01	118.75					-0.03	-0.03	-0.27	-0.03	-0.03	-0.29	-0.27	0.0	0.0	2.89					-0.03	-0.03	0.21	-0.03	-0.03	-0.08	0.21	0.0	0.0	2.89					0.030000000000000027	0.030000000000000027	0.6700000000000002	0.030612244897959218	0.03109058707003112	0.7052631578947413	0.6700000000000002	0.007145898514338254	0.007126453895454743	122.58266639955298				
2022-07-11 07:00:00	41500	0.98	0.95	0.96	0.95	0.95	RAD.MI	0.97	0.99	0.96	0.96	1.26	0.95	-1.0	-1.0	-1.0	-1	-1.0	-1.0	1.0	-1.0	-1.0	1.0									-1.0			1.72										-1.0			1.71	-0.0	-0.0	-0.58	-0.0	-0.0	-0.25	1.11	-0.58	0.01	0.01	132.29					1	-0.0	-0.0	-0.64	-0.0	-0.0	-0.26	-0.64	0.01	0.01	128.65					0.0	0.0	-0.27	0.0	0.0	-0.29	-0.27	-0.0	-0.0	-0.09					0.0	0.0	0.21	0.0	0.0	-0.08	0.21	-0.0	-0.0	-0.09					-0.0	-0.0	0.6700000000000002	-0.0	-0.0	0.7052631578947413	0.6700000000000002	0.007352908507586801	0.0073348821311787216	132.28663012499288				
2022-07-12 07:00:00	0	0.95	0.95	0.95	0.95	0.95	RAD.MI	0.97	0.97	0.97	0.97	1.26	0.95	-1.0	-1.0	-1.0	-1	-1.0	-1.0	1.0	-1.0	-1.0	1.0									-1.0			1.72										-1.0			1.71	-0.0	-0.0	-0.58	-0.0	-0.0	-0.25	1.11	-0.58	0.01	0.01	132.17					1	-0.0	-0.0	-0.64	-0.0	-0.0	-0.26	-0.64	0.01	0.01	128.48					0.0	0.0	-0.27	0.0	0.0	-0.29	-0.27	0.0	0.0	3.15					0.0	0.0	0.21	0.0	0.0	-0.08	0.21	0.0	0.0	3.15					-0.0	-0.0	0.6700000000000002	-0.0	-0.0	0.7052631578947413	0.6700000000000002	0.007298782898529713	0.007280907953827409	132.17093858407955				
2022-07-13 07:00:00	3000	0.95	0.95	0.95	0.95	0.95	RAD.MI	0.97	0.97	0.97	0.97	1.26	0.95	-1.0	-1.0	-1.0	-1	-1.0	-1.0	1.0	-1.0	-1.0	1.0		0.95							-1.0			1.72										-1.0			1.71	-0.0	-0.0	-0.58	-0.0	-0.0	-0.25	1.11	-0.58	0.01	0.01	131.56					1	-0.0	-0.0	-0.64	-0.0	-0.0	-0.26	-0.64	0.01	0.01	127.58					0.0	0.0	-0.27	0.0	0.0	-0.29	-0.27	0.0	0.0	8.26					0.0	0.0	0.21	0.0	0.0	-0.08	0.21	0.0	0.0	8.26					-0.0	-0.0	0.6700000000000002	-0.0	-0.0	0.7052631578947413	0.6700000000000002	0.007022662534655692	0.007005550233101898	131.55639791452842				
2022-07-14 07:00:00	10000	0.95	0.95	0.95	0.95	0.95	RAD.MI	1.01	1.01	1.01	1.01	1.26	0.95	-1.0	-1.0	-1.0	-1	-1.0	-1.0	1.0	-1.0	-1.0	1.0									-1.0			1.72	1.01		1.01							-1.0			1.71	-0.0	-0.0	-0.58	-0.0	-0.0	-0.25	1.11	-0.58	0.01	0.01	131.16					1	-0.0	-0.0	-0.64	-0.0	-0.0	-0.26	-0.64	0.01	0.01	126.99					0.0	0.0	-0.27	0.0	0.0	-0.29	-0.27	0.0	0.0	12.62					0.0	0.0	0.21	0.0	0.0	-0.08	0.21	0.0	0.0	12.62					-0.0	-0.0	0.6700000000000002	-0.0	-0.0	0.7052631578947413	0.6700000000000002	0.006852414204778574	0.0068357638911953345	131.1559059846547				
2022-07-15 07:00:00	0	0.95	0.95	0.95	0.95	0.95	RAD.MI	0.99	0.99	0.99	0.99	1.22	0.95	-1.0	-1.0	-1.0	-1	-1.0	-1.0	1.0	-1.0	-1.0	1.0									-1.0			1.72		0.99								-1.0			1.71	-0.0	-0.0	-0.58	-0.0	-0.0	-0.25	1.11	-0.58	0.01	0.01	130.73					1	-0.0	-0.0	-0.64	-0.0	-0.0	-0.26	-0.64	0.01	0.01	126.35					0.0	0.0	-0.27	0.0	0.0	-0.29	-0.27	0.0	0.0	17.14					0.0	0.0	0.21	0.0	0.0	-0.08	0.21	0.0	0.0	17.14					-0.0	-0.0	0.6700000000000002	-0.0	-0.0	0.7052631578947413	0.6700000000000002	0.006678556102043628	0.006662371085396357	130.72855613384675				
2022-07-18 07:00:00	500	0.98	0.98	0.98	0.98	0.98	RAD.MI	1.01	1.01	1.01	1.01	1.22	0.95	-1.0	-1.0	-1.0	-1	-1.0	-1.0	1.0	-1.0	-1.0	1.0	0.98			0.98					-1.0			1.72	1.01									-1.0			1.71	-0.03	-0.03	-0.61	-0.03	-0.03	-0.27	1.11	-0.61	0.01	0.01	118.11					1	-0.03	-0.03	-0.67	-0.03	-0.03	-0.28	-0.67	0.0	0.0	112.54					0.03	0.03	-0.24	0.03	0.03	-0.27	-0.24	0.0	0.0	29.44					0.03	0.03	0.24	0.03	0.03	-0.05	0.24	0.0	0.0	29.44					-0.030000000000000027	-0.030000000000000027	0.6400000000000001	-0.03157894736842115	-0.03109058707003118	0.6530612244898	0.6400000000000001	0.005871092898196681	0.005855176205856738	118.10540061566465				
2022-07-19 07:00:00	5000	0.95	0.95	0.95	0.95	0.95	RAD.MI	0.96	0.96	0.96	0.96	1.22	0.95	-1.0	-1.0	-1.0	-1	-1.0	-1.0	1.0	-1.0	-1.0	1.0									-1.0			1.72		0.96		0.96						-1.0			1.71	0.03	0.03	-0.58	0.03	0.03	-0.25	1.09	-0.58	0.01	0.01	118.3					1	0.03	0.03	-0.64	0.03	0.03	-0.26	-0.64	0.0	0.0	112.85					-0.03	-0.03	-0.27	-0.03	-0.03	-0.29	-0.27	0.0	0.0	28.71					-0.03	-0.03	0.21	-0.03	-0.03	-0.08	0.21	0.0	0.0	28.71					0.030000000000000027	0.030000000000000027	0.6700000000000002	0.030612244897959218	0.03109058707003112	0.705263157894741	0.6700000000000002	0.005933813005088305	0.005917724947222203	118.30238257025607				
2022-07-20 07:00:00	0	0.95	0.95	0.95	0.95	0.95	RAD.MI	0.97	0.97	0.97	0.97	1.22	0.95	-1.0	-1.0	-1.0	-1	-1.0	-1.0	1.0	-1.0	-1.0	1.0									-1.0			1.72										-1.0			1.71	-0.0	-0.0	-0.58	-0.0	-0.0	-0.25	1.09	-0.58	0.01	0.01	118.1					1	-0.0	-0.0	-0.64	-0.0	-0.0	-0.26	-0.64	0.0	0.0	112.54					0.0	0.0	-0.27	0.0	0.0	-0.29	-0.27	0.0	0.0	32.35					0.0	0.0	0.21	0.0	0.0	-0.08	0.21	0.0	0.0	32.35					-0.0	-0.0	0.6700000000000002	-0.0	-0.0	0.705263157894741	0.6700000000000002	0.005869781051080687	0.005853867933263146	118.10124269873995				
2022-07-21 07:00:00	18500	0.95	0.95	0.95	0.95	0.95	RAD.MI	0.98	0.98	0.98	0.98	1.22	0.95	-1.0	-1.0	-1.0	-1	-1.0	-1.0	1.0	-1.0	-1.0	1.0									-1.0			1.72	0.98									-1.0			1.71	-0.0	-0.0	-0.58	-0.0	-0.0	-0.25	1.09	-0.58	0.01	0.01	117.46					1	-0.0	-0.0	-0.64	-0.0	-0.0	-0.26	-0.64	0.0	0.0	111.53					0.0	0.0	-0.27	0.0	0.0	-0.29	-0.27	0.0	0.0	37.65					0.0	0.0	0.21	0.0	0.0	-0.08	0.21	0.0	0.0	37.65					-0.0	-0.0	0.6700000000000002	-0.0	-0.0	0.705263157894741	0.6700000000000002	0.005674590883290297	0.005659205171471671	117.46463440703414				
2022-07-22 07:00:00	0	0.95	0.95	0.95	0.95	0.95	RAD.MI	0.98	0.98	0.98	0.98	1.22	0.95	-1.0	-1.0	-1.0	-1	-1.0	-1.0	1.0	-1.0	-1.0	1.0		0.95							-1.0			1.72										-1.0			1.71	-0.0	-0.0	-0.58	-0.0	-0.0	-0.25	1.06	-0.58	0.01	0.01	124.47					1	-0.0	-0.0	-0.64	-0.0	-0.0	-0.26	-0.64	0.0	0.0	118.84					0.0	0.0	-0.27	0.0	0.0	-0.29	-0.27	0.0	0.0	36.26					0.0	0.0	0.21	0.0	0.0	-0.08	0.21	0.0	0.0	36.26					-0.0	-0.0	0.6700000000000002	-0.0	-0.0	0.705263157894741	0.6700000000000002	0.0058450125954231475	0.005830592188736716	124.46695524731464				
2022-07-25 07:00:00	0	0.95	0.95	0.95	0.95	0.95	RAD.MI	0.97	0.97	0.97	0.97	1.22	0.95	-1.0	-1.0	-1.0	-1	-1.0	-1.0	1.0	-1.0	-1.0	1.0									-1.0			1.72		0.97								-1.0			1.71	-0.0	-0.0	-0.58	-0.0	-0.0	-0.25	1.01	-0.58	0.01	0.01	124.47					1	-0.0	-0.0	-0.64	-0.0	-0.0	-0.26	-0.64	0.0	0.0	118.84					0.0	0.0	-0.27	0.0	0.0	-0.29	-0.27	0.0	0.0	36.26					0.0	0.0	0.21	0.0	0.0	-0.08	0.21	0.0	0.0	36.26					-0.0	-0.0	0.6700000000000002	-0.0	-0.0	0.705263157894741	0.6700000000000002	0.0058450125954231475	0.005830592188736716	124.46695524731464				
2022-07-26 07:00:00	0	0.95	0.95	0.95	0.95	0.95	RAD.MI	0.98	0.98	0.98	0.98	1.22	0.95	-1.0	-1.0	-1.0	-1	-1.0	-1.0	1.0	-1.0	-1.0	1.0									-1.0			1.72	0.98									-1.0			1.71	-0.0	-0.0	-0.58	-0.0	-0.0	-0.25	1.01	-0.58	0.01	0.01	122.35					1	-0.0	-0.0	-0.64	-0.0	-0.0	-0.26	-0.64	0.0	0.0	115.4					0.0	0.0	-0.27	0.0	0.0	-0.29	-0.27	0.0	0.0	47.81					0.0	0.0	0.21	0.0	0.0	-0.08	0.21	0.0	0.0	47.81					-0.0	-0.0	0.6700000000000002	-0.0	-0.0	0.705263157894741	0.6700000000000002	0.005232279516616468	0.005219355930859315	122.35407612567268				
2022-07-27 07:00:00	4000	0.96	0.95	0.96	0.95	0.95	RAD.MI	0.98	0.98	0.97	0.97	1.22	0.95	-1.0	-1.0	-1.0	-1	-1.0	-1.0	1.0	-1.0	-1.0	1.0									-1.0			1.72		0.97								-1.0			1.71	-0.0	-0.0	-0.58	-0.0	-0.0	-0.25	1.01	-0.58	0.0	0.0	121.21					1	-0.0	-0.0	-0.64	-0.0	-0.0	-0.26	-0.64	0.0	0.0	113.45					0.0	0.0	-0.27	0.0	0.0	-0.29	-0.27	0.0	0.0	55.6					0.0	0.0	0.21	0.0	0.0	-0.08	0.21	0.0	0.0	55.6					-0.0	-0.0	0.6700000000000002	-0.0	-0.0	0.705263157894741	0.6700000000000002	0.004944530694164054	0.004932281885528411	121.21180784520118				
2022-07-28 07:00:00	6500	1.01	0.98	1.0	0.98	0.98	RAD.MI	1.0	1.01	0.98	0.98	1.22	0.95	-1.0	-1.0	-1.0	0	-1.0	-1.0	1.0	-1.0	-1.0	1.0	1.01								-1.0			1.72	1.01									-1.0			1.71	-0.03	-0.03	-0.61	-0.03	-0.03	-0.27	1.01	-0.61	0.0	0.0	129.31					1	-0.03	-0.03	-0.67	-0.03	-0.03	-0.28	-0.67	0.0	0.0	121.56					0.03	0.03	-0.24	0.03	0.03	-0.27	-0.24	0.0	0.0	53.03					0.03	0.03	0.24	0.03	0.03	-0.05	0.24	0.0	0.0	53.03					-0.030000000000000027	-0.030000000000000027	0.6400000000000001	-0.03157894736842115	-0.03109058707003118	0.6530612244898	0.6400000000000001	0.004997691956707581	0.004986000566901572	129.31483105391894				
2022-07-29 07:00:00	0	0.98	0.98	0.98	0.98	0.98	RAD.MI	0.96	0.96	0.96	0.96	1.22	0.95	-1.0	-1.0	-1.0	0	-1.0	-1.0	1.0	-1.0	-1.0	1.0		0.98							-1.0			1.72		0.96		0.96						-1.0			1.71	-0.0	-0.0	-0.61	-0.0	-0.0	-0.27	1.01	-0.61	0.01	0.01	148.46					1	0.0	0.0	-0.67	0.0	0.0	-0.28	-0.67	0.0	0.0	141.13					0.0	0.0	-0.24	0.0	0.0	-0.27	-0.24	0.0	0.0	48.05					0.0	0.0	0.24	0.0	0.0	-0.05	0.24	0.0	0.0	48.05					-0.0	-0.0	0.6400000000000001	-0.0	-0.0	0.6530612244898	0.6400000000000001	0.005207156368222604	0.0051968392005175	148.45830902837102				
2022-08-01 07:00:00	6000	1.05	1.01	1.01	1.05	1.05	RAD.MI	0.98	1.02	0.98	1.02	1.19	0.95	-1.0	-1.0	1.0	0	-1.0	-1.0	1.0	-1.0	-1.0	1.0									-1.0			1.72										-1.0			1.71	-0.07	-0.07	-0.68	-0.07	-0.07	-0.32	1.05	-0.68	0.01	0.01	129.18					1	0.0	0.0	-0.67	0.0	0.0	-0.28	-0.67	0.0	0.0	147.93					0.07	0.07	-0.17	0.07	0.07	-0.22	-0.17	0.0	0.0	54.09					0.07	0.07	0.31	0.07	0.07	0.02	0.31	0.0	0.0	54.09					-0.07000000000000006	-0.07000000000000006	0.5700000000000001	-0.0714285714285714	-0.06899287148695142	0.5428571428571465	0.5700000000000001	0.005103414375098388	0.005092025344781259	129.177492935517				
2022-08-02 07:00:00	0	1.05	1.05	1.05	1.05	1.05	RAD.MI	1.03	1.03	1.03	1.03	1.19	0.95	-1.0	-1.0	1.0	0	-1.0	-1.0	1.0	-1.0	-1.0	1.0	1.05								-1.0			1.72	1.03		1.03		1.03					-1.0			1.71	-0.0	-0.0	-0.68	-0.0	-0.0	-0.32	1.05	-0.68	0.01	0.01	129.18					1	0.0	0.0	-0.67	0.0	0.0	-0.28	-0.67	0.0	0.0	147.93					0.0	0.0	-0.17	0.0	0.0	-0.22	-0.17	0.0	0.0	54.09					0.0	0.0	0.31	0.0	0.0	0.02	0.31	0.0	0.0	54.09					-0.0	-0.0	0.5700000000000001	-0.0	-0.0	0.5428571428571465	0.5700000000000001	0.005103414375098388	0.005092025344781259	129.177492935517				
2022-08-03 07:00:00	0	1.05	1.05	1.05	1.05	1.05	RAD.MI	1.02	1.02	1.02	1.02	1.19	0.95	-1.0	-1.0	1.0	0	-1.0	-1.0	1.0	-1.0	-1.0	1.0									-1.0			1.72										-1.0			1.71	-0.0	-0.0	-0.68	-0.0	-0.0	-0.32	1.05	-0.68	0.01	0.01	129.18					1	0.0	0.0	-0.67	0.0	0.0	-0.28	-0.67	0.0	0.0	147.93					0.0	0.0	-0.17	0.0	0.0	-0.22	-0.17	0.0	0.0	54.09					0.0	0.0	0.31	0.0	0.0	0.02	0.31	0.0	0.0	54.09					-0.0	-0.0	0.5700000000000001	-0.0	-0.0	0.5428571428571465	0.5700000000000001	0.005103414375098388	0.005092025344781259	129.177492935517				
2022-08-04 07:00:00	500	1.02	1.02	1.02	1.02	1.02	RAD.MI	0.98	0.98	0.98	0.98	1.19	0.95	-1.0	-1.0	1.0	0	-1.0	-1.0	1.0	-1.0	-1.0	1.0		1.02							-1.0			1.72		0.98								-1.0			1.71	0.03	0.03	-0.65	0.03	0.03	-0.3	1.05	-0.65	0.01	0.01	130.08					1	-0.0	-0.0	-0.67	-0.0	-0.0	-0.28	-0.67	0.0	0.0	147.93					-0.03	-0.03	-0.2	-0.03	-0.03	-0.24	-0.2	0.0	0.0	47.02					-0.03	-0.03	0.28	-0.03	-0.03	-0.01	0.28	0.0	0.0	47.02					0.030000000000000027	0.030000000000000027	0.6000000000000001	0.02857142857142858	0.028987536873252298	0.588235294117651	0.6000000000000001	0.005344010931146382	0.00533209750660113	130.07585587222783				
2022-08-05 07:00:00	500	1.04	1.04	1.04	1.04	1.04	RAD.MI	1.01	1.01	1.01	1.01	1.19	0.95	-1.0	-1.0	1.0	0	-1.0	-1.0	1.0	-1.0	-1.0	1.0									-1.0			1.72										-1.0			1.71	-0.02	-0.02	-0.67	-0.02	-0.02	-0.31	1.05	-0.67	0.01	0.01	126.91					1	0.0	0.0	-0.67	0.0	0.0	-0.28	-0.67	0.0	0.0	154.87					0.02	0.02	-0.18	0.02	0.02	-0.22	-0.18	0.0	0.0	48.05					0.02	0.02	0.3	0.02	0.02	0.01	0.3	0.0	0.0	48.05					-0.020000000000000018	-0.020000000000000018	0.5800000000000001	-0.019607843137254832	-0.019418085857101516	0.5576923076923115	0.5800000000000001	0.005324438990351402	0.0053123126389460484	126.9133528077332				
2022-08-08 07:00:00	6000	1.05	1.05	1.05	1.05	1.05	RAD.MI	1.01	1.01	1.01	1.01	1.19	0.95	-1.0	-1.0	1.0	0	-1.0	-1.0	1.0	-1.0	-1.0	1.0	1.05		1.05						-1.0			1.72										-1.0			1.71	-0.01	-0.01	-0.68	-0.01	-0.01	-0.32	1.05	-0.68	0.01	0.01	121.29					1	0.0	0.0	-0.67	0.0	0.0	-0.28	-0.67	0.0	0.0	154.87					0.01	0.01	-0.17	0.01	0.01	-0.22	-0.17	0.0	0.0	48.87					0.01	0.01	0.31	0.01	0.01	0.02	0.31	0.0	0.0	48.87					-0.010000000000000009	-0.010000000000000009	0.5700000000000001	-0.009615384615384581	-0.009569451016150672	0.5428571428571467	0.5700000000000001	0.005176139492044594	0.005163268437008872	121.28897576063274				
2022-08-09 07:00:00	0	1.05	1.05	1.05	1.05	1.05	RAD.MI	1.02	1.02	1.02	1.02	1.19	0.95	-1.0	-1.0	1.0	0	-1.0	-1.0	1.0	-1.0	-1.0	1.0									-1.0			1.72	1.02									-1.0			1.71	-0.0	-0.0	-0.68	-0.0	-0.0	-0.32	1.05	-0.68	0.01	0.01	121.29					1	0.0	0.0	-0.67	0.0	0.0	-0.28	-0.67	0.0	0.0	154.87					0.0	0.0	-0.17	0.0	0.0	-0.22	-0.17	0.0	0.0	48.87					0.0	0.0	0.31	0.0	0.0	0.02	0.31	0.0	0.0	48.87					-0.0	-0.0	0.5700000000000001	-0.0	-0.0	0.5428571428571467	0.5700000000000001	0.005176139492044594	0.005163268437008872	121.28897576063274				
2022-08-10 07:00:00	500	1.01	1.01	1.01	1.01	1.01	RAD.MI	0.97	0.97	0.97	0.97	1.19	0.95	-1.0	-1.0	1.0	0	-1.0	-1.0	1.0	-1.0	-1.0	1.0									-1.0			1.72										-1.0			1.71	0.04	0.04	-0.64	0.04	0.04	-0.29	1.05	-0.64	0.01	0.01	121.75					1	-0.0	-0.0	-0.67	-0.0	-0.0	-0.28	-0.67	0.0	0.0	153.65					-0.04	-0.04	-0.21	-0.04	-0.04	-0.25	-0.21	0.0	0.0	47.0					-0.04	-0.04	0.27	-0.04	-0.04	-0.02	0.27	0.0	0.0	47.0					0.040000000000000036	0.040000000000000036	0.6100000000000001	0.03809523809523818	0.03883983331626401	0.603960396039608	0.6100000000000001	0.005298600854238812	0.005285437749292354	121.75108958320358				
2022-08-11 07:00:00	0	1.01	1.01	1.01	1.01	1.01	RAD.MI	0.96	0.96	0.96	0.96	1.19	0.95	-1.0	-1.0	1.0	0	-1.0	-1.0	1.0	-1.0	-1.0	1.0		1.01							-1.0			1.72		0.96		0.96						-1.0			1.71	-0.0	-0.0	-0.64	-0.0	-0.0	-0.29	1.05	-0.64	0.01	0.01	121.75					1	0.0	0.0	-0.67	0.0	0.0	-0.28	-0.67	0.0	0.0	153.65					0.0	0.0	-0.21	0.0	0.0	-0.25	-0.21	0.0	0.0	47.0					0.0	0.0	0.27	0.0	0.0	-0.02	0.27	0.0	0.0	47.0					-0.0	-0.0	0.6100000000000001	-0.0	-0.0	0.603960396039608	0.6100000000000001	0.005298600854238812	0.005285437749292354	121.75108958320358				
2022-08-12 07:00:00	0	1.01	1.01	1.01	1.01	1.01	RAD.MI	0.96	0.96	0.96	0.96	1.19	0.95	-1.0	-1.0	1.0	0	-1.0	-1.0	1.0	-1.0	-1.0	1.0									-1.0			1.72										-1.0			1.71	-0.0	-0.0	-0.64	-0.0	-0.0	-0.29	1.05	-0.64	0.01	0.01	121.75					1	0.0	0.0	-0.67	0.0	0.0	-0.28	-0.67	0.0	0.0	153.65					0.0	0.0	-0.21	0.0	0.0	-0.25	-0.21	0.0	0.0	47.0					0.0	0.0	0.27	0.0	0.0	-0.02	0.27	0.0	0.0	47.0					-0.0	-0.0	0.6100000000000001	-0.0	-0.0	0.603960396039608	0.6100000000000001	0.005298600854238812	0.005285437749292354	121.75108958320358				
2022-08-16 07:00:00	500	1.05	1.05	1.05	1.05	1.05	RAD.MI	1.0	1.0	1.0	1.0	1.19	0.95	-1.0	-1.0	1.0	0	-1.0	-1.0	1.0	-1.0	-1.0	1.0									-1.0			1.72										-1.0			1.71	-0.04	-0.04	-0.68	-0.04	-0.04	-0.32	1.05	-0.68	0.01	0.01	109.46					1	0.0	0.0	-0.67	0.0	0.0	-0.28	-0.67	0.0	0.0	153.65					0.04	0.04	-0.17	0.04	0.04	-0.22	-0.17	0.0	0.0	50.07					0.04	0.04	0.31	0.04	0.04	0.02	0.31	0.0	0.0	50.07					-0.040000000000000036	-0.040000000000000036	0.5700000000000001	-0.03960396039603964	-0.03883983331626396	0.5428571428571467	0.5700000000000001	0.005091280308112289	0.005076742515124355	109.46304219355775				
2022-08-17 07:00:00	0	1.05	1.05	1.05	1.05	1.05	RAD.MI	1.01	1.01	1.01	1.01	1.19	0.95	-1.0	-1.0	1.0	0	-1.0	-1.0	1.0	-1.0	-1.0	1.0	1.05								-1.0			1.72	1.01									-1.0			1.71	-0.0	-0.0	-0.68	-0.0	-0.0	-0.32	1.05	-0.68	0.01	0.01	114.25					1	0.0	0.0	-0.67	0.0	0.0	-0.28	-0.67	0.0	0.0	160.9					0.0	0.0	-0.17	0.0	0.0	-0.22	-0.17	0.0	0.0	49.47					0.0	0.0	0.31	0.0	0.0	0.02	0.31	0.0	0.0	49.47					-0.0	-0.0	0.5700000000000001	-0.0	-0.0	0.5428571428571467	0.5700000000000001	0.005243147063324613	0.00522936695345555	114.24778665734691				
2022-08-18 07:00:00	0	1.05	1.05	1.05	1.05	1.05	RAD.MI	1.0	1.0	1.0	1.0	1.19	0.95	-1.0	-1.0	1.0	0	-1.0	-1.0	1.0	-1.0	-1.0	1.0									-1.0			1.72		1.0								-1.0			1.71	-0.0	-0.0	-0.68	-0.0	-0.0	-0.32	1.05	-0.68	0.01	0.01	114.25					1	0.0	0.0	-0.67	0.0	0.0	-0.28	-0.67	0.0	0.0	160.9					0.0	0.0	-0.17	0.0	0.0	-0.22	-0.17	0.0	0.0	49.47					0.0	0.0	0.31	0.0	0.0	0.02	0.31	0.0	0.0	49.47					-0.0	-0.0	0.5700000000000001	-0.0	-0.0	0.5428571428571467	0.5700000000000001	0.005243147063324613	0.00522936695345555	114.24778665734691				
2022-08-19 07:00:00	0	1.05	1.05	1.05	1.05	1.05	RAD.MI	1.02	1.02	1.02	1.02	1.19	0.95	-1.0	-1.0	1.0	0	-1.0	-1.0	1.0	-1.0	-1.0	1.0									-1.0			1.72	1.02									-1.0			1.71	-0.0	-0.0	-0.68	-0.0	-0.0	-0.32	1.05	-0.68	0.01	0.01	125.0					1	0.0	0.0	-0.67	0.0	0.0	-0.28	-0.67	0.0	0.0	178.93					0.0	0.0	-0.17	0.0	0.0	-0.22	-0.17	0.0	0.0	46.94					0.0	0.0	0.31	0.0	0.0	0.02	0.31	0.0	0.0	46.94					-0.0	-0.0	0.5700000000000001	-0.0	-0.0	0.5428571428571467	0.5700000000000001	0.005433300426313066	0.0054207295119579335	124.99907659423671				
2022-08-22 07:00:00	500	1.01	1.01	1.01	1.01	1.01	RAD.MI	1.0	1.0	1.0	1.0	1.19	0.95	-1.0	-1.0	1.0	0	-1.0	-1.0	1.0	-1.0	-1.0	1.0									-1.0			1.72										-1.0			1.71	0.04	0.04	-0.64	0.04	0.04	-0.29	1.05	-0.64	0.01	0.01	126.06					1	-0.0	-0.0	-0.67	-0.0	-0.0	-0.28	-0.67	0.0	0.0	178.93					-0.04	-0.04	-0.21	-0.04	-0.04	-0.25	-0.21	0.0	0.0	39.38					-0.04	-0.04	0.27	-0.04	-0.04	-0.02	0.27	0.0	0.0	39.38					0.040000000000000036	0.040000000000000036	0.6100000000000001	0.03809523809523818	0.03883983331626401	0.603960396039608	0.6100000000000001	0.005755671042838057	0.0057423597834762585	126.0586902195848				
2022-08-23 07:00:00	0	1.01	1.01	1.01	1.01	1.01	RAD.MI	0.99	0.99	0.99	0.99	1.19	0.95	-1.0	-1.0	1.0	0	-1.0	-1.0	1.0	-1.0	-1.0	1.0									-1.0			1.72										-1.0			1.71	-0.0	-0.0	-0.64	-0.0	-0.0	-0.29	1.05	-0.64	0.01	0.01	126.06					1	0.0	0.0	-0.67	0.0	0.0	-0.28	-0.67	0.0	0.0	178.93					0.0	0.0	-0.21	0.0	0.0	-0.25	-0.21	0.0	0.0	39.38					0.0	0.0	0.27	0.0	0.0	-0.02	0.27	0.0	0.0	39.38					-0.0	-0.0	0.6100000000000001	-0.0	-0.0	0.603960396039608	0.6100000000000001	0.005755671042838057	0.0057423597834762585	126.0586902195848				
2022-08-24 07:00:00	0	1.01	1.01	1.01	1.01	1.01	RAD.MI	0.98	0.98	0.98	0.98	1.19	0.95	-1.0	-1.0	1.0	0	-1.0	-1.0	1.0	-1.0	-1.0	1.0									-1.0			1.72		0.98								-1.0			1.71	-0.0	-0.0	-0.64	-0.0	-0.0	-0.29	1.05	-0.64	0.01	0.01	126.06					1	0.0	0.0	-0.67	0.0	0.0	-0.28	-0.67	0.0	0.0	178.93					0.0	0.0	-0.21	0.0	0.0	-0.25	-0.21	0.0	0.0	39.38					0.0	0.0	0.27	0.0	0.0	-0.02	0.27	0.0	0.0	39.38					-0.0	-0.0	0.6100000000000001	-0.0	-0.0	0.603960396039608	0.6100000000000001	0.005755671042838057	0.0057423597834762585	126.0586902195848				
2022-08-25 07:00:00	0	1.01	1.01	1.01	1.01	1.01	RAD.MI	0.98	0.98	0.98	0.98	1.19	0.95	-1.0	-1.0	1.0	0	-1.0	-1.0	1.0	-1.0	-1.0	1.0									-1.0			1.72										-1.0			1.71	-0.0	-0.0	-0.64	-0.0	-0.0	-0.29	1.05	-0.64	0.01	0.01	131.13					1	0.0	0.0	-0.67	0.0	0.0	-0.28	-0.67	0.0	0.0	186.94					0.0	0.0	-0.21	0.0	0.0	-0.25	-0.21	0.0	0.0	38.69					0.0	0.0	0.27	0.0	0.0	-0.02	0.27	0.0	0.0	38.69					-0.0	-0.0	0.6100000000000001	-0.0	-0.0	0.603960396039608	0.6100000000000001	0.005905366062201526	0.005892829076068473	131.13153244854232				
2022-08-26 07:00:00	2000	1.0	1.0	1.0	1.0	1.0	RAD.MI	1.0	1.0	1.0	1.0	1.19	0.95	-1.0	-1.0	1.0	0	-1.0	-1.0	1.0	-1.0	-1.0	1.0									-1.0			1.72										-1.0			1.71	0.01	0.01	-0.63	0.01	0.01	-0.28	1.05	-0.63	0.01	0.01	131.37					1	-0.0	-0.0	-0.67	-0.0	-0.0	-0.28	-0.67	0.0	0.0	186.94					-0.01	-0.01	-0.22	-0.01	-0.01	-0.25	-0.22	0.0	0.0	34.59					-0.01	-0.01	0.26	-0.01	-0.01	-0.03	0.26	0.0	0.0	34.59					0.010000000000000009	0.010000000000000009	0.6200000000000001	0.00990099009900991	0.009950330853168092	0.6200000000000043	0.6200000000000001	0.005988948841368138	0.005976228987858434	131.37180477321024				
2022-08-29 07:00:00	0	1.0	1.0	1.0	1.0	1.0	RAD.MI	1.0	1.0	1.0	1.0	1.19	0.95	-1.0	-1.0	1.0	-1	-1.0	-1.0	1.0	-1.0	-1.0	1.0									-1.0			1.72										-1.0			1.71	-0.0	-0.0	-0.63	-0.0	-0.0	-0.28	1.05	-0.63	0.01	0.01	130.39					1	0.0	0.0	-0.67	0.0	0.0	-0.28	-0.67	0.0	0.0	186.94					0.0	0.0	-0.22	0.0	0.0	-0.25	-0.22	0.0	0.0	42.03					0.0	0.0	0.26	0.0	0.0	-0.03	0.26	0.0	0.0	42.03					-0.0	-0.0	0.6200000000000001	-0.0	-0.0	0.6200000000000043	0.6200000000000001	0.0056594948508805745	0.005647488159845393	130.38918543842345				
2022-08-30 07:00:00	500	1.0	1.0	1.0	1.0	1.0	RAD.MI	1.0	1.0	1.0	1.0	1.19	0.95	-1.0	-1.0	1.0	-1	-1.0	-1.0	1.0	-1.0	-1.0	1.0									-1.0			1.72										-1.0			1.71	-0.0	-0.0	-0.63	-0.0	-0.0	-0.28	1.05	-0.63	0.01	0.01	130.39					1	-0.0	-0.0	-0.67	-0.0	-0.0	-0.28	-0.67	0.0	0.0	186.94					0.0	0.0	-0.22	0.0	0.0	-0.25	-0.22	0.0	0.0	42.03					0.0	0.0	0.26	0.0	0.0	-0.03	0.26	0.0	0.0	42.03					-0.0	-0.0	0.6200000000000001	-0.0	-0.0	0.6200000000000043	0.6200000000000001	0.0056594948508805745	0.005647488159845393	130.38918543842345				
2022-08-31 07:00:00	0	1.0	1.0	1.0	1.0	1.0	RAD.MI	1.01	1.01	1.01	1.01	1.19	0.95	-1.0	-1.0	1.0	-1	-1.0	-1.0	1.0	-1.0	-1.0	1.0		1.0							-1.0			1.72										-1.0			1.71	-0.0	-0.0	-0.63	-0.0	-0.0	-0.28	1.05	-0.63	0.01	0.01	129.96					1	-0.0	-0.0	-0.67	-0.0	-0.0	-0.28	-0.67	0.0	0.0	186.94					0.0	0.0	-0.22	0.0	0.0	-0.25	-0.22	0.0	0.0	47.09					0.0	0.0	0.26	0.0	0.0	-0.03	0.26	0.0	0.0	47.09					-0.0	-0.0	0.6200000000000001	-0.0	-0.0	0.6200000000000043	0.6200000000000001	0.0055240080426695514	0.00551228869750342	129.95579698466875				
2022-09-01 07:00:00	0	1.0	1.0	1.0	1.0	1.0	RAD.MI	1.03	1.03	1.03	1.03	1.19	0.95	-1.0	-1.0	1.0	-1	-1.0	-1.0	1.0	-1.0	-1.0	1.0									-1.0			1.72	1.03									-1.0			1.71	-0.0	-0.0	-0.63	-0.0	-0.0	-0.28	1.05	-0.63	0.01	0.01	129.96					1	-0.0	-0.0	-0.67	-0.0	-0.0	-0.28	-0.67	0.0	0.0	186.94					0.0	0.0	-0.22	0.0	0.0	-0.25	-0.22	0.0	0.0	47.09					0.0	0.0	0.26	0.0	0.0	-0.03	0.26	0.0	0.0	47.09					-0.0	-0.0	0.6200000000000001	-0.0	-0.0	0.6200000000000043	0.6200000000000001	0.0055240080426695514	0.00551228869750342	129.95579698466875				
2022-09-02 07:00:00	0	1.0	1.0	1.0	1.0	1.0	RAD.MI	1.0	1.0	1.0	1.0	1.19	0.95	-1.0	-1.0	1.0	-1	-1.0	-1.0	1.0	-1.0	-1.0	1.0									-1.0			1.72		1.0	1.0							-1.0			1.71	-0.0	-0.0	-0.63	-0.0	-0.0	-0.28	1.05	-0.63	0.01	0.01	129.5					1	-0.0	-0.0	-0.67	-0.0	-0.0	-0.28	-0.67	0.0	0.0	186.22					0.0	0.0	-0.22	0.0	0.0	-0.25	-0.22	0.0	0.0	52.32					0.0	0.0	0.26	0.0	0.0	-0.03	0.26	0.0	0.0	52.32					-0.0	-0.0	0.6200000000000001	-0.0	-0.0	0.6200000000000043	0.6200000000000001	0.005386300040553869	0.005374869203736976	129.49613154478038				
2022-09-05 07:00:00	0	1.0	1.0	1.0	1.0	1.0	RAD.MI	1.02	1.02	1.02	1.02	1.18	0.95	-1.0	-1.0	1.0	-1	-1.0	-1.0	1.0	-1.0	-1.0	1.0									-1.0			1.72										-1.0			1.71	-0.0	-0.0	-0.63	-0.0	-0.0	-0.28	1.05	-0.63	0.01	0.01	170.02					1	-0.0	-0.0	-0.67	-0.0	-0.0	-0.28	-0.67	0.0	0.0	265.35					0.0	0.0	-0.22	0.0	0.0	-0.25	-0.22	0.0	0.0	40.88					0.0	0.0	0.26	0.0	0.0	-0.03	0.26	0.0	0.0	40.88					-0.0	-0.0	0.6200000000000001	-0.0	-0.0	0.6200000000000043	0.6200000000000001	0.005680914573419656	0.005671820986977938	170.02072195002714				
2022-09-06 07:00:00	0	1.0	1.0	1.0	1.0	1.0	RAD.MI	1.02	1.02	1.02	1.02	1.17	0.95	-1.0	-1.0	1.0	-1	-1.0	-1.0	1.0	-1.0	-1.0	1.0									-1.0			1.72										-1.0			1.71	-0.0	-0.0	-0.63	-0.0	-0.0	-0.28	1.05	-0.63	0.01	0.01	168.95					1	-0.0	-0.0	-0.67	-0.0	-0.0	-0.28	-0.67	0.0	0.0	265.35					0.0	0.0	-0.22	0.0	0.0	-0.25	-0.22	0.0	0.0	49.8					0.0	0.0	0.26	0.0	0.0	-0.03	0.26	0.0	0.0	49.8					-0.0	-0.0	0.6200000000000001	-0.0	-0.0	0.6200000000000043	0.6200000000000001	0.005360121785565456	0.005351592565064234	168.95296753640272				
2022-09-07 07:00:00	500	1.01	1.01	1.01	1.01	1.01	RAD.MI	1.03	1.03	1.03	1.03	1.17	0.95	-1.0	-1.0	1.0	-1	-1.0	-1.0	1.0	-1.0	-1.0	1.0	1.01								-1.0			1.72	1.03									-1.0			1.71	-0.01	-0.01	-0.64	-0.01	-0.01	-0.29	1.05	-0.64	0.01	0.01	160.97					1	-0.01	-0.01	-0.68	-0.01	-0.01	-0.29	-0.68	0.0	0.0	251.36					0.01	0.01	-0.21	0.01	0.01	-0.25	-0.21	0.0	0.0	55.79					0.01	0.01	0.27	0.01	0.01	-0.02	0.27	0.0	0.0	55.79					-0.010000000000000009	-0.010000000000000009	0.6100000000000001	-0.010000000000000009	-0.009950330853168092	0.603960396039608	0.6100000000000001	0.005163670341490741	0.005154644392077357	160.9696156946533				
2022-09-08 07:00:00	1000	0.99	0.99	0.99	0.99	0.99	RAD.MI	1.0	1.0	1.0	1.0	1.17	0.95	-1.0	-1.0	1.0	-1	-1.0	-1.0	1.0	-1.0	-1.0	1.0									-1.0			1.72										-1.0			1.71	0.02	0.02	-0.62	0.02	0.02	-0.28	1.05	-0.62	0.01	0.01	161.36					1	0.02	0.02	-0.66	0.02	0.02	-0.27	-0.66	0.0	0.0	252.24					-0.02	-0.02	-0.23	-0.02	-0.02	-0.26	-0.23	0.0	0.0	53.94					-0.02	-0.02	0.25	-0.02	-0.02	-0.04	0.25	0.0	0.0	53.94					0.020000000000000018	0.020000000000000018	0.6300000000000001	0.01980198019801982	0.020000666706669543	0.6363636363636407	0.6300000000000001	0.005266305962113503	0.005257089115964231	161.35976406932068				
2022-09-09 07:00:00	0	0.99	0.99	0.99	0.99	0.99	RAD.MI	0.98	0.98	0.98	0.98	1.17	0.95	-1.0	-1.0	1.0	-1	-1.0	-1.0	1.0	-1.0	-1.0	1.0									-1.0			1.72										-1.0			1.71	-0.0	-0.0	-0.62	-0.0	-0.0	-0.28	1.05	-0.62	0.01	0.01	160.85					1	-0.0	-0.0	-0.66	-0.0	-0.0	-0.27	-0.66	0.0	0.0	252.24					0.0	0.0	-0.23	0.0	0.0	-0.26	-0.23	0.0	0.0	59.96					0.0	0.0	0.25	0.0	0.0	-0.04	0.25	0.0	0.0	59.96					-0.0	-0.0	0.6300000000000001	-0.0	-0.0	0.6363636363636407	0.6300000000000001	0.005134019763581134	0.005125048592391934	160.85436302399708				
2022-09-12 07:00:00	0	0.99	0.99	0.99	0.99	0.99	RAD.MI	0.96	0.96	0.96	0.96	1.17	0.95	-1.0	-1.0	-1.0	-1	-1.0	-1.0	1.0	-1.0	-1.0	1.0									-1.0			1.72		0.96								-1.0			1.71	-0.0	-0.0	-0.62	-0.0	-0.0	-0.28	1.05	-0.62	0.01	0.01	160.85					1	-0.0	-0.0	-0.66	-0.0	-0.0	-0.27	-0.66	0.0	0.0	252.24					0.0	0.0	-0.23	0.0	0.0	-0.26	-0.23	0.0	0.0	59.96					0.0	0.0	0.25	0.0	0.0	-0.04	0.25	0.0	0.0	59.96					-0.0	-0.0	0.6300000000000001	-0.0	-0.0	0.6363636363636407	0.6300000000000001	0.005134019763581134	0.005125048592391934	160.85436302399708				
2022-09-13 07:00:00	0	0.99	0.99	0.99	0.99	0.99	RAD.MI	0.97	0.97	0.97	0.97	1.17	0.95	-1.0	-1.0	-1.0	-1	-1.0	-1.0	1.0	-1.0	-1.0	1.0									-1.0			1.72	0.97			0.97						-1.0			1.71	-0.0	-0.0	-0.62	-0.0	-0.0	-0.28	1.05	-0.62	0.01	0.01	160.85					1	-0.0	-0.0	-0.66	-0.0	-0.0	-0.27	-0.66	0.0	0.0	252.24					0.0	0.0	-0.23	0.0	0.0	-0.26	-0.23	0.0	0.0	59.96					0.0	0.0	0.25	0.0	0.0	-0.04	0.25	0.0	0.0	59.96					-0.0	-0.0	0.6300000000000001	-0.0	-0.0	0.6363636363636407	0.6300000000000001	0.005134019763581134	0.005125048592391934	160.85436302399708				
2022-09-14 07:00:00	2000	0.99	0.99	0.99	0.99	0.99	RAD.MI	0.96	0.96	0.96	0.96	1.17	0.95	-1.0	-1.0	-1.0	-1	-1.0	-1.0	1.0	-1.0	-1.0	1.0									-1.0			1.72		0.96								-1.0			1.71	-0.0	-0.0	-0.62	-0.0	-0.0	-0.28	1.05	-0.62	0.01	0.01	160.85					1	-0.0	-0.0	-0.66	-0.0	-0.0	-0.27	-0.66	0.0	0.0	252.24					0.0	0.0	-0.23	0.0	0.0	-0.26	-0.23	0.0	0.0	59.96					0.0	0.0	0.25	0.0	0.0	-0.04	0.25	0.0	0.0	59.96					-0.0	-0.0	0.6300000000000001	-0.0	-0.0	0.6363636363636407	0.6300000000000001	0.005134019763581134	0.005125048592391934	160.85436302399708				
2022-09-15 07:00:00	0	0.99	0.99	0.99	0.99	0.99	RAD.MI	0.97	0.97	0.97	0.97	1.17	0.95	-1.0	-1.0	-1.0	-1	-1.0	-1.0	1.0	-1.0	-1.0	1.0									-1.0			1.72										-1.0			1.71	-0.0	-0.0	-0.62	-0.0	-0.0	-0.28	1.05	-0.62	0.01	0.01	160.85					1	-0.0	-0.0	-0.66	-0.0	-0.0	-0.27	-0.66	0.0	0.0	252.24					0.0	0.0	-0.23	0.0	0.0	-0.26	-0.23	0.0	0.0	59.96					0.0	0.0	0.25	0.0	0.0	-0.04	0.25	0.0	0.0	59.96					-0.0	-0.0	0.6300000000000001	-0.0	-0.0	0.6363636363636407	0.6300000000000001	0.005134019763581134	0.005125048592391934	160.85436302399708				
2022-09-16 07:00:00	0	0.99	0.99	0.99	0.99	0.99	RAD.MI	0.98	0.98	0.98	0.98	1.15	0.95	-1.0	-1.0	-1.0	-1	-1.0	-1.0	1.0	-1.0	-1.0	1.0									-1.0			1.72										-1.0			1.71	-0.0	-0.0	-0.62	-0.0	-0.0	-0.28	1.01	-0.62	0.01	0.01	160.85					1	-0.0	-0.0	-0.66	-0.0	-0.0	-0.27	-0.66	0.0	0.0	252.24					0.0	0.0	-0.23	0.0	0.0	-0.26	-0.23	0.0	0.0	59.96					0.0	0.0	0.25	0.0	0.0	-0.04	0.25	0.0	0.0	59.96					-0.0	-0.0	0.6300000000000001	-0.0	-0.0	0.6363636363636407	0.6300000000000001	0.005134019763581134	0.005125048592391934	160.85436302399708				
2022-09-19 07:00:00	0	0.99	0.99	0.99	0.99	0.99	RAD.MI	0.98	0.98	0.98	0.98	1.14	0.95	-1.0	-1.0	-1.0	-1	-1.0	-1.0	1.0	-1.0	-1.0	1.0									-1.0			1.72										-1.0			1.71	-0.0	-0.0	-0.62	-0.0	-0.0	-0.28	1.01	-0.62	0.01	0.01	160.85					1	-0.0	-0.0	-0.66	-0.0	-0.0	-0.27	-0.66	0.0	0.0	252.24					0.0	0.0	-0.23	0.0	0.0	-0.26	-0.23	0.0	0.0	59.96					0.0	0.0	0.25	0.0	0.0	-0.04	0.25	0.0	0.0	59.96					-0.0	-0.0	0.6300000000000001	-0.0	-0.0	0.6363636363636407	0.6300000000000001	0.005134019763581134	0.005125048592391934	160.85436302399708				
2022-09-20 07:00:00	0	0.99	0.99	0.99	0.99	0.99	RAD.MI	0.99	0.99	0.99	0.99	1.14	0.95	-1.0	-1.0	-1.0	-1	-1.0	-1.0	1.0	-1.0	-1.0	1.0									-1.0			1.72	0.99									-1.0			1.71	-0.0	-0.0	-0.62	-0.0	-0.0	-0.28	1.01	-0.62	0.0	0.0	160.04					1	-0.0	-0.0	-0.66	-0.0	-0.0	-0.27	-0.66	0.0	0.0	252.24					0.0	0.0	-0.23	0.0	0.0	-0.26	-0.23	0.0	0.0	67.57					0.0	0.0	0.25	0.0	0.0	-0.04	0.25	0.0	0.0	67.57					-0.0	-0.0	0.6300000000000001	-0.0	-0.0	0.6363636363636407	0.6300000000000001	0.004931600330317026	0.004922998685725766	160.03530893934948				
2022-09-21 07:00:00	0	0.99	0.99	0.99	0.99	0.99	RAD.MI	0.98	0.98	0.98	0.98	1.14	0.95	-1.0	-1.0	-1.0	-1	-1.0	-1.0	1.0	-1.0	-1.0	1.0									-1.0			1.72		0.98								-1.0			1.71	-0.0	-0.0	-0.62	-0.0	-0.0	-0.28	1.01	-0.62	0.0	0.0	159.13					1	-0.0	-0.0	-0.66	-0.0	-0.0	-0.27	-0.66	0.0	0.0	252.24					0.0	0.0	-0.23	0.0	0.0	-0.26	-0.23	0.0	0.0	75.7					0.0	0.0	0.25	0.0	0.0	-0.04	0.25	0.0	0.0	75.7					-0.0	-0.0	0.6300000000000001	-0.0	-0.0	0.6363636363636407	0.6300000000000001	0.004724182384557905	0.004715951364352211	159.13297989843085				
2022-09-22 07:00:00	0	0.99	0.99	0.99	0.99	0.99	RAD.MI	0.99	0.99	0.99	0.99	1.14	0.95	-1.0	-1.0	-1.0	-1	-1.0	-1.0	1.0	-1.0	-1.0	1.0									-1.0			1.72										-1.0			1.71	-0.0	-0.0	-0.62	-0.0	-0.0	-0.28	1.01	-0.62	0.0	0.0	159.13					1	-0.0	-0.0	-0.66	-0.0	-0.0	-0.27	-0.66	0.0	0.0	252.24					0.0	0.0	-0.23	0.0	0.0	-0.26	-0.23	0.0	0.0	75.7					0.0	0.0	0.25	0.0	0.0	-0.04	0.25	0.0	0.0	75.7					-0.0	-0.0	0.6300000000000001	-0.0	-0.0	0.6363636363636407	0.6300000000000001	0.004724182384557905	0.004715951364352211	159.13297989843085				
2022-09-23 07:00:00	1000	0.99	0.99	0.99	0.99	0.99	RAD.MI	1.03	1.03	1.03	1.03	1.14	0.95	-1.0	-1.0	-1.0	-1	-1.0	-1.0	1.0	-1.0	-1.0	1.0									-1.0			1.72	1.03									-1.0			1.71	-0.0	-0.0	-0.62	-0.0	-0.0	-0.28	1.01	-0.62	0.0	0.0	158.48					1	-0.0	-0.0	-0.66	-0.0	-0.0	-0.27	-0.66	0.0	0.0	251.51					0.0	0.0	-0.23	0.0	0.0	-0.26	-0.23	0.0	0.0	82.7					0.0	0.0	0.25	0.0	0.0	-0.04	0.25	0.0	0.0	82.7					-0.0	-0.0	0.6300000000000001	-0.0	-0.0	0.6363636363636407	0.6300000000000001	0.004583002590700301	0.004575019188834295	158.47851928922893				
2022-09-26 07:00:00	0	0.99	0.99	0.99	0.99	0.99	RAD.MI	1.02	1.02	1.02	1.02	1.14	0.95	-1.0	-1.0	-1.0	-1	-1.0	-1.0	1.0	-1.0	-1.0	1.0									-1.0			1.72										-1.0			1.71	-0.0	-0.0	-0.62	-0.0	-0.0	-0.28	1.01	-0.62	0.0	0.0	158.48					1	-0.0	-0.0	-0.66	-0.0	-0.0	-0.27	-0.66	0.0	0.0	251.51					0.0	0.0	-0.23	0.0	0.0	-0.26	-0.23	0.0	0.0	82.7					0.0	0.0	0.25	0.0	0.0	-0.04	0.25	0.0	0.0	82.7					-0.0	-0.0	0.6300000000000001	-0.0	-0.0	0.6363636363636407	0.6300000000000001	0.004583002590700301	0.004575019188834295	158.47851928922893				
2022-09-27 07:00:00	1000	0.98	0.97	0.97	0.98	0.98	RAD.MI	1.01	1.02	1.01	1.02	1.14	0.95	-1.0	-1.0	-1.0	-1	-1.0	-1.0	1.0	-1.0	-1.0	1.0									-1.0			1.72										-1.0			1.71	0.01	0.01	-0.61	0.01	0.01	-0.27	1.01	-0.61	0.0	0.0	158.2					1	0.01	0.01	-0.65	0.01	0.01	-0.27	-0.65	0.0	0.0	251.19					-0.01	-0.01	-0.24	-0.01	-0.01	-0.27	-0.24	0.0	0.0	84.1					-0.01	-0.01	0.24	-0.01	-0.01	-0.05	0.24	0.0	0.0	84.1					0.010000000000000009	0.010000000000000009	0.6400000000000001	0.010101010101010055	0.010152371464017962	0.6530612244898002	0.6400000000000001	0.004524689270779932	0.004516807046933913	158.1979389356219				
2022-09-28 07:00:00	2500	0.96	0.96	0.96	0.96	0.96	RAD.MI	1.01	1.01	1.01	1.01	1.14	0.95	-1.0	-1.0	-1.0	-1	-1.0	-1.0	1.0	-1.0	-1.0	1.0									-1.0			1.72		1.01								-1.0			1.71	0.02	0.02	-0.59	0.02	0.02	-0.25	1.01	-0.59	0.0	0.0	159.01					1	0.02	0.02	-0.63	0.02	0.02	-0.25	-0.63	0.0	0.0	252.11					-0.02	-0.02	-0.26	-0.02	-0.02	-0.28	-0.26	0.0	0.0	76.28					-0.02	-0.02	0.22	-0.02	-0.02	-0.07	0.22	0.0	0.0	76.28					0.020000000000000018	0.020000000000000018	0.6600000000000001	0.020408163265306145	0.020619287202735703	0.6875000000000044	0.6600000000000001	0.004697891283282911	0.0046897066609490334	159.01368249864873				
2022-09-29 07:00:00	0	0.96	0.96	0.96	0.96	0.96	RAD.MI	1.03	1.03	1.03	1.03	1.14	0.95	-1.0	1.0	1.0	-1	-1.0	-1.0	1.0	-1.0	-1.0	1.0									-1.0			1.72	1.03									-1.0			1.71	-0.0	-0.0	-0.59	-0.0	-0.0	-0.25	1.01	-0.59	0.0	0.0	169.97					1	-0.0	-0.0	-0.63	-0.0	-0.0	-0.25	-0.63	0.0	0.0	272.79					0.0	0.0	-0.26	0.0	0.0	-0.28	-0.26	0.0	0.0	74.5					0.0	0.0	0.22	0.0	0.0	-0.07	0.22	0.0	0.0	74.5					-0.0	-0.0	0.6600000000000001	-0.0	-0.0	0.6875000000000044	0.6600000000000001	0.004833876500530399	0.004826351299073828	169.97312169593505				
2022-09-30 07:00:00	500	0.94	0.94	0.94	0.94	0.94	RAD.MI	0.99	0.99	0.99	0.99	1.14	0.95	-1.0	1.0	1.0	-1	-1.0	-1.0	1.0	-1.0	-1.0	1.0									-1.0			1.72										-1.0			1.71	0.02	0.02	-0.57	0.02	0.02	-0.24	1.01	-0.57	0.0	0.0	170.11					1	0.02	0.02	-0.61	0.02	0.02	-0.23	-0.61	0.0	0.0	272.94					-0.02	-0.02	-0.28	-0.02	-0.02	-0.3	-0.28	0.0	0.0	73.76					-0.02	-0.02	0.2	-0.02	-0.02	-0.09	0.2	0.0	0.0	73.76					0.020000000000000018	0.020000000000000018	0.6800000000000002	0.02083333333333337	0.02105340919783238	0.7234042553191535	0.6800000000000002	0.004867527795157922	0.004859947759942029	170.1144084885009				
2022-10-03 07:00:00	3000	0.92	0.92	0.92	0.92	0.92	RAD.MI	0.96	0.96	0.96	0.96	1.14	0.95	-1.0	1.0	1.0	-1	-1.0	-1.0	1.0	-1.0	-1.0	1.0		0.92							-1.0			1.72		0.96								-1.0			1.71	0.02	0.02	-0.55	0.02	0.02	-0.22	1.01	-0.55	0.01	0.01	190.93					1	0.02	0.02	-0.59	0.02	0.02	-0.22	-0.59	0.0	0.0	316.21					-0.02	-0.02	-0.3	-0.02	-0.02	-0.31	-0.3	0.0	0.0	61.93					-0.02	-0.02	0.18	-0.02	-0.02	-0.11	0.18	0.0	0.0	61.93					0.019999999999999907	0.019999999999999907	0.7000000000000001	0.02127659574468077	0.021506205220963505	0.7608695652173958	0.7000000000000001	0.0052089733538606235	0.005201979040050597	190.93064503524408				
2022-10-04 07:00:00	6500	0.95	0.94	0.95	0.95	0.95	RAD.MI	0.96	0.96	0.95	0.96	1.13	0.95	-1.0	-1.0	-1.0	-1	-1.0	-1.0	1.0	-1.0	-1.0	1.0	0.95								-1.0			1.72										-1.0			1.71	-0.03	-0.03	-0.58	-0.03	-0.03	-0.25	1.01	-0.58	0.01	0.01	195.59					1	-0.03	-0.03	-0.62	-0.03	-0.03	-0.24	-0.62	0.0	0.0	327.42					0.03	0.03	-0.27	0.03	0.03	-0.29	-0.27	0.0	0.0	60.74					0.03	0.03	0.21	0.03	0.03	-0.08	0.21	0.0	0.0	60.74					-0.029999999999999916	-0.029999999999999916	0.6700000000000002	-0.032608695652173836	-0.03208831455150045	0.7052631578947413	0.6700000000000002	0.005221200505816879	0.0052143194484643995	195.58511080411748				
2022-10-05 07:00:00	4000	0.96	0.93	0.96	0.95	0.95	RAD.MI	0.98	0.98	0.95	0.97	1.13	0.95	-1.0	-1.0	-1.0	-1	-1.0	-1.0	1.0	-1.0	-1.0	1.0									-1.0			1.72	0.98									-1.0			1.71	-0.0	-0.0	-0.58	-0.0	-0.0	-0.25	0.99	-0.58	0.01	0.01	195.59					1	-0.0	-0.0	-0.62	-0.0	-0.0	-0.24	-0.62	0.0	0.0	327.42					0.0	0.0	-0.27	0.0	0.0	-0.29	-0.27	0.0	0.0	60.74					0.0	0.0	0.21	0.0	0.0	-0.08	0.21	0.0	0.0	60.74					-0.0	-0.0	0.6700000000000002	-0.0	-0.0	0.7052631578947413	0.6700000000000002	0.005221200505816879	0.0052143194484643995	195.58511080411748				
2022-10-06 07:00:00	500	0.93	0.93	0.93	0.93	0.93	RAD.MI	0.96	0.96	0.96	0.96	1.13	0.95	-1.0	-1.0	-1.0	-1	-1.0	-1.0	1.0	-1.0	-1.0	1.0									-1.0			1.72		0.96								-1.0			1.71	0.02	0.02	-0.56	0.02	0.02	-0.23	0.99	-0.56	0.01	0.01	195.49					1	0.02	0.02	-0.6	0.02	0.02	-0.23	-0.6	0.0	0.0	327.32					-0.02	-0.02	-0.29	-0.02	-0.02	-0.3	-0.29	0.0	0.0	61.26					-0.02	-0.02	0.19	-0.02	-0.02	-0.1	0.19	0.0	0.0	61.26					0.019999999999999907	0.019999999999999907	0.6900000000000001	0.021052631578947323	0.02127739844728485	0.7419354838709722	0.6900000000000001	0.005195268976369746	0.005188426598293772	195.4911544450209				
2022-10-07 07:00:00	500	0.93	0.93	0.93	0.93	0.93	RAD.MI	0.97	0.97	0.97	0.97	1.13	0.95	-1.0	-1.0	-1.0	-1	-1.0	-1.0	1.0	-1.0	-1.0	1.0									-1.0			1.72	0.97									-1.0			1.71	-0.0	-0.0	-0.56	-0.0	-0.0	-0.23	0.99	-0.56	0.01	0.01	195.23					1	-0.0	-0.0	-0.6	-0.0	-0.0	-0.23	-0.6	0.0	0.0	327.04					0.0	0.0	-0.29	0.0	0.0	-0.3	-0.29	0.0	0.0	66.75					0.0	0.0	0.19	0.0	0.0	-0.1	0.19	0.0	0.0	66.75					-0.0	-0.0	0.6900000000000001	-0.0	-0.0	0.7419354838709722	0.6900000000000001	0.005124486683795712	0.005117749331374322	195.23032647323063				
2022-10-10 07:00:00	1000	0.93	0.91	0.91	0.93	0.93	RAD.MI	0.95	0.97	0.95	0.97	1.13	0.95	-1.0	-1.0	-1.0	-1	-1.0	-1.0	1.0	-1.0	-1.0	1.0		0.91		0.91		0.91		0.91	-1.0	0.91		1.72		0.95								-1.0			1.71	-0.0	-0.0	-0.56	-0.0	-0.0	-0.23	0.99	-0.56	0.01	0.01	195.23					1	-0.0	-0.0	-0.6	-0.0	-0.0	-0.23	-0.6	0.0	0.0	327.04					0.0	0.0	-0.29	0.0	0.0	-0.3	-0.29	0.0	0.0	66.75					0.0	0.0	0.19	0.0	0.0	-0.1	0.19	0.0	0.0	66.75					-0.0	-0.0	0.6900000000000001	-0.0	-0.0	0.7419354838709722	0.6900000000000001	0.005124486683795712	0.005117749331374322	195.23032647323063				
2022-10-11 07:00:00	500	0.93	0.93	0.93	0.93	0.93	RAD.MI	0.98	0.98	0.98	0.98	1.13	0.95	-1.0	-1.0	-1.0	-1	-1.0	-1.0	1.0	-1.0	-1.0	1.0									1.0			1.72										-1.0			1.71	-0.0	-0.0	-0.56	-0.0	-0.0	-0.23	0.99	-0.56	0.01	0.01	203.89					1	-0.0	-0.0	-0.6	-0.0	-0.0	-0.23	-0.6	0.0	0.0	344.11					0.0	0.0	-0.29	0.0	0.0	-0.3	-0.29	0.0	0.0	65.63					0.0	0.0	0.19	0.0	0.0	-0.1	0.19	0.0	0.0	65.63					-0.0	-0.0	0.6900000000000001	-0.0	-0.0	0.7419354838709722	0.6900000000000001	0.005240978872161468	0.005234748206464301	203.89151119428516				
2022-10-12 07:00:00	500	0.93	0.93	0.93	0.93	0.93	RAD.MI	0.99	0.99	0.99	0.99	1.12	0.95	-1.0	-1.0	-1.0	-1	-1.0	-1.0	1.0	-1.0	-1.0	1.0									1.0			1.72	0.99									-1.0			1.71	-0.0	-0.0	-0.56	-0.0	-0.0	-0.23	0.99	-0.56	0.01	0.01	217.84					1	-0.0	-0.0	-0.6	-0.0	-0.0	-0.23	-0.6	0.0	0.0	375.03					0.0	0.0	-0.29	0.0	0.0	-0.3	-0.29	0.0	0.0	63.28					0.0	0.0	0.19	0.0	0.0	-0.1	0.19	0.0	0.0	63.28					-0.0	-0.0	0.6900000000000001	-0.0	-0.0	0.7419354838709722	0.6900000000000001	0.00536546098678224	0.005359822711873852	217.83684104595434				
2022-10-13 07:00:00	0	0.93	0.93	0.93	0.93	0.93	RAD.MI	0.98	0.98	0.98	0.98	1.12	0.95	-1.0	-1.0	-1.0	-1	-1.0	-1.0	1.0	-1.0	-1.0	1.0									1.0			1.72										-1.0			1.71	-0.0	-0.0	-0.56	-0.0	-0.0	-0.23	0.99	-0.56	0.01	0.01	217.84					1	-0.0	-0.0	-0.6	-0.0	-0.0	-0.23	-0.6	0.0	0.0	375.03					0.0	0.0	-0.29	0.0	0.0	-0.3	-0.29	0.0	0.0	63.28					0.0	0.0	0.19	0.0	0.0	-0.1	0.19	0.0	0.0	63.28					-0.0	-0.0	0.6900000000000001	-0.0	-0.0	0.7419354838709722	0.6900000000000001	0.00536546098678224	0.005359822711873852	217.83684104595434				
2022-10-14 07:00:00	0	0.93	0.93	0.93	0.93	0.93	RAD.MI	0.97	0.97	0.97	0.97	1.12	0.95	-1.0	-1.0	-1.0	-1	-1.0	-1.0	1.0	-1.0	-1.0	1.0									1.0			1.72										-1.0			1.71	-0.0	-0.0	-0.56	-0.0	-0.0	-0.23	0.99	-0.56	0.01	0.01	217.84					1	-0.0	-0.0	-0.6	-0.0	-0.0	-0.23	-0.6	0.0	0.0	375.03					0.0	0.0	-0.29	0.0	0.0	-0.3	-0.29	0.0	0.0	63.28					0.0	0.0	0.19	0.0	0.0	-0.1	0.19	0.0	0.0	63.28					-0.0	-0.0	0.6900000000000001	-0.0	-0.0	0.7419354838709722	0.6900000000000001	0.00536546098678224	0.005359822711873852	217.83684104595434				
2022-10-17 07:00:00	0	0.93	0.93	0.93	0.93	0.93	RAD.MI	0.95	0.95	0.95	0.95	1.12	0.95	-1.0	-1.0	-1.0	-1	-1.0	-1.0	1.0	-1.0	-1.0	1.0									1.0			1.72		0.95								-1.0			1.71	-0.0	-0.0	-0.56	-0.0	-0.0	-0.23	0.99	-0.56	0.01	0.01	216.89					1	-0.0	-0.0	-0.6	-0.0	-0.0	-0.23	-0.6	0.0	0.0	374.09					0.0	0.0	-0.29	0.0	0.0	-0.3	-0.29	0.0	0.0	73.8					0.0	0.0	0.19	0.0	0.0	-0.1	0.19	0.0	0.0	73.8					-0.0	-0.0	0.6900000000000001	-0.0	-0.0	0.7419354838709722	0.6900000000000001	0.00507691054593992	0.005071623743238218	216.8879643930828				
2022-10-18 07:00:00	500	0.96	0.96	0.96	0.96	0.96	RAD.MI	0.97	0.97	0.97	0.97	1.12	0.95	-1.0	-1.0	-1.0	-1	-1.0	-1.0	1.0	-1.0	-1.0	1.0									1.0			1.72										-1.0			1.71	-0.03	-0.03	-0.59	-0.03	-0.03	-0.25	0.99	-0.59	0.0	0.0	194.31					1	-0.03	-0.03	-0.63	-0.03	-0.03	-0.25	-0.63	0.0	0.0	322.19					0.03	0.03	-0.26	0.03	0.03	-0.28	-0.26	0.0	0.0	78.01					0.03	0.03	0.22	0.03	0.03	-0.07	0.22	0.0	0.0	78.01					-0.029999999999999916	-0.029999999999999916	0.6600000000000001	-0.032258064516129004	-0.03174869831458027	0.6875000000000044	0.6600000000000001	0.004935572782925808	0.004929544493801785	194.30570780604648				
2022-10-19 07:00:00	1000	1.0	0.98	0.98	1.0	1.0	RAD.MI	1.0	1.02	1.0	1.02	1.12	0.95	-1.0	-1.0	-1.0	0	-1.0	-1.0	1.0	-1.0	-1.0	1.0	1.0								1.0			1.72	1.02		1.02							-1.0			1.71	-0.04	-0.04	-0.63	-0.04	-0.04	-0.28	1.0	-0.63	0.0	0.0	170.46					1	-0.04	-0.04	-0.67	-0.04	-0.04	-0.28	-0.67	0.0	0.0	271.73					0.04	0.04	-0.22	0.04	0.04	-0.25	-0.22	0.0	0.0	88.12					0.04	0.04	0.26	0.04	0.04	-0.03	0.26	0.0	0.0	88.12					-0.040000000000000036	-0.040000000000000036	0.6200000000000001	-0.04166666666666674	-0.0408219945202552	0.6200000000000041	0.6200000000000001	0.004703215718394393	0.004696386813558551	170.46204930901447				
2022-10-20 07:00:00	10500	0.98	0.96	0.98	0.96	0.96	RAD.MI	0.99	0.99	0.97	0.97	1.12	0.95	-1.0	-1.0	-1.0	0	-1.0	-1.0	1.0	-1.0	-1.0	1.0									1.0			1.72										-1.0			1.71	0.04	0.04	-0.59	0.04	0.04	-0.25	1.0	-0.59	0.0	0.0	171.59					1	-0.0	-0.0	-0.67	-0.0	-0.0	-0.28	-0.67	0.0	0.0	271.39					-0.04	-0.04	-0.26	-0.04	-0.04	-0.28	-0.26	0.0	0.0	81.62					-0.04	-0.04	0.22	-0.04	-0.04	-0.07	0.22	0.0	0.0	81.62					0.040000000000000036	0.040000000000000036	0.6600000000000001	0.040000000000000036	0.040821994520255166	0.6875000000000044	0.6600000000000001	0.004981710600914151	0.004974460921519874	171.5850299851926				
2022-10-21 07:00:00	0	0.96	0.96	0.96	0.96	0.96	RAD.MI	0.97	0.97	0.97	0.97	1.12	0.95	-1.0	-1.0	-1.0	0	-1.0	-1.0	1.0	-1.0	-1.0	1.0									1.0			1.72										-1.0			1.71	-0.0	-0.0	-0.59	-0.0	-0.0	-0.25	1.0	-0.59	0.0	0.0	171.59					1	0.0	0.0	-0.67	0.0	0.0	-0.28	-0.67	0.0	0.0	271.39					0.0	0.0	-0.26	0.0	0.0	-0.28	-0.26	0.0	0.0	81.62					0.0	0.0	0.22	0.0	0.0	-0.07	0.22	0.0	0.0	81.62					-0.0	-0.0	0.6600000000000001	-0.0	-0.0	0.6875000000000044	0.6600000000000001	0.004981710600914151	0.004974460921519874	171.5850299851926				
2022-10-24 07:00:00	0	0.96	0.96	0.96	0.96	0.96	RAD.MI	0.95	0.95	0.95	0.95	1.12	0.95	-1.0	-1.0	-1.0	0	-1.0	-1.0	1.0	-1.0	-1.0	1.0		0.96							1.0			1.72										-1.0			1.71	-0.0	-0.0	-0.59	-0.0	-0.0	-0.25	1.0	-0.59	0.0	0.0	171.59					1	0.0	0.0	-0.67	0.0	0.0	-0.28	-0.67	0.0	0.0	271.39					0.0	0.0	-0.26	0.0	0.0	-0.28	-0.26	0.0	0.0	81.62					0.0	0.0	0.22	0.0	0.0	-0.07	0.22	0.0	0.0	81.62					-0.0	-0.0	0.6600000000000001	-0.0	-0.0	0.6875000000000044	0.6600000000000001	0.004981710600914151	0.004974460921519874	171.5850299851926				
2022-10-25 07:00:00	0	0.96	0.96	0.96	0.96	0.96	RAD.MI	0.94	0.94	0.94	0.94	1.12	0.94	-1.0	-1.0	-1.0	0	-1.0	-1.0	1.0	-1.0	-1.0	1.0									1.0			1.72		0.94								-1.0			1.71	-0.0	-0.0	-0.59	-0.0	-0.0	-0.25	1.0	-0.59	0.0	0.0	171.59					1	0.0	0.0	-0.67	0.0	0.0	-0.28	-0.67	0.0	0.0	271.39					0.0	0.0	-0.26	0.0	0.0	-0.28	-0.26	0.0	0.0	81.62					0.0	0.0	0.22	0.0	0.0	-0.07	0.22	0.0	0.0	81.62					-0.0	-0.0	0.6600000000000001	-0.0	-0.0	0.6875000000000044	0.6600000000000001	0.004981710600914151	0.004974460921519874	171.5850299851926				
2022-10-26 07:00:00	0	0.96	0.96	0.96	0.96	0.96	RAD.MI	0.94	0.94	0.94	0.94	1.12	0.94	-1.0	-1.0	-1.0	0	-1.0	-1.0	1.0	-1.0	-1.0	1.0									1.0			1.72										-1.0			1.71	-0.0	-0.0	-0.59	-0.0	-0.0	-0.25	1.0	-0.59	0.01	0.01	183.02					1	0.0	0.0	-0.67	0.0	0.0	-0.28	-0.67	0.0	0.0	293.63					0.0	0.0	-0.26	0.0	0.0	-0.28	-0.26	0.0	0.0	79.95					0.0	0.0	0.22	0.0	0.0	-0.07	0.22	0.0	0.0	79.95					-0.0	-0.0	0.6600000000000001	-0.0	-0.0	0.6875000000000044	0.6600000000000001	0.005113282866834475	0.005106680230248628	183.02237500569044				
2022-10-27 07:00:00	1500	1.03	0.99	0.99	1.0	1.0	RAD.MI	0.96	1.0	0.96	0.97	1.12	0.94	-1.0	-1.0	-1.0	0	-1.0	-1.0	1.0	-1.0	-1.0	1.0	1.03		1.03						1.0			1.72	1.0									-1.0			1.71	-0.04	-0.04	-0.63	-0.04	-0.04	-0.28	1.03	-0.63	0.0	0.0	161.71					1	0.0	0.0	-0.67	0.0	0.0	-0.28	-0.67	0.0	0.0	293.63					0.04	0.04	-0.22	0.04	0.04	-0.25	-0.22	0.0	0.0	83.8					0.04	0.04	0.26	0.04	0.04	-0.03	0.26	0.0	0.0	83.8					-0.040000000000000036	-0.040000000000000036	0.6200000000000001	-0.04166666666666674	-0.0408219945202552	0.6200000000000041	0.6200000000000001	0.004948089774228727	0.00494051814710228	161.7089924630332				
2022-10-28 07:00:00	1000	0.99	0.99	0.99	0.99	0.99	RAD.MI	0.96	0.96	0.96	0.96	1.12	0.94	-1.0	-1.0	-1.0	0	-1.0	-1.0	1.0	-1.0	-1.0	1.0									1.0			1.72										-1.0			1.71	0.01	0.01	-0.62	0.01	0.01	-0.28	1.03	-0.62	0.01	0.01	162.04					1	-0.0	-0.0	-0.67	-0.0	-0.0	-0.28	-0.67	0.0	0.0	293.63					-0.01	-0.01	-0.23	-0.01	-0.01	-0.26	-0.23	0.0	0.0	78.27					-0.01	-0.01	0.25	-0.01	-0.01	-0.04	0.25	0.0	0.0	78.27					0.010000000000000009	0.010000000000000009	0.6300000000000001	0.010000000000000009	0.01005033585350145	0.6363636363636405	0.6300000000000001	0.0050345226625688405	0.005026814983249306	162.03517189865934				
2022-10-31 08:00:00	3000	0.98	0.98	0.98	0.98	0.98	RAD.MI	0.94	0.94	0.94	0.94	1.12	0.94	-1.0	-1.0	-1.0	0	-1.0	-1.0	1.0	-1.0	-1.0	1.0		0.98							1.0			1.72		0.94								-1.0			1.71	0.01	0.01	-0.61	0.01	0.01	-0.27	1.03	-0.61	0.0	0.0	159.97					1	-0.0	-0.0	-0.67	-0.0	-0.0	-0.28	-0.67	0.0	0.0	290.68					-0.01	-0.01	-0.24	-0.01	-0.01	-0.27	-0.24	0.0	0.0	90.07					-0.01	-0.01	0.24	-0.01	-0.01	-0.05	0.24	0.0	0.0	90.07					0.010000000000000009	0.010000000000000009	0.6400000000000001	0.010101010101010055	0.010152371464017962	0.6530612244898	0.6400000000000001	0.004528494362371614	0.004521566065436078	159.97101256172624				
2022-11-01 08:00:00	4500	0.98	0.98	0.98	0.98	0.98	RAD.MI	0.94	0.94	0.94	0.94	1.12	0.94	-1.0	-1.0	-1.0	0	-1.0	-1.0	1.0	-1.0	-1.0	1.0									1.0			1.72										-1.0			1.71	-0.0	-0.0	-0.61	-0.0	-0.0	-0.27	1.03	-0.61	0.0	0.0	155.17					1	0.0	0.0	-0.67	0.0	0.0	-0.28	-0.67	0.0	0.0	283.88					0.0	0.0	-0.24	0.0	0.0	-0.27	-0.24	0.0	0.0	121.65					0.0	0.0	0.24	0.0	0.0	-0.05	0.24	0.0	0.0	121.65					-0.0	-0.0	0.6400000000000001	-0.0	-0.0	0.6530612244898	0.6400000000000001	0.0036394405140686304	0.003633781317426088	155.16693467358732				
2022-11-02 08:00:00	500	0.99	0.99	0.99	0.99	0.99	RAD.MI	0.95	0.95	0.95	0.95	1.12	0.94	-1.0	-1.0	-1.0	0	-1.0	-1.0	1.0	-1.0	-1.0	1.0	0.99								1.0			1.72	0.95									-1.0			1.71	-0.01	-0.01	-0.62	-0.01	-0.01	-0.28	1.03	-0.62	0.0	0.0	180.41					1	0.0	0.0	-0.67	0.0	0.0	-0.28	-0.67	0.0	0.0	384.39					0.01	0.01	-0.23	0.01	0.01	-0.26	-0.23	0.0	0.0	116.08					0.01	0.01	0.25	0.01	0.01	-0.04	0.25	0.0	0.0	116.08					-0.010000000000000009	-0.010000000000000009	0.6300000000000001	-0.010204081632652962	-0.010152371464017908	0.6363636363636407	0.6300000000000001	0.0037190421884151495	0.0037140293629200904	180.411020596464				
2022-11-03 08:00:00	2500	0.98	0.98	0.98	0.98	0.98	RAD.MI	0.94	0.94	0.94	0.94	1.12	0.94	-1.0	-1.0	-1.0	0	-1.0	-1.0	1.0	-1.0	-1.0	1.0		0.98							1.0			1.72										-1.0			1.71	0.01	0.01	-0.61	0.01	0.01	-0.27	1.03	-0.61	0.0	0.0	200.35					1	-0.0	-0.0	-0.67	-0.0	-0.0	-0.28	-0.67	0.0	0.0	449.36					-0.01	-0.01	-0.24	-0.01	-0.01	-0.27	-0.24	0.0	0.0	105.01					-0.01	-0.01	0.24	-0.01	-0.01	-0.05	0.24	0.0	0.0	105.01					0.010000000000000009	0.010000000000000009	0.6400000000000001	0.010101010101010055	0.010152371464017962	0.6530612244898	0.6400000000000001	0.003934208300581849	0.003929676591336362	200.35227329827194				
2022-11-04 08:00:00	1500	0.98	0.98	0.98	0.98	0.98	RAD.MI	0.92	0.92	0.92	0.92	1.11	0.92	-1.0	-1.0	-1.0	0	-1.0	-1.0	1.0	-1.0	-1.0	1.0									1.0			1.72										-1.0			1.71	-0.0	-0.0	-0.61	-0.0	-0.0	-0.27	1.03	-0.61	0.0	0.0	200.35					1	0.0	0.0	-0.67	0.0	0.0	-0.28	-0.67	0.0	0.0	449.36					0.0	0.0	-0.24	0.0	0.0	-0.27	-0.24	0.0	0.0	105.01					0.0	0.0	0.24	0.0	0.0	-0.05	0.24	0.0	0.0	105.01					-0.0	-0.0	0.6400000000000001	-0.0	-0.0	0.6530612244898	0.6400000000000001	0.003934208300581849	0.003929676591336362	200.35227329827194				
2022-11-07 08:00:00	3000	0.99	0.98	0.98	0.99	0.99	RAD.MI	0.91	0.92	0.91	0.92	1.1	0.91	-1.0	-1.0	-1.0	0	-1.0	-1.0	1.0	-1.0	-1.0	1.0	0.99								1.0			1.72										-1.0			1.71	-0.01	-0.01	-0.62	-0.01	-0.01	-0.28	1.03	-0.62	0.0	0.0	190.06					1	0.0	0.0	-0.67	0.0	0.0	-0.28	-0.67	0.0	0.0	449.36					0.01	0.01	-0.23	0.01	0.01	-0.26	-0.23	0.0	0.0	106.35					0.01	0.01	0.25	0.01	0.01	-0.04	0.25	0.0	0.0	106.35					-0.010000000000000009	-0.010000000000000009	0.6300000000000001	-0.010204081632652962	-0.010152371464017908	0.6363636363636407	0.6300000000000001	0.0038304978268194397	0.0038255633855108773	190.06152181283846				
2022-11-08 08:00:00	0	0.99	0.99	0.99	0.99	0.99	RAD.MI	0.91	0.91	0.91	0.91	1.1	0.91	-1.0	-1.0	-1.0	0	-1.0	-1.0	1.0	-1.0	-1.0	1.0									1.0			1.72										-1.0			1.71	-0.0	-0.0	-0.62	-0.0	-0.0	-0.28	1.03	-0.62	0.0	0.0	190.06					1	0.0	0.0	-0.67	0.0	0.0	-0.28	-0.67	0.0	0.0	449.36					0.0	0.0	-0.23	0.0	0.0	-0.26	-0.23	0.0	0.0	106.35					0.0	0.0	0.25	0.0	0.0	-0.04	0.25	0.0	0.0	106.35					-0.0	-0.0	0.6300000000000001	-0.0	-0.0	0.6363636363636407	0.6300000000000001	0.0038304978268194397	0.0038255633855108773	190.06152181283846				
2022-11-09 08:00:00	500	0.98	0.98	0.98	0.98	0.98	RAD.MI	0.9	0.9	0.9	0.9	1.1	0.9	-1.0	-1.0	-1.0	0	-1.0	-1.0	1.0	-1.0	-1.0	1.0									1.0			1.72										-1.0			1.71	0.01	0.01	-0.61	0.01	0.01	-0.27	1.03	-0.61	0.0	0.0	190.6					1	-0.0	-0.0	-0.67	-0.0	-0.0	-0.28	-0.67	0.0	0.0	449.36					-0.01	-0.01	-0.24	-0.01	-0.01	-0.27	-0.24	0.0	0.0	98.83					-0.01	-0.01	0.24	-0.01	-0.01	-0.05	0.24	0.0	0.0	98.83					0.010000000000000009	0.010000000000000009	0.6400000000000001	0.010101010101010055	0.010152371464017962	0.6530612244898	0.6400000000000001	0.0039178082214099946	0.003912762658641933	190.59779687208865				
2022-11-10 08:00:00	0	0.98	0.98	0.98	0.98	0.98	RAD.MI	0.88	0.88	0.88	0.88	1.1	0.88	-1.0	-1.0	-1.0	0	-1.0	-1.0	1.0	-1.0	-1.0	1.0									1.0			1.72										-1.0			1.71	-0.0	-0.0	-0.61	-0.0	-0.0	-0.27	1.03	-0.61	0.0	0.0	189.62					1	0.0	0.0	-0.67	0.0	0.0	-0.28	-0.67	0.0	0.0	448.06					0.0	0.0	-0.24	0.0	0.0	-0.27	-0.24	0.0	0.0	108.86					0.0	0.0	0.24	0.0	0.0	-0.05	0.24	0.0	0.0	108.86					-0.0	-0.0	0.6400000000000001	-0.0	-0.0	0.6530612244898	0.6400000000000001	0.0037614402772945567	0.0037565928533647153	189.62198765331382				
2022-11-11 08:00:00	0	0.98	0.98	0.98	0.98	0.98	RAD.MI	0.88	0.88	0.88	0.88	1.08	0.88	-1.0	-1.0	-1.0	0	-1.0	-1.0	1.0	-1.0	-1.0	1.0									1.0			1.72										-1.0			1.71	-0.0	-0.0	-0.61	-0.0	-0.0	-0.27	1.03	-0.61	0.0	0.0	189.62					1	0.0	0.0	-0.67	0.0	0.0	-0.28	-0.67	0.0	0.0	448.06					0.0	0.0	-0.24	0.0	0.0	-0.27	-0.24	0.0	0.0	108.86					0.0	0.0	0.24	0.0	0.0	-0.05	0.24	0.0	0.0	108.86					-0.0	-0.0	0.6400000000000001	-0.0	-0.0	0.6530612244898	0.6400000000000001	0.0037614402772945567	0.0037565928533647153	189.62198765331382				
2022-11-14 08:00:00	500	0.98	0.98	0.98	0.98	0.98	RAD.MI	0.87	0.87	0.87	0.87	1.06	0.87	-1.0	-1.0	-1.0	0	-1.0	-1.0	1.0	-1.0	-1.0	1.0									1.0			1.72										-1.0			1.71	-0.0	-0.0	-0.61	-0.0	-0.0	-0.27	1.03	-0.61	0.0	0.0	189.62					1	0.0	0.0	-0.67	0.0	0.0	-0.28	-0.67	0.0	0.0	448.06					0.0	0.0	-0.24	0.0	0.0	-0.27	-0.24	0.0	0.0	108.86					0.0	0.0	0.24	0.0	0.0	-0.05	0.24	0.0	0.0	108.86					-0.0	-0.0	0.6400000000000001	-0.0	-0.0	0.6530612244898	0.6400000000000001	0.0037614402772945567	0.0037565928533647153	189.62198765331382				
2022-11-15 08:00:00	0	0.98	0.98	0.98	0.98	0.98	RAD.MI	0.87	0.87	0.87	0.87	1.04	0.87	-1.0	-1.0	-1.0	0	-1.0	-1.0	1.0	-1.0	-1.0	1.0									1.0			1.72		0.87								-1.0			1.71	-0.0	-0.0	-0.61	-0.0	-0.0	-0.27	1.03	-0.61	0.0	0.0	185.37					1	0.0	0.0	-0.67	0.0	0.0	-0.28	-0.67	0.0	0.0	441.62					0.0	0.0	-0.24	0.0	0.0	-0.27	-0.24	0.0	0.0	137.99					0.0	0.0	0.24	0.0	0.0	-0.05	0.24	0.0	0.0	137.99					-0.0	-0.0	0.6400000000000001	-0.0	-0.0	0.6530612244898	0.6400000000000001	0.0031906146843686516	0.0031864569893251815	185.36790325485543				
2022-11-16 08:00:00	500	0.98	0.98	0.98	0.98	0.98	RAD.MI	0.87	0.87	0.87	0.87	1.04	0.87	-1.0	-1.0	-1.0	0	-1.0	-1.0	1.0	-1.0	-1.0	1.0									1.0			1.72										-1.0			1.71	-0.0	-0.0	-0.61	-0.0	-0.0	-0.27	1.03	-0.61	0.0	0.0	183.84					1	0.0	0.0	-0.67	0.0	0.0	-0.28	-0.67	0.0	0.0	438.93					0.0	0.0	-0.24	0.0	0.0	-0.27	-0.24	0.0	0.0	151.8					0.0	0.0	0.24	0.0	0.0	-0.05	0.24	0.0	0.0	151.8					-0.0	-0.0	0.6400000000000001	-0.0	-0.0	0.6530612244898	0.6400000000000001	0.0030203120896215054	0.003016349956118658	183.83552134505717				
2022-11-17 08:00:00	2000	0.98	0.98	0.98	0.98	0.98	RAD.MI	0.88	0.88	0.88	0.88	1.04	0.87	-1.0	-1.0	-1.0	0	-1.0	-1.0	1.0	-1.0	-1.0	1.0									1.0			1.72	0.88									-1.0			1.71	-0.0	-0.0	-0.61	-0.0	-0.0	-0.27	1.03	-0.61	0.0	0.0	183.84					1	0.0	0.0	-0.67	0.0	0.0	-0.28	-0.67	0.0	0.0	438.93					0.0	0.0	-0.24	0.0	0.0	-0.27	-0.24	0.0	0.0	151.8					0.0	0.0	0.24	0.0	0.0	-0.05	0.24	0.0	0.0	151.8					-0.0	-0.0	0.6400000000000001	-0.0	-0.0	0.6530612244898	0.6400000000000001	0.0030203120896215054	0.003016349956118658	183.83552134505717				
2022-11-18 08:00:00	0	0.98	0.98	0.98	0.98	0.98	RAD.MI	0.87	0.87	0.87	0.87	1.03	0.87	-1.0	-1.0	-1.0	0	-1.0	-1.0	1.0	-1.0	-1.0	1.0									1.0			1.72		0.87								-1.0			1.71	-0.0	-0.0	-0.61	-0.0	-0.0	-0.27	1.03	-0.61	0.0	0.0	180.17					1	0.0	0.0	-0.67	0.0	0.0	-0.28	-0.67	0.0	0.0	431.51					0.0	0.0	-0.24	0.0	0.0	-0.27	-0.24	0.0	0.0	178.49					0.0	0.0	0.24	0.0	0.0	-0.05	0.24	0.0	0.0	178.49					-0.0	-0.0	0.6400000000000001	-0.0	-0.0	0.6530612244898	0.6400000000000001	0.0026692429367473113	0.0026656691211888184	180.1655564502482				
2022-11-21 08:00:00	8500	0.98	0.98	0.98	0.98	0.98	RAD.MI	0.88	0.88	0.88	0.88	1.03	0.87	-1.0	-1.0	-1.0	0	-1.0	-1.0	1.0	-1.0	-1.0	1.0									1.0			1.72	0.88									-1.0			1.71	-0.0	-0.0	-0.61	-0.0	-0.0	-0.27	1.03	-0.61	0.0	0.0	180.17					1	0.0	0.0	-0.67	0.0	0.0	-0.28	-0.67	0.0	0.0	431.51					0.0	0.0	-0.24	0.0	0.0	-0.27	-0.24	0.0	0.0	178.49					0.0	0.0	0.24	0.0	0.0	-0.05	0.24	0.0	0.0	178.49					-0.0	-0.0	0.6400000000000001	-0.0	-0.0	0.6530612244898	0.6400000000000001	0.0026692429367473113	0.0026656691211888184	180.1655564502482				
2022-11-22 08:00:00	0	0.98	0.98	0.98	0.98	0.98	RAD.MI	0.87	0.87	0.87	0.87	1.03	0.87	-1.0	-1.0	-1.0	0	-1.0	-1.0	1.0	-1.0	-1.0	1.0									1.0			1.72										-1.0			1.71	-0.0	-0.0	-0.61	-0.0	-0.0	-0.27	1.03	-0.61	0.0	0.0	180.17					1	0.0	0.0	-0.67	0.0	0.0	-0.28	-0.67	0.0	0.0	431.51					0.0	0.0	-0.24	0.0	0.0	-0.27	-0.24	0.0	0.0	178.49					0.0	0.0	0.24	0.0	0.0	-0.05	0.24	0.0	0.0	178.49					-0.0	-0.0	0.6400000000000001	-0.0	-0.0	0.6530612244898	0.6400000000000001	0.0026692429367473113	0.0026656691211888184	180.1655564502482				
2022-11-23 08:00:00	0	0.98	0.98	0.98	0.98	0.98	RAD.MI	0.87	0.87	0.87	0.87	1.03	0.87	-1.0	-1.0	-1.0	-1	-1.0	-1.0	1.0	-1.0	-1.0	1.0									1.0			1.72										-1.0			1.71	-0.0	-0.0	-0.61	-0.0	-0.0	-0.27	1.03	-0.61	0.0	0.0	180.17					1	0.0	0.0	-0.67	0.0	0.0	-0.28	-0.67	0.0	0.0	431.51					0.0	0.0	-0.24	0.0	0.0	-0.27	-0.24	0.0	0.0	178.49					0.0	0.0	0.24	0.0	0.0	-0.05	0.24	0.0	0.0	178.49					-0.0	-0.0	0.6400000000000001	-0.0	-0.0	0.6530612244898	0.6400000000000001	0.0026692429367473113	0.0026656691211888184	180.1655564502482				
2022-11-24 08:00:00	0	0.98	0.98	0.98	0.98	0.98	RAD.MI	0.87	0.87	0.87	0.87	1.03	0.87	-1.0	-1.0	-1.0	-1	-1.0	-1.0	1.0	-1.0	-1.0	1.0									1.0			1.72										-1.0			1.71	-0.0	-0.0	-0.61	-0.0	-0.0	-0.27	0.99	-0.61	0.0	0.0	180.17					1	-0.0	-0.0	-0.67	-0.0	-0.0	-0.28	-0.67	0.0	0.0	431.51					0.0	0.0	-0.24	0.0	0.0	-0.27	-0.24	0.0	0.0	178.49					0.0	0.0	0.24	0.0	0.0	-0.05	0.24	0.0	0.0	178.49					-0.0	-0.0	0.6400000000000001	-0.0	-0.0	0.6530612244898	0.6400000000000001	0.0026692429367473113	0.0026656691211888184	180.1655564502482				
2022-11-25 08:00:00	0	0.98	0.98	0.98	0.98	0.98	RAD.MI	0.87	0.87	0.87	0.87	1.03	0.87	-1.0	-1.0	-1.0	-1	-1.0	-1.0	1.0	-1.0	-1.0	1.0									1.0			1.72										-1.0			1.71	-0.0	-0.0	-0.61	-0.0	-0.0	-0.27	0.99	-0.61	0.0	0.0	197.47					1	-0.0	-0.0	-0.67	-0.0	-0.0	-0.28	-0.67	0.0	0.0	497.76					0.0	0.0	-0.24	0.0	0.0	-0.27	-0.24	0.0	0.0	176.12					0.0	0.0	0.24	0.0	0.0	-0.05	0.24	0.0	0.0	176.12					-0.0	-0.0	0.6400000000000001	-0.0	-0.0	0.6530612244898	0.6400000000000001	0.002773057437132006	0.002769878002126358	197.4715679046113				
2022-11-28 08:00:00	2500	0.97	0.97	0.97	0.97	0.97	RAD.MI	0.87	0.87	0.87	0.87	1.03	0.87	-1.0	-1.0	-1.0	-1	-1.0	-1.0	1.0	-1.0	-1.0	1.0									1.0			1.72										-1.0			1.71	0.01	0.01	-0.6	0.01	0.01	-0.26	0.99	-0.6	0.0	0.0	195.43					1	0.01	0.01	-0.66	0.01	0.01	-0.27	-0.66	0.0	0.0	493.23					-0.01	-0.01	-0.25	-0.01	-0.01	-0.27	-0.25	0.0	0.0	189.16					-0.01	-0.01	0.23	-0.01	-0.01	-0.06	0.23	0.0	0.0	189.16					0.010000000000000009	0.010000000000000009	0.6500000000000001	0.010204081632653073	0.01025650016718911	0.6701030927835094	0.6500000000000001	0.00259180088107728	0.002588795519072873	195.4293318567372				
2022-11-29 08:00:00	1000	0.97	0.97	0.97	0.97	0.97	RAD.MI	0.87	0.87	0.87	0.87	1.03	0.87	-1.0	-1.0	-1.0	-1	-1.0	-1.0	1.0	-1.0	-1.0	1.0		0.97							1.0			1.72										-1.0			1.71	-0.0	-0.0	-0.6	-0.0	-0.0	-0.26	0.99	-0.6	0.0	0.0	195.43					1	-0.0	-0.0	-0.66	-0.0	-0.0	-0.27	-0.66	0.0	0.0	493.23					0.0	0.0	-0.25	0.0	0.0	-0.27	-0.25	0.0	0.0	189.16					0.0	0.0	0.23	0.0	0.0	-0.06	0.23	0.0	0.0	189.16					-0.0	-0.0	0.6500000000000001	-0.0	-0.0	0.6701030927835094	0.6500000000000001	0.00259180088107728	0.002588795519072873	195.4293318567372				
2022-11-30 08:00:00	0	0.97	0.97	0.97	0.97	0.97	RAD.MI	0.86	0.86	0.86	0.86	1.03	0.86	-1.0	-1.0	-1.0	-1	-1.0	-1.0	1.0	-1.0	-1.0	1.0									1.0			1.72		0.86								-1.0			1.71	-0.0	-0.0	-0.6	-0.0	-0.0	-0.26	0.99	-0.6	0.0	0.0	195.43					1	-0.0	-0.0	-0.66	-0.0	-0.0	-0.27	-0.66	0.0	0.0	493.23					0.0	0.0	-0.25	0.0	0.0	-0.27	-0.25	0.0	0.0	189.16					0.0	0.0	0.23	0.0	0.0	-0.06	0.23	0.0	0.0	189.16					-0.0	-0.0	0.6500000000000001	-0.0	-0.0	0.6701030927835094	0.6500000000000001	0.00259180088107728	0.002588795519072873	195.4293318567372				
2022-12-01 08:00:00	1000	0.98	0.98	0.98	0.98	0.98	RAD.MI	0.87	0.87	0.87	0.87	1.03	0.86	-1.0	-1.0	-1.0	-1	-1.0	-1.0	1.0	-1.0	-1.0	1.0	0.98								1.0			1.72	0.87									-1.0			1.71	-0.01	-0.01	-0.61	-0.01	-0.01	-0.27	0.99	-0.61	0.0	0.0	183.82					1	-0.01	-0.01	-0.67	-0.01	-0.01	-0.28	-0.67	0.0	0.0	452.32					0.01	0.01	-0.24	0.01	0.01	-0.27	-0.24	0.0	0.0	190.37					0.01	0.01	0.24	0.01	0.01	-0.05	0.24	0.0	0.0	190.37					-0.010000000000000009	-0.010000000000000009	0.6400000000000001	-0.010309278350515427	-0.010256500167189061	0.6530612244898002	0.6400000000000001	0.002504577691232635	0.0025012875162986337	183.82129250906613				
2022-12-02 08:00:00	0	0.98	0.98	0.98	0.98	0.98	RAD.MI	0.87	0.87	0.87	0.87	1.03	0.86	-1.0	-1.0	-1.0	-1	-1.0	-1.0	1.0	-1.0	-1.0	1.0									1.0			1.72										-1.0			1.71	-0.0	-0.0	-0.61	-0.0	-0.0	-0.27	0.99	-0.61	0.0	0.0	183.82					1	-0.0	-0.0	-0.67	-0.0	-0.0	-0.28	-0.67	0.0	0.0	452.32					0.0	0.0	-0.24	0.0	0.0	-0.27	-0.24	0.0	0.0	190.37					0.0	0.0	0.24	0.0	0.0	-0.05	0.24	0.0	0.0	190.37					-0.0	-0.0	0.6400000000000001	-0.0	-0.0	0.6530612244898002	0.6400000000000001	0.002504577691232635	0.0025012875162986337	183.82129250906613				
2022-12-05 08:00:00	500	0.97	0.97	0.97	0.97	0.97	RAD.MI	0.86	0.86	0.86	0.86	1.03	0.86	-1.0	-1.0	-1.0	-1	-1.0	-1.0	1.0	-1.0	-1.0	1.0									1.0			1.72		0.86								-1.0			1.71	0.01	0.01	-0.6	0.01	0.01	-0.26	0.99	-0.6	0.0	0.0	184.94					1	0.01	0.01	-0.66	0.01	0.01	-0.27	-0.66	0.0	0.0	455.09					-0.01	-0.01	-0.25	-0.01	-0.01	-0.27	-0.25	0.0	0.0	178.42					-0.01	-0.01	0.23	-0.01	-0.01	-0.06	0.23	0.0	0.0	178.42					0.010000000000000009	0.010000000000000009	0.6500000000000001	0.010204081632653073	0.01025650016718911	0.6701030927835097	0.6500000000000001	0.0025927835926704617	0.002589401574804473	184.9354596848882				
2022-12-06 08:00:00	0	0.97	0.97	0.97	0.97	0.97	RAD.MI	0.87	0.87	0.87	0.87	1.03	0.86	-1.0	-1.0	-1.0	-1	-1.0	-1.0	1.0	-1.0	-1.0	1.0									1.0			1.72										-1.0			1.71	-0.0	-0.0	-0.6	-0.0	-0.0	-0.26	0.98	-0.6	0.0	0.0	210.13					1	-0.0	-0.0	-0.66	-0.0	-0.0	-0.27	-0.66	0.0	0.0	566.63					0.0	0.0	-0.25	0.0	0.0	-0.27	-0.25	0.0	0.0	174.31					0.0	0.0	0.23	0.0	0.0	-0.06	0.23	0.0	0.0	174.31					-0.0	-0.0	0.6500000000000001	-0.0	-0.0	0.6701030927835097	0.6500000000000001	0.0027081167455055206	0.0027051984995438705	210.1311876755537				
2022-12-07 08:00:00	2500	0.97	0.97	0.97	0.97	0.97	RAD.MI	0.87	0.87	0.87	0.87	1.03	0.86	-1.0	-1.0	-1.0	-1	-1.0	-1.0	1.0	-1.0	-1.0	1.0									1.0			1.72										-1.0			1.71	-0.0	-0.0	-0.6	-0.0	-0.0	-0.26	0.98	-0.6	0.0	0.0	206.8					1	-0.0	-0.0	-0.66	-0.0	-0.0	-0.27	-0.66	0.0	0.0	558.33					0.0	0.0	-0.25	0.0	0.0	-0.27	-0.25	0.0	0.0	201.16					0.0	0.0	0.23	0.0	0.0	-0.06	0.23	0.0	0.0	201.16					-0.0	-0.0	0.6500000000000001	-0.0	-0.0	0.6701030927835097	0.6500000000000001	0.0024376286379962503	0.0024349573162480986	206.79887672083862				
2022-12-08 08:00:00	500	0.97	0.97	0.97	0.97	0.97	RAD.MI	0.88	0.88	0.88	0.88	1.03	0.86	-1.0	-1.0	-1.0	-1	-1.0	-1.0	1.0	-1.0	-1.0	1.0									1.0			1.72	0.88									-1.0			1.71	-0.0	-0.0	-0.6	-0.0	-0.0	-0.26	0.98	-0.6	0.0	0.0	206.8					1	-0.0	-0.0	-0.66	-0.0	-0.0	-0.27	-0.66	0.0	0.0	558.33					0.0	0.0	-0.25	0.0	0.0	-0.27	-0.25	0.0	0.0	201.16					0.0	0.0	0.23	0.0	0.0	-0.06	0.23	0.0	0.0	201.16					-0.0	-0.0	0.6500000000000001	-0.0	-0.0	0.6701030927835097	0.6500000000000001	0.0024376286379962503	0.0024349573162480986	206.79887672083862				
2022-12-09 08:00:00	0	0.97	0.97	0.97	0.97	0.97	RAD.MI	0.87	0.87	0.87	0.87	1.03	0.86	-1.0	-1.0	-1.0	-1	-1.0	-1.0	1.0	-1.0	-1.0	1.0									1.0			1.72										-1.0			1.71	-0.0	-0.0	-0.6	-0.0	-0.0	-0.26	0.98	-0.6	0.0	0.0	206.8					1	-0.0	-0.0	-0.66	-0.0	-0.0	-0.27	-0.66	0.0	0.0	558.33					0.0	0.0	-0.25	0.0	0.0	-0.27	-0.25	0.0	0.0	201.16					0.0	0.0	0.23	0.0	0.0	-0.06	0.23	0.0	0.0	201.16					-0.0	-0.0	0.6500000000000001	-0.0	-0.0	0.6701030927835097	0.6500000000000001	0.0024376286379962503	0.0024349573162480986	206.79887672083862				
2022-12-12 08:00:00	500	0.96	0.96	0.96	0.96	0.96	RAD.MI	0.86	0.86	0.86	0.86	1.03	0.86	-1.0	-1.0	-1.0	-1	-1.0	-1.0	1.0	-1.0	-1.0	1.0		0.96							1.0			1.72		0.86								-1.0			1.71	0.01	0.01	-0.59	0.01	0.01	-0.25	0.98	-0.59	0.0	0.0	207.98					1	0.01	0.01	-0.65	0.01	0.01	-0.27	-0.65	0.0	0.0	561.49					-0.01	-0.01	-0.26	-0.01	-0.01	-0.28	-0.26	0.0	0.0	187.9					-0.01	-0.01	0.22	-0.01	-0.01	-0.07	0.22	0.0	0.0	187.9					0.010000000000000009	0.010000000000000009	0.6600000000000001	0.010309278350515427	0.010362787035546547	0.6875000000000044	0.6600000000000001	0.002527784885205505	0.002525032470659383	207.97660311063106				
2022-12-13 08:00:00	1000	1.0	0.96	0.96	1.0	1.0	RAD.MI	0.85	0.89	0.85	0.89	1.03	0.85	-1.0	-1.0	1.0	0	-1.0	-1.0	1.0	-1.0	-1.0	1.0	1.0			0.96					1.0			1.72	0.89									-1.0			1.71	-0.04	-0.04	-0.63	-0.04	-0.04	-0.28	1.0	-0.63	0.0	0.0	177.11					1	-0.04	-0.04	-0.69	-0.04	-0.04	-0.29	-0.69	0.0	0.0	424.5					0.04	0.04	-0.22	0.04	0.04	-0.25	-0.22	0.0	0.0	193.16					0.04	0.04	0.26	0.04	0.04	-0.03	0.26	0.0	0.0	193.16					-0.040000000000000036	-0.040000000000000036	0.6200000000000001	-0.04166666666666674	-0.0408219945202552	0.6200000000000041	0.6200000000000001	0.0024009005419435804	0.0023976166237933416	177.1080109513436				
2022-12-14 08:00:00	500	0.96	0.96	0.96	0.96	0.96	RAD.MI	0.85	0.85	0.85	0.85	1.03	0.85	-1.0	-1.0	1.0	-1	-1.0	-1.0	1.0	-1.0	-1.0	1.0									1.0			1.72		0.85		0.85						-1.0			1.71	0.04	0.04	-0.59	0.04	0.04	-0.25	1.0	-0.59	0.0	0.0	181.44					1	-0.0	-0.0	-0.69	-0.0	-0.0	-0.29	-0.69	0.0	0.0	424.5					-0.04	-0.04	-0.26	-0.04	-0.04	-0.28	-0.26	0.0	0.0	162.66					-0.04	-0.04	0.22	-0.04	-0.04	-0.07	0.22	0.0	0.0	162.66					0.040000000000000036	0.040000000000000036	0.6600000000000001	0.040000000000000036	0.040821994520255166	0.6875000000000044	0.6600000000000001	0.002751969694817775	0.0027483130816514656	181.4387583681591				
2022-12-15 08:00:00	1000	0.96	0.96	0.96	0.96	0.96	RAD.MI	0.88	0.88	0.88	0.88	1.03	0.85	-1.0	-1.0	1.0	-1	-1.0	-1.0	1.0	-1.0	-1.0	1.0									1.0			1.72										-1.0			1.71	-0.0	-0.0	-0.59	-0.0	-0.0	-0.25	1.0	-0.59	0.0	0.0	181.44					1	-0.0	-0.0	-0.69	-0.0	-0.0	-0.29	-0.69	0.0	0.0	424.5					0.0	0.0	-0.26	0.0	0.0	-0.28	-0.26	0.0	0.0	162.66					0.0	0.0	0.22	0.0	0.0	-0.07	0.22	0.0	0.0	162.66					-0.0	-0.0	0.6600000000000001	-0.0	-0.0	0.6875000000000044	0.6600000000000001	0.002751969694817775	0.0027483130816514656	181.4387583681591				
2022-12-16 08:00:00	0	0.96	0.96	0.96	0.96	0.96	RAD.MI	0.89	0.89	0.89	0.89	1.03	0.85	-1.0	-1.0	1.0	-1	-1.0	-1.0	1.0	-1.0	-1.0	1.0		0.96							1.0			1.72	0.89									-1.0			1.71	-0.0	-0.0	-0.59	-0.0	-0.0	-0.25	1.0	-0.59	0.0	0.0	205.42					1	-0.0	-0.0	-0.69	-0.0	-0.0	-0.29	-0.69	0.0	0.0	526.09					0.0	0.0	-0.26	0.0	0.0	-0.28	-0.26	0.0	0.0	158.55					0.0	0.0	0.22	0.0	0.0	-0.07	0.22	0.0	0.0	158.55					-0.0	-0.0	0.6600000000000001	-0.0	-0.0	0.6875000000000044	0.6600000000000001	0.0028702854078464335	0.0028671197484351207	205.41924124064641				
2022-12-19 08:00:00	0	0.96	0.96	0.96	0.96	0.96	RAD.MI	0.89	0.89	0.89	0.89	1.03	0.85	-1.0	-1.0	1.0	-1	-1.0	-1.0	1.0	-1.0	-1.0	1.0									1.0			1.72										-1.0			1.71	-0.0	-0.0	-0.59	-0.0	-0.0	-0.25	1.0	-0.59	0.0	0.0	205.42					1	-0.0	-0.0	-0.69	-0.0	-0.0	-0.29	-0.69	0.0	0.0	526.09					0.0	0.0	-0.26	0.0	0.0	-0.28	-0.26	0.0	0.0	158.55					0.0	0.0	0.22	0.0	0.0	-0.07	0.22	0.0	0.0	158.55					-0.0	-0.0	0.6600000000000001	-0.0	-0.0	0.6875000000000044	0.6600000000000001	0.0028702854078464335	0.0028671197484351207	205.41924124064641				
2022-12-20 08:00:00	0	0.96	0.96	0.96	0.96	0.96	RAD.MI	0.88	0.88	0.88	0.88	1.03	0.85	-1.0	-1.0	1.0	-1	-1.0	-1.0	1.0	-1.0	-1.0	1.0									1.0			1.72		0.88								-1.0			1.71	-0.0	-0.0	-0.59	-0.0	-0.0	-0.25	1.0	-0.59	0.0	0.0	267.44					1	-0.0	-0.0	-0.69	-0.0	-0.0	-0.29	-0.69	0.0	0.0	526.09					0.0	0.0	-0.26	0.0	0.0	-0.28	-0.26	0.0	0.0	146.31					0.0	0.0	0.22	0.0	0.0	-0.07	0.22	0.0	0.0	146.31					-0.0	-0.0	0.6600000000000001	-0.0	-0.0	0.6875000000000044	0.6600000000000001	0.0030278657447613904	0.003025431184350058	267.4382607408696				
2022-12-21 08:00:00	17500	1.06	1.0	1.0	1.05	1.05	RAD.MI	0.91	0.96	0.91	0.95	1.03	0.85	-1.0	-1.0	1.0	1	-1.0	-1.0	1.0	-1.0	-1.0	1.0									1.0			1.72										-1.0			1.71	-0.09	-0.09	-0.68	-0.09	-0.09	-0.32	1.06	-0.68	0.0	0.0	192.58					1	-0.09	-0.09	-0.78	-0.09	-0.09	-0.36	-0.78	0.0	0.0	316.16					0.09	0.09	-0.17	0.09	0.09	-0.22	-0.17	0.0	0.0	161.35					0.09	0.09	0.31	0.09	0.09	0.02	0.31	0.0	0.0	161.35					-0.09000000000000008	-0.09000000000000008	0.5700000000000001	-0.09375	-0.08961215868968714	0.5428571428571469	0.5700000000000001	0.002843480334482877	0.0028401372838251504	192.58089931527115				
2022-12-22 08:00:00	9500	1.12	1.04	1.06	1.12	1.12	RAD.MI	0.97	1.03	0.95	1.03	1.03	0.85	-1.0	1.0	1.0	1	-1.0	-1.0	1.0	-1.0	-1.0	1.0									1.0			1.72										-1.0			1.71	-0.07	-0.07	-0.75	-0.07	-0.06	-0.36	1.12	-0.75	0.0	0.0	155.19					1	0.07	0.07	-0.71	0.07	0.06	-0.31	-0.71	0.0	0.0	330.95					0.07	0.07	-0.1	0.07	0.06	-0.16	-0.1	0.0	0.0	168.46					0.07	0.07	0.38	0.07	0.06	0.09	0.38	0.0	0.0	168.46					-0.07000000000000006	-0.07000000000000006	0.5	-0.06666666666666665	-0.06453852113757116	0.44642857142857517	0.5	0.002676275585039389	0.0026720923558847254	155.19103008163796				
2022-12-23 08:00:00	0	1.12	1.12	1.12	1.12	1.12	RAD.MI	1.02	1.02	1.02	1.02	1.03	0.85	-1.0	1.0	1.0	1	-1.0	-1.0	1.0	-1.0	-1.0	1.0									1.0			1.72										-1.0			1.71	-0.0	-0.0	-0.75	-0.0	-0.0	-0.36	1.12	-0.75	0.0	0.0	152.22					1	0.0	0.0	-0.71	0.0	0.0	-0.31	-0.71	0.0	0.0	330.95					0.0	0.0	-0.1	0.0	0.0	-0.16	-0.1	0.0	0.0	190.7					0.0	0.0	0.38	0.0	0.0	0.09	0.38	0.0	0.0	190.7					-0.0	-0.0	0.5	-0.0	-0.0	0.44642857142857517	0.5	0.002426982767929419	0.0024230851725273173	152.21822450653474				
2022-12-27 08:00:00	0	1.12	1.12	1.12	1.12	1.12	RAD.MI	1.03	1.03	1.03	1.03	1.03	0.85	-1.0	1.0	1.0	1	-1.0	-1.0	1.0	-1.0	-1.0	1.0									1.0			1.72	1.03									-1.0			1.71	-0.0	-0.0	-0.75	-0.0	-0.0	-0.36	1.12	-0.75	0.0	0.0	166.03					1	0.0	0.0	-0.71	0.0	0.0	-0.31	-0.71	0.0	0.0	330.95					0.0	0.0	-0.1	0.0	0.0	-0.16	-0.1	0.0	0.0	188.89					0.0	0.0	0.38	0.0	0.0	0.09	0.38	0.0	0.0	188.89					-0.0	-0.0	0.5	-0.0	-0.0	0.44642857142857517	0.5	0.0025326321978209713	0.0025291459530636384	166.02806505813817				
2022-12-28 08:00:00	0	1.12	1.12	1.12	1.12	1.12	RAD.MI	1.03	1.03	1.03	1.03	1.03	0.85	-1.0	1.0	1.0	1	-1.0	-1.0	1.0	-1.0	-1.0	1.0									1.0			1.72										-1.0			1.71	-0.0	-0.0	-0.75	-0.0	-0.0	-0.36	1.12	-0.75	0.0	0.0	175.84					1	0.0	0.0	-0.71	0.0	0.0	-0.31	-0.71	0.0	0.0	330.95					0.0	0.0	-0.1	0.0	0.0	-0.16	-0.1	0.0	0.0	187.94					0.0	0.0	0.38	0.0	0.0	0.09	0.38	0.0	0.0	187.94					-0.0	-0.0	0.5	-0.0	-0.0	0.44642857142857517	0.5	0.002622579648731962	0.00261940360820323	175.84363782969461				
2022-12-29 08:00:00	500	1.12	1.12	1.12	1.12	1.12	RAD.MI	1.02	1.02	1.02	1.02	1.03	0.85	-1.0	1.0	1.0	1	-1.0	-1.0	1.0	-1.0	-1.0	1.0									1.0			1.72		1.02								-1.0			1.71	-0.0	-0.0	-0.75	-0.0	-0.0	-0.36	1.12	-0.75	0.0	0.0	175.84					1	0.0	0.0	-0.71	0.0	0.0	-0.31	-0.71	0.0	0.0	330.95					0.0	0.0	-0.1	0.0	0.0	-0.16	-0.1	0.0	0.0	187.94					0.0	0.0	0.38	0.0	0.0	0.09	0.38	0.0	0.0	187.94					-0.0	-0.0	0.5	-0.0	-0.0	0.44642857142857517	0.5	0.002622579648731962	0.00261940360820323	175.84363782969461				
2022-12-30 08:00:00	500	1.14	1.14	1.14	1.14	1.14	RAD.MI	1.05	1.05	1.05	1.05	1.05	0.85	1.0	1.0	1.0	1	-1.0	-1.0	1.0	-1.0	-1.0	1.0									1.0			1.72	1.05									-1.0			1.71	-0.02	-0.02	-0.77	-0.02	-0.02	-0.37	1.14	-0.77	0.0	0.0	157.77					1	0.02	0.02	-0.69	0.02	0.02	-0.3	-0.69	0.0	0.0	333.54					0.02	0.02	-0.08	0.02	0.02	-0.15	-0.08	0.0	0.0	223.45					0.02	0.02	0.4	0.02	0.02	0.11	0.4	0.0	0.0	223.45					-0.019999999999999796	-0.019999999999999796	0.4800000000000002	-0.01785714285714257	-0.017699577099400638	0.42105263157895156	0.4800000000000002	0.0021841564840612494	0.002180937157963081	157.77126383660692				
2023-01-02 08:00:00	500	1.15	1.15	1.15	1.15	1.15	RAD.MI	1.04	1.04	1.04	1.04	1.05	0.85	1.0	1.0	1.0	1	-1.0	-1.0	1.0	-1.0	-1.0	1.0									1.0			1.72										-1.0			1.71	0.01	0.01	-0.76	0.01	0.01	-0.37	1.15	-0.76	0.0	0.0	158.87					1	0.01	0.01	-0.68	0.01	0.01	-0.29	-0.68	0.0	0.0	334.67					0.01	0.01	-0.07	0.01	0.01	-0.14	-0.07	0.0	0.0	224.21					0.01	0.01	0.41	0.01	0.01	0.12	0.41	0.0	0.0	224.21					-0.010000000000000009	-0.010000000000000009	0.4700000000000002	-0.00877192982456143	-0.008733679968754631	0.4086956521739171	0.4700000000000002	0.002096536193136684	0.002093029113930278	148.4780722587764				
2023-01-03 08:00:00	0	1.15	1.15	1.15	1.15	1.15	RAD.MI	1.03	1.03	1.03	1.03	1.05	0.85	1.0	1.0	1.0	1	-1.0	-1.0	1.0	-1.0	-1.0	1.0	1.15								1.0			1.72										-1.0			1.71	0.0	0.0	-0.76	0.0	0.0	-0.37	1.15	-0.76	0.0	0.0	158.87					1	0.0	0.0	-0.68	0.0	0.0	-0.29	-0.68	0.0	0.0	334.67					0.0	0.0	-0.07	0.0	0.0	-0.14	-0.07	0.0	0.0	224.21					0.0	0.0	0.41	0.0	0.0	0.12	0.41	0.0	0.0	224.21					-0.0	-0.0	0.4700000000000002	-0.0	-0.0	0.4086956521739171	0.4700000000000002	0.002096536193136684	0.002093029113930278	148.4780722587764				
2023-01-04 08:00:00	0	1.15	1.15	1.15	1.15	1.15	RAD.MI	1.01	1.01	1.01	1.01	1.05	0.85	1.0	1.0	1.0	1	-1.0	-1.0	1.0	-1.0	-1.0	1.0									1.0			1.72										-1.0			1.71	0.0	0.0	-0.76	0.0	0.0	-0.37	1.15	-0.76	0.0	0.0	183.83					1	0.0	0.0	-0.68	0.0	0.0	-0.29	-0.68	0.0	0.0	334.67					0.0	0.0	-0.07	0.0	0.0	-0.14	-0.07	0.0	0.0	220.58					0.0	0.0	0.41	0.0	0.0	0.12	0.41	0.0	0.0	220.58					-0.0	-0.0	0.4700000000000002	-0.0	-0.0	0.4086956521739171	0.4700000000000002	0.0022232944834130117	0.002220327691893509	172.46635906709452				
2023-01-05 08:00:00	1000	1.13	1.13	1.13	1.13	1.13	RAD.MI	0.99	0.99	0.99	0.99	1.05	0.85	1.0	1.0	1.0	1	-1.0	-1.0	1.0	-1.0	-1.0	1.0									1.0			1.72										-1.0			1.71	-0.02	-0.02	-0.78	-0.02	-0.02	-0.38	1.15	-0.78	0.0	0.0	169.05					1	-0.02	-0.02	-0.7	-0.02	-0.02	-0.31	-0.7	0.0	0.0	303.36					-0.02	-0.02	-0.09	-0.02	-0.02	-0.16	-0.09	0.0	0.0	201.35					-0.02	-0.02	0.39	-0.02	-0.02	0.1	0.39	0.0	0.0	201.35					0.020000000000000018	0.020000000000000018	0.4900000000000002	0.017391304347826098	0.017544309650909508	0.433628318584075	0.4900000000000002	0.0023759299773759247	0.0023728178282473866	174.62458877835863				
2023-01-06 08:00:00	10500	1.18	1.07	1.1	1.1	1.1	RAD.MI	0.95	1.02	0.93	0.95	1.05	0.85	1.0	1.0	1.0	1	-1.0	-1.0	1.0	-1.0	-1.0	1.0		1.07							1.0			1.72		0.93								-1.0			1.71	-0.03	-0.03	-0.81	-0.03	-0.03	-0.39	1.18	-0.81	0.0	0.0	151.02					1	-0.03	-0.03	-0.73	-0.03	-0.03	-0.32	-0.73	0.0	0.0	265.52					-0.03	-0.03	-0.12	-0.03	-0.03	-0.18	-0.12	0.0	0.0	177.81					-0.03	-0.03	0.36	-0.03	-0.03	0.07	0.36	0.0	0.0	177.81					0.029999999999999805	0.029999999999999805	0.52	0.0265486725663715	0.026907452919924156	0.47272727272727666	0.52	0.0026100248177792643	0.0026066830011906017	177.52691439592445				
2023-01-09 08:00:00	11000	1.24	1.1	1.1	1.24	1.24	RAD.MI	0.95	1.07	0.95	1.07	1.07	0.85	1.0	1.0	1.0	1	-1.0	-1.0	1.0	-1.0	-1.0	1.0	1.24		1.24						1.0			1.72	1.07		1.07							-1.0			1.71	0.14	0.14	-0.67	0.13	0.12	-0.32	1.24	-0.67	0.0	0.0	162.62					1	0.14	0.14	-0.59	0.13	0.12	-0.24	-0.59	0.0	0.0	278.32					0.14	0.14	0.02	0.13	0.12	-0.07	0.02	0.0	0.0	188.41					0.14	0.14	0.5	0.13	0.12	0.2	0.5	0.0	0.0	188.41					-0.1399999999999999	-0.1399999999999999	0.3800000000000001	-0.1272727272727272	-0.11980119981262058	0.30645161290322953	0.3800000000000001	0.002365475438150954	0.002360718519749394	124.33181792632574				
2023-01-10 08:00:00	1500	1.2	1.18	1.2	1.18	1.18	RAD.MI	1.03	1.03	1.02	1.02	1.07	0.85	1.0	1.0	1.0	1	-1.0	-1.0	1.0	-1.0	-1.0	1.0									1.0			1.72										-1.0			1.71	-0.06	-0.06	-0.73	-0.05	-0.05	-0.35	1.24	-0.73	0.0	0.0	135.58					1	-0.06	-0.06	-0.65	-0.05	-0.05	-0.28	-0.65	0.0	0.0	229.55					-0.06	-0.06	-0.04	-0.05	-0.05	-0.12	-0.04	0.0	0.0	181.92					-0.06	-0.06	0.44	-0.05	-0.05	0.15	0.44	0.0	0.0	181.92					0.06000000000000005	0.06000000000000005	0.44000000000000017	0.048387096774193616	0.04959694113937218	0.3728813559322073	0.44000000000000017	0.0024579865654296845	0.0024531139089607468	125.45472870250076				
2023-01-11 08:00:00	5000	1.2	1.15	1.16	1.16	1.16	RAD.MI	0.99	1.03	0.98	0.99	1.07	0.85	1.0	1.0	1.0	1	-1.0	-1.0	1.0	-1.0	-1.0	1.0									1.0			1.72										-1.0			1.71	-0.02	-0.02	-0.75	-0.02	-0.02	-0.36	1.24	-0.75	0.0	0.0	125.37					1	-0.02	-0.02	-0.67	-0.02	-0.02	-0.29	-0.67	0.0	0.0	212.0					-0.02	-0.02	-0.06	-0.02	-0.02	-0.13	-0.06	0.0	0.0	167.86					-0.02	-0.02	0.42	-0.02	-0.02	0.13	0.42	0.0	0.0	167.86					0.020000000000000018	0.020000000000000018	0.4600000000000002	0.016949152542372947	0.017094433359300183	0.39655172413793505	0.4600000000000002	0.002604998692319666	0.0025999392612312544	127.11132749798912				
2023-01-12 08:00:00	0	1.16	1.16	1.16	1.16	1.16	RAD.MI	0.98	0.98	0.98	0.98	1.07	0.85	1.0	1.0	1.0	1	-1.0	-1.0	1.0	-1.0	-1.0	1.0									1.0			1.72										-1.0			1.71	0.0	0.0	-0.75	0.0	0.0	-0.36	1.24	-0.75	0.0	0.0	125.37					1	0.0	0.0	-0.67	0.0	0.0	-0.29	-0.67	0.0	0.0	212.0					0.0	0.0	-0.06	0.0	0.0	-0.13	-0.06	0.0	0.0	167.86					0.0	0.0	0.42	0.0	0.0	0.13	0.42	0.0	0.0	167.86					-0.0	-0.0	0.4600000000000002	-0.0	-0.0	0.39655172413793505	0.4600000000000002	0.002604998692319666	0.0025999392612312544	127.11132749798912				
2023-01-13 08:00:00	500	1.15	1.15	1.15	1.15	1.15	RAD.MI	0.97	0.97	0.97	0.97	1.07	0.85	1.0	1.0	1.0	1	-1.0	-1.0	1.0	-1.0	-1.0	1.0									1.0			1.72										-1.0			1.71	-0.01	-0.01	-0.76	-0.01	-0.01	-0.37	1.24	-0.76	0.0	0.0	118.23					1	-0.01	-0.01	-0.68	-0.01	-0.01	-0.29	-0.68	0.0	0.0	200.92					-0.01	-0.01	-0.07	-0.01	-0.01	-0.14	-0.07	0.0	0.0	158.97					-0.01	-0.01	0.41	-0.01	-0.01	0.12	0.41	0.0	0.0	158.97					0.010000000000000009	0.010000000000000009	0.4700000000000002	0.008620689655172376	0.008658062743114541	0.4086956521739171	0.4700000000000002	0.002679458031910451	0.002674302667012629	127.89599527162484				
2023-01-16 08:00:00	9500	1.17	1.11	1.13	1.11	1.11	RAD.MI	0.95	0.99	0.94	0.94	1.07	0.85	1.0	1.0	1.0	1	-1.0	-1.0	1.0	-1.0	-1.0	1.0									1.0			1.72										-1.0			1.71	-0.04	-0.04	-0.8	-0.03	-0.04	-0.39	1.24	-0.8	0.0	0.0	102.61					1	-0.04	-0.04	-0.72	-0.03	-0.04	-0.32	-0.72	0.0	0.0	175.44					-0.04	-0.04	-0.11	-0.03	-0.04	-0.17	-0.11	0.0	0.0	147.0					-0.04	-0.04	0.37	-0.03	-0.04	0.08	0.37	0.0	0.0	147.0					0.039999999999999813	0.039999999999999813	0.51	0.03478260869565197	0.03540192705091572	0.4594594594594634	0.51	0.0028983417592110803	0.0028928991848744534	130.01656452167228				
2023-01-17 08:00:00	0	1.11	1.11	1.11	1.11	1.11	RAD.MI	0.93	0.93	0.93	0.93	1.07	0.85	1.0	1.0	1.0	1	-1.0	-1.0	1.0	-1.0	-1.0	1.0									1.0			1.72										-1.0			1.71	0.0	0.0	-0.8	0.0	0.0	-0.39	1.24	-0.8	0.0	0.0	102.61					1	0.0	0.0	-0.72	0.0	0.0	-0.32	-0.72	0.0	0.0	175.44					0.0	0.0	-0.11	0.0	0.0	-0.17	-0.11	0.0	0.0	147.0					0.0	0.0	0.37	0.0	0.0	0.08	0.37	0.0	0.0	147.0					-0.0	-0.0	0.51	-0.0	-0.0	0.4594594594594634	0.51	0.0028983417592110803	0.0028928991848744534	130.01656452167228				
2023-01-18 08:00:00	2000	1.11	1.1	1.11	1.1	1.1	RAD.MI	0.93	0.93	0.92	0.92	1.07	0.85	1.0	1.0	1.0	1	-1.0	-1.0	1.0	-1.0	-1.0	1.0									1.0			1.72		0.92								-1.0			1.71	-0.01	-0.01	-0.81	-0.01	-0.01	-0.39	1.24	-0.81	0.0	0.0	95.93					1	-0.01	-0.01	-0.73	-0.01	-0.01	-0.32	-0.73	0.0	0.0	165.68					-0.01	-0.01	-0.12	-0.01	-0.01	-0.18	-0.12	0.0	0.0	138.87					-0.01	-0.01	0.36	-0.01	-0.01	0.07	0.36	0.0	0.0	138.87					0.010000000000000009	0.010000000000000009	0.52	0.009009009009009028	0.009049835519917927	0.47272727272727666	0.52	0.002976170344682375	0.0029706237778055478	130.71034216531518				
2023-01-19 08:00:00	1000	1.09	1.09	1.09	1.09	1.09	RAD.MI	0.93	0.93	0.93	0.93	1.07	0.85	1.0	1.0	1.0	1	-1.0	-1.0	1.0	-1.0	-1.0	1.0									1.0			1.72	0.93									-1.0			1.71	-0.01	-0.01	-0.82	-0.01	-0.01	-0.4	1.24	-0.82	0.0	0.0	89.36					1	-0.01	-0.01	-0.74	-0.01	-0.01	-0.33	-0.74	0.0	0.0	156.18					-0.01	-0.01	-0.13	-0.01	-0.01	-0.19	-0.13	0.0	0.0	130.97					-0.01	-0.01	0.35	-0.01	-0.01	0.06	0.35	0.0	0.0	130.97					0.010000000000000009	0.010000000000000009	0.53	0.00909090909090915	0.009132483563272587	0.48623853211009593	0.53	0.003054709703326519	0.003049057200208427	131.38159169851346				
2023-01-20 08:00:00	0	1.09	1.09	1.09	1.09	1.09	RAD.MI	0.92	0.92	0.92	0.92	1.07	0.85	1.0	1.0	1.0	1	-1.0	-1.0	1.0	-1.0	-1.0	1.0		1.09							1.0			1.72		0.92								-1.0			1.71	0.0	0.0	-0.82	0.0	0.0	-0.4	1.24	-0.82	0.0	0.0	89.36					1	0.0	0.0	-0.74	0.0	0.0	-0.33	-0.74	0.0	0.0	156.18					0.0	0.0	-0.13	0.0	0.0	-0.19	-0.13	0.0	0.0	130.97					0.0	0.0	0.35	0.0	0.0	0.06	0.35	0.0	0.0	130.97					-0.0	-0.0	0.53	-0.0	-0.0	0.48623853211009593	0.53	0.003054709703326519	0.003049057200208427	131.38159169851346				
2023-01-23 08:00:00	0	1.09	1.09	1.09	1.09	1.09	RAD.MI	0.92	0.92	0.92	0.92	1.07	0.85	1.0	1.0	-1.0	1	-1.0	-1.0	1.0	-1.0	-1.0	1.0									1.0			1.72										-1.0			1.71	0.0	0.0	-0.82	0.0	0.0	-0.4	1.24	-0.82	0.0	0.0	89.36					1	0.0	0.0	-0.74	0.0	0.0	-0.33	-0.74	0.0	0.0	156.18					0.0	0.0	-0.13	0.0	0.0	-0.19	-0.13	0.0	0.0	130.97					0.0	0.0	0.35	0.0	0.0	0.06	0.35	0.0	0.0	130.97					-0.0	-0.0	0.53	-0.0	-0.0	0.48623853211009593	0.53	0.003054709703326519	0.003049057200208427	131.38159169851346				
2023-01-24 08:00:00	3000	1.1	1.1	1.1	1.1	1.1	RAD.MI	0.93	0.93	0.93	0.93	1.07	0.85	1.0	1.0	-1.0	1	-1.0	-1.0	1.0	-1.0	-1.0	1.0									1.0			1.72	0.93									-1.0			1.71	0.01	0.01	-0.81	0.01	0.01	-0.39	1.24	-0.81	0.0	0.0	90.5					1	0.01	0.01	-0.73	0.01	0.01	-0.32	-0.73	0.0	0.0	157.23					0.01	0.01	-0.12	0.01	0.01	-0.18	-0.12	0.0	0.0	131.71					0.01	0.01	0.36	0.01	0.01	0.07	0.36	0.0	0.0	131.71					-0.010000000000000009	-0.010000000000000009	0.52	-0.00917431192660545	-0.009132483563272472	0.4727272727272769	0.52	0.0029441888061890607	0.002938089374813213	124.47195993447562				
2023-01-25 08:00:00	0	1.1	1.1	1.1	1.1	1.1	RAD.MI	0.93	0.93	0.93	0.93	1.07	0.85	1.0	1.0	-1.0	1	-1.0	-1.0	1.0	-1.0	-1.0	1.0									1.0			1.72										-1.0			1.71	0.0	0.0	-0.81	0.0	0.0	-0.39	1.24	-0.81	0.0	0.0	90.5					1	0.0	0.0	-0.73	0.0	0.0	-0.32	-0.73	0.0	0.0	157.23					0.0	0.0	-0.12	0.0	0.0	-0.18	-0.12	0.0	0.0	131.71					0.0	0.0	0.36	0.0	0.0	0.07	0.36	0.0	0.0	131.71					-0.0	-0.0	0.52	-0.0	-0.0	0.4727272727272769	0.52	0.0029441888061890607	0.002938089374813213	124.47195993447562				
2023-01-26 08:00:00	0	1.1	1.1	1.1	1.1	1.1	RAD.MI	0.92	0.92	0.92	0.92	1.07	0.85	1.0	1.0	-1.0	1	-1.0	-1.0	1.0	-1.0	-1.0	1.0									1.0			1.72										-1.0			1.71	0.0	0.0	-0.81	0.0	0.0	-0.39	1.24	-0.81	0.0	0.0	97.22					1	0.0	0.0	-0.73	0.0	0.0	-0.32	-0.73	0.0	0.0	167.07					0.0	0.0	-0.12	0.0	0.0	-0.18	-0.12	0.0	0.0	130.9					0.0	0.0	0.36	0.0	0.0	0.07	0.36	0.0	0.0	130.9					-0.0	-0.0	0.52	-0.0	-0.0	0.4727272727272769	0.52	0.0030558546895323732	0.003050211760319943	131.63504304084003				
2023-01-27 08:00:00	0	1.1	1.1	1.1	1.1	1.1	RAD.MI	0.91	0.91	0.91	0.91	1.07	0.85	1.0	1.0	-1.0	1	-1.0	-1.0	1.0	-1.0	-1.0	1.0									1.0			1.72		0.91								-1.0			1.71	0.0	0.0	-0.81	0.0	0.0	-0.39	1.24	-0.81	0.0	0.0	94.79					1	0.0	0.0	-0.73	0.0	0.0	-0.32	-0.73	0.0	0.0	164.85					0.0	0.0	-0.12	0.0	0.0	-0.18	-0.12	0.0	0.0	143.47					0.0	0.0	0.36	0.0	0.0	0.07	0.36	0.0	0.0	143.47					-0.0	-0.0	0.52	-0.0	-0.0	0.4727272727272769	0.52	0.0028838489558550146	0.0028784365342053864	130.12701946929056				
2023-01-30 08:00:00	6500	1.15	1.11	1.12	1.11	1.11	RAD.MI	0.93	0.95	0.92	0.92	1.07	0.85	1.0	1.0	-1.0	1	-1.0	-1.0	1.0	-1.0	-1.0	1.0	1.15								1.0			1.72	0.95									-1.0			1.71	0.01	0.01	-0.8	0.01	0.01	-0.39	1.24	-0.8	0.0	0.0	95.92					1	0.01	0.01	-0.72	0.01	0.01	-0.32	-0.72	0.0	0.0	165.88					0.01	0.01	-0.11	0.01	0.01	-0.17	-0.11	0.0	0.0	144.18					0.01	0.01	0.37	0.01	0.01	0.08	0.37	0.0	0.0	144.18					-0.010000000000000009	-0.010000000000000009	0.51	-0.009090909090909038	-0.009049835519917856	0.45945945945946365	0.51	0.0027755338821822445	0.002769692124786838	123.12276042954126				
2023-01-31 08:00:00	0	1.11	1.11	1.11	1.11	1.11	RAD.MI	0.91	0.91	0.91	0.91	1.07	0.85	1.0	1.0	-1.0	1	-1.0	-1.0	1.0	-1.0	-1.0	1.0									1.0			1.72										-1.0			1.71	0.0	0.0	-0.8	0.0	0.0	-0.39	1.24	-0.8	0.0	0.0	95.92					1	0.0	0.0	-0.72	0.0	0.0	-0.32	-0.72	0.0	0.0	165.88					0.0	0.0	-0.11	0.0	0.0	-0.17	-0.11	0.0	0.0	144.18					0.0	0.0	0.37	0.0	0.0	0.08	0.37	0.0	0.0	144.18					-0.0	-0.0	0.51	-0.0	-0.0	0.45945945945946365	0.51	0.0027755338821822445	0.002769692124786838	123.12276042954126				
2023-02-01 08:00:00	2500	1.08	1.07	1.07	1.08	1.08	RAD.MI	0.88	0.88	0.88	0.88	1.07	0.85	1.0	1.0	-1.0	0	-1.0	-1.0	1.0	-1.0	-1.0	1.0									1.0			1.72										-1.0			1.71	-0.03	-0.03	-0.83	-0.03	-0.03	-0.4	1.24	-0.83	0.0	0.0	84.99					1	-0.03	-0.03	-0.75	-0.03	-0.03	-0.34	-0.75	0.0	0.0	148.21					-0.03	-0.03	-0.14	-0.03	-0.03	-0.19	-0.14	0.0	0.0	128.76					-0.03	-0.03	0.34	-0.03	-0.03	0.05	0.34	0.0	0.0	128.76					0.030000000000000027	0.030000000000000027	0.54	0.027027027027027084	0.027398974188114503	0.5000000000000044	0.54	0.0030084251627812185	0.0030022445687343247	125.29964883494958				
2023-02-02 08:00:00	11000	1.08	1.02	1.04	1.06	1.06	RAD.MI	0.84	0.87	0.82	0.85	1.07	0.82	-1.0	-1.0	-1.0	0	-1.0	-1.0	1.0	-1.0	-1.0	1.0		1.02		1.02					1.0			1.72		0.82		0.82						-1.0			1.71	-0.02	-0.02	-0.85	-0.02	-0.02	-0.42	1.24	-0.85	0.0	0.0	76.64					1	-0.0	-0.0	-0.75	-0.0	-0.0	-0.34	-0.75	0.0	0.0	148.21					-0.02	-0.02	-0.16	-0.02	-0.02	-0.21	-0.16	0.0	0.0	117.88					-0.02	-0.02	0.32	-0.02	-0.02	0.03	0.32	0.0	0.0	117.88					0.020000000000000018	0.020000000000000018	0.56	0.01851851851851849	0.01869213301215252	0.5283018867924572	0.56	0.003167308293384515	0.003160891078217043	126.63822594810767				
2023-02-03 08:00:00	9000	1.11	1.08	1.09	1.11	1.11	RAD.MI	0.88	0.9	0.88	0.9	1.07	0.82	-1.0	-1.0	-1.0	0	-1.0	-1.0	1.0	-1.0	-1.0	1.0									1.0			1.72										-1.0			1.71	-0.05	-0.05	-0.9	-0.05	-0.05	-0.44	1.24	-0.9	0.0	0.0	63.43					1	0.0	0.0	-0.75	0.0	0.0	-0.34	-0.75	0.0	0.0	148.21					0.05	0.05	-0.11	0.05	0.05	-0.17	-0.11	0.0	0.0	121.43					0.05	0.05	0.37	0.05	0.05	0.08	0.37	0.0	0.0	121.43					-0.050000000000000044	-0.050000000000000044	0.51	-0.04716981132075482	-0.04609110720026709	0.4594594594594634	0.51	0.002993308107199176	0.002985905473304573	110.19533997438539				
2023-02-06 08:00:00	0	1.11	1.11	1.11	1.11	1.11	RAD.MI	0.9	0.9	0.9	0.9	1.07	0.82	-1.0	-1.0	-1.0	0	-1.0	-1.0	1.0	-1.0	-1.0	1.0									1.0			1.72										-1.0			1.71	-0.0	-0.0	-0.9	-0.0	-0.0	-0.44	1.2	-0.9	0.0	0.0	63.43					1	0.0	0.0	-0.75	0.0	0.0	-0.34	-0.75	0.0	0.0	148.21					0.0	0.0	-0.11	0.0	0.0	-0.17	-0.11	0.0	0.0	121.43					0.0	0.0	0.37	0.0	0.0	0.08	0.37	0.0	0.0	121.43					-0.0	-0.0	0.51	-0.0	-0.0	0.4594594594594634	0.51	0.002993308107199176	0.002985905473304573	110.19533997438539				
2023-02-07 08:00:00	2000	1.12	1.12	1.12	1.12	1.12	RAD.MI	0.9	0.9	0.9	0.9	1.07	0.82	-1.0	-1.0	-1.0	0	-1.0	-1.0	1.0	-1.0	-1.0	1.0									1.0			1.72										-1.0			1.71	-0.01	-0.01	-0.91	-0.01	-0.01	-0.45	1.2	-0.91	0.0	0.0	57.77					1	0.0	0.0	-0.75	0.0	0.0	-0.34	-0.75	0.0	0.0	148.21					0.01	0.01	-0.1	0.01	0.01	-0.16	-0.1	0.0	0.0	122.06					0.01	0.01	0.38	0.01	0.01	0.09	0.38	0.0	0.0	122.06					-0.010000000000000009	-0.010000000000000009	0.5	-0.009009009009008917	-0.008968669982760316	0.4464285714285756	0.5	0.002873197842843546	0.0028652925153236364	104.16707215427488				
2023-02-08 08:00:00	1500	1.13	1.11	1.11	1.13	1.13	RAD.MI	0.89	0.91	0.89	0.91	1.07	0.82	-1.0	-1.0	-1.0	0	-1.0	-1.0	1.0	-1.0	-1.0	1.0									1.0			1.72										-1.0			1.71	-0.01	-0.01	-0.92	-0.01	-0.01	-0.45	1.17	-0.92	0.0	0.0	52.21					1	0.0	0.0	-0.75	0.0	0.0	-0.34	-0.75	0.0	0.0	148.21					0.01	0.01	-0.09	0.01	0.01	-0.16	-0.09	0.0	0.0	122.66					0.01	0.01	0.39	0.01	0.01	0.1	0.39	0.0	0.0	122.66					-0.009999999999999787	-0.009999999999999787	0.4900000000000002	-0.008928571428571175	-0.008888947417245774	0.43362831858407525	0.4900000000000002	0.002751437345109289	0.0027430280963425258	98.27332085755391				
2023-02-09 08:00:00	3500	1.14	1.11	1.14	1.14	1.14	RAD.MI	0.91	0.91	0.88	0.91	1.07	0.82	-1.0	-1.0	-1.0	0	-1.0	-1.0	1.0	-1.0	-1.0	1.0									1.0			1.72										-1.0			1.71	-0.01	-0.01	-0.93	-0.01	-0.01	-0.46	1.17	-0.93	0.0	0.0	46.75					1	0.0	0.0	-0.75	0.0	0.0	-0.34	-0.75	0.0	0.0	148.21					0.01	0.01	-0.08	0.01	0.01	-0.15	-0.08	0.0	0.0	123.24					0.01	0.01	0.4	0.01	0.01	0.11	0.4	0.0	0.0	123.24					-0.010000000000000009	-0.010000000000000009	0.4800000000000002	-0.008849557522123908	-0.008810629682154906	0.4210526315789518	0.4800000000000002	0.002628047861588257	0.0026191340512926597	92.50640458115834				
2023-02-10 08:00:00	0	1.14	1.14	1.14	1.14	1.14	RAD.MI	0.91	0.91	0.91	0.91	1.07	0.82	-1.0	-1.0	-1.0	0	-1.0	-1.0	1.0	1.0	-1.0	-1.0									1.0			1.72										-1.0			1.71	-0.0	-0.0	-0.93	-0.0	-0.0	-0.46	1.17	-0.93	0.0	0.0	46.75					1	0.0	0.0	-0.75	0.0	0.0	-0.34	-0.75	0.0	0.0	148.21					0.0	0.0	-0.08	0.0	0.0	-0.15	-0.08	0.0	0.0	123.24					0.0	0.0	0.4	0.0	0.0	0.11	0.4	0.0	0.0	123.24					-0.0	-0.0	0.4800000000000002	-0.0	-0.0	0.4210526315789518	0.4800000000000002	0.002628047861588257	0.0026191340512926597	92.50640458115834				
2023-02-13 08:00:00	2500	1.15	1.15	1.15	1.15	1.15	RAD.MI	0.92	0.92	0.92	0.92	1.07	0.82	-1.0	-1.0	-1.0	1	-1.0	-1.0	1.0	1.0	-1.0	-1.0	1.15								1.0			1.72	0.92									-1.0			1.71	-0.01	-0.01	-0.94	-0.01	-0.01	-0.46	1.15	-0.94	0.0	0.0	41.36					1	0.0	0.0	-0.75	0.0	0.0	-0.34	-0.75	0.0	0.0	148.21					0.01	0.01	-0.07	0.01	0.01	-0.14	-0.07	0.0	0.0	123.8					-0.01	-0.01	0.39	-0.01	-0.01	0.1	0.39	0.0	0.0	116.51					-0.010000000000000009	-0.010000000000000009	0.4700000000000002	-0.00877192982456143	-0.008733679968754631	0.40869565217391735	0.4700000000000002	0.0025030501515575935	0.002493631727308543	86.85922057441171				
2023-02-14 08:00:00	9500	1.17	1.11	1.17	1.14	1.14	RAD.MI	0.93	0.93	0.88	0.91	1.07	0.82	-1.0	-1.0	-1.0	1	-1.0	-1.0	1.0	1.0	-1.0	-1.0		1.11							1.0			1.72		0.88								-1.0			1.71	0.01	0.01	-0.93	0.01	0.01	-0.46	1.17	-0.93	0.0	0.0	42.79					1	-0.01	-0.01	-0.76	-0.01	-0.01	-0.34	-0.76	0.0	0.0	139.53					-0.01	-0.01	-0.08	-0.01	-0.01	-0.15	-0.08	0.0	0.0	117.09					0.01	0.01	0.4	0.01	0.01	0.11	0.4	0.0	0.0	117.09					0.010000000000000009	0.010000000000000009	0.4800000000000002	0.008695652173913104	0.008733679968754666	0.421052631578952	0.4800000000000002	0.0025729195913076304	0.002563349128176684	87.6450698963335				
2023-02-15 08:00:00	500	1.15	1.15	1.15	1.15	1.15	RAD.MI	0.91	0.91	0.91	0.91	1.07	0.82	-1.0	-1.0	-1.0	1	-1.0	-1.0	1.0	1.0	-1.0	-1.0									1.0			1.72										-1.0			1.71	-0.01	-0.01	-0.94	-0.01	-0.01	-0.46	1.17	-0.94	0.0	0.0	35.81					1	0.01	0.01	-0.75	0.01	0.01	-0.34	-0.75	0.0	0.0	139.35					0.01	0.01	-0.07	0.01	0.01	-0.14	-0.07	0.0	0.0	124.84					-0.01	-0.01	0.39	-0.01	-0.01	0.1	0.39	0.0	0.0	117.56					-0.010000000000000009	-0.010000000000000009	0.4700000000000002	-0.00877192982456143	-0.008733679968754631	0.40869565217391757	0.4700000000000002	0.002365098042720599	0.0023551998565132237	81.17297137140382				
2023-02-16 08:00:00	500	1.17	1.17	1.17	1.17	1.17	RAD.MI	0.92	0.92	0.92	0.92	1.07	0.82	-1.0	-1.0	-1.0	1	-1.0	-1.0	1.0	1.0	-1.0	-1.0	1.17		1.17						1.0			1.72	0.92									-1.0			1.71	-0.02	-0.02	-0.96	-0.02	-0.02	-0.47	1.17	-0.96	0.0	0.0	25.4					1	0.02	0.02	-0.73	0.02	0.02	-0.33	-0.73	0.0	0.0	138.91					0.02	0.02	-0.05	0.02	0.02	-0.13	-0.05	0.0	0.0	137.23					-0.02	-0.02	0.37	-0.02	-0.02	0.08	0.37	0.0	0.0	118.7					-0.020000000000000018	-0.020000000000000018	0.4500000000000002	-0.01739130434782621	-0.017241806434506173	0.3846153846153888	0.4500000000000002	0.002057200411445968	0.0020470238881644676	71.89527428848517				
2023-02-17 08:00:00	1500	1.17	1.15	1.15	1.17	1.17	RAD.MI	0.9	0.92	0.9	0.92	1.07	0.82	-1.0	-1.0	-1.0	1	-1.0	-1.0	1.0	1.0	-1.0	-1.0									1.0			1.72										-1.0			1.71	-0.0	-0.0	-0.96	-0.0	-0.0	-0.47	1.17	-0.96	0.0	0.0	25.4					1	0.0	0.0	-0.73	0.0	0.0	-0.33	-0.73	0.0	0.0	138.91					0.0	0.0	-0.05	0.0	0.0	-0.13	-0.05	0.0	0.0	137.23					-0.0	-0.0	0.37	-0.0	-0.0	0.08	0.37	0.0	0.0	118.7					-0.0	-0.0	0.4500000000000002	-0.0	-0.0	0.3846153846153888	0.4500000000000002	0.002057200411445968	0.0020470238881644676	71.89527428848517				
2023-02-20 08:00:00	15000	1.15	1.15	1.15	1.15	1.15	RAD.MI	0.91	0.91	0.91	0.91	1.07	0.82	-1.0	-1.0	-1.0	1	-1.0	-1.0	1.0	1.0	-1.0	-1.0									1.0			1.72										-1.0			1.71	0.02	0.02	-0.94	0.02	0.02	-0.46	1.17	-0.94	0.0	0.0	24.62					1	-0.02	-0.02	-0.75	-0.02	-0.02	-0.34	-0.75	0.0	0.0	124.07					-0.02	-0.02	-0.07	-0.02	-0.02	-0.14	-0.07	0.0	0.0	138.72					0.02	0.02	0.39	0.02	0.02	0.1	0.39	0.0	0.0	131.05					0.020000000000000018	0.020000000000000018	0.4700000000000002	0.017094017094017144	0.017241806434506103	0.40869565217391735	0.4700000000000002	0.0020274699098920225	0.0020173644099734656	71.46830145571762				
2023-02-21 08:00:00	500	1.13	1.13	1.13	1.13	1.13	RAD.MI	0.9	0.9	0.9	0.9	1.07	0.82	-1.0	-1.0	-1.0	1	-1.0	-1.0	1.0	1.0	-1.0	-1.0									1.0			1.72										-1.0			1.71	0.02	0.02	-0.92	0.02	0.02	-0.45	1.17	-0.92	0.0	0.0	23.8					1	-0.02	-0.02	-0.77	-0.02	-0.02	-0.35	-0.77	0.0	0.0	108.85					-0.02	-0.02	-0.09	-0.02	-0.02	-0.16	-0.09	0.0	0.0	140.3					0.02	0.02	0.41	0.02	0.02	0.12	0.41	0.0	0.0	144.41					0.020000000000000018	0.020000000000000018	0.4900000000000002	0.017391304347826098	0.017544309650909508	0.43362831858407525	0.4900000000000002	0.0019965671244456017	0.0019865351859083002	71.01660376046061				
2023-02-22 08:00:00	5500	1.13	1.1	1.13	1.1	1.1	RAD.MI	0.91	0.91	0.89	0.89	1.07	0.82	-1.0	-1.0	-1.0	1	-1.0	-1.0	1.0	1.0	-1.0	-1.0									1.0			1.72										-1.0			1.71	0.03	0.03	-0.89	0.03	0.03	-0.44	1.17	-0.89	0.0	0.0	37.82					1	-0.03	-0.03	-0.8	-0.03	-0.03	-0.37	-0.8	0.0	0.0	110.64					-0.03	-0.03	-0.12	-0.03	-0.03	-0.18	-0.12	0.0	0.0	124.43					0.03	0.03	0.44	0.03	0.03	0.15	0.44	0.0	0.0	144.13					0.029999999999999805	0.029999999999999805	0.52	0.0265486725663715	0.026907452919924156	0.4727272727272771	0.52	0.002384541582098371	0.0023749382242328476	84.0977524567381				
2023-02-23 08:00:00	3500	1.12	1.08	1.1	1.08	1.08	RAD.MI	0.88	0.9	0.86	0.86	1.07	0.82	-1.0	-1.0	-1.0	1	-1.0	-1.0	1.0	1.0	-1.0	-1.0									1.0			1.72										-1.0			1.71	0.02	0.02	-0.87	0.02	0.02	-0.43	1.17	-0.87	0.0	0.0	40.91					1	-0.02	-0.02	-0.82	-0.02	-0.02	-0.38	-0.82	0.0	0.0	99.22					-0.02	-0.02	-0.14	-0.02	-0.02	-0.19	-0.14	0.0	0.0	114.49					0.02	0.02	0.46	0.02	0.02	0.17	0.46	0.0	0.0	145.11					0.020000000000000018	0.020000000000000018	0.54	0.018181818181818188	0.01834913866819654	0.5000000000000044	0.54	0.0025294997775771235	0.0025195665233748166	85.81792823429538				
2023-02-24 08:00:00	20500	1.08	1.04	1.08	1.04	1.04	RAD.MI	0.87	0.87	0.84	0.84	1.07	0.82	-1.0	-1.0	-1.0	1	-1.0	-1.0	1.0	1.0	-1.0	-1.0									1.0			1.72										-1.0			1.71	0.04	0.04	-0.83	0.04	0.04	-0.4	1.17	-0.83	0.0	0.0	43.45					1	-0.04	-0.04	-0.86	-0.04	-0.04	-0.4	-0.86	0.0	0.0	78.02					-0.04	-0.04	-0.18	-0.04	-0.04	-0.22	-0.18	0.0	0.0	109.37					0.04	0.04	0.5	0.04	0.04	0.21	0.5	0.0	0.0	160.23					0.040000000000000036	0.040000000000000036	0.5800000000000001	0.03703703703703709	0.037740327982847086	0.5576923076923124	0.5800000000000001	0.0026595569209080655	0.0026493229619486414	87.25361237121703				
2023-02-27 08:00:00	1000	1.04	1.03	1.04	1.03	1.03	RAD.MI	0.83	0.83	0.82	0.82	1.07	0.82	-1.0	-1.0	-1.0	1	-1.0	-1.0	1.0	1.0	-1.0	-1.0		1.03		1.03					1.0			1.72		0.82								-1.0			1.71	0.01	0.01	-0.82	0.01	0.01	-0.4	1.17	-0.82	0.0	0.0	44.85					1	-0.01	-0.01	-0.87	-0.01	-0.01	-0.41	-0.87	0.0	0.0	70.1					-0.01	-0.01	-0.19	-0.01	-0.01	-0.23	-0.19	0.0	0.0	102.91					0.01	0.01	0.51	0.01	0.01	0.22	0.51	0.0	0.0	160.66					0.010000000000000009	0.010000000000000009	0.5900000000000001	0.009615384615384581	0.009661910911736859	0.5728155339805872	0.5900000000000001	0.0027358860171107866	0.0027254734992645524	88.05292600983569				
2023-02-28 08:00:00	1500	1.04	1.01	1.01	1.04	1.04	RAD.MI	0.8	0.83	0.8	0.83	1.07	0.8	-1.0	-1.0	-1.0	0	-1.0	-1.0	1.0	1.0	-1.0	-1.0									1.0			1.72										-1.0			1.71	-0.01	-0.01	-0.83	-0.01	-0.01	-0.4	1.17	-0.83	0.0	0.0	39.63					1	0.01	0.01	-0.86	0.01	0.01	-0.4	-0.86	0.0	0.0	72.5					0.01	0.01	-0.18	0.01	0.01	-0.22	-0.18	0.0	0.0	103.57					-0.01	-0.01	0.5	-0.01	-0.01	0.21	0.5	0.0	0.0	152.42					-0.010000000000000009	-0.010000000000000009	0.5800000000000001	-0.009708737864077666	-0.00966191091173689	0.5576923076923124	0.5800000000000001	0.0026026803823293557	0.0025917231793044504	82.46139264989733				
2023-03-01 08:00:00	3000	1.05	1.05	1.05	1.05	1.05	RAD.MI	0.84	0.84	0.84	0.84	1.07	0.8	-1.0	-1.0	-1.0	0	-1.0	-1.0	1.0	1.0	-1.0	-1.0									1.0			1.72	0.84									-1.0			1.71	-0.01	-0.01	-0.84	-0.01	-0.01	-0.41	1.17	-0.84	0.0	0.0	34.5					1	0.0	0.0	-0.86	0.0	0.0	-0.4	-0.86	0.0	0.0	72.5					0.01	0.01	-0.17	0.01	0.01	-0.22	-0.17	0.0	0.0	104.21					-0.01	-0.01	0.49	-0.01	-0.01	0.2	0.49	0.0	0.0	144.52					-0.010000000000000009	-0.010000000000000009	0.5700000000000001	-0.009615384615384581	-0.009569451016150672	0.5428571428571474	0.5700000000000001	0.0024677550231254263	0.0024562539225914115	76.9989770021576				
2023-03-02 08:00:00	2500	1.06	1.06	1.06	1.06	1.06	RAD.MI	0.84	0.84	0.84	0.84	1.07	0.8	-1.0	-1.0	-1.0	0	-1.0	-1.0	1.0	1.0	-1.0	-1.0	1.06								1.0			1.72										-1.0			1.71	-0.01	-0.01	-0.85	-0.01	-0.01	-0.42	1.17	-0.85	0.0	0.0	29.46					1	0.0	0.0	-0.86	0.0	0.0	-0.4	-0.86	0.0	0.0	72.5					0.01	0.01	-0.16	0.01	0.01	-0.21	-0.16	0.0	0.0	104.82					-0.01	-0.01	0.48	-0.01	-0.01	0.19	0.48	0.0	0.0	136.95					-0.010000000000000009	-0.010000000000000009	0.56	-0.00952380952380949	-0.009478743954543739	0.5283018867924574	0.56	0.002331133470666122	0.002319089945655106	71.65804063127685				
2023-03-03 08:00:00	13000	1.05	1.04	1.05	1.04	1.04	RAD.MI	0.82	0.82	0.82	0.82	1.07	0.8	-1.0	-1.0	-1.0	0	-1.0	-1.0	1.0	1.0	-1.0	-1.0		1.04							1.0			1.72		0.82		0.82		0.82		0.82		-1.0			1.71	0.02	0.02	-0.83	0.02	0.02	-0.4	1.17	-0.83	0.0	0.0	32.34					1	-0.0	-0.0	-0.86	-0.0	-0.0	-0.4	-0.86	0.0	0.0	72.5					-0.02	-0.02	-0.18	-0.02	-0.02	-0.22	-0.18	0.0	0.0	96.11					0.02	0.02	0.5	0.02	0.02	0.21	0.5	0.0	0.0	137.86					0.020000000000000018	0.020000000000000018	0.5800000000000001	0.018867924528301883	0.019048194970694474	0.5576923076923124	0.5800000000000001	0.0024758997524434	0.002463454297728207	73.36100701120952				
2023-03-06 08:00:00	4500	1.05	1.05	1.05	1.05	1.05	RAD.MI	0.82	0.82	0.82	0.82	1.07	0.8	-1.0	-1.0	-1.0	0	-1.0	-1.0	1.0	1.0	-1.0	-1.0									1.0			1.72										-1.0			1.71	-0.01	-0.01	-0.84	-0.01	-0.01	-0.41	1.17	-0.84	0.0	0.0	27.45					1	0.0	0.0	-0.86	0.0	0.0	-0.4	-0.86	0.0	0.0	72.5					0.01	0.01	-0.17	0.01	0.01	-0.22	-0.17	0.0	0.0	96.73					-0.01	-0.01	0.49	-0.01	-0.01	0.2	0.49	0.0	0.0	130.56					-0.010000000000000009	-0.010000000000000009	0.5700000000000001	-0.009615384615384581	-0.009569451016150672	0.5428571428571476	0.5700000000000001	0.0023352508640421005	0.0023222465776027157	68.1734651670765				
2023-03-07 08:00:00	0	1.05	1.05	1.05	1.05	1.05	RAD.MI	0.83	0.83	0.83	0.83	1.07	0.8	-1.0	-1.0	-1.0	0	-1.0	-1.0	1.0	1.0	-1.0	-1.0									1.0			1.72	0.83									-1.0			1.71	-0.0	-0.0	-0.84	-0.0	-0.0	-0.41	1.17	-0.84	0.0	0.0	27.45					1	0.0	0.0	-0.86	0.0	0.0	-0.4	-0.86	0.0	0.0	72.5					0.0	0.0	-0.17	0.0	0.0	-0.22	-0.17	0.0	0.0	96.73					-0.0	-0.0	0.49	-0.0	-0.0	0.2	0.49	0.0	0.0	130.56					-0.0	-0.0	0.5700000000000001	-0.0	-0.0	0.5428571428571476	0.5700000000000001	0.0023352508640421005	0.0023222465776027157	68.1734651670765				
2023-03-08 08:00:00	0	1.05	1.05	1.05	1.05	1.05	RAD.MI	0.82	0.82	0.82	0.82	1.07	0.8	-1.0	-1.0	-1.0	0	-1.0	-1.0	1.0	1.0	-1.0	-1.0	1.05								1.0			1.72		0.82								-1.0			1.71	-0.0	-0.0	-0.84	-0.0	-0.0	-0.41	1.17	-0.84	0.0	0.0	35.5					1	0.0	0.0	-0.86	0.0	0.0	-0.4	-0.86	0.0	0.0	86.61					0.0	0.0	-0.17	0.0	0.0	-0.22	-0.17	0.0	0.0	94.59					-0.0	-0.0	0.49	-0.0	-0.0	0.2	0.49	0.0	0.0	128.94					-0.0	-0.0	0.5700000000000001	-0.0	-0.0	0.5428571428571476	0.5700000000000001	0.002529129945959631	0.002517154520428333	77.63052199753784				
2023-03-09 08:00:00	500	1.05	1.05	1.05	1.05	1.05	RAD.MI	0.83	0.83	0.83	0.83	1.07	0.8	-1.0	-1.0	-1.0	0	-1.0	-1.0	1.0	1.0	-1.0	-1.0									1.0			1.72										-1.0			1.71	-0.0	-0.0	-0.84	-0.0	-0.0	-0.41	1.17	-0.84	0.0	0.0	45.61					1	0.0	0.0	-0.86	0.0	0.0	-0.4	-0.86	0.0	0.0	105.27					0.0	0.0	-0.17	0.0	0.0	-0.22	-0.17	0.0	0.0	91.5					-0.0	-0.0	0.49	-0.0	-0.0	0.2	0.49	0.0	0.0	126.64					-0.0	-0.0	0.5700000000000001	-0.0	-0.0	0.5428571428571476	0.5700000000000001	0.0027375278694872973	0.0027267168772087125	89.97696013017284				
2023-03-10 08:00:00	0	1.05	1.05	1.05	1.05	1.05	RAD.MI	0.84	0.84	0.84	0.84	1.07	0.8	-1.0	-1.0	-1.0	0	-1.0	-1.0	1.0	-1.0	-1.0	1.0									1.0			1.72										-1.0			1.71	-0.0	-0.0	-0.84	-0.0	-0.0	-0.41	1.17	-0.84	0.0	0.0	39.33					1	0.0	0.0	-0.86	0.0	0.0	-0.4	-0.86	0.0	0.0	105.27					0.0	0.0	-0.17	0.0	0.0	-0.22	-0.17	0.0	0.0	106.88					-0.0	-0.0	0.49	-0.0	-0.0	0.2	0.49	0.0	0.0	147.39					-0.0	-0.0	0.5700000000000001	-0.0	-0.0	0.5428571428571476	0.5700000000000001	0.002423198511681333	0.0024131703916956404	86.32301243299847				
2023-03-13 08:00:00	6000	1.05	1.04	1.05	1.04	1.04	RAD.MI	0.88	0.88	0.87	0.87	1.07	0.8	-1.0	-1.0	-1.0	0	-1.0	-1.0	1.0	-1.0	-1.0	1.0		1.04							1.0			1.72										-1.0			1.71	0.01	0.01	-0.83	0.01	0.01	-0.4	1.17	-0.83	0.0	0.0	40.91					1	-0.0	-0.0	-0.86	-0.0	-0.0	-0.4	-0.86	0.0	0.0	105.27					-0.01	-0.01	-0.18	-0.01	-0.01	-0.22	-0.18	0.0	0.0	100.2					-0.01	-0.01	0.48	-0.01	-0.01	0.19	0.48	0.0	0.0	139.17					0.010000000000000009	0.010000000000000009	0.5800000000000001	0.00952380952380949	0.009569451016150672	0.5576923076923124	0.5800000000000001	0.002496883284505692	0.002486674272830669	87.23348601518185				
2023-03-14 08:00:00	20000	1.13	1.04	1.04	1.06	1.06	RAD.MI	0.85	0.92	0.85	0.86	1.07	0.8	-1.0	-1.0	1.0	0	-1.0	-1.0	1.0	-1.0	-1.0	1.0	1.13								1.0			1.72										-1.0			1.71	-0.02	-0.02	-0.85	-0.02	-0.02	-0.42	1.17	-0.85	0.0	0.0	33.94					1	0.0	0.0	-0.86	0.0	0.0	-0.4	-0.86	0.0	0.0	105.27					0.02	0.02	-0.16	0.02	0.02	-0.21	-0.16	0.0	0.0	101.7					0.02	0.02	0.5	0.02	0.02	0.21	0.5	0.0	0.0	140.28					-0.020000000000000018	-0.020000000000000018	0.56	-0.019230769230769162	-0.01904819497069441	0.5283018867924576	0.56	0.002343867734247383	0.002332975742122656	79.26856311767688				
2023-03-15 08:00:00	6500	1.08	1.07	1.08	1.07	1.07	RAD.MI	0.92	0.92	0.91	0.91	1.07	0.8	-1.0	-1.0	1.0	0	-1.0	-1.0	1.0	-1.0	-1.0	1.0									1.0			1.72	0.92		0.92							-1.0			1.71	-0.01	-0.01	-0.86	-0.01	-0.01	-0.42	1.17	-0.86	0.0	0.0	28.65					1	0.0	0.0	-0.86	0.0	0.0	-0.4	-0.86	0.0	0.0	105.27					0.01	0.01	-0.15	0.01	0.01	-0.2	-0.15	0.0	0.0	102.4					0.01	0.01	0.51	0.01	0.01	0.22	0.51	0.0	0.0	140.81					-0.010000000000000009	-0.010000000000000009	0.55	-0.009433962264151052	-0.009389740349839137	0.5140186915887894	0.55	0.0022111886815470716	0.002199798562405597	73.62071246589363				
2023-03-16 08:00:00	1500	1.07	1.05	1.07	1.05	1.05	RAD.MI	0.9	0.9	0.88	0.88	1.07	0.8	-1.0	-1.0	1.0	0	-1.0	-1.0	1.0	-1.0	-1.0	1.0									1.0			1.72		0.88								-1.0			1.71	0.02	0.02	-0.84	0.02	0.02	-0.41	1.17	-0.84	0.0	0.0	31.77					1	-0.0	-0.0	-0.86	-0.0	-0.0	-0.4	-0.86	0.0	0.0	105.27					-0.02	-0.02	-0.17	-0.02	-0.02	-0.22	-0.17	0.0	0.0	93.43					-0.02	-0.02	0.49	-0.02	-0.02	0.2	0.49	0.0	0.0	129.26					0.020000000000000018	0.020000000000000018	0.5700000000000001	0.01869158878504673	0.018868484304382805	0.5428571428571474	0.5700000000000001	0.002352702313829943	0.002340919533276642	75.46435873100876				
2023-03-17 08:00:00	0	1.05	1.05	1.05	1.05	1.05	RAD.MI	0.9	0.9	0.9	0.9	1.07	0.8	-1.0	-1.0	1.0	0	-1.0	-1.0	1.0	-1.0	-1.0	1.0									1.0			1.72	0.9									-1.0			1.71	-0.0	-0.0	-0.84	-0.0	-0.0	-0.41	1.15	-0.84	0.0	0.0	42.12					1	0.0	0.0	-0.86	0.0	0.0	-0.4	-0.86	0.0	0.0	105.27					0.0	0.0	-0.17	0.0	0.0	-0.22	-0.17	0.0	0.0	90.08					0.0	0.0	0.49	0.0	0.0	0.2	0.49	0.0	0.0	126.78					-0.0	-0.0	0.5700000000000001	-0.0	-0.0	0.5428571428571474	0.5700000000000001	0.00256270562496969	0.0025520656090010085	88.14851437023128				
2023-03-20 08:00:00	0	1.05	1.05	1.05	1.05	1.05	RAD.MI	0.89	0.89	0.89	0.89	1.07	0.8	-1.0	-1.0	1.0	0	-1.0	-1.0	1.0	-1.0	-1.0	1.0									1.0			1.72										-1.0			1.71	-0.0	-0.0	-0.84	-0.0	-0.0	-0.41	1.13	-0.84	0.0	0.0	40.55					1	0.0	0.0	-0.86	0.0	0.0	-0.4	-0.86	0.0	0.0	105.27					0.0	0.0	-0.17	0.0	0.0	-0.22	-0.17	0.0	0.0	96.61					0.0	0.0	0.49	0.0	0.0	0.2	0.49	0.0	0.0	134.69					-0.0	-0.0	0.5700000000000001	-0.0	-0.0	0.5428571428571474	0.5700000000000001	0.00248632307248308	0.0024758798251733882	87.22222557078193				
2023-03-21 08:00:00	0	1.05	1.05	1.05	1.05	1.05	RAD.MI	0.86	0.86	0.86	0.86	1.07	0.8	-1.0	-1.0	1.0	0	-1.0	-1.0	1.0	-1.0	-1.0	1.0									1.0			1.72		0.86		0.86						-1.0			1.71	-0.0	-0.0	-0.84	-0.0	-0.0	-0.41	1.13	-0.84	0.0	0.0	38.88					1	0.0	0.0	-0.86	0.0	0.0	-0.4	-0.86	0.0	0.0	105.27					0.0	0.0	-0.17	0.0	0.0	-0.22	-0.17	0.0	0.0	103.36					0.0	0.0	0.49	0.0	0.0	0.2	0.49	0.0	0.0	142.96					-0.0	-0.0	0.5700000000000001	-0.0	-0.0	0.5428571428571474	0.5700000000000001	0.0024091650493565427	0.0023989187120061484	86.24835480755144				
2023-03-22 08:00:00	0	1.05	1.05	1.05	1.05	1.05	RAD.MI	0.86	0.86	0.86	0.86	1.07	0.8	-1.0	-1.0	1.0	0	-1.0	-1.0	1.0	-1.0	-1.0	1.0									1.0			1.72										-1.0			1.71	-0.0	-0.0	-0.84	-0.0	-0.0	-0.41	1.13	-0.84	0.0	0.0	38.88					1	0.0	0.0	-0.86	0.0	0.0	-0.4	-0.86	0.0	0.0	105.27					0.0	0.0	-0.17	0.0	0.0	-0.22	-0.17	0.0	0.0	103.36					0.0	0.0	0.49	0.0	0.0	0.2	0.49	0.0	0.0	142.96					-0.0	-0.0	0.5700000000000001	-0.0	-0.0	0.5428571428571474	0.5700000000000001	0.0024091650493565427	0.0023989187120061484	86.24835480755144				
2023-03-23 08:00:00	0	1.05	1.05	1.05	1.05	1.05	RAD.MI	0.87	0.87	0.87	0.87	1.07	0.8	-1.0	-1.0	1.0	0	-1.0	-1.0	1.0	-1.0	-1.0	1.0									1.0			1.72										-1.0			1.71	-0.0	-0.0	-0.84	-0.0	-0.0	-0.41	1.13	-0.84	0.0	0.0	44.63					1	0.0	0.0	-0.86	0.0	0.0	-0.4	-0.86	0.0	0.0	105.27					0.0	0.0	-0.17	0.0	0.0	-0.22	-0.17	0.0	0.0	102.52					0.0	0.0	0.49	0.0	0.0	0.2	0.49	0.0	0.0	142.35					-0.0	-0.0	0.5700000000000001	-0.0	-0.0	0.5428571428571474	0.5700000000000001	0.002538443557831142	0.0025286849755321583	92.54195100791256				
2023-03-24 08:00:00	2000	1.04	1.04	1.04	1.04	1.04	RAD.MI	0.88	0.88	0.88	0.88	1.07	0.8	-1.0	-1.0	1.0	0	-1.0	-1.0	1.0	-1.0	-1.0	1.0		1.04	1.04						1.0			1.72	0.88									-1.0			1.71	0.01	0.01	-0.83	0.01	0.01	-0.4	1.13	-0.83	0.0	0.0	44.53					1	-0.0	-0.0	-0.86	-0.0	-0.0	-0.4	-0.86	0.0	0.0	105.27					-0.01	-0.01	-0.18	-0.01	-0.01	-0.22	-0.18	0.0	0.0	102.69					-0.01	-0.01	0.48	-0.01	-0.01	0.19	0.48	0.0	0.0	142.6					0.010000000000000009	0.010000000000000009	0.5800000000000001	0.00952380952380949	0.009569451016150672	0.5576923076923124	0.5800000000000001	0.0025339550703825636	0.002524207306015658	92.48720077646689				
2023-03-27 07:00:00	0	1.04	1.04	1.04	1.04	1.04	RAD.MI	0.87	0.87	0.87	0.87	1.07	0.8	-1.0	-1.0	1.0	0	-1.0	-1.0	1.0	-1.0	-1.0	1.0									1.0			1.72		0.87								-1.0			1.71	-0.0	-0.0	-0.83	-0.0	-0.0	-0.4	1.13	-0.83	0.0	0.0	44.53					1	0.0	0.0	-0.86	0.0	0.0	-0.4	-0.86	0.0	0.0	105.27					0.0	0.0	-0.18	0.0	0.0	-0.22	-0.18	0.0	0.0	102.69					0.0	0.0	0.48	0.0	0.0	0.19	0.48	0.0	0.0	142.6					-0.0	-0.0	0.5800000000000001	-0.0	-0.0	0.5576923076923124	0.5800000000000001	0.0025339550703825636	0.002524207306015658	92.48720077646689				
2023-03-28 07:00:00	5000	1.13	1.07	1.07	1.13	1.13	RAD.MI	0.89	0.94	0.89	0.94	1.07	0.8	-1.0	-1.0	1.0	1	-1.0	-1.0	1.0	-1.0	-1.0	1.0	1.13								1.0			1.72	0.94		0.94							-1.0			1.71	-0.09	-0.09	-0.92	-0.09	-0.08	-0.45	1.13	-0.92	0.0	0.0	32.74					1	0.0	0.0	-0.86	0.0	0.0	-0.4	-0.86	0.0	0.0	105.27					0.09	0.09	-0.09	0.09	0.08	-0.16	-0.09	0.0	0.0	108.15					0.09	0.09	0.57	0.09	0.08	0.29	0.57	0.0	0.0	146.64					-0.08999999999999986	-0.08999999999999986	0.4900000000000002	-0.08653846153846145	-0.08299691957096783	0.43362831858407525	0.4900000000000002	0.0023664126097365785	0.002355258595035048	76.3346433097228				
2023-03-29 07:00:00	500	1.1	1.1	1.1	1.1	1.1	RAD.MI	0.9	0.9	0.9	0.9	1.07	0.8	-1.0	-1.0	1.0	1	-1.0	-1.0	1.0	-1.0	-1.0	1.0		1.1							1.0			1.72										-1.0			1.71	0.03	0.03	-0.89	0.03	0.03	-0.44	1.13	-0.89	0.0	0.0	36.86					1	-0.03	-0.03	-0.89	-0.03	-0.03	-0.42	-0.89	0.0	0.0	90.86					-0.03	-0.03	-0.12	-0.03	-0.03	-0.18	-0.12	0.0	0.0	96.92					-0.03	-0.03	0.54	-0.03	-0.03	0.26	0.54	0.0	0.0	131.81					0.029999999999999805	0.029999999999999805	0.52	0.0265486725663715	0.026907452919924156	0.4727272727272769	0.52	0.002573599997219994	0.002561905573317924	78.73431962778739				
2023-03-30 07:00:00	0	1.1	1.1	1.1	1.1	1.1	RAD.MI	0.89	0.89	0.89	0.89	1.07	0.8	-1.0	-1.0	1.0	1	-1.0	-1.0	1.0	-1.0	-1.0	1.0									1.0			1.72										-1.0			1.71	-0.0	-0.0	-0.89	-0.0	-0.0	-0.44	1.13	-0.89	0.0	0.0	35.36					1	0.0	0.0	-0.89	0.0	0.0	-0.42	-0.89	0.0	0.0	90.86					0.0	0.0	-0.12	0.0	0.0	-0.18	-0.12	0.0	0.0	103.25					0.0	0.0	0.54	0.0	0.0	0.26	0.54	0.0	0.0	139.54					-0.0	-0.0	0.52	-0.0	-0.0	0.4727272727272769	0.52	0.002495426736947057	0.0024839377079683977	77.85857398005356				
2023-03-31 07:00:00	1000	1.11	1.11	1.11	1.11	1.11	RAD.MI	0.89	0.89	0.89	0.89	1.07	0.8	-1.0	-1.0	1.0	1	-1.0	-1.0	1.0	-1.0	-1.0	1.0	1.11								1.0			1.72		0.89								-1.0			1.71	-0.01	-0.01	-0.9	-0.01	-0.01	-0.44	1.13	-0.9	0.0	0.0	30.37					1	0.01	0.01	-0.88	0.01	0.01	-0.41	-0.88	0.0	0.0	92.88					0.01	0.01	-0.11	0.01	0.01	-0.17	-0.11	0.0	0.0	103.84					0.01	0.01	0.55	0.01	0.01	0.27	0.55	0.0	0.0	139.98					-0.010000000000000009	-0.010000000000000009	0.51	-0.009090909090909038	-0.009049835519917856	0.45945945945946365	0.51	0.002359892643826799	0.0023478706796304927	72.58194083115319				
2023-04-03 07:00:00	1000	1.11	1.11	1.11	1.11	1.11	RAD.MI	0.89	0.89	0.89	0.89	1.07	0.8	-1.0	-1.0	1.0	1	-1.0	-1.0	1.0	-1.0	-1.0	1.0									1.0			1.72										-1.0			1.71	-0.0	-0.0	-0.9	-0.0	-0.0	-0.44	1.13	-0.9	0.0	0.0	30.37					1	0.0	0.0	-0.88	0.0	0.0	-0.41	-0.88	0.0	0.0	92.88					0.0	0.0	-0.11	0.0	0.0	-0.17	-0.11	0.0	0.0	103.84					0.0	0.0	0.55	0.0	0.0	0.27	0.55	0.0	0.0	139.98					-0.0	-0.0	0.51	-0.0	-0.0	0.45945945945946365	0.51	0.002359892643826799	0.0023478706796304927	72.58194083115319				
2023-04-04 07:00:00	15000	1.1	1.1	1.1	1.1	1.1	RAD.MI	0.89	0.89	0.89	0.89	1.07	0.8	-1.0	-1.0	1.0	1	-1.0	-1.0	1.0	-1.0	-1.0	1.0		1.1							1.0			1.72										-1.0			1.71	0.01	0.01	-0.89	0.01	0.01	-0.44	1.13	-0.89	0.0	0.0	31.76					1	-0.01	-0.01	-0.89	-0.01	-0.01	-0.42	-0.89	0.0	0.0	84.85					-0.01	-0.01	-0.12	-0.01	-0.01	-0.18	-0.12	0.0	0.0	97.82					-0.01	-0.01	0.54	-0.01	-0.01	0.26	0.54	0.0	0.0	132.69					0.010000000000000009	0.010000000000000009	0.52	0.009009009009009028	0.009049835519917927	0.4727272727272771	0.52	0.0024286713937781753	0.0024164594629310088	73.39824831228896				
2023-04-05 07:00:00	4000	1.12	1.1	1.12	1.1	1.1	RAD.MI	0.91	0.91	0.89	0.89	1.07	0.8	-1.0	-1.0	1.0	1	-1.0	-1.0	1.0	-1.0	-1.0	1.0	1.12								1.0			1.72	0.91									-1.0			1.71	-0.0	-0.0	-0.89	-0.0	-0.0	-0.44	1.13	-0.89	0.0	0.0	31.76					1	0.0	0.0	-0.89	0.0	0.0	-0.42	-0.89	0.0	0.0	84.85					0.0	0.0	-0.12	0.0	0.0	-0.18	-0.12	0.0	0.0	97.82					0.0	0.0	0.54	0.0	0.0	0.26	0.54	0.0	0.0	132.69					-0.0	-0.0	0.52	-0.0	-0.0	0.4727272727272771	0.52	0.0024286713937781753	0.0024164594629310088	73.39824831228896				
2023-04-06 07:00:00	0	1.1	1.1	1.1	1.1	1.1	RAD.MI	0.88	0.88	0.88	0.88	1.07	0.8	-1.0	-1.0	1.0	1	-1.0	-1.0	1.0	-1.0	-1.0	1.0									1.0			1.72										-1.0			1.71	-0.0	-0.0	-0.89	-0.0	-0.0	-0.44	1.13	-0.89	0.0	0.0	31.76					1	0.0	0.0	-0.89	0.0	0.0	-0.42	-0.89	0.0	0.0	84.85					0.0	0.0	-0.12	0.0	0.0	-0.18	-0.12	0.0	0.0	97.82					0.0	0.0	0.54	0.0	0.0	0.26	0.54	0.0	0.0	132.69					-0.0	-0.0	0.52	-0.0	-0.0	0.4727272727272771	0.52	0.0024286713937781753	0.0024164594629310088	73.39824831228896				
2023-04-11 07:00:00	4000	1.1	1.05	1.1	1.05	1.05	RAD.MI	0.87	0.87	0.83	0.83	1.07	0.8	-1.0	-1.0	-1.0	1	-1.0	-1.0	1.0	-1.0	-1.0	1.0									1.0			1.72										-1.0			1.71	0.05	0.05	-0.84	0.05	0.05	-0.41	1.13	-0.84	0.0	0.0	38.07					1	-0.05	-0.05	-0.94	-0.05	-0.05	-0.44	-0.94	0.0	0.0	67.01					-0.05	-0.05	-0.17	-0.05	-0.05	-0.22	-0.17	0.0	0.0	82.98					-0.05	-0.05	0.49	-0.05	-0.05	0.2	0.49	0.0	0.0	113.03					0.050000000000000044	0.050000000000000044	0.5700000000000001	0.045454545454545525	0.04652001563489293	0.5428571428571476	0.5700000000000001	0.002782223512603361	0.0027690116865992653	77.18308118873662				
2023-04-12 07:00:00	0	1.05	1.05	1.05	1.05	1.05	RAD.MI	0.83	0.83	0.83	0.83	1.07	0.8	-1.0	-1.0	-1.0	1	-1.0	-1.0	1.0	-1.0	-1.0	1.0		1.05							1.0			1.72		0.83		0.83						-1.0			1.71	-0.0	-0.0	-0.84	-0.0	-0.0	-0.41	1.13	-0.84	0.0	0.0	38.07					1	0.0	0.0	-0.94	0.0	0.0	-0.44	-0.94	0.0	0.0	67.01					0.0	0.0	-0.17	0.0	0.0	-0.22	-0.17	0.0	0.0	82.98					0.0	0.0	0.49	0.0	0.0	0.2	0.49	0.0	0.0	113.03					-0.0	-0.0	0.5700000000000001	-0.0	-0.0	0.5428571428571476	0.5700000000000001	0.002782223512603361	0.0027690116865992653	77.18308118873662				
2023-04-13 07:00:00	1000	1.09	1.06	1.09	1.06	1.06	RAD.MI	0.86	0.86	0.84	0.84	1.07	0.8	-1.0	-1.0	-1.0	1	-1.0	-1.0	1.0	-1.0	-1.0	1.0									1.0			1.72										-1.0			1.71	-0.01	-0.01	-0.85	-0.01	-0.01	-0.42	1.13	-0.85	0.0	0.0	33.35					1	0.01	0.01	-0.93	0.01	0.01	-0.44	-0.93	0.0	0.0	69.19					0.01	0.01	-0.16	0.01	0.01	-0.21	-0.16	0.0	0.0	83.62					0.01	0.01	0.5	0.01	0.01	0.21	0.5	0.0	0.0	113.52					-0.010000000000000009	-0.010000000000000009	0.56	-0.00952380952380949	-0.009478743954543739	0.5283018867924576	0.56	0.0026382501961770737	0.0026244538429238684	72.11407354190507				
2023-04-14 07:00:00	1000	1.14	1.11	1.11	1.14	1.14	RAD.MI	0.87	0.89	0.87	0.89	1.07	0.8	-1.0	-1.0	-1.0	1	-1.0	-1.0	1.0	-1.0	-1.0	1.0	1.14								1.0			1.72	0.89									-1.0			1.71	-0.08	-0.08	-0.93	-0.08	-0.07	-0.46	1.14	-0.93	0.0	0.0	21.22					1	0.08	0.08	-0.85	0.08	0.07	-0.39	-0.85	0.0	0.0	82.37					0.08	0.08	-0.08	0.08	0.07	-0.15	-0.08	0.0	0.0	88.02					0.08	0.08	0.58	0.08	0.07	0.3	0.58	0.0	0.0	116.89					-0.07999999999999985	-0.07999999999999985	0.4800000000000002	-0.07547169811320731	-0.0727593542824281	0.421052631578952	0.4800000000000002	0.0023278515441073786	0.0023119381415641627	57.182688306975955				
2023-04-17 07:00:00	3000	1.1	1.08	1.09	1.1	1.1	RAD.MI	0.86	0.87	0.85	0.87	1.07	0.8	-1.0	-1.0	-1.0	1	-1.0	-1.0	1.0	-1.0	-1.0	1.0		1.08							1.0			1.72		0.85								-1.0			1.71	0.04	0.04	-0.89	0.04	0.04	-0.44	1.14	-0.89	0.0	0.0	25.59					1	-0.04	-0.04	-0.89	-0.04	-0.04	-0.42	-0.89	0.0	0.0	69.76					-0.04	-0.04	-0.12	-0.04	-0.04	-0.18	-0.12	0.0	0.0	77.44					-0.04	-0.04	0.54	-0.04	-0.04	0.26	0.54	0.0	0.0	103.38					0.039999999999999813	0.039999999999999813	0.52	0.0350877192982455	0.035718082602079114	0.4727272727272773	0.52	0.002592165355362764	0.0025753575126425954	59.90121693944052				
2023-04-18 07:00:00	3500	1.12	1.12	1.12	1.12	1.12	RAD.MI	0.88	0.88	0.88	0.88	1.07	0.8	-1.0	-1.0	-1.0	1	-1.0	-1.0	1.0	-1.0	-1.0	1.0									1.0			1.72										-1.0			1.71	-0.02	-0.02	-0.91	-0.02	-0.02	-0.45	1.14	-0.91	0.0	0.0	20.55					1	0.02	0.02	-0.87	0.02	0.02	-0.41	-0.87	0.0	0.0	72.41					0.02	0.02	-0.1	0.02	0.02	-0.16	-0.1	0.0	0.0	78.43					0.02	0.02	0.56	0.02	0.02	0.28	0.56	0.0	0.0	104.15					-0.020000000000000018	-0.020000000000000018	0.5	-0.0181818181818183	-0.01801850550267843	0.44642857142857584	0.5	0.0024114433158816994	0.0023937507951012904	54.361000505244206				
2023-04-19 07:00:00	36000	1.26	1.12	1.13	1.26	1.26	RAD.MI	0.88	0.99	0.88	0.99	1.07	0.8	-1.0	1.0	1.0	1	-1.0	-1.0	1.0	-1.0	-1.0	1.0									1.0			1.72										-1.0			1.71	-0.14	-0.14	-1.05	-0.12	-0.12	-0.51	1.26	-1.05	0.0	0.0	7.05					1	0.14	0.14	-0.73	0.12	0.12	-0.33	-0.73	0.0	0.0	85.21					0.14	0.14	0.04	0.12	0.12	-0.06	0.04	0.0	0.0	83.86					0.14	0.14	0.7	0.12	0.12	0.44	0.7	0.01	0.01	108.45					-0.1399999999999999	-0.1399999999999999	0.3600000000000001	-0.125	-0.11778303565638346	0.2857142857142896	0.3600000000000001	0.0019477768908697257	0.0019263424957667308	37.85218022841051				
2023-04-20 07:00:00	81500	1.32	1.17	1.26	1.17	1.17	RAD.MI	1.0	1.04	0.92	0.92	1.07	0.8	-1.0	1.0	1.0	1	-1.0	-1.0	1.0	-1.0	-1.0	1.0									1.0			1.72										-1.0			1.71	0.09	0.09	-0.96	0.07	0.07	-0.47	1.32	-0.96	0.0	0.0	13.95					1	-0.09	-0.09	-0.82	-0.07	-0.07	-0.38	-0.82	0.0	0.0	66.59					-0.09	-0.09	-0.05	-0.07	-0.07	-0.13	-0.05	0.0	0.0	72.57					-0.09	-0.09	0.61	-0.07	-0.07	0.34	0.61	0.01	0.01	93.33					0.09000000000000008	0.09000000000000008	0.4500000000000002	0.07142857142857151	0.07410797215372196	0.3846153846153888	0.4500000000000002	0.0024075074891727623	0.0023841589549717934	42.30388026778418				
2023-04-21 07:00:00	111500	1.4	1.22	1.22	1.4	1.4	RAD.MI	0.96	1.1	0.96	1.1	1.1	0.8	1.0	1.0	1.0	1	-1.0	-1.0	1.0	-1.0	-1.0	1.0									1.0			1.72										-1.0			1.71	-0.23	-0.23	-1.19	-0.2	-0.18	-0.56	1.4	-1.19	-0.0	-0.0	-0.19					1	0.23	0.23	-0.59	0.2	0.18	-0.26	-0.59	0.0	0.0	78.75					0.23	0.23	0.18	0.2	0.18	0.05	0.18	0.01	0.01	78.47					0.23	0.23	0.84	0.2	0.18	0.6	0.84	0.01	0.01	98.14					-0.22999999999999998	-0.22999999999999998	0.2200000000000002	-0.19658119658119655	-0.17946848781154814	0.1571428571428608	0.2200000000000002	0.00173501149858088	0.0017051736949218466	25.19232997741397				
2023-04-24 07:00:00	83500	1.48	1.33	1.39	1.35	1.35	RAD.MI	1.1	1.17	1.05	1.07	1.17	0.8	1.0	1.0	1.0	1	-1.0	-1.0	1.0	-1.0	-1.0	1.0	1.48								1.0			1.72	1.17									-1.0			1.71	-0.05	-0.05	-1.24	-0.04	-0.04	-0.57	1.48	-1.24	-0.0	-0.0	-4.62					1	-0.05	-0.05	-0.64	-0.04	-0.04	-0.28	-0.64	0.0	0.0	70.04					-0.05	-0.05	0.13	-0.04	-0.04	0.01	0.13	0.01	0.01	70.57					-0.05	-0.05	0.79	-0.04	-0.04	0.54	0.79	0.01	0.01	88.41					0.04999999999999982	0.04999999999999982	0.27	0.03571428571428559	0.036367644170874715	0.2000000000000035	0.27	0.0019932217721940902	0.001962098426113945	27.44395507673977				
2023-04-25 07:00:00	13500	1.38	1.3	1.38	1.3	1.3	RAD.MI	1.11	1.11	1.04	1.04	1.17	0.8	1.0	1.0	1.0	1	-1.0	-1.0	1.0	-1.0	-1.0	1.0		1.3							1.0			1.72		1.04								-1.0			1.71	-0.05	-0.05	-1.29	-0.04	-0.04	-0.59	1.48	-1.29	-0.0	-0.0	-5.94					1	-0.05	-0.05	-0.69	-0.04	-0.04	-0.31	-0.69	0.0	0.0	66.07					-0.05	-0.05	0.08	-0.04	-0.04	-0.03	0.08	0.0	0.0	62.87					-0.05	-0.05	0.74	-0.04	-0.04	0.49	0.74	0.01	0.01	79.19					0.050000000000000044	0.050000000000000044	0.32000000000000006	0.03703703703703709	0.037740327982847086	0.24615384615384994	0.32000000000000006	0.002467291323275353	0.002435850634453729	32.563211985699056				
2023-04-26 07:00:00	145000	1.47	1.34	1.34	1.47	1.47	RAD.MI	1.08	1.18	1.08	1.18	1.18	0.8	1.0	1.0	1.0	1	1.0	-1.0	-1.0	-1.0	-1.0	1.0									1.0			1.72										-1.0			1.71	0.17	0.17	-1.12	0.13	0.12	-0.54	1.48	-1.12	0.0	0.0	4.46					1	0.17	0.17	-0.52	0.13	0.12	-0.22	-0.52	0.0	0.0	71.52					0.17	0.17	0.25	0.13	0.12	0.1	0.25	0.01	0.01	66.12					0.17	0.17	0.91	0.13	0.12	0.68	0.91	0.01	0.01	81.91					-0.16999999999999993	-0.16999999999999993	0.15000000000000013	-0.13076923076923075	-0.12289813632315387	0.10204081632653406	0.15000000000000013	0.0019345173560200066	0.0018977512006475017	22.793708510533534				
2023-04-27 07:00:00	223000	1.58	1.37	1.48	1.58	1.58	RAD.MI	1.19	1.27	1.1	1.27	1.27	0.8	1.0	1.0	1.0	1	1.0	-1.0	-1.0	-1.0	-1.0	1.0									1.0			1.72										-1.0			1.71	0.11	0.11	-1.01	0.07	0.07	-0.5	1.58	-1.01	0.0	0.0	8.46					1	0.11	0.11	-0.41	0.07	0.07	-0.16	-0.41	0.0	0.0	73.69					-0.11	-0.11	0.14	-0.07	-0.07	0.02	0.14	0.01	0.01	58.93					0.11	0.11	1.02	0.07	0.07	0.81	1.02	0.01	0.01	87.26					-0.1100000000000001	-0.1100000000000001	0.040000000000000036	-0.0748299319727892	-0.07216244624823058	0.025316455696205553	0.040000000000000036	0.0014575753305544757	0.001417560042791255	16.383634852268173				
2023-04-28 07:00:00	155000	1.61	1.5	1.56	1.5	1.5	RAD.MI	1.26	1.3	1.21	1.21	1.3	0.8	1.0	1.0	1.0	1	1.0	-1.0	-1.0	-1.0	-1.0	1.0	1.61		1.61		1.61				-1.0		1.61	1.61	1.3		1.3		1.3		1.3			-1.0			1.71	-0.08	-0.08	-1.09	-0.05	-0.05	-0.53	1.61	-1.09	0.0	0.0	4.03					1	-0.08	-0.08	-0.49	-0.05	-0.05	-0.2	-0.49	0.0	0.0	64.51					0.08	0.08	0.22	0.05	0.05	0.08	0.22	0.01	0.01	60.11					-0.08	-0.08	0.94	-0.05	-0.05	0.72	0.94	0.01	0.01	76.93					0.08000000000000007	0.08000000000000007	0.1200000000000001	0.05063291139240511	0.051959738930711104	0.08000000000000318	0.1200000000000001	0.0018212935030694536	0.001779125097089329	19.112160447791197				
2023-05-02 07:00:00	86000	1.54	1.35	1.49	1.4	1.4	RAD.MI	1.22	1.26	1.11	1.15	1.3	0.8	1.0	1.0	1.0	1	1.0	-1.0	-1.0	-1.0	1.0	-1.0									-1.0			1.61										-1.0			1.71	-0.1	-0.1	-1.19	-0.07	-0.07	-0.56	1.61	-1.19	-0.0	-0.0	-0.79					1	-0.1	-0.1	-0.59	-0.07	-0.07	-0.26	-0.59	0.0	0.0	54.6					0.1	0.1	0.32	0.07	0.07	0.15	0.32	0.01	0.01	61.52					-0.1	-0.1	0.84	-0.07	-0.07	0.6	0.84	0.01	0.01	65.89					0.10000000000000009	0.10000000000000009	0.2200000000000002	0.06666666666666676	0.06899287148695156	0.1571428571428608	0.2200000000000002	0.0023042436034781144	0.002259129843545704	22.22035873804999				
2023-05-03 07:00:00	103000	1.5	1.38	1.43	1.41	1.41	RAD.MI	1.16	1.22	1.12	1.15	1.3	0.8	1.0	1.0	1.0	1	1.0	-1.0	-1.0	-1.0	1.0	-1.0									-1.0			1.61										-1.0			1.71	0.01	0.01	-1.18	0.01	0.01	-0.55	1.61	-1.18	-0.0	-0.0	-0.34					1	0.01	0.01	-0.58	0.01	0.01	-0.25	-0.58	0.0	0.0	54.85					-0.01	-0.01	0.31	-0.01	-0.01	0.15	0.31	0.01	0.01	58.74					-0.01	-0.01	0.83	-0.01	-0.01	0.59	0.83	0.01	0.01	63.01					-0.010000000000000009	-0.010000000000000009	0.2100000000000002	-0.0071428571428571175	-0.007117467768863955	0.14893617021276961	0.2100000000000002	0.0020752344121942492	0.0020289675290550147	19.895725833006253				
2023-05-04 07:00:00	11000	1.42	1.34	1.39	1.36	1.36	RAD.MI	1.14	1.16	1.1	1.11	1.3	0.8	1.0	1.0	1.0	1	1.0	-1.0	-1.0	-1.0	1.0	-1.0									-1.0			1.61										-1.0			1.71	-0.05	-0.05	-1.23	-0.04	-0.04	-0.57	1.61	-1.23	-0.0	-0.0	-3.68					1	-0.05	-0.05	-0.63	-0.04	-0.04	-0.28	-0.63	0.0	0.0	49.13					0.05	0.05	0.36	0.04	0.04	0.19	0.36	0.01	0.01	59.44					0.05	0.05	0.88	0.04	0.04	0.65	0.88	0.01	0.01	63.67					0.04999999999999982	0.04999999999999982	0.26	0.03546099290780125	0.03610500464211609	0.19117647058823883	0.26	0.00232435894422485	0.0022764767312135614	21.37744224340765				
2023-05-05 07:00:00	18000	1.37	1.29	1.36	1.3	1.3	RAD.MI	1.09	1.09	1.03	1.04	1.3	0.8	1.0	1.0	1.0	1	1.0	-1.0	-1.0	-1.0	1.0	-1.0									-1.0			1.61										-1.0			1.71	-0.06	-0.06	-1.29	-0.04	-0.05	-0.59	1.61	-1.29	-0.0	-0.0	-7.87					1	-0.06	-0.06	-0.69	-0.04	-0.05	-0.31	-0.69	0.0	0.0	42.65					0.06	0.06	0.42	0.04	0.05	0.24	0.42	0.01	0.01	63.34					0.06	0.06	0.94	0.04	0.05	0.73	0.94	0.01	0.01	67.67					0.06000000000000005	0.06000000000000005	0.32000000000000006	0.044117647058823595	0.045120435280469655	0.24615384615384994	0.32000000000000006	0.002564186717114819	0.0025147235149476366	22.69424760106014				
2023-05-08 07:00:00	1000	1.33	1.3	1.33	1.3	1.3	RAD.MI	1.06	1.06	1.04	1.04	1.3	0.8	1.0	1.0	1.0	1	1.0	-1.0	-1.0	-1.0	1.0	-1.0									-1.0			1.61										-1.0			1.71	0.0	0.0	-1.29	0.0	0.0	-0.59	1.61	-1.29	-0.0	-0.0	-4.49					1	0.0	0.0	-0.69	0.0	0.0	-0.31	-0.69	0.0	0.0	48.37					-0.0	-0.0	0.42	-0.0	-0.0	0.24	0.42	0.01	0.01	62.62					-0.0	-0.0	0.94	-0.0	-0.0	0.73	0.94	0.01	0.01	66.98					-0.0	-0.0	0.32000000000000006	-0.0	-0.0	0.24615384615384994	0.32000000000000006	0.002901395753941562	0.0028546706678997946	26.563692489414656				
2023-05-09 07:00:00	10500	1.31	1.24	1.31	1.24	1.24	RAD.MI	1.04	1.04	0.99	0.99	1.3	0.8	1.0	1.0	1.0	1	1.0	-1.0	-1.0	-1.0	1.0	-1.0		1.24		1.24					-1.0			1.61		0.99		0.99						-1.0			1.71	-0.06	-0.06	-1.35	-0.05	-0.05	-0.61	1.61	-1.35	-0.0	-0.0	-10.94					1	-0.06	-0.06	-0.75	-0.05	-0.05	-0.34	-0.75	0.0	0.0	42.13					0.06	0.06	0.48	0.05	0.05	0.3	0.48	0.01	0.01	70.15					0.06	0.06	1.0	0.05	0.05	0.81	1.0	0.01	0.01	74.95					0.06000000000000005	0.06000000000000005	0.3800000000000001	0.04615384615384621	0.047252884850545615	0.30645161290323	0.3800000000000001	0.0029464119862535956	0.0028994024931761064	26.789011170247903				
2023-05-10 07:00:00	25500	1.35	1.22	1.35	1.26	1.26	RAD.MI	1.08	1.08	0.98	1.01	1.3	0.8	1.0	1.0	1.0	1	1.0	-1.0	-1.0	-1.0	1.0	-1.0									-1.0			1.61										-1.0			1.71	0.02	0.02	-1.33	0.02	0.02	-0.6	1.61	-1.33	-0.0	-0.0	-9.78					1	0.02	0.02	-0.73	0.02	0.02	-0.33	-0.73	0.0	0.0	42.73					-0.02	-0.02	0.46	-0.02	-0.02	0.28	0.46	0.01	0.01	66.22					-0.02	-0.02	0.98	-0.02	-0.02	0.78	0.98	0.01	0.01	70.79					-0.020000000000000018	-0.020000000000000018	0.3600000000000001	-0.016129032258064502	-0.01600034134644112	0.2857142857142898	0.3600000000000001	0.0026855069852326483	0.0026368955786859605	24.091409393899923				
2023-05-11 07:00:00	18000	1.35	1.2	1.24	1.35	1.35	RAD.MI	1.0	1.09	0.97	1.09	1.3	0.8	1.0	1.0	1.0	1	1.0	-1.0	-1.0	-1.0	1.0	-1.0	1.35								-1.0			1.61	1.09									-1.0			1.71	0.09	0.09	-1.24	0.07	0.07	-0.57	1.61	-1.24	-0.0	-0.0	-5.29					1	0.09	0.09	-0.64	0.07	0.07	-0.28	-0.64	0.0	0.0	45.08					-0.09	-0.09	0.37	-0.07	-0.07	0.2	0.37	0.01	0.01	57.0					-0.09	-0.09	0.89	-0.07	-0.07	0.66	0.89	0.01	0.01	60.9					-0.09000000000000008	-0.09000000000000008	0.27	-0.0714285714285714	-0.06899287148695142	0.20000000000000373	0.27	0.0022518258194927816	0.0021990997717480365	19.10303419608111				
2023-05-12 07:00:00	4000	1.32	1.26	1.29	1.26	1.26	RAD.MI	1.03	1.05	1.01	1.01	1.3	0.8	1.0	1.0	1.0	1	1.0	-1.0	-1.0	1.0	1.0	1.0		1.26							-1.0			1.61		1.01								-1.0			1.71	-0.09	-0.09	-1.33	-0.07	-0.07	-0.6	1.61	-1.33	-0.0	-0.0	-9.28					1	-0.09	-0.09	-0.73	-0.07	-0.07	-0.33	-0.73	0.0	0.0	37.91					0.09	0.09	0.46	0.07	0.07	0.28	0.46	0.01	0.01	58.15					0.09	0.09	0.98	0.07	0.07	0.78	0.98	0.01	0.01	61.99					0.09000000000000008	0.09000000000000008	0.3600000000000001	0.06666666666666676	0.06899287148695156	0.2857142857142898	0.3600000000000001	0.0027209773456040526	0.0026649063380077553	21.486531151087732				
2023-05-15 07:00:00	24000	1.35	1.26	1.3	1.31	1.31	RAD.MI	1.04	1.08	1.01	1.05	1.3	0.8	1.0	1.0	1.0	1	1.0	-1.0	-1.0	1.0	1.0	1.0	1.35								-1.0			1.61	1.08									-1.0			1.71	0.05	0.05	-1.28	0.04	0.04	-0.59	1.61	-1.28	-0.0	-0.0	-7.01					1	0.05	0.05	-0.68	0.04	0.04	-0.3	-0.68	0.0	0.0	39.13					-0.05	-0.05	0.41	-0.04	-0.04	0.23	0.41	0.01	0.01	52.76					0.05	0.05	1.03	0.04	0.04	0.85	1.03	0.01	0.01	62.57					-0.050000000000000044	-0.050000000000000044	0.31000000000000005	-0.039682539682539764	-0.03891541624967362	0.23664122137404964	0.31000000000000005	0.0023658539207011145	0.0023068998644435457	18.12659169891964				
2023-05-16 07:00:00	6000	1.33	1.27	1.27	1.29	1.29	RAD.MI	1.02	1.07	1.02	1.04	1.3	0.8	1.0	1.0	1.0	1	1.0	-1.0	-1.0	1.0	1.0	1.0									-1.0			1.61										-1.0			1.71	-0.02	-0.02	-1.3	-0.02	-0.02	-0.59	1.61	-1.3	-0.0	-0.0	-4.81					1	-0.02	-0.02	-0.7	-0.02	-0.02	-0.32	-0.7	0.0	0.0	44.61					0.02	0.02	0.43	0.02	0.02	0.25	0.43	0.01	0.01	51.48					-0.02	-0.02	1.01	-0.02	-0.02	0.82	1.01	0.01	0.01	57.71					0.020000000000000018	0.020000000000000018	0.33000000000000007	0.01526717557251911	0.015384918839479456	0.2558139534883761	0.33000000000000007	0.002987824369520557	0.002933505718186069	24.201870826546706				
2023-05-17 07:00:00	3500	1.3	1.29	1.3	1.29	1.29	RAD.MI	1.04	1.04	1.04	1.04	1.3	0.8	1.0	1.0	1.0	1	1.0	-1.0	-1.0	1.0	1.0	1.0		1.29							-1.0			1.61		1.04								-1.0			1.71	0.0	0.0	-1.3	0.0	0.0	-0.59	1.61	-1.3	-0.0	-0.0	-0.76					1	0.0	0.0	-0.7	0.0	0.0	-0.32	-0.7	0.0	0.0	42.53					-0.0	-0.0	0.43	-0.0	-0.0	0.25	0.43	0.01	0.01	50.25					0.0	0.0	1.01	0.0	0.0	0.82	1.01	0.01	0.01	56.59					-0.0	-0.0	0.33000000000000007	-0.0	-0.0	0.2558139534883761	0.33000000000000007	0.003411065153965986	0.0033607283902530316	29.17510803600987				
2023-05-18 07:00:00	4500	1.32	1.29	1.31	1.29	1.29	RAD.MI	1.05	1.06	1.03	1.03	1.3	0.8	1.0	1.0	1.0	1	1.0	-1.0	-1.0	1.0	1.0	1.0									-1.0			1.61										-1.0			1.71	0.0	0.0	-1.3	0.0	0.0	-0.59	1.61	-1.3	-0.0	-0.0	-0.76					1	0.0	0.0	-0.7	0.0	0.0	-0.32	-0.7	0.0	0.0	42.53					-0.0	-0.0	0.43	-0.0	-0.0	0.25	0.43	0.01	0.01	50.25					0.0	0.0	1.01	0.0	0.0	0.82	1.01	0.01	0.01	56.59					-0.0	-0.0	0.33000000000000007	-0.0	-0.0	0.2558139534883761	0.33000000000000007	0.003411065153965986	0.0033607283902530316	29.17510803600987				
2023-05-19 07:00:00	4000	1.34	1.32	1.32	1.32	1.32	RAD.MI	1.05	1.06	1.05	1.05	1.3	0.8	1.0	1.0	1.0	1	1.0	-1.0	-1.0	1.0	1.0	1.0	1.34								-1.0			1.61	1.06									-1.0			1.71	0.03	0.03	-1.27	0.02	0.02	-0.58	1.61	-1.27	0.0	-0.0	0.46					1	0.03	0.03	-0.67	0.02	0.02	-0.3	-0.67	0.0	0.0	43.3					-0.03	-0.03	0.4	-0.02	-0.02	0.22	0.4	0.01	0.01	46.44					0.03	0.03	1.04	0.02	0.02	0.86	1.04	0.01	0.01	57.0					-0.030000000000000027	-0.030000000000000027	0.30000000000000004	-0.023255813953488413	-0.02298951822469878	0.22727272727273107	0.30000000000000004	0.0031207811788417483	0.003068478517035844	26.171028211186876				
2023-05-22 07:00:00	11500	1.33	1.26	1.33	1.26	1.26	RAD.MI	1.06	1.06	1.01	1.01	1.3	0.8	1.0	1.0	1.0	1	1.0	-1.0	-1.0	1.0	1.0	1.0		1.26							-1.0			1.61		1.01								-1.0			1.71	-0.06	-0.06	-1.33	-0.05	-0.05	-0.6	1.61	-1.33	-0.0	-0.0	-2.99					1	-0.06	-0.06	-0.73	-0.05	-0.05	-0.33	-0.73	0.0	0.0	37.71					0.06	0.06	0.46	0.05	0.05	0.28	0.46	0.01	0.01	47.37					-0.06	-0.06	0.98	-0.05	-0.05	0.78	0.98	0.01	0.01	50.79					0.06000000000000005	0.06000000000000005	0.3600000000000001	0.045454545454545525	0.04652001563489293	0.2857142857142898	0.3600000000000001	0.0034371172851590187	0.003382580284086112	27.55819677805932				
2023-05-23 07:00:00	15500	1.38	1.28	1.38	1.28	1.28	RAD.MI	1.11	1.11	1.03	1.03	1.3	0.8	1.0	1.0	1.0	1	1.0	1.0	1.0	1.0	1.0	1.0	1.38		1.38						-1.0			1.61										-1.0			1.71	0.02	0.02	-1.31	0.02	0.02	-0.6	1.61	-1.31	-0.0	-0.0	-2.17					1	0.02	0.02	-0.71	0.02	0.02	-0.32	-0.71	0.0	0.0	38.23					-0.02	-0.02	0.44	-0.02	-0.02	0.26	0.44	0.01	0.01	44.28					0.02	0.02	1.0	0.02	0.02	0.81	1.0	0.01	0.01	51.07					-0.020000000000000018	-0.020000000000000018	0.3400000000000001	-0.015873015873015817	-0.015748356968139112	0.2656250000000042	0.3400000000000001	0.003161479236972997	0.003105281183630071	25.013562753135933				
2023-05-24 07:00:00	500	1.31	1.31	1.31	1.31	1.31	RAD.MI	1.08	1.08	1.08	1.08	1.3	0.8	1.0	1.0	1.0	1	1.0	1.0	1.0	1.0	1.0	1.0									-1.0			1.61	1.08		1.08							-1.0			1.71	0.03	0.03	-1.28	0.02	0.02	-0.59	1.61	-1.28	0.0	0.0	1.39					1	0.03	0.03	-0.68	0.02	0.02	-0.3	-0.68	0.0	0.0	38.41					0.03	0.03	0.47	0.02	0.02	0.29	0.47	0.01	0.01	44.39					0.03	0.03	1.03	0.02	0.02	0.85	1.03	0.01	0.01	51.17					-0.030000000000000027	-0.030000000000000027	0.31000000000000005	-0.0234375	-0.02316705928153438	0.23664122137404986	0.31000000000000005	0.003143436545771955	0.0030869636038179937	24.7573454875188				
2023-05-25 07:00:00	3500	1.32	1.28	1.32	1.28	1.28	RAD.MI	1.09	1.09	1.06	1.06	1.3	0.8	1.0	1.0	1.0	1	1.0	1.0	1.0	1.0	1.0	1.0									-1.0			1.61										-1.0			1.71	-0.03	-0.03	-1.31	-0.02	-0.02	-0.6	1.61	-1.31	-0.0	-0.0	-1.62					1	-0.03	-0.03	-0.71	-0.02	-0.02	-0.32	-0.71	0.0	0.0	34.48					-0.03	-0.03	0.44	-0.02	-0.02	0.26	0.44	0.01	0.01	40.68					-0.03	-0.03	1.0	-0.02	-0.02	0.81	1.0	0.01	0.01	47.21					0.030000000000000027	0.030000000000000027	0.3400000000000001	0.022900763358778664	0.023167059281534418	0.2656250000000042	0.3400000000000001	0.0035547103788925952	0.003498422807344914	27.5985146729684				
2023-05-26 07:00:00	0	1.28	1.28	1.28	1.28	1.28	RAD.MI	1.05	1.05	1.05	1.05	1.3	0.8	1.0	1.0	1.0	1	1.0	1.0	1.0	1.0	1.0	1.0									-1.0			1.61										-1.0			1.71	0.0	0.0	-1.31	0.0	0.0	-0.6	1.61	-1.31	-0.0	-0.0	-1.62					1	0.0	0.0	-0.71	0.0	0.0	-0.32	-0.71	0.0	0.0	34.48					0.0	0.0	0.44	0.0	0.0	0.26	0.44	0.01	0.01	40.68					0.0	0.0	1.0	0.0	0.0	0.81	1.0	0.01	0.01	47.21					-0.0	-0.0	0.3400000000000001	-0.0	-0.0	0.2656250000000042	0.3400000000000001	0.0035547103788925952	0.003498422807344914	27.5985146729684				
2023-05-29 07:00:00	0	1.28	1.28	1.28	1.28	1.28	RAD.MI	1.05	1.05	1.05	1.05	1.3	0.8	1.0	1.0	1.0	1	1.0	1.0	1.0	1.0	1.0	1.0									-1.0			1.61										-1.0			1.71	0.0	0.0	-1.31	0.0	0.0	-0.6	1.54	-1.31	-0.0	-0.0	-1.62					1	0.0	0.0	-0.71	0.0	0.0	-0.32	-0.71	0.0	0.0	34.48					0.0	0.0	0.44	0.0	0.0	0.26	0.44	0.01	0.01	40.68					0.0	0.0	1.0	0.0	0.0	0.81	1.0	0.01	0.01	47.21					-0.0	-0.0	0.3400000000000001	-0.0	-0.0	0.2656250000000042	0.3400000000000001	0.0035547103788925952	0.003498422807344914	27.5985146729684				
2023-05-30 07:00:00	3500	1.27	1.24	1.27	1.24	1.24	RAD.MI	1.04	1.04	1.02	1.02	1.3	0.8	1.0	1.0	1.0	1	1.0	1.0	1.0	1.0	1.0	1.0									-1.0			1.61										-1.0			1.71	-0.04	-0.04	-1.35	-0.03	-0.03	-0.61	1.5	-1.35	-0.0	-0.0	-2.07					1	-0.04	-0.04	-0.75	-0.03	-0.03	-0.34	-0.75	0.0	0.0	33.54					-0.04	-0.04	0.4	-0.03	-0.03	0.22	0.4	0.01	0.0	39.67					-0.04	-0.04	0.96	-0.03	-0.03	0.75	0.96	0.01	0.01	46.08					0.040000000000000036	0.040000000000000036	0.3800000000000001	0.03125	0.0317486983145803	0.3064516129032302	0.3800000000000001	0.0036513002218055554	0.0035943102881919042	27.981305093411567				
2023-05-31 07:00:00	3000	1.23	1.2	1.23	1.2	1.2	RAD.MI	1.03	1.03	1.01	1.01	1.3	0.8	1.0	1.0	1.0	0	1.0	1.0	1.0	1.0	1.0	1.0									-1.0			1.61										-1.0			1.71	-0.04	-0.04	-1.39	-0.03	-0.03	-0.62	1.42	-1.39	-0.0	-0.0	-2.25					1	-0.04	-0.04	-0.79	-0.03	-0.03	-0.36	-0.79	0.0	0.0	33.16					-0.04	-0.04	0.36	-0.03	-0.03	0.18	0.36	0.01	0.0	39.26					-0.04	-0.04	0.92	-0.03	-0.03	0.7	0.92	0.01	0.01	45.62					0.040000000000000036	0.040000000000000036	0.42000000000000015	0.032258064516129115	0.032789822822990956	0.35000000000000475	0.42000000000000015	0.0036913003371464113	0.003634018276577722	28.136939938836203				
2023-06-01 07:00:00	0	1.2	1.2	1.2	1.2	1.2	RAD.MI	0.99	0.99	0.99	0.99	1.3	0.8	1.0	1.0	1.0	0	1.0	1.0	1.0	1.0	1.0	1.0		1.2		1.2					-1.0			1.61										-1.0			1.71	0.0	0.0	-1.39	0.0	0.0	-0.62	1.38	-1.39	-0.0	-0.0	-9.06					1	0.0	0.0	-0.79	0.0	0.0	-0.36	-0.79	0.0	0.0	28.5					0.0	0.0	0.36	0.0	0.0	0.18	0.36	0.0	0.0	36.58					0.0	0.0	0.92	0.0	0.0	0.7	0.92	0.0	0.0	43.2					-0.0	-0.0	0.42000000000000015	-0.0	-0.0	0.35000000000000475	0.42000000000000015	0.004291926124459674	0.004241380047538046	36.37841936386424				
2023-06-02 07:00:00	3000	1.22	1.22	1.22	1.22	1.22	RAD.MI	0.98	0.98	0.98	0.98	1.3	0.8	1.0	1.0	1.0	0	1.0	1.0	1.0	1.0	1.0	1.0									-1.0			1.61		0.98								-1.0			1.71	0.02	0.02	-1.37	0.02	0.02	-0.61	1.38	-1.37	-0.0	-0.0	-4.42					1	0.0	0.0	-0.79	0.0	0.0	-0.36	-0.79	0.0	0.0	34.06					0.02	0.02	0.38	0.02	0.02	0.2	0.38	0.0	0.0	42.49					0.02	0.02	0.94	0.02	0.02	0.72	0.94	0.01	0.01	49.57					-0.020000000000000018	-0.020000000000000018	0.40000000000000013	-0.016666666666666607	-0.016529301951210506	0.327868852459021	0.40000000000000013	0.0036845112105551923	0.003634632277359273	32.20324915469425				
2023-06-05 07:00:00	2500	1.25	1.23	1.24	1.23	1.23	RAD.MI	1.01	1.02	1.0	1.0	1.3	0.8	1.0	1.0	1.0	0	1.0	1.0	1.0	1.0	1.0	1.0	1.25								-1.0			1.61	1.02									-1.0			1.71	0.01	0.01	-1.36	0.01	0.01	-0.61	1.38	-1.36	-0.0	-0.0	-1.35					1	0.0	0.0	-0.79	0.0	0.0	-0.36	-0.79	0.0	0.0	37.53					0.01	0.01	0.39	0.01	0.01	0.21	0.39	0.01	0.01	45.95					0.01	0.01	0.95	0.01	0.01	0.74	0.95	0.01	0.01	53.23					-0.010000000000000009	-0.010000000000000009	0.3900000000000001	-0.008196721311475308	-0.008163310639160835	0.31707317073171204	0.3900000000000001	0.0033290843979445865	0.0032788229150029213	29.356284538796306				
2023-06-06 07:00:00	0	1.23	1.23	1.23	1.23	1.23	RAD.MI	0.99	0.99	0.99	0.99	1.3	0.8	1.0	1.0	1.0	0	1.0	1.0	1.0	1.0	1.0	1.0									-1.0			1.61										-1.0			1.71	0.0	0.0	-1.36	0.0	0.0	-0.61	1.38	-1.36	-0.0	-0.0	-1.35					1	0.0	0.0	-0.79	0.0	0.0	-0.36	-0.79	0.0	0.0	37.53					0.0	0.0	0.39	0.0	0.0	0.21	0.39	0.01	0.01	45.95					0.0	0.0	0.95	0.0	0.0	0.74	0.95	0.01	0.01	53.23					-0.0	-0.0	0.3900000000000001	-0.0	-0.0	0.31707317073171204	0.3900000000000001	0.0033290843979445865	0.0032788229150029213	29.356284538796306				
2023-06-07 07:00:00	1000	1.22	1.22	1.22	1.22	1.22	RAD.MI	0.98	0.98	0.98	0.98	1.3	0.8	1.0	1.0	1.0	0	1.0	1.0	1.0	1.0	1.0	1.0									-1.0			1.61										-1.0			1.71	-0.01	-0.01	-1.37	-0.01	-0.01	-0.61	1.38	-1.37	-0.0	-0.0	-1.34					1	-0.0	-0.0	-0.79	-0.0	-0.0	-0.36	-0.79	0.0	0.0	40.43					-0.01	-0.01	0.38	-0.01	-0.01	0.2	0.38	0.01	0.01	45.99					-0.01	-0.01	0.94	-0.01	-0.01	0.72	0.94	0.01	0.01	53.28					0.010000000000000009	0.010000000000000009	0.40000000000000013	0.008130081300813052	0.008163310639160981	0.3278688524590212	0.40000000000000013	0.003325769558848099	0.0032755313059555924	29.3410658093515				
2023-06-08 07:00:00	0	1.22	1.22	1.22	1.22	1.22	RAD.MI	0.98	0.98	0.98	0.98	1.3	0.8	1.0	1.0	-1.0	0	1.0	1.0	1.0	1.0	1.0	1.0		1.22							-1.0			1.61										-1.0			1.71	0.0	0.0	-1.37	0.0	0.0	-0.61	1.38	-1.37	0.0	0.0	1.96					1	0.0	0.0	-0.79	0.0	0.0	-0.36	-0.79	0.0	0.0	45.58					0.0	0.0	0.38	0.0	0.0	0.2	0.38	0.01	0.01	50.99					0.0	0.0	0.94	0.0	0.0	0.72	0.94	0.01	0.01	58.73					-0.0	-0.0	0.40000000000000013	-0.0	-0.0	0.3278688524590212	0.40000000000000013	0.003088576647606962	0.0030399868085666526	28.21300545634032				
2023-06-09 07:00:00	0	1.22	1.22	1.22	1.22	1.22	RAD.MI	0.98	0.98	0.98	0.98	1.3	0.8	1.0	1.0	-1.0	0	1.0	1.0	1.0	1.0	1.0	1.0									-1.0			1.61										-1.0			1.71	0.0	0.0	-1.37	0.0	0.0	-0.61	1.38	-1.37	0.0	0.0	1.96					1	0.0	0.0	-0.79	0.0	0.0	-0.36	-0.79	0.0	0.0	45.58					0.0	0.0	0.38	0.0	0.0	0.2	0.38	0.01	0.01	50.99					0.0	0.0	0.94	0.0	0.0	0.72	0.94	0.01	0.01	58.73					-0.0	-0.0	0.40000000000000013	-0.0	-0.0	0.3278688524590212	0.40000000000000013	0.003088576647606962	0.0030399868085666526	28.21300545634032				
2023-06-12 07:00:00	0	1.22	1.22	1.22	1.22	1.22	RAD.MI	0.97	0.97	0.97	0.97	1.3	0.8	1.0	1.0	-1.0	0	1.0	1.0	1.0	1.0	1.0	1.0									-1.0			1.61		0.97								-1.0			1.71	0.0	0.0	-1.37	0.0	0.0	-0.61	1.38	-1.37	0.0	0.0	4.31					1	0.0	0.0	-0.79	0.0	0.0	-0.36	-0.79	0.0	0.0	48.65					0.0	0.0	0.38	0.0	0.0	0.2	0.38	0.01	0.01	53.8					0.0	0.0	0.94	0.0	0.0	0.72	0.94	0.01	0.01	61.7					-0.0	-0.0	0.40000000000000013	-0.0	-0.0	0.3278688524590212	0.40000000000000013	0.003027942749623512	0.002979769924193576	27.91170410453598				
2023-06-13 07:00:00	1000	1.24	1.24	1.24	1.24	1.24	RAD.MI	0.98	0.98	0.98	0.98	1.3	0.8	1.0	1.0	-1.0	0	1.0	1.0	1.0	1.0	1.0	1.0									-1.0			1.61										-1.0			1.71	0.02	0.02	-1.35	0.02	0.02	-0.61	1.38	-1.35	0.0	0.0	7.55					1	0.0	0.0	-0.79	0.0	0.0	-0.36	-0.79	0.0	0.0	51.76					0.02	0.02	0.4	0.02	0.02	0.22	0.4	0.01	0.01	56.98					0.02	0.02	0.96	0.02	0.02	0.75	0.96	0.01	0.01	65.02					-0.020000000000000018	-0.020000000000000018	0.3800000000000001	-0.016393442622950838	-0.016260520871780326	0.30645161290323064	0.3800000000000001	0.0027038151668872883	0.0026545855544275465	24.78746633095978				
2023-06-14 07:00:00	3500	1.28	1.25	1.26	1.25	1.25	RAD.MI	0.99	1.01	0.98	0.98	1.3	0.8	1.0	1.0	-1.0	0	1.0	1.0	1.0	1.0	1.0	1.0	1.28								-1.0			1.61	1.01									-1.0			1.71	0.01	0.01	-1.34	0.01	0.01	-0.6	1.38	-1.34	0.0	0.0	7.97					1	0.0	0.0	-0.79	0.0	0.0	-0.36	-0.79	0.0	0.0	51.76					0.01	0.01	0.41	0.01	0.01	0.23	0.41	0.01	0.01	57.14					0.01	0.01	0.97	0.01	0.01	0.77	0.97	0.01	0.01	65.16					-0.010000000000000009	-0.010000000000000009	0.3700000000000001	-0.008064516129032251	-0.008032171697264253	0.2960000000000047	0.3700000000000001	0.002466422341961442	0.0024161300758744897	22.448829380040188				
2023-06-15 07:00:00	9500	1.24	1.2	1.22	1.24	1.24	RAD.MI	0.96	0.98	0.94	0.98	1.3	0.8	1.0	1.0	-1.0	0	1.0	1.0	1.0	1.0	1.0	1.0		1.2		1.2		1.2			1.0			1.2		0.94		0.94		0.94				-1.0			1.71	-0.01	-0.01	-1.35	-0.01	-0.01	-0.61	1.38	-1.35	0.0	0.0	5.67					1	-0.0	-0.0	-0.79	-0.0	-0.0	-0.36	-0.79	0.0	0.0	51.76					-0.01	-0.01	0.4	-0.01	-0.01	0.22	0.4	0.01	0.01	54.4					-0.01	-0.01	0.96	-0.01	-0.01	0.75	0.96	0.01	0.01	62.27					0.010000000000000009	0.010000000000000009	0.3800000000000001	0.008000000000000007	0.008032171697264267	0.30645161290323064	0.3800000000000001	0.002518631457993659	0.002467955713757908	22.73802927455798				
2023-06-16 07:00:00	2000	1.29	1.27	1.27	1.29	1.29	RAD.MI	1.0	1.01	1.0	1.01	1.3	0.8	1.0	1.0	-1.0	0	1.0	1.0	1.0	1.0	1.0	1.0	1.29								1.0			1.2	1.01									-1.0			1.71	0.05	0.05	-1.3	0.04	0.04	-0.59	1.38	-1.3	0.0	0.0	7.2					1	0.0	0.0	-0.79	0.0	0.0	-0.36	-0.79	0.0	0.0	51.42					0.05	0.05	0.45	0.04	0.04	0.27	0.45	0.01	0.01	55.0					0.05	0.05	1.01	0.04	0.04	0.82	1.01	0.01	0.01	62.81					-0.050000000000000044	-0.050000000000000044	0.33000000000000007	-0.040322580645161255	-0.03953083875663522	0.25581395348837677	0.33000000000000007	0.0024122372148168893	0.002360081228380384	21.2015055130681				
2023-06-19 07:00:00	3500	1.28	1.24	1.24	1.28	1.28	RAD.MI	0.98	1.01	0.98	1.01	1.3	0.8	1.0	1.0	-1.0	0	1.0	1.0	1.0	1.0	1.0	1.0									1.0			1.2										-1.0			1.71	-0.01	-0.01	-1.31	-0.01	-0.01	-0.6	1.38	-1.31	0.0	0.0	4.97					1	-0.0	-0.0	-0.79	-0.0	-0.0	-0.36	-0.79	0.0	0.0	51.42					-0.01	-0.01	0.44	-0.01	-0.01	0.26	0.44	0.01	0.01	52.34					-0.01	-0.01	1.0	-0.01	-0.01	0.81	1.0	0.01	0.01	60.0					0.010000000000000009	0.010000000000000009	0.3400000000000001	0.007751937984496138	0.007782140442054963	0.26562500000000466	0.3400000000000001	0.002462821127690247	0.002410286821149965	21.477261854847647				
2023-06-20 07:00:00	7500	1.25	1.25	1.25	1.25	1.25	RAD.MI	0.99	0.99	0.99	0.99	1.3	0.8	1.0	1.0	-1.0	0	1.0	1.0	1.0	1.0	1.0	1.0		1.25							1.0			1.2		0.99								-1.0			1.71	-0.03	-0.03	-1.34	-0.02	-0.02	-0.6	1.32	-1.34	0.0	0.0	2.16					1	-0.0	-0.0	-0.79	-0.0	-0.0	-0.36	-0.79	0.0	0.0	51.42					-0.03	-0.03	0.41	-0.02	-0.02	0.23	0.41	0.01	0.01	48.34					-0.03	-0.03	0.97	-0.02	-0.02	0.77	0.97	0.01	0.01	55.66					0.030000000000000027	0.030000000000000027	0.3700000000000001	0.0234375	0.023716526617316044	0.2960000000000049	0.3700000000000001	0.0026169785507028026	0.002563282941603351	22.291730681403216				
2023-06-21 07:00:00	10000	1.28	1.25	1.27	1.28	1.28	RAD.MI	1.0	1.01	0.99	1.01	1.3	0.8	1.0	1.0	-1.0	0	1.0	1.0	1.0	1.0	1.0	1.0									1.0			1.2										-1.0			1.71	0.03	0.03	-1.31	0.02	0.02	-0.6	1.32	-1.31	0.0	0.0	3.35					1	0.0	0.0	-0.79	0.0	0.0	-0.36	-0.79	0.0	0.0	51.42					0.03	0.03	0.44	0.02	0.02	0.26	0.44	0.01	0.01	48.81					0.03	0.03	1.0	0.02	0.02	0.81	1.0	0.01	0.01	56.09					-0.030000000000000027	-0.030000000000000027	0.3400000000000001	-0.02400000000000002	-0.023716526617316065	0.26562500000000466	0.3400000000000001	0.0023145226943303157	0.00225894464329901	19.316762139689644				
2023-06-22 07:00:00	1500	1.3	1.3	1.3	1.3	1.3	RAD.MI	1.04	1.04	1.04	1.04	1.3	0.8	1.0	1.0	-1.0	1	1.0	1.0	1.0	1.0	1.0	1.0									1.0			1.2										-1.0			1.71	0.02	0.02	-1.29	0.02	0.02	-0.59	1.3	-1.29	0.0	0.0	3.66					1	0.0	0.0	-0.79	0.0	0.0	-0.36	-0.79	0.0	0.0	51.08					0.02	0.02	0.46	0.02	0.02	0.28	0.46	0.01	0.01	48.94					0.02	0.02	1.02	0.02	0.02	0.84	1.02	0.01	0.01	56.21					-0.020000000000000018	-0.020000000000000018	0.32000000000000006	-0.015625	-0.015504186535965254	0.24615384615385083	0.32000000000000006	0.0022912870306725447	0.0022353795831513423	19.018194786846855				
2023-06-23 07:00:00	168500	1.54	1.3	1.33	1.36	1.36	RAD.MI	1.07	1.24	1.04	1.09	1.3	0.8	1.0	1.0	1.0	1	1.0	1.0	1.0	1.0	1.0	1.0	1.54		1.54		1.54				1.0			1.2	1.24		1.24							-1.0			1.71	0.06	0.06	-1.23	0.05	0.05	-0.57	1.54	-1.23	0.0	0.0	5.73					1	0.06	0.06	-0.73	0.05	0.05	-0.33	-0.73	0.0	0.0	52.7					0.06	0.06	0.52	0.05	0.05	0.34	0.52	0.01	0.01	49.79					0.06	0.06	1.08	0.05	0.05	0.92	1.08	0.01	0.01	56.98					-0.06000000000000005	-0.06000000000000005	0.26	-0.04615384615384621	-0.04512043528046964	0.19117647058823972	0.26	0.0019042479718213235	0.00184533223833383	15.223318137896705				
2023-06-26 07:00:00	19000	1.44	1.36	1.41	1.37	1.37	RAD.MI	1.13	1.15	1.09	1.1	1.3	0.8	1.0	1.0	1.0	1	1.0	1.0	1.0	1.0	1.0	1.0									1.0			1.2										-1.0			1.71	0.01	0.01	-1.22	0.01	0.01	-0.57	1.54	-1.22	0.0	0.0	8.89					1	0.01	0.01	-0.72	0.01	0.01	-0.33	-0.72	0.0	0.0	57.82					0.01	0.01	0.53	0.01	0.01	0.35	0.53	0.01	0.01	54.22					0.01	0.01	1.09	0.01	0.01	0.94	1.09	0.01	0.01	61.78					-0.010000000000000009	-0.010000000000000009	0.25	-0.007352941176470562	-0.007326040092072881	0.18248175182482185	0.25	0.001481929887663603	0.0014234365897372037	12.101280695954827				
2023-06-27 07:00:00	13500	1.37	1.34	1.37	1.36	1.36	RAD.MI	1.09	1.09	1.07	1.08	1.3	0.8	1.0	1.0	1.0	1	1.0	1.0	1.0	1.0	1.0	1.0		1.34							1.0			1.2										-1.0			1.71	-0.01	-0.01	-1.23	-0.01	-0.01	-0.57	1.54	-1.23	0.0	0.0	9.33					1	-0.01	-0.01	-0.73	-0.01	-0.01	-0.33	-0.73	0.0	0.0	54.83					-0.01	-0.01	0.52	-0.01	-0.01	0.34	0.52	0.01	0.01	55.27					-0.01	-0.01	1.08	-0.01	-0.01	0.92	1.08	0.01	0.01	62.98					0.010000000000000009	0.010000000000000009	0.26	0.007299270072992692	0.007326040092072898	0.19117647058823972	0.26	0.0014114601115591107	0.0013535596186071697	11.65914198737547				
2023-06-28 07:00:00	1000	1.37	1.37	1.37	1.37	1.37	RAD.MI	1.08	1.08	1.08	1.08	1.3	0.8	1.0	1.0	1.0	1	1.0	1.0	1.0	1.0	1.0	1.0	1.37								1.0			1.2										-1.0			1.71	0.01	0.01	-1.22	0.01	0.01	-0.57	1.54	-1.22	0.0	0.0	13.36					1	0.01	0.01	-0.72	0.01	0.01	-0.33	-0.72	0.0	0.0	55.07					0.01	0.01	0.53	0.01	0.01	0.35	0.53	0.01	0.01	54.57					0.01	0.01	1.09	0.01	0.01	0.94	1.09	0.01	0.01	62.35					-0.010000000000000009	-0.010000000000000009	0.25	-0.007352941176470562	-0.007326040092072881	0.18248175182482185	0.25	0.001558767366570248	0.0015028879183331956	13.29428544942376				
2023-06-29 07:00:00	0	1.37	1.37	1.37	1.37	1.37	RAD.MI	1.07	1.07	1.07	1.07	1.3	0.8	1.0	1.0	1.0	1	1.0	1.0	1.0	1.0	1.0	1.0									1.0			1.2										-1.0			1.71	0.0	0.0	-1.22	0.0	0.0	-0.57	1.54	-1.22	0.0	0.0	13.36					1	0.0	0.0	-0.72	0.0	0.0	-0.33	-0.72	0.0	0.0	55.07					0.0	0.0	0.53	0.0	0.0	0.35	0.53	0.01	0.01	54.57					0.0	0.0	1.09	0.0	0.0	0.94	1.09	0.01	0.01	62.35					-0.0	-0.0	0.25	-0.0	-0.0	0.18248175182482185	0.25	0.001558767366570248	0.0015028879183331956	13.29428544942376				
2023-06-30 07:00:00	7500	1.34	1.3	1.33	1.33	1.33	RAD.MI	1.03	1.04	1.01	1.03	1.3	0.8	1.0	1.0	1.0	1	1.0	1.0	1.0	1.0	1.0	1.0									1.0			1.2										-1.0			1.71	-0.04	-0.04	-1.26	-0.03	-0.03	-0.58	1.54	-1.26	0.0	0.0	12.49					1	-0.04	-0.04	-0.76	-0.03	-0.03	-0.35	-0.76	0.0	0.0	50.1					-0.04	-0.04	0.49	-0.03	-0.03	0.31	0.49	0.01	0.01	49.81					-0.04	-0.04	1.05	-0.03	-0.03	0.88	1.05	0.01	0.01	57.18					0.040000000000000036	0.040000000000000036	0.29000000000000004	0.02919708029197088	0.02963179760637123	0.2180451127819596	0.29000000000000004	0.0019962168528556996	0.001939881567556645	16.65199701367989				
2023-07-03 07:00:00	32000	1.32	1.28	1.29	1.3	1.3	RAD.MI	0.99	1.01	0.98	1.0	1.3	0.8	1.0	1.0	1.0	1	1.0	1.0	1.0	1.0	1.0	1.0									1.0			1.2										-1.0			1.71	-0.03	-0.03	-1.29	-0.02	-0.02	-0.59	1.54	-1.29	0.0	0.0	11.92					1	-0.03	-0.03	-0.79	-0.02	-0.02	-0.36	-0.79	0.0	0.0	45.92					-0.03	-0.03	0.46	-0.02	-0.02	0.28	0.46	0.01	0.01	45.84					-0.03	-0.03	1.02	-0.02	-0.02	0.84	1.02	0.01	0.01	52.92					0.030000000000000027	0.030000000000000027	0.32000000000000006	0.022556390977443663	0.0228146777661714	0.24615384615385083	0.32000000000000006	0.002393882396452742	0.0023374957888617764	19.676813755292137				
2023-07-04 07:00:00	5000	1.3	1.26	1.3	1.26	1.26	RAD.MI	1.0	1.0	0.97	0.97	1.3	0.8	1.0	1.0	1.0	1	1.0	1.0	1.0	1.0	1.0	1.0		1.26		1.26					1.0			1.2		0.97		0.97						-1.0			1.71	-0.04	-0.04	-1.33	-0.03	-0.03	-0.6	1.54	-1.33	0.0	0.0	11.03					1	-0.04	-0.04	-0.83	-0.03	-0.03	-0.38	-0.83	0.0	0.0	41.25					-0.04	-0.04	0.42	-0.03	-0.03	0.24	0.42	0.01	0.0	41.38					-0.04	-0.04	0.98	-0.03	-0.03	0.78	0.98	0.01	0.01	48.12					0.040000000000000036	0.040000000000000036	0.3600000000000001	0.03076923076923077	0.031252543504104426	0.2857142857142907	0.3600000000000001	0.002848905101343317	0.002792098476792404	22.902346858601412				
2023-07-05 07:00:00	2000	1.3	1.28	1.28	1.3	1.3	RAD.MI	0.99	1.01	0.99	1.01	1.3	0.8	1.0	1.0	1.0	1	1.0	1.0	1.0	1.0	1.0	1.0									1.0			1.2										-1.0			1.71	0.04	0.04	-1.29	0.03	0.03	-0.59	1.54	-1.29	0.0	0.0	12.25					1	0.04	0.04	-0.79	0.03	0.03	-0.36	-0.79	0.0	0.0	42.35					0.04	0.04	0.46	0.03	0.03	0.28	0.46	0.01	0.01	42.02					0.04	0.04	1.02	0.03	0.03	0.84	1.02	0.01	0.01	48.7					-0.040000000000000036	-0.040000000000000036	0.32000000000000006	-0.031746031746031855	-0.03125254350410453	0.24615384615385083	0.32000000000000006	0.002513107785119993	0.0024539495349455986	19.675718118395736				
2023-07-06 07:00:00	0	1.3	1.3	1.3	1.3	1.3	RAD.MI	1.03	1.03	1.03	1.03	1.3	0.8	1.0	1.0	1.0	1	1.0	1.0	1.0	1.0	1.0	1.0	1.3								1.0			1.2	1.03									-1.0			1.71	0.0	0.0	-1.29	0.0	0.0	-0.59	1.54	-1.29	0.0	0.0	14.39					1	0.0	0.0	-0.79	0.0	0.0	-0.36	-0.79	0.0	0.0	42.35					0.0	0.0	0.46	0.0	0.0	0.28	0.46	0.01	0.01	41.85					0.0	0.0	1.02	0.0	0.0	0.84	1.02	0.01	0.01	51.31					-0.0	-0.0	0.32000000000000006	-0.0	-0.0	0.24615384615385083	0.32000000000000006	0.002770089078969593	0.0027121236465390552	21.846990271464975				
2023-07-07 07:00:00	3500	1.3	1.27	1.3	1.29	1.29	RAD.MI	1.02	1.02	1.0	1.01	1.3	0.8	1.0	1.0	1.0	1	1.0	1.0	1.0	1.0	1.0	1.0									1.0			1.2										-1.0			1.71	-0.01	-0.01	-1.3	-0.01	-0.01	-0.59	1.54	-1.3	0.0	0.0	11.96					1	-0.01	-0.01	-0.8	-0.01	-0.01	-0.37	-0.8	0.0	0.0	42.43					-0.01	-0.01	0.45	-0.01	-0.01	0.27	0.45	0.01	0.01	41.92					-0.01	-0.01	1.01	-0.01	-0.01	0.82	1.01	0.01	0.01	48.62					0.010000000000000009	0.010000000000000009	0.33000000000000007	0.007692307692307665	0.007722046093910278	0.25581395348837677	0.33000000000000007	0.002763513458783103	0.002705599751662069	21.815825490410205				
2023-07-10 07:00:00	3500	1.31	1.28	1.3	1.28	1.28	RAD.MI	1.02	1.03	1.0	1.0	1.3	0.8	1.0	1.0	1.0	1	1.0	1.0	1.0	1.0	1.0	1.0									1.0			1.2										-1.0			1.71	-0.01	-0.01	-1.31	-0.01	-0.01	-0.6	1.54	-1.31	0.0	0.0	11.99					1	-0.01	-0.01	-0.81	-0.01	-0.01	-0.37	-0.81	0.0	0.0	39.41					-0.01	-0.01	0.44	-0.01	-0.01	0.26	0.44	0.0	0.0	39.34					-0.01	-0.01	1.0	-0.01	-0.01	0.81	1.0	0.01	0.01	48.71					0.010000000000000009	0.010000000000000009	0.3400000000000001	0.007751937984496138	0.007782140442054963	0.26562500000000466	0.3400000000000001	0.003070008980169032	0.0030129330974535407	24.237664405843848				
2023-07-11 07:00:00	0	1.28	1.28	1.28	1.28	1.28	RAD.MI	1.0	1.0	1.0	1.0	1.3	0.8	1.0	1.0	1.0	1	1.0	1.0	1.0	1.0	1.0	1.0		1.28							1.0			1.2										-1.0			1.71	0.0	0.0	-1.31	0.0	0.0	-0.6	1.54	-1.31	0.0	0.0	14.49					1	0.0	0.0	-0.81	0.0	0.0	-0.37	-0.81	0.0	0.0	38.77					0.0	0.0	0.44	0.0	0.0	0.26	0.44	0.0	0.0	38.97					0.0	0.0	1.0	0.0	0.0	0.81	1.0	0.01	0.01	52.08					-0.0	-0.0	0.3400000000000001	-0.0	-0.0	0.26562500000000466	0.3400000000000001	0.003352250670024832	0.0032968726022271078	26.85831397441909				
2023-07-12 07:00:00	3500	1.33	1.26	1.26	1.33	1.33	RAD.MI	0.96	1.02	0.96	1.02	1.3	0.8	1.0	1.0	1.0	1	1.0	1.0	1.0	1.0	1.0	1.0	1.33								1.0			1.2										-1.0			1.71	0.05	0.05	-1.26	0.04	0.04	-0.58	1.54	-1.26	0.0	0.0	15.86					1	0.05	0.05	-0.76	0.04	0.04	-0.35	-0.76	0.0	0.0	40.15					0.05	0.05	0.49	0.04	0.04	0.31	0.49	0.0	0.0	39.78					0.05	0.05	1.05	0.04	0.04	0.88	1.05	0.01	0.01	52.75					-0.050000000000000044	-0.050000000000000044	0.29000000000000004	-0.0390625	-0.0383188643021366	0.21804511278195937	0.29000000000000004	0.002998346983419089	0.002940191583575835	23.256581438976514				
2023-07-13 07:00:00	2500	1.33	1.28	1.33	1.32	1.32	RAD.MI	1.01	1.01	0.97	1.0	1.3	0.8	1.0	1.0	1.0	1	1.0	1.0	1.0	1.0	1.0	1.0									1.0			1.2										-1.0			1.71	-0.01	-0.01	-1.27	-0.01	-0.01	-0.58	1.54	-1.27	0.0	0.0	13.16					1	-0.01	-0.01	-0.77	-0.01	-0.01	-0.35	-0.77	0.0	0.0	40.88					-0.01	-0.01	0.48	-0.01	-0.01	0.3	0.48	0.01	0.0	40.49					-0.01	-0.01	1.04	-0.01	-0.01	0.86	1.04	0.01	0.01	49.92					0.010000000000000009	0.010000000000000009	0.30000000000000004	0.007518796992481258	0.007547205635382966	0.22727272727273196	0.30000000000000004	0.0029343626181448767	0.0028766994241165023	22.96777077753662				
2023-07-14 07:00:00	3500	1.33	1.27	1.27	1.31	1.31	RAD.MI	0.97	1.01	0.97	1.0	1.3	0.8	1.0	1.0	1.0	1	1.0	1.0	1.0	1.0	1.0	1.0									1.0			1.2										-1.0			1.71	-0.01	-0.01	-1.28	-0.01	-0.01	-0.59	1.54	-1.28	0.0	0.0	10.41					1	-0.01	-0.01	-0.78	-0.01	-0.01	-0.36	-0.78	0.0	0.0	41.64					-0.01	-0.01	0.47	-0.01	-0.01	0.29	0.47	0.01	0.0	41.23					-0.01	-0.01	1.03	-0.01	-0.01	0.85	1.03	0.01	0.01	47.08					0.010000000000000009	0.010000000000000009	0.31000000000000005	0.007575757575757569	0.007604599385219304	0.23664122137405053	0.31000000000000005	0.0028687605303913226	0.002811599836645584	22.666139557570745				
2023-07-17 07:00:00	2500	1.3	1.3	1.3	1.3	1.3	RAD.MI	0.99	0.99	0.99	0.99	1.3	0.8	1.0	1.0	1.0	1	1.0	1.0	1.0	1.0	1.0	1.0									1.0			1.2										-1.0			1.71	-0.01	-0.01	-1.29	-0.01	-0.01	-0.59	1.54	-1.29	0.0	0.0	7.21					1	-0.01	-0.01	-0.79	-0.01	-0.01	-0.36	-0.79	0.0	0.0	43.17					-0.01	-0.01	0.46	-0.01	-0.01	0.28	0.46	0.01	0.01	42.7					-0.01	-0.01	1.02	-0.01	-0.01	0.84	1.02	0.01	0.01	44.05					0.010000000000000009	0.010000000000000009	0.32000000000000006	0.007633587786259555	0.007662872745569137	0.24615384615385083	0.32000000000000006	0.0027417463012405783	0.002685552325329299	22.06566353789649				
2023-07-18 07:00:00	0	1.3	1.3	1.3	1.3	1.3	RAD.MI	0.99	0.99	0.99	0.99	1.3	0.8	1.0	1.0	1.0	1	1.0	1.0	1.0	1.0	1.0	1.0									1.0			1.2										-1.0			1.71	0.0	0.0	-1.29	0.0	0.0	-0.59	1.54	-1.29	0.0	0.0	6.42					1	0.0	0.0	-0.79	0.0	0.0	-0.36	-0.79	0.0	0.0	46.86					0.0	0.0	0.46	0.0	0.0	0.28	0.46	0.01	0.01	46.06					0.0	0.0	1.02	0.0	0.0	0.84	1.02	0.01	0.01	43.68					-0.0	-0.0	0.32000000000000006	-0.0	-0.0	0.24615384615385083	0.32000000000000006	0.0026206419860304794	0.0025653621446410924	21.4719413676479				
2023-07-19 07:00:00	0	1.3	1.3	1.3	1.3	1.3	RAD.MI	0.99	0.99	0.99	0.99	1.3	0.8	1.0	1.0	1.0	1	1.0	1.0	1.0	1.0	1.0	1.0		1.3	1.3						1.0			1.2										-1.0			1.71	0.0	0.0	-1.29	0.0	0.0	-0.59	1.54	-1.29	0.0	0.0	4.69					1	0.0	0.0	-0.79	0.0	0.0	-0.36	-0.79	0.0	0.0	52.44					0.0	0.0	0.46	0.0	0.0	0.28	0.46	0.01	0.01	51.28					0.0	0.0	1.02	0.0	0.0	0.84	1.02	0.0	0.0	42.87					-0.0	-0.0	0.32000000000000006	-0.0	-0.0	0.24615384615385083	0.32000000000000006	0.00237155582134369	0.0023181328255852396	20.18075875944269				
2023-07-20 07:00:00	0	1.3	1.3	1.3	1.3	1.3	RAD.MI	0.99	0.99	0.99	0.99	1.3	0.8	1.0	1.0	1.0	1	1.0	1.0	1.0	1.0	1.0	1.0									1.0			1.2										-1.0			1.71	0.0	0.0	-1.29	0.0	0.0	-0.59	1.54	-1.29	0.0	0.0	4.22					1	0.0	0.0	-0.79	0.0	0.0	-0.36	-0.79	0.0	0.0	55.59					0.0	0.0	0.46	0.0	0.0	0.28	0.46	0.01	0.01	54.13					0.0	0.0	1.02	0.0	0.0	0.84	1.02	0.0	0.0	42.66					-0.0	-0.0	0.32000000000000006	-0.0	-0.0	0.24615384615385083	0.32000000000000006	0.0023077872093262277	0.002254834534392236	19.83402470633729				
2023-07-21 07:00:00	2000	1.3	1.3	1.3	1.3	1.3	RAD.MI	0.98	0.98	0.98	0.98	1.3	0.82	1.0	1.0	1.0	1	1.0	1.0	1.0	1.0	1.0	1.0									1.0			1.2		0.98								-1.0			1.71	0.0	0.0	-1.29	0.0	0.0	-0.59	1.44	-1.29	0.0	0.0	6.5					1	0.0	0.0	-0.79	0.0	0.0	-0.36	-0.79	0.0	0.0	55.29					0.0	0.0	0.46	0.0	0.0	0.28	0.46	0.01	0.01	53.94					0.0	0.0	1.02	0.0	0.0	0.84	1.02	0.01	0.01	45.37					-0.0	-0.0	0.32000000000000006	-0.0	-0.0	0.24615384615385083	0.32000000000000006	0.002556659922863457	0.002504948616998348	22.15108588813839				
2023-07-24 07:00:00	4000	1.3	1.3	1.3	1.3	1.3	RAD.MI	0.98	0.98	0.98	0.98	1.3	0.82	1.0	1.0	1.0	1	1.0	1.0	1.0	1.0	1.0	1.0									1.0			1.2										-1.0			1.71	0.0	0.0	-1.29	0.0	0.0	-0.59	1.37	-1.29	0.0	0.0	8.78					1	0.0	0.0	-0.79	0.0	0.0	-0.36	-0.79	0.0	0.0	55.29					0.0	0.0	0.46	0.0	0.0	0.28	0.46	0.01	0.01	53.76					0.0	0.0	1.02	0.0	0.0	0.84	1.02	0.01	0.01	48.12					-0.0	-0.0	0.32000000000000006	-0.0	-0.0	0.24615384615385083	0.32000000000000006	0.002803304382552462	0.0027528606426268087	24.484647873754767				
2023-07-25 07:00:00	108000	1.33	1.31	1.31	1.33	1.33	RAD.MI	0.99	1.0	0.99	1.0	1.3	0.82	1.0	1.0	1.0	1	1.0	1.0	1.0	1.0	1.0	1.0									1.0			1.2	1.0									-1.0			1.71	0.03	0.03	-1.26	0.02	0.02	-0.58	1.37	-1.26	0.0	0.0	12.09					1	0.03	0.03	-0.76	0.02	0.02	-0.35	-0.76	0.0	0.0	55.99					0.03	0.03	0.49	0.02	0.02	0.31	0.49	0.01	0.01	54.01					0.03	0.03	1.05	0.02	0.02	0.88	1.05	0.01	0.01	51.36					-0.030000000000000027	-0.030000000000000027	0.29000000000000004	-0.023076923076922995	-0.022814677766171264	0.2180451127819596	0.29000000000000004	0.0027606293943552543	0.00270955428217845	23.842933119940618				
2023-07-26 07:00:00	0	1.33	1.33	1.33	1.33	1.33	RAD.MI	1.0	1.0	1.0	1.0	1.3	0.82	1.0	1.0	1.0	1	1.0	1.0	1.0	1.0	1.0	1.0	1.33								1.0			1.2										-1.0			1.71	0.0	0.0	-1.26	0.0	0.0	-0.58	1.37	-1.26	0.0	0.0	11.25					1	0.0	0.0	-0.76	0.0	0.0	-0.35	-0.76	0.0	0.0	55.99					0.0	0.0	0.49	0.0	0.0	0.31	0.49	0.01	0.01	57.86					0.0	0.0	1.05	0.0	0.0	0.88	1.05	0.01	0.01	50.98					-0.0	-0.0	0.29000000000000004	-0.0	-0.0	0.2180451127819596	0.29000000000000004	0.002631101668554532	0.0025809175704067933	23.18011304733939				
2023-07-27 07:00:00	0	1.33	1.33	1.33	1.33	1.33	RAD.MI	0.98	0.98	0.98	0.98	1.3	0.82	1.0	1.0	1.0	1	1.0	1.0	1.0	1.0	1.0	1.0									1.0			1.2										-1.0			1.71	0.0	0.0	-1.26	0.0	0.0	-0.58	1.34	-1.26	0.0	0.0	13.57					1	0.0	0.0	-0.76	0.0	0.0	-0.35	-0.76	0.0	0.0	55.99					0.0	0.0	0.49	0.0	0.0	0.31	0.49	0.01	0.01	57.69					0.0	0.0	1.05	0.0	0.0	0.88	1.05	0.01	0.01	53.81					-0.0	-0.0	0.29000000000000004	-0.0	-0.0	0.2180451127819596	0.29000000000000004	0.002875261011924398	0.002826368567924842	25.535576530417224				
2023-07-28 07:00:00	5500	1.34	1.26	1.34	1.26	1.26	RAD.MI	0.99	0.99	0.93	0.93	1.3	0.82	1.0	-1.0	-1.0	1	1.0	1.0	1.0	1.0	1.0	1.0									1.0			1.2										-1.0			1.71	-0.07	-0.07	-1.33	-0.05	-0.05	-0.6	1.34	-1.33	0.0	0.0	9.48					1	-0.07	-0.07	-0.83	-0.05	-0.05	-0.38	-0.83	0.0	0.0	48.87					-0.07	-0.07	0.42	-0.05	-0.05	0.24	0.42	0.01	0.01	50.61					-0.07	-0.07	0.98	-0.05	-0.05	0.78	0.98	0.01	0.01	47.15					0.07000000000000006	0.07000000000000006	0.3600000000000001	0.052631578947368474	0.05406722127027582	0.2857142857142907	0.3600000000000001	0.0032483248386893	0.003196937243402642	27.29456186656571				
2023-07-31 07:00:00	11000	1.34	1.25	1.32	1.28	1.28	RAD.MI	0.97	0.99	0.92	0.94	1.3	0.83	1.0	-1.0	-1.0	1	1.0	1.0	1.0	1.0	1.0	1.0									1.0			1.2										-1.0			1.71	0.02	0.02	-1.31	0.02	0.02	-0.6	1.34	-1.31	0.0	0.0	10.18					1	0.02	0.02	-0.81	0.02	0.02	-0.37	-0.81	0.0	0.0	49.35					0.02	0.02	0.44	0.02	0.02	0.26	0.44	0.01	0.01	50.91					0.02	0.02	1.0	0.02	0.02	0.81	1.0	0.01	0.01	47.47					-0.020000000000000018	-0.020000000000000018	0.3400000000000001	-0.015873015873015817	-0.015748356968139112	0.2656250000000051	0.3400000000000001	0.002978986274146043	0.002925954211273618	24.703344343779477				
2023-08-01 07:00:00	0	1.28	1.28	1.28	1.28	1.28	RAD.MI	0.95	0.95	0.95	0.95	1.3	0.83	1.0	-1.0	-1.0	1	1.0	1.0	1.0	1.0	1.0	1.0									1.0			1.2										-1.0			1.71	0.0	0.0	-1.31	0.0	0.0	-0.6	1.34	-1.31	0.0	0.0	10.18					1	0.0	0.0	-0.81	0.0	0.0	-0.37	-0.81	0.0	0.0	49.35					0.0	0.0	0.44	0.0	0.0	0.26	0.44	0.01	0.01	50.91					0.0	0.0	1.0	0.0	0.0	0.81	1.0	0.01	0.01	47.47					-0.0	-0.0	0.3400000000000001	-0.0	-0.0	0.2656250000000051	0.3400000000000001	0.002978986274146043	0.002925954211273618	24.703344343779477				
2023-08-02 07:00:00	7500	1.25	1.23	1.25	1.23	1.23	RAD.MI	0.94	0.94	0.93	0.93	1.3	0.83	1.0	-1.0	-1.0	0	1.0	1.0	1.0	1.0	1.0	1.0									1.0			1.2		0.93								-1.0			1.71	-0.05	-0.05	-1.36	-0.04	-0.04	-0.61	1.34	-1.36	0.0	0.0	6.85					1	-0.05	-0.05	-0.86	-0.04	-0.04	-0.4	-0.86	0.0	0.0	44.0					-0.05	-0.05	0.39	-0.04	-0.04	0.21	0.39	0.01	0.01	45.7					-0.05	-0.05	0.95	-0.04	-0.04	0.74	0.95	0.01	0.01	42.51					0.050000000000000044	0.050000000000000044	0.3900000000000001	0.0390625	0.039845908547199674	0.3170731707317125	0.3900000000000001	0.003249938452267	0.003194982180886541	25.921039260401912				
2023-08-03 07:00:00	500	1.22	1.22	1.22	1.22	1.22	RAD.MI	0.93	0.93	0.93	0.93	1.3	0.83	1.0	-1.0	-1.0	0	1.0	1.0	1.0	1.0	1.0	1.0		1.22							1.0			1.2										-1.0			1.71	-0.01	-0.01	-1.37	-0.01	-0.01	-0.61	1.34	-1.37	0.0	0.0	4.28					1	-0.0	-0.0	-0.86	-0.0	-0.0	-0.4	-0.86	0.0	0.0	44.0					-0.01	-0.01	0.38	-0.01	-0.01	0.2	0.38	0.01	0.01	45.82					-0.01	-0.01	0.94	-0.01	-0.01	0.72	0.94	0.01	0.01	42.62					0.010000000000000009	0.010000000000000009	0.40000000000000013	0.008130081300813052	0.008163310639160981	0.32786885245902164	0.40000000000000013	0.00324037669770347	0.0031854889085354277	25.879652719244376				
2023-08-04 07:00:00	3000	1.24	1.22	1.22	1.24	1.24	RAD.MI	0.93	0.95	0.93	0.95	1.3	0.83	1.0	-1.0	-1.0	0	1.0	1.0	1.0	1.0	1.0	1.0									1.0			1.2										-1.0			1.71	0.02	0.02	-1.35	0.02	0.02	-0.61	1.34	-1.35	0.0	0.0	7.53					1	0.0	0.0	-0.86	0.0	0.0	-0.4	-0.86	0.0	0.0	44.0					0.02	0.02	0.4	0.02	0.02	0.22	0.4	0.01	0.01	45.76					0.02	0.02	0.96	0.02	0.02	0.75	0.96	0.01	0.01	42.56					-0.020000000000000018	-0.020000000000000018	0.3800000000000001	-0.016393442622950838	-0.016260520871780326	0.3064516129032311	0.3800000000000001	0.0032492972548199958	0.003194546636354323	26.01124164803813				
2023-08-07 07:00:00	0	1.24	1.24	1.24	1.24	1.24	RAD.MI	0.95	0.95	0.95	0.95	1.3	0.83	1.0	-1.0	-1.0	0	1.0	1.0	1.0	1.0	1.0	1.0	1.24								1.0			1.2										-1.0			1.71	0.0	0.0	-1.35	0.0	0.0	-0.61	1.34	-1.35	0.0	0.0	9.72					1	0.0	0.0	-0.86	0.0	0.0	-0.4	-0.86	0.0	0.0	44.0					0.0	0.0	0.4	0.0	0.0	0.22	0.4	0.01	0.01	45.58					0.0	0.0	0.96	0.0	0.0	0.75	0.96	0.01	0.01	42.37					-0.0	-0.0	0.3800000000000001	-0.0	-0.0	0.3064516129032311	0.3800000000000001	0.0035024893172536523	0.00344911860510444	28.259429974525744				
2023-08-08 07:00:00	0	1.24	1.24	1.24	1.24	1.24	RAD.MI	0.97	0.97	0.97	0.97	1.3	0.83	1.0	-1.0	-1.0	0	1.0	1.0	1.0	1.0	1.0	1.0									1.0			1.2	0.97			0.97						-1.0			1.71	0.0	0.0	-1.35	0.0	0.0	-0.61	1.34	-1.35	0.0	0.0	8.9					1	0.0	0.0	-0.86	0.0	0.0	-0.4	-0.86	0.0	0.0	44.0					0.0	0.0	0.4	0.0	0.0	0.22	0.4	0.01	0.01	48.99					0.0	0.0	0.96	0.0	0.0	0.75	0.96	0.01	0.01	45.65					-0.0	-0.0	0.3800000000000001	-0.0	-0.0	0.3064516129032311	0.3800000000000001	0.0033722967755534117	0.003319820515850669	27.710772721424362				
2023-08-09 07:00:00	2000	1.25	1.21	1.21	1.22	1.22	RAD.MI	0.93	0.96	0.93	0.94	1.3	0.83	1.0	-1.0	-1.0	0	1.0	1.0	1.0	1.0	1.0	1.0									1.0			1.2										-1.0			1.71	-0.02	-0.02	-1.37	-0.02	-0.02	-0.61	1.34	-1.37	0.0	0.0	6.44					1	-0.0	-0.0	-0.86	-0.0	-0.0	-0.4	-0.86	0.0	0.0	44.0					-0.02	-0.02	0.38	-0.02	-0.02	0.2	0.38	0.01	0.01	45.78					-0.02	-0.02	0.94	-0.02	-0.02	0.72	0.94	0.01	0.01	42.56					0.020000000000000018	0.020000000000000018	0.40000000000000013	0.016129032258064502	0.01626052087178029	0.32786885245902164	0.40000000000000013	0.0034844943695686963	0.0034312477326219337	28.184782061159027				
2023-08-10 07:00:00	0	1.22	1.22	1.22	1.22	1.22	RAD.MI	0.93	0.93	0.93	0.93	1.3	0.83	1.0	-1.0	-1.0	0	1.0	1.0	1.0	1.0	1.0	1.0									1.0			1.2		0.93								-1.0			1.71	0.0	0.0	-1.37	0.0	0.0	-0.61	1.34	-1.37	0.0	0.0	6.44					1	0.0	0.0	-0.86	0.0	0.0	-0.4	-0.86	0.0	0.0	44.0					0.0	0.0	0.38	0.0	0.0	0.2	0.38	0.01	0.01	45.78					0.0	0.0	0.94	0.0	0.0	0.72	0.94	0.01	0.01	42.56					-0.0	-0.0	0.40000000000000013	-0.0	-0.0	0.32786885245902164	0.40000000000000013	0.0034844943695686963	0.0034312477326219337	28.184782061159027				
2023-08-11 07:00:00	0	1.22	1.22	1.22	1.22	1.22	RAD.MI	0.94	0.94	0.94	0.94	1.3	0.83	1.0	-1.0	-1.0	0	1.0	1.0	1.0	1.0	1.0	1.0									1.0			1.2										-1.0			1.71	0.0	0.0	-1.37	0.0	0.0	-0.61	1.34	-1.37	0.0	0.0	6.44					1	0.0	0.0	-0.86	0.0	0.0	-0.4	-0.86	0.0	0.0	44.0					0.0	0.0	0.38	0.0	0.0	0.2	0.38	0.01	0.01	45.78					0.0	0.0	0.94	0.0	0.0	0.72	0.94	0.01	0.01	42.56					-0.0	-0.0	0.40000000000000013	-0.0	-0.0	0.32786885245902164	0.40000000000000013	0.0034844943695686963	0.0034312477326219337	28.184782061159027				
2023-08-14 07:00:00	0	1.22	1.22	1.22	1.22	1.22	RAD.MI	0.94	0.94	0.94	0.94	1.3	0.83	1.0	-1.0	-1.0	0	1.0	1.0	1.0	-1.0	1.0	-1.0									1.0			1.2										-1.0			1.71	0.0	0.0	-1.37	0.0	0.0	-0.61	1.34	-1.37	0.0	0.0	6.44					1	0.0	0.0	-0.86	0.0	0.0	-0.4	-0.86	0.0	0.0	44.0					0.0	0.0	0.38	0.0	0.0	0.2	0.38	0.01	0.01	45.78					0.0	0.0	0.94	0.0	0.0	0.72	0.94	0.01	0.01	42.56					-0.0	-0.0	0.40000000000000013	-0.0	-0.0	0.32786885245902164	0.40000000000000013	0.0034844943695686963	0.0034312477326219337	28.184782061159027				
2023-08-16 07:00:00	0	1.22	1.22	1.22	1.22	1.22	RAD.MI	0.95	0.95	0.95	0.95	1.3	0.83	1.0	-1.0	-1.0	0	-1.0	1.0	-1.0	-1.0	1.0	-1.0									1.0			1.2	0.95									-1.0			1.71	0.0	0.0	-1.37	0.0	0.0	-0.61	1.34	-1.37	0.0	0.0	6.44					1	0.0	0.0	-0.86	0.0	0.0	-0.4	-0.86	0.0	0.0	44.0					0.0	0.0	0.38	0.0	0.0	0.2	0.38	0.01	0.01	45.78					-0.0	-0.0	0.94	-0.0	-0.0	0.72	0.94	0.01	0.01	42.56					-0.0	-0.0	0.40000000000000013	-0.0	-0.0	0.32786885245902164	0.40000000000000013	0.0034844943695686963	0.0034312477326219337	28.184782061159027				
2023-08-17 07:00:00	2000	1.21	1.2	1.21	1.2	1.2	RAD.MI	0.95	0.95	0.94	0.94	1.3	0.83	1.0	-1.0	-1.0	-1	-1.0	1.0	-1.0	-1.0	1.0	-1.0		1.2		1.2					0.0			1.2		0.94								-1.0			1.71	-0.02	-0.02	-1.39	-0.02	-0.02	-0.62	1.34	-1.39	0.0	0.0	3.55					1	-0.0	-0.0	-0.86	-0.0	-0.0	-0.4	-0.86	0.0	0.0	44.0					0.02	0.02	0.4	0.02	0.02	0.22	0.4	0.01	0.01	48.75					0.02	0.02	0.96	0.02	0.02	0.75	0.96	0.01	0.01	45.47					0.020000000000000018	0.020000000000000018	0.42000000000000015	0.016393442622950838	0.016529301951210582	0.3500000000000054	0.42000000000000015	0.003532517341020609	0.0034789392672034403	28.38316579792515				
2023-08-18 07:00:00	0	1.2	1.2	1.2	1.2	1.2	RAD.MI	0.94	0.94	0.94	0.94	1.3	0.83	1.0	-1.0	-1.0	-1	-1.0	1.0	-1.0	-1.0	1.0	-1.0									0.0			1.2										-1.0			1.71	0.0	0.0	-1.39	0.0	0.0	-0.62	1.34	-1.39	0.0	0.0	3.55					1	-0.0	-0.0	-0.86	-0.0	-0.0	-0.4	-0.86	0.0	0.0	44.0					-0.0	-0.0	0.4	-0.0	-0.0	0.22	0.4	0.01	0.01	48.75					-0.0	-0.0	0.96	-0.0	-0.0	0.75	0.96	0.01	0.01	45.47					-0.0	-0.0	0.42000000000000015	-0.0	-0.0	0.3500000000000054	0.42000000000000015	0.003532517341020609	0.0034789392672034403	28.38316579792515				
2023-08-21 07:00:00	4000	1.27	1.23	1.23	1.27	1.27	RAD.MI	0.96	0.99	0.96	0.99	1.3	0.83	1.0	-1.0	-1.0	-1	-1.0	1.0	-1.0	-1.0	1.0	-1.0									0.0			1.2										-1.0			1.71	0.07	0.07	-1.32	0.06	0.06	-0.6	1.34	-1.32	0.0	0.0	10.98					1	-0.07	-0.07	-0.93	-0.06	-0.06	-0.43	-0.93	0.0	0.0	37.84					-0.07	-0.07	0.33	-0.06	-0.06	0.16	0.33	0.0	0.0	40.81					-0.07	-0.07	0.89	-0.06	-0.06	0.66	0.89	0.0	0.0	37.75					-0.07000000000000006	-0.07000000000000006	0.3500000000000001	-0.05833333333333335	-0.056695343676545294	0.2755905511811074	0.3500000000000001	0.0036140522262933187	0.003561735110745756	29.69490929398684				
2023-08-22 07:00:00	0	1.27	1.27	1.27	1.27	1.27	RAD.MI	0.98	0.98	0.98	0.98	1.3	0.83	1.0	-1.0	-1.0	-1	-1.0	1.0	-1.0	-1.0	1.0	-1.0									0.0			1.2										-1.0			1.71	0.0	0.0	-1.32	0.0	0.0	-0.6	1.34	-1.32	0.0	0.0	9.85					1	-0.0	-0.0	-0.93	-0.0	-0.0	-0.43	-0.93	0.0	0.0	41.77					-0.0	-0.0	0.33	-0.0	-0.0	0.16	0.33	0.01	0.01	44.69					-0.0	-0.0	0.89	-0.0	-0.0	0.66	0.89	0.0	0.0	41.48					-0.0	-0.0	0.3500000000000001	-0.0	-0.0	0.2755905511811074	0.3500000000000001	0.0034283908011458414	0.0033773341964240533	28.912931251042703				
2023-08-23 07:00:00	0	1.27	1.27	1.27	1.27	1.27	RAD.MI	0.98	0.98	0.98	0.98	1.3	0.83	1.0	-1.0	-1.0	-1	-1.0	1.0	-1.0	-1.0	1.0	-1.0									0.0			1.2										-1.0			1.71	0.0	0.0	-1.32	0.0	0.0	-0.6	1.34	-1.32	0.0	0.0	9.85					1	-0.0	-0.0	-0.93	-0.0	-0.0	-0.43	-0.93	0.0	0.0	41.77					-0.0	-0.0	0.33	-0.0	-0.0	0.16	0.33	0.01	0.01	44.69					-0.0	-0.0	0.89	-0.0	-0.0	0.66	0.89	0.0	0.0	41.48					-0.0	-0.0	0.3500000000000001	-0.0	-0.0	0.2755905511811074	0.3500000000000001	0.0034283908011458414	0.0033773341964240533	28.912931251042703				
2023-08-24 07:00:00	0	1.27	1.27	1.27	1.27	1.27	RAD.MI	0.99	0.99	0.99	0.99	1.3	0.83	1.0	-1.0	-1.0	-1	-1.0	1.0	-1.0	-1.0	1.0	-1.0	1.27								0.0			1.2	0.99									-1.0			1.71	0.0	0.0	-1.32	0.0	0.0	-0.6	1.34	-1.32	0.0	0.0	12.09					1	-0.0	-0.0	-0.93	-0.0	-0.0	-0.43	-0.93	0.0	0.0	41.48					-0.0	-0.0	0.33	-0.0	-0.0	0.16	0.33	0.01	0.01	44.5					-0.0	-0.0	0.89	-0.0	-0.0	0.66	0.89	0.0	0.0	41.28					-0.0	-0.0	0.3500000000000001	-0.0	-0.0	0.2755905511811074	0.3500000000000001	0.0036737994868885795	0.0036240875507831394	31.225505361252377				
2023-08-25 07:00:00	0	1.27	1.27	1.27	1.27	1.27	RAD.MI	0.98	0.98	0.98	0.98	1.3	0.83	1.0	-1.0	-1.0	-1	-1.0	1.0	-1.0	-1.0	1.0	-1.0									0.0			1.2										-1.0			1.71	0.0	0.0	-1.32	0.0	0.0	-0.6	1.34	-1.32	0.0	0.0	12.09					1	-0.0	-0.0	-0.93	-0.0	-0.0	-0.43	-0.93	0.0	0.0	41.48					-0.0	-0.0	0.33	-0.0	-0.0	0.16	0.33	0.01	0.01	44.5					-0.0	-0.0	0.89	-0.0	-0.0	0.66	0.89	0.0	0.0	41.28					-0.0	-0.0	0.3500000000000001	-0.0	-0.0	0.2755905511811074	0.3500000000000001	0.0036737994868885795	0.0036240875507831394	31.225505361252377				
2023-08-28 07:00:00	0	1.27	1.27	1.27	1.27	1.27	RAD.MI	0.97	0.97	0.97	0.97	1.3	0.83	1.0	-1.0	-1.0	-1	-1.0	1.0	-1.0	-1.0	1.0	-1.0									0.0			1.2										-1.0			1.71	0.0	0.0	-1.32	0.0	0.0	-0.6	1.34	-1.32	0.0	0.0	11.7					1	-0.0	-0.0	-0.93	-0.0	-0.0	-0.43	-0.93	0.0	0.0	44.22					-0.0	-0.0	0.33	-0.0	-0.0	0.16	0.33	0.01	0.01	47.1					-0.0	-0.0	0.89	-0.0	-0.0	0.66	0.89	0.01	0.0	43.82					-0.0	-0.0	0.3500000000000001	-0.0	-0.0	0.2755905511811074	0.3500000000000001	0.003610450638249153	0.003561149879378167	30.961927463025216				
2023-08-29 07:00:00	1000	1.23	1.23	1.23	1.23	1.23	RAD.MI	0.93	0.93	0.93	0.93	1.3	0.83	1.0	-1.0	-1.0	-1	-1.0	1.0	-1.0	-1.0	1.0	-1.0		1.23							0.0			1.2		0.93								-1.0			1.71	-0.04	-0.04	-1.36	-0.03	-0.03	-0.61	1.28	-1.36	0.0	0.0	8.55					1	0.04	0.04	-0.89	0.03	0.03	-0.41	-0.89	0.0	0.0	45.17					0.04	0.04	0.37	0.03	0.03	0.19	0.37	0.01	0.01	47.76					0.04	0.04	0.93	0.03	0.03	0.71	0.93	0.01	0.01	44.51					0.040000000000000036	0.040000000000000036	0.3900000000000001	0.03149606299212604	0.03200273108617383	0.3170731707317127	0.3900000000000001	0.0038344697558523708	0.003783707375230927	31.873488172869894				
2023-08-30 07:00:00	2500	1.25	1.25	1.25	1.25	1.25	RAD.MI	0.94	0.94	0.94	0.94	1.3	0.83	1.0	-1.0	-1.0	-1	-1.0	1.0	-1.0	-1.0	1.0	-1.0									0.0			1.2										-1.0			1.71	0.02	0.02	-1.34	0.02	0.02	-0.6	1.27	-1.34	0.0	0.0	9.26					1	-0.02	-0.02	-0.91	-0.02	-0.02	-0.42	-0.91	0.0	0.0	41.96					-0.02	-0.02	0.35	-0.02	-0.02	0.17	0.35	0.01	0.01	44.63					-0.02	-0.02	0.91	-0.02	-0.02	0.68	0.91	0.0	0.0	41.48					-0.020000000000000018	-0.020000000000000018	0.3700000000000001	-0.016260162601626105	-0.016129381929883717	0.29600000000000515	0.3700000000000001	0.0035648191866821132	0.0035123509686723065	29.22363428535129				
2023-08-31 07:00:00	13500	1.3	1.24	1.26	1.24	1.24	RAD.MI	0.95	0.98	0.94	0.94	1.3	0.83	1.0	-1.0	-1.0	0	-1.0	1.0	-1.0	-1.0	1.0	-1.0	1.3								0.0			1.2										-1.0			1.71	-0.01	-0.01	-1.35	-0.01	-0.01	-0.61	1.3	-1.35	0.0	0.0	4.95					1	0.01	0.01	-0.9	0.01	0.01	-0.42	-0.9	0.0	0.0	47.76					0.01	0.01	0.36	0.01	0.01	0.18	0.36	0.01	0.01	50.45					0.01	0.01	0.92	0.01	0.01	0.7	0.92	0.01	0.01	47.04					0.010000000000000009	0.010000000000000009	0.3800000000000001	0.008000000000000007	0.008032171697264267	0.3064516129032311	0.3800000000000001	0.0032992530635124763	0.003248585822996475	28.083492031352208				
2023-09-01 07:00:00	0	1.24	1.24	1.24	1.24	1.24	RAD.MI	0.95	0.95	0.95	0.95	1.3	0.84	1.0	-1.0	-1.0	0	-1.0	1.0	-1.0	-1.0	1.0	-1.0		1.24							0.0			1.2										-1.0			1.71	0.0	0.0	-1.35	0.0	0.0	-0.61	1.3	-1.35	0.0	0.0	4.95					1	0.0	0.0	-0.9	0.0	0.0	-0.42	-0.9	0.0	0.0	47.76					-0.0	-0.0	0.36	-0.0	-0.0	0.18	0.36	0.01	0.01	50.45					-0.0	-0.0	0.92	-0.0	-0.0	0.7	0.92	0.01	0.01	47.04					-0.0	-0.0	0.3800000000000001	-0.0	-0.0	0.3064516129032311	0.3800000000000001	0.0032992530635124763	0.003248585822996475	28.083492031352208				
2023-09-04 07:00:00	1500	1.25	1.25	1.25	1.25	1.25	RAD.MI	0.95	0.95	0.95	0.95	1.3	0.85	1.0	-1.0	-1.0	0	-1.0	1.0	-1.0	-1.0	1.0	-1.0									0.0			1.2										-1.0			1.71	0.01	0.01	-1.34	0.01	0.01	-0.6	1.3	-1.34	0.0	0.0	7.59					1	0.0	0.0	-0.9	0.0	0.0	-0.42	-0.9	0.0	0.0	47.49					-0.01	-0.01	0.35	-0.01	-0.01	0.17	0.35	0.01	0.01	47.67					-0.01	-0.01	0.91	-0.01	-0.01	0.68	0.91	0.01	0.01	44.32					-0.010000000000000009	-0.010000000000000009	0.3700000000000001	-0.008064516129032251	-0.008032171697264253	0.29600000000000515	0.3700000000000001	0.0033037374375100436	0.003253138013190382	28.156468835291314				
2023-09-05 07:00:00	4500	1.31	1.26	1.31	1.26	1.26	RAD.MI	1.0	1.0	0.96	0.96	1.3	0.85	1.0	-1.0	1.0	0	-1.0	1.0	-1.0	-1.0	1.0	-1.0	1.31		1.31						0.0			1.2										-1.0			1.71	0.01	0.01	-1.33	0.01	0.01	-0.6	1.31	-1.33	0.0	0.0	12.86					1	0.0	0.0	-0.9	0.0	0.0	-0.42	-0.9	0.0	0.0	45.22					-0.01	-0.01	0.34	-0.01	-0.01	0.16	0.34	0.0	0.0	43.48					-0.01	-0.01	0.9	-0.01	-0.01	0.67	0.9	0.0	0.0	40.1					-0.010000000000000009	-0.010000000000000009	0.3600000000000001	-0.008000000000000007	-0.007968169649176881	0.2857142857142909	0.3600000000000001	0.003504590109873122	0.0034569810093125763	31.621170623574898				
2023-09-06 07:00:00	0	1.26	1.26	1.26	1.26	1.26	RAD.MI	0.98	0.98	0.98	0.98	1.3	0.88	1.0	-1.0	1.0	0	-1.0	1.0	-1.0	-1.0	1.0	-1.0		1.26							0.0			1.2										-1.0			1.71	0.0	0.0	-1.33	0.0	0.0	-0.6	1.31	-1.33	0.0	0.0	11.2					1	0.0	0.0	-0.9	0.0	0.0	-0.42	-0.9	0.0	0.0	50.38					-0.0	-0.0	0.34	-0.0	-0.0	0.16	0.34	0.01	0.01	48.47					-0.0	-0.0	0.9	-0.0	-0.0	0.67	0.9	0.0	0.0	44.85					-0.0	-0.0	0.3600000000000001	-0.0	-0.0	0.2857142857142909	0.3600000000000001	0.003258135339918775	0.0032121188817164636	30.481981777356857				
2023-09-07 07:00:00	500	1.29	1.29	1.29	1.29	1.29	RAD.MI	1.0	1.0	1.0	1.0	1.3	0.88	1.0	-1.0	1.0	0	-1.0	1.0	-1.0	-1.0	1.0	-1.0									0.0			1.2	1.0		1.0							-1.0			1.71	0.03	0.03	-1.3	0.02	0.02	-0.59	1.31	-1.3	0.0	0.0	15.07					1	0.0	0.0	-0.9	0.0	0.0	-0.42	-0.9	0.0	0.0	49.79					-0.03	-0.03	0.31	-0.02	-0.02	0.14	0.31	0.0	0.0	44.04					-0.03	-0.03	0.87	-0.02	-0.02	0.63	0.87	0.0	0.0	40.56					-0.030000000000000027	-0.030000000000000027	0.33000000000000007	-0.023809523809523725	-0.023530497410194036	0.2558139534883772	0.33000000000000007	0.0032410481650054766	0.003194785128048494	30.171480339611776				
2023-09-08 07:00:00	0	1.29	1.29	1.29	1.29	1.29	RAD.MI	1.0	1.0	1.0	1.0	1.3	0.92	1.0	-1.0	1.0	0	-1.0	1.0	-1.0	-1.0	1.0	-1.0	1.29								0.0			1.2										-1.0			1.71	0.0	0.0	-1.3	0.0	0.0	-0.59	1.31	-1.3	0.0	0.0	23.12					1	0.0	0.0	-0.9	0.0	0.0	-0.42	-0.9	0.0	0.0	45.19					-0.0	-0.0	0.31	-0.0	-0.0	0.14	0.31	0.0	0.0	40.82					-0.0	-0.0	0.87	-0.0	-0.0	0.63	0.87	0.0	0.0	37.15					-0.0	-0.0	0.33000000000000007	-0.0	-0.0	0.2558139534883772	0.33000000000000007	0.003802166526202962	0.003761774969937459	39.59876951581172				
2023-09-11 07:00:00	0	1.29	1.29	1.29	1.29	1.29	RAD.MI	0.99	0.99	0.99	0.99	1.3	0.92	1.0	-1.0	1.0	0	-1.0	1.0	-1.0	-1.0	1.0	-1.0									0.0			1.2										-1.0			1.71	0.0	0.0	-1.3	0.0	0.0	-0.59	1.31	-1.3	0.0	0.0	19.62					1	0.0	0.0	-0.9	0.0	0.0	-0.42	-0.9	0.0	0.0	54.75					-0.0	-0.0	0.31	-0.0	-0.0	0.14	0.31	0.0	0.0	49.69					-0.0	-0.0	0.87	-0.0	-0.0	0.63	0.87	0.0	0.0	45.5					-0.0	-0.0	0.33000000000000007	-0.0	-0.0	0.2558139534883772	0.33000000000000007	0.0032834107211269087	0.0032460040164610238	37.03045214331899				
2023-09-12 07:00:00	0	1.29	1.29	1.29	1.29	1.29	RAD.MI	0.99	0.99	0.99	0.99	1.3	0.92	1.0	-1.0	1.0	0	-1.0	1.0	-1.0	-1.0	1.0	-1.0									0.0			1.2										-1.0			1.71	0.0	0.0	-1.3	0.0	0.0	-0.59	1.31	-1.3	0.0	0.0	34.31					1	0.0	0.0	-0.9	0.0	0.0	-0.42	-0.9	0.0	0.0	44.65					-0.0	-0.0	0.31	-0.0	-0.0	0.14	0.31	0.0	0.0	43.34					-0.0	-0.0	0.87	-0.0	-0.0	0.63	0.87	0.0	0.0	38.7					-0.0	-0.0	0.33000000000000007	-0.0	-0.0	0.2558139534883772	0.33000000000000007	0.003992449489227723	0.0039624507580782176	54.975827640601324				
2023-09-13 07:00:00	2500	1.25	1.25	1.25	1.25	1.25	RAD.MI	0.96	0.96	0.96	0.96	1.3	0.92	1.0	-1.0	1.0	0	-1.0	1.0	-1.0	-1.0	1.0	-1.0									0.0			1.2										-1.0			1.71	-0.04	-0.04	-1.34	-0.03	-0.03	-0.6	1.31	-1.34	0.0	0.0	34.72					1	-0.0	-0.0	-0.9	-0.0	-0.0	-0.42	-0.9	0.0	0.0	51.58					0.04	0.04	0.35	0.03	0.03	0.17	0.35	0.0	0.0	50.82					0.04	0.04	0.91	0.03	0.03	0.68	0.91	0.0	0.0	45.97					0.040000000000000036	0.040000000000000036	0.3700000000000001	0.03100775193798455	0.03149866705937105	0.29600000000000537	0.3700000000000001	0.003957879751736048	0.0039280513555457475	54.79822352711				
2023-09-14 07:00:00	0	1.25	1.25	1.25	1.25	1.25	RAD.MI	0.95	0.95	0.95	0.95	1.3	0.92	1.0	-1.0	1.0	0	-1.0	1.0	-1.0	-1.0	1.0	-1.0									0.0			1.2										-1.0			1.71	0.0	0.0	-1.34	0.0	0.0	-0.6	1.31	-1.34	0.0	0.0	40.47					1	0.0	0.0	-0.9	0.0	0.0	-0.42	-0.9	0.0	0.0	59.19					-0.0	-0.0	0.35	-0.0	-0.0	0.17	0.35	0.0	0.0	57.68					-0.0	-0.0	0.91	-0.0	-0.0	0.68	0.91	0.0	0.0	52.44					-0.0	-0.0	0.3700000000000001	-0.0	-0.0	0.29600000000000537	0.3700000000000001	0.003689923423057833	0.0036613989932323676	53.352691911161145				
2023-09-15 07:00:00	2500	1.24	1.22	1.24	1.22	1.22	RAD.MI	0.94	0.94	0.92	0.92	1.3	0.92	1.0	-1.0	-1.0	-1	-1.0	-1.0	1.0	-1.0	1.0	-1.0									0.0			1.2										-1.0			1.71	-0.03	-0.03	-1.37	-0.02	-0.02	-0.61	1.31	-1.37	0.0	0.0	28.63					1	-0.0	-0.0	-0.9	-0.0	-0.0	-0.42	-0.9	0.0	0.0	48.73					0.03	0.03	0.38	0.02	0.02	0.2	0.38	0.0	0.0	53.56					0.03	0.03	0.94	0.02	0.02	0.72	0.94	0.0	0.0	48.0					0.030000000000000027	0.030000000000000027	0.40000000000000013	0.02400000000000002	0.024292692569044587	0.32786885245902186	0.40000000000000013	0.0043753179654165185	0.004350620348030132	72.47365543785145				
2023-09-18 07:00:00	1000	1.21	1.21	1.21	1.21	1.21	RAD.MI	0.92	0.92	0.92	0.92	1.3	0.92	1.0	-1.0	-1.0	-1	-1.0	-1.0	1.0	-1.0	1.0	-1.0									0.0			1.2										-1.0			1.71	-0.01	-0.01	-1.38	-0.01	-0.01	-0.62	1.31	-1.38	0.0	0.0	19.57					1	0.01	0.01	-0.89	0.01	0.01	-0.41	-0.89	0.0	0.0	40.8					-0.01	-0.01	0.37	-0.01	-0.01	0.19	0.37	0.0	0.0	62.32					0.01	0.01	0.95	0.01	0.01	0.74	0.95	0.0	0.0	44.48					0.010000000000000009	0.010000000000000009	0.41000000000000014	0.008196721311475419	0.00823049913651548	0.3388429752066171	0.41000000000000014	0.004786751043764628	0.004764545966404743	87.73467867243355				
2023-09-19 07:00:00	2000	1.2	1.19	1.2	1.19	1.19	RAD.MI	0.91	0.91	0.9	0.9	1.26	0.9	-1.0	-1.0	-1.0	-1	-1.0	-1.0	1.0	-1.0	1.0	-1.0		1.19							-1.0			1.2		0.9								-1.0			1.71	-0.02	-0.02	-1.4	-0.02	-0.02	-0.62	1.31	-1.4	0.0	0.0	22.68					1	0.02	0.02	-0.87	0.02	0.02	-0.4	-0.87	0.0	0.0	54.1					-0.02	-0.02	0.35	-0.02	-0.02	0.17	0.35	0.0	0.0	54.55					0.02	0.02	0.97	0.02	0.02	0.77	0.97	0.0	0.0	54.57					0.020000000000000018	0.020000000000000018	0.43000000000000016	0.016528925619834767	0.01666705248521176	0.36134453781513187	0.43000000000000016	0.004529114432712483	0.004507938009111756	86.46456419350204				
2023-09-20 07:00:00	7000	1.26	1.15	1.19	1.26	1.26	RAD.MI	0.89	0.94	0.86	0.94	1.24	0.86	-1.0	-1.0	-1.0	-1	-1.0	-1.0	1.0	-1.0	1.0	-1.0									-1.0			1.2										-1.0			1.71	-0.07	-0.07	-1.47	-0.06	-0.06	-0.64	1.31	-1.47	0.0	0.0	23.78					1	-0.07	-0.07	-0.94	-0.06	-0.06	-0.44	-0.94	0.0	0.0	55.93					0.07	0.07	0.42	0.06	0.06	0.24	0.42	0.0	0.0	53.89					-0.07	-0.07	0.9	-0.06	-0.06	0.67	0.9	0.0	0.0	56.17					-0.07000000000000006	-0.07000000000000006	0.3600000000000001	-0.05882352941176472	-0.05715841383994862	0.28571428571429114	0.3600000000000001	0.003725732832828973	0.003704409028023825	70.85879161401172				
2023-09-21 07:00:00	0	1.26	1.26	1.26	1.26	1.26	RAD.MI	0.96	0.96	0.96	0.96	1.24	0.86	-1.0	-1.0	-1.0	-1	-1.0	-1.0	1.0	-1.0	1.0	-1.0	1.26								-1.0			1.2	0.96									-1.0			1.71	-0.0	-0.0	-1.47	-0.0	-0.0	-0.64	1.31	-1.47	0.0	0.0	23.13					1	-0.0	-0.0	-0.94	-0.0	-0.0	-0.44	-0.94	0.0	0.0	55.01					0.0	0.0	0.42	0.0	0.0	0.24	0.42	0.0	0.0	57.68					-0.0	-0.0	0.9	-0.0	-0.0	0.67	0.9	0.0	0.0	59.94					-0.0	-0.0	0.3600000000000001	-0.0	-0.0	0.28571428571429114	0.3600000000000001	0.0038903559164658076	0.0038697115355936784	74.7789773359332				
2023-09-22 07:00:00	10000	1.21	1.17	1.17	1.21	1.21	RAD.MI	0.89	0.92	0.89	0.92	1.24	0.86	-1.0	-1.0	-1.0	-1	-1.0	-1.0	1.0	-1.0	1.0	-1.0		1.17							-1.0			1.2		0.89		0.89						-1.0			1.71	0.05	0.05	-1.42	0.04	0.04	-0.63	1.31	-1.42	0.0	0.0	32.95					1	0.05	0.05	-0.89	0.04	0.04	-0.41	-0.89	0.0	0.0	69.52					-0.05	-0.05	0.37	-0.04	-0.04	0.19	0.37	0.0	0.0	47.27					0.05	0.05	0.95	0.04	0.04	0.74	0.95	0.0	0.0	60.17					0.050000000000000044	0.050000000000000044	0.41000000000000014	0.039682539682539764	0.04049136135473699	0.3388429752066173	0.41000000000000014	0.00392237632046794	0.0039016069686168553	74.97269326121261				
2023-09-25 07:00:00	0	1.21	1.21	1.21	1.21	1.21	RAD.MI	0.93	0.93	0.93	0.93	1.24	0.86	-1.0	-1.0	-1.0	-1	-1.0	-1.0	1.0	-1.0	1.0	-1.0									-1.0			1.2										-1.0			1.71	-0.0	-0.0	-1.42	-0.0	-0.0	-0.63	1.31	-1.42	0.0	0.0	40.8					1	-0.0	-0.0	-0.89	-0.0	-0.0	-0.41	-0.89	0.0	0.0	81.87					0.0	0.0	0.37	0.0	0.0	0.19	0.37	0.0	0.0	44.27					-0.0	-0.0	0.95	-0.0	-0.0	0.74	0.95	0.0	0.0	57.62					-0.0	-0.0	0.41000000000000014	-0.0	-0.0	0.3388429752066173	0.41000000000000014	0.0035929971429205128	0.0035734954046335865	72.87018611919764				
2023-09-26 07:00:00	2000	1.24	1.22	1.22	1.24	1.24	RAD.MI	0.95	0.96	0.95	0.96	1.24	0.86	-1.0	-1.0	-1.0	-1	-1.0	-1.0	1.0	-1.0	1.0	-1.0									-1.0			1.2										-1.0			1.71	-0.03	-0.03	-1.45	-0.02	-0.02	-0.64	1.31	-1.45	0.0	0.0	35.16					1	-0.03	-0.03	-0.92	-0.02	-0.02	-0.43	-0.92	0.0	0.0	73.28					0.03	0.03	0.4	0.02	0.02	0.22	0.4	0.0	0.0	45.95					-0.03	-0.03	0.92	-0.02	-0.02	0.7	0.92	0.0	0.0	51.44					-0.030000000000000027	-0.030000000000000027	0.3800000000000001	-0.024793388429751984	-0.024491020008295696	0.30645161290323153	0.3800000000000001	0.003383801520870054	0.0033631517368353236	66.19764248498936				
2023-09-27 07:00:00	0	1.24	1.24	1.24	1.24	1.24	RAD.MI	0.97	0.97	0.97	0.97	1.24	0.86	-1.0	-1.0	-1.0	-1	-1.0	-1.0	1.0	-1.0	1.0	-1.0	1.24								-1.0			1.2	0.97		0.97							-1.0			1.71	-0.0	-0.0	-1.45	-0.0	-0.0	-0.64	1.31	-1.45	0.0	0.0	43.6					1	-0.0	-0.0	-0.92	-0.0	-0.0	-0.43	-0.92	0.0	0.0	86.74					0.0	0.0	0.4	0.0	0.0	0.22	0.4	0.0	0.0	42.61					-0.0	-0.0	0.92	-0.0	-0.0	0.7	0.92	0.0	0.0	48.3					-0.0	-0.0	0.3800000000000001	-0.0	-0.0	0.30645161290323153	0.3800000000000001	0.003043580749946125	0.003024268594682633	63.609286529830904				
2023-09-28 07:00:00	5000	1.22	1.16	1.19	1.22	1.22	RAD.MI	0.92	0.95	0.9	0.95	1.24	0.86	-1.0	-1.0	-1.0	-1	-1.0	-1.0	1.0	-1.0	1.0	-1.0									-1.0			1.2										-1.0			1.71	0.02	0.02	-1.43	0.02	0.02	-0.63	1.31	-1.43	0.0	0.0	43.62					1	0.02	0.02	-0.9	0.02	0.02	-0.42	-0.9	0.0	0.0	86.76					-0.02	-0.02	0.38	-0.02	-0.02	0.2	0.38	0.0	0.0	42.57					0.02	0.02	0.94	0.02	0.02	0.72	0.94	0.0	0.0	54.48					0.020000000000000018	0.020000000000000018	0.40000000000000013	0.016129032258064502	0.01626052087178029	0.3278688524590223	0.40000000000000013	0.0033438280534885184	0.0033249420449976697	69.89601795506803				
2023-09-29 07:00:00	4000	1.18	1.18	1.18	1.18	1.18	RAD.MI	0.91	0.91	0.91	0.91	1.24	0.86	-1.0	-1.0	-1.0	-1	-1.0	-1.0	1.0	-1.0	1.0	-1.0		1.18							-1.0			1.2		0.91								-1.0			1.71	0.04	0.04	-1.39	0.03	0.03	-0.62	1.31	-1.39	0.0	0.0	40.77					1	0.04	0.04	-0.86	0.03	0.03	-0.4	-0.86	0.0	0.0	82.92					-0.04	-0.04	0.34	-0.03	-0.03	0.16	0.34	0.0	0.0	47.37					0.04	0.04	0.98	0.03	0.03	0.78	0.98	0.0	0.0	70.21					0.040000000000000036	0.040000000000000036	0.44000000000000017	0.032786885245901676	0.033336420267591836	0.3728813559322095	0.44000000000000017	0.003908269626830311	0.0038907805167984755	86.89277181159602				
2023-10-02 07:00:00	5500	1.2	1.18	1.2	1.18	1.18	RAD.MI	0.94	0.94	0.93	0.93	1.24	0.86	-1.0	-1.0	-1.0	-1	-1.0	-1.0	1.0	-1.0	1.0	-1.0	1.2								-1.0			1.2										-1.0			1.71	-0.0	-0.0	-1.39	-0.0	-0.0	-0.62	1.31	-1.39	0.0	0.0	53.54					1	-0.0	-0.0	-0.86	-0.0	-0.0	-0.4	-0.86	0.0	0.0	104.51					0.0	0.0	0.34	0.0	0.0	0.16	0.34	0.0	0.0	41.53					-0.0	-0.0	0.98	-0.0	-0.0	0.78	0.98	0.0	0.0	65.8					-0.0	-0.0	0.44000000000000017	-0.0	-0.0	0.3728813559322095	0.44000000000000017	0.0033977223778268693	0.003381973086549639	83.29369252094949				
2023-10-03 07:00:00	2000	1.18	1.17	1.18	1.17	1.17	RAD.MI	0.94	0.94	0.93	0.93	1.24	0.86	-1.0	-1.0	-1.0	-1	-1.0	-1.0	1.0	-1.0	1.0	-1.0									-1.0			1.2	0.94									-1.0			1.71	0.01	0.01	-1.38	0.01	0.01	-0.62	1.29	-1.38	0.0	0.0	50.92					1	0.01	0.01	-0.85	0.01	0.01	-0.39	-0.85	0.0	0.0	100.86					-0.01	-0.01	0.33	-0.01	-0.01	0.15	0.33	0.0	0.0	46.04					0.01	0.01	0.99	0.01	0.01	0.8	0.99	0.0	0.0	63.55					0.010000000000000009	0.010000000000000009	0.4500000000000002	0.008474576271186418	0.00851068966790862	0.3846153846153908	0.4500000000000002	0.003686746756185276	0.0036721228060316857	95.36597133273777				
2023-10-04 07:00:00	0	1.17	1.17	1.17	1.17	1.17	RAD.MI	0.93	0.93	0.93	0.93	1.24	0.86	-1.0	-1.0	-1.0	-1	-1.0	-1.0	1.0	-1.0	1.0	-1.0									-1.0			1.2										-1.0			1.71	-0.0	-0.0	-1.38	-0.0	-0.0	-0.62	1.29	-1.38	0.0	0.0	56.64					1	-0.0	-0.0	-0.85	-0.0	-0.0	-0.39	-0.85	0.0	0.0	109.91					0.0	0.0	0.33	0.0	0.0	0.15	0.33	0.0	0.0	44.54					-0.0	-0.0	0.99	-0.0	-0.0	0.8	0.99	0.0	0.0	69.53					-0.0	-0.0	0.4500000000000002	-0.0	-0.0	0.3846153846153908	0.4500000000000002	0.00357135986488918	0.0035570931528452476	94.51703634411882				
2023-10-05 07:00:00	0	1.17	1.17	1.17	1.17	1.17	RAD.MI	0.93	0.93	0.93	0.93	1.24	0.86	-1.0	-1.0	-1.0	-1	-1.0	-1.0	1.0	-1.0	1.0	-1.0									-1.0			1.2										-1.0			1.71	-0.0	-0.0	-1.38	-0.0	-0.0	-0.62	1.29	-1.38	0.0	0.0	56.64					1	-0.0	-0.0	-0.85	-0.0	-0.0	-0.39	-0.85	0.0	0.0	109.91					0.0	0.0	0.33	0.0	0.0	0.15	0.33	0.0	0.0	44.54					-0.0	-0.0	0.99	-0.0	-0.0	0.8	0.99	0.0	0.0	69.53					-0.0	-0.0	0.4500000000000002	-0.0	-0.0	0.3846153846153908	0.4500000000000002	0.00357135986488918	0.0035570931528452476	94.51703634411882				
2023-10-06 07:00:00	0	1.17	1.17	1.17	1.17	1.17	RAD.MI	0.92	0.92	0.92	0.92	1.24	0.86	-1.0	-1.0	-1.0	-1	-1.0	-1.0	1.0	-1.0	1.0	-1.0									-1.0			1.2										-1.0			1.71	-0.0	-0.0	-1.38	-0.0	-0.0	-0.62	1.29	-1.38	0.0	0.0	56.64					1	-0.0	-0.0	-0.85	-0.0	-0.0	-0.39	-0.85	0.0	0.0	109.91					0.0	0.0	0.33	0.0	0.0	0.15	0.33	0.0	0.0	44.54					-0.0	-0.0	0.99	-0.0	-0.0	0.8	0.99	0.0	0.0	69.53					-0.0	-0.0	0.4500000000000002	-0.0	-0.0	0.3846153846153908	0.4500000000000002	0.00357135986488918	0.0035570931528452476	94.51703634411882				
2023-10-09 07:00:00	500	1.15	1.15	1.15	1.15	1.15	RAD.MI	0.91	0.91	0.91	0.91	1.24	0.86	-1.0	-1.0	-1.0	-1	-1.0	-1.0	1.0	-1.0	1.0	-1.0									-1.0			1.2										-1.0			1.71	0.02	0.02	-1.36	0.02	0.02	-0.61	1.29	-1.36	0.0	0.0	56.13					1	0.02	0.02	-0.83	0.02	0.02	-0.38	-0.83	0.0	0.0	109.2					-0.02	-0.02	0.31	-0.02	-0.02	0.13	0.31	0.0	0.0	45.44					0.02	0.02	1.01	0.02	0.02	0.83	1.01	0.0	0.0	69.09					0.020000000000000018	0.020000000000000018	0.4700000000000002	0.017094017094017144	0.017241806434506103	0.40869565217391934	0.4700000000000002	0.0038808991382134877	0.0038671518152972872	104.33958255952118				
2023-10-10 07:00:00	0	1.15	1.15	1.15	1.15	1.15	RAD.MI	0.89	0.89	0.89	0.89	1.24	0.86	-1.0	-1.0	-1.0	-1	-1.0	-1.0	1.0	-1.0	1.0	-1.0		1.15							-1.0			1.2										-1.0			1.71	-0.0	-0.0	-1.36	-0.0	-0.0	-0.61	1.26	-1.36	0.0	0.0	67.86					1	-0.0	-0.0	-0.83	-0.0	-0.0	-0.38	-0.83	0.0	0.0	129.74					0.0	0.0	0.31	0.0	0.0	0.13	0.31	0.0	0.0	40.4					-0.0	-0.0	1.01	-0.0	-0.0	0.83	1.01	0.0	0.0	81.79					-0.0	-0.0	0.4700000000000002	-0.0	-0.0	0.40869565217391934	0.4700000000000002	0.003527347019388301	0.0035146194932458297	101.76890039539643				
2023-10-11 07:00:00	0	1.15	1.15	1.15	1.15	1.15	RAD.MI	0.88	0.88	0.88	0.88	1.24	0.86	-1.0	-1.0	-1.0	-1	-1.0	-1.0	1.0	-1.0	1.0	-1.0									-1.0			1.2		0.88								-1.0			1.71	-0.0	-0.0	-1.36	-0.0	-0.0	-0.61	1.26	-1.36	0.0	0.0	66.46					1	-0.0	-0.0	-0.83	-0.0	-0.0	-0.38	-0.83	0.0	0.0	127.77					0.0	0.0	0.31	0.0	0.0	0.13	0.31	0.0	0.0	46.41					-0.0	-0.0	1.01	-0.0	-0.0	0.83	1.01	0.0	0.0	80.59					-0.0	-0.0	0.4700000000000002	-0.0	-0.0	0.40869565217391934	0.4700000000000002	0.003681668168355297	0.0036696384905514634	109.38303799534296				
2023-10-12 07:00:00	500	1.17	1.17	1.17	1.17	1.17	RAD.MI	0.9	0.9	0.9	0.9	1.24	0.86	-1.0	-1.0	-1.0	-1	-1.0	-1.0	1.0	-1.0	1.0	-1.0	1.17								-1.0			1.2	0.9									-1.0			1.71	-0.02	-0.02	-1.38	-0.02	-0.02	-0.62	1.26	-1.38	0.0	0.0	57.5					1	-0.02	-0.02	-0.85	-0.02	-0.02	-0.39	-0.85	0.0	0.0	113.32					0.02	0.02	0.33	0.02	0.02	0.15	0.33	0.0	0.0	45.72					-0.02	-0.02	0.99	-0.02	-0.02	0.8	0.99	0.0	0.0	71.59					-0.020000000000000018	-0.020000000000000018	0.4500000000000002	-0.01739130434782621	-0.017241806434506173	0.3846153846153906	0.4500000000000002	0.0036952962499034615	0.003683389019357719	111.0313979372931				
2023-10-13 07:00:00	0	1.17	1.17	1.17	1.17	1.17	RAD.MI	0.9	0.9	0.9	0.9	1.24	0.86	-1.0	-1.0	-1.0	-1	-1.0	-1.0	1.0	-1.0	-1.0	1.0									-1.0			1.2										-1.0			1.71	-0.0	-0.0	-1.38	-0.0	-0.0	-0.62	1.26	-1.38	0.0	0.0	65.42					1	-0.0	-0.0	-0.85	-0.0	-0.0	-0.39	-0.85	0.0	0.0	126.83					0.0	0.0	0.33	0.0	0.0	0.15	0.33	0.0	0.0	53.3					-0.0	-0.0	0.99	-0.0	-0.0	0.8	0.99	0.0	0.0	80.02					-0.0	-0.0	0.4500000000000002	-0.0	-0.0	0.3846153846153906	0.4500000000000002	0.003516909893435646	0.0035054727143692954	109.66506448167254				
2023-10-16 07:00:00	2000	1.13	1.12	1.12	1.12	1.12	RAD.MI	0.86	0.87	0.86	0.86	1.24	0.86	-1.0	-1.0	-1.0	-1	-1.0	-1.0	1.0	-1.0	-1.0	1.0									-1.0			1.2		0.86		0.86						-1.0			1.71	0.05	0.05	-1.33	0.04	0.04	-0.6	1.26	-1.33	0.0	0.0	69.44					1	0.05	0.05	-0.8	0.04	0.04	-0.36	-0.8	0.0	0.0	132.57					-0.05	-0.05	0.28	-0.04	-0.04	0.1	0.28	0.0	0.0	42.38					-0.05	-0.05	0.94	-0.04	-0.04	0.72	0.94	0.0	0.0	67.55					0.04999999999999982	0.04999999999999982	0.5	0.04273504273504258	0.04367506350266142	0.4464285714285776	0.5	0.0038532078824061395	0.003840876691379558	112.16046436069732				
2023-10-17 07:00:00	0	1.12	1.12	1.12	1.12	1.12	RAD.MI	0.86	0.86	0.86	0.86	1.24	0.86	-1.0	-1.0	-1.0	-1	-1.0	-1.0	1.0	-1.0	-1.0	1.0		1.12		1.12					-1.0			1.2										-1.0			1.71	-0.0	-0.0	-1.33	-0.0	-0.0	-0.6	1.26	-1.33	0.0	0.0	69.44					1	-0.0	-0.0	-0.8	-0.0	-0.0	-0.36	-0.8	0.0	0.0	132.57					0.0	0.0	0.28	0.0	0.0	0.1	0.28	0.0	0.0	42.38					0.0	0.0	0.94	0.0	0.0	0.72	0.94	0.0	0.0	67.55					-0.0	-0.0	0.5	-0.0	-0.0	0.4464285714285776	0.5	0.0038532078824061395	0.003840876691379558	112.16046436069732				
2023-10-18 07:00:00	0	1.12	1.12	1.12	1.12	1.12	RAD.MI	0.87	0.87	0.87	0.87	1.24	0.86	-1.0	-1.0	-1.0	-1	-1.0	-1.0	1.0	-1.0	-1.0	1.0									-1.0			1.2										-1.0			1.71	-0.0	-0.0	-1.33	-0.0	-0.0	-0.6	1.26	-1.33	0.0	0.0	79.63					1	-0.0	-0.0	-0.8	-0.0	-0.0	-0.36	-0.8	0.0	0.0	150.7					0.0	0.0	0.28	0.0	0.0	0.1	0.28	0.0	0.0	51.16					0.0	0.0	0.94	0.0	0.0	0.72	0.94	0.0	0.0	77.41					-0.0	-0.0	0.5	-0.0	-0.0	0.4464285714285776	0.5	0.003608742905383871	0.0035970649211931605	110.38110258605406				
2023-10-19 07:00:00	5000	1.14	1.11	1.13	1.13	1.13	RAD.MI	0.89	0.9	0.87	0.89	1.24	0.86	-1.0	-1.0	-1.0	-1	-1.0	-1.0	1.0	-1.0	-1.0	1.0									-1.0			1.2										-1.0			1.71	-0.01	-0.01	-1.34	-0.01	-0.01	-0.6	1.24	-1.34	0.0	0.0	85.27					1	-0.01	-0.01	-0.81	-0.01	-0.01	-0.37	-0.81	0.0	0.0	162.19					0.01	0.01	0.29	0.01	0.01	0.11	0.29	0.0	0.0	61.83					0.01	0.01	0.95	0.01	0.01	0.74	0.95	0.0	0.0	89.17					-0.009999999999999787	-0.009999999999999787	0.4900000000000002	-0.008928571428571175	-0.008888947417245774	0.43362831858407724	0.4900000000000002	0.0032233982805783363	0.003211864657371777	102.31569799738219				
2023-10-20 07:00:00	0	1.13	1.13	1.13	1.13	1.13	RAD.MI	0.9	0.9	0.9	0.9	1.24	0.86	-1.0	-1.0	-1.0	-1	-1.0	-1.0	1.0	-1.0	-1.0	1.0									-1.0			1.2										-1.0			1.71	-0.0	-0.0	-1.34	-0.0	-0.0	-0.6	1.24	-1.34	0.0	0.0	85.27					1	-0.0	-0.0	-0.81	-0.0	-0.0	-0.37	-0.81	0.0	0.0	162.19					0.0	0.0	0.29	0.0	0.0	0.11	0.29	0.0	0.0	61.83					0.0	0.0	0.95	0.0	0.0	0.74	0.95	0.0	0.0	89.17					-0.0	-0.0	0.4900000000000002	-0.0	-0.0	0.43362831858407724	0.4900000000000002	0.0032233982805783363	0.003211864657371777	102.31569799738219				
2023-10-23 07:00:00	14000	1.25	1.14	1.14	1.25	1.25	RAD.MI	0.9	0.99	0.9	0.99	1.24	0.86	-1.0	-1.0	1.0	0	-1.0	-1.0	1.0	-1.0	-1.0	1.0									-1.0			1.2										-1.0			1.71	-0.12	-0.12	-1.46	-0.11	-0.1	-0.64	1.25	-1.46	0.0	0.0	59.58					1	-0.12	-0.12	-0.93	-0.11	-0.1	-0.43	-0.93	0.0	0.0	116.57					0.12	0.12	0.41	0.11	0.1	0.23	0.41	0.0	0.0	69.55					0.12	0.12	1.07	0.11	0.1	0.92	1.07	0.0	0.0	94.98					-0.1200000000000001	-0.1200000000000001	0.3700000000000001	-0.10619469026548689	-0.10092591858996071	0.2960000000000056	0.3700000000000001	0.003020846400645336	0.003007509406672826	82.75853829700668				
2023-10-24 07:00:00	17000	1.29	1.18	1.26	1.2	1.2	RAD.MI	1.0	1.02	0.93	0.95	1.24	0.86	-1.0	1.0	1.0	0	-1.0	-1.0	1.0	-1.0	-1.0	1.0	1.29		1.29						-1.0			1.2	1.02		1.02		1.02					-1.0			1.71	0.05	0.05	-1.41	0.04	0.04	-0.63	1.29	-1.41	0.0	0.0	62.37					1	-0.0	-0.0	-0.93	-0.0	-0.0	-0.43	-0.93	0.0	0.0	116.57					-0.05	-0.05	0.36	-0.04	-0.04	0.18	0.36	0.0	0.0	58.05					-0.05	-0.05	1.02	-0.04	-0.04	0.84	1.02	0.0	0.0	81.96					0.050000000000000044	0.050000000000000044	0.42000000000000015	0.040000000000000036	0.040821994520255166	0.35000000000000586	0.42000000000000015	0.003474809444594084	0.0034611530683141822	90.2509507368984				
2023-10-25 07:00:00	15000	1.17	1.11	1.17	1.14	1.14	RAD.MI	0.93	0.93	0.88	0.91	1.24	0.86	-1.0	1.0	1.0	-1	-1.0	-1.0	1.0	-1.0	-1.0	1.0									-1.0			1.2										-1.0			1.71	0.06	0.06	-1.35	0.05	0.05	-0.61	1.29	-1.35	0.0	0.0	66.17					1	-0.0	-0.0	-0.93	-0.0	-0.0	-0.43	-0.93	0.0	0.0	116.57					-0.06	-0.06	0.3	-0.05	-0.05	0.12	0.3	0.0	0.0	46.77					-0.06	-0.06	0.96	-0.05	-0.05	0.75	0.96	0.0	0.0	69.01					0.06000000000000005	0.06000000000000005	0.4800000000000002	0.050000000000000044	0.05129329438755058	0.42105263157895356	0.4800000000000002	0.0038697678113782242	0.0038549625401131937	92.97482673540239				
2023-10-26 07:00:00	0	1.14	1.14	1.14	1.14	1.14	RAD.MI	0.91	0.91	0.91	0.91	1.24	0.86	-1.0	1.0	1.0	-1	-1.0	-1.0	1.0	-1.0	-1.0	1.0		1.14							-1.0			1.2										-1.0			1.71	-0.0	-0.0	-1.35	-0.0	-0.0	-0.61	1.29	-1.35	0.0	0.0	70.72					1	-0.0	-0.0	-0.93	-0.0	-0.0	-0.43	-0.93	0.0	0.0	116.57					0.0	0.0	0.3	0.0	0.0	0.12	0.3	0.0	0.0	51.09					0.0	0.0	0.96	0.0	0.0	0.75	0.96	0.0	0.0	73.57					-0.0	-0.0	0.4800000000000002	-0.0	-0.0	0.42105263157895356	0.4800000000000002	0.003806910319456684	0.0037922909825143236	92.56897716614976				
2023-10-27 07:00:00	0	1.14	1.14	1.14	1.14	1.14	RAD.MI	0.91	0.91	0.91	0.91	1.24	0.86	-1.0	1.0	1.0	-1	-1.0	-1.0	1.0	-1.0	-1.0	1.0									-1.0			1.2										-1.0			1.71	-0.0	-0.0	-1.35	-0.0	-0.0	-0.61	1.29	-1.35	0.0	0.0	70.72					1	-0.0	-0.0	-0.93	-0.0	-0.0	-0.43	-0.93	0.0	0.0	116.57					0.0	0.0	0.3	0.0	0.0	0.12	0.3	0.0	0.0	51.09					0.0	0.0	0.96	0.0	0.0	0.75	0.96	0.0	0.0	73.57					-0.0	-0.0	0.4800000000000002	-0.0	-0.0	0.42105263157895356	0.4800000000000002	0.003806910319456684	0.0037922909825143236	92.56897716614976				
2023-10-30 08:00:00	0	1.14	1.14	1.14	1.14	1.14	RAD.MI	0.91	0.91	0.91	0.91	1.24	0.86	-1.0	1.0	1.0	-1	-1.0	-1.0	1.0	-1.0	-1.0	1.0									-1.0			1.2										-1.0			1.71	-0.0	-0.0	-1.35	-0.0	-0.0	-0.61	1.29	-1.35	0.0	0.0	70.72					1	-0.0	-0.0	-0.93	-0.0	-0.0	-0.43	-0.93	0.0	0.0	116.57					0.0	0.0	0.3	0.0	0.0	0.12	0.3	0.0	0.0	51.09					0.0	0.0	0.96	0.0	0.0	0.75	0.96	0.0	0.0	73.57					-0.0	-0.0	0.4800000000000002	-0.0	-0.0	0.42105263157895356	0.4800000000000002	0.003806910319456684	0.0037922909825143236	92.56897716614976				
2023-10-31 08:00:00	3500	1.16	1.15	1.15	1.16	1.16	RAD.MI	0.91	0.91	0.91	0.91	1.24	0.86	-1.0	1.0	1.0	-1	-1.0	-1.0	1.0	-1.0	-1.0	1.0									-1.0			1.2										-1.0			1.71	-0.02	-0.02	-1.37	-0.02	-0.02	-0.61	1.29	-1.37	0.0	0.0	64.6					1	-0.02	-0.02	-0.95	-0.02	-0.02	-0.44	-0.95	0.0	0.0	106.69					0.02	0.02	0.32	0.02	0.02	0.14	0.32	0.0	0.0	52.51					0.02	0.02	0.98	0.02	0.02	0.78	0.98	0.0	0.0	74.65					-0.020000000000000018	-0.020000000000000018	0.4600000000000002	-0.01754385964912286	-0.01739174271186924	0.39655172413793705	0.4600000000000002	0.003636733198512536	0.0036212649006512887	85.97281061038203				
2023-11-01 08:00:00	0	1.16	1.16	1.16	1.16	1.16	RAD.MI	0.91	0.91	0.91	0.91	1.24	0.86	-1.0	1.0	1.0	-1	-1.0	-1.0	1.0	-1.0	-1.0	1.0									-1.0			1.2										-1.0			1.71	-0.0	-0.0	-1.37	-0.0	-0.0	-0.61	1.29	-1.37	0.0	0.0	63.46					1	-0.0	-0.0	-0.95	-0.0	-0.0	-0.44	-0.95	0.0	0.0	106.69					0.0	0.0	0.32	0.0	0.0	0.14	0.32	0.0	0.0	51.19					0.0	0.0	0.98	0.0	0.0	0.78	0.98	0.0	0.0	73.64					-0.0	-0.0	0.4600000000000002	-0.0	-0.0	0.39655172413793705	0.4600000000000002	0.0038043085092244796	0.0037896633105871658	92.33399551761238				
2023-11-02 08:00:00	500	1.17	1.17	1.17	1.17	1.17	RAD.MI	0.9	0.9	0.9	0.9	1.24	0.86	-1.0	1.0	1.0	-1	-1.0	-1.0	1.0	-1.0	-1.0	1.0									-1.0			1.2										-1.0			1.71	-0.01	-0.01	-1.38	-0.01	-0.01	-0.62	1.29	-1.38	0.0	0.0	58.34					1	-0.01	-0.01	-0.96	-0.01	-0.01	-0.45	-0.96	0.0	0.0	99.75					0.01	0.01	0.33	0.01	0.01	0.15	0.33	0.0	0.0	51.23					0.01	0.01	0.99	0.01	0.01	0.8	0.99	0.0	0.0	73.67					-0.010000000000000009	-0.010000000000000009	0.4500000000000002	-0.008620689655172376	-0.008583743691391435	0.3846153846153908	0.4500000000000002	0.003803039893637987	0.003788382076755914	92.21973700894902				
2023-11-03 08:00:00	0	1.17	1.17	1.17	1.17	1.17	RAD.MI	0.89	0.89	0.89	0.89	1.24	0.86	-1.0	1.0	1.0	-1	-1.0	-1.0	1.0	-1.0	-1.0	1.0									-1.0			1.2		0.89								-1.0			1.71	-0.0	-0.0	-1.38	-0.0	-0.0	-0.62	1.29	-1.38	0.0	0.0	62.78					1	-0.0	-0.0	-0.96	-0.0	-0.0	-0.45	-0.96	0.0	0.0	99.75					0.0	0.0	0.33	0.0	0.0	0.15	0.33	0.0	0.0	55.6					0.0	0.0	0.99	0.0	0.0	0.8	0.99	0.0	0.0	78.28					-0.0	-0.0	0.4500000000000002	-0.0	-0.0	0.3846153846153908	0.4500000000000002	0.0037411921715690528	0.0037267164014245235	91.81072646159065				
2023-11-06 08:00:00	0	1.17	1.17	1.17	1.17	1.17	RAD.MI	0.89	0.89	0.89	0.89	1.24	0.86	-1.0	1.0	1.0	-1	-1.0	-1.0	1.0	-1.0	-1.0	1.0									-1.0			1.2										-1.0			1.71	-0.0	-0.0	-1.38	-0.0	-0.0	-0.62	1.29	-1.38	0.0	0.0	59.67					1	-0.0	-0.0	-0.96	-0.0	-0.0	-0.45	-0.96	0.0	0.0	99.75					0.0	0.0	0.33	0.0	0.0	0.15	0.33	0.0	0.0	52.19					0.0	0.0	0.99	0.0	0.0	0.8	0.99	0.0	0.0	75.71					-0.0	-0.0	0.4500000000000002	-0.0	-0.0	0.3846153846153908	0.4500000000000002	0.003955962017483008	0.003942792622559477	103.80908059439125				
2023-11-07 08:00:00	0	1.17	1.17	1.17	1.17	1.17	RAD.MI	0.9	0.9	0.9	0.9	1.24	0.86	-1.0	1.0	1.0	-1	-1.0	-1.0	1.0	-1.0	-1.0	1.0	1.17								-1.0			1.2	0.9									-1.0			1.71	-0.0	-0.0	-1.38	-0.0	-0.0	-0.62	1.29	-1.38	0.0	0.0	64.25					1	-0.0	-0.0	-0.96	-0.0	-0.0	-0.45	-0.96	0.0	0.0	99.75					0.0	0.0	0.33	0.0	0.0	0.15	0.33	0.0	0.0	56.69					0.0	0.0	0.99	0.0	0.0	0.8	0.99	0.0	0.0	80.44					-0.0	-0.0	0.4500000000000002	-0.0	-0.0	0.3846153846153908	0.4500000000000002	0.003895261322034979	0.0038822564985763197	103.42095297645596				
2023-11-08 08:00:00	0	1.17	1.17	1.17	1.17	1.17	RAD.MI	0.9	0.9	0.9	0.9	1.24	0.86	-1.0	1.0	1.0	-1	-1.0	-1.0	1.0	-1.0	-1.0	1.0									-1.0			1.2										-1.0			1.71	-0.0	-0.0	-1.38	-0.0	-0.0	-0.62	1.29	-1.38	0.0	0.0	71.85					1	-0.0	-0.0	-0.96	-0.0	-0.0	-0.45	-0.96	0.0	0.0	99.75					0.0	0.0	0.33	0.0	0.0	0.15	0.33	0.0	0.0	64.02					0.0	0.0	0.99	0.0	0.0	0.8	0.99	0.0	0.0	88.59					-0.0	-0.0	0.4500000000000002	-0.0	-0.0	0.3846153846153908	0.4500000000000002	0.003710272414419914	0.003697762781343039	102.17958179266986				
2023-11-09 08:00:00	0	1.17	1.17	1.17	1.17	1.17	RAD.MI	0.89	0.89	0.89	0.89	1.24	0.86	-1.0	1.0	1.0	-1	-1.0	-1.0	1.0	-1.0	-1.0	1.0									-1.0			1.2		0.89								-1.0			1.71	-0.0	-0.0	-1.38	-0.0	-0.0	-0.62	1.29	-1.38	0.0	0.0	69.91					1	-0.0	-0.0	-0.96	-0.0	-0.0	-0.45	-0.96	0.0	0.0	99.75					0.0	0.0	0.33	0.0	0.0	0.15	0.33	0.0	0.0	61.89					0.0	0.0	0.99	0.0	0.0	0.8	0.99	0.0	0.0	87.01					-0.0	-0.0	0.4500000000000002	-0.0	-0.0	0.3846153846153908	0.4500000000000002	0.003880776170384035	0.003869153861343566	111.511498724203				
2023-11-10 08:00:00	3500	1.17	1.17	1.17	1.17	1.17	RAD.MI	0.9	0.9	0.9	0.9	1.24	0.86	-1.0	1.0	1.0	-1	-1.0	-1.0	1.0	-1.0	-1.0	1.0									-1.0			1.2	0.9									-1.0			1.71	-0.0	-0.0	-1.38	-0.0	-0.0	-0.62	1.29	-1.38	0.0	0.0	68.56					1	-0.0	-0.0	-0.96	-0.0	-0.0	-0.45	-0.96	0.0	0.0	99.75					0.0	0.0	0.33	0.0	0.0	0.15	0.33	0.0	0.0	60.4					0.0	0.0	0.99	0.0	0.0	0.8	0.99	0.0	0.0	85.91					-0.0	-0.0	0.4500000000000002	-0.0	-0.0	0.3846153846153908	0.4500000000000002	0.004030111940861991	0.0040191953641857125	119.18247310557157				
2023-11-13 08:00:00	2000	1.16	1.16	1.16	1.16	1.16	RAD.MI	0.88	0.88	0.88	0.88	1.15	0.86	-1.0	1.0	1.0	-1	-1.0	-1.0	1.0	-1.0	-1.0	1.0		1.16							-1.0			1.2										-1.0			1.71	0.01	0.01	-1.37	0.01	0.01	-0.61	1.29	-1.37	0.0	0.0	65.04					1	0.01	0.01	-0.95	0.01	0.01	-0.44	-0.95	0.0	0.0	94.52					-0.01	-0.01	0.32	-0.01	-0.01	0.14	0.32	0.0	0.0	50.39					-0.01	-0.01	0.98	-0.01	-0.01	0.78	0.98	0.0	0.0	76.96					0.010000000000000009	0.010000000000000009	0.4600000000000002	0.008547008547008517	0.008583743691391442	0.39655172413793705	0.4600000000000002	0.004302146070547581	0.004292295113075051	137.1872304597436				
2023-11-14 08:00:00	1000	1.17	1.17	1.17	1.17	1.17	RAD.MI	0.87	0.87	0.87	0.87	1.09	0.86	-1.0	1.0	1.0	-1	-1.0	-1.0	1.0	-1.0	-1.0	1.0									-1.0			1.2										-1.0			1.71	-0.01	-0.01	-1.38	-0.01	-0.01	-0.62	1.29	-1.38	0.0	0.0	59.09					1	-0.01	-0.01	-0.96	-0.01	-0.01	-0.45	-0.96	0.0	0.0	86.21					0.01	0.01	0.33	0.01	0.01	0.15	0.33	0.0	0.0	50.55					0.01	0.01	0.99	0.01	0.01	0.8	0.99	0.0	0.0	77.07					-0.010000000000000009	-0.010000000000000009	0.4500000000000002	-0.008620689655172376	-0.008583743691391435	0.3846153846153908	0.4500000000000002	0.004299756433708876	0.004289883484379642	136.75718134160553				
2023-11-15 08:00:00	0	1.17	1.17	1.17	1.17	1.17	RAD.MI	0.87	0.87	0.87	0.87	1.08	0.86	-1.0	1.0	-1.0	-1	-1.0	-1.0	1.0	-1.0	-1.0	1.0									-1.0			1.2										-1.0			1.71	-0.0	-0.0	-1.38	-0.0	-0.0	-0.62	1.29	-1.38	0.0	0.0	64.04					1	-0.0	-0.0	-0.96	-0.0	-0.0	-0.45	-0.96	0.0	0.0	92.98					0.0	0.0	0.33	0.0	0.0	0.15	0.33	0.0	0.0	55.43					0.0	0.0	0.99	0.0	0.0	0.8	0.99	0.0	0.0	82.17					-0.0	-0.0	0.4500000000000002	-0.0	-0.0	0.3846153846153908	0.4500000000000002	0.004240415508963085	0.004230669599582182	136.41891182973725				
2023-11-16 08:00:00	0	1.17	1.17	1.17	1.17	1.17	RAD.MI	0.87	0.87	0.87	0.87	1.07	0.86	-1.0	1.0	-1.0	-1	-1.0	-1.0	1.0	-1.0	-1.0	1.0									-1.0			1.2										-1.0			1.71	-0.0	-0.0	-1.38	-0.0	-0.0	-0.62	1.29	-1.38	0.0	0.0	63.25					1	-0.0	-0.0	-0.96	-0.0	-0.0	-0.45	-0.96	0.0	0.0	91.75					0.0	0.0	0.33	0.0	0.0	0.15	0.33	0.0	0.0	54.55					0.0	0.0	0.99	0.0	0.0	0.8	0.99	0.0	0.0	81.53					-0.0	-0.0	0.4500000000000002	-0.0	-0.0	0.3846153846153908	0.4500000000000002	0.0043661188570730605	0.004356893289515051	142.60668553416176				
2023-11-17 08:00:00	0	1.17	1.17	1.17	1.17	1.17	RAD.MI	0.87	0.87	0.87	0.87	1.04	0.86	-1.0	1.0	-1.0	-1	-1.0	-1.0	1.0	-1.0	-1.0	1.0	1.17								-1.0			1.2										-1.0			1.71	-0.0	-0.0	-1.38	-0.0	-0.0	-0.62	1.29	-1.38	0.0	0.0	63.25					1	-0.0	-0.0	-0.96	-0.0	-0.0	-0.45	-0.96	0.0	0.0	91.75					0.0	0.0	0.33	0.0	0.0	0.15	0.33	0.0	0.0	54.55					0.0	0.0	0.99	0.0	0.0	0.8	0.99	0.0	0.0	81.53					-0.0	-0.0	0.4500000000000002	-0.0	-0.0	0.3846153846153908	0.4500000000000002	0.0043661188570730605	0.004356893289515051	142.60668553416176				
2023-11-20 08:00:00	0	1.17	1.17	1.17	1.17	1.17	RAD.MI	0.86	0.86	0.86	0.86	1.03	0.86	-1.0	1.0	-1.0	-1	-1.0	-1.0	1.0	-1.0	-1.0	1.0									-1.0			1.2		0.86								-1.0			1.71	-0.0	-0.0	-1.38	-0.0	-0.0	-0.62	1.29	-1.38	0.0	0.0	72.84					1	-0.0	-0.0	-0.96	-0.0	-0.0	-0.45	-0.96	0.0	0.0	105.54					0.0	0.0	0.33	0.0	0.0	0.15	0.33	0.0	0.0	63.78					0.0	0.0	0.99	0.0	0.0	0.8	0.99	0.0	0.0	91.89					-0.0	-0.0	0.4500000000000002	-0.0	-0.0	0.3846153846153908	0.4500000000000002	0.0041231381167008176	0.004114394155193546	141.23172448246333				
2023-11-21 08:00:00	0	1.17	1.17	1.17	1.17	1.17	RAD.MI	0.88	0.88	0.88	0.88	1.03	0.86	-1.0	1.0	-1.0	0	-1.0	-1.0	1.0	-1.0	-1.0	1.0									-1.0			1.2	0.88									-1.0			1.71	-0.0	-0.0	-1.38	-0.0	-0.0	-0.62	1.17	-1.38	0.0	0.0	81.64					1	-0.0	-0.0	-0.96	-0.0	-0.0	-0.45	-0.96	0.0	0.0	118.22					0.0	0.0	0.33	0.0	0.0	0.15	0.33	0.0	0.0	72.25					0.0	0.0	0.99	0.0	0.0	0.8	0.99	0.0	0.0	101.35					-0.0	-0.0	0.4500000000000002	-0.0	-0.0	0.3846153846153908	0.4500000000000002	0.003936057759018211	0.0039276758450559335	140.07824036368203				
2023-11-22 08:00:00	0	1.17	1.17	1.17	1.17	1.17	RAD.MI	0.88	0.88	0.88	0.88	1.03	0.86	-1.0	1.0	-1.0	0	-1.0	-1.0	1.0	-1.0	-1.0	1.0									-1.0			1.2										-1.0			1.71	-0.0	-0.0	-1.38	-0.0	-0.0	-0.62	1.17	-1.38	0.0	0.0	93.19					1	0.0	0.0	-0.96	0.0	0.0	-0.45	-0.96	0.0	0.0	135.31					0.0	0.0	0.33	0.0	0.0	0.15	0.33	0.0	0.0	83.27					0.0	0.0	0.99	0.0	0.0	0.8	0.99	0.0	0.0	113.97					-0.0	-0.0	0.4500000000000002	-0.0	-0.0	0.3846153846153908	0.4500000000000002	0.0036797869022845557	0.0036718885625219855	138.3439738172563				
2023-11-23 08:00:00	3000	1.13	1.12	1.13	1.12	1.12	RAD.MI	0.84	0.84	0.84	0.84	1.03	0.84	-1.0	-1.0	-1.0	-1	-1.0	-1.0	1.0	-1.0	-1.0	1.0									-1.0			1.2										-1.0			1.71	0.05	0.05	-1.33	0.04	0.04	-0.6	1.17	-1.33	0.0	0.0	94.37					1	-0.0	-0.0	-0.96	-0.0	-0.0	-0.45	-0.96	0.0	0.0	130.28					-0.05	-0.05	0.28	-0.04	-0.04	0.1	0.28	0.0	0.0	65.85					-0.05	-0.05	0.94	-0.04	-0.04	0.72	0.94	0.0	0.0	95.46					0.04999999999999982	0.04999999999999982	0.5	0.04273504273504258	0.04367506350266142	0.4464285714285776	0.5	0.004198833223360997	0.004191102745685349	156.5150702632339				
2023-11-24 08:00:00	0	1.12	1.12	1.12	1.12	1.12	RAD.MI	0.83	0.83	0.83	0.83	1.03	0.83	-1.0	-1.0	-1.0	-1	-1.0	-1.0	1.0	-1.0	-1.0	1.0									-1.0			1.2										-1.0			1.71	-0.0	-0.0	-1.33	-0.0	-0.0	-0.6	1.17	-1.33	0.0	0.0	94.37					1	-0.0	-0.0	-0.96	-0.0	-0.0	-0.45	-0.96	0.0	0.0	130.28					0.0	0.0	0.28	0.0	0.0	0.1	0.28	0.0	0.0	65.85					0.0	0.0	0.94	0.0	0.0	0.72	0.94	0.0	0.0	95.46					-0.0	-0.0	0.5	-0.0	-0.0	0.4464285714285776	0.5	0.004198833223360997	0.004191102745685349	156.5150702632339				
2023-11-27 08:00:00	3000	1.1	1.1	1.1	1.1	1.1	RAD.MI	0.82	0.82	0.82	0.82	1.03	0.82	-1.0	-1.0	-1.0	-1	-1.0	-1.0	1.0	-1.0	-1.0	1.0									-1.0			1.2										-1.0			1.71	0.02	0.02	-1.31	0.02	0.02	-0.59	1.17	-1.31	0.0	0.0	101.82					1	0.02	0.02	-0.94	0.02	0.02	-0.44	-0.94	0.0	0.0	141.86					-0.02	-0.02	0.26	-0.02	-0.02	0.08	0.26	0.0	0.0	63.75					-0.02	-0.02	0.92	-0.02	-0.02	0.69	0.92	0.0	0.0	92.91					0.020000000000000018	0.020000000000000018	0.52	0.017857142857142905	0.018018505502678365	0.4727272727272791	0.52	0.004284293836453771	0.004276410815692078	156.99658549825162				
2023-11-28 08:00:00	2500	1.1	1.1	1.1	1.1	1.1	RAD.MI	0.82	0.82	0.82	0.82	1.02	0.82	-1.0	-1.0	-1.0	-1	-1.0	-1.0	1.0	-1.0	-1.0	1.0		1.1		1.1					-1.0			1.2										-1.0			1.71	-0.0	-0.0	-1.31	-0.0	-0.0	-0.59	1.17	-1.31	0.0	0.0	107.81					1	-0.0	-0.0	-0.94	-0.0	-0.0	-0.44	-0.94	0.0	0.0	150.65					0.0	0.0	0.26	0.0	0.0	0.08	0.26	0.0	0.0	69.23					0.0	0.0	0.92	0.0	0.0	0.69	0.92	0.0	0.0	98.66					-0.0	-0.0	0.52	-0.0	-0.0	0.4727272727272791	0.52	0.0042197020707847145	0.004211934480192303	156.63417698592625				
2023-11-29 08:00:00	0	1.1	1.1	1.1	1.1	1.1	RAD.MI	0.81	0.81	0.81	0.81	1.02	0.81	-1.0	-1.0	-1.0	-1	-1.0	-1.0	1.0	-1.0	-1.0	1.0									-1.0			1.2		0.81								-1.0			1.71	-0.0	-0.0	-1.31	-0.0	-0.0	-0.59	1.17	-1.31	0.0	0.0	107.81					1	-0.0	-0.0	-0.94	-0.0	-0.0	-0.44	-0.94	0.0	0.0	150.65					0.0	0.0	0.26	0.0	0.0	0.08	0.26	0.0	0.0	69.23					0.0	0.0	0.92	0.0	0.0	0.69	0.92	0.0	0.0	98.66					-0.0	-0.0	0.52	-0.0	-0.0	0.4727272727272791	0.52	0.0042197020707847145	0.004211934480192303	156.63417698592625				
2023-11-30 08:00:00	19000	1.25	1.1	1.1	1.25	1.25	RAD.MI	0.81	0.92	0.81	0.92	1.02	0.81	-1.0	-1.0	1.0	0	-1.0	-1.0	1.0	-1.0	-1.0	1.0									-1.0			1.2										-1.0			1.71	-0.15	-0.15	-1.46	-0.14	-0.13	-0.64	1.25	-1.46	0.0	0.0	71.53					1	-0.15	-0.15	-1.09	-0.14	-0.13	-0.5	-1.09	0.0	0.0	94.58					0.15	0.15	0.41	0.14	0.13	0.23	0.41	0.0	0.0	78.49					0.15	0.15	1.07	0.14	0.13	0.92	1.07	0.0	0.0	105.26					-0.1499999999999999	-0.1499999999999999	0.3700000000000001	-0.13636363636363624	-0.1278333715098848	0.2960000000000056	0.3700000000000001	0.004067527408531542	0.0040583726832705835	125.87691489837187				
2023-12-01 08:00:00	24000	1.31	1.18	1.31	1.18	1.18	RAD.MI	0.96	0.96	0.86	0.86	1.02	0.81	-1.0	-1.0	1.0	1	-1.0	-1.0	1.0	-1.0	-1.0	1.0	1.31		1.31		1.31				-1.0			1.31	0.96									-1.0			1.71	0.07	0.07	-1.39	0.06	0.06	-0.62	1.31	-1.39	0.0	0.0	81.26					1	-0.0	-0.0	-1.09	-0.0	-0.0	-0.5	-1.09	0.0	0.0	101.88					-0.07	-0.07	0.34	-0.06	-0.06	0.16	0.34	0.0	0.0	68.87					-0.07	-0.07	1.0	-0.06	-0.06	0.81	1.0	0.0	0.0	93.62					0.07000000000000006	0.07000000000000006	0.44000000000000017	0.05600000000000005	0.057629112836636416	0.3728813559322095	0.44000000000000017	0.004483207238301947	0.004473231387370102	128.05750780983092				
2023-12-04 08:00:00	2000	1.2	1.19	1.19	1.2	1.2	RAD.MI	0.87	0.88	0.87	0.88	1.02	0.81	-1.0	-1.0	1.0	1	-1.0	-1.0	1.0	-1.0	-1.0	1.0									-1.0			1.31										-1.0			1.71	-0.02	-0.02	-1.41	-0.02	-0.02	-0.63	1.31	-1.41	0.0	0.0	79.55					1	0.02	0.02	-1.07	0.02	0.02	-0.49	-1.07	0.0	0.0	111.96					0.02	0.02	0.36	0.02	0.02	0.18	0.36	0.0	0.0	75.0					0.02	0.02	1.02	0.02	0.02	0.84	1.02	0.0	0.0	99.62					-0.020000000000000018	-0.020000000000000018	0.42000000000000015	-0.016949152542372836	-0.01680711831638119	0.3500000000000061	0.42000000000000015	0.004271729414988862	0.004261130826197945	119.72223569364975				
2023-12-05 08:00:00	3000	1.17	1.17	1.17	1.17	1.17	RAD.MI	0.85	0.85	0.85	0.85	1.02	0.81	-1.0	-1.0	1.0	1	-1.0	-1.0	1.0	-1.0	-1.0	1.0									-1.0			1.31										-1.0			1.71	0.03	0.03	-1.38	0.03	0.03	-0.62	1.31	-1.38	0.0	0.0	86.06					1	-0.03	-0.03	-1.1	-0.03	-0.03	-0.51	-1.1	0.0	0.0	107.02					-0.03	-0.03	0.33	-0.03	-0.03	0.15	0.33	0.0	0.0	71.84					-0.03	-0.03	0.99	-0.03	-0.03	0.8	0.99	0.0	0.0	95.82					0.030000000000000027	0.030000000000000027	0.4500000000000002	0.025000000000000022	0.025317807984289897	0.3846153846153908	0.4500000000000002	0.004416499883946371	0.004405587333110583	120.47080532808306				
2023-12-06 08:00:00	0	1.17	1.17	1.17	1.17	1.17	RAD.MI	0.84	0.84	0.84	0.84	1.02	0.81	-1.0	-1.0	1.0	1	-1.0	-1.0	1.0	-1.0	-1.0	1.0									-1.0			1.31										-1.0			1.71	-0.0	-0.0	-1.38	-0.0	-0.0	-0.62	1.31	-1.38	0.0	0.0	86.06					1	0.0	0.0	-1.1	0.0	0.0	-0.51	-1.1	0.0	0.0	107.02					0.0	0.0	0.33	0.0	0.0	0.15	0.33	0.0	0.0	71.84					0.0	0.0	0.99	0.0	0.0	0.8	0.99	0.0	0.0	95.82					-0.0	-0.0	0.4500000000000002	-0.0	-0.0	0.3846153846153908	0.4500000000000002	0.004416499883946371	0.004405587333110583	120.47080532808306				
2023-12-07 08:00:00	4000	1.15	1.12	1.15	1.12	1.12	RAD.MI	0.83	0.83	0.81	0.81	1.02	0.81	-1.0	-1.0	1.0	1	-1.0	-1.0	1.0	-1.0	-1.0	1.0									-1.0			1.31										-1.0			1.71	0.05	0.05	-1.33	0.04	0.04	-0.6	1.31	-1.33	0.0	0.0	88.66					1	-0.05	-0.05	-1.15	-0.04	-0.04	-0.53	-1.15	0.0	0.0	91.12					-0.05	-0.05	0.28	-0.04	-0.04	0.1	0.28	0.0	0.0	61.48					-0.05	-0.05	0.94	-0.04	-0.04	0.72	0.94	0.0	0.0	84.11					0.04999999999999982	0.04999999999999982	0.5	0.04273504273504258	0.04367506350266142	0.4464285714285776	0.5	0.004774635404668196	0.004762926576048265	122.16133222738574				
2023-12-08 08:00:00	0	1.12	1.12	1.12	1.12	1.12	RAD.MI	0.8	0.8	0.8	0.8	1.02	0.8	-1.0	-1.0	-1.0	1	-1.0	-1.0	1.0	-1.0	-1.0	1.0		1.12							-1.0			1.31		0.8								-1.0			1.71	-0.0	-0.0	-1.33	-0.0	-0.0	-0.6	1.31	-1.33	0.0	0.0	88.66					1	0.0	0.0	-1.15	0.0	0.0	-0.53	-1.15	0.0	0.0	91.12					0.0	0.0	0.28	0.0	0.0	0.1	0.28	0.0	0.0	61.48					0.0	0.0	0.94	0.0	0.0	0.72	0.94	0.0	0.0	84.11					-0.0	-0.0	0.5	-0.0	-0.0	0.4464285714285776	0.5	0.004774635404668196	0.004762926576048265	122.16133222738574				
2023-12-11 08:00:00	2000	1.15	1.15	1.15	1.15	1.15	RAD.MI	0.83	0.83	0.83	0.83	1.02	0.8	-1.0	-1.0	-1.0	1	-1.0	-1.0	1.0	-1.0	-1.0	1.0	1.15								-1.0			1.31	0.83									-1.0			1.71	-0.03	-0.03	-1.36	-0.03	-0.03	-0.61	1.31	-1.36	0.0	0.0	80.7					1	0.03	0.03	-1.12	0.03	0.03	-0.52	-1.12	0.0	0.0	95.01					0.03	0.03	0.31	0.03	0.03	0.13	0.31	0.0	0.0	63.52					0.03	0.03	0.97	0.03	0.03	0.77	0.97	0.0	0.0	85.6					-0.029999999999999805	-0.029999999999999805	0.4700000000000002	-0.02678571428571419	-0.02643325706815543	0.40869565217391934	0.4700000000000002	0.004598491669086647	0.0045857636254695855	112.3065498886594				
2023-12-12 08:00:00	500	1.15	1.15	1.15	1.15	1.15	RAD.MI	0.83	0.83	0.83	0.83	1.02	0.8	-1.0	-1.0	-1.0	1	-1.0	-1.0	1.0	-1.0	-1.0	1.0									-1.0			1.31										-1.0			1.71	-0.0	-0.0	-1.36	-0.0	-0.0	-0.61	1.31	-1.36	0.0	0.0	80.7					1	0.0	0.0	-1.12	0.0	0.0	-0.52	-1.12	0.0	0.0	95.01					0.0	0.0	0.31	0.0	0.0	0.13	0.31	0.0	0.0	63.52					0.0	0.0	0.97	0.0	0.0	0.77	0.97	0.0	0.0	85.6					-0.0	-0.0	0.4700000000000002	-0.0	-0.0	0.40869565217391934	0.4700000000000002	0.004598491669086647	0.0045857636254695855	112.3065498886594				
2023-12-13 08:00:00	5000	1.15	1.13	1.13	1.15	1.15	RAD.MI	0.81	0.83	0.81	0.83	1.02	0.8	-1.0	-1.0	-1.0	1	-1.0	-1.0	1.0	-1.0	-1.0	1.0		1.13							-1.0			1.31		0.81								-1.0			1.71	-0.0	-0.0	-1.36	-0.0	-0.0	-0.61	1.31	-1.36	0.0	0.0	79.32					1	0.0	0.0	-1.12	0.0	0.0	-0.52	-1.12	0.0	0.0	91.69					0.0	0.0	0.31	0.0	0.0	0.13	0.31	0.0	0.0	61.77					0.0	0.0	0.97	0.0	0.0	0.77	0.97	0.0	0.0	84.32					-0.0	-0.0	0.4700000000000002	-0.0	-0.0	0.40869565217391934	0.4700000000000002	0.004768121961924625	0.004756345481953472	121.20455443635956				
2023-12-14 08:00:00	500	1.15	1.15	1.15	1.15	1.15	RAD.MI	0.83	0.83	0.83	0.83	1.02	0.8	-1.0	-1.0	-1.0	1	-1.0	-1.0	1.0	-1.0	-1.0	1.0	1.15								-1.0			1.31	0.83									-1.0			1.71	-0.0	-0.0	-1.36	-0.0	-0.0	-0.61	1.31	-1.36	0.0	0.0	79.32					1	0.0	0.0	-1.12	0.0	0.0	-0.52	-1.12	0.0	0.0	91.69					0.0	0.0	0.31	0.0	0.0	0.13	0.31	0.0	0.0	61.77					0.0	0.0	0.97	0.0	0.0	0.77	0.97	0.0	0.0	84.32					-0.0	-0.0	0.4700000000000002	-0.0	-0.0	0.40869565217391934	0.4700000000000002	0.004768121961924625	0.004756345481953472	121.20455443635956				
2023-12-15 08:00:00	10500	1.12	1.08	1.12	1.12	1.12	RAD.MI	0.81	0.81	0.78	0.81	1.02	0.78	-1.0	-1.0	-1.0	-1	-1.0	-1.0	1.0	-1.0	-1.0	1.0		1.08		1.08					-1.0			1.31		0.78		0.78						-1.0			1.71	0.03	0.03	-1.33	0.03	0.03	-0.6	1.31	-1.33	0.0	0.0	80.91					1	-0.03	-0.03	-1.15	-0.03	-0.03	-0.53	-1.15	0.0	0.0	81.04					-0.03	-0.03	0.28	-0.03	-0.03	0.1	0.28	0.0	0.0	54.76					-0.03	-0.03	0.94	-0.03	-0.03	0.72	0.94	0.0	0.0	76.62					0.029999999999999805	0.029999999999999805	0.5	0.02608695652173898	0.02643325706815537	0.4464285714285776	0.5	0.004984874669883498	0.004972601294808587	122.12951664003035				
2023-12-18 08:00:00	11500	1.18	1.13	1.13	1.16	1.16	RAD.MI	0.82	0.85	0.82	0.84	1.02	0.78	-1.0	-1.0	-1.0	-1	-1.0	-1.0	1.0	-1.0	-1.0	1.0	1.18		1.18						-1.0			1.31	0.85		0.85							-1.0			1.71	-0.04	-0.04	-1.37	-0.04	-0.04	-0.61	1.31	-1.37	0.0	0.0	84.3					1	-0.04	-0.04	-1.19	-0.04	-0.04	-0.54	-1.19	0.0	0.0	85.14					0.04	0.04	0.32	0.04	0.04	0.14	0.32	0.0	0.0	68.76					0.04	0.04	0.98	0.04	0.04	0.78	0.98	0.0	0.0	91.44					-0.039999999999999813	-0.039999999999999813	0.4600000000000002	-0.03571428571428559	-0.03509131981126998	0.39655172413793705	0.4600000000000002	0.0043513309391637845	0.004338902878028961	108.32445633078416				
2023-12-19 08:00:00	5000	1.15	1.13	1.15	1.13	1.13	RAD.MI	0.83	0.83	0.81	0.81	1.02	0.78	-1.0	-1.0	-1.0	-1	-1.0	-1.0	1.0	-1.0	-1.0	1.0		1.13							-1.0			1.31		0.81								-1.0			1.71	0.03	0.03	-1.34	0.03	0.03	-0.6	1.31	-1.34	0.0	0.0	84.89					1	0.03	0.03	-1.16	0.03	0.03	-0.53	-1.16	0.0	0.0	86.82					-0.03	-0.03	0.29	-0.03	-0.03	0.11	0.29	0.0	0.0	60.33					-0.03	-0.03	0.95	-0.03	-0.03	0.74	0.95	0.0	0.0	82.54					0.030000000000000027	0.030000000000000027	0.4900000000000002	0.025862068965517238	0.026202372394024072	0.433628318584077	0.4900000000000002	0.004721565575980599	0.00470945116744792	116.24121604855611				
2023-12-20 08:00:00	15000	1.16	1.14	1.14	1.16	1.16	RAD.MI	0.82	0.83	0.82	0.83	1.02	0.78	-1.0	-1.0	-1.0	-1	-1.0	-1.0	1.0	-1.0	-1.0	1.0									-1.0			1.31										-1.0			1.71	-0.03	-0.03	-1.37	-0.03	-0.03	-0.61	1.31	-1.37	0.0	0.0	77.19					1	-0.03	-0.03	-1.19	-0.03	-0.03	-0.54	-1.19	0.0	0.0	76.55					0.03	0.03	0.32	0.03	0.03	0.14	0.32	0.0	0.0	62.28					0.03	0.03	0.98	0.03	0.03	0.78	0.98	0.0	0.0	83.98					-0.030000000000000027	-0.030000000000000027	0.4600000000000002	-0.026548672566371723	-0.026202372394024117	0.39655172413793705	0.4600000000000002	0.004543707526246198	0.00453055237590938	107.01173718550076				
2023-12-21 08:00:00	0	1.16	1.16	1.16	1.16	1.16	RAD.MI	0.84	0.84	0.84	0.84	1.02	0.78	-1.0	-1.0	-1.0	-1	-1.0	-1.0	1.0	-1.0	-1.0	1.0	1.16								-1.0			1.31	0.84									-1.0			1.71	-0.0	-0.0	-1.37	-0.0	-0.0	-0.61	1.31	-1.37	0.0	0.0	87.46					1	-0.0	-0.0	-1.19	-0.0	-0.0	-0.54	-1.19	0.0	0.0	89.93					0.0	0.0	0.32	0.0	0.0	0.14	0.32	0.0	0.0	71.78					0.0	0.0	0.98	0.0	0.0	0.78	0.98	0.0	0.0	94.71					-0.0	-0.0	0.4600000000000002	-0.0	-0.0	0.39655172413793705	0.4600000000000002	0.00422095566701388	0.0042085884881324365	105.3863249292302				
2023-12-22 08:00:00	0	1.16	1.16	1.16	1.16	1.16	RAD.MI	0.83	0.83	0.83	0.83	1.02	0.78	-1.0	-1.0	-1.0	-1	-1.0	-1.0	1.0	-1.0	-1.0	1.0									-1.0			1.31										-1.0			1.71	-0.0	-0.0	-1.37	-0.0	-0.0	-0.61	1.31	-1.37	0.0	0.0	92.22					1	-0.0	-0.0	-1.19	-0.0	-0.0	-0.54	-1.19	0.0	0.0	89.93					0.0	0.0	0.32	0.0	0.0	0.14	0.32	0.0	0.0	76.37					0.0	0.0	0.98	0.0	0.0	0.78	0.98	0.0	0.0	99.59					-0.0	-0.0	0.4600000000000002	-0.0	-0.0	0.39655172413793705	0.4600000000000002	0.004154832850836676	0.004142624116890037	105.02890369584128				
2023-12-27 08:00:00	6000	1.17	1.12	1.12	1.17	1.17	RAD.MI	0.8	0.84	0.8	0.84	1.02	0.78	-1.0	-1.0	-1.0	-1	-1.0	-1.0	1.0	-1.0	-1.0	1.0									-1.0			1.31										-1.0			1.71	-0.01	-0.01	-1.38	-0.01	-0.01	-0.62	1.31	-1.38	0.0	0.0	86.45					1	-0.01	-0.01	-1.2	-0.01	-0.01	-0.55	-1.2	0.0	0.0	83.19					0.01	0.01	0.33	0.01	0.01	0.15	0.33	0.0	0.0	75.86					0.01	0.01	0.99	0.01	0.01	0.8	0.99	0.0	0.0	99.21					-0.010000000000000009	-0.010000000000000009	0.4500000000000002	-0.008620689655172376	-0.008583743691391435	0.3846153846153906	0.4500000000000002	0.004169418727479415	0.004157358994553384	106.75388815669706				
2023-12-28 08:00:00	3000	1.15	1.15	1.15	1.15	1.15	RAD.MI	0.83	0.83	0.83	0.83	1.02	0.78	-1.0	-1.0	-1.0	-1	-1.0	-1.0	1.0	-1.0	-1.0	1.0									-1.0			1.31										-1.0			1.71	0.02	0.02	-1.36	0.02	0.02	-0.61	1.31	-1.36	0.0	0.0	87.43					1	0.02	0.02	-1.18	0.02	0.02	-0.54	-1.18	0.0	0.0	85.9					-0.02	-0.02	0.31	-0.02	-0.02	0.13	0.31	0.0	0.0	69.71					-0.02	-0.02	0.97	-0.02	-0.02	0.77	0.97	0.0	0.0	92.49					0.020000000000000018	0.020000000000000018	0.4700000000000002	0.017094017094017144	0.017241806434506103	0.40869565217391934	0.4700000000000002	0.004309077359598915	0.004296683824362324	107.49860114905675				
2023-12-29 08:00:00	9500	1.14	1.12	1.13	1.14	1.14	RAD.MI	0.81	0.82	0.81	0.82	1.02	0.78	-1.0	-1.0	-1.0	-1	-1.0	-1.0	1.0	-1.0	-1.0	1.0		1.12							-1.0			1.31		0.81								-1.0			1.71	0.01	0.01	-1.35	0.01	0.01	-0.61	1.31	-1.35	0.0	0.0	87.91					1	0.01	0.01	-1.17	0.01	0.01	-0.54	-1.17	0.0	0.0	87.17					-0.01	-0.01	0.3	-0.01	-0.01	0.12	0.3	0.0	0.0	65.14					-0.01	-0.01	0.96	-0.01	-0.01	0.75	0.96	0.0	0.0	87.64					0.010000000000000009	0.010000000000000009	0.4800000000000002	0.008695652173913104	0.008733679968754666	0.4210526315789538	0.4800000000000002	0.004379820167345828	0.004367255817655957	107.86143279288869				
2024-01-02 08:00:00	3500	1.16	1.16	1.16	1.16	1.16	RAD.MI	0.83	0.83	0.83	0.83	1.02	0.78	-1.0	-1.0	-1.0	-1	-1.0	-1.0	1.0	-1.0	-1.0	1.0	1.16								-1.0			1.31	0.83									-1.0			1.71	-0.02	-0.02	-1.37	-0.02	-0.02	-0.61	1.31	-1.37	0.0	0.0	87.69					1	-0.02	-0.02	-1.19	-0.02	-0.02	-0.54	-1.19	0.0	0.0	78.91					0.02	0.02	0.32	0.02	0.02	0.14	0.32	0.0	0.0	72.17					0.02	0.02	0.98	0.02	0.02	0.78	0.98	0.0	0.0	94.88					-0.020000000000000018	-0.020000000000000018	0.4600000000000002	-0.01754385964912286	-0.01739174271186924	0.39655172413793727	0.4600000000000002	0.004087229786519036	0.004074142624332033	100.19824724313726				
2024-01-03 08:00:00	3000	1.14	1.14	1.14	1.14	1.14	RAD.MI	0.83	0.83	0.83	0.83	1.02	0.78	-1.0	-1.0	-1.0	-1	-1.0	-1.0	1.0	-1.0	-1.0	1.0									-1.0			1.31										-1.0			1.71	0.02	0.02	-1.35	0.02	0.02	-0.61	1.2	-1.35	0.0	0.0	88.6					1	0.02	0.02	-1.17	0.02	0.02	-0.54	-1.17	0.0	0.0	81.39					-0.02	-0.02	0.3	-0.02	-0.02	0.12	0.3	0.0	0.0	66.19					-0.02	-0.02	0.96	-0.02	-0.02	0.75	0.96	0.0	0.0	88.34					0.020000000000000018	0.020000000000000018	0.4800000000000002	0.017241379310344862	0.01739174271186922	0.4210526315789538	0.4800000000000002	0.004226363728213989	0.004212918981378655	100.96613652043949				
2024-01-04 08:00:00	2500	1.12	1.12	1.12	1.12	1.12	RAD.MI	0.8	0.8	0.8	0.8	1.02	0.78	-1.0	-1.0	-1.0	-1	-1.0	-1.0	1.0	-1.0	-1.0	1.0		1.12							-1.0			1.31		0.8		0.8						-1.0			1.71	0.02	0.02	-1.33	0.02	0.02	-0.6	1.18	-1.33	0.0	0.0	89.48					1	0.02	0.02	-1.15	0.02	0.02	-0.53	-1.15	0.0	0.0	83.69					-0.02	-0.02	0.28	-0.02	-0.02	0.1	0.28	0.0	0.0	60.39					-0.02	-0.02	0.94	-0.02	-0.02	0.72	0.94	0.0	0.0	82.01					0.019999999999999796	0.019999999999999796	0.5	0.01754385964912264	0.01769957709940075	0.4464285714285776	0.5	0.0043679603450091945	0.004354146761875954	101.70841267769845				
2024-01-05 08:00:00	1500	1.14	1.14	1.14	1.14	1.14	RAD.MI	0.82	0.82	0.82	0.82	1.02	0.78	-1.0	-1.0	-1.0	-1	-1.0	-1.0	1.0	-1.0	-1.0	1.0	1.14								-1.0			1.31	0.82									-1.0			1.71	-0.02	-0.02	-1.35	-0.02	-0.02	-0.61	1.18	-1.35	0.0	0.0	83.18					1	-0.02	-0.02	-1.17	-0.02	-0.02	-0.54	-1.17	0.0	0.0	75.92					0.02	0.02	0.3	0.02	0.02	0.12	0.3	0.0	0.0	61.62					0.02	0.02	0.96	0.02	0.02	0.75	0.96	0.0	0.0	82.94					-0.019999999999999796	-0.019999999999999796	0.4800000000000002	-0.01785714285714257	-0.017699577099400638	0.421052631578954	0.4800000000000002	0.004199446250506507	0.00418473375346351	95.04456440792232				
2024-01-08 08:00:00	0	1.14	1.14	1.14	1.14	1.14	RAD.MI	0.81	0.81	0.81	0.81	1.02	0.78	-1.0	-1.0	-1.0	-1	-1.0	-1.0	1.0	-1.0	-1.0	1.0									-1.0			1.31		0.81								-1.0			1.71	-0.0	-0.0	-1.35	-0.0	-0.0	-0.61	1.18	-1.35	0.0	0.0	83.18					1	-0.0	-0.0	-1.17	-0.0	-0.0	-0.54	-1.17	0.0	0.0	75.92					0.0	0.0	0.3	0.0	0.0	0.12	0.3	0.0	0.0	61.62					0.0	0.0	0.96	0.0	0.0	0.75	0.96	0.0	0.0	82.94					-0.0	-0.0	0.4800000000000002	-0.0	-0.0	0.421052631578954	0.4800000000000002	0.004199446250506507	0.00418473375346351	95.04456440792232				
2024-01-09 08:00:00	4500	1.14	1.11	1.12	1.14	1.14	RAD.MI	0.8	0.82	0.8	0.82	1.02	0.78	-1.0	-1.0	-1.0	-1	-1.0	-1.0	1.0	-1.0	-1.0	1.0		1.11							-1.0			1.31										-1.0			1.71	-0.0	-0.0	-1.35	-0.0	-0.0	-0.61	1.18	-1.35	0.0	0.0	89.26					1	-0.0	-0.0	-1.17	-0.0	-0.0	-0.54	-1.17	0.0	0.0	75.92					0.0	0.0	0.3	0.0	0.0	0.12	0.3	0.0	0.0	60.47					0.0	0.0	0.96	0.0	0.0	0.75	0.96	0.0	0.0	82.08					-0.0	-0.0	0.4800000000000002	-0.0	-0.0	0.421052631578954	0.4800000000000002	0.004068864765091943	0.004054514425103184	94.3179540022085				
2024-01-10 08:00:00	8000	1.17	1.13	1.13	1.14	1.14	RAD.MI	0.81	0.84	0.81	0.82	1.02	0.78	-1.0	-1.0	-1.0	-1	-1.0	-1.0	1.0	-1.0	-1.0	1.0									-1.0			1.31										-1.0			1.71	-0.0	-0.0	-1.35	-0.0	-0.0	-0.61	1.18	-1.35	0.0	0.0	89.26					1	-0.0	-0.0	-1.17	-0.0	-0.0	-0.54	-1.17	0.0	0.0	75.92					0.0	0.0	0.3	0.0	0.0	0.12	0.3	0.0	0.0	60.47					0.0	0.0	0.96	0.0	0.0	0.75	0.96	0.0	0.0	82.08					-0.0	-0.0	0.4800000000000002	-0.0	-0.0	0.421052631578954	0.4800000000000002	0.004068864765091943	0.004054514425103184	94.3179540022085				
2024-01-11 08:00:00	8000	1.17	1.15	1.16	1.15	1.15	RAD.MI	0.84	0.84	0.83	0.83	1.02	0.78	-1.0	-1.0	-1.0	-1	-1.0	-1.0	1.0	-1.0	-1.0	1.0	1.17								-1.0			1.31	0.84		0.84							-1.0			1.71	-0.01	-0.01	-1.36	-0.01	-0.01	-0.61	1.18	-1.36	0.0	0.0	81.46					1	-0.01	-0.01	-1.18	-0.01	-0.01	-0.54	-1.18	0.0	0.0	86.03					0.01	0.01	0.31	0.01	0.01	0.13	0.31	0.0	0.0	73.45					0.01	0.01	0.97	0.01	0.01	0.77	0.97	0.0	0.0	96.75					-0.010000000000000009	-0.010000000000000009	0.4700000000000002	-0.00877192982456143	-0.008733679968754631	0.40869565217391957	0.4700000000000002	0.004169584258878304	0.004156265738574527	104.59443982223429				
2024-01-12 08:00:00	0	1.15	1.15	1.15	1.15	1.15	RAD.MI	0.82	0.82	0.82	0.82	1.02	0.78	-1.0	-1.0	-1.0	-1	-1.0	-1.0	1.0	-1.0	-1.0	1.0									-1.0			1.31		0.82								-1.0			1.71	-0.0	-0.0	-1.36	-0.0	-0.0	-0.61	1.18	-1.36	0.0	0.0	81.46					1	-0.0	-0.0	-1.18	-0.0	-0.0	-0.54	-1.18	0.0	0.0	86.03					0.0	0.0	0.31	0.0	0.0	0.13	0.31	0.0	0.0	73.45					0.0	0.0	0.97	0.0	0.0	0.77	0.97	0.0	0.0	96.75					-0.0	-0.0	0.4700000000000002	-0.0	-0.0	0.40869565217391957	0.4700000000000002	0.004169584258878304	0.004156265738574527	104.59443982223429				
2024-01-15 08:00:00	0	1.15	1.15	1.15	1.15	1.15	RAD.MI	0.83	0.83	0.83	0.83	1.02	0.78	-1.0	-1.0	-1.0	-1	-1.0	-1.0	1.0	-1.0	-1.0	1.0									-1.0			1.31	0.83									-1.0			1.71	-0.0	-0.0	-1.36	-0.0	-0.0	-0.61	1.18	-1.36	0.0	0.0	81.46					1	-0.0	-0.0	-1.18	-0.0	-0.0	-0.54	-1.18	0.0	0.0	86.03					0.0	0.0	0.31	0.0	0.0	0.13	0.31	0.0	0.0	73.45					0.0	0.0	0.97	0.0	0.0	0.77	0.97	0.0	0.0	96.75					-0.0	-0.0	0.4700000000000002	-0.0	-0.0	0.40869565217391957	0.4700000000000002	0.004169584258878304	0.004156265738574527	104.59443982223429				
2024-01-16 08:00:00	500	1.15	1.15	1.15	1.15	1.15	RAD.MI	0.83	0.83	0.83	0.83	1.02	0.78	-1.0	-1.0	-1.0	-1	-1.0	-1.0	1.0	-1.0	-1.0	1.0									-1.0			1.31										-1.0			1.71	-0.0	-0.0	-1.36	-0.0	-0.0	-0.61	1.18	-1.36	0.0	0.0	81.46					1	-0.0	-0.0	-1.18	-0.0	-0.0	-0.54	-1.18	0.0	0.0	86.03					0.0	0.0	0.31	0.0	0.0	0.13	0.31	0.0	0.0	73.45					0.0	0.0	0.97	0.0	0.0	0.77	0.97	0.0	0.0	96.75					-0.0	-0.0	0.4700000000000002	-0.0	-0.0	0.40869565217391957	0.4700000000000002	0.004169584258878304	0.004156265738574527	104.59443982223429				
2024-01-17 08:00:00	2000	1.13	1.13	1.13	1.13	1.13	RAD.MI	0.82	0.82	0.82	0.82	1.02	0.78	-1.0	-1.0	-1.0	-1	-1.0	-1.0	1.0	-1.0	-1.0	1.0									-1.0			1.31										-1.0			1.71	0.02	0.02	-1.34	0.02	0.02	-0.6	1.18	-1.34	0.0	0.0	82.49					1	0.02	0.02	-1.16	0.02	0.02	-0.53	-1.16	0.0	0.0	88.22					-0.02	-0.02	0.29	-0.02	-0.02	0.11	0.29	0.0	0.0	67.27					-0.02	-0.02	0.95	-0.02	-0.02	0.74	0.95	0.0	0.0	89.95					0.020000000000000018	0.020000000000000018	0.4900000000000002	0.017391304347826098	0.017544309650909508	0.43362831858407747	0.4900000000000002	0.00430818430512049	0.004294495249471453	105.364551388236				
2024-01-18 08:00:00	5500	1.13	1.1	1.1	1.13	1.13	RAD.MI	0.79	0.81	0.79	0.81	1.02	0.78	-1.0	-1.0	-1.0	-1	-1.0	-1.0	1.0	-1.0	-1.0	1.0		1.1							-1.0			1.31		0.79		0.79						-1.0			1.71	-0.0	-0.0	-1.34	-0.0	-0.0	-0.6	1.17	-1.34	0.0	0.0	82.49					1	-0.0	-0.0	-1.16	-0.0	-0.0	-0.53	-1.16	0.0	0.0	88.22					0.0	0.0	0.29	0.0	0.0	0.11	0.29	0.0	0.0	67.27					0.0	0.0	0.95	0.0	0.0	0.74	0.95	0.0	0.0	89.95					-0.0	-0.0	0.4900000000000002	-0.0	-0.0	0.43362831858407747	0.4900000000000002	0.00430818430512049	0.004294495249471453	105.364551388236				
2024-01-19 08:00:00	0	1.13	1.13	1.13	1.13	1.13	RAD.MI	0.81	0.81	0.81	0.81	1.02	0.78	-1.0	-1.0	-1.0	-1	-1.0	-1.0	1.0	-1.0	-1.0	1.0	1.13								-1.0			1.31										-1.0			1.71	-0.0	-0.0	-1.34	-0.0	-0.0	-0.6	1.17	-1.34	0.0	0.0	91.84					1	-0.0	-0.0	-1.16	-0.0	-0.0	-0.53	-1.16	0.0	0.0	84.07					0.0	0.0	0.29	0.0	0.0	0.11	0.29	0.0	0.0	64.93					0.0	0.0	0.95	0.0	0.0	0.74	0.95	0.0	0.0	88.2					-0.0	-0.0	0.4900000000000002	-0.0	-0.0	0.43362831858407747	0.4900000000000002	0.004055362729539717	0.004042345768738853	103.92940143562069				
2024-01-22 08:00:00	0	1.13	1.13	1.13	1.13	1.13	RAD.MI	0.82	0.82	0.82	0.82	1.02	0.78	-1.0	-1.0	-1.0	-1	-1.0	-1.0	1.0	-1.0	-1.0	1.0									-1.0			1.31	0.82									-1.0			1.71	-0.0	-0.0	-1.34	-0.0	-0.0	-0.6	1.17	-1.34	0.0	0.0	90.94					1	-0.0	-0.0	-1.16	-0.0	-0.0	-0.53	-1.16	0.0	0.0	92.29					0.0	0.0	0.29	0.0	0.0	0.11	0.29	0.0	0.0	70.94					0.0	0.0	0.95	0.0	0.0	0.74	0.95	0.0	0.0	94.77					-0.0	-0.0	0.4900000000000002	-0.0	-0.0	0.43362831858407747	0.4900000000000002	0.004212841494993944	0.004200609470985439	111.03338796094681				
2024-01-23 08:00:00	6000	1.12	1.1	1.12	1.11	1.11	RAD.MI	0.81	0.81	0.8	0.81	1.02	0.78	-1.0	-1.0	-1.0	-1	-1.0	-1.0	1.0	-1.0	-1.0	1.0									-1.0			1.31										-1.0			1.71	0.02	0.02	-1.32	0.02	0.02	-0.6	1.17	-1.32	0.0	0.0	96.82					1	0.02	0.02	-1.14	0.02	0.02	-0.52	-1.14	0.0	0.0	93.57					-0.02	-0.02	0.27	-0.02	-0.02	0.09	0.27	0.0	0.0	64.02					-0.02	-0.02	0.93	-0.02	-0.02	0.71	0.93	0.0	0.0	87.39					0.019999999999999796	0.019999999999999796	0.51	0.017699115044247593	0.017857617400006236	0.45945945945946587	0.51	0.00429144506061588	0.004279018287523417	111.46674410531018				
2024-01-24 08:00:00	2000	1.11	1.11	1.11	1.11	1.11	RAD.MI	0.8	0.8	0.8	0.8	1.02	0.78	-1.0	-1.0	-1.0	-1	-1.0	-1.0	1.0	-1.0	-1.0	1.0									-1.0			1.31		0.8								-1.0			1.71	-0.0	-0.0	-1.32	-0.0	-0.0	-0.6	1.17	-1.32	0.0	0.0	96.82					1	-0.0	-0.0	-1.14	-0.0	-0.0	-0.52	-1.14	0.0	0.0	93.57					0.0	0.0	0.27	0.0	0.0	0.09	0.27	0.0	0.0	64.02					0.0	0.0	0.93	0.0	0.0	0.71	0.93	0.0	0.0	87.39					-0.0	-0.0	0.51	-0.0	-0.0	0.45945945945946587	0.51	0.00429144506061588	0.004279018287523417	111.46674410531018				
2024-01-25 08:00:00	7500	1.13	1.1	1.1	1.1	1.1	RAD.MI	0.8	0.82	0.8	0.8	1.02	0.78	-1.0	-1.0	-1.0	-1	-1.0	-1.0	1.0	-1.0	-1.0	1.0									-1.0			1.31	0.82									-1.0			1.71	0.01	0.01	-1.31	0.01	0.01	-0.59	1.17	-1.31	0.0	0.0	96.87					1	0.01	0.01	-1.13	0.01	0.01	-0.52	-1.13	0.0	0.0	94.69					-0.01	-0.01	0.26	-0.01	-0.01	0.08	0.26	0.0	0.0	63.85					-0.01	-0.01	0.92	-0.01	-0.01	0.69	0.92	0.0	0.0	87.19					0.010000000000000009	0.010000000000000009	0.52	0.009009009009009028	0.009049835519917927	0.4727272727272793	0.52	0.004504599462523762	0.004492627438697383	117.12027312078224				
2024-01-26 08:00:00	23000	1.12	1.09	1.1	1.1	1.1	RAD.MI	0.79	0.81	0.78	0.79	1.02	0.78	-1.0	-1.0	-1.0	-1	-1.0	-1.0	1.0	-1.0	-1.0	1.0									-1.0			1.31										-1.0			1.71	-0.0	-0.0	-1.31	-0.0	-0.0	-0.59	1.17	-1.31	0.0	0.0	96.46					1	-0.0	-0.0	-1.13	-0.0	-0.0	-0.52	-1.13	0.0	0.0	94.69					0.0	0.0	0.26	0.0	0.0	0.08	0.26	0.0	0.0	68.42					0.0	0.0	0.92	0.0	0.0	0.69	0.92	0.0	0.0	92.03					-0.0	-0.0	0.52	-0.0	-0.0	0.4727272727272793	0.52	0.004643633542246291	0.004632297957309683	122.47935590546224				
2024-01-29 08:00:00	6500	1.09	1.07	1.09	1.08	1.08	RAD.MI	0.79	0.79	0.77	0.78	1.02	0.77	-1.0	-1.0	-1.0	-1	-1.0	-1.0	1.0	-1.0	-1.0	1.0		1.07							-1.0			1.31		0.77								-1.0			1.71	0.02	0.02	-1.29	0.02	0.02	-0.59	1.17	-1.29	0.0	0.0	97.4					1	0.02	0.02	-1.11	0.02	0.02	-0.51	-1.11	0.0	0.0	96.81					-0.02	-0.02	0.24	-0.02	-0.02	0.06	0.24	0.0	0.0	62.15					-0.02	-0.02	0.9	-0.02	-0.02	0.66	0.9	0.0	0.0	85.15					0.020000000000000018	0.020000000000000018	0.54	0.018181818181818188	0.01834913866819654	0.5000000000000067	0.54	0.004794096479325502	0.004782423481320297	123.16022133205637				
2024-01-30 08:00:00	1000	1.09	1.09	1.09	1.09	1.09	RAD.MI	0.78	0.78	0.78	0.78	1.02	0.77	-1.0	-1.0	-1.0	-1	-1.0	-1.0	1.0	-1.0	-1.0	1.0									-1.0			1.31										-1.0			1.71	-0.01	-0.01	-1.3	-0.01	-0.01	-0.59	1.17	-1.3	0.0	0.0	91.03					1	-0.01	-0.01	-1.12	-0.01	-0.01	-0.52	-1.12	0.0	0.0	90.43					0.01	0.01	0.25	0.01	0.01	0.07	0.25	0.0	0.0	70.02					0.01	0.01	0.91	0.01	0.01	0.67	0.91	0.0	0.0	93.62					-0.010000000000000009	-0.010000000000000009	0.53	-0.0092592592592593	-0.009216655104924048	0.4862385321100984	0.53	0.004819861395474989	0.004808453663828649	127.12103876238807				
2024-01-31 08:00:00	1500	1.11	1.1	1.1	1.11	1.11	RAD.MI	0.78	0.79	0.78	0.79	1.02	0.77	-1.0	-1.0	-1.0	-1	-1.0	-1.0	1.0	-1.0	-1.0	1.0									-1.0			1.31										-1.0			1.71	-0.02	-0.02	-1.32	-0.02	-0.02	-0.6	1.17	-1.32	0.0	0.0	84.25					1	-0.02	-0.02	-1.14	-0.02	-0.02	-0.52	-1.14	0.0	0.0	82.19					0.02	0.02	0.27	0.02	0.02	0.09	0.27	0.0	0.0	71.32					0.02	0.02	0.93	0.02	0.02	0.71	0.93	0.0	0.0	94.59					-0.020000000000000018	-0.020000000000000018	0.51	-0.01834862385321112	-0.018182319083190547	0.45945945945946587	0.51	0.004661016902191542	0.004648770880186337	118.90744716857563				
2024-02-01 08:00:00	3000	1.11	1.1	1.1	1.11	1.11	RAD.MI	0.78	0.79	0.78	0.79	1.02	0.77	-1.0	-1.0	-1.0	-1	-1.0	-1.0	1.0	-1.0	-1.0	1.0									-1.0			1.31										-1.0			1.71	-0.0	-0.0	-1.32	-0.0	-0.0	-0.6	1.17	-1.32	0.0	0.0	84.25					1	-0.0	-0.0	-1.14	-0.0	-0.0	-0.52	-1.14	0.0	0.0	82.19					0.0	0.0	0.27	0.0	0.0	0.09	0.27	0.0	0.0	71.32					0.0	0.0	0.93	0.0	0.0	0.71	0.93	0.0	0.0	94.59					-0.0	-0.0	0.51	-0.0	-0.0	0.45945945945946587	0.51	0.004661016902191542	0.004648770880186337	118.90744716857563				
2024-02-02 08:00:00	2500	1.12	1.11	1.11	1.12	1.12	RAD.MI	0.79	0.8	0.79	0.8	1.02	0.77	-1.0	-1.0	-1.0	-1	-1.0	-1.0	1.0	-1.0	-1.0	1.0	1.12								-1.0			1.31	0.8									-1.0			1.71	-0.01	-0.01	-1.33	-0.01	-0.01	-0.6	1.17	-1.33	0.0	0.0	79.41					1	-0.01	-0.01	-1.15	-0.01	-0.01	-0.53	-1.15	0.0	0.0	76.18					0.01	0.01	0.28	0.01	0.01	0.1	0.28	0.0	0.0	71.94					0.01	0.01	0.94	0.01	0.01	0.72	0.94	0.0	0.0	95.04					-0.010000000000000009	-0.010000000000000009	0.5	-0.009009009009008917	-0.008968669982760316	0.44642857142857784	0.5	0.0045169632432923166	0.004504049961370882	113.40139994738622				
2024-02-05 08:00:00	12500	1.1	1.06	1.1	1.07	1.07	RAD.MI	0.78	0.78	0.75	0.75	1.02	0.75	-1.0	-1.0	-1.0	-1	-1.0	-1.0	1.0	-1.0	-1.0	1.0									-1.0			1.31										-1.0			1.71	0.05	0.05	-1.28	0.04	0.05	-0.58	1.17	-1.28	0.0	0.0	91.2					1	0.05	0.05	-1.1	0.04	0.05	-0.51	-1.1	0.0	0.0	81.46					-0.05	-0.05	0.23	-0.04	-0.05	0.05	0.23	0.0	0.0	59.08					-0.05	-0.05	0.89	-0.04	-0.05	0.64	0.89	0.0	0.0	81.31					0.050000000000000044	0.050000000000000044	0.55	0.044642857142857206	0.04567003683318844	0.5140186915887919	0.55	0.004630334201482855	0.0046171319006522715	113.95927783464703				
2024-02-06 08:00:00	0	1.07	1.07	1.07	1.07	1.07	RAD.MI	0.75	0.75	0.75	0.75	1.02	0.75	-1.0	-1.0	-1.0	-1	-1.0	-1.0	1.0	-1.0	-1.0	1.0									-1.0			1.31										-1.0			1.71	-0.0	-0.0	-1.28	-0.0	-0.0	-0.58	1.17	-1.28	0.0	0.0	91.2					1	-0.0	-0.0	-1.1	-0.0	-0.0	-0.51	-1.1	0.0	0.0	81.46					0.0	0.0	0.23	0.0	0.0	0.05	0.23	0.0	0.0	59.08					0.0	0.0	0.89	0.0	0.0	0.64	0.89	0.0	0.0	81.31					-0.0	-0.0	0.55	-0.0	-0.0	0.5140186915887919	0.55	0.004630334201482855	0.0046171319006522715	113.95927783464703				
2024-02-07 08:00:00	500	1.07	1.07	1.07	1.07	1.07	RAD.MI	0.75	0.75	0.75	0.75	1.02	0.75	-1.0	-1.0	-1.0	-1	-1.0	-1.0	1.0	-1.0	-1.0	1.0									-1.0			1.31										-1.0			1.71	-0.0	-0.0	-1.28	-0.0	-0.0	-0.58	1.17	-1.28	0.0	0.0	99.56					1	-0.0	-0.0	-1.1	-0.0	-0.0	-0.51	-1.1	0.0	0.0	81.46					0.0	0.0	0.23	0.0	0.0	0.05	0.23	0.0	0.0	57.11					0.0	0.0	0.89	0.0	0.0	0.64	0.89	0.0	0.0	79.84					-0.0	-0.0	0.55	-0.0	-0.0	0.5140186915887919	0.55	0.004435992660930499	0.0044232838507496375	112.98904353161443				
2024-02-08 08:00:00	2000	1.07	1.05	1.05	1.07	1.07	RAD.MI	0.74	0.75	0.74	0.75	1.02	0.74	-1.0	-1.0	-1.0	-1	-1.0	-1.0	1.0	-1.0	-1.0	1.0		1.05		1.05					-1.0			1.31		0.74								-1.0			1.71	-0.0	-0.0	-1.28	-0.0	-0.0	-0.58	1.15	-1.28	0.0	0.0	104.64					1	-0.0	-0.0	-1.1	-0.0	-0.0	-0.51	-1.1	0.0	0.0	80.59					0.0	0.0	0.23	0.0	0.0	0.05	0.23	0.0	0.0	61.59					0.0	0.0	0.89	0.0	0.0	0.64	0.89	0.0	0.0	79.32					-0.0	-0.0	0.55	-0.0	-0.0	0.5140186915887919	0.55	0.004370148667838375	0.004357604933850512	112.64476922476081				
2024-02-09 08:00:00	4000	1.07	1.07	1.07	1.07	1.07	RAD.MI	0.75	0.75	0.75	0.75	1.02	0.74	-1.0	-1.0	-1.0	-1	-1.0	-1.0	1.0	-1.0	-1.0	1.0									-1.0			1.31										-1.0			1.71	-0.0	-0.0	-1.28	-0.0	-0.0	-0.58	1.15	-1.28	0.0	0.0	111.92					1	-0.0	-0.0	-1.1	-0.0	-0.0	-0.51	-1.1	0.0	0.0	78.72					0.0	0.0	0.23	0.0	0.0	0.05	0.23	0.0	0.0	67.53					0.0	0.0	0.89	0.0	0.0	0.64	0.89	0.0	0.0	78.22					-0.0	-0.0	0.55	-0.0	-0.0	0.5140186915887919	0.55	0.004236812247956682	0.00422459951015286	111.92172162012164				
2024-02-12 08:00:00	2500	1.09	1.07	1.07	1.09	1.09	RAD.MI	0.74	0.76	0.74	0.76	1.02	0.74	-1.0	-1.0	-1.0	-1	-1.0	-1.0	1.0	-1.0	-1.0	1.0									-1.0			1.31										-1.0			1.71	-0.02	-0.02	-1.3	-0.02	-0.02	-0.59	1.15	-1.3	0.0	0.0	122.34					1	-0.02	-0.02	-1.12	-0.02	-0.02	-0.52	-1.12	0.0	0.0	87.29					0.02	0.02	0.25	0.02	0.02	0.07	0.25	0.0	0.0	64.27					0.02	0.02	0.91	0.02	0.02	0.67	0.91	0.0	0.0	94.07					-0.020000000000000018	-0.020000000000000018	0.53	-0.01869158878504673	-0.01851904776723753	0.4862385321100984	0.53	0.004314090980102103	0.004302633082893248	122.33842480351328				
2024-02-13 08:00:00	3500	1.1	1.09	1.09	1.09	1.09	RAD.MI	0.76	0.77	0.76	0.76	1.02	0.74	-1.0	-1.0	-1.0	-1	-1.0	-1.0	1.0	-1.0	-1.0	1.0									-1.0			1.31										-1.0			1.71	-0.0	-0.0	-1.3	-0.0	-0.0	-0.59	1.13	-1.3	0.0	0.0	122.34					1	-0.0	-0.0	-1.12	-0.0	-0.0	-0.52	-1.12	0.0	0.0	87.29					0.0	0.0	0.25	0.0	0.0	0.07	0.25	0.0	0.0	64.27					0.0	0.0	0.91	0.0	0.0	0.67	0.91	0.0	0.0	94.07					-0.0	-0.0	0.53	-0.0	-0.0	0.4862385321100984	0.53	0.004314090980102103	0.004302633082893248	122.33842480351328				
2024-02-14 08:00:00	1000	1.11	1.1	1.1	1.11	1.11	RAD.MI	0.77	0.77	0.77	0.77	1.02	0.74	-1.0	-1.0	-1.0	-1	-1.0	-1.0	1.0	-1.0	-1.0	1.0									-1.0			1.31	0.77									-1.0			1.71	-0.02	-0.02	-1.32	-0.02	-0.02	-0.6	1.13	-1.32	0.0	0.0	111.91					1	-0.02	-0.02	-1.14	-0.02	-0.02	-0.52	-1.14	0.0	0.0	73.64					0.02	0.02	0.27	0.02	0.02	0.09	0.27	0.0	0.0	76.47					0.02	0.02	0.93	0.02	0.02	0.71	0.93	0.0	0.0	92.65					-0.020000000000000018	-0.020000000000000018	0.51	-0.01834862385321112	-0.018182319083190547	0.45945945945946587	0.51	0.0038363789934419655	0.003824934839963934	111.9112761081896				
2024-02-15 08:00:00	0	1.11	1.11	1.11	1.11	1.11	RAD.MI	0.76	0.76	0.76	0.76	1.02	0.74	-1.0	-1.0	-1.0	-1	-1.0	-1.0	1.0	-1.0	-1.0	1.0	1.11								-1.0			1.31										-1.0			1.71	-0.0	-0.0	-1.32	-0.0	-0.0	-0.6	1.13	-1.32	0.0	0.0	111.91					1	-0.0	-0.0	-1.14	-0.0	-0.0	-0.52	-1.14	0.0	0.0	73.64					0.0	0.0	0.27	0.0	0.0	0.09	0.27	0.0	0.0	76.47					0.0	0.0	0.93	0.0	0.0	0.71	0.93	0.0	0.0	92.65					-0.0	-0.0	0.51	-0.0	-0.0	0.45945945945946587	0.51	0.0038363789934419655	0.003824934839963934	111.9112761081896				
2024-02-16 08:00:00	0	1.11	1.11	1.11	1.11	1.11	RAD.MI	0.76	0.76	0.76	0.76	1.02	0.74	-1.0	-1.0	-1.0	-1	-1.0	-1.0	1.0	-1.0	-1.0	1.0									-1.0			1.31										-1.0			1.71	-0.0	-0.0	-1.32	-0.0	-0.0	-0.6	1.13	-1.32	0.0	0.0	122.27					1	-0.0	-0.0	-1.14	-0.0	-0.0	-0.52	-1.14	0.0	0.0	83.6					0.0	0.0	0.27	0.0	0.0	0.09	0.27	0.0	0.0	74.39					0.0	0.0	0.93	0.0	0.0	0.71	0.93	0.0	0.0	101.73					-0.0	-0.0	0.51	-0.0	-0.0	0.45945945945946587	0.51	0.004002777491114417	0.003992197107912654	122.27042890514568				
2024-02-19 08:00:00	1500	1.08	1.08	1.08	1.08	1.08	RAD.MI	0.74	0.74	0.74	0.74	1.02	0.74	-1.0	-1.0	-1.0	-1	-1.0	-1.0	1.0	-1.0	-1.0	1.0									-1.0			1.31										-1.0			1.71	0.03	0.03	-1.29	0.03	0.03	-0.59	1.13	-1.29	0.0	0.0	123.59					1	0.03	0.03	-1.11	0.03	0.03	-0.51	-1.11	0.0	0.0	87.23					-0.03	-0.03	0.24	-0.03	-0.03	0.06	0.24	0.0	0.0	65.92					-0.03	-0.03	0.9	-0.03	-0.03	0.66	0.9	0.0	0.0	92.02					0.030000000000000027	0.030000000000000027	0.54	0.027027027027027084	0.027398974188114503	0.5000000000000067	0.54	0.004221969284619332	0.004210879801485934	123.59266179876637				
2024-02-20 08:00:00	0	1.08	1.08	1.08	1.08	1.08	RAD.MI	0.74	0.74	0.74	0.74	1.02	0.74	-1.0	-1.0	-1.0	-1	-1.0	-1.0	1.0	-1.0	-1.0	1.0									-1.0			1.31										-1.0			1.71	-0.0	-0.0	-1.29	-0.0	-0.0	-0.59	1.13	-1.29	0.0	0.0	122.82					1	-0.0	-0.0	-1.11	-0.0	-0.0	-0.51	-1.11	0.0	0.0	85.13					0.0	0.0	0.24	0.0	0.0	0.06	0.24	0.0	0.0	72.3					0.0	0.0	0.9	0.0	0.0	0.66	0.9	0.0	0.0	90.91					-0.0	-0.0	0.54	-0.0	-0.0	0.5000000000000067	0.54	0.00409188511764509	0.004081099207345007	122.82158191204734				
2024-02-21 08:00:00	0	1.08	1.08	1.08	1.08	1.08	RAD.MI	0.74	0.74	0.74	0.74	1.02	0.74	-1.0	-1.0	-1.0	-1	-1.0	-1.0	1.0	-1.0	-1.0	1.0									-1.0			1.31										-1.0			1.71	-0.0	-0.0	-1.29	-0.0	-0.0	-0.59	1.13	-1.29	0.0	0.0	121.11					1	-0.0	-0.0	-1.11	-0.0	-0.0	-0.51	-1.11	0.0	0.0	80.25					0.0	0.0	0.24	0.0	0.0	0.06	0.24	0.0	0.0	82.37					0.0	0.0	0.9	0.0	0.0	0.66	0.9	0.0	0.0	88.44					-0.0	-0.0	0.54	-0.0	-0.0	0.5000000000000067	0.54	0.0038251937555043554	0.0038150171002167	121.1118055500322				
2024-02-22 08:00:00	1500	1.07	1.07	1.07	1.07	1.07	RAD.MI	0.72	0.72	0.72	0.72	1.02	0.72	-1.0	-1.0	-1.0	-1	-1.0	-1.0	1.0	-1.0	-1.0	1.0									-1.0			1.31										-1.0			1.71	0.01	0.01	-1.28	0.01	0.01	-0.58	1.12	-1.28	0.0	0.0	121.61					1	0.01	0.01	-1.1	0.01	0.01	-0.51	-1.1	0.0	0.0	81.7					-0.01	-0.01	0.23	-0.01	-0.01	0.05	0.23	0.0	0.0	76.91					-0.01	-0.01	0.89	-0.01	-0.01	0.64	0.89	0.0	0.0	82.91					0.010000000000000009	0.010000000000000009	0.55	0.0092592592592593	0.009302392662313561	0.5140186915887919	0.55	0.003899612896802864	0.003889268004858115	121.6074868950127				
2024-02-23 08:00:00	0	1.07	1.07	1.07	1.07	1.07	RAD.MI	0.71	0.71	0.71	0.71	1.02	0.71	-1.0	-1.0	-1.0	-1	-1.0	-1.0	1.0	-1.0	-1.0	1.0									-1.0			1.31		0.71								-1.0			1.71	-0.0	-0.0	-1.28	-0.0	-0.0	-0.58	1.12	-1.28	0.0	0.0	121.15					1	-0.0	-0.0	-1.1	-0.0	-0.0	-0.51	-1.1	0.0	0.0	80.38					0.0	0.0	0.23	0.0	0.0	0.05	0.23	0.0	0.0	82.2					0.0	0.0	0.89	0.0	0.0	0.64	0.89	0.0	0.0	82.2					-0.0	-0.0	0.55	-0.0	-0.0	0.5140186915887919	0.55	0.003831527379459595	0.0038213364594326116	121.15458146298414				
2024-02-26 08:00:00	0	1.07	1.07	1.07	1.07	1.07	RAD.MI	0.72	0.72	0.72	0.72	1.02	0.71	-1.0	-1.0	-1.0	-1	-1.0	-1.0	1.0	-1.0	-1.0	1.0									-1.0			1.31	0.72									-1.0			1.71	-0.0	-0.0	-1.28	-0.0	-0.0	-0.58	1.12	-1.28	0.0	0.0	121.15					1	-0.0	-0.0	-1.1	-0.0	-0.0	-0.51	-1.1	0.0	0.0	80.38					0.0	0.0	0.23	0.0	0.0	0.05	0.23	0.0	0.0	82.2					0.0	0.0	0.89	0.0	0.0	0.64	0.89	0.0	0.0	82.2					-0.0	-0.0	0.55	-0.0	-0.0	0.5140186915887919	0.55	0.003831527379459595	0.0038213364594326116	121.15458146298414				
2024-02-27 08:00:00	1000	1.07	1.07	1.07	1.07	1.07	RAD.MI	0.71	0.71	0.71	0.71	1.02	0.71	-1.0	-1.0	-1.0	-1	-1.0	-1.0	1.0	-1.0	-1.0	1.0		1.07							-1.0			1.31		0.71								-1.0			1.71	-0.0	-0.0	-1.28	-0.0	-0.0	-0.58	1.12	-1.28	0.0	0.0	121.15					1	-0.0	-0.0	-1.1	-0.0	-0.0	-0.51	-1.1	0.0	0.0	80.38					0.0	0.0	0.23	0.0	0.0	0.05	0.23	0.0	0.0	82.2					0.0	0.0	0.89	0.0	0.0	0.64	0.89	0.0	0.0	82.2					-0.0	-0.0	0.55	-0.0	-0.0	0.5140186915887919	0.55	0.003831527379459595	0.0038213364594326116	121.15458146298414				
2024-02-28 08:00:00	500	1.07	1.07	1.07	1.07	1.07	RAD.MI	0.72	0.72	0.72	0.72	1.02	0.71	-1.0	-1.0	-1.0	-1	-1.0	-1.0	1.0	-1.0	-1.0	1.0									-1.0			1.31	0.72									-1.0			1.71	-0.0	-0.0	-1.28	-0.0	-0.0	-0.58	1.12	-1.28	0.0	0.0	121.15					1	-0.0	-0.0	-1.1	-0.0	-0.0	-0.51	-1.1	0.0	0.0	80.38					0.0	0.0	0.23	0.0	0.0	0.05	0.23	0.0	0.0	82.2					0.0	0.0	0.89	0.0	0.0	0.64	0.89	0.0	0.0	82.2					-0.0	-0.0	0.55	-0.0	-0.0	0.5140186915887919	0.55	0.003831527379459595	0.0038213364594326116	121.15458146298414				
2024-02-29 08:00:00	0	1.07	1.07	1.07	1.07	1.07	RAD.MI	0.72	0.72	0.72	0.72	1.02	0.71	-1.0	-1.0	-1.0	-1	-1.0	-1.0	1.0	-1.0	-1.0	1.0									-1.0			1.31										-1.0			1.71	-0.0	-0.0	-1.28	-0.0	-0.0	-0.58	1.12	-1.28	0.0	0.0	120.2					1	-0.0	-0.0	-1.1	-0.0	-0.0	-0.51	-1.1	0.0	0.0	77.5					0.0	0.0	0.23	0.0	0.0	0.05	0.23	0.0	0.0	89.5					0.0	0.0	0.89	0.0	0.0	0.64	0.89	0.0	0.0	80.68					-0.0	-0.0	0.55	-0.0	-0.0	0.5140186915887919	0.55	0.0036935929279835467	0.0036837104168399026	120.19709713640464				
2024-03-01 08:00:00	1000	1.07	1.07	1.07	1.07	1.07	RAD.MI	0.71	0.71	0.71	0.71	1.02	0.71	-1.0	-1.0	-1.0	-1	-1.0	-1.0	1.0	-1.0	-1.0	1.0									-1.0			1.31		0.71								-1.0			1.71	-0.0	-0.0	-1.28	-0.0	-0.0	-0.58	1.11	-1.28	0.0	0.0	120.2					1	-0.0	-0.0	-1.1	-0.0	-0.0	-0.51	-1.1	0.0	0.0	77.5					0.0	0.0	0.23	0.0	0.0	0.05	0.23	0.0	0.0	89.5					0.0	0.0	0.89	0.0	0.0	0.64	0.89	0.0	0.0	80.68					-0.0	-0.0	0.55	-0.0	-0.0	0.5140186915887919	0.55	0.0036935929279835467	0.0036837104168399026	120.19709713640464				
2024-03-04 08:00:00	1000	1.08	1.08	1.08	1.08	1.08	RAD.MI	0.72	0.72	0.72	0.72	1.02	0.71	-1.0	-1.0	-1.0	-1	-1.0	-1.0	1.0	-1.0	-1.0	1.0									-1.0			1.31	0.72									-1.0			1.71	-0.01	-0.01	-1.29	-0.01	-0.01	-0.59	1.11	-1.29	0.0	0.0	113.91					1	-0.01	-0.01	-1.11	-0.01	-0.01	-0.51	-1.11	0.0	0.0	70.67					0.01	0.01	0.24	0.01	0.01	0.06	0.24	0.0	0.0	90.25					0.01	0.01	0.9	0.01	0.01	0.66	0.9	0.0	0.0	81.51					-0.010000000000000009	-0.010000000000000009	0.54	-0.009345794392523477	-0.00930239266231363	0.5000000000000067	0.54	0.0035629553547767935	0.003552535922634714	113.9060778305266				
2024-03-05 08:00:00	0	1.08	1.08	1.08	1.08	1.08	RAD.MI	0.71	0.71	0.71	0.71	1.02	0.71	-1.0	-1.0	-1.0	-1	-1.0	-1.0	1.0	-1.0	-1.0	1.0									-1.0			1.31		0.71								-1.0			1.71	-0.0	-0.0	-1.29	-0.0	-0.0	-0.59	1.11	-1.29	0.0	0.0	122.59					1	-0.0	-0.0	-1.11	-0.0	-0.0	-0.51	-1.11	0.0	0.0	79.44					0.0	0.0	0.24	0.0	0.0	0.06	0.24	0.0	0.0	88.84					0.0	0.0	0.9	0.0	0.0	0.66	0.9	0.0	0.0	88.84					-0.0	-0.0	0.54	-0.0	-0.0	0.5000000000000067	0.54	0.0037094717555279317	0.003699730446457661	122.5874463246466				
2024-03-06 08:00:00	0	1.08	1.08	1.08	1.08	1.08	RAD.MI	0.71	0.71	0.71	0.71	1.02	0.71	-1.0	-1.0	-1.0	-1	-1.0	-1.0	1.0	-1.0	-1.0	1.0									-1.0			1.31										-1.0			1.71	-0.0	-0.0	-1.29	-0.0	-0.0	-0.59	1.11	-1.29	0.0	0.0	122.59					1	-0.0	-0.0	-1.11	-0.0	-0.0	-0.51	-1.11	0.0	0.0	79.44					0.0	0.0	0.24	0.0	0.0	0.06	0.24	0.0	0.0	88.84					0.0	0.0	0.9	0.0	0.0	0.66	0.9	0.0	0.0	88.84					-0.0	-0.0	0.54	-0.0	-0.0	0.5000000000000067	0.54	0.0037094717555279317	0.003699730446457661	122.5874463246466				
2024-03-07 08:00:00	64000	1.25	1.15	1.15	1.19	1.19	RAD.MI	0.75	0.82	0.75	0.78	1.02	0.71	-1.0	-1.0	1.0	1	-1.0	-1.0	1.0	-1.0	-1.0	1.0	1.25		1.25						-1.0			1.31	0.82		0.82							-1.0			1.71	-0.11	-0.11	-1.4	-0.1	-0.1	-0.62	1.25	-1.4	0.0	0.0	91.5					1	-0.11	-0.11	-1.22	-0.1	-0.1	-0.56	-1.22	0.0	0.0	45.28					0.11	0.11	0.35	0.1	0.1	0.17	0.35	0.0	0.0	109.68					0.11	0.11	1.01	0.1	0.1	0.83	1.01	0.0	0.0	109.68					-0.10999999999999988	-0.10999999999999988	0.43000000000000016	-0.10185185185185164	-0.09699226598730949	0.3613445378151323	0.43000000000000016	0.00305044638804488	0.003039337871156622	91.49555988665955				
2024-03-08 08:00:00	14000	1.17	1.12	1.17	1.13	1.13	RAD.MI	0.76	0.76	0.73	0.74	1.02	0.71	-1.0	-1.0	1.0	1	-1.0	-1.0	1.0	-1.0	-1.0	1.0									-1.0			1.31										-1.0			1.71	0.06	0.06	-1.34	0.05	0.05	-0.6	1.25	-1.34	0.0	0.0	94.8					1	-0.06	-0.06	-1.28	-0.05	-0.05	-0.58	-1.28	0.0	0.0	31.99					-0.06	-0.06	0.29	-0.05	-0.05	0.11	0.29	0.0	0.0	93.93					-0.06	-0.06	0.95	-0.05	-0.05	0.74	0.95	0.0	0.0	93.93					0.06000000000000005	0.06000000000000005	0.4900000000000002	0.050420168067226934	0.051735674399188865	0.43362831858407747	0.4900000000000002	0.003459158215798473	0.00344703603376173	94.80258000749069				
2024-03-11 08:00:00	9000	1.12	1.08	1.12	1.08	1.08	RAD.MI	0.73	0.73	0.71	0.71	1.02	0.71	-1.0	-1.0	1.0	1	-1.0	-1.0	1.0	-1.0	-1.0	1.0									-1.0			1.31										-1.0			1.71	0.05	0.05	-1.29	0.04	0.05	-0.59	1.25	-1.29	0.0	0.0	97.26					1	-0.05	-0.05	-1.33	-0.04	-0.05	-0.6	-1.33	0.0	0.0	20.91					-0.05	-0.05	0.24	-0.04	-0.05	0.06	0.24	0.0	0.0	81.6					-0.05	-0.05	0.9	-0.04	-0.05	0.66	0.9	0.0	0.0	81.6					0.04999999999999982	0.04999999999999982	0.54	0.044247787610619316	0.04525659158812072	0.5000000000000067	0.54	0.0038166852893446266	0.0038036402844183748	97.26035105973055				
2024-03-12 08:00:00	14000	1.08	1.05	1.07	1.06	1.06	RAD.MI	0.69	0.7	0.68	0.69	1.02	0.68	-1.0	-1.0	-1.0	-1	-1.0	-1.0	1.0	-1.0	-1.0	1.0									-1.0			1.31										-1.0			1.71	0.02	0.02	-1.27	0.02	0.02	-0.58	1.25	-1.27	0.0	0.0	103.28					1	-0.02	-0.02	-1.35	-0.02	-0.02	-0.6	-1.35	0.0	0.0	19.63					-0.02	-0.02	0.22	-0.02	-0.02	0.05	0.22	0.0	0.0	74.51					-0.02	-0.02	0.88	-0.02	-0.02	0.63	0.88	0.0	0.0	74.51					0.020000000000000018	0.020000000000000018	0.56	0.01851851851851849	0.01869213301215252	0.5283018867924596	0.56	0.00410933980236221	0.004096562256816094	103.2768874911262				
2024-03-13 08:00:00	2000	1.06	1.05	1.06	1.05	1.05	RAD.MI	0.68	0.68	0.68	0.68	1.02	0.68	-1.0	-1.0	-1.0	-1	-1.0	-1.0	1.0	-1.0	-1.0	1.0									-1.0			1.31										-1.0			1.71	0.01	0.01	-1.26	0.01	0.01	-0.57	1.25	-1.26	0.0	0.0	103.7					1	0.01	0.01	-1.34	0.01	0.01	-0.6	-1.34	0.0	0.0	22.04					-0.01	-0.01	0.21	-0.01	-0.01	0.04	0.21	0.0	0.0	69.74					-0.01	-0.01	0.87	-0.01	-0.01	0.61	0.87	0.0	0.0	69.74					0.010000000000000009	0.010000000000000009	0.5700000000000001	0.009433962264150941	0.00947874395454377	0.5428571428571498	0.5700000000000001	0.00418516975399856	0.004172200219987321	103.70135327149916				
2024-03-14 08:00:00	3500	1.04	1.04	1.04	1.04	1.04	RAD.MI	0.67	0.67	0.67	0.67	1.02	0.67	-1.0	-1.0	-1.0	-1	-1.0	-1.0	1.0	-1.0	-1.0	1.0		1.04		1.04					-1.0			1.31		0.67		0.67						-1.0			1.71	0.01	0.01	-1.25	0.01	0.01	-0.57	1.25	-1.25	0.0	0.0	134.59					1	0.01	0.01	-1.33	0.01	0.01	-0.6	-1.33	0.0	0.0	43.94					-0.01	-0.01	0.2	-0.01	-0.01	0.03	0.2	0.0	0.0	56.27					-0.01	-0.01	0.86	-0.01	-0.01	0.6	0.86	0.0	0.0	56.27					0.010000000000000009	0.010000000000000009	0.5800000000000001	0.00952380952380949	0.009569451016150672	0.5576923076923146	0.5800000000000001	0.004581709299591121	0.004570967454658792	134.58874119835278				
2024-03-15 08:00:00	3000	1.06	1.03	1.03	1.06	1.06	RAD.MI	0.66	0.68	0.66	0.68	0.96	0.66	-1.0	-1.0	-1.0	-1	-1.0	-1.0	1.0	-1.0	-1.0	1.0									-1.0			1.31										-1.0			1.71	-0.02	-0.02	-1.27	-0.02	-0.02	-0.58	1.25	-1.27	0.0	0.0	123.35					1	-0.02	-0.02	-1.35	-0.02	-0.02	-0.6	-1.35	0.0	0.0	36.16					0.02	0.02	0.22	0.02	0.02	0.05	0.22	0.0	0.0	68.57					0.02	0.02	0.88	0.02	0.02	0.63	0.88	0.0	0.0	68.57					-0.020000000000000018	-0.020000000000000018	0.56	-0.019230769230769162	-0.01904819497069441	0.5283018867924598	0.56	0.004098904853204257	0.004088142564752095	123.35318026775924				
2024-03-18 08:00:00	21500	1.13	1.09	1.1	1.13	1.13	RAD.MI	0.71	0.73	0.7	0.73	0.96	0.66	-1.0	-1.0	-1.0	-1	-1.0	-1.0	1.0	-1.0	-1.0	1.0									-1.0			1.31										-1.0			1.71	-0.07	-0.07	-1.34	-0.07	-0.06	-0.6	1.25	-1.34	0.0	0.0	100.25					1	-0.07	-0.07	-1.42	-0.07	-0.06	-0.63	-1.42	0.0	0.0	22.26					0.07	0.07	0.29	0.07	0.06	0.11	0.29	0.0	0.0	87.44					0.07	0.07	0.95	0.07	0.06	0.74	0.95	0.0	0.0	87.44					-0.06999999999999984	-0.06999999999999984	0.4900000000000002	-0.06603773584905648	-0.0639487246002733	0.43362831858407747	0.4900000000000002	0.0034434407855535544	0.0034320304449579897	100.24708685801552				
2024-03-19 08:00:00	6500	1.14	1.13	1.13	1.14	1.14	RAD.MI	0.72	0.73	0.72	0.73	0.96	0.66	-1.0	-1.0	-1.0	-1	-1.0	-1.0	1.0	-1.0	-1.0	1.0	1.14								-1.0			1.31	0.73									-1.0			1.71	-0.01	-0.01	-1.35	-0.01	-0.01	-0.61	1.25	-1.35	0.0	0.0	94.83					1	-0.01	-0.01	-1.43	-0.01	-0.01	-0.63	-1.43	0.0	0.0	16.66					0.01	0.01	0.3	0.01	0.01	0.12	0.3	0.0	0.0	88.06					0.01	0.01	0.96	0.01	0.01	0.75	0.96	0.0	0.0	88.06					-0.010000000000000009	-0.010000000000000009	0.4800000000000002	-0.008849557522123908	-0.008810629682154906	0.421052631578954	0.4800000000000002	0.0033068371369030626	0.0032948565119141904	94.83382066214926				
2024-03-20 08:00:00	0	1.14	1.14	1.14	1.14	1.14	RAD.MI	0.73	0.73	0.73	0.73	0.96	0.66	-1.0	-1.0	-1.0	-1	-1.0	-1.0	1.0	-1.0	-1.0	1.0									-1.0			1.31										-1.0			1.71	-0.0	-0.0	-1.35	-0.0	-0.0	-0.61	1.25	-1.35	0.0	0.0	94.83					1	-0.0	-0.0	-1.43	-0.0	-0.0	-0.63	-1.43	0.0	0.0	16.66					0.0	0.0	0.3	0.0	0.0	0.12	0.3	0.0	0.0	88.06					0.0	0.0	0.96	0.0	0.0	0.75	0.96	0.0	0.0	88.06					-0.0	-0.0	0.4800000000000002	-0.0	-0.0	0.421052631578954	0.4800000000000002	0.0033068371369030626	0.0032948565119141904	94.83382066214926				
2024-03-21 08:00:00	5000	1.14	1.12	1.14	1.12	1.12	RAD.MI	0.73	0.73	0.71	0.71	0.96	0.66	-1.0	-1.0	-1.0	-1	-1.0	-1.0	1.0	-1.0	-1.0	1.0									-1.0			1.31										-1.0			1.71	0.02	0.02	-1.33	0.02	0.02	-0.6	1.25	-1.33	0.0	0.0	95.92					1	0.02	0.02	-1.41	0.02	0.02	-0.63	-1.41	0.0	0.0	20.89					-0.02	-0.02	0.28	-0.02	-0.02	0.1	0.28	0.0	0.0	80.98					-0.02	-0.02	0.94	-0.02	-0.02	0.72	0.94	0.0	0.0	80.98					0.019999999999999796	0.019999999999999796	0.5	0.01754385964912264	0.01769957709940075	0.44642857142857784	0.5	0.0034448938382783878	0.0034325523067779695	95.91802200825879				
2024-03-22 08:00:00	1500	1.13	1.13	1.13	1.13	1.13	RAD.MI	0.72	0.72	0.72	0.72	0.96	0.66	-1.0	-1.0	-1.0	-1	-1.0	-1.0	1.0	-1.0	-1.0	1.0		1.13							-1.0			1.31										-1.0			1.71	-0.01	-0.01	-1.34	-0.01	-0.01	-0.6	1.25	-1.34	0.0	0.0	97.85					1	-0.01	-0.01	-1.42	-0.01	-0.01	-0.63	-1.42	0.0	0.0	21.99					0.01	0.01	0.29	0.01	0.01	0.11	0.29	0.0	0.0	80.36					0.01	0.01	0.95	0.01	0.01	0.74	0.95	0.0	0.0	80.36					-0.009999999999999787	-0.009999999999999787	0.4900000000000002	-0.008928571428571175	-0.008888947417245774	0.43362831858407747	0.4900000000000002	0.0034635999879265595	0.0034514335350608327	97.84779267044803				
2024-03-25 08:00:00	0	1.13	1.13	1.13	1.13	1.13	RAD.MI	0.71	0.71	0.71	0.71	0.96	0.66	-1.0	-1.0	-1.0	-1	-1.0	-1.0	1.0	-1.0	-1.0	1.0									-1.0			1.31		0.71								-1.0			1.71	-0.0	-0.0	-1.34	-0.0	-0.0	-0.6	1.25	-1.34	0.0	0.0	97.85					1	-0.0	-0.0	-1.42	-0.0	-0.0	-0.63	-1.42	0.0	0.0	21.99					0.0	0.0	0.29	0.0	0.0	0.11	0.29	0.0	0.0	80.36					0.0	0.0	0.95	0.0	0.0	0.74	0.95	0.0	0.0	80.36					-0.0	-0.0	0.4900000000000002	-0.0	-0.0	0.43362831858407747	0.4900000000000002	0.0034635999879265595	0.0034514335350608327	97.84779267044803				
2024-03-26 08:00:00	4000	1.17	1.13	1.17	1.13	1.13	RAD.MI	0.74	0.74	0.71	0.71	0.96	0.66	-1.0	-1.0	-1.0	-1	-1.0	-1.0	1.0	-1.0	-1.0	1.0	1.17								-1.0			1.31	0.74									-1.0			1.71	-0.0	-0.0	-1.34	-0.0	-0.0	-0.6	1.25	-1.34	0.0	0.0	103.24					1	-0.0	-0.0	-1.42	-0.0	-0.0	-0.63	-1.42	0.0	0.0	27.44					0.0	0.0	0.29	0.0	0.0	0.11	0.29	0.0	0.0	79.72					0.0	0.0	0.95	0.0	0.0	0.74	0.95	0.0	0.0	79.72					-0.0	-0.0	0.4900000000000002	-0.0	-0.0	0.43362831858407747	0.4900000000000002	0.0036006468541769253	0.003589053714314172	103.24208646554177				
2024-03-27 08:00:00	2500	1.11	1.11	1.11	1.11	1.11	RAD.MI	0.7	0.7	0.7	0.7	0.96	0.66	-1.0	-1.0	-1.0	-1	-1.0	-1.0	1.0	-1.0	-1.0	1.0		1.11							-1.0			1.31		0.7								-1.0			1.71	0.02	0.02	-1.32	0.02	0.02	-0.6	1.25	-1.32	0.0	0.0	104.23					1	0.02	0.02	-1.4	0.02	0.02	-0.62	-1.4	0.0	0.0	31.13					-0.02	-0.02	0.27	-0.02	-0.02	0.09	0.27	0.0	0.0	72.86					-0.02	-0.02	0.93	-0.02	-0.02	0.71	0.93	0.0	0.0	72.86					0.019999999999999796	0.019999999999999796	0.51	0.017699115044247593	0.017857617400006236	0.4594594594594661	0.51	0.0037417220316369746	0.003729776693779163	104.2269438565393				
2024-03-28 08:00:00	3500	1.13	1.1	1.11	1.13	1.13	RAD.MI	0.7	0.71	0.69	0.71	0.96	0.66	-1.0	-1.0	-1.0	-1	-1.0	-1.0	1.0	-1.0	-1.0	1.0									-1.0			1.31										-1.0			1.71	-0.02	-0.02	-1.34	-0.02	-0.02	-0.6	1.25	-1.34	0.0	0.0	96.78					1	-0.02	-0.02	-1.42	-0.02	-0.02	-0.63	-1.42	0.0	0.0	24.63					0.02	0.02	0.29	0.02	0.02	0.11	0.29	0.0	0.0	74.23					0.02	0.02	0.95	0.02	0.02	0.74	0.95	0.0	0.0	74.23					-0.019999999999999796	-0.019999999999999796	0.4900000000000002	-0.018018018018017834	-0.017857617400006253	0.43362831858407747	0.4900000000000002	0.0035824868814876556	0.0035697596436969903	96.77752037730221				
2024-04-02 07:00:00	0	1.13	1.13	1.13	1.13	1.13	RAD.MI	0.72	0.72	0.72	0.72	0.96	0.66	-1.0	-1.0	-1.0	-1	-1.0	-1.0	1.0	-1.0	-1.0	1.0									-1.0			1.31										-1.0			1.71	-0.0	-0.0	-1.34	-0.0	-0.0	-0.6	1.25	-1.34	0.0	0.0	96.78					1	-0.0	-0.0	-1.42	-0.0	-0.0	-0.63	-1.42	0.0	0.0	24.63					0.0	0.0	0.29	0.0	0.0	0.11	0.29	0.0	0.0	74.23					0.0	0.0	0.95	0.0	0.0	0.74	0.95	0.0	0.0	74.23					-0.0	-0.0	0.4900000000000002	-0.0	-0.0	0.43362831858407747	0.4900000000000002	0.0035824868814876556	0.0035697596436969903	96.77752037730221				
2024-04-03 07:00:00	0	1.13	1.13	1.13	1.13	1.13	RAD.MI	0.72	0.72	0.72	0.72	0.96	0.66	-1.0	-1.0	-1.0	-1	-1.0	-1.0	1.0	-1.0	-1.0	1.0									-1.0			1.31										-1.0			1.71	-0.0	-0.0	-1.34	-0.0	-0.0	-0.6	1.25	-1.34	0.0	0.0	96.78					1	-0.0	-0.0	-1.42	-0.0	-0.0	-0.63	-1.42	0.0	0.0	24.63					0.0	0.0	0.29	0.0	0.0	0.11	0.29	0.0	0.0	74.23					0.0	0.0	0.95	0.0	0.0	0.74	0.95	0.0	0.0	74.23					-0.0	-0.0	0.4900000000000002	-0.0	-0.0	0.43362831858407747	0.4900000000000002	0.0035824868814876556	0.0035697596436969903	96.77752037730221				
2024-04-04 07:00:00	500	1.13	1.13	1.13	1.13	1.13	RAD.MI	0.72	0.72	0.72	0.72	0.96	0.66	-1.0	-1.0	-1.0	-1	-1.0	-1.0	1.0	-1.0	-1.0	1.0									-1.0			1.31										-1.0			1.71	-0.0	-0.0	-1.34	-0.0	-0.0	-0.6	1.25	-1.34	0.0	0.0	96.78					1	-0.0	-0.0	-1.42	-0.0	-0.0	-0.63	-1.42	0.0	0.0	24.63					0.0	0.0	0.29	0.0	0.0	0.11	0.29	0.0	0.0	74.23					0.0	0.0	0.95	0.0	0.0	0.74	0.95	0.0	0.0	74.23					-0.0	-0.0	0.4900000000000002	-0.0	-0.0	0.43362831858407747	0.4900000000000002	0.0035824868814876556	0.0035697596436969903	96.77752037730221				
2024-04-05 07:00:00	0	1.13	1.13	1.13	1.13	1.13	RAD.MI	0.73	0.73	0.73	0.73	0.96	0.66	-1.0	-1.0	-1.0	-1	-1.0	-1.0	1.0	-1.0	-1.0	1.0									-1.0			1.31										-1.0			1.71	-0.0	-0.0	-1.34	-0.0	-0.0	-0.6	1.25	-1.34	0.0	0.0	96.78					1	-0.0	-0.0	-1.42	-0.0	-0.0	-0.63	-1.42	0.0	0.0	24.63					0.0	0.0	0.29	0.0	0.0	0.11	0.29	0.0	0.0	74.23					0.0	0.0	0.95	0.0	0.0	0.74	0.95	0.0	0.0	74.23					-0.0	-0.0	0.4900000000000002	-0.0	-0.0	0.43362831858407747	0.4900000000000002	0.0035824868814876556	0.0035697596436969903	96.77752037730221				
2024-04-08 07:00:00	24000	1.2	1.12	1.14	1.14	1.14	RAD.MI	0.73	0.76	0.71	0.73	0.96	0.66	-1.0	-1.0	-1.0	0	-1.0	-1.0	1.0	-1.0	-1.0	1.0	1.2		1.2						-1.0			1.31	0.76		0.76							-1.0			1.71	-0.01	-0.01	-1.35	-0.01	-0.01	-0.61	1.2	-1.35	0.0	0.0	91.07					1	-0.01	-0.01	-1.43	-0.01	-0.01	-0.63	-1.43	0.0	0.0	17.54					0.01	0.01	0.3	0.01	0.01	0.12	0.3	0.0	0.0	79.8					0.01	0.01	0.96	0.01	0.01	0.75	0.96	0.0	0.0	79.8					-0.010000000000000009	-0.010000000000000009	0.4800000000000002	-0.008849557522123908	-0.008810629682154906	0.421052631578954	0.4800000000000002	0.003374393453185679	0.003361252781158175	91.06627622685156				
2024-04-09 07:00:00	0	1.14	1.14	1.14	1.14	1.14	RAD.MI	0.73	0.73	0.73	0.73	0.96	0.66	-1.0	-1.0	-1.0	0	-1.0	-1.0	1.0	-1.0	-1.0	1.0									-1.0			1.31										-1.0			1.71	-0.0	-0.0	-1.35	-0.0	-0.0	-0.61	1.2	-1.35	0.0	0.0	96.24					1	0.0	0.0	-1.43	0.0	0.0	-0.63	-1.43	0.0	0.0	22.8					0.0	0.0	0.3	0.0	0.0	0.12	0.3	0.0	0.0	79.2					0.0	0.0	0.96	0.0	0.0	0.75	0.96	0.0	0.0	79.2					-0.0	-0.0	0.4800000000000002	-0.0	-0.0	0.421052631578954	0.4800000000000002	0.0035150345315151225	0.0035024809808821278	96.23842767639326				
2024-04-10 07:00:00	0	1.14	1.14	1.14	1.14	1.14	RAD.MI	0.73	0.73	0.73	0.73	0.96	0.66	-1.0	-1.0	-1.0	0	-1.0	-1.0	1.0	-1.0	-1.0	1.0									-1.0			1.31										-1.0			1.71	-0.0	-0.0	-1.35	-0.0	-0.0	-0.61	1.2	-1.35	0.0	0.0	96.24					1	0.0	0.0	-1.43	0.0	0.0	-0.63	-1.43	0.0	0.0	22.8					0.0	0.0	0.3	0.0	0.0	0.12	0.3	0.0	0.0	79.2					0.0	0.0	0.96	0.0	0.0	0.75	0.96	0.0	0.0	79.2					-0.0	-0.0	0.4800000000000002	-0.0	-0.0	0.421052631578954	0.4800000000000002	0.0035150345315151225	0.0035024809808821278	96.23842767639326				
2024-04-11 07:00:00	11000	1.1	1.08	1.1	1.1	1.1	RAD.MI	0.71	0.71	0.7	0.71	0.96	0.66	-1.0	-1.0	-1.0	0	-1.0	-1.0	1.0	-1.0	-1.0	1.0		1.08							-1.0			1.31										-1.0			1.71	0.04	0.04	-1.31	0.04	0.04	-0.59	1.2	-1.31	0.0	0.0	98.19					1	-0.0	-0.0	-1.43	-0.0	-0.0	-0.63	-1.43	0.0	0.0	22.8					-0.04	-0.04	0.26	-0.04	-0.04	0.08	0.26	0.0	0.0	69.33					-0.04	-0.04	0.92	-0.04	-0.04	0.69	0.92	0.0	0.0	69.33					0.039999999999999813	0.039999999999999813	0.52	0.0350877192982455	0.035718082602079114	0.4727272727272793	0.52	0.003793635575811339	0.0037803312345054962	98.18666970809048				
2024-04-12 07:00:00	6000	1.13	1.08	1.08	1.09	1.09	RAD.MI	0.7	0.73	0.7	0.7	0.96	0.66	-1.0	-1.0	-1.0	0	-1.0	-1.0	1.0	-1.0	-1.0	1.0	1.13								-1.0			1.31										-1.0			1.71	0.01	0.01	-1.3	0.01	0.01	-0.59	1.2	-1.3	0.0	0.0	98.65					1	-0.0	-0.0	-1.43	-0.0	-0.0	-0.63	-1.43	0.0	0.0	22.8					-0.01	-0.01	0.25	-0.01	-0.01	0.07	0.25	0.0	0.0	64.57					-0.01	-0.01	0.91	-0.01	-0.01	0.67	0.91	0.0	0.0	64.57					0.010000000000000009	0.010000000000000009	0.53	0.00909090909090915	0.009132483563272587	0.4862385321100986	0.53	0.0038648689476048653	0.003851369160004836	98.65106923865692				
2024-04-15 07:00:00	9500	1.07	1.05	1.07	1.06	1.06	RAD.MI	0.69	0.69	0.68	0.68	0.96	0.66	-1.0	-1.0	-1.0	0	-1.0	-1.0	1.0	-1.0	-1.0	1.0									-1.0			1.31		0.68								-1.0			1.71	0.03	0.03	-1.27	0.03	0.03	-0.58	1.2	-1.27	0.0	0.0	99.99					1	-0.0	-0.0	-1.43	-0.0	-0.0	-0.63	-1.43	0.0	0.0	22.8					-0.03	-0.03	0.22	-0.03	-0.03	0.05	0.22	0.0	0.0	56.97					-0.03	-0.03	0.88	-0.03	-0.03	0.63	0.88	0.0	0.0	56.97					0.030000000000000027	0.030000000000000027	0.56	0.02752293577981657	0.027908788117076616	0.52830188679246	0.56	0.004082557494918064	0.004068451638675086	99.99410951966205				
2024-04-16 07:00:00	2500	1.06	1.05	1.05	1.06	1.06	RAD.MI	0.69	0.69	0.69	0.69	0.96	0.66	-1.0	-1.0	-1.0	-1	-1.0	-1.0	1.0	-1.0	-1.0	1.0									-1.0			1.31	0.69									-1.0			1.71	-0.0	-0.0	-1.27	-0.0	-0.0	-0.58	1.2	-1.27	0.0	0.0	99.99					1	0.0	0.0	-1.43	0.0	0.0	-0.63	-1.43	0.0	0.0	22.8					0.0	0.0	0.22	0.0	0.0	0.05	0.22	0.0	0.0	56.97					0.0	0.0	0.88	0.0	0.0	0.63	0.88	0.0	0.0	56.97					-0.0	-0.0	0.56	-0.0	-0.0	0.52830188679246	0.56	0.004082557494918064	0.004068451638675086	99.99410951966203				
2024-04-17 07:00:00	0	1.06	1.06	1.06	1.06	1.06	RAD.MI	0.69	0.69	0.69	0.69	0.96	0.66	-1.0	-1.0	-1.0	-1	-1.0	-1.0	1.0	-1.0	-1.0	1.0									-1.0			1.31										-1.0			1.71	-0.0	-0.0	-1.27	-0.0	-0.0	-0.58	1.2	-1.27	0.0	0.0	99.99					1	-0.0	-0.0	-1.43	-0.0	-0.0	-0.63	-1.43	0.0	0.0	22.8					0.0	0.0	0.22	0.0	0.0	0.05	0.22	0.0	0.0	56.97					0.0	0.0	0.88	0.0	0.0	0.63	0.88	0.0	0.0	56.97					-0.0	-0.0	0.56	-0.0	-0.0	0.52830188679246	0.56	0.004082557494918064	0.004068451638675086	99.99410951966203				
2024-04-18 07:00:00	5500	1.04	1.04	1.04	1.04	1.04	RAD.MI	0.67	0.67	0.67	0.67	0.96	0.66	-1.0	-1.0	-1.0	-1	-1.0	-1.0	1.0	-1.0	-1.0	1.0									-1.0			1.31										-1.0			1.71	0.02	0.02	-1.25	0.02	0.02	-0.57	1.2	-1.25	0.0	0.0	98.81					1	0.02	0.02	-1.41	0.02	0.02	-0.63	-1.41	0.0	0.0	26.67					-0.02	-0.02	0.2	-0.02	-0.02	0.03	0.2	0.0	0.0	60.83					-0.02	-0.02	0.86	-0.02	-0.02	0.6	0.86	0.0	0.0	60.83					0.020000000000000018	0.020000000000000018	0.5800000000000001	0.018867924528301883	0.019048194970694474	0.557692307692315	0.5800000000000001	0.0038904679203687217	0.003876897549356384	98.81484674363796				
2024-04-19 07:00:00	500	1.04	1.04	1.04	1.04	1.04	RAD.MI	0.67	0.67	0.67	0.67	0.96	0.66	-1.0	-1.0	-1.0	-1	-1.0	-1.0	1.0	-1.0	-1.0	1.0									-1.0			1.31										-1.0			1.71	-0.0	-0.0	-1.25	-0.0	-0.0	-0.57	1.2	-1.25	0.0	0.0	98.81					1	-0.0	-0.0	-1.41	-0.0	-0.0	-0.63	-1.41	0.0	0.0	26.67					0.0	0.0	0.2	0.0	0.0	0.03	0.2	0.0	0.0	60.83					0.0	0.0	0.86	0.0	0.0	0.6	0.86	0.0	0.0	60.83					-0.0	-0.0	0.5800000000000001	-0.0	-0.0	0.557692307692315	0.5800000000000001	0.0038904679203687217	0.003876897549356384	98.81484674363796				
2024-04-22 07:00:00	19000	1.02	0.99	1.02	1.0	1.0	RAD.MI	0.66	0.66	0.64	0.65	0.96	0.64	-1.0	-1.0	-1.0	-1	-1.0	-1.0	1.0	-1.0	-1.0	1.0		0.99		0.99		0.99			-1.0			1.31										-1.0			1.71	0.04	0.04	-1.21	0.04	0.04	-0.55	1.2	-1.21	0.0	0.0	99.84					1	0.04	0.04	-1.37	0.04	0.04	-0.61	-1.37	0.0	0.0	30.53					-0.04	-0.04	0.16	-0.04	-0.04	-0.01	0.16	0.0	0.0	57.49					-0.04	-0.04	0.82	-0.04	-0.04	0.54	0.82	0.0	0.0	57.49					0.040000000000000036	0.040000000000000036	0.6200000000000001	0.03846153846153855	0.039220713153281385	0.6200000000000077	0.6200000000000001	0.004055845140043425	0.004041814366486873	99.83518135976861				
2024-04-23 07:00:00	15500	1.03	1.0	1.01	1.0	1.0	RAD.MI	0.64	0.65	0.64	0.64	0.96	0.64	-1.0	-1.0	-1.0	-1	-1.0	-1.0	1.0	-1.0	-1.0	1.0									-1.0			1.31		0.64		0.64						-1.0			1.71	-0.0	-0.0	-1.21	-0.0	-0.0	-0.55	1.2	-1.21	0.0	0.0	99.84					1	-0.0	-0.0	-1.37	-0.0	-0.0	-0.61	-1.37	0.0	0.0	30.53					0.0	0.0	0.16	0.0	0.0	-0.01	0.16	0.0	0.0	57.49					0.0	0.0	0.82	0.0	0.0	0.54	0.82	0.0	0.0	57.49					-0.0	-0.0	0.6200000000000001	-0.0	-0.0	0.6200000000000077	0.6200000000000001	0.004055845140043425	0.004041814366486873	99.83518135976861				
2024-04-24 07:00:00	9000	1.04	1.0	1.04	1.0	1.0	RAD.MI	0.66	0.66	0.64	0.64	0.96	0.64	-1.0	-1.0	-1.0	-1	-1.0	-1.0	1.0	-1.0	-1.0	1.0									-1.0			1.31										-1.0			1.71	-0.0	-0.0	-1.21	-0.0	-0.0	-0.55	1.2	-1.21	0.0	0.0	99.84					1	-0.0	-0.0	-1.37	-0.0	-0.0	-0.61	-1.37	0.0	0.0	30.53					0.0	0.0	0.16	0.0	0.0	-0.01	0.16	0.0	0.0	57.49					0.0	0.0	0.82	0.0	0.0	0.54	0.82	0.0	0.0	57.49					-0.0	-0.0	0.6200000000000001	-0.0	-0.0	0.6200000000000077	0.6200000000000001	0.004055845140043425	0.004041814366486873	99.83518135976861				
2024-04-25 07:00:00	2500	1.02	1.02	1.02	1.02	1.02	RAD.MI	0.66	0.66	0.66	0.66	0.96	0.64	-1.0	-1.0	-1.0	-1	-1.0	-1.0	1.0	-1.0	-1.0	1.0									-1.0			1.31	0.66									-1.0			1.71	-0.02	-0.02	-1.23	-0.02	-0.02	-0.56	1.2	-1.23	0.0	0.0	129.3					1	-0.02	-0.02	-1.39	-0.02	-0.02	-0.62	-1.39	0.0	0.0	46.7					0.02	0.02	0.18	0.02	0.02	0.01	0.18	0.0	0.0	46.92					0.02	0.02	0.84	0.02	0.02	0.57	0.84	0.0	0.0	46.92					-0.020000000000000018	-0.020000000000000018	0.6000000000000001	-0.020000000000000018	-0.01980262729617973	0.5882352941176547	0.6000000000000001	0.004293512777313576	0.004281760834719206	129.30048063346288				
2024-04-26 07:00:00	0	1.02	1.02	1.02	1.02	1.02	RAD.MI	0.65	0.65	0.65	0.65	0.88	0.64	-1.0	-1.0	-1.0	-1	-1.0	-1.0	1.0	-1.0	-1.0	1.0									-1.0			1.31		0.65								-1.0			1.71	-0.0	-0.0	-1.23	-0.0	-0.0	-0.56	1.2	-1.23	0.0	0.0	126.37					1	-0.0	-0.0	-1.39	-0.0	-0.0	-0.62	-1.39	0.0	0.0	46.7					0.0	0.0	0.18	0.0	0.0	0.01	0.18	0.0	0.0	60.18					0.0	0.0	0.84	0.0	0.0	0.57	0.84	0.0	0.0	60.18					-0.0	-0.0	0.6000000000000001	-0.0	-0.0	0.5882352941176547	0.6000000000000001	0.003844005697187812	0.0038333801887271424	126.366574824293				
2024-04-29 07:00:00	8000	1.03	1.02	1.02	1.03	1.03	RAD.MI	0.65	0.66	0.65	0.66	0.85	0.64	-1.0	-1.0	-1.0	-1	-1.0	-1.0	1.0	-1.0	-1.0	1.0	1.03								-1.0			1.31										-1.0			1.71	-0.01	-0.01	-1.24	-0.01	-0.01	-0.57	1.2	-1.24	0.0	0.0	128.75					1	-0.01	-0.01	-1.4	-0.01	-0.01	-0.62	-1.4	0.0	0.0	37.79					0.01	0.01	0.19	0.01	0.01	0.02	0.19	0.0	0.0	59.35					0.01	0.01	0.85	0.01	0.01	0.58	0.85	0.0	0.0	59.35					-0.010000000000000009	-0.010000000000000009	0.5900000000000001	-0.009803921568627416	-0.009756174945364656	0.57281553398059	0.5900000000000001	0.0038595177726040483	0.0038490269455446757	128.75425527005154				
2024-04-30 07:00:00	1000	1.02	1.02	1.02	1.02	1.02	RAD.MI	0.66	0.66	0.66	0.66	0.85	0.64	-1.0	-1.0	-1.0	-1	-1.0	-1.0	1.0	-1.0	-1.0	1.0		1.02							-1.0			1.31										-1.0			1.71	0.01	0.01	-1.23	0.01	0.01	-0.56	1.2	-1.23	0.0	0.0	127.87					1	0.01	0.01	-1.39	0.01	0.01	-0.62	-1.39	0.0	0.0	48.24					-0.01	-0.01	0.18	-0.01	-0.01	0.01	0.18	0.0	0.0	62.29					-0.01	-0.01	0.84	-0.01	-0.01	0.57	0.84	0.0	0.0	62.29					0.010000000000000009	0.010000000000000009	0.6000000000000001	0.009708737864077666	0.009756174945364685	0.5882352941176547	0.6000000000000001	0.0037381370349004314	0.0037279388064646035	127.86751450485664				
2024-05-02 07:00:00	1000	1.03	1.03	1.03	1.03	1.03	RAD.MI	0.67	0.67	0.67	0.67	0.85	0.64	-1.0	-1.0	-1.0	-1	-1.0	-1.0	1.0	-1.0	-1.0	1.0	1.03								-1.0			1.31	0.67		0.67							-1.0			1.71	-0.01	-0.01	-1.24	-0.01	-0.01	-0.57	1.2	-1.24	0.0	0.0	120.9					1	-0.01	-0.01	-1.4	-0.01	-0.01	-0.62	-1.4	0.0	0.0	42.31					0.01	0.01	0.19	0.01	0.01	0.02	0.19	0.0	0.0	63.43					0.01	0.01	0.85	0.01	0.01	0.58	0.85	0.0	0.0	63.43					-0.010000000000000009	-0.010000000000000009	0.5900000000000001	-0.009803921568627416	-0.009756174945364656	0.57281553398059	0.5900000000000001	0.003606693138692771	0.00359597856762095	120.8956193924418				
2024-05-03 07:00:00	42000	1.03	1.0	1.03	1.03	1.03	RAD.MI	0.67	0.67	0.65	0.67	0.85	0.64	-1.0	-1.0	-1.0	-1	-1.0	-1.0	1.0	-1.0	-1.0	1.0		1.0							-1.0			1.31										-1.0			1.71	-0.0	-0.0	-1.24	-0.0	-0.0	-0.57	1.2	-1.24	0.0	0.0	118.02					1	-0.0	-0.0	-1.4	-0.0	-0.0	-0.62	-1.4	0.0	0.0	54.8					0.0	0.0	0.19	0.0	0.0	0.02	0.19	0.0	0.0	76.36					0.0	0.0	0.85	0.0	0.0	0.58	0.85	0.0	0.0	76.36					-0.0	-0.0	0.5900000000000001	-0.0	-0.0	0.57281553398059	0.5900000000000001	0.0032703951497222786	0.0032605129048437487	118.02336400853659				
2024-05-06 07:00:00	0	1.03	1.03	1.03	1.03	1.03	RAD.MI	0.66	0.66	0.66	0.66	0.85	0.64	-1.0	-1.0	-1.0	-1	-1.0	-1.0	1.0	-1.0	-1.0	1.0	1.03								-1.0			1.31										-1.0			1.71	-0.0	-0.0	-1.24	-0.0	-0.0	-0.57	1.2	-1.24	0.0	0.0	118.02					1	-0.0	-0.0	-1.4	-0.0	-0.0	-0.62	-1.4	0.0	0.0	54.8					0.0	0.0	0.19	0.0	0.0	0.02	0.19	0.0	0.0	76.36					0.0	0.0	0.85	0.0	0.0	0.58	0.85	0.0	0.0	76.36					-0.0	-0.0	0.5900000000000001	-0.0	-0.0	0.57281553398059	0.5900000000000001	0.0032703951497222786	0.0032605129048437487	118.02336400853659				
2024-05-07 07:00:00	4500	1.03	1.01	1.03	1.03	1.03	RAD.MI	0.66	0.66	0.64	0.66	0.85	0.64	-1.0	-1.0	-1.0	-1	-1.0	-1.0	1.0	-1.0	-1.0	1.0		1.01							-1.0			1.31		0.64								-1.0			1.71	-0.0	-0.0	-1.24	-0.0	-0.0	-0.57	1.14	-1.24	0.0	0.0	131.06					1	-0.0	-0.0	-1.4	-0.0	-0.0	-0.62	-1.4	0.0	0.0	49.73					0.0	0.0	0.19	0.0	0.0	0.02	0.19	0.0	0.0	73.28					0.0	0.0	0.85	0.0	0.0	0.58	0.85	0.0	0.0	73.28					-0.0	-0.0	0.5900000000000001	-0.0	-0.0	0.57281553398059	0.5900000000000001	0.0034341611202498125	0.0034250602020666765	131.05901553257678				
2024-05-08 07:00:00	1500	1.03	1.01	1.03	1.01	1.01	RAD.MI	0.66	0.66	0.65	0.65	0.85	0.64	-1.0	-1.0	-1.0	-1	-1.0	-1.0	1.0	-1.0	-1.0	1.0									-1.0			1.31										-1.0			1.71	0.02	0.02	-1.22	0.02	0.02	-0.56	1.14	-1.22	0.0	0.0	132.34					1	0.02	0.02	-1.38	0.02	0.02	-0.61	-1.38	0.0	0.0	53.56					-0.02	-0.02	0.17	-0.02	-0.02	-0.0	0.17	0.0	0.0	65.09					-0.02	-0.02	0.83	-0.02	-0.02	0.55	0.83	0.0	0.0	65.09					0.020000000000000018	0.020000000000000018	0.6100000000000001	0.01941747572815533	0.019608471388376313	0.6039603960396116	0.6100000000000001	0.0035871071970791472	0.0035776571126808765	132.34283609247746				
2024-05-09 07:00:00	2500	1.04	1.02	1.02	1.04	1.04	RAD.MI	0.65	0.66	0.65	0.66	0.85	0.64	-1.0	-1.0	-1.0	-1	-1.0	-1.0	1.0	-1.0	-1.0	1.0	1.04		1.04						-1.0			1.31	0.66									-1.0			1.71	-0.03	-0.03	-1.25	-0.03	-0.03	-0.57	1.13	-1.25	0.0	0.0	118.45					1	-0.03	-0.03	-1.41	-0.03	-0.03	-0.63	-1.41	0.0	0.0	43.6					0.03	0.03	0.2	0.03	0.03	0.03	0.2	0.0	0.0	68.61					0.03	0.03	0.86	0.03	0.03	0.6	0.86	0.0	0.0	68.61					-0.030000000000000027	-0.030000000000000027	0.5800000000000001	-0.02970297029702973	-0.029270382300113237	0.557692307692315	0.5800000000000001	0.0034148549913792722	0.00340454888709929	118.44667928560344				
2024-05-10 07:00:00	500	1.01	1.01	1.01	1.01	1.01	RAD.MI	0.64	0.64	0.64	0.64	0.85	0.64	-1.0	-1.0	-1.0	-1	-1.0	-1.0	1.0	-1.0	-1.0	1.0									-1.0			1.31										-1.0			1.71	0.03	0.03	-1.22	0.03	0.03	-0.56	1.13	-1.22	0.0	0.0	120.29					1	0.03	0.03	-1.38	0.03	0.03	-0.61	-1.38	0.0	0.0	48.83					-0.03	-0.03	0.17	-0.03	-0.03	-0.0	0.17	0.0	0.0	59.09					-0.03	-0.03	0.83	-0.03	-0.03	0.55	0.83	0.0	0.0	59.09					0.030000000000000027	0.030000000000000027	0.6100000000000001	0.028846153846153855	0.029270382300113224	0.6039603960396116	0.6100000000000001	0.003640236935090145	0.0036293651666803317	120.29195080346753				
2024-05-13 07:00:00	0	1.01	1.01	1.01	1.01	1.01	RAD.MI	0.63	0.63	0.63	0.63	0.85	0.63	-1.0	-1.0	-1.0	-1	-1.0	-1.0	1.0	-1.0	-1.0	1.0		1.01							-1.0			1.31										-1.0			1.71	-0.0	-0.0	-1.22	-0.0	-0.0	-0.56	1.07	-1.22	0.0	0.0	118.63					1	-0.0	-0.0	-1.38	-0.0	-0.0	-0.61	-1.38	0.0	0.0	58.01					0.0	0.0	0.17	0.0	0.0	-0.0	0.17	0.0	0.0	68.02					0.0	0.0	0.83	0.0	0.0	0.55	0.83	0.0	0.0	68.02					-0.0	-0.0	0.6100000000000001	-0.0	-0.0	0.6039603960396116	0.6100000000000001	0.0034367008556653485	0.0034263405810466274	118.6335189831058				
2024-05-14 07:00:00	28500	1.02	0.99	1.01	1.01	1.01	RAD.MI	0.63	0.63	0.62	0.63	0.84	0.62	-1.0	-1.0	-1.0	-1	-1.0	-1.0	1.0	-1.0	-1.0	1.0									-1.0			1.31										-1.0			1.71	-0.0	-0.0	-1.22	-0.0	-0.0	-0.56	1.06	-1.22	0.0	0.0	134.7					1	-0.0	-0.0	-1.38	-0.0	-0.0	-0.61	-1.38	0.0	0.0	69.78					0.0	0.0	0.17	0.0	0.0	-0.0	0.17	0.0	0.0	63.75					0.0	0.0	0.83	0.0	0.0	0.55	0.83	0.0	0.0	63.75					-0.0	-0.0	0.6100000000000001	-0.0	-0.0	0.6039603960396116	0.6100000000000001	0.003622042836412964	0.0036126468537884815	134.69718588140412				
2024-05-15 07:00:00	11000	1.02	1.0	1.02	1.02	1.02	RAD.MI	0.63	0.63	0.62	0.63	0.84	0.62	-1.0	-1.0	-1.0	-1	-1.0	-1.0	1.0	-1.0	-1.0	1.0									-1.0			1.31		0.62		0.62		0.62				-1.0			1.71	-0.01	-0.01	-1.23	-0.01	-0.01	-0.56	1.06	-1.23	0.0	0.0	125.41					1	-0.01	-0.01	-1.39	-0.01	-0.01	-0.62	-1.39	0.0	0.0	58.88					0.01	0.01	0.18	0.01	0.01	0.01	0.18	0.0	0.0	74.64					0.01	0.01	0.84	0.01	0.01	0.57	0.84	0.0	0.0	74.64					-0.010000000000000009	-0.010000000000000009	0.6000000000000001	-0.00990099009900991	-0.00985229644301164	0.5882352941176545	0.6000000000000001	0.003292992341978357	0.0032835946717544306	125.40575448356799				
2024-05-16 07:00:00	0	1.02	1.02	1.02	1.02	1.02	RAD.MI	0.63	0.63	0.63	0.63	0.84	0.62	-1.0	-1.0	-1.0	-1	-1.0	-1.0	1.0	-1.0	-1.0	1.0	1.02								-1.0			1.31										-1.0			1.71	-0.0	-0.0	-1.23	-0.0	-0.0	-0.56	1.04	-1.23	0.0	0.0	139.4					1	-0.0	-0.0	-1.39	-0.0	-0.0	-0.62	-1.39	0.0	0.0	69.38					0.0	0.0	0.18	0.0	0.0	0.01	0.18	0.0	0.0	71.28					0.0	0.0	0.84	0.0	0.0	0.57	0.84	0.0	0.0	71.28					-0.0	-0.0	0.6000000000000001	-0.0	-0.0	0.5882352941176545	0.6000000000000001	0.003453634498831803	0.0034449871424990786	139.3991685016522				
2024-05-17 07:00:00	4000	1.02	1.02	1.02	1.02	1.02	RAD.MI	0.63	0.63	0.63	0.63	0.84	0.62	-1.0	-1.0	-1.0	-1	-1.0	-1.0	1.0	-1.0	-1.0	1.0									-1.0			1.31										-1.0			1.71	-0.0	-0.0	-1.23	-0.0	-0.0	-0.56	1.04	-1.23	0.0	0.0	139.4					1	-0.0	-0.0	-1.39	-0.0	-0.0	-0.62	-1.39	0.0	0.0	69.38					0.0	0.0	0.18	0.0	0.0	0.01	0.18	0.0	0.0	71.28					0.0	0.0	0.84	0.0	0.0	0.57	0.84	0.0	0.0	71.28					-0.0	-0.0	0.6000000000000001	-0.0	-0.0	0.5882352941176545	0.6000000000000001	0.003453634498831803	0.0034449871424990786	139.3991685016522				
2024-05-20 07:00:00	6500	1.01	1.0	1.01	1.01	1.01	RAD.MI	0.63	0.63	0.63	0.63	0.84	0.62	-1.0	-1.0	-1.0	-1	-1.0	-1.0	1.0	-1.0	-1.0	1.0		1.0							-1.0			1.31										-1.0			1.71	0.01	0.01	-1.22	0.01	0.01	-0.56	1.04	-1.22	0.0	0.0	140.06					1	0.01	0.01	-1.38	0.01	0.01	-0.61	-1.38	0.0	0.0	71.06					-0.01	-0.01	0.17	-0.01	-0.01	-0.0	0.17	0.0	0.0	65.02					-0.01	-0.01	0.83	-0.01	-0.01	0.55	0.83	0.0	0.0	65.02					0.010000000000000009	0.010000000000000009	0.6100000000000001	0.009803921568627416	0.009852296443011594	0.6039603960396116	0.6100000000000001	0.0035304824110872933	0.0035216648208251655	140.06373776632608				
2024-05-21 07:00:00	3000	1.02	1.01	1.01	1.02	1.02	RAD.MI	0.64	0.64	0.64	0.64	0.84	0.62	-1.0	-1.0	-1.0	-1	-1.0	-1.0	1.0	-1.0	-1.0	1.0	1.02			1.01					-1.0			1.31	0.64									-1.0			1.71	-0.01	-0.01	-1.23	-0.01	-0.01	-0.56	1.04	-1.23	0.0	0.0	139.55					1	-0.01	-0.01	-1.39	-0.01	-0.01	-0.62	-1.39	0.0	0.0	70.75					0.01	0.01	0.18	0.01	0.01	0.01	0.18	0.0	0.0	65.2					0.01	0.01	0.84	0.01	0.01	0.57	0.84	0.0	0.0	65.2					-0.010000000000000009	-0.010000000000000009	0.6000000000000001	-0.00990099009900991	-0.00985229644301164	0.5882352941176545	0.6000000000000001	0.0035276915950337292	0.0035188518537005997	139.54846014467995				
2024-05-22 07:00:00	87500	1.01	1.0	1.01	1.0	1.0	RAD.MI	0.64	0.64	0.63	0.63	0.84	0.62	-1.0	-1.0	-1.0	-1	-1.0	-1.0	1.0	-1.0	-1.0	1.0		1.0							-1.0			1.31		0.63								-1.0			1.71	0.02	0.02	-1.21	0.02	0.02	-0.55	1.04	-1.21	0.0	0.0	139.72					1	0.02	0.02	-1.37	0.02	0.02	-0.61	-1.37	0.0	0.0	71.17					-0.02	-0.02	0.16	-0.02	-0.02	-0.01	0.16	0.0	0.0	64.64					-0.02	-0.02	0.82	-0.02	-0.02	0.54	0.82	0.0	0.0	64.64					0.020000000000000018	0.020000000000000018	0.6200000000000001	0.019607843137254943	0.019802627296179754	0.6200000000000077	0.6200000000000001	0.0035476659977547844	0.003538781682565384	139.71749000861377				
2024-05-23 07:00:00	13000	1.02	0.99	1.02	1.02	1.02	RAD.MI	0.65	0.65	0.63	0.65	0.84	0.62	-1.0	-1.0	-1.0	-1	-1.0	-1.0	1.0	-1.0	-1.0	1.0									-1.0			1.31										-1.0			1.71	-0.02	-0.02	-1.23	-0.02	-0.02	-0.56	1.04	-1.23	0.0	0.0	127.53					1	-0.02	-0.02	-1.39	-0.02	-0.02	-0.62	-1.39	0.0	0.0	60.68					0.02	0.02	0.18	0.02	0.02	0.01	0.18	0.0	0.0	73.17					0.02	0.02	0.84	0.02	0.02	0.57	0.84	0.0	0.0	73.17					-0.020000000000000018	-0.020000000000000018	0.6000000000000001	-0.020000000000000018	-0.01980262729617973	0.5882352941176545	0.6000000000000001	0.0033331257518613377	0.0033237549806461875	127.52550736748961				
2024-05-24 07:00:00	54500	1.22	1.02	1.02	1.22	1.22	RAD.MI	0.65	0.77	0.65	0.77	0.84	0.62	-1.0	1.0	1.0	1	-1.0	-1.0	1.0	-1.0	-1.0	1.0									-1.0			1.31										-1.0			1.71	-0.2	-0.2	-1.43	-0.2	-0.18	-0.63	1.22	-1.43	0.0	0.0	83.77					1	-0.2	-0.2	-1.59	-0.2	-0.18	-0.68	-1.59	0.0	0.0	32.38					0.2	0.2	0.38	0.2	0.18	0.2	0.38	0.0	0.0	87.94					0.2	0.2	1.04	0.2	0.18	0.87	1.04	0.0	0.0	87.94					-0.19999999999999996	-0.19999999999999996	0.40000000000000013	-0.196078431372549	-0.17904823144898546	0.32786885245902275	0.40000000000000013	0.0029613158277659703	0.0029487558642733447	83.77302035902503				
2024-05-27 07:00:00	304000	1.34	1.12	1.2	1.28	1.28	RAD.MI	0.75	0.84	0.7	0.8	0.84	0.62	-1.0	1.0	1.0	1	-1.0	-1.0	1.0	-1.0	-1.0	1.0	1.34		1.34		1.34		1.34		-1.0			1.31										-1.0			1.71	-0.06	-0.06	-1.49	-0.05	-0.05	-0.65	1.34	-1.49	0.0	0.0	70.28					1	0.06	0.06	-1.53	0.05	0.05	-0.66	-1.53	0.0	0.0	37.45					0.06	0.06	0.44	0.05	0.05	0.26	0.44	0.0	0.0	98.34					0.06	0.06	1.1	0.05	0.05	0.97	1.1	0.0	0.0	98.34					-0.06000000000000005	-0.06000000000000005	0.3400000000000001	-0.049180327868852514	-0.04800921918636066	0.265625000000006	0.3400000000000001	0.0025948990461492237	0.0025812848053867743	70.2788960251194				
2024-05-28 07:00:00	256500	1.35	1.2	1.29	1.2	1.2	RAD.MI	0.81	0.85	0.76	0.76	0.85	0.62	1.0	1.0	1.0	1	-1.0	-1.0	1.0	-1.0	-1.0	1.0									-1.0			1.31	0.85		0.85		0.85					-1.0			1.71	0.08	0.08	-1.41	0.06	0.06	-0.63	1.35	-1.41	0.0	0.0	73.67					1	-0.08	-0.08	-1.61	-0.06	-0.06	-0.69	-1.61	0.0	0.0	22.72					-0.08	-0.08	0.36	-0.06	-0.06	0.18	0.36	0.0	0.0	87.73					-0.08	-0.08	1.02	-0.06	-0.06	0.84	1.02	0.0	0.0	87.73					0.08000000000000007	0.08000000000000007	0.42000000000000015	0.0625	0.06453852113757118	0.3500000000000063	0.42000000000000015	0.0029508750208393194	0.0029361988807399264	73.67392858668103				
2024-05-29 07:00:00	81000	1.21	1.13	1.2	1.15	1.15	RAD.MI	0.77	0.77	0.72	0.74	0.85	0.62	1.0	1.0	1.0	1	-1.0	-1.0	1.0	-1.0	-1.0	1.0									-1.0			1.31										-1.0			1.71	-0.05	-0.05	-1.46	-0.04	-0.04	-0.64	1.35	-1.46	0.0	0.0	69.6					1	-0.05	-0.05	-1.66	-0.04	-0.04	-0.7	-1.66	0.0	0.0	19.98					-0.05	-0.05	0.31	-0.04	-0.04	0.13	0.31	0.0	0.0	75.32					-0.05	-0.05	0.97	-0.04	-0.04	0.77	0.97	0.0	0.0	75.32					0.050000000000000044	0.050000000000000044	0.4700000000000002	0.04166666666666674	0.04255961441879601	0.4086956521739198	0.4700000000000002	0.003446056132203212	0.0034312455478133774	82.51775511825377				
2024-05-30 07:00:00	44500	1.14	1.09	1.12	1.14	1.14	RAD.MI	0.71	0.72	0.69	0.72	0.85	0.62	1.0	1.0	1.0	1	-1.0	-1.0	1.0	-1.0	-1.0	1.0									-1.0			1.31										-1.0			1.71	-0.01	-0.01	-1.47	-0.01	-0.01	-0.65	1.35	-1.47	0.0	0.0	65.14					1	-0.01	-0.01	-1.67	-0.01	-0.01	-0.7	-1.67	0.0	0.0	15.31					-0.01	-0.01	0.3	-0.01	-0.01	0.12	0.3	0.0	0.0	70.7					-0.01	-0.01	0.96	-0.01	-0.01	0.75	0.96	0.0	0.0	70.7					0.010000000000000009	0.010000000000000009	0.4800000000000002	0.008695652173913104	0.008733679968754666	0.42105263157895423	0.4800000000000002	0.003513305467962623	0.003498294585829953	82.99876075651912				
2024-05-31 07:00:00	12500	1.13	1.1	1.1	1.11	1.11	RAD.MI	0.7	0.72	0.7	0.7	0.85	0.62	1.0	1.0	1.0	1	-1.0	-1.0	1.0	-1.0	-1.0	1.0									-1.0			1.31										-1.0			1.71	-0.03	-0.03	-1.5	-0.03	-0.03	-0.65	1.35	-1.5	0.0	0.0	58.19					1	-0.03	-0.03	-1.7	-0.03	-0.03	-0.71	-1.7	0.0	0.0	8.94					-0.03	-0.03	0.27	-0.03	-0.03	0.09	0.27	0.0	0.0	63.27					-0.03	-0.03	0.93	-0.03	-0.03	0.71	0.93	0.0	0.0	63.27					0.029999999999999805	0.029999999999999805	0.51	0.02631578947368407	0.02666824708216118	0.4594594594594663	0.51	0.0037186509704952644	0.0037030201996248735	84.39073649430794				
2024-06-03 07:00:00	52000	1.13	1.02	1.13	1.07	1.07	RAD.MI	0.71	0.71	0.64	0.67	0.85	0.62	1.0	1.0	1.0	1	-1.0	-1.0	1.0	-1.0	-1.0	1.0									-1.0			1.31										-1.0			1.71	-0.04	-0.04	-1.54	-0.04	-0.04	-0.67	1.35	-1.54	0.0	0.0	50.34					1	-0.04	-0.04	-1.74	-0.04	-0.04	-0.72	-1.74	0.0	0.0	1.92					-0.04	-0.04	0.23	-0.04	-0.04	0.05	0.23	0.0	0.0	54.87					-0.04	-0.04	0.89	-0.04	-0.04	0.64	0.89	0.0	0.0	54.87					0.040000000000000036	0.040000000000000036	0.55	0.03603603603603611	0.03670136685042804	0.5140186915887923	0.55	0.00400125149524356	0.003984747228505503	86.13637568063027				
2024-06-04 07:00:00	25000	1.07	1.03	1.07	1.04	1.04	RAD.MI	0.68	0.68	0.66	0.66	0.85	0.62	1.0	1.0	1.0	1	-1.0	-1.0	1.0	-1.0	-1.0	1.0		1.03							-1.0			1.31										-1.0			1.71	-0.03	-0.03	-1.57	-0.03	-0.03	-0.68	1.35	-1.57	0.0	0.0	47.94					1	-0.03	-0.03	-1.77	-0.03	-0.03	-0.73	-1.77	0.0	-0.0	0.24					-0.03	-0.03	0.2	-0.03	-0.03	0.03	0.2	0.0	0.0	47.55					-0.03	-0.03	0.86	-0.03	-0.03	0.6	0.86	0.0	0.0	47.55					0.030000000000000027	0.030000000000000027	0.5800000000000001	0.028037383177570097	0.028437935320533514	0.5576923076923153	0.5800000000000001	0.004378740872807597	0.004362286001376781	91.88549993744141				
2024-06-05 07:00:00	5500	1.07	1.04	1.07	1.05	1.05	RAD.MI	0.68	0.68	0.66	0.66	0.85	0.62	1.0	1.0	1.0	1	-1.0	-1.0	1.0	-1.0	-1.0	1.0									-1.0			1.31		0.66								-1.0			1.71	0.01	0.01	-1.56	0.01	0.01	-0.67	1.35	-1.56	0.0	0.0	48.65					1	0.01	0.01	-1.76	0.01	0.01	-0.73	-1.76	0.0	0.0	2.05					0.01	0.01	0.21	0.01	0.01	0.04	0.21	0.0	0.0	48.24					0.01	0.01	0.87	0.01	0.01	0.61	0.87	0.0	0.0	48.24					-0.010000000000000009	-0.010000000000000009	0.5700000000000001	-0.009615384615384581	-0.009569451016150672	0.5428571428571503	0.5700000000000001	0.004218301323802657	0.0042010832681225185	87.21846576199312				
2024-06-06 07:00:00	22000	1.11	1.06	1.07	1.06	1.06	RAD.MI	0.67	0.7	0.66	0.66	0.85	0.62	1.0	1.0	1.0	1	-1.0	-1.0	1.0	-1.0	-1.0	1.0	1.11								-1.0			1.31										-1.0			1.71	0.01	0.01	-1.55	0.01	0.01	-0.67	1.35	-1.55	0.0	0.0	49.33					1	0.01	0.01	-1.75	0.01	0.01	-0.72	-1.75	0.0	0.0	3.75					0.01	0.01	0.22	0.01	0.01	0.05	0.22	0.0	0.0	48.9					0.01	0.01	0.88	0.01	0.01	0.63	0.88	0.0	0.0	48.9					-0.010000000000000009	-0.010000000000000009	0.56	-0.00952380952380949	-0.009478743954543739	0.5283018867924603	0.56	0.004056165581542344	0.004038190075410952	82.66333974403672				
2024-06-07 07:00:00	7500	1.07	1.05	1.07	1.07	1.07	RAD.MI	0.67	0.67	0.66	0.67	0.85	0.62	1.0	1.0	1.0	1	-1.0	-1.0	1.0	-1.0	-1.0	1.0									-1.0			1.31										-1.0			1.71	0.01	0.01	-1.54	0.01	0.01	-0.67	1.35	-1.54	0.0	0.0	49.99					1	0.01	0.01	-1.74	0.01	0.01	-0.72	-1.74	0.0	0.0	5.36					0.01	0.01	0.23	0.01	0.01	0.05	0.23	0.0	0.0	49.53					0.01	0.01	0.89	0.01	0.01	0.64	0.89	0.0	0.0	49.53					-0.010000000000000009	-0.010000000000000009	0.55	-0.009433962264151052	-0.009389740349839137	0.5140186915887923	0.55	0.0038923565995028836	0.0038736302353583607	78.2137877611076				
2024-06-10 07:00:00	1000	1.06	1.06	1.06	1.06	1.06	RAD.MI	0.67	0.67	0.67	0.67	0.85	0.62	1.0	1.0	1.0	1	-1.0	-1.0	1.0	-1.0	-1.0	1.0		1.06							-1.0			1.31										-1.0			1.71	-0.01	-0.01	-1.55	-0.01	-0.01	-0.67	1.35	-1.55	0.0	0.0	44.75					1	-0.01	-0.01	-1.75	-0.01	-0.01	-0.72	-1.75	-0.0	-0.0	-2.03					-0.01	-0.01	0.22	-0.01	-0.01	0.05	0.22	0.0	0.0	50.58					-0.01	-0.01	0.88	-0.01	-0.01	0.63	0.88	0.0	0.0	50.58					0.010000000000000009	0.010000000000000009	0.56	0.009345794392523366	0.009389740349839032	0.52830188679246	0.56	0.0038311973297448544	0.0038126858987155288	77.83981611457403				
2024-06-11 07:00:00	12500	1.07	1.04	1.07	1.07	1.07	RAD.MI	0.69	0.69	0.67	0.69	0.85	0.62	1.0	1.0	1.0	1	-1.0	-1.0	1.0	-1.0	-1.0	1.0									-1.0			1.31										-1.0			1.71	0.01	0.01	-1.54	0.01	0.01	-0.67	1.35	-1.54	0.0	0.0	45.45					1	0.01	0.01	-1.74	0.01	0.01	-0.72	-1.74	-0.0	-0.0	-0.3					0.01	0.01	0.23	0.01	0.01	0.05	0.23	0.0	0.0	51.2					0.01	0.01	0.89	0.01	0.01	0.64	0.89	0.0	0.0	51.2					-0.010000000000000009	-0.010000000000000009	0.55	-0.009433962264151052	-0.009389740349839137	0.5140186915887921	0.55	0.0036663258565655336	0.0036470756915498725	73.46102659077818				
2024-06-12 07:00:00	10000	1.09	1.03	1.08	1.09	1.09	RAD.MI	0.69	0.69	0.65	0.69	0.85	0.62	1.0	1.0	1.0	1	-1.0	-1.0	1.0	-1.0	-1.0	1.0	1.09								-1.0			1.31										-1.0			1.71	0.02	0.02	-1.52	0.02	0.02	-0.66	1.35	-1.52	0.0	0.0	46.76					1	0.02	0.02	-1.72	0.02	0.02	-0.71	-1.72	0.0	0.0	2.9					0.02	0.02	0.25	0.02	0.02	0.07	0.25	0.0	0.0	52.37					0.02	0.02	0.91	0.02	0.02	0.67	0.91	0.0	0.0	52.37					-0.020000000000000018	-0.020000000000000018	0.53	-0.01869158878504673	-0.01851904776723753	0.4862385321100986	0.53	0.0034749273052892683	0.0034546857294983635	67.77934012374861				
2024-06-13 07:00:00	2500	1.07	1.05	1.06	1.07	1.07	RAD.MI	0.69	0.7	0.68	0.7	0.85	0.62	1.0	1.0	1.0	1	-1.0	-1.0	1.0	-1.0	-1.0	1.0									-1.0			1.31										-1.0			1.71	-0.02	-0.02	-1.54	-0.02	-0.02	-0.67	1.35	-1.54	0.0	0.0	41.9					1	-0.02	-0.02	-1.74	-0.02	-0.02	-0.72	-1.74	-0.0	-0.0	-1.93					-0.02	-0.02	0.23	-0.02	-0.02	0.05	0.23	0.0	0.0	47.26					-0.02	-0.02	0.89	-0.02	-0.02	0.64	0.89	0.0	0.0	47.26					0.020000000000000018	0.020000000000000018	0.55	0.01834862385321101	0.018519047767237527	0.5140186915887921	0.55	0.0036101163539901016	0.0035893496571326455	68.68394528280959				
2024-06-14 07:00:00	1000	1.04	1.04	1.04	1.04	1.04	RAD.MI	0.7	0.7	0.7	0.7	0.85	0.62	1.0	1.0	1.0	1	-1.0	-1.0	1.0	-1.0	-1.0	1.0		1.04							-1.0			1.31	0.7									-1.0			1.71	-0.03	-0.03	-1.57	-0.03	-0.03	-0.68	1.35	-1.57	0.0	0.0	34.84					1	-0.03	-0.03	-1.77	-0.03	-0.03	-0.73	-1.77	-0.0	-0.0	-10.64					-0.03	-0.03	0.2	-0.03	-0.03	0.03	0.2	0.0	0.0	45.99					-0.03	-0.03	0.86	-0.03	-0.03	0.6	0.86	0.0	0.0	45.99					0.030000000000000027	0.030000000000000027	0.5800000000000001	0.028037383177570097	0.028437935320533514	0.5576923076923148	0.5800000000000001	0.00368735267480995	0.003666282965523404	69.18106395138872				
2024-06-17 07:00:00	3500	1.07	1.04	1.04	1.05	1.05	RAD.MI	0.69	0.71	0.69	0.7	0.85	0.62	1.0	1.0	1.0	1	-1.0	-1.0	1.0	-1.0	-1.0	1.0	1.07								-1.0			1.31										-1.0			1.71	0.01	0.01	-1.56	0.01	0.01	-0.67	1.35	-1.56	0.0	0.0	35.57					1	0.01	0.01	-1.76	0.01	0.01	-0.73	-1.76	-0.0	-0.0	-8.85					0.01	0.01	0.21	0.01	0.01	0.04	0.21	0.0	0.0	46.59					0.01	0.01	0.87	0.01	0.01	0.61	0.87	0.0	0.0	46.59					-0.010000000000000009	-0.010000000000000009	0.5700000000000001	-0.009615384615384581	-0.009569451016150672	0.54285714285715	0.5700000000000001	0.0035143992483145045	0.003492565234941125	65.04469766037344				
2024-06-18 07:00:00	9000	1.05	1.03	1.04	1.05	1.05	RAD.MI	0.68	0.69	0.68	0.69	0.85	0.62	1.0	1.0	1.0	1	-1.0	-1.0	1.0	-1.0	-1.0	1.0		1.03		1.03					-1.0			1.31		0.68								-1.0			1.71	0.0	0.0	-1.56	0.0	0.0	-0.67	1.35	-1.56	0.0	0.0	34.88					1	0.0	0.0	-1.76	0.0	0.0	-0.73	-1.76	-0.0	-0.0	-10.54					0.0	0.0	0.21	0.0	0.0	0.04	0.21	0.0	0.0	50.41					0.0	0.0	0.87	0.0	0.0	0.61	0.87	0.0	0.0	50.41					-0.0	-0.0	0.5700000000000001	-0.0	-0.0	0.54285714285715	0.5700000000000001	0.003449240432571096	0.003427673386908525	64.60463528137188				
2024-06-19 07:00:00	9000	1.06	1.04	1.05	1.04	1.04	RAD.MI	0.69	0.7	0.68	0.68	0.85	0.62	1.0	1.0	1.0	1	-1.0	-1.0	1.0	-1.0	-1.0	1.0									-1.0			1.31										-1.0			1.71	-0.01	-0.01	-1.57	-0.01	-0.01	-0.68	1.35	-1.57	0.0	0.0	31.15					1	-0.01	-0.01	-1.77	-0.01	-0.01	-0.73	-1.77	-0.0	-0.0	-14.63					-0.01	-0.01	0.2	-0.01	-0.01	0.03	0.2	0.0	0.0	46.53					-0.01	-0.01	0.86	-0.01	-0.01	0.6	0.86	0.0	0.0	46.53					0.010000000000000009	0.010000000000000009	0.5800000000000001	0.00952380952380949	0.009569451016150672	0.5576923076923148	0.5800000000000001	0.0035181404798873806	0.0034962910884568377	65.06964824475658				
2024-06-20 07:00:00	96500	1.19	1.04	1.06	1.19	1.19	RAD.MI	0.69	0.77	0.67	0.77	0.85	0.62	1.0	1.0	1.0	1	-1.0	-1.0	1.0	-1.0	-1.0	1.0									-1.0			1.31										-1.0			1.71	0.15	0.15	-1.42	0.14	0.13	-0.63	1.35	-1.42	0.0	0.0	39.04					1	0.15	0.15	-1.62	0.14	0.13	-0.69	-1.62	0.0	0.0	3.25					0.15	0.15	0.35	0.14	0.13	0.17	0.35	0.0	0.0	58.29					0.15	0.15	1.01	0.14	0.13	0.83	1.01	0.0	0.0	58.29					-0.1499999999999999	-0.1499999999999999	0.43000000000000016	-0.14423076923076916	-0.13473259397015666	0.3613445378151323	0.43000000000000016	0.0028499692025282697	0.0028239638932643363	45.37203149312616				
2024-06-21 07:00:00	64500	1.2	1.13	1.18	1.15	1.15	RAD.MI	0.77	0.79	0.74	0.75	0.85	0.62	1.0	1.0	1.0	1	-1.0	-1.0	1.0	-1.0	-1.0	1.0	1.2								-1.0			1.31	0.79									-1.0			1.71	-0.04	-0.04	-1.46	-0.03	-0.03	-0.64	1.35	-1.46	0.0	0.0	36.73					1	-0.04	-0.04	-1.66	-0.03	-0.03	-0.7	-1.66	0.0	0.0	1.58					-0.04	-0.04	0.31	-0.03	-0.03	0.13	0.31	0.0	0.0	51.29					-0.04	-0.04	0.97	-0.03	-0.03	0.77	0.97	0.0	0.0	51.29					0.040000000000000036	0.040000000000000036	0.4700000000000002	0.03361344537815125	0.03419136474827931	0.40869565217391957	0.4700000000000002	0.0032807598788413264	0.003254494323817969	50.4923253752844				
2024-06-24 07:00:00	18500	1.18	1.1	1.13	1.12	1.12	RAD.MI	0.73	0.76	0.71	0.72	0.85	0.62	1.0	1.0	1.0	1	-1.0	-1.0	1.0	-1.0	-1.0	1.0									-1.0			1.31										-1.0			1.71	-0.03	-0.03	-1.49	-0.03	-0.03	-0.65	1.35	-1.49	0.0	0.0	35.99					1	-0.03	-0.03	-1.69	-0.03	-0.03	-0.71	-1.69	0.0	0.0	1.05					-0.03	-0.03	0.28	-0.03	-0.03	0.1	0.28	0.0	0.0	45.09					-0.03	-0.03	0.94	-0.03	-0.03	0.72	0.94	0.0	0.0	45.09					0.029999999999999805	0.029999999999999805	0.5	0.02608695652173898	0.02643325706815537	0.44642857142857784	0.5	0.0036841186037594688	0.003658180184981319	56.064331993780094				
2024-06-25 07:00:00	1000	1.11	1.09	1.09	1.11	1.11	RAD.MI	0.71	0.72	0.71	0.72	0.85	0.62	1.0	1.0	1.0	1	-1.0	-1.0	1.0	-1.0	-1.0	1.0		1.09							-1.0			1.31		0.71								-1.0			1.71	-0.01	-0.01	-1.5	-0.01	-0.01	-0.65	1.21	-1.5	0.0	0.0	32.73					1	-0.01	-0.01	-1.7	-0.01	-0.01	-0.71	-1.7	-0.0	-0.0	-2.37					-0.01	-0.01	0.27	-0.01	-0.01	0.09	0.27	0.0	0.0	41.71					-0.01	-0.01	0.93	-0.01	-0.01	0.71	0.93	0.0	0.0	41.71					0.010000000000000009	0.010000000000000009	0.51	0.008928571428571397	0.008968669982760375	0.45945945945946587	0.51	0.0037495898946336183	0.0037233647012053783	56.432838242614245				
2024-06-26 07:00:00	8500	1.15	1.1	1.1	1.15	1.15	RAD.MI	0.72	0.75	0.72	0.75	0.85	0.62	1.0	1.0	1.0	1	-1.0	-1.0	1.0	-1.0	-1.0	1.0									-1.0			1.31										-1.0			1.71	0.04	0.04	-1.46	0.04	0.04	-0.64	1.2	-1.46	0.0	0.0	37.92					1	0.04	0.04	-1.66	0.04	0.04	-0.7	-1.66	0.0	0.0	5.04					0.04	0.04	0.31	0.04	0.04	0.13	0.31	0.0	0.0	42.98					0.04	0.04	0.97	0.04	0.04	0.77	0.97	0.0	0.0	42.98					-0.039999999999999813	-0.039999999999999813	0.4700000000000002	-0.03603603603603589	-0.03540192705091579	0.40869565217391957	0.4700000000000002	0.0036782201005495984	0.0036511334244486715	53.619889977406125				
2024-06-27 07:00:00	51000	1.18	1.11	1.13	1.13	1.13	RAD.MI	0.74	0.78	0.73	0.74	0.85	0.62	1.0	1.0	1.0	1	-1.0	-1.0	1.0	-1.0	-1.0	1.0									-1.0			1.31										-1.0			1.71	-0.02	-0.02	-1.48	-0.02	-0.02	-0.65	1.2	-1.48	0.0	0.0	31.39					1	-0.02	-0.02	-1.68	-0.02	-0.02	-0.7	-1.68	-0.0	-0.0	-4.19					-0.02	-0.02	0.29	-0.02	-0.02	0.11	0.29	0.0	0.0	45.92					-0.02	-0.02	0.95	-0.02	-0.02	0.74	0.95	0.0	0.0	45.92					0.020000000000000018	0.020000000000000018	0.4900000000000002	0.017391304347826098	0.017544309650909508	0.43362831858407747	0.4900000000000002	0.0034729022921189618	0.003446724406947821	52.43612505230953				
2024-06-28 07:00:00	205500	1.24	1.11	1.13	1.13	1.13	RAD.MI	0.74	0.82	0.73	0.74	0.85	0.62	1.0	1.0	1.0	1	-1.0	-1.0	1.0	-1.0	-1.0	1.0	1.24		1.24						-1.0			1.31	0.82									-1.0			1.71	0.0	0.0	-1.48	0.0	0.0	-0.65	1.24	-1.48	0.0	0.0	31.39					1	0.0	0.0	-1.68	0.0	0.0	-0.7	-1.68	-0.0	-0.0	-4.19					0.0	0.0	0.29	0.0	0.0	0.11	0.29	0.0	0.0	45.92					0.0	0.0	0.95	0.0	0.0	0.74	0.95	0.0	0.0	45.92					-0.0	-0.0	0.4900000000000002	-0.0	-0.0	0.43362831858407747	0.4900000000000002	0.0034729022921189618	0.003446724406947821	52.43612505230953				
2024-07-01 07:00:00	19000	1.12	1.1	1.12	1.11	1.11	RAD.MI	0.73	0.73	0.71	0.72	0.85	0.62	1.0	1.0	1.0	1	-1.0	-1.0	1.0	-1.0	-1.0	1.0									-1.0			1.31										-1.0			1.71	-0.02	-0.02	-1.5	-0.02	-0.02	-0.65	1.24	-1.5	0.0	0.0	27.47					1	-0.02	-0.02	-1.7	-0.02	-0.02	-0.71	-1.7	-0.0	-0.0	-8.12					-0.02	-0.02	0.27	-0.02	-0.02	0.09	0.27	0.0	0.0	41.6					-0.02	-0.02	0.93	-0.02	-0.02	0.71	0.93	0.0	0.0	41.6					0.019999999999999796	0.019999999999999796	0.51	0.017699115044247593	0.017857617400006236	0.45945945945946587	0.51	0.0036032628991390075	0.003576509788166815	53.19731097297931				
2024-07-02 07:00:00	2000	1.09	1.09	1.09	1.09	1.09	RAD.MI	0.71	0.71	0.71	0.71	0.85	0.62	1.0	1.0	1.0	1	-1.0	-1.0	1.0	-1.0	-1.0	1.0									-1.0			1.31										-1.0			1.71	-0.02	-0.02	-1.52	-0.02	-0.02	-0.66	1.24	-1.52	0.0	0.0	23.61					1	-0.02	-0.02	-1.72	-0.02	-0.02	-0.71	-1.72	-0.0	-0.0	-12.01					-0.02	-0.02	0.25	-0.02	-0.02	0.07	0.25	0.0	0.0	37.39					-0.02	-0.02	0.91	-0.02	-0.02	0.67	0.91	0.0	0.0	37.39					0.020000000000000018	0.020000000000000018	0.53	0.018018018018018056	0.018182319083190474	0.4862385321100984	0.53	0.0037359938284462976	0.00370864865456344	53.93840001503465				
2024-07-03 07:00:00	10000	1.09	1.05	1.08	1.09	1.09	RAD.MI	0.7	0.7	0.68	0.7	0.85	0.62	1.0	1.0	1.0	1	-1.0	-1.0	1.0	-1.0	-1.0	1.0		1.05		1.05					-1.0			1.31		0.68								-1.0			1.71	0.0	0.0	-1.52	0.0	0.0	-0.66	1.24	-1.52	0.0	0.0	23.61					1	0.0	0.0	-1.72	0.0	0.0	-0.71	-1.72	-0.0	-0.0	-12.01					0.0	0.0	0.25	0.0	0.0	0.07	0.25	0.0	0.0	37.39					0.0	0.0	0.91	0.0	0.0	0.67	0.91	0.0	0.0	37.39					-0.0	-0.0	0.53	-0.0	-0.0	0.4862385321100984	0.53	0.0037359938284462976	0.00370864865456344	53.93840001503465				
2024-07-04 07:00:00	0	1.09	1.09	1.09	1.09	1.09	RAD.MI	0.7	0.7	0.7	0.7	0.85	0.62	1.0	1.0	1.0	1	-1.0	-1.0	1.0	-1.0	-1.0	1.0									-1.0			1.31										-1.0			1.71	0.0	0.0	-1.52	0.0	0.0	-0.66	1.24	-1.52	0.0	0.0	27.49					1	0.0	0.0	-1.72	0.0	0.0	-0.71	-1.72	-0.0	-0.0	-8.1					0.0	0.0	0.25	0.0	0.0	0.07	0.25	0.0	0.0	36.45					0.0	0.0	0.91	0.0	0.0	0.67	0.91	0.0	0.0	36.45					-0.0	-0.0	0.53	-0.0	-0.0	0.4862385321100984	0.53	0.00395060374687079	0.003924502635810789	58.320199838441425				
2024-07-05 07:00:00	5500	1.11	1.06	1.07	1.09	1.09	RAD.MI	0.69	0.71	0.68	0.7	0.85	0.62	1.0	1.0	1.0	1	-1.0	-1.0	1.0	-1.0	-1.0	1.0	1.11								-1.0			1.31	0.71			0.68						-1.0			1.71	0.0	0.0	-1.52	0.0	0.0	-0.66	1.24	-1.52	0.0	0.0	27.49					1	0.0	0.0	-1.72	0.0	0.0	-0.71	-1.72	-0.0	-0.0	-8.1					0.0	0.0	0.25	0.0	0.0	0.07	0.25	0.0	0.0	36.45					0.0	0.0	0.91	0.0	0.0	0.67	0.91	0.0	0.0	36.45					-0.0	-0.0	0.53	-0.0	-0.0	0.4862385321100984	0.53	0.00395060374687079	0.003924502635810789	58.320199838441425				
2024-07-08 07:00:00	0	1.09	1.09	1.09	1.09	1.09	RAD.MI	0.7	0.7	0.7	0.7	0.85	0.62	1.0	1.0	1.0	1	-1.0	-1.0	1.0	-1.0	-1.0	1.0									-1.0			1.31										-1.0			1.71	0.0	0.0	-1.52	0.0	0.0	-0.66	1.24	-1.52	0.0	0.0	31.45					1	0.0	0.0	-1.72	0.0	0.0	-0.71	-1.72	-0.0	-0.0	-4.15					0.0	0.0	0.25	0.0	0.0	0.07	0.25	0.0	0.0	35.49					0.0	0.0	0.91	0.0	0.0	0.67	0.91	0.0	0.0	35.49					-0.0	-0.0	0.53	-0.0	-0.0	0.4862385321100984	0.53	0.004160668034031716	0.004135791771934683	62.80878883741913				
2024-07-09 07:00:00	0	1.09	1.09	1.09	1.09	1.09	RAD.MI	0.7	0.7	0.7	0.7	0.85	0.62	1.0	1.0	1.0	1	-1.0	-1.0	1.0	-1.0	-1.0	1.0									-1.0			1.31										-1.0			1.71	0.0	0.0	-1.52	0.0	0.0	-0.66	1.24	-1.52	0.0	0.0	31.45					1	0.0	0.0	-1.72	0.0	0.0	-0.71	-1.72	-0.0	-0.0	-4.15					0.0	0.0	0.25	0.0	0.0	0.07	0.25	0.0	0.0	35.49					0.0	0.0	0.91	0.0	0.0	0.67	0.91	0.0	0.0	35.49					-0.0	-0.0	0.53	-0.0	-0.0	0.4862385321100984	0.53	0.004160668034031716	0.004135791771934683	62.80878883741913				
2024-07-10 07:00:00	5000	1.08	1.07	1.07	1.08	1.08	RAD.MI	0.68	0.69	0.68	0.69	0.85	0.62	1.0	1.0	1.0	1	-1.0	-1.0	1.0	-1.0	-1.0	1.0									-1.0			1.31										-1.0			1.71	-0.01	-0.01	-1.53	-0.01	-0.01	-0.66	1.24	-1.53	0.0	0.0	28.21					1	-0.01	-0.01	-1.73	-0.01	-0.01	-0.72	-1.73	-0.0	-0.0	-7.58					-0.01	-0.01	0.24	-0.01	-0.01	0.06	0.24	0.0	0.0	32.17					-0.01	-0.01	0.9	-0.01	-0.01	0.66	0.9	0.0	0.0	32.17					0.010000000000000009	0.010000000000000009	0.54	0.00917431192660556	0.009216655104924063	0.5000000000000069	0.54	0.004229792947318646	0.004204635167986748	63.14517068930595				
2024-07-11 07:00:00	3000	1.08	1.08	1.08	1.08	1.08	RAD.MI	0.69	0.69	0.69	0.69	0.85	0.62	1.0	1.0	1.0	1	-1.0	-1.0	1.0	-1.0	-1.0	1.0									-1.0			1.31										-1.0			1.71	0.0	0.0	-1.53	0.0	0.0	-0.66	1.24	-1.53	0.0	0.0	26.43					1	0.0	0.0	-1.73	0.0	0.0	-0.72	-1.73	-0.0	-0.0	-11.4					0.0	0.0	0.24	0.0	0.0	0.06	0.24	0.0	0.0	37.27					0.0	0.0	0.9	0.0	0.0	0.66	0.9	0.0	0.0	37.27					-0.0	-0.0	0.54	-0.0	-0.0	0.5000000000000069	0.54	0.004024300640907788	0.003999975133265776	62.122595279960485				
2024-07-12 07:00:00	1500	1.08	1.07	1.08	1.07	1.07	RAD.MI	0.68	0.68	0.68	0.68	0.85	0.62	1.0	1.0	1.0	1	-1.0	-1.0	1.0	-1.0	-1.0	1.0		1.07							-1.0			1.31		0.68								-1.0			1.71	-0.01	-0.01	-1.54	-0.01	-0.01	-0.67	1.24	-1.54	0.0	0.0	23.17					1	-0.01	-0.01	-1.74	-0.01	-0.01	-0.72	-1.74	-0.0	-0.0	-14.92					-0.01	-0.01	0.23	-0.01	-0.01	0.05	0.23	0.0	0.0	33.88					-0.01	-0.01	0.89	-0.01	-0.01	0.64	0.89	0.0	0.0	33.88					0.010000000000000009	0.010000000000000009	0.55	0.0092592592592593	0.009302392662313561	0.5140186915887921	0.55	0.004094068585875139	0.004069462067677332	62.47749295683782				
2024-07-15 07:00:00	0	1.07	1.07	1.07	1.07	1.07	RAD.MI	0.68	0.68	0.68	0.68	0.85	0.62	1.0	1.0	1.0	1	-1.0	-1.0	1.0	-1.0	-1.0	1.0									-1.0			1.31										-1.0			1.71	0.0	0.0	-1.54	0.0	0.0	-0.67	1.24	-1.54	0.0	0.0	23.17					1	0.0	0.0	-1.74	0.0	0.0	-0.72	-1.74	-0.0	-0.0	-14.92					0.0	0.0	0.23	0.0	0.0	0.05	0.23	0.0	0.0	33.88					0.0	0.0	0.89	0.0	0.0	0.64	0.89	0.0	0.0	33.88					-0.0	-0.0	0.55	-0.0	-0.0	0.5140186915887921	0.55	0.004094068585875139	0.004069462067677332	62.47749295683782				
2024-07-16 07:00:00	10500	1.1	1.08	1.09	1.1	1.1	RAD.MI	0.69	0.7	0.69	0.7	0.85	0.62	1.0	1.0	1.0	1	-1.0	-1.0	1.0	-1.0	-1.0	1.0									-1.0			1.31										-1.0			1.71	0.03	0.03	-1.51	0.03	0.03	-0.66	1.24	-1.51	0.0	0.0	24.41					1	0.03	0.03	-1.71	0.03	0.03	-0.71	-1.71	-0.0	-0.0	-12.24					0.03	0.03	0.26	0.03	0.03	0.08	0.26	0.0	0.0	38.72					0.03	0.03	0.92	0.03	0.03	0.69	0.92	0.0	0.0	38.72					-0.030000000000000027	-0.030000000000000027	0.52	-0.028037383177570208	-0.027651531330510164	0.4727272727272793	0.52	0.0037914346338121497	0.00376560571875717	56.583894434531494				
2024-07-17 07:00:00	7500	1.14	1.11	1.11	1.14	1.14	RAD.MI	0.71	0.72	0.71	0.72	0.85	0.62	1.0	1.0	1.0	1	-1.0	-1.0	1.0	-1.0	-1.0	1.0									-1.0			1.31	0.72									-1.0			1.71	0.04	0.04	-1.47	0.04	0.04	-0.65	1.24	-1.47	0.0	0.0	26.66					1	0.04	0.04	-1.67	0.04	0.04	-0.7	-1.67	-0.0	-0.0	-7.54					0.04	0.04	0.3	0.04	0.04	0.12	0.3	0.0	0.0	40.45					0.04	0.04	0.96	0.04	0.04	0.75	0.96	0.0	0.0	40.45					-0.039999999999999813	-0.039999999999999813	0.4800000000000002	-0.036363636363636154	-0.03571808260207903	0.421052631578954	0.4800000000000002	0.0035312586320171736	0.0035036275535604844	50.53292698577675				
2024-07-18 07:00:00	0	1.14	1.14	1.14	1.14	1.14	RAD.MI	0.72	0.72	0.72	0.72	0.85	0.62	1.0	1.0	1.0	1	-1.0	-1.0	1.0	-1.0	-1.0	1.0	1.14								-1.0			1.31										-1.0			1.71	0.0	0.0	-1.47	0.0	0.0	-0.65	1.24	-1.47	0.0	0.0	26.66					1	0.0	0.0	-1.67	0.0	0.0	-0.7	-1.67	-0.0	-0.0	-7.54					0.0	0.0	0.3	0.0	0.0	0.12	0.3	0.0	0.0	40.45					0.0	0.0	0.96	0.0	0.0	0.75	0.96	0.0	0.0	40.45					-0.0	-0.0	0.4800000000000002	-0.0	-0.0	0.421052631578954	0.4800000000000002	0.0035312586320171736	0.0035036275535604844	50.53292698577675				
2024-07-19 07:00:00	1000	1.11	1.11	1.11	1.11	1.11	RAD.MI	0.71	0.71	0.71	0.71	0.85	0.62	1.0	1.0	1.0	1	-1.0	-1.0	1.0	1.0	-1.0	-1.0		1.11							-1.0			1.31										-1.0			1.71	-0.03	-0.03	-1.5	-0.03	-0.03	-0.65	1.24	-1.5	0.0	0.0	22.25					1	-0.03	-0.03	-1.7	-0.03	-0.03	-0.71	-1.7	-0.0	-0.0	-11.78					-0.03	-0.03	0.27	-0.03	-0.03	0.09	0.27	0.0	0.0	35.5					-0.03	-0.03	0.93	-0.03	-0.03	0.71	0.93	0.0	0.0	35.5					0.029999999999999805	0.029999999999999805	0.51	0.02631578947368407	0.02666824708216118	0.4594594594594661	0.51	0.0037259368357169505	0.0036974210937938956	51.60879933791898				
2024-07-22 07:00:00	6500	1.16	1.1	1.12	1.1	1.1	RAD.MI	0.71	0.73	0.69	0.69	0.85	0.62	1.0	1.0	1.0	1	-1.0	-1.0	1.0	1.0	-1.0	-1.0									-1.0			1.31		0.69								-1.0			1.71	-0.01	-0.01	-1.51	-0.01	-0.01	-0.66	1.24	-1.51	0.0	0.0	19.23					1	-0.01	-0.01	-1.71	-0.01	-0.01	-0.71	-1.71	-0.0	-0.0	-15.0					-0.01	-0.01	0.26	-0.01	-0.01	0.08	0.26	0.0	0.0	32.33					0.01	0.01	0.94	0.01	0.01	0.72	0.94	0.0	0.0	35.93					0.010000000000000009	0.010000000000000009	0.52	0.009009009009009028	0.009049835519917927	0.47272727272727955	0.52	0.003792000635012351	0.003763181538622762	51.9583814872706				
2024-07-23 07:00:00	11500	1.15	1.11	1.12	1.14	1.14	RAD.MI	0.71	0.73	0.7	0.72	0.85	0.62	1.0	1.0	1.0	1	-1.0	-1.0	1.0	1.0	-1.0	-1.0									-1.0			1.31										-1.0			1.71	0.04	0.04	-1.47	0.04	0.04	-0.65	1.24	-1.47	0.0	0.0	21.39					1	0.04	0.04	-1.67	0.04	0.04	-0.7	-1.67	-0.0	-0.0	-10.65					0.04	0.04	0.3	0.04	0.04	0.12	0.3	0.0	0.0	34.02					-0.04	-0.04	0.9	-0.04	-0.04	0.66	0.9	0.0	0.0	30.47					-0.039999999999999813	-0.039999999999999813	0.4800000000000002	-0.036363636363636154	-0.03571808260207903	0.42105263157895423	0.4800000000000002	0.0035211092084367506	0.003490382410535675	46.340210571624475				
2024-07-24 07:00:00	11500	1.19	1.15	1.19	1.17	1.17	RAD.MI	0.75	0.75	0.73	0.74	0.85	0.62	1.0	1.0	1.0	1	-1.0	-1.0	1.0	1.0	-1.0	-1.0	1.19		1.19						-1.0			1.31	0.75		0.75							-1.0			1.71	0.03	0.03	-1.44	0.03	0.03	-0.64	1.24	-1.44	0.0	0.0	22.84					1	0.03	0.03	-1.64	0.03	0.03	-0.69	-1.64	-0.0	-0.0	-7.81					0.03	0.03	0.33	0.03	0.03	0.15	0.33	0.0	0.0	35.16					-0.03	-0.03	0.87	-0.03	-0.03	0.62	0.87	0.0	0.0	26.1					-0.030000000000000027	-0.030000000000000027	0.4500000000000002	-0.026315789473684292	-0.025975486403260736	0.38461538461539124	0.4500000000000002	0.0032713276943173086	0.003239001082105286	41.8503204241588				
2024-07-25 07:00:00	19000	1.17	1.09	1.14	1.1	1.1	RAD.MI	0.74	0.76	0.7	0.71	0.85	0.62	1.0	1.0	1.0	1	-1.0	-1.0	1.0	1.0	-1.0	-1.0		1.09							-1.0			1.31		0.7								-1.0			1.71	-0.07	-0.07	-1.51	-0.06	-0.06	-0.66	1.24	-1.51	0.0	0.0	19.36					1	-0.07	-0.07	-1.71	-0.06	-0.06	-0.71	-1.71	-0.0	-0.0	-10.39					-0.07	-0.07	0.26	-0.06	-0.06	0.08	0.26	0.0	0.0	27.44					0.07	0.07	0.94	0.06	0.06	0.72	0.94	0.0	0.0	28.54					0.06999999999999984	0.06999999999999984	0.52	0.05982905982905973	0.06169356900533978	0.47272727272727955	0.52	0.003918618242800546	0.003885074429494262	47.175307859291905				
2024-07-26 07:00:00	1500	1.13	1.13	1.13	1.13	1.13	RAD.MI	0.73	0.73	0.73	0.73	0.85	0.62	1.0	1.0	1.0	1	-1.0	-1.0	1.0	1.0	-1.0	-1.0	1.13								-1.0			1.31	0.73									-1.0			1.71	0.03	0.03	-1.48	0.03	0.03	-0.65	1.19	-1.48	0.0	0.0	20.77					1	0.03	0.03	-1.68	0.03	0.03	-0.7	-1.68	-0.0	-0.0	-7.69					0.03	0.03	0.29	0.03	0.03	0.11	0.29	0.0	0.0	28.61					-0.03	-0.03	0.91	-0.03	-0.03	0.67	0.91	0.0	0.0	24.34					-0.029999999999999805	-0.029999999999999805	0.4900000000000002	-0.027272727272727115	-0.026907452919924187	0.4336283185840777	0.4900000000000002	0.0036582973595081507	0.003623015925915851	42.7907015400898				
2024-07-29 07:00:00	0	1.13	1.13	1.13	1.13	1.13	RAD.MI	0.73	0.73	0.73	0.73	0.85	0.62	1.0	1.0	1.0	1	-1.0	-1.0	1.0	1.0	-1.0	-1.0									-1.0			1.31										-1.0			1.71	0.0	0.0	-1.48	0.0	0.0	-0.65	1.19	-1.48	0.0	0.0	20.77					1	0.0	0.0	-1.68	0.0	0.0	-0.7	-1.68	-0.0	-0.0	-7.69					0.0	0.0	0.29	0.0	0.0	0.11	0.29	0.0	0.0	28.61					-0.0	-0.0	0.91	-0.0	-0.0	0.67	0.91	0.0	0.0	24.34					-0.0	-0.0	0.4900000000000002	-0.0	-0.0	0.4336283185840777	0.4900000000000002	0.0036582973595081507	0.003623015925915851	42.7907015400898				
2024-07-30 07:00:00	17000	1.09	1.05	1.09	1.08	1.08	RAD.MI	0.7	0.7	0.68	0.7	0.85	0.62	1.0	1.0	1.0	0	-1.0	-1.0	1.0	1.0	-1.0	-1.0		1.05							-1.0			1.31		0.68		0.68						-1.0			1.71	-0.05	-0.05	-1.53	-0.04	-0.05	-0.66	1.19	-1.53	0.0	0.0	24.21					1	-0.05	-0.05	-1.73	-0.04	-0.05	-0.72	-1.73	-0.0	-0.0	-5.15					-0.05	-0.05	0.24	-0.04	-0.05	0.06	0.24	0.0	0.0	18.52					0.05	0.05	0.96	0.04	0.05	0.75	0.96	0.0	0.0	21.87					0.04999999999999982	0.04999999999999982	0.54	0.044247787610619316	0.04525659158812072	0.5000000000000069	0.54	0.004440703178823693	0.00440808634254064	55.10192464940907				
2024-07-31 07:00:00	11000	1.09	1.07	1.08	1.07	1.07	RAD.MI	0.7	0.7	0.69	0.69	0.85	0.62	1.0	1.0	1.0	0	-1.0	-1.0	1.0	1.0	-1.0	-1.0									-1.0			1.31										-1.0			1.71	-0.01	-0.01	-1.54	-0.01	-0.01	-0.67	1.19	-1.54	0.0	0.0	18.46					1	-0.0	-0.0	-1.73	-0.0	-0.0	-0.72	-1.73	0.0	-0.0	0.19					-0.01	-0.01	0.23	-0.01	-0.01	0.05	0.23	0.0	0.0	21.54					0.01	0.01	0.97	0.01	0.01	0.77	0.97	0.0	0.0	28.57					0.010000000000000009	0.010000000000000009	0.55	0.0092592592592593	0.009302392662313561	0.5140186915887921	0.55	0.004135183550318193	0.00410408241854876	53.716514959910235				
2024-08-01 07:00:00	6000	1.11	1.08	1.08	1.11	1.11	RAD.MI	0.72	0.74	0.72	0.74	0.85	0.62	1.0	1.0	1.0	0	-1.0	-1.0	1.0	1.0	-1.0	-1.0	1.11								-1.0			1.31	0.74									-1.0			1.71	0.04	0.04	-1.5	0.04	0.04	-0.65	1.19	-1.5	0.0	0.0	17.95					1	0.0	0.0	-1.73	0.0	0.0	-0.72	-1.73	0.0	0.0	5.5					0.04	0.04	0.27	0.04	0.04	0.09	0.27	0.0	0.0	29.28					-0.04	-0.04	0.93	-0.04	-0.04	0.71	0.93	0.0	0.0	29.28					-0.040000000000000036	-0.040000000000000036	0.51	-0.03738317757009346	-0.03670136685042796	0.4594594594594663	0.51	0.0035318646666732917	0.003500398119633763	46.29640750090145				
2024-08-02 07:00:00	7500	1.08	1.06	1.08	1.08	1.08	RAD.MI	0.74	0.74	0.72	0.74	0.85	0.62	1.0	1.0	1.0	0	-1.0	-1.0	1.0	1.0	-1.0	-1.0									-1.0			1.31										-1.0			1.71	-0.03	-0.03	-1.53	-0.03	-0.03	-0.66	1.19	-1.53	0.0	0.0	12.67					1	-0.0	-0.0	-1.73	-0.0	-0.0	-0.72	-1.73	0.0	0.0	9.32					-0.03	-0.03	0.24	-0.03	-0.03	0.06	0.24	0.0	0.0	28.55					0.03	0.03	0.96	0.03	0.03	0.75	0.96	0.0	0.0	34.44					0.030000000000000027	0.030000000000000027	0.54	0.027027027027027084	0.027398974188114503	0.5000000000000071	0.54	0.003593683239022621	0.0035619034585345766	46.6345106688885				
2024-08-05 07:00:00	25500	1.05	1.0	1.05	1.01	1.01	RAD.MI	0.73	0.73	0.7	0.7	0.85	0.62	1.0	1.0	1.0	-1	-1.0	-1.0	1.0	1.0	-1.0	-1.0		1.0		1.0		1.0			-1.0			1.31		0.7	0.73							-1.0			1.71	-0.07	-0.07	-1.6	-0.06	-0.07	-0.69	1.19	-1.6	0.0	0.0	5.82					1	-0.0	-0.0	-1.73	-0.0	-0.0	-0.72	-1.73	0.0	0.0	8.46					-0.07	-0.07	0.17	-0.06	-0.07	-0.0	0.17	0.0	0.0	24.12					0.07	0.07	1.03	0.06	0.07	0.87	1.03	0.0	0.0	40.28					0.07000000000000006	0.07000000000000006	0.6100000000000001	0.06481481481481488	0.06701071028296031	0.6039603960396116	0.6100000000000001	0.004002160199954379	0.00396827198576033	48.70879114610082				
2024-08-06 07:00:00	9500	1.05	1.02	1.02	1.04	1.04	RAD.MI	0.72	0.74	0.72	0.73	0.85	0.62	1.0	1.0	1.0	-1	-1.0	-1.0	1.0	1.0	-1.0	-1.0	1.05								-1.0			1.31	0.74									-1.0			1.71	0.03	0.03	-1.57	0.03	0.03	-0.68	1.19	-1.57	0.0	0.0	7.14					1	-0.03	-0.03	-1.76	-0.03	-0.03	-0.73	-1.76	0.0	0.0	3.04					0.03	0.03	0.2	0.03	0.03	0.03	0.2	0.0	0.0	28.37					-0.03	-0.03	1.0	-0.03	-0.03	0.82	1.0	0.0	0.0	38.5					-0.030000000000000027	-0.030000000000000027	0.5800000000000001	-0.02970297029702973	-0.029270382300113237	0.557692307692315	0.5800000000000001	0.003666031418161315	0.0036307080847013395	43.64392492856688				
2024-08-07 07:00:00	4000	1.04	1.02	1.02	1.04	1.04	RAD.MI	0.7	0.71	0.7	0.71	0.85	0.62	1.0	1.0	1.0	-1	-1.0	-1.0	1.0	1.0	-1.0	-1.0		1.02							-1.0			1.31		0.7								-1.0			1.71	0.0	0.0	-1.57	0.0	0.0	-0.68	1.19	-1.57	0.0	0.0	10.45					1	-0.0	-0.0	-1.76	-0.0	-0.0	-0.73	-1.76	0.0	0.0	6.89					0.0	0.0	0.2	0.0	0.0	0.03	0.2	0.0	0.0	27.51					-0.0	-0.0	1.0	-0.0	-0.0	0.82	1.0	0.0	0.0	37.77					-0.0	-0.0	0.5800000000000001	-0.0	-0.0	0.557692307692315	0.5800000000000001	0.003904572754484395	0.003870656762496427	47.4703454238163				
2024-08-08 07:00:00	1500	1.04	1.04	1.04	1.04	1.04	RAD.MI	0.72	0.72	0.72	0.72	0.85	0.62	1.0	1.0	1.0	-1	-1.0	-1.0	1.0	1.0	-1.0	-1.0									-1.0			1.31										-1.0			1.71	0.0	0.0	-1.57	0.0	0.0	-0.68	1.19	-1.57	0.0	0.0	16.67					1	-0.0	-0.0	-1.76	-0.0	-0.0	-0.73	-1.76	0.0	0.0	14.13					0.0	0.0	0.2	0.0	0.0	0.03	0.2	0.0	0.0	24.35					-0.0	-0.0	1.0	-0.0	-0.0	0.82	1.0	0.0	0.0	35.11					-0.0	-0.0	0.5800000000000001	-0.0	-0.0	0.557692307692315	0.5800000000000001	0.004265025934776156	0.004234127862532855	55.83084273591556				
2024-08-09 07:00:00	500	1.06	1.06	1.06	1.06	1.06	RAD.MI	0.73	0.73	0.73	0.73	0.85	0.62	1.0	1.0	1.0	-1	-1.0	-1.0	1.0	1.0	-1.0	-1.0									-1.0			1.31	0.73									-1.0			1.71	0.02	0.02	-1.55	0.02	0.02	-0.67	1.19	-1.55	0.0	0.0	20.7					1	-0.02	-0.02	-1.78	-0.02	-0.02	-0.73	-1.78	0.0	0.0	13.35					0.02	0.02	0.22	0.02	0.02	0.05	0.22	0.0	0.0	24.89					-0.02	-0.02	0.98	-0.02	-0.02	0.79	0.98	0.0	0.0	30.8					-0.020000000000000018	-0.020000000000000018	0.56	-0.019230769230769162	-0.01904819497069441	0.52830188679246	0.56	0.004236360751968246	0.004205098272956231	54.78273756122686				
2024-08-12 07:00:00	3000	1.06	1.05	1.05	1.06	1.06	RAD.MI	0.72	0.73	0.72	0.73	0.85	0.62	1.0	1.0	1.0	-1	-1.0	-1.0	1.0	1.0	-1.0	-1.0	1.06								-1.0			1.31										-1.0			1.71	0.0	0.0	-1.55	0.0	0.0	-0.67	1.19	-1.55	0.0	0.0	20.7					1	-0.0	-0.0	-1.78	-0.0	-0.0	-0.73	-1.78	0.0	0.0	13.35					0.0	0.0	0.22	0.0	0.0	0.05	0.22	0.0	0.0	24.89					-0.0	-0.0	0.98	-0.0	-0.0	0.79	0.98	0.0	0.0	30.8					-0.0	-0.0	0.56	-0.0	-0.0	0.52830188679246	0.56	0.004236360751968246	0.004205098272956231	54.78273756122686				
2024-08-13 07:00:00	0	1.06	1.06	1.06	1.06	1.06	RAD.MI	0.72	0.72	0.72	0.72	0.85	0.62	1.0	1.0	1.0	-1	-1.0	-1.0	1.0	1.0	-1.0	-1.0									-1.0			1.31										-1.0			1.71	0.0	0.0	-1.55	0.0	0.0	-0.67	1.19	-1.55	0.0	0.0	19.66					1	-0.0	-0.0	-1.78	-0.0	-0.0	-0.73	-1.78	0.0	0.0	11.68					0.0	0.0	0.22	0.0	0.0	0.05	0.22	0.0	0.0	28.54					-0.0	-0.0	0.98	-0.0	-0.0	0.79	0.98	0.0	0.0	34.6					-0.0	-0.0	0.56	-0.0	-0.0	0.52830188679246	0.56	0.004108923796852561	0.004078284548142186	54.181123931816245				
2024-08-14 07:00:00	3500	1.05	1.05	1.05	1.05	1.05	RAD.MI	0.71	0.71	0.71	0.71	0.85	0.62	1.0	1.0	1.0	-1	-1.0	-1.0	1.0	1.0	-1.0	-1.0									-1.0			1.31										-1.0			1.71	-0.01	-0.01	-1.56	-0.01	-0.01	-0.67	1.19	-1.56	0.0	0.0	19.62					1	0.01	0.01	-1.77	0.01	0.01	-0.73	-1.77	0.0	0.0	15.99					-0.01	-0.01	0.21	-0.01	-0.01	0.04	0.21	0.0	0.0	25.04					0.01	0.01	0.99	0.01	0.01	0.8	0.99	0.0	0.0	34.62					0.010000000000000009	0.010000000000000009	0.5700000000000001	0.009433962264150941	0.00947874395454377	0.5428571428571503	0.5700000000000001	0.004376374463517177	0.004346399845453375	57.713570845922725				
2024-08-16 07:00:00	0	1.05	1.05	1.05	1.05	1.05	RAD.MI	0.69	0.69	0.69	0.69	0.85	0.62	1.0	1.0	1.0	-1	-1.0	-1.0	1.0	1.0	-1.0	-1.0		1.05							-1.0			1.31		0.69								-1.0			1.71	0.0	0.0	-1.56	0.0	0.0	-0.67	1.19	-1.56	0.0	0.0	19.62					1	-0.0	-0.0	-1.77	-0.0	-0.0	-0.73	-1.77	0.0	0.0	15.99					0.0	0.0	0.21	0.0	0.0	0.04	0.21	0.0	0.0	25.04					-0.0	-0.0	0.99	-0.0	-0.0	0.8	0.99	0.0	0.0	34.62					-0.0	-0.0	0.5700000000000001	-0.0	-0.0	0.5428571428571503	0.5700000000000001	0.004376374463517177	0.004346399845453375	57.713570845922725				
2024-08-19 07:00:00	0	1.05	1.05	1.05	1.05	1.05	RAD.MI	0.69	0.69	0.69	0.69	0.85	0.62	1.0	1.0	1.0	-1	-1.0	-1.0	1.0	1.0	-1.0	-1.0									-1.0			1.31										-1.0			1.71	0.0	0.0	-1.56	0.0	0.0	-0.67	1.19	-1.56	0.0	0.0	19.62					1	-0.0	-0.0	-1.77	-0.0	-0.0	-0.73	-1.77	0.0	0.0	15.99					0.0	0.0	0.21	0.0	0.0	0.04	0.21	0.0	0.0	25.04					-0.0	-0.0	0.99	-0.0	-0.0	0.8	0.99	0.0	0.0	34.62					-0.0	-0.0	0.5700000000000001	-0.0	-0.0	0.5428571428571503	0.5700000000000001	0.004376374463517177	0.004346399845453375	57.713570845922725				
2024-08-20 07:00:00	500	1.07	1.07	1.07	1.07	1.07	RAD.MI	0.71	0.71	0.71	0.71	0.85	0.62	1.0	1.0	1.0	-1	-1.0	-1.0	1.0	1.0	-1.0	-1.0									-1.0			1.31	0.71									-1.0			1.71	0.02	0.02	-1.54	0.02	0.02	-0.67	1.19	-1.54	0.0	0.0	19.68					1	-0.02	-0.02	-1.79	-0.02	-0.02	-0.73	-1.79	0.0	0.0	10.11					0.02	0.02	0.23	0.02	0.02	0.05	0.23	0.0	0.0	29.71					-0.02	-0.02	0.97	-0.02	-0.02	0.77	0.97	0.0	0.0	34.54					-0.020000000000000018	-0.020000000000000018	0.55	-0.01904761904761898	-0.018868484304382736	0.5140186915887923	0.55	0.004020653204761247	0.003989954783576888	52.89048848859672				
2024-08-21 07:00:00	1500	1.07	1.07	1.07	1.07	1.07	RAD.MI	0.7	0.7	0.7	0.7	0.85	0.62	1.0	1.0	1.0	-1	-1.0	-1.0	1.0	1.0	-1.0	-1.0									-1.0			1.31										-1.0			1.71	0.0	0.0	-1.54	0.0	0.0	-0.67	1.19	-1.54	0.0	0.0	23.27					1	-0.0	-0.0	-1.79	-0.0	-0.0	-0.73	-1.79	0.0	0.0	14.23					0.0	0.0	0.23	0.0	0.0	0.05	0.23	0.0	0.0	28.81					-0.0	-0.0	0.97	-0.0	-0.0	0.77	0.97	0.0	0.0	33.71					-0.0	-0.0	0.55	-0.0	-0.0	0.5140186915887923	0.55	0.004243284515855314	0.004213884095344289	57.01166219074227				
2024-08-22 07:00:00	0	1.07	1.07	1.07	1.07	1.07	RAD.MI	0.7	0.7	0.7	0.7	0.85	0.62	1.0	1.0	1.0	-1	-1.0	-1.0	1.0	1.0	-1.0	-1.0									-1.0			1.31										-1.0			1.71	0.0	0.0	-1.54	0.0	0.0	-0.67	1.17	-1.54	0.0	0.0	23.27					1	-0.0	-0.0	-1.79	-0.0	-0.0	-0.73	-1.79	0.0	0.0	14.23					0.0	0.0	0.23	0.0	0.0	0.05	0.23	0.0	0.0	28.81					-0.0	-0.0	0.97	-0.0	-0.0	0.77	0.97	0.0	0.0	33.71					-0.0	-0.0	0.55	-0.0	-0.0	0.5140186915887923	0.55	0.004243284515855314	0.004213884095344289	57.01166219074227				
2024-08-23 07:00:00	0	1.07	1.07	1.07	1.07	1.07	RAD.MI	0.69	0.69	0.69	0.69	0.85	0.62	1.0	1.0	1.0	-1	-1.0	-1.0	1.0	1.0	-1.0	-1.0	1.07								-1.0			1.31		0.69								-1.0			1.71	0.0	0.0	-1.54	0.0	0.0	-0.67	1.13	-1.54	0.0	0.0	23.27					1	-0.0	-0.0	-1.79	-0.0	-0.0	-0.73	-1.79	0.0	0.0	14.23					0.0	0.0	0.23	0.0	0.0	0.05	0.23	0.0	0.0	28.81					-0.0	-0.0	0.97	-0.0	-0.0	0.77	0.97	0.0	0.0	33.71					-0.0	-0.0	0.55	-0.0	-0.0	0.5140186915887923	0.55	0.004243284515855314	0.004213884095344289	57.01166219074227				
2024-08-26 07:00:00	0	1.07	1.07	1.07	1.07	1.07	RAD.MI	0.7	0.7	0.7	0.7	0.85	0.62	1.0	1.0	1.0	-1	-1.0	-1.0	1.0	1.0	-1.0	-1.0									-1.0			1.31	0.7									-1.0			1.71	0.0	0.0	-1.54	0.0	0.0	-0.67	1.13	-1.54	0.0	0.0	23.27					1	-0.0	-0.0	-1.79	-0.0	-0.0	-0.73	-1.79	0.0	0.0	14.23					0.0	0.0	0.23	0.0	0.0	0.05	0.23	0.0	0.0	28.81					-0.0	-0.0	0.97	-0.0	-0.0	0.77	0.97	0.0	0.0	33.71					-0.0	-0.0	0.55	-0.0	-0.0	0.5140186915887923	0.55	0.004243284515855314	0.004213884095344289	57.01166219074227				
2024-08-27 07:00:00	0	1.07	1.07	1.07	1.07	1.07	RAD.MI	0.69	0.69	0.69	0.69	0.85	0.62	1.0	1.0	1.0	-1	-1.0	-1.0	1.0	1.0	-1.0	-1.0									-1.0			1.31										-1.0			1.71	0.0	0.0	-1.54	0.0	0.0	-0.67	1.11	-1.54	0.0	0.0	23.27					1	-0.0	-0.0	-1.79	-0.0	-0.0	-0.73	-1.79	0.0	0.0	14.23					0.0	0.0	0.23	0.0	0.0	0.05	0.23	0.0	0.0	28.81					-0.0	-0.0	0.97	-0.0	-0.0	0.77	0.97	0.0	0.0	33.71					-0.0	-0.0	0.55	-0.0	-0.0	0.5140186915887923	0.55	0.004243284515855314	0.004213884095344289	57.01166219074227				
2024-08-28 07:00:00	0	1.07	1.07	1.07	1.07	1.07	RAD.MI	0.69	0.69	0.69	0.69	0.85	0.62	1.0	1.0	1.0	-1	-1.0	-1.0	1.0	1.0	-1.0	-1.0									-1.0			1.31										-1.0			1.71	0.0	0.0	-1.54	0.0	0.0	-0.67	1.11	-1.54	0.0	0.0	26.26					1	-0.0	-0.0	-1.79	-0.0	-0.0	-0.73	-1.79	0.0	0.0	17.71					0.0	0.0	0.23	0.0	0.0	0.05	0.23	0.0	0.0	28.35					-0.0	-0.0	0.97	-0.0	-0.0	0.77	0.97	0.0	0.0	33.29					-0.0	-0.0	0.55	-0.0	-0.0	0.5140186915887923	0.55	0.004438822135402967	0.004410414815448682	60.274184521140796				
2024-08-29 07:00:00	1000	1.05	1.05	1.05	1.05	1.05	RAD.MI	0.67	0.67	0.67	0.67	0.85	0.62	1.0	-1.0	-1.0	-1	-1.0	-1.0	1.0	1.0	-1.0	-1.0									-1.0			1.31										-1.0			1.71	-0.02	-0.02	-1.56	-0.02	-0.02	-0.67	1.11	-1.56	0.0	0.0	22.55					1	0.02	0.02	-1.77	0.02	0.02	-0.73	-1.77	0.0	0.0	19.43					-0.02	-0.02	0.21	-0.02	-0.02	0.04	0.21	0.0	0.0	24.55					0.02	0.02	0.99	0.02	0.02	0.8	0.99	0.0	0.0	34.18					0.020000000000000018	0.020000000000000018	0.5700000000000001	0.01869158878504673	0.018868484304382805	0.5428571428571503	0.5700000000000001	0.004578448919255401	0.0045494162919323955	60.880089731898735				
2024-08-30 07:00:00	0	1.05	1.05	1.05	1.05	1.05	RAD.MI	0.67	0.67	0.67	0.67	0.85	0.62	1.0	-1.0	-1.0	-1	-1.0	-1.0	1.0	1.0	-1.0	-1.0									-1.0			1.31										-1.0			1.71	0.0	0.0	-1.56	0.0	0.0	-0.67	1.08	-1.56	0.0	0.0	22.55					1	-0.0	-0.0	-1.77	-0.0	-0.0	-0.73	-1.77	0.0	0.0	19.43					0.0	0.0	0.21	0.0	0.0	0.04	0.21	0.0	0.0	24.55					-0.0	-0.0	0.99	-0.0	-0.0	0.8	0.99	0.0	0.0	34.18					-0.0	-0.0	0.5700000000000001	-0.0	-0.0	0.5428571428571503	0.5700000000000001	0.004578448919255401	0.0045494162919323955	60.880089731898735				
2024-09-02 07:00:00	14500	1.05	1.04	1.05	1.05	1.05	RAD.MI	0.67	0.67	0.66	0.67	0.85	0.62	1.0	-1.0	-1.0	-1	-1.0	-1.0	1.0	1.0	-1.0	-1.0									-1.0			1.31		0.66								-1.0			1.71	0.0	0.0	-1.56	0.0	0.0	-0.67	1.07	-1.56	0.0	0.0	20.37					1	-0.0	-0.0	-1.77	-0.0	-0.0	-0.73	-1.77	0.0	0.0	19.43					0.0	0.0	0.21	0.0	0.0	0.04	0.21	0.0	0.0	29.73					-0.0	-0.0	0.99	-0.0	-0.0	0.8	0.99	0.0	0.0	39.81					-0.0	-0.0	0.5700000000000001	-0.0	-0.0	0.5428571428571503	0.5700000000000001	0.004314135108000015	0.004286280475962467	59.7109868885749				
2024-09-03 07:00:00	4000	1.04	1.04	1.04	1.04	1.04	RAD.MI	0.67	0.67	0.67	0.67	0.85	0.62	1.0	-1.0	-1.0	-1	-1.0	-1.0	1.0	1.0	-1.0	-1.0									-1.0			1.31										-1.0			1.71	-0.01	-0.01	-1.57	-0.01	-0.01	-0.68	1.07	-1.57	0.0	0.0	16.72					1	0.01	0.01	-1.76	0.01	0.01	-0.73	-1.76	0.0	0.0	20.26					-0.01	-0.01	0.2	-0.01	-0.01	0.03	0.2	0.0	0.0	29.7					0.01	0.01	1.0	0.01	0.01	0.82	1.0	0.0	0.0	43.49					0.010000000000000009	0.010000000000000009	0.5800000000000001	0.00952380952380949	0.009569451016150672	0.5576923076923153	0.5800000000000001	0.004317368667151314	0.004289499770122829	59.72586679105358				
2024-09-04 07:00:00	0	1.04	1.04	1.04	1.04	1.04	RAD.MI	0.67	0.67	0.67	0.67	0.85	0.62	1.0	-1.0	-1.0	-1	-1.0	-1.0	1.0	1.0	-1.0	-1.0									-1.0			1.31										-1.0			1.71	0.0	0.0	-1.57	0.0	0.0	-0.68	1.07	-1.57	0.0	0.0	14.76					1	-0.0	-0.0	-1.76	-0.0	-0.0	-0.73	-1.76	0.0	0.0	20.26					0.0	0.0	0.2	0.0	0.0	0.03	0.2	0.0	0.0	34.5					-0.0	-0.0	1.0	-0.0	-0.0	0.82	1.0	0.0	0.0	48.8					-0.0	-0.0	0.5800000000000001	-0.0	-0.0	0.5576923076923153	0.5800000000000001	0.004110843635084946	0.0040838785520844745	58.74464142764525				
2024-09-05 07:00:00	2500	1.04	1.03	1.04	1.04	1.04	RAD.MI	0.67	0.67	0.67	0.67	0.85	0.62	1.0	-1.0	-1.0	-1	-1.0	-1.0	1.0	1.0	-1.0	-1.0									-1.0			1.31										-1.0			1.71	0.0	0.0	-1.57	0.0	0.0	-0.68	1.07	-1.57	0.0	0.0	14.76					1	-0.0	-0.0	-1.76	-0.0	-0.0	-0.73	-1.76	0.0	0.0	20.26					0.0	0.0	0.2	0.0	0.0	0.03	0.2	0.0	0.0	34.5					-0.0	-0.0	1.0	-0.0	-0.0	0.82	1.0	0.0	0.0	48.8					-0.0	-0.0	0.5800000000000001	-0.0	-0.0	0.5576923076923153	0.5800000000000001	0.004110843635084946	0.0040838785520844745	58.74464142764525				
2024-09-06 07:00:00	0	1.04	1.04	1.04	1.04	1.04	RAD.MI	0.68	0.68	0.68	0.68	0.85	0.62	1.0	-1.0	-1.0	-1	-1.0	-1.0	1.0	1.0	-1.0	-1.0									-1.0			1.31										-1.0			1.71	0.0	0.0	-1.57	0.0	0.0	-0.68	1.07	-1.57	0.0	0.0	14.76					1	-0.0	-0.0	-1.76	-0.0	-0.0	-0.73	-1.76	0.0	0.0	20.26					0.0	0.0	0.2	0.0	0.0	0.03	0.2	0.0	0.0	34.5					-0.0	-0.0	1.0	-0.0	-0.0	0.82	1.0	0.0	0.0	48.8					-0.0	-0.0	0.5800000000000001	-0.0	-0.0	0.5576923076923153	0.5800000000000001	0.004110843635084946	0.0040838785520844745	58.74464142764525				
2024-09-09 07:00:00	0	1.04	1.04	1.04	1.04	1.04	RAD.MI	0.68	0.68	0.68	0.68	0.85	0.62	1.0	-1.0	-1.0	-1	-1.0	-1.0	1.0	1.0	-1.0	-1.0									-1.0			1.31	0.68			0.68						-1.0			1.71	0.0	0.0	-1.57	0.0	0.0	-0.68	1.07	-1.57	0.0	0.0	13.33					1	-0.0	-0.0	-1.76	-0.0	-0.0	-0.73	-1.76	0.0	0.0	18.58					0.0	0.0	0.2	0.0	0.0	0.03	0.2	0.0	0.0	38.69					-0.0	-0.0	1.0	-0.0	-0.0	0.82	1.0	0.0	0.0	53.38					-0.0	-0.0	0.5800000000000001	-0.0	-0.0	0.5576923076923153	0.5800000000000001	0.003969886992301806	0.0039435302818264795	58.03691652855093				
2024-09-10 07:00:00	6500	1.03	1.02	1.03	1.03	1.03	RAD.MI	0.68	0.68	0.67	0.68	0.85	0.62	1.0	-1.0	-1.0	-1	-1.0	-1.0	1.0	1.0	-1.0	-1.0									-1.0			1.31										-1.0			1.71	-0.01	-0.01	-1.58	-0.01	-0.01	-0.68	1.07	-1.58	0.0	0.0	10.2					1	0.01	0.01	-1.75	0.01	0.01	-0.72	-1.75	0.0	0.0	19.45					-0.01	-0.01	0.19	-0.01	-0.01	0.02	0.19	0.0	0.0	35.37					0.01	0.01	1.01	0.01	0.01	0.84	1.01	0.0	0.0	53.77					0.010000000000000009	0.010000000000000009	0.5900000000000001	0.009615384615384581	0.009661910911736859	0.57281553398059	0.5900000000000001	0.0040413851330486595	0.004014720696203566	58.39992640157128				
2024-09-11 07:00:00	8000	1.05	1.01	1.02	1.01	1.01	RAD.MI	0.67	0.69	0.66	0.66	0.85	0.62	1.0	-1.0	-1.0	-1	-1.0	-1.0	1.0	1.0	-1.0	-1.0		1.01							-1.0			1.31		0.66								-1.0			1.71	-0.02	-0.02	-1.6	-0.02	-0.02	-0.69	1.07	-1.6	0.0	0.0	3.1					1	0.02	0.02	-1.73	0.02	0.02	-0.72	-1.73	0.0	0.0	17.66					-0.02	-0.02	0.17	-0.02	-0.02	-0.0	0.17	0.0	0.0	37.23					0.02	0.02	1.03	0.02	0.02	0.87	1.03	0.0	0.0	61.83					0.020000000000000018	0.020000000000000018	0.6100000000000001	0.01941747572815533	0.019608471388376313	0.6039603960396116	0.6100000000000001	0.003896254543988362	0.003870212891954772	57.65409731695783				
2024-09-12 07:00:00	1500	1.05	1.05	1.05	1.05	1.05	RAD.MI	0.69	0.69	0.69	0.69	0.85	0.62	1.0	-1.0	-1.0	-1	-1.0	-1.0	1.0	1.0	-1.0	-1.0									-1.0			1.31	0.69									-1.0			1.71	0.04	0.04	-1.56	0.04	0.04	-0.67	1.07	-1.56	0.0	0.0	6.45					1	-0.04	-0.04	-1.77	-0.04	-0.04	-0.73	-1.77	0.0	0.0	11.91					0.04	0.04	0.21	0.04	0.04	0.04	0.21	0.0	0.0	39.13					-0.04	-0.04	0.99	-0.04	-0.04	0.8	0.99	0.0	0.0	54.57					-0.040000000000000036	-0.040000000000000036	0.5700000000000001	-0.03960396039603964	-0.03883983331626396	0.5428571428571503	0.5700000000000001	0.003626970069107191	0.003599012210602881	51.262075131428986				
2024-09-13 07:00:00	0	1.05	1.05	1.05	1.05	1.05	RAD.MI	0.68	0.68	0.68	0.68	0.85	0.62	1.0	-1.0	-1.0	-1	-1.0	-1.0	1.0	1.0	-1.0	-1.0									-1.0			1.31										-1.0			1.71	0.0	0.0	-1.56	0.0	0.0	-0.67	1.07	-1.56	0.0	0.0	6.45					1	-0.0	-0.0	-1.77	-0.0	-0.0	-0.73	-1.77	0.0	0.0	11.91					0.0	0.0	0.21	0.0	0.0	0.04	0.21	0.0	0.0	39.13					-0.0	-0.0	0.99	-0.0	-0.0	0.8	0.99	0.0	0.0	54.57					-0.0	-0.0	0.5700000000000001	-0.0	-0.0	0.5428571428571503	0.5700000000000001	0.003626970069107191	0.003599012210602881	51.262075131428986				
2024-09-16 07:00:00	5000	1.05	1.05	1.05	1.05	1.05	RAD.MI	0.68	0.68	0.68	0.68	0.85	0.62	1.0	-1.0	-1.0	-1	-1.0	-1.0	1.0	1.0	-1.0	-1.0									-1.0			1.31										-1.0			1.71	0.0	0.0	-1.56	0.0	0.0	-0.67	1.07	-1.56	0.0	0.0	10.18					1	-0.0	-0.0	-1.77	-0.0	-0.0	-0.73	-1.77	0.0	0.0	16.15					0.0	0.0	0.21	0.0	0.0	0.04	0.21	0.0	0.0	38.18					-0.0	-0.0	0.99	-0.0	-0.0	0.8	0.99	0.0	0.0	53.8					-0.0	-0.0	0.5700000000000001	-0.0	-0.0	0.5428571428571503	0.5700000000000001	0.0038467578083361434	0.0038201066553544827	55.64093927833757				
2024-09-17 07:00:00	5500	1.07	1.05	1.07	1.05	1.05	RAD.MI	0.69	0.69	0.68	0.68	0.85	0.62	1.0	-1.0	-1.0	0	-1.0	-1.0	1.0	1.0	-1.0	-1.0	1.07								-1.0			1.31										-1.0			1.71	0.0	0.0	-1.56	0.0	0.0	-0.67	1.07	-1.56	0.0	0.0	10.18					1	-0.0	-0.0	-1.77	-0.0	-0.0	-0.73	-1.77	0.0	0.0	16.15					0.0	0.0	0.21	0.0	0.0	0.04	0.21	0.0	0.0	38.18					-0.0	-0.0	0.99	-0.0	-0.0	0.8	0.99	0.0	0.0	53.8					-0.0	-0.0	0.5700000000000001	-0.0	-0.0	0.5428571428571503	0.5700000000000001	0.0038467578083361434	0.0038201066553544827	55.64093927833757				
2024-09-18 07:00:00	0	1.05	1.05	1.05	1.05	1.05	RAD.MI	0.68	0.68	0.68	0.68	0.85	0.62	1.0	-1.0	-1.0	0	-1.0	-1.0	1.0	1.0	-1.0	-1.0									-1.0			1.31										-1.0			1.71	0.0	0.0	-1.56	0.0	0.0	-0.67	1.07	-1.56	0.0	0.0	13.32					1	0.0	0.0	-1.77	0.0	0.0	-0.73	-1.77	0.0	0.0	19.69					0.0	0.0	0.21	0.0	0.0	0.04	0.21	0.0	0.0	37.7					-0.0	-0.0	0.99	-0.0	-0.0	0.8	0.99	0.0	0.0	53.41					-0.0	-0.0	0.5700000000000001	-0.0	-0.0	0.5428571428571503	0.5700000000000001	0.004037468891228821	0.004011800336226168	59.080703243859354				
2024-09-19 07:00:00	0	1.05	1.05	1.05	1.05	1.05	RAD.MI	0.67	0.67	0.67	0.67	0.85	0.62	1.0	-1.0	-1.0	0	-1.0	-1.0	1.0	1.0	-1.0	-1.0									-1.0			1.31		0.67								-1.0			1.71	0.0	0.0	-1.56	0.0	0.0	-0.67	1.07	-1.56	0.0	0.0	12.56					1	0.0	0.0	-1.77	0.0	0.0	-0.73	-1.77	0.0	0.0	18.78					0.0	0.0	0.21	0.0	0.0	0.04	0.21	0.0	0.0	41.1					-0.0	-0.0	0.99	-0.0	-0.0	0.8	0.99	0.0	0.0	57.02					-0.0	-0.0	0.5700000000000001	-0.0	-0.0	0.5428571428571503	0.5700000000000001	0.003964297579138587	0.003938930017018283	58.7109808693081				
2024-09-20 07:00:00	0	1.05	1.05	1.05	1.05	1.05	RAD.MI	0.68	0.68	0.68	0.68	0.85	0.62	1.0	-1.0	-1.0	0	-1.0	-1.0	1.0	1.0	-1.0	-1.0									-1.0			1.31										-1.0			1.71	0.0	0.0	-1.56	0.0	0.0	-0.67	1.07	-1.56	0.0	0.0	15.76					1	0.0	0.0	-1.77	0.0	0.0	-0.73	-1.77	0.0	0.0	22.39					0.0	0.0	0.21	0.0	0.0	0.04	0.21	0.0	0.0	40.62					-0.0	-0.0	0.99	-0.0	-0.0	0.8	0.99	0.0	0.0	56.64					-0.0	-0.0	0.5700000000000001	-0.0	-0.0	0.5428571428571503	0.5700000000000001	0.0041520818095476565	0.004127696389378821	62.21784313619538				
2024-09-23 07:00:00	0	1.05	1.05	1.05	1.05	1.05	RAD.MI	0.68	0.68	0.68	0.68	0.85	0.62	1.0	-1.0	-1.0	0	-1.0	-1.0	1.0	1.0	-1.0	-1.0		1.05							-1.0			1.31	0.68									-1.0			1.71	0.0	0.0	-1.56	0.0	0.0	-0.67	1.07	-1.56	0.0	0.0	15.76					1	0.0	0.0	-1.77	0.0	0.0	-0.73	-1.77	0.0	0.0	22.39					0.0	0.0	0.21	0.0	0.0	0.04	0.21	0.0	0.0	40.62					-0.0	-0.0	0.99	-0.0	-0.0	0.8	0.99	0.0	0.0	56.64					-0.0	-0.0	0.5700000000000001	-0.0	-0.0	0.5428571428571503	0.5700000000000001	0.0041520818095476565	0.004127696389378821	62.21784313619538				
2024-09-24 07:00:00	0	1.05	1.05	1.05	1.05	1.05	RAD.MI	0.68	0.68	0.68	0.68	0.85	0.62	1.0	-1.0	-1.0	0	-1.0	-1.0	1.0	1.0	-1.0	-1.0									-1.0			1.31										-1.0			1.71	0.0	0.0	-1.56	0.0	0.0	-0.67	1.07	-1.56	0.0	0.0	15.76					1	0.0	0.0	-1.77	0.0	0.0	-0.73	-1.77	0.0	0.0	22.39					0.0	0.0	0.21	0.0	0.0	0.04	0.21	0.0	0.0	40.62					-0.0	-0.0	0.99	-0.0	-0.0	0.8	0.99	0.0	0.0	56.64					-0.0	-0.0	0.5700000000000001	-0.0	-0.0	0.5428571428571503	0.5700000000000001	0.0041520818095476565	0.004127696389378821	62.21784313619538				
2024-09-25 07:00:00	0	1.05	1.05	1.05	1.05	1.05	RAD.MI	0.68	0.68	0.68	0.68	0.85	0.62	1.0	-1.0	-1.0	0	-1.0	-1.0	1.0	1.0	-1.0	-1.0									-1.0			1.31										-1.0			1.71	0.0	0.0	-1.56	0.0	0.0	-0.67	1.07	-1.56	0.0	0.0	15.76					1	0.0	0.0	-1.77	0.0	0.0	-0.73	-1.77	0.0	0.0	22.39					0.0	0.0	0.21	0.0	0.0	0.04	0.21	0.0	0.0	40.62					-0.0	-0.0	0.99	-0.0	-0.0	0.8	0.99	0.0	0.0	56.64					-0.0	-0.0	0.5700000000000001	-0.0	-0.0	0.5428571428571503	0.5700000000000001	0.0041520818095476565	0.004127696389378821	62.21784313619538				
2024-09-26 07:00:00	2000	1.05	1.05	1.05	1.05	1.05	RAD.MI	0.67	0.67	0.67	0.67	0.85	0.62	1.0	-1.0	-1.0	0	-1.0	-1.0	1.0	1.0	-1.0	-1.0									-1.0			1.31										-1.0			1.71	0.0	0.0	-1.56	0.0	0.0	-0.67	1.07	-1.56	0.0	0.0	14.2					1	0.0	0.0	-1.77	0.0	0.0	-0.73	-1.77	0.0	0.0	20.53					0.0	0.0	0.21	0.0	0.0	0.04	0.21	0.0	0.0	45.13					-0.0	-0.0	0.99	-0.0	-0.0	0.8	0.99	0.0	0.0	61.6					-0.0	-0.0	0.5700000000000001	-0.0	-0.0	0.5428571428571503	0.5700000000000001	0.004003057426995996	0.003979251858096111	61.47788727920252				
2024-09-27 07:00:00	0	1.05	1.05	1.05	1.05	1.05	RAD.MI	0.66	0.66	0.66	0.66	0.85	0.62	1.0	-1.0	-1.0	0	-1.0	-1.0	1.0	1.0	-1.0	-1.0									-1.0			1.31		0.66								-1.0			1.71	0.0	0.0	-1.56	0.0	0.0	-0.67	1.07	-1.56	0.0	0.0	18.93					1	0.0	0.0	-1.77	0.0	0.0	-0.73	-1.77	0.0	0.0	25.95					0.0	0.0	0.21	0.0	0.0	0.04	0.21	0.0	0.0	43.66					-0.0	-0.0	0.99	-0.0	-0.0	0.8	0.99	0.0	0.0	60.43					-0.0	-0.0	0.5700000000000001	-0.0	-0.0	0.5428571428571503	0.5700000000000001	0.004231812252193077	0.004209531652310083	67.3769435257629				
2024-09-30 07:00:00	9000	1.09	1.06	1.09	1.08	1.08	RAD.MI	0.7	0.7	0.68	0.69	0.85	0.62	1.0	-1.0	1.0	0	-1.0	-1.0	1.0	-1.0	1.0	-1.0	1.09								-1.0			1.31										-1.0			1.71	0.03	0.03	-1.53	0.03	0.03	-0.66	1.09	-1.53	0.0	0.0	18.84					1	0.0	0.0	-1.77	0.0	0.0	-0.73	-1.77	0.0	0.0	23.02					0.03	0.03	0.24	0.03	0.03	0.06	0.24	0.0	0.0	50.89					-0.03	-0.03	0.96	-0.03	-0.03	0.75	0.96	0.0	0.0	60.57					-0.030000000000000027	-0.030000000000000027	0.54	-0.028571428571428692	-0.02817087696669644	0.5000000000000069	0.54	0.003783241334315335	0.0037603204180460814	60.424607944347485				
2024-10-01 07:00:00	4000	1.06	1.06	1.06	1.06	1.06	RAD.MI	0.69	0.69	0.69	0.69	0.85	0.62	1.0	-1.0	1.0	0	-1.0	-1.0	1.0	-1.0	1.0	-1.0									-1.0			1.31										-1.0			1.71	-0.02	-0.02	-1.55	-0.02	-0.02	-0.67	1.09	-1.55	0.0	0.0	14.86					1	-0.0	-0.0	-1.77	-0.0	-0.0	-0.73	-1.77	0.0	0.0	23.02					-0.02	-0.02	0.22	-0.02	-0.02	0.05	0.22	0.0	0.0	46.23					0.02	0.02	0.98	0.02	0.02	0.79	0.98	0.0	0.0	61.33					0.020000000000000018	0.020000000000000018	0.56	0.01851851851851849	0.01869213301215252	0.5283018867924598	0.56	0.003925301545207696	0.0039018382699766985	61.185661207538516				
2024-10-02 07:00:00	2000	1.06	1.06	1.06	1.06	1.06	RAD.MI	0.69	0.69	0.69	0.69	0.85	0.62	1.0	-1.0	1.0	0	-1.0	-1.0	1.0	-1.0	1.0	-1.0									-1.0			1.31										-1.0			1.71	0.0	0.0	-1.55	0.0	0.0	-0.67	1.09	-1.55	0.0	0.0	14.86					1	0.0	0.0	-1.77	0.0	0.0	-0.73	-1.77	0.0	0.0	23.02					0.0	0.0	0.22	0.0	0.0	0.05	0.22	0.0	0.0	46.23					-0.0	-0.0	0.98	-0.0	-0.0	0.79	0.98	0.0	0.0	61.33					-0.0	-0.0	0.56	-0.0	-0.0	0.5283018867924598	0.56	0.003925301545207696	0.0039018382699766985	61.185661207538516				
2024-10-03 07:00:00	500	1.05	1.05	1.05	1.05	1.05	RAD.MI	0.69	0.69	0.69	0.69	0.85	0.63	1.0	-1.0	1.0	0	-1.0	-1.0	1.0	-1.0	1.0	-1.0		1.05							-1.0			1.31										-1.0			1.71	-0.01	-0.01	-1.56	-0.01	-0.01	-0.67	1.09	-1.56	0.0	0.0	14.89					1	-0.0	-0.0	-1.77	-0.0	-0.0	-0.73	-1.77	0.0	0.0	26.94					-0.01	-0.01	0.21	-0.01	-0.01	0.04	0.21	0.0	0.0	42.22					0.01	0.01	0.99	0.01	0.01	0.8	0.99	0.0	0.0	61.31					0.010000000000000009	0.010000000000000009	0.5700000000000001	0.009433962264150941	0.00947874395454377	0.5428571428571498	0.5700000000000001	0.00418121332592129	0.004158443437031423	65.1671403181961				
2024-10-04 07:00:00	1500	1.06	1.06	1.06	1.06	1.06	RAD.MI	0.69	0.69	0.69	0.69	0.85	0.63	1.0	-1.0	1.0	0	-1.0	-1.0	1.0	-1.0	1.0	-1.0									-1.0			1.31										-1.0			1.71	0.01	0.01	-1.55	0.01	0.01	-0.67	1.09	-1.55	0.0	0.0	15.66					1	0.0	0.0	-1.77	0.0	0.0	-0.73	-1.77	0.0	0.0	26.94					0.01	0.01	0.22	0.01	0.01	0.05	0.22	0.0	0.0	42.69					-0.01	-0.01	0.98	-0.01	-0.01	0.79	0.98	0.0	0.0	57.59					-0.010000000000000009	-0.010000000000000009	0.56	-0.00952380952380949	-0.009478743954543739	0.5283018867924598	0.56	0.003998236525234549	0.003974506866620153	61.59945066987741				
2024-10-07 07:00:00	24500	1.12	1.06	1.08	1.1	1.1	RAD.MI	0.7	0.72	0.68	0.71	0.85	0.63	1.0	-1.0	1.0	0	-1.0	-1.0	1.0	-1.0	1.0	-1.0	1.12								-1.0			1.31										-1.0			1.71	0.04	0.04	-1.51	0.04	0.04	-0.66	1.12	-1.51	0.0	0.0	18.46					1	0.0	0.0	-1.77	0.0	0.0	-0.73	-1.77	0.0	0.0	26.94					0.04	0.04	0.26	0.04	0.04	0.08	0.26	0.0	0.0	44.46					-0.04	-0.04	0.94	-0.04	-0.04	0.72	0.94	0.0	0.0	50.72					-0.040000000000000036	-0.040000000000000036	0.52	-0.037735849056603765	-0.037041271680349076	0.47272727272727955	0.52	0.0037444576564423875	0.003718926245867893	55.21101028397058				
2024-10-08 07:00:00	500	1.08	1.08	1.08	1.08	1.08	RAD.MI	0.7	0.7	0.7	0.7	0.85	0.63	1.0	-1.0	1.0	0	-1.0	-1.0	1.0	-1.0	1.0	-1.0		1.08							-1.0			1.31										-1.0			1.71	-0.02	-0.02	-1.53	-0.02	-0.02	-0.66	1.12	-1.53	0.0	0.0	13.96					1	-0.0	-0.0	-1.77	-0.0	-0.0	-0.73	-1.77	0.0	0.0	25.91					-0.02	-0.02	0.24	-0.02	-0.02	0.06	0.24	0.0	0.0	43.57					0.02	0.02	0.96	0.02	0.02	0.75	0.96	0.0	0.0	55.02					0.020000000000000018	0.020000000000000018	0.54	0.018181818181818188	0.01834913866819654	0.5000000000000069	0.54	0.0038081839731312745	0.0037823896501052445	55.550615092395546				
2024-10-09 07:00:00	0	1.08	1.08	1.08	1.08	1.08	RAD.MI	0.7	0.7	0.7	0.7	0.85	0.63	1.0	-1.0	1.0	0	-1.0	-1.0	1.0	-1.0	1.0	-1.0									-1.0			1.31										-1.0			1.71	0.0	0.0	-1.53	0.0	0.0	-0.66	1.12	-1.53	0.0	0.0	17.13					1	0.0	0.0	-1.77	0.0	0.0	-0.73	-1.77	0.0	0.0	29.91					0.0	0.0	0.24	0.0	0.0	0.06	0.24	0.0	0.0	43.11					-0.0	-0.0	0.96	-0.0	-0.0	0.75	0.96	0.0	0.0	54.63					-0.0	-0.0	0.54	-0.0	-0.0	0.5000000000000069	0.54	0.003997558985576346	0.003972763793389955	58.98713858013829				
2024-10-10 07:00:00	60500	1.22	1.12	1.12	1.16	1.16	RAD.MI	0.72	0.78	0.72	0.74	0.85	0.63	1.0	1.0	1.0	1	-1.0	-1.0	1.0	-1.0	1.0	-1.0	1.22		1.22		1.22				-1.0			1.31	0.78		0.78							-1.0			1.71	0.08	0.08	-1.45	0.07	0.07	-0.64	1.22	-1.45	0.0	0.0	20.67					1	0.0	0.0	-1.77	0.0	0.0	-0.73	-1.77	0.0	0.0	27.81					0.08	0.08	0.32	0.07	0.07	0.14	0.32	0.0	0.0	50.69					-0.08	-0.08	0.88	-0.07	-0.07	0.63	0.88	0.0	0.0	48.97					-0.07999999999999985	-0.07999999999999985	0.4600000000000002	-0.07407407407407396	-0.07145896398214485	0.3965517241379377	0.4600000000000002	0.0035056475995620946	0.0034785235492886812	48.94602232427229				
2024-10-11 07:00:00	12000	1.13	1.1	1.12	1.13	1.13	RAD.MI	0.71	0.72	0.7	0.72	0.85	0.64	1.0	1.0	1.0	1	-1.0	-1.0	1.0	-1.0	1.0	-1.0									-1.0			1.31										-1.0			1.71	-0.03	-0.03	-1.48	-0.03	-0.03	-0.65	1.22	-1.48	0.0	0.0	20.22					1	-0.03	-0.03	-1.8	-0.03	-0.03	-0.74	-1.8	0.0	0.0	27.19					-0.03	-0.03	0.29	-0.03	-0.03	0.11	0.29	0.0	0.0	44.73					0.03	0.03	0.91	0.03	0.03	0.67	0.91	0.0	0.0	49.22					0.030000000000000027	0.030000000000000027	0.4900000000000002	0.025862068965517238	0.026202372394024072	0.43362831858407747	0.4900000000000002	0.003922221840273648	0.003895640888056162	54.1325146959416				
2024-10-14 07:00:00	9000	1.1	1.1	1.1	1.1	1.1	RAD.MI	0.69	0.69	0.69	0.69	0.85	0.64	1.0	1.0	1.0	1	-1.0	-1.0	1.0	-1.0	1.0	-1.0									-1.0			1.31										-1.0			1.71	-0.03	-0.03	-1.51	-0.03	-0.03	-0.66	1.22	-1.51	0.0	0.0	32.85					1	-0.03	-0.03	-1.83	-0.03	-0.03	-0.74	-1.83	0.0	0.0	44.77					-0.03	-0.03	0.26	-0.03	-0.03	0.08	0.26	0.0	0.0	30.18					0.03	0.03	0.94	0.03	0.03	0.72	0.94	0.0	0.0	41.97					0.029999999999999805	0.029999999999999805	0.52	0.0265486725663715	0.026907452919924156	0.4727272727272793	0.52	0.004711770039605653	0.004690384484920873	78.45756632933006				
2024-10-15 07:00:00	500	1.1	1.1	1.1	1.1	1.1	RAD.MI	0.69	0.69	0.69	0.69	0.85	0.64	1.0	1.0	1.0	1	-1.0	-1.0	1.0	-1.0	1.0	-1.0									-1.0			1.31										-1.0			1.71	0.0	0.0	-1.51	0.0	0.0	-0.66	1.22	-1.51	0.0	0.0	40.54					1	0.0	0.0	-1.83	0.0	0.0	-0.74	-1.83	0.0	0.0	38.9					0.0	0.0	0.26	0.0	0.0	0.08	0.26	0.0	0.0	26.75					-0.0	-0.0	0.94	-0.0	-0.0	0.72	0.94	0.0	0.0	39.02					-0.0	-0.0	0.52	-0.0	-0.0	0.4727272727272793	0.52	0.004972726123478662	0.004953270341521376	88.67565793475433				
2024-10-16 07:00:00	3000	1.08	1.06	1.08	1.06	1.06	RAD.MI	0.68	0.68	0.67	0.67	0.82	0.64	1.0	1.0	1.0	1	-1.0	-1.0	1.0	-1.0	1.0	-1.0									-1.0			1.31										-1.0			1.71	-0.04	-0.04	-1.55	-0.04	-0.04	-0.67	1.22	-1.55	0.0	0.0	29.45					1	-0.04	-0.04	-1.87	-0.04	-0.04	-0.75	-1.87	0.0	0.0	42.9					-0.04	-0.04	0.22	-0.04	-0.04	0.05	0.22	0.0	0.0	29.45					0.04	0.04	0.98	0.04	0.04	0.79	0.98	0.0	0.0	51.24					0.040000000000000036	0.040000000000000036	0.56	0.036363636363636376	0.0370412716803491	0.5283018867924598	0.56	0.0047582475777123295	0.00473949398773299	87.76398422600082				
2024-10-17 07:00:00	0	1.06	1.06	1.06	1.06	1.06	RAD.MI	0.66	0.66	0.66	0.66	0.82	0.64	1.0	1.0	1.0	1	-1.0	-1.0	1.0	-1.0	1.0	-1.0		1.06							-1.0			1.31		0.66								-1.0			1.71	0.0	0.0	-1.55	0.0	0.0	-0.67	1.22	-1.55	0.0	0.0	36.8					1	0.0	0.0	-1.87	0.0	0.0	-0.75	-1.87	0.0	0.0	53.51					0.0	0.0	0.22	0.0	0.0	0.05	0.22	0.0	0.0	36.8					-0.0	-0.0	0.98	-0.0	-0.0	0.79	0.98	0.0	0.0	59.57					-0.0	-0.0	0.56	-0.0	-0.0	0.5283018867924598	0.56	0.004426282585245721	0.004408590533960144	86.22256844216265				
2024-10-18 07:00:00	7500	1.09	1.06	1.06	1.09	1.09	RAD.MI	0.66	0.68	0.66	0.68	0.82	0.64	1.0	-1.0	-1.0	1	-1.0	-1.0	1.0	-1.0	1.0	-1.0	1.09								-1.0			1.31										-1.0			1.71	0.03	0.03	-1.52	0.03	0.03	-0.66	1.22	-1.52	0.0	0.0	42.55					1	0.03	0.03	-1.84	0.03	0.03	-0.74	-1.84	0.0	0.0	62.12					0.03	0.03	0.25	0.03	0.03	0.07	0.25	0.0	0.0	42.55					-0.03	-0.03	0.95	-0.03	-0.03	0.74	0.95	0.0	0.0	56.95					-0.030000000000000027	-0.030000000000000027	0.53	-0.028301886792452935	-0.027908788117076658	0.4862385321100984	0.53	0.004151313843460256	0.004132560735176316	78.56895024092519				
2024-10-21 07:00:00	2500	1.08	1.06	1.06	1.08	1.08	RAD.MI	0.66	0.67	0.66	0.67	0.82	0.64	1.0	-1.0	-1.0	1	-1.0	-1.0	1.0	-1.0	1.0	-1.0									-1.0			1.31										-1.0			1.71	-0.01	-0.01	-1.53	-0.01	-0.01	-0.66	1.22	-1.53	0.0	0.0	44.68					1	-0.01	-0.01	-1.85	-0.01	-0.01	-0.75	-1.85	0.0	0.0	65.38					-0.01	-0.01	0.24	-0.01	-0.01	0.06	0.24	0.0	0.0	44.68					0.01	0.01	0.96	0.01	0.01	0.75	0.96	0.0	0.0	63.91					0.010000000000000009	0.010000000000000009	0.54	0.00917431192660556	0.009216655104924063	0.5000000000000067	0.54	0.00401693658523553	0.003998629494063044	77.83770131927976				
2024-10-22 07:00:00	500	1.06	1.06	1.06	1.06	1.06	RAD.MI	0.67	0.67	0.67	0.67	0.82	0.65	1.0	-1.0	-1.0	1	-1.0	-1.0	1.0	-1.0	1.0	-1.0		1.06							-1.0			1.31										-1.0			1.71	-0.02	-0.02	-1.55	-0.02	-0.02	-0.67	1.22	-1.55	0.0	0.0	46.99					1	-0.02	-0.02	-1.87	-0.02	-0.02	-0.75	-1.87	0.0	0.0	68.94					-0.02	-0.02	0.22	-0.02	-0.02	0.05	0.22	0.0	0.0	46.99					0.02	0.02	0.98	0.02	0.02	0.79	0.98	0.0	0.0	73.31					0.020000000000000018	0.020000000000000018	0.56	0.01851851851851849	0.01869213301215252	0.5283018867924596	0.56	0.003878265484680808	0.0038604130671031633	77.04561875300911				
2024-10-23 07:00:00	0	1.06	1.06	1.06	1.06	1.06	RAD.MI	0.67	0.67	0.67	0.67	0.82	0.65	1.0	-1.0	-1.0	1	-1.0	-1.0	1.0	-1.0	1.0	-1.0									-1.0			1.31										-1.0			1.71	0.0	0.0	-1.55	0.0	0.0	-0.67	1.22	-1.55	0.0	0.0	53.76					1	0.0	0.0	-1.87	0.0	0.0	-0.75	-1.87	0.0	0.0	78.83					0.0	0.0	0.22	0.0	0.0	0.05	0.22	0.0	0.0	53.76					-0.0	-0.0	0.98	-0.0	-0.0	0.79	0.98	0.0	0.0	81.06					-0.0	-0.0	0.56	-0.0	-0.0	0.5283018867924596	0.56	0.0036592933827127	0.003642147353013492	75.71014577388624				
2024-10-24 07:00:00	1000	1.07	1.07	1.07	1.07	1.07	RAD.MI	0.67	0.67	0.67	0.67	0.82	0.65	1.0	-1.0	-1.0	1	-1.0	-1.0	1.0	-1.0	1.0	-1.0									-1.0			1.31										-1.0			1.71	0.01	0.01	-1.54	0.01	0.01	-0.67	1.22	-1.54	0.0	0.0	53.75					1	0.01	0.01	-1.86	0.01	0.01	-0.75	-1.86	0.0	0.0	78.81					0.01	0.01	0.23	0.01	0.01	0.05	0.23	0.0	0.0	53.75					-0.01	-0.01	0.97	-0.01	-0.01	0.77	0.97	0.0	0.0	76.05					-0.010000000000000009	-0.010000000000000009	0.55	-0.009433962264151052	-0.009389740349839137	0.5140186915887917	0.55	0.0036597067172452168	0.0036425651372602452	75.73800912748553				
2024-10-25 07:00:00	0	1.07	1.07	1.07	1.07	1.07	RAD.MI	0.67	0.67	0.67	0.67	0.82	0.65	1.0	-1.0	-1.0	1	-1.0	-1.0	1.0	-1.0	1.0	-1.0									-1.0			1.31										-1.0			1.71	0.0	0.0	-1.54	0.0	0.0	-0.67	1.22	-1.54	0.0	0.0	53.13					1	0.0	0.0	-1.86	0.0	0.0	-0.75	-1.86	0.0	0.0	77.78					0.0	0.0	0.23	0.0	0.0	0.05	0.23	0.0	0.0	53.13					-0.0	-0.0	0.97	-0.0	-0.0	0.77	0.97	0.0	0.0	75.58					-0.0	-0.0	0.55	-0.0	-0.0	0.5140186915887917	0.55	0.0038195988109365887	0.0038032154330300827	80.1248411223869				
2024-10-28 08:00:00	1000	1.09	1.08	1.08	1.09	1.09	RAD.MI	0.67	0.68	0.67	0.68	0.82	0.65	1.0	-1.0	-1.0	1	-1.0	-1.0	1.0	-1.0	1.0	-1.0									-1.0			1.31										-1.0			1.71	0.02	0.02	-1.52	0.02	0.02	-0.66	1.22	-1.52	0.0	0.0	53.72					1	0.02	0.02	-1.84	0.02	0.02	-0.74	-1.84	0.0	0.0	78.77					0.02	0.02	0.25	0.02	0.02	0.07	0.25	0.0	0.0	53.72					-0.02	-0.02	0.95	-0.02	-0.02	0.74	0.95	0.0	0.0	69.1					-0.020000000000000018	-0.020000000000000018	0.53	-0.01869158878504673	-0.01851904776723753	0.48623853211009815	0.53	0.0037995143346183126	0.0037829127139361596	78.67035611848647				
2024-10-29 08:00:00	0	1.09	1.09	1.09	1.09	1.09	RAD.MI	0.68	0.68	0.68	0.68	0.82	0.65	1.0	-1.0	-1.0	1	-1.0	-1.0	1.0	-1.0	1.0	-1.0	1.09								-1.0			1.31										-1.0			1.71	0.0	0.0	-1.52	0.0	0.0	-0.66	1.22	-1.52	0.0	0.0	58.0					1	0.0	0.0	-1.84	0.0	0.0	-0.74	-1.84	0.0	0.0	84.79					0.0	0.0	0.25	0.0	0.0	0.07	0.25	0.0	0.0	58.0					-0.0	-0.0	0.95	-0.0	-0.0	0.74	0.95	0.0	0.0	73.54					-0.0	-0.0	0.53	-0.0	-0.0	0.48623853211009815	0.53	0.0037262743598895677	0.00370989564645563	78.22498755722836				
2024-10-30 08:00:00	0	1.09	1.09	1.09	1.09	1.09	RAD.MI	0.69	0.69	0.69	0.69	0.82	0.65	1.0	-1.0	-1.0	1	-1.0	-1.0	1.0	-1.0	1.0	-1.0									-1.0			1.31	0.69									-1.0			1.71	0.0	0.0	-1.52	0.0	0.0	-0.66	1.22	-1.52	0.0	0.0	57.4					1	0.0	0.0	-1.84	0.0	0.0	-0.74	-1.84	0.0	0.0	83.8					0.0	0.0	0.25	0.0	0.0	0.07	0.25	0.0	0.0	57.4					-0.0	-0.0	0.95	-0.0	-0.0	0.74	0.95	0.0	0.0	73.05					-0.0	-0.0	0.53	-0.0	-0.0	0.48623853211009815	0.53	0.003884057753926907	0.003868437897488697	82.6390835962468				
2024-10-31 08:00:00	0	1.09	1.09	1.09	1.09	1.09	RAD.MI	0.69	0.69	0.69	0.69	0.82	0.66	1.0	-1.0	-1.0	1	-1.0	-1.0	1.0	-1.0	1.0	-1.0									-1.0			1.31										-1.0			1.71	0.0	0.0	-1.52	0.0	0.0	-0.66	1.22	-1.52	0.0	0.0	56.18					1	0.0	0.0	-1.84	0.0	0.0	-0.74	-1.84	0.0	0.0	81.73					0.0	0.0	0.25	0.0	0.0	0.07	0.25	0.0	0.0	56.18					-0.0	-0.0	0.95	-0.0	-0.0	0.74	0.95	0.0	0.0	72.04					-0.0	-0.0	0.53	-0.0	-0.0	0.48623853211009815	0.53	0.004058221814729075	0.004043562566419467	88.70880312490591				
2024-11-01 08:00:00	11000	1.1	1.02	1.06	1.1	1.1	RAD.MI	0.67	0.69	0.64	0.69	0.82	0.64	-1.0	-1.0	-1.0	0	-1.0	-1.0	1.0	-1.0	1.0	-1.0		1.02		1.02					-1.0			1.31		0.64		0.64						-1.0			1.71	0.01	0.01	-1.51	0.01	0.01	-0.66	1.22	-1.51	0.0	0.0	62.64					1	0.01	0.01	-1.83	0.01	0.01	-0.74	-1.83	0.0	0.0	91.32					0.01	0.01	0.26	0.01	0.01	0.08	0.26	0.0	0.0	62.64					-0.01	-0.01	0.94	-0.01	-0.01	0.72	0.94	0.0	0.0	73.64					-0.010000000000000009	-0.010000000000000009	0.52	-0.00917431192660545	-0.009132483563272472	0.4727272727272793	0.52	0.003757469061394057	0.003742478201550714	83.32176899213326				
2024-11-04 08:00:00	0	1.1	1.1	1.1	1.1	1.1	RAD.MI	0.7	0.7	0.7	0.7	0.82	0.64	-1.0	-1.0	-1.0	0	-1.0	-1.0	1.0	-1.0	1.0	-1.0									-1.0			1.31										-1.0			1.71	-0.0	-0.0	-1.51	-0.0	-0.0	-0.66	1.22	-1.51	0.0	0.0	70.5					1	0.0	0.0	-1.83	0.0	0.0	-0.74	-1.83	0.0	0.0	103.14					0.0	0.0	0.26	0.0	0.0	0.08	0.26	0.0	0.0	70.5					-0.0	-0.0	0.94	-0.0	-0.0	0.72	0.94	0.0	0.0	81.85					-0.0	-0.0	0.52	-0.0	-0.0	0.4727272727272793	0.52	0.003532809372361843	0.0035184448446166083	81.87947524565995				
2024-11-05 08:00:00	1000	1.1	1.09	1.09	1.1	1.1	RAD.MI	0.69	0.7	0.69	0.7	0.82	0.64	-1.0	-1.0	-1.0	0	-1.0	-1.0	1.0	-1.0	1.0	-1.0	1.1		1.1						-1.0			1.31										-1.0			1.71	-0.0	-0.0	-1.51	-0.0	-0.0	-0.66	1.22	-1.51	0.0	0.0	69.9					1	0.0	0.0	-1.83	0.0	0.0	-0.74	-1.83	0.0	0.0	102.14					0.0	0.0	0.26	0.0	0.0	0.08	0.26	0.0	0.0	69.9					-0.0	-0.0	0.94	-0.0	-0.0	0.72	0.94	0.0	0.0	81.33					-0.0	-0.0	0.52	-0.0	-0.0	0.4727272727272793	0.52	0.0036834398849326638	0.003669787309245498	86.57924460366579				
2024-11-06 08:00:00	0	1.1	1.1	1.1	1.1	1.1	RAD.MI	0.71	0.71	0.71	0.71	0.82	0.64	-1.0	-1.0	-1.0	0	-1.0	-1.0	1.0	-1.0	1.0	-1.0									-1.0			1.31	0.71		0.71							-1.0			1.71	-0.0	-0.0	-1.51	-0.0	-0.0	-0.66	1.22	-1.51	0.0	0.0	69.9					1	0.0	0.0	-1.83	0.0	0.0	-0.74	-1.83	0.0	0.0	102.14					0.0	0.0	0.26	0.0	0.0	0.08	0.26	0.0	0.0	69.9					-0.0	-0.0	0.94	-0.0	-0.0	0.72	0.94	0.0	0.0	81.33					-0.0	-0.0	0.52	-0.0	-0.0	0.4727272727272793	0.52	0.0036834398849326638	0.003669787309245498	86.57924460366579				
2024-11-07 08:00:00	4000	1.06	1.05	1.06	1.05	1.05	RAD.MI	0.68	0.68	0.67	0.67	0.82	0.64	-1.0	-1.0	-1.0	0	-1.0	-1.0	1.0	-1.0	1.0	-1.0									-1.0			1.31		0.67								-1.0			1.71	0.05	0.05	-1.46	0.05	0.05	-0.64	1.13	-1.46	0.0	0.0	77.4					1	-0.0	-0.0	-1.83	-0.0	-0.0	-0.74	-1.83	0.0	0.0	109.14					-0.05	-0.05	0.21	-0.05	-0.05	0.04	0.21	0.0	0.0	63.64					0.05	0.05	0.99	0.05	0.05	0.8	0.99	0.0	0.0	88.61					0.050000000000000044	0.050000000000000044	0.5700000000000001	0.045454545454545525	0.04652001563489293	0.5428571428571498	0.5700000000000001	0.0039790444018826	0.0039646100854102695	88.34123564007295				
2024-11-08 08:00:00	2000	1.05	1.05	1.05	1.05	1.05	RAD.MI	0.68	0.68	0.68	0.68	0.82	0.64	-1.0	-1.0	-1.0	0	-1.0	-1.0	1.0	-1.0	1.0	-1.0		1.05							-1.0			1.31	0.68									-1.0			1.71	-0.0	-0.0	-1.46	-0.0	-0.0	-0.64	1.1	-1.46	0.0	0.0	68.52					1	0.0	0.0	-1.83	0.0	0.0	-0.74	-1.83	0.0	0.0	89.65					0.0	0.0	0.21	0.0	0.0	0.04	0.21	0.0	0.0	52.96					-0.0	-0.0	0.99	-0.0	-0.0	0.8	0.99	0.0	0.0	80.9					-0.0	-0.0	0.5700000000000001	-0.0	-0.0	0.5428571428571498	0.5700000000000001	0.004369266052324676	0.0043580380267271845	121.15425099380344				
2024-11-11 08:00:00	0	1.05	1.05	1.05	1.05	1.05	RAD.MI	0.67	0.67	0.67	0.67	0.82	0.64	-1.0	-1.0	-1.0	0	-1.0	-1.0	1.0	-1.0	1.0	-1.0									-1.0			1.31		0.67								-1.0			1.71	-0.0	-0.0	-1.46	-0.0	-0.0	-0.64	1.1	-1.46	0.0	0.0	78.71					1	0.0	0.0	-1.83	0.0	0.0	-0.74	-1.83	0.0	0.0	106.09					0.0	0.0	0.21	0.0	0.0	0.04	0.21	0.0	0.0	62.16					-0.0	-0.0	0.99	-0.0	-0.0	0.8	0.99	0.0	0.0	91.59					-0.0	-0.0	0.5700000000000001	-0.0	-0.0	0.5428571428571498	0.5700000000000001	0.004092315997863614	0.0040817133647059745	119.61211393722616				
2024-11-12 08:00:00	0	1.05	1.05	1.05	1.05	1.05	RAD.MI	0.68	0.68	0.68	0.68	0.82	0.64	-1.0	-1.0	-1.0	0	-1.0	-1.0	1.0	-1.0	1.0	-1.0									-1.0			1.31										-1.0			1.71	-0.0	-0.0	-1.46	-0.0	-0.0	-0.64	1.1	-1.46	0.0	0.0	88.09					1	0.0	0.0	-1.83	0.0	0.0	-0.74	-1.83	0.0	0.0	121.41					0.0	0.0	0.21	0.0	0.0	0.04	0.21	0.0	0.0	70.62					-0.0	-0.0	0.99	-0.0	-0.0	0.8	0.99	0.0	0.0	101.42					-0.0	-0.0	0.5700000000000001	-0.0	-0.0	0.5428571428571498	0.5700000000000001	0.003878206615611555	0.0038680752455879652	118.30056970064078				
2024-11-13 08:00:00	1500	1.06	1.06	1.06	1.06	1.06	RAD.MI	0.69	0.69	0.69	0.69	0.82	0.64	-1.0	-1.0	-1.0	0	-1.0	-1.0	1.0	-1.0	1.0	-1.0									-1.0			1.31	0.69									-1.0			1.71	-0.01	-0.01	-1.47	-0.01	-0.01	-0.65	1.1	-1.47	0.0	0.0	87.97					1	0.0	0.0	-1.83	0.0	0.0	-0.74	-1.83	0.0	0.0	130.51					0.01	0.01	0.22	0.01	0.01	0.05	0.22	0.0	0.0	76.79					-0.01	-0.01	0.98	-0.01	-0.01	0.79	0.98	0.0	0.0	101.29					-0.010000000000000009	-0.010000000000000009	0.56	-0.00952380952380949	-0.009478743954543739	0.5283018867924598	0.56	0.003672805767520266	0.003662262883028067	111.7613529170461				
2024-11-14 08:00:00	0	1.06	1.06	1.06	1.06	1.06	RAD.MI	0.67	0.67	0.67	0.67	0.82	0.64	-1.0	-1.0	-1.0	0	-1.0	-1.0	1.0	-1.0	1.0	-1.0	1.06								-1.0			1.31		0.67								-1.0			1.71	-0.0	-0.0	-1.47	-0.0	-0.0	-0.65	1.1	-1.47	0.0	0.0	85.13					1	0.0	0.0	-1.83	0.0	0.0	-0.74	-1.83	0.0	0.0	123.49					0.0	0.0	0.22	0.0	0.0	0.05	0.22	0.0	0.0	73.54					-0.0	-0.0	0.98	-0.0	-0.0	0.79	0.98	0.0	0.0	98.86					-0.0	-0.0	0.56	-0.0	-0.0	0.5283018867924598	0.56	0.0038548144366343036	0.003845291273195217	125.35880259514575				
2024-11-15 08:00:00	1500	1.06	1.06	1.06	1.06	1.06	RAD.MI	0.68	0.68	0.68	0.68	0.82	0.64	-1.0	-1.0	-1.0	0	-1.0	-1.0	1.0	-1.0	1.0	-1.0									-1.0			1.31	0.68									-1.0			1.71	-0.0	-0.0	-1.47	-0.0	-0.0	-0.65	1.1	-1.47	0.0	0.0	93.07					1	0.0	0.0	-1.83	0.0	0.0	-0.74	-1.83	0.0	0.0	137.17					0.0	0.0	0.22	0.0	0.0	0.05	0.22	0.0	0.0	80.97					-0.0	-0.0	0.98	-0.0	-0.0	0.79	0.98	0.0	0.0	107.11					-0.0	-0.0	0.56	-0.0	-0.0	0.5283018867924598	0.56	0.0037127055284619363	0.003703479840098556	124.39445364667387				
2024-11-18 08:00:00	1500	1.05	1.04	1.05	1.04	1.04	RAD.MI	0.68	0.68	0.67	0.67	0.78	0.64	-1.0	-1.0	-1.0	0	-1.0	-1.0	1.0	-1.0	1.0	-1.0		1.04							-1.0			1.31		0.67								-1.0			1.71	0.02	0.02	-1.45	0.02	0.02	-0.64	1.1	-1.45	0.0	0.0	94.57					1	-0.0	-0.0	-1.83	-0.0	-0.0	-0.74	-1.83	0.0	0.0	137.17					-0.02	-0.02	0.2	-0.02	-0.02	0.03	0.2	0.0	0.0	73.23					0.02	0.02	1.0	0.02	0.02	0.82	1.0	0.0	0.0	108.4					0.020000000000000018	0.020000000000000018	0.5800000000000001	0.018867924528301883	0.019048194970694474	0.5576923076923148	0.5800000000000001	0.0038669959077245624	0.0038574470262635607	125.43883399826395				
2024-11-19 08:00:00	2500	1.06	1.02	1.03	1.06	1.06	RAD.MI	0.67	0.69	0.67	0.69	0.78	0.64	-1.0	-1.0	-1.0	0	-1.0	-1.0	1.0	-1.0	1.0	-1.0									-1.0			1.31										-1.0			1.71	-0.02	-0.02	-1.47	-0.02	-0.02	-0.65	1.1	-1.47	0.0	0.0	94.27					1	0.0	0.0	-1.83	0.0	0.0	-0.74	-1.83	0.0	0.0	151.88					0.02	0.02	0.22	0.02	0.02	0.05	0.22	0.0	0.0	82.43					-0.02	-0.02	0.98	-0.02	-0.02	0.79	0.98	0.0	0.0	108.07					-0.020000000000000018	-0.020000000000000018	0.56	-0.019230769230769162	-0.01904819497069441	0.5283018867924598	0.56	0.0035746833750389395	0.0035647332933772535	115.26340758638052				
2024-11-20 08:00:00	2000	1.06	1.05	1.06	1.05	1.05	RAD.MI	0.7	0.7	0.69	0.69	0.78	0.64	-1.0	-1.0	-1.0	0	-1.0	-1.0	1.0	-1.0	1.0	-1.0	1.06								-1.0			1.31	0.7		0.7							-1.0			1.71	0.01	0.01	-1.46	0.01	0.01	-0.64	1.1	-1.46	0.0	0.0	103.39					1	-0.0	-0.0	-1.83	-0.0	-0.0	-0.74	-1.83	0.0	0.0	167.83					-0.01	-0.01	0.21	-0.01	-0.01	0.04	0.21	0.0	0.0	84.4					0.01	0.01	0.99	0.01	0.01	0.8	0.99	0.0	0.0	117.46					0.010000000000000009	0.010000000000000009	0.5700000000000001	0.009433962264150941	0.00947874395454377	0.54285714285715	0.5700000000000001	0.0035050547740097656	0.0034952591200818617	114.73883042996442				
2024-11-21 08:00:00	0	1.05	1.05	1.05	1.05	1.05	RAD.MI	0.69	0.69	0.69	0.69	0.78	0.64	-1.0	-1.0	-1.0	0	-1.0	-1.0	1.0	-1.0	1.0	-1.0									-1.0			1.31										-1.0			1.71	-0.0	-0.0	-1.46	-0.0	-0.0	-0.64	1.1	-1.46	0.0	0.0	103.39					1	0.0	0.0	-1.83	0.0	0.0	-0.74	-1.83	0.0	0.0	167.83					0.0	0.0	0.21	0.0	0.0	0.04	0.21	0.0	0.0	84.4					-0.0	-0.0	0.99	-0.0	-0.0	0.8	0.99	0.0	0.0	117.46					-0.0	-0.0	0.5700000000000001	-0.0	-0.0	0.54285714285715	0.5700000000000001	0.0035050547740097656	0.0034952591200818617	114.73883042996442				
2024-11-22 08:00:00	500	1.04	1.04	1.04	1.04	1.04	RAD.MI	0.68	0.68	0.68	0.68	0.78	0.64	-1.0	-1.0	-1.0	0	-1.0	-1.0	1.0	-1.0	1.0	-1.0		1.04							-1.0			1.31		0.68								-1.0			1.71	0.01	0.01	-1.45	0.01	0.01	-0.64	1.1	-1.45	0.0	0.0	104.06					1	-0.0	-0.0	-1.83	-0.0	-0.0	-0.74	-1.83	0.0	0.0	167.83					-0.01	-0.01	0.2	-0.01	-0.01	0.03	0.2	0.0	0.0	78.65					0.01	0.01	1.0	0.01	0.01	0.82	1.0	0.0	0.0	118.03					0.010000000000000009	0.010000000000000009	0.5800000000000001	0.00952380952380949	0.009569451016150672	0.5576923076923148	0.5800000000000001	0.0035816103821389713	0.0035716448714613325	115.31473604200093				
2024-11-25 08:00:00	500	1.06	1.06	1.06	1.06	1.06	RAD.MI	0.69	0.69	0.69	0.69	0.78	0.64	-1.0	-1.0	-1.0	0	-1.0	-1.0	1.0	-1.0	1.0	-1.0	1.06								-1.0			1.31	0.69									-1.0			1.71	-0.02	-0.02	-1.47	-0.02	-0.02	-0.65	1.1	-1.47	0.0	0.0	95.46					1	0.0	0.0	-1.83	0.0	0.0	-0.74	-1.83	0.0	0.0	167.83					0.02	0.02	0.22	0.02	0.02	0.05	0.22	0.0	0.0	80.32					-0.02	-0.02	0.98	-0.02	-0.02	0.79	0.98	0.0	0.0	109.04					-0.020000000000000018	-0.020000000000000018	0.56	-0.019230769230769162	-0.01904819497069441	0.52830188679246	0.56	0.0034300483238105086	0.0034193586450415037	106.63360815472726				
2024-11-26 08:00:00	3000	1.04	1.03	1.04	1.03	1.03	RAD.MI	0.68	0.68	0.68	0.68	0.78	0.64	-1.0	-1.0	-1.0	0	-1.0	-1.0	1.0	-1.0	1.0	-1.0									-1.0			1.31										-1.0			1.71	0.03	0.03	-1.44	0.03	0.03	-0.63	1.1	-1.44	0.0	0.0	97.43					1	-0.0	-0.0	-1.83	-0.0	-0.0	-0.74	-1.83	0.0	0.0	167.83					-0.03	-0.03	0.19	-0.03	-0.03	0.02	0.19	0.0	0.0	70.88					0.03	0.03	1.01	0.03	0.03	0.84	1.01	0.0	0.0	110.72					0.030000000000000027	0.030000000000000027	0.5900000000000001	0.028301886792452824	0.028710105882431367	0.5728155339805898	0.5900000000000001	0.0036568581602817165	0.0036456219757430297	108.33397224869958				
2024-11-27 08:00:00	5500	1.03	1.03	1.03	1.03	1.03	RAD.MI	0.68	0.68	0.68	0.68	0.78	0.64	-1.0	-1.0	-1.0	0	-1.0	-1.0	1.0	-1.0	1.0	-1.0									-1.0			1.31										-1.0			1.71	-0.0	-0.0	-1.44	-0.0	-0.0	-0.63	1.1	-1.44	0.0	0.0	97.43					1	0.0	0.0	-1.83	0.0	0.0	-0.74	-1.83	0.0	0.0	167.83					0.0	0.0	0.19	0.0	0.0	0.02	0.19	0.0	0.0	70.88					-0.0	-0.0	1.01	-0.0	-0.0	0.84	1.01	0.0	0.0	110.72					-0.0	-0.0	0.5900000000000001	-0.0	-0.0	0.5728155339805898	0.5900000000000001	0.0036568581602817165	0.0036456219757430297	108.33397224869958				
2024-11-28 08:00:00	4000	1.03	1.01	1.03	1.01	1.01	RAD.MI	0.68	0.68	0.66	0.66	0.78	0.64	-1.0	-1.0	-1.0	-1	-1.0	-1.0	1.0	-1.0	1.0	-1.0		1.01							-1.0			1.31		0.66								-1.0			1.71	0.02	0.02	-1.42	0.02	0.02	-0.63	1.1	-1.42	0.0	0.0	104.48					1	-0.0	-0.0	-1.83	-0.0	-0.0	-0.74	-1.83	0.0	0.0	179.41					-0.02	-0.02	0.17	-0.02	-0.02	-0.0	0.17	0.0	0.0	68.88					0.02	0.02	1.03	0.02	0.02	0.87	1.03	0.0	0.0	117.78					0.020000000000000018	0.020000000000000018	0.6100000000000001	0.01941747572815533	0.019608471388376313	0.6039603960396114	0.6100000000000001	0.0037389535089209893	0.0037275161707088778	108.91063907274298				
2024-11-29 08:00:00	3000	1.05	1.02	1.05	1.02	1.02	RAD.MI	0.69	0.69	0.67	0.67	0.78	0.64	-1.0	-1.0	-1.0	-1	-1.0	-1.0	1.0	-1.0	1.0	-1.0									-1.0			1.31	0.69									-1.0			1.71	-0.01	-0.01	-1.43	-0.01	-0.01	-0.63	1.1	-1.43	0.0	0.0	98.51					1	-0.01	-0.01	-1.84	-0.01	-0.01	-0.74	-1.84	0.0	0.0	167.46					0.01	0.01	0.18	0.01	0.01	0.01	0.18	0.0	0.0	69.73					-0.01	-0.01	1.02	-0.01	-0.01	0.86	1.02	0.0	0.0	111.61					-0.010000000000000009	-0.010000000000000009	0.6000000000000001	-0.00990099009900991	-0.00985229644301164	0.5882352941176545	0.6000000000000001	0.0035999025961427015	0.0035878726226898916	103.02599500148499				
2024-12-02 08:00:00	500	1.04	1.04	1.04	1.04	1.04	RAD.MI	0.68	0.68	0.68	0.68	0.78	0.64	-1.0	-1.0	-1.0	-1	-1.0	-1.0	1.0	-1.0	1.0	-1.0	1.04			1.04					-1.0			1.31										-1.0			1.71	-0.02	-0.02	-1.45	-0.02	-0.02	-0.64	1.1	-1.45	0.0	0.0	96.0					1	-0.02	-0.02	-1.86	-0.02	-0.02	-0.75	-1.86	0.0	0.0	161.84					0.02	0.02	0.2	0.02	0.02	0.03	0.2	0.0	0.0	76.47					-0.02	-0.02	1.0	-0.02	-0.02	0.82	1.0	0.0	0.0	108.91					-0.020000000000000018	-0.020000000000000018	0.5800000000000001	-0.019607843137254832	-0.019418085857101516	0.557692307692315	0.5800000000000001	0.0033652514849235905	0.003352621376632836	94.51795571525048				
2024-12-03 08:00:00	3500	1.03	1.01	1.02	1.03	1.03	RAD.MI	0.66	0.66	0.65	0.66	0.78	0.64	-1.0	-1.0	-1.0	-1	-1.0	-1.0	1.0	-1.0	1.0	-1.0		1.01							-1.0			1.31		0.65								-1.0			1.71	0.01	0.01	-1.44	0.01	0.01	-0.63	1.1	-1.44	0.0	0.0	96.58					1	0.01	0.01	-1.85	0.01	0.01	-0.75	-1.85	0.0	0.0	163.57					-0.01	-0.01	0.19	-0.01	-0.01	0.02	0.19	0.0	0.0	71.26					0.01	0.01	1.01	0.01	0.01	0.84	1.01	0.0	0.0	109.41					0.010000000000000009	0.010000000000000009	0.5900000000000001	0.009615384615384581	0.009661910911736859	0.5728155339805898	0.5900000000000001	0.0034396481989439646	0.0034268133165418213	95.10379505389034				
2024-12-04 08:00:00	1000	1.04	1.04	1.04	1.04	1.04	RAD.MI	0.67	0.67	0.67	0.67	0.78	0.64	-1.0	-1.0	-1.0	-1	-1.0	-1.0	1.0	-1.0	-1.0	1.0									-1.0			1.31	0.67			0.67						-1.0			1.71	-0.01	-0.01	-1.45	-0.01	-0.01	-0.64	1.06	-1.45	0.0	0.0	89.17					1	-0.01	-0.01	-1.86	-0.01	-0.01	-0.75	-1.86	0.0	0.0	146.93					0.01	0.01	0.2	0.01	0.01	0.03	0.2	0.0	0.0	69.78					-0.01	-0.01	1.0	-0.01	-0.01	0.82	1.0	0.0	0.0	102.07					-0.010000000000000009	-0.010000000000000009	0.5800000000000001	-0.009708737864077666	-0.00966191091173689	0.5576923076923148	0.5800000000000001	0.0034810243259071434	0.0034685716422089286	99.31422305700562				
2024-12-05 08:00:00	0	1.04	1.04	1.04	1.04	1.04	RAD.MI	0.66	0.66	0.66	0.66	0.78	0.64	-1.0	-1.0	-1.0	-1	-1.0	-1.0	1.0	-1.0	-1.0	1.0									-1.0			1.31										-1.0			1.71	-0.0	-0.0	-1.45	-0.0	-0.0	-0.64	1.06	-1.45	0.0	0.0	86.61					1	-0.0	-0.0	-1.86	-0.0	-0.0	-0.75	-1.86	0.0	0.0	137.61					0.0	0.0	0.2	0.0	0.0	0.03	0.2	0.0	0.0	66.55					0.0	0.0	1.0	0.0	0.0	0.82	1.0	0.0	0.0	99.87					-0.0	-0.0	0.5800000000000001	-0.0	-0.0	0.5576923076923148	0.5800000000000001	0.0036781439962484553	0.00366679618641097	112.0243498474039				
2024-12-06 08:00:00	9000	1.07	1.04	1.04	1.07	1.07	RAD.MI	0.65	0.67	0.65	0.67	0.78	0.64	-1.0	-1.0	-1.0	0	-1.0	-1.0	1.0	-1.0	-1.0	1.0	1.07								-1.0			1.31		0.65								-1.0			1.71	-0.03	-0.03	-1.48	-0.03	-0.03	-0.65	1.07	-1.48	0.0	0.0	76.93					1	-0.03	-0.03	-1.89	-0.03	-0.03	-0.76	-1.89	0.0	0.0	117.4					0.03	0.03	0.23	0.03	0.03	0.05	0.23	0.0	0.0	69.16					0.03	0.03	1.03	0.03	0.03	0.87	1.03	0.0	0.0	101.64					-0.030000000000000027	-0.030000000000000027	0.55	-0.028846153846153966	-0.028437935320533625	0.5140186915887919	0.55	0.0034977686646546977	0.003485468998008834	101.09537427100253				
2024-12-09 08:00:00	1000	1.05	1.05	1.05	1.05	1.05	RAD.MI	0.66	0.66	0.66	0.66	0.78	0.64	-1.0	-1.0	-1.0	0	-1.0	-1.0	1.0	-1.0	-1.0	1.0		1.05							-1.0			1.31										-1.0			1.71	0.02	0.02	-1.46	0.02	0.02	-0.64	1.07	-1.46	0.0	0.0	87.59					1	-0.0	-0.0	-1.89	-0.0	-0.0	-0.76	-1.89	0.0	0.0	136.71					-0.02	-0.02	0.21	-0.02	-0.02	0.04	0.21	0.0	0.0	70.66					-0.02	-0.02	1.01	-0.02	-0.02	0.84	1.01	0.0	0.0	103.61					0.020000000000000018	0.020000000000000018	0.5700000000000001	0.01869158878504673	0.018868484304382805	0.5428571428571498	0.5700000000000001	0.003437710491265804	0.003425572758869677	100.62388101503124				
2024-12-10 08:00:00	6500	1.09	1.07	1.07	1.09	1.09	RAD.MI	0.68	0.69	0.68	0.69	0.78	0.64	-1.0	-1.0	-1.0	0	-1.0	-1.0	1.0	-1.0	-1.0	1.0	1.09								-1.0			1.31	0.69									-1.0			1.71	-0.04	-0.04	-1.5	-0.04	-0.04	-0.65	1.09	-1.5	0.0	0.0	81.37					1	0.0	0.0	-1.89	0.0	0.0	-0.76	-1.89	0.0	0.0	148.25					0.04	0.04	0.25	0.04	0.04	0.07	0.25	0.0	0.0	78.82					0.04	0.04	1.05	0.04	0.04	0.91	1.05	0.0	0.0	105.22					-0.040000000000000036	-0.040000000000000036	0.53	-0.03809523809523818	-0.03738753207162041	0.4862385321100984	0.53	0.003162169766731733	0.0031490532117446346	88.04014911097062				
2024-12-11 08:00:00	7000	1.08	1.06	1.08	1.06	1.06	RAD.MI	0.68	0.68	0.67	0.67	0.78	0.64	-1.0	-1.0	-1.0	0	-1.0	-1.0	1.0	-1.0	-1.0	1.0									-1.0			1.31										-1.0			1.71	0.03	0.03	-1.47	0.03	0.03	-0.65	1.09	-1.47	0.0	0.0	80.8					1	-0.0	-0.0	-1.89	-0.0	-0.0	-0.76	-1.89	0.0	0.0	136.3					-0.03	-0.03	0.22	-0.03	-0.03	0.05	0.22	0.0	0.0	67.25					-0.03	-0.03	1.02	-0.03	-0.03	0.85	1.02	0.0	0.0	107.26					0.030000000000000027	0.030000000000000027	0.56	0.02752293577981657	0.027908788117076616	0.5283018867924596	0.56	0.0035790846924839814	0.0035665182578532573	101.33139927232838				
2024-12-12 08:00:00	0	1.06	1.06	1.06	1.06	1.06	RAD.MI	0.66	0.66	0.66	0.66	0.78	0.64	-1.0	-1.0	-1.0	0	-1.0	-1.0	1.0	-1.0	-1.0	1.0									-1.0			1.31										-1.0			1.71	-0.0	-0.0	-1.47	-0.0	-0.0	-0.65	1.09	-1.47	0.0	0.0	78.81					1	0.0	0.0	-1.89	0.0	0.0	-0.76	-1.89	0.0	0.0	124.44					0.0	0.0	0.22	0.0	0.0	0.05	0.22	0.0	0.0	64.89					0.0	0.0	1.02	0.0	0.0	0.85	1.02	0.0	0.0	117.94					-0.0	-0.0	0.56	-0.0	-0.0	0.5283018867924596	0.56	0.0037553155003886302	0.0037436660610790096	111.50169092745082				
2024-12-13 08:00:00	2000	1.06	1.05	1.06	1.05	1.05	RAD.MI	0.66	0.66	0.66	0.66	0.78	0.64	-1.0	-1.0	-1.0	0	-1.0	-1.0	1.0	-1.0	-1.0	1.0									-1.0			1.31		0.66								-1.0			1.71	0.01	0.01	-1.46	0.01	0.01	-0.64	1.09	-1.46	0.0	0.0	97.56					1	-0.0	-0.0	-1.89	-0.0	-0.0	-0.76	-1.89	0.0	0.0	172.43					-0.01	-0.01	0.21	-0.01	-0.01	0.04	0.21	0.0	0.0	75.3					-0.01	-0.01	1.01	-0.01	-0.01	0.84	1.01	0.0	0.0	108.05					0.010000000000000009	0.010000000000000009	0.5700000000000001	0.009433962264150941	0.00947874395454377	0.5428571428571498	0.5700000000000001	0.0033480398649924203	0.0033374091291895613	108.36468902603325				
2024-12-16 08:00:00	0	1.05	1.05	1.05	1.05	1.05	RAD.MI	0.66	0.66	0.66	0.66	0.78	0.64	-1.0	-1.0	-1.0	0	-1.0	-1.0	1.0	-1.0	-1.0	1.0									-1.0			1.31										-1.0			1.71	-0.0	-0.0	-1.46	-0.0	-0.0	-0.64	1.09	-1.46	0.0	0.0	95.46					1	0.0	0.0	-1.89	0.0	0.0	-0.76	-1.89	0.0	0.0	156.68					0.0	0.0	0.21	0.0	0.0	0.04	0.21	0.0	0.0	72.61					0.0	0.0	1.01	0.0	0.0	0.84	1.01	0.0	0.0	119.73					-0.0	-0.0	0.5700000000000001	-0.0	-0.0	0.5428571428571498	0.5700000000000001	0.003515811222796331	0.0035060258964993984	119.84419862841715				
2024-12-17 08:00:00	3500	1.05	1.05	1.05	1.05	1.05	RAD.MI	0.67	0.67	0.67	0.67	0.78	0.64	-1.0	-1.0	-1.0	0	-1.0	-1.0	1.0	-1.0	-1.0	1.0									-1.0			1.31										-1.0			1.71	-0.0	-0.0	-1.46	-0.0	-0.0	-0.64	1.09	-1.46	0.0	0.0	95.46					1	0.0	0.0	-1.89	0.0	0.0	-0.76	-1.89	0.0	0.0	156.68					0.0	0.0	0.21	0.0	0.0	0.04	0.21	0.0	0.0	72.61					0.0	0.0	1.01	0.0	0.0	0.84	1.01	0.0	0.0	119.73					-0.0	-0.0	0.5700000000000001	-0.0	-0.0	0.5428571428571498	0.5700000000000001	0.003515811222796331	0.0035060258964993984	119.84419862841715				
2024-12-18 08:00:00	2000	1.05	1.05	1.05	1.05	1.05	RAD.MI	0.67	0.67	0.67	0.67	0.78	0.64	-1.0	-1.0	-1.0	0	-1.0	-1.0	1.0	-1.0	-1.0	1.0									-1.0			1.31										-1.0			1.71	-0.0	-0.0	-1.46	-0.0	-0.0	-0.64	1.09	-1.46	0.0	0.0	112.37					1	0.0	0.0	-1.89	0.0	0.0	-0.76	-1.89	0.0	0.0	206.82					0.0	0.0	0.21	0.0	0.0	0.04	0.21	0.0	0.0	87.12					0.0	0.0	1.01	0.0	0.0	0.84	1.01	0.0	0.0	116.62					-0.0	-0.0	0.5700000000000001	-0.0	-0.0	0.5428571428571498	0.5700000000000001	0.0031582841492501777	0.0031492959358723205	116.775387191928				
2024-12-19 08:00:00	6500	1.05	1.04	1.05	1.05	1.05	RAD.MI	0.68	0.68	0.67	0.68	0.78	0.64	-1.0	-1.0	-1.0	0	-1.0	-1.0	1.0	-1.0	-1.0	1.0									-1.0			1.31	0.68									-1.0			1.71	-0.0	-0.0	-1.46	-0.0	-0.0	-0.64	1.09	-1.46	0.0	0.0	119.3					1	0.0	0.0	-1.89	0.0	0.0	-0.76	-1.89	0.0	0.0	206.82					0.0	0.0	0.21	0.0	0.0	0.04	0.21	0.0	0.0	93.46					0.0	0.0	1.01	0.0	0.0	0.84	1.01	0.0	0.0	115.92					-0.0	-0.0	0.5700000000000001	-0.0	-0.0	0.5428571428571498	0.5700000000000001	0.0030847952472179006	0.003075966700806898	116.07905084263209				
2024-12-20 08:00:00	7000	1.06	1.03	1.04	1.05	1.05	RAD.MI	0.67	0.69	0.67	0.68	0.78	0.64	-1.0	-1.0	-1.0	0	-1.0	-1.0	1.0	-1.0	-1.0	1.0									-1.0			1.31										-1.0			1.71	-0.0	-0.0	-1.46	-0.0	-0.0	-0.64	1.09	-1.46	0.0	0.0	116.34					1	0.0	0.0	-1.89	0.0	0.0	-0.76	-1.89	0.0	0.0	206.82					0.0	0.0	0.21	0.0	0.0	0.04	0.21	0.0	0.0	89.6					0.0	0.0	1.01	0.0	0.0	0.84	1.01	0.0	0.0	132.5					-0.0	-0.0	0.5700000000000001	-0.0	-0.0	0.5428571428571498	0.5700000000000001	0.0032613170438737906	0.0032533992515368926	132.31556781504304				
2024-12-23 08:00:00	2000	1.04	1.04	1.04	1.04	1.04	RAD.MI	0.67	0.67	0.67	0.67	0.78	0.64	-1.0	-1.0	-1.0	0	-1.0	-1.0	1.0	-1.0	-1.0	1.0		1.04							-1.0			1.31										-1.0			1.71	0.01	0.01	-1.45	0.01	0.01	-0.64	1.09	-1.45	0.0	0.0	131.05					1	-0.0	-0.0	-1.89	-0.0	-0.0	-0.76	-1.89	0.0	0.0	206.82					-0.01	-0.01	0.2	-0.01	-0.01	0.03	0.2	0.0	0.0	94.62					-0.01	-0.01	1.0	-0.01	-0.01	0.82	1.0	0.0	0.0	122.77					0.010000000000000009	0.010000000000000009	0.5800000000000001	0.00952380952380949	0.009569451016150672	0.5576923076923146	0.5800000000000001	0.0031186808584980803	0.0031110438831987164	130.976487278823				
2024-12-27 08:00:00	2500	1.05	1.04	1.05	1.04	1.04	RAD.MI	0.67	0.67	0.66	0.66	0.78	0.64	-1.0	-1.0	-1.0	0	-1.0	-1.0	1.0	-1.0	-1.0	1.0									-1.0			1.31		0.66								-1.0			1.71	-0.0	-0.0	-1.45	-0.0	-0.0	-0.64	1.09	-1.45	0.0	0.0	165.72					1	0.0	0.0	-1.89	0.0	0.0	-0.76	-1.89	0.0	0.0	206.82					0.0	0.0	0.2	0.0	0.0	0.03	0.2	0.0	0.0	121.53					0.0	0.0	1.0	0.0	0.0	0.82	1.0	0.0	0.0	116.17					-0.0	-0.0	0.5800000000000001	-0.0	-0.0	0.5576923076923146	0.5800000000000001	0.0025825951762343978	0.0025759684546475814	124.97366565418487				
2024-12-30 08:00:00	3000	1.05	1.05	1.05	1.05	1.05	RAD.MI	0.67	0.67	0.67	0.67	0.78	0.64	-1.0	-1.0	-1.0	0	-1.0	-1.0	1.0	-1.0	-1.0	1.0									-1.0			1.31										-1.0			1.71	-0.01	-0.01	-1.46	-0.01	-0.01	-0.64	1.09	-1.46	0.0	0.0	153.81					1	0.0	0.0	-1.89	0.0	0.0	-0.76	-1.89	0.0	0.0	251.01					0.01	0.01	0.21	0.01	0.01	0.04	0.21	0.0	0.0	119.29					0.01	0.01	1.01	0.01	0.01	0.84	1.01	0.0	0.0	132.78					-0.010000000000000009	-0.010000000000000009	0.5700000000000001	-0.009615384615384581	-0.009569451016150672	0.5428571428571498	0.5700000000000001	0.002621997038802323	0.0026156550001867895	132.43813220181568				
2025-01-02 08:00:00	4000	1.06	1.04	1.04	1.06	1.06	RAD.MI	0.66	0.67	0.66	0.67	0.78	0.64	-1.0	-1.0	-1.0	0	-1.0	-1.0	1.0	-1.0	-1.0	1.0									-1.0			1.31										-1.0			1.71	-0.01	-0.01	-1.47	-0.01	-0.01	-0.65	1.09	-1.47	0.0	0.0	144.65					1	0.0	0.0	-1.89	0.0	0.0	-0.76	-1.89	0.0	0.0	251.01					0.01	0.01	0.22	0.01	0.01	0.05	0.22	0.0	0.0	120.39					0.01	0.01	1.02	0.01	0.01	0.85	1.02	0.0	0.0	133.74					-0.010000000000000009	-0.010000000000000009	0.56	-0.00952380952380949	-0.009478743954543739	0.5283018867924598	0.56	0.002513096866701678	0.0025063799593867397	124.31752702828109				
2025-01-03 08:00:00	2500	1.06	1.06	1.06	1.06	1.06	RAD.MI	0.68	0.68	0.68	0.68	0.78	0.64	-1.0	-1.0	-1.0	0	-1.0	-1.0	1.0	-1.0	-1.0	1.0									-1.0			1.31	0.68									-1.0			1.71	-0.0	-0.0	-1.47	-0.0	-0.0	-0.65	1.09	-1.47	0.0	0.0	144.65					1	0.0	0.0	-1.89	0.0	0.0	-0.76	-1.89	0.0	0.0	251.01					0.0	0.0	0.22	0.0	0.0	0.05	0.22	0.0	0.0	120.39					0.0	0.0	1.02	0.0	0.0	0.85	1.02	0.0	0.0	133.74					-0.0	-0.0	0.56	-0.0	-0.0	0.5283018867924598	0.56	0.002513096866701678	0.0025063799593867397	124.31752702828109				
2025-01-06 08:00:00	1000	1.06	1.06	1.06	1.06	1.06	RAD.MI	0.67	0.67	0.67	0.67	0.78	0.64	-1.0	-1.0	-1.0	0	-1.0	-1.0	1.0	-1.0	-1.0	1.0									-1.0			1.31		0.67								-1.0			1.71	-0.0	-0.0	-1.47	-0.0	-0.0	-0.65	1.09	-1.47	0.0	0.0	142.8					1	0.0	0.0	-1.89	0.0	0.0	-0.76	-1.89	0.0	0.0	288.47					0.0	0.0	0.22	0.0	0.0	0.05	0.22	0.0	0.0	118.13					0.0	0.0	1.02	0.0	0.0	0.85	1.02	0.0	0.0	146.41					-0.0	-0.0	0.56	-0.0	-0.0	0.5283018867924598	0.56	0.0026411359408346244	0.002634929915821038	136.3049869694463				
2025-01-07 08:00:00	5000	1.12	1.08	1.08	1.11	1.11	RAD.MI	0.68	0.7	0.68	0.69	0.78	0.64	-1.0	-1.0	1.0	1	-1.0	-1.0	1.0	-1.0	-1.0	1.0									-1.0			1.31										-1.0			1.71	-0.05	-0.05	-1.52	-0.05	-0.05	-0.66	1.12	-1.52	0.0	0.0	118.88					1	0.0	0.0	-1.89	0.0	0.0	-0.76	-1.89	0.0	0.0	288.47					0.05	0.05	0.27	0.05	0.05	0.09	0.27	0.0	0.0	123.3					0.05	0.05	1.07	0.05	0.05	0.94	1.07	0.0	0.0	150.38					-0.050000000000000044	-0.050000000000000044	0.51	-0.04716981132075482	-0.04609110720026709	0.45945945945946587	0.51	0.0024563067510195756	0.0024491787059357506	114.75095389832481				
2025-01-08 08:00:00	0	1.11	1.11	1.11	1.11	1.11	RAD.MI	0.69	0.69	0.69	0.69	0.78	0.64	-1.0	-1.0	1.0	1	-1.0	-1.0	1.0	-1.0	-1.0	1.0	1.11								-1.0			1.31	0.69									-1.0			1.71	-0.0	-0.0	-1.52	-0.0	-0.0	-0.66	1.12	-1.52	0.0	0.0	118.88					1	0.0	0.0	-1.89	0.0	0.0	-0.76	-1.89	0.0	0.0	288.47					0.0	0.0	0.27	0.0	0.0	0.09	0.27	0.0	0.0	123.3					0.0	0.0	1.07	0.0	0.0	0.94	1.07	0.0	0.0	150.38					-0.0	-0.0	0.51	-0.0	-0.0	0.45945945945946587	0.51	0.0024563067510195756	0.0024491787059357506	114.75095389832481				
2025-01-09 08:00:00	0	1.11	1.11	1.11	1.11	1.11	RAD.MI	0.69	0.69	0.69	0.69	0.78	0.64	-1.0	-1.0	1.0	1	-1.0	-1.0	1.0	-1.0	-1.0	1.0									-1.0			1.31										-1.0			1.71	-0.0	-0.0	-1.52	-0.0	-0.0	-0.66	1.12	-1.52	0.0	0.0	126.9					1	0.0	0.0	-1.89	0.0	0.0	-0.76	-1.89	0.0	0.0	282.91					0.0	0.0	0.27	0.0	0.0	0.09	0.27	0.0	0.0	131.48					0.0	0.0	1.07	0.0	0.0	0.94	1.07	0.0	0.0	149.63					-0.0	-0.0	0.51	-0.0	-0.0	0.45945945945946587	0.51	0.0023814246737786796	0.0023744414705795247	113.70106089260867				
2025-01-10 08:00:00	4500	1.12	1.07	1.12	1.1	1.1	RAD.MI	0.7	0.7	0.67	0.68	0.78	0.64	-1.0	-1.0	1.0	1	-1.0	-1.0	1.0	-1.0	-1.0	1.0									-1.0			1.31		0.67	0.7							-1.0			1.71	0.01	0.01	-1.51	0.01	0.01	-0.66	1.12	-1.51	0.0	0.0	127.8					1	-0.01	-0.01	-1.9	-0.01	-0.01	-0.76	-1.9	0.0	0.0	258.26					-0.01	-0.01	0.26	-0.01	-0.01	0.08	0.26	0.0	0.0	123.47					-0.01	-0.01	1.06	-0.01	-0.01	0.92	1.06	0.0	0.0	141.29					0.010000000000000009	0.010000000000000009	0.52	0.009009009009009028	0.009049835519917927	0.4727272727272793	0.52	0.002452918374386032	0.0024457969153204306	114.70442441361502				
2025-01-13 08:00:00	0	1.1	1.1	1.1	1.1	1.1	RAD.MI	0.69	0.69	0.69	0.69	0.78	0.64	-1.0	-1.0	1.0	1	-1.0	-1.0	1.0	-1.0	-1.0	1.0									-1.0			1.31	0.69									-1.0			1.71	-0.0	-0.0	-1.51	-0.0	-0.0	-0.66	1.12	-1.51	0.0	0.0	127.8					1	0.0	0.0	-1.9	0.0	0.0	-0.76	-1.9	0.0	0.0	258.26					0.0	0.0	0.26	0.0	0.0	0.08	0.26	0.0	0.0	123.47					0.0	0.0	1.06	0.0	0.0	0.92	1.06	0.0	0.0	141.29					-0.0	-0.0	0.52	-0.0	-0.0	0.4727272727272793	0.52	0.002452918374386032	0.0024457969153204306	114.70442441361502				
2025-01-14 08:00:00	31000	1.11	1.03	1.06	1.06	1.06	RAD.MI	0.66	0.69	0.64	0.66	0.78	0.64	-1.0	-1.0	-1.0	0	-1.0	-1.0	1.0	-1.0	-1.0	1.0		1.03	1.11						-1.0			1.31										-1.0			1.71	0.04	0.04	-1.47	0.04	0.04	-0.65	1.12	-1.47	0.0	0.0	129.5					1	-0.04	-0.04	-1.94	-0.04	-0.04	-0.77	-1.94	0.0	0.0	234.8					-0.04	-0.04	0.22	-0.04	-0.04	0.05	0.22	0.0	0.0	103.81					-0.04	-0.04	1.02	-0.04	-0.04	0.85	1.02	0.0	0.0	133.84					0.040000000000000036	0.040000000000000036	0.56	0.036363636363636376	0.0370412716803491	0.5283018867924596	0.56	0.002879589601008642	0.0028724508423789707	129.20907140581718				
2025-01-15 08:00:00	3000	1.11	1.06	1.08	1.06	1.06	RAD.MI	0.66	0.68	0.65	0.65	0.78	0.64	-1.0	-1.0	-1.0	0	-1.0	-1.0	1.0	-1.0	-1.0	1.0	1.11			1.06					-1.0			1.31										-1.0			1.71	-0.0	-0.0	-1.47	-0.0	-0.0	-0.65	1.12	-1.47	0.0	0.0	129.5					1	0.0	0.0	-1.94	0.0	0.0	-0.77	-1.94	0.0	0.0	234.8					0.0	0.0	0.22	0.0	0.0	0.05	0.22	0.0	0.0	103.81					0.0	0.0	1.02	0.0	0.0	0.85	1.02	0.0	0.0	133.84					-0.0	-0.0	0.56	-0.0	-0.0	0.5283018867924596	0.56	0.002879589601008642	0.0028724508423789707	129.20907140581718				
2025-01-16 08:00:00	1500	1.06	1.06	1.06	1.06	1.06	RAD.MI	0.65	0.65	0.65	0.65	0.78	0.64	-1.0	-1.0	-1.0	0	-1.0	-1.0	1.0	-1.0	-1.0	1.0									-1.0			1.31										-1.0			1.71	-0.0	-0.0	-1.47	-0.0	-0.0	-0.65	1.12	-1.47	0.0	0.0	129.5					1	0.0	0.0	-1.94	0.0	0.0	-0.77	-1.94	0.0	0.0	234.8					0.0	0.0	0.22	0.0	0.0	0.05	0.22	0.0	0.0	103.81					0.0	0.0	1.02	0.0	0.0	0.85	1.02	0.0	0.0	133.84					-0.0	-0.0	0.56	-0.0	-0.0	0.5283018867924596	0.56	0.002879589601008642	0.0028724508423789707	129.20907140581718				
2025-01-17 08:00:00	12500	1.05	1.03	1.05	1.05	1.05	RAD.MI	0.63	0.63	0.62	0.63	0.78	0.62	-1.0	-1.0	-1.0	0	-1.0	-1.0	1.0	-1.0	-1.0	1.0		1.03							-1.0			1.31		0.62								-1.0			1.71	0.01	0.01	-1.46	0.01	0.01	-0.64	1.12	-1.46	0.0	0.0	130.34					1	-0.0	-0.0	-1.94	-0.0	-0.0	-0.77	-1.94	0.0	0.0	234.8					-0.01	-0.01	0.21	-0.01	-0.01	0.04	0.21	0.0	0.0	96.55					-0.01	-0.01	1.01	-0.01	-0.01	0.84	1.01	0.0	0.0	126.0					0.010000000000000009	0.010000000000000009	0.5700000000000001	0.009433962264150941	0.00947874395454377	0.5428571428571498	0.5700000000000001	0.0029554195526449918	0.00294813702145591	130.02670026486874				
2025-01-20 08:00:00	4000	1.06	1.06	1.06	1.06	1.06	RAD.MI	0.64	0.64	0.64	0.64	0.78	0.62	-1.0	-1.0	-1.0	0	-1.0	-1.0	1.0	-1.0	-1.0	1.0									-1.0			1.31										-1.0			1.71	-0.01	-0.01	-1.47	-0.01	-0.01	-0.65	1.12	-1.47	0.0	0.0	122.48					1	0.0	0.0	-1.94	0.0	0.0	-0.77	-1.94	0.0	0.0	234.8					0.01	0.01	0.22	0.01	0.01	0.05	0.22	0.0	0.0	97.66					0.01	0.01	1.02	0.01	0.01	0.85	1.02	0.0	0.0	126.83					-0.010000000000000009	-0.010000000000000009	0.56	-0.00952380952380949	-0.009478743954543739	0.5283018867924598	0.56	0.002840144952636347	0.002832442840119187	122.4714525326192				
2025-01-21 08:00:00	0	1.06	1.06	1.06	1.06	1.06	RAD.MI	0.64	0.64	0.64	0.64	0.78	0.62	-1.0	-1.0	-1.0	0	-1.0	-1.0	1.0	-1.0	-1.0	1.0	1.06								-1.0			1.31										-1.0			1.71	-0.0	-0.0	-1.47	-0.0	-0.0	-0.65	1.12	-1.47	0.0	0.0	122.48					1	0.0	0.0	-1.94	0.0	0.0	-0.77	-1.94	0.0	0.0	234.8					0.0	0.0	0.22	0.0	0.0	0.05	0.22	0.0	0.0	97.66					0.0	0.0	1.02	0.0	0.0	0.85	1.02	0.0	0.0	126.83					-0.0	-0.0	0.56	-0.0	-0.0	0.5283018867924598	0.56	0.002840144952636347	0.002832442840119187	122.4714525326192				
2025-01-22 08:00:00	9000	1.06	1.05	1.05	1.06	1.06	RAD.MI	0.64	0.65	0.64	0.65	0.78	0.62	-1.0	-1.0	-1.0	0	-1.0	-1.0	1.0	-1.0	-1.0	1.0									-1.0			1.31	0.65									-1.0			1.71	-0.0	-0.0	-1.47	-0.0	-0.0	-0.65	1.12	-1.47	0.0	0.0	122.48					1	0.0	0.0	-1.94	0.0	0.0	-0.77	-1.94	0.0	0.0	234.8					0.0	0.0	0.22	0.0	0.0	0.05	0.22	0.0	0.0	97.66					0.0	0.0	1.02	0.0	0.0	0.85	1.02	0.0	0.0	126.83					-0.0	-0.0	0.56	-0.0	-0.0	0.5283018867924598	0.56	0.002840144952636347	0.002832442840119187	122.4714525326192				
2025-01-23 08:00:00	11000	1.07	1.03	1.06	1.06	1.06	RAD.MI	0.64	0.65	0.62	0.64	0.78	0.62	-1.0	-1.0	-1.0	0	-1.0	-1.0	1.0	-1.0	-1.0	1.0									-1.0			1.31										-1.0			1.71	-0.0	-0.0	-1.47	-0.0	-0.0	-0.65	1.12	-1.47	0.0	0.0	134.16					1	0.0	0.0	-1.94	0.0	0.0	-0.77	-1.94	0.0	0.0	219.72					0.0	0.0	0.22	0.0	0.0	0.05	0.22	0.0	0.0	108.04					0.0	0.0	1.02	0.0	0.0	0.85	1.02	0.0	0.0	125.14					-0.0	-0.0	0.56	-0.0	-0.0	0.5283018867924598	0.56	0.002691083926631723	0.002683680064106797	120.72816225192264				
2025-01-24 08:00:00	1000	1.04	1.04	1.04	1.04	1.04	RAD.MI	0.63	0.63	0.63	0.63	0.78	0.62	-1.0	-1.0	-1.0	0	-1.0	-1.0	1.0	-1.0	-1.0	1.0									-1.0			1.31										-1.0			1.71	0.02	0.02	-1.45	0.02	0.02	-0.64	1.12	-1.45	0.0	0.0	135.76					1	-0.0	-0.0	-1.94	-0.0	-0.0	-0.77	-1.94	0.0	0.0	219.72					-0.02	-0.02	0.2	-0.02	-0.02	0.03	0.2	0.0	0.0	97.6					-0.02	-0.02	1.0	-0.02	-0.02	0.82	1.0	0.0	0.0	114.18					0.020000000000000018	0.020000000000000018	0.5800000000000001	0.018867924528301883	0.019048194970694474	0.5576923076923148	0.5800000000000001	0.002841564666900209	0.002833859685533291	122.48740614716357				
2025-01-27 08:00:00	1000	1.04	1.04	1.04	1.04	1.04	RAD.MI	0.63	0.63	0.63	0.63	0.78	0.62	-1.0	-1.0	-1.0	0	-1.0	-1.0	1.0	-1.0	-1.0	1.0		1.04							-1.0			1.31										-1.0			1.71	-0.0	-0.0	-1.45	-0.0	-0.0	-0.64	1.12	-1.45	0.0	0.0	135.76					1	0.0	0.0	-1.94	0.0	0.0	-0.77	-1.94	0.0	0.0	219.72					0.0	0.0	0.2	0.0	0.0	0.03	0.2	0.0	0.0	97.6					0.0	0.0	1.0	0.0	0.0	0.82	1.0	0.0	0.0	114.18					-0.0	-0.0	0.5800000000000001	-0.0	-0.0	0.5576923076923148	0.5800000000000001	0.002841564666900209	0.002833859685533291	122.48740614716357				
2025-01-28 08:00:00	0	1.04	1.04	1.04	1.04	1.04	RAD.MI	0.63	0.63	0.63	0.63	0.78	0.62	-1.0	-1.0	-1.0	0	-1.0	-1.0	1.0	-1.0	-1.0	1.0									-1.0			1.31										-1.0			1.71	-0.0	-0.0	-1.45	-0.0	-0.0	-0.64	1.12	-1.45	0.0	0.0	144.08					1	0.0	0.0	-1.94	0.0	0.0	-0.77	-1.94	0.0	0.0	209.98					0.0	0.0	0.2	0.0	0.0	0.03	0.2	0.0	0.0	104.85					0.0	0.0	1.0	0.0	0.0	0.82	1.0	0.0	0.0	113.23					-0.0	-0.0	0.5800000000000001	-0.0	-0.0	0.5576923076923148	0.5800000000000001	0.002765966003872619	0.0027584130462265932	121.62116220120106				
2025-01-29 08:00:00	2500	1.04	1.04	1.04	1.04	1.04	RAD.MI	0.62	0.62	0.62	0.62	0.78	0.62	-1.0	-1.0	-1.0	0	-1.0	-1.0	1.0	-1.0	-1.0	1.0									-1.0			1.31		0.62								-1.0			1.71	-0.0	-0.0	-1.45	-0.0	-0.0	-0.64	1.12	-1.45	0.0	0.0	144.08					1	0.0	0.0	-1.94	0.0	0.0	-0.77	-1.94	0.0	0.0	209.98					0.0	0.0	0.2	0.0	0.0	0.03	0.2	0.0	0.0	104.85					0.0	0.0	1.0	0.0	0.0	0.82	1.0	0.0	0.0	113.23					-0.0	-0.0	0.5800000000000001	-0.0	-0.0	0.5576923076923148	0.5800000000000001	0.002765966003872619	0.0027584130462265932	121.62116220120106				
2025-01-30 08:00:00	13000	1.07	1.05	1.05	1.07	1.07	RAD.MI	0.63	0.64	0.63	0.64	0.78	0.62	-1.0	-1.0	-1.0	0	-1.0	-1.0	1.0	-1.0	-1.0	1.0	1.07		1.07						-1.0			1.31	0.64									-1.0			1.71	-0.03	-0.03	-1.48	-0.03	-0.03	-0.65	1.12	-1.48	0.0	0.0	128.25					1	0.0	0.0	-1.94	0.0	0.0	-0.77	-1.94	0.0	0.0	209.98					0.03	0.03	0.23	0.03	0.03	0.05	0.23	0.0	0.0	107.8					0.03	0.03	1.03	0.03	0.03	0.87	1.03	0.0	0.0	115.95					-0.030000000000000027	-0.030000000000000027	0.55	-0.028846153846153966	-0.028437935320533625	0.5140186915887917	0.55	0.0026080244081028714	0.002599737989092077	108.2228350049927				
2025-01-31 08:00:00	3000	1.05	1.05	1.05	1.05	1.05	RAD.MI	0.63	0.63	0.63	0.63	0.78	0.62	-1.0	-1.0	-1.0	0	-1.0	-1.0	1.0	-1.0	-1.0	1.0									-1.0			1.31										-1.0			1.71	0.02	0.02	-1.46	0.02	0.02	-0.64	1.12	-1.46	0.0	0.0	129.72					1	-0.0	-0.0	-1.94	-0.0	-0.0	-0.77	-1.94	0.0	0.0	209.98					-0.02	-0.02	0.21	-0.02	-0.02	0.04	0.21	0.0	0.0	97.81					-0.02	-0.02	1.01	-0.02	-0.02	0.84	1.01	0.0	0.0	105.81					0.020000000000000018	0.020000000000000018	0.5700000000000001	0.01869158878504673	0.018868484304382805	0.5428571428571496	0.5700000000000001	0.0027551985856770576	0.002746591402886356	109.97861497895335				
2025-02-03 08:00:00	0	1.05	1.05	1.05	1.05	1.05	RAD.MI	0.63	0.63	0.63	0.63	0.78	0.62	-1.0	-1.0	-1.0	0	-1.0	-1.0	1.0	-1.0	-1.0	1.0									-1.0			1.31										-1.0			1.71	-0.0	-0.0	-1.46	-0.0	-0.0	-0.64	1.12	-1.46	0.0	0.0	129.72					1	0.0	0.0	-1.94	0.0	0.0	-0.77	-1.94	0.0	0.0	209.98					0.0	0.0	0.21	0.0	0.0	0.04	0.21	0.0	0.0	97.81					0.0	0.0	1.01	0.0	0.0	0.84	1.01	0.0	0.0	105.81					-0.0	-0.0	0.5700000000000001	-0.0	-0.0	0.5428571428571496	0.5700000000000001	0.0027551985856770576	0.002746591402886356	109.97861497895335				
2025-02-04 08:00:00	5000	1.05	1.05	1.05	1.05	1.05	RAD.MI	0.62	0.62	0.62	0.62	0.78	0.62	-1.0	-1.0	-1.0	0	-1.0	-1.0	1.0	-1.0	-1.0	1.0									-1.0			1.31										-1.0			1.71	-0.0	-0.0	-1.46	-0.0	-0.0	-0.64	1.12	-1.46	0.0	0.0	137.58					1	0.0	0.0	-1.94	0.0	0.0	-0.77	-1.94	0.0	0.0	198.13					0.0	0.0	0.21	0.0	0.0	0.04	0.21	0.0	0.0	104.82					0.0	0.0	1.01	0.0	0.0	0.84	1.01	0.0	0.0	104.88					-0.0	-0.0	0.5700000000000001	-0.0	-0.0	0.5428571428571496	0.5700000000000001	0.0026798356805655104	0.002671393507897246	109.09656788581168				
2025-02-05 08:00:00	12000	1.04	1.03	1.04	1.03	1.03	RAD.MI	0.62	0.62	0.61	0.61	0.78	0.61	-1.0	-1.0	-1.0	0	-1.0	-1.0	1.0	-1.0	-1.0	1.0		1.03							-1.0			1.31										-1.0			1.71	0.02	0.02	-1.44	0.02	0.02	-0.63	1.12	-1.44	0.0	0.0	151.34					1	-0.0	-0.0	-1.94	-0.0	-0.0	-0.77	-1.94	0.0	0.0	164.66					-0.02	-0.02	0.19	-0.02	-0.02	0.02	0.19	0.0	0.0	104.94					-0.02	-0.02	0.99	-0.02	-0.02	0.8	0.99	0.0	0.0	93.12					0.020000000000000018	0.020000000000000018	0.5900000000000001	0.01904761904761909	0.019231361927887644	0.5728155339805896	0.5900000000000001	0.0026768942267736988	0.002668458462284029	109.06142958084475				
2025-02-06 08:00:00	6000	1.06	1.03	1.06	1.04	1.04	RAD.MI	0.62	0.62	0.61	0.61	0.78	0.61	-1.0	-1.0	-1.0	0	-1.0	-1.0	1.0	-1.0	-1.0	1.0									-1.0			1.31										-1.0			1.71	-0.01	-0.01	-1.45	-0.01	-0.01	-0.64	1.12	-1.45	0.0	0.0	140.22					1	0.0	0.0	-1.94	0.0	0.0	-0.77	-1.94	0.0	0.0	236.98					0.01	0.01	0.2	0.01	0.01	0.03	0.2	0.0	0.0	101.91					0.01	0.01	1.0	0.01	0.01	0.82	1.0	0.0	0.0	110.2					-0.010000000000000009	-0.010000000000000009	0.5800000000000001	-0.009708737864077666	-0.00966191091173689	0.5576923076923146	0.5800000000000001	0.002741085656063658	0.002733140681502988	118.52011184566003				
2025-02-07 08:00:00	4000	1.05	1.04	1.05	1.04	1.04	RAD.MI	0.62	0.62	0.61	0.61	0.78	0.61	-1.0	-1.0	-1.0	0	-1.0	-1.0	1.0	-1.0	-1.0	1.0	1.05								-1.0			1.31										-1.0			1.71	-0.0	-0.0	-1.45	-0.0	-0.0	-0.64	1.11	-1.45	0.0	0.0	140.22					1	0.0	0.0	-1.94	0.0	0.0	-0.77	-1.94	0.0	0.0	236.98					0.0	0.0	0.2	0.0	0.0	0.03	0.2	0.0	0.0	101.91					0.0	0.0	1.0	0.0	0.0	0.82	1.0	0.0	0.0	110.2					-0.0	-0.0	0.5800000000000001	-0.0	-0.0	0.5576923076923146	0.5800000000000001	0.002741085656063658	0.002733140681502988	118.52011184566003				
2025-02-10 08:00:00	4500	1.05	1.03	1.03	1.05	1.05	RAD.MI	0.6	0.62	0.6	0.62	0.78	0.6	-1.0	-1.0	-1.0	0	-1.0	-1.0	1.0	-1.0	-1.0	1.0									-1.0			1.31										-1.0			1.71	-0.01	-0.01	-1.46	-0.01	-0.01	-0.64	1.11	-1.46	0.0	0.0	132.11					1	0.0	0.0	-1.94	0.0	0.0	-0.77	-1.94	0.0	0.0	236.98					0.01	0.01	0.21	0.01	0.01	0.04	0.21	0.0	0.0	102.94					0.01	0.01	1.01	0.01	0.01	0.84	1.01	0.0	0.0	111.16					-0.010000000000000009	-0.010000000000000009	0.5700000000000001	-0.009615384615384581	-0.009569451016150672	0.5428571428571498	0.5700000000000001	0.002622888832977122	0.002614525042307969	111.17512733813344				
2025-02-11 08:00:00	10500	1.04	1.01	1.04	1.01	1.01	RAD.MI	0.6	0.6	0.59	0.59	0.78	0.59	-1.0	-1.0	-1.0	-1	-1.0	-1.0	1.0	-1.0	-1.0	1.0		1.01		1.01					-1.0			1.31		0.59								-1.0			1.71	0.04	0.04	-1.42	0.04	0.04	-0.63	1.11	-1.42	0.0	0.0	135.04					1	-0.0	-0.0	-1.94	-0.0	-0.0	-0.77	-1.94	0.0	0.0	236.98					-0.04	-0.04	0.17	-0.04	-0.04	-0.0	0.17	0.0	0.0	87.54					-0.04	-0.04	0.97	-0.04	-0.04	0.77	0.97	0.0	0.0	95.16					0.040000000000000036	0.040000000000000036	0.6100000000000001	0.03809523809523818	0.03883983331626401	0.6039603960396112	0.6100000000000001	0.0029219555495123553	0.0029129110292547278	114.68122419009303				
2025-02-12 08:00:00	25000	1.04	1.0	1.03	1.04	1.04	RAD.MI	0.6	0.61	0.58	0.61	0.78	0.58	-1.0	-1.0	-1.0	-1	-1.0	-1.0	1.0	-1.0	-1.0	1.0									-1.0			1.31										-1.0			1.71	-0.03	-0.03	-1.45	-0.03	-0.03	-0.64	1.07	-1.45	0.0	0.0	120.2					1	-0.03	-0.03	-1.97	-0.03	-0.03	-0.77	-1.97	0.0	0.0	176.6					0.03	0.03	0.2	0.03	0.03	0.03	0.2	0.0	0.0	90.58					0.03	0.03	1.0	0.03	0.03	0.82	1.0	0.0	0.0	97.97					-0.030000000000000027	-0.030000000000000027	0.5800000000000001	-0.02970297029702973	-0.029270382300113237	0.5576923076923148	0.5800000000000001	0.0027506786178094524	0.002740814470643338	101.82289546563952				
2025-02-13 08:00:00	8500	1.05	1.04	1.05	1.05	1.05	RAD.MI	0.6	0.6	0.6	0.6	0.78	0.58	-1.0	-1.0	-1.0	-1	-1.0	-1.0	1.0	-1.0	-1.0	1.0	1.05								-1.0			1.31	0.6									-1.0			1.71	-0.01	-0.01	-1.46	-0.01	-0.01	-0.64	1.07	-1.46	0.0	0.0	113.11					1	-0.01	-0.01	-1.98	-0.01	-0.01	-0.78	-1.98	0.0	0.0	147.56					0.01	0.01	0.21	0.01	0.01	0.04	0.21	0.0	0.0	91.51					0.01	0.01	1.01	0.01	0.01	0.84	1.01	0.0	0.0	98.83					-0.010000000000000009	-0.010000000000000009	0.5700000000000001	-0.009615384615384581	-0.009569451016150672	0.5428571428571498	0.5700000000000001	0.0026227999378564334	0.002612472220322015	95.3179830423209				
2025-02-14 08:00:00	500	1.04	1.04	1.04	1.04	1.04	RAD.MI	0.6	0.6	0.6	0.6	0.78	0.58	-1.0	-1.0	-1.0	-1	-1.0	-1.0	1.0	-1.0	-1.0	1.0									-1.0			1.31										-1.0			1.71	0.01	0.01	-1.45	0.01	0.01	-0.64	1.07	-1.45	0.0	0.0	113.84					1	0.01	0.01	-1.97	0.01	0.01	-0.77	-1.97	0.0	0.0	167.36					-0.01	-0.01	0.2	-0.01	-0.01	0.03	0.2	0.0	0.0	85.2					-0.01	-0.01	1.0	-0.01	-0.01	0.82	1.0	0.0	0.0	92.39					0.010000000000000009	0.010000000000000009	0.5800000000000001	0.00952380952380949	0.009569451016150672	0.5576923076923148	0.5800000000000001	0.002694570820477562	0.002684054255438717	96.17184046318691				
2025-02-17 08:00:00	9500	1.04	1.03	1.04	1.03	1.03	RAD.MI	0.59	0.59	0.59	0.59	0.78	0.58	-1.0	-1.0	-1.0	-1	-1.0	-1.0	1.0	-1.0	-1.0	1.0		1.03							-1.0			1.31										-1.0			1.71	0.01	0.01	-1.44	0.01	0.01	-0.63	1.07	-1.44	0.0	0.0	114.54					1	0.01	0.01	-1.96	0.01	0.01	-0.77	-1.96	0.0	0.0	183.26					-0.01	-0.01	0.19	-0.01	-0.01	0.02	0.19	0.0	0.0	79.03					-0.01	-0.01	0.99	-0.01	-0.01	0.8	0.99	0.0	0.0	86.1					0.010000000000000009	0.010000000000000009	0.5900000000000001	0.009615384615384581	0.009661910911736859	0.5728155339805896	0.5900000000000001	0.002767035152315589	0.002756326186980962	97.00345912778215				
2025-02-18 08:00:00	12500	1.03	1.03	1.03	1.03	1.03	RAD.MI	0.58	0.58	0.58	0.58	0.78	0.58	-1.0	-1.0	-1.0	-1	-1.0	-1.0	1.0	-1.0	-1.0	1.0									-1.0			1.31		0.58		0.58		0.58				-1.0			1.71	-0.0	-0.0	-1.44	-0.0	-0.0	-0.63	1.07	-1.44	0.0	0.0	114.54					1	-0.0	-0.0	-1.96	-0.0	-0.0	-0.77	-1.96	0.0	0.0	183.26					0.0	0.0	0.19	0.0	0.0	0.02	0.19	0.0	0.0	79.03					0.0	0.0	0.99	0.0	0.0	0.8	0.99	0.0	0.0	86.1					-0.0	-0.0	0.5900000000000001	-0.0	-0.0	0.5728155339805896	0.5900000000000001	0.002767035152315589	0.002756326186980962	97.00345912778215				
2025-02-19 08:00:00	9500	1.04	1.04	1.04	1.04	1.04	RAD.MI	0.59	0.59	0.59	0.59	0.78	0.58	-1.0	-1.0	-1.0	-1	-1.0	-1.0	1.0	-1.0	-1.0	1.0	1.04								-1.0			1.31										-1.0			1.71	-0.01	-0.01	-1.45	-0.01	-0.01	-0.64	1.07	-1.45	0.0	0.0	107.69					1	-0.01	-0.01	-1.97	-0.01	-0.01	-0.77	-1.97	0.0	0.0	157.93					0.01	0.01	0.2	0.01	0.01	0.03	0.2	0.0	0.0	79.99					0.01	0.01	1.0	0.01	0.01	0.82	1.0	0.0	0.0	87.0					-0.010000000000000009	-0.010000000000000009	0.5800000000000001	-0.009708737864077666	-0.00966191091173689	0.5576923076923146	0.5800000000000001	0.0026350790502380267	0.002623890334269685	90.70676266503159				
2025-02-20 08:00:00	13000	1.05	1.02	1.02	1.03	1.03	RAD.MI	0.58	0.6	0.58	0.59	0.78	0.58	-1.0	-1.0	-1.0	-1	-1.0	-1.0	1.0	-1.0	-1.0	1.0		1.02							-1.0			1.31										-1.0			1.71	0.01	0.01	-1.44	0.01	0.01	-0.63	1.07	-1.44	0.0	0.0	108.4					1	0.01	0.01	-1.96	0.01	0.01	-0.77	-1.96	0.0	0.0	171.86					-0.01	-0.01	0.19	-0.01	-0.01	0.02	0.19	0.0	0.0	74.0					-0.01	-0.01	0.99	-0.01	-0.01	0.8	0.99	0.0	0.0	80.89					0.010000000000000009	0.010000000000000009	0.5900000000000001	0.009615384615384581	0.009661910911736859	0.5728155339805894	0.5900000000000001	0.002706577190984879	0.002695187475111105	91.54144866997744				
2025-02-21 08:00:00	4000	1.04	1.02	1.02	1.04	1.04	RAD.MI	0.58	0.59	0.58	0.59	0.78	0.58	-1.0	-1.0	-1.0	-1	-1.0	-1.0	1.0	-1.0	-1.0	1.0									-1.0			1.31										-1.0			1.71	-0.01	-0.01	-1.45	-0.01	-0.01	-0.64	1.07	-1.45	0.0	0.0	101.77					1	-0.01	-0.01	-1.97	-0.01	-0.01	-0.77	-1.97	0.0	0.0	148.5					0.01	0.01	0.2	0.01	0.01	0.03	0.2	0.0	0.0	74.97					0.01	0.01	1.0	0.01	0.01	0.82	1.0	0.0	0.0	81.79					-0.010000000000000009	-0.010000000000000009	0.5800000000000001	-0.009708737864077666	-0.00966191091173689	0.5576923076923146	0.5800000000000001	0.0025717225156337963	0.002559846120188558	85.4352365483368				
2025-02-24 08:00:00	43000	1.14	1.03	1.05	1.11	1.11	RAD.MI	0.6	0.65	0.58	0.63	0.78	0.58	-1.0	-1.0	1.0	1	-1.0	-1.0	1.0	-1.0	-1.0	1.0									-1.0			1.31										-1.0			1.71	-0.07	-0.07	-1.52	-0.07	-0.07	-0.66	1.14	-1.52	0.0	0.0	79.03					1	-0.07	-0.07	-2.04	-0.07	-0.07	-0.79	-2.04	0.0	0.0	82.16					0.07	0.07	0.27	0.07	0.07	0.09	0.27	0.0	0.0	78.36					0.07	0.07	1.07	0.07	0.07	0.94	1.07	0.0	0.0	97.9					-0.07000000000000006	-0.07000000000000006	0.51	-0.06730769230769229	-0.06513930217096145	0.45945945945946587	0.51	0.0024719077675822805	0.002459214965475187	76.89279500329437				
2025-02-25 08:00:00	133500	1.17	1.07	1.07	1.1	1.1	RAD.MI	0.6	0.66	0.6	0.62	0.78	0.58	-1.0	-1.0	1.0	1	-1.0	-1.0	1.0	-1.0	-1.0	1.0									-1.0			1.31	0.66		0.66							-1.0			1.71	0.01	0.01	-1.51	0.01	0.01	-0.66	1.17	-1.51	0.0	0.0	87.75					1	-0.01	-0.01	-2.05	-0.01	-0.01	-0.79	-2.05	0.0	0.0	63.86					-0.01	-0.01	0.26	-0.01	-0.01	0.08	0.26	0.0	0.0	80.63					-0.01	-0.01	1.06	-0.01	-0.01	0.92	1.06	0.0	0.0	90.53					0.010000000000000009	0.010000000000000009	0.52	0.009009009009009028	0.009049835519917927	0.4727272727272793	0.52	0.0024015189958889686	0.0023890405616942	76.02779644817072				
2025-02-26 08:00:00	6000	1.12	1.12	1.12	1.12	1.12	RAD.MI	0.62	0.62	0.62	0.62	0.78	0.58	-1.0	-1.0	1.0	1	-1.0	-1.0	1.0	-1.0	-1.0	1.0									-1.0			1.31		0.62								-1.0			1.71	-0.02	-0.02	-1.53	-0.02	-0.02	-0.66	1.17	-1.53	0.0	0.0	79.95					1	0.02	0.02	-2.03	0.02	0.02	-0.79	-2.03	0.0	0.0	88.21					0.02	0.02	0.28	0.02	0.02	0.1	0.28	0.0	0.0	82.14					0.02	0.02	1.08	0.02	0.02	0.96	1.08	0.0	0.0	91.89					-0.020000000000000018	-0.020000000000000018	0.5	-0.0181818181818183	-0.01801850550267843	0.44642857142857784	0.5	0.002238600860729699	0.002225424414120436	68.73779765125687				
2025-02-27 08:00:00	2000	1.13	1.13	1.13	1.13	1.13	RAD.MI	0.64	0.64	0.64	0.64	0.78	0.58	-1.0	-1.0	1.0	1	-1.0	-1.0	1.0	-1.0	-1.0	1.0	1.13		1.13		1.13				-1.0			1.31	0.64									-1.0			1.71	-0.01	-0.01	-1.54	-0.01	-0.01	-0.67	1.17	-1.54	0.0	0.0	80.08					1	0.01	0.01	-2.02	0.01	0.01	-0.78	-2.02	0.0	0.0	97.75					0.01	0.01	0.29	0.01	0.01	0.11	0.29	0.0	0.0	88.68					0.01	0.01	1.09	0.01	0.01	0.98	1.09	0.0	0.0	91.85					-0.009999999999999787	-0.009999999999999787	0.4900000000000002	-0.008928571428571175	-0.008888947417245774	0.43362831858407747	0.4900000000000002	0.0020312556608403877	0.0020178113396249753	62.54913910291017				
2025-02-28 08:00:00	7000	1.11	1.1	1.11	1.11	1.11	RAD.MI	0.63	0.63	0.62	0.63	0.78	0.58	-1.0	-1.0	1.0	1	-1.0	-1.0	1.0	-1.0	-1.0	1.0									-1.0			1.31										-1.0			1.71	0.02	0.02	-1.52	0.02	0.02	-0.66	1.17	-1.52	0.0	0.0	80.77					1	-0.02	-0.02	-2.04	-0.02	-0.02	-0.79	-2.04	0.0	0.0	76.79					-0.02	-0.02	0.27	-0.02	-0.02	0.09	0.27	0.0	0.0	80.11					-0.02	-0.02	1.07	-0.02	-0.02	0.94	1.07	0.0	0.0	89.69					0.019999999999999796	0.019999999999999796	0.51	0.017699115044247593	0.017857617400006236	0.45945945945946587	0.51	0.002300580179841463	0.002287224008571398	69.63760002120247				
2025-03-03 08:00:00	10500	1.11	1.1	1.11	1.11	1.11	RAD.MI	0.62	0.62	0.61	0.62	0.78	0.58	-1.0	-1.0	1.0	1	-1.0	-1.0	1.0	-1.0	-1.0	1.0									-1.0			1.31		0.61								-1.0			1.71	-0.0	-0.0	-1.52	-0.0	-0.0	-0.66	1.17	-1.52	0.0	0.0	77.58					1	0.0	0.0	-2.04	0.0	0.0	-0.79	-2.04	0.0	0.0	76.79					0.0	0.0	0.27	0.0	0.0	0.09	0.27	0.0	0.0	76.91					0.0	0.0	1.07	0.0	0.0	0.94	1.07	0.0	0.0	103.41					-0.0	-0.0	0.51	-0.0	-0.0	0.45945945945946587	0.51	0.0025156386913712594	0.0025034101142886733	81.17298092699878				
2025-03-04 08:00:00	12500	1.11	1.09	1.11	1.09	1.09	RAD.MI	0.64	0.64	0.63	0.63	0.78	0.58	-1.0	-1.0	1.0	1	-1.0	-1.0	1.0	-1.0	-1.0	1.0									-1.0			1.31	0.64									-1.0			1.71	0.02	0.02	-1.5	0.02	0.02	-0.65	1.17	-1.5	0.0	0.0	87.13					1	-0.02	-0.02	-2.06	-0.02	-0.02	-0.79	-2.06	0.0	0.0	56.85					-0.02	-0.02	0.25	-0.02	-0.02	0.07	0.25	0.0	0.0	76.95					-0.02	-0.02	1.05	-0.02	-0.02	0.91	1.05	0.0	0.0	93.25					0.020000000000000018	0.020000000000000018	0.53	0.018018018018018056	0.018182319083190474	0.4862385321100984	0.53	0.0025144209084007156	0.002502195986723743	81.15820464381193				
2025-03-05 08:00:00	5000	1.1	1.1	1.1	1.1	1.1	RAD.MI	0.62	0.62	0.62	0.62	0.78	0.58	-1.0	-1.0	1.0	1	-1.0	-1.0	1.0	-1.0	-1.0	1.0									-1.0			1.31										-1.0			1.71	-0.01	-0.01	-1.51	-0.01	-0.01	-0.66	1.17	-1.51	0.0	0.0	81.34					1	0.01	0.01	-2.05	0.01	0.01	-0.79	-2.05	0.0	0.0	66.39					0.01	0.01	0.26	0.01	0.01	0.08	0.26	0.0	0.0	77.77					0.01	0.01	1.06	0.01	0.01	0.92	1.06	0.0	0.0	93.96					-0.010000000000000009	-0.010000000000000009	0.52	-0.00917431192660545	-0.009132483563272472	0.4727272727272793	0.52	0.0023775236855572337	0.0023648134689517875	75.51084846275876				
2025-03-06 08:00:00	16500	1.11	1.07	1.08	1.1	1.1	RAD.MI	0.61	0.63	0.6	0.62	0.72	0.58	-1.0	-1.0	1.0	1	-1.0	-1.0	1.0	-1.0	-1.0	1.0									-1.0			1.31										-1.0			1.71	-0.0	-0.0	-1.51	-0.0	-0.0	-0.66	1.17	-1.51	0.0	0.0	74.31					1	0.0	0.0	-2.05	0.0	0.0	-0.79	-2.05	0.0	0.0	66.39					0.0	0.0	0.26	0.0	0.0	0.08	0.26	0.0	0.0	70.49					0.0	0.0	1.06	0.0	0.0	0.92	1.06	0.0	0.0	120.45					-0.0	-0.0	0.52	-0.0	-0.0	0.4727272727272793	0.52	0.002682702405531671	0.002671811928000478	97.40703535499597				
2025-03-07 08:00:00	14000	1.09	1.05	1.09	1.08	1.08	RAD.MI	0.62	0.62	0.59	0.61	0.71	0.58	-1.0	-1.0	1.0	1	-1.0	-1.0	1.0	-1.0	-1.0	1.0		1.05							-1.0			1.31		0.59		0.59						-1.0			1.71	0.02	0.02	-1.49	0.02	0.02	-0.65	1.17	-1.49	0.0	0.0	86.63					1	-0.02	-0.02	-2.07	-0.02	-0.02	-0.79	-2.07	0.0	0.0	70.44					-0.02	-0.02	0.24	-0.02	-0.02	0.06	0.24	0.0	0.0	72.35					-0.02	-0.02	1.04	-0.02	-0.02	0.89	1.04	0.0	0.0	108.01					0.020000000000000018	0.020000000000000018	0.54	0.018181818181818188	0.01834913866819654	0.5000000000000069	0.54	0.0026253737993331304	0.002614645118406367	96.70117193075194				
2025-03-10 08:00:00	1000	1.08	1.08	1.08	1.08	1.08	RAD.MI	0.62	0.62	0.62	0.62	0.71	0.58	-1.0	-1.0	1.0	1	-1.0	-1.0	1.0	-1.0	-1.0	1.0	1.08								-1.0			1.31	0.62									-1.0			1.71	-0.0	-0.0	-1.49	-0.0	-0.0	-0.65	1.17	-1.49	0.0	0.0	98.06					1	0.0	0.0	-2.07	0.0	0.0	-0.79	-2.07	0.0	0.0	95.57					0.0	0.0	0.24	0.0	0.0	0.06	0.24	0.0	0.0	83.07					0.0	0.0	1.04	0.0	0.0	0.89	1.04	0.0	0.0	105.67					-0.0	-0.0	0.54	-0.0	-0.0	0.5000000000000069	0.54	0.002428949393017683	0.002418765931449851	94.12015365943108				
2025-03-11 08:00:00	3500	1.08	1.06	1.08	1.06	1.06	RAD.MI	0.63	0.63	0.61	0.61	0.71	0.58	-1.0	-1.0	1.0	1	-1.0	-1.0	1.0	-1.0	-1.0	1.0									-1.0			1.31										-1.0			1.71	0.02	0.02	-1.47	0.02	0.02	-0.65	1.17	-1.47	0.0	0.0	99.81					1	-0.02	-0.02	-2.09	-0.02	-0.02	-0.8	-2.09	0.0	0.0	74.87					-0.02	-0.02	0.22	-0.02	-0.02	0.05	0.22	0.0	0.0	74.35					-0.02	-0.02	1.02	-0.02	-0.02	0.85	1.02	0.0	0.0	95.71					0.020000000000000018	0.020000000000000018	0.56	0.01851851851851849	0.01869213301215252	0.5283018867924598	0.56	0.0025654019640063974	0.0025548412493165973	95.94062515483641				
2025-03-12 08:00:00	14500	1.06	1.06	1.06	1.06	1.06	RAD.MI	0.6	0.6	0.6	0.6	0.71	0.58	-1.0	-1.0	1.0	1	-1.0	-1.0	1.0	-1.0	-1.0	1.0									-1.0			1.31		0.6								-1.0			1.71	-0.0	-0.0	-1.47	-0.0	-0.0	-0.65	1.17	-1.47	0.0	0.0	115.74					1	0.0	0.0	-2.09	0.0	0.0	-0.8	-2.09	0.0	0.0	107.45					0.0	0.0	0.22	0.0	0.0	0.05	0.22	0.0	0.0	88.19					0.0	0.0	1.02	0.0	0.0	0.85	1.02	0.0	0.0	91.97					-0.0	-0.0	0.56	-0.0	-0.0	0.5283018867924598	0.56	0.002295000680739849	0.002285180904360029	92.20040838148489				
2025-03-13 08:00:00	10000	1.06	1.06	1.06	1.06	1.06	RAD.MI	0.61	0.61	0.61	0.61	0.71	0.58	-1.0	-1.0	1.0	1	-1.0	-1.0	1.0	-1.0	-1.0	1.0									-1.0			1.31	0.61									-1.0			1.71	-0.0	-0.0	-1.47	-0.0	-0.0	-0.65	1.17	-1.47	0.0	0.0	115.74					1	0.0	0.0	-2.09	0.0	0.0	-0.8	-2.09	0.0	0.0	107.45					0.0	0.0	0.22	0.0	0.0	0.05	0.22	0.0	0.0	88.19					0.0	0.0	1.02	0.0	0.0	0.85	1.02	0.0	0.0	91.97					-0.0	-0.0	0.56	-0.0	-0.0	0.5283018867924598	0.56	0.002295000680739849	0.002285180904360029	92.20040838148489				
2025-03-14 08:00:00	14000	1.07	1.05	1.06	1.05	1.05	RAD.MI	0.6	0.6	0.59	0.59	0.71	0.58	-1.0	-1.0	1.0	1	-1.0	-1.0	1.0	-1.0	-1.0	1.0									-1.0			1.31										-1.0			1.71	0.01	0.01	-1.46	0.01	0.01	-0.64	1.17	-1.46	0.0	0.0	114.08					1	-0.01	-0.01	-2.1	-0.01	-0.01	-0.8	-2.1	0.0	0.0	57.15					-0.01	-0.01	0.21	-0.01	-0.01	0.04	0.21	0.0	0.0	78.09					-0.01	-0.01	1.01	-0.01	-0.01	0.84	1.01	0.0	0.0	97.88					0.010000000000000009	0.010000000000000009	0.5700000000000001	0.009433962264150941	0.00947874395454377	0.5428571428571498	0.5700000000000001	0.002537488873400909	0.00252825564175696	105.96941248639382				
2025-03-17 08:00:00	15000	1.05	1.04	1.05	1.05	1.05	RAD.MI	0.59	0.59	0.58	0.59	0.71	0.58	-1.0	-1.0	1.0	1	-1.0	-1.0	1.0	-1.0	-1.0	1.0		1.04							-1.0			1.31										-1.0			1.71	-0.0	-0.0	-1.46	-0.0	-0.0	-0.64	1.17	-1.46	0.0	0.0	121.52					1	0.0	0.0	-2.1	0.0	0.0	-0.8	-2.1	0.0	0.0	75.03					0.0	0.0	0.21	0.0	0.0	0.04	0.21	0.0	0.0	84.79					0.0	0.0	1.01	0.0	0.0	0.84	1.01	0.0	0.0	96.86					-0.0	-0.0	0.5700000000000001	-0.0	-0.0	0.5428571428571498	0.5700000000000001	0.0024692856256244705	0.0024602250058600728	105.02514516349345				
2025-03-18 08:00:00	15500	1.07	1.03	1.07	1.05	1.05	RAD.MI	0.59	0.59	0.57	0.58	0.71	0.57	-1.0	-1.0	-1.0	1	-1.0	-1.0	1.0	-1.0	-1.0	1.0									-1.0			1.31		0.57								-1.0			1.71	-0.0	-0.0	-1.46	-0.0	-0.0	-0.64	1.17	-1.46	0.0	0.0	132.99					1	0.0	0.0	-2.1	0.0	0.0	-0.8	-2.1	0.0	0.0	100.48					0.0	0.0	0.21	0.0	0.0	0.04	0.21	0.0	0.0	94.61					0.0	0.0	1.01	0.0	0.0	0.84	1.01	0.0	0.0	94.69					-0.0	-0.0	0.5700000000000001	-0.0	-0.0	0.5428571428571498	0.5700000000000001	0.002330963841334543	0.0023222483114253567	102.99885805852534				
2025-03-19 08:00:00	10000	1.09	1.07	1.07	1.08	1.08	RAD.MI	0.59	0.6	0.59	0.59	0.71	0.57	-1.0	-1.0	-1.0	1	-1.0	-1.0	1.0	-1.0	-1.0	1.0									-1.0			1.31										-1.0			1.71	-0.03	-0.03	-1.49	-0.03	-0.03	-0.65	1.17	-1.49	0.0	0.0	118.08					1	0.03	0.03	-2.07	0.03	0.03	-0.79	-2.07	0.0	0.0	131.16					0.03	0.03	0.24	0.03	0.03	0.06	0.24	0.0	0.0	97.84					0.03	0.03	1.04	0.03	0.03	0.89	1.04	0.0	0.0	97.91					-0.030000000000000027	-0.030000000000000027	0.54	-0.028571428571428692	-0.02817087696669644	0.5000000000000067	0.54	0.0021597537184593865	0.002150287523087213	90.04777791104422				
2025-03-20 08:00:00	8000	1.1	1.09	1.1	1.09	1.09	RAD.MI	0.61	0.61	0.61	0.61	0.71	0.57	-1.0	-1.0	-1.0	1	-1.0	-1.0	1.0	-1.0	-1.0	1.0									-1.0			1.31										-1.0			1.71	-0.01	-0.01	-1.5	-0.01	-0.01	-0.65	1.17	-1.5	0.0	0.0	109.92					1	0.01	0.01	-2.06	0.01	0.01	-0.79	-2.06	0.0	0.0	131.01					0.01	0.01	0.25	0.01	0.01	0.07	0.25	0.0	0.0	97.82					0.01	0.01	1.05	0.01	0.01	0.91	1.05	0.0	0.0	106.19					-0.010000000000000009	-0.010000000000000009	0.53	-0.0092592592592593	-0.009216655104924048	0.48623853211009815	0.53	0.0021602210486206573	0.002150758207384973	90.09850353297827				
2025-03-21 08:00:00	4000	1.12	1.1	1.1	1.12	1.12	RAD.MI	0.62	0.63	0.62	0.63	0.71	0.57	-1.0	-1.0	-1.0	1	-1.0	-1.0	1.0	-1.0	-1.0	1.0	1.12								-1.0			1.31	0.63		0.63							-1.0			1.71	-0.03	-0.03	-1.53	-0.03	-0.03	-0.66	1.17	-1.53	0.0	0.0	97.28					1	0.03	0.03	-2.03	0.03	0.03	-0.79	-2.03	0.0	0.0	150.83					0.03	0.03	0.28	0.03	0.03	0.1	0.28	0.0	0.0	100.61					0.03	0.03	1.08	0.03	0.03	0.96	1.08	0.0	0.0	108.79					-0.030000000000000027	-0.030000000000000027	0.5	-0.02752293577981657	-0.027150989065950898	0.4464285714285776	0.5	0.0019862497449987405	0.0019760255670604465	78.56760088434896				
2025-03-24 08:00:00	12000	1.12	1.11	1.12	1.11	1.11	RAD.MI	0.63	0.63	0.62	0.62	0.71	0.57	-1.0	-1.0	-1.0	1	-1.0	-1.0	1.0	-1.0	-1.0	1.0									-1.0			1.31										-1.0			1.71	0.01	0.01	-1.52	0.01	0.01	-0.66	1.17	-1.52	0.0	0.0	96.3					1	-0.01	-0.01	-2.04	-0.01	-0.01	-0.79	-2.04	0.0	0.0	121.67					-0.01	-0.01	0.27	-0.01	-0.01	0.09	0.27	0.0	0.0	91.95					-0.01	-0.01	1.07	-0.01	-0.01	0.94	1.07	0.0	0.0	112.23					0.010000000000000009	0.010000000000000009	0.51	0.008928571428571397	0.008968669982760375	0.45945945945946565	0.51	0.0022023860979882817	0.0021925800030566656	88.6406011455305				
2025-03-25 08:00:00	36000	1.1	1.04	1.1	1.08	1.08	RAD.MI	0.61	0.61	0.58	0.6	0.71	0.57	-1.0	-1.0	-1.0	1	-1.0	-1.0	1.0	-1.0	-1.0	1.0		1.04							-1.0			1.31										-1.0			1.71	0.03	0.03	-1.49	0.03	0.03	-0.65	1.13	-1.49	0.0	0.0	99.01					1	-0.03	-0.03	-2.07	-0.03	-0.03	-0.79	-2.07	0.0	0.0	93.93					-0.03	-0.03	0.24	-0.03	-0.03	0.06	0.24	0.0	0.0	80.24					-0.03	-0.03	1.04	-0.03	-0.03	0.89	1.04	0.0	0.0	98.81					0.030000000000000027	0.030000000000000027	0.54	0.027027027027027084	0.027398974188114503	0.5000000000000064	0.54	0.002402398609561518	0.0023920473839003087	91.56490796067177				
2025-03-26 08:00:00	0	1.08	1.08	1.08	1.08	1.08	RAD.MI	0.6	0.6	0.6	0.6	0.71	0.57	-1.0	-1.0	-1.0	1	-1.0	-1.0	1.0	-1.0	-1.0	1.0	1.08								-1.0			1.31										-1.0			1.71	-0.0	-0.0	-1.49	-0.0	-0.0	-0.65	1.13	-1.49	0.0	0.0	99.01					1	0.0	0.0	-2.07	0.0	0.0	-0.79	-2.07	0.0	0.0	93.93					0.0	0.0	0.24	0.0	0.0	0.06	0.24	0.0	0.0	80.24					0.0	0.0	1.04	0.0	0.0	0.89	1.04	0.0	0.0	98.81					-0.0	-0.0	0.54	-0.0	-0.0	0.5000000000000064	0.54	0.002402398609561518	0.0023920473839003087	91.56490796067177				
2025-03-27 08:00:00	24000	1.07	1.04	1.04	1.07	1.07	RAD.MI	0.58	0.6	0.58	0.6	0.71	0.57	-1.0	-1.0	-1.0	1	-1.0	-1.0	1.0	-1.0	-1.0	1.0									-1.0			1.31										-1.0			1.71	0.01	0.01	-1.48	0.01	0.01	-0.65	1.12	-1.48	0.0	0.0	99.87					1	-0.01	-0.01	-2.08	-0.01	-0.01	-0.8	-2.08	0.0	0.0	78.99					-0.01	-0.01	0.23	-0.01	-0.01	0.05	0.23	0.0	0.0	73.94					-0.01	-0.01	1.03	-0.01	-0.01	0.87	1.03	0.0	0.0	91.98					0.010000000000000009	0.010000000000000009	0.55	0.0092592592592593	0.009302392662313561	0.5140186915887917	0.55	0.002470306075996406	0.0024597664313712464	92.48850183333417				
2025-03-28 08:00:00	48000	1.05	1.0	1.05	1.05	1.05	RAD.MI	0.59	0.59	0.56	0.59	0.71	0.56	-1.0	-1.0	-1.0	-1	-1.0	-1.0	1.0	-1.0	-1.0	1.0		1.0							-1.0			1.31		0.56		0.56						-1.0			1.71	0.02	0.02	-1.46	0.02	0.02	-0.64	1.12	-1.46	0.0	0.0	100.74					1	-0.02	-0.02	-2.1	-0.02	-0.02	-0.8	-2.1	0.0	0.0	50.13					-0.02	-0.02	0.21	-0.02	-0.02	0.04	0.21	0.0	0.0	64.41					-0.02	-0.02	1.01	-0.02	-0.02	0.84	1.01	0.0	0.0	89.08					0.020000000000000018	0.020000000000000018	0.5700000000000001	0.01869158878504673	0.018868484304382805	0.5428571428571496	0.5700000000000001	0.002737056049163791	0.0027265740555342255	100.74031847770883				
2025-03-31 07:00:00	3000	1.03	1.03	1.03	1.03	1.03	RAD.MI	0.59	0.59	0.59	0.59	0.71	0.56	-1.0	-1.0	-1.0	-1	-1.0	-1.0	1.0	-1.0	-1.0	1.0									-1.0			1.31	0.59									-1.0			1.71	0.02	0.02	-1.44	0.02	0.02	-0.63	1.12	-1.44	0.0	0.0	102.37					1	0.02	0.02	-2.08	0.02	0.02	-0.8	-2.08	0.0	0.0	68.46					-0.02	-0.02	0.19	-0.02	-0.02	0.02	0.19	0.0	0.0	56.32					-0.02	-0.02	0.99	-0.02	-0.02	0.8	0.99	0.0	0.0	79.89					0.020000000000000018	0.020000000000000018	0.5900000000000001	0.01904761904761909	0.019231361927887644	0.5728155339805894	0.5900000000000001	0.0028793681274301604	0.0028684970988932523	102.36622555004067				
2025-04-01 07:00:00	1000	1.05	1.05	1.05	1.05	1.05	RAD.MI	0.59	0.59	0.59	0.59	0.71	0.56	-1.0	-1.0	-1.0	-1	-1.0	-1.0	1.0	-1.0	-1.0	1.0	1.05								-1.0			1.31										-1.0			1.71	-0.02	-0.02	-1.46	-0.02	-0.02	-0.64	1.12	-1.46	0.0	0.0	93.15					1	-0.02	-0.02	-2.1	-0.02	-0.02	-0.8	-2.1	0.0	0.0	50.33					0.02	0.02	0.21	0.02	0.02	0.04	0.21	0.0	0.0	58.71					0.02	0.02	1.01	0.02	0.02	0.84	1.01	0.0	0.0	81.76					-0.020000000000000018	-0.020000000000000018	0.5700000000000001	-0.01941747572815533	-0.019231361927887592	0.5428571428571496	0.5700000000000001	0.0027211679819075197	0.002709623821044893	93.14844133909071				
2025-04-02 07:00:00	15500	1.05	1.01	1.01	1.03	1.03	RAD.MI	0.57	0.6	0.57	0.58	0.7	0.56	-1.0	-1.0	-1.0	-1	-1.0	-1.0	1.0	-1.0	-1.0	1.0									-1.0			1.31		0.57								-1.0			1.71	0.02	0.02	-1.44	0.02	0.02	-0.63	1.12	-1.44	0.0	0.0	94.73					1	0.02	0.02	-2.08	0.02	0.02	-0.8	-2.08	0.0	0.0	65.38					-0.02	-0.02	0.19	-0.02	-0.02	0.02	0.19	0.0	0.0	51.09					-0.02	-0.02	0.99	-0.02	-0.02	0.8	0.99	0.0	0.0	73.17					0.020000000000000018	0.020000000000000018	0.5900000000000001	0.01904761904761909	0.019231361927887644	0.5728155339805896	0.5900000000000001	0.0028615569239811003	0.00284959971223131	94.7255828463982				
2025-04-03 07:00:00	500	1.02	1.02	1.02	1.02	1.02	RAD.MI	0.6	0.6	0.6	0.6	0.7	0.56	-1.0	-1.0	-1.0	-1	-1.0	-1.0	1.0	-1.0	-1.0	1.0									-1.0			1.31										-1.0			1.71	0.01	0.01	-1.43	0.01	0.01	-0.63	1.12	-1.43	0.0	0.0	91.61					1	0.01	0.01	-2.07	0.01	0.01	-0.79	-2.07	0.0	0.0	71.83					-0.01	-0.01	0.18	-0.01	-0.01	0.01	0.18	0.0	0.0	58.81					-0.01	-0.01	0.98	-0.01	-0.01	0.78	0.98	0.0	0.0	62.15					0.010000000000000009	0.010000000000000009	0.6000000000000001	0.009708737864077666	0.009756174945364685	0.5882352941176541	0.6000000000000001	0.0025931808869475437	0.0025820069903432774	91.6139381835936				
2025-04-04 07:00:00	33500	1.01	0.99	1.01	1.0	1.0	RAD.MI	0.64	0.64	0.62	0.63	0.7	0.56	-1.0	-1.0	1.0	-1	-1.0	-1.0	1.0	-1.0	-1.0	1.0		0.99							-1.0			1.31										-1.0			1.71	0.02	0.02	-1.41	0.02	0.02	-0.62	1.12	-1.41	0.0	0.0	93.34					1	0.02	0.02	-2.05	0.02	0.02	-0.79	-2.05	0.0	0.0	83.05					-0.02	-0.02	0.16	-0.02	-0.02	-0.01	0.16	0.0	0.0	50.83					-0.02	-0.02	0.96	-0.02	-0.02	0.75	0.96	0.0	0.0	54.02					0.020000000000000018	0.020000000000000018	0.6200000000000001	0.019607843137254943	0.019802627296179754	0.6200000000000072	0.6200000000000001	0.0027377400662096565	0.0027261475233304466	93.3401874015228				
2025-04-07 07:00:00	2000	1.02	0.98	1.01	1.02	1.02	RAD.MI	0.67	0.68	0.65	0.68	0.7	0.56	-1.0	1.0	1.0	-1	-1.0	-1.0	1.0	-1.0	-1.0	1.0									-1.0			1.31	0.68		0.68		0.68					-1.0			1.71	-0.02	-0.02	-1.43	-0.02	-0.02	-0.63	1.12	-1.43	0.0	0.0	84.52					1	-0.02	-0.02	-2.07	-0.02	-0.02	-0.79	-2.07	0.0	0.0	67.23					0.02	0.02	0.18	0.02	0.02	0.01	0.18	0.0	0.0	53.25					0.02	0.02	0.98	0.02	0.02	0.78	0.98	0.0	0.0	56.36					-0.020000000000000018	-0.020000000000000018	0.6000000000000001	-0.020000000000000018	-0.01980262729617973	0.5882352941176543	0.6000000000000001	0.0025738670904167657	0.0025615718515756836	84.52032679381475				
2025-04-08 07:00:00	6500	1.03	1.0	1.0	1.03	1.03	RAD.MI	0.65	0.67	0.65	0.67	0.7	0.56	-1.0	1.0	1.0	-1	-1.0	-1.0	1.0	-1.0	-1.0	1.0	1.03								-1.0			1.31										-1.0			1.71	-0.01	-0.01	-1.44	-0.01	-0.01	-0.63	1.12	-1.44	0.0	0.0	78.54					1	-0.01	-0.01	-2.08	-0.01	-0.01	-0.8	-2.08	0.0	0.0	56.21					0.01	0.01	0.19	0.01	0.01	0.02	0.19	0.0	0.0	54.38					0.01	0.01	0.99	0.01	0.01	0.8	0.99	0.0	0.0	57.45					-0.010000000000000009	-0.010000000000000009	0.5900000000000001	-0.009803921568627416	-0.009756174945364656	0.5728155339805896	0.5900000000000001	0.0024351683009820034	0.002422387657391667	78.54026164689773				
2025-04-09 07:00:00	8500	1.0	0.98	1.0	1.0	1.0	RAD.MI	0.67	0.67	0.65	0.67	0.7	0.56	-1.0	1.0	1.0	-1	-1.0	-1.0	1.0	-1.0	-1.0	1.0		0.98		0.98		0.98		0.98	-1.0			1.31										-1.0			1.71	0.03	0.03	-1.41	0.03	0.03	-0.62	1.12	-1.41	0.0	0.0	86.9					1	0.03	0.03	-2.05	0.03	0.03	-0.79	-2.05	0.0	0.0	70.67					-0.03	-0.03	0.16	-0.03	-0.03	-0.01	0.16	0.0	0.0	43.97					-0.03	-0.03	0.96	-0.03	-0.03	0.75	0.96	0.0	0.0	53.32					0.030000000000000027	0.030000000000000027	0.6200000000000001	0.029126213592232997	0.02955880224154439	0.6200000000000072	0.6200000000000001	0.0027859136597815862	0.0027729465158841116	86.90210657600315				
2025-04-10 07:00:00	2000	1.02	1.0	1.0	1.02	1.02	RAD.MI	0.64	0.65	0.64	0.65	0.7	0.56	-1.0	1.0	1.0	-1	-1.0	-1.0	1.0	-1.0	-1.0	1.0									-1.0			1.31										-1.0			1.71	-0.02	-0.02	-1.43	-0.02	-0.02	-0.63	1.12	-1.43	0.0	0.0	78.68					1	-0.02	-0.02	-2.07	-0.02	-0.02	-0.79	-2.07	0.0	0.0	56.9					0.02	0.02	0.18	0.02	0.02	0.01	0.18	0.0	0.0	46.28					0.02	0.02	0.98	0.02	0.02	0.78	0.98	0.0	0.0	55.42					-0.020000000000000018	-0.020000000000000018	0.6000000000000001	-0.020000000000000018	-0.01980262729617973	0.5882352941176543	0.6000000000000001	0.002615096535206223	0.0026013851535455768	78.6768091468465				
2025-04-11 07:00:00	3000	1.02	1.0	1.02	1.02	1.02	RAD.MI	0.65	0.65	0.64	0.65	0.7	0.56	-1.0	1.0	1.0	-1	-1.0	-1.0	1.0	-1.0	-1.0	1.0									-1.0			1.31										-1.0			1.71	-0.0	-0.0	-1.43	-0.0	-0.0	-0.63	1.12	-1.43	0.0	0.0	78.68					1	-0.0	-0.0	-2.07	-0.0	-0.0	-0.79	-2.07	0.0	0.0	56.9					0.0	0.0	0.18	0.0	0.0	0.01	0.18	0.0	0.0	46.28					0.0	0.0	0.98	0.0	0.0	0.78	0.98	0.0	0.0	55.42					-0.0	-0.0	0.6000000000000001	-0.0	-0.0	0.5882352941176543	0.6000000000000001	0.002615096535206223	0.0026013851535455768	78.6768091468465				
2025-04-14 07:00:00	0	1.02	1.02	1.02	1.02	1.02	RAD.MI	0.64	0.64	0.64	0.64	0.7	0.56	-1.0	1.0	1.0	-1	-1.0	-1.0	1.0	-1.0	-1.0	1.0									-1.0			1.31										-1.0			1.71	-0.0	-0.0	-1.43	-0.0	-0.0	-0.63	1.12	-1.43	0.0	0.0	77.07					1	-0.0	-0.0	-2.07	-0.0	-0.0	-0.79	-2.07	0.0	0.0	56.9					0.0	0.0	0.18	0.0	0.0	0.01	0.18	0.0	0.0	53.4					0.0	0.0	0.98	0.0	0.0	0.78	0.98	0.0	0.0	53.4					-0.0	-0.0	0.6000000000000001	-0.0	-0.0	0.5882352941176543	0.6000000000000001	0.0024798543509142925	0.0024665909132197683	77.0708126659348				
2025-04-15 07:00:00	1500	1.04	1.04	1.04	1.04	1.04	RAD.MI	0.63	0.63	0.63	0.63	0.7	0.56	-1.0	1.0	1.0	-1	-1.0	-1.0	1.0	-1.0	-1.0	1.0									-1.0			1.31		0.63								-1.0			1.71	-0.02	-0.02	-1.45	-0.02	-0.02	-0.64	1.12	-1.45	0.0	0.0	76.99					1	-0.02	-0.02	-2.09	-0.02	-0.02	-0.8	-2.09	0.0	0.0	44.03					0.02	0.02	0.2	0.02	0.02	0.03	0.2	0.0	0.0	53.44					0.02	0.02	1.0	0.02	0.02	0.82	1.0	0.0	0.0	62.89					-0.020000000000000018	-0.020000000000000018	0.5800000000000001	-0.019607843137254832	-0.019418085857101516	0.5576923076923148	0.5800000000000001	0.002478781667343712	0.0024655095525205617	76.98640653328121				
2025-04-16 07:00:00	500	1.05	1.05	1.05	1.05	1.05	RAD.MI	0.64	0.64	0.64	0.64	0.7	0.56	-1.0	1.0	1.0	-1	-1.0	-1.0	1.0	-1.0	-1.0	1.0	1.05		1.05						-1.0			1.31	0.64									-1.0			1.71	-0.01	-0.01	-1.46	-0.01	-0.01	-0.64	1.12	-1.46	0.0	0.0	70.48					1	-0.01	-0.01	-2.1	-0.01	-0.01	-0.8	-2.1	0.0	0.0	34.77					0.01	0.01	0.21	0.01	0.01	0.04	0.21	0.0	0.0	59.91					0.01	0.01	1.01	0.01	0.01	0.84	1.01	0.0	0.0	62.89					-0.010000000000000009	-0.010000000000000009	0.5700000000000001	-0.009615384615384581	-0.009569451016150672	0.5428571428571498	0.5700000000000001	0.002270220168875823	0.002256680829515023	70.47774581230567				
2025-04-17 07:00:00	3500	1.03	1.0	1.03	1.03	1.03	RAD.MI	0.63	0.63	0.61	0.63	0.7	0.56	-1.0	1.0	1.0	-1	-1.0	-1.0	1.0	-1.0	-1.0	1.0		1.0							-1.0			1.31		0.61								-1.0			1.71	0.02	0.02	-1.44	0.02	0.02	-0.63	1.12	-1.44	0.0	0.0	72.21					1	0.02	0.02	-2.08	0.02	0.02	-0.8	-2.08	0.0	0.0	43.34					-0.02	-0.02	0.19	-0.02	-0.02	0.02	0.19	0.0	0.0	52.57					-0.02	-0.02	0.99	-0.02	-0.02	0.8	0.99	0.0	0.0	55.43					0.020000000000000018	0.020000000000000018	0.5900000000000001	0.01904761904761909	0.019231361927887644	0.5728155339805898	0.5900000000000001	0.002404839702371037	0.0023908388657785107	72.21012623386908				
2025-04-22 07:00:00	500	1.03	1.03	1.03	1.03	1.03	RAD.MI	0.63	0.63	0.63	0.63	0.7	0.56	-1.0	1.0	1.0	-1	-1.0	-1.0	1.0	-1.0	-1.0	1.0	1.03								-1.0			1.31	0.63									-1.0			1.71	-0.0	-0.0	-1.44	-0.0	-0.0	-0.63	1.12	-1.44	0.0	0.0	71.36					1	-0.0	-0.0	-2.08	-0.0	-0.0	-0.8	-2.08	0.0	0.0	43.34					0.0	0.0	0.19	0.0	0.0	0.02	0.19	0.0	0.0	57.93					0.0	0.0	0.99	0.0	0.0	0.8	0.99	0.0	0.0	54.44					-0.0	-0.0	0.5900000000000001	-0.0	-0.0	0.5728155339805898	0.5900000000000001	0.002337853545257983	0.0023240833098367997	71.3625297279615				
2025-04-23 07:00:00	13500	1.03	1.0	1.0	1.02	1.02	RAD.MI	0.6	0.62	0.6	0.61	0.7	0.56	-1.0	1.0	1.0	-1	-1.0	-1.0	1.0	-1.0	-1.0	1.0		1.0							-1.0			1.31		0.6								-1.0			1.71	0.01	0.01	-1.43	0.01	0.01	-0.63	1.1	-1.43	0.0	0.0	80.04					1	0.01	0.01	-2.07	0.01	0.01	-0.79	-2.07	0.0	0.0	47.21					-0.01	-0.01	0.18	-0.01	-0.01	0.01	0.18	0.0	0.0	50.45					-0.01	-0.01	0.98	-0.01	-0.01	0.78	0.98	0.0	0.0	56.31					0.010000000000000009	0.010000000000000009	0.6000000000000001	0.009708737864077666	0.009756174945364685	0.5882352941176545	0.6000000000000001	0.0025768393523200508	0.002563557749565737	80.03631250922321				
2025-04-24 07:00:00	500	1.04	1.04	1.04	1.04	1.04	RAD.MI	0.62	0.62	0.62	0.62	0.7	0.56	-1.0	1.0	1.0	-1	-1.0	-1.0	1.0	-1.0	-1.0	1.0									-1.0			1.31	0.62									-1.0			1.71	-0.02	-0.02	-1.45	-0.02	-0.02	-0.64	1.08	-1.45	0.0	0.0	69.52					1	-0.02	-0.02	-2.09	-0.02	-0.02	-0.8	-2.09	0.0	0.0	35.82					0.02	0.02	0.2	0.02	0.02	0.03	0.2	0.0	0.0	61.91					0.02	0.02	1.0	0.02	0.02	0.82	1.0	0.0	0.0	55.31					-0.020000000000000018	-0.020000000000000018	0.5800000000000001	-0.019607843137254832	-0.019418085857101516	0.557692307692315	0.5800000000000001	0.002204066356039295	0.0021907384591428603	69.51761555434574				
2025-04-25 07:00:00	4500	1.04	1.04	1.04	1.04	1.04	RAD.MI	0.61	0.61	0.61	0.61	0.7	0.56	-1.0	1.0	1.0	-1	-1.0	-1.0	1.0	-1.0	-1.0	1.0	1.04								-1.0			1.31										-1.0			1.71	-0.0	-0.0	-1.45	-0.0	-0.0	-0.64	1.07	-1.45	0.0	0.0	69.52					1	-0.0	-0.0	-2.09	-0.0	-0.0	-0.8	-2.09	0.0	0.0	35.82					0.0	0.0	0.2	0.0	0.0	0.03	0.2	0.0	0.0	61.91					0.0	0.0	1.0	0.0	0.0	0.82	1.0	0.0	0.0	55.31					-0.0	-0.0	0.5800000000000001	-0.0	-0.0	0.557692307692315	0.5800000000000001	0.002204066356039295	0.0021907384591428603	69.51761555434574				
2025-04-28 07:00:00	0	1.04	1.04	1.04	1.04	1.04	RAD.MI	0.61	0.61	0.61	0.61	0.7	0.56	-1.0	1.0	1.0	-1	-1.0	-1.0	1.0	-1.0	-1.0	1.0									-1.0			1.31										-1.0			1.71	-0.0	-0.0	-1.45	-0.0	-0.0	-0.64	1.05	-1.45	0.0	0.0	67.56					1	-0.0	-0.0	-2.09	-0.0	-0.0	-0.8	-2.09	0.0	0.0	35.82					0.0	0.0	0.2	0.0	0.0	0.03	0.2	0.0	0.0	69.89					0.0	0.0	1.0	0.0	0.0	0.82	1.0	0.0	0.0	53.09					-0.0	-0.0	0.5800000000000001	-0.0	-0.0	0.557692307692315	0.5800000000000001	0.0020668070563206607	0.0020539381418929192	67.56140409838036				
2025-04-29 07:00:00	0	1.04	1.04	1.04	1.04	1.04	RAD.MI	0.6	0.6	0.6	0.6	0.7	0.56	-1.0	1.0	1.0	-1	-1.0	-1.0	1.0	-1.0	-1.0	1.0									-1.0			1.31										-1.0			1.71	-0.0	-0.0	-1.45	-0.0	-0.0	-0.64	1.05	-1.45	0.0	0.0	73.39					1	-0.0	-0.0	-2.09	-0.0	-0.0	-0.8	-2.09	0.0	0.0	44.37					0.0	0.0	0.2	0.0	0.0	0.03	0.2	0.0	0.0	68.9					0.0	0.0	1.0	0.0	0.0	0.82	1.0	0.0	0.0	58.79					-0.0	-0.0	0.5800000000000001	-0.0	-0.0	0.557692307692315	0.5800000000000001	0.0022060366643964556	0.0021936429205833274	73.38573766330448				
2025-04-30 07:00:00	6000	1.03	1.03	1.03	1.03	1.03	RAD.MI	0.6	0.6	0.6	0.6	0.7	0.56	-1.0	1.0	1.0	-1	-1.0	-1.0	1.0	-1.0	-1.0	1.0									-1.0			1.31										-1.0			1.71	0.01	0.01	-1.44	0.01	0.01	-0.63	1.05	-1.44	0.0	0.0	82.6					1	0.01	0.01	-2.08	0.01	0.01	-0.8	-2.08	0.0	0.0	59.54					-0.01	-0.01	0.19	-0.01	-0.01	0.02	0.19	0.0	0.0	60.93					-0.01	-0.01	0.99	-0.01	-0.01	0.8	0.99	0.0	0.0	60.93					0.010000000000000009	0.010000000000000009	0.5900000000000001	0.009615384615384581	0.009661910911736859	0.5728155339805898	0.5900000000000001	0.002439645782107606	0.0024277271910084774	82.60097178934481				
2025-05-02 07:00:00	0	1.03	1.03	1.03	1.03	1.03	RAD.MI	0.59	0.59	0.59	0.59	0.7	0.56	-1.0	1.0	1.0	-1	-1.0	-1.0	1.0	-1.0	-1.0	1.0									-1.0			1.31										-1.0			1.71	-0.0	-0.0	-1.44	-0.0	-0.0	-0.63	1.05	-1.44	0.0	0.0	81.69					1	-0.0	-0.0	-2.08	-0.0	-0.0	-0.8	-2.08	0.0	0.0	56.11					0.0	0.0	0.19	0.0	0.0	0.02	0.19	0.0	0.0	66.83					0.0	0.0	0.99	0.0	0.0	0.8	0.99	0.0	0.0	59.81					-0.0	-0.0	0.5900000000000001	-0.0	-0.0	0.5728155339805898	0.5900000000000001	0.0023700800235431007	0.0023583718940978216	81.68500560187074				
2025-05-05 07:00:00	0	1.03	1.03	1.03	1.03	1.03	RAD.MI	0.58	0.58	0.58	0.58	0.7	0.56	-1.0	1.0	-1.0	-1	-1.0	-1.0	1.0	-1.0	-1.0	1.0		1.03							-1.0			1.31		0.58								-1.0			1.71	-0.0	-0.0	-1.44	-0.0	-0.0	-0.63	1.05	-1.44	0.0	0.0	87.87					1	-0.0	-0.0	-2.08	-0.0	-0.0	-0.8	-2.08	0.0	0.0	65.15					0.0	0.0	0.19	0.0	0.0	0.02	0.19	0.0	0.0	65.75					0.0	0.0	0.99	0.0	0.0	0.8	0.99	0.0	0.0	65.75					-0.0	-0.0	0.5900000000000001	-0.0	-0.0	0.5728155339805898	0.5900000000000001	0.0025038980931658406	0.0024926559319988773	87.87324948240618				
2025-05-06 07:00:00	8500	1.05	1.02	1.05	1.03	1.03	RAD.MI	0.59	0.59	0.58	0.58	0.7	0.56	-1.0	1.0	-1.0	0	-1.0	-1.0	1.0	-1.0	-1.0	1.0									-1.0			1.31										-1.0			1.71	-0.0	-0.0	-1.44	-0.0	-0.0	-0.63	1.05	-1.44	0.0	0.0	87.87					1	-0.0	-0.0	-2.08	-0.0	-0.0	-0.8	-2.08	0.0	0.0	65.15					0.0	0.0	0.19	0.0	0.0	0.02	0.19	0.0	0.0	65.75					0.0	0.0	0.99	0.0	0.0	0.8	0.99	0.0	0.0	65.75					-0.0	-0.0	0.5900000000000001	-0.0	-0.0	0.5728155339805898	0.5900000000000001	0.0025038980931658406	0.0024926559319988773	87.87324948240618				
2025-05-07 07:00:00	0	1.03	1.03	1.03	1.03	1.03	RAD.MI	0.59	0.59	0.59	0.59	0.7	0.56	-1.0	1.0	-1.0	0	-1.0	-1.0	1.0	-1.0	-1.0	1.0									-1.0			1.31	0.59									-1.0			1.71	-0.0	-0.0	-1.44	-0.0	-0.0	-0.63	1.05	-1.44	0.0	0.0	99.57					1	0.0	0.0	-2.08	0.0	0.0	-0.8	-2.08	0.0	0.0	81.41					0.0	0.0	0.19	0.0	0.0	0.02	0.19	0.0	0.0	62.31					0.0	0.0	0.99	0.0	0.0	0.8	0.99	0.0	0.0	62.31					-0.0	-0.0	0.5900000000000001	-0.0	-0.0	0.5728155339805898	0.5900000000000001	0.0026846014440691035	0.0026742055377599883	99.56757700015092				
2025-05-08 07:00:00	21500	1.05	1.01	1.01	1.05	1.05	RAD.MI	0.57	0.59	0.57	0.59	0.7	0.56	-1.0	1.0	-1.0	0	-1.0	-1.0	1.0	-1.0	-1.0	1.0	1.05								-1.0			1.31										-1.0			1.71	-0.02	-0.02	-1.46	-0.02	-0.02	-0.64	1.05	-1.46	0.0	0.0	88.5					1	0.0	0.0	-2.08	0.0	0.0	-0.8	-2.08	0.0	0.0	81.41					0.02	0.02	0.21	0.02	0.02	0.04	0.21	0.0	0.0	73.11					0.02	0.02	1.01	0.02	0.02	0.84	1.01	0.0	0.0	73.11					-0.020000000000000018	-0.020000000000000018	0.5700000000000001	-0.01941747572815533	-0.019231361927887592	0.54285714285715	0.5700000000000001	0.0023910159059039897	0.0023803569411229297	88.49794745300908				
2025-05-09 07:00:00	1000	1.04	1.04	1.04	1.04	1.04	RAD.MI	0.58	0.58	0.58	0.58	0.7	0.56	-1.0	1.0	-1.0	0	-1.0	-1.0	1.0	-1.0	-1.0	1.0									-1.0			1.31										-1.0			1.71	0.01	0.01	-1.45	0.01	0.01	-0.64	1.05	-1.45	0.0	0.0	104.28					1	-0.0	-0.0	-2.08	-0.0	-0.0	-0.8	-2.08	0.0	0.0	81.41					-0.01	-0.01	0.2	-0.01	-0.01	0.03	0.2	0.0	0.0	62.12					-0.01	-0.01	1.0	-0.01	-0.01	0.82	1.0	0.0	0.0	62.12					0.010000000000000009	0.010000000000000009	0.5800000000000001	0.00952380952380949	0.009569451016150672	0.5576923076923148	0.5800000000000001	0.0026629946401098906	0.0026531414398227593	104.28380490691504				
2025-05-12 07:00:00	14000	1.04	1.01	1.04	1.01	1.01	RAD.MI	0.57	0.57	0.55	0.55	0.7	0.55	-1.0	-1.0	-1.0	0	-1.0	-1.0	1.0	-1.0	-1.0	1.0									-1.0			1.31										-1.0			1.71	0.03	0.03	-1.42	0.03	0.03	-0.63	1.05	-1.42	0.0	0.0	104.41					1	-0.0	-0.0	-2.08	-0.0	-0.0	-0.8	-2.08	0.0	0.0	81.41					-0.03	-0.03	0.17	-0.03	-0.03	-0.0	0.17	0.0	0.0	61.79					-0.03	-0.03	0.97	-0.03	-0.03	0.77	0.97	0.0	0.0	61.79					0.030000000000000027	0.030000000000000027	0.6100000000000001	0.028846153846153855	0.029270382300113224	0.6039603960396114	0.6100000000000001	0.002673070437064361	0.002663190754899958	104.40981649955248				
2025-05-13 07:00:00	17000	1.02	1.01	1.01	1.02	1.02	RAD.MI	0.55	0.56	0.55	0.56	0.7	0.55	-1.0	-1.0	-1.0	0	-1.0	-1.0	1.0	-1.0	-1.0	1.0									-1.0			1.31										-1.0			1.71	-0.01	-0.01	-1.43	-0.01	-0.01	-0.63	1.05	-1.43	0.0	0.0	97.42					1	0.0	0.0	-2.08	0.0	0.0	-0.8	-2.08	0.0	0.0	81.41					0.01	0.01	0.18	0.01	0.01	0.01	0.18	0.0	0.0	63.12					0.01	0.01	0.98	0.01	0.01	0.78	0.98	0.0	0.0	63.12					-0.010000000000000009	-0.010000000000000009	0.6000000000000001	-0.00990099009900991	-0.00985229644301164	0.5882352941176545	0.6000000000000001	0.0025451576720552996	0.002534838600920075	97.4238175690883				
2025-05-14 07:00:00	19000	1.02	1.01	1.01	1.02	1.02	RAD.MI	0.55	0.55	0.55	0.55	0.7	0.55	-1.0	-1.0	-1.0	0	-1.0	-1.0	1.0	-1.0	-1.0	1.0		1.01		1.01					-1.0			1.31										-1.0			1.71	-0.0	-0.0	-1.43	-0.0	-0.0	-0.63	1.05	-1.43	0.0	0.0	96.5					1	0.0	0.0	-2.08	0.0	0.0	-0.8	-2.08	0.0	0.0	81.41					0.0	0.0	0.18	0.0	0.0	0.01	0.18	0.0	0.0	69.4					0.0	0.0	0.98	0.0	0.0	0.78	0.98	0.0	0.0	69.4					-0.0	-0.0	0.6000000000000001	-0.0	-0.0	0.5882352941176545	0.6000000000000001	0.002475962841187131	0.0024658337100558203	96.49866131418318				
2025-05-15 07:00:00	0	1.02	1.02	1.02	1.02	1.02	RAD.MI	0.55	0.55	0.55	0.55	0.7	0.55	-1.0	-1.0	-1.0	0	-1.0	-1.0	1.0	-1.0	-1.0	1.0									-1.0			1.31		0.55		0.55						-1.0			1.71	-0.0	-0.0	-1.43	-0.0	-0.0	-0.63	1.05	-1.43	0.0	0.0	96.5					1	0.0	0.0	-2.08	0.0	0.0	-0.8	-2.08	0.0	0.0	81.41					0.0	0.0	0.18	0.0	0.0	0.01	0.18	0.0	0.0	69.4					0.0	0.0	0.98	0.0	0.0	0.78	0.98	0.0	0.0	69.4					-0.0	-0.0	0.6000000000000001	-0.0	-0.0	0.5882352941176545	0.6000000000000001	0.002475962841187131	0.0024658337100558203	96.49866131418318				
2025-05-16 07:00:00	14000	1.03	1.01	1.02	1.03	1.03	RAD.MI	0.55	0.55	0.54	0.55	0.7	0.54	-1.0	-1.0	-1.0	0	-1.0	-1.0	1.0	-1.0	-1.0	1.0									-1.0			1.31										-1.0			1.71	-0.01	-0.01	-1.44	-0.01	-0.01	-0.63	1.05	-1.44	0.0	0.0	89.71					1	0.0	0.0	-2.08	0.0	0.0	-0.8	-2.08	0.0	0.0	81.41					0.01	0.01	0.19	0.01	0.01	0.02	0.19	0.0	0.0	70.62					0.01	0.01	0.99	0.01	0.01	0.8	0.99	0.0	0.0	70.62					-0.010000000000000009	-0.010000000000000009	0.5900000000000001	-0.009803921568627416	-0.009756174945364656	0.5728155339805898	0.5900000000000001	0.0023472966314783327	0.0023367355811338975	89.70606805936589				
2025-05-19 07:00:00	500	1.04	1.04	1.04	1.04	1.04	RAD.MI	0.57	0.57	0.57	0.57	0.7	0.54	-1.0	-1.0	-1.0	0	-1.0	-1.0	1.0	-1.0	-1.0	1.0									-1.0			1.31										-1.0			1.71	-0.01	-0.01	-1.45	-0.01	-0.01	-0.64	1.05	-1.45	0.0	0.0	83.12					1	0.0	0.0	-2.08	0.0	0.0	-0.8	-2.08	0.0	0.0	81.41					0.01	0.01	0.2	0.01	0.01	0.03	0.2	0.0	0.0	71.79					0.01	0.01	1.0	0.01	0.01	0.82	1.0	0.0	0.0	71.79					-0.010000000000000009	-0.010000000000000009	0.5800000000000001	-0.009708737864077666	-0.00966191091173689	0.5576923076923148	0.5800000000000001	0.002216952552477983	0.0022059613501568265	83.1248715769763				
2025-05-20 07:00:00	13500	1.09	1.04	1.04	1.07	1.07	RAD.MI	0.56	0.59	0.56	0.58	0.7	0.54	-1.0	-1.0	-1.0	0	-1.0	-1.0	1.0	-1.0	-1.0	1.0	1.09								-1.0			1.31	0.59									-1.0			1.71	-0.03	-0.03	-1.48	-0.03	-0.03	-0.65	1.09	-1.48	0.0	0.0	72.05					1	0.0	0.0	-2.08	0.0	0.0	-0.8	-2.08	0.0	0.0	81.41					0.03	0.03	0.23	0.03	0.03	0.05	0.23	0.0	0.0	74.98					0.03	0.03	1.03	0.03	0.03	0.87	1.03	0.0	0.0	74.98					-0.030000000000000027	-0.030000000000000027	0.55	-0.028846153846153966	-0.028437935320533625	0.5140186915887919	0.55	0.0020283480180688946	0.0020165106801670607	72.0487431075992				
2025-05-21 07:00:00	3000	1.08	1.05	1.08	1.05	1.05	RAD.MI	0.58	0.58	0.57	0.57	0.7	0.54	-1.0	-1.0	-1.0	0	-1.0	-1.0	1.0	-1.0	-1.0	1.0									-1.0			1.31		0.57								-1.0			1.71	0.02	0.02	-1.46	0.02	0.02	-0.64	1.09	-1.46	0.0	0.0	74.06					1	-0.0	-0.0	-2.08	-0.0	-0.0	-0.8	-2.08	0.0	0.0	81.41					-0.02	-0.02	0.21	-0.02	-0.02	0.04	0.21	0.0	0.0	66.65					-0.02	-0.02	1.01	-0.02	-0.02	0.84	1.01	0.0	0.0	66.65					0.020000000000000018	0.020000000000000018	0.5700000000000001	0.01869158878504673	0.018868484304382805	0.5428571428571498	0.5700000000000001	0.0021604274081995735	0.002148166443428412	74.05941962814596				
2025-05-22 07:00:00	10500	1.09	1.04	1.04	1.04	1.04	RAD.MI	0.56	0.59	0.56	0.56	0.7	0.54	-1.0	-1.0	-1.0	0	-1.0	-1.0	1.0	-1.0	-1.0	1.0									-1.0			1.31										-1.0			1.71	0.01	0.01	-1.45	0.01	0.01	-0.64	1.09	-1.45	0.0	0.0	74.06					1	-0.0	-0.0	-2.08	-0.0	-0.0	-0.8	-2.08	0.0	0.0	81.41					-0.01	-0.01	0.2	-0.01	-0.01	0.03	0.2	0.0	0.0	66.65					-0.01	-0.01	1.0	-0.01	-0.01	0.82	1.0	0.0	0.0	66.65					0.010000000000000009	0.010000000000000009	0.5800000000000001	0.00952380952380949	0.009569451016150672	0.5576923076923148	0.5800000000000001	0.0021604274081995735	0.002148166443428412	74.05941962814596				
2025-05-23 07:00:00	5000	1.06	1.04	1.06	1.04	1.04	RAD.MI	0.59	0.59	0.58	0.58	0.7	0.54	-1.0	-1.0	-1.0	0	-1.0	-1.0	1.0	-1.0	-1.0	1.0									-1.0			1.31	0.59									-1.0			1.71	-0.0	-0.0	-1.45	-0.0	-0.0	-0.64	1.09	-1.45	0.0	0.0	74.06					1	0.0	0.0	-2.08	0.0	0.0	-0.8	-2.08	0.0	0.0	81.41					0.0	0.0	0.2	0.0	0.0	0.03	0.2	0.0	0.0	66.65					0.0	0.0	1.0	0.0	0.0	0.82	1.0	0.0	0.0	66.65					-0.0	-0.0	0.5800000000000001	-0.0	-0.0	0.5576923076923148	0.5800000000000001	0.0021604274081995735	0.002148166443428412	74.05941962814596				
2025-05-26 07:00:00	3500	1.03	1.03	1.03	1.03	1.03	RAD.MI	0.56	0.56	0.56	0.56	0.7	0.54	-1.0	-1.0	-1.0	0	-1.0	-1.0	1.0	-1.0	-1.0	1.0		1.03							-1.0			1.31		0.56								-1.0			1.71	0.01	0.01	-1.44	0.01	0.01	-0.63	1.09	-1.44	0.0	0.0	81.08					1	-0.0	-0.0	-2.08	-0.0	-0.0	-0.8	-2.08	0.0	0.0	81.41					-0.01	-0.01	0.19	-0.01	-0.01	0.02	0.19	0.0	0.0	59.67					-0.01	-0.01	0.99	-0.01	-0.01	0.8	0.99	0.0	0.0	59.67					0.010000000000000009	0.010000000000000009	0.5900000000000001	0.009615384615384581	0.009661910911736859	0.5728155339805896	0.5900000000000001	0.0023647997540297214	0.002352776835033543	81.07711856895003				
2025-05-27 07:00:00	500	1.06	1.06	1.06	1.06	1.06	RAD.MI	0.58	0.58	0.58	0.58	0.7	0.54	-1.0	-1.0	-1.0	0	-1.0	-1.0	1.0	-1.0	-1.0	1.0									-1.0			1.31										-1.0			1.71	-0.03	-0.03	-1.47	-0.03	-0.03	-0.65	1.09	-1.47	0.0	0.0	76.4					1	0.0	0.0	-2.08	0.0	0.0	-0.8	-2.08	0.0	0.0	81.41					0.03	0.03	0.22	0.03	0.03	0.05	0.22	0.0	0.0	61.84					0.03	0.03	1.02	0.03	0.03	0.85	1.02	0.0	0.0	61.84					-0.030000000000000027	-0.030000000000000027	0.56	-0.029126213592232997	-0.02871010588243136	0.5283018867924598	0.56	0.0023090288044388474	0.0022965726473131998	76.39575550590396				
2025-05-28 07:00:00	0	1.06	1.06	1.06	1.06	1.06	RAD.MI	0.58	0.58	0.58	0.58	0.7	0.54	-1.0	-1.0	-1.0	0	-1.0	-1.0	1.0	-1.0	-1.0	1.0									-1.0			1.31										-1.0			1.71	-0.0	-0.0	-1.47	-0.0	-0.0	-0.65	1.09	-1.47	0.0	0.0	76.4					1	0.0	0.0	-2.08	0.0	0.0	-0.8	-2.08	0.0	0.0	81.41					0.0	0.0	0.22	0.0	0.0	0.05	0.22	0.0	0.0	61.84					0.0	0.0	1.02	0.0	0.0	0.85	1.02	0.0	0.0	61.84					-0.0	-0.0	0.56	-0.0	-0.0	0.5283018867924598	0.56	0.0023090288044388474	0.0022965726473131998	76.39575550590396				
2025-05-29 07:00:00	2500	1.09	1.06	1.06	1.09	1.09	RAD.MI	0.58	0.6	0.58	0.6	0.7	0.54	-1.0	-1.0	1.0	0	-1.0	-1.0	1.0	-1.0	-1.0	1.0									-1.0			1.31										-1.0			1.71	-0.03	-0.03	-1.5	-0.03	-0.03	-0.65	1.09	-1.5	0.0	0.0	66.61					1	0.0	0.0	-2.08	0.0	0.0	-0.8	-2.08	0.0	0.0	81.41					0.03	0.03	0.25	0.03	0.03	0.07	0.25	0.0	0.0	64.74					0.03	0.03	1.05	0.03	0.03	0.91	1.05	0.0	0.0	64.74					-0.030000000000000027	-0.030000000000000027	0.53	-0.028301886792452935	-0.027908788117076658	0.4862385321100984	0.53	0.002115348687495291	0.0021019897585727865	66.60646948155137				
2025-05-30 07:00:00	0	1.09	1.09	1.09	1.09	1.09	RAD.MI	0.59	0.59	0.59	0.59	0.7	0.54	-1.0	-1.0	1.0	0	-1.0	-1.0	1.0	-1.0	-1.0	1.0									-1.0			1.31										-1.0			1.71	-0.0	-0.0	-1.5	-0.0	-0.0	-0.65	1.09	-1.5	0.0	0.0	80.81					1	0.0	0.0	-2.08	0.0	0.0	-0.8	-2.08	0.0	0.0	81.41					0.0	0.0	0.25	0.0	0.0	0.07	0.25	0.0	0.0	59.79					0.0	0.0	1.05	0.0	0.0	0.91	1.05	0.0	0.0	59.79					-0.0	-0.0	0.53	-0.0	-0.0	0.4862385321100984	0.53	0.0023617575297801	0.0023497111772310397	80.81302266122728				
2025-06-02 07:00:00	0	1.09	1.09	1.09	1.09	1.09	RAD.MI	0.6	0.6	0.6	0.6	0.7	0.54	-1.0	-1.0	1.0	0	-1.0	-1.0	1.0	-1.0	-1.0	1.0									-1.0			1.31										-1.0			1.71	-0.0	-0.0	-1.5	-0.0	-0.0	-0.65	1.09	-1.5	0.0	0.0	80.81					1	0.0	0.0	-2.08	0.0	0.0	-0.8	-2.08	0.0	0.0	81.41					0.0	0.0	0.25	0.0	0.0	0.07	0.25	0.0	0.0	59.79					0.0	0.0	1.05	0.0	0.0	0.91	1.05	0.0	0.0	59.79					-0.0	-0.0	0.53	-0.0	-0.0	0.4862385321100984	0.53	0.0023617575297801	0.0023497111772310397	80.81302266122728				
2025-06-03 07:00:00	10500	1.11	1.08	1.08	1.11	1.11	RAD.MI	0.59	0.6	0.59	0.6	0.7	0.54	-1.0	-1.0	1.0	0	-1.0	-1.0	1.0	-1.0	-1.0	1.0									-1.0			1.31	0.6		0.6							-1.0			1.71	-0.02	-0.02	-1.52	-0.02	-0.02	-0.66	1.11	-1.52	0.0	0.0	72.76					1	0.0	0.0	-2.08	0.0	0.0	-0.8	-2.08	0.0	0.0	81.41					0.02	0.02	0.27	0.02	0.02	0.09	0.27	0.0	0.0	61.84					0.02	0.02	1.07	0.02	0.02	0.94	1.07	0.0	0.0	61.84					-0.020000000000000018	-0.020000000000000018	0.51	-0.01834862385321112	-0.018182319083190547	0.45945945945946565	0.51	0.002199075051846521	0.0021863713263041706	72.7578623865752				
2025-06-04 07:00:00	0	1.11	1.11	1.11	1.11	1.11	RAD.MI	0.6	0.6	0.6	0.6	0.69	0.54	-1.0	-1.0	1.0	0	-1.0	-1.0	1.0	-1.0	-1.0	1.0	1.11		1.11		1.11				-1.0			1.31										-1.0			1.71	-0.0	-0.0	-1.52	-0.0	-0.0	-0.66	1.11	-1.52	0.0	0.0	71.84					1	0.0	0.0	-2.08	0.0	0.0	-0.8	-2.08	0.0	0.0	91.06					0.0	0.0	0.27	0.0	0.0	0.09	0.27	0.0	0.0	67.55					0.0	0.0	1.07	0.0	0.0	0.94	1.07	0.0	0.0	67.55					-0.0	-0.0	0.51	-0.0	-0.0	0.45945945945946565	0.51	0.0021357262032070954	0.002123230246346308	71.84456900905101				
2025-06-05 07:00:00	3500	1.09	1.07	1.09	1.07	1.07	RAD.MI	0.59	0.59	0.58	0.58	0.69	0.54	-1.0	-1.0	1.0	0	-1.0	-1.0	1.0	-1.0	-1.0	1.0									-1.0			1.31										-1.0			1.71	0.04	0.04	-1.48	0.04	0.04	-0.65	1.11	-1.48	0.0	0.0	75.37					1	-0.0	-0.0	-2.08	-0.0	-0.0	-0.8	-2.08	0.0	0.0	91.06					-0.04	-0.04	0.23	-0.04	-0.04	0.05	0.23	0.0	0.0	56.01					-0.04	-0.04	1.03	-0.04	-0.04	0.87	1.03	0.0	0.0	56.01					0.040000000000000036	0.040000000000000036	0.55	0.03603603603603611	0.03670136685042804	0.5140186915887917	0.55	0.002392635771160092	0.002379286652041346	75.37103644437698				
2025-06-06 07:00:00	6500	1.08	1.05	1.08	1.08	1.08	RAD.MI	0.58	0.58	0.56	0.58	0.68	0.54	-1.0	-1.0	1.0	0	-1.0	-1.0	1.0	-1.0	-1.0	1.0		1.05							-1.0			1.31		0.56								-1.0			1.71	-0.01	-0.01	-1.49	-0.01	-0.01	-0.65	1.11	-1.49	0.0	0.0	66.05					1	0.0	0.0	-2.08	0.0	0.0	-0.8	-2.08	0.0	0.0	113.95					0.01	0.01	0.24	0.01	0.01	0.06	0.24	0.0	0.0	68.6					0.01	0.01	1.04	0.01	0.01	0.89	1.04	0.0	0.0	68.6					-0.010000000000000009	-0.010000000000000009	0.54	-0.009345794392523477	-0.00930239266231363	0.5000000000000064	0.54	0.0019954946735871327	0.0019825563424835657	66.05185294219882				
2025-06-09 07:00:00	0	1.08	1.08	1.08	1.08	1.08	RAD.MI	0.58	0.58	0.58	0.58	0.68	0.54	-1.0	-1.0	1.0	0	-1.0	-1.0	1.0	-1.0	-1.0	1.0	1.08								-1.0			1.31	0.58									-1.0			1.71	-0.0	-0.0	-1.49	-0.0	-0.0	-0.65	1.11	-1.49	0.0	0.0	66.05					1	0.0	0.0	-2.08	0.0	0.0	-0.8	-2.08	0.0	0.0	113.95					0.0	0.0	0.24	0.0	0.0	0.06	0.24	0.0	0.0	68.6					0.0	0.0	1.04	0.0	0.0	0.89	1.04	0.0	0.0	68.6					-0.0	-0.0	0.54	-0.0	-0.0	0.5000000000000064	0.54	0.0019954946735871327	0.0019825563424835657	66.05185294219882				
2025-06-10 07:00:00	15000	1.05	1.01	1.04	1.05	1.05	RAD.MI	0.56	0.57	0.55	0.57	0.68	0.54	-1.0	-1.0	1.0	-1	-1.0	-1.0	1.0	-1.0	-1.0	1.0		1.01		1.01					-1.0			1.31		0.55		0.55						-1.0			1.71	0.03	0.03	-1.46	0.03	0.03	-0.64	1.11	-1.46	0.0	0.0	68.89					1	-0.0	-0.0	-2.08	-0.0	-0.0	-0.8	-2.08	0.0	0.0	113.95					-0.03	-0.03	0.21	-0.03	-0.03	0.04	0.21	0.0	0.0	58.82					-0.03	-0.03	1.01	-0.03	-0.03	0.84	1.01	0.0	0.0	58.82					0.030000000000000027	0.030000000000000027	0.5700000000000001	0.02777777777777779	0.028170876966696335	0.5428571428571494	0.5700000000000001	0.0021898737246573378	0.002176265539491462	68.89431706706671				
2025-06-11 07:00:00	4500	1.05	1.03	1.03	1.04	1.04	RAD.MI	0.56	0.57	0.56	0.57	0.68	0.54	-1.0	-1.0	1.0	-1	-1.0	-1.0	1.0	-1.0	-1.0	1.0									-1.0			1.31										-1.0			1.71	0.01	0.01	-1.45	0.01	0.01	-0.64	1.11	-1.45	0.0	0.0	68.9					1	0.01	0.01	-2.07	0.01	0.01	-0.79	-2.07	0.0	0.0	116.83					-0.01	-0.01	0.2	-0.01	-0.01	0.03	0.2	0.0	0.0	58.8					-0.01	-0.01	1.0	-0.01	-0.01	0.82	1.0	0.0	0.0	58.8					0.010000000000000009	0.010000000000000009	0.5800000000000001	0.00952380952380949	0.009569451016150672	0.5576923076923144	0.5800000000000001	0.002190499603382426	0.00217688923419157	68.9030146050838				
2025-06-12 07:00:00	500	1.05	1.05	1.05	1.05	1.05	RAD.MI	0.57	0.57	0.57	0.57	0.68	0.54	-1.0	-1.0	1.0	-1	-1.0	-1.0	1.0	-1.0	-1.0	1.0	1.05								-1.0			1.31										-1.0			1.71	-0.01	-0.01	-1.46	-0.01	-0.01	-0.64	1.11	-1.46	0.0	0.0	68.88					1	-0.01	-0.01	-2.08	-0.01	-0.01	-0.8	-2.08	0.0	0.0	106.09					0.01	0.01	0.21	0.01	0.01	0.04	0.21	0.0	0.0	58.81					0.01	0.01	1.01	0.01	0.01	0.84	1.01	0.0	0.0	58.81					-0.010000000000000009	-0.010000000000000009	0.5700000000000001	-0.009615384615384581	-0.009569451016150672	0.5428571428571494	0.5700000000000001	0.0021902184114914445	0.002176605845745083	68.88299361455503				
2025-06-13 07:00:00	4000	1.05	1.02	1.03	1.05	1.05	RAD.MI	0.57	0.58	0.56	0.58	0.68	0.54	-1.0	-1.0	1.0	-1	-1.0	-1.0	1.0	-1.0	-1.0	1.0		1.02							-1.0			1.31										-1.0			1.71	-0.0	-0.0	-1.46	-0.0	-0.0	-0.64	1.11	-1.46	0.0	0.0	68.88					1	-0.0	-0.0	-2.08	-0.0	-0.0	-0.8	-2.08	0.0	0.0	106.09					0.0	0.0	0.21	0.0	0.0	0.04	0.21	0.0	0.0	58.81					0.0	0.0	1.01	0.0	0.0	0.84	1.01	0.0	0.0	58.81					-0.0	-0.0	0.5700000000000001	-0.0	-0.0	0.5428571428571494	0.5700000000000001	0.0021902184114914445	0.002176605845745083	68.88299361455503				
2025-06-16 07:00:00	0	1.05	1.05	1.05	1.05	1.05	RAD.MI	0.57	0.57	0.57	0.57	0.68	0.54	-1.0	-1.0	1.0	-1	-1.0	-1.0	1.0	-1.0	-1.0	1.0									-1.0			1.31										-1.0			1.71	-0.0	-0.0	-1.46	-0.0	-0.0	-0.64	1.11	-1.46	0.0	0.0	68.88					1	-0.0	-0.0	-2.08	-0.0	-0.0	-0.8	-2.08	0.0	0.0	106.09					0.0	0.0	0.21	0.0	0.0	0.04	0.21	0.0	0.0	58.81					0.0	0.0	1.01	0.0	0.0	0.84	1.01	0.0	0.0	58.81					-0.0	-0.0	0.5700000000000001	-0.0	-0.0	0.5428571428571494	0.5700000000000001	0.0021902184114914445	0.002176605845745083	68.88299361455503				
2025-06-17 07:00:00	0	1.05	1.05	1.05	1.05	1.05	RAD.MI	0.58	0.58	0.58	0.58	0.68	0.54	-1.0	-1.0	1.0	-1	-1.0	-1.0	1.0	-1.0	-1.0	1.0									-1.0			1.31										-1.0			1.71	-0.0	-0.0	-1.46	-0.0	-0.0	-0.64	1.11	-1.46	0.0	0.0	68.88					1	-0.0	-0.0	-2.08	-0.0	-0.0	-0.8	-2.08	0.0	0.0	106.09					0.0	0.0	0.21	0.0	0.0	0.04	0.21	0.0	0.0	58.81					0.0	0.0	1.01	0.0	0.0	0.84	1.01	0.0	0.0	58.81					-0.0	-0.0	0.5700000000000001	-0.0	-0.0	0.5428571428571494	0.5700000000000001	0.0021902184114914445	0.002176605845745083	68.88299361455503				
2025-06-18 07:00:00	0	1.05	1.05	1.05	1.05	1.05	RAD.MI	0.58	0.58	0.58	0.58	0.68	0.54	-1.0	-1.0	1.0	-1	-1.0	-1.0	1.0	-1.0	-1.0	1.0									-1.0			1.31										-1.0			1.71	-0.0	-0.0	-1.46	-0.0	-0.0	-0.64	1.11	-1.46	0.0	0.0	66.99					1	-0.0	-0.0	-2.08	-0.0	-0.0	-0.8	-2.08	0.0	0.0	106.09					0.0	0.0	0.21	0.0	0.0	0.04	0.21	0.0	0.0	66.5					0.0	0.0	1.01	0.0	0.0	0.84	1.01	0.0	0.0	66.5					-0.0	-0.0	0.5700000000000001	-0.0	-0.0	0.5428571428571494	0.5700000000000001	0.0020587858661936524	0.00204562814868825	66.99353699896062				
2025-06-19 07:00:00	0	1.05	1.05	1.05	1.05	1.05	RAD.MI	0.59	0.59	0.59	0.59	0.68	0.54	-1.0	-1.0	1.0	-1	-1.0	-1.0	1.0	-1.0	-1.0	1.0									-1.0			1.31	0.59									-1.0			1.71	-0.0	-0.0	-1.46	-0.0	-0.0	-0.64	1.11	-1.46	0.0	0.0	66.99					1	-0.0	-0.0	-2.08	-0.0	-0.0	-0.8	-2.08	0.0	0.0	106.09					0.0	0.0	0.21	0.0	0.0	0.04	0.21	0.0	0.0	66.5					0.0	0.0	1.01	0.0	0.0	0.84	1.01	0.0	0.0	66.5					-0.0	-0.0	0.5700000000000001	-0.0	-0.0	0.5428571428571494	0.5700000000000001	0.0020587858661936524	0.00204562814868825	66.99353699896062				
2025-06-20 07:00:00	0	1.05	1.05	1.05	1.05	1.05	RAD.MI	0.58	0.58	0.58	0.58	0.68	0.54	-1.0	-1.0	1.0	-1	-1.0	-1.0	1.0	-1.0	-1.0	1.0									-1.0			1.31		0.58								-1.0			1.71	-0.0	-0.0	-1.46	-0.0	-0.0	-0.64	1.11	-1.46	0.0	0.0	66.99					1	-0.0	-0.0	-2.08	-0.0	-0.0	-0.8	-2.08	0.0	0.0	106.09					0.0	0.0	0.21	0.0	0.0	0.04	0.21	0.0	0.0	66.5					0.0	0.0	1.01	0.0	0.0	0.84	1.01	0.0	0.0	66.5					-0.0	-0.0	0.5700000000000001	-0.0	-0.0	0.5428571428571494	0.5700000000000001	0.0020587858661936524	0.00204562814868825	66.99353699896062				
2025-06-23 07:00:00	0	1.05	1.05	1.05	1.05	1.05	RAD.MI	0.59	0.59	0.59	0.59	0.68	0.54	-1.0	-1.0	1.0	-1	-1.0	-1.0	1.0	-1.0	-1.0	1.0									-1.0			1.31	0.59									-1.0			1.71	-0.0	-0.0	-1.46	-0.0	-0.0	-0.64	1.11	-1.46	0.0	0.0	66.99					1	-0.0	-0.0	-2.08	-0.0	-0.0	-0.8	-2.08	0.0	0.0	106.09					0.0	0.0	0.21	0.0	0.0	0.04	0.21	0.0	0.0	66.5					0.0	0.0	1.01	0.0	0.0	0.84	1.01	0.0	0.0	66.5					-0.0	-0.0	0.5700000000000001	-0.0	-0.0	0.5428571428571494	0.5700000000000001	0.0020587858661936524	0.00204562814868825	66.99353699896062				
2025-06-24 07:00:00	0	1.05	1.05	1.05	1.05	1.05	RAD.MI	0.58	0.58	0.58	0.58	0.68	0.54	-1.0	-1.0	1.0	-1	-1.0	-1.0	1.0	-1.0	-1.0	1.0									-1.0			1.31		0.58								-1.0			1.71	-0.0	-0.0	-1.46	-0.0	-0.0	-0.64	1.11	-1.46	0.0	0.0	77.31					1	-0.0	-0.0	-2.08	-0.0	-0.0	-0.8	-2.08	0.0	0.0	106.09					0.0	0.0	0.21	0.0	0.0	0.04	0.21	0.0	0.0	63.43					0.0	0.0	1.01	0.0	0.0	0.84	1.01	0.0	0.0	63.43					-0.0	-0.0	0.5700000000000001	-0.0	-0.0	0.5428571428571494	0.5700000000000001	0.002254975099590748	0.002242712961626925	77.30940928905356				
2025-06-25 07:00:00	0	1.05	1.05	1.05	1.05	1.05	RAD.MI	0.58	0.58	0.58	0.58	0.68	0.54	-1.0	-1.0	1.0	-1	-1.0	-1.0	1.0	-1.0	-1.0	1.0									-1.0			1.31										-1.0			1.71	-0.0	-0.0	-1.46	-0.0	-0.0	-0.64	1.11	-1.46	0.0	0.0	75.37					1	-0.0	-0.0	-2.08	-0.0	-0.0	-0.8	-2.08	0.0	0.0	106.09					0.0	0.0	0.21	0.0	0.0	0.04	0.21	0.0	0.0	71.6					0.0	0.0	1.01	0.0	0.0	0.84	1.01	0.0	0.0	71.6					-0.0	-0.0	0.5700000000000001	-0.0	-0.0	0.5428571428571494	0.5700000000000001	0.0021228957094600693	0.0021110571990017313	75.36875188310302				
2025-06-26 07:00:00	500	1.06	1.06	1.06	1.06	1.06	RAD.MI	0.59	0.59	0.59	0.59	0.68	0.54	-1.0	-1.0	1.0	-1	-1.0	-1.0	1.0	-1.0	-1.0	1.0									-1.0			1.31	0.59		0.59							-1.0			1.71	-0.01	-0.01	-1.47	-0.01	-0.01	-0.65	1.11	-1.47	0.0	0.0	69.32					1	-0.01	-0.01	-2.09	-0.01	-0.01	-0.8	-2.09	0.0	0.0	95.73					0.01	0.01	0.22	0.01	0.01	0.05	0.22	0.0	0.0	72.63					0.01	0.01	1.02	0.01	0.01	0.85	1.02	0.0	0.0	72.63					-0.010000000000000009	-0.010000000000000009	0.56	-0.00952380952380949	-0.009478743954543739	0.5283018867924594	0.56	0.00198736681772798	0.0019750919018530766	69.31905585554088				
2025-06-27 07:00:00	0	1.06	1.06	1.06	1.06	1.06	RAD.MI	0.58	0.58	0.58	0.58	0.68	0.54	-1.0	-1.0	1.0	-1	-1.0	-1.0	1.0	-1.0	-1.0	1.0									-1.0			1.31		0.58								-1.0			1.71	-0.0	-0.0	-1.47	-0.0	-0.0	-0.65	1.11	-1.47	0.0	0.0	69.32					1	-0.0	-0.0	-2.09	-0.0	-0.0	-0.8	-2.09	0.0	0.0	95.73					0.0	0.0	0.22	0.0	0.0	0.05	0.22	0.0	0.0	72.63					0.0	0.0	1.02	0.0	0.0	0.85	1.02	0.0	0.0	72.63					-0.0	-0.0	0.56	-0.0	-0.0	0.5283018867924594	0.56	0.00198736681772798	0.0019750919018530766	69.31905585554088				
2025-06-30 07:00:00	1000	1.07	1.06	1.06	1.07	1.07	RAD.MI	0.58	0.59	0.58	0.59	0.68	0.54	-1.0	-1.0	1.0	-1	-1.0	-1.0	1.0	-1.0	-1.0	1.0									-1.0			1.31										-1.0			1.71	-0.01	-0.01	-1.48	-0.01	-0.01	-0.65	1.11	-1.48	0.0	0.0	61.17					1	-0.01	-0.01	-2.1	-0.01	-0.01	-0.8	-2.1	0.0	0.0	85.7					0.01	0.01	0.23	0.01	0.01	0.05	0.23	0.0	0.0	82.27					0.01	0.01	1.03	0.01	0.01	0.87	1.03	0.0	0.0	82.27					-0.010000000000000009	-0.010000000000000009	0.55	-0.009433962264151052	-0.009389740349839137	0.5140186915887914	0.55	0.0017194537276304014	0.0017071936952286482	61.16605060086035				
2025-07-01 07:00:00	0	1.07	1.07	1.07	1.07	1.07	RAD.MI	0.59	0.59	0.59	0.59	0.68	0.54	-1.0	-1.0	1.0	-1	-1.0	-1.0	1.0	-1.0	-1.0	1.0									-1.0			1.31	0.59									-1.0			1.71	-0.0	-0.0	-1.48	-0.0	-0.0	-0.65	1.11	-1.48	0.0	0.0	67.19					1	-0.0	-0.0	-2.1	-0.0	-0.0	-0.8	-2.1	0.0	0.0	85.7					0.0	0.0	0.23	0.0	0.0	0.05	0.23	0.0	0.0	81.29					0.0	0.0	1.03	0.0	0.0	0.87	1.03	0.0	0.0	81.29					-0.0	-0.0	0.55	-0.0	-0.0	0.5140186915887914	0.55	0.0018555141491674377	0.0018436812861559737	67.18728367123042				
2025-07-02 07:00:00	1000	1.07	1.07	1.07	1.07	1.07	RAD.MI	0.59	0.59	0.59	0.59	0.68	0.54	-1.0	-1.0	1.0	-1	-1.0	-1.0	1.0	-1.0	-1.0	1.0	1.07		1.07						-1.0			1.31										-1.0			1.71	-0.0	-0.0	-1.48	-0.0	-0.0	-0.65	1.09	-1.48	0.0	0.0	67.19					1	-0.0	-0.0	-2.1	-0.0	-0.0	-0.8	-2.1	0.0	0.0	85.7					0.0	0.0	0.23	0.0	0.0	0.05	0.23	0.0	0.0	81.29					0.0	0.0	1.03	0.0	0.0	0.87	1.03	0.0	0.0	81.29					-0.0	-0.0	0.55	-0.0	-0.0	0.5140186915887914	0.55	0.0018555141491674377	0.0018436812861559737	67.18728367123042				
2025-07-03 07:00:00	0	1.07	1.07	1.07	1.07	1.07	RAD.MI	0.58	0.58	0.58	0.58	0.68	0.54	-1.0	-1.0	1.0	-1	-1.0	-1.0	1.0	-1.0	-1.0	1.0									-1.0			1.31		0.58								-1.0			1.71	-0.0	-0.0	-1.48	-0.0	-0.0	-0.65	1.08	-1.48	0.0	0.0	73.33					1	-0.0	-0.0	-2.1	-0.0	-0.0	-0.8	-2.1	0.0	0.0	85.7					0.0	0.0	0.23	0.0	0.0	0.05	0.23	0.0	0.0	80.29					0.0	0.0	1.03	0.0	0.0	0.87	1.03	0.0	0.0	80.29					-0.0	-0.0	0.55	-0.0	-0.0	0.5140186915887914	0.55	0.001989364808835369	0.001977958415142922	73.33368082505274				
2025-07-04 07:00:00	0	1.07	1.07	1.07	1.07	1.07	RAD.MI	0.59	0.59	0.59	0.59	0.68	0.54	-1.0	-1.0	1.0	-1	-1.0	-1.0	1.0	-1.0	-1.0	1.0									-1.0			1.31	0.59									-1.0			1.71	-0.0	-0.0	-1.48	-0.0	-0.0	-0.65	1.08	-1.48	0.0	0.0	68.51					1	-0.0	-0.0	-2.1	-0.0	-0.0	-0.8	-2.1	0.0	0.0	85.7					0.0	0.0	0.23	0.0	0.0	0.05	0.23	0.0	0.0	95.54					0.0	0.0	1.03	0.0	0.0	0.87	1.03	0.0	0.0	95.54					-0.0	-0.0	0.55	-0.0	-0.0	0.5140186915887914	0.55	0.0017174859756215208	0.0017069124042956574	68.5140129275166				
2025-07-07 07:00:00	7000	1.07	1.07	1.07	1.07	1.07	RAD.MI	0.59	0.59	0.59	0.59	0.68	0.54	-1.0	-1.0	1.0	0	-1.0	-1.0	1.0	-1.0	-1.0	1.0									-1.0			1.31										-1.0			1.71	-0.0	-0.0	-1.48	-0.0	-0.0	-0.65	1.07	-1.48	0.0	0.0	80.34					1	-0.0	-0.0	-2.1	-0.0	-0.0	-0.8	-2.1	0.0	0.0	104.92					0.0	0.0	0.23	0.0	0.0	0.05	0.23	0.0	0.0	92.34					0.0	0.0	1.03	0.0	0.0	0.87	1.03	0.0	0.0	92.34					-0.0	-0.0	0.55	-0.0	-0.0	0.5140186915887914	0.55	0.001902671462478087	0.0018929018833604427	80.33509608439493				
2025-07-08 07:00:00	5500	1.06	1.04	1.04	1.06	1.06	RAD.MI	0.57	0.58	0.57	0.58	0.68	0.54	-1.0	-1.0	1.0	0	-1.0	-1.0	1.0	-1.0	-1.0	1.0		1.04							-1.0			1.31										-1.0			1.71	0.01	0.01	-1.47	0.01	0.01	-0.65	1.07	-1.47	0.0	0.0	88.4					1	-0.0	-0.0	-2.1	-0.0	-0.0	-0.8	-2.1	0.0	0.0	115.9					-0.01	-0.01	0.22	-0.01	-0.01	0.05	0.22	0.0	0.0	84.18					-0.01	-0.01	1.02	-0.01	-0.01	0.85	1.02	0.0	0.0	84.18					0.010000000000000009	0.010000000000000009	0.56	0.009345794392523366	0.009389740349839032	0.5283018867924592	0.56	0.0020944463957983774	0.0020848849722026053	88.39784455897123				
2025-07-09 07:00:00	0	1.06	1.06	1.06	1.06	1.06	RAD.MI	0.57	0.57	0.57	0.57	0.68	0.54	-1.0	-1.0	1.0	0	-1.0	-1.0	1.0	-1.0	-1.0	1.0	1.06								-1.0			1.31										-1.0			1.71	-0.0	-0.0	-1.47	-0.0	-0.0	-0.65	1.07	-1.47	0.0	0.0	87.22					1	0.0	0.0	-2.1	0.0	0.0	-0.8	-2.1	0.0	0.0	112.89					0.0	0.0	0.22	0.0	0.0	0.05	0.22	0.0	0.0	91.27					0.0	0.0	1.02	0.0	0.0	0.85	1.02	0.0	0.0	91.27					-0.0	-0.0	0.56	-0.0	-0.0	0.5283018867924592	0.56	0.002025546348482092	0.002016171583337334	87.22136947282755				
2025-07-10 07:00:00	0	1.06	1.06	1.06	1.06	1.06	RAD.MI	0.57	0.57	0.57	0.57	0.68	0.54	-1.0	-1.0	1.0	0	-1.0	-1.0	1.0	-1.0	-1.0	1.0									-1.0			1.31										-1.0			1.71	-0.0	-0.0	-1.47	-0.0	-0.0	-0.65	1.07	-1.47	0.0	0.0	85.98					1	0.0	0.0	-2.1	0.0	0.0	-0.8	-2.1	0.0	0.0	109.63					0.0	0.0	0.22	0.0	0.0	0.05	0.22	0.0	0.0	98.61					0.0	0.0	1.02	0.0	0.0	0.85	1.02	0.0	0.0	98.61					-0.0	-0.0	0.56	-0.0	-0.0	0.5283018867924592	0.56	0.0019559805899175865	0.001946792427565791	85.98416845481887				
2025-07-11 07:00:00	10500	1.04	1.01	1.03	1.04	1.04	RAD.MI	0.56	0.57	0.55	0.57	0.68	0.54	-1.0	-1.0	-1.0	-1	-1.0	-1.0	1.0	-1.0	-1.0	1.0		1.01		1.01					-1.0			1.31		0.55								-1.0			1.71	0.02	0.02	-1.45	0.02	0.02	-0.64	1.07	-1.45	0.0	0.0	88.38					1	-0.0	-0.0	-2.1	-0.0	-0.0	-0.8	-2.1	0.0	0.0	109.63					-0.02	-0.02	0.2	-0.02	-0.02	0.03	0.2	0.0	0.0	88.35					-0.02	-0.02	1.0	-0.02	-0.02	0.82	1.0	0.0	0.0	88.35					0.020000000000000018	0.020000000000000018	0.5800000000000001	0.018867924528301883	0.019048194970694474	0.5576923076923141	0.5800000000000001	0.002093127593706587	0.0020835697601040426	88.37576453164587				
2025-07-14 07:00:00	11000	1.05	1.0	1.0	1.04	1.04	RAD.MI	0.54	0.57	0.54	0.57	0.68	0.54	-1.0	-1.0	-1.0	-1	-1.0	-1.0	1.0	-1.0	-1.0	1.0									-1.0			1.31										-1.0			1.71	-0.0	-0.0	-1.45	-0.0	-0.0	-0.64	1.07	-1.45	0.0	0.0	95.46					1	-0.0	-0.0	-2.1	-0.0	-0.0	-0.8	-2.1	0.0	0.0	121.31					0.0	0.0	0.2	0.0	0.0	0.03	0.2	0.0	0.0	87.16					0.0	0.0	1.0	0.0	0.0	0.82	1.0	0.0	0.0	87.16					-0.0	-0.0	0.5800000000000001	-0.0	-0.0	0.5576923076923141	0.5800000000000001	0.002216552805362153	0.002207393119446399	95.46355019745505				
2025-07-15 07:00:00	0	1.04	1.04	1.04	1.04	1.04	RAD.MI	0.57	0.57	0.57	0.57	0.68	0.54	-1.0	-1.0	-1.0	-1	-1.0	-1.0	1.0	-1.0	-1.0	1.0									-1.0			1.31										-1.0			1.71	-0.0	-0.0	-1.45	-0.0	-0.0	-0.64	1.07	-1.45	0.0	0.0	94.32					1	-0.0	-0.0	-2.1	-0.0	-0.0	-0.8	-2.1	0.0	0.0	117.94					0.0	0.0	0.2	0.0	0.0	0.03	0.2	0.0	0.0	94.37					0.0	0.0	1.0	0.0	0.0	0.82	1.0	0.0	0.0	94.37					-0.0	-0.0	0.5800000000000001	-0.0	-0.0	0.5576923076923141	0.5800000000000001	0.002146020855706473	0.0021370435463790027	94.3170267099538				
2025-07-16 07:00:00	500	1.05	1.05	1.05	1.05	1.05	RAD.MI	0.58	0.58	0.58	0.58	0.68	0.54	-1.0	-1.0	-1.0	-1	-1.0	-1.0	1.0	-1.0	-1.0	1.0	1.05								-1.0			1.31	0.58									-1.0			1.71	-0.01	-0.01	-1.46	-0.01	-0.01	-0.64	1.07	-1.46	0.0	0.0	94.35					1	-0.01	-0.01	-2.11	-0.01	-0.01	-0.8	-2.11	0.0	0.0	117.99					0.01	0.01	0.21	0.01	0.01	0.04	0.21	0.0	0.0	94.36					0.01	0.01	1.01	0.01	0.01	0.84	1.01	0.0	0.0	94.36					-0.010000000000000009	-0.010000000000000009	0.5700000000000001	-0.009615384615384581	-0.009569451016150672	0.5428571428571494	0.5700000000000001	0.002146270497424556	0.002137294932836431	94.34610166816141				
2025-07-17 07:00:00	21500	1.04	1.02	1.03	1.04	1.04	RAD.MI	0.56	0.57	0.56	0.57	0.68	0.54	-1.0	-1.0	-1.0	-1	-1.0	-1.0	1.0	-1.0	-1.0	1.0		1.02							-1.0			1.31										-1.0			1.71	0.01	0.01	-1.45	0.01	0.01	-0.64	1.07	-1.45	0.0	0.0	123.65					1	0.01	0.01	-2.1	0.01	0.01	-0.8	-2.1	0.0	0.0	171.85					-0.01	-0.01	0.2	-0.01	-0.01	0.03	0.2	0.0	0.0	77.77					-0.01	-0.01	1.0	-0.01	-0.01	0.82	1.0	0.0	0.0	77.77					0.010000000000000009	0.010000000000000009	0.5800000000000001	0.00952380952380949	0.009569451016150672	0.5576923076923141	0.5800000000000001	0.002481843044610541	0.002474075531615938	123.64866317528259				
2025-07-18 07:00:00	500	1.04	1.04	1.04	1.04	1.04	RAD.MI	0.56	0.56	0.56	0.56	0.68	0.54	-1.0	-1.0	-1.0	-1	-1.0	-1.0	1.0	-1.0	-1.0	1.0									-1.0			1.31		0.56								-1.0			1.71	-0.0	-0.0	-1.45	-0.0	-0.0	-0.64	1.07	-1.45	0.0	0.0	122.62					1	-0.0	-0.0	-2.1	-0.0	-0.0	-0.8	-2.1	0.0	0.0	186.67					0.0	0.0	0.2	0.0	0.0	0.03	0.2	0.0	0.0	85.1					0.0	0.0	1.0	0.0	0.0	0.82	1.0	0.0	0.0	85.1					-0.0	-0.0	0.5800000000000001	-0.0	-0.0	0.5576923076923141	0.5800000000000001	0.002414874261763148	0.0024072621615414125	122.61548340374162				
2025-07-21 07:00:00	14000	1.05	1.03	1.03	1.05	1.05	RAD.MI	0.56	0.57	0.56	0.57	0.68	0.54	-1.0	-1.0	-1.0	-1	-1.0	-1.0	1.0	-1.0	-1.0	1.0									-1.0			1.31	0.57									-1.0			1.71	-0.01	-0.01	-1.46	-0.01	-0.01	-0.64	1.07	-1.46	0.0	0.0	126.29					1	-0.01	-0.01	-2.11	-0.01	-0.01	-0.8	-2.11	0.0	0.0	165.21					0.01	0.01	0.21	0.01	0.01	0.04	0.21	0.0	0.0	83.71					0.01	0.01	1.01	0.01	0.01	0.84	1.01	0.0	0.0	83.71					-0.010000000000000009	-0.010000000000000009	0.5700000000000001	-0.009615384615384581	-0.009569451016150672	0.5428571428571494	0.5700000000000001	0.0024368418034281204	0.0024293740176839496	126.29204408994693				
2025-07-22 07:00:00	0	1.05	1.05	1.05	1.05	1.05	RAD.MI	0.57	0.57	0.57	0.57	0.68	0.54	-1.0	-1.0	-1.0	-1	-1.0	-1.0	1.0	-1.0	-1.0	1.0									-1.0			1.31										-1.0			1.71	-0.0	-0.0	-1.46	-0.0	-0.0	-0.64	1.07	-1.46	0.0	0.0	134.95					1	-0.0	-0.0	-2.11	-0.0	-0.0	-0.8	-2.11	0.0	0.0	161.78					0.0	0.0	0.21	0.0	0.0	0.04	0.21	0.0	0.0	82.19					0.0	0.0	1.01	0.0	0.0	0.84	1.01	0.0	0.0	82.19					-0.0	-0.0	0.5700000000000001	-0.0	-0.0	0.5428571428571494	0.5700000000000001	0.0025471537218770797	0.002540022417862886	134.94785645619726				
2025-07-23 07:00:00	0	1.05	1.05	1.05	1.05	1.05	RAD.MI	0.56	0.56	0.56	0.56	0.68	0.54	-1.0	-1.0	-1.0	-1	-1.0	-1.0	1.0	-1.0	-1.0	1.0									-1.0			1.31										-1.0			1.71	-0.0	-0.0	-1.46	-0.0	-0.0	-0.64	1.07	-1.46	0.0	0.0	132.87					1	-0.0	-0.0	-2.11	-0.0	-0.0	-0.8	-2.11	0.0	0.0	184.96					0.0	0.0	0.21	0.0	0.0	0.04	0.21	0.0	0.0	92.87					0.0	0.0	1.01	0.0	0.0	0.84	1.01	0.0	0.0	92.87					-0.0	-0.0	0.5700000000000001	-0.0	-0.0	0.5428571428571494	0.5700000000000001	0.0024132215913770334	0.0024063788691872645	132.87158025808205				
2025-07-24 07:00:00	0	1.05	1.05	1.05	1.05	1.05	RAD.MI	0.56	0.56	0.56	0.56	0.68	0.54	-1.0	-1.0	-1.0	-1	-1.0	-1.0	1.0	-1.0	-1.0	1.0	1.05								-1.0			1.31										-1.0			1.71	-0.0	-0.0	-1.46	-0.0	-0.0	-0.64	1.07	-1.46	0.0	0.0	132.87					1	-0.0	-0.0	-2.11	-0.0	-0.0	-0.8	-2.11	0.0	0.0	184.96					0.0	0.0	0.21	0.0	0.0	0.04	0.21	0.0	0.0	92.87					0.0	0.0	1.01	0.0	0.0	0.84	1.01	0.0	0.0	92.87					-0.0	-0.0	0.5700000000000001	-0.0	-0.0	0.5428571428571494	0.5700000000000001	0.0024132215913770334	0.0024063788691872645	132.87158025808205				
2025-07-25 07:00:00	0	1.05	1.05	1.05	1.05	1.05	RAD.MI	0.56	0.56	0.56	0.56	0.68	0.54	-1.0	-1.0	-1.0	-1	-1.0	-1.0	1.0	-1.0	-1.0	1.0									-1.0			1.31										-1.0			1.71	-0.0	-0.0	-1.46	-0.0	-0.0	-0.64	1.07	-1.46	0.0	0.0	130.58					1	-0.0	-0.0	-2.11	-0.0	-0.0	-0.8	-2.11	0.0	0.0	210.91					0.0	0.0	0.21	0.0	0.0	0.04	0.21	0.0	0.0	104.35					0.0	0.0	1.01	0.0	0.0	0.84	1.01	0.0	0.0	104.35					-0.0	-0.0	0.5700000000000001	-0.0	-0.0	0.5428571428571494	0.5700000000000001	0.002276854198253104	0.002270299202627113	130.58307599785047				
2025-07-28 07:00:00	0	1.05	1.05	1.05	1.05	1.05	RAD.MI	0.56	0.56	0.56	0.56	0.68	0.54	-1.0	-1.0	-1.0	-1	-1.0	-1.0	1.0	-1.0	-1.0	1.0									-1.0			1.31										-1.0			1.71	-0.0	-0.0	-1.46	-0.0	-0.0	-0.64	1.07	-1.46	0.0	0.0	139.83					1	-0.0	-0.0	-2.11	-0.0	-0.0	-0.8	-2.11	0.0	0.0	207.47					0.0	0.0	0.21	0.0	0.0	0.04	0.21	0.0	0.0	102.82					0.0	0.0	1.01	0.0	0.0	0.84	1.01	0.0	0.0	102.82					-0.0	-0.0	0.5700000000000001	-0.0	-0.0	0.5428571428571494	0.5700000000000001	0.002382368820320759	0.002376130844662816	139.83282689967143				
2025-07-29 07:00:00	1000	1.03	1.03	1.03	1.03	1.03	RAD.MI	0.55	0.55	0.55	0.55	0.68	0.54	-1.0	-1.0	-1.0	-1	-1.0	-1.0	1.0	-1.0	-1.0	1.0		1.03							-1.0			1.31		0.55								-1.0			1.71	0.02	0.02	-1.44	0.02	0.02	-0.63	1.07	-1.44	0.0	0.0	142.15					1	0.02	0.02	-2.09	0.02	0.02	-0.8	-2.09	0.0	0.0	214.42					-0.02	-0.02	0.19	-0.02	-0.02	0.02	0.19	0.0	0.0	90.92					-0.02	-0.02	0.99	-0.02	-0.02	0.8	0.99	0.0	0.0	90.92					0.020000000000000018	0.020000000000000018	0.5900000000000001	0.01904761904761909	0.019231361927887644	0.5728155339805892	0.5900000000000001	0.0025285271709727043	0.002521996160251172	142.15119965137478				
2025-07-30 07:00:00	1000	1.05	1.05	1.05	1.05	1.05	RAD.MI	0.55	0.55	0.55	0.55	0.68	0.54	-1.0	-1.0	-1.0	-1	-1.0	-1.0	1.0	-1.0	-1.0	1.0	1.05								-1.0			1.31										-1.0			1.71	-0.02	-0.02	-1.46	-0.02	-0.02	-0.64	1.07	-1.46	0.0	0.0	126.06					1	-0.02	-0.02	-2.11	-0.02	-0.02	-0.8	-2.11	0.0	0.0	213.48					0.02	0.02	0.21	0.02	0.02	0.04	0.21	0.0	0.0	105.61					0.02	0.02	1.01	0.02	0.02	0.84	1.01	0.0	0.0	105.61					-0.020000000000000018	-0.020000000000000018	0.5700000000000001	-0.01941747572815533	-0.019231361927887592	0.5428571428571494	0.5700000000000001	0.00225822367678925	0.0022514949670966455	126.0649880099709				
2025-07-31 07:00:00	0	1.05	1.05	1.05	1.05	1.05	RAD.MI	0.56	0.56	0.56	0.56	0.68	0.54	-1.0	-1.0	-1.0	-1	-1.0	-1.0	1.0	-1.0	-1.0	1.0									-1.0			1.31										-1.0			1.71	-0.0	-0.0	-1.46	-0.0	-0.0	-0.64	1.07	-1.46	0.0	0.0	126.06					1	-0.0	-0.0	-2.11	-0.0	-0.0	-0.8	-2.11	0.0	0.0	213.48					0.0	0.0	0.21	0.0	0.0	0.04	0.21	0.0	0.0	105.61					0.0	0.0	1.01	0.0	0.0	0.84	1.01	0.0	0.0	105.61					-0.0	-0.0	0.5700000000000001	-0.0	-0.0	0.5428571428571494	0.5700000000000001	0.00225822367678925	0.0022514949670966455	126.0649880099709				
2025-08-01 07:00:00	2000	1.04	1.04	1.04	1.04	1.04	RAD.MI	0.57	0.57	0.57	0.57	0.68	0.54	-1.0	-1.0	-1.0	-1	-1.0	-1.0	1.0	-1.0	-1.0	1.0									-1.0			1.31	0.57									-1.0			1.71	0.01	0.01	-1.45	0.01	0.01	-0.64	1.07	-1.45	0.0	0.0	124.85					1	0.01	0.01	-2.1	0.01	0.01	-0.8	-2.1	0.0	0.0	245.67					-0.01	-0.01	0.2	-0.01	-0.01	0.03	0.2	0.0	0.0	109.21					-0.01	-0.01	1.0	-0.01	-0.01	0.82	1.0	0.0	0.0	109.21					0.010000000000000009	0.010000000000000009	0.5800000000000001	0.00952380952380949	0.009569451016150672	0.5576923076923144	0.5800000000000001	0.0021898035618192362	0.00218321877481098	124.84841255565462				
2025-08-04 07:00:00	0	1.04	1.04	1.04	1.04	1.04	RAD.MI	0.56	0.56	0.56	0.56	0.68	0.54	-1.0	-1.0	-1.0	-1	-1.0	-1.0	1.0	-1.0	-1.0	1.0									-1.0			1.31										-1.0			1.71	-0.0	-0.0	-1.45	-0.0	-0.0	-0.64	1.06	-1.45	0.0	0.0	124.85					1	-0.0	-0.0	-2.1	-0.0	-0.0	-0.8	-2.1	0.0	0.0	245.67					0.0	0.0	0.2	0.0	0.0	0.03	0.2	0.0	0.0	109.21					0.0	0.0	1.0	0.0	0.0	0.82	1.0	0.0	0.0	109.21					-0.0	-0.0	0.5800000000000001	-0.0	-0.0	0.5576923076923144	0.5800000000000001	0.0021898035618192362	0.00218321877481098	124.84841255565462				
2025-08-05 07:00:00	0	1.04	1.04	1.04	1.04	1.04	RAD.MI	0.56	0.56	0.56	0.56	0.68	0.54	-1.0	-1.0	-1.0	-1	-1.0	-1.0	1.0	-1.0	-1.0	1.0									-1.0			1.31										-1.0			1.71	-0.0	-0.0	-1.45	-0.0	-0.0	-0.64	1.06	-1.45	0.0	0.0	124.85					1	-0.0	-0.0	-2.1	-0.0	-0.0	-0.8	-2.1	0.0	0.0	245.67					0.0	0.0	0.2	0.0	0.0	0.03	0.2	0.0	0.0	109.21					0.0	0.0	1.0	0.0	0.0	0.82	1.0	0.0	0.0	109.21					-0.0	-0.0	0.5800000000000001	-0.0	-0.0	0.5576923076923144	0.5800000000000001	0.0021898035618192362	0.00218321877481098	124.84841255565462				
2025-08-06 07:00:00	0	1.04	1.04	1.04	1.04	1.04	RAD.MI	0.55	0.55	0.55	0.55	0.68	0.54	-1.0	-1.0	-1.0	-1	-1.0	-1.0	1.0	-1.0	-1.0	1.0									-1.0			1.31										-1.0			1.71	-0.0	-0.0	-1.45	-0.0	-0.0	-0.64	1.06	-1.45	0.0	0.0	123.53					1	-0.0	-0.0	-2.1	-0.0	-0.0	-0.8	-2.1	0.0	0.0	265.86					0.0	0.0	0.2	0.0	0.0	0.03	0.2	0.0	0.0	117.95					0.0	0.0	1.0	0.0	0.0	0.82	1.0	0.0	0.0	117.95					-0.0	-0.0	0.5800000000000001	-0.0	-0.0	0.5576923076923144	0.5800000000000001	0.002118712982160158	0.0021122760927068107	123.52823037183319				
2025-08-07 07:00:00	0	1.04	1.04	1.04	1.04	1.04	RAD.MI	0.55	0.55	0.55	0.55	0.68	0.54	-1.0	-1.0	-1.0	-1	-1.0	-1.0	1.0	-1.0	-1.0	1.0									-1.0			1.31										-1.0			1.71	-0.0	-0.0	-1.45	-0.0	-0.0	-0.64	1.05	-1.45	0.0	0.0	123.53					1	-0.0	-0.0	-2.1	-0.0	-0.0	-0.8	-2.1	0.0	0.0	265.86					0.0	0.0	0.2	0.0	0.0	0.03	0.2	0.0	0.0	117.95					0.0	0.0	1.0	0.0	0.0	0.82	1.0	0.0	0.0	117.95					-0.0	-0.0	0.5800000000000001	-0.0	-0.0	0.5576923076923144	0.5800000000000001	0.002118712982160158	0.0021122760927068107	123.52823037183319				
2025-08-08 07:00:00	4000	1.03	1.03	1.03	1.03	1.03	RAD.MI	0.54	0.54	0.54	0.54	0.68	0.54	-1.0	-1.0	-1.0	-1	-1.0	-1.0	1.0	-1.0	-1.0	1.0		1.03							-1.0			1.31										-1.0			1.71	0.01	0.01	-1.44	0.01	0.01	-0.63	1.05	-1.44	0.0	0.0	124.87					1	0.01	0.01	-2.09	0.01	0.01	-0.8	-2.09	0.0	0.0	268.42					-0.01	-0.01	0.19	-0.01	-0.01	0.02	0.19	0.0	0.0	109.14					-0.01	-0.01	0.99	-0.01	-0.01	0.8	0.99	0.0	0.0	109.14					0.010000000000000009	0.010000000000000009	0.5900000000000001	0.009615384615384581	0.009661910911736859	0.5728155339805892	0.5900000000000001	0.002191177313998184	0.002184589652535429	124.87334864523365				
2025-08-11 07:00:00	12000	1.04	1.02	1.02	1.02	1.02	RAD.MI	0.54	0.55	0.54	0.54	0.68	0.54	-1.0	-1.0	-1.0	-1	-1.0	-1.0	1.0	-1.0	-1.0	1.0									-1.0			1.31										-1.0			1.71	0.01	0.01	-1.43	0.01	0.01	-0.63	1.05	-1.43	0.0	0.0	144.61					1	0.01	0.01	-2.08	0.01	0.01	-0.8	-2.08	0.0	0.0	263.37					-0.01	-0.01	0.18	-0.01	-0.01	0.01	0.18	0.0	0.0	95.7					-0.01	-0.01	0.98	-0.01	-0.01	0.78	0.98	0.0	0.0	95.7					0.010000000000000009	0.010000000000000009	0.6000000000000001	0.009708737864077666	0.009756174945364685	0.5882352941176536	0.6000000000000001	0.0024167351684773767	0.0024106063321318594	144.6137064966474				
2025-08-12 07:00:00	1000	1.04	1.04	1.04	1.04	1.04	RAD.MI	0.54	0.54	0.54	0.54	0.68	0.54	-1.0	-1.0	-1.0	-1	-1.0	-1.0	1.0	-1.0	-1.0	1.0									-1.0			1.31										-1.0			1.71	-0.02	-0.02	-1.45	-0.02	-0.02	-0.64	1.05	-1.45	0.0	0.0	139.42					1	-0.02	-0.02	-2.1	-0.02	-0.02	-0.8	-2.1	0.0	0.0	228.23					0.02	0.02	0.2	0.02	0.02	0.03	0.2	0.0	0.0	97.54					0.02	0.02	1.0	0.02	0.02	0.82	1.0	0.0	0.0	97.54					-0.020000000000000018	-0.020000000000000018	0.5800000000000001	-0.019607843137254832	-0.019418085857101516	0.5576923076923144	0.5800000000000001	0.002392251734672151	0.0023859690014822466	139.4178167574974				
2025-08-13 07:00:00	1500	1.04	1.04	1.04	1.04	1.04	RAD.MI	0.54	0.54	0.54	0.54	0.68	0.54	-1.0	-1.0	-1.0	-1	-1.0	-1.0	1.0	-1.0	-1.0	1.0									-1.0			1.31										-1.0			1.71	-0.0	-0.0	-1.45	-0.0	-0.0	-0.64	1.05	-1.45	0.0	0.0	158.92					1	-0.0	-0.0	-2.1	-0.0	-0.0	-0.8	-2.1	0.0	0.0	217.83					0.0	0.0	0.2	0.0	0.0	0.03	0.2	0.0	0.0	92.4					0.0	0.0	1.0	0.0	0.0	0.82	1.0	0.0	0.0	92.4					-0.0	-0.0	0.5800000000000001	-0.0	-0.0	0.5576923076923144	0.5800000000000001	0.0025376785025712726	0.0025319717512188866	158.91645587930765				
2025-08-14 07:00:00	0	1.04	1.04	1.04	1.04	1.04	RAD.MI	0.53	0.53	0.53	0.53	0.68	0.53	-1.0	-1.0	-1.0	-1	-1.0	-1.0	1.0	-1.0	-1.0	1.0									-1.0			1.31										-1.0			1.71	-0.0	-0.0	-1.45	-0.0	-0.0	-0.64	1.05	-1.45	0.0	0.0	157.82					1	-0.0	-0.0	-2.1	-0.0	-0.0	-0.8	-2.1	0.0	0.0	237.22					0.0	0.0	0.2	0.0	0.0	0.03	0.2	0.0	0.0	100.95					0.0	0.0	1.0	0.0	0.0	0.82	1.0	0.0	0.0	100.95					-0.0	-0.0	0.5800000000000001	-0.0	-0.0	0.5576923076923144	0.5800000000000001	0.002468619743704018	0.002463039608482376	157.82063456591803				
2025-08-18 07:00:00	0	1.04	1.04	1.04	1.04	1.04	RAD.MI	0.53	0.53	0.53	0.53	0.68	0.53	-1.0	-1.0	-1.0	-1	-1.0	-1.0	1.0	-1.0	-1.0	1.0									-1.0			1.31		0.53								-1.0			1.71	-0.0	-0.0	-1.45	-0.0	-0.0	-0.64	1.05	-1.45	0.0	0.0	154.17					1	-0.0	-0.0	-2.1	-0.0	-0.0	-0.8	-2.1	0.0	0.0	284.42					0.0	0.0	0.2	0.0	0.0	0.03	0.2	0.0	0.0	117.93					0.0	0.0	1.0	0.0	0.0	0.82	1.0	0.0	0.0	117.93					-0.0	-0.0	0.5800000000000001	-0.0	-0.0	0.5576923076923144	0.5800000000000001	0.0022576476424555365	0.0022524455447427982	154.1700896530345				
2025-08-19 07:00:00	7500	1.06	1.05	1.05	1.05	1.05	RAD.MI	0.53	0.54	0.53	0.53	0.68	0.53	-1.0	-1.0	-1.0	0	-1.0	-1.0	1.0	-1.0	-1.0	1.0									-1.0			1.31										-1.0			1.71	-0.01	-0.01	-1.46	-0.01	-0.01	-0.64	1.06	-1.46	0.0	0.0	143.6					1	-0.01	-0.01	-2.11	-0.01	-0.01	-0.8	-2.11	0.0	0.0	260.95					0.01	0.01	0.21	0.01	0.01	0.04	0.21	0.0	0.0	119.69					0.01	0.01	1.01	0.01	0.01	0.84	1.01	0.0	0.0	119.69					-0.010000000000000009	-0.010000000000000009	0.5700000000000001	-0.009615384615384581	-0.009569451016150672	0.5428571428571494	0.5700000000000001	0.002158053330293023	0.002152560728662989	143.5966639668626				
2025-08-20 07:00:00	2000	1.05	1.05	1.05	1.05	1.05	RAD.MI	0.53	0.53	0.53	0.53	0.68	0.53	-1.0	-1.0	-1.0	0	-1.0	-1.0	1.0	-1.0	-1.0	1.0									-1.0			1.31										-1.0			1.71	-0.0	-0.0	-1.46	-0.0	-0.0	-0.64	1.06	-1.46	0.0	0.0	142.18					1	0.0	0.0	-2.11	0.0	0.0	-0.8	-2.11	0.0	0.0	284.01					0.0	0.0	0.21	0.0	0.0	0.04	0.21	0.0	0.0	129.33					0.0	0.0	1.01	0.0	0.0	0.84	1.01	0.0	0.0	129.33					-0.0	-0.0	0.5700000000000001	-0.0	-0.0	0.5428571428571494	0.5700000000000001	0.0020873551460594397	0.0020819932616209513	142.18248808056214				
2025-08-21 07:00:00	2000	1.06	1.06	1.06	1.06	1.06	RAD.MI	0.54	0.54	0.54	0.54	0.68	0.53	-1.0	-1.0	-1.0	0	-1.0	-1.0	1.0	-1.0	-1.0	1.0	1.06								-1.0			1.31	0.54			0.54						-1.0			1.71	-0.01	-0.01	-1.47	-0.01	-0.01	-0.65	1.06	-1.47	0.0	0.0	128.79					1	0.0	0.0	-2.11	0.0	0.0	-0.8	-2.11	0.0	0.0	325.77					0.01	0.01	0.22	0.01	0.01	0.05	0.22	0.0	0.0	145.97					0.01	0.01	1.02	0.01	0.01	0.85	1.02	0.0	0.0	145.97					-0.010000000000000009	-0.010000000000000009	0.56	-0.00952380952380949	-0.009478743954543739	0.5283018867924594	0.56	0.0018454903183310733	0.0018401121363031958	128.7869420147939				
2025-08-22 07:00:00	500	1.05	1.05	1.05	1.05	1.05	RAD.MI	0.53	0.53	0.53	0.53	0.68	0.53	-1.0	-1.0	-1.0	0	-1.0	-1.0	1.0	-1.0	-1.0	1.0		1.05							-1.0			1.31		0.53								-1.0			1.71	0.01	0.01	-1.46	0.01	0.01	-0.64	1.06	-1.46	0.0	0.0	127.0					1	-0.0	-0.0	-2.11	-0.0	-0.0	-0.8	-2.11	0.0	0.0	318.08					-0.01	-0.01	0.21	-0.01	-0.01	0.04	0.21	0.0	0.0	151.49					-0.01	-0.01	1.01	-0.01	-0.01	0.84	1.01	0.0	0.0	151.49					0.010000000000000009	0.010000000000000009	0.5700000000000001	0.009433962264150941	0.00947874395454377	0.5428571428571496	0.5700000000000001	0.0017723456835309946	0.0017671049453442667	126.99561092699753				
2025-08-25 07:00:00	2500	1.06	1.06	1.06	1.06	1.06	RAD.MI	0.54	0.54	0.54	0.54	0.68	0.53	-1.0	-1.0	-1.0	0	-1.0	-1.0	1.0	-1.0	-1.0	1.0	1.06								-1.0			1.31										-1.0			1.71	-0.01	-0.01	-1.47	-0.01	-0.01	-0.65	1.06	-1.47	0.0	0.0	132.1					1	0.0	0.0	-2.11	0.0	0.0	-0.8	-2.11	0.0	0.0	368.36					0.01	0.01	0.22	0.01	0.01	0.05	0.22	0.0	0.0	149.92					0.01	0.01	1.02	0.01	0.01	0.85	1.02	0.0	0.0	149.92					-0.010000000000000009	-0.010000000000000009	0.56	-0.00952380952380949	-0.009478743954543739	0.5283018867924594	0.56	0.0017967272284643543	0.0017916226587373352	132.10372770801757				
2025-08-26 07:00:00	0	1.06	1.06	1.06	1.06	1.06	RAD.MI	0.54	0.54	0.54	0.54	0.68	0.53	-1.0	-1.0	-1.0	0	-1.0	-1.0	1.0	-1.0	-1.0	1.0									-1.0			1.31										-1.0			1.71	-0.0	-0.0	-1.47	-0.0	-0.0	-0.65	1.06	-1.47	0.0	0.0	128.27					1	0.0	0.0	-2.11	0.0	0.0	-0.8	-2.11	0.0	0.0	359.52					0.0	0.0	0.22	0.0	0.0	0.05	0.22	0.0	0.0	167.29					0.0	0.0	1.02	0.0	0.0	0.85	1.02	0.0	0.0	167.29					-0.0	-0.0	0.56	-0.0	-0.0	0.5283018867924594	0.56	0.001652492014005197	0.001647649751508995	128.27448496227464				
2025-08-27 07:00:00	10000	1.05	1.05	1.05	1.05	1.05	RAD.MI	0.54	0.54	0.54	0.54	0.68	0.53	-1.0	-1.0	-1.0	0	-1.0	-1.0	1.0	-1.0	-1.0	1.0									-1.0			1.31										-1.0			1.71	0.01	0.01	-1.46	0.01	0.01	-0.64	1.06	-1.46	0.0	0.0	128.22					1	-0.0	-0.0	-2.11	-0.0	-0.0	-0.8	-2.11	0.0	0.0	354.19					-0.01	-0.01	0.21	-0.01	-0.01	0.04	0.21	0.0	0.0	167.47					-0.01	-0.01	1.01	-0.01	-0.01	0.84	1.01	0.0	0.0	167.47					0.010000000000000009	0.010000000000000009	0.5700000000000001	0.009433962264150941	0.00947874395454377	0.5428571428571496	0.5700000000000001	0.0016504112815740402	0.0016455727526418773	128.21611689097398				
2025-08-28 07:00:00	0	1.05	1.05	1.05	1.05	1.05	RAD.MI	0.54	0.54	0.54	0.54	0.68	0.53	-1.0	-1.0	-1.0	0	-1.0	-1.0	1.0	-1.0	-1.0	1.0									-1.0			1.31										-1.0			1.71	-0.0	-0.0	-1.46	-0.0	-0.0	-0.64	1.06	-1.46	0.0	0.0	123.79					1	0.0	0.0	-2.11	0.0	0.0	-0.8	-2.11	0.0	0.0	341.03					0.0	0.0	0.21	0.0	0.0	0.04	0.21	0.0	0.0	187.03					0.0	0.0	1.01	0.0	0.0	0.84	1.01	0.0	0.0	187.03					-0.0	-0.0	0.5700000000000001	-0.0	-0.0	0.5428571428571496	0.5700000000000001	0.001501891576852692	0.0014973158356752503	123.79229821740023				
2025-08-29 07:00:00	0	1.05	1.05	1.05	1.05	1.05	RAD.MI	0.54	0.54	0.54	0.54	0.67	0.53	-1.0	-1.0	-1.0	0	-1.0	-1.0	1.0	-1.0	-1.0	1.0									-1.0			1.31										-1.0			1.71	-0.0	-0.0	-1.46	-0.0	-0.0	-0.64	1.06	-1.46	0.0	0.0	140.94					1	0.0	0.0	-2.11	0.0	0.0	-0.8	-2.11	0.0	0.0	404.8					0.0	0.0	0.21	0.0	0.0	0.04	0.21	0.0	0.0	183.88					0.0	0.0	1.01	0.0	0.0	0.84	1.01	0.0	0.0	183.88					-0.0	-0.0	0.5700000000000001	-0.0	-0.0	0.5428571428571496	0.5700000000000001	0.0016192515782715174	0.001615049557840642	140.93667076081832				
2025-09-01 07:00:00	0	1.05	1.05	1.05	1.05	1.05	RAD.MI	0.54	0.54	0.54	0.54	0.67	0.53	-1.0	-1.0	-1.0	0	-1.0	-1.0	1.0	-1.0	-1.0	1.0									-1.0			1.31										-1.0			1.71	-0.0	-0.0	-1.46	-0.0	-0.0	-0.64	1.06	-1.46	0.0	0.0	153.02					1	0.0	0.0	-2.11	0.0	0.0	-0.8	-2.11	0.0	0.0	448.05					0.0	0.0	0.21	0.0	0.0	0.04	0.21	0.0	0.0	182.2					0.0	0.0	1.01	0.0	0.0	0.84	1.01	0.0	0.0	182.2					-0.0	-0.0	0.5700000000000001	-0.0	-0.0	0.5428571428571496	0.5700000000000001	0.001709544213824232	0.0017055809117951792	153.01550422780377				
2025-09-02 07:00:00	2000	1.05	1.05	1.05	1.05	1.05	RAD.MI	0.55	0.55	0.55	0.55	0.65	0.53	-1.0	-1.0	-1.0	0	-1.0	-1.0	1.0	-1.0	-1.0	1.0									-1.0			1.31	0.55									-1.0			1.71	-0.0	-0.0	-1.46	-0.0	-0.0	-0.64	1.06	-1.46	0.0	0.0	145.92					1	0.0	0.0	-2.11	0.0	0.0	-0.8	-2.11	0.0	0.0	423.37					0.0	0.0	0.21	0.0	0.0	0.04	0.21	0.0	0.0	212.85					0.0	0.0	1.01	0.0	0.0	0.84	1.01	0.0	0.0	212.85					-0.0	-0.0	0.5700000000000001	-0.0	-0.0	0.5428571428571496	0.5700000000000001	0.0014819414365643403	0.0014783202957509012	145.9246853122727				
2025-09-03 07:00:00	3500	1.05	1.04	1.05	1.04	1.04	RAD.MI	0.55	0.55	0.54	0.54	0.65	0.53	-1.0	-1.0	-1.0	0	-1.0	-1.0	1.0	-1.0	-1.0	1.0									-1.0			1.31		0.54								-1.0			1.71	0.01	0.01	-1.45	0.01	0.01	-0.64	1.06	-1.45	0.0	0.0	168.41					1	-0.0	-0.0	-2.11	-0.0	-0.0	-0.8	-2.11	0.0	0.0	513.43					-0.01	-0.01	0.2	-0.01	-0.01	0.03	0.2	0.0	0.0	194.43					-0.01	-0.01	1.0	-0.01	-0.01	0.82	1.0	0.0	0.0	194.43					0.010000000000000009	0.010000000000000009	0.5800000000000001	0.00952380952380949	0.009569451016150672	0.5576923076923144	0.5800000000000001	0.001664070870001596	0.0016606740874089976	168.40838894962184				
2025-09-04 07:00:00	0	1.04	1.04	1.04	1.04	1.04	RAD.MI	0.54	0.54	0.54	0.54	0.64	0.53	-1.0	-1.0	-1.0	0	-1.0	-1.0	1.0	-1.0	-1.0	1.0									-1.0			1.31										-1.0			1.71	-0.0	-0.0	-1.45	-0.0	-0.0	-0.64	1.06	-1.45	0.0	0.0	168.41					1	0.0	0.0	-2.11	0.0	0.0	-0.8	-2.11	0.0	0.0	513.43					0.0	0.0	0.2	0.0	0.0	0.03	0.2	0.0	0.0	194.43					0.0	0.0	1.0	0.0	0.0	0.82	1.0	0.0	0.0	194.43					-0.0	-0.0	0.5800000000000001	-0.0	-0.0	0.5576923076923144	0.5800000000000001	0.001664070870001596	0.0016606740874089976	168.40838894962184				
2025-09-05 07:00:00	500	1.04	1.04	1.04	1.04	1.04	RAD.MI	0.55	0.55	0.55	0.55	0.64	0.53	-1.0	-1.0	-1.0	0	-1.0	-1.0	1.0	-1.0	-1.0	1.0		1.04							-1.0			1.31	0.55		0.55							-1.0			1.71	-0.0	-0.0	-1.45	-0.0	-0.0	-0.64	1.06	-1.45	0.0	0.0	168.41					1	0.0	0.0	-2.11	0.0	0.0	-0.8	-2.11	0.0	0.0	513.43					0.0	0.0	0.2	0.0	0.0	0.03	0.2	0.0	0.0	194.43					0.0	0.0	1.0	0.0	0.0	0.82	1.0	0.0	0.0	194.43					-0.0	-0.0	0.5800000000000001	-0.0	-0.0	0.5576923076923144	0.5800000000000001	0.001664070870001596	0.0016606740874089976	168.40838894962184				
2025-09-08 07:00:00	0	1.04	1.04	1.04	1.04	1.04	RAD.MI	0.54	0.54	0.54	0.54	0.64	0.53	-1.0	-1.0	-1.0	0	-1.0	-1.0	1.0	-1.0	-1.0	1.0									-1.0			1.31										-1.0			1.71	-0.0	-0.0	-1.45	-0.0	-0.0	-0.64	1.06	-1.45	0.0	0.0	190.3					1	0.0	0.0	-2.11	0.0	0.0	-0.8	-2.11	0.0	0.0	626.92					0.0	0.0	0.2	0.0	0.0	0.03	0.2	0.0	0.0	190.3					0.0	0.0	1.0	0.0	0.0	0.82	1.0	0.0	0.0	190.3					-0.0	-0.0	0.5800000000000001	-0.0	-0.0	0.5576923076923144	0.5800000000000001	0.0017677474681331916	0.001764663443792891	190.29867447936485				
2025-09-09 07:00:00	0	1.04	1.04	1.04	1.04	1.04	RAD.MI	0.54	0.54	0.54	0.54	0.63	0.53	-1.0	-1.0	-1.0	-1	-1.0	-1.0	1.0	-1.0	-1.0	1.0									-1.0			1.31										-1.0			1.71	-0.0	-0.0	-1.45	-0.0	-0.0	-0.64	1.06	-1.45	0.0	0.0	205.37					1	0.0	0.0	-2.11	0.0	0.0	-0.8	-2.11	0.0	0.0	704.94					0.0	0.0	0.2	0.0	0.0	0.03	0.2	0.0	0.0	188.07					0.0	0.0	1.0	0.0	0.0	0.82	1.0	0.0	0.0	188.07					-0.0	-0.0	0.5800000000000001	-0.0	-0.0	0.5576923076923144	0.5800000000000001	0.0018478431794114653	0.0018449615951583453	205.36907925383753				
2025-09-10 07:00:00	0	1.04	1.04	1.04	1.04	1.04	RAD.MI	0.54	0.54	0.54	0.54	0.63	0.53	-1.0	-1.0	-1.0	-1	-1.0	-1.0	1.0	-1.0	-1.0	1.0									-1.0			1.31										-1.0			1.71	-0.0	-0.0	-1.45	-0.0	-0.0	-0.64	1.06	-1.45	0.0	0.0	200.95					1	-0.0	-0.0	-2.11	-0.0	-0.0	-0.8	-2.11	0.0	0.0	686.12					0.0	0.0	0.2	0.0	0.0	0.03	0.2	0.0	0.0	212.41					0.0	0.0	1.0	0.0	0.0	0.82	1.0	0.0	0.0	212.41					-0.0	-0.0	0.5800000000000001	-0.0	-0.0	0.5576923076923144	0.5800000000000001	0.0016939922839883641	0.0016912922549339182	200.94969708061257				
2025-09-11 07:00:00	500	1.05	1.05	1.05	1.05	1.05	RAD.MI	0.54	0.54	0.54	0.54	0.62	0.53	-1.0	-1.0	-1.0	-1	-1.0	-1.0	1.0	-1.0	-1.0	1.0	1.05								-1.0			1.31										-1.0			1.71	-0.01	-0.01	-1.46	-0.01	-0.01	-0.64	1.06	-1.46	0.0	0.0	185.66					1	-0.01	-0.01	-2.12	-0.01	-0.01	-0.8	-2.12	0.0	0.0	606.01					0.01	0.01	0.21	0.01	0.01	0.04	0.21	0.0	0.0	214.54					0.01	0.01	1.01	0.01	0.01	0.84	1.01	0.0	0.0	214.54					-0.010000000000000009	-0.010000000000000009	0.5700000000000001	-0.009615384615384581	-0.009569451016150672	0.5428571428571496	0.5700000000000001	0.0016158197089028792	0.0016129269875320151	185.65832319747864				
2025-09-12 07:00:00	5500	1.05	1.02	1.03	1.04	1.04	RAD.MI	0.53	0.54	0.52	0.53	0.62	0.52	-1.0	-1.0	-1.0	-1	-1.0	-1.0	1.0	-1.0	-1.0	1.0									-1.0			1.31										-1.0			1.71	0.01	0.01	-1.45	0.01	0.01	-0.64	1.06	-1.45	0.0	0.0	185.61					1	0.01	0.01	-2.11	0.01	0.01	-0.8	-2.11	0.0	0.0	605.76					-0.01	-0.01	0.2	-0.01	-0.01	0.03	0.2	0.0	0.0	214.72					-0.01	-0.01	1.0	-0.01	-0.01	0.82	1.0	0.0	0.0	214.72					0.010000000000000009	0.010000000000000009	0.5800000000000001	0.00952380952380949	0.009569451016150672	0.5576923076923144	0.5800000000000001	0.0016143445898620886	0.0016114536959666026	185.61020261697				
2025-09-15 07:00:00	0	1.04	1.04	1.04	1.04	1.04	RAD.MI	0.53	0.53	0.53	0.53	0.61	0.52	-1.0	-1.0	-1.0	-1	-1.0	-1.0	1.0	-1.0	-1.0	1.0									-1.0			1.31		0.53								-1.0			1.71	-0.0	-0.0	-1.45	-0.0	-0.0	-0.64	1.06	-1.45	0.0	0.0	210.26					1	-0.0	-0.0	-2.11	-0.0	-0.0	-0.8	-2.11	0.0	0.0	759.72					0.0	0.0	0.2	0.0	0.0	0.03	0.2	0.0	0.0	210.26					0.0	0.0	1.0	0.0	0.0	0.82	1.0	0.0	0.0	210.26					-0.0	-0.0	0.5800000000000001	-0.0	-0.0	0.5576923076923144	0.5800000000000001	0.001712195762236554	0.0017095883896265374	210.25633162983053				
2025-09-16 07:00:00	0	1.04	1.04	1.04	1.04	1.04	RAD.MI	0.53	0.53	0.53	0.53	0.61	0.52	-1.0	-1.0	-1.0	-1	-1.0	-1.0	1.0	-1.0	-1.0	1.0		1.04							-1.0			1.31										-1.0			1.71	-0.0	-0.0	-1.45	-0.0	-0.0	-0.64	1.06	-1.45	0.0	0.0	210.26					1	-0.0	-0.0	-2.11	-0.0	-0.0	-0.8	-2.11	0.0	0.0	759.72					0.0	0.0	0.2	0.0	0.0	0.03	0.2	0.0	0.0	210.26					0.0	0.0	1.0	0.0	0.0	0.82	1.0	0.0	0.0	210.26					-0.0	-0.0	0.5800000000000001	-0.0	-0.0	0.5576923076923144	0.5800000000000001	0.001712195762236554	0.0017095883896265374	210.25633162983053				
2025-09-17 07:00:00	500	1.04	1.04	1.04	1.04	1.04	RAD.MI	0.54	0.54	0.54	0.54	0.6	0.52	-1.0	-1.0	-1.0	-1	-1.0	-1.0	1.0	-1.0	-1.0	1.0									-1.0			1.31										-1.0			1.71	-0.0	-0.0	-1.45	-0.0	-0.0	-0.64	1.06	-1.45	0.0	0.0	210.26					1	-0.0	-0.0	-2.11	-0.0	-0.0	-0.8	-2.11	0.0	0.0	759.72					0.0	0.0	0.2	0.0	0.0	0.03	0.2	0.0	0.0	210.26					0.0	0.0	1.0	0.0	0.0	0.82	1.0	0.0	0.0	210.26					-0.0	-0.0	0.5800000000000001	-0.0	-0.0	0.5576923076923144	0.5800000000000001	0.001712195762236554	0.0017095883896265374	210.25633162983053				
2025-09-18 07:00:00	6000	1.05	1.03	1.05	1.05	1.05	RAD.MI	0.54	0.54	0.53	0.54	0.6	0.52	-1.0	-1.0	-1.0	-1	-1.0	-1.0	1.0	-1.0	-1.0	1.0									-1.0			1.31										-1.0			1.71	-0.01	-0.01	-1.46	-0.01	-0.01	-0.64	1.06	-1.46	0.0	0.0	194.27					1	-0.01	-0.01	-2.12	-0.01	-0.01	-0.8	-2.12	0.0	0.0	667.57					0.01	0.01	0.21	0.01	0.01	0.04	0.21	0.0	0.0	212.53					0.01	0.01	1.01	0.01	0.01	0.84	1.01	0.0	0.0	212.53					-0.010000000000000009	-0.010000000000000009	0.5700000000000001	-0.009615384615384581	-0.009569451016150672	0.5428571428571496	0.5700000000000001	0.0016350267230280852	0.0016322316771129053	194.2655395191581				
2025-09-19 07:00:00	1000	1.06	1.05	1.05	1.06	1.06	RAD.MI	0.54	0.55	0.54	0.55	0.6	0.52	-1.0	-1.0	-1.0	1	-1.0	-1.0	1.0	-1.0	-1.0	1.0	1.06								-1.0			1.31	0.55									-1.0			1.71	-0.01	-0.01	-1.47	-0.01	-0.01	-0.65	1.06	-1.47	0.0	0.0	176.43					1	-0.01	-0.01	-2.13	-0.01	-0.01	-0.81	-2.13	0.0	0.0	572.36					0.01	0.01	0.22	0.01	0.01	0.05	0.22	0.0	0.0	231.38					0.01	0.01	1.02	0.01	0.01	0.85	1.02	0.0	0.0	231.38					-0.010000000000000009	-0.010000000000000009	0.56	-0.00952380952380949	-0.009478743954543739	0.5283018867924596	0.56	0.001480780444040375	0.0014778909703117016	176.43416317338398				
2025-09-22 07:00:00	6000	1.06	1.03	1.04	1.06	1.06	RAD.MI	0.54	0.55	0.53	0.55	0.6	0.52	-1.0	-1.0	-1.0	1	-1.0	-1.0	1.0	-1.0	-1.0	1.0									-1.0			1.31										-1.0			1.71	-0.0	-0.0	-1.47	-0.0	-0.0	-0.65	1.06	-1.47	0.0	0.0	176.43					1	0.0	0.0	-2.13	0.0	0.0	-0.81	-2.13	0.0	0.0	572.36					0.0	0.0	0.22	0.0	0.0	0.05	0.22	0.0	0.0	231.38					0.0	0.0	1.02	0.0	0.0	0.85	1.02	0.0	0.0	231.38					-0.0	-0.0	0.56	-0.0	-0.0	0.5283018867924596	0.56	0.001480780444040375	0.0014778909703117016	176.43416317338398				
2025-09-23 07:00:00	4500	1.05	1.02	1.03	1.05	1.05	RAD.MI	0.53	0.54	0.52	0.54	0.6	0.52	-1.0	-1.0	-1.0	-1	-1.0	-1.0	1.0	-1.0	-1.0	1.0									-1.0			1.31										-1.0			1.71	0.01	0.01	-1.46	0.01	0.01	-0.64	1.06	-1.46	0.0	0.0	179.09					1	-0.01	-0.01	-2.14	-0.01	-0.01	-0.81	-2.14	0.0	0.0	501.25					-0.01	-0.01	0.21	-0.01	-0.01	0.04	0.21	0.0	0.0	214.82					-0.01	-0.01	1.01	-0.01	-0.01	0.84	1.01	0.0	0.0	214.82					0.010000000000000009	0.010000000000000009	0.5700000000000001	0.009433962264150941	0.00947874395454377	0.5428571428571496	0.5700000000000001	0.0015547146468858158	0.0015517300925271815	179.08636768317956				
2025-09-24 07:00:00	2500	1.03	1.03	1.03	1.03	1.03	RAD.MI	0.53	0.53	0.53	0.53	0.6	0.52	-1.0	-1.0	-1.0	-1	-1.0	-1.0	1.0	-1.0	-1.0	1.0		1.03							-1.0			1.31		0.53								-1.0			1.71	0.02	0.02	-1.44	0.02	0.02	-0.63	1.06	-1.44	0.0	0.0	183.96					1	0.02	0.02	-2.12	0.02	0.02	-0.8	-2.12	0.0	0.0	532.45					-0.02	-0.02	0.19	-0.02	-0.02	0.02	0.19	0.0	0.0	190.53					-0.02	-0.02	0.99	-0.02	-0.02	0.8	0.99	0.0	0.0	190.53					0.020000000000000018	0.020000000000000018	0.5900000000000001	0.01904761904761909	0.019231361927887644	0.5728155339805896	0.5900000000000001	0.0017047192699233397	0.0017015370895618886	183.95990796426088				
2025-09-25 07:00:00	0	1.03	1.03	1.03	1.03	1.03	RAD.MI	0.53	0.53	0.53	0.53	0.6	0.52	-1.0	-1.0	-1.0	-1	-1.0	-1.0	1.0	-1.0	-1.0	1.0									-1.0			1.31										-1.0			1.71	-0.0	-0.0	-1.44	-0.0	-0.0	-0.63	1.06	-1.44	0.0	0.0	183.96					1	-0.0	-0.0	-2.12	-0.0	-0.0	-0.8	-2.12	0.0	0.0	532.45					0.0	0.0	0.19	0.0	0.0	0.02	0.19	0.0	0.0	190.53					0.0	0.0	0.99	0.0	0.0	0.8	0.99	0.0	0.0	190.53					-0.0	-0.0	0.5900000000000001	-0.0	-0.0	0.5728155339805896	0.5900000000000001	0.0017047192699233397	0.0017015370895618886	183.95990796426088				
2025-09-26 07:00:00	1000	1.06	1.06	1.06	1.06	1.06	RAD.MI	0.54	0.54	0.54	0.54	0.6	0.52	-1.0	-1.0	-1.0	1	-1.0	-1.0	1.0	-1.0	-1.0	1.0	1.06		1.06						-1.0			1.31	0.54									-1.0			1.71	-0.03	-0.03	-1.47	-0.03	-0.03	-0.65	1.06	-1.47	0.0	0.0	176.22					1	-0.03	-0.03	-2.15	-0.03	-0.03	-0.81	-2.15	0.0	0.0	399.85					0.03	0.03	0.22	0.03	0.03	0.05	0.22	0.0	0.0	192.61					0.03	0.03	1.02	0.03	0.03	0.85	1.02	0.0	0.0	192.61					-0.030000000000000027	-0.030000000000000027	0.56	-0.029126213592232997	-0.02871010588243136	0.5283018867924598	0.56	0.0016838660332233438	0.0016805838109630322	176.22243650887185				
2025-09-29 07:00:00	4000	1.05	1.03	1.03	1.04	1.04	RAD.MI	0.53	0.54	0.53	0.53	0.6	0.52	-1.0	-1.0	-1.0	1	-1.0	-1.0	1.0	-1.0	-1.0	1.0		1.03							-1.0			1.31		0.53								-1.0			1.71	0.02	0.02	-1.45	0.02	0.02	-0.64	1.06	-1.45	0.0	0.0	178.4					1	-0.02	-0.02	-2.17	-0.02	-0.02	-0.81	-2.17	0.0	0.0	327.84					-0.02	-0.02	0.2	-0.02	-0.02	0.03	0.2	0.0	0.0	184.78					-0.02	-0.02	1.0	-0.02	-0.02	0.82	1.0	0.0	0.0	184.78					0.020000000000000018	0.020000000000000018	0.5800000000000001	0.018867924528301883	0.019048194970694474	0.5576923076923148	0.5800000000000001	0.0017578002360687855	0.0017544167387433252	178.40480025269954				
2025-09-30 07:00:00	7500	1.06	1.05	1.06	1.05	1.05	RAD.MI	0.54	0.54	0.54	0.54	0.6	0.52	-1.0	-1.0	-1.0	1	-1.0	-1.0	1.0	-1.0	-1.0	1.0	1.06								-1.0			1.31	0.54									-1.0			1.71	-0.01	-0.01	-1.46	-0.01	-0.01	-0.64	1.06	-1.46	0.0	0.0	157.24					1	0.01	0.01	-2.16	0.01	0.01	-0.81	-2.16	0.0	0.0	341.02					0.01	0.01	0.21	0.01	0.01	0.04	0.21	0.0	0.0	219.24					0.01	0.01	1.01	0.01	0.01	0.84	1.01	0.0	0.0	219.24					-0.010000000000000009	-0.010000000000000009	0.5700000000000001	-0.009615384615384581	-0.009569451016150672	0.5428571428571498	0.5700000000000001	0.0014476299751611677	0.001444353249611785	157.2405573044212				
2025-10-01 07:00:00	7000	1.04	1.04	1.04	1.04	1.04	RAD.MI	0.53	0.53	0.53	0.53	0.6	0.52	-1.0	-1.0	-1.0	1	-1.0	-1.0	1.0	-1.0	-1.0	1.0									-1.0			1.31										-1.0			1.71	0.01	0.01	-1.45	0.01	0.01	-0.64	1.06	-1.45	0.0	0.0	173.94					1	-0.01	-0.01	-2.17	-0.01	-0.01	-0.81	-2.17	0.0	0.0	302.64					-0.01	-0.01	0.2	-0.01	-0.01	0.03	0.2	0.0	0.0	201.57					-0.01	-0.01	1.0	-0.01	-0.01	0.82	1.0	0.0	0.0	201.57					0.010000000000000009	0.010000000000000009	0.5800000000000001	0.00952380952380949	0.009569451016150672	0.5576923076923148	0.5800000000000001	0.001604755231992971	0.0016015834657945316	173.93541258964632				
2025-10-02 07:00:00	0	1.04	1.04	1.04	1.04	1.04	RAD.MI	0.53	0.53	0.53	0.53	0.6	0.52	-1.0	-1.0	-1.0	1	-1.0	-1.0	1.0	-1.0	-1.0	1.0									-1.0			1.31										-1.0			1.71	-0.0	-0.0	-1.45	-0.0	-0.0	-0.64	1.06	-1.45	0.0	0.0	173.94					1	0.0	0.0	-2.17	0.0	0.0	-0.81	-2.17	0.0	0.0	302.64					0.0	0.0	0.2	0.0	0.0	0.03	0.2	0.0	0.0	201.57					0.0	0.0	1.0	0.0	0.0	0.82	1.0	0.0	0.0	201.57					-0.0	-0.0	0.5800000000000001	-0.0	-0.0	0.5576923076923148	0.5800000000000001	0.001604755231992971	0.0016015834657945316	173.93541258964632				
2025-10-03 07:00:00	0	1.04	1.04	1.04	1.04	1.04	RAD.MI	0.53	0.53	0.53	0.53	0.6	0.52	-1.0	-1.0	-1.0	1	-1.0	-1.0	1.0	-1.0	-1.0	1.0									-1.0			1.31										-1.0			1.71	-0.0	-0.0	-1.45	-0.0	-0.0	-0.64	1.06	-1.45	0.0	0.0	173.94					1	0.0	0.0	-2.17	0.0	0.0	-0.81	-2.17	0.0	0.0	302.64					0.0	0.0	0.2	0.0	0.0	0.03	0.2	0.0	0.0	201.57					0.0	0.0	1.0	0.0	0.0	0.82	1.0	0.0	0.0	201.57					-0.0	-0.0	0.5800000000000001	-0.0	-0.0	0.5576923076923148	0.5800000000000001	0.001604755231992971	0.0016015834657945316	173.93541258964632				
2025-10-06 07:00:00	6000	1.04	1.03	1.03	1.03	1.03	RAD.MI	0.52	0.53	0.52	0.52	0.6	0.52	-1.0	-1.0	-1.0	1	-1.0	-1.0	1.0	-1.0	-1.0	1.0		1.03							-1.0			1.31										-1.0			1.71	0.01	0.01	-1.44	0.01	0.01	-0.63	1.06	-1.44	0.0	0.0	190.88					1	-0.01	-0.01	-2.18	-0.01	-0.01	-0.81	-2.18	0.0	0.0	266.82					-0.01	-0.01	0.19	-0.01	-0.01	0.02	0.19	0.0	0.0	184.3					-0.01	-0.01	0.99	-0.01	-0.01	0.8	0.99	0.0	0.0	184.3					0.010000000000000009	0.010000000000000009	0.5900000000000001	0.009615384615384581	0.009661910911736859	0.5728155339805896	0.5900000000000001	0.0017623524977694754	0.0017592872744662813	190.88122292547308				
2025-10-07 07:00:00	0	1.03	1.03	1.03	1.03	1.03	RAD.MI	0.52	0.52	0.52	0.52	0.6	0.52	-1.0	-1.0	-1.0	1	-1.0	-1.0	1.0	-1.0	-1.0	1.0									-1.0			1.31		0.52								-1.0			1.71	-0.0	-0.0	-1.44	-0.0	-0.0	-0.63	1.06	-1.44	0.0	0.0	206.11					1	0.0	0.0	-2.18	0.0	0.0	-0.81	-2.18	0.0	0.0	266.82					0.0	0.0	0.19	0.0	0.0	0.02	0.19	0.0	0.0	181.92					0.0	0.0	0.99	0.0	0.0	0.8	0.99	0.0	0.0	181.92					-0.0	-0.0	0.5900000000000001	-0.0	-0.0	0.5728155339805896	0.5900000000000001	0.0018424470953781037	0.001839584244740733	206.11017399060103				
2025-10-08 07:00:00	13000	1.05	1.04	1.05	1.04	1.04	RAD.MI	0.53	0.53	0.52	0.52	0.6	0.52	-1.0	-1.0	-1.0	1	-1.0	-1.0	1.0	-1.0	-1.0	1.0	1.05								-1.0			1.31										-1.0			1.71	-0.01	-0.01	-1.45	-0.01	-0.01	-0.64	1.06	-1.45	0.0	0.0	224.65					1	0.01	0.01	-2.17	0.01	0.01	-0.81	-2.17	0.0	0.0	279.5					0.01	0.01	0.2	0.01	0.01	0.03	0.2	0.0	0.0	176.82					0.01	0.01	1.0	0.01	0.01	0.82	1.0	0.0	0.0	176.82					-0.010000000000000009	-0.010000000000000009	0.5800000000000001	-0.009708737864077666	-0.00966191091173689	0.5576923076923146	0.5800000000000001	0.0018799991441956973	0.0018773135367446958	224.64863761148956				
2025-10-09 07:00:00	9000	1.04	1.04	1.04	1.04	1.04	RAD.MI	0.53	0.53	0.53	0.53	0.6	0.52	-1.0	-1.0	-1.0	1	-1.0	-1.0	1.0	-1.0	-1.0	1.0									-1.0			1.31										-1.0			1.71	-0.0	-0.0	-1.45	-0.0	-0.0	-0.64	1.06	-1.45	0.0	0.0	220.29					1	0.0	0.0	-2.17	0.0	0.0	-0.81	-2.17	0.0	0.0	279.5					0.0	0.0	0.2	0.0	0.0	0.03	0.2	0.0	0.0	200.96					0.0	0.0	1.0	0.0	0.0	0.82	1.0	0.0	0.0	200.96					-0.0	-0.0	0.5800000000000001	-0.0	-0.0	0.5576923076923146	0.5800000000000001	0.0017290512697606345	0.0017265375793424909	220.29071390763585				
2025-10-10 07:00:00	10000	1.04	1.03	1.04	1.03	1.03	RAD.MI	0.54	0.54	0.53	0.53	0.6	0.52	-1.0	-1.0	-1.0	1	-1.0	-1.0	1.0	-1.0	-1.0	1.0		1.03							-1.0			1.31										-1.0			1.71	0.01	0.01	-1.44	0.01	0.01	-0.63	1.06	-1.44	0.0	0.0	220.31					1	-0.01	-0.01	-2.18	-0.01	-0.01	-0.81	-2.18	0.0	0.0	246.89					-0.01	-0.01	0.19	-0.01	-0.01	0.02	0.19	0.0	0.0	200.87					-0.01	-0.01	0.99	-0.01	-0.01	0.8	0.99	0.0	0.0	200.87					0.010000000000000009	0.010000000000000009	0.5900000000000001	0.009615384615384581	0.009661910911736859	0.5728155339805894	0.5900000000000001	0.0017297909489253247	0.0017272764299063326	220.31347522055773				
2025-10-13 07:00:00	1000	1.04	1.04	1.04	1.04	1.04	RAD.MI	0.54	0.54	0.54	0.54	0.6	0.52	-1.0	-1.0	-1.0	1	-1.0	-1.0	1.0	-1.0	-1.0	1.0	1.04								-1.0			1.31	0.54									-1.0			1.71	-0.01	-0.01	-1.45	-0.01	-0.01	-0.64	1.06	-1.45	0.0	0.0	203.45					1	0.01	0.01	-2.17	0.01	0.01	-0.81	-2.17	0.0	0.0	258.27					0.01	0.01	0.2	0.01	0.01	0.03	0.2	0.0	0.0	203.45					0.01	0.01	1.0	0.01	0.01	0.82	1.0	0.0	0.0	203.45					-0.010000000000000009	-0.010000000000000009	0.5800000000000001	-0.009708737864077666	-0.00966191091173689	0.5576923076923146	0.5800000000000001	0.0016534515561984556	0.0016507535457785938	203.4531938591755				
2025-10-14 07:00:00	500	1.03	1.03	1.03	1.03	1.03	RAD.MI	0.53	0.53	0.53	0.53	0.6	0.52	-1.0	-1.0	-1.0	1	-1.0	-1.0	1.0	-1.0	-1.0	1.0		1.03							-1.0			1.31		0.53								-1.0			1.71	0.01	0.01	-1.44	0.01	0.01	-0.63	1.06	-1.44	0.0	0.0	203.45					1	-0.01	-0.01	-2.18	-0.01	-0.01	-0.81	-2.18	0.0	0.0	228.44					-0.01	-0.01	0.19	-0.01	-0.01	0.02	0.19	0.0	0.0	203.45					-0.01	-0.01	0.99	-0.01	-0.01	0.8	0.99	0.0	0.0	203.45					0.010000000000000009	0.010000000000000009	0.5900000000000001	0.009615384615384581	0.009661910911736859	0.5728155339805894	0.5900000000000001	0.0016534515561984556	0.0016507535457785938	203.4531938591755				
2025-10-15 07:00:00	14500	1.04	1.01	1.03	1.04	1.04	RAD.MI	0.54	0.54	0.53	0.54	0.6	0.52	-1.0	-1.0	-1.0	-1	-1.0	-1.0	1.0	-1.0	-1.0	1.0									-1.0			1.31										-1.0			1.71	-0.01	-0.01	-1.45	-0.01	-0.01	-0.64	1.06	-1.45	0.0	0.0	223.3					1	0.01	0.01	-2.17	0.01	0.01	-0.81	-2.17	0.0	0.0	238.76					0.01	0.01	0.2	0.01	0.01	0.03	0.2	0.0	0.0	198.18					0.01	0.01	1.0	0.01	0.01	0.82	1.0	0.0	0.0	198.18					-0.010000000000000009	-0.010000000000000009	0.5800000000000001	-0.009708737864077666	-0.00966191091173689	0.5576923076923144	0.5800000000000001	0.001693452765636914	0.0016909323051523817	223.29528219166238				
2025-10-16 07:00:00	8000	1.05	1.02	1.05	1.05	1.05	RAD.MI	0.54	0.54	0.53	0.54	0.6	0.52	-1.0	-1.0	-1.0	-1	-1.0	-1.0	1.0	-1.0	-1.0	1.0	1.05								-1.0			1.31	0.54									-1.0			1.71	-0.01	-0.01	-1.46	-0.01	-0.01	-0.64	1.06	-1.46	0.0	0.0	205.85					1	-0.01	-0.01	-2.18	-0.01	-0.01	-0.81	-2.18	0.0	0.0	211.48					0.01	0.01	0.21	0.01	0.01	0.04	0.21	0.0	0.0	200.92					0.01	0.01	1.01	0.01	0.01	0.84	1.01	0.0	0.0	200.92					-0.010000000000000009	-0.010000000000000009	0.5700000000000001	-0.009615384615384581	-0.009569451016150672	0.5428571428571496	0.5700000000000001	0.0016172892219950565	0.0016145907353593003	205.84788018878947				
2025-10-17 07:00:00	6000	1.04	1.01	1.02	1.04	1.04	RAD.MI	0.53	0.54	0.53	0.54	0.6	0.52	-1.0	-1.0	-1.0	-1	-1.0	-1.0	1.0	-1.0	-1.0	1.0		1.01		1.01					-1.0			1.31										-1.0			1.71	0.01	0.01	-1.45	0.01	0.01	-0.64	1.06	-1.45	0.0	0.0	247.68					1	0.01	0.01	-2.17	0.01	0.01	-0.81	-2.17	0.0	0.0	220.83					-0.01	-0.01	0.2	-0.01	-0.01	0.03	0.2	0.0	0.0	175.9					-0.01	-0.01	1.0	-0.01	-0.01	0.82	1.0	0.0	0.0	175.9					0.010000000000000009	0.010000000000000009	0.5800000000000001	0.00952380952380949	0.009569451016150672	0.5576923076923144	0.5800000000000001	0.0018075640365764485	0.001805123516587237	247.67500448325205				
2025-10-20 07:00:00	4500	1.04	1.03	1.03	1.04	1.04	RAD.MI	0.53	0.54	0.53	0.54	0.6	0.52	-1.0	-1.0	-1.0	-1	-1.0	-1.0	1.0	-1.0	-1.0	1.0	1.04								-1.0			1.31										-1.0			1.71	-0.0	-0.0	-1.45	-0.0	-0.0	-0.64	1.06	-1.45	0.0	0.0	247.68					1	-0.0	-0.0	-2.17	-0.0	-0.0	-0.81	-2.17	0.0	0.0	220.83					0.0	0.0	0.2	0.0	0.0	0.03	0.2	0.0	0.0	175.9					0.0	0.0	1.0	0.0	0.0	0.82	1.0	0.0	0.0	175.9					-0.0	-0.0	0.5800000000000001	-0.0	-0.0	0.5576923076923144	0.5800000000000001	0.0018075640365764485	0.001805123516587237	247.67500448325205				
2025-10-21 07:00:00	0	1.04	1.04	1.04	1.04	1.04	RAD.MI	0.53	0.53	0.53	0.53	0.6	0.52	-1.0	-1.0	-1.0	-1	-1.0	-1.0	1.0	-1.0	-1.0	1.0									-1.0			1.31		0.53								-1.0			1.71	-0.0	-0.0	-1.45	-0.0	-0.0	-0.64	1.06	-1.45	0.0	0.0	247.68					1	-0.0	-0.0	-2.17	-0.0	-0.0	-0.81	-2.17	0.0	0.0	220.83					0.0	0.0	0.2	0.0	0.0	0.03	0.2	0.0	0.0	175.9					0.0	0.0	1.0	0.0	0.0	0.82	1.0	0.0	0.0	175.9					-0.0	-0.0	0.5800000000000001	-0.0	-0.0	0.5576923076923144	0.5800000000000001	0.0018075640365764485	0.001805123516587237	247.67500448325205				
2025-10-22 07:00:00	500	1.03	1.03	1.03	1.03	1.03	RAD.MI	0.53	0.53	0.53	0.53	0.6	0.52	-1.0	-1.0	-1.0	-1	-1.0	-1.0	1.0	-1.0	-1.0	1.0		1.03							-1.0			1.31										-1.0			1.71	0.01	0.01	-1.44	0.01	0.01	-0.63	1.06	-1.44	0.0	0.0	282.85					1	0.01	0.01	-2.16	0.01	0.01	-0.81	-2.16	0.0	0.0	229.1					-0.01	-0.01	0.19	-0.01	-0.01	0.02	0.19	0.0	0.0	152.82					-0.01	-0.01	0.99	-0.01	-0.01	0.8	0.99	0.0	0.0	152.82					0.010000000000000009	0.010000000000000009	0.5900000000000001	0.009615384615384581	0.009661910911736859	0.5728155339805894	0.5900000000000001	0.001975457724834573	0.001973177669965853	282.8490989379344				
2025-10-23 07:00:00	1000	1.05	1.05	1.05	1.05	1.05	RAD.MI	0.54	0.54	0.54	0.54	0.59	0.52	-1.0	-1.0	-1.0	-1	-1.0	-1.0	1.0	-1.0	-1.0	1.0									-1.0			1.31										-1.0			1.71	-0.02	-0.02	-1.46	-0.02	-0.02	-0.64	1.06	-1.46	0.0	0.0	248.59					1	-0.02	-0.02	-2.18	-0.02	-0.02	-0.81	-2.18	0.0	0.0	191.36					0.02	0.02	0.21	0.02	0.02	0.04	0.21	0.0	0.0	160.57					0.02	0.02	1.01	0.02	0.02	0.84	1.01	0.0	0.0	160.57					-0.020000000000000018	-0.020000000000000018	0.5700000000000001	-0.01941747572815533	-0.019231361927887592	0.5428571428571496	0.5700000000000001	0.0018816901428053063	0.0018791523551460187	248.59276352201886				
2025-10-24 07:00:00	6000	1.06	1.05	1.05	1.06	1.06	RAD.MI	0.54	0.54	0.54	0.54	0.59	0.52	-1.0	-1.0	1.0	1	-1.0	-1.0	1.0	-1.0	-1.0	1.0	1.06								-1.0			1.31	0.54									-1.0			1.71	-0.01	-0.01	-1.47	-0.01	-0.01	-0.65	1.06	-1.47	0.0	0.0	219.86					1	-0.01	-0.01	-2.19	-0.01	-0.01	-0.82	-2.19	0.0	0.0	169.21					0.01	0.01	0.22	0.01	0.01	0.05	0.22	0.0	0.0	206.27					0.01	0.01	1.02	0.01	0.01	0.85	1.02	0.0	0.0	206.27					-0.010000000000000009	-0.010000000000000009	0.56	-0.00952380952380949	-0.009478743954543739	0.5283018867924594	0.56	0.0015192613864984795	0.001516888019770457	219.86037025284722				
2025-10-27 08:00:00	0	1.06	1.06	1.06	1.06	1.06	RAD.MI	0.54	0.54	0.54	0.54	0.59	0.52	-1.0	-1.0	1.0	1	-1.0	-1.0	1.0	-1.0	-1.0	1.0									-1.0			1.31										-1.0			1.71	-0.0	-0.0	-1.47	-0.0	-0.0	-0.65	1.06	-1.47	0.0	0.0	238.9					1	0.0	0.0	-2.19	0.0	0.0	-0.82	-2.19	0.0	0.0	169.21					0.0	0.0	0.22	0.0	0.0	0.05	0.22	0.0	0.0	203.09					0.0	0.0	1.02	0.0	0.0	0.85	1.02	0.0	0.0	203.09					-0.0	-0.0	0.56	-0.0	-0.0	0.5283018867924594	0.56	0.0015913790069732414	0.001589165027135131	238.90346987441933				
2025-10-28 08:00:00	2000	1.04	1.04	1.04	1.04	1.04	RAD.MI	0.53	0.53	0.53	0.53	0.59	0.52	-1.0	-1.0	1.0	1	-1.0	-1.0	1.0	-1.0	-1.0	1.0		1.04							-1.0			1.31										-1.0			1.71	0.02	0.02	-1.45	0.02	0.02	-0.64	1.06	-1.45	0.0	0.0	244.12					1	-0.02	-0.02	-2.21	-0.02	-0.02	-0.82	-2.21	0.0	0.0	138.14					-0.02	-0.02	0.2	-0.02	-0.02	0.03	0.2	0.0	0.0	176.21					-0.02	-0.02	1.0	-0.02	-0.02	0.82	1.0	0.0	0.0	176.21					0.020000000000000018	0.020000000000000018	0.5800000000000001	0.018867924528301883	0.019048194970694474	0.5576923076923144	0.5800000000000001	0.0017418597472417274	0.0017394796462006923	244.11797585977496				
2025-10-29 08:00:00	12500	1.07	1.02	1.06	1.05	1.05	RAD.MI	0.54	0.54	0.52	0.53	0.59	0.52	-1.0	-1.0	-1.0	1	-1.0	-1.0	1.0	-1.0	-1.0	1.0	1.07		1.07						-1.0			1.31										-1.0			1.71	-0.01	-0.01	-1.46	-0.01	-0.01	-0.64	1.07	-1.46	0.0	0.0	216.65					1	0.01	0.01	-2.2	0.01	0.01	-0.82	-2.2	0.0	0.0	146.5					0.01	0.01	0.21	0.01	0.01	0.04	0.21	0.0	0.0	216.65					0.01	0.01	1.01	0.01	0.01	0.84	1.01	0.0	0.0	216.65					-0.010000000000000009	-0.010000000000000009	0.5700000000000001	-0.009615384615384581	-0.009569451016150672	0.5428571428571496	0.5700000000000001	0.0014475169385512238	0.0014452227514443194	216.6468603219754				
2025-10-30 08:00:00	55000	1.04	1.01	1.03	1.02	1.02	RAD.MI	0.52	0.53	0.51	0.52	0.59	0.51	-1.0	-1.0	-1.0	-1	-1.0	-1.0	1.0	-1.0	-1.0	1.0		1.01							-1.0			1.31		0.51								-1.0			1.71	0.03	0.03	-1.43	0.03	0.03	-0.63	1.07	-1.43	0.0	0.0	222.59					1	-0.03	-0.03	-2.23	-0.03	-0.03	-0.82	-2.23	0.0	0.0	101.8					-0.03	-0.03	0.18	-0.03	-0.03	0.01	0.18	0.0	0.0	195.56					-0.03	-0.03	0.98	-0.03	-0.03	0.78	0.98	0.0	0.0	195.56					0.030000000000000027	0.030000000000000027	0.6000000000000001	0.02857142857142858	0.028987536873252298	0.5882352941176541	0.6000000000000001	0.0015989780082366165	0.001596508433803434	222.59388634928058				
2025-10-31 08:00:00	7500	1.04	1.03	1.03	1.04	1.04	RAD.MI	0.52	0.53	0.52	0.53	0.59	0.51	-1.0	-1.0	-1.0	-1	-1.0	-1.0	1.0	-1.0	-1.0	1.0									-1.0			1.31	0.53									-1.0			1.71	-0.02	-0.02	-1.45	-0.02	-0.02	-0.64	1.07	-1.45	0.0	0.0	211.52					1	-0.02	-0.02	-2.25	-0.02	-0.02	-0.83	-2.25	0.0	0.0	93.98					0.02	0.02	0.2	0.02	0.02	0.03	0.2	0.0	0.0	198.69					0.02	0.02	1.0	0.02	0.02	0.82	1.0	0.0	0.0	198.69					-0.020000000000000018	-0.020000000000000018	0.5800000000000001	-0.019607843137254832	-0.019418085857101516	0.5576923076923146	0.5800000000000001	0.0015773110115865246	0.0015747497669236221	211.51848110818128				
2025-11-03 08:00:00	0	1.04	1.04	1.04	1.04	1.04	RAD.MI	0.53	0.53	0.53	0.53	0.59	0.51	-1.0	-1.0	-1.0	-1	-1.0	-1.0	1.0	-1.0	-1.0	1.0	1.04								-1.0			1.31										-1.0			1.71	-0.0	-0.0	-1.45	-0.0	-0.0	-0.64	1.07	-1.45	0.0	0.0	211.52					1	-0.0	-0.0	-2.25	-0.0	-0.0	-0.83	-2.25	0.0	0.0	93.98					0.0	0.0	0.2	0.0	0.0	0.03	0.2	0.0	0.0	198.69					0.0	0.0	1.0	0.0	0.0	0.82	1.0	0.0	0.0	198.69					-0.0	-0.0	0.5800000000000001	-0.0	-0.0	0.5576923076923146	0.5800000000000001	0.0015773110115865246	0.0015747497669236221	211.51848110818128				
2025-11-04 08:00:00	0	1.04	1.04	1.04	1.04	1.04	RAD.MI	0.52	0.52	0.52	0.52	0.59	0.51	-1.0	-1.0	-1.0	-1	-1.0	-1.0	1.0	-1.0	-1.0	1.0									-1.0			1.31										-1.0			1.71	-0.0	-0.0	-1.45	-0.0	-0.0	-0.64	1.07	-1.45	0.0	0.0	211.52					1	-0.0	-0.0	-2.25	-0.0	-0.0	-0.83	-2.25	0.0	0.0	93.98					0.0	0.0	0.2	0.0	0.0	0.03	0.2	0.0	0.0	198.69					0.0	0.0	1.0	0.0	0.0	0.82	1.0	0.0	0.0	198.69					-0.0	-0.0	0.5800000000000001	-0.0	-0.0	0.5576923076923146	0.5800000000000001	0.0015773110115865246	0.0015747497669236221	211.51848110818128				
2025-11-05 08:00:00	2000	1.03	1.03	1.03	1.03	1.03	RAD.MI	0.52	0.52	0.52	0.52	0.59	0.51	-1.0	-1.0	-1.0	-1	-1.0	-1.0	1.0	-1.0	-1.0	1.0									-1.0			1.31										-1.0			1.71	0.01	0.01	-1.44	0.01	0.01	-0.63	1.07	-1.44	0.0	0.0	214.18					1	0.01	0.01	-2.24	0.01	0.01	-0.82	-2.24	0.0	0.0	102.81					-0.01	-0.01	0.19	-0.01	-0.01	0.02	0.19	0.0	0.0	182.05					-0.01	-0.01	0.99	-0.01	-0.01	0.8	0.99	0.0	0.0	182.05					0.010000000000000009	0.010000000000000009	0.5900000000000001	0.009615384615384581	0.009661910911736859	0.5728155339805894	0.5900000000000001	0.0016526739166980726	0.0016500213675540998	214.1783228906776				
2025-11-06 08:00:00	53000	1.03	0.98	1.02	1.0	1.0	RAD.MI	0.52	0.52	0.5	0.51	0.59	0.5	-1.0	-1.0	-1.0	-1	-1.0	-1.0	1.0	-1.0	-1.0	1.0									-1.0			1.31										-1.0			1.71	0.03	0.03	-1.41	0.03	0.03	-0.62	1.07	-1.41	0.0	0.0	221.31					1	0.03	0.03	-2.21	0.03	0.03	-0.82	-2.21	0.0	0.0	124.32					-0.03	-0.03	0.16	-0.03	-0.03	-0.01	0.16	0.0	0.0	150.21					-0.03	-0.03	0.96	-0.03	-0.03	0.75	0.96	0.0	0.0	150.21					0.030000000000000027	0.030000000000000027	0.6200000000000001	0.029126213592232997	0.02955880224154439	0.620000000000007	0.6200000000000001	0.0018832325741821186	0.001880290790621908	221.30922005149955				
2025-11-07 08:00:00	6000	1.01	0.99	1.01	1.01	1.01	RAD.MI	0.51	0.51	0.5	0.51	0.59	0.5	-1.0	-1.0	-1.0	-1	-1.0	-1.0	1.0	-1.0	-1.0	1.0		0.99		0.99					-1.0			1.31										-1.0			1.71	-0.01	-0.01	-1.42	-0.01	-0.01	-0.63	1.07	-1.42	0.0	0.0	204.17					1	-0.01	-0.01	-2.22	-0.01	-0.01	-0.82	-2.22	0.0	0.0	108.65					0.01	0.01	0.17	0.01	0.01	-0.0	0.17	0.0	0.0	153.41					0.01	0.01	0.97	0.01	0.01	0.77	0.97	0.0	0.0	153.41					-0.010000000000000009	-0.010000000000000009	0.6100000000000001	-0.010000000000000009	-0.009950330853168092	0.6039603960396109	0.6100000000000001	0.0018018010363150122	0.0017986607634699059	204.16877456851256				
2025-11-10 08:00:00	6000	1.01	0.99	1.0	1.0	1.0	RAD.MI	0.5	0.5	0.49	0.5	0.59	0.49	-1.0	-1.0	-1.0	-1	-1.0	-1.0	1.0	-1.0	-1.0	1.0									-1.0			1.31										-1.0			1.71	0.01	0.01	-1.41	0.01	0.01	-0.62	1.07	-1.41	0.0	0.0	206.38					1	0.01	0.01	-2.21	0.01	0.01	-0.82	-2.21	0.0	0.0	114.74					-0.01	-0.01	0.16	-0.01	-0.01	-0.01	0.16	0.0	0.0	139.47					-0.01	-0.01	0.96	-0.01	-0.01	0.75	0.96	0.0	0.0	139.47					0.010000000000000009	0.010000000000000009	0.6200000000000001	0.00990099009900991	0.009950330853168092	0.620000000000007	0.6200000000000001	0.0018784185838844063	0.001875172607132214	206.37520315328				
2025-11-11 08:00:00	11500	1.01	1.0	1.0	1.01	1.01	RAD.MI	0.49	0.5	0.49	0.5	0.59	0.49	-1.0	-1.0	-1.0	-1	-1.0	-1.0	1.0	-1.0	-1.0	1.0									-1.0			1.31										-1.0			1.71	-0.01	-0.01	-1.42	-0.01	-0.01	-0.63	1.07	-1.42	0.0	0.0	190.3					1	-0.01	-0.01	-2.22	-0.01	-0.01	-0.82	-2.22	0.0	0.0	99.95					0.01	0.01	0.17	0.01	0.01	-0.0	0.17	0.0	0.0	142.57					0.01	0.01	0.97	0.01	0.01	0.77	0.97	0.0	0.0	142.57					-0.010000000000000009	-0.010000000000000009	0.6100000000000001	-0.010000000000000009	-0.009950330853168092	0.6039603960396109	0.6100000000000001	0.0017940019467613496	0.0017905478912396688	190.2964053519372				
2025-11-12 08:00:00	0	1.01	1.01	1.01	1.01	1.01	RAD.MI	0.49	0.49	0.49	0.49	0.59	0.49	-1.0	-1.0	-1.0	-1	-1.0	-1.0	1.0	-1.0	-1.0	1.0									-1.0			1.31		0.49		0.49						-1.0			1.71	-0.0	-0.0	-1.42	-0.0	-0.0	-0.63	1.07	-1.42	0.0	0.0	190.3					1	-0.0	-0.0	-2.22	-0.0	-0.0	-0.82	-2.22	0.0	0.0	99.95					0.0	0.0	0.17	0.0	0.0	-0.0	0.17	0.0	0.0	142.57					0.0	0.0	0.97	0.0	0.0	0.77	0.97	0.0	0.0	142.57					-0.0	-0.0	0.6100000000000001	-0.0	-0.0	0.6039603960396109	0.6100000000000001	0.0017940019467613496	0.0017905478912396688	190.2964053519372				
2025-11-13 08:00:00	72000	1.05	0.95	1.01	1.02	1.02	RAD.MI	0.49	0.51	0.46	0.5	0.59	0.46	-1.0	-1.0	-1.0	-1	-1.0	-1.0	1.0	-1.0	-1.0	1.0									-1.0			1.31										-1.0			1.71	-0.01	-0.01	-1.43	-0.01	-0.01	-0.63	1.07	-1.43	0.0	0.0	175.17					1	-0.01	-0.01	-2.23	-0.01	-0.01	-0.82	-2.23	0.0	0.0	85.79					0.01	0.01	0.18	0.01	0.01	0.01	0.18	0.0	0.0	145.44					0.01	0.01	0.98	0.01	0.01	0.78	0.98	0.0	0.0	145.44					-0.010000000000000009	-0.010000000000000009	0.6000000000000001	-0.00990099009900991	-0.00985229644301164	0.5882352941176539	0.6000000000000001	0.00170784032949305	0.00170417494547781	175.1693668646235				
2025-11-14 08:00:00	14000	1.05	1.0	1.0	1.05	1.05	RAD.MI	0.5	0.52	0.5	0.52	0.59	0.46	-1.0	-1.0	-1.0	-1	-1.0	-1.0	1.0	-1.0	-1.0	1.0									-1.0			1.31										-1.0			1.71	-0.03	-0.03	-1.46	-0.03	-0.03	-0.64	1.07	-1.46	0.0	0.0	159.71					1	-0.03	-0.03	-2.26	-0.03	-0.03	-0.83	-2.26	0.0	0.0	74.38					0.03	0.03	0.21	0.03	0.03	0.04	0.21	0.0	0.0	150.59					0.03	0.03	1.01	0.03	0.03	0.84	1.01	0.0	0.0	150.59					-0.030000000000000027	-0.030000000000000027	0.5700000000000001	-0.02941176470588247	-0.028987536873252406	0.5428571428571494	0.5700000000000001	0.0016590683471962783	0.0016551701852534073	159.71416929052674				
2025-11-17 08:00:00	7000	1.03	1.02	1.02	1.03	1.03	RAD.MI	0.51	0.51	0.51	0.51	0.59	0.46	-1.0	-1.0	-1.0	-1	-1.0	-1.0	1.0	-1.0	-1.0	1.0									-1.0			1.31										-1.0			1.71	0.02	0.02	-1.44	0.02	0.02	-0.63	1.07	-1.44	0.0	0.0	163.96					1	0.02	0.02	-2.24	0.02	0.02	-0.82	-2.24	0.0	0.0	85.46					-0.02	-0.02	0.19	-0.02	-0.02	0.02	0.19	0.0	0.0	131.82					-0.02	-0.02	0.99	-0.02	-0.02	0.8	0.99	0.0	0.0	131.82					0.020000000000000018	0.020000000000000018	0.5900000000000001	0.01904761904761909	0.019231361927887644	0.5728155339805892	0.5900000000000001	0.0018033035616554353	0.001799169686741653	163.95884038405774				
2025-11-18 08:00:00	1000	1.04	1.04	1.04	1.04	1.04	RAD.MI	0.53	0.53	0.53	0.53	0.59	0.46	-1.0	-1.0	-1.0	-1	-1.0	-1.0	1.0	-1.0	-1.0	1.0	1.04								-1.0			1.31	0.53									-1.0			1.71	-0.01	-0.01	-1.45	-0.01	-0.01	-0.64	1.07	-1.45	0.0	0.0	163.76					1	-0.01	-0.01	-2.25	-0.01	-0.01	-0.83	-2.25	0.0	0.0	85.31					0.01	0.01	0.2	0.01	0.01	0.03	0.2	0.0	0.0	131.89					0.01	0.01	1.0	0.01	0.01	0.82	1.0	0.0	0.0	131.89					-0.010000000000000009	-0.010000000000000009	0.5800000000000001	-0.009708737864077666	-0.00966191091173689	0.5576923076923144	0.5800000000000001	0.0018026231352506908	0.0017984858636443946	163.7566401902846				
2025-11-19 08:00:00	2000	1.04	1.02	1.04	1.02	1.02	RAD.MI	0.53	0.53	0.52	0.52	0.59	0.46	-1.0	-1.0	-1.0	-1	-1.0	-1.0	1.0	-1.0	-1.0	1.0		1.02							-1.0			1.31		0.52								-1.0			1.71	0.02	0.02	-1.43	0.02	0.02	-0.63	1.07	-1.43	0.0	0.0	167.59					1	0.02	0.02	-2.23	0.02	0.02	-0.82	-2.23	0.0	0.0	94.7					-0.02	-0.02	0.18	-0.02	-0.02	0.01	0.18	0.0	0.0	114.66					-0.02	-0.02	0.98	-0.02	-0.02	0.78	0.98	0.0	0.0	114.66					0.020000000000000018	0.020000000000000018	0.6000000000000001	0.019230769230769273	0.019418085857101627	0.5882352941176539	0.6000000000000001	0.0019482587791789534	0.0019438764067323255	167.58959481624572				
2025-11-20 08:00:00	3000	1.04	1.03	1.04	1.03	1.03	RAD.MI	0.53	0.53	0.52	0.52	0.59	0.46	-1.0	-1.0	-1.0	-1	-1.0	-1.0	1.0	-1.0	-1.0	1.0									-1.0			1.31										-1.0			1.71	-0.01	-0.01	-1.44	-0.01	-0.01	-0.63	1.07	-1.44	0.0	0.0	154.78					1	-0.01	-0.01	-2.24	-0.01	-0.01	-0.82	-2.24	0.0	0.0	82.65					0.01	0.01	0.19	0.01	0.01	0.02	0.19	0.0	0.0	117.19					0.01	0.01	0.99	0.01	0.01	0.8	0.99	0.0	0.0	117.19					-0.010000000000000009	-0.010000000000000009	0.5900000000000001	-0.009803921568627416	-0.009756174945364656	0.5728155339805894	0.5900000000000001	0.001854533577389374	0.0018499072472395461	154.77683720696072				
2025-11-21 08:00:00	3000	1.05	1.04	1.04	1.05	1.05	RAD.MI	0.53	0.54	0.53	0.54	0.59	0.46	-1.0	-1.0	-1.0	-1	-1.0	-1.0	1.0	-1.0	-1.0	1.0	1.05								-1.0			1.31	0.54		0.54							-1.0			1.71	-0.02	-0.02	-1.46	-0.02	-0.02	-0.64	1.07	-1.46	0.0	0.0	136.64					1	-0.02	-0.02	-2.26	-0.02	-0.02	-0.83	-2.26	0.0	0.0	66.51					0.02	0.02	0.21	0.02	0.02	0.04	0.21	0.0	0.0	121.76					0.02	0.02	1.01	0.02	0.02	0.84	1.01	0.0	0.0	121.76					-0.020000000000000018	-0.020000000000000018	0.5700000000000001	-0.01941747572815533	-0.019231361927887592	0.5428571428571496	0.5700000000000001	0.0017332741357579098	0.001728267795618077	136.6362114793082				
2025-11-24 08:00:00	500	1.02	1.02	1.02	1.02	1.02	RAD.MI	0.53	0.53	0.53	0.53	0.59	0.46	-1.0	-1.0	-1.0	-1	-1.0	-1.0	1.0	-1.0	-1.0	1.0		1.02	1.02						-1.0			1.31										-1.0			1.71	0.03	0.03	-1.43	0.03	0.03	-0.63	1.07	-1.43	0.0	0.0	142.06					1	0.03	0.03	-2.23	0.03	0.03	-0.82	-2.23	0.0	0.0	78.91					-0.03	-0.03	0.18	-0.03	-0.03	0.01	0.18	0.0	0.0	101.69					-0.03	-0.03	0.98	-0.03	-0.03	0.78	0.98	0.0	0.0	101.69					0.030000000000000027	0.030000000000000027	0.6000000000000001	0.02857142857142858	0.028987536873252298	0.5882352941176539	0.6000000000000001	0.0019448831549326517	0.0019394618809207564	142.05799757607275				
2025-11-25 08:00:00	0	1.02	1.02	1.02	1.02	1.02	RAD.MI	0.52	0.52	0.52	0.52	0.58	0.46	-1.0	-1.0	-1.0	-1	-1.0	-1.0	1.0	-1.0	-1.0	1.0									-1.0			1.31										-1.0			1.71	-0.0	-0.0	-1.43	-0.0	-0.0	-0.63	1.07	-1.43	0.0	0.0	142.06					1	-0.0	-0.0	-2.23	-0.0	-0.0	-0.82	-2.23	0.0	0.0	78.91					0.0	0.0	0.18	0.0	0.0	0.01	0.18	0.0	0.0	101.69					0.0	0.0	0.98	0.0	0.0	0.78	0.98	0.0	0.0	101.69					-0.0	-0.0	0.6000000000000001	-0.0	-0.0	0.5882352941176539	0.6000000000000001	0.0019448831549326517	0.0019394618809207564	142.05799757607275				
2025-11-26 08:00:00	1500	1.05	1.03	1.04	1.03	1.03	RAD.MI	0.53	0.53	0.52	0.52	0.58	0.46	-1.0	-1.0	-1.0	0	-1.0	-1.0	1.0	-1.0	-1.0	1.0	1.05								-1.0			1.31										-1.0			1.71	-0.01	-0.01	-1.44	-0.01	-0.01	-0.63	1.05	-1.44	0.0	0.0	129.23					1	-0.01	-0.01	-2.24	-0.01	-0.01	-0.82	-2.24	0.0	0.0	68.35					0.01	0.01	0.19	0.01	0.01	0.02	0.19	0.0	0.0	113.74					0.01	0.01	0.99	0.01	0.01	0.8	0.99	0.0	0.0	113.74					-0.010000000000000009	-0.010000000000000009	0.5900000000000001	-0.009803921568627416	-0.009756174945364656	0.5728155339805894	0.5900000000000001	0.001775803080260508	0.0017702521556455242	129.23384016677727				
2025-11-27 08:00:00	1000	1.03	1.03	1.03	1.03	1.03	RAD.MI	0.52	0.52	0.52	0.52	0.58	0.46	-1.0	-1.0	-1.0	0	-1.0	-1.0	1.0	-1.0	-1.0	1.0									-1.0			1.31										-1.0			1.71	-0.0	-0.0	-1.44	-0.0	-0.0	-0.63	1.05	-1.44	0.0	0.0	129.23					1	0.0	0.0	-2.24	0.0	0.0	-0.82	-2.24	0.0	0.0	68.35					0.0	0.0	0.19	0.0	0.0	0.02	0.19	0.0	0.0	113.74					0.0	0.0	0.99	0.0	0.0	0.8	0.99	0.0	0.0	113.74					-0.0	-0.0	0.5900000000000001	-0.0	-0.0	0.5728155339805894	0.5900000000000001	0.001775803080260508	0.0017702521556455242	129.23384016677727				
2025-11-28 08:00:00	0	1.03	1.03	1.03	1.03	1.03	RAD.MI	0.52	0.52	0.52	0.52	0.58	0.46	-1.0	-1.0	-1.0	0	-1.0	-1.0	1.0	-1.0	-1.0	1.0									-1.0			1.31										-1.0			1.71	-0.0	-0.0	-1.44	-0.0	-0.0	-0.63	1.05	-1.44	0.0	0.0	129.23					1	0.0	0.0	-2.24	0.0	0.0	-0.82	-2.24	0.0	0.0	68.35					0.0	0.0	0.19	0.0	0.0	0.02	0.19	0.0	0.0	113.74					0.0	0.0	0.99	0.0	0.0	0.8	0.99	0.0	0.0	113.74					-0.0	-0.0	0.5900000000000001	-0.0	-0.0	0.5728155339805894	0.5900000000000001	0.001775803080260508	0.0017702521556455242	129.23384016677727				
2025-12-01 08:00:00	0	1.03	1.03	1.03	1.03	1.03	RAD.MI	0.52	0.52	0.52	0.52	0.58	0.46	-1.0	-1.0	-1.0	0	-1.0	-1.0	1.0	-1.0	-1.0	1.0									-1.0			1.31										-1.0			1.71	-0.0	-0.0	-1.44	-0.0	-0.0	-0.63	1.05	-1.44	0.0	0.0	125.45					1	0.0	0.0	-2.24	0.0	0.0	-0.82	-2.24	0.0	0.0	68.35					0.0	0.0	0.19	0.0	0.0	0.02	0.19	0.0	0.0	129.13					0.0	0.0	0.99	0.0	0.0	0.8	0.99	0.0	0.0	129.13					-0.0	-0.0	0.5900000000000001	-0.0	-0.0	0.5728155339805894	0.5900000000000001	0.0016386560764715078	0.0016333860914354847	125.45478481650383				
2025-12-02 08:00:00	0	1.03	1.03	1.03	1.03	1.03	RAD.MI	0.52	0.52	0.52	0.52	0.58	0.46	-1.0	-1.0	-1.0	0	-1.0	-1.0	1.0	-1.0	-1.0	1.0									-1.0			1.31										-1.0			1.71	-0.0	-0.0	-1.44	-0.0	-0.0	-0.63	1.05	-1.44	0.0	0.0	125.45					1	0.0	0.0	-2.24	0.0	0.0	-0.82	-2.24	0.0	0.0	68.35					0.0	0.0	0.19	0.0	0.0	0.02	0.19	0.0	0.0	129.13					0.0	0.0	0.99	0.0	0.0	0.8	0.99	0.0	0.0	129.13					-0.0	-0.0	0.5900000000000001	-0.0	-0.0	0.5728155339805894	0.5900000000000001	0.0016386560764715078	0.0016333860914354847	125.45478481650383				
2025-12-03 08:00:00	2000	1.02	1.02	1.02	1.02	1.02	RAD.MI	0.51	0.51	0.51	0.51	0.58	0.46	-1.0	-1.0	-1.0	0	-1.0	-1.0	1.0	-1.0	-1.0	1.0		1.02							-1.0			1.31		0.51								-1.0			1.71	0.01	0.01	-1.43	0.01	0.01	-0.63	1.05	-1.43	0.0	0.0	127.44					1	-0.0	-0.0	-2.24	-0.0	-0.0	-0.82	-2.24	0.0	0.0	68.35					-0.01	-0.01	0.18	-0.01	-0.01	0.01	0.18	0.0	0.0	118.42					-0.01	-0.01	0.98	-0.01	-0.01	0.78	0.98	0.0	0.0	118.42					0.010000000000000009	0.010000000000000009	0.6000000000000001	0.009708737864077666	0.009756174945364685	0.5882352941176539	0.6000000000000001	0.0017089005360781332	0.001703487566880879	127.43818501136224				
2025-12-04 08:00:00	1000	1.03	1.03	1.03	1.03	1.03	RAD.MI	0.52	0.52	0.52	0.52	0.57	0.46	-1.0	-1.0	-1.0	0	-1.0	-1.0	1.0	-1.0	-1.0	1.0	1.03								-1.0			1.31	0.52									-1.0			1.71	-0.01	-0.01	-1.44	-0.01	-0.01	-0.63	1.05	-1.44	0.0	0.0	127.33					1	0.0	0.0	-2.24	0.0	0.0	-0.82	-2.24	0.0	0.0	78.83					0.01	0.01	0.19	0.01	0.01	0.02	0.19	0.0	0.0	118.46					0.01	0.01	0.99	0.01	0.01	0.8	0.99	0.0	0.0	118.46					-0.010000000000000009	-0.010000000000000009	0.5900000000000001	-0.009803921568627416	-0.009756174945364656	0.5728155339805894	0.5900000000000001	0.0017083777090763344	0.001702961974574091	127.33252403922756				
2025-12-05 08:00:00	11500	1.02	1.01	1.02	1.02	1.02	RAD.MI	0.51	0.51	0.51	0.51	0.57	0.46	-1.0	-1.0	-1.0	0	-1.0	-1.0	1.0	-1.0	-1.0	1.0		1.01							-1.0			1.31		0.51								-1.0			1.71	0.01	0.01	-1.43	0.01	0.01	-0.63	1.05	-1.43	0.0	0.0	127.37					1	-0.0	-0.0	-2.24	-0.0	-0.0	-0.82	-2.24	0.0	0.0	75.04					-0.01	-0.01	0.18	-0.01	-0.01	0.01	0.18	0.0	0.0	118.36					-0.01	-0.01	0.98	-0.01	-0.01	0.78	0.98	0.0	0.0	118.36					0.010000000000000009	0.010000000000000009	0.6000000000000001	0.009708737864077666	0.009756174945364685	0.5882352941176539	0.6000000000000001	0.001709722121366675	0.0017043036309727366	127.3694811933771				
2025-12-08 08:00:00	2500	1.03	1.03	1.03	1.03	1.03	RAD.MI	0.52	0.52	0.52	0.52	0.57	0.46	-1.0	-1.0	-1.0	0	-1.0	-1.0	1.0	-1.0	-1.0	1.0	1.03								-1.0			1.31	0.52									-1.0			1.71	-0.01	-0.01	-1.44	-0.01	-0.01	-0.63	1.05	-1.44	0.0	0.0	116.61					1	0.0	0.0	-2.24	0.0	0.0	-0.82	-2.24	0.0	0.0	75.04					0.01	0.01	0.19	0.01	0.01	0.02	0.19	0.0	0.0	120.38					0.01	0.01	0.99	0.01	0.01	0.8	0.99	0.0	0.0	120.38					-0.010000000000000009	-0.010000000000000009	0.5900000000000001	-0.009803921568627416	-0.009756174945364656	0.5728155339805894	0.5900000000000001	0.0016081277734759734	0.0016024452389600263	116.61237690401795				
2025-12-09 08:00:00	500	1.01	1.01	1.01	1.01	1.01	RAD.MI	0.51	0.51	0.51	0.51	0.57	0.46	-1.0	-1.0	-1.0	0	-1.0	-1.0	1.0	-1.0	-1.0	1.0									-1.0			1.31										-1.0			1.71	0.02	0.02	-1.42	0.02	0.02	-0.63	1.05	-1.42	0.0	0.0	130.95					1	-0.0	-0.0	-2.24	-0.0	-0.0	-0.82	-2.24	0.0	0.0	85.98					-0.02	-0.02	0.17	-0.02	-0.02	-0.0	0.17	0.0	0.0	103.46					-0.02	-0.02	0.97	-0.02	-0.02	0.77	0.97	0.0	0.0	103.46					0.020000000000000018	0.020000000000000018	0.6100000000000001	0.01941747572815533	0.019608471388376313	0.6039603960396107	0.6100000000000001	0.0018503802883611852	0.001844665662779743	130.95083038633055				
2025-12-10 08:00:00	0	1.01	1.01	1.01	1.01	1.01	RAD.MI	0.51	0.51	0.51	0.51	0.57	0.46	-1.0	-1.0	-1.0	0	-1.0	-1.0	1.0	-1.0	-1.0	1.0		1.01		1.01					-1.0			1.31										-1.0			1.71	-0.0	-0.0	-1.42	-0.0	-0.0	-0.63	1.05	-1.42	0.0	0.0	130.95					1	0.0	0.0	-2.24	0.0	0.0	-0.82	-2.24	0.0	0.0	85.98					0.0	0.0	0.17	0.0	0.0	-0.0	0.17	0.0	0.0	103.46					0.0	0.0	0.97	0.0	0.0	0.77	0.97	0.0	0.0	103.46					-0.0	-0.0	0.6100000000000001	-0.0	-0.0	0.6039603960396107	0.6100000000000001	0.0018503802883611852	0.001844665662779743	130.95083038633055				
2025-12-11 08:00:00	0	1.01	1.01	1.01	1.01	1.01	RAD.MI	0.5	0.5	0.5	0.5	0.57	0.46	-1.0	-1.0	-1.0	0	-1.0	-1.0	1.0	-1.0	-1.0	1.0									-1.0			1.31		0.5								-1.0			1.71	-0.0	-0.0	-1.42	-0.0	-0.0	-0.63	1.05	-1.42	0.0	0.0	130.95					1	0.0	0.0	-2.24	0.0	0.0	-0.82	-2.24	0.0	0.0	85.98					0.0	0.0	0.17	0.0	0.0	-0.0	0.17	0.0	0.0	103.46					0.0	0.0	0.97	0.0	0.0	0.77	0.97	0.0	0.0	103.46					-0.0	-0.0	0.6100000000000001	-0.0	-0.0	0.6039603960396107	0.6100000000000001	0.0018503802883611852	0.001844665662779743	130.95083038633055				
2025-12-12 08:00:00	0	1.01	1.01	1.01	1.01	1.01	RAD.MI	0.51	0.51	0.51	0.51	0.57	0.46	-1.0	-1.0	-1.0	-1	-1.0	-1.0	1.0	-1.0	-1.0	1.0									-1.0			1.31										-1.0			1.71	-0.0	-0.0	-1.42	-0.0	-0.0	-0.63	1.05	-1.42	0.0	0.0	130.95					1	0.0	0.0	-2.24	0.0	0.0	-0.82	-2.24	0.0	0.0	85.98					0.0	0.0	0.17	0.0	0.0	-0.0	0.17	0.0	0.0	103.46					0.0	0.0	0.97	0.0	0.0	0.77	0.97	0.0	0.0	103.46					-0.0	-0.0	0.6100000000000001	-0.0	-0.0	0.6039603960396107	0.6100000000000001	0.0018503802883611852	0.001844665662779743	130.95083038633055				
2025-12-15 08:00:00	3500	1.03	1.01	1.01	1.03	1.03	RAD.MI	0.5	0.51	0.5	0.51	0.57	0.46	-1.0	-1.0	-1.0	-1	-1.0	-1.0	1.0	-1.0	-1.0	1.0									-1.0			1.31										-1.0			1.71	-0.02	-0.02	-1.44	-0.02	-0.02	-0.63	1.05	-1.44	0.0	0.0	115.27					1	-0.02	-0.02	-2.26	-0.02	-0.02	-0.83	-2.26	0.0	0.0	70.52					0.02	0.02	0.19	0.02	0.02	0.02	0.19	0.0	0.0	107.55					0.02	0.02	0.99	0.02	0.02	0.8	0.99	0.0	0.0	107.55					-0.020000000000000018	-0.020000000000000018	0.5900000000000001	-0.01980198019801982	-0.019608471388376337	0.5728155339805892	0.5900000000000001	0.001718234761253991	0.0017120897045528327	115.26751702722414				
2025-12-16 08:00:00	8500	1.04	1.04	1.04	1.04	1.04	RAD.MI	0.52	0.52	0.52	0.52	0.57	0.46	-1.0	-1.0	-1.0	-1	-1.0	-1.0	1.0	-1.0	-1.0	1.0									-1.0			1.31	0.52									-1.0			1.71	-0.01	-0.01	-1.45	-0.01	-0.01	-0.64	1.05	-1.45	0.0	0.0	105.44					1	-0.01	-0.01	-2.27	-0.01	-0.01	-0.83	-2.27	0.0	0.0	60.14					0.01	0.01	0.2	0.01	0.01	0.03	0.2	0.0	0.0	109.41					0.01	0.01	1.0	0.01	0.01	0.82	1.0	0.0	0.0	109.41					-0.010000000000000009	-0.010000000000000009	0.5800000000000001	-0.009708737864077666	-0.00966191091173689	0.5576923076923144	0.5800000000000001	0.0016120072212990394	0.0016055818389497656	105.43617918861285				
2025-12-17 08:00:00	0	1.04	1.04	1.04	1.04	1.04	RAD.MI	0.52	0.52	0.52	0.52	0.57	0.46	-1.0	-1.0	-1.0	-1	-1.0	-1.0	1.0	-1.0	-1.0	1.0									-1.0			1.31										-1.0			1.71	-0.0	-0.0	-1.45	-0.0	-0.0	-0.64	1.05	-1.45	0.0	0.0	101.57					1	-0.0	-0.0	-2.27	-0.0	-0.0	-0.83	-2.27	0.0	0.0	51.32					0.0	0.0	0.2	0.0	0.0	0.03	0.2	0.0	0.0	123.94					0.0	0.0	1.0	0.0	0.0	0.82	1.0	0.0	0.0	123.94					-0.0	-0.0	0.5800000000000001	-0.0	-0.0	0.5576923076923144	0.5800000000000001	0.0014773876878038262	0.001471273912150961	101.56578023882963				
2025-12-18 08:00:00	0	1.04	1.04	1.04	1.04	1.04	RAD.MI	0.51	0.51	0.51	0.51	0.57	0.46	-1.0	-1.0	-1.0	-1	-1.0	-1.0	1.0	-1.0	-1.0	1.0									-1.0			1.31										-1.0			1.71	-0.0	-0.0	-1.45	-0.0	-0.0	-0.64	1.05	-1.45	0.0	0.0	116.44					1	-0.0	-0.0	-2.27	-0.0	-0.0	-0.83	-2.27	0.0	0.0	66.3					0.0	0.0	0.2	0.0	0.0	0.03	0.2	0.0	0.0	120.28					0.0	0.0	1.0	0.0	0.0	0.82	1.0	0.0	0.0	120.28					-0.0	-0.0	0.5800000000000001	-0.0	-0.0	0.5576923076923144	0.5800000000000001	0.0016094434995128262	0.001603747996598015	116.44175212873714				
2025-12-19 08:00:00	1000	1.04	1.04	1.04	1.04	1.04	RAD.MI	0.51	0.51	0.51	0.51	0.57	0.46	-1.0	-1.0	-1.0	-1	-1.0	-1.0	1.0	-1.0	-1.0	1.0	1.04								-1.0			1.31										-1.0			1.71	-0.0	-0.0	-1.45	-0.0	-0.0	-0.64	1.05	-1.45	0.0	0.0	116.44					1	-0.0	-0.0	-2.27	-0.0	-0.0	-0.83	-2.27	0.0	0.0	66.3					0.0	0.0	0.2	0.0	0.0	0.03	0.2	0.0	0.0	120.28					0.0	0.0	1.0	0.0	0.0	0.82	1.0	0.0	0.0	120.28					-0.0	-0.0	0.5800000000000001	-0.0	-0.0	0.5576923076923144	0.5800000000000001	0.0016094434995128262	0.001603747996598015	116.44175212873714				
2025-12-22 08:00:00	0	1.04	1.04	1.04	1.04	1.04	RAD.MI	0.51	0.51	0.51	0.51	0.56	0.46	-1.0	-1.0	-1.0	-1	-1.0	-1.0	1.0	-1.0	-1.0	1.0									-1.0			1.31										-1.0			1.71	-0.0	-0.0	-1.45	-0.0	-0.0	-0.64	1.05	-1.45	0.0	0.0	114.43					1	-0.0	-0.0	-2.27	-0.0	-0.0	-0.83	-2.27	0.0	0.0	61.54					0.0	0.0	0.2	0.0	0.0	0.03	0.2	0.0	0.0	130.78					0.0	0.0	1.0	0.0	0.0	0.82	1.0	0.0	0.0	130.78					-0.0	-0.0	0.5800000000000001	-0.0	-0.0	0.5576923076923144	0.5800000000000001	0.0015415003972981563	0.0015359503115794926	114.43396337048175				
2025-12-23 08:00:00	0	1.04	1.04	1.04	1.04	1.04	RAD.MI	0.51	0.51	0.51	0.51	0.56	0.46	-1.0	-1.0	-1.0	-1	-1.0	-1.0	1.0	-1.0	-1.0	1.0									-1.0			1.31										-1.0			1.71	-0.0	-0.0	-1.45	-0.0	-0.0	-0.64	1.05	-1.45	0.0	0.0	114.43					1	-0.0	-0.0	-2.27	-0.0	-0.0	-0.83	-2.27	0.0	0.0	61.54					0.0	0.0	0.2	0.0	0.0	0.03	0.2	0.0	0.0	130.78					0.0	0.0	1.0	0.0	0.0	0.82	1.0	0.0	0.0	130.78					-0.0	-0.0	0.5800000000000001	-0.0	-0.0	0.5576923076923144	0.5800000000000001	0.0015415003972981563	0.0015359503115794926	114.43396337048175				
2025-12-29 08:00:00	0	1.04	1.04	1.04	1.04	1.04	RAD.MI	0.51	0.51	0.51	0.51	0.55	0.46	-1.0	-1.0	-1.0	0	-1.0	-1.0	1.0	-1.0	-1.0	1.0									-1.0			1.31										-1.0			1.71	-0.0	-0.0	-1.45	-0.0	-0.0	-0.64	1.04	-1.45	0.0	0.0	114.43					1	-0.0	-0.0	-2.27	-0.0	-0.0	-0.83	-2.27	0.0	0.0	61.54					0.0	0.0	0.2	0.0	0.0	0.03	0.2	0.0	0.0	130.78					0.0	0.0	1.0	0.0	0.0	0.82	1.0	0.0	0.0	130.78					-0.0	-0.0	0.5800000000000001	-0.0	-0.0	0.5576923076923144	0.5800000000000001	0.0015415003972981563	0.0015359503115794926	114.43396337048175				
2025-12-30 08:00:00	10500	1.04	1.01	1.02	1.04	1.04	RAD.MI	0.5	0.51	0.49	0.51	0.55	0.46	-1.0	-1.0	-1.0	0	-1.0	-1.0	1.0	-1.0	-1.0	1.0		1.01	1.04						-1.0			1.31										-1.0			1.71	-0.0	-0.0	-1.45	-0.0	-0.0	-0.64	1.04	-1.45	0.0	0.0	114.43					1	0.0	0.0	-2.27	0.0	0.0	-0.83	-2.27	0.0	0.0	61.54					0.0	0.0	0.2	0.0	0.0	0.03	0.2	0.0	0.0	130.78					0.0	0.0	1.0	0.0	0.0	0.82	1.0	0.0	0.0	130.78					-0.0	-0.0	0.5800000000000001	-0.0	-0.0	0.5576923076923144	0.5800000000000001	0.0015415003972981563	0.0015359503115794926	114.43396337048175				
2026-01-02 08:00:00	0	1.04	1.04	1.04	1.04	1.04	RAD.MI	0.5	0.5	0.5	0.5	0.55	0.46	-1.0	-1.0	-1.0	0	-1.0	-1.0	1.0	-1.0	-1.0	1.0	1.04								-1.0			1.31										-1.0			1.71	-0.0	-0.0	-1.45	-0.0	-0.0	-0.64	1.04	-1.45	0.0	0.0	114.43					1	0.0	0.0	-2.27	0.0	0.0	-0.83	-2.27	0.0	0.0	61.54					0.0	0.0	0.2	0.0	0.0	0.03	0.2	0.0	0.0	130.78					0.0	0.0	1.0	0.0	0.0	0.82	1.0	0.0	0.0	130.78					-0.0	-0.0	0.5800000000000001	-0.0	-0.0	0.5576923076923144	0.5800000000000001	0.0015415003972981563	0.0015359503115794926	114.43396337048175				
2026-01-05 08:00:00	2000	1.04	1.02	1.04	1.02	1.02	RAD.MI	0.5	0.5	0.49	0.49	0.55	0.46	-1.0	-1.0	-1.0	0	-1.0	-1.0	1.0	-1.0	-1.0	1.0									-1.0			1.31										-1.0			1.71	0.02	0.02	-1.43	0.02	0.02	-0.63	1.04	-1.43	0.0	0.0	116.48					1	-0.0	-0.0	-2.27	-0.0	-0.0	-0.83	-2.27	0.0	0.0	56.31					-0.02	-0.02	0.18	-0.02	-0.02	0.01	0.18	0.0	0.0	125.56					-0.02	-0.02	0.98	-0.02	-0.02	0.78	0.98	0.0	0.0	125.56					0.020000000000000018	0.020000000000000018	0.6000000000000001	0.019230769230769273	0.019418085857101627	0.5882352941176539	0.6000000000000001	0.001610769239410246	0.0016050708803971858	116.47991467904625				
2026-01-06 08:00:00	0	1.02	1.02	1.02	1.02	1.02	RAD.MI	0.49	0.49	0.49	0.49	0.55	0.46	-1.0	-1.0	-1.0	0	-1.0	-1.0	1.0	-1.0	-1.0	1.0									-1.0			1.31										-1.0			1.71	-0.0	-0.0	-1.43	-0.0	-0.0	-0.63	1.04	-1.43	0.0	0.0	114.43					1	0.0	0.0	-2.27	0.0	0.0	-0.83	-2.27	0.0	0.0	50.55					0.0	0.0	0.18	0.0	0.0	0.01	0.18	0.0	0.0	136.23					0.0	0.0	0.98	0.0	0.0	0.78	0.98	0.0	0.0	136.23					-0.0	-0.0	0.6000000000000001	-0.0	-0.0	0.5882352941176539	0.6000000000000001	0.0015415003972981572	0.0015359503115794926	114.43396337048178				
2026-01-07 08:00:00	0	1.02	1.02	1.02	1.02	1.02	RAD.MI	0.49	0.49	0.49	0.49	0.55	0.46	-1.0	-1.0	-1.0	0	-1.0	-1.0	1.0	-1.0	-1.0	1.0									-1.0			1.31										-1.0			1.71	-0.0	-0.0	-1.43	-0.0	-0.0	-0.63	1.04	-1.43	0.0	0.0	130.84					1	0.0	0.0	-2.27	0.0	0.0	-0.83	-2.27	0.0	0.0	67.3					0.0	0.0	0.18	0.0	0.0	0.01	0.18	0.0	0.0	132.43					0.0	0.0	0.98	0.0	0.0	0.78	0.98	0.0	0.0	132.43					-0.0	-0.0	0.6000000000000001	-0.0	-0.0	0.5882352941176539	0.6000000000000001	0.001669275818521763	0.001664125791470683	130.84186156012007				
2026-01-08 08:00:00	0	1.02	1.02	1.02	1.02	1.02	RAD.MI	0.49	0.49	0.49	0.49	0.55	0.46	-1.0	-1.0	-1.0	0	-1.0	-1.0	1.0	-1.0	-1.0	1.0									-1.0			1.31										-1.0			1.71	-0.0	-0.0	-1.43	-0.0	-0.0	-0.63	1.04	-1.43	0.0	0.0	130.84					1	0.0	0.0	-2.27	0.0	0.0	-0.83	-2.27	0.0	0.0	67.3					0.0	0.0	0.18	0.0	0.0	0.01	0.18	0.0	0.0	132.43					0.0	0.0	0.98	0.0	0.0	0.78	0.98	0.0	0.0	132.43					-0.0	-0.0	0.6000000000000001	-0.0	-0.0	0.5882352941176539	0.6000000000000001	0.001669275818521763	0.001664125791470683	130.84186156012007				
2026-01-09 08:00:00	5500	1.03	1.02	1.03	1.02	1.02	RAD.MI	0.49	0.49	0.49	0.49	0.55	0.46	-1.0	-1.0	-1.0	0	-1.0	-1.0	1.0	-1.0	-1.0	1.0		1.02							-1.0			1.31										-1.0			1.71	-0.0	-0.0	-1.43	-0.0	-0.0	-0.63	1.04	-1.43	0.0	0.0	130.84					1	0.0	0.0	-2.27	0.0	0.0	-0.83	-2.27	0.0	0.0	67.3					0.0	0.0	0.18	0.0	0.0	0.01	0.18	0.0	0.0	132.43					0.0	0.0	0.98	0.0	0.0	0.78	0.98	0.0	0.0	132.43					-0.0	-0.0	0.6000000000000001	-0.0	-0.0	0.5882352941176539	0.6000000000000001	0.001669275818521763	0.001664125791470683	130.84186156012007				
2026-01-12 08:00:00	2500	1.02	1.02	1.02	1.02	1.02	RAD.MI	0.49	0.49	0.49	0.49	0.55	0.46	-1.0	-1.0	-1.0	0	-1.0	-1.0	1.0	-1.0	-1.0	1.0									-1.0			1.31		0.49								-1.0			1.71	-0.0	-0.0	-1.43	-0.0	-0.0	-0.63	1.04	-1.43	0.0	0.0	130.84					1	0.0	0.0	-2.27	0.0	0.0	-0.83	-2.27	0.0	0.0	67.3					0.0	0.0	0.18	0.0	0.0	0.01	0.18	0.0	0.0	132.43					0.0	0.0	0.98	0.0	0.0	0.78	0.98	0.0	0.0	132.43					-0.0	-0.0	0.6000000000000001	-0.0	-0.0	0.5882352941176539	0.6000000000000001	0.001669275818521763	0.001664125791470683	130.84186156012007				
2026-01-13 08:00:00	6000	1.03	1.01	1.01	1.03	1.03	RAD.MI	0.48	0.49	0.48	0.49	0.55	0.46	-1.0	-1.0	-1.0	-1	-1.0	-1.0	1.0	-1.0	-1.0	1.0									-1.0			1.31										-1.0			1.71	-0.01	-0.01	-1.44	-0.01	-0.01	-0.63	1.04	-1.44	0.0	0.0	130.73					1	0.0	0.0	-2.27	0.0	0.0	-0.83	-2.27	0.0	0.0	79.79					0.01	0.01	0.19	0.01	0.01	0.02	0.19	0.0	0.0	132.46					0.01	0.01	0.99	0.01	0.01	0.8	0.99	0.0	0.0	132.46					-0.010000000000000009	-0.010000000000000009	0.5900000000000001	-0.009803921568627416	-0.009756174945364656	0.5728155339805894	0.5900000000000001	0.0016687529915199637	0.001663600267313159	130.73065634056607				
2026-01-14 08:00:00	3500	1.03	1.01	1.01	1.03	1.03	RAD.MI	0.48	0.49	0.48	0.49	0.55	0.46	-1.0	-1.0	-1.0	-1	-1.0	-1.0	1.0	-1.0	-1.0	1.0									-1.0			1.31										-1.0			1.71	-0.0	-0.0	-1.44	-0.0	-0.0	-0.63	1.04	-1.44	0.0	0.0	130.73					1	-0.0	-0.0	-2.27	-0.0	-0.0	-0.83	-2.27	0.0	0.0	79.79					0.0	0.0	0.19	0.0	0.0	0.02	0.19	0.0	0.0	132.46					0.0	0.0	0.99	0.0	0.0	0.8	0.99	0.0	0.0	132.46					-0.0	-0.0	0.5900000000000001	-0.0	-0.0	0.5728155339805894	0.5900000000000001	0.0016687529915199637	0.001663600267313159	130.73065634056607				
2026-01-15 08:00:00	0	1.03	1.03	1.03	1.03	1.03	RAD.MI	0.49	0.49	0.49	0.49	0.55	0.46	-1.0	-1.0	-1.0	-1	-1.0	-1.0	1.0	-1.0	-1.0	1.0	1.03								-1.0			1.31										-1.0			1.71	-0.0	-0.0	-1.44	-0.0	-0.0	-0.63	1.04	-1.44	0.0	0.0	142.21					1	-0.0	-0.0	-2.27	-0.0	-0.0	-0.83	-2.27	0.0	0.0	79.79					0.0	0.0	0.19	0.0	0.0	0.02	0.19	0.0	0.0	130.45					0.0	0.0	0.99	0.0	0.0	0.8	0.99	0.0	0.0	130.45					-0.0	-0.0	0.5900000000000001	-0.0	-0.0	0.5728155339805894	0.5900000000000001	0.0017658272448281649	0.001760922406634391	142.21131479453896				
2026-01-16 08:00:00	0	1.03	1.03	1.03	1.03	1.03	RAD.MI	0.49	0.49	0.49	0.49	0.55	0.46	-1.0	-1.0	-1.0	-1	-1.0	-1.0	1.0	-1.0	-1.0	1.0									-1.0			1.31										-1.0			1.71	-0.0	-0.0	-1.44	-0.0	-0.0	-0.63	1.04	-1.44	0.0	0.0	140.26					1	-0.0	-0.0	-2.27	-0.0	-0.0	-0.83	-2.27	0.0	0.0	79.79					0.0	0.0	0.19	0.0	0.0	0.02	0.19	0.0	0.0	141.62					0.0	0.0	0.99	0.0	0.0	0.8	0.99	0.0	0.0	141.62					-0.0	-0.0	0.5900000000000001	-0.0	-0.0	0.5728155339805894	0.5900000000000001	0.0016966324139599952	0.0016918583269309728	140.2610692163795				
2026-01-19 08:00:00	1000	1.01	1.01	1.01	1.01	1.01	RAD.MI	0.49	0.49	0.49	0.49	0.55	0.46	-1.0	-1.0	-1.0	-1	-1.0	-1.0	1.0	-1.0	-1.0	1.0									-1.0			1.31										-1.0			1.71	0.02	0.02	-1.42	0.02	0.02	-0.63	1.04	-1.42	0.0	0.0	156.1					1	0.02	0.02	-2.25	0.02	0.02	-0.83	-2.25	0.0	0.0	90.08					-0.02	-0.02	0.17	-0.02	-0.02	-0.0	0.17	0.0	0.0	122.83					-0.02	-0.02	0.97	-0.02	-0.02	0.77	0.97	0.0	0.0	122.83					0.020000000000000018	0.020000000000000018	0.6100000000000001	0.01941747572815533	0.019608471388376313	0.6039603960396107	0.6100000000000001	0.0019359657323558175	0.0019311693669870067	156.09941094839874				
2026-01-20 08:00:00	6000	1.01	1.01	1.01	1.01	1.01	RAD.MI	0.49	0.49	0.49	0.49	0.55	0.46	-1.0	-1.0	-1.0	-1	-1.0	-1.0	1.0	-1.0	-1.0	1.0									-1.0			1.31										-1.0			1.71	-0.0	-0.0	-1.42	-0.0	-0.0	-0.63	1.04	-1.42	0.0	0.0	156.1					1	-0.0	-0.0	-2.25	-0.0	-0.0	-0.83	-2.25	0.0	0.0	90.08					0.0	0.0	0.17	0.0	0.0	-0.0	0.17	0.0	0.0	122.83					0.0	0.0	0.97	0.0	0.0	0.77	0.97	0.0	0.0	122.83					-0.0	-0.0	0.6100000000000001	-0.0	-0.0	0.6039603960396107	0.6100000000000001	0.0019359657323558175	0.0019311693669870067	156.09941094839874				
2026-01-21 08:00:00	0	1.01	1.01	1.01	1.01	1.01	RAD.MI	0.5	0.5	0.5	0.5	0.55	0.46	-1.0	-1.0	-1.0	-1	-1.0	-1.0	1.0	-1.0	-1.0	1.0									-1.0			1.31	0.5									-1.0			1.71	-0.0	-0.0	-1.42	-0.0	-0.0	-0.63	1.04	-1.42	0.0	0.0	154.32					1	-0.0	-0.0	-2.25	-0.0	-0.0	-0.83	-2.25	0.0	0.0	90.08					0.0	0.0	0.17	0.0	0.0	-0.0	0.17	0.0	0.0	133.72					0.0	0.0	0.97	0.0	0.0	0.77	0.97	0.0	0.0	133.72					-0.0	-0.0	0.6100000000000001	-0.0	-0.0	0.6039603960396107	0.6100000000000001	0.001865823027092194	0.001861154405475851	154.32218814161672				
2026-01-22 08:00:00	14500	1.01	1.0	1.01	1.0	1.0	RAD.MI	0.49	0.49	0.48	0.48	0.55	0.46	-1.0	-1.0	-1.0	-1	-1.0	-1.0	1.0	-1.0	-1.0	1.0		1.0							-1.0			1.31		0.48								-1.0			1.71	0.01	0.01	-1.41	0.01	0.01	-0.62	1.04	-1.41	0.0	0.0	156.19					1	0.01	0.01	-2.24	0.01	0.01	-0.82	-2.24	0.0	0.0	94.67					-0.01	-0.01	0.16	-0.01	-0.01	-0.01	0.16	0.0	0.0	122.58					-0.01	-0.01	0.96	-0.01	-0.01	0.75	0.96	0.0	0.0	122.58					0.010000000000000009	0.010000000000000009	0.6200000000000001	0.00990099009900991	0.009950330853168092	0.620000000000007	0.6200000000000001	0.0019394554754056377	0.0019346527096328892	156.18550156054692				
2026-01-23 08:00:00	3000	1.02	1.0	1.0	1.02	1.02	RAD.MI	0.49	0.5	0.49	0.5	0.55	0.46	-1.0	-1.0	-1.0	-1	-1.0	-1.0	1.0	-1.0	-1.0	1.0									-1.0			1.31	0.5									-1.0			1.71	-0.02	-0.02	-1.43	-0.02	-0.02	-0.63	1.04	-1.43	0.0	0.0	137.89					1	-0.02	-0.02	-2.26	-0.02	-0.02	-0.83	-2.26	0.0	0.0	77.61					0.02	0.02	0.18	0.02	0.02	0.01	0.18	0.0	0.0	126.9					0.02	0.02	0.98	0.02	0.02	0.78	0.98	0.0	0.0	126.9					-0.020000000000000018	-0.020000000000000018	0.6000000000000001	-0.020000000000000018	-0.01980262729617973	0.5882352941176539	0.6000000000000001	0.0018153423544326828	0.0018101420992771011	137.88696929400345				
2026-01-26 08:00:00	0	1.02	1.02	1.02	1.02	1.02	RAD.MI	0.5	0.5	0.5	0.5	0.55	0.46	-1.0	-1.0	-1.0	-1	-1.0	-1.0	1.0	-1.0	-1.0	1.0	1.02								-1.0			1.31										-1.0			1.71	-0.0	-0.0	-1.43	-0.0	-0.0	-0.63	1.04	-1.43	0.0	0.0	137.89					1	-0.0	-0.0	-2.26	-0.0	-0.0	-0.83	-2.26	0.0	0.0	77.61					0.0	0.0	0.18	0.0	0.0	0.01	0.18	0.0	0.0	126.9					0.0	0.0	0.98	0.0	0.0	0.78	0.98	0.0	0.0	126.9					-0.0	-0.0	0.6000000000000001	-0.0	-0.0	0.5882352941176539	0.6000000000000001	0.0018153423544326828	0.0018101420992771011	137.88696929400345				
2026-01-27 08:00:00	0	1.02	1.02	1.02	1.02	1.02	RAD.MI	0.49	0.49	0.49	0.49	0.55	0.46	-1.0	-1.0	-1.0	-1	-1.0	-1.0	1.0	-1.0	-1.0	1.0									-1.0			1.31										-1.0			1.71	-0.0	-0.0	-1.43	-0.0	-0.0	-0.63	1.04	-1.43	0.0	0.0	137.89					1	-0.0	-0.0	-2.26	-0.0	-0.0	-0.83	-2.26	0.0	0.0	77.61					0.0	0.0	0.18	0.0	0.0	0.01	0.18	0.0	0.0	126.9					0.0	0.0	0.98	0.0	0.0	0.78	0.98	0.0	0.0	126.9					-0.0	-0.0	0.6000000000000001	-0.0	-0.0	0.5882352941176539	0.6000000000000001	0.0018153423544326828	0.0018101420992771011	137.88696929400345				
2026-01-28 08:00:00	5000	1.02	1.0	1.02	1.0	1.0	RAD.MI	0.49	0.49	0.48	0.48	0.55	0.46	-1.0	-1.0	-1.0	-1	-1.0	-1.0	1.0	-1.0	-1.0	1.0									-1.0			1.31										-1.0			1.71	0.02	0.02	-1.41	0.02	0.02	-0.62	1.04	-1.41	0.0	0.0	139.77					1	0.02	0.02	-2.24	0.02	0.02	-0.82	-2.24	0.0	0.0	86.02					-0.02	-0.02	0.16	-0.02	-0.02	-0.01	0.16	0.0	0.0	121.66					-0.02	-0.02	0.96	-0.02	-0.02	0.75	0.96	0.0	0.0	121.66					0.020000000000000018	0.020000000000000018	0.6200000000000001	0.019607843137254943	0.019802627296179754	0.620000000000007	0.6200000000000001	0.001890044541276895	0.0018846969398860214	139.7733964274136				
2026-01-29 08:00:00	6500	1.0	0.99	1.0	1.0	1.0	RAD.MI	0.48	0.48	0.48	0.48	0.55	0.46	-1.0	-1.0	-1.0	-1	-1.0	-1.0	1.0	-1.0	-1.0	1.0									-1.0			1.31										-1.0			1.71	-0.0	-0.0	-1.41	-0.0	-0.0	-0.62	1.04	-1.41	0.0	0.0	139.77					1	-0.0	-0.0	-2.24	-0.0	-0.0	-0.82	-2.24	0.0	0.0	86.02					0.0	0.0	0.16	0.0	0.0	-0.01	0.16	0.0	0.0	121.66					0.0	0.0	0.96	0.0	0.0	0.75	0.96	0.0	0.0	121.66					-0.0	-0.0	0.6200000000000001	-0.0	-0.0	0.620000000000007	0.6200000000000001	0.001890044541276895	0.0018846969398860214	139.7733964274136				
2026-01-30 08:00:00	0	1.0	1.0	1.0	1.0	1.0	RAD.MI	0.48	0.48	0.48	0.48	0.55	0.46	-1.0	-1.0	-1.0	-1	-1.0	-1.0	1.0	-1.0	-1.0	1.0									-1.0			1.31										-1.0			1.71	-0.0	-0.0	-1.41	-0.0	-0.0	-0.62	1.04	-1.41	0.0	0.0	139.77					1	-0.0	-0.0	-2.24	-0.0	-0.0	-0.82	-2.24	0.0	0.0	86.02					0.0	0.0	0.16	0.0	0.0	-0.01	0.16	0.0	0.0	121.66					0.0	0.0	0.96	0.0	0.0	0.75	0.96	0.0	0.0	121.66					-0.0	-0.0	0.6200000000000001	-0.0	-0.0	0.620000000000007	0.6200000000000001	0.001890044541276895	0.0018846969398860214	139.7733964274136				
2026-02-02 08:00:00	0	1.0	1.0	1.0	1.0	1.0	RAD.MI	0.47	0.47	0.47	0.47	0.55	0.46	-1.0	-1.0	-1.0	-1	-1.0	-1.0	1.0	-1.0	-1.0	1.0									-1.0			1.31										-1.0			1.71	-0.0	-0.0	-1.41	-0.0	-0.0	-0.62	1.03	-1.41	0.0	0.0	139.77					1	-0.0	-0.0	-2.24	-0.0	-0.0	-0.82	-2.24	0.0	0.0	86.02					0.0	0.0	0.16	0.0	0.0	-0.01	0.16	0.0	0.0	121.66					0.0	0.0	0.96	0.0	0.0	0.75	0.96	0.0	0.0	121.66					-0.0	-0.0	0.6200000000000001	-0.0	-0.0	0.620000000000007	0.6200000000000001	0.001890044541276895	0.0018846969398860214	139.7733964274136				
2026-02-03 08:00:00	3000	1.0	1.0	1.0	1.0	1.0	RAD.MI	0.47	0.47	0.47	0.47	0.55	0.46	-1.0	-1.0	-1.0	-1	-1.0	-1.0	1.0	-1.0	-1.0	1.0									-1.0			1.31										-1.0			1.71	-0.0	-0.0	-1.41	-0.0	-0.0	-0.62	1.03	-1.41	0.0	0.0	139.77					1	-0.0	-0.0	-2.24	-0.0	-0.0	-0.82	-2.24	0.0	0.0	86.02					0.0	0.0	0.16	0.0	0.0	-0.01	0.16	0.0	0.0	121.66					0.0	0.0	0.96	0.0	0.0	0.75	0.96	0.0	0.0	121.66					-0.0	-0.0	0.6200000000000001	-0.0	-0.0	0.620000000000007	0.6200000000000001	0.001890044541276895	0.0018846969398860214	139.7733964274136				
2026-02-04 08:00:00	5500	1.0	0.98	1.0	0.98	0.98	RAD.MI	0.47	0.47	0.46	0.46	0.55	0.46	-1.0	-1.0	-1.0	-1	-1.0	-1.0	1.0	-1.0	-1.0	1.0									-1.0			1.31		0.46								-1.0			1.71	0.02	0.02	-1.39	0.02	0.02	-0.62	1.03	-1.39	0.0	0.0	143.22					1	0.02	0.02	-2.22	0.02	0.02	-0.82	-2.22	0.0	0.0	93.38					-0.02	-0.02	0.14	-0.02	-0.02	-0.03	0.14	0.0	0.0	106.77					-0.02	-0.02	0.94	-0.02	-0.02	0.71	0.94	0.0	0.0	106.77					0.020000000000000018	0.020000000000000018	0.6400000000000001	0.020000000000000018	0.020202707317519466	0.6530612244898031	0.6400000000000001	0.0020375243046947865	0.002031879782969037	143.21986991910438				
2026-02-05 08:00:00	1000	0.99	0.99	0.99	0.99	0.99	RAD.MI	0.47	0.47	0.47	0.47	0.55	0.46	-1.0	-1.0	-1.0	-1	-1.0	-1.0	1.0	-1.0	-1.0	1.0									-1.0			1.31	0.47									-1.0			1.71	-0.01	-0.01	-1.4	-0.01	-0.01	-0.62	1.03	-1.4	0.0	0.0	142.87					1	-0.01	-0.01	-2.23	-0.01	-0.01	-0.82	-2.23	0.0	0.0	93.09					0.01	0.01	0.15	0.01	0.01	-0.02	0.15	0.0	0.0	106.89					0.01	0.01	0.95	0.01	0.01	0.73	0.95	0.0	0.0	106.89					-0.010000000000000009	-0.010000000000000009	0.6300000000000001	-0.010204081632652962	-0.010152371464017908	0.6363636363636438	0.6300000000000001	0.002035950419485545	0.0020302971788928037	142.8703612370112				
2026-02-06 08:00:00	0	0.99	0.99	0.99	0.99	0.99	RAD.MI	0.47	0.47	0.47	0.47	0.55	0.46	-1.0	-1.0	-1.0	-1	-1.0	-1.0	1.0	-1.0	-1.0	1.0									-1.0			1.31										-1.0			1.71	-0.0	-0.0	-1.4	-0.0	-0.0	-0.62	1.03	-1.4	0.0	0.0	141.28					1	-0.0	-0.0	-2.23	-0.0	-0.0	-0.82	-2.23	0.0	0.0	89.74					0.0	0.0	0.15	0.0	0.0	-0.02	0.15	0.0	0.0	116.62					0.0	0.0	0.95	0.0	0.0	0.73	0.95	0.0	0.0	116.62					-0.0	-0.0	0.6300000000000001	-0.0	-0.0	0.6363636363636438	0.6300000000000001	0.001966093427067645	0.0019605819361490084	141.28142538995814				
2026-02-09 08:00:00	0	0.99	0.99	0.99	0.99	0.99	RAD.MI	0.46	0.46	0.46	0.46	0.55	0.46	-1.0	-1.0	-1.0	-1	-1.0	-1.0	1.0	-1.0	-1.0	1.0									-1.0			1.31										-1.0			1.71	-0.0	-0.0	-1.4	-0.0	-0.0	-0.62	1.03	-1.4	0.0	0.0	141.28					1	-0.0	-0.0	-2.23	-0.0	-0.0	-0.82	-2.23	0.0	0.0	89.74					0.0	0.0	0.15	0.0	0.0	-0.02	0.15	0.0	0.0	116.62					0.0	0.0	0.95	0.0	0.0	0.73	0.95	0.0	0.0	116.62					-0.0	-0.0	0.6300000000000001	-0.0	-0.0	0.6363636363636438	0.6300000000000001	0.001966093427067645	0.0019605819361490084	141.28142538995814				
2026-02-10 08:00:00	0	0.99	0.99	0.99	0.99	0.99	RAD.MI	0.46	0.46	0.46	0.46	0.55	0.46	-1.0	-1.0	-1.0	-1	-1.0	-1.0	1.0	-1.0	-1.0	1.0									-1.0			1.31		0.46								-1.0			1.71	-0.0	-0.0	-1.4	-0.0	-0.0	-0.62	1.03	-1.4	0.0	0.0	141.28					1	-0.0	-0.0	-2.23	-0.0	-0.0	-0.82	-2.23	0.0	0.0	89.74					0.0	0.0	0.15	0.0	0.0	-0.02	0.15	0.0	0.0	116.62					0.0	0.0	0.95	0.0	0.0	0.73	0.95	0.0	0.0	116.62					-0.0	-0.0	0.6300000000000001	-0.0	-0.0	0.6363636363636438	0.6300000000000001	0.001966093427067645	0.0019605819361490084	141.28142538995814				
2026-02-11 08:00:00	0	0.99	0.99	0.99	0.99	0.99	RAD.MI	0.46	0.46	0.46	0.46	0.55	0.46	-1.0	-1.0	-1.0	-1	-1.0	-1.0	1.0	-1.0	-1.0	1.0									-1.0			1.31										-1.0			1.71	-0.0	-0.0	-1.4	-0.0	-0.0	-0.62	1.03	-1.4	0.0	0.0	141.28					1	-0.0	-0.0	-2.23	-0.0	-0.0	-0.82	-2.23	0.0	0.0	89.74					0.0	0.0	0.15	0.0	0.0	-0.02	0.15	0.0	0.0	116.62					0.0	0.0	0.95	0.0	0.0	0.73	0.95	0.0	0.0	116.62					-0.0	-0.0	0.6300000000000001	-0.0	-0.0	0.6363636363636438	0.6300000000000001	0.001966093427067645	0.0019605819361490084	141.28142538995814				
2026-02-12 08:00:00	0	0.99	0.99	0.99	0.99	0.99	RAD.MI	0.47	0.47	0.47	0.47	0.55	0.46	-1.0	-1.0	-1.0	-1	-1.0	-1.0	1.0	-1.0	-1.0	1.0									-1.0			1.31										-1.0			1.71	-0.0	-0.0	-1.4	-0.0	-0.0	-0.62	1.03	-1.4	0.0	0.0	152.62					1	-0.0	-0.0	-2.23	-0.0	-0.0	-0.82	-2.23	0.0	0.0	100.84					0.0	0.0	0.15	0.0	0.0	-0.02	0.15	0.0	0.0	114.6					0.0	0.0	0.95	0.0	0.0	0.73	0.95	0.0	0.0	114.6					-0.0	-0.0	0.6300000000000001	-0.0	-0.0	0.6363636363636438	0.6300000000000001	0.002065745225015451	0.0020605021508972587	152.62456534817252				
2026-02-13 08:00:00	4000	0.98	0.98	0.98	0.98	0.98	RAD.MI	0.47	0.47	0.47	0.47	0.55	0.46	-1.0	-1.0	-1.0	-1	-1.0	-1.0	1.0	-1.0	-1.0	1.0		0.98							-1.0			1.31										-1.0			1.71	0.01	0.01	-1.39	0.01	0.01	-0.62	1.02	-1.39	0.0	0.0	165.98					1	0.01	0.01	-2.22	0.01	0.01	-0.82	-2.22	0.0	0.0	115.56					-0.01	-0.01	0.14	-0.01	-0.01	-0.03	0.14	0.0	0.0	102.34					-0.01	-0.01	0.94	-0.01	-0.01	0.71	0.94	0.0	0.0	102.34					0.010000000000000009	0.010000000000000009	0.6400000000000001	0.010101010101010055	0.010152371464017962	0.6530612244898031	0.6400000000000001	0.002239399151086145	0.0022342806499453527	165.9761103842303				
2026-02-16 08:00:00	2500	1.0	1.0	1.0	1.0	1.0	RAD.MI	0.48	0.48	0.48	0.48	0.54	0.46	-1.0	-1.0	-1.0	-1	-1.0	-1.0	1.0	-1.0	-1.0	1.0	1.0								-1.0			1.31	0.48									-1.0			1.71	-0.02	-0.02	-1.41	-0.02	-0.02	-0.62	1.02	-1.41	0.0	0.0	147.58					1	-0.02	-0.02	-2.24	-0.02	-0.02	-0.82	-2.24	0.0	0.0	98.84					0.02	0.02	0.16	0.02	0.02	-0.01	0.16	0.0	0.0	106.88					0.02	0.02	0.96	0.02	0.02	0.75	0.96	0.0	0.0	106.88					-0.020000000000000018	-0.020000000000000018	0.6200000000000001	-0.020408163265306145	-0.02020270731751947	0.620000000000007	0.6200000000000001	0.0021129904691054475	0.0021074465198036574	147.5771554265871				
2026-02-17 08:00:00	0	1.0	1.0	1.0	1.0	1.0	RAD.MI	0.48	0.48	0.48	0.48	0.54	0.46	-1.0	-1.0	-1.0	-1	-1.0	-1.0	1.0	-1.0	-1.0	1.0									-1.0			1.31										-1.0			1.71	-0.0	-0.0	-1.41	-0.0	-0.0	-0.62	1.02	-1.41	0.0	0.0	146.07					1	-0.0	-0.0	-2.24	-0.0	-0.0	-0.82	-2.24	0.0	0.0	109.78					0.0	0.0	0.16	0.0	0.0	-0.01	0.16	0.0	0.0	116.54					0.0	0.0	0.96	0.0	0.0	0.75	0.96	0.0	0.0	116.54					-0.0	-0.0	0.6200000000000001	-0.0	-0.0	0.620000000000007	0.6200000000000001	0.0020428477638418244	0.0020374412024302124	146.0662884378603				
2026-02-18 08:00:00	2000	0.98	0.97	0.98	0.97	0.97	RAD.MI	0.46	0.46	0.46	0.46	0.54	0.46	-1.0	-1.0	-1.0	-1	-1.0	-1.0	1.0	-1.0	-1.0	1.0		0.97							-1.0			1.31		0.46								-1.0			1.71	0.03	0.03	-1.38	0.03	0.03	-0.61	1.02	-1.38	0.0	0.0	147.85					1	0.03	0.03	-2.21	0.03	0.03	-0.82	-2.21	0.0	0.0	113.15					-0.03	-0.03	0.13	-0.03	-0.03	-0.04	0.13	0.0	0.0	111.4					-0.03	-0.03	0.93	-0.03	-0.03	0.7	0.93	0.0	0.0	111.4					0.030000000000000027	0.030000000000000027	0.6500000000000001	0.030000000000000027	0.030459207484708574	0.6701030927835123	0.6500000000000001	0.0021259338209622986	0.0021203643318430387	147.84832637446618				
2026-02-19 08:00:00	0	0.97	0.97	0.97	0.97	0.97	RAD.MI	0.46	0.46	0.46	0.46	0.54	0.46	-1.0	-1.0	-1.0	-1	-1.0	-1.0	1.0	-1.0	-1.0	1.0									-1.0			1.31										-1.0			1.71	-0.0	-0.0	-1.38	-0.0	-0.0	-0.61	1.02	-1.38	0.0	0.0	147.85					1	-0.0	-0.0	-2.21	-0.0	-0.0	-0.82	-2.21	0.0	0.0	113.15					0.0	0.0	0.13	0.0	0.0	-0.04	0.13	0.0	0.0	111.4					0.0	0.0	0.93	0.0	0.0	0.7	0.93	0.0	0.0	111.4					-0.0	-0.0	0.6500000000000001	-0.0	-0.0	0.6701030927835123	0.6500000000000001	0.0021259338209622986	0.0021203643318430387	147.84832637446618				
2026-02-20 08:00:00	500	0.99	0.99	0.99	0.99	0.99	RAD.MI	0.47	0.47	0.47	0.47	0.54	0.46	-1.0	-1.0	-1.0	-1	-1.0	-1.0	1.0	-1.0	-1.0	1.0	0.99								-1.0			1.31	0.47									-1.0			1.71	-0.02	-0.02	-1.4	-0.02	-0.02	-0.62	1.02	-1.4	0.0	0.0	152.97					1	-0.02	-0.02	-2.23	-0.02	-0.02	-0.82	-2.23	0.0	0.0	117.59					0.02	0.02	0.15	0.02	0.02	-0.02	0.15	0.0	0.0	109.67					0.02	0.02	0.95	0.02	0.02	0.73	0.95	0.0	0.0	109.67					-0.020000000000000018	-0.020000000000000018	0.6300000000000001	-0.020618556701030855	-0.020408871631207033	0.6363636363636436	0.6300000000000001	0.0021475170300154817	0.002142068685187626	152.9736491698551				
2026-02-23 08:00:00	0	0.99	0.99	0.99	0.99	0.99	RAD.MI	0.46	0.46	0.46	0.46	0.54	0.46	-1.0	-1.0	-1.0	-1	-1.0	-1.0	1.0	-1.0	-1.0	1.0									-1.0			1.31										-1.0			1.71	-0.0	-0.0	-1.4	-0.0	-0.0	-0.62	1.02	-1.4	0.0	0.0	149.89					1	-0.0	-0.0	-2.23	-0.0	-0.0	-0.82	-2.23	0.0	0.0	134.82					0.0	0.0	0.15	0.0	0.0	-0.02	0.15	0.0	0.0	124.04					0.0	0.0	0.95	0.0	0.0	0.73	0.95	0.0	0.0	124.04					-0.0	-0.0	0.6300000000000001	-0.0	-0.0	0.6363636363636436	0.6300000000000001	0.0020065603872323422	0.0020013839800323563	149.88998276709802				
2026-02-24 08:00:00	1500	0.99	0.96	0.99	0.96	0.96	RAD.MI	0.46	0.46	0.45	0.45	0.54	0.45	-1.0	-1.0	-1.0	-1	-1.0	-1.0	1.0	-1.0	-1.0	1.0									-1.0			1.31										-1.0			1.71	0.03	0.03	-1.37	0.03	0.03	-0.61	1.02	-1.37	0.0	0.0	166.34					1	0.03	0.03	-2.2	0.03	0.03	-0.82	-2.2	0.0	0.0	140.3					-0.03	-0.03	0.12	-0.03	-0.03	-0.05	0.12	0.0	0.0	102.49					-0.03	-0.03	0.92	-0.03	-0.03	0.68	0.92	0.0	0.0	102.49					0.030000000000000027	0.030000000000000027	0.6600000000000001	0.030303030303030276	0.03077165866675366	0.6875000000000073	0.6600000000000001	0.0023346133356983065	0.002329273731138448	166.33556144890738				
2026-02-25 08:00:00	0	0.96	0.96	0.96	0.96	0.96	RAD.MI	0.44	0.44	0.44	0.44	0.54	0.44	-1.0	-1.0	-1.0	-1	-1.0	-1.0	1.0	-1.0	-1.0	1.0		0.96							-1.0			1.31		0.44				0.44				-1.0			1.71	-0.0	-0.0	-1.37	-0.0	-0.0	-0.61	1.0	-1.37	0.0	0.0	164.96					1	-0.0	-0.0	-2.2	-0.0	-0.0	-0.82	-2.2	0.0	0.0	152.45					0.0	0.0	0.12	0.0	0.0	-0.05	0.12	0.0	0.0	112.04					0.0	0.0	0.92	0.0	0.0	0.68	0.92	0.0	0.0	112.04					-0.0	-0.0	0.6600000000000001	-0.0	-0.0	0.6875000000000073	0.6600000000000001	0.0022628424530771766	0.0022576372072096174	164.96176928052165				
2026-02-26 08:00:00	1000	0.99	0.99	0.99	0.99	0.99	RAD.MI	0.46	0.46	0.46	0.46	0.54	0.44	-1.0	-1.0	-1.0	-1	-1.0	-1.0	1.0	-1.0	-1.0	1.0	0.99								-1.0			1.31	0.46								0.46	-1.0			1.71	-0.03	-0.03	-1.4	-0.03	-0.03	-0.62	1.0	-1.4	0.0	0.0	140.68					1	-0.03	-0.03	-2.23	-0.03	-0.03	-0.82	-2.23	0.0	0.0	127.98					0.03	0.03	0.15	0.03	0.03	-0.02	0.15	0.0	0.0	118.16					0.03	0.03	0.95	0.03	0.03	0.73	0.95	0.0	0.0	118.16					-0.030000000000000027	-0.030000000000000027	0.6300000000000001	-0.03125	-0.030771658666753687	0.6363636363636436	0.6300000000000001	0.002108330983955237	0.002102538500458495	140.67871801606492				
2026-02-27 08:00:00	0	0.99	0.99	0.99	0.99	0.99	RAD.MI	0.46	0.46	0.46	0.46	0.54	0.44	-1.0	-1.0	-1.0	-1	-1.0	-1.0	1.0	-1.0	-1.0	1.0									-1.0			1.31										-1.0			1.71	-0.0	-0.0	-1.4	-0.0	-0.0	-0.62	1.0	-1.4	0.0	0.0	140.68					1	-0.0	-0.0	-2.23	-0.0	-0.0	-0.82	-2.23	0.0	0.0	127.98					0.0	0.0	0.15	0.0	0.0	-0.02	0.15	0.0	0.0	118.16					0.0	0.0	0.95	0.0	0.0	0.73	0.95	0.0	0.0	118.16					-0.0	-0.0	0.6300000000000001	-0.0	-0.0	0.6363636363636436	0.6300000000000001	0.002108330983955237	0.002102538500458495	140.67871801606492				
2026-03-02 08:00:00	500	0.96	0.96	0.96	0.96	0.96	RAD.MI	0.45	0.45	0.45	0.45	0.54	0.44	-1.0	-1.0	-1.0	-1	-1.0	-1.0	1.0	-1.0	-1.0	1.0									-1.0			1.31										-1.0			1.71	0.03	0.03	-1.37	0.03	0.03	-0.61	1.0	-1.37	0.0	0.0	143.75					1	0.03	0.03	-2.2	0.03	0.03	-0.82	-2.2	0.0	0.0	145.82					-0.03	-0.03	0.12	-0.03	-0.03	-0.05	0.12	0.0	0.0	109.19					-0.03	-0.03	0.92	-0.03	-0.03	0.68	0.92	0.0	0.0	109.19					0.030000000000000027	0.030000000000000027	0.6600000000000001	0.030303030303030276	0.03077165866675366	0.6875000000000073	0.6600000000000001	0.0022645431173423615	0.002258431665218108	143.74658530706898				
2026-03-03 15:06:09	14000	0.95	0.94	0.95	0.94	0.94	RAD.MI	0.45	0.45	0.44	0.44	0.54	0.44	-1.0	-1.0	-1.0	-1	-1.0	-1.0	1.0	-1.0	-1.0	1.0									-1.0			1.31										-1.0			1.71	0.02	0.02	-1.35	0.02	0.02	-0.6	1.0	-1.35	0.0	0.0	146.52					1	0.02	0.02	-2.18	0.02	0.02	-0.81	-2.18	0.0	0.0	149.62					-0.02	-0.02	0.1	-0.02	-0.02	-0.07	0.1	0.0	0.0	96.12					-0.02	-0.02	0.9	-0.02	-0.02	0.64	0.9	0.0	0.0	96.12					0.020000000000000018	0.020000000000000018	0.6800000000000002	0.02083333333333337	0.02105340919783238	0.7234042553191564	0.6800000000000002	0.002420338345406321	0.0024139002909304708	146.52255517830565				
